<?xml version="1.0" encoding="iso-8859-1" ?>
 <extension key="org.civicrm.search.multivalue" type="search">
  <downloadUrl>http://svn.civicrm.org/tools/branches/v3.3/extensions/org.civicrm.search.multivalue.zip</downloadUrl>
  <file>MultiValue</file>
  <name>Multiple Values Search</name>
  <description>desc</description>
  <urls>
    <url desc="Main Extension Page">http://civicrm.org</url>
    <url desc="Documentation">http://wiki.civicrm.org/confluence/display/CRMDOC32/Google+Checkout+Configuration</url>
    <url desc="Support">http://forum.civicrm.org</url>
    <url desc="Licensing">http://civicrm.org/licensing</url>
  </urls>
  <license>AGPL</license>
  <maintainer>
    <author>CiviCRM LLC</author>
    <email>info@civicrm.org</email>
  </maintainer>
  <releaseDate>2010-09-01</releaseDate>
  <version>1.1</version>
  <develStage>beta</develStage>
  <compatibility><ver>3.3</ver><ver>3.4</ver></compatibility>
  <comments>For support, please contact project team on the forums. (http://forum.civicrm.org)</comments>
</extension>
