<?xml version="1.0"?>
<extension key="org.civicrm.sms.twilio" type="module">
  <downloadUrl>http://svn.civicrm.org/tools/trunk/extensions/org.civicrm.sms.twilio.zip</downloadUrl>
  <file>twilio</file>
  <name>twilio</name>
  <description>Twilio integration allows delivering short message service (SMS) messages through its Twilio Gateway to mobile phone users.</description>
  <license>http://civicrm.org/licensing</license>
  <maintainer>
    <author>CiviCRM LLC</author>
    <email>info@civicrm.org</email>
  </maintainer>
  <releaseDate>2012-11-19</releaseDate>
  <version>1.0</version>
  <develStage>alpha</develStage>
  <compatibility>
    <ver>4.2</ver>
  </compatibility>
  <comments>For support, please contact project team on the forums.</comments>
</extension>
