<?xml version="1.0" encoding="UTF-8" ?>
 <extension key="org.civicrm.payment.googlecheckout" type="payment">
  <downloadUrl>http://svn.civicrm.org/tools/branches/v3.3/extensions/org.civicrm.payment.googlecheckout.zip</downloadUrl>
  <file>GoogleCheckout</file>
  <name>Google_Checkout</name>
  <description>Google Checkout Payment Processor</description>
  <urls>
    <url desc="Main Extension Page">http://civicrm.org</url>
    <url desc="Documentation">http://wiki.civicrm.org/confluence/display/CRMDOC32/Google+Checkout+Configuration</url>
    <url desc="Support">http://forum.civicrm.org</url>
    <url desc="Licensing">http://civicrm.org/licensing</url>
  </urls>
  <license>AGPL</license>
  <maintainer>
    <author>CiviCRM LLC</author>
    <email>info@civicrm.org</email>
  </maintainer>
  <releaseDate>2010-09-01</releaseDate>
  <version>1.1</version>
  <develStage>stable</develStage>
  <compatibility><ver>3.3</ver></compatibility>
  <comments>For support, please contact project team on the forums.</comments>
  <typeInfo>
   <userNameLabel>Merchant ID</userNameLabel>
   <passwordLabel>Key</passwordLabel>
   <signatureLabel></signatureLabel>
   <subjectLabel></subjectLabel>
   <urlSiteDefault>https://checkout.google.com/</urlSiteDefault>
   <urlApiDefault></urlApiDefault>
   <urlRecurDefault></urlRecurDefault>
   <urlSiteTestDefault>https://sandbox.google.com/checkout/</urlSiteTestDefault>
   <urlApiTestDefault></urlApiTestDefault>
   <urlRecurTestDefault></urlRecurTestDefault>
   <urlButtonDefault><![CDATA[ https://checkout.google.com/buttons/checkout.gif?merchant_id=YOURMERCHANTIDHERE&w=160&h=43&style=white&variant=text&loc=en_US ]]></urlButtonDefault>
   <urlButtonTestDefault><![CDATA[ https://sandbox.google.com/checkout/buttons/checkout.gif?merchant_id=YOURMERCHANTIDHERE&w=160&h=43&style=white&variant=text&loc=en_US ]]></urlButtonTestDefault>
   <billingMode>notify</billingMode>
   <isRecur>0</isRecur>
   <paymentType>1</paymentType>
  </typeInfo>  
</extension>
