<?xml version="1.0"?>
<extension key="org.civicrm.sms.clickatell" type="module">
  <downloadUrl>http://svn.civicrm.org/tools/trunk/extensions/org.civicrm.sms.clickatell.zip</downloadUrl>
  <file>clickatell</file>
  <name>clickatell</name>
  <description>Clickatell integration allows delivering short message service (SMS) messages through its Clickatell Gateway to mobile phone users.</description>
  <license>http://civicrm.org/licensing</license>
  <maintainer>
    <author>CiviCRM LLC</author>
    <email>info@civicrm.org</email>
  </maintainer>
  <releaseDate>2012-11-15</releaseDate>
  <version>1.0</version>
  <develStage>alpha</develStage>
  <compatibility>
    <ver>4.3</ver>
  </compatibility>
  <comments>For support, please contact project team on the forums.</comments>
</extension>
