<?xml version="1.0"?>
<extension key="org.civicrm.multisite" type="module">
  <file>multisite</file>
  <name>CiviCRM Multisite</name>
  <description>Multisite permissioning for CiviCRM</description>
  <urls>
    <url desc="Main Extension Page">http://wiki.civicrm.org/confluence/pages/viewpage.action?pageId=80805988</url>
    <url desc="Support">http://forum.civicrm.org/index.php/board,51.0.html</url>
    <url desc="Licensing">http://civicrm.org/licensing</url>
  </urls>
  <license>AGPL</license>
  <maintainer>
    <author>CiviCRM LLC</author>
    <email>info@civicrm.org</email>
  </maintainer>
  <releaseDate>2013-02-15</releaseDate>
  <version>1.0</version>
  <develStage>stable</develStage>
  <compatibility>
    <ver>4.2</ver>
    <ver>4.3</ver>
  </compatibility>
  <comments>This is a port of the CiviCRM multisite module to an extension</comments>
  <civix>
    <namespace>CRM/Multisite</namespace>
  </civix>
</extension>
