<?xml version="1.0" encoding="UTF-8" ?>
 <extension key="org.civicrm.report.grant" type="report">
  <downloadUrl>http://svn.civicrm.org/tools/branches/v3.3/extensions/org.civicrm.report.grant.zip</downloadUrl>
  <file>Grant</file>
  <name>Grant Report</name>
  <description>Grant Report allows you to see the summary of grants that
  have been admitted to your consitutents by your organisation.</description>
  <urls>
    <url desc="Main Extension Page">http://civicrm.org</url>
    <url desc="Support">http://forum.civicrm.org</url>
    <url desc="Licensing">http://civicrm.org/licensing</url>
  </urls>
  <license>AGPL</license>
  <maintainer>
    <author>CiviCRM LLC</author>
    <email>info@civicrm.org</email>
  </maintainer>
  <releaseDate>2010-09-01</releaseDate>
  <version>1.1</version>
  <develStage>stable</develStage>
  <compatibility><ver>3.3</ver></compatibility>
  <comments>For support, please contact project team on the forums. (http://forum.civicrm.org)</comments>
  <typeInfo>
    <reportUrl>grant/summary</reportUrl>
    <component>CiviGrant</component>      
  </typeInfo>
</extension>
