<?xml version="1.0" encoding="UTF-8" ?>
 <extension key="org.civicrm.search.basic" type="search">
  <file>Basic</file>
  <name>Basic Search</name>
  <description>This custom search allows to search contacts through basic criteria like contact type, groups, tags.</description>
  <urls>
    <url desc="Main Extension Page">http://civicrm.org</url>
    <url desc="Support">http://forum.civicrm.org</url>
    <url desc="Licensing">http://civicrm.org/licensing</url>
  </urls>
  <license>AGPL</license>
  <maintainer>
    <author>CiviCRM LLC</author>
    <email>info@civicrm.org</email>
  </maintainer>
  <releaseDate>2010-09-01</releaseDate>
  <version>1.1</version>
  <develStage>beta</develStage>
  <compatibility><ver>3.3</ver><ver>3.4</ver></compatibility>
  <comments>For support, please contact project team on the forums. (http://forum.civicrm.org)</comments>
</extension>
