-- MySQL dump 10.13  Distrib 5.5.37, for debian-linux-gnu (x86_64)
--
-- Host: localhost    Database: srcdrupalcivi
-- ------------------------------------------------------
-- Server version	5.5.37-0ubuntu0.14.04.1

/*!40101 SET @OLD_CHARACTER_SET_CLIENT=@@CHARACTER_SET_CLIENT */;
/*!40101 SET @OLD_CHARACTER_SET_RESULTS=@@CHARACTER_SET_RESULTS */;
/*!40101 SET @OLD_COLLATION_CONNECTION=@@COLLATION_CONNECTION */;
/*!40101 SET NAMES utf8 */;
/*!40103 SET @OLD_TIME_ZONE=@@TIME_ZONE */;
/*!40103 SET TIME_ZONE='+00:00' */;
/*!40014 SET @OLD_UNIQUE_CHECKS=@@UNIQUE_CHECKS, UNIQUE_CHECKS=0 */;
/*!40014 SET @OLD_FOREIGN_KEY_CHECKS=@@FOREIGN_KEY_CHECKS, FOREIGN_KEY_CHECKS=0 */;
/*!40101 SET @OLD_SQL_MODE=@@SQL_MODE, SQL_MODE='NO_AUTO_VALUE_ON_ZERO' */;
/*!40111 SET @OLD_SQL_NOTES=@@SQL_NOTES, SQL_NOTES=0 */;

--
-- Dumping data for table `civicrm_acl`
--

LOCK TABLES `civicrm_acl` WRITE;
/*!40000 ALTER TABLE `civicrm_acl` DISABLE KEYS */;
INSERT INTO `civicrm_acl` (`id`, `name`, `deny`, `entity_table`, `entity_id`, `operation`, `object_table`, `object_id`, `acl_table`, `acl_id`, `is_active`) VALUES (1,'Edit All Contacts',0,'civicrm_acl_role',1,'Edit','civicrm_saved_search',0,NULL,NULL,1),(2,'Core ACL',0,'civicrm_acl_role',0,'All','access CiviMail subscribe/unsubscribe pages',NULL,NULL,NULL,1),(3,'Core ACL',0,'civicrm_acl_role',0,'All','access all custom data',NULL,NULL,NULL,1),(4,'Core ACL',0,'civicrm_acl_role',0,'All','make online contributions',NULL,NULL,NULL,1),(5,'Core ACL',0,'civicrm_acl_role',0,'All','make online pledges',NULL,NULL,NULL,1),(6,'Core ACL',0,'civicrm_acl_role',0,'All','profile listings and forms',NULL,NULL,NULL,1),(7,'Core ACL',0,'civicrm_acl_role',0,'All','view event info',NULL,NULL,NULL,1),(8,'Core ACL',0,'civicrm_acl_role',0,'All','register for events',NULL,NULL,NULL,1),(9,'Core ACL',0,'civicrm_acl_role',1,'All','access CiviCRM',NULL,NULL,NULL,1),(10,'Core ACL',0,'civicrm_acl_role',1,'All','access CiviContribute',NULL,NULL,NULL,1),(11,'Core ACL',0,'civicrm_acl_role',1,'All','access CiviEvent',NULL,NULL,NULL,1),(12,'Core ACL',0,'civicrm_acl_role',1,'All','access CiviMail',NULL,NULL,NULL,1),(13,'Core ACL',0,'civicrm_acl_role',1,'All','access CiviMail subscribe/unsubscribe pages',NULL,NULL,NULL,1),(14,'Core ACL',0,'civicrm_acl_role',1,'All','access CiviMember',NULL,NULL,NULL,1),(15,'Core ACL',0,'civicrm_acl_role',1,'All','access CiviPledge',NULL,NULL,NULL,1),(16,'Core ACL',0,'civicrm_acl_role',1,'All','administer CiviCase',NULL,NULL,NULL,1),(17,'Core ACL',0,'civicrm_acl_role',1,'All','access my cases and activities',NULL,NULL,NULL,1),(18,'Core ACL',0,'civicrm_acl_role',1,'All','access all cases and activities',NULL,NULL,NULL,1),(19,'Core ACL',0,'civicrm_acl_role',1,'All','delete in CiviCase',NULL,NULL,NULL,1),(20,'Core ACL',0,'civicrm_acl_role',1,'All','access CiviGrant',NULL,NULL,NULL,1),(21,'Core ACL',0,'civicrm_acl_role',1,'All','access Contact Dashboard',NULL,NULL,NULL,1),(22,'Core ACL',0,'civicrm_acl_role',1,'All','administer Multiple Organizations',NULL,NULL,NULL,1),(23,'Core ACL',0,'civicrm_acl_role',1,'All','delete activities',NULL,NULL,NULL,1),(24,'Core ACL',0,'civicrm_acl_role',1,'All','delete in CiviContribute',NULL,NULL,NULL,1),(25,'Core ACL',0,'civicrm_acl_role',1,'All','delete in CiviMail',NULL,NULL,NULL,1),(26,'Core ACL',0,'civicrm_acl_role',1,'All','delete in CiviPledge',NULL,NULL,NULL,1),(27,'Core ACL',0,'civicrm_acl_role',1,'All','delete contacts',NULL,NULL,NULL,1),(28,'Core ACL',0,'civicrm_acl_role',1,'All','delete in CiviEvent',NULL,NULL,NULL,1),(29,'Core ACL',0,'civicrm_acl_role',1,'All','delete in CiviMember',NULL,NULL,NULL,1),(30,'Core ACL',0,'civicrm_acl_role',1,'All','translate CiviCRM',NULL,NULL,NULL,1),(31,'Core ACL',0,'civicrm_acl_role',1,'All','edit grants',NULL,NULL,NULL,1),(32,'Core ACL',0,'civicrm_acl_role',1,'All','access all custom data',NULL,NULL,NULL,1),(33,'Core ACL',0,'civicrm_acl_role',1,'All','access uploaded files',NULL,NULL,NULL,1),(34,'Core ACL',0,'civicrm_acl_role',1,'All','add contacts',NULL,NULL,NULL,1),(35,'Core ACL',0,'civicrm_acl_role',1,'All','administer CiviCRM',NULL,NULL,NULL,1),(36,'Core ACL',0,'civicrm_acl_role',1,'All','edit all contacts',NULL,NULL,NULL,1),(37,'Core ACL',0,'civicrm_acl_role',1,'All','edit contributions',NULL,NULL,NULL,1),(38,'Core ACL',0,'civicrm_acl_role',1,'All','edit event participants',NULL,NULL,NULL,1),(39,'Core ACL',0,'civicrm_acl_role',1,'All','edit groups',NULL,NULL,NULL,1),(40,'Core ACL',0,'civicrm_acl_role',1,'All','edit memberships',NULL,NULL,NULL,1),(41,'Core ACL',0,'civicrm_acl_role',1,'All','edit pledges',NULL,NULL,NULL,1),(42,'Core ACL',0,'civicrm_acl_role',1,'All','access CiviReport',NULL,NULL,NULL,1),(43,'Core ACL',0,'civicrm_acl_role',1,'All','access Report Criteria',NULL,NULL,NULL,1),(44,'Core ACL',0,'civicrm_acl_role',1,'All','administer Reports',NULL,NULL,NULL,1),(45,'Core ACL',0,'civicrm_acl_role',1,'All','import contacts',NULL,NULL,NULL,1),(46,'Core ACL',0,'civicrm_acl_role',1,'All','make online contributions',NULL,NULL,NULL,1),(47,'Core ACL',0,'civicrm_acl_role',1,'All','make online pledges',NULL,NULL,NULL,1),(48,'Core ACL',0,'civicrm_acl_role',1,'All','profile listings and forms',NULL,NULL,NULL,1),(49,'Core ACL',0,'civicrm_acl_role',1,'All','profile create',NULL,NULL,NULL,1),(50,'Core ACL',0,'civicrm_acl_role',1,'All','profile edit',NULL,NULL,NULL,1),(51,'Core ACL',0,'civicrm_acl_role',1,'All','profile listings',NULL,NULL,NULL,1),(52,'Core ACL',0,'civicrm_acl_role',1,'All','profile view',NULL,NULL,NULL,1),(53,'Core ACL',0,'civicrm_acl_role',1,'All','register for events',NULL,NULL,NULL,1),(54,'Core ACL',0,'civicrm_acl_role',1,'All','view all activities',NULL,NULL,NULL,1),(55,'Core ACL',0,'civicrm_acl_role',1,'All','view all contacts',NULL,NULL,NULL,1),(56,'Core ACL',0,'civicrm_acl_role',1,'All','view event info',NULL,NULL,NULL,1),(57,'Core ACL',0,'civicrm_acl_role',1,'All','view event participants',NULL,NULL,NULL,1),(58,'Core ACL',0,'civicrm_acl_role',1,'All','edit all events',NULL,NULL,NULL,1),(59,'Core ACL',0,'civicrm_acl_role',2,'All','access CiviMail subscribe/unsubscribe pages',NULL,NULL,NULL,1),(60,'Core ACL',0,'civicrm_acl_role',2,'All','access all custom data',NULL,NULL,NULL,1),(61,'Core ACL',0,'civicrm_acl_role',2,'All','make online contributions',NULL,NULL,NULL,1),(62,'Core ACL',0,'civicrm_acl_role',2,'All','make online pledges',NULL,NULL,NULL,1),(63,'Core ACL',0,'civicrm_acl_role',2,'All','profile listings and forms',NULL,NULL,NULL,1),(64,'Core ACL',0,'civicrm_acl_role',2,'All','register for events',NULL,NULL,NULL,1),(65,'Core ACL',0,'civicrm_acl_role',2,'All','view event info',NULL,NULL,NULL,1);
/*!40000 ALTER TABLE `civicrm_acl` ENABLE KEYS */;
UNLOCK TABLES;

--
-- Dumping data for table `civicrm_acl_cache`
--

LOCK TABLES `civicrm_acl_cache` WRITE;
/*!40000 ALTER TABLE `civicrm_acl_cache` DISABLE KEYS */;
/*!40000 ALTER TABLE `civicrm_acl_cache` ENABLE KEYS */;
UNLOCK TABLES;

--
-- Dumping data for table `civicrm_acl_contact_cache`
--

LOCK TABLES `civicrm_acl_contact_cache` WRITE;
/*!40000 ALTER TABLE `civicrm_acl_contact_cache` DISABLE KEYS */;
/*!40000 ALTER TABLE `civicrm_acl_contact_cache` ENABLE KEYS */;
UNLOCK TABLES;

--
-- Dumping data for table `civicrm_acl_entity_role`
--

LOCK TABLES `civicrm_acl_entity_role` WRITE;
/*!40000 ALTER TABLE `civicrm_acl_entity_role` DISABLE KEYS */;
INSERT INTO `civicrm_acl_entity_role` (`id`, `acl_role_id`, `entity_table`, `entity_id`, `is_active`) VALUES (1,1,'civicrm_group',1,1);
/*!40000 ALTER TABLE `civicrm_acl_entity_role` ENABLE KEYS */;
UNLOCK TABLES;

--
-- Dumping data for table `civicrm_action_log`
--

LOCK TABLES `civicrm_action_log` WRITE;
/*!40000 ALTER TABLE `civicrm_action_log` DISABLE KEYS */;
/*!40000 ALTER TABLE `civicrm_action_log` ENABLE KEYS */;
UNLOCK TABLES;

--
-- Dumping data for table `civicrm_action_mapping`
--

LOCK TABLES `civicrm_action_mapping` WRITE;
/*!40000 ALTER TABLE `civicrm_action_mapping` DISABLE KEYS */;
INSERT INTO `civicrm_action_mapping` (`id`, `entity`, `entity_value`, `entity_value_label`, `entity_status`, `entity_status_label`, `entity_date_start`, `entity_date_end`, `entity_recipient`) VALUES (1,'civicrm_activity','activity_type','Activity Type','activity_status','Activity Status','activity_date_time',NULL,'activity_contacts'),(2,'civicrm_participant','event_type','Event Type','civicrm_participant_status_type','Participant Status','event_start_date','event_end_date','event_contacts'),(3,'civicrm_participant','civicrm_event','Event Name','civicrm_participant_status_type','Participant Status','event_start_date','event_end_date','event_contacts'),(4,'civicrm_membership','civicrm_membership_type','Membership Type','auto_renew_options','Auto Renew Options','membership_join_date','membership_end_date',NULL),(5,'civicrm_participant','event_template','Event Template','civicrm_participant_status_type','Participant Status','event_start_date','event_end_date','event_contacts'),(6,'civicrm_contact','civicrm_contact','Date Field','contact_date_reminder_options','Annual Options','date_field',NULL,NULL);
/*!40000 ALTER TABLE `civicrm_action_mapping` ENABLE KEYS */;
UNLOCK TABLES;

--
-- Dumping data for table `civicrm_action_schedule`
--

LOCK TABLES `civicrm_action_schedule` WRITE;
/*!40000 ALTER TABLE `civicrm_action_schedule` DISABLE KEYS */;
/*!40000 ALTER TABLE `civicrm_action_schedule` ENABLE KEYS */;
UNLOCK TABLES;

--
-- Dumping data for table `civicrm_activity`
--

LOCK TABLES `civicrm_activity` WRITE;
/*!40000 ALTER TABLE `civicrm_activity` DISABLE KEYS */;
INSERT INTO `civicrm_activity` (`id`, `source_record_id`, `activity_type_id`, `subject`, `activity_date_time`, `duration`, `location`, `phone_id`, `phone_number`, `details`, `status_id`, `priority_id`, `parent_id`, `is_test`, `medium_id`, `is_auto`, `relationship_id`, `is_current_revision`, `original_id`, `result`, `is_deleted`, `campaign_id`, `engagement_level`, `weight`) VALUES (1,NULL,9,'Subject for Tell a Friend','2014-12-29 10:20:54',NULL,NULL,NULL,NULL,NULL,2,NULL,NULL,0,NULL,0,NULL,1,NULL,NULL,0,NULL,NULL,NULL),(2,NULL,10,'Subject for Pledge Acknowledgment','2015-07-28 11:49:54',NULL,NULL,NULL,NULL,NULL,2,NULL,NULL,0,NULL,0,NULL,1,NULL,NULL,0,NULL,NULL,NULL),(3,NULL,9,'Subject for Tell a Friend','2015-07-08 01:03:29',NULL,NULL,NULL,NULL,NULL,2,NULL,NULL,0,NULL,0,NULL,1,NULL,NULL,0,NULL,NULL,NULL),(4,NULL,9,'Subject for Tell a Friend','2015-08-29 03:04:05',NULL,NULL,NULL,NULL,NULL,2,NULL,NULL,0,NULL,0,NULL,1,NULL,NULL,0,NULL,NULL,NULL),(5,NULL,10,'Subject for Pledge Acknowledgment','2015-06-24 07:21:54',NULL,NULL,NULL,NULL,NULL,2,NULL,NULL,0,NULL,0,NULL,1,NULL,NULL,0,NULL,NULL,NULL),(6,NULL,9,'Subject for Tell a Friend','2015-07-26 06:07:16',NULL,NULL,NULL,NULL,NULL,2,NULL,NULL,0,NULL,0,NULL,1,NULL,NULL,0,NULL,NULL,NULL),(7,NULL,9,'Subject for Tell a Friend','2015-02-12 04:10:59',NULL,NULL,NULL,NULL,NULL,2,NULL,NULL,0,NULL,0,NULL,1,NULL,NULL,0,NULL,NULL,NULL),(8,NULL,10,'Subject for Pledge Acknowledgment','2015-06-01 06:25:12',NULL,NULL,NULL,NULL,NULL,2,NULL,NULL,0,NULL,0,NULL,1,NULL,NULL,0,NULL,NULL,NULL),(9,NULL,10,'Subject for Pledge Acknowledgment','2015-06-08 07:46:36',NULL,NULL,NULL,NULL,NULL,2,NULL,NULL,0,NULL,0,NULL,1,NULL,NULL,0,NULL,NULL,NULL),(10,NULL,10,'Subject for Pledge Acknowledgment','2015-10-12 07:30:09',NULL,NULL,NULL,NULL,NULL,2,NULL,NULL,0,NULL,0,NULL,1,NULL,NULL,0,NULL,NULL,NULL),(11,NULL,10,'Subject for Pledge Acknowledgment','2015-11-10 03:29:00',NULL,NULL,NULL,NULL,NULL,2,NULL,NULL,0,NULL,0,NULL,1,NULL,NULL,0,NULL,NULL,NULL),(12,NULL,9,'Subject for Tell a Friend','2015-07-06 09:22:17',NULL,NULL,NULL,NULL,NULL,2,NULL,NULL,0,NULL,0,NULL,1,NULL,NULL,0,NULL,NULL,NULL),(13,NULL,9,'Subject for Tell a Friend','2015-11-06 03:55:42',NULL,NULL,NULL,NULL,NULL,2,NULL,NULL,0,NULL,0,NULL,1,NULL,NULL,0,NULL,NULL,NULL),(14,NULL,9,'Subject for Tell a Friend','2015-08-20 08:07:26',NULL,NULL,NULL,NULL,NULL,2,NULL,NULL,0,NULL,0,NULL,1,NULL,NULL,0,NULL,NULL,NULL),(15,NULL,10,'Subject for Pledge Acknowledgment','2014-12-21 11:39:54',NULL,NULL,NULL,NULL,NULL,2,NULL,NULL,0,NULL,0,NULL,1,NULL,NULL,0,NULL,NULL,NULL),(16,NULL,10,'Subject for Pledge Acknowledgment','2015-05-05 07:34:23',NULL,NULL,NULL,NULL,NULL,2,NULL,NULL,0,NULL,0,NULL,1,NULL,NULL,0,NULL,NULL,NULL),(17,NULL,9,'Subject for Tell a Friend','2015-02-02 06:31:19',NULL,NULL,NULL,NULL,NULL,2,NULL,NULL,0,NULL,0,NULL,1,NULL,NULL,0,NULL,NULL,NULL),(18,NULL,10,'Subject for Pledge Acknowledgment','2015-06-03 11:49:15',NULL,NULL,NULL,NULL,NULL,2,NULL,NULL,0,NULL,0,NULL,1,NULL,NULL,0,NULL,NULL,NULL),(19,NULL,9,'Subject for Tell a Friend','2014-12-19 03:39:17',NULL,NULL,NULL,NULL,NULL,2,NULL,NULL,0,NULL,0,NULL,1,NULL,NULL,0,NULL,NULL,NULL),(20,NULL,9,'Subject for Tell a Friend','2015-09-03 03:12:32',NULL,NULL,NULL,NULL,NULL,2,NULL,NULL,0,NULL,0,NULL,1,NULL,NULL,0,NULL,NULL,NULL),(21,NULL,10,'Subject for Pledge Acknowledgment','2015-08-27 12:55:11',NULL,NULL,NULL,NULL,NULL,2,NULL,NULL,0,NULL,0,NULL,1,NULL,NULL,0,NULL,NULL,NULL),(22,NULL,9,'Subject for Tell a Friend','2015-08-18 04:36:47',NULL,NULL,NULL,NULL,NULL,2,NULL,NULL,0,NULL,0,NULL,1,NULL,NULL,0,NULL,NULL,NULL),(23,NULL,10,'Subject for Pledge Acknowledgment','2015-04-27 06:30:50',NULL,NULL,NULL,NULL,NULL,2,NULL,NULL,0,NULL,0,NULL,1,NULL,NULL,0,NULL,NULL,NULL),(24,NULL,10,'Subject for Pledge Acknowledgment','2015-05-26 06:15:00',NULL,NULL,NULL,NULL,NULL,2,NULL,NULL,0,NULL,0,NULL,1,NULL,NULL,0,NULL,NULL,NULL),(25,NULL,9,'Subject for Tell a Friend','2015-07-11 05:24:29',NULL,NULL,NULL,NULL,NULL,2,NULL,NULL,0,NULL,0,NULL,1,NULL,NULL,0,NULL,NULL,NULL),(26,NULL,10,'Subject for Pledge Acknowledgment','2015-05-27 12:41:58',NULL,NULL,NULL,NULL,NULL,2,NULL,NULL,0,NULL,0,NULL,1,NULL,NULL,0,NULL,NULL,NULL),(27,NULL,9,'Subject for Tell a Friend','2015-02-14 12:46:14',NULL,NULL,NULL,NULL,NULL,2,NULL,NULL,0,NULL,0,NULL,1,NULL,NULL,0,NULL,NULL,NULL),(28,NULL,9,'Subject for Tell a Friend','2015-07-02 10:16:31',NULL,NULL,NULL,NULL,NULL,2,NULL,NULL,0,NULL,0,NULL,1,NULL,NULL,0,NULL,NULL,NULL),(29,NULL,9,'Subject for Tell a Friend','2015-07-29 11:04:08',NULL,NULL,NULL,NULL,NULL,2,NULL,NULL,0,NULL,0,NULL,1,NULL,NULL,0,NULL,NULL,NULL),(30,NULL,9,'Subject for Tell a Friend','2015-04-01 07:10:46',NULL,NULL,NULL,NULL,NULL,2,NULL,NULL,0,NULL,0,NULL,1,NULL,NULL,0,NULL,NULL,NULL),(31,NULL,9,'Subject for Tell a Friend','2015-01-15 02:44:50',NULL,NULL,NULL,NULL,NULL,2,NULL,NULL,0,NULL,0,NULL,1,NULL,NULL,0,NULL,NULL,NULL),(32,NULL,9,'Subject for Tell a Friend','2015-06-03 09:25:47',NULL,NULL,NULL,NULL,NULL,2,NULL,NULL,0,NULL,0,NULL,1,NULL,NULL,0,NULL,NULL,NULL),(33,NULL,10,'Subject for Pledge Acknowledgment','2015-04-15 07:45:01',NULL,NULL,NULL,NULL,NULL,2,NULL,NULL,0,NULL,0,NULL,1,NULL,NULL,0,NULL,NULL,NULL),(34,NULL,9,'Subject for Tell a Friend','2014-12-08 03:47:12',NULL,NULL,NULL,NULL,NULL,2,NULL,NULL,0,NULL,0,NULL,1,NULL,NULL,0,NULL,NULL,NULL),(35,NULL,9,'Subject for Tell a Friend','2015-06-15 03:30:08',NULL,NULL,NULL,NULL,NULL,2,NULL,NULL,0,NULL,0,NULL,1,NULL,NULL,0,NULL,NULL,NULL),(36,NULL,9,'Subject for Tell a Friend','2015-04-11 10:31:50',NULL,NULL,NULL,NULL,NULL,2,NULL,NULL,0,NULL,0,NULL,1,NULL,NULL,0,NULL,NULL,NULL),(37,NULL,9,'Subject for Tell a Friend','2015-03-01 07:54:15',NULL,NULL,NULL,NULL,NULL,2,NULL,NULL,0,NULL,0,NULL,1,NULL,NULL,0,NULL,NULL,NULL),(38,NULL,10,'Subject for Pledge Acknowledgment','2015-06-05 03:49:19',NULL,NULL,NULL,NULL,NULL,2,NULL,NULL,0,NULL,0,NULL,1,NULL,NULL,0,NULL,NULL,NULL),(39,NULL,9,'Subject for Tell a Friend','2015-06-14 05:26:00',NULL,NULL,NULL,NULL,NULL,2,NULL,NULL,0,NULL,0,NULL,1,NULL,NULL,0,NULL,NULL,NULL),(40,NULL,10,'Subject for Pledge Acknowledgment','2015-09-08 03:59:06',NULL,NULL,NULL,NULL,NULL,2,NULL,NULL,0,NULL,0,NULL,1,NULL,NULL,0,NULL,NULL,NULL),(41,NULL,10,'Subject for Pledge Acknowledgment','2015-03-22 07:00:30',NULL,NULL,NULL,NULL,NULL,2,NULL,NULL,0,NULL,0,NULL,1,NULL,NULL,0,NULL,NULL,NULL),(42,NULL,9,'Subject for Tell a Friend','2015-06-08 04:34:49',NULL,NULL,NULL,NULL,NULL,2,NULL,NULL,0,NULL,0,NULL,1,NULL,NULL,0,NULL,NULL,NULL),(43,NULL,10,'Subject for Pledge Acknowledgment','2015-10-22 09:32:14',NULL,NULL,NULL,NULL,NULL,2,NULL,NULL,0,NULL,0,NULL,1,NULL,NULL,0,NULL,NULL,NULL),(44,NULL,10,'Subject for Pledge Acknowledgment','2015-06-12 02:22:16',NULL,NULL,NULL,NULL,NULL,2,NULL,NULL,0,NULL,0,NULL,1,NULL,NULL,0,NULL,NULL,NULL),(45,NULL,10,'Subject for Pledge Acknowledgment','2015-08-02 03:51:05',NULL,NULL,NULL,NULL,NULL,2,NULL,NULL,0,NULL,0,NULL,1,NULL,NULL,0,NULL,NULL,NULL),(46,NULL,9,'Subject for Tell a Friend','2015-01-11 09:01:21',NULL,NULL,NULL,NULL,NULL,2,NULL,NULL,0,NULL,0,NULL,1,NULL,NULL,0,NULL,NULL,NULL),(47,NULL,9,'Subject for Tell a Friend','2015-03-16 11:23:47',NULL,NULL,NULL,NULL,NULL,2,NULL,NULL,0,NULL,0,NULL,1,NULL,NULL,0,NULL,NULL,NULL),(48,NULL,9,'Subject for Tell a Friend','2015-09-15 06:07:05',NULL,NULL,NULL,NULL,NULL,2,NULL,NULL,0,NULL,0,NULL,1,NULL,NULL,0,NULL,NULL,NULL),(49,NULL,10,'Subject for Pledge Acknowledgment','2015-05-17 06:41:15',NULL,NULL,NULL,NULL,NULL,2,NULL,NULL,0,NULL,0,NULL,1,NULL,NULL,0,NULL,NULL,NULL),(50,NULL,10,'Subject for Pledge Acknowledgment','2015-04-10 04:12:19',NULL,NULL,NULL,NULL,NULL,2,NULL,NULL,0,NULL,0,NULL,1,NULL,NULL,0,NULL,NULL,NULL),(51,NULL,10,'Subject for Pledge Acknowledgment','2015-06-23 07:22:31',NULL,NULL,NULL,NULL,NULL,2,NULL,NULL,0,NULL,0,NULL,1,NULL,NULL,0,NULL,NULL,NULL),(52,NULL,9,'Subject for Tell a Friend','2015-10-12 12:59:29',NULL,NULL,NULL,NULL,NULL,2,NULL,NULL,0,NULL,0,NULL,1,NULL,NULL,0,NULL,NULL,NULL),(53,NULL,10,'Subject for Pledge Acknowledgment','2015-11-12 01:18:08',NULL,NULL,NULL,NULL,NULL,2,NULL,NULL,0,NULL,0,NULL,1,NULL,NULL,0,NULL,NULL,NULL),(54,NULL,9,'Subject for Tell a Friend','2015-09-29 12:43:38',NULL,NULL,NULL,NULL,NULL,2,NULL,NULL,0,NULL,0,NULL,1,NULL,NULL,0,NULL,NULL,NULL),(55,NULL,9,'Subject for Tell a Friend','2015-05-16 03:41:10',NULL,NULL,NULL,NULL,NULL,2,NULL,NULL,0,NULL,0,NULL,1,NULL,NULL,0,NULL,NULL,NULL),(56,NULL,9,'Subject for Tell a Friend','2015-02-21 11:39:04',NULL,NULL,NULL,NULL,NULL,2,NULL,NULL,0,NULL,0,NULL,1,NULL,NULL,0,NULL,NULL,NULL),(57,NULL,9,'Subject for Tell a Friend','2014-12-08 04:50:10',NULL,NULL,NULL,NULL,NULL,2,NULL,NULL,0,NULL,0,NULL,1,NULL,NULL,0,NULL,NULL,NULL),(58,NULL,9,'Subject for Tell a Friend','2015-08-21 10:09:31',NULL,NULL,NULL,NULL,NULL,2,NULL,NULL,0,NULL,0,NULL,1,NULL,NULL,0,NULL,NULL,NULL),(59,NULL,9,'Subject for Tell a Friend','2015-07-15 10:53:37',NULL,NULL,NULL,NULL,NULL,2,NULL,NULL,0,NULL,0,NULL,1,NULL,NULL,0,NULL,NULL,NULL),(60,NULL,9,'Subject for Tell a Friend','2014-12-09 02:02:49',NULL,NULL,NULL,NULL,NULL,2,NULL,NULL,0,NULL,0,NULL,1,NULL,NULL,0,NULL,NULL,NULL),(61,NULL,10,'Subject for Pledge Acknowledgment','2015-03-05 01:51:22',NULL,NULL,NULL,NULL,NULL,2,NULL,NULL,0,NULL,0,NULL,1,NULL,NULL,0,NULL,NULL,NULL),(62,NULL,9,'Subject for Tell a Friend','2015-11-07 01:56:26',NULL,NULL,NULL,NULL,NULL,2,NULL,NULL,0,NULL,0,NULL,1,NULL,NULL,0,NULL,NULL,NULL),(63,NULL,9,'Subject for Tell a Friend','2015-01-25 12:43:55',NULL,NULL,NULL,NULL,NULL,2,NULL,NULL,0,NULL,0,NULL,1,NULL,NULL,0,NULL,NULL,NULL),(64,NULL,10,'Subject for Pledge Acknowledgment','2015-02-27 03:39:22',NULL,NULL,NULL,NULL,NULL,2,NULL,NULL,0,NULL,0,NULL,1,NULL,NULL,0,NULL,NULL,NULL),(65,NULL,9,'Subject for Tell a Friend','2015-02-21 06:15:02',NULL,NULL,NULL,NULL,NULL,2,NULL,NULL,0,NULL,0,NULL,1,NULL,NULL,0,NULL,NULL,NULL),(66,NULL,10,'Subject for Pledge Acknowledgment','2015-11-20 04:49:27',NULL,NULL,NULL,NULL,NULL,2,NULL,NULL,0,NULL,0,NULL,1,NULL,NULL,0,NULL,NULL,NULL),(67,NULL,10,'Subject for Pledge Acknowledgment','2015-05-30 09:33:46',NULL,NULL,NULL,NULL,NULL,2,NULL,NULL,0,NULL,0,NULL,1,NULL,NULL,0,NULL,NULL,NULL),(68,NULL,10,'Subject for Pledge Acknowledgment','2015-04-21 02:59:55',NULL,NULL,NULL,NULL,NULL,2,NULL,NULL,0,NULL,0,NULL,1,NULL,NULL,0,NULL,NULL,NULL),(69,NULL,9,'Subject for Tell a Friend','2014-12-26 08:46:07',NULL,NULL,NULL,NULL,NULL,2,NULL,NULL,0,NULL,0,NULL,1,NULL,NULL,0,NULL,NULL,NULL),(70,NULL,9,'Subject for Tell a Friend','2015-06-01 09:22:05',NULL,NULL,NULL,NULL,NULL,2,NULL,NULL,0,NULL,0,NULL,1,NULL,NULL,0,NULL,NULL,NULL),(71,NULL,10,'Subject for Pledge Acknowledgment','2015-04-15 08:45:17',NULL,NULL,NULL,NULL,NULL,2,NULL,NULL,0,NULL,0,NULL,1,NULL,NULL,0,NULL,NULL,NULL),(72,NULL,10,'Subject for Pledge Acknowledgment','2015-06-23 01:30:44',NULL,NULL,NULL,NULL,NULL,2,NULL,NULL,0,NULL,0,NULL,1,NULL,NULL,0,NULL,NULL,NULL),(73,NULL,10,'Subject for Pledge Acknowledgment','2015-07-24 11:13:22',NULL,NULL,NULL,NULL,NULL,2,NULL,NULL,0,NULL,0,NULL,1,NULL,NULL,0,NULL,NULL,NULL),(74,NULL,10,'Subject for Pledge Acknowledgment','2015-08-05 03:56:59',NULL,NULL,NULL,NULL,NULL,2,NULL,NULL,0,NULL,0,NULL,1,NULL,NULL,0,NULL,NULL,NULL),(75,NULL,9,'Subject for Tell a Friend','2015-11-04 05:17:31',NULL,NULL,NULL,NULL,NULL,2,NULL,NULL,0,NULL,0,NULL,1,NULL,NULL,0,NULL,NULL,NULL),(76,NULL,9,'Subject for Tell a Friend','2015-02-19 05:25:17',NULL,NULL,NULL,NULL,NULL,2,NULL,NULL,0,NULL,0,NULL,1,NULL,NULL,0,NULL,NULL,NULL),(77,NULL,10,'Subject for Pledge Acknowledgment','2015-07-07 07:08:31',NULL,NULL,NULL,NULL,NULL,2,NULL,NULL,0,NULL,0,NULL,1,NULL,NULL,0,NULL,NULL,NULL),(78,NULL,9,'Subject for Tell a Friend','2015-05-28 01:02:03',NULL,NULL,NULL,NULL,NULL,2,NULL,NULL,0,NULL,0,NULL,1,NULL,NULL,0,NULL,NULL,NULL),(79,NULL,9,'Subject for Tell a Friend','2015-10-11 01:31:06',NULL,NULL,NULL,NULL,NULL,2,NULL,NULL,0,NULL,0,NULL,1,NULL,NULL,0,NULL,NULL,NULL),(80,NULL,10,'Subject for Pledge Acknowledgment','2015-08-04 10:17:18',NULL,NULL,NULL,NULL,NULL,2,NULL,NULL,0,NULL,0,NULL,1,NULL,NULL,0,NULL,NULL,NULL),(81,NULL,10,'Subject for Pledge Acknowledgment','2015-04-16 10:55:04',NULL,NULL,NULL,NULL,NULL,2,NULL,NULL,0,NULL,0,NULL,1,NULL,NULL,0,NULL,NULL,NULL),(82,NULL,10,'Subject for Pledge Acknowledgment','2015-08-23 12:41:41',NULL,NULL,NULL,NULL,NULL,2,NULL,NULL,0,NULL,0,NULL,1,NULL,NULL,0,NULL,NULL,NULL),(83,NULL,10,'Subject for Pledge Acknowledgment','2015-04-24 12:00:50',NULL,NULL,NULL,NULL,NULL,2,NULL,NULL,0,NULL,0,NULL,1,NULL,NULL,0,NULL,NULL,NULL),(84,NULL,10,'Subject for Pledge Acknowledgment','2015-08-02 03:51:18',NULL,NULL,NULL,NULL,NULL,2,NULL,NULL,0,NULL,0,NULL,1,NULL,NULL,0,NULL,NULL,NULL),(85,NULL,9,'Subject for Tell a Friend','2015-07-20 09:46:45',NULL,NULL,NULL,NULL,NULL,2,NULL,NULL,0,NULL,0,NULL,1,NULL,NULL,0,NULL,NULL,NULL),(86,NULL,9,'Subject for Tell a Friend','2015-04-17 09:55:40',NULL,NULL,NULL,NULL,NULL,2,NULL,NULL,0,NULL,0,NULL,1,NULL,NULL,0,NULL,NULL,NULL),(87,NULL,10,'Subject for Pledge Acknowledgment','2015-05-28 05:22:31',NULL,NULL,NULL,NULL,NULL,2,NULL,NULL,0,NULL,0,NULL,1,NULL,NULL,0,NULL,NULL,NULL),(88,NULL,9,'Subject for Tell a Friend','2015-07-22 01:19:51',NULL,NULL,NULL,NULL,NULL,2,NULL,NULL,0,NULL,0,NULL,1,NULL,NULL,0,NULL,NULL,NULL),(89,NULL,10,'Subject for Pledge Acknowledgment','2015-11-03 08:14:50',NULL,NULL,NULL,NULL,NULL,2,NULL,NULL,0,NULL,0,NULL,1,NULL,NULL,0,NULL,NULL,NULL),(90,NULL,10,'Subject for Pledge Acknowledgment','2015-07-31 08:08:59',NULL,NULL,NULL,NULL,NULL,2,NULL,NULL,0,NULL,0,NULL,1,NULL,NULL,0,NULL,NULL,NULL),(91,NULL,10,'Subject for Pledge Acknowledgment','2014-12-08 02:09:51',NULL,NULL,NULL,NULL,NULL,2,NULL,NULL,0,NULL,0,NULL,1,NULL,NULL,0,NULL,NULL,NULL),(92,NULL,10,'Subject for Pledge Acknowledgment','2014-12-24 10:52:10',NULL,NULL,NULL,NULL,NULL,2,NULL,NULL,0,NULL,0,NULL,1,NULL,NULL,0,NULL,NULL,NULL),(93,NULL,9,'Subject for Tell a Friend','2015-02-11 07:42:45',NULL,NULL,NULL,NULL,NULL,2,NULL,NULL,0,NULL,0,NULL,1,NULL,NULL,0,NULL,NULL,NULL),(94,NULL,9,'Subject for Tell a Friend','2015-01-21 04:50:26',NULL,NULL,NULL,NULL,NULL,2,NULL,NULL,0,NULL,0,NULL,1,NULL,NULL,0,NULL,NULL,NULL),(95,NULL,10,'Subject for Pledge Acknowledgment','2015-07-13 07:50:39',NULL,NULL,NULL,NULL,NULL,2,NULL,NULL,0,NULL,0,NULL,1,NULL,NULL,0,NULL,NULL,NULL),(96,NULL,9,'Subject for Tell a Friend','2015-01-04 09:11:22',NULL,NULL,NULL,NULL,NULL,2,NULL,NULL,0,NULL,0,NULL,1,NULL,NULL,0,NULL,NULL,NULL),(97,NULL,9,'Subject for Tell a Friend','2015-11-07 03:43:25',NULL,NULL,NULL,NULL,NULL,2,NULL,NULL,0,NULL,0,NULL,1,NULL,NULL,0,NULL,NULL,NULL),(98,NULL,10,'Subject for Pledge Acknowledgment','2015-10-29 08:41:44',NULL,NULL,NULL,NULL,NULL,2,NULL,NULL,0,NULL,0,NULL,1,NULL,NULL,0,NULL,NULL,NULL),(99,NULL,10,'Subject for Pledge Acknowledgment','2015-04-22 11:48:03',NULL,NULL,NULL,NULL,NULL,2,NULL,NULL,0,NULL,0,NULL,1,NULL,NULL,0,NULL,NULL,NULL),(100,NULL,10,'Subject for Pledge Acknowledgment','2015-10-08 09:10:17',NULL,NULL,NULL,NULL,NULL,2,NULL,NULL,0,NULL,0,NULL,1,NULL,NULL,0,NULL,NULL,NULL),(101,NULL,10,'Subject for Pledge Acknowledgment','2015-10-27 03:35:18',NULL,NULL,NULL,NULL,NULL,2,NULL,NULL,0,NULL,0,NULL,1,NULL,NULL,0,NULL,NULL,NULL),(102,NULL,10,'Subject for Pledge Acknowledgment','2015-11-22 08:01:36',NULL,NULL,NULL,NULL,NULL,2,NULL,NULL,0,NULL,0,NULL,1,NULL,NULL,0,NULL,NULL,NULL),(103,NULL,9,'Subject for Tell a Friend','2015-07-02 04:37:45',NULL,NULL,NULL,NULL,NULL,2,NULL,NULL,0,NULL,0,NULL,1,NULL,NULL,0,NULL,NULL,NULL),(104,NULL,9,'Subject for Tell a Friend','2015-08-28 10:27:38',NULL,NULL,NULL,NULL,NULL,2,NULL,NULL,0,NULL,0,NULL,1,NULL,NULL,0,NULL,NULL,NULL),(105,NULL,9,'Subject for Tell a Friend','2015-03-06 12:57:30',NULL,NULL,NULL,NULL,NULL,2,NULL,NULL,0,NULL,0,NULL,1,NULL,NULL,0,NULL,NULL,NULL),(106,NULL,10,'Subject for Pledge Acknowledgment','2015-03-18 08:05:01',NULL,NULL,NULL,NULL,NULL,2,NULL,NULL,0,NULL,0,NULL,1,NULL,NULL,0,NULL,NULL,NULL),(107,NULL,9,'Subject for Tell a Friend','2015-08-28 02:00:04',NULL,NULL,NULL,NULL,NULL,2,NULL,NULL,0,NULL,0,NULL,1,NULL,NULL,0,NULL,NULL,NULL),(108,NULL,9,'Subject for Tell a Friend','2015-06-01 06:56:57',NULL,NULL,NULL,NULL,NULL,2,NULL,NULL,0,NULL,0,NULL,1,NULL,NULL,0,NULL,NULL,NULL),(109,NULL,10,'Subject for Pledge Acknowledgment','2014-12-16 07:58:09',NULL,NULL,NULL,NULL,NULL,2,NULL,NULL,0,NULL,0,NULL,1,NULL,NULL,0,NULL,NULL,NULL),(110,NULL,10,'Subject for Pledge Acknowledgment','2015-03-17 05:10:58',NULL,NULL,NULL,NULL,NULL,2,NULL,NULL,0,NULL,0,NULL,1,NULL,NULL,0,NULL,NULL,NULL),(111,NULL,9,'Subject for Tell a Friend','2015-03-07 03:47:05',NULL,NULL,NULL,NULL,NULL,2,NULL,NULL,0,NULL,0,NULL,1,NULL,NULL,0,NULL,NULL,NULL),(112,NULL,9,'Subject for Tell a Friend','2015-02-03 08:26:21',NULL,NULL,NULL,NULL,NULL,2,NULL,NULL,0,NULL,0,NULL,1,NULL,NULL,0,NULL,NULL,NULL),(113,NULL,10,'Subject for Pledge Acknowledgment','2015-03-04 01:40:17',NULL,NULL,NULL,NULL,NULL,2,NULL,NULL,0,NULL,0,NULL,1,NULL,NULL,0,NULL,NULL,NULL),(114,NULL,9,'Subject for Tell a Friend','2015-06-17 07:52:00',NULL,NULL,NULL,NULL,NULL,2,NULL,NULL,0,NULL,0,NULL,1,NULL,NULL,0,NULL,NULL,NULL),(115,NULL,9,'Subject for Tell a Friend','2015-02-11 02:26:59',NULL,NULL,NULL,NULL,NULL,2,NULL,NULL,0,NULL,0,NULL,1,NULL,NULL,0,NULL,NULL,NULL),(116,NULL,9,'Subject for Tell a Friend','2015-04-16 09:59:54',NULL,NULL,NULL,NULL,NULL,2,NULL,NULL,0,NULL,0,NULL,1,NULL,NULL,0,NULL,NULL,NULL),(117,NULL,9,'Subject for Tell a Friend','2015-02-03 11:57:09',NULL,NULL,NULL,NULL,NULL,2,NULL,NULL,0,NULL,0,NULL,1,NULL,NULL,0,NULL,NULL,NULL),(118,NULL,9,'Subject for Tell a Friend','2015-06-29 08:48:21',NULL,NULL,NULL,NULL,NULL,2,NULL,NULL,0,NULL,0,NULL,1,NULL,NULL,0,NULL,NULL,NULL),(119,NULL,9,'Subject for Tell a Friend','2015-11-18 05:28:00',NULL,NULL,NULL,NULL,NULL,2,NULL,NULL,0,NULL,0,NULL,1,NULL,NULL,0,NULL,NULL,NULL),(120,NULL,9,'Subject for Tell a Friend','2015-02-19 05:07:58',NULL,NULL,NULL,NULL,NULL,2,NULL,NULL,0,NULL,0,NULL,1,NULL,NULL,0,NULL,NULL,NULL),(121,NULL,9,'Subject for Tell a Friend','2015-06-07 06:50:23',NULL,NULL,NULL,NULL,NULL,2,NULL,NULL,0,NULL,0,NULL,1,NULL,NULL,0,NULL,NULL,NULL),(122,NULL,9,'Subject for Tell a Friend','2015-02-18 09:40:59',NULL,NULL,NULL,NULL,NULL,2,NULL,NULL,0,NULL,0,NULL,1,NULL,NULL,0,NULL,NULL,NULL),(123,NULL,9,'Subject for Tell a Friend','2015-03-27 12:30:14',NULL,NULL,NULL,NULL,NULL,2,NULL,NULL,0,NULL,0,NULL,1,NULL,NULL,0,NULL,NULL,NULL),(124,NULL,9,'Subject for Tell a Friend','2015-02-27 12:02:25',NULL,NULL,NULL,NULL,NULL,2,NULL,NULL,0,NULL,0,NULL,1,NULL,NULL,0,NULL,NULL,NULL),(125,NULL,9,'Subject for Tell a Friend','2015-01-15 04:55:26',NULL,NULL,NULL,NULL,NULL,2,NULL,NULL,0,NULL,0,NULL,1,NULL,NULL,0,NULL,NULL,NULL),(126,NULL,10,'Subject for Pledge Acknowledgment','2015-02-18 10:20:45',NULL,NULL,NULL,NULL,NULL,2,NULL,NULL,0,NULL,0,NULL,1,NULL,NULL,0,NULL,NULL,NULL),(127,NULL,10,'Subject for Pledge Acknowledgment','2015-10-13 09:07:04',NULL,NULL,NULL,NULL,NULL,2,NULL,NULL,0,NULL,0,NULL,1,NULL,NULL,0,NULL,NULL,NULL),(128,NULL,10,'Subject for Pledge Acknowledgment','2015-02-15 12:45:39',NULL,NULL,NULL,NULL,NULL,2,NULL,NULL,0,NULL,0,NULL,1,NULL,NULL,0,NULL,NULL,NULL),(129,NULL,9,'Subject for Tell a Friend','2015-09-20 07:08:36',NULL,NULL,NULL,NULL,NULL,2,NULL,NULL,0,NULL,0,NULL,1,NULL,NULL,0,NULL,NULL,NULL),(130,NULL,9,'Subject for Tell a Friend','2015-11-25 03:47:47',NULL,NULL,NULL,NULL,NULL,2,NULL,NULL,0,NULL,0,NULL,1,NULL,NULL,0,NULL,NULL,NULL),(131,NULL,10,'Subject for Pledge Acknowledgment','2015-03-18 04:16:11',NULL,NULL,NULL,NULL,NULL,2,NULL,NULL,0,NULL,0,NULL,1,NULL,NULL,0,NULL,NULL,NULL),(132,NULL,9,'Subject for Tell a Friend','2015-06-19 08:51:46',NULL,NULL,NULL,NULL,NULL,2,NULL,NULL,0,NULL,0,NULL,1,NULL,NULL,0,NULL,NULL,NULL),(133,NULL,9,'Subject for Tell a Friend','2015-07-15 02:57:44',NULL,NULL,NULL,NULL,NULL,2,NULL,NULL,0,NULL,0,NULL,1,NULL,NULL,0,NULL,NULL,NULL),(134,NULL,10,'Subject for Pledge Acknowledgment','2015-02-02 06:03:19',NULL,NULL,NULL,NULL,NULL,2,NULL,NULL,0,NULL,0,NULL,1,NULL,NULL,0,NULL,NULL,NULL),(135,NULL,10,'Subject for Pledge Acknowledgment','2015-10-07 01:31:03',NULL,NULL,NULL,NULL,NULL,2,NULL,NULL,0,NULL,0,NULL,1,NULL,NULL,0,NULL,NULL,NULL),(136,NULL,10,'Subject for Pledge Acknowledgment','2015-06-28 10:17:56',NULL,NULL,NULL,NULL,NULL,2,NULL,NULL,0,NULL,0,NULL,1,NULL,NULL,0,NULL,NULL,NULL),(137,NULL,10,'Subject for Pledge Acknowledgment','2015-06-20 02:49:44',NULL,NULL,NULL,NULL,NULL,2,NULL,NULL,0,NULL,0,NULL,1,NULL,NULL,0,NULL,NULL,NULL),(138,NULL,10,'Subject for Pledge Acknowledgment','2015-05-29 06:15:03',NULL,NULL,NULL,NULL,NULL,2,NULL,NULL,0,NULL,0,NULL,1,NULL,NULL,0,NULL,NULL,NULL),(139,NULL,10,'Subject for Pledge Acknowledgment','2015-04-08 02:38:11',NULL,NULL,NULL,NULL,NULL,2,NULL,NULL,0,NULL,0,NULL,1,NULL,NULL,0,NULL,NULL,NULL),(140,NULL,9,'Subject for Tell a Friend','2015-09-08 04:24:03',NULL,NULL,NULL,NULL,NULL,2,NULL,NULL,0,NULL,0,NULL,1,NULL,NULL,0,NULL,NULL,NULL),(141,NULL,10,'Subject for Pledge Acknowledgment','2015-05-13 02:40:43',NULL,NULL,NULL,NULL,NULL,2,NULL,NULL,0,NULL,0,NULL,1,NULL,NULL,0,NULL,NULL,NULL),(142,NULL,9,'Subject for Tell a Friend','2015-01-04 06:27:05',NULL,NULL,NULL,NULL,NULL,2,NULL,NULL,0,NULL,0,NULL,1,NULL,NULL,0,NULL,NULL,NULL),(143,NULL,10,'Subject for Pledge Acknowledgment','2015-01-26 06:34:47',NULL,NULL,NULL,NULL,NULL,2,NULL,NULL,0,NULL,0,NULL,1,NULL,NULL,0,NULL,NULL,NULL),(144,NULL,9,'Subject for Tell a Friend','2015-10-03 03:12:15',NULL,NULL,NULL,NULL,NULL,2,NULL,NULL,0,NULL,0,NULL,1,NULL,NULL,0,NULL,NULL,NULL),(145,NULL,10,'Subject for Pledge Acknowledgment','2015-03-16 01:42:30',NULL,NULL,NULL,NULL,NULL,2,NULL,NULL,0,NULL,0,NULL,1,NULL,NULL,0,NULL,NULL,NULL),(146,NULL,9,'Subject for Tell a Friend','2015-11-10 03:04:34',NULL,NULL,NULL,NULL,NULL,2,NULL,NULL,0,NULL,0,NULL,1,NULL,NULL,0,NULL,NULL,NULL),(147,NULL,10,'Subject for Pledge Acknowledgment','2015-02-09 08:54:37',NULL,NULL,NULL,NULL,NULL,2,NULL,NULL,0,NULL,0,NULL,1,NULL,NULL,0,NULL,NULL,NULL),(148,NULL,9,'Subject for Tell a Friend','2015-06-06 12:13:01',NULL,NULL,NULL,NULL,NULL,2,NULL,NULL,0,NULL,0,NULL,1,NULL,NULL,0,NULL,NULL,NULL),(149,NULL,10,'Subject for Pledge Acknowledgment','2015-05-15 08:40:28',NULL,NULL,NULL,NULL,NULL,2,NULL,NULL,0,NULL,0,NULL,1,NULL,NULL,0,NULL,NULL,NULL),(150,NULL,10,'Subject for Pledge Acknowledgment','2015-03-24 10:04:29',NULL,NULL,NULL,NULL,NULL,2,NULL,NULL,0,NULL,0,NULL,1,NULL,NULL,0,NULL,NULL,NULL),(151,NULL,10,'Subject for Pledge Acknowledgment','2015-05-26 08:58:46',NULL,NULL,NULL,NULL,NULL,2,NULL,NULL,0,NULL,0,NULL,1,NULL,NULL,0,NULL,NULL,NULL),(152,NULL,9,'Subject for Tell a Friend','2015-01-06 05:28:06',NULL,NULL,NULL,NULL,NULL,2,NULL,NULL,0,NULL,0,NULL,1,NULL,NULL,0,NULL,NULL,NULL),(153,NULL,9,'Subject for Tell a Friend','2015-03-03 01:48:23',NULL,NULL,NULL,NULL,NULL,2,NULL,NULL,0,NULL,0,NULL,1,NULL,NULL,0,NULL,NULL,NULL),(154,NULL,10,'Subject for Pledge Acknowledgment','2015-04-06 10:31:04',NULL,NULL,NULL,NULL,NULL,2,NULL,NULL,0,NULL,0,NULL,1,NULL,NULL,0,NULL,NULL,NULL),(155,NULL,10,'Subject for Pledge Acknowledgment','2015-08-12 02:16:35',NULL,NULL,NULL,NULL,NULL,2,NULL,NULL,0,NULL,0,NULL,1,NULL,NULL,0,NULL,NULL,NULL),(156,NULL,9,'Subject for Tell a Friend','2015-06-16 04:02:08',NULL,NULL,NULL,NULL,NULL,2,NULL,NULL,0,NULL,0,NULL,1,NULL,NULL,0,NULL,NULL,NULL),(157,NULL,10,'Subject for Pledge Acknowledgment','2015-01-20 10:04:58',NULL,NULL,NULL,NULL,NULL,2,NULL,NULL,0,NULL,0,NULL,1,NULL,NULL,0,NULL,NULL,NULL),(158,NULL,9,'Subject for Tell a Friend','2014-12-29 08:50:00',NULL,NULL,NULL,NULL,NULL,2,NULL,NULL,0,NULL,0,NULL,1,NULL,NULL,0,NULL,NULL,NULL),(159,NULL,10,'Subject for Pledge Acknowledgment','2014-12-10 03:25:15',NULL,NULL,NULL,NULL,NULL,2,NULL,NULL,0,NULL,0,NULL,1,NULL,NULL,0,NULL,NULL,NULL),(160,NULL,9,'Subject for Tell a Friend','2015-04-20 10:52:04',NULL,NULL,NULL,NULL,NULL,2,NULL,NULL,0,NULL,0,NULL,1,NULL,NULL,0,NULL,NULL,NULL),(161,NULL,9,'Subject for Tell a Friend','2015-01-13 06:07:37',NULL,NULL,NULL,NULL,NULL,2,NULL,NULL,0,NULL,0,NULL,1,NULL,NULL,0,NULL,NULL,NULL),(162,NULL,10,'Subject for Pledge Acknowledgment','2015-02-13 06:25:47',NULL,NULL,NULL,NULL,NULL,2,NULL,NULL,0,NULL,0,NULL,1,NULL,NULL,0,NULL,NULL,NULL),(163,NULL,9,'Subject for Tell a Friend','2015-07-20 11:25:25',NULL,NULL,NULL,NULL,NULL,2,NULL,NULL,0,NULL,0,NULL,1,NULL,NULL,0,NULL,NULL,NULL),(164,NULL,9,'Subject for Tell a Friend','2015-01-25 07:37:53',NULL,NULL,NULL,NULL,NULL,2,NULL,NULL,0,NULL,0,NULL,1,NULL,NULL,0,NULL,NULL,NULL),(165,NULL,9,'Subject for Tell a Friend','2014-12-03 10:48:47',NULL,NULL,NULL,NULL,NULL,2,NULL,NULL,0,NULL,0,NULL,1,NULL,NULL,0,NULL,NULL,NULL),(166,NULL,10,'Subject for Pledge Acknowledgment','2015-09-09 04:53:54',NULL,NULL,NULL,NULL,NULL,2,NULL,NULL,0,NULL,0,NULL,1,NULL,NULL,0,NULL,NULL,NULL),(167,NULL,9,'Subject for Tell a Friend','2015-04-05 10:41:02',NULL,NULL,NULL,NULL,NULL,2,NULL,NULL,0,NULL,0,NULL,1,NULL,NULL,0,NULL,NULL,NULL),(168,NULL,10,'Subject for Pledge Acknowledgment','2015-04-23 04:15:04',NULL,NULL,NULL,NULL,NULL,2,NULL,NULL,0,NULL,0,NULL,1,NULL,NULL,0,NULL,NULL,NULL),(169,NULL,9,'Subject for Tell a Friend','2015-01-10 06:09:17',NULL,NULL,NULL,NULL,NULL,2,NULL,NULL,0,NULL,0,NULL,1,NULL,NULL,0,NULL,NULL,NULL),(170,NULL,10,'Subject for Pledge Acknowledgment','2015-01-13 01:43:32',NULL,NULL,NULL,NULL,NULL,2,NULL,NULL,0,NULL,0,NULL,1,NULL,NULL,0,NULL,NULL,NULL),(171,NULL,9,'Subject for Tell a Friend','2015-10-26 04:43:40',NULL,NULL,NULL,NULL,NULL,2,NULL,NULL,0,NULL,0,NULL,1,NULL,NULL,0,NULL,NULL,NULL),(172,NULL,9,'Subject for Tell a Friend','2015-09-16 08:01:51',NULL,NULL,NULL,NULL,NULL,2,NULL,NULL,0,NULL,0,NULL,1,NULL,NULL,0,NULL,NULL,NULL),(173,NULL,10,'Subject for Pledge Acknowledgment','2015-11-06 08:58:37',NULL,NULL,NULL,NULL,NULL,2,NULL,NULL,0,NULL,0,NULL,1,NULL,NULL,0,NULL,NULL,NULL),(174,NULL,9,'Subject for Tell a Friend','2015-01-13 08:07:40',NULL,NULL,NULL,NULL,NULL,2,NULL,NULL,0,NULL,0,NULL,1,NULL,NULL,0,NULL,NULL,NULL),(175,NULL,10,'Subject for Pledge Acknowledgment','2015-08-02 04:55:07',NULL,NULL,NULL,NULL,NULL,2,NULL,NULL,0,NULL,0,NULL,1,NULL,NULL,0,NULL,NULL,NULL),(176,NULL,10,'Subject for Pledge Acknowledgment','2015-04-16 05:12:29',NULL,NULL,NULL,NULL,NULL,2,NULL,NULL,0,NULL,0,NULL,1,NULL,NULL,0,NULL,NULL,NULL),(177,NULL,10,'Subject for Pledge Acknowledgment','2015-02-06 06:51:12',NULL,NULL,NULL,NULL,NULL,2,NULL,NULL,0,NULL,0,NULL,1,NULL,NULL,0,NULL,NULL,NULL),(178,NULL,10,'Subject for Pledge Acknowledgment','2015-08-15 05:03:12',NULL,NULL,NULL,NULL,NULL,2,NULL,NULL,0,NULL,0,NULL,1,NULL,NULL,0,NULL,NULL,NULL),(179,NULL,9,'Subject for Tell a Friend','2015-08-20 10:36:17',NULL,NULL,NULL,NULL,NULL,2,NULL,NULL,0,NULL,0,NULL,1,NULL,NULL,0,NULL,NULL,NULL),(180,NULL,9,'Subject for Tell a Friend','2015-09-27 02:54:07',NULL,NULL,NULL,NULL,NULL,2,NULL,NULL,0,NULL,0,NULL,1,NULL,NULL,0,NULL,NULL,NULL),(181,NULL,10,'Subject for Pledge Acknowledgment','2015-04-16 08:54:08',NULL,NULL,NULL,NULL,NULL,2,NULL,NULL,0,NULL,0,NULL,1,NULL,NULL,0,NULL,NULL,NULL),(182,NULL,9,'Subject for Tell a Friend','2015-08-16 10:51:58',NULL,NULL,NULL,NULL,NULL,2,NULL,NULL,0,NULL,0,NULL,1,NULL,NULL,0,NULL,NULL,NULL),(183,NULL,9,'Subject for Tell a Friend','2015-10-09 11:48:53',NULL,NULL,NULL,NULL,NULL,2,NULL,NULL,0,NULL,0,NULL,1,NULL,NULL,0,NULL,NULL,NULL),(184,NULL,9,'Subject for Tell a Friend','2015-05-11 11:03:39',NULL,NULL,NULL,NULL,NULL,2,NULL,NULL,0,NULL,0,NULL,1,NULL,NULL,0,NULL,NULL,NULL),(185,NULL,10,'Subject for Pledge Acknowledgment','2015-02-19 05:11:15',NULL,NULL,NULL,NULL,NULL,2,NULL,NULL,0,NULL,0,NULL,1,NULL,NULL,0,NULL,NULL,NULL),(186,NULL,9,'Subject for Tell a Friend','2015-10-20 02:51:42',NULL,NULL,NULL,NULL,NULL,2,NULL,NULL,0,NULL,0,NULL,1,NULL,NULL,0,NULL,NULL,NULL),(187,NULL,9,'Subject for Tell a Friend','2015-04-05 06:32:22',NULL,NULL,NULL,NULL,NULL,2,NULL,NULL,0,NULL,0,NULL,1,NULL,NULL,0,NULL,NULL,NULL),(188,NULL,9,'Subject for Tell a Friend','2015-08-28 02:41:28',NULL,NULL,NULL,NULL,NULL,2,NULL,NULL,0,NULL,0,NULL,1,NULL,NULL,0,NULL,NULL,NULL),(189,NULL,10,'Subject for Pledge Acknowledgment','2015-01-15 06:40:13',NULL,NULL,NULL,NULL,NULL,2,NULL,NULL,0,NULL,0,NULL,1,NULL,NULL,0,NULL,NULL,NULL),(190,NULL,9,'Subject for Tell a Friend','2015-09-01 06:17:55',NULL,NULL,NULL,NULL,NULL,2,NULL,NULL,0,NULL,0,NULL,1,NULL,NULL,0,NULL,NULL,NULL),(191,NULL,9,'Subject for Tell a Friend','2015-10-17 02:38:30',NULL,NULL,NULL,NULL,NULL,2,NULL,NULL,0,NULL,0,NULL,1,NULL,NULL,0,NULL,NULL,NULL),(192,NULL,10,'Subject for Pledge Acknowledgment','2015-06-28 05:40:38',NULL,NULL,NULL,NULL,NULL,2,NULL,NULL,0,NULL,0,NULL,1,NULL,NULL,0,NULL,NULL,NULL),(193,NULL,9,'Subject for Tell a Friend','2015-03-16 10:14:53',NULL,NULL,NULL,NULL,NULL,2,NULL,NULL,0,NULL,0,NULL,1,NULL,NULL,0,NULL,NULL,NULL),(194,NULL,10,'Subject for Pledge Acknowledgment','2015-07-13 07:12:37',NULL,NULL,NULL,NULL,NULL,2,NULL,NULL,0,NULL,0,NULL,1,NULL,NULL,0,NULL,NULL,NULL),(195,NULL,10,'Subject for Pledge Acknowledgment','2015-07-31 04:08:41',NULL,NULL,NULL,NULL,NULL,2,NULL,NULL,0,NULL,0,NULL,1,NULL,NULL,0,NULL,NULL,NULL),(196,NULL,10,'Subject for Pledge Acknowledgment','2015-04-26 06:40:24',NULL,NULL,NULL,NULL,NULL,2,NULL,NULL,0,NULL,0,NULL,1,NULL,NULL,0,NULL,NULL,NULL),(197,NULL,10,'Subject for Pledge Acknowledgment','2015-01-22 11:31:00',NULL,NULL,NULL,NULL,NULL,2,NULL,NULL,0,NULL,0,NULL,1,NULL,NULL,0,NULL,NULL,NULL),(198,NULL,10,'Subject for Pledge Acknowledgment','2015-01-23 09:41:45',NULL,NULL,NULL,NULL,NULL,2,NULL,NULL,0,NULL,0,NULL,1,NULL,NULL,0,NULL,NULL,NULL),(199,NULL,9,'Subject for Tell a Friend','2015-06-03 06:39:11',NULL,NULL,NULL,NULL,NULL,2,NULL,NULL,0,NULL,0,NULL,1,NULL,NULL,0,NULL,NULL,NULL),(200,NULL,10,'Subject for Pledge Acknowledgment','2015-03-05 03:27:02',NULL,NULL,NULL,NULL,NULL,2,NULL,NULL,0,NULL,0,NULL,1,NULL,NULL,0,NULL,NULL,NULL),(201,NULL,9,'Subject for Tell a Friend','2015-04-08 12:50:41',NULL,NULL,NULL,NULL,NULL,2,NULL,NULL,0,NULL,0,NULL,1,NULL,NULL,0,NULL,NULL,NULL),(202,NULL,9,'Subject for Tell a Friend','2015-02-02 03:23:55',NULL,NULL,NULL,NULL,NULL,2,NULL,NULL,0,NULL,0,NULL,1,NULL,NULL,0,NULL,NULL,NULL),(203,NULL,9,'Subject for Tell a Friend','2015-03-16 12:23:47',NULL,NULL,NULL,NULL,NULL,2,NULL,NULL,0,NULL,0,NULL,1,NULL,NULL,0,NULL,NULL,NULL),(204,NULL,10,'Subject for Pledge Acknowledgment','2015-03-16 08:36:41',NULL,NULL,NULL,NULL,NULL,2,NULL,NULL,0,NULL,0,NULL,1,NULL,NULL,0,NULL,NULL,NULL),(205,NULL,10,'Subject for Pledge Acknowledgment','2015-04-09 01:55:58',NULL,NULL,NULL,NULL,NULL,2,NULL,NULL,0,NULL,0,NULL,1,NULL,NULL,0,NULL,NULL,NULL),(206,NULL,10,'Subject for Pledge Acknowledgment','2015-11-11 06:29:10',NULL,NULL,NULL,NULL,NULL,2,NULL,NULL,0,NULL,0,NULL,1,NULL,NULL,0,NULL,NULL,NULL),(207,NULL,10,'Subject for Pledge Acknowledgment','2014-12-19 08:11:54',NULL,NULL,NULL,NULL,NULL,2,NULL,NULL,0,NULL,0,NULL,1,NULL,NULL,0,NULL,NULL,NULL),(208,NULL,10,'Subject for Pledge Acknowledgment','2015-03-31 08:39:40',NULL,NULL,NULL,NULL,NULL,2,NULL,NULL,0,NULL,0,NULL,1,NULL,NULL,0,NULL,NULL,NULL),(209,NULL,9,'Subject for Tell a Friend','2015-02-11 04:46:11',NULL,NULL,NULL,NULL,NULL,2,NULL,NULL,0,NULL,0,NULL,1,NULL,NULL,0,NULL,NULL,NULL),(210,NULL,9,'Subject for Tell a Friend','2015-06-15 10:46:28',NULL,NULL,NULL,NULL,NULL,2,NULL,NULL,0,NULL,0,NULL,1,NULL,NULL,0,NULL,NULL,NULL),(211,NULL,9,'Subject for Tell a Friend','2015-08-07 04:40:26',NULL,NULL,NULL,NULL,NULL,2,NULL,NULL,0,NULL,0,NULL,1,NULL,NULL,0,NULL,NULL,NULL),(212,NULL,10,'Subject for Pledge Acknowledgment','2015-02-05 01:32:26',NULL,NULL,NULL,NULL,NULL,2,NULL,NULL,0,NULL,0,NULL,1,NULL,NULL,0,NULL,NULL,NULL),(213,NULL,10,'Subject for Pledge Acknowledgment','2015-06-23 09:59:30',NULL,NULL,NULL,NULL,NULL,2,NULL,NULL,0,NULL,0,NULL,1,NULL,NULL,0,NULL,NULL,NULL),(214,NULL,9,'Subject for Tell a Friend','2015-08-22 02:44:53',NULL,NULL,NULL,NULL,NULL,2,NULL,NULL,0,NULL,0,NULL,1,NULL,NULL,0,NULL,NULL,NULL),(215,NULL,10,'Subject for Pledge Acknowledgment','2015-04-17 10:12:38',NULL,NULL,NULL,NULL,NULL,2,NULL,NULL,0,NULL,0,NULL,1,NULL,NULL,0,NULL,NULL,NULL),(216,NULL,10,'Subject for Pledge Acknowledgment','2015-08-29 06:20:01',NULL,NULL,NULL,NULL,NULL,2,NULL,NULL,0,NULL,0,NULL,1,NULL,NULL,0,NULL,NULL,NULL),(217,NULL,10,'Subject for Pledge Acknowledgment','2015-10-29 09:52:26',NULL,NULL,NULL,NULL,NULL,2,NULL,NULL,0,NULL,0,NULL,1,NULL,NULL,0,NULL,NULL,NULL),(218,NULL,9,'Subject for Tell a Friend','2015-01-17 02:50:48',NULL,NULL,NULL,NULL,NULL,2,NULL,NULL,0,NULL,0,NULL,1,NULL,NULL,0,NULL,NULL,NULL),(219,NULL,10,'Subject for Pledge Acknowledgment','2015-02-26 08:09:30',NULL,NULL,NULL,NULL,NULL,2,NULL,NULL,0,NULL,0,NULL,1,NULL,NULL,0,NULL,NULL,NULL),(220,NULL,9,'Subject for Tell a Friend','2015-03-25 06:49:35',NULL,NULL,NULL,NULL,NULL,2,NULL,NULL,0,NULL,0,NULL,1,NULL,NULL,0,NULL,NULL,NULL),(221,NULL,9,'Subject for Tell a Friend','2015-11-20 08:43:07',NULL,NULL,NULL,NULL,NULL,2,NULL,NULL,0,NULL,0,NULL,1,NULL,NULL,0,NULL,NULL,NULL),(222,NULL,9,'Subject for Tell a Friend','2015-07-31 09:24:34',NULL,NULL,NULL,NULL,NULL,2,NULL,NULL,0,NULL,0,NULL,1,NULL,NULL,0,NULL,NULL,NULL),(223,NULL,9,'Subject for Tell a Friend','2015-09-17 12:20:40',NULL,NULL,NULL,NULL,NULL,2,NULL,NULL,0,NULL,0,NULL,1,NULL,NULL,0,NULL,NULL,NULL),(224,NULL,10,'Subject for Pledge Acknowledgment','2015-06-04 12:08:21',NULL,NULL,NULL,NULL,NULL,2,NULL,NULL,0,NULL,0,NULL,1,NULL,NULL,0,NULL,NULL,NULL),(225,NULL,9,'Subject for Tell a Friend','2015-09-22 03:22:36',NULL,NULL,NULL,NULL,NULL,2,NULL,NULL,0,NULL,0,NULL,1,NULL,NULL,0,NULL,NULL,NULL),(226,NULL,9,'Subject for Tell a Friend','2015-06-09 12:02:00',NULL,NULL,NULL,NULL,NULL,2,NULL,NULL,0,NULL,0,NULL,1,NULL,NULL,0,NULL,NULL,NULL),(227,NULL,9,'Subject for Tell a Friend','2015-11-24 01:20:55',NULL,NULL,NULL,NULL,NULL,2,NULL,NULL,0,NULL,0,NULL,1,NULL,NULL,0,NULL,NULL,NULL),(228,NULL,9,'Subject for Tell a Friend','2015-09-09 04:21:18',NULL,NULL,NULL,NULL,NULL,2,NULL,NULL,0,NULL,0,NULL,1,NULL,NULL,0,NULL,NULL,NULL),(229,NULL,10,'Subject for Pledge Acknowledgment','2015-02-02 07:11:23',NULL,NULL,NULL,NULL,NULL,2,NULL,NULL,0,NULL,0,NULL,1,NULL,NULL,0,NULL,NULL,NULL),(230,NULL,9,'Subject for Tell a Friend','2015-11-21 11:20:09',NULL,NULL,NULL,NULL,NULL,2,NULL,NULL,0,NULL,0,NULL,1,NULL,NULL,0,NULL,NULL,NULL),(231,NULL,10,'Subject for Pledge Acknowledgment','2015-03-27 05:01:57',NULL,NULL,NULL,NULL,NULL,2,NULL,NULL,0,NULL,0,NULL,1,NULL,NULL,0,NULL,NULL,NULL),(232,NULL,10,'Subject for Pledge Acknowledgment','2015-08-12 01:05:27',NULL,NULL,NULL,NULL,NULL,2,NULL,NULL,0,NULL,0,NULL,1,NULL,NULL,0,NULL,NULL,NULL),(233,NULL,9,'Subject for Tell a Friend','2014-12-25 03:46:58',NULL,NULL,NULL,NULL,NULL,2,NULL,NULL,0,NULL,0,NULL,1,NULL,NULL,0,NULL,NULL,NULL),(234,NULL,10,'Subject for Pledge Acknowledgment','2015-10-31 02:35:22',NULL,NULL,NULL,NULL,NULL,2,NULL,NULL,0,NULL,0,NULL,1,NULL,NULL,0,NULL,NULL,NULL),(235,NULL,10,'Subject for Pledge Acknowledgment','2015-11-02 12:46:29',NULL,NULL,NULL,NULL,NULL,2,NULL,NULL,0,NULL,0,NULL,1,NULL,NULL,0,NULL,NULL,NULL),(236,NULL,9,'Subject for Tell a Friend','2015-03-04 08:15:29',NULL,NULL,NULL,NULL,NULL,2,NULL,NULL,0,NULL,0,NULL,1,NULL,NULL,0,NULL,NULL,NULL),(237,NULL,9,'Subject for Tell a Friend','2015-08-13 03:21:26',NULL,NULL,NULL,NULL,NULL,2,NULL,NULL,0,NULL,0,NULL,1,NULL,NULL,0,NULL,NULL,NULL),(238,NULL,9,'Subject for Tell a Friend','2015-07-02 05:39:28',NULL,NULL,NULL,NULL,NULL,2,NULL,NULL,0,NULL,0,NULL,1,NULL,NULL,0,NULL,NULL,NULL),(239,NULL,10,'Subject for Pledge Acknowledgment','2015-05-30 09:53:06',NULL,NULL,NULL,NULL,NULL,2,NULL,NULL,0,NULL,0,NULL,1,NULL,NULL,0,NULL,NULL,NULL),(240,NULL,10,'Subject for Pledge Acknowledgment','2015-08-13 12:51:11',NULL,NULL,NULL,NULL,NULL,2,NULL,NULL,0,NULL,0,NULL,1,NULL,NULL,0,NULL,NULL,NULL),(241,NULL,9,'Subject for Tell a Friend','2015-08-19 11:47:49',NULL,NULL,NULL,NULL,NULL,2,NULL,NULL,0,NULL,0,NULL,1,NULL,NULL,0,NULL,NULL,NULL),(242,NULL,9,'Subject for Tell a Friend','2015-01-24 09:40:43',NULL,NULL,NULL,NULL,NULL,2,NULL,NULL,0,NULL,0,NULL,1,NULL,NULL,0,NULL,NULL,NULL),(243,NULL,9,'Subject for Tell a Friend','2015-10-31 08:49:56',NULL,NULL,NULL,NULL,NULL,2,NULL,NULL,0,NULL,0,NULL,1,NULL,NULL,0,NULL,NULL,NULL),(244,NULL,9,'Subject for Tell a Friend','2015-10-25 01:07:50',NULL,NULL,NULL,NULL,NULL,2,NULL,NULL,0,NULL,0,NULL,1,NULL,NULL,0,NULL,NULL,NULL),(245,NULL,10,'Subject for Pledge Acknowledgment','2015-03-06 02:38:26',NULL,NULL,NULL,NULL,NULL,2,NULL,NULL,0,NULL,0,NULL,1,NULL,NULL,0,NULL,NULL,NULL),(246,NULL,9,'Subject for Tell a Friend','2015-04-09 10:19:41',NULL,NULL,NULL,NULL,NULL,2,NULL,NULL,0,NULL,0,NULL,1,NULL,NULL,0,NULL,NULL,NULL),(247,NULL,9,'Subject for Tell a Friend','2015-08-26 12:14:20',NULL,NULL,NULL,NULL,NULL,2,NULL,NULL,0,NULL,0,NULL,1,NULL,NULL,0,NULL,NULL,NULL),(248,NULL,10,'Subject for Pledge Acknowledgment','2015-06-18 06:14:03',NULL,NULL,NULL,NULL,NULL,2,NULL,NULL,0,NULL,0,NULL,1,NULL,NULL,0,NULL,NULL,NULL),(249,NULL,9,'Subject for Tell a Friend','2015-11-22 01:41:21',NULL,NULL,NULL,NULL,NULL,2,NULL,NULL,0,NULL,0,NULL,1,NULL,NULL,0,NULL,NULL,NULL),(250,NULL,9,'Subject for Tell a Friend','2015-03-07 07:11:58',NULL,NULL,NULL,NULL,NULL,2,NULL,NULL,0,NULL,0,NULL,1,NULL,NULL,0,NULL,NULL,NULL),(251,NULL,9,'Subject for Tell a Friend','2015-11-06 04:03:20',NULL,NULL,NULL,NULL,NULL,2,NULL,NULL,0,NULL,0,NULL,1,NULL,NULL,0,NULL,NULL,NULL),(252,NULL,10,'Subject for Pledge Acknowledgment','2015-07-03 10:12:48',NULL,NULL,NULL,NULL,NULL,2,NULL,NULL,0,NULL,0,NULL,1,NULL,NULL,0,NULL,NULL,NULL),(253,NULL,10,'Subject for Pledge Acknowledgment','2015-06-24 03:38:28',NULL,NULL,NULL,NULL,NULL,2,NULL,NULL,0,NULL,0,NULL,1,NULL,NULL,0,NULL,NULL,NULL),(254,NULL,9,'Subject for Tell a Friend','2015-10-08 06:38:26',NULL,NULL,NULL,NULL,NULL,2,NULL,NULL,0,NULL,0,NULL,1,NULL,NULL,0,NULL,NULL,NULL),(255,NULL,10,'Subject for Pledge Acknowledgment','2015-04-07 09:38:52',NULL,NULL,NULL,NULL,NULL,2,NULL,NULL,0,NULL,0,NULL,1,NULL,NULL,0,NULL,NULL,NULL),(256,NULL,9,'Subject for Tell a Friend','2015-05-29 04:43:27',NULL,NULL,NULL,NULL,NULL,2,NULL,NULL,0,NULL,0,NULL,1,NULL,NULL,0,NULL,NULL,NULL),(257,NULL,9,'Subject for Tell a Friend','2015-02-03 12:02:17',NULL,NULL,NULL,NULL,NULL,2,NULL,NULL,0,NULL,0,NULL,1,NULL,NULL,0,NULL,NULL,NULL),(258,NULL,9,'Subject for Tell a Friend','2015-01-29 01:58:23',NULL,NULL,NULL,NULL,NULL,2,NULL,NULL,0,NULL,0,NULL,1,NULL,NULL,0,NULL,NULL,NULL),(259,NULL,9,'Subject for Tell a Friend','2015-02-24 07:41:04',NULL,NULL,NULL,NULL,NULL,2,NULL,NULL,0,NULL,0,NULL,1,NULL,NULL,0,NULL,NULL,NULL),(260,NULL,10,'Subject for Pledge Acknowledgment','2015-06-21 06:21:24',NULL,NULL,NULL,NULL,NULL,2,NULL,NULL,0,NULL,0,NULL,1,NULL,NULL,0,NULL,NULL,NULL),(261,NULL,9,'Subject for Tell a Friend','2015-08-13 08:02:22',NULL,NULL,NULL,NULL,NULL,2,NULL,NULL,0,NULL,0,NULL,1,NULL,NULL,0,NULL,NULL,NULL),(262,NULL,10,'Subject for Pledge Acknowledgment','2015-11-22 11:31:58',NULL,NULL,NULL,NULL,NULL,2,NULL,NULL,0,NULL,0,NULL,1,NULL,NULL,0,NULL,NULL,NULL),(263,NULL,9,'Subject for Tell a Friend','2015-10-21 09:20:03',NULL,NULL,NULL,NULL,NULL,2,NULL,NULL,0,NULL,0,NULL,1,NULL,NULL,0,NULL,NULL,NULL),(264,NULL,10,'Subject for Pledge Acknowledgment','2015-11-08 05:45:19',NULL,NULL,NULL,NULL,NULL,2,NULL,NULL,0,NULL,0,NULL,1,NULL,NULL,0,NULL,NULL,NULL),(265,NULL,9,'Subject for Tell a Friend','2015-05-08 11:49:47',NULL,NULL,NULL,NULL,NULL,2,NULL,NULL,0,NULL,0,NULL,1,NULL,NULL,0,NULL,NULL,NULL),(266,NULL,10,'Subject for Pledge Acknowledgment','2015-11-30 05:26:31',NULL,NULL,NULL,NULL,NULL,2,NULL,NULL,0,NULL,0,NULL,1,NULL,NULL,0,NULL,NULL,NULL),(267,NULL,10,'Subject for Pledge Acknowledgment','2015-08-22 05:35:58',NULL,NULL,NULL,NULL,NULL,2,NULL,NULL,0,NULL,0,NULL,1,NULL,NULL,0,NULL,NULL,NULL),(268,NULL,9,'Subject for Tell a Friend','2015-10-05 06:48:40',NULL,NULL,NULL,NULL,NULL,2,NULL,NULL,0,NULL,0,NULL,1,NULL,NULL,0,NULL,NULL,NULL),(269,NULL,9,'Subject for Tell a Friend','2014-12-13 02:00:10',NULL,NULL,NULL,NULL,NULL,2,NULL,NULL,0,NULL,0,NULL,1,NULL,NULL,0,NULL,NULL,NULL),(270,NULL,9,'Subject for Tell a Friend','2015-11-09 05:40:12',NULL,NULL,NULL,NULL,NULL,2,NULL,NULL,0,NULL,0,NULL,1,NULL,NULL,0,NULL,NULL,NULL),(271,NULL,10,'Subject for Pledge Acknowledgment','2014-12-23 05:25:10',NULL,NULL,NULL,NULL,NULL,2,NULL,NULL,0,NULL,0,NULL,1,NULL,NULL,0,NULL,NULL,NULL),(272,NULL,10,'Subject for Pledge Acknowledgment','2015-11-11 07:54:48',NULL,NULL,NULL,NULL,NULL,2,NULL,NULL,0,NULL,0,NULL,1,NULL,NULL,0,NULL,NULL,NULL),(273,NULL,9,'Subject for Tell a Friend','2015-11-20 12:46:39',NULL,NULL,NULL,NULL,NULL,2,NULL,NULL,0,NULL,0,NULL,1,NULL,NULL,0,NULL,NULL,NULL),(274,NULL,9,'Subject for Tell a Friend','2015-08-25 01:36:08',NULL,NULL,NULL,NULL,NULL,2,NULL,NULL,0,NULL,0,NULL,1,NULL,NULL,0,NULL,NULL,NULL),(275,NULL,10,'Subject for Pledge Acknowledgment','2015-11-29 09:00:04',NULL,NULL,NULL,NULL,NULL,2,NULL,NULL,0,NULL,0,NULL,1,NULL,NULL,0,NULL,NULL,NULL),(276,NULL,9,'Subject for Tell a Friend','2015-07-09 11:55:17',NULL,NULL,NULL,NULL,NULL,2,NULL,NULL,0,NULL,0,NULL,1,NULL,NULL,0,NULL,NULL,NULL),(277,NULL,10,'Subject for Pledge Acknowledgment','2015-01-26 11:15:03',NULL,NULL,NULL,NULL,NULL,2,NULL,NULL,0,NULL,0,NULL,1,NULL,NULL,0,NULL,NULL,NULL),(278,NULL,10,'Subject for Pledge Acknowledgment','2015-01-05 06:07:34',NULL,NULL,NULL,NULL,NULL,2,NULL,NULL,0,NULL,0,NULL,1,NULL,NULL,0,NULL,NULL,NULL),(279,NULL,9,'Subject for Tell a Friend','2015-11-17 04:10:55',NULL,NULL,NULL,NULL,NULL,2,NULL,NULL,0,NULL,0,NULL,1,NULL,NULL,0,NULL,NULL,NULL),(280,NULL,10,'Subject for Pledge Acknowledgment','2015-07-05 08:31:06',NULL,NULL,NULL,NULL,NULL,2,NULL,NULL,0,NULL,0,NULL,1,NULL,NULL,0,NULL,NULL,NULL),(281,NULL,10,'Subject for Pledge Acknowledgment','2015-09-20 06:20:04',NULL,NULL,NULL,NULL,NULL,2,NULL,NULL,0,NULL,0,NULL,1,NULL,NULL,0,NULL,NULL,NULL),(282,NULL,10,'Subject for Pledge Acknowledgment','2015-08-06 01:40:15',NULL,NULL,NULL,NULL,NULL,2,NULL,NULL,0,NULL,0,NULL,1,NULL,NULL,0,NULL,NULL,NULL),(283,NULL,9,'Subject for Tell a Friend','2014-12-18 03:46:53',NULL,NULL,NULL,NULL,NULL,2,NULL,NULL,0,NULL,0,NULL,1,NULL,NULL,0,NULL,NULL,NULL),(284,NULL,9,'Subject for Tell a Friend','2015-05-04 10:16:28',NULL,NULL,NULL,NULL,NULL,2,NULL,NULL,0,NULL,0,NULL,1,NULL,NULL,0,NULL,NULL,NULL),(285,NULL,10,'Subject for Pledge Acknowledgment','2015-08-09 10:05:53',NULL,NULL,NULL,NULL,NULL,2,NULL,NULL,0,NULL,0,NULL,1,NULL,NULL,0,NULL,NULL,NULL),(286,NULL,9,'Subject for Tell a Friend','2015-02-14 05:23:05',NULL,NULL,NULL,NULL,NULL,2,NULL,NULL,0,NULL,0,NULL,1,NULL,NULL,0,NULL,NULL,NULL),(287,NULL,10,'Subject for Pledge Acknowledgment','2015-11-13 02:20:11',NULL,NULL,NULL,NULL,NULL,2,NULL,NULL,0,NULL,0,NULL,1,NULL,NULL,0,NULL,NULL,NULL),(288,NULL,10,'Subject for Pledge Acknowledgment','2015-08-26 08:31:20',NULL,NULL,NULL,NULL,NULL,2,NULL,NULL,0,NULL,0,NULL,1,NULL,NULL,0,NULL,NULL,NULL),(289,NULL,10,'Subject for Pledge Acknowledgment','2015-08-26 10:22:09',NULL,NULL,NULL,NULL,NULL,2,NULL,NULL,0,NULL,0,NULL,1,NULL,NULL,0,NULL,NULL,NULL),(290,NULL,10,'Subject for Pledge Acknowledgment','2015-01-27 12:05:38',NULL,NULL,NULL,NULL,NULL,2,NULL,NULL,0,NULL,0,NULL,1,NULL,NULL,0,NULL,NULL,NULL),(291,NULL,9,'Subject for Tell a Friend','2015-10-27 09:13:45',NULL,NULL,NULL,NULL,NULL,2,NULL,NULL,0,NULL,0,NULL,1,NULL,NULL,0,NULL,NULL,NULL),(292,NULL,10,'Subject for Pledge Acknowledgment','2015-11-06 09:35:12',NULL,NULL,NULL,NULL,NULL,2,NULL,NULL,0,NULL,0,NULL,1,NULL,NULL,0,NULL,NULL,NULL),(293,NULL,10,'Subject for Pledge Acknowledgment','2015-04-27 07:06:15',NULL,NULL,NULL,NULL,NULL,2,NULL,NULL,0,NULL,0,NULL,1,NULL,NULL,0,NULL,NULL,NULL),(294,NULL,10,'Subject for Pledge Acknowledgment','2015-01-15 10:43:55',NULL,NULL,NULL,NULL,NULL,2,NULL,NULL,0,NULL,0,NULL,1,NULL,NULL,0,NULL,NULL,NULL),(295,NULL,9,'Subject for Tell a Friend','2015-02-24 09:34:11',NULL,NULL,NULL,NULL,NULL,2,NULL,NULL,0,NULL,0,NULL,1,NULL,NULL,0,NULL,NULL,NULL),(296,NULL,9,'Subject for Tell a Friend','2015-06-04 02:13:13',NULL,NULL,NULL,NULL,NULL,2,NULL,NULL,0,NULL,0,NULL,1,NULL,NULL,0,NULL,NULL,NULL),(297,NULL,10,'Subject for Pledge Acknowledgment','2015-10-08 09:16:04',NULL,NULL,NULL,NULL,NULL,2,NULL,NULL,0,NULL,0,NULL,1,NULL,NULL,0,NULL,NULL,NULL),(298,NULL,10,'Subject for Pledge Acknowledgment','2015-08-11 05:04:28',NULL,NULL,NULL,NULL,NULL,2,NULL,NULL,0,NULL,0,NULL,1,NULL,NULL,0,NULL,NULL,NULL),(299,NULL,9,'Subject for Tell a Friend','2015-03-01 03:39:47',NULL,NULL,NULL,NULL,NULL,2,NULL,NULL,0,NULL,0,NULL,1,NULL,NULL,0,NULL,NULL,NULL),(300,NULL,10,'Subject for Pledge Acknowledgment','2015-02-11 01:34:45',NULL,NULL,NULL,NULL,NULL,2,NULL,NULL,0,NULL,0,NULL,1,NULL,NULL,0,NULL,NULL,NULL),(301,NULL,10,'Subject for Pledge Acknowledgment','2015-09-06 02:27:17',NULL,NULL,NULL,NULL,NULL,2,NULL,NULL,0,NULL,0,NULL,1,NULL,NULL,0,NULL,NULL,NULL),(302,NULL,10,'Subject for Pledge Acknowledgment','2015-07-27 12:29:32',NULL,NULL,NULL,NULL,NULL,2,NULL,NULL,0,NULL,0,NULL,1,NULL,NULL,0,NULL,NULL,NULL),(303,NULL,9,'Subject for Tell a Friend','2015-09-13 03:59:07',NULL,NULL,NULL,NULL,NULL,2,NULL,NULL,0,NULL,0,NULL,1,NULL,NULL,0,NULL,NULL,NULL),(304,NULL,9,'Subject for Tell a Friend','2015-02-27 02:39:18',NULL,NULL,NULL,NULL,NULL,2,NULL,NULL,0,NULL,0,NULL,1,NULL,NULL,0,NULL,NULL,NULL),(305,NULL,9,'Subject for Tell a Friend','2015-01-29 11:37:21',NULL,NULL,NULL,NULL,NULL,2,NULL,NULL,0,NULL,0,NULL,1,NULL,NULL,0,NULL,NULL,NULL),(306,NULL,9,'Subject for Tell a Friend','2015-07-12 11:04:44',NULL,NULL,NULL,NULL,NULL,2,NULL,NULL,0,NULL,0,NULL,1,NULL,NULL,0,NULL,NULL,NULL),(307,NULL,10,'Subject for Pledge Acknowledgment','2015-10-02 10:52:12',NULL,NULL,NULL,NULL,NULL,2,NULL,NULL,0,NULL,0,NULL,1,NULL,NULL,0,NULL,NULL,NULL),(308,NULL,9,'Subject for Tell a Friend','2015-06-21 10:20:47',NULL,NULL,NULL,NULL,NULL,2,NULL,NULL,0,NULL,0,NULL,1,NULL,NULL,0,NULL,NULL,NULL),(309,NULL,10,'Subject for Pledge Acknowledgment','2015-08-03 04:15:36',NULL,NULL,NULL,NULL,NULL,2,NULL,NULL,0,NULL,0,NULL,1,NULL,NULL,0,NULL,NULL,NULL),(310,NULL,10,'Subject for Pledge Acknowledgment','2015-07-27 11:55:08',NULL,NULL,NULL,NULL,NULL,2,NULL,NULL,0,NULL,0,NULL,1,NULL,NULL,0,NULL,NULL,NULL),(311,NULL,9,'Subject for Tell a Friend','2015-02-16 08:04:52',NULL,NULL,NULL,NULL,NULL,2,NULL,NULL,0,NULL,0,NULL,1,NULL,NULL,0,NULL,NULL,NULL),(312,NULL,10,'Subject for Pledge Acknowledgment','2015-01-17 03:49:34',NULL,NULL,NULL,NULL,NULL,2,NULL,NULL,0,NULL,0,NULL,1,NULL,NULL,0,NULL,NULL,NULL),(313,NULL,10,'Subject for Pledge Acknowledgment','2015-04-25 07:36:33',NULL,NULL,NULL,NULL,NULL,2,NULL,NULL,0,NULL,0,NULL,1,NULL,NULL,0,NULL,NULL,NULL),(314,NULL,10,'Subject for Pledge Acknowledgment','2015-07-30 09:17:17',NULL,NULL,NULL,NULL,NULL,2,NULL,NULL,0,NULL,0,NULL,1,NULL,NULL,0,NULL,NULL,NULL),(315,NULL,9,'Subject for Tell a Friend','2015-02-04 12:35:35',NULL,NULL,NULL,NULL,NULL,2,NULL,NULL,0,NULL,0,NULL,1,NULL,NULL,0,NULL,NULL,NULL),(316,NULL,9,'Subject for Tell a Friend','2015-11-23 01:51:10',NULL,NULL,NULL,NULL,NULL,2,NULL,NULL,0,NULL,0,NULL,1,NULL,NULL,0,NULL,NULL,NULL),(317,NULL,10,'Subject for Pledge Acknowledgment','2015-10-01 09:24:22',NULL,NULL,NULL,NULL,NULL,2,NULL,NULL,0,NULL,0,NULL,1,NULL,NULL,0,NULL,NULL,NULL),(318,NULL,10,'Subject for Pledge Acknowledgment','2015-03-11 05:11:16',NULL,NULL,NULL,NULL,NULL,2,NULL,NULL,0,NULL,0,NULL,1,NULL,NULL,0,NULL,NULL,NULL),(319,NULL,9,'Subject for Tell a Friend','2015-03-20 08:15:54',NULL,NULL,NULL,NULL,NULL,2,NULL,NULL,0,NULL,0,NULL,1,NULL,NULL,0,NULL,NULL,NULL),(320,NULL,9,'Subject for Tell a Friend','2015-03-09 06:39:21',NULL,NULL,NULL,NULL,NULL,2,NULL,NULL,0,NULL,0,NULL,1,NULL,NULL,0,NULL,NULL,NULL),(321,NULL,10,'Subject for Pledge Acknowledgment','2015-08-14 06:18:50',NULL,NULL,NULL,NULL,NULL,2,NULL,NULL,0,NULL,0,NULL,1,NULL,NULL,0,NULL,NULL,NULL),(322,NULL,9,'Subject for Tell a Friend','2015-08-26 08:45:25',NULL,NULL,NULL,NULL,NULL,2,NULL,NULL,0,NULL,0,NULL,1,NULL,NULL,0,NULL,NULL,NULL),(323,NULL,9,'Subject for Tell a Friend','2015-05-26 03:43:39',NULL,NULL,NULL,NULL,NULL,2,NULL,NULL,0,NULL,0,NULL,1,NULL,NULL,0,NULL,NULL,NULL),(324,NULL,9,'Subject for Tell a Friend','2015-03-15 01:23:30',NULL,NULL,NULL,NULL,NULL,2,NULL,NULL,0,NULL,0,NULL,1,NULL,NULL,0,NULL,NULL,NULL),(325,NULL,9,'Subject for Tell a Friend','2015-10-29 05:34:43',NULL,NULL,NULL,NULL,NULL,2,NULL,NULL,0,NULL,0,NULL,1,NULL,NULL,0,NULL,NULL,NULL),(326,NULL,10,'Subject for Pledge Acknowledgment','2015-03-06 02:21:40',NULL,NULL,NULL,NULL,NULL,2,NULL,NULL,0,NULL,0,NULL,1,NULL,NULL,0,NULL,NULL,NULL),(327,NULL,9,'Subject for Tell a Friend','2015-03-11 10:49:04',NULL,NULL,NULL,NULL,NULL,2,NULL,NULL,0,NULL,0,NULL,1,NULL,NULL,0,NULL,NULL,NULL),(328,NULL,10,'Subject for Pledge Acknowledgment','2015-02-22 03:32:13',NULL,NULL,NULL,NULL,NULL,2,NULL,NULL,0,NULL,0,NULL,1,NULL,NULL,0,NULL,NULL,NULL),(329,NULL,9,'Subject for Tell a Friend','2014-12-29 08:10:36',NULL,NULL,NULL,NULL,NULL,2,NULL,NULL,0,NULL,0,NULL,1,NULL,NULL,0,NULL,NULL,NULL),(330,NULL,9,'Subject for Tell a Friend','2015-09-13 08:09:08',NULL,NULL,NULL,NULL,NULL,2,NULL,NULL,0,NULL,0,NULL,1,NULL,NULL,0,NULL,NULL,NULL),(331,NULL,10,'Subject for Pledge Acknowledgment','2015-03-04 05:02:16',NULL,NULL,NULL,NULL,NULL,2,NULL,NULL,0,NULL,0,NULL,1,NULL,NULL,0,NULL,NULL,NULL),(332,NULL,10,'Subject for Pledge Acknowledgment','2014-12-07 02:30:22',NULL,NULL,NULL,NULL,NULL,2,NULL,NULL,0,NULL,0,NULL,1,NULL,NULL,0,NULL,NULL,NULL),(333,NULL,9,'Subject for Tell a Friend','2015-08-02 02:54:02',NULL,NULL,NULL,NULL,NULL,2,NULL,NULL,0,NULL,0,NULL,1,NULL,NULL,0,NULL,NULL,NULL),(334,NULL,10,'Subject for Pledge Acknowledgment','2015-05-30 06:28:16',NULL,NULL,NULL,NULL,NULL,2,NULL,NULL,0,NULL,0,NULL,1,NULL,NULL,0,NULL,NULL,NULL),(335,NULL,10,'Subject for Pledge Acknowledgment','2015-06-11 06:36:09',NULL,NULL,NULL,NULL,NULL,2,NULL,NULL,0,NULL,0,NULL,1,NULL,NULL,0,NULL,NULL,NULL),(336,NULL,10,'Subject for Pledge Acknowledgment','2014-12-19 11:11:14',NULL,NULL,NULL,NULL,NULL,2,NULL,NULL,0,NULL,0,NULL,1,NULL,NULL,0,NULL,NULL,NULL),(337,NULL,10,'Subject for Pledge Acknowledgment','2015-08-08 10:32:16',NULL,NULL,NULL,NULL,NULL,2,NULL,NULL,0,NULL,0,NULL,1,NULL,NULL,0,NULL,NULL,NULL),(338,NULL,9,'Subject for Tell a Friend','2014-12-08 02:55:17',NULL,NULL,NULL,NULL,NULL,2,NULL,NULL,0,NULL,0,NULL,1,NULL,NULL,0,NULL,NULL,NULL),(339,NULL,10,'Subject for Pledge Acknowledgment','2015-01-04 01:19:49',NULL,NULL,NULL,NULL,NULL,2,NULL,NULL,0,NULL,0,NULL,1,NULL,NULL,0,NULL,NULL,NULL),(340,NULL,9,'Subject for Tell a Friend','2015-04-10 02:05:00',NULL,NULL,NULL,NULL,NULL,2,NULL,NULL,0,NULL,0,NULL,1,NULL,NULL,0,NULL,NULL,NULL),(341,NULL,9,'Subject for Tell a Friend','2015-03-18 12:19:44',NULL,NULL,NULL,NULL,NULL,2,NULL,NULL,0,NULL,0,NULL,1,NULL,NULL,0,NULL,NULL,NULL),(342,NULL,10,'Subject for Pledge Acknowledgment','2015-09-03 05:46:27',NULL,NULL,NULL,NULL,NULL,2,NULL,NULL,0,NULL,0,NULL,1,NULL,NULL,0,NULL,NULL,NULL),(343,NULL,9,'Subject for Tell a Friend','2015-05-30 02:16:14',NULL,NULL,NULL,NULL,NULL,2,NULL,NULL,0,NULL,0,NULL,1,NULL,NULL,0,NULL,NULL,NULL),(344,NULL,9,'Subject for Tell a Friend','2015-05-17 11:31:01',NULL,NULL,NULL,NULL,NULL,2,NULL,NULL,0,NULL,0,NULL,1,NULL,NULL,0,NULL,NULL,NULL),(345,NULL,10,'Subject for Pledge Acknowledgment','2015-07-09 03:09:01',NULL,NULL,NULL,NULL,NULL,2,NULL,NULL,0,NULL,0,NULL,1,NULL,NULL,0,NULL,NULL,NULL),(346,NULL,10,'Subject for Pledge Acknowledgment','2015-04-02 02:40:18',NULL,NULL,NULL,NULL,NULL,2,NULL,NULL,0,NULL,0,NULL,1,NULL,NULL,0,NULL,NULL,NULL),(347,NULL,9,'Subject for Tell a Friend','2015-11-16 01:49:26',NULL,NULL,NULL,NULL,NULL,2,NULL,NULL,0,NULL,0,NULL,1,NULL,NULL,0,NULL,NULL,NULL),(348,NULL,9,'Subject for Tell a Friend','2015-07-27 11:05:05',NULL,NULL,NULL,NULL,NULL,2,NULL,NULL,0,NULL,0,NULL,1,NULL,NULL,0,NULL,NULL,NULL),(349,NULL,10,'Subject for Pledge Acknowledgment','2014-12-29 04:20:21',NULL,NULL,NULL,NULL,NULL,2,NULL,NULL,0,NULL,0,NULL,1,NULL,NULL,0,NULL,NULL,NULL),(350,NULL,10,'Subject for Pledge Acknowledgment','2015-07-30 03:03:42',NULL,NULL,NULL,NULL,NULL,2,NULL,NULL,0,NULL,0,NULL,1,NULL,NULL,0,NULL,NULL,NULL),(351,NULL,10,'Subject for Pledge Acknowledgment','2015-05-09 02:57:34',NULL,NULL,NULL,NULL,NULL,2,NULL,NULL,0,NULL,0,NULL,1,NULL,NULL,0,NULL,NULL,NULL),(352,NULL,10,'Subject for Pledge Acknowledgment','2015-02-24 04:04:20',NULL,NULL,NULL,NULL,NULL,2,NULL,NULL,0,NULL,0,NULL,1,NULL,NULL,0,NULL,NULL,NULL),(353,NULL,9,'Subject for Tell a Friend','2015-01-22 01:52:26',NULL,NULL,NULL,NULL,NULL,2,NULL,NULL,0,NULL,0,NULL,1,NULL,NULL,0,NULL,NULL,NULL),(354,NULL,9,'Subject for Tell a Friend','2015-04-29 06:15:56',NULL,NULL,NULL,NULL,NULL,2,NULL,NULL,0,NULL,0,NULL,1,NULL,NULL,0,NULL,NULL,NULL),(355,NULL,10,'Subject for Pledge Acknowledgment','2014-12-23 03:33:26',NULL,NULL,NULL,NULL,NULL,2,NULL,NULL,0,NULL,0,NULL,1,NULL,NULL,0,NULL,NULL,NULL),(356,NULL,9,'Subject for Tell a Friend','2015-07-11 07:23:20',NULL,NULL,NULL,NULL,NULL,2,NULL,NULL,0,NULL,0,NULL,1,NULL,NULL,0,NULL,NULL,NULL),(357,NULL,10,'Subject for Pledge Acknowledgment','2015-04-05 01:24:17',NULL,NULL,NULL,NULL,NULL,2,NULL,NULL,0,NULL,0,NULL,1,NULL,NULL,0,NULL,NULL,NULL),(358,NULL,10,'Subject for Pledge Acknowledgment','2015-03-08 12:42:14',NULL,NULL,NULL,NULL,NULL,2,NULL,NULL,0,NULL,0,NULL,1,NULL,NULL,0,NULL,NULL,NULL),(359,NULL,10,'Subject for Pledge Acknowledgment','2015-11-06 05:02:10',NULL,NULL,NULL,NULL,NULL,2,NULL,NULL,0,NULL,0,NULL,1,NULL,NULL,0,NULL,NULL,NULL),(360,NULL,10,'Subject for Pledge Acknowledgment','2015-09-03 12:40:42',NULL,NULL,NULL,NULL,NULL,2,NULL,NULL,0,NULL,0,NULL,1,NULL,NULL,0,NULL,NULL,NULL),(361,NULL,10,'Subject for Pledge Acknowledgment','2015-07-09 07:27:57',NULL,NULL,NULL,NULL,NULL,2,NULL,NULL,0,NULL,0,NULL,1,NULL,NULL,0,NULL,NULL,NULL),(362,NULL,10,'Subject for Pledge Acknowledgment','2015-03-20 06:00:59',NULL,NULL,NULL,NULL,NULL,2,NULL,NULL,0,NULL,0,NULL,1,NULL,NULL,0,NULL,NULL,NULL),(363,NULL,10,'Subject for Pledge Acknowledgment','2015-04-02 08:01:00',NULL,NULL,NULL,NULL,NULL,2,NULL,NULL,0,NULL,0,NULL,1,NULL,NULL,0,NULL,NULL,NULL),(364,NULL,10,'Subject for Pledge Acknowledgment','2015-05-02 01:02:04',NULL,NULL,NULL,NULL,NULL,2,NULL,NULL,0,NULL,0,NULL,1,NULL,NULL,0,NULL,NULL,NULL),(365,NULL,10,'Subject for Pledge Acknowledgment','2015-07-10 11:00:18',NULL,NULL,NULL,NULL,NULL,2,NULL,NULL,0,NULL,0,NULL,1,NULL,NULL,0,NULL,NULL,NULL),(366,NULL,10,'Subject for Pledge Acknowledgment','2015-05-15 09:50:20',NULL,NULL,NULL,NULL,NULL,2,NULL,NULL,0,NULL,0,NULL,1,NULL,NULL,0,NULL,NULL,NULL),(367,NULL,10,'Subject for Pledge Acknowledgment','2014-12-15 12:40:55',NULL,NULL,NULL,NULL,NULL,2,NULL,NULL,0,NULL,0,NULL,1,NULL,NULL,0,NULL,NULL,NULL),(368,NULL,9,'Subject for Tell a Friend','2015-10-20 03:04:39',NULL,NULL,NULL,NULL,NULL,2,NULL,NULL,0,NULL,0,NULL,1,NULL,NULL,0,NULL,NULL,NULL),(369,NULL,9,'Subject for Tell a Friend','2015-10-01 10:46:11',NULL,NULL,NULL,NULL,NULL,2,NULL,NULL,0,NULL,0,NULL,1,NULL,NULL,0,NULL,NULL,NULL),(370,NULL,10,'Subject for Pledge Acknowledgment','2015-03-22 09:15:56',NULL,NULL,NULL,NULL,NULL,2,NULL,NULL,0,NULL,0,NULL,1,NULL,NULL,0,NULL,NULL,NULL),(371,NULL,10,'Subject for Pledge Acknowledgment','2015-10-18 05:15:50',NULL,NULL,NULL,NULL,NULL,2,NULL,NULL,0,NULL,0,NULL,1,NULL,NULL,0,NULL,NULL,NULL),(372,NULL,9,'Subject for Tell a Friend','2015-07-07 07:32:18',NULL,NULL,NULL,NULL,NULL,2,NULL,NULL,0,NULL,0,NULL,1,NULL,NULL,0,NULL,NULL,NULL),(373,NULL,10,'Subject for Pledge Acknowledgment','2015-05-13 04:21:44',NULL,NULL,NULL,NULL,NULL,2,NULL,NULL,0,NULL,0,NULL,1,NULL,NULL,0,NULL,NULL,NULL),(374,NULL,10,'Subject for Pledge Acknowledgment','2015-03-02 04:40:15',NULL,NULL,NULL,NULL,NULL,2,NULL,NULL,0,NULL,0,NULL,1,NULL,NULL,0,NULL,NULL,NULL),(375,NULL,10,'Subject for Pledge Acknowledgment','2015-09-06 03:30:03',NULL,NULL,NULL,NULL,NULL,2,NULL,NULL,0,NULL,0,NULL,1,NULL,NULL,0,NULL,NULL,NULL),(376,NULL,10,'Subject for Pledge Acknowledgment','2015-03-14 11:53:44',NULL,NULL,NULL,NULL,NULL,2,NULL,NULL,0,NULL,0,NULL,1,NULL,NULL,0,NULL,NULL,NULL),(377,NULL,10,'Subject for Pledge Acknowledgment','2015-05-12 12:38:32',NULL,NULL,NULL,NULL,NULL,2,NULL,NULL,0,NULL,0,NULL,1,NULL,NULL,0,NULL,NULL,NULL),(378,NULL,10,'Subject for Pledge Acknowledgment','2015-02-14 10:32:29',NULL,NULL,NULL,NULL,NULL,2,NULL,NULL,0,NULL,0,NULL,1,NULL,NULL,0,NULL,NULL,NULL),(379,NULL,10,'Subject for Pledge Acknowledgment','2015-08-31 03:55:41',NULL,NULL,NULL,NULL,NULL,2,NULL,NULL,0,NULL,0,NULL,1,NULL,NULL,0,NULL,NULL,NULL),(380,NULL,10,'Subject for Pledge Acknowledgment','2015-11-10 03:06:46',NULL,NULL,NULL,NULL,NULL,2,NULL,NULL,0,NULL,0,NULL,1,NULL,NULL,0,NULL,NULL,NULL),(381,NULL,10,'Subject for Pledge Acknowledgment','2015-04-30 12:49:11',NULL,NULL,NULL,NULL,NULL,2,NULL,NULL,0,NULL,0,NULL,1,NULL,NULL,0,NULL,NULL,NULL),(382,NULL,9,'Subject for Tell a Friend','2015-10-28 09:24:27',NULL,NULL,NULL,NULL,NULL,2,NULL,NULL,0,NULL,0,NULL,1,NULL,NULL,0,NULL,NULL,NULL),(383,NULL,10,'Subject for Pledge Acknowledgment','2014-12-20 10:42:03',NULL,NULL,NULL,NULL,NULL,2,NULL,NULL,0,NULL,0,NULL,1,NULL,NULL,0,NULL,NULL,NULL),(384,NULL,9,'Subject for Tell a Friend','2015-08-04 03:11:26',NULL,NULL,NULL,NULL,NULL,2,NULL,NULL,0,NULL,0,NULL,1,NULL,NULL,0,NULL,NULL,NULL),(385,NULL,10,'Subject for Pledge Acknowledgment','2014-12-04 04:27:58',NULL,NULL,NULL,NULL,NULL,2,NULL,NULL,0,NULL,0,NULL,1,NULL,NULL,0,NULL,NULL,NULL),(386,NULL,10,'Subject for Pledge Acknowledgment','2015-06-23 06:52:35',NULL,NULL,NULL,NULL,NULL,2,NULL,NULL,0,NULL,0,NULL,1,NULL,NULL,0,NULL,NULL,NULL),(387,NULL,9,'Subject for Tell a Friend','2014-12-25 09:09:35',NULL,NULL,NULL,NULL,NULL,2,NULL,NULL,0,NULL,0,NULL,1,NULL,NULL,0,NULL,NULL,NULL),(388,NULL,10,'Subject for Pledge Acknowledgment','2015-10-03 10:21:03',NULL,NULL,NULL,NULL,NULL,2,NULL,NULL,0,NULL,0,NULL,1,NULL,NULL,0,NULL,NULL,NULL),(389,NULL,9,'Subject for Tell a Friend','2015-05-03 09:52:04',NULL,NULL,NULL,NULL,NULL,2,NULL,NULL,0,NULL,0,NULL,1,NULL,NULL,0,NULL,NULL,NULL),(390,NULL,9,'Subject for Tell a Friend','2015-09-14 01:52:29',NULL,NULL,NULL,NULL,NULL,2,NULL,NULL,0,NULL,0,NULL,1,NULL,NULL,0,NULL,NULL,NULL),(391,NULL,10,'Subject for Pledge Acknowledgment','2015-02-25 09:10:15',NULL,NULL,NULL,NULL,NULL,2,NULL,NULL,0,NULL,0,NULL,1,NULL,NULL,0,NULL,NULL,NULL),(392,NULL,9,'Subject for Tell a Friend','2015-01-14 12:51:14',NULL,NULL,NULL,NULL,NULL,2,NULL,NULL,0,NULL,0,NULL,1,NULL,NULL,0,NULL,NULL,NULL),(393,NULL,10,'Subject for Pledge Acknowledgment','2015-08-06 09:27:24',NULL,NULL,NULL,NULL,NULL,2,NULL,NULL,0,NULL,0,NULL,1,NULL,NULL,0,NULL,NULL,NULL),(394,NULL,9,'Subject for Tell a Friend','2015-07-15 01:18:32',NULL,NULL,NULL,NULL,NULL,2,NULL,NULL,0,NULL,0,NULL,1,NULL,NULL,0,NULL,NULL,NULL),(395,NULL,10,'Subject for Pledge Acknowledgment','2015-11-18 07:20:51',NULL,NULL,NULL,NULL,NULL,2,NULL,NULL,0,NULL,0,NULL,1,NULL,NULL,0,NULL,NULL,NULL),(396,NULL,9,'Subject for Tell a Friend','2015-06-24 09:00:20',NULL,NULL,NULL,NULL,NULL,2,NULL,NULL,0,NULL,0,NULL,1,NULL,NULL,0,NULL,NULL,NULL),(397,NULL,10,'Subject for Pledge Acknowledgment','2015-10-28 02:13:40',NULL,NULL,NULL,NULL,NULL,2,NULL,NULL,0,NULL,0,NULL,1,NULL,NULL,0,NULL,NULL,NULL),(398,NULL,9,'Subject for Tell a Friend','2015-07-22 07:07:40',NULL,NULL,NULL,NULL,NULL,2,NULL,NULL,0,NULL,0,NULL,1,NULL,NULL,0,NULL,NULL,NULL),(399,NULL,10,'Subject for Pledge Acknowledgment','2015-07-01 04:16:54',NULL,NULL,NULL,NULL,NULL,2,NULL,NULL,0,NULL,0,NULL,1,NULL,NULL,0,NULL,NULL,NULL),(400,NULL,10,'Subject for Pledge Acknowledgment','2015-06-29 02:21:04',NULL,NULL,NULL,NULL,NULL,2,NULL,NULL,0,NULL,0,NULL,1,NULL,NULL,0,NULL,NULL,NULL),(401,NULL,9,'Subject for Tell a Friend','2015-10-21 06:44:26',NULL,NULL,NULL,NULL,NULL,2,NULL,NULL,0,NULL,0,NULL,1,NULL,NULL,0,NULL,NULL,NULL),(402,NULL,10,'Subject for Pledge Acknowledgment','2015-06-02 03:04:32',NULL,NULL,NULL,NULL,NULL,2,NULL,NULL,0,NULL,0,NULL,1,NULL,NULL,0,NULL,NULL,NULL),(403,NULL,9,'Subject for Tell a Friend','2015-10-18 12:35:51',NULL,NULL,NULL,NULL,NULL,2,NULL,NULL,0,NULL,0,NULL,1,NULL,NULL,0,NULL,NULL,NULL),(404,NULL,10,'Subject for Pledge Acknowledgment','2015-03-17 12:31:31',NULL,NULL,NULL,NULL,NULL,2,NULL,NULL,0,NULL,0,NULL,1,NULL,NULL,0,NULL,NULL,NULL),(405,NULL,10,'Subject for Pledge Acknowledgment','2015-07-30 09:56:58',NULL,NULL,NULL,NULL,NULL,2,NULL,NULL,0,NULL,0,NULL,1,NULL,NULL,0,NULL,NULL,NULL),(406,NULL,9,'Subject for Tell a Friend','2015-09-02 10:44:33',NULL,NULL,NULL,NULL,NULL,2,NULL,NULL,0,NULL,0,NULL,1,NULL,NULL,0,NULL,NULL,NULL),(407,NULL,9,'Subject for Tell a Friend','2015-12-02 01:11:33',NULL,NULL,NULL,NULL,NULL,2,NULL,NULL,0,NULL,0,NULL,1,NULL,NULL,0,NULL,NULL,NULL),(408,NULL,10,'Subject for Pledge Acknowledgment','2015-01-17 11:06:02',NULL,NULL,NULL,NULL,NULL,2,NULL,NULL,0,NULL,0,NULL,1,NULL,NULL,0,NULL,NULL,NULL),(409,NULL,10,'Subject for Pledge Acknowledgment','2015-02-02 09:04:23',NULL,NULL,NULL,NULL,NULL,2,NULL,NULL,0,NULL,0,NULL,1,NULL,NULL,0,NULL,NULL,NULL),(410,NULL,9,'Subject for Tell a Friend','2015-08-08 02:17:31',NULL,NULL,NULL,NULL,NULL,2,NULL,NULL,0,NULL,0,NULL,1,NULL,NULL,0,NULL,NULL,NULL),(411,NULL,10,'Subject for Pledge Acknowledgment','2015-01-13 06:36:56',NULL,NULL,NULL,NULL,NULL,2,NULL,NULL,0,NULL,0,NULL,1,NULL,NULL,0,NULL,NULL,NULL),(412,NULL,10,'Subject for Pledge Acknowledgment','2015-10-31 04:25:13',NULL,NULL,NULL,NULL,NULL,2,NULL,NULL,0,NULL,0,NULL,1,NULL,NULL,0,NULL,NULL,NULL),(413,NULL,9,'Subject for Tell a Friend','2015-10-17 02:02:00',NULL,NULL,NULL,NULL,NULL,2,NULL,NULL,0,NULL,0,NULL,1,NULL,NULL,0,NULL,NULL,NULL),(414,NULL,10,'Subject for Pledge Acknowledgment','2015-04-06 06:26:55',NULL,NULL,NULL,NULL,NULL,2,NULL,NULL,0,NULL,0,NULL,1,NULL,NULL,0,NULL,NULL,NULL),(415,NULL,10,'Subject for Pledge Acknowledgment','2015-11-14 03:14:13',NULL,NULL,NULL,NULL,NULL,2,NULL,NULL,0,NULL,0,NULL,1,NULL,NULL,0,NULL,NULL,NULL),(416,NULL,10,'Subject for Pledge Acknowledgment','2015-07-12 03:42:51',NULL,NULL,NULL,NULL,NULL,2,NULL,NULL,0,NULL,0,NULL,1,NULL,NULL,0,NULL,NULL,NULL),(417,NULL,9,'Subject for Tell a Friend','2015-08-03 02:26:45',NULL,NULL,NULL,NULL,NULL,2,NULL,NULL,0,NULL,0,NULL,1,NULL,NULL,0,NULL,NULL,NULL),(418,NULL,9,'Subject for Tell a Friend','2015-01-10 10:45:20',NULL,NULL,NULL,NULL,NULL,2,NULL,NULL,0,NULL,0,NULL,1,NULL,NULL,0,NULL,NULL,NULL),(419,NULL,9,'Subject for Tell a Friend','2014-12-27 02:48:49',NULL,NULL,NULL,NULL,NULL,2,NULL,NULL,0,NULL,0,NULL,1,NULL,NULL,0,NULL,NULL,NULL),(420,NULL,10,'Subject for Pledge Acknowledgment','2015-04-28 05:54:34',NULL,NULL,NULL,NULL,NULL,2,NULL,NULL,0,NULL,0,NULL,1,NULL,NULL,0,NULL,NULL,NULL),(421,NULL,9,'Subject for Tell a Friend','2015-08-02 11:41:02',NULL,NULL,NULL,NULL,NULL,2,NULL,NULL,0,NULL,0,NULL,1,NULL,NULL,0,NULL,NULL,NULL),(422,NULL,10,'Subject for Pledge Acknowledgment','2015-05-08 11:32:56',NULL,NULL,NULL,NULL,NULL,2,NULL,NULL,0,NULL,0,NULL,1,NULL,NULL,0,NULL,NULL,NULL),(423,NULL,9,'Subject for Tell a Friend','2015-08-13 11:12:20',NULL,NULL,NULL,NULL,NULL,2,NULL,NULL,0,NULL,0,NULL,1,NULL,NULL,0,NULL,NULL,NULL),(424,NULL,10,'Subject for Pledge Acknowledgment','2015-10-14 06:45:17',NULL,NULL,NULL,NULL,NULL,2,NULL,NULL,0,NULL,0,NULL,1,NULL,NULL,0,NULL,NULL,NULL),(425,NULL,9,'Subject for Tell a Friend','2015-10-13 03:29:35',NULL,NULL,NULL,NULL,NULL,2,NULL,NULL,0,NULL,0,NULL,1,NULL,NULL,0,NULL,NULL,NULL),(426,NULL,10,'Subject for Pledge Acknowledgment','2015-04-13 04:25:11',NULL,NULL,NULL,NULL,NULL,2,NULL,NULL,0,NULL,0,NULL,1,NULL,NULL,0,NULL,NULL,NULL),(427,NULL,9,'Subject for Tell a Friend','2014-12-12 04:39:08',NULL,NULL,NULL,NULL,NULL,2,NULL,NULL,0,NULL,0,NULL,1,NULL,NULL,0,NULL,NULL,NULL),(428,NULL,10,'Subject for Pledge Acknowledgment','2015-05-09 11:38:51',NULL,NULL,NULL,NULL,NULL,2,NULL,NULL,0,NULL,0,NULL,1,NULL,NULL,0,NULL,NULL,NULL),(429,NULL,9,'Subject for Tell a Friend','2015-11-30 10:18:02',NULL,NULL,NULL,NULL,NULL,2,NULL,NULL,0,NULL,0,NULL,1,NULL,NULL,0,NULL,NULL,NULL),(430,NULL,10,'Subject for Pledge Acknowledgment','2015-03-27 07:49:47',NULL,NULL,NULL,NULL,NULL,2,NULL,NULL,0,NULL,0,NULL,1,NULL,NULL,0,NULL,NULL,NULL),(431,NULL,10,'Subject for Pledge Acknowledgment','2015-07-03 10:44:53',NULL,NULL,NULL,NULL,NULL,2,NULL,NULL,0,NULL,0,NULL,1,NULL,NULL,0,NULL,NULL,NULL),(432,NULL,10,'Subject for Pledge Acknowledgment','2015-09-20 01:56:52',NULL,NULL,NULL,NULL,NULL,2,NULL,NULL,0,NULL,0,NULL,1,NULL,NULL,0,NULL,NULL,NULL),(433,NULL,10,'Subject for Pledge Acknowledgment','2015-01-31 09:35:54',NULL,NULL,NULL,NULL,NULL,2,NULL,NULL,0,NULL,0,NULL,1,NULL,NULL,0,NULL,NULL,NULL),(434,NULL,9,'Subject for Tell a Friend','2015-09-14 10:18:34',NULL,NULL,NULL,NULL,NULL,2,NULL,NULL,0,NULL,0,NULL,1,NULL,NULL,0,NULL,NULL,NULL),(435,NULL,9,'Subject for Tell a Friend','2015-03-17 04:28:15',NULL,NULL,NULL,NULL,NULL,2,NULL,NULL,0,NULL,0,NULL,1,NULL,NULL,0,NULL,NULL,NULL),(436,NULL,10,'Subject for Pledge Acknowledgment','2015-05-21 04:22:05',NULL,NULL,NULL,NULL,NULL,2,NULL,NULL,0,NULL,0,NULL,1,NULL,NULL,0,NULL,NULL,NULL),(437,NULL,10,'Subject for Pledge Acknowledgment','2015-07-24 12:02:50',NULL,NULL,NULL,NULL,NULL,2,NULL,NULL,0,NULL,0,NULL,1,NULL,NULL,0,NULL,NULL,NULL),(438,NULL,9,'Subject for Tell a Friend','2015-10-15 04:28:05',NULL,NULL,NULL,NULL,NULL,2,NULL,NULL,0,NULL,0,NULL,1,NULL,NULL,0,NULL,NULL,NULL),(439,NULL,10,'Subject for Pledge Acknowledgment','2015-07-11 02:52:42',NULL,NULL,NULL,NULL,NULL,2,NULL,NULL,0,NULL,0,NULL,1,NULL,NULL,0,NULL,NULL,NULL),(440,NULL,9,'Subject for Tell a Friend','2015-11-30 12:11:10',NULL,NULL,NULL,NULL,NULL,2,NULL,NULL,0,NULL,0,NULL,1,NULL,NULL,0,NULL,NULL,NULL),(441,NULL,9,'Subject for Tell a Friend','2014-12-13 02:10:37',NULL,NULL,NULL,NULL,NULL,2,NULL,NULL,0,NULL,0,NULL,1,NULL,NULL,0,NULL,NULL,NULL),(442,NULL,9,'Subject for Tell a Friend','2015-02-07 06:14:37',NULL,NULL,NULL,NULL,NULL,2,NULL,NULL,0,NULL,0,NULL,1,NULL,NULL,0,NULL,NULL,NULL),(443,NULL,10,'Subject for Pledge Acknowledgment','2015-02-02 01:16:36',NULL,NULL,NULL,NULL,NULL,2,NULL,NULL,0,NULL,0,NULL,1,NULL,NULL,0,NULL,NULL,NULL),(444,NULL,9,'Subject for Tell a Friend','2014-12-28 12:32:19',NULL,NULL,NULL,NULL,NULL,2,NULL,NULL,0,NULL,0,NULL,1,NULL,NULL,0,NULL,NULL,NULL),(445,NULL,9,'Subject for Tell a Friend','2015-08-18 11:55:56',NULL,NULL,NULL,NULL,NULL,2,NULL,NULL,0,NULL,0,NULL,1,NULL,NULL,0,NULL,NULL,NULL),(446,NULL,9,'Subject for Tell a Friend','2015-11-26 01:19:15',NULL,NULL,NULL,NULL,NULL,2,NULL,NULL,0,NULL,0,NULL,1,NULL,NULL,0,NULL,NULL,NULL),(447,NULL,9,'Subject for Tell a Friend','2014-12-04 03:09:43',NULL,NULL,NULL,NULL,NULL,2,NULL,NULL,0,NULL,0,NULL,1,NULL,NULL,0,NULL,NULL,NULL),(448,NULL,10,'Subject for Pledge Acknowledgment','2015-08-19 01:08:46',NULL,NULL,NULL,NULL,NULL,2,NULL,NULL,0,NULL,0,NULL,1,NULL,NULL,0,NULL,NULL,NULL),(449,NULL,10,'Subject for Pledge Acknowledgment','2014-12-20 07:09:24',NULL,NULL,NULL,NULL,NULL,2,NULL,NULL,0,NULL,0,NULL,1,NULL,NULL,0,NULL,NULL,NULL),(450,NULL,10,'Subject for Pledge Acknowledgment','2015-01-30 11:20:20',NULL,NULL,NULL,NULL,NULL,2,NULL,NULL,0,NULL,0,NULL,1,NULL,NULL,0,NULL,NULL,NULL),(451,1,6,'$ 125.00-Apr 2007 Mailer 1','2010-04-11 00:00:00',NULL,NULL,NULL,NULL,NULL,2,NULL,NULL,0,NULL,0,NULL,1,NULL,NULL,0,NULL,NULL,NULL),(452,2,6,'$ 50.00-Online: Save the Penguins','2010-03-21 00:00:00',NULL,NULL,NULL,NULL,NULL,2,NULL,NULL,0,NULL,0,NULL,1,NULL,NULL,0,NULL,NULL,NULL),(453,3,6,'$ 25.00-Apr 2007 Mailer 1','2010-04-29 00:00:00',NULL,NULL,NULL,NULL,NULL,2,NULL,NULL,0,NULL,0,NULL,1,NULL,NULL,0,NULL,NULL,NULL),(454,4,6,'$ 50.00-Apr 2007 Mailer 1','2010-04-11 00:00:00',NULL,NULL,NULL,NULL,NULL,2,NULL,NULL,0,NULL,0,NULL,1,NULL,NULL,0,NULL,NULL,NULL),(455,5,6,'$ 500.00-Apr 2007 Mailer 1','2010-04-15 00:00:00',NULL,NULL,NULL,NULL,NULL,2,NULL,NULL,0,NULL,0,NULL,1,NULL,NULL,0,NULL,NULL,NULL),(456,6,6,'$ 175.00-Apr 2007 Mailer 1','2010-04-11 00:00:00',NULL,NULL,NULL,NULL,NULL,2,NULL,NULL,0,NULL,0,NULL,1,NULL,NULL,0,NULL,NULL,NULL),(457,7,6,'$ 50.00-Online: Save the Penguins','2010-03-27 00:00:00',NULL,NULL,NULL,NULL,NULL,2,NULL,NULL,0,NULL,0,NULL,1,NULL,NULL,0,NULL,NULL,NULL),(458,8,6,'$ 10.00-Online: Save the Penguins','2010-03-08 00:00:00',NULL,NULL,NULL,NULL,NULL,2,NULL,NULL,0,NULL,0,NULL,1,NULL,NULL,0,NULL,NULL,NULL),(459,9,6,'$ 250.00-Online: Save the Penguins','2010-04-22 00:00:00',NULL,NULL,NULL,NULL,NULL,2,NULL,NULL,0,NULL,0,NULL,1,NULL,NULL,0,NULL,NULL,NULL),(460,10,6,NULL,'2009-07-01 11:53:50',NULL,NULL,NULL,NULL,NULL,2,NULL,NULL,0,NULL,0,NULL,1,NULL,NULL,0,NULL,NULL,NULL),(461,11,6,NULL,'2009-07-01 12:55:41',NULL,NULL,NULL,NULL,NULL,2,NULL,NULL,0,NULL,0,NULL,1,NULL,NULL,0,NULL,NULL,NULL),(462,12,6,NULL,'2009-10-01 11:53:50',NULL,NULL,NULL,NULL,NULL,2,NULL,NULL,0,NULL,0,NULL,1,NULL,NULL,0,NULL,NULL,NULL),(463,13,6,NULL,'2009-12-01 12:55:41',NULL,NULL,NULL,NULL,NULL,2,NULL,NULL,0,NULL,0,NULL,1,NULL,NULL,0,NULL,NULL,NULL),(464,1,7,'General','2015-12-03 00:00:00',NULL,NULL,NULL,NULL,NULL,2,NULL,NULL,0,NULL,0,NULL,1,NULL,NULL,0,NULL,NULL,NULL),(465,2,7,'Student','2015-12-02 00:00:00',NULL,NULL,NULL,NULL,NULL,2,NULL,NULL,0,NULL,0,NULL,1,NULL,NULL,0,NULL,NULL,NULL),(466,3,7,'General','2015-12-01 00:00:00',NULL,NULL,NULL,NULL,NULL,2,NULL,NULL,0,NULL,0,NULL,1,NULL,NULL,0,NULL,NULL,NULL),(467,4,7,'Student','2015-11-30 00:00:00',NULL,NULL,NULL,NULL,NULL,2,NULL,NULL,0,NULL,0,NULL,1,NULL,NULL,0,NULL,NULL,NULL),(468,5,7,'General','2013-11-01 00:00:00',NULL,NULL,NULL,NULL,NULL,2,NULL,NULL,0,NULL,0,NULL,1,NULL,NULL,0,NULL,NULL,NULL),(469,6,7,'Student','2015-11-28 00:00:00',NULL,NULL,NULL,NULL,NULL,2,NULL,NULL,0,NULL,0,NULL,1,NULL,NULL,0,NULL,NULL,NULL),(470,7,7,'General','2015-11-27 00:00:00',NULL,NULL,NULL,NULL,NULL,2,NULL,NULL,0,NULL,0,NULL,1,NULL,NULL,0,NULL,NULL,NULL),(471,8,7,'Student','2015-11-26 00:00:00',NULL,NULL,NULL,NULL,NULL,2,NULL,NULL,0,NULL,0,NULL,1,NULL,NULL,0,NULL,NULL,NULL),(472,9,7,'General','2015-11-25 00:00:00',NULL,NULL,NULL,NULL,NULL,2,NULL,NULL,0,NULL,0,NULL,1,NULL,NULL,0,NULL,NULL,NULL),(473,10,7,'General','2013-09-22 00:00:00',NULL,NULL,NULL,NULL,NULL,2,NULL,NULL,0,NULL,0,NULL,1,NULL,NULL,0,NULL,NULL,NULL),(474,11,7,'Lifetime','2015-11-23 00:00:00',NULL,NULL,NULL,NULL,NULL,2,NULL,NULL,0,NULL,0,NULL,1,NULL,NULL,0,NULL,NULL,NULL),(475,12,7,'Student','2015-11-22 00:00:00',NULL,NULL,NULL,NULL,NULL,2,NULL,NULL,0,NULL,0,NULL,1,NULL,NULL,0,NULL,NULL,NULL),(476,13,7,'General','2015-11-21 00:00:00',NULL,NULL,NULL,NULL,NULL,2,NULL,NULL,0,NULL,0,NULL,1,NULL,NULL,0,NULL,NULL,NULL),(477,14,7,'Student','2015-11-20 00:00:00',NULL,NULL,NULL,NULL,NULL,2,NULL,NULL,0,NULL,0,NULL,1,NULL,NULL,0,NULL,NULL,NULL),(478,15,7,'General','2013-08-13 00:00:00',NULL,NULL,NULL,NULL,NULL,2,NULL,NULL,0,NULL,0,NULL,1,NULL,NULL,0,NULL,NULL,NULL),(479,16,7,'Student','2015-11-18 00:00:00',NULL,NULL,NULL,NULL,NULL,2,NULL,NULL,0,NULL,0,NULL,1,NULL,NULL,0,NULL,NULL,NULL),(480,17,7,'General','2015-11-17 00:00:00',NULL,NULL,NULL,NULL,NULL,2,NULL,NULL,0,NULL,0,NULL,1,NULL,NULL,0,NULL,NULL,NULL),(481,18,7,'Student','2015-11-16 00:00:00',NULL,NULL,NULL,NULL,NULL,2,NULL,NULL,0,NULL,0,NULL,1,NULL,NULL,0,NULL,NULL,NULL),(482,19,7,'General','2015-11-15 00:00:00',NULL,NULL,NULL,NULL,NULL,2,NULL,NULL,0,NULL,0,NULL,1,NULL,NULL,0,NULL,NULL,NULL),(483,20,7,'Student','2014-11-14 00:00:00',NULL,NULL,NULL,NULL,NULL,2,NULL,NULL,0,NULL,0,NULL,1,NULL,NULL,0,NULL,NULL,NULL),(484,21,7,'General','2015-11-13 00:00:00',NULL,NULL,NULL,NULL,NULL,2,NULL,NULL,0,NULL,0,NULL,1,NULL,NULL,0,NULL,NULL,NULL),(485,22,7,'Lifetime','2015-11-12 00:00:00',NULL,NULL,NULL,NULL,NULL,2,NULL,NULL,0,NULL,0,NULL,1,NULL,NULL,0,NULL,NULL,NULL),(486,23,7,'General','2015-11-11 00:00:00',NULL,NULL,NULL,NULL,NULL,2,NULL,NULL,0,NULL,0,NULL,1,NULL,NULL,0,NULL,NULL,NULL),(487,24,7,'Student','2015-11-10 00:00:00',NULL,NULL,NULL,NULL,NULL,2,NULL,NULL,0,NULL,0,NULL,1,NULL,NULL,0,NULL,NULL,NULL),(488,25,7,'General','2013-05-25 00:00:00',NULL,NULL,NULL,NULL,NULL,2,NULL,NULL,0,NULL,0,NULL,1,NULL,NULL,0,NULL,NULL,NULL),(489,26,7,'Student','2015-11-08 00:00:00',NULL,NULL,NULL,NULL,NULL,2,NULL,NULL,0,NULL,0,NULL,1,NULL,NULL,0,NULL,NULL,NULL),(490,27,7,'General','2015-11-07 00:00:00',NULL,NULL,NULL,NULL,NULL,2,NULL,NULL,0,NULL,0,NULL,1,NULL,NULL,0,NULL,NULL,NULL),(491,28,7,'Student','2015-11-06 00:00:00',NULL,NULL,NULL,NULL,NULL,2,NULL,NULL,0,NULL,0,NULL,1,NULL,NULL,0,NULL,NULL,NULL),(492,29,7,'General','2015-11-05 00:00:00',NULL,NULL,NULL,NULL,NULL,2,NULL,NULL,0,NULL,0,NULL,1,NULL,NULL,0,NULL,NULL,NULL),(493,30,7,'General','2013-04-15 00:00:00',NULL,NULL,NULL,NULL,NULL,2,NULL,NULL,0,NULL,0,NULL,1,NULL,NULL,0,NULL,NULL,NULL),(494,14,6,'$ 100.00 - General Membership: Offline signup','2015-12-03 14:49:27',NULL,NULL,NULL,NULL,'Membership Payment',2,NULL,NULL,0,NULL,0,NULL,1,NULL,NULL,0,NULL,NULL,NULL),(495,15,6,'$ 50.00 - Student Membership: Offline signup','2015-12-03 14:49:27',NULL,NULL,NULL,NULL,'Membership Payment',2,NULL,NULL,0,NULL,0,NULL,1,NULL,NULL,0,NULL,NULL,NULL),(496,16,6,'$ 100.00 - General Membership: Offline signup','2015-12-03 14:49:27',NULL,NULL,NULL,NULL,'Membership Payment',2,NULL,NULL,0,NULL,0,NULL,1,NULL,NULL,0,NULL,NULL,NULL),(497,17,6,'$ 50.00 - Student Membership: Offline signup','2015-12-03 14:49:27',NULL,NULL,NULL,NULL,'Membership Payment',2,NULL,NULL,0,NULL,0,NULL,1,NULL,NULL,0,NULL,NULL,NULL),(498,18,6,'$ 100.00 - General Membership: Offline signup','2015-12-03 14:49:27',NULL,NULL,NULL,NULL,'Membership Payment',2,NULL,NULL,0,NULL,0,NULL,1,NULL,NULL,0,NULL,NULL,NULL),(499,19,6,'$ 50.00 - Student Membership: Offline signup','2015-12-03 14:49:27',NULL,NULL,NULL,NULL,'Membership Payment',2,NULL,NULL,0,NULL,0,NULL,1,NULL,NULL,0,NULL,NULL,NULL),(500,20,6,'$ 100.00 - General Membership: Offline signup','2015-12-03 14:49:27',NULL,NULL,NULL,NULL,'Membership Payment',2,NULL,NULL,0,NULL,0,NULL,1,NULL,NULL,0,NULL,NULL,NULL),(501,21,6,'$ 50.00 - Student Membership: Offline signup','2015-12-03 14:49:27',NULL,NULL,NULL,NULL,'Membership Payment',2,NULL,NULL,0,NULL,0,NULL,1,NULL,NULL,0,NULL,NULL,NULL),(502,22,6,'$ 100.00 - General Membership: Offline signup','2015-12-03 14:49:27',NULL,NULL,NULL,NULL,'Membership Payment',2,NULL,NULL,0,NULL,0,NULL,1,NULL,NULL,0,NULL,NULL,NULL),(503,23,6,'$ 100.00 - General Membership: Offline signup','2015-12-03 14:49:27',NULL,NULL,NULL,NULL,'Membership Payment',2,NULL,NULL,0,NULL,0,NULL,1,NULL,NULL,0,NULL,NULL,NULL),(504,24,6,'$ 1200.00 - Lifetime Membership: Offline signup','2015-12-03 14:49:27',NULL,NULL,NULL,NULL,'Membership Payment',2,NULL,NULL,0,NULL,0,NULL,1,NULL,NULL,0,NULL,NULL,NULL),(505,25,6,'$ 50.00 - Student Membership: Offline signup','2015-12-03 14:49:27',NULL,NULL,NULL,NULL,'Membership Payment',2,NULL,NULL,0,NULL,0,NULL,1,NULL,NULL,0,NULL,NULL,NULL),(506,26,6,'$ 100.00 - General Membership: Offline signup','2015-12-03 14:49:27',NULL,NULL,NULL,NULL,'Membership Payment',2,NULL,NULL,0,NULL,0,NULL,1,NULL,NULL,0,NULL,NULL,NULL),(507,27,6,'$ 50.00 - Student Membership: Offline signup','2015-12-03 14:49:27',NULL,NULL,NULL,NULL,'Membership Payment',2,NULL,NULL,0,NULL,0,NULL,1,NULL,NULL,0,NULL,NULL,NULL),(508,28,6,'$ 100.00 - General Membership: Offline signup','2015-12-03 14:49:27',NULL,NULL,NULL,NULL,'Membership Payment',2,NULL,NULL,0,NULL,0,NULL,1,NULL,NULL,0,NULL,NULL,NULL),(509,29,6,'$ 50.00 - Student Membership: Offline signup','2015-12-03 14:49:27',NULL,NULL,NULL,NULL,'Membership Payment',2,NULL,NULL,0,NULL,0,NULL,1,NULL,NULL,0,NULL,NULL,NULL),(510,30,6,'$ 100.00 - General Membership: Offline signup','2015-12-03 14:49:27',NULL,NULL,NULL,NULL,'Membership Payment',2,NULL,NULL,0,NULL,0,NULL,1,NULL,NULL,0,NULL,NULL,NULL),(511,31,6,'$ 50.00 - Student Membership: Offline signup','2015-12-03 14:49:27',NULL,NULL,NULL,NULL,'Membership Payment',2,NULL,NULL,0,NULL,0,NULL,1,NULL,NULL,0,NULL,NULL,NULL),(512,32,6,'$ 100.00 - General Membership: Offline signup','2015-12-03 14:49:27',NULL,NULL,NULL,NULL,'Membership Payment',2,NULL,NULL,0,NULL,0,NULL,1,NULL,NULL,0,NULL,NULL,NULL),(513,33,6,'$ 50.00 - Student Membership: Offline signup','2015-12-03 14:49:27',NULL,NULL,NULL,NULL,'Membership Payment',2,NULL,NULL,0,NULL,0,NULL,1,NULL,NULL,0,NULL,NULL,NULL),(514,34,6,'$ 100.00 - General Membership: Offline signup','2015-12-03 14:49:27',NULL,NULL,NULL,NULL,'Membership Payment',2,NULL,NULL,0,NULL,0,NULL,1,NULL,NULL,0,NULL,NULL,NULL),(515,35,6,'$ 1200.00 - Lifetime Membership: Offline signup','2015-12-03 14:49:27',NULL,NULL,NULL,NULL,'Membership Payment',2,NULL,NULL,0,NULL,0,NULL,1,NULL,NULL,0,NULL,NULL,NULL),(516,36,6,'$ 100.00 - General Membership: Offline signup','2015-12-03 14:49:27',NULL,NULL,NULL,NULL,'Membership Payment',2,NULL,NULL,0,NULL,0,NULL,1,NULL,NULL,0,NULL,NULL,NULL),(517,37,6,'$ 50.00 - Student Membership: Offline signup','2015-12-03 14:49:27',NULL,NULL,NULL,NULL,'Membership Payment',2,NULL,NULL,0,NULL,0,NULL,1,NULL,NULL,0,NULL,NULL,NULL),(518,38,6,'$ 100.00 - General Membership: Offline signup','2015-12-03 14:49:27',NULL,NULL,NULL,NULL,'Membership Payment',2,NULL,NULL,0,NULL,0,NULL,1,NULL,NULL,0,NULL,NULL,NULL),(519,39,6,'$ 50.00 - Student Membership: Offline signup','2015-12-03 14:49:27',NULL,NULL,NULL,NULL,'Membership Payment',2,NULL,NULL,0,NULL,0,NULL,1,NULL,NULL,0,NULL,NULL,NULL),(520,40,6,'$ 100.00 - General Membership: Offline signup','2015-12-03 14:49:27',NULL,NULL,NULL,NULL,'Membership Payment',2,NULL,NULL,0,NULL,0,NULL,1,NULL,NULL,0,NULL,NULL,NULL),(521,41,6,'$ 50.00 - Student Membership: Offline signup','2015-12-03 14:49:27',NULL,NULL,NULL,NULL,'Membership Payment',2,NULL,NULL,0,NULL,0,NULL,1,NULL,NULL,0,NULL,NULL,NULL),(522,42,6,'$ 100.00 - General Membership: Offline signup','2015-12-03 14:49:27',NULL,NULL,NULL,NULL,'Membership Payment',2,NULL,NULL,0,NULL,0,NULL,1,NULL,NULL,0,NULL,NULL,NULL),(523,43,6,'$ 100.00 - General Membership: Offline signup','2015-12-03 14:49:27',NULL,NULL,NULL,NULL,'Membership Payment',2,NULL,NULL,0,NULL,0,NULL,1,NULL,NULL,0,NULL,NULL,NULL),(525,1,5,'NULL','2009-01-21 00:00:00',NULL,NULL,NULL,NULL,NULL,2,NULL,NULL,0,NULL,0,NULL,1,NULL,NULL,0,NULL,NULL,NULL),(526,2,5,'NULL','2008-05-07 00:00:00',NULL,NULL,NULL,NULL,NULL,2,NULL,NULL,0,NULL,0,NULL,1,NULL,NULL,0,NULL,NULL,NULL),(527,3,5,'NULL','2008-05-05 00:00:00',NULL,NULL,NULL,NULL,NULL,2,NULL,NULL,0,NULL,0,NULL,1,NULL,NULL,0,NULL,NULL,NULL),(528,4,5,'NULL','2008-10-21 00:00:00',NULL,NULL,NULL,NULL,NULL,2,NULL,NULL,0,NULL,0,NULL,1,NULL,NULL,0,NULL,NULL,NULL),(529,5,5,'NULL','2008-01-10 00:00:00',NULL,NULL,NULL,NULL,NULL,2,NULL,NULL,0,NULL,0,NULL,1,NULL,NULL,0,NULL,NULL,NULL),(530,6,5,'NULL','2008-03-05 00:00:00',NULL,NULL,NULL,NULL,NULL,2,NULL,NULL,0,NULL,0,NULL,1,NULL,NULL,0,NULL,NULL,NULL),(531,7,5,'NULL','2009-07-21 00:00:00',NULL,NULL,NULL,NULL,NULL,2,NULL,NULL,0,NULL,0,NULL,1,NULL,NULL,0,NULL,NULL,NULL),(532,8,5,'NULL','2009-03-07 00:00:00',NULL,NULL,NULL,NULL,NULL,2,NULL,NULL,0,NULL,0,NULL,1,NULL,NULL,0,NULL,NULL,NULL),(533,9,5,'NULL','2008-02-05 00:00:00',NULL,NULL,NULL,NULL,NULL,2,NULL,NULL,0,NULL,0,NULL,1,NULL,NULL,0,NULL,NULL,NULL),(534,10,5,'NULL','2008-02-01 00:00:00',NULL,NULL,NULL,NULL,NULL,2,NULL,NULL,0,NULL,0,NULL,1,NULL,NULL,0,NULL,NULL,NULL),(535,11,5,'NULL','2009-01-10 00:00:00',NULL,NULL,NULL,NULL,NULL,2,NULL,NULL,0,NULL,0,NULL,1,NULL,NULL,0,NULL,NULL,NULL),(536,12,5,'NULL','2009-03-06 00:00:00',NULL,NULL,NULL,NULL,NULL,2,NULL,NULL,0,NULL,0,NULL,1,NULL,NULL,0,NULL,NULL,NULL),(537,13,5,'NULL','2008-06-04 00:00:00',NULL,NULL,NULL,NULL,NULL,2,NULL,NULL,0,NULL,0,NULL,1,NULL,NULL,0,NULL,NULL,NULL),(538,14,5,'NULL','2008-01-10 00:00:00',NULL,NULL,NULL,NULL,NULL,2,NULL,NULL,0,NULL,0,NULL,1,NULL,NULL,0,NULL,NULL,NULL),(539,15,5,'NULL','2008-07-04 00:00:00',NULL,NULL,NULL,NULL,NULL,2,NULL,NULL,0,NULL,0,NULL,1,NULL,NULL,0,NULL,NULL,NULL),(540,16,5,'NULL','2009-01-21 00:00:00',NULL,NULL,NULL,NULL,NULL,2,NULL,NULL,0,NULL,0,NULL,1,NULL,NULL,0,NULL,NULL,NULL),(541,17,5,'NULL','2008-01-10 00:00:00',NULL,NULL,NULL,NULL,NULL,2,NULL,NULL,0,NULL,0,NULL,1,NULL,NULL,0,NULL,NULL,NULL),(542,18,5,'NULL','2009-03-05 00:00:00',NULL,NULL,NULL,NULL,NULL,2,NULL,NULL,0,NULL,0,NULL,1,NULL,NULL,0,NULL,NULL,NULL),(543,19,5,'NULL','2008-10-21 00:00:00',NULL,NULL,NULL,NULL,NULL,2,NULL,NULL,0,NULL,0,NULL,1,NULL,NULL,0,NULL,NULL,NULL),(544,20,5,'NULL','2009-01-10 00:00:00',NULL,NULL,NULL,NULL,NULL,2,NULL,NULL,0,NULL,0,NULL,1,NULL,NULL,0,NULL,NULL,NULL),(545,21,5,'NULL','2008-03-25 00:00:00',NULL,NULL,NULL,NULL,NULL,2,NULL,NULL,0,NULL,0,NULL,1,NULL,NULL,0,NULL,NULL,NULL),(546,22,5,'NULL','2009-10-21 00:00:00',NULL,NULL,NULL,NULL,NULL,2,NULL,NULL,0,NULL,0,NULL,1,NULL,NULL,0,NULL,NULL,NULL),(547,23,5,'NULL','2008-01-10 00:00:00',NULL,NULL,NULL,NULL,NULL,2,NULL,NULL,0,NULL,0,NULL,1,NULL,NULL,0,NULL,NULL,NULL),(548,24,5,'NULL','2008-03-11 00:00:00',NULL,NULL,NULL,NULL,NULL,2,NULL,NULL,0,NULL,0,NULL,1,NULL,NULL,0,NULL,NULL,NULL),(549,25,5,'NULL','2008-04-05 00:00:00',NULL,NULL,NULL,NULL,NULL,2,NULL,NULL,0,NULL,0,NULL,1,NULL,NULL,0,NULL,NULL,NULL),(550,26,5,'NULL','2009-01-21 00:00:00',NULL,NULL,NULL,NULL,NULL,2,NULL,NULL,0,NULL,0,NULL,1,NULL,NULL,0,NULL,NULL,NULL),(551,27,5,'NULL','2008-05-07 00:00:00',NULL,NULL,NULL,NULL,NULL,2,NULL,NULL,0,NULL,0,NULL,1,NULL,NULL,0,NULL,NULL,NULL),(552,28,5,'NULL','2009-12-12 00:00:00',NULL,NULL,NULL,NULL,NULL,2,NULL,NULL,0,NULL,0,NULL,1,NULL,NULL,0,NULL,NULL,NULL),(553,29,5,'NULL','2009-12-13 00:00:00',NULL,NULL,NULL,NULL,NULL,2,NULL,NULL,0,NULL,0,NULL,1,NULL,NULL,0,NULL,NULL,NULL),(554,30,5,'NULL','2009-12-14 00:00:00',NULL,NULL,NULL,NULL,NULL,2,NULL,NULL,0,NULL,0,NULL,1,NULL,NULL,0,NULL,NULL,NULL),(555,31,5,'NULL','2009-12-15 00:00:00',NULL,NULL,NULL,NULL,NULL,2,NULL,NULL,0,NULL,0,NULL,1,NULL,NULL,0,NULL,NULL,NULL),(556,32,5,'NULL','2009-07-21 00:00:00',NULL,NULL,NULL,NULL,NULL,2,NULL,NULL,0,NULL,0,NULL,1,NULL,NULL,0,NULL,NULL,NULL),(557,33,5,'NULL','2009-03-07 00:00:00',NULL,NULL,NULL,NULL,NULL,2,NULL,NULL,0,NULL,0,NULL,1,NULL,NULL,0,NULL,NULL,NULL),(558,34,5,'NULL','2009-12-15 00:00:00',NULL,NULL,NULL,NULL,NULL,2,NULL,NULL,0,NULL,0,NULL,1,NULL,NULL,0,NULL,NULL,NULL),(559,35,5,'NULL','2009-12-13 00:00:00',NULL,NULL,NULL,NULL,NULL,2,NULL,NULL,0,NULL,0,NULL,1,NULL,NULL,0,NULL,NULL,NULL),(560,36,5,'NULL','2009-01-10 00:00:00',NULL,NULL,NULL,NULL,NULL,2,NULL,NULL,0,NULL,0,NULL,1,NULL,NULL,0,NULL,NULL,NULL),(561,37,5,'NULL','2009-03-06 00:00:00',NULL,NULL,NULL,NULL,NULL,2,NULL,NULL,0,NULL,0,NULL,1,NULL,NULL,0,NULL,NULL,NULL),(562,38,5,'NULL','2009-12-13 00:00:00',NULL,NULL,NULL,NULL,NULL,2,NULL,NULL,0,NULL,0,NULL,1,NULL,NULL,0,NULL,NULL,NULL),(563,39,5,'NULL','2008-01-10 00:00:00',NULL,NULL,NULL,NULL,NULL,2,NULL,NULL,0,NULL,0,NULL,1,NULL,NULL,0,NULL,NULL,NULL),(564,40,5,'NULL','2009-12-14 00:00:00',NULL,NULL,NULL,NULL,NULL,2,NULL,NULL,0,NULL,0,NULL,1,NULL,NULL,0,NULL,NULL,NULL),(565,41,5,'NULL','2009-01-21 00:00:00',NULL,NULL,NULL,NULL,NULL,2,NULL,NULL,0,NULL,0,NULL,1,NULL,NULL,0,NULL,NULL,NULL),(566,42,5,'NULL','2009-12-15 00:00:00',NULL,NULL,NULL,NULL,NULL,2,NULL,NULL,0,NULL,0,NULL,1,NULL,NULL,0,NULL,NULL,NULL),(567,43,5,'NULL','2009-03-05 00:00:00',NULL,NULL,NULL,NULL,NULL,2,NULL,NULL,0,NULL,0,NULL,1,NULL,NULL,0,NULL,NULL,NULL),(568,44,5,'NULL','2009-12-13 00:00:00',NULL,NULL,NULL,NULL,NULL,2,NULL,NULL,0,NULL,0,NULL,1,NULL,NULL,0,NULL,NULL,NULL),(569,45,5,'NULL','2009-01-10 00:00:00',NULL,NULL,NULL,NULL,NULL,2,NULL,NULL,0,NULL,0,NULL,1,NULL,NULL,0,NULL,NULL,NULL),(570,46,5,'NULL','2009-12-13 00:00:00',NULL,NULL,NULL,NULL,NULL,2,NULL,NULL,0,NULL,0,NULL,1,NULL,NULL,0,NULL,NULL,NULL),(571,47,5,'NULL','2009-10-21 00:00:00',NULL,NULL,NULL,NULL,NULL,2,NULL,NULL,0,NULL,0,NULL,1,NULL,NULL,0,NULL,NULL,NULL),(572,48,5,'NULL','2009-12-10 00:00:00',NULL,NULL,NULL,NULL,NULL,2,NULL,NULL,0,NULL,0,NULL,1,NULL,NULL,0,NULL,NULL,NULL),(573,49,5,'NULL','2009-03-11 00:00:00',NULL,NULL,NULL,NULL,NULL,2,NULL,NULL,0,NULL,0,NULL,1,NULL,NULL,0,NULL,NULL,NULL),(574,50,5,'NULL','2009-04-05 00:00:00',NULL,NULL,NULL,NULL,NULL,2,NULL,NULL,0,NULL,0,NULL,1,NULL,NULL,0,NULL,NULL,NULL),(575,45,6,'$ 800.00 - Rain-forest Cup Youth Soccer Tournament : Offline registration','2015-12-03 14:49:33',NULL,NULL,NULL,NULL,'Participant',2,NULL,NULL,0,NULL,0,NULL,1,NULL,NULL,0,NULL,NULL,NULL),(576,46,6,'$ 50.00 - Fall Fundraiser Dinner : Offline registration','2015-12-03 14:49:33',NULL,NULL,NULL,NULL,'Participant',2,NULL,NULL,0,NULL,0,NULL,1,NULL,NULL,0,NULL,NULL,NULL),(577,47,6,'$ 800.00 - Rain-forest Cup Youth Soccer Tournament : Offline registration','2015-12-03 14:49:33',NULL,NULL,NULL,NULL,'Participant',2,NULL,NULL,0,NULL,0,NULL,1,NULL,NULL,0,NULL,NULL,NULL),(578,48,6,'$ 50.00 - Fall Fundraiser Dinner : Offline registration','2015-12-03 14:49:33',NULL,NULL,NULL,NULL,'Participant',2,NULL,NULL,0,NULL,0,NULL,1,NULL,NULL,0,NULL,NULL,NULL),(579,49,6,'$ 50.00 - Summer Solstice Festival Day Concert : Offline registration','2015-12-03 14:49:33',NULL,NULL,NULL,NULL,'Participant',2,NULL,NULL,0,NULL,0,NULL,1,NULL,NULL,0,NULL,NULL,NULL),(580,50,6,'$ 800.00 - Rain-forest Cup Youth Soccer Tournament : Offline registration','2015-12-03 14:49:33',NULL,NULL,NULL,NULL,'Participant',2,NULL,NULL,0,NULL,0,NULL,1,NULL,NULL,0,NULL,NULL,NULL),(581,51,6,'$ 800.00 - Rain-forest Cup Youth Soccer Tournament : Offline registration','2015-12-03 14:49:33',NULL,NULL,NULL,NULL,'Participant',2,NULL,NULL,0,NULL,0,NULL,1,NULL,NULL,0,NULL,NULL,NULL),(582,52,6,'$ 50.00 - Summer Solstice Festival Day Concert : Offline registration','2015-12-03 14:49:33',NULL,NULL,NULL,NULL,'Participant',2,NULL,NULL,0,NULL,0,NULL,1,NULL,NULL,0,NULL,NULL,NULL),(583,53,6,'$ 50.00 - Summer Solstice Festival Day Concert : Offline registration','2015-12-03 14:49:33',NULL,NULL,NULL,NULL,'Participant',2,NULL,NULL,0,NULL,0,NULL,1,NULL,NULL,0,NULL,NULL,NULL),(584,54,6,'$ 50.00 - Fall Fundraiser Dinner : Offline registration','2015-12-03 14:49:33',NULL,NULL,NULL,NULL,'Participant',2,NULL,NULL,0,NULL,0,NULL,1,NULL,NULL,0,NULL,NULL,NULL),(585,55,6,'$ 50.00 - Fall Fundraiser Dinner : Offline registration','2015-12-03 14:49:33',NULL,NULL,NULL,NULL,'Participant',2,NULL,NULL,0,NULL,0,NULL,1,NULL,NULL,0,NULL,NULL,NULL),(586,56,6,'$ 50.00 - Summer Solstice Festival Day Concert : Offline registration','2015-12-03 14:49:33',NULL,NULL,NULL,NULL,'Participant',2,NULL,NULL,0,NULL,0,NULL,1,NULL,NULL,0,NULL,NULL,NULL),(587,57,6,'$ 800.00 - Rain-forest Cup Youth Soccer Tournament : Offline registration','2015-12-03 14:49:33',NULL,NULL,NULL,NULL,'Participant',2,NULL,NULL,0,NULL,0,NULL,1,NULL,NULL,0,NULL,NULL,NULL),(588,58,6,'$ 800.00 - Rain-forest Cup Youth Soccer Tournament : Offline registration','2015-12-03 14:49:33',NULL,NULL,NULL,NULL,'Participant',2,NULL,NULL,0,NULL,0,NULL,1,NULL,NULL,0,NULL,NULL,NULL),(589,59,6,'$ 50.00 - Fall Fundraiser Dinner : Offline registration','2015-12-03 14:49:33',NULL,NULL,NULL,NULL,'Participant',2,NULL,NULL,0,NULL,0,NULL,1,NULL,NULL,0,NULL,NULL,NULL),(590,60,6,'$ 50.00 - Summer Solstice Festival Day Concert : Offline registration','2015-12-03 14:49:33',NULL,NULL,NULL,NULL,'Participant',2,NULL,NULL,0,NULL,0,NULL,1,NULL,NULL,0,NULL,NULL,NULL),(591,61,6,'$ 800.00 - Rain-forest Cup Youth Soccer Tournament : Offline registration','2015-12-03 14:49:33',NULL,NULL,NULL,NULL,'Participant',2,NULL,NULL,0,NULL,0,NULL,1,NULL,NULL,0,NULL,NULL,NULL),(592,62,6,'$ 50.00 - Summer Solstice Festival Day Concert : Offline registration','2015-12-03 14:49:33',NULL,NULL,NULL,NULL,'Participant',2,NULL,NULL,0,NULL,0,NULL,1,NULL,NULL,0,NULL,NULL,NULL),(593,63,6,'$ 50.00 - Fall Fundraiser Dinner : Offline registration','2015-12-03 14:49:33',NULL,NULL,NULL,NULL,'Participant',2,NULL,NULL,0,NULL,0,NULL,1,NULL,NULL,0,NULL,NULL,NULL),(594,64,6,'$ 800.00 - Rain-forest Cup Youth Soccer Tournament : Offline registration','2015-12-03 14:49:33',NULL,NULL,NULL,NULL,'Participant',2,NULL,NULL,0,NULL,0,NULL,1,NULL,NULL,0,NULL,NULL,NULL),(595,65,6,'$ 800.00 - Rain-forest Cup Youth Soccer Tournament : Offline registration','2015-12-03 14:49:33',NULL,NULL,NULL,NULL,'Participant',2,NULL,NULL,0,NULL,0,NULL,1,NULL,NULL,0,NULL,NULL,NULL),(596,66,6,'$ 50.00 - Fall Fundraiser Dinner : Offline registration','2015-12-03 14:49:33',NULL,NULL,NULL,NULL,'Participant',2,NULL,NULL,0,NULL,0,NULL,1,NULL,NULL,0,NULL,NULL,NULL),(597,67,6,'$ 800.00 - Rain-forest Cup Youth Soccer Tournament : Offline registration','2015-12-03 14:49:33',NULL,NULL,NULL,NULL,'Participant',2,NULL,NULL,0,NULL,0,NULL,1,NULL,NULL,0,NULL,NULL,NULL),(598,68,6,'$ 50.00 - Summer Solstice Festival Day Concert : Offline registration','2015-12-03 14:49:33',NULL,NULL,NULL,NULL,'Participant',2,NULL,NULL,0,NULL,0,NULL,1,NULL,NULL,0,NULL,NULL,NULL),(599,69,6,'$ 50.00 - Summer Solstice Festival Day Concert : Offline registration','2015-12-03 14:49:33',NULL,NULL,NULL,NULL,'Participant',2,NULL,NULL,0,NULL,0,NULL,1,NULL,NULL,0,NULL,NULL,NULL),(600,70,6,'$ 50.00 - Summer Solstice Festival Day Concert : Offline registration','2015-12-03 14:49:33',NULL,NULL,NULL,NULL,'Participant',2,NULL,NULL,0,NULL,0,NULL,1,NULL,NULL,0,NULL,NULL,NULL),(601,71,6,'$ 800.00 - Rain-forest Cup Youth Soccer Tournament : Offline registration','2015-12-03 14:49:33',NULL,NULL,NULL,NULL,'Participant',2,NULL,NULL,0,NULL,0,NULL,1,NULL,NULL,0,NULL,NULL,NULL),(602,72,6,'$ 50.00 - Summer Solstice Festival Day Concert : Offline registration','2015-12-03 14:49:33',NULL,NULL,NULL,NULL,'Participant',2,NULL,NULL,0,NULL,0,NULL,1,NULL,NULL,0,NULL,NULL,NULL),(603,73,6,'$ 50.00 - Fall Fundraiser Dinner : Offline registration','2015-12-03 14:49:33',NULL,NULL,NULL,NULL,'Participant',2,NULL,NULL,0,NULL,0,NULL,1,NULL,NULL,0,NULL,NULL,NULL),(604,74,6,'$ 800.00 - Rain-forest Cup Youth Soccer Tournament : Offline registration','2015-12-03 14:49:33',NULL,NULL,NULL,NULL,'Participant',2,NULL,NULL,0,NULL,0,NULL,1,NULL,NULL,0,NULL,NULL,NULL),(605,75,6,'$ 50.00 - Summer Solstice Festival Day Concert : Offline registration','2015-12-03 14:49:33',NULL,NULL,NULL,NULL,'Participant',2,NULL,NULL,0,NULL,0,NULL,1,NULL,NULL,0,NULL,NULL,NULL),(606,76,6,'$ 800.00 - Rain-forest Cup Youth Soccer Tournament : Offline registration','2015-12-03 14:49:33',NULL,NULL,NULL,NULL,'Participant',2,NULL,NULL,0,NULL,0,NULL,1,NULL,NULL,0,NULL,NULL,NULL),(607,77,6,'$ 50.00 - Fall Fundraiser Dinner : Offline registration','2015-12-03 14:49:33',NULL,NULL,NULL,NULL,'Participant',2,NULL,NULL,0,NULL,0,NULL,1,NULL,NULL,0,NULL,NULL,NULL),(608,78,6,'$ 50.00 - Fall Fundraiser Dinner : Offline registration','2015-12-03 14:49:33',NULL,NULL,NULL,NULL,'Participant',2,NULL,NULL,0,NULL,0,NULL,1,NULL,NULL,0,NULL,NULL,NULL),(609,79,6,'$ 50.00 - Summer Solstice Festival Day Concert : Offline registration','2015-12-03 14:49:33',NULL,NULL,NULL,NULL,'Participant',2,NULL,NULL,0,NULL,0,NULL,1,NULL,NULL,0,NULL,NULL,NULL),(610,80,6,'$ 50.00 - Summer Solstice Festival Day Concert : Offline registration','2015-12-03 14:49:33',NULL,NULL,NULL,NULL,'Participant',2,NULL,NULL,0,NULL,0,NULL,1,NULL,NULL,0,NULL,NULL,NULL),(611,81,6,'$ 800.00 - Rain-forest Cup Youth Soccer Tournament : Offline registration','2015-12-03 14:49:33',NULL,NULL,NULL,NULL,'Participant',2,NULL,NULL,0,NULL,0,NULL,1,NULL,NULL,0,NULL,NULL,NULL),(612,82,6,'$ 50.00 - Fall Fundraiser Dinner : Offline registration','2015-12-03 14:49:33',NULL,NULL,NULL,NULL,'Participant',2,NULL,NULL,0,NULL,0,NULL,1,NULL,NULL,0,NULL,NULL,NULL),(613,83,6,'$ 50.00 - Summer Solstice Festival Day Concert : Offline registration','2015-12-03 14:49:33',NULL,NULL,NULL,NULL,'Participant',2,NULL,NULL,0,NULL,0,NULL,1,NULL,NULL,0,NULL,NULL,NULL),(614,84,6,'$ 800.00 - Rain-forest Cup Youth Soccer Tournament : Offline registration','2015-12-03 14:49:33',NULL,NULL,NULL,NULL,'Participant',2,NULL,NULL,0,NULL,0,NULL,1,NULL,NULL,0,NULL,NULL,NULL),(615,85,6,'$ 50.00 - Fall Fundraiser Dinner : Offline registration','2015-12-03 14:49:33',NULL,NULL,NULL,NULL,'Participant',2,NULL,NULL,0,NULL,0,NULL,1,NULL,NULL,0,NULL,NULL,NULL),(616,86,6,'$ 800.00 - Rain-forest Cup Youth Soccer Tournament : Offline registration','2015-12-03 14:49:33',NULL,NULL,NULL,NULL,'Participant',2,NULL,NULL,0,NULL,0,NULL,1,NULL,NULL,0,NULL,NULL,NULL),(617,87,6,'$ 50.00 - Fall Fundraiser Dinner : Offline registration','2015-12-03 14:49:33',NULL,NULL,NULL,NULL,'Participant',2,NULL,NULL,0,NULL,0,NULL,1,NULL,NULL,0,NULL,NULL,NULL),(618,88,6,'$ 50.00 - Fall Fundraiser Dinner : Offline registration','2015-12-03 14:49:33',NULL,NULL,NULL,NULL,'Participant',2,NULL,NULL,0,NULL,0,NULL,1,NULL,NULL,0,NULL,NULL,NULL),(619,89,6,'$ 50.00 - Summer Solstice Festival Day Concert : Offline registration','2015-12-03 14:49:33',NULL,NULL,NULL,NULL,'Participant',2,NULL,NULL,0,NULL,0,NULL,1,NULL,NULL,0,NULL,NULL,NULL),(620,90,6,'$ 800.00 - Rain-forest Cup Youth Soccer Tournament : Offline registration','2015-12-03 14:49:33',NULL,NULL,NULL,NULL,'Participant',2,NULL,NULL,0,NULL,0,NULL,1,NULL,NULL,0,NULL,NULL,NULL),(621,91,6,'$ 50.00 - Fall Fundraiser Dinner : Offline registration','2015-12-03 14:49:33',NULL,NULL,NULL,NULL,'Participant',2,NULL,NULL,0,NULL,0,NULL,1,NULL,NULL,0,NULL,NULL,NULL),(622,92,6,'$ 800.00 - Rain-forest Cup Youth Soccer Tournament : Offline registration','2015-12-03 14:49:33',NULL,NULL,NULL,NULL,'Participant',2,NULL,NULL,0,NULL,0,NULL,1,NULL,NULL,0,NULL,NULL,NULL),(623,93,6,'$ 50.00 - Fall Fundraiser Dinner : Offline registration','2015-12-03 14:49:33',NULL,NULL,NULL,NULL,'Participant',2,NULL,NULL,0,NULL,0,NULL,1,NULL,NULL,0,NULL,NULL,NULL),(624,94,6,'$ 50.00 - Summer Solstice Festival Day Concert : Offline registration','2015-12-03 14:49:33',NULL,NULL,NULL,NULL,'Participant',2,NULL,NULL,0,NULL,0,NULL,1,NULL,NULL,0,NULL,NULL,NULL);
/*!40000 ALTER TABLE `civicrm_activity` ENABLE KEYS */;
UNLOCK TABLES;

--
-- Dumping data for table `civicrm_activity_contact`
--

LOCK TABLES `civicrm_activity_contact` WRITE;
/*!40000 ALTER TABLE `civicrm_activity_contact` DISABLE KEYS */;
INSERT INTO `civicrm_activity_contact` (`id`, `activity_id`, `contact_id`, `record_type_id`) VALUES (257,167,1,3),(288,187,1,3),(348,227,1,3),(375,244,1,3),(136,88,2,3),(305,199,2,3),(357,233,2,3),(673,451,2,2),(709,487,2,2),(739,517,2,2),(2,1,3,3),(361,236,3,3),(371,242,3,3),(622,417,3,3),(695,473,3,2),(725,503,3,2),(396,257,4,3),(674,452,4,2),(111,70,5,3),(749,527,5,2),(56,35,6,3),(453,296,6,3),(675,453,6,2),(696,474,6,2),(726,504,6,2),(268,174,7,3),(784,562,7,2),(29,19,8,3),(676,454,8,2),(471,308,10,3),(505,330,10,3),(41,27,11,3),(74,47,11,3),(346,226,11,3),(430,279,11,3),(593,396,11,3),(503,329,12,3),(774,552,12,2),(762,540,13,2),(169,111,14,3),(184,119,14,3),(252,164,14,3),(391,254,14,3),(638,427,14,3),(794,572,14,2),(700,478,15,2),(730,508,15,2),(677,455,16,2),(192,123,17,3),(613,410,17,3),(104,65,18,3),(363,237,18,3),(383,249,18,3),(122,78,19,3),(678,456,19,2),(752,530,19,2),(178,116,20,3),(188,121,20,3),(228,148,20,3),(394,256,20,3),(607,406,20,3),(341,223,21,3),(26,17,22,3),(295,191,22,3),(380,247,22,3),(101,63,23,3),(281,183,23,3),(632,423,23,3),(686,464,23,2),(716,494,23,2),(222,144,24,3),(557,369,25,3),(119,76,26,3),(531,348,27,3),(43,28,28,3),(245,160,28,3),(770,548,28,2),(81,52,29,3),(378,246,29,3),(763,541,29,2),(72,46,30,3),(117,75,30,3),(242,158,30,3),(500,327,30,3),(660,442,30,3),(703,481,30,2),(733,511,30,2),(776,554,30,2),(260,169,31,3),(462,303,32,3),(684,462,32,2),(685,463,32,2),(759,537,32,2),(174,114,33,3),(276,180,33,3),(353,230,33,3),(525,344,33,3),(747,525,33,2),(5,3,34,3),(90,57,34,3),(665,445,34,3),(681,459,34,2),(712,490,34,2),(742,520,34,2),(160,105,36,3),(426,276,36,3),(706,484,36,2),(736,514,36,2),(283,184,37,3),(421,273,37,3),(286,186,38,3),(603,403,38,3),(663,444,39,3),(84,54,40,3),(415,269,40,3),(475,311,40,3),(63,39,41,3),(180,117,41,3),(339,222,41,3),(208,133,42,3),(409,265,43,3),(683,461,43,2),(788,566,43,2),(31,20,44,3),(495,324,44,3),(715,493,44,2),(745,523,44,2),(600,401,45,3),(780,558,45,2),(58,36,46,3),(440,286,46,3),(497,325,46,3),(233,152,47,3),(250,163,47,3),(617,413,47,3),(783,561,47,2),(51,32,48,3),(216,140,49,3),(537,353,49,3),(649,435,49,3),(768,546,49,2),(274,179,50,3),(156,103,52,3),(308,201,52,3),(635,425,52,3),(96,60,53,3),(206,132,53,3),(323,211,53,3),(579,387,53,3),(45,29,54,3),(542,356,54,3),(584,390,54,3),(94,59,56,3),(298,193,56,3),(417,270,56,3),(423,274,57,3),(468,306,57,3),(20,13,58,3),(165,108,58,3),(387,251,58,3),(457,299,58,3),(47,30,59,3),(1,1,61,2),(3,2,61,2),(4,3,61,2),(6,4,61,2),(8,5,61,2),(9,6,61,2),(11,7,61,2),(12,7,61,3),(13,8,61,2),(14,9,61,2),(15,10,61,2),(16,11,61,2),(17,12,61,2),(19,13,61,2),(21,14,61,2),(23,15,61,2),(24,16,61,2),(25,17,61,2),(27,18,61,2),(28,19,61,2),(30,20,61,2),(32,21,61,2),(33,22,61,2),(35,23,61,2),(36,24,61,2),(37,25,61,2),(39,26,61,2),(40,27,61,2),(42,28,61,2),(44,29,61,2),(46,30,61,2),(48,31,61,2),(50,32,61,2),(52,33,61,2),(53,34,61,2),(55,35,61,2),(57,36,61,2),(59,37,61,2),(61,38,61,2),(62,39,61,2),(64,40,61,2),(65,41,61,2),(66,42,61,2),(68,43,61,2),(69,44,61,2),(70,45,61,2),(71,46,61,2),(73,47,61,2),(75,48,61,2),(77,49,61,2),(78,50,61,2),(79,51,61,2),(80,52,61,2),(82,53,61,2),(83,54,61,2),(85,55,61,2),(87,56,61,2),(89,57,61,2),(91,58,61,2),(93,59,61,2),(95,60,61,2),(97,61,61,2),(98,62,61,2),(100,63,61,2),(102,64,61,2),(103,65,61,2),(105,66,61,2),(106,67,61,2),(107,68,61,2),(108,69,61,2),(110,70,61,2),(112,71,61,2),(113,72,61,2),(114,73,61,2),(115,74,61,2),(116,75,61,2),(118,76,61,2),(120,77,61,2),(121,78,61,2),(123,79,61,2),(125,80,61,2),(126,81,61,2),(127,82,61,2),(128,83,61,2),(129,84,61,2),(130,85,61,2),(132,86,61,2),(134,87,61,2),(135,88,61,2),(137,89,61,2),(138,90,61,2),(139,91,61,2),(140,92,61,2),(141,93,61,2),(143,94,61,2),(145,95,61,2),(146,96,61,2),(148,97,61,2),(150,98,61,2),(151,99,61,2),(152,100,61,2),(153,101,61,2),(154,102,61,2),(155,103,61,2),(157,104,61,2),(159,105,61,2),(161,106,61,2),(162,107,61,2),(164,108,61,2),(166,109,61,2),(167,110,61,2),(168,111,61,2),(170,112,61,2),(172,113,61,2),(173,114,61,2),(175,115,61,2),(177,116,61,2),(179,117,61,2),(181,118,61,2),(183,119,61,2),(185,120,61,2),(187,121,61,2),(189,122,61,2),(191,123,61,2),(193,124,61,2),(195,125,61,2),(197,126,61,2),(198,127,61,2),(199,128,61,2),(200,129,61,2),(202,130,61,2),(204,131,61,2),(205,132,61,2),(207,133,61,2),(209,134,61,2),(210,135,61,2),(211,136,61,2),(212,137,61,2),(213,138,61,2),(214,139,61,2),(215,140,61,2),(217,141,61,2),(218,142,61,2),(220,143,61,2),(221,144,61,2),(223,145,61,2),(224,146,61,2),(226,147,61,2),(227,148,61,2),(229,149,61,2),(230,150,61,2),(561,372,61,3),(49,31,62,3),(235,153,62,3),(88,56,63,3),(109,69,63,3),(231,151,63,2),(232,152,63,2),(234,153,63,2),(236,154,63,2),(237,155,63,2),(238,156,63,2),(240,157,63,2),(241,158,63,2),(243,159,63,2),(244,160,63,2),(246,161,63,2),(248,162,63,2),(249,163,63,2),(251,164,63,2),(253,165,63,2),(255,166,63,2),(256,167,63,2),(258,168,63,2),(259,169,63,2),(261,170,63,2),(262,171,63,2),(264,172,63,2),(266,173,63,2),(267,174,63,2),(269,175,63,2),(270,176,63,2),(271,177,63,2),(272,178,63,2),(273,179,63,2),(275,180,63,2),(277,181,63,2),(278,182,63,2),(280,183,63,2),(282,184,63,2),(284,185,63,2),(285,186,63,2),(287,187,63,2),(289,188,63,2),(291,189,63,2),(292,190,63,2),(294,191,63,2),(296,192,63,2),(297,193,63,2),(299,194,63,2),(300,195,63,2),(301,196,63,2),(302,197,63,2),(303,198,63,2),(304,199,63,2),(306,200,63,2),(307,201,63,2),(309,202,63,2),(311,203,63,2),(313,204,63,2),(314,205,63,2),(315,206,63,2),(316,207,63,2),(317,208,63,2),(318,209,63,2),(320,210,63,2),(322,211,63,2),(324,212,63,2),(325,213,63,2),(326,214,63,2),(328,215,63,2),(329,216,63,2),(330,217,63,2),(331,218,63,2),(333,219,63,2),(334,220,63,2),(336,221,63,2),(338,222,63,2),(340,223,63,2),(342,224,63,2),(343,225,63,2),(345,226,63,2),(347,227,63,2),(349,228,63,2),(351,229,63,2),(352,230,63,2),(354,231,63,2),(355,232,63,2),(356,233,63,2),(358,234,63,2),(359,235,63,2),(360,236,63,2),(362,237,63,2),(364,238,63,2),(366,239,63,2),(367,240,63,2),(368,241,63,2),(370,242,63,2),(372,243,63,2),(374,244,63,2),(376,245,63,2),(377,246,63,2),(379,247,63,2),(381,248,63,2),(382,249,63,2),(384,250,63,2),(386,251,63,2),(388,252,63,2),(389,253,63,2),(390,254,63,2),(392,255,63,2),(393,256,63,2),(395,257,63,2),(397,258,63,2),(399,259,63,2),(401,260,63,2),(402,261,63,2),(404,262,63,2),(405,263,63,2),(407,264,63,2),(408,265,63,2),(410,266,63,2),(411,267,63,2),(412,268,63,2),(414,269,63,2),(416,270,63,2),(418,271,63,2),(419,272,63,2),(420,273,63,2),(422,274,63,2),(424,275,63,2),(425,276,63,2),(427,277,63,2),(428,278,63,2),(429,279,63,2),(431,280,63,2),(432,281,63,2),(433,282,63,2),(434,283,63,2),(436,284,63,2),(438,285,63,2),(439,286,63,2),(441,287,63,2),(442,288,63,2),(443,289,63,2),(444,290,63,2),(445,291,63,2),(447,292,63,2),(448,293,63,2),(449,294,63,2),(450,295,63,2),(452,296,63,2),(454,297,63,2),(455,298,63,2),(456,299,63,2),(458,300,63,2),(515,338,63,3),(587,392,63,3),(653,438,64,3),(144,94,65,3),(247,161,65,3),(626,419,65,3),(327,214,66,3),(539,354,66,3),(641,429,66,3),(669,447,66,3),(773,551,66,2),(335,220,67,3),(398,258,67,3),(437,284,67,3),(464,304,67,3),(18,12,68,3),(451,295,68,3),(590,394,68,3),(194,124,69,3),(196,125,69,3),(239,156,69,3),(596,398,69,3),(694,472,69,2),(724,502,69,2),(789,567,69,2),(133,86,70,3),(142,93,70,3),(466,305,70,3),(480,315,70,3),(203,130,71,3),(219,142,71,3),(682,460,71,2),(225,146,72,3),(67,42,74,3),(147,96,74,3),(518,340,74,3),(582,389,74,3),(667,446,74,3),(7,4,75,3),(124,79,75,3),(482,316,75,3),(488,320,75,3),(697,475,75,2),(727,505,75,2),(791,569,75,2),(293,190,76,3),(365,238,77,3),(369,241,77,3),(756,534,77,2),(99,62,78,3),(131,85,78,3),(149,97,78,3),(86,55,79,3),(310,202,79,3),(158,104,80,3),(171,112,80,3),(190,122,80,3),(332,218,80,3),(373,243,80,3),(529,347,80,3),(647,434,80,3),(707,485,80,2),(737,515,80,2),(413,268,81,3),(771,549,81,2),(92,58,82,3),(403,261,82,3),(523,343,82,3),(679,457,82,2),(34,22,83,3),(350,228,84,3),(624,418,84,3),(385,250,85,3),(758,536,85,2),(176,115,86,3),(201,129,86,3),(254,165,86,3),(658,441,86,3),(753,531,86,2),(22,14,87,3),(761,539,87,2),(337,221,88,3),(163,107,89,3),(263,171,89,3),(290,188,89,3),(701,479,89,2),(731,509,89,2),(54,34,90,3),(319,209,91,3),(344,225,91,3),(435,283,91,3),(785,563,91,2),(265,172,92,3),(312,203,92,3),(572,382,92,3),(680,458,92,2),(406,263,93,3),(446,291,93,3),(769,547,93,2),(486,319,94,3),(493,323,94,3),(186,120,95,3),(609,407,95,3),(10,6,96,3),(182,118,97,3),(321,210,97,3),(629,421,97,3),(76,48,98,3),(400,259,98,3),(491,322,98,3),(555,368,98,3),(693,471,98,2),(723,501,98,2),(509,333,99,3),(656,440,99,3),(38,25,100,3),(520,341,100,3),(575,384,100,3),(60,37,101,3),(279,182,101,3),(754,532,101,2),(689,467,106,2),(719,497,106,2),(792,570,110,2),(702,480,111,2),(732,510,111,2),(748,526,111,2),(775,553,112,2),(786,564,114,2),(751,529,115,2),(708,486,126,2),(738,516,126,2),(777,555,127,2),(787,565,130,2),(772,550,131,2),(687,465,132,2),(717,495,132,2),(760,538,134,2),(779,557,136,2),(459,301,140,2),(460,302,140,2),(461,303,140,2),(463,304,140,2),(465,305,140,2),(467,306,140,2),(469,307,140,2),(470,308,140,2),(472,309,140,2),(473,310,140,2),(474,311,140,2),(476,312,140,2),(477,313,140,2),(478,314,140,2),(479,315,140,2),(481,316,140,2),(483,317,140,2),(484,318,140,2),(485,319,140,2),(487,320,140,2),(489,321,140,2),(490,322,140,2),(492,323,140,2),(494,324,140,2),(496,325,140,2),(498,326,140,2),(499,327,140,2),(501,328,140,2),(502,329,140,2),(504,330,140,2),(506,331,140,2),(507,332,140,2),(508,333,140,2),(510,334,140,2),(511,335,140,2),(512,336,140,2),(513,337,140,2),(514,338,140,2),(516,339,140,2),(517,340,140,2),(519,341,140,2),(521,342,140,2),(522,343,140,2),(524,344,140,2),(526,345,140,2),(527,346,140,2),(528,347,140,2),(530,348,140,2),(532,349,140,2),(533,350,140,2),(534,351,140,2),(535,352,140,2),(536,353,140,2),(538,354,140,2),(540,355,140,2),(541,356,140,2),(543,357,140,2),(544,358,140,2),(545,359,140,2),(546,360,140,2),(547,361,140,2),(548,362,140,2),(549,363,140,2),(550,364,140,2),(551,365,140,2),(552,366,140,2),(553,367,140,2),(554,368,140,2),(556,369,140,2),(558,370,140,2),(559,371,140,2),(560,372,140,2),(562,373,140,2),(563,374,140,2),(564,375,140,2),(565,376,140,2),(566,377,140,2),(567,378,140,2),(568,379,140,2),(569,380,140,2),(570,381,140,2),(571,382,140,2),(573,383,140,2),(574,384,140,2),(576,385,140,2),(577,386,140,2),(578,387,140,2),(580,388,140,2),(581,389,140,2),(583,390,140,2),(585,391,140,2),(586,392,140,2),(588,393,140,2),(589,394,140,2),(591,395,140,2),(592,396,140,2),(594,397,140,2),(595,398,140,2),(597,399,140,2),(598,400,140,2),(599,401,140,2),(601,402,140,2),(602,403,140,2),(604,404,140,2),(605,405,140,2),(606,406,140,2),(608,407,140,2),(610,408,140,2),(611,409,140,2),(612,410,140,2),(614,411,140,2),(615,412,140,2),(616,413,140,2),(618,414,140,2),(619,415,140,2),(620,416,140,2),(621,417,140,2),(623,418,140,2),(625,419,140,2),(627,420,140,2),(628,421,140,2),(630,422,140,2),(631,423,140,2),(633,424,140,2),(634,425,140,2),(636,426,140,2),(637,427,140,2),(639,428,140,2),(640,429,140,2),(642,430,140,2),(643,431,140,2),(644,432,140,2),(645,433,140,2),(646,434,140,2),(648,435,140,2),(650,436,140,2),(651,437,140,2),(652,438,140,2),(654,439,140,2),(655,440,140,2),(657,441,140,2),(659,442,140,2),(661,443,140,2),(662,444,140,2),(664,445,140,2),(666,446,140,2),(668,447,140,2),(670,448,140,2),(671,449,140,2),(672,450,140,2),(710,488,141,2),(740,518,141,2),(688,466,142,2),(718,496,142,2),(796,574,142,2),(778,556,154,2),(692,470,155,2),(722,500,155,2),(766,544,155,2),(767,545,160,2),(698,476,163,2),(728,506,163,2),(793,571,166,2),(764,542,167,2),(714,492,170,2),(744,522,170,2),(690,468,173,2),(720,498,173,2),(790,568,173,2),(705,483,177,2),(735,513,177,2),(691,469,179,2),(721,499,179,2),(781,559,179,2),(782,560,181,2),(711,489,183,2),(741,519,183,2),(795,573,184,2),(713,491,185,2),(743,521,185,2),(750,528,185,2),(755,533,188,2),(704,482,192,2),(734,512,192,2),(765,543,193,2),(757,535,194,2),(699,477,197,2),(729,507,197,2);
/*!40000 ALTER TABLE `civicrm_activity_contact` ENABLE KEYS */;
UNLOCK TABLES;

--
-- Dumping data for table `civicrm_address`
--

LOCK TABLES `civicrm_address` WRITE;
/*!40000 ALTER TABLE `civicrm_address` DISABLE KEYS */;
INSERT INTO `civicrm_address` (`id`, `contact_id`, `location_type_id`, `is_primary`, `is_billing`, `street_address`, `street_number`, `street_number_suffix`, `street_number_predirectional`, `street_name`, `street_type`, `street_number_postdirectional`, `street_unit`, `supplemental_address_1`, `supplemental_address_2`, `supplemental_address_3`, `city`, `county_id`, `state_province_id`, `postal_code_suffix`, `postal_code`, `usps_adc`, `country_id`, `geo_code_1`, `geo_code_2`, `manual_geo_code`, `timezone`, `name`, `master_id`) VALUES (1,200,1,1,0,'731R Woodbridge Pl NE',731,'R',NULL,'Woodbridge','Pl','NE',NULL,NULL,NULL,NULL,'Wann',1,1035,NULL,'74083',NULL,1228,36.935821,-95.78336,0,NULL,NULL,NULL),(2,140,1,1,0,'937H Lincoln Way S',937,'H',NULL,'Lincoln','Way','S',NULL,NULL,NULL,NULL,'Tonalea',1,1002,NULL,'86044',NULL,1228,36.507554,-110.86804,0,NULL,NULL,NULL),(3,164,1,1,0,'402R Northpoint Pl E',402,'R',NULL,'Northpoint','Pl','E',NULL,NULL,NULL,NULL,'Louisville',1,1016,NULL,'40243',NULL,1228,38.237155,-85.53657,0,NULL,NULL,NULL),(4,79,1,1,0,'865M Caulder Ave W',865,'M',NULL,'Caulder','Ave','W',NULL,NULL,NULL,NULL,'Johnstown',1,1037,NULL,'15902',NULL,1228,40.309087,-78.90069,0,NULL,NULL,NULL),(5,73,1,1,0,'482I Cadell Blvd NW',482,'I',NULL,'Cadell','Blvd','NW',NULL,NULL,NULL,NULL,'Acushnet',1,1020,NULL,'02743',NULL,1228,41.697015,-70.91019,0,NULL,NULL,NULL),(6,110,1,1,0,'773B Maple Pl S',773,'B',NULL,'Maple','Pl','S',NULL,NULL,NULL,NULL,'Maybrook',1,1031,NULL,'12543',NULL,1228,41.484988,-74.2161,0,NULL,NULL,NULL),(7,70,1,1,0,'904J States St SW',904,'J',NULL,'States','St','SW',NULL,NULL,NULL,NULL,'Port Byron',1,1031,NULL,'13140',NULL,1228,43.049797,-76.66055,0,NULL,NULL,NULL),(8,50,1,1,0,'318M Cadell Way SW',318,'M',NULL,'Cadell','Way','SW',NULL,NULL,NULL,NULL,'Harbor View',1,1034,NULL,'43434',NULL,1228,41.645699,-83.620233,0,NULL,NULL,NULL),(9,82,1,1,0,'713D Van Ness Blvd W',713,'D',NULL,'Van Ness','Blvd','W',NULL,NULL,NULL,NULL,'Lindon',1,1043,NULL,'84042',NULL,1228,40.338552,-111.7162,0,NULL,NULL,NULL),(10,69,1,1,0,'760Y Lincoln Ln N',760,'Y',NULL,'Lincoln','Ln','N',NULL,NULL,NULL,NULL,'Orlando',1,1008,NULL,'32859',NULL,1228,28.442926,-81.402613,0,NULL,NULL,NULL),(11,183,1,1,0,'610B Maple St E',610,'B',NULL,'Maple','St','E',NULL,NULL,NULL,NULL,'Placida',1,1008,NULL,'33946',NULL,1228,26.849473,-82.28661,0,NULL,NULL,NULL),(12,107,1,1,0,'708M Martin Luther King Ln NW',708,'M',NULL,'Martin Luther King','Ln','NW',NULL,NULL,NULL,NULL,'Merrifield',1,1045,NULL,'22120',NULL,1228,38.831813,-77.288755,0,NULL,NULL,NULL),(13,83,1,1,0,'986Q Dowlen Path E',986,'Q',NULL,'Dowlen','Path','E',NULL,NULL,NULL,NULL,'Winchester',1,1020,NULL,'01890',NULL,1228,42.451945,-71.14276,0,NULL,NULL,NULL),(14,60,1,1,0,'71E Dowlen St NE',71,'E',NULL,'Dowlen','St','NE',NULL,NULL,NULL,NULL,'Wilmington',1,1007,NULL,'19804',NULL,1228,39.721062,-75.60806,0,NULL,NULL,NULL),(15,40,1,1,0,'630C Maple Path SE',630,'C',NULL,'Maple','Path','SE',NULL,NULL,NULL,NULL,'Milnesand',1,1030,NULL,'88125',NULL,1228,33.628946,-103.1837,0,NULL,NULL,NULL),(16,148,1,1,0,'754I Northpoint Blvd NE',754,'I',NULL,'Northpoint','Blvd','NE',NULL,NULL,NULL,NULL,'Hamilton',1,1009,NULL,'31811',NULL,1228,32.722333,-84.95803,0,NULL,NULL,NULL),(17,5,1,1,0,'683L Caulder Ln W',683,'L',NULL,'Caulder','Ln','W',NULL,NULL,NULL,NULL,'Augusta',1,1025,NULL,'59410',NULL,1228,47.503261,-112.48018,0,NULL,NULL,NULL),(18,86,1,1,0,'273E Woodbridge Dr SE',273,'E',NULL,'Woodbridge','Dr','SE',NULL,NULL,NULL,NULL,'Blanford',1,1013,NULL,'47831',NULL,1228,39.877847,-87.443566,0,NULL,NULL,NULL),(19,67,1,1,0,'529G Maple Rd NW',529,'G',NULL,'Maple','Rd','NW',NULL,NULL,NULL,NULL,'Kirkwood',1,1012,NULL,'61447',NULL,1228,40.867285,-90.75759,0,NULL,NULL,NULL),(20,93,1,1,0,'304C Maple Path SW',304,'C',NULL,'Maple','Path','SW',NULL,NULL,NULL,NULL,'Gaithersburg',1,1019,NULL,'20884',NULL,1228,39.143979,-77.207617,0,NULL,NULL,NULL),(21,167,1,1,0,'266O Maple Blvd SE',266,'O',NULL,'Maple','Blvd','SE',NULL,NULL,NULL,NULL,'Gray',1,1016,NULL,'40734',NULL,1228,36.930995,-83.98146,0,NULL,NULL,NULL),(22,22,1,1,0,'776J Maple Rd S',776,'J',NULL,'Maple','Rd','S',NULL,NULL,NULL,NULL,'Snoqualmie',1,1046,NULL,'98065',NULL,1228,47.530639,-121.83053,0,NULL,NULL,NULL),(23,53,1,1,0,'916I Green Blvd SE',916,'I',NULL,'Green','Blvd','SE',NULL,NULL,NULL,NULL,'Easthampton',1,1020,NULL,'01027',NULL,1228,42.27279,-72.68677,0,NULL,NULL,NULL),(24,56,1,1,0,'443G Van Ness Pl NE',443,'G',NULL,'Van Ness','Pl','NE',NULL,NULL,NULL,NULL,'Duke',1,1035,NULL,'73532',NULL,1228,34.649815,-99.55555,0,NULL,NULL,NULL),(25,94,1,1,0,'384T College St NE',384,'T',NULL,'College','St','NE',NULL,NULL,NULL,NULL,'Sherrill',1,1003,NULL,'72152',NULL,1228,34.352844,-91.98078,0,NULL,NULL,NULL),(26,159,1,1,0,'803D Van Ness Blvd NE',803,'D',NULL,'Van Ness','Blvd','NE',NULL,NULL,NULL,NULL,'Glen Allen',1,1045,NULL,'23060',NULL,1228,37.661647,-77.52632,0,NULL,NULL,NULL),(27,114,1,1,0,'60Z Beech Blvd SE',60,'Z',NULL,'Beech','Blvd','SE',NULL,NULL,NULL,NULL,'Honeydew',1,1004,NULL,'95545',NULL,1228,40.281369,-124.08998,0,NULL,NULL,NULL),(28,90,1,1,0,'950D Dowlen Path NW',950,'D',NULL,'Dowlen','Path','NW',NULL,NULL,NULL,NULL,'Flower Mound',1,1042,NULL,'75027',NULL,1228,33.20743,-97.116282,0,NULL,NULL,NULL),(29,142,1,1,0,'648W Northpoint Pl SW',648,'W',NULL,'Northpoint','Pl','SW',NULL,NULL,NULL,NULL,'Walla Walla',1,1036,NULL,'99362',NULL,1228,45.986775,-118.07919,0,NULL,NULL,NULL),(30,195,1,1,0,'108G College Ave W',108,'G',NULL,'College','Ave','W',NULL,NULL,NULL,NULL,'Minburn',1,1014,NULL,'50167',NULL,1228,41.750745,-94.04659,0,NULL,NULL,NULL),(31,184,1,1,0,'981S El Camino Pl E',981,'S',NULL,'El Camino','Pl','E',NULL,NULL,NULL,NULL,'Charlotte',1,1032,NULL,'28222',NULL,1228,35.26002,-80.804151,0,NULL,NULL,NULL),(32,172,1,1,0,'985H Dowlen Blvd NW',985,'H',NULL,'Dowlen','Blvd','NW',NULL,NULL,NULL,NULL,'Sacaton',1,1002,NULL,'85247',NULL,1228,33.107581,-111.75128,0,NULL,NULL,NULL),(33,3,1,1,0,'534G Caulder Path E',534,'G',NULL,'Caulder','Path','E',NULL,NULL,NULL,NULL,'Branchland',1,1047,NULL,'25506',NULL,1228,38.214232,-82.191,0,NULL,NULL,NULL),(34,48,1,1,0,'742Q Bay Ave N',742,'Q',NULL,'Bay','Ave','N',NULL,NULL,NULL,NULL,'Cataldo',1,1011,NULL,'83810',NULL,1228,47.532742,-116.46535,0,NULL,NULL,NULL),(35,132,1,1,0,'942K States Dr NE',942,'K',NULL,'States','Dr','NE',NULL,NULL,NULL,NULL,'Palmer Lake',1,1005,NULL,'80133',NULL,1228,39.113371,-104.90493,0,NULL,NULL,NULL),(36,120,1,1,0,'990G Maple Blvd NE',990,'G',NULL,'Maple','Blvd','NE',NULL,NULL,NULL,NULL,'Burlington',1,1016,NULL,'41005',NULL,1228,39.020466,-84.74158,0,NULL,NULL,NULL),(37,36,1,1,0,'392U Dowlen Ln SE',392,'U',NULL,'Dowlen','Ln','SE',NULL,NULL,NULL,NULL,'Houston',1,1042,NULL,'77075',NULL,1228,29.620881,-95.26018,0,NULL,NULL,NULL),(38,121,1,1,0,'165E Second Ln N',165,'E',NULL,'Second','Ln','N',NULL,NULL,NULL,NULL,'New Kingston',1,1031,NULL,'12459',NULL,1228,42.227987,-74.68912,0,NULL,NULL,NULL),(39,18,1,1,0,'61Q Bay Pl S',61,'Q',NULL,'Bay','Pl','S',NULL,NULL,NULL,NULL,'Greensboro',1,1019,NULL,'21639',NULL,1228,38.971566,-75.80107,0,NULL,NULL,NULL),(40,190,1,1,0,'857G Bay Path E',857,'G',NULL,'Bay','Path','E',NULL,NULL,NULL,NULL,'Monroe',1,1009,NULL,'30656',NULL,1228,33.857423,-83.71899,0,NULL,NULL,NULL),(41,57,1,1,0,'938M Pine Way SE',938,'M',NULL,'Pine','Way','SE',NULL,NULL,NULL,NULL,'Maysville',1,1035,NULL,'73057',NULL,1228,34.828663,-97.42481,0,NULL,NULL,NULL),(42,152,1,1,0,'394C Green Dr E',394,'C',NULL,'Green','Dr','E',NULL,NULL,NULL,NULL,'Hurley',1,1030,NULL,'88043',NULL,1228,32.673398,-108.11625,0,NULL,NULL,NULL),(43,168,1,1,0,'922M Pine Path W',922,'M',NULL,'Pine','Path','W',NULL,NULL,NULL,NULL,'Erie',1,1037,NULL,'16514',NULL,1228,42.182748,-80.064915,0,NULL,NULL,NULL),(44,137,1,1,0,'865R Main Blvd NE',865,'R',NULL,'Main','Blvd','NE',NULL,NULL,NULL,NULL,'Elizabeth',1,1013,NULL,'47117',NULL,1228,38.12173,-85.97453,0,NULL,NULL,NULL),(45,117,1,1,0,'968F Woodbridge Ln W',968,'F',NULL,'Woodbridge','Ln','W',NULL,NULL,NULL,NULL,'Gem',1,1015,NULL,'67734',NULL,1228,39.488765,-100.89755,0,NULL,NULL,NULL),(46,115,1,1,0,'218O Jackson Way S',218,'O',NULL,'Jackson','Way','S',NULL,NULL,NULL,NULL,'Baltimore',1,1019,NULL,'21284',NULL,1228,39.438964,-76.592139,0,NULL,NULL,NULL),(47,35,1,1,0,'448A Cadell Ln E',448,'A',NULL,'Cadell','Ln','E',NULL,NULL,NULL,NULL,'San Bernardino',1,1004,NULL,'92416',NULL,1228,34.839964,-115.967051,0,NULL,NULL,NULL),(48,16,1,1,0,'372J Woodbridge Ave NE',372,'J',NULL,'Woodbridge','Ave','NE',NULL,NULL,NULL,NULL,'Sparks',1,1035,NULL,'74869',NULL,1228,35.601113,-96.7777,0,NULL,NULL,NULL),(49,19,1,1,0,'676S Woodbridge Ln NE',676,'S',NULL,'Woodbridge','Ln','NE',NULL,NULL,NULL,NULL,'Arkville',1,1031,NULL,'12406',NULL,1228,42.130111,-74.57574,0,NULL,NULL,NULL),(50,182,1,1,0,'770M States Ave E',770,'M',NULL,'States','Ave','E',NULL,NULL,NULL,NULL,'Arkoma',1,1035,NULL,'74901',NULL,1228,35.347792,-94.44274,0,NULL,NULL,NULL),(51,141,1,1,0,'405F Caulder Dr W',405,'F',NULL,'Caulder','Dr','W',NULL,NULL,NULL,NULL,'Hawaiian Gardens',1,1004,NULL,'90716',NULL,1228,33.828565,-118.07364,0,NULL,NULL,NULL),(52,131,1,1,0,'949S Martin Luther King Ave NE',949,'S',NULL,'Martin Luther King','Ave','NE',NULL,NULL,NULL,NULL,'Johnstown',1,1037,NULL,'15909',NULL,1228,40.36344,-78.87674,0,NULL,NULL,NULL),(53,161,1,1,0,'999P El Camino Way SE',999,'P',NULL,'El Camino','Way','SE',NULL,NULL,NULL,NULL,'Columbus',1,1023,NULL,'39710',NULL,1228,33.51633,-88.460083,0,NULL,NULL,NULL),(54,136,1,1,0,'916R Bay Ln NE',916,'R',NULL,'Bay','Ln','NE',NULL,NULL,NULL,NULL,'Hazelton',1,1011,NULL,'83335',NULL,1228,42.599276,-114.05941,0,NULL,NULL,NULL),(55,65,1,1,0,'914Q States Ln N',914,'Q',NULL,'States','Ln','N',NULL,NULL,NULL,NULL,'Ogden',1,1043,NULL,'84402',NULL,1228,41.255285,-111.956721,0,NULL,NULL,NULL),(56,100,1,1,0,'729Q Dowlen Ln N',729,'Q',NULL,'Dowlen','Ln','N',NULL,NULL,NULL,NULL,'Petaluma',1,1004,NULL,'94953',NULL,1228,38.463088,-122.989975,0,NULL,NULL,NULL),(57,29,1,1,0,'89T Main St N',89,'T',NULL,'Main','St','N',NULL,NULL,NULL,NULL,'Menlo Park',1,1004,NULL,'94025',NULL,1228,37.451688,-122.18385,0,NULL,NULL,NULL),(58,157,1,1,0,'573N Woodbridge Ln S',573,'N',NULL,'Woodbridge','Ln','S',NULL,NULL,NULL,NULL,'Old Orchard Beach',1,1018,NULL,'04064',NULL,1228,43.514864,-70.3856,0,NULL,NULL,NULL),(59,72,1,1,0,'675T Pine Blvd NW',675,'T',NULL,'Pine','Blvd','NW',NULL,NULL,NULL,NULL,'Stewartville',1,1022,NULL,'55976',NULL,1228,43.862105,-92.49849,0,NULL,NULL,NULL),(60,85,1,1,0,'791E Main Rd S',791,'E',NULL,'Main','Rd','S',NULL,NULL,NULL,NULL,'Fox Valley',1,1012,NULL,'60597',NULL,1228,41.839679,-88.088716,0,NULL,NULL,NULL),(61,71,1,1,0,'237O El Camino St NE',237,'O',NULL,'El Camino','St','NE',NULL,NULL,NULL,NULL,'Buchanan Dam',1,1042,NULL,'78609',NULL,1228,30.744225,-98.43167,0,NULL,NULL,NULL),(62,166,1,1,0,'515I Woodbridge Blvd E',515,'I',NULL,'Woodbridge','Blvd','E',NULL,NULL,NULL,NULL,'Wyco',1,1047,NULL,'25943',NULL,1228,37.603344,-81.53998,0,NULL,NULL,NULL),(63,43,1,1,0,'792B Pine Ave SE',792,'B',NULL,'Pine','Ave','SE',NULL,NULL,NULL,NULL,'Munster',1,1013,NULL,'46321',NULL,1228,41.551457,-87.50143,0,NULL,NULL,NULL),(64,118,1,1,0,'654T Van Ness Ave S',654,'T',NULL,'Van Ness','Ave','S',NULL,NULL,NULL,NULL,'Lincoln',1,1026,NULL,'68502',NULL,1228,40.789051,-96.69589,0,NULL,NULL,NULL),(65,146,1,1,0,'515O Woodbridge Way E',515,'O',NULL,'Woodbridge','Way','E',NULL,NULL,NULL,NULL,'Onaway',1,1021,NULL,'49765',NULL,1228,45.354463,-84.23956,0,NULL,NULL,NULL),(66,102,1,1,0,'42M Bay Dr S',42,'M',NULL,'Bay','Dr','S',NULL,NULL,NULL,NULL,'Wayne',1,1037,NULL,'19080',NULL,1228,40.043201,-75.357678,0,NULL,NULL,NULL),(67,186,1,1,0,'503S Dowlen Dr E',503,'S',NULL,'Dowlen','Dr','E',NULL,NULL,NULL,NULL,'Carlock',1,1012,NULL,'61725',NULL,1228,40.600045,-89.13627,0,NULL,NULL,NULL),(68,26,1,1,0,'635R Maple Path E',635,'R',NULL,'Maple','Path','E',NULL,NULL,NULL,NULL,'Mio',1,1021,NULL,'48647',NULL,1228,44.654024,-84.10388,0,NULL,NULL,NULL),(69,113,1,1,0,'891D Second Way S',891,'D',NULL,'Second','Way','S',NULL,NULL,NULL,NULL,'Sedona',1,1002,NULL,'86336',NULL,1228,34.876638,-111.80666,0,NULL,NULL,NULL),(70,45,1,1,0,'803E Van Ness Ln NW',803,'E',NULL,'Van Ness','Ln','NW',NULL,NULL,NULL,NULL,'South Bend',1,1013,NULL,'46617',NULL,1228,41.684504,-86.23576,0,NULL,NULL,NULL),(71,169,1,1,0,'803R Second Ln E',803,'R',NULL,'Second','Ln','E',NULL,NULL,NULL,NULL,'Capulin',1,1030,NULL,'88414',NULL,1228,36.740696,-103.99329,0,NULL,NULL,NULL),(72,7,3,1,0,'599V Beech Way W',599,'V',NULL,'Beech','Way','W',NULL,'Editorial Dept',NULL,NULL,'Viroqua',1,1048,NULL,'54665',NULL,1228,43.543934,-90.89904,0,NULL,NULL,NULL),(73,185,2,1,0,'599V Beech Way W',599,'V',NULL,'Beech','Way','W',NULL,'Editorial Dept',NULL,NULL,'Viroqua',1,1048,NULL,'54665',NULL,1228,43.543934,-90.89904,0,NULL,NULL,72),(74,27,3,1,0,'526G Main Path E',526,'G',NULL,'Main','Path','E',NULL,'Payables Dept.',NULL,NULL,'Mohler',1,1046,NULL,'99154',NULL,1228,47.376884,-118.3799,0,NULL,NULL,NULL),(75,162,2,1,0,'526G Main Path E',526,'G',NULL,'Main','Path','E',NULL,'Payables Dept.',NULL,NULL,'Mohler',1,1046,NULL,'99154',NULL,1228,47.376884,-118.3799,0,NULL,NULL,74),(76,31,3,1,0,'194Z Main Path NE',194,'Z',NULL,'Main','Path','NE',NULL,'Attn: Accounting',NULL,NULL,'East Point',1,1009,NULL,'30444',NULL,1228,33.696073,-84.450276,0,NULL,NULL,NULL),(77,18,2,0,0,'194Z Main Path NE',194,'Z',NULL,'Main','Path','NE',NULL,'Attn: Accounting',NULL,NULL,'East Point',1,1009,NULL,'30444',NULL,1228,33.696073,-84.450276,0,NULL,NULL,76),(78,96,3,1,0,'274Q Van Ness St NW',274,'Q',NULL,'Van Ness','St','NW',NULL,'Editorial Dept',NULL,NULL,'Woodburn',1,1013,NULL,'46797',NULL,1228,41.129274,-84.86982,0,NULL,NULL,NULL),(79,17,3,1,0,'447Z College Way N',447,'Z',NULL,'College','Way','N',NULL,'Subscriptions Dept',NULL,NULL,'Galesburg',1,1015,NULL,'66740',NULL,1228,37.464733,-95.37039,0,NULL,NULL,NULL),(80,137,2,0,0,'447Z College Way N',447,'Z',NULL,'College','Way','N',NULL,'Subscriptions Dept',NULL,NULL,'Galesburg',1,1015,NULL,'66740',NULL,1228,37.464733,-95.37039,0,NULL,NULL,79),(81,124,3,1,0,'331P Bay Ave S',331,'P',NULL,'Bay','Ave','S',NULL,'Community Relations',NULL,NULL,'Altus',1,1035,NULL,'73522',NULL,1228,34.723795,-99.383928,0,NULL,NULL,NULL),(82,90,2,0,0,'331P Bay Ave S',331,'P',NULL,'Bay','Ave','S',NULL,'Community Relations',NULL,NULL,'Altus',1,1035,NULL,'73522',NULL,1228,34.723795,-99.383928,0,NULL,NULL,81),(83,42,3,1,0,'388H Maple Blvd NE',388,'H',NULL,'Maple','Blvd','NE',NULL,'Donor Relations',NULL,NULL,'Hialeah',1,1008,NULL,'33011',NULL,1228,25.558428,-80.458168,0,NULL,NULL,NULL),(84,15,2,1,0,'388H Maple Blvd NE',388,'H',NULL,'Maple','Blvd','NE',NULL,'Donor Relations',NULL,NULL,'Hialeah',1,1008,NULL,'33011',NULL,1228,25.558428,-80.458168,0,NULL,NULL,83),(85,4,3,1,0,'622A El Camino Ln SE',622,'A',NULL,'El Camino','Ln','SE',NULL,'Urgent',NULL,NULL,'Bearsville',1,1031,NULL,'12409',NULL,1228,42.061841,-74.16063,0,NULL,NULL,NULL),(86,117,2,0,0,'622A El Camino Ln SE',622,'A',NULL,'El Camino','Ln','SE',NULL,'Urgent',NULL,NULL,'Bearsville',1,1031,NULL,'12409',NULL,1228,42.061841,-74.16063,0,NULL,NULL,85),(87,28,3,1,0,'88G Van Ness St SE',88,'G',NULL,'Van Ness','St','SE',NULL,'c/o OPDC',NULL,NULL,'La Crosse',1,1045,NULL,'23950',NULL,1228,36.678507,-78.08098,0,NULL,NULL,NULL),(88,132,2,0,0,'88G Van Ness St SE',88,'G',NULL,'Van Ness','St','SE',NULL,'c/o OPDC',NULL,NULL,'La Crosse',1,1045,NULL,'23950',NULL,1228,36.678507,-78.08098,0,NULL,NULL,87),(89,64,3,1,0,'612I Green Ave N',612,'I',NULL,'Green','Ave','N',NULL,'Churchgate',NULL,NULL,'Queenstown',1,1019,NULL,'21658',NULL,1228,38.963566,-76.13939,0,NULL,NULL,NULL),(90,32,2,1,0,'612I Green Ave N',612,'I',NULL,'Green','Ave','N',NULL,'Churchgate',NULL,NULL,'Queenstown',1,1019,NULL,'21658',NULL,1228,38.963566,-76.13939,0,NULL,NULL,89),(91,88,3,1,0,'668I Cadell Rd E',668,'I',NULL,'Cadell','Rd','E',NULL,'Community Relations',NULL,NULL,'Baltimore',1,1019,NULL,'21233',NULL,1228,39.284707,-76.620489,0,NULL,NULL,NULL),(92,81,3,1,0,'254S Green St NE',254,'S',NULL,'Green','St','NE',NULL,'Attn: Accounting',NULL,NULL,'New Orleans',1,1017,NULL,'70130',NULL,1228,29.938005,-90.07195,0,NULL,NULL,NULL),(93,76,3,1,0,'938U Green Ave NW',938,'U',NULL,'Green','Ave','NW',NULL,'Subscriptions Dept',NULL,NULL,'Moose',1,1049,NULL,'83012',NULL,1228,43.701492,-110.83215,0,NULL,NULL,NULL),(94,144,2,1,0,'938U Green Ave NW',938,'U',NULL,'Green','Ave','NW',NULL,'Subscriptions Dept',NULL,NULL,'Moose',1,1049,NULL,'83012',NULL,1228,43.701492,-110.83215,0,NULL,NULL,93),(95,129,3,1,0,'305L Dowlen Way SE',305,'L',NULL,'Dowlen','Way','SE',NULL,'c/o OPDC',NULL,NULL,'Slatersville',1,1038,NULL,'02876',NULL,1228,41.998398,-71.576307,0,NULL,NULL,NULL),(96,125,2,1,0,'305L Dowlen Way SE',305,'L',NULL,'Dowlen','Way','SE',NULL,'c/o OPDC',NULL,NULL,'Slatersville',1,1038,NULL,'02876',NULL,1228,41.998398,-71.576307,0,NULL,NULL,95),(97,91,3,1,0,'124E Pine Way SW',124,'E',NULL,'Pine','Way','SW',NULL,'Receiving',NULL,NULL,'Oshtemo',1,1021,NULL,'49077',NULL,1228,42.245412,-85.529858,0,NULL,NULL,NULL),(98,163,2,1,0,'124E Pine Way SW',124,'E',NULL,'Pine','Way','SW',NULL,'Receiving',NULL,NULL,'Oshtemo',1,1021,NULL,'49077',NULL,1228,42.245412,-85.529858,0,NULL,NULL,97),(99,37,3,1,0,'607N Second Pl NW',607,'N',NULL,'Second','Pl','NW',NULL,'Urgent',NULL,NULL,'Liverpool',1,1031,NULL,'13090',NULL,1228,43.152017,-76.22068,0,NULL,NULL,NULL),(100,133,3,1,0,'725I Green Path SW',725,'I',NULL,'Green','Path','SW',NULL,'Attn: Development',NULL,NULL,'Leesville',1,1017,NULL,'71446',NULL,1228,31.138723,-93.22745,0,NULL,NULL,NULL),(101,178,2,1,0,'725I Green Path SW',725,'I',NULL,'Green','Path','SW',NULL,'Attn: Development',NULL,NULL,'Leesville',1,1017,NULL,'71446',NULL,1228,31.138723,-93.22745,0,NULL,NULL,100),(102,105,3,1,0,'700F Bay Dr SE',700,'F',NULL,'Bay','Dr','SE',NULL,'Disbursements',NULL,NULL,'Adair',1,1012,NULL,'61411',NULL,1228,40.401282,-90.50153,0,NULL,NULL,NULL),(103,92,3,1,0,'502D Main Ln NW',502,'D',NULL,'Main','Ln','NW',NULL,'Subscriptions Dept',NULL,NULL,'Dallas Center',1,1014,NULL,'50063',NULL,1228,41.687847,-93.94852,0,NULL,NULL,NULL),(104,52,3,1,0,'168I Maple Rd NE',168,'I',NULL,'Maple','Rd','NE',NULL,'Community Relations',NULL,NULL,'Saint George Island',1,1001,NULL,'99591',NULL,1228,56.605546,-169.55958,0,NULL,NULL,NULL),(105,77,2,1,0,'168I Maple Rd NE',168,'I',NULL,'Maple','Rd','NE',NULL,'Community Relations',NULL,NULL,'Saint George Island',1,1001,NULL,'99591',NULL,1228,56.605546,-169.55958,0,NULL,NULL,104),(106,80,1,1,0,'949S Martin Luther King Ave NE',949,'S',NULL,'Martin Luther King','Ave','NE',NULL,NULL,NULL,NULL,'Johnstown',1,1037,NULL,'15909',NULL,1228,40.36344,-78.87674,0,NULL,NULL,52),(107,87,1,1,0,'949S Martin Luther King Ave NE',949,'S',NULL,'Martin Luther King','Ave','NE',NULL,NULL,NULL,NULL,'Johnstown',1,1037,NULL,'15909',NULL,1228,40.36344,-78.87674,0,NULL,NULL,52),(108,98,1,1,0,'949S Martin Luther King Ave NE',949,'S',NULL,'Martin Luther King','Ave','NE',NULL,NULL,NULL,NULL,'Johnstown',1,1037,NULL,'15909',NULL,1228,40.36344,-78.87674,0,NULL,NULL,52),(109,141,1,0,0,'949S Martin Luther King Ave NE',949,'S',NULL,'Martin Luther King','Ave','NE',NULL,NULL,NULL,NULL,'Johnstown',1,1037,NULL,'15909',NULL,1228,40.36344,-78.87674,0,NULL,NULL,52),(110,126,1,1,0,'999P El Camino Way SE',999,'P',NULL,'El Camino','Way','SE',NULL,NULL,NULL,NULL,'Columbus',1,1023,NULL,'39710',NULL,1228,33.51633,-88.460083,0,NULL,NULL,53),(111,55,1,1,0,'999P El Camino Way SE',999,'P',NULL,'El Camino','Way','SE',NULL,NULL,NULL,NULL,'Columbus',1,1023,NULL,'39710',NULL,1228,33.51633,-88.460083,0,NULL,NULL,53),(112,6,1,1,0,'999P El Camino Way SE',999,'P',NULL,'El Camino','Way','SE',NULL,NULL,NULL,NULL,'Columbus',1,1023,NULL,'39710',NULL,1228,33.51633,-88.460083,0,NULL,NULL,53),(113,32,1,0,0,'999P El Camino Way SE',999,'P',NULL,'El Camino','Way','SE',NULL,NULL,NULL,NULL,'Columbus',1,1023,NULL,'39710',NULL,1228,33.51633,-88.460083,0,NULL,NULL,53),(114,160,1,1,0,'916R Bay Ln NE',916,'R',NULL,'Bay','Ln','NE',NULL,NULL,NULL,NULL,'Hazelton',1,1011,NULL,'83335',NULL,1228,42.599276,-114.05941,0,NULL,NULL,54),(115,145,1,1,0,'916R Bay Ln NE',916,'R',NULL,'Bay','Ln','NE',NULL,NULL,NULL,NULL,'Hazelton',1,1011,NULL,'83335',NULL,1228,42.599276,-114.05941,0,NULL,NULL,54),(116,154,1,1,0,'916R Bay Ln NE',916,'R',NULL,'Bay','Ln','NE',NULL,NULL,NULL,NULL,'Hazelton',1,1011,NULL,'83335',NULL,1228,42.599276,-114.05941,0,NULL,NULL,54),(117,158,1,1,0,'916R Bay Ln NE',916,'R',NULL,'Bay','Ln','NE',NULL,NULL,NULL,NULL,'Hazelton',1,1011,NULL,'83335',NULL,1228,42.599276,-114.05941,0,NULL,NULL,54),(118,135,1,1,0,'914Q States Ln N',914,'Q',NULL,'States','Ln','N',NULL,NULL,NULL,NULL,'Ogden',1,1043,NULL,'84402',NULL,1228,41.255285,-111.956721,0,NULL,NULL,55),(119,108,1,1,0,'914Q States Ln N',914,'Q',NULL,'States','Ln','N',NULL,NULL,NULL,NULL,'Ogden',1,1043,NULL,'84402',NULL,1228,41.255285,-111.956721,0,NULL,NULL,55),(120,99,1,1,0,'914Q States Ln N',914,'Q',NULL,'States','Ln','N',NULL,NULL,NULL,NULL,'Ogden',1,1043,NULL,'84402',NULL,1228,41.255285,-111.956721,0,NULL,NULL,55),(121,20,1,1,0,'914Q States Ln N',914,'Q',NULL,'States','Ln','N',NULL,NULL,NULL,NULL,'Ogden',1,1043,NULL,'84402',NULL,1228,41.255285,-111.956721,0,NULL,NULL,55),(122,59,1,1,0,'729Q Dowlen Ln N',729,'Q',NULL,'Dowlen','Ln','N',NULL,NULL,NULL,NULL,'Petaluma',1,1004,NULL,'94953',NULL,1228,38.463088,-122.989975,0,NULL,NULL,56),(123,149,1,1,0,'729Q Dowlen Ln N',729,'Q',NULL,'Dowlen','Ln','N',NULL,NULL,NULL,NULL,'Petaluma',1,1004,NULL,'94953',NULL,1228,38.463088,-122.989975,0,NULL,NULL,56),(124,109,1,1,0,'729Q Dowlen Ln N',729,'Q',NULL,'Dowlen','Ln','N',NULL,NULL,NULL,NULL,'Petaluma',1,1004,NULL,'94953',NULL,1228,38.463088,-122.989975,0,NULL,NULL,56),(125,44,1,1,0,'460R Bay Blvd NW',460,'R',NULL,'Bay','Blvd','NW',NULL,NULL,NULL,NULL,'Bushnell',1,1012,NULL,'61422',NULL,1228,40.550883,-90.51766,0,NULL,NULL,NULL),(126,155,1,1,0,'89T Main St N',89,'T',NULL,'Main','St','N',NULL,NULL,NULL,NULL,'Menlo Park',1,1004,NULL,'94025',NULL,1228,37.451688,-122.18385,0,NULL,NULL,57),(127,196,1,1,0,'89T Main St N',89,'T',NULL,'Main','St','N',NULL,NULL,NULL,NULL,'Menlo Park',1,1004,NULL,'94025',NULL,1228,37.451688,-122.18385,0,NULL,NULL,57),(128,106,1,1,0,'89T Main St N',89,'T',NULL,'Main','St','N',NULL,NULL,NULL,NULL,'Menlo Park',1,1004,NULL,'94025',NULL,1228,37.451688,-122.18385,0,NULL,NULL,57),(129,33,1,1,0,'844I Northpoint Ln S',844,'I',NULL,'Northpoint','Ln','S',NULL,NULL,NULL,NULL,'Sudbury',1,1044,NULL,'05233',NULL,1228,43.761499,-73.187699,0,NULL,NULL,NULL),(130,25,1,1,0,'573N Woodbridge Ln S',573,'N',NULL,'Woodbridge','Ln','S',NULL,NULL,NULL,NULL,'Old Orchard Beach',1,1018,NULL,'04064',NULL,1228,43.514864,-70.3856,0,NULL,NULL,58),(131,15,1,0,0,'573N Woodbridge Ln S',573,'N',NULL,'Woodbridge','Ln','S',NULL,NULL,NULL,NULL,'Old Orchard Beach',1,1018,NULL,'04064',NULL,1228,43.514864,-70.3856,0,NULL,NULL,58),(132,51,1,1,0,'573N Woodbridge Ln S',573,'N',NULL,'Woodbridge','Ln','S',NULL,NULL,NULL,NULL,'Old Orchard Beach',1,1018,NULL,'04064',NULL,1228,43.514864,-70.3856,0,NULL,NULL,58),(133,134,1,1,0,'573N Woodbridge Ln S',573,'N',NULL,'Woodbridge','Ln','S',NULL,NULL,NULL,NULL,'Old Orchard Beach',1,1018,NULL,'04064',NULL,1228,43.514864,-70.3856,0,NULL,NULL,58),(134,14,1,1,0,'675T Pine Blvd NW',675,'T',NULL,'Pine','Blvd','NW',NULL,NULL,NULL,NULL,'Stewartville',1,1022,NULL,'55976',NULL,1228,43.862105,-92.49849,0,NULL,NULL,59),(135,61,1,1,0,'675T Pine Blvd NW',675,'T',NULL,'Pine','Blvd','NW',NULL,NULL,NULL,NULL,'Stewartville',1,1022,NULL,'55976',NULL,1228,43.862105,-92.49849,0,NULL,NULL,59),(136,63,1,1,0,'675T Pine Blvd NW',675,'T',NULL,'Pine','Blvd','NW',NULL,NULL,NULL,NULL,'Stewartville',1,1022,NULL,'55976',NULL,1228,43.862105,-92.49849,0,NULL,NULL,59),(137,21,1,1,0,'369Y Cadell Pl E',369,'Y',NULL,'Cadell','Pl','E',NULL,NULL,NULL,NULL,'East Point',1,1016,NULL,'41216',NULL,1228,37.756007,-82.81931,0,NULL,NULL,NULL),(138,139,1,1,0,'791E Main Rd S',791,'E',NULL,'Main','Rd','S',NULL,NULL,NULL,NULL,'Fox Valley',1,1012,NULL,'60597',NULL,1228,41.839679,-88.088716,0,NULL,NULL,60),(139,103,1,1,0,'791E Main Rd S',791,'E',NULL,'Main','Rd','S',NULL,NULL,NULL,NULL,'Fox Valley',1,1012,NULL,'60597',NULL,1228,41.839679,-88.088716,0,NULL,NULL,60),(140,38,1,1,0,'791E Main Rd S',791,'E',NULL,'Main','Rd','S',NULL,NULL,NULL,NULL,'Fox Valley',1,1012,NULL,'60597',NULL,1228,41.839679,-88.088716,0,NULL,NULL,60),(141,68,1,1,0,'139U Northpoint Ln S',139,'U',NULL,'Northpoint','Ln','S',NULL,NULL,NULL,NULL,'Randlett',1,1043,NULL,'84063',NULL,1228,40.176006,-109.70579,0,NULL,NULL,NULL),(142,162,1,0,0,'237O El Camino St NE',237,'O',NULL,'El Camino','St','NE',NULL,NULL,NULL,NULL,'Buchanan Dam',1,1042,NULL,'78609',NULL,1228,30.744225,-98.43167,0,NULL,NULL,61),(143,143,1,1,0,'237O El Camino St NE',237,'O',NULL,'El Camino','St','NE',NULL,NULL,NULL,NULL,'Buchanan Dam',1,1042,NULL,'78609',NULL,1228,30.744225,-98.43167,0,NULL,NULL,61),(144,54,1,1,0,'237O El Camino St NE',237,'O',NULL,'El Camino','St','NE',NULL,NULL,NULL,NULL,'Buchanan Dam',1,1042,NULL,'78609',NULL,1228,30.744225,-98.43167,0,NULL,NULL,61),(145,24,1,1,0,'237O El Camino St NE',237,'O',NULL,'El Camino','St','NE',NULL,NULL,NULL,NULL,'Buchanan Dam',1,1042,NULL,'78609',NULL,1228,30.744225,-98.43167,0,NULL,NULL,61),(146,66,1,1,0,'515I Woodbridge Blvd E',515,'I',NULL,'Woodbridge','Blvd','E',NULL,NULL,NULL,NULL,'Wyco',1,1047,NULL,'25943',NULL,1228,37.603344,-81.53998,0,NULL,NULL,62),(147,116,1,1,0,'515I Woodbridge Blvd E',515,'I',NULL,'Woodbridge','Blvd','E',NULL,NULL,NULL,NULL,'Wyco',1,1047,NULL,'25943',NULL,1228,37.603344,-81.53998,0,NULL,NULL,62),(148,194,1,1,0,'515I Woodbridge Blvd E',515,'I',NULL,'Woodbridge','Blvd','E',NULL,NULL,NULL,NULL,'Wyco',1,1047,NULL,'25943',NULL,1228,37.603344,-81.53998,0,NULL,NULL,62),(149,163,1,0,0,'515I Woodbridge Blvd E',515,'I',NULL,'Woodbridge','Blvd','E',NULL,NULL,NULL,NULL,'Wyco',1,1047,NULL,'25943',NULL,1228,37.603344,-81.53998,0,NULL,NULL,62),(150,181,1,1,0,'792B Pine Ave SE',792,'B',NULL,'Pine','Ave','SE',NULL,NULL,NULL,NULL,'Munster',1,1013,NULL,'46321',NULL,1228,41.551457,-87.50143,0,NULL,NULL,63),(151,128,1,1,0,'792B Pine Ave SE',792,'B',NULL,'Pine','Ave','SE',NULL,NULL,NULL,NULL,'Munster',1,1013,NULL,'46321',NULL,1228,41.551457,-87.50143,0,NULL,NULL,63),(152,175,1,1,0,'792B Pine Ave SE',792,'B',NULL,'Pine','Ave','SE',NULL,NULL,NULL,NULL,'Munster',1,1013,NULL,'46321',NULL,1228,41.551457,-87.50143,0,NULL,NULL,63),(153,62,1,1,0,'792B Pine Ave SE',792,'B',NULL,'Pine','Ave','SE',NULL,NULL,NULL,NULL,'Munster',1,1013,NULL,'46321',NULL,1228,41.551457,-87.50143,0,NULL,NULL,63),(154,138,1,1,0,'654T Van Ness Ave S',654,'T',NULL,'Van Ness','Ave','S',NULL,NULL,NULL,NULL,'Lincoln',1,1026,NULL,'68502',NULL,1228,40.789051,-96.69589,0,NULL,NULL,64),(155,84,1,1,0,'654T Van Ness Ave S',654,'T',NULL,'Van Ness','Ave','S',NULL,NULL,NULL,NULL,'Lincoln',1,1026,NULL,'68502',NULL,1228,40.789051,-96.69589,0,NULL,NULL,64),(156,2,1,1,0,'654T Van Ness Ave S',654,'T',NULL,'Van Ness','Ave','S',NULL,NULL,NULL,NULL,'Lincoln',1,1026,NULL,'68502',NULL,1228,40.789051,-96.69589,0,NULL,NULL,64),(157,197,1,1,0,'348G Dowlen Blvd W',348,'G',NULL,'Dowlen','Blvd','W',NULL,NULL,NULL,NULL,'New Iberia',1,1017,NULL,'70560',NULL,1228,29.975453,-91.84073,0,NULL,NULL,NULL),(158,192,1,1,0,'515O Woodbridge Way E',515,'O',NULL,'Woodbridge','Way','E',NULL,NULL,NULL,NULL,'Onaway',1,1021,NULL,'49765',NULL,1228,45.354463,-84.23956,0,NULL,NULL,65),(159,178,1,0,0,'515O Woodbridge Way E',515,'O',NULL,'Woodbridge','Way','E',NULL,NULL,NULL,NULL,'Onaway',1,1021,NULL,'49765',NULL,1228,45.354463,-84.23956,0,NULL,NULL,65),(160,153,1,1,0,'515O Woodbridge Way E',515,'O',NULL,'Woodbridge','Way','E',NULL,NULL,NULL,NULL,'Onaway',1,1021,NULL,'49765',NULL,1228,45.354463,-84.23956,0,NULL,NULL,65),(161,34,1,1,0,'602O El Camino Ln NE',602,'O',NULL,'El Camino','Ln','NE',NULL,NULL,NULL,NULL,'Ivan',1,1003,NULL,'71748',NULL,1228,33.97547,-92.647817,0,NULL,NULL,NULL),(162,189,1,1,0,'42M Bay Dr S',42,'M',NULL,'Bay','Dr','S',NULL,NULL,NULL,NULL,'Wayne',1,1037,NULL,'19080',NULL,1228,40.043201,-75.357678,0,NULL,NULL,66),(163,130,1,1,0,'42M Bay Dr S',42,'M',NULL,'Bay','Dr','S',NULL,NULL,NULL,NULL,'Wayne',1,1037,NULL,'19080',NULL,1228,40.043201,-75.357678,0,NULL,NULL,66),(164,89,1,1,0,'42M Bay Dr S',42,'M',NULL,'Bay','Dr','S',NULL,NULL,NULL,NULL,'Wayne',1,1037,NULL,'19080',NULL,1228,40.043201,-75.357678,0,NULL,NULL,66),(165,8,1,1,0,'719Z Martin Luther King Pl S',719,'Z',NULL,'Martin Luther King','Pl','S',NULL,NULL,NULL,NULL,'New Haven',1,1006,NULL,'06533',NULL,1228,41.365709,-72.927507,0,NULL,NULL,NULL),(166,74,1,1,0,'503S Dowlen Dr E',503,'S',NULL,'Dowlen','Dr','E',NULL,NULL,NULL,NULL,'Carlock',1,1012,NULL,'61725',NULL,1228,40.600045,-89.13627,0,NULL,NULL,67),(167,185,1,0,0,'503S Dowlen Dr E',503,'S',NULL,'Dowlen','Dr','E',NULL,NULL,NULL,NULL,'Carlock',1,1012,NULL,'61725',NULL,1228,40.600045,-89.13627,0,NULL,NULL,67),(168,188,1,1,0,'503S Dowlen Dr E',503,'S',NULL,'Dowlen','Dr','E',NULL,NULL,NULL,NULL,'Carlock',1,1012,NULL,'61725',NULL,1228,40.600045,-89.13627,0,NULL,NULL,67),(169,75,1,1,0,'503S Dowlen Dr E',503,'S',NULL,'Dowlen','Dr','E',NULL,NULL,NULL,NULL,'Carlock',1,1012,NULL,'61725',NULL,1228,40.600045,-89.13627,0,NULL,NULL,67),(170,123,1,1,0,'635R Maple Path E',635,'R',NULL,'Maple','Path','E',NULL,NULL,NULL,NULL,'Mio',1,1021,NULL,'48647',NULL,1228,44.654024,-84.10388,0,NULL,NULL,68),(171,150,1,1,0,'635R Maple Path E',635,'R',NULL,'Maple','Path','E',NULL,NULL,NULL,NULL,'Mio',1,1021,NULL,'48647',NULL,1228,44.654024,-84.10388,0,NULL,NULL,68),(172,112,1,1,0,'635R Maple Path E',635,'R',NULL,'Maple','Path','E',NULL,NULL,NULL,NULL,'Mio',1,1021,NULL,'48647',NULL,1228,44.654024,-84.10388,0,NULL,NULL,68),(173,147,1,1,0,'787U Cadell Dr NW',787,'U',NULL,'Cadell','Dr','NW',NULL,NULL,NULL,NULL,'Hattiesburg',1,1023,NULL,'39401',NULL,1228,31.285508,-89.2799,0,NULL,NULL,NULL),(174,13,1,1,0,'891D Second Way S',891,'D',NULL,'Second','Way','S',NULL,NULL,NULL,NULL,'Sedona',1,1002,NULL,'86336',NULL,1228,34.876638,-111.80666,0,NULL,NULL,69),(175,78,1,1,0,'891D Second Way S',891,'D',NULL,'Second','Way','S',NULL,NULL,NULL,NULL,'Sedona',1,1002,NULL,'86336',NULL,1228,34.876638,-111.80666,0,NULL,NULL,69),(176,174,1,1,0,'891D Second Way S',891,'D',NULL,'Second','Way','S',NULL,NULL,NULL,NULL,'Sedona',1,1002,NULL,'86336',NULL,1228,34.876638,-111.80666,0,NULL,NULL,69),(177,199,1,1,0,'452G Lincoln Dr W',452,'G',NULL,'Lincoln','Dr','W',NULL,NULL,NULL,NULL,'Piqua',1,1015,NULL,'66761',NULL,1228,37.900385,-95.56255,0,NULL,NULL,NULL),(178,58,1,1,0,'803E Van Ness Ln NW',803,'E',NULL,'Van Ness','Ln','NW',NULL,NULL,NULL,NULL,'South Bend',1,1013,NULL,'46617',NULL,1228,41.684504,-86.23576,0,NULL,NULL,70),(179,95,1,1,0,'803E Van Ness Ln NW',803,'E',NULL,'Van Ness','Ln','NW',NULL,NULL,NULL,NULL,'South Bend',1,1013,NULL,'46617',NULL,1228,41.684504,-86.23576,0,NULL,NULL,70),(180,170,1,1,0,'803E Van Ness Ln NW',803,'E',NULL,'Van Ness','Ln','NW',NULL,NULL,NULL,NULL,'South Bend',1,1013,NULL,'46617',NULL,1228,41.684504,-86.23576,0,NULL,NULL,70),(181,9,1,1,0,'44S Woodbridge Rd N',44,'S',NULL,'Woodbridge','Rd','N',NULL,NULL,NULL,NULL,'West Valley',1,1031,NULL,'14171',NULL,1228,42.426278,-78.6474,0,NULL,NULL,NULL),(182,151,1,1,0,'803R Second Ln E',803,'R',NULL,'Second','Ln','E',NULL,NULL,NULL,NULL,'Capulin',1,1030,NULL,'88414',NULL,1228,36.740696,-103.99329,0,NULL,NULL,71),(183,201,1,1,0,'803R Second Ln E',803,'R',NULL,'Second','Ln','E',NULL,NULL,NULL,NULL,'Capulin',1,1030,NULL,'88414',NULL,1228,36.740696,-103.99329,0,NULL,NULL,71),(184,180,1,1,0,'803R Second Ln E',803,'R',NULL,'Second','Ln','E',NULL,NULL,NULL,NULL,'Capulin',1,1030,NULL,'88414',NULL,1228,36.740696,-103.99329,0,NULL,NULL,71),(185,47,1,1,0,'599V El Camino St SW',599,'V',NULL,'El Camino','St','SW',NULL,NULL,NULL,NULL,'Hastings',1,1021,NULL,'49058',NULL,1228,42.64275,-85.29296,0,NULL,NULL,NULL),(186,NULL,1,1,1,'14S El Camino Way E',14,'S',NULL,'El Camino','Way',NULL,NULL,NULL,NULL,NULL,'Collinsville',NULL,1006,NULL,'6022',NULL,1228,41.8328,-72.9253,0,NULL,NULL,NULL),(187,NULL,1,1,1,'11B Woodbridge Path SW',11,'B',NULL,'Woodbridge','Path',NULL,NULL,NULL,NULL,NULL,'Dayton',NULL,1034,NULL,'45417',NULL,1228,39.7531,-84.2471,0,NULL,NULL,NULL),(188,NULL,1,1,1,'581O Lincoln Dr SW',581,'O',NULL,'Lincoln','Dr',NULL,NULL,NULL,NULL,NULL,'Santa Fe',NULL,1030,NULL,'87594',NULL,1228,35.5212,-105.982,0,NULL,NULL,NULL);
/*!40000 ALTER TABLE `civicrm_address` ENABLE KEYS */;
UNLOCK TABLES;

--
-- Dumping data for table `civicrm_address_format`
--

LOCK TABLES `civicrm_address_format` WRITE;
/*!40000 ALTER TABLE `civicrm_address_format` DISABLE KEYS */;
/*!40000 ALTER TABLE `civicrm_address_format` ENABLE KEYS */;
UNLOCK TABLES;

--
-- Dumping data for table `civicrm_batch`
--

LOCK TABLES `civicrm_batch` WRITE;
/*!40000 ALTER TABLE `civicrm_batch` DISABLE KEYS */;
/*!40000 ALTER TABLE `civicrm_batch` ENABLE KEYS */;
UNLOCK TABLES;

--
-- Dumping data for table `civicrm_cache`
--

LOCK TABLES `civicrm_cache` WRITE;
/*!40000 ALTER TABLE `civicrm_cache` DISABLE KEYS */;
/*!40000 ALTER TABLE `civicrm_cache` ENABLE KEYS */;
UNLOCK TABLES;

--
-- Dumping data for table `civicrm_campaign`
--

LOCK TABLES `civicrm_campaign` WRITE;
/*!40000 ALTER TABLE `civicrm_campaign` DISABLE KEYS */;
/*!40000 ALTER TABLE `civicrm_campaign` ENABLE KEYS */;
UNLOCK TABLES;

--
-- Dumping data for table `civicrm_campaign_group`
--

LOCK TABLES `civicrm_campaign_group` WRITE;
/*!40000 ALTER TABLE `civicrm_campaign_group` DISABLE KEYS */;
/*!40000 ALTER TABLE `civicrm_campaign_group` ENABLE KEYS */;
UNLOCK TABLES;

--
-- Dumping data for table `civicrm_case`
--

LOCK TABLES `civicrm_case` WRITE;
/*!40000 ALTER TABLE `civicrm_case` DISABLE KEYS */;
/*!40000 ALTER TABLE `civicrm_case` ENABLE KEYS */;
UNLOCK TABLES;

--
-- Dumping data for table `civicrm_case_activity`
--

LOCK TABLES `civicrm_case_activity` WRITE;
/*!40000 ALTER TABLE `civicrm_case_activity` DISABLE KEYS */;
/*!40000 ALTER TABLE `civicrm_case_activity` ENABLE KEYS */;
UNLOCK TABLES;

--
-- Dumping data for table `civicrm_case_contact`
--

LOCK TABLES `civicrm_case_contact` WRITE;
/*!40000 ALTER TABLE `civicrm_case_contact` DISABLE KEYS */;
/*!40000 ALTER TABLE `civicrm_case_contact` ENABLE KEYS */;
UNLOCK TABLES;

--
-- Dumping data for table `civicrm_case_type`
--

LOCK TABLES `civicrm_case_type` WRITE;
/*!40000 ALTER TABLE `civicrm_case_type` DISABLE KEYS */;
/*!40000 ALTER TABLE `civicrm_case_type` ENABLE KEYS */;
UNLOCK TABLES;

--
-- Dumping data for table `civicrm_component`
--

LOCK TABLES `civicrm_component` WRITE;
/*!40000 ALTER TABLE `civicrm_component` DISABLE KEYS */;
INSERT INTO `civicrm_component` (`id`, `name`, `namespace`) VALUES (1,'CiviEvent','CRM_Event'),(2,'CiviContribute','CRM_Contribute'),(3,'CiviMember','CRM_Member'),(4,'CiviMail','CRM_Mailing'),(5,'CiviGrant','CRM_Grant'),(6,'CiviPledge','CRM_Pledge'),(7,'CiviCase','CRM_Case'),(8,'CiviReport','CRM_Report'),(9,'CiviCampaign','CRM_Campaign');
/*!40000 ALTER TABLE `civicrm_component` ENABLE KEYS */;
UNLOCK TABLES;

--
-- Dumping data for table `civicrm_contact`
--

LOCK TABLES `civicrm_contact` WRITE;
/*!40000 ALTER TABLE `civicrm_contact` DISABLE KEYS */;
INSERT INTO `civicrm_contact` (`id`, `contact_type`, `contact_sub_type`, `do_not_email`, `do_not_phone`, `do_not_mail`, `do_not_sms`, `do_not_trade`, `is_opt_out`, `legal_identifier`, `external_identifier`, `sort_name`, `display_name`, `nick_name`, `legal_name`, `image_URL`, `preferred_communication_method`, `preferred_language`, `preferred_mail_format`, `hash`, `api_key`, `source`, `first_name`, `middle_name`, `last_name`, `prefix_id`, `suffix_id`, `formal_title`, `communication_style_id`, `email_greeting_id`, `email_greeting_custom`, `email_greeting_display`, `postal_greeting_id`, `postal_greeting_custom`, `postal_greeting_display`, `addressee_id`, `addressee_custom`, `addressee_display`, `job_title`, `gender_id`, `birth_date`, `is_deceased`, `deceased_date`, `household_name`, `primary_contact_id`, `organization_name`, `sic_code`, `user_unique_id`, `employer_id`, `is_deleted`, `created_date`, `modified_date`) VALUES (1,'Organization',NULL,0,0,0,0,0,0,NULL,NULL,'Default Organization','Default Organization',NULL,'Default Organization',NULL,NULL,NULL,'Both',NULL,NULL,NULL,NULL,NULL,NULL,NULL,NULL,NULL,NULL,NULL,NULL,NULL,NULL,NULL,NULL,NULL,NULL,NULL,NULL,NULL,NULL,0,NULL,NULL,NULL,'Default Organization',NULL,NULL,NULL,0,NULL,'2015-12-03 09:16:45'),(2,'Individual',NULL,0,0,0,0,1,0,NULL,NULL,'Roberts, Esta','Dr. Esta Roberts',NULL,NULL,NULL,NULL,NULL,'Both','317264112',NULL,'Sample Data','Esta','','Roberts',4,NULL,NULL,NULL,1,NULL,'Dear Esta',1,NULL,'Dear Esta',1,NULL,'Dr. Esta Roberts',NULL,NULL,NULL,0,NULL,NULL,NULL,NULL,NULL,NULL,NULL,0,NULL,'2015-12-03 09:17:38'),(3,'Individual',NULL,1,1,0,0,0,0,NULL,NULL,'Prentice, Princess','Mrs. Princess Prentice',NULL,NULL,NULL,NULL,NULL,'Both','4046145534',NULL,'Sample Data','Princess','','Prentice',1,NULL,NULL,NULL,1,NULL,'Dear Princess',1,NULL,'Dear Princess',1,NULL,'Mrs. Princess Prentice',NULL,1,'1950-03-10',0,NULL,NULL,NULL,NULL,NULL,NULL,NULL,0,NULL,'2015-12-03 09:17:23'),(4,'Organization',NULL,0,0,0,0,1,0,NULL,NULL,'Bearsville Arts Network','Bearsville Arts Network',NULL,NULL,NULL,'1',NULL,'Both','3054199669',NULL,'Sample Data',NULL,NULL,NULL,NULL,NULL,NULL,NULL,NULL,NULL,NULL,NULL,NULL,NULL,3,NULL,'Bearsville Arts Network',NULL,NULL,NULL,0,NULL,NULL,117,'Bearsville Arts Network',NULL,NULL,NULL,0,NULL,'2015-12-03 09:17:46'),(5,'Individual',NULL,0,0,0,0,0,0,NULL,NULL,'Blackwell, Brzczysaw','Brzczysaw Blackwell Sr.',NULL,NULL,NULL,'4',NULL,'Both','3382098014',NULL,'Sample Data','Brzczysaw','U','Blackwell',NULL,2,NULL,NULL,1,NULL,'Dear Brzczysaw',1,NULL,'Dear Brzczysaw',1,NULL,'Brzczysaw Blackwell Sr.',NULL,2,'1962-09-03',0,NULL,NULL,NULL,NULL,NULL,NULL,NULL,0,NULL,'2015-12-03 09:17:19'),(6,'Individual',NULL,0,0,0,0,0,0,NULL,NULL,'Grant, Brittney','Mrs. Brittney Grant',NULL,NULL,NULL,'4',NULL,'Both','2732877757',NULL,'Sample Data','Brittney','','Grant',1,NULL,NULL,NULL,1,NULL,'Dear Brittney',1,NULL,'Dear Brittney',1,NULL,'Mrs. Brittney Grant',NULL,NULL,NULL,0,NULL,NULL,NULL,NULL,NULL,NULL,NULL,0,NULL,'2015-12-03 09:17:30'),(7,'Organization',NULL,0,1,0,0,0,0,NULL,NULL,'Rural Agriculture Association','Rural Agriculture Association',NULL,NULL,NULL,'3',NULL,'Both','3871577628',NULL,'Sample Data',NULL,NULL,NULL,NULL,NULL,NULL,NULL,NULL,NULL,NULL,NULL,NULL,NULL,3,NULL,'Rural Agriculture Association',NULL,NULL,NULL,0,NULL,NULL,185,'Rural Agriculture Association',NULL,NULL,NULL,0,NULL,'2015-12-03 09:17:45'),(8,'Individual',NULL,1,0,0,0,0,0,NULL,NULL,'Gonzlez, Rolando','Rolando Gonzlez',NULL,NULL,NULL,NULL,NULL,'Both','4244693395',NULL,'Sample Data','Rolando','U','Gonzlez',NULL,NULL,NULL,NULL,1,NULL,'Dear Rolando',1,NULL,'Dear Rolando',1,NULL,'Rolando Gonzlez',NULL,NULL,'1977-03-16',0,NULL,NULL,NULL,NULL,NULL,NULL,NULL,0,NULL,'2015-12-03 09:17:38'),(9,'Individual',NULL,0,0,0,0,0,0,NULL,NULL,'shermanp@fakemail.net','shermanp@fakemail.net',NULL,NULL,NULL,'4',NULL,'Both','117046596',NULL,'Sample Data',NULL,NULL,NULL,4,2,NULL,NULL,1,NULL,'Dear shermanp@fakemail.net',1,NULL,'Dear shermanp@fakemail.net',1,NULL,'shermanp@fakemail.net',NULL,NULL,NULL,0,NULL,NULL,NULL,NULL,NULL,NULL,NULL,0,NULL,'2015-12-03 09:17:41'),(10,'Individual',NULL,0,0,0,0,0,0,NULL,NULL,'Yadav, Tanya','Tanya Yadav',NULL,NULL,NULL,NULL,NULL,'Both','1976540184',NULL,'Sample Data','Tanya','','Yadav',NULL,NULL,NULL,NULL,1,NULL,'Dear Tanya',1,NULL,'Dear Tanya',1,NULL,'Tanya Yadav',NULL,NULL,'1943-03-02',0,NULL,NULL,NULL,NULL,NULL,NULL,NULL,0,NULL,'2015-12-03 09:17:24'),(11,'Individual',NULL,0,0,0,0,0,0,NULL,NULL,'Jameson, Claudio','Claudio Jameson III',NULL,NULL,NULL,NULL,NULL,'Both','4087838754',NULL,'Sample Data','Claudio','','Jameson',NULL,4,NULL,NULL,1,NULL,'Dear Claudio',1,NULL,'Dear Claudio',1,NULL,'Claudio Jameson III',NULL,2,'1943-11-01',0,NULL,NULL,NULL,NULL,NULL,NULL,NULL,0,NULL,'2015-12-03 09:17:24'),(12,'Individual',NULL,0,0,0,0,0,0,NULL,NULL,'zope.z.kiara@infomail.co.pl','zope.z.kiara@infomail.co.pl',NULL,NULL,NULL,'1',NULL,'Both','2637133936',NULL,'Sample Data',NULL,NULL,NULL,NULL,NULL,NULL,NULL,1,NULL,'Dear zope.z.kiara@infomail.co.pl',1,NULL,'Dear zope.z.kiara@infomail.co.pl',1,NULL,'zope.z.kiara@infomail.co.pl',NULL,NULL,NULL,0,NULL,NULL,NULL,NULL,NULL,NULL,NULL,0,NULL,'2015-12-03 09:17:25'),(13,'Individual',NULL,1,0,0,0,0,0,NULL,NULL,'terrell-smith.valene63@infomail.net','terrell-smith.valene63@infomail.net',NULL,NULL,NULL,NULL,NULL,'Both','2688494380',NULL,'Sample Data',NULL,NULL,NULL,NULL,NULL,NULL,NULL,1,NULL,'Dear terrell-smith.valene63@infomail.net',1,NULL,'Dear terrell-smith.valene63@infomail.net',1,NULL,'terrell-smith.valene63@infomail.net',NULL,NULL,NULL,0,NULL,NULL,NULL,NULL,NULL,NULL,NULL,0,NULL,'2015-12-03 09:17:41'),(14,'Individual',NULL,0,1,0,0,0,0,NULL,NULL,'Wagner, Junko','Junko Wagner',NULL,NULL,NULL,'2',NULL,'Both','3731152037',NULL,'Sample Data','Junko','B','Wagner',NULL,NULL,NULL,NULL,1,NULL,'Dear Junko',1,NULL,'Dear Junko',1,NULL,'Junko Wagner',NULL,1,'1973-08-27',1,'2014-12-18',NULL,NULL,NULL,NULL,NULL,NULL,0,NULL,'2015-12-03 09:17:34'),(15,'Individual',NULL,0,0,0,0,1,0,NULL,NULL,'Prentice, Alexia','Alexia Prentice',NULL,NULL,NULL,NULL,NULL,'Both','2005927153',NULL,'Sample Data','Alexia','','Prentice',NULL,NULL,NULL,NULL,1,NULL,'Dear Alexia',1,NULL,'Dear Alexia',1,NULL,'Alexia Prentice',NULL,NULL,NULL,0,NULL,NULL,NULL,'Maple Peace Services',NULL,NULL,42,0,NULL,'2015-12-03 09:17:46'),(16,'Individual',NULL,0,0,0,0,0,0,NULL,NULL,'cooper.ashlie@mymail.co.pl','cooper.ashlie@mymail.co.pl',NULL,NULL,NULL,NULL,NULL,'Both','401245237',NULL,'Sample Data',NULL,NULL,NULL,NULL,NULL,NULL,NULL,1,NULL,'Dear cooper.ashlie@mymail.co.pl',1,NULL,'Dear cooper.ashlie@mymail.co.pl',1,NULL,'cooper.ashlie@mymail.co.pl',NULL,NULL,NULL,0,NULL,NULL,NULL,NULL,NULL,NULL,NULL,0,NULL,'2015-12-03 09:17:28'),(17,'Organization',NULL,0,0,0,0,0,0,NULL,NULL,'College Health Services','College Health Services',NULL,NULL,NULL,NULL,NULL,'Both','3861831614',NULL,'Sample Data',NULL,NULL,NULL,NULL,NULL,NULL,NULL,NULL,NULL,NULL,NULL,NULL,NULL,3,NULL,'College Health Services',NULL,NULL,NULL,0,NULL,NULL,137,'College Health Services',NULL,NULL,NULL,0,NULL,'2015-12-03 09:17:46'),(18,'Individual',NULL,0,0,0,0,0,0,NULL,NULL,'Patel, Nicole','Ms. Nicole Patel',NULL,NULL,NULL,NULL,NULL,'Both','687315016',NULL,'Sample Data','Nicole','Q','Patel',2,NULL,NULL,NULL,1,NULL,'Dear Nicole',1,NULL,'Dear Nicole',1,NULL,'Ms. Nicole Patel',NULL,1,'1979-09-07',0,NULL,NULL,NULL,'Main Development Network',NULL,NULL,31,0,NULL,'2015-12-03 09:17:45'),(19,'Individual',NULL,0,0,0,0,0,0,NULL,NULL,'Daz, Lou','Lou Daz',NULL,NULL,NULL,NULL,NULL,'Both','1546158286',NULL,'Sample Data','Lou','','Daz',NULL,NULL,NULL,NULL,1,NULL,'Dear Lou',1,NULL,'Dear Lou',1,NULL,'Lou Daz',NULL,NULL,'1967-09-12',0,NULL,NULL,NULL,NULL,NULL,NULL,NULL,0,NULL,'2015-12-03 09:17:28'),(20,'Individual',NULL,0,0,0,0,0,0,NULL,NULL,'parker.craig@sample.info','parker.craig@sample.info',NULL,NULL,NULL,'1',NULL,'Both','374261318',NULL,'Sample Data',NULL,NULL,NULL,4,NULL,NULL,NULL,1,NULL,'Dear parker.craig@sample.info',1,NULL,'Dear parker.craig@sample.info',1,NULL,'parker.craig@sample.info',NULL,NULL,NULL,0,NULL,NULL,NULL,NULL,NULL,NULL,NULL,0,NULL,'2015-12-03 09:17:31'),(21,'Individual',NULL,1,0,0,0,1,0,NULL,NULL,'Adams, Russell','Russell Adams',NULL,NULL,NULL,NULL,NULL,'Both','2150692920',NULL,'Sample Data','Russell','','Adams',NULL,NULL,NULL,NULL,1,NULL,'Dear Russell',1,NULL,'Dear Russell',1,NULL,'Russell Adams',NULL,2,'1983-10-04',0,NULL,NULL,NULL,NULL,NULL,NULL,NULL,0,NULL,'2015-12-03 09:17:33'),(22,'Individual',NULL,0,0,0,0,0,0,NULL,NULL,'sr.wilson@fishmail.org','sr.wilson@fishmail.org',NULL,NULL,NULL,'1',NULL,'Both','2867886385',NULL,'Sample Data',NULL,NULL,NULL,4,NULL,NULL,NULL,1,NULL,'Dear sr.wilson@fishmail.org',1,NULL,'Dear sr.wilson@fishmail.org',1,NULL,'sr.wilson@fishmail.org',NULL,NULL,NULL,0,NULL,NULL,NULL,NULL,NULL,NULL,NULL,0,NULL,'2015-12-03 09:17:20'),(23,'Individual',NULL,0,0,0,0,0,0,NULL,NULL,'Ivanov, Juliann','Juliann Ivanov',NULL,NULL,NULL,NULL,NULL,'Both','1998622954',NULL,'Sample Data','Juliann','A','Ivanov',NULL,NULL,NULL,NULL,1,NULL,'Dear Juliann',1,NULL,'Dear Juliann',1,NULL,'Juliann Ivanov',NULL,1,NULL,0,NULL,NULL,NULL,NULL,NULL,NULL,NULL,0,NULL,'2015-12-03 09:17:29'),(24,'Individual',NULL,0,0,0,0,0,0,NULL,NULL,'jacobg90@infomail.co.nz','jacobg90@infomail.co.nz',NULL,NULL,NULL,'3',NULL,'Both','1005445364',NULL,'Sample Data',NULL,NULL,NULL,NULL,NULL,NULL,NULL,1,NULL,'Dear jacobg90@infomail.co.nz',1,NULL,'Dear jacobg90@infomail.co.nz',1,NULL,'jacobg90@infomail.co.nz',NULL,NULL,NULL,0,NULL,NULL,NULL,NULL,NULL,NULL,NULL,0,NULL,'2015-12-03 09:17:34'),(25,'Individual',NULL,0,0,0,0,0,0,NULL,NULL,'merrieprentice@notmail.org','merrieprentice@notmail.org',NULL,NULL,NULL,NULL,NULL,'Both','4155067984',NULL,'Sample Data',NULL,NULL,NULL,NULL,NULL,NULL,NULL,1,NULL,'Dear merrieprentice@notmail.org',1,NULL,'Dear merrieprentice@notmail.org',1,NULL,'merrieprentice@notmail.org',NULL,NULL,NULL,0,NULL,NULL,NULL,NULL,NULL,NULL,NULL,0,NULL,'2015-12-03 09:17:33'),(26,'Household',NULL,0,0,0,0,0,0,NULL,NULL,'Roberts family','Roberts family',NULL,NULL,NULL,NULL,NULL,'Both','2097305882',NULL,'Sample Data',NULL,NULL,NULL,NULL,NULL,NULL,NULL,5,NULL,'Dear Roberts family',5,NULL,'Dear Roberts family',2,NULL,'Roberts family',NULL,NULL,NULL,0,NULL,'Roberts family',NULL,NULL,NULL,NULL,NULL,0,NULL,'2015-12-03 09:17:44'),(27,'Organization',NULL,0,0,0,0,0,0,NULL,NULL,'Main Sustainability Partnership','Main Sustainability Partnership',NULL,NULL,NULL,NULL,NULL,'Both','3934524651',NULL,'Sample Data',NULL,NULL,NULL,NULL,NULL,NULL,NULL,NULL,NULL,NULL,NULL,NULL,NULL,3,NULL,'Main Sustainability Partnership',NULL,NULL,NULL,0,NULL,NULL,162,'Main Sustainability Partnership',NULL,NULL,NULL,0,NULL,'2015-12-03 09:17:45'),(28,'Organization',NULL,0,0,0,0,0,0,NULL,NULL,'La Crosse Legal Alliance','La Crosse Legal Alliance',NULL,NULL,NULL,'3',NULL,'Both','1542251518',NULL,'Sample Data',NULL,NULL,NULL,NULL,NULL,NULL,NULL,NULL,NULL,NULL,NULL,NULL,NULL,3,NULL,'La Crosse Legal Alliance',NULL,NULL,NULL,0,NULL,NULL,132,'La Crosse Legal Alliance',NULL,NULL,NULL,0,NULL,'2015-12-03 09:17:47'),(29,'Household',NULL,0,0,0,0,1,0,NULL,NULL,'Deforest-Nielsen family','Deforest-Nielsen family',NULL,NULL,NULL,NULL,NULL,'Both','51479494',NULL,'Sample Data',NULL,NULL,NULL,NULL,NULL,NULL,NULL,5,NULL,'Dear Deforest-Nielsen family',5,NULL,'Dear Deforest-Nielsen family',2,NULL,'Deforest-Nielsen family',NULL,NULL,NULL,0,NULL,'Deforest-Nielsen family',NULL,NULL,NULL,NULL,NULL,0,NULL,'2015-12-03 09:17:43'),(30,'Individual',NULL,0,0,0,0,0,0,NULL,NULL,'valenej@sample.co.in','valenej@sample.co.in',NULL,NULL,NULL,'4',NULL,'Both','3948408843',NULL,'Sample Data',NULL,NULL,NULL,NULL,NULL,NULL,NULL,1,NULL,'Dear valenej@sample.co.in',1,NULL,'Dear valenej@sample.co.in',1,NULL,'valenej@sample.co.in',NULL,NULL,NULL,0,NULL,NULL,NULL,NULL,NULL,NULL,NULL,0,NULL,'2015-12-03 09:17:15'),(31,'Organization',NULL,0,0,0,0,0,0,NULL,NULL,'Main Development Network','Main Development Network',NULL,NULL,NULL,'3',NULL,'Both','458028860',NULL,'Sample Data',NULL,NULL,NULL,NULL,NULL,NULL,NULL,NULL,NULL,NULL,NULL,NULL,NULL,3,NULL,'Main Development Network',NULL,NULL,NULL,0,NULL,NULL,18,'Main Development Network',NULL,NULL,NULL,0,NULL,'2015-12-03 09:17:45'),(32,'Individual',NULL,0,1,0,0,1,0,NULL,NULL,'Grant, Sonny','Dr. Sonny Grant',NULL,NULL,NULL,NULL,NULL,'Both','2555884603',NULL,'Sample Data','Sonny','S','Grant',4,NULL,NULL,NULL,1,NULL,'Dear Sonny',1,NULL,'Dear Sonny',1,NULL,'Dr. Sonny Grant',NULL,2,NULL,0,NULL,NULL,NULL,'Local Literacy Network',NULL,NULL,64,0,NULL,'2015-12-03 09:17:47'),(33,'Individual',NULL,0,0,0,0,0,0,NULL,NULL,'Deforest, Toby','Toby Deforest Sr.',NULL,NULL,NULL,'2',NULL,'Both','2295860847',NULL,'Sample Data','Toby','K','Deforest',NULL,2,NULL,NULL,1,NULL,'Dear Toby',1,NULL,'Dear Toby',1,NULL,'Toby Deforest Sr.',NULL,2,NULL,0,NULL,NULL,NULL,NULL,NULL,NULL,NULL,0,NULL,'2015-12-03 09:17:32'),(34,'Individual',NULL,0,0,0,0,0,0,NULL,NULL,'Jacobs, Lawerence','Dr. Lawerence Jacobs',NULL,NULL,NULL,'3',NULL,'Both','2914828015',NULL,'Sample Data','Lawerence','','Jacobs',4,NULL,NULL,NULL,1,NULL,'Dear Lawerence',1,NULL,'Dear Lawerence',1,NULL,'Dr. Lawerence Jacobs',NULL,2,'1989-09-08',0,NULL,NULL,NULL,NULL,NULL,NULL,NULL,0,NULL,'2015-12-03 09:17:38'),(35,'Individual',NULL,0,0,0,0,0,0,NULL,NULL,'Wattson, Jay','Mr. Jay Wattson',NULL,NULL,NULL,'1',NULL,'Both','292534569',NULL,'Sample Data','Jay','R','Wattson',3,NULL,NULL,NULL,1,NULL,'Dear Jay',1,NULL,'Dear Jay',1,NULL,'Mr. Jay Wattson',NULL,NULL,'1943-12-13',0,NULL,NULL,NULL,NULL,NULL,NULL,NULL,0,NULL,'2015-12-03 09:17:28'),(36,'Individual',NULL,0,0,0,0,0,0,NULL,NULL,'Nielsen, Magan','Magan Nielsen',NULL,NULL,NULL,NULL,NULL,'Both','1092078914',NULL,'Sample Data','Magan','M','Nielsen',NULL,NULL,NULL,NULL,1,NULL,'Dear Magan',1,NULL,'Dear Magan',1,NULL,'Magan Nielsen',NULL,NULL,'1995-06-22',0,NULL,NULL,NULL,NULL,NULL,NULL,NULL,0,NULL,'2015-12-03 09:17:26'),(37,'Organization',NULL,0,0,0,0,0,0,NULL,NULL,'Liverpool Sports Trust','Liverpool Sports Trust',NULL,NULL,NULL,NULL,NULL,'Both','3901560571',NULL,'Sample Data',NULL,NULL,NULL,NULL,NULL,NULL,NULL,NULL,NULL,NULL,NULL,NULL,NULL,3,NULL,'Liverpool Sports Trust',NULL,NULL,NULL,0,NULL,NULL,109,'Liverpool Sports Trust',NULL,NULL,NULL,0,NULL,'2015-12-03 09:17:50'),(38,'Individual',NULL,0,0,0,0,0,0,NULL,NULL,'Cooper, Truman','Truman Cooper',NULL,NULL,NULL,'1',NULL,'Both','938772676',NULL,'Sample Data','Truman','','Cooper',NULL,NULL,NULL,NULL,1,NULL,'Dear Truman',1,NULL,'Dear Truman',1,NULL,'Truman Cooper',NULL,2,'1977-08-13',0,NULL,NULL,NULL,NULL,NULL,NULL,NULL,0,NULL,'2015-12-03 09:17:34'),(39,'Individual',NULL,0,0,0,0,0,0,NULL,NULL,'Cruz, Juliann','Juliann Cruz',NULL,NULL,NULL,'4',NULL,'Both','2381734764',NULL,'Sample Data','Juliann','V','Cruz',NULL,NULL,NULL,NULL,1,NULL,'Dear Juliann',1,NULL,'Dear Juliann',1,NULL,'Juliann Cruz',NULL,NULL,'1964-07-02',1,NULL,NULL,NULL,NULL,NULL,NULL,NULL,0,NULL,'2015-12-03 09:17:24'),(40,'Individual',NULL,0,0,0,0,1,0,NULL,NULL,'Terry, Jay','Jay Terry',NULL,NULL,NULL,NULL,NULL,'Both','1881110298',NULL,'Sample Data','Jay','C','Terry',NULL,NULL,NULL,NULL,1,NULL,'Dear Jay',1,NULL,'Dear Jay',1,NULL,'Jay Terry',NULL,2,'2003-06-16',0,NULL,NULL,NULL,NULL,NULL,NULL,NULL,0,NULL,'2015-12-03 09:17:18'),(41,'Individual',NULL,0,0,0,0,0,0,NULL,NULL,'Wagner, Nicole','Mrs. Nicole Wagner',NULL,NULL,NULL,'5',NULL,'Both','2843169462',NULL,'Sample Data','Nicole','','Wagner',1,NULL,NULL,NULL,1,NULL,'Dear Nicole',1,NULL,'Dear Nicole',1,NULL,'Mrs. Nicole Wagner',NULL,1,'1961-10-01',0,NULL,NULL,NULL,NULL,NULL,NULL,NULL,0,NULL,'2015-12-03 09:17:15'),(42,'Organization',NULL,0,0,0,0,0,0,NULL,NULL,'Maple Peace Services','Maple Peace Services',NULL,NULL,NULL,NULL,NULL,'Both','3222634757',NULL,'Sample Data',NULL,NULL,NULL,NULL,NULL,NULL,NULL,NULL,NULL,NULL,NULL,NULL,NULL,3,NULL,'Maple Peace Services',NULL,NULL,NULL,0,NULL,NULL,15,'Maple Peace Services',NULL,NULL,NULL,0,NULL,'2015-12-03 09:17:46'),(43,'Household',NULL,0,1,0,0,0,0,NULL,NULL,'McReynolds family','McReynolds family',NULL,NULL,NULL,NULL,NULL,'Both','3032680972',NULL,'Sample Data',NULL,NULL,NULL,NULL,NULL,NULL,NULL,5,NULL,'Dear McReynolds family',5,NULL,'Dear McReynolds family',2,NULL,'McReynolds family',NULL,NULL,NULL,0,NULL,'McReynolds family',NULL,NULL,NULL,NULL,NULL,0,NULL,'2015-12-03 09:17:43'),(44,'Individual',NULL,0,0,0,0,0,0,NULL,NULL,'Smith, Norris','Mr. Norris Smith',NULL,NULL,NULL,'4',NULL,'Both','2590850940',NULL,'Sample Data','Norris','','Smith',3,NULL,NULL,NULL,1,NULL,'Dear Norris',1,NULL,'Dear Norris',1,NULL,'Mr. Norris Smith',NULL,2,'1972-01-29',1,'2015-12-01',NULL,NULL,NULL,NULL,NULL,NULL,0,NULL,'2015-12-03 09:17:31'),(45,'Household',NULL,0,0,0,0,0,0,NULL,NULL,'Patel-Cooper family','Patel-Cooper family',NULL,NULL,NULL,'5',NULL,'Both','3923132237',NULL,'Sample Data',NULL,NULL,NULL,NULL,NULL,NULL,NULL,5,NULL,'Dear Patel-Cooper family',5,NULL,'Dear Patel-Cooper family',2,NULL,'Patel-Cooper family',NULL,NULL,NULL,0,NULL,'Patel-Cooper family',NULL,NULL,NULL,NULL,NULL,0,NULL,'2015-12-03 09:17:44'),(46,'Individual',NULL,0,0,0,0,0,0,NULL,NULL,'Jones, Ivey','Ivey Jones',NULL,NULL,NULL,'4',NULL,'Both','2553949763',NULL,'Sample Data','Ivey','V','Jones',NULL,NULL,NULL,NULL,1,NULL,'Dear Ivey',1,NULL,'Dear Ivey',1,NULL,'Ivey Jones',NULL,1,'1928-04-05',0,NULL,NULL,NULL,NULL,NULL,NULL,NULL,0,NULL,'2015-12-03 09:17:14'),(47,'Individual',NULL,1,0,0,0,0,0,NULL,NULL,'Nielsen, Rodrigo','Rodrigo Nielsen',NULL,NULL,NULL,'4',NULL,'Both','976050360',NULL,'Sample Data','Rodrigo','','Nielsen',NULL,NULL,NULL,NULL,1,NULL,'Dear Rodrigo',1,NULL,'Dear Rodrigo',1,NULL,'Rodrigo Nielsen',NULL,2,'1956-04-26',0,NULL,NULL,NULL,NULL,NULL,NULL,NULL,0,NULL,'2015-12-03 09:17:42'),(48,'Individual',NULL,1,1,0,0,0,0,NULL,NULL,'jamesonr66@spamalot.org','jamesonr66@spamalot.org',NULL,NULL,NULL,NULL,NULL,'Both','4095862193',NULL,'Sample Data',NULL,NULL,NULL,3,NULL,NULL,NULL,1,NULL,'Dear jamesonr66@spamalot.org',1,NULL,'Dear jamesonr66@spamalot.org',1,NULL,'jamesonr66@spamalot.org',NULL,NULL,NULL,0,NULL,NULL,NULL,NULL,NULL,NULL,NULL,0,NULL,'2015-12-03 09:17:23'),(49,'Individual',NULL,0,0,0,0,0,0,NULL,NULL,'Jensen, Scarlet','Scarlet Jensen',NULL,NULL,NULL,'2',NULL,'Both','1368448205',NULL,'Sample Data','Scarlet','F','Jensen',NULL,NULL,NULL,NULL,1,NULL,'Dear Scarlet',1,NULL,'Dear Scarlet',1,NULL,'Scarlet Jensen',NULL,1,'1960-12-20',0,NULL,NULL,NULL,NULL,NULL,NULL,NULL,0,NULL,'2015-12-03 09:17:17'),(50,'Individual',NULL,0,0,0,0,1,0,NULL,NULL,'elbertd@mymail.biz','elbertd@mymail.biz',NULL,NULL,NULL,NULL,NULL,'Both','2743166575',NULL,'Sample Data',NULL,NULL,NULL,3,2,NULL,NULL,1,NULL,'Dear elbertd@mymail.biz',1,NULL,'Dear elbertd@mymail.biz',1,NULL,'elbertd@mymail.biz',NULL,NULL,NULL,0,NULL,NULL,NULL,NULL,NULL,NULL,NULL,0,NULL,'2015-12-03 09:17:16'),(51,'Individual',NULL,1,0,0,0,1,0,NULL,NULL,'Prentice, Alexia','Alexia Prentice',NULL,NULL,NULL,'3',NULL,'Both','2005927153',NULL,'Sample Data','Alexia','U','Prentice',NULL,NULL,NULL,NULL,1,NULL,'Dear Alexia',1,NULL,'Dear Alexia',1,NULL,'Alexia Prentice',NULL,NULL,'2008-03-31',0,NULL,NULL,NULL,NULL,NULL,NULL,NULL,0,NULL,'2015-12-03 09:17:33'),(52,'Organization',NULL,0,0,0,0,0,0,NULL,NULL,'Rural Action Initiative','Rural Action Initiative',NULL,NULL,NULL,NULL,NULL,'Both','741618762',NULL,'Sample Data',NULL,NULL,NULL,NULL,NULL,NULL,NULL,NULL,NULL,NULL,NULL,NULL,NULL,3,NULL,'Rural Action Initiative',NULL,NULL,NULL,0,NULL,NULL,77,'Rural Action Initiative',NULL,NULL,NULL,0,NULL,'2015-12-03 09:17:51'),(53,'Individual',NULL,0,0,0,0,0,0,NULL,NULL,'Wagner, Brigette','Dr. Brigette Wagner',NULL,NULL,NULL,'3',NULL,'Both','3285817434',NULL,'Sample Data','Brigette','','Wagner',4,NULL,NULL,NULL,1,NULL,'Dear Brigette',1,NULL,'Dear Brigette',1,NULL,'Dr. Brigette Wagner',NULL,1,'1965-12-26',1,'2015-07-31',NULL,NULL,NULL,NULL,NULL,NULL,0,NULL,'2015-12-03 09:17:21'),(54,'Individual',NULL,1,0,0,0,0,0,NULL,NULL,'Gonzlez, Herminia','Herminia Gonzlez',NULL,NULL,NULL,'1',NULL,'Both','4067531506',NULL,'Sample Data','Herminia','','Gonzlez',NULL,NULL,NULL,NULL,1,NULL,'Dear Herminia',1,NULL,'Dear Herminia',1,NULL,'Herminia Gonzlez',NULL,1,'1987-07-25',0,NULL,NULL,NULL,NULL,NULL,NULL,NULL,0,NULL,'2015-12-03 09:17:35'),(55,'Individual',NULL,0,0,0,0,0,0,NULL,NULL,'Grant, Tanya','Tanya Grant',NULL,NULL,NULL,'4',NULL,'Both','3695641560',NULL,'Sample Data','Tanya','','Grant',NULL,NULL,NULL,NULL,1,NULL,'Dear Tanya',1,NULL,'Dear Tanya',1,NULL,'Tanya Grant',NULL,NULL,NULL,0,NULL,NULL,NULL,NULL,NULL,NULL,NULL,0,NULL,'2015-12-03 09:17:30'),(56,'Individual',NULL,0,0,0,0,0,0,NULL,NULL,'Cooper, Beula','Beula Cooper',NULL,NULL,NULL,'4',NULL,'Both','413956326',NULL,'Sample Data','Beula','E','Cooper',NULL,NULL,NULL,NULL,1,NULL,'Dear Beula',1,NULL,'Dear Beula',1,NULL,'Beula Cooper',NULL,1,NULL,0,NULL,NULL,NULL,NULL,NULL,NULL,NULL,0,NULL,'2015-12-03 09:17:21'),(57,'Individual',NULL,0,0,0,0,0,0,NULL,NULL,'Grant, Jay','Jay Grant Sr.',NULL,NULL,NULL,NULL,NULL,'Both','2599662053',NULL,'Sample Data','Jay','U','Grant',NULL,2,NULL,NULL,1,NULL,'Dear Jay',1,NULL,'Dear Jay',1,NULL,'Jay Grant Sr.',NULL,2,'2002-07-30',0,NULL,NULL,NULL,NULL,NULL,NULL,NULL,0,NULL,'2015-12-03 09:17:27'),(58,'Individual',NULL,0,0,0,0,1,0,NULL,NULL,'Cooper, Juliann','Juliann Cooper',NULL,NULL,NULL,'4',NULL,'Both','742450300',NULL,'Sample Data','Juliann','','Cooper',NULL,NULL,NULL,NULL,1,NULL,'Dear Juliann',1,NULL,'Dear Juliann',1,NULL,'Juliann Cooper',NULL,1,'1950-04-26',0,NULL,NULL,NULL,NULL,NULL,NULL,NULL,0,NULL,'2015-12-03 09:17:41'),(59,'Individual',NULL,0,0,0,0,1,0,NULL,NULL,'sonnydeforest@spamalot.co.pl','sonnydeforest@spamalot.co.pl',NULL,NULL,NULL,NULL,NULL,'Both','745143479',NULL,'Sample Data',NULL,NULL,NULL,NULL,NULL,NULL,NULL,1,NULL,'Dear sonnydeforest@spamalot.co.pl',1,NULL,'Dear sonnydeforest@spamalot.co.pl',1,NULL,'sonnydeforest@spamalot.co.pl',NULL,NULL,NULL,0,NULL,NULL,NULL,NULL,NULL,NULL,NULL,0,NULL,'2015-12-03 09:17:32'),(60,'Individual',NULL,0,0,0,0,0,0,NULL,NULL,'shermanj18@testmail.co.in','shermanj18@testmail.co.in',NULL,NULL,NULL,'4',NULL,'Both','483633688',NULL,'Sample Data',NULL,NULL,NULL,4,NULL,NULL,NULL,1,NULL,'Dear shermanj18@testmail.co.in',1,NULL,'Dear shermanj18@testmail.co.in',1,NULL,'shermanj18@testmail.co.in',NULL,NULL,NULL,0,NULL,NULL,NULL,NULL,NULL,NULL,NULL,0,NULL,'2015-12-03 09:17:18'),(61,'Individual',NULL,0,0,0,0,0,0,NULL,NULL,'Adams-Wagner, Lou','Lou Adams-Wagner',NULL,NULL,NULL,NULL,NULL,'Both','2903763182',NULL,'Sample Data','Lou','V','Adams-Wagner',NULL,NULL,NULL,NULL,1,NULL,'Dear Lou',1,NULL,'Dear Lou',1,NULL,'Lou Adams-Wagner',NULL,2,'2005-05-21',0,NULL,NULL,NULL,NULL,NULL,NULL,NULL,0,NULL,'2015-12-03 09:17:34'),(62,'Individual',NULL,0,0,0,0,0,0,NULL,NULL,'McReynolds, Troy','Troy McReynolds II',NULL,NULL,NULL,NULL,NULL,'Both','2359789954',NULL,'Sample Data','Troy','','McReynolds',NULL,3,NULL,NULL,1,NULL,'Dear Troy',1,NULL,'Dear Troy',1,NULL,'Troy McReynolds II',NULL,2,'1984-05-22',0,NULL,NULL,NULL,NULL,NULL,NULL,NULL,0,NULL,'2015-12-03 09:17:36'),(63,'Individual',NULL,0,0,0,0,0,0,NULL,NULL,'Adams-Wagner, Scarlet','Scarlet Adams-Wagner',NULL,NULL,NULL,'4',NULL,'Both','3316685634',NULL,'Sample Data','Scarlet','','Adams-Wagner',NULL,NULL,NULL,NULL,1,NULL,'Dear Scarlet',1,NULL,'Dear Scarlet',1,NULL,'Scarlet Adams-Wagner',NULL,1,'2001-01-20',0,NULL,NULL,NULL,NULL,NULL,NULL,NULL,0,NULL,'2015-12-03 09:17:34'),(64,'Organization',NULL,0,0,0,0,0,0,NULL,NULL,'Local Literacy Network','Local Literacy Network',NULL,NULL,NULL,'4',NULL,'Both','3896269304',NULL,'Sample Data',NULL,NULL,NULL,NULL,NULL,NULL,NULL,NULL,NULL,NULL,NULL,NULL,NULL,3,NULL,'Local Literacy Network',NULL,NULL,NULL,0,NULL,NULL,32,'Local Literacy Network',NULL,NULL,NULL,0,NULL,'2015-12-03 09:17:47'),(65,'Household',NULL,1,0,0,0,1,0,NULL,NULL,'Parker family','Parker family',NULL,NULL,NULL,NULL,NULL,'Both','425242179',NULL,'Sample Data',NULL,NULL,NULL,NULL,NULL,NULL,NULL,5,NULL,'Dear Parker family',5,NULL,'Dear Parker family',2,NULL,'Parker family',NULL,NULL,NULL,0,NULL,'Parker family',NULL,NULL,NULL,NULL,NULL,0,NULL,'2015-12-03 09:17:42'),(66,'Individual',NULL,1,0,0,0,0,0,NULL,NULL,'Barkley-Cruz, Herminia','Mrs. Herminia Barkley-Cruz',NULL,NULL,NULL,NULL,NULL,'Both','1623956253',NULL,'Sample Data','Herminia','O','Barkley-Cruz',1,NULL,NULL,NULL,1,NULL,'Dear Herminia',1,NULL,'Dear Herminia',1,NULL,'Mrs. Herminia Barkley-Cruz',NULL,NULL,'1951-04-23',0,NULL,NULL,NULL,NULL,NULL,NULL,NULL,0,NULL,'2015-12-03 09:17:35'),(67,'Individual',NULL,0,1,0,0,1,0,NULL,NULL,'Reynolds, Omar','Mr. Omar Reynolds',NULL,NULL,NULL,NULL,NULL,'Both','1558438140',NULL,'Sample Data','Omar','I','Reynolds',3,NULL,NULL,NULL,1,NULL,'Dear Omar',1,NULL,'Dear Omar',1,NULL,'Mr. Omar Reynolds',NULL,NULL,'1932-08-12',0,NULL,NULL,NULL,NULL,NULL,NULL,NULL,0,NULL,'2015-12-03 09:17:19'),(68,'Individual',NULL,0,0,0,0,1,0,NULL,NULL,'cooperc@spamalot.biz','cooperc@spamalot.biz',NULL,NULL,NULL,'3',NULL,'Both','3868291815',NULL,'Sample Data',NULL,NULL,NULL,NULL,2,NULL,NULL,1,NULL,'Dear cooperc@spamalot.biz',1,NULL,'Dear cooperc@spamalot.biz',1,NULL,'cooperc@spamalot.biz',NULL,NULL,NULL,0,NULL,NULL,NULL,NULL,NULL,NULL,NULL,0,NULL,'2015-12-03 09:17:34'),(69,'Individual',NULL,1,0,0,0,0,0,NULL,NULL,'Ivanov, Landon','Mr. Landon Ivanov',NULL,NULL,NULL,NULL,NULL,'Both','1470212160',NULL,'Sample Data','Landon','O','Ivanov',3,NULL,NULL,NULL,1,NULL,'Dear Landon',1,NULL,'Dear Landon',1,NULL,'Mr. Landon Ivanov',NULL,2,'1959-12-13',0,NULL,NULL,NULL,NULL,NULL,NULL,NULL,0,NULL,'2015-12-03 09:17:17'),(70,'Individual',NULL,0,0,0,0,0,0,NULL,NULL,'Nielsen, Omar','Omar Nielsen II',NULL,NULL,NULL,NULL,NULL,'Both','1831503188',NULL,'Sample Data','Omar','E','Nielsen',NULL,3,NULL,NULL,1,NULL,'Dear Omar',1,NULL,'Dear Omar',1,NULL,'Omar Nielsen II',NULL,NULL,NULL,0,NULL,NULL,NULL,NULL,NULL,NULL,NULL,0,NULL,'2015-12-03 09:17:16'),(71,'Household',NULL,0,0,0,0,0,0,NULL,NULL,'Gonzlez family','Gonzlez family',NULL,NULL,NULL,NULL,NULL,'Both','3263723758',NULL,'Sample Data',NULL,NULL,NULL,NULL,NULL,NULL,NULL,5,NULL,'Dear Gonzlez family',5,NULL,'Dear Gonzlez family',2,NULL,'Gonzlez family',NULL,NULL,NULL,0,NULL,'Gonzlez family',NULL,NULL,NULL,NULL,NULL,0,NULL,'2015-12-03 09:17:43'),(72,'Household',NULL,0,0,0,0,1,0,NULL,NULL,'Adams-Wagner family','Adams-Wagner family',NULL,NULL,NULL,NULL,NULL,'Both','1470176472',NULL,'Sample Data',NULL,NULL,NULL,NULL,NULL,NULL,NULL,5,NULL,'Dear Adams-Wagner family',5,NULL,'Dear Adams-Wagner family',2,NULL,'Adams-Wagner family',NULL,NULL,NULL,0,NULL,'Adams-Wagner family',NULL,NULL,NULL,NULL,NULL,0,NULL,'2015-12-03 09:17:43'),(73,'Individual',NULL,0,1,0,0,1,0,NULL,NULL,'Roberts, Bernadette','Bernadette Roberts',NULL,NULL,NULL,'1',NULL,'Both','4225100946',NULL,'Sample Data','Bernadette','','Roberts',NULL,NULL,NULL,NULL,1,NULL,'Dear Bernadette',1,NULL,'Dear Bernadette',1,NULL,'Bernadette Roberts',NULL,NULL,'1976-09-13',0,NULL,NULL,NULL,NULL,NULL,NULL,NULL,0,NULL,'2015-12-03 09:17:16'),(74,'Individual',NULL,0,0,0,0,1,0,NULL,NULL,'Samson, Laree','Mrs. Laree Samson',NULL,NULL,NULL,NULL,NULL,'Both','2873745913',NULL,'Sample Data','Laree','P','Samson',1,NULL,NULL,NULL,1,NULL,'Dear Laree',1,NULL,'Dear Laree',1,NULL,'Mrs. Laree Samson',NULL,1,NULL,0,NULL,NULL,NULL,NULL,NULL,NULL,NULL,0,NULL,'2015-12-03 09:17:39'),(75,'Individual',NULL,0,0,0,0,0,0,NULL,NULL,'Samson, Bob','Bob Samson',NULL,NULL,NULL,NULL,NULL,'Both','3804857512',NULL,'Sample Data','Bob','K','Samson',NULL,NULL,NULL,NULL,1,NULL,'Dear Bob',1,NULL,'Dear Bob',1,NULL,'Bob Samson',NULL,2,'1950-03-13',0,NULL,NULL,NULL,NULL,NULL,NULL,NULL,0,NULL,'2015-12-03 09:17:39'),(76,'Organization',NULL,0,0,0,0,0,0,NULL,NULL,'Moose Empowerment Partnership','Moose Empowerment Partnership',NULL,NULL,NULL,'5',NULL,'Both','3634977186',NULL,'Sample Data',NULL,NULL,NULL,NULL,NULL,NULL,NULL,NULL,NULL,NULL,NULL,NULL,NULL,3,NULL,'Moose Empowerment Partnership',NULL,NULL,NULL,0,NULL,NULL,144,'Moose Empowerment Partnership',NULL,NULL,NULL,0,NULL,'2015-12-03 09:17:49'),(77,'Individual',NULL,0,1,0,0,0,0,NULL,NULL,'Zope, Shad','Mr. Shad Zope',NULL,NULL,NULL,NULL,NULL,'Both','2740120938',NULL,'Sample Data','Shad','R','Zope',3,NULL,NULL,NULL,1,NULL,'Dear Shad',1,NULL,'Dear Shad',1,NULL,'Mr. Shad Zope',NULL,2,'1988-01-10',0,NULL,NULL,NULL,'Rural Action Initiative',NULL,NULL,52,0,NULL,'2015-12-03 09:17:51'),(78,'Individual',NULL,0,0,0,0,0,0,NULL,NULL,'shadsmith88@lol.com','shadsmith88@lol.com',NULL,NULL,NULL,NULL,NULL,'Both','1967006534',NULL,'Sample Data',NULL,NULL,NULL,3,NULL,NULL,NULL,1,NULL,'Dear shadsmith88@lol.com',1,NULL,'Dear shadsmith88@lol.com',1,NULL,'shadsmith88@lol.com',NULL,NULL,NULL,0,NULL,NULL,NULL,NULL,NULL,NULL,NULL,0,NULL,'2015-12-03 09:17:41'),(79,'Individual',NULL,0,0,0,0,1,0,NULL,NULL,'Prentice, Omar','Mr. Omar Prentice',NULL,NULL,NULL,'5',NULL,'Both','3875126035',NULL,'Sample Data','Omar','C','Prentice',3,NULL,NULL,NULL,1,NULL,'Dear Omar',1,NULL,'Dear Omar',1,NULL,'Mr. Omar Prentice',NULL,2,NULL,0,NULL,NULL,NULL,NULL,NULL,NULL,NULL,0,NULL,'2015-12-03 09:17:15'),(80,'Individual',NULL,0,0,0,0,1,0,NULL,NULL,'Wagner, Kiara','Kiara Wagner',NULL,NULL,NULL,NULL,NULL,'Both','2385501712',NULL,'Sample Data','Kiara','','Wagner',NULL,NULL,NULL,NULL,1,NULL,'Dear Kiara',1,NULL,'Dear Kiara',1,NULL,'Kiara Wagner',NULL,1,'1954-12-07',0,NULL,NULL,NULL,NULL,NULL,NULL,NULL,0,NULL,'2015-12-03 09:17:29'),(81,'Organization',NULL,0,1,0,0,0,0,NULL,NULL,'Green Music Alliance','Green Music Alliance',NULL,NULL,NULL,'4',NULL,'Both','2742355484',NULL,'Sample Data',NULL,NULL,NULL,NULL,NULL,NULL,NULL,NULL,NULL,NULL,NULL,NULL,NULL,3,NULL,'Green Music Alliance',NULL,NULL,NULL,0,NULL,NULL,170,'Green Music Alliance',NULL,NULL,NULL,0,NULL,'2015-12-03 09:17:49'),(82,'Individual',NULL,0,0,0,0,0,0,NULL,NULL,'Adams, Margaret','Mrs. Margaret Adams',NULL,NULL,NULL,NULL,NULL,'Both','2378565911',NULL,'Sample Data','Margaret','','Adams',1,NULL,NULL,NULL,1,NULL,'Dear Margaret',1,NULL,'Dear Margaret',1,NULL,'Mrs. Margaret Adams',NULL,1,'1983-04-09',0,NULL,NULL,NULL,'Baltimore Music Trust',NULL,NULL,88,0,NULL,'2015-12-03 09:17:47'),(83,'Individual',NULL,0,0,0,0,0,0,NULL,NULL,'Grant, Rodrigo','Dr. Rodrigo Grant',NULL,NULL,NULL,NULL,NULL,'Both','2901986286',NULL,'Sample Data','Rodrigo','F','Grant',4,NULL,NULL,NULL,1,NULL,'Dear Rodrigo',1,NULL,'Dear Rodrigo',1,NULL,'Dr. Rodrigo Grant',NULL,NULL,'1968-08-02',1,'2015-01-25',NULL,NULL,NULL,NULL,NULL,NULL,0,NULL,'2015-12-03 09:17:18'),(84,'Individual',NULL,0,0,0,0,0,0,NULL,NULL,'Roberts, Teresa','Dr. Teresa Roberts',NULL,NULL,NULL,'1',NULL,'Both','1933430312',NULL,'Sample Data','Teresa','','Roberts',4,NULL,NULL,NULL,1,NULL,'Dear Teresa',1,NULL,'Dear Teresa',1,NULL,'Dr. Teresa Roberts',NULL,1,'1978-05-20',0,NULL,NULL,NULL,NULL,NULL,NULL,NULL,0,NULL,'2015-12-03 09:17:38'),(85,'Household',NULL,1,0,0,0,1,0,NULL,NULL,'Cooper family','Cooper family',NULL,NULL,NULL,'3',NULL,'Both','1133003930',NULL,'Sample Data',NULL,NULL,NULL,NULL,NULL,NULL,NULL,5,NULL,'Dear Cooper family',5,NULL,'Dear Cooper family',2,NULL,'Cooper family',NULL,NULL,NULL,0,NULL,'Cooper family',NULL,NULL,NULL,NULL,NULL,0,NULL,'2015-12-03 09:17:43'),(86,'Individual',NULL,0,1,0,0,0,0,NULL,NULL,'Barkley, Santina','Ms. Santina Barkley',NULL,NULL,NULL,'4',NULL,'Both','1386775784',NULL,'Sample Data','Santina','','Barkley',2,NULL,NULL,NULL,1,NULL,'Dear Santina',1,NULL,'Dear Santina',1,NULL,'Ms. Santina Barkley',NULL,1,'1935-02-12',1,'2015-05-15',NULL,NULL,NULL,NULL,NULL,NULL,0,NULL,'2015-12-03 09:17:19'),(87,'Individual',NULL,1,1,0,0,1,0,NULL,NULL,'omarw71@notmail.net','omarw71@notmail.net',NULL,NULL,NULL,NULL,NULL,'Both','610607766',NULL,'Sample Data',NULL,NULL,NULL,3,NULL,NULL,NULL,1,NULL,'Dear omarw71@notmail.net',1,NULL,'Dear omarw71@notmail.net',1,NULL,'omarw71@notmail.net',NULL,NULL,NULL,0,NULL,NULL,NULL,NULL,NULL,NULL,NULL,0,NULL,'2015-12-03 09:17:29'),(88,'Organization',NULL,1,0,0,0,1,0,NULL,NULL,'Baltimore Music Trust','Baltimore Music Trust',NULL,NULL,NULL,NULL,NULL,'Both','3722767658',NULL,'Sample Data',NULL,NULL,NULL,NULL,NULL,NULL,NULL,NULL,NULL,NULL,NULL,NULL,NULL,3,NULL,'Baltimore Music Trust',NULL,NULL,NULL,0,NULL,NULL,82,'Baltimore Music Trust',NULL,NULL,NULL,0,NULL,'2015-12-03 09:17:48'),(89,'Individual',NULL,1,0,0,0,0,0,NULL,NULL,'Gonzlez, Rebekah','Dr. Rebekah Gonzlez',NULL,NULL,NULL,'2',NULL,'Both','2299611342',NULL,'Sample Data','Rebekah','W','Gonzlez',4,NULL,NULL,NULL,1,NULL,'Dear Rebekah',1,NULL,'Dear Rebekah',1,NULL,'Dr. Rebekah Gonzlez',NULL,1,'1974-09-18',0,NULL,NULL,NULL,NULL,NULL,NULL,NULL,0,NULL,'2015-12-03 09:17:39'),(90,'Individual',NULL,0,1,0,0,0,0,NULL,NULL,'brentdimitrov76@spamalot.co.pl','brentdimitrov76@spamalot.co.pl',NULL,NULL,NULL,'3',NULL,'Both','1950927554',NULL,'Sample Data',NULL,NULL,NULL,4,NULL,NULL,NULL,1,NULL,'Dear brentdimitrov76@spamalot.co.pl',1,NULL,'Dear brentdimitrov76@spamalot.co.pl',1,NULL,'brentdimitrov76@spamalot.co.pl',NULL,NULL,NULL,0,NULL,NULL,NULL,'Bay Technology Center',NULL,NULL,124,0,NULL,'2015-12-03 09:17:46'),(91,'Organization',NULL,0,0,0,0,0,0,NULL,NULL,'Oshtemo Peace Services','Oshtemo Peace Services',NULL,NULL,NULL,'5',NULL,'Both','2266764029',NULL,'Sample Data',NULL,NULL,NULL,NULL,NULL,NULL,NULL,NULL,NULL,NULL,NULL,NULL,NULL,3,NULL,'Oshtemo Peace Services',NULL,NULL,NULL,0,NULL,NULL,163,'Oshtemo Peace Services',NULL,NULL,NULL,0,NULL,'2015-12-03 09:17:50'),(92,'Organization',NULL,1,0,0,0,0,0,NULL,NULL,'Dallas Center Arts Alliance','Dallas Center Arts Alliance',NULL,NULL,NULL,NULL,NULL,'Both','2628739143',NULL,'Sample Data',NULL,NULL,NULL,NULL,NULL,NULL,NULL,NULL,NULL,NULL,NULL,NULL,NULL,3,NULL,'Dallas Center Arts Alliance',NULL,NULL,NULL,0,NULL,NULL,122,'Dallas Center Arts Alliance',NULL,NULL,NULL,0,NULL,'2015-12-03 09:17:51'),(93,'Individual',NULL,0,0,0,0,0,0,NULL,NULL,'Ivanov, Mei','Mei Ivanov',NULL,NULL,NULL,NULL,NULL,'Both','3817644881',NULL,'Sample Data','Mei','Q','Ivanov',NULL,NULL,NULL,NULL,1,NULL,'Dear Mei',1,NULL,'Dear Mei',1,NULL,'Mei Ivanov',NULL,1,'2001-07-04',0,NULL,NULL,NULL,NULL,NULL,NULL,NULL,0,NULL,'2015-12-03 09:17:20'),(94,'Individual',NULL,0,0,0,0,1,0,NULL,NULL,'Daz, Jerome','Dr. Jerome Daz',NULL,NULL,NULL,NULL,NULL,'Both','3313016208',NULL,'Sample Data','Jerome','E','Daz',4,NULL,NULL,NULL,1,NULL,'Dear Jerome',1,NULL,'Dear Jerome',1,NULL,'Dr. Jerome Daz',NULL,2,'1978-02-13',0,NULL,NULL,NULL,NULL,NULL,NULL,NULL,0,NULL,'2015-12-03 09:17:21'),(95,'Individual',NULL,0,0,0,0,0,0,NULL,NULL,'Patel-Cooper, Eleonor','Eleonor Patel-Cooper',NULL,NULL,NULL,'4',NULL,'Both','3645014378',NULL,'Sample Data','Eleonor','','Patel-Cooper',NULL,NULL,NULL,NULL,1,NULL,'Dear Eleonor',1,NULL,'Dear Eleonor',1,NULL,'Eleonor Patel-Cooper',NULL,1,NULL,0,NULL,NULL,NULL,NULL,NULL,NULL,NULL,0,NULL,'2015-12-03 09:17:41'),(96,'Organization',NULL,0,0,0,0,0,0,NULL,NULL,'Indiana Wellness Alliance','Indiana Wellness Alliance',NULL,NULL,NULL,'3',NULL,'Both','1703791588',NULL,'Sample Data',NULL,NULL,NULL,NULL,NULL,NULL,NULL,NULL,NULL,NULL,NULL,NULL,NULL,3,NULL,'Indiana Wellness Alliance',NULL,NULL,NULL,0,NULL,NULL,NULL,'Indiana Wellness Alliance',NULL,NULL,NULL,0,NULL,'2015-12-03 09:17:45'),(97,'Individual',NULL,0,0,0,0,0,0,NULL,NULL,'Olsen, Brittney','Brittney Olsen',NULL,NULL,NULL,NULL,NULL,'Both','701819142',NULL,'Sample Data','Brittney','','Olsen',NULL,NULL,NULL,NULL,1,NULL,'Dear Brittney',1,NULL,'Dear Brittney',1,NULL,'Brittney Olsen',NULL,1,'1988-07-11',0,NULL,NULL,NULL,NULL,NULL,NULL,NULL,0,NULL,'2015-12-03 09:17:21'),(98,'Individual',NULL,0,0,0,0,0,0,NULL,NULL,'Wagner, Ashley','Mrs. Ashley Wagner',NULL,NULL,NULL,NULL,NULL,'Both','1660268830',NULL,'Sample Data','Ashley','','Wagner',1,NULL,NULL,NULL,1,NULL,'Dear Ashley',1,NULL,'Dear Ashley',1,NULL,'Mrs. Ashley Wagner',NULL,1,'1972-05-25',0,NULL,NULL,NULL,NULL,NULL,NULL,NULL,0,NULL,'2015-12-03 09:17:30'),(99,'Individual',NULL,1,1,0,0,0,0,NULL,NULL,'Parker, Esta','Mrs. Esta Parker',NULL,NULL,NULL,'4',NULL,'Both','599165417',NULL,'Sample Data','Esta','','Parker',1,NULL,NULL,NULL,1,NULL,'Dear Esta',1,NULL,'Dear Esta',1,NULL,'Mrs. Esta Parker',NULL,1,'1971-11-28',0,NULL,NULL,NULL,NULL,NULL,NULL,NULL,0,NULL,'2015-12-03 09:17:31'),(100,'Household',NULL,0,0,0,0,0,0,NULL,NULL,'Smith-Deforest family','Smith-Deforest family',NULL,NULL,NULL,'1',NULL,'Both','4156653414',NULL,'Sample Data',NULL,NULL,NULL,NULL,NULL,NULL,NULL,5,NULL,'Dear Smith-Deforest family',5,NULL,'Dear Smith-Deforest family',2,NULL,'Smith-Deforest family',NULL,NULL,NULL,0,NULL,'Smith-Deforest family',NULL,NULL,NULL,NULL,NULL,0,NULL,'2015-12-03 09:17:43'),(101,'Individual',NULL,0,0,0,0,0,0,NULL,NULL,'Lee, Ashley','Ashley Lee',NULL,NULL,NULL,NULL,NULL,'Both','66160538',NULL,'Sample Data','Ashley','L','Lee',NULL,NULL,NULL,NULL,1,NULL,'Dear Ashley',1,NULL,'Dear Ashley',1,NULL,'Ashley Lee',NULL,2,'1965-02-22',0,NULL,NULL,NULL,NULL,NULL,NULL,NULL,0,NULL,'2015-12-03 09:17:13'),(102,'Household',NULL,0,0,0,0,0,0,NULL,NULL,'Gonzlez family','Gonzlez family',NULL,NULL,NULL,'1',NULL,'Both','3263723758',NULL,'Sample Data',NULL,NULL,NULL,NULL,NULL,NULL,NULL,5,NULL,'Dear Gonzlez family',5,NULL,'Dear Gonzlez family',2,NULL,'Gonzlez family',NULL,NULL,NULL,0,NULL,'Gonzlez family',NULL,NULL,NULL,NULL,NULL,0,NULL,'2015-12-03 09:17:44'),(103,'Individual',NULL,0,0,0,0,0,0,NULL,NULL,'Cooper, Lawerence','Mr. Lawerence Cooper',NULL,NULL,NULL,'2',NULL,'Both','2139989968',NULL,'Sample Data','Lawerence','M','Cooper',3,NULL,NULL,NULL,1,NULL,'Dear Lawerence',1,NULL,'Dear Lawerence',1,NULL,'Mr. Lawerence Cooper',NULL,2,'1981-06-17',0,NULL,NULL,NULL,NULL,NULL,NULL,NULL,0,NULL,'2015-12-03 09:17:34'),(104,'Individual',NULL,0,0,0,0,1,0,NULL,NULL,'Adams, Magan','Magan Adams',NULL,NULL,NULL,NULL,NULL,'Both','922015448',NULL,'Sample Data','Magan','','Adams',NULL,NULL,NULL,NULL,1,NULL,'Dear Magan',1,NULL,'Dear Magan',1,NULL,'Magan Adams',NULL,1,'1956-03-15',0,NULL,NULL,NULL,NULL,NULL,NULL,NULL,0,NULL,'2015-12-03 09:17:23'),(105,'Organization',NULL,1,0,0,0,0,0,NULL,NULL,'Rural Poetry Collective','Rural Poetry Collective',NULL,NULL,NULL,NULL,NULL,'Both','2903618727',NULL,'Sample Data',NULL,NULL,NULL,NULL,NULL,NULL,NULL,NULL,NULL,NULL,NULL,NULL,NULL,3,NULL,'Rural Poetry Collective',NULL,NULL,NULL,0,NULL,NULL,NULL,'Rural Poetry Collective',NULL,NULL,NULL,0,NULL,'2015-12-03 09:17:50'),(106,'Individual',NULL,0,0,0,0,0,0,NULL,NULL,'Deforest-Nielsen, Nicole','Ms. Nicole Deforest-Nielsen',NULL,NULL,NULL,'4',NULL,'Both','3030315098',NULL,'Sample Data','Nicole','Y','Deforest-Nielsen',2,NULL,NULL,NULL,1,NULL,'Dear Nicole',1,NULL,'Dear Nicole',1,NULL,'Ms. Nicole Deforest-Nielsen',NULL,1,'1975-12-25',0,NULL,NULL,NULL,NULL,NULL,NULL,NULL,0,NULL,'2015-12-03 09:17:33'),(107,'Individual',NULL,0,1,0,0,0,0,NULL,NULL,'Wilson, Miguel','Miguel Wilson Jr.',NULL,NULL,NULL,'4',NULL,'Both','168512775',NULL,'Sample Data','Miguel','','Wilson',NULL,1,NULL,NULL,1,NULL,'Dear Miguel',1,NULL,'Dear Miguel',1,NULL,'Miguel Wilson Jr.',NULL,2,NULL,0,NULL,NULL,NULL,NULL,NULL,NULL,NULL,0,NULL,'2015-12-03 09:17:18'),(108,'Individual',NULL,0,0,0,0,1,0,NULL,NULL,'Parker, Jina','Jina Parker',NULL,NULL,NULL,'2',NULL,'Both','3662235074',NULL,'Sample Data','Jina','','Parker',NULL,NULL,NULL,NULL,1,NULL,'Dear Jina',1,NULL,'Dear Jina',1,NULL,'Jina Parker',NULL,1,'1975-04-09',0,NULL,NULL,NULL,NULL,NULL,NULL,NULL,0,NULL,'2015-12-03 09:17:31'),(109,'Individual',NULL,0,0,0,0,1,0,NULL,NULL,'Smith-Deforest, Kenny','Kenny Smith-Deforest',NULL,NULL,NULL,'2',NULL,'Both','2430375726',NULL,'Sample Data','Kenny','U','Smith-Deforest',NULL,NULL,NULL,NULL,1,NULL,'Dear Kenny',1,NULL,'Dear Kenny',1,NULL,'Kenny Smith-Deforest',NULL,NULL,'2005-11-01',0,NULL,NULL,NULL,'Liverpool Sports Trust',NULL,NULL,37,0,NULL,'2015-12-03 09:17:50'),(110,'Individual',NULL,0,0,0,0,0,0,NULL,NULL,'Jones, Bob','Mr. Bob Jones',NULL,NULL,NULL,NULL,NULL,'Both','3998571591',NULL,'Sample Data','Bob','','Jones',3,NULL,NULL,NULL,1,NULL,'Dear Bob',1,NULL,'Dear Bob',1,NULL,'Mr. Bob Jones',NULL,2,'1944-10-20',0,NULL,NULL,NULL,NULL,NULL,NULL,NULL,0,NULL,'2015-12-03 09:17:16'),(111,'Individual',NULL,0,0,0,0,0,0,NULL,NULL,'Daz, Carlos','Mr. Carlos Daz Jr.',NULL,NULL,NULL,'4',NULL,'Both','3545432850',NULL,'Sample Data','Carlos','','Daz',3,1,NULL,NULL,1,NULL,'Dear Carlos',1,NULL,'Dear Carlos',1,NULL,'Mr. Carlos Daz Jr.',NULL,2,'1937-10-06',0,NULL,NULL,NULL,NULL,NULL,NULL,NULL,0,NULL,'2015-12-03 09:17:13'),(112,'Individual',NULL,0,0,0,0,0,0,NULL,NULL,'ashlier@mymail.net','ashlier@mymail.net',NULL,NULL,NULL,NULL,NULL,'Both','437394735',NULL,'Sample Data',NULL,NULL,NULL,2,NULL,NULL,NULL,1,NULL,'Dear ashlier@mymail.net',1,NULL,'Dear ashlier@mymail.net',1,NULL,'ashlier@mymail.net',NULL,NULL,NULL,0,NULL,NULL,NULL,NULL,NULL,NULL,NULL,0,NULL,'2015-12-03 09:17:40'),(113,'Household',NULL,0,0,0,0,0,0,NULL,NULL,'Smith family','Smith family',NULL,NULL,NULL,NULL,NULL,'Both','4082772645',NULL,'Sample Data',NULL,NULL,NULL,NULL,NULL,NULL,NULL,5,NULL,'Dear Smith family',5,NULL,'Dear Smith family',2,NULL,'Smith family',NULL,NULL,NULL,0,NULL,'Smith family',NULL,NULL,NULL,NULL,NULL,0,NULL,'2015-12-03 09:17:44'),(114,'Individual',NULL,0,0,0,0,0,0,NULL,NULL,'Jacobs, Ivey','Ivey Jacobs',NULL,NULL,NULL,NULL,NULL,'Both','4026790678',NULL,'Sample Data','Ivey','','Jacobs',NULL,NULL,NULL,NULL,1,NULL,'Dear Ivey',1,NULL,'Dear Ivey',1,NULL,'Ivey Jacobs',NULL,1,'1992-12-24',0,NULL,NULL,NULL,NULL,NULL,NULL,NULL,0,NULL,'2015-12-03 09:17:22'),(115,'Individual',NULL,0,0,0,0,1,0,NULL,NULL,'Nielsen, Roland','Mr. Roland Nielsen',NULL,NULL,NULL,NULL,NULL,'Both','2600465555',NULL,'Sample Data','Roland','K','Nielsen',3,NULL,NULL,NULL,1,NULL,'Dear Roland',1,NULL,'Dear Roland',1,NULL,'Mr. Roland Nielsen',NULL,2,'1951-06-16',0,NULL,NULL,NULL,NULL,NULL,NULL,NULL,0,NULL,'2015-12-03 09:17:28'),(116,'Individual',NULL,0,0,0,0,1,0,NULL,NULL,'Cruz, Sherman','Sherman Cruz',NULL,NULL,NULL,'4',NULL,'Both','3295870064',NULL,'Sample Data','Sherman','','Cruz',NULL,NULL,NULL,NULL,1,NULL,'Dear Sherman',1,NULL,'Dear Sherman',1,NULL,'Sherman Cruz',NULL,2,'2002-12-29',0,NULL,NULL,NULL,NULL,NULL,NULL,NULL,0,NULL,'2015-12-03 09:17:35'),(117,'Individual',NULL,0,0,0,0,0,0,NULL,NULL,'Jensen, Megan','Dr. Megan Jensen',NULL,NULL,NULL,NULL,NULL,'Both','3426769371',NULL,'Sample Data','Megan','F','Jensen',4,NULL,NULL,NULL,1,NULL,'Dear Megan',1,NULL,'Dear Megan',1,NULL,'Dr. Megan Jensen',NULL,NULL,NULL,1,'2015-05-16',NULL,NULL,'Bearsville Arts Network',NULL,NULL,4,0,NULL,'2015-12-03 09:17:46'),(118,'Household',NULL,0,1,0,0,1,0,NULL,NULL,'Roberts family','Roberts family',NULL,NULL,NULL,'2',NULL,'Both','2097305882',NULL,'Sample Data',NULL,NULL,NULL,NULL,NULL,NULL,NULL,5,NULL,'Dear Roberts family',5,NULL,'Dear Roberts family',2,NULL,'Roberts family',NULL,NULL,NULL,0,NULL,'Roberts family',NULL,NULL,NULL,NULL,NULL,0,NULL,'2015-12-03 09:17:43'),(119,'Individual',NULL,0,1,0,0,0,0,NULL,NULL,'Jensen, Beula','Dr. Beula Jensen',NULL,NULL,NULL,NULL,NULL,'Both','1956895432',NULL,'Sample Data','Beula','O','Jensen',4,NULL,NULL,NULL,1,NULL,'Dear Beula',1,NULL,'Dear Beula',1,NULL,'Dr. Beula Jensen',NULL,1,'1963-07-25',0,NULL,NULL,NULL,NULL,NULL,NULL,NULL,0,NULL,'2015-12-03 09:17:19'),(120,'Individual',NULL,0,1,0,0,0,0,NULL,NULL,'Adams, Esta','Esta Adams',NULL,NULL,NULL,'4',NULL,'Both','1125073025',NULL,'Sample Data','Esta','','Adams',NULL,NULL,NULL,NULL,1,NULL,'Dear Esta',1,NULL,'Dear Esta',1,NULL,'Esta Adams',NULL,1,'2002-09-11',0,NULL,NULL,NULL,NULL,NULL,NULL,NULL,0,NULL,'2015-12-03 09:17:24'),(121,'Individual',NULL,1,0,0,0,0,0,NULL,NULL,'Dimitrov, Merrie','Merrie Dimitrov',NULL,NULL,NULL,NULL,NULL,'Both','779748961',NULL,'Sample Data','Merrie','','Dimitrov',NULL,NULL,NULL,NULL,1,NULL,'Dear Merrie',1,NULL,'Dear Merrie',1,NULL,'Merrie Dimitrov',NULL,1,'1949-11-20',0,NULL,NULL,NULL,NULL,NULL,NULL,NULL,0,NULL,'2015-12-03 09:17:26'),(122,'Individual',NULL,0,0,0,0,0,0,NULL,NULL,'Barkley, Laree','Laree Barkley',NULL,NULL,NULL,'1',NULL,'Both','347219970',NULL,'Sample Data','Laree','','Barkley',NULL,NULL,NULL,NULL,1,NULL,'Dear Laree',1,NULL,'Dear Laree',1,NULL,'Laree Barkley',NULL,1,'1971-11-29',0,NULL,NULL,NULL,'Dallas Center Arts Alliance',NULL,NULL,92,0,NULL,'2015-12-03 09:17:51'),(123,'Individual',NULL,0,0,0,0,1,0,NULL,NULL,'Roberts, Santina','Santina Roberts',NULL,NULL,NULL,'1',NULL,'Both','1490757631',NULL,'Sample Data','Santina','','Roberts',NULL,NULL,NULL,NULL,1,NULL,'Dear Santina',1,NULL,'Dear Santina',1,NULL,'Santina Roberts',NULL,NULL,'1971-09-27',0,NULL,NULL,NULL,NULL,NULL,NULL,NULL,0,NULL,'2015-12-03 09:17:40'),(124,'Organization',NULL,0,0,0,0,0,0,NULL,NULL,'Bay Technology Center','Bay Technology Center',NULL,NULL,NULL,NULL,NULL,'Both','277257659',NULL,'Sample Data',NULL,NULL,NULL,NULL,NULL,NULL,NULL,NULL,NULL,NULL,NULL,NULL,NULL,3,NULL,'Bay Technology Center',NULL,NULL,NULL,0,NULL,NULL,90,'Bay Technology Center',NULL,NULL,NULL,0,NULL,'2015-12-03 09:17:46'),(125,'Individual',NULL,1,0,0,0,0,0,NULL,NULL,'Samuels, Allen','Allen Samuels Jr.',NULL,NULL,NULL,'4',NULL,'Both','669360799',NULL,'Sample Data','Allen','','Samuels',NULL,1,NULL,NULL,1,NULL,'Dear Allen',1,NULL,'Dear Allen',1,NULL,'Allen Samuels Jr.',NULL,2,'1996-09-29',0,NULL,NULL,NULL,'Slatersville Empowerment Alliance',NULL,NULL,129,0,NULL,'2015-12-03 09:17:49'),(126,'Individual',NULL,0,0,0,0,1,0,NULL,NULL,'Grant, Billy','Mr. Billy Grant III',NULL,NULL,NULL,'3',NULL,'Both','3507413817',NULL,'Sample Data','Billy','B','Grant',3,4,NULL,NULL,1,NULL,'Dear Billy',1,NULL,'Dear Billy',1,NULL,'Mr. Billy Grant III',NULL,NULL,NULL,0,NULL,NULL,NULL,NULL,NULL,NULL,NULL,0,NULL,'2015-12-03 09:17:30'),(127,'Individual',NULL,0,1,0,0,0,0,NULL,NULL,'Patel, Merrie','Merrie Patel',NULL,NULL,NULL,'2',NULL,'Both','3938448251',NULL,'Sample Data','Merrie','','Patel',NULL,NULL,NULL,NULL,1,NULL,'Dear Merrie',1,NULL,'Dear Merrie',1,NULL,'Merrie Patel',NULL,1,NULL,0,NULL,NULL,NULL,NULL,NULL,NULL,NULL,0,NULL,'2015-12-03 09:17:15'),(128,'Individual',NULL,0,0,0,0,0,0,NULL,NULL,'McReynolds, Brent','Brent McReynolds',NULL,NULL,NULL,'2',NULL,'Both','1642363983',NULL,'Sample Data','Brent','','McReynolds',NULL,NULL,NULL,NULL,1,NULL,'Dear Brent',1,NULL,'Dear Brent',1,NULL,'Brent McReynolds',NULL,NULL,NULL,0,NULL,NULL,NULL,NULL,NULL,NULL,NULL,0,NULL,'2015-12-03 09:17:37'),(129,'Organization',NULL,0,1,0,0,0,0,NULL,NULL,'Slatersville Empowerment Alliance','Slatersville Empowerment Alliance',NULL,NULL,NULL,NULL,NULL,'Both','416529381',NULL,'Sample Data',NULL,NULL,NULL,NULL,NULL,NULL,NULL,NULL,NULL,NULL,NULL,NULL,NULL,3,NULL,'Slatersville Empowerment Alliance',NULL,NULL,NULL,0,NULL,NULL,125,'Slatersville Empowerment Alliance',NULL,NULL,NULL,0,NULL,'2015-12-03 09:17:49'),(130,'Individual',NULL,0,0,0,0,0,0,NULL,NULL,'gonzlez.elina@airmail.co.in','gonzlez.elina@airmail.co.in',NULL,NULL,NULL,NULL,NULL,'Both','2344957652',NULL,'Sample Data',NULL,NULL,NULL,1,NULL,NULL,NULL,1,NULL,'Dear gonzlez.elina@airmail.co.in',1,NULL,'Dear gonzlez.elina@airmail.co.in',1,NULL,'gonzlez.elina@airmail.co.in',NULL,NULL,NULL,0,NULL,NULL,NULL,NULL,NULL,NULL,NULL,0,NULL,'2015-12-03 09:17:39'),(131,'Household',NULL,1,0,0,0,0,0,NULL,NULL,'Wagner family','Wagner family',NULL,NULL,NULL,NULL,NULL,'Both','1570966486',NULL,'Sample Data',NULL,NULL,NULL,NULL,NULL,NULL,NULL,5,NULL,'Dear Wagner family',5,NULL,'Dear Wagner family',2,NULL,'Wagner family',NULL,NULL,NULL,0,NULL,'Wagner family',NULL,NULL,NULL,NULL,NULL,0,NULL,'2015-12-03 09:17:42'),(132,'Individual',NULL,0,1,0,0,0,0,NULL,NULL,'Cooper, Shad','Dr. Shad Cooper Sr.',NULL,NULL,NULL,NULL,NULL,'Both','3562872158',NULL,'Sample Data','Shad','','Cooper',4,2,NULL,NULL,1,NULL,'Dear Shad',1,NULL,'Dear Shad',1,NULL,'Dr. Shad Cooper Sr.',NULL,2,'1974-04-03',0,NULL,NULL,NULL,'La Crosse Legal Alliance',NULL,NULL,28,0,NULL,'2015-12-03 09:17:47'),(133,'Organization',NULL,0,1,0,0,0,0,NULL,NULL,'Leesville Technology Association','Leesville Technology Association',NULL,NULL,NULL,NULL,NULL,'Both','1975700528',NULL,'Sample Data',NULL,NULL,NULL,NULL,NULL,NULL,NULL,NULL,NULL,NULL,NULL,NULL,NULL,3,NULL,'Leesville Technology Association',NULL,NULL,NULL,0,NULL,NULL,178,'Leesville Technology Association',NULL,NULL,NULL,0,NULL,'2015-12-03 09:17:50'),(134,'Individual',NULL,0,0,0,0,1,0,NULL,NULL,'Prentice, Sonny','Mr. Sonny Prentice',NULL,NULL,NULL,'1',NULL,'Both','2645636632',NULL,'Sample Data','Sonny','P','Prentice',3,NULL,NULL,NULL,1,NULL,'Dear Sonny',1,NULL,'Dear Sonny',1,NULL,'Mr. Sonny Prentice',NULL,2,NULL,1,NULL,NULL,NULL,NULL,NULL,NULL,NULL,0,NULL,'2015-12-03 09:17:33'),(135,'Individual',NULL,1,0,0,0,0,0,NULL,NULL,'Parker, Esta','Mrs. Esta Parker',NULL,NULL,NULL,NULL,NULL,'Both','599165417',NULL,'Sample Data','Esta','H','Parker',1,NULL,NULL,NULL,1,NULL,'Dear Esta',1,NULL,'Dear Esta',1,NULL,'Mrs. Esta Parker',NULL,1,NULL,0,NULL,NULL,NULL,NULL,NULL,NULL,NULL,0,NULL,'2015-12-03 09:17:31'),(136,'Household',NULL,0,0,0,0,0,0,NULL,NULL,'Terry family','Terry family',NULL,NULL,NULL,'4',NULL,'Both','558108751',NULL,'Sample Data',NULL,NULL,NULL,NULL,NULL,NULL,NULL,5,NULL,'Dear Terry family',5,NULL,'Dear Terry family',2,NULL,'Terry family',NULL,NULL,NULL,0,NULL,'Terry family',NULL,NULL,NULL,NULL,NULL,0,NULL,'2015-12-03 09:17:42'),(137,'Individual',NULL,0,0,0,0,0,0,NULL,NULL,'Barkley, Junko','Dr. Junko Barkley',NULL,NULL,NULL,NULL,NULL,'Both','803439598',NULL,'Sample Data','Junko','','Barkley',4,NULL,NULL,NULL,1,NULL,'Dear Junko',1,NULL,'Dear Junko',1,NULL,'Dr. Junko Barkley',NULL,1,NULL,0,NULL,NULL,NULL,'College Health Services',NULL,NULL,17,0,NULL,'2015-12-03 09:17:46'),(138,'Individual',NULL,0,0,0,0,0,0,NULL,NULL,'Roberts, Betty','Ms. Betty Roberts',NULL,NULL,NULL,NULL,NULL,'Both','3063091038',NULL,'Sample Data','Betty','O','Roberts',2,NULL,NULL,NULL,1,NULL,'Dear Betty',1,NULL,'Dear Betty',1,NULL,'Ms. Betty Roberts',NULL,NULL,'1985-01-11',0,NULL,NULL,NULL,NULL,NULL,NULL,NULL,0,NULL,'2015-12-03 09:17:38'),(139,'Individual',NULL,0,0,0,0,0,0,NULL,NULL,'Smith-Cooper, Kiara','Dr. Kiara Smith-Cooper',NULL,NULL,NULL,'5',NULL,'Both','1110041899',NULL,'Sample Data','Kiara','','Smith-Cooper',4,NULL,NULL,NULL,1,NULL,'Dear Kiara',1,NULL,'Dear Kiara',1,NULL,'Dr. Kiara Smith-Cooper',NULL,NULL,'1963-02-21',0,NULL,NULL,NULL,NULL,NULL,NULL,NULL,0,NULL,'2015-12-03 09:17:34'),(140,'Individual',NULL,0,0,0,0,1,0,NULL,NULL,'Adams, Allen','Mr. Allen Adams III',NULL,NULL,NULL,NULL,NULL,'Both','1767360993',NULL,'Sample Data','Allen','S','Adams',3,4,NULL,NULL,1,NULL,'Dear Allen',1,NULL,'Dear Allen',1,NULL,'Mr. Allen Adams III',NULL,2,'1994-05-24',0,NULL,NULL,NULL,NULL,NULL,NULL,NULL,0,NULL,'2015-12-03 09:17:14'),(141,'Individual',NULL,0,0,0,0,0,0,NULL,NULL,'samsons@fakemail.co.nz','samsons@fakemail.co.nz',NULL,NULL,NULL,NULL,NULL,'Both','300935994',NULL,'Sample Data',NULL,NULL,NULL,1,NULL,NULL,NULL,1,NULL,'Dear samsons@fakemail.co.nz',1,NULL,'Dear samsons@fakemail.co.nz',1,NULL,'samsons@fakemail.co.nz',NULL,NULL,NULL,0,NULL,NULL,NULL,NULL,NULL,NULL,NULL,0,NULL,'2015-12-03 09:17:29'),(142,'Individual',NULL,0,0,0,0,0,0,NULL,NULL,'Deforest, Jay','Jay Deforest Sr.',NULL,NULL,NULL,'1',NULL,'Both','3714093983',NULL,'Sample Data','Jay','','Deforest',NULL,2,NULL,NULL,1,NULL,'Dear Jay',1,NULL,'Dear Jay',1,NULL,'Jay Deforest Sr.',NULL,NULL,'1979-07-22',0,NULL,NULL,NULL,NULL,NULL,NULL,NULL,0,NULL,'2015-12-03 09:17:22'),(143,'Individual',NULL,0,1,0,0,0,0,NULL,NULL,'Gonzlez, Alexia','Alexia Gonzlez',NULL,NULL,NULL,'2',NULL,'Both','4265879179',NULL,'Sample Data','Alexia','','Gonzlez',NULL,NULL,NULL,NULL,1,NULL,'Dear Alexia',1,NULL,'Dear Alexia',1,NULL,'Alexia Gonzlez',NULL,NULL,'1997-09-14',0,NULL,NULL,NULL,NULL,NULL,NULL,NULL,0,NULL,'2015-12-03 09:17:35'),(144,'Individual',NULL,0,0,0,0,0,0,NULL,NULL,'Mller, Esta','Esta Mller',NULL,NULL,NULL,'4',NULL,'Both','792383763',NULL,'Sample Data','Esta','','Mller',NULL,NULL,NULL,NULL,1,NULL,'Dear Esta',1,NULL,'Dear Esta',1,NULL,'Esta Mller',NULL,1,'1928-09-28',1,NULL,NULL,NULL,'Moose Empowerment Partnership',NULL,NULL,76,0,NULL,'2015-12-03 09:17:49'),(145,'Individual',NULL,0,1,0,0,0,0,NULL,NULL,'Terry, Kenny','Kenny Terry Jr.',NULL,NULL,NULL,'4',NULL,'Both','1180301319',NULL,'Sample Data','Kenny','','Terry',NULL,1,NULL,NULL,1,NULL,'Dear Kenny',1,NULL,'Dear Kenny',1,NULL,'Kenny Terry Jr.',NULL,2,'1980-01-21',0,NULL,NULL,NULL,NULL,NULL,NULL,NULL,0,NULL,'2015-12-03 09:17:30'),(146,'Household',NULL,0,0,0,0,1,0,NULL,NULL,'Jacobs family','Jacobs family',NULL,NULL,NULL,NULL,NULL,'Both','1498986649',NULL,'Sample Data',NULL,NULL,NULL,NULL,NULL,NULL,NULL,5,NULL,'Dear Jacobs family',5,NULL,'Dear Jacobs family',2,NULL,'Jacobs family',NULL,NULL,NULL,0,NULL,'Jacobs family',NULL,NULL,NULL,NULL,NULL,0,NULL,'2015-12-03 09:17:44'),(147,'Individual',NULL,1,1,0,0,0,0,NULL,NULL,'Roberts, Alexia','Ms. Alexia Roberts',NULL,NULL,NULL,NULL,NULL,'Both','1143708335',NULL,'Sample Data','Alexia','','Roberts',2,NULL,NULL,NULL,1,NULL,'Dear Alexia',1,NULL,'Dear Alexia',1,NULL,'Ms. Alexia Roberts',NULL,NULL,'1982-10-15',0,NULL,NULL,NULL,NULL,NULL,NULL,NULL,0,NULL,'2015-12-03 09:17:40'),(148,'Individual',NULL,1,0,0,0,0,0,NULL,NULL,'Parker, Andrew','Dr. Andrew Parker',NULL,NULL,NULL,NULL,NULL,'Both','3245499014',NULL,'Sample Data','Andrew','','Parker',4,NULL,NULL,NULL,1,NULL,'Dear Andrew',1,NULL,'Dear Andrew',1,NULL,'Dr. Andrew Parker',NULL,NULL,NULL,1,'2015-08-09',NULL,NULL,NULL,NULL,NULL,NULL,0,NULL,'2015-12-03 09:17:19'),(149,'Individual',NULL,0,0,0,0,0,0,NULL,NULL,'Smith-Deforest, Iris','Iris Smith-Deforest',NULL,NULL,NULL,'2',NULL,'Both','4089923632',NULL,'Sample Data','Iris','F','Smith-Deforest',NULL,NULL,NULL,NULL,1,NULL,'Dear Iris',1,NULL,'Dear Iris',1,NULL,'Iris Smith-Deforest',NULL,NULL,'1980-12-09',0,NULL,NULL,NULL,NULL,NULL,NULL,NULL,0,NULL,'2015-12-03 09:17:32'),(150,'Individual',NULL,0,0,0,0,0,0,NULL,NULL,'Roberts, Shad','Dr. Shad Roberts',NULL,NULL,NULL,NULL,NULL,'Both','808928953',NULL,'Sample Data','Shad','','Roberts',4,NULL,NULL,NULL,1,NULL,'Dear Shad',1,NULL,'Dear Shad',1,NULL,'Dr. Shad Roberts',NULL,2,'1976-02-17',0,NULL,NULL,NULL,NULL,NULL,NULL,NULL,0,NULL,'2015-12-03 09:17:40'),(151,'Individual',NULL,0,0,0,0,0,0,NULL,NULL,'McReynolds-Wagner-Nielsen, Iris','Iris McReynolds-Wagner-Nielsen',NULL,NULL,NULL,NULL,NULL,'Both','2590121128',NULL,'Sample Data','Iris','S','McReynolds-Wagner-Nielsen',NULL,NULL,NULL,NULL,1,NULL,'Dear Iris',1,NULL,'Dear Iris',1,NULL,'Iris McReynolds-Wagner-Nielsen',NULL,1,'1962-08-02',1,'2015-02-04',NULL,NULL,NULL,NULL,NULL,NULL,0,NULL,'2015-12-03 09:17:42'),(152,'Individual',NULL,0,0,0,0,1,0,NULL,NULL,'Wilson, Tanya','Tanya Wilson',NULL,NULL,NULL,NULL,NULL,'Both','147078466',NULL,'Sample Data','Tanya','C','Wilson',NULL,NULL,NULL,NULL,1,NULL,'Dear Tanya',1,NULL,'Dear Tanya',1,NULL,'Tanya Wilson',NULL,NULL,'1995-10-03',0,NULL,NULL,NULL,NULL,NULL,NULL,NULL,0,NULL,'2015-12-03 09:17:27'),(153,'Individual',NULL,0,0,0,0,1,0,NULL,NULL,'Jacobs, Delana','Mrs. Delana Jacobs',NULL,NULL,NULL,NULL,NULL,'Both','1289592996',NULL,'Sample Data','Delana','T','Jacobs',1,NULL,NULL,NULL,1,NULL,'Dear Delana',1,NULL,'Dear Delana',1,NULL,'Mrs. Delana Jacobs',NULL,1,'1977-12-11',0,NULL,NULL,NULL,NULL,NULL,NULL,NULL,0,NULL,'2015-12-03 09:17:38'),(154,'Individual',NULL,0,0,0,0,0,0,NULL,NULL,'Terry, Bob','Dr. Bob Terry Sr.',NULL,NULL,NULL,NULL,NULL,'Both','1793770176',NULL,'Sample Data','Bob','','Terry',4,2,NULL,NULL,1,NULL,'Dear Bob',1,NULL,'Dear Bob',1,NULL,'Dr. Bob Terry Sr.',NULL,2,'1984-08-19',0,NULL,NULL,NULL,NULL,NULL,NULL,NULL,0,NULL,'2015-12-03 09:17:31'),(155,'Individual',NULL,1,1,0,0,1,0,NULL,NULL,'nielsen.bernadette38@fishmail.biz','nielsen.bernadette38@fishmail.biz',NULL,NULL,NULL,NULL,NULL,'Both','1882634296',NULL,'Sample Data',NULL,NULL,NULL,2,NULL,NULL,NULL,1,NULL,'Dear nielsen.bernadette38@fishmail.biz',1,NULL,'Dear nielsen.bernadette38@fishmail.biz',1,NULL,'nielsen.bernadette38@fishmail.biz',NULL,NULL,NULL,0,NULL,NULL,NULL,NULL,NULL,NULL,NULL,0,NULL,'2015-12-03 09:17:32'),(156,'Individual',NULL,1,0,0,0,1,0,NULL,NULL,'Samuels, Valene','Mrs. Valene Samuels',NULL,NULL,NULL,'2',NULL,'Both','1762584511',NULL,'Sample Data','Valene','B','Samuels',1,NULL,NULL,NULL,1,NULL,'Dear Valene',1,NULL,'Dear Valene',1,NULL,'Mrs. Valene Samuels',NULL,NULL,NULL,0,NULL,NULL,NULL,NULL,NULL,NULL,NULL,0,NULL,'2015-12-03 09:17:16'),(157,'Household',NULL,0,0,0,0,1,0,NULL,NULL,'Prentice family','Prentice family',NULL,NULL,NULL,'2',NULL,'Both','3313623671',NULL,'Sample Data',NULL,NULL,NULL,NULL,NULL,NULL,NULL,5,NULL,'Dear Prentice family',5,NULL,'Dear Prentice family',2,NULL,'Prentice family',NULL,NULL,NULL,0,NULL,'Prentice family',NULL,NULL,NULL,NULL,NULL,0,NULL,'2015-12-03 09:17:43'),(158,'Individual',NULL,0,1,0,0,0,0,NULL,NULL,'Terry, Errol','Dr. Errol Terry II',NULL,NULL,NULL,'1',NULL,'Both','1432200958',NULL,'Sample Data','Errol','','Terry',4,3,NULL,NULL,1,NULL,'Dear Errol',1,NULL,'Dear Errol',1,NULL,'Dr. Errol Terry II',NULL,2,'1958-06-07',1,NULL,NULL,NULL,NULL,NULL,NULL,NULL,0,NULL,'2015-12-03 09:17:30'),(159,'Individual',NULL,0,0,0,0,0,0,NULL,NULL,'Olsen, Jackson','Jackson Olsen',NULL,NULL,NULL,NULL,NULL,'Both','2108387664',NULL,'Sample Data','Jackson','L','Olsen',NULL,NULL,NULL,NULL,1,NULL,'Dear Jackson',1,NULL,'Dear Jackson',1,NULL,'Jackson Olsen',NULL,2,'1949-01-14',0,NULL,NULL,NULL,NULL,NULL,NULL,NULL,0,NULL,'2015-12-03 09:17:22'),(160,'Individual',NULL,1,1,0,0,0,0,NULL,NULL,'Terry, Kathleen','Kathleen Terry',NULL,NULL,NULL,NULL,NULL,'Both','1992671393',NULL,'Sample Data','Kathleen','','Terry',NULL,NULL,NULL,NULL,1,NULL,'Dear Kathleen',1,NULL,'Dear Kathleen',1,NULL,'Kathleen Terry',NULL,1,'1957-06-04',1,NULL,NULL,NULL,NULL,NULL,NULL,NULL,0,NULL,'2015-12-03 09:17:30'),(161,'Household',NULL,0,0,0,0,0,0,NULL,NULL,'Grant family','Grant family',NULL,NULL,NULL,'1',NULL,'Both','3228000340',NULL,'Sample Data',NULL,NULL,NULL,NULL,NULL,NULL,NULL,5,NULL,'Dear Grant family',5,NULL,'Dear Grant family',2,NULL,'Grant family',NULL,NULL,NULL,0,NULL,'Grant family',NULL,NULL,NULL,NULL,NULL,0,NULL,'2015-12-03 09:17:42'),(162,'Individual',NULL,0,0,0,0,0,0,NULL,NULL,'Reynolds-Gonzlez, Jina','Ms. Jina Reynolds-Gonzlez',NULL,NULL,NULL,NULL,NULL,'Both','830833849',NULL,'Sample Data','Jina','H','Reynolds-Gonzlez',2,NULL,NULL,NULL,1,NULL,'Dear Jina',1,NULL,'Dear Jina',1,NULL,'Ms. Jina Reynolds-Gonzlez',NULL,1,'1972-06-21',1,'2015-04-18',NULL,NULL,'Main Sustainability Partnership',NULL,NULL,27,0,NULL,'2015-12-03 09:17:45'),(163,'Individual',NULL,0,1,0,0,0,0,NULL,NULL,'Cruz, Brent','Mr. Brent Cruz III',NULL,NULL,NULL,'5',NULL,'Both','1602969410',NULL,'Sample Data','Brent','','Cruz',3,4,NULL,NULL,1,NULL,'Dear Brent',1,NULL,'Dear Brent',1,NULL,'Mr. Brent Cruz III',NULL,2,'1964-11-19',0,NULL,NULL,NULL,'Oshtemo Peace Services',NULL,NULL,91,0,NULL,'2015-12-03 09:17:49'),(164,'Individual',NULL,0,0,0,0,0,0,NULL,NULL,'Jacobs, Truman','Mr. Truman Jacobs',NULL,NULL,NULL,'2',NULL,'Both','2934376834',NULL,'Sample Data','Truman','','Jacobs',3,NULL,NULL,NULL,1,NULL,'Dear Truman',1,NULL,'Dear Truman',1,NULL,'Mr. Truman Jacobs',NULL,NULL,'1960-06-03',0,NULL,NULL,NULL,NULL,NULL,NULL,NULL,0,NULL,'2015-12-03 09:17:15'),(165,'Individual',NULL,0,0,0,0,0,0,NULL,NULL,'Yadav, Allen','Mr. Allen Yadav',NULL,NULL,NULL,NULL,NULL,'Both','1525270677',NULL,'Sample Data','Allen','K','Yadav',3,NULL,NULL,NULL,1,NULL,'Dear Allen',1,NULL,'Dear Allen',1,NULL,'Mr. Allen Yadav',NULL,2,'1933-09-25',0,NULL,NULL,NULL,NULL,NULL,NULL,NULL,0,NULL,'2015-12-03 09:17:20'),(166,'Household',NULL,0,0,0,0,0,0,NULL,NULL,'Cruz family','Cruz family',NULL,NULL,NULL,'5',NULL,'Both','2326538497',NULL,'Sample Data',NULL,NULL,NULL,NULL,NULL,NULL,NULL,5,NULL,'Dear Cruz family',5,NULL,'Dear Cruz family',2,NULL,'Cruz family',NULL,NULL,NULL,0,NULL,'Cruz family',NULL,NULL,NULL,NULL,NULL,0,NULL,'2015-12-03 09:17:43'),(167,'Individual',NULL,1,0,0,0,0,0,NULL,NULL,'Nielsen, Allan','Dr. Allan Nielsen',NULL,NULL,NULL,'2',NULL,'Both','2060982143',NULL,'Sample Data','Allan','X','Nielsen',4,NULL,NULL,NULL,1,NULL,'Dear Allan',1,NULL,'Dear Allan',1,NULL,'Dr. Allan Nielsen',NULL,NULL,'1977-12-19',0,NULL,NULL,NULL,NULL,NULL,NULL,NULL,0,NULL,'2015-12-03 09:17:20'),(168,'Individual',NULL,0,0,0,0,0,0,NULL,NULL,'McReynolds, Brigette','Brigette McReynolds',NULL,NULL,NULL,NULL,NULL,'Both','393115724',NULL,'Sample Data','Brigette','O','McReynolds',NULL,NULL,NULL,NULL,1,NULL,'Dear Brigette',1,NULL,'Dear Brigette',1,NULL,'Brigette McReynolds',NULL,1,'2005-05-19',0,NULL,NULL,NULL,NULL,NULL,NULL,NULL,0,NULL,'2015-12-03 09:17:27'),(169,'Household',NULL,0,0,0,0,0,0,NULL,NULL,'Wagner-Nielsen family','Wagner-Nielsen family',NULL,NULL,NULL,'2',NULL,'Both','1436475884',NULL,'Sample Data',NULL,NULL,NULL,NULL,NULL,NULL,NULL,5,NULL,'Dear Wagner-Nielsen family',5,NULL,'Dear Wagner-Nielsen family',2,NULL,'Wagner-Nielsen family',NULL,NULL,NULL,0,NULL,'Wagner-Nielsen family',NULL,NULL,NULL,NULL,NULL,0,NULL,'2015-12-03 09:17:44'),(170,'Individual',NULL,0,0,0,0,0,0,NULL,NULL,'Patel-Cooper, Ivey','Ivey Patel-Cooper',NULL,NULL,NULL,'4',NULL,'Both','2921071980',NULL,'Sample Data','Ivey','','Patel-Cooper',NULL,NULL,NULL,NULL,1,NULL,'Dear Ivey',1,NULL,'Dear Ivey',1,NULL,'Ivey Patel-Cooper',NULL,NULL,'1979-10-02',0,NULL,NULL,NULL,'Green Music Alliance',NULL,NULL,81,0,NULL,'2015-12-03 09:17:48'),(171,'Individual',NULL,0,1,0,0,0,0,NULL,NULL,'Samson, Jed','Mr. Jed Samson II',NULL,NULL,NULL,'4',NULL,'Both','4283865263',NULL,'Sample Data','Jed','','Samson',3,3,NULL,NULL,1,NULL,'Dear Jed',1,NULL,'Dear Jed',1,NULL,'Mr. Jed Samson II',NULL,2,'1991-02-13',0,NULL,NULL,NULL,NULL,NULL,NULL,NULL,0,NULL,'2015-12-03 09:17:14'),(172,'Individual',NULL,0,0,0,0,1,0,NULL,NULL,'McReynolds, Juliann','Dr. Juliann McReynolds',NULL,NULL,NULL,NULL,NULL,'Both','2587841084',NULL,'Sample Data','Juliann','','McReynolds',4,NULL,NULL,NULL,1,NULL,'Dear Juliann',1,NULL,'Dear Juliann',1,NULL,'Dr. Juliann McReynolds',NULL,1,'1926-03-06',0,NULL,NULL,NULL,NULL,NULL,NULL,NULL,0,NULL,'2015-12-03 09:17:23'),(173,'Individual',NULL,0,0,0,0,0,0,NULL,NULL,'Smith, Ray','Ray Smith Sr.',NULL,NULL,NULL,'3',NULL,'Both','2980443594',NULL,'Sample Data','Ray','L','Smith',NULL,2,NULL,NULL,1,NULL,'Dear Ray',1,NULL,'Dear Ray',1,NULL,'Ray Smith Sr.',NULL,2,'1982-04-21',0,NULL,NULL,NULL,NULL,NULL,NULL,NULL,0,NULL,'2015-12-03 09:17:22'),(174,'Individual',NULL,1,0,0,0,0,0,NULL,NULL,'smith.kenny@example.com','smith.kenny@example.com',NULL,NULL,NULL,NULL,NULL,'Both','1902656394',NULL,'Sample Data',NULL,NULL,NULL,4,NULL,NULL,NULL,1,NULL,'Dear smith.kenny@example.com',1,NULL,'Dear smith.kenny@example.com',1,NULL,'smith.kenny@example.com',NULL,NULL,NULL,0,NULL,NULL,NULL,NULL,NULL,NULL,NULL,0,NULL,'2015-12-03 09:17:41'),(175,'Individual',NULL,1,0,0,0,0,0,NULL,NULL,'McReynolds, Esta','Esta McReynolds',NULL,NULL,NULL,'3',NULL,'Both','3751444611',NULL,'Sample Data','Esta','','McReynolds',NULL,NULL,NULL,NULL,1,NULL,'Dear Esta',1,NULL,'Dear Esta',1,NULL,'Esta McReynolds',NULL,1,'1998-09-02',0,NULL,NULL,NULL,NULL,NULL,NULL,NULL,0,NULL,'2015-12-03 09:17:37'),(176,'Individual',NULL,0,0,0,0,0,0,NULL,NULL,'Samuels, Maxwell','Maxwell Samuels Sr.',NULL,NULL,NULL,'1',NULL,'Both','445599950',NULL,'Sample Data','Maxwell','','Samuels',NULL,2,NULL,NULL,1,NULL,'Dear Maxwell',1,NULL,'Dear Maxwell',1,NULL,'Maxwell Samuels Sr.',NULL,2,'2003-06-17',0,NULL,NULL,NULL,NULL,NULL,NULL,NULL,0,NULL,'2015-12-03 09:17:21'),(177,'Individual',NULL,0,1,0,0,0,0,NULL,NULL,'Blackwell, Jacob','Jacob Blackwell',NULL,NULL,NULL,NULL,NULL,'Both','4049710903',NULL,'Sample Data','Jacob','','Blackwell',NULL,NULL,NULL,NULL,1,NULL,'Dear Jacob',1,NULL,'Dear Jacob',1,NULL,'Jacob Blackwell',NULL,2,NULL,0,NULL,NULL,NULL,NULL,NULL,NULL,NULL,0,NULL,'2015-12-03 09:17:20'),(178,'Individual',NULL,1,0,0,0,1,0,NULL,NULL,'Jacobs, Daren','Dr. Daren Jacobs',NULL,NULL,NULL,'5',NULL,'Both','1181505103',NULL,'Sample Data','Daren','Y','Jacobs',4,NULL,NULL,NULL,1,NULL,'Dear Daren',1,NULL,'Dear Daren',1,NULL,'Dr. Daren Jacobs',NULL,NULL,NULL,0,NULL,NULL,NULL,'Leesville Technology Association',NULL,NULL,133,0,NULL,'2015-12-03 09:17:50'),(179,'Individual',NULL,1,1,0,0,0,0,NULL,NULL,'Zope, Bryon','Bryon Zope',NULL,NULL,NULL,NULL,NULL,'Both','1177115571',NULL,'Sample Data','Bryon','','Zope',NULL,NULL,NULL,NULL,1,NULL,'Dear Bryon',1,NULL,'Dear Bryon',1,NULL,'Bryon Zope',NULL,2,'1957-07-21',0,NULL,NULL,NULL,NULL,NULL,NULL,NULL,0,NULL,'2015-12-03 09:17:13'),(180,'Individual',NULL,1,0,0,0,0,0,NULL,NULL,'Wagner-Nielsen, Rolando','Mr. Rolando Wagner-Nielsen Sr.',NULL,NULL,NULL,NULL,NULL,'Both','1189429223',NULL,'Sample Data','Rolando','','Wagner-Nielsen',3,2,NULL,NULL,1,NULL,'Dear Rolando',1,NULL,'Dear Rolando',1,NULL,'Mr. Rolando Wagner-Nielsen Sr.',NULL,NULL,NULL,0,NULL,NULL,NULL,NULL,NULL,NULL,NULL,0,NULL,'2015-12-03 09:17:42'),(181,'Individual',NULL,0,0,0,0,0,0,NULL,NULL,'McReynolds, Felisha','Ms. Felisha McReynolds',NULL,NULL,NULL,NULL,NULL,'Both','2265905114',NULL,'Sample Data','Felisha','P','McReynolds',2,NULL,NULL,NULL,1,NULL,'Dear Felisha',1,NULL,'Dear Felisha',1,NULL,'Ms. Felisha McReynolds',NULL,1,NULL,0,NULL,NULL,NULL,NULL,NULL,NULL,NULL,0,NULL,'2015-12-03 09:17:36'),(182,'Individual',NULL,0,0,0,0,0,0,NULL,NULL,'Wagner, Winford','Winford Wagner III',NULL,NULL,NULL,'1',NULL,'Both','3396158414',NULL,'Sample Data','Winford','S','Wagner',NULL,4,NULL,NULL,1,NULL,'Dear Winford',1,NULL,'Dear Winford',1,NULL,'Winford Wagner III',NULL,2,'1994-12-28',0,NULL,NULL,NULL,NULL,NULL,NULL,NULL,0,NULL,'2015-12-03 09:17:29'),(183,'Individual',NULL,0,0,0,0,0,0,NULL,NULL,'Prentice, Angelika','Dr. Angelika Prentice',NULL,NULL,NULL,NULL,NULL,'Both','2353385651',NULL,'Sample Data','Angelika','','Prentice',4,NULL,NULL,NULL,1,NULL,'Dear Angelika',1,NULL,'Dear Angelika',1,NULL,'Dr. Angelika Prentice',NULL,NULL,'1993-01-19',0,NULL,NULL,NULL,NULL,NULL,NULL,NULL,0,NULL,'2015-12-03 09:17:17'),(184,'Individual',NULL,0,0,0,0,1,0,NULL,NULL,'Zope, Lou','Lou Zope',NULL,NULL,NULL,NULL,NULL,'Both','2741422295',NULL,'Sample Data','Lou','G','Zope',NULL,NULL,NULL,NULL,1,NULL,'Dear Lou',1,NULL,'Dear Lou',1,NULL,'Lou Zope',NULL,NULL,'2000-01-23',0,NULL,NULL,NULL,NULL,NULL,NULL,NULL,0,NULL,'2015-12-03 09:17:23'),(185,'Individual',NULL,0,0,0,0,0,0,NULL,NULL,'Samson, Delana','Delana Samson',NULL,NULL,NULL,'5',NULL,'Both','1637206028',NULL,'Sample Data','Delana','','Samson',NULL,NULL,NULL,NULL,1,NULL,'Dear Delana',1,NULL,'Dear Delana',1,NULL,'Delana Samson',NULL,1,NULL,0,NULL,NULL,NULL,'Rural Agriculture Association',NULL,NULL,7,0,NULL,'2015-12-03 09:17:44'),(186,'Household',NULL,0,0,0,0,0,0,NULL,NULL,'Samson family','Samson family',NULL,NULL,NULL,NULL,NULL,'Both','333421926',NULL,'Sample Data',NULL,NULL,NULL,NULL,NULL,NULL,NULL,5,NULL,'Dear Samson family',5,NULL,'Dear Samson family',2,NULL,'Samson family',NULL,NULL,NULL,0,NULL,'Samson family',NULL,NULL,NULL,NULL,NULL,0,NULL,'2015-12-03 09:17:44'),(187,'Individual',NULL,0,0,0,0,0,0,NULL,NULL,'Blackwell, Teresa','Teresa Blackwell',NULL,NULL,NULL,NULL,NULL,'Both','709634548',NULL,'Sample Data','Teresa','U','Blackwell',NULL,NULL,NULL,NULL,1,NULL,'Dear Teresa',1,NULL,'Dear Teresa',1,NULL,'Teresa Blackwell',NULL,NULL,'1964-09-20',1,'2015-10-06',NULL,NULL,NULL,NULL,NULL,NULL,0,NULL,'2015-12-03 09:17:28'),(188,'Individual',NULL,0,0,0,0,0,0,NULL,NULL,'Samson, Troy','Troy Samson',NULL,NULL,NULL,NULL,NULL,'Both','4145447526',NULL,'Sample Data','Troy','N','Samson',NULL,NULL,NULL,NULL,1,NULL,'Dear Troy',1,NULL,'Dear Troy',1,NULL,'Troy Samson',NULL,2,'1983-12-20',0,NULL,NULL,NULL,NULL,NULL,NULL,NULL,0,NULL,'2015-12-03 09:17:39'),(189,'Individual',NULL,0,0,0,0,0,0,NULL,NULL,'Dimitrov-Gonzlez, Claudio','Claudio Dimitrov-Gonzlez',NULL,NULL,NULL,NULL,NULL,'Both','642710768',NULL,'Sample Data','Claudio','','Dimitrov-Gonzlez',NULL,NULL,NULL,NULL,1,NULL,'Dear Claudio',1,NULL,'Dear Claudio',1,NULL,'Claudio Dimitrov-Gonzlez',NULL,2,NULL,0,NULL,NULL,NULL,NULL,NULL,NULL,NULL,0,NULL,'2015-12-03 09:17:39'),(190,'Individual',NULL,0,0,0,0,0,0,NULL,NULL,'Roberts, Ashlie','Ms. Ashlie Roberts',NULL,NULL,NULL,'1',NULL,'Both','1219726740',NULL,'Sample Data','Ashlie','M','Roberts',2,NULL,NULL,NULL,1,NULL,'Dear Ashlie',1,NULL,'Dear Ashlie',1,NULL,'Ms. Ashlie Roberts',NULL,1,NULL,0,NULL,NULL,NULL,NULL,NULL,NULL,NULL,0,NULL,'2015-12-03 09:17:26'),(191,'Individual',NULL,0,1,0,0,0,0,NULL,NULL,'Wagner, Rolando','Mr. Rolando Wagner',NULL,NULL,NULL,'2',NULL,'Both','596894405',NULL,'Sample Data','Rolando','','Wagner',3,NULL,NULL,NULL,1,NULL,'Dear Rolando',1,NULL,'Dear Rolando',1,NULL,'Mr. Rolando Wagner',NULL,NULL,NULL,0,NULL,NULL,NULL,NULL,NULL,NULL,NULL,0,NULL,'2015-12-03 09:17:13'),(192,'Individual',NULL,0,0,0,0,0,0,NULL,NULL,'jacobs.billy@testing.info','jacobs.billy@testing.info',NULL,NULL,NULL,NULL,NULL,'Both','238971628',NULL,'Sample Data',NULL,NULL,NULL,NULL,NULL,NULL,NULL,1,NULL,'Dear jacobs.billy@testing.info',1,NULL,'Dear jacobs.billy@testing.info',1,NULL,'jacobs.billy@testing.info',NULL,NULL,NULL,0,NULL,NULL,NULL,NULL,NULL,NULL,NULL,0,NULL,'2015-12-03 09:17:38'),(193,'Individual',NULL,0,0,0,0,0,0,NULL,NULL,'Bachman, Arlyne','Arlyne Bachman',NULL,NULL,NULL,NULL,NULL,'Both','3269134604',NULL,'Sample Data','Arlyne','N','Bachman',NULL,NULL,NULL,NULL,1,NULL,'Dear Arlyne',1,NULL,'Dear Arlyne',1,NULL,'Arlyne Bachman',NULL,1,NULL,0,NULL,NULL,NULL,NULL,NULL,NULL,NULL,0,NULL,'2015-12-03 09:17:21'),(194,'Individual',NULL,1,1,0,0,0,0,NULL,NULL,'Cruz, Merrie','Merrie Cruz',NULL,NULL,NULL,'1',NULL,'Both','1935634896',NULL,'Sample Data','Merrie','T','Cruz',NULL,NULL,NULL,NULL,1,NULL,'Dear Merrie',1,NULL,'Dear Merrie',1,NULL,'Merrie Cruz',NULL,NULL,'2008-07-13',0,NULL,NULL,NULL,NULL,NULL,NULL,NULL,0,NULL,'2015-12-03 09:17:35'),(195,'Individual',NULL,0,0,0,0,0,0,NULL,NULL,'Deforest, Teddy','Teddy Deforest',NULL,NULL,NULL,NULL,NULL,'Both','2986504728',NULL,'Sample Data','Teddy','P','Deforest',NULL,NULL,NULL,NULL,1,NULL,'Dear Teddy',1,NULL,'Dear Teddy',1,NULL,'Teddy Deforest',NULL,NULL,'1954-05-08',1,NULL,NULL,NULL,NULL,NULL,NULL,NULL,0,NULL,'2015-12-03 09:17:23'),(196,'Individual',NULL,0,0,0,0,0,0,NULL,NULL,'Deforest-Nielsen, Clint','Clint Deforest-Nielsen II',NULL,NULL,NULL,NULL,NULL,'Both','1384777213',NULL,'Sample Data','Clint','Q','Deforest-Nielsen',NULL,3,NULL,NULL,1,NULL,'Dear Clint',1,NULL,'Dear Clint',1,NULL,'Clint Deforest-Nielsen II',NULL,NULL,'2005-06-14',0,NULL,NULL,NULL,NULL,NULL,NULL,NULL,0,NULL,'2015-12-03 09:17:33'),(197,'Individual',NULL,0,0,0,0,1,0,NULL,NULL,'Roberts, Jackson','Jackson Roberts II',NULL,NULL,NULL,NULL,NULL,'Both','3261233132',NULL,'Sample Data','Jackson','','Roberts',NULL,3,NULL,NULL,1,NULL,'Dear Jackson',1,NULL,'Dear Jackson',1,NULL,'Jackson Roberts II',NULL,2,'1951-09-14',0,NULL,NULL,NULL,NULL,NULL,NULL,NULL,0,NULL,'2015-12-03 09:17:37'),(198,'Individual',NULL,0,1,0,0,0,0,NULL,NULL,'Gonzlez, Tanya','Tanya Gonzlez',NULL,NULL,NULL,NULL,NULL,'Both','3735559010',NULL,'Sample Data','Tanya','','Gonzlez',NULL,NULL,NULL,NULL,1,NULL,'Dear Tanya',1,NULL,'Dear Tanya',1,NULL,'Tanya Gonzlez',NULL,NULL,'1929-01-24',1,NULL,NULL,NULL,NULL,NULL,NULL,NULL,0,NULL,'2015-12-03 09:17:25'),(199,'Individual',NULL,0,0,0,0,1,0,NULL,NULL,'Smith, Omar','Omar Smith',NULL,NULL,NULL,NULL,NULL,'Both','1048289209',NULL,'Sample Data','Omar','D','Smith',NULL,NULL,NULL,NULL,1,NULL,'Dear Omar',1,NULL,'Dear Omar',1,NULL,'Omar Smith',NULL,2,NULL,0,NULL,NULL,NULL,NULL,NULL,NULL,NULL,0,NULL,'2015-12-03 09:17:40'),(200,'Individual',NULL,0,0,0,0,1,0,NULL,NULL,'Terry, Beula','Beula Terry',NULL,NULL,NULL,NULL,NULL,'Both','2053123123',NULL,'Sample Data','Beula','I','Terry',NULL,NULL,NULL,NULL,1,NULL,'Dear Beula',1,NULL,'Dear Beula',1,NULL,'Beula Terry',NULL,1,'1982-12-04',0,NULL,NULL,NULL,NULL,NULL,NULL,NULL,0,NULL,'2015-12-03 09:17:14'),(201,'Individual',NULL,0,0,0,0,1,0,NULL,NULL,'Wagner-Nielsen, Scarlet','Scarlet Wagner-Nielsen',NULL,NULL,NULL,NULL,NULL,'Both','3180782635',NULL,'Sample Data','Scarlet','G','Wagner-Nielsen',NULL,NULL,NULL,NULL,1,NULL,'Dear Scarlet',1,NULL,'Dear Scarlet',1,NULL,'Scarlet Wagner-Nielsen',NULL,1,NULL,0,NULL,NULL,NULL,NULL,NULL,NULL,NULL,0,NULL,'2015-12-03 09:17:42');
/*!40000 ALTER TABLE `civicrm_contact` ENABLE KEYS */;
UNLOCK TABLES;

--
-- Dumping data for table `civicrm_contact_type`
--

LOCK TABLES `civicrm_contact_type` WRITE;
/*!40000 ALTER TABLE `civicrm_contact_type` DISABLE KEYS */;
INSERT INTO `civicrm_contact_type` (`id`, `name`, `label`, `description`, `image_URL`, `parent_id`, `is_active`, `is_reserved`) VALUES (1,'Individual','Individual',NULL,NULL,NULL,1,1),(2,'Household','Household',NULL,NULL,NULL,1,1),(3,'Organization','Organization',NULL,NULL,NULL,1,1),(4,'Student','Student',NULL,NULL,1,1,0),(5,'Parent','Parent',NULL,NULL,1,1,0),(6,'Staff','Staff',NULL,NULL,1,1,0),(7,'Team','Team',NULL,NULL,3,1,0),(8,'Sponsor','Sponsor',NULL,NULL,3,1,0);
/*!40000 ALTER TABLE `civicrm_contact_type` ENABLE KEYS */;
UNLOCK TABLES;

--
-- Dumping data for table `civicrm_contribution`
--

LOCK TABLES `civicrm_contribution` WRITE;
/*!40000 ALTER TABLE `civicrm_contribution` DISABLE KEYS */;
INSERT INTO `civicrm_contribution` (`id`, `contact_id`, `financial_type_id`, `contribution_page_id`, `payment_instrument_id`, `receive_date`, `non_deductible_amount`, `total_amount`, `fee_amount`, `net_amount`, `trxn_id`, `invoice_id`, `currency`, `cancel_date`, `cancel_reason`, `receipt_date`, `thankyou_date`, `source`, `amount_level`, `contribution_recur_id`, `is_test`, `is_pay_later`, `contribution_status_id`, `address_id`, `check_number`, `campaign_id`, `creditnote_id`, `tax_amount`) VALUES (1,2,1,NULL,4,'2010-04-11 00:00:00',0.00,125.00,NULL,NULL,NULL,NULL,'USD',NULL,NULL,NULL,NULL,'Apr 2007 Mailer 1',NULL,NULL,0,0,1,NULL,'1041',NULL,NULL,NULL),(2,4,1,NULL,1,'2010-03-21 00:00:00',0.00,50.00,NULL,NULL,'P20901X1',NULL,'USD',NULL,NULL,NULL,NULL,'Online: Save the Penguins',NULL,NULL,0,0,1,NULL,NULL,NULL,NULL,NULL),(3,6,1,NULL,4,'2010-04-29 00:00:00',0.00,25.00,NULL,NULL,NULL,NULL,'USD',NULL,NULL,NULL,NULL,'Apr 2007 Mailer 1',NULL,NULL,0,0,1,NULL,'2095',NULL,NULL,NULL),(4,8,1,NULL,4,'2010-04-11 00:00:00',0.00,50.00,NULL,NULL,NULL,NULL,'USD',NULL,NULL,NULL,NULL,'Apr 2007 Mailer 1',NULL,NULL,0,0,1,NULL,'10552',NULL,NULL,NULL),(5,16,1,NULL,4,'2010-04-15 00:00:00',0.00,500.00,NULL,NULL,NULL,NULL,'USD',NULL,NULL,NULL,NULL,'Apr 2007 Mailer 1',NULL,NULL,0,0,1,NULL,'509',NULL,NULL,NULL),(6,19,1,NULL,4,'2010-04-11 00:00:00',0.00,175.00,NULL,NULL,NULL,NULL,'USD',NULL,NULL,NULL,NULL,'Apr 2007 Mailer 1',NULL,NULL,0,0,1,NULL,'102',NULL,NULL,NULL),(7,82,1,NULL,1,'2010-03-27 00:00:00',0.00,50.00,NULL,NULL,'P20193L2',NULL,'USD',NULL,NULL,NULL,NULL,'Online: Save the Penguins',NULL,NULL,0,0,1,NULL,NULL,NULL,NULL,NULL),(8,92,1,NULL,1,'2010-03-08 00:00:00',0.00,10.00,NULL,NULL,'P40232Y3',NULL,'USD',NULL,NULL,NULL,NULL,'Online: Help CiviCRM',NULL,NULL,0,0,1,NULL,NULL,NULL,NULL,NULL),(9,34,1,NULL,1,'2010-04-22 00:00:00',0.00,250.00,NULL,NULL,'P20193L6',NULL,'USD',NULL,NULL,NULL,NULL,'Online: Help CiviCRM',NULL,NULL,0,0,1,NULL,NULL,NULL,NULL,NULL),(10,71,1,NULL,1,'2009-07-01 11:53:50',0.00,500.00,NULL,NULL,'PL71',NULL,'USD',NULL,NULL,NULL,NULL,NULL,NULL,NULL,0,0,1,NULL,NULL,NULL,NULL,NULL),(11,43,1,NULL,1,'2009-07-01 12:55:41',0.00,200.00,NULL,NULL,'PL43II',NULL,'USD',NULL,NULL,NULL,NULL,NULL,NULL,NULL,0,0,1,NULL,NULL,NULL,NULL,NULL),(12,32,1,NULL,1,'2009-10-01 11:53:50',0.00,200.00,NULL,NULL,'PL32I',NULL,'USD',NULL,NULL,NULL,NULL,NULL,NULL,NULL,0,0,1,NULL,NULL,NULL,NULL,NULL),(13,32,1,NULL,1,'2009-12-01 12:55:41',0.00,200.00,NULL,NULL,'PL32II',NULL,'USD',NULL,NULL,NULL,NULL,NULL,NULL,NULL,0,0,1,NULL,NULL,NULL,NULL,NULL),(14,23,2,NULL,1,'2015-12-03 14:49:27',0.00,100.00,NULL,NULL,NULL,NULL,'USD',NULL,NULL,NULL,NULL,'General Membership: Offline signup',NULL,NULL,0,0,1,NULL,NULL,NULL,NULL,NULL),(15,132,2,NULL,1,'2015-12-03 14:49:27',0.00,50.00,NULL,NULL,NULL,NULL,'USD',NULL,NULL,NULL,NULL,'Student Membership: Offline signup',NULL,NULL,0,0,1,NULL,NULL,NULL,NULL,NULL),(16,142,2,NULL,1,'2015-12-03 14:49:27',0.00,100.00,NULL,NULL,NULL,NULL,'USD',NULL,NULL,NULL,NULL,'General Membership: Offline signup',NULL,NULL,0,0,1,NULL,NULL,NULL,NULL,NULL),(17,106,2,NULL,1,'2015-12-03 14:49:27',0.00,50.00,NULL,NULL,NULL,NULL,'USD',NULL,NULL,NULL,NULL,'Student Membership: Offline signup',NULL,NULL,0,0,1,NULL,NULL,NULL,NULL,NULL),(18,173,2,NULL,1,'2015-12-03 14:49:27',0.00,100.00,NULL,NULL,NULL,NULL,'USD',NULL,NULL,NULL,NULL,'General Membership: Offline signup',NULL,NULL,0,0,1,NULL,NULL,NULL,NULL,NULL),(19,179,2,NULL,1,'2015-12-03 14:49:27',0.00,50.00,NULL,NULL,NULL,NULL,'USD',NULL,NULL,NULL,NULL,'Student Membership: Offline signup',NULL,NULL,0,0,1,NULL,NULL,NULL,NULL,NULL),(20,155,2,NULL,1,'2015-12-03 14:49:27',0.00,100.00,NULL,NULL,NULL,NULL,'USD',NULL,NULL,NULL,NULL,'General Membership: Offline signup',NULL,NULL,0,0,1,NULL,NULL,NULL,NULL,NULL),(21,98,2,NULL,1,'2015-12-03 14:49:27',0.00,50.00,NULL,NULL,NULL,NULL,'USD',NULL,NULL,NULL,NULL,'Student Membership: Offline signup',NULL,NULL,0,0,1,NULL,NULL,NULL,NULL,NULL),(22,69,2,NULL,1,'2015-12-03 14:49:27',0.00,100.00,NULL,NULL,NULL,NULL,'USD',NULL,NULL,NULL,NULL,'General Membership: Offline signup',NULL,NULL,0,0,1,NULL,NULL,NULL,NULL,NULL),(23,3,2,NULL,1,'2015-12-03 14:49:27',0.00,100.00,NULL,NULL,NULL,NULL,'USD',NULL,NULL,NULL,NULL,'General Membership: Offline signup',NULL,NULL,0,0,1,NULL,NULL,NULL,NULL,NULL),(24,6,2,NULL,1,'2015-12-03 14:49:27',0.00,1200.00,NULL,NULL,NULL,NULL,'USD',NULL,NULL,NULL,NULL,'Lifetime Membership: Offline signup',NULL,NULL,0,0,1,NULL,NULL,NULL,NULL,NULL),(25,75,2,NULL,1,'2015-12-03 14:49:27',0.00,50.00,NULL,NULL,NULL,NULL,'USD',NULL,NULL,NULL,NULL,'Student Membership: Offline signup',NULL,NULL,0,0,1,NULL,NULL,NULL,NULL,NULL),(26,163,2,NULL,1,'2015-12-03 14:49:27',0.00,100.00,NULL,NULL,NULL,NULL,'USD',NULL,NULL,NULL,NULL,'General Membership: Offline signup',NULL,NULL,0,0,1,NULL,NULL,NULL,NULL,NULL),(27,197,2,NULL,1,'2015-12-03 14:49:27',0.00,50.00,NULL,NULL,NULL,NULL,'USD',NULL,NULL,NULL,NULL,'Student Membership: Offline signup',NULL,NULL,0,0,1,NULL,NULL,NULL,NULL,NULL),(28,15,2,NULL,1,'2015-12-03 14:49:27',0.00,100.00,NULL,NULL,NULL,NULL,'USD',NULL,NULL,NULL,NULL,'General Membership: Offline signup',NULL,NULL,0,0,1,NULL,NULL,NULL,NULL,NULL),(29,89,2,NULL,1,'2015-12-03 14:49:27',0.00,50.00,NULL,NULL,NULL,NULL,'USD',NULL,NULL,NULL,NULL,'Student Membership: Offline signup',NULL,NULL,0,0,1,NULL,NULL,NULL,NULL,NULL),(30,111,2,NULL,1,'2015-12-03 14:49:27',0.00,100.00,NULL,NULL,NULL,NULL,'USD',NULL,NULL,NULL,NULL,'General Membership: Offline signup',NULL,NULL,0,0,1,NULL,NULL,NULL,NULL,NULL),(31,30,2,NULL,1,'2015-12-03 14:49:27',0.00,50.00,NULL,NULL,NULL,NULL,'USD',NULL,NULL,NULL,NULL,'Student Membership: Offline signup',NULL,NULL,0,0,1,NULL,NULL,NULL,NULL,NULL),(32,192,2,NULL,1,'2015-12-03 14:49:27',0.00,100.00,NULL,NULL,NULL,NULL,'USD',NULL,NULL,NULL,NULL,'General Membership: Offline signup',NULL,NULL,0,0,1,NULL,NULL,NULL,NULL,NULL),(33,177,2,NULL,1,'2015-12-03 14:49:27',0.00,50.00,NULL,NULL,NULL,NULL,'USD',NULL,NULL,NULL,NULL,'Student Membership: Offline signup',NULL,NULL,0,0,1,NULL,NULL,NULL,NULL,NULL),(34,36,2,NULL,1,'2015-12-03 14:49:27',0.00,100.00,NULL,NULL,NULL,NULL,'USD',NULL,NULL,NULL,NULL,'General Membership: Offline signup',NULL,NULL,0,0,1,NULL,NULL,NULL,NULL,NULL),(35,80,2,NULL,1,'2015-12-03 14:49:27',0.00,1200.00,NULL,NULL,NULL,NULL,'USD',NULL,NULL,NULL,NULL,'Lifetime Membership: Offline signup',NULL,NULL,0,0,1,NULL,NULL,NULL,NULL,NULL),(36,126,2,NULL,1,'2015-12-03 14:49:27',0.00,100.00,NULL,NULL,NULL,NULL,'USD',NULL,NULL,NULL,NULL,'General Membership: Offline signup',NULL,NULL,0,0,1,NULL,NULL,NULL,NULL,NULL),(37,2,2,NULL,1,'2015-12-03 14:49:27',0.00,50.00,NULL,NULL,NULL,NULL,'USD',NULL,NULL,NULL,NULL,'Student Membership: Offline signup',NULL,NULL,0,0,1,NULL,NULL,NULL,NULL,NULL),(38,141,2,NULL,1,'2015-12-03 14:49:27',0.00,100.00,NULL,NULL,NULL,NULL,'USD',NULL,NULL,NULL,NULL,'General Membership: Offline signup',NULL,NULL,0,0,1,NULL,NULL,NULL,NULL,NULL),(39,183,2,NULL,1,'2015-12-03 14:49:27',0.00,50.00,NULL,NULL,NULL,NULL,'USD',NULL,NULL,NULL,NULL,'Student Membership: Offline signup',NULL,NULL,0,0,1,NULL,NULL,NULL,NULL,NULL),(40,34,2,NULL,1,'2015-12-03 14:49:27',0.00,100.00,NULL,NULL,NULL,NULL,'USD',NULL,NULL,NULL,NULL,'General Membership: Offline signup',NULL,NULL,0,0,1,NULL,NULL,NULL,NULL,NULL),(41,185,2,NULL,1,'2015-12-03 14:49:27',0.00,50.00,NULL,NULL,NULL,NULL,'USD',NULL,NULL,NULL,NULL,'Student Membership: Offline signup',NULL,NULL,0,0,1,NULL,NULL,NULL,NULL,NULL),(42,170,2,NULL,1,'2015-12-03 14:49:27',0.00,100.00,NULL,NULL,NULL,NULL,'USD',NULL,NULL,NULL,NULL,'General Membership: Offline signup',NULL,NULL,0,0,1,NULL,NULL,NULL,NULL,NULL),(43,44,2,NULL,1,'2015-12-03 14:49:27',0.00,100.00,NULL,NULL,NULL,NULL,'USD',NULL,NULL,NULL,NULL,'General Membership: Offline signup',NULL,NULL,0,0,1,NULL,NULL,NULL,NULL,NULL),(45,5,4,NULL,1,'2015-12-03 14:49:33',0.00,800.00,NULL,NULL,NULL,NULL,'USD',NULL,NULL,'2015-12-03 14:49:33',NULL,'Rain-forest Cup Youth Soccer Tournament : Offline registration',NULL,NULL,0,0,1,NULL,NULL,NULL,NULL,NULL),(46,7,4,NULL,1,'2015-12-03 14:49:33',0.00,50.00,NULL,NULL,NULL,NULL,'USD',NULL,NULL,'2015-12-03 14:49:33',NULL,'Fall Fundraiser Dinner : Offline registration',NULL,NULL,0,0,1,NULL,NULL,NULL,NULL,NULL),(47,12,4,NULL,1,'2015-12-03 14:49:33',0.00,800.00,NULL,NULL,NULL,NULL,'USD',NULL,NULL,'2015-12-03 14:49:33',NULL,'Rain-forest Cup Youth Soccer Tournament : Offline registration',NULL,NULL,0,0,1,NULL,NULL,NULL,NULL,NULL),(48,13,4,NULL,1,'2015-12-03 14:49:33',0.00,50.00,NULL,NULL,NULL,NULL,'USD',NULL,NULL,'2015-12-03 14:49:33',NULL,'Fall Fundraiser Dinner : Offline registration',NULL,NULL,0,0,1,NULL,NULL,NULL,NULL,NULL),(49,14,4,NULL,1,'2015-12-03 14:49:33',0.00,50.00,NULL,NULL,NULL,NULL,'USD',NULL,NULL,'2015-12-03 14:49:33',NULL,'Summer Solstice Festival Day Concert : Offline registration',NULL,NULL,0,0,1,NULL,NULL,NULL,NULL,NULL),(50,19,4,NULL,1,'2015-12-03 14:49:33',0.00,800.00,NULL,NULL,NULL,NULL,'USD',NULL,NULL,'2015-12-03 14:49:33',NULL,'Rain-forest Cup Youth Soccer Tournament : Offline registration',NULL,NULL,0,0,1,NULL,NULL,NULL,NULL,NULL),(51,28,4,NULL,1,'2015-12-03 14:49:33',0.00,800.00,NULL,NULL,NULL,NULL,'USD',NULL,NULL,'2015-12-03 14:49:33',NULL,'Rain-forest Cup Youth Soccer Tournament : Offline registration',NULL,NULL,0,0,1,NULL,NULL,NULL,NULL,NULL),(52,29,4,NULL,1,'2015-12-03 14:49:33',0.00,50.00,NULL,NULL,NULL,NULL,'USD',NULL,NULL,'2015-12-03 14:49:33',NULL,'Summer Solstice Festival Day Concert : Offline registration',NULL,NULL,0,0,1,NULL,NULL,NULL,NULL,NULL),(53,30,4,NULL,1,'2015-12-03 14:49:33',0.00,50.00,NULL,NULL,NULL,NULL,'USD',NULL,NULL,'2015-12-03 14:49:33',NULL,'Summer Solstice Festival Day Concert : Offline registration',NULL,NULL,0,0,1,NULL,NULL,NULL,NULL,NULL),(54,32,4,NULL,1,'2015-12-03 14:49:33',0.00,50.00,NULL,NULL,NULL,NULL,'USD',NULL,NULL,'2015-12-03 14:49:33',NULL,'Fall Fundraiser Dinner : Offline registration',NULL,NULL,0,0,1,NULL,NULL,NULL,NULL,NULL),(55,33,4,NULL,1,'2015-12-03 14:49:33',0.00,50.00,NULL,NULL,NULL,NULL,'USD',NULL,NULL,'2015-12-03 14:49:33',NULL,'Fall Fundraiser Dinner : Offline registration',NULL,NULL,0,0,1,NULL,NULL,NULL,NULL,NULL),(56,43,4,NULL,1,'2015-12-03 14:49:33',0.00,50.00,NULL,NULL,NULL,NULL,'USD',NULL,NULL,'2015-12-03 14:49:33',NULL,'Summer Solstice Festival Day Concert : Offline registration',NULL,NULL,0,0,1,NULL,NULL,NULL,NULL,NULL),(57,45,4,NULL,1,'2015-12-03 14:49:33',0.00,800.00,NULL,NULL,NULL,NULL,'USD',NULL,NULL,'2015-12-03 14:49:33',NULL,'Rain-forest Cup Youth Soccer Tournament : Offline registration',NULL,NULL,0,0,1,NULL,NULL,NULL,NULL,NULL),(58,47,4,NULL,1,'2015-12-03 14:49:33',0.00,800.00,NULL,NULL,NULL,NULL,'USD',NULL,NULL,'2015-12-03 14:49:33',NULL,'Rain-forest Cup Youth Soccer Tournament : Offline registration',NULL,NULL,0,0,1,NULL,NULL,NULL,NULL,NULL),(59,49,4,NULL,1,'2015-12-03 14:49:33',0.00,50.00,NULL,NULL,NULL,NULL,'USD',NULL,NULL,'2015-12-03 14:49:33',NULL,'Fall Fundraiser Dinner : Offline registration',NULL,NULL,0,0,1,NULL,NULL,NULL,NULL,NULL),(60,66,4,NULL,1,'2015-12-03 14:49:33',0.00,50.00,NULL,NULL,NULL,NULL,'USD',NULL,NULL,'2015-12-03 14:49:33',NULL,'Summer Solstice Festival Day Concert : Offline registration',NULL,NULL,0,0,1,NULL,NULL,NULL,NULL,NULL),(61,69,4,NULL,1,'2015-12-03 14:49:33',0.00,800.00,NULL,NULL,NULL,NULL,'USD',NULL,NULL,'2015-12-03 14:49:33',NULL,'Rain-forest Cup Youth Soccer Tournament : Offline registration',NULL,NULL,0,0,1,NULL,NULL,NULL,NULL,NULL),(62,75,4,NULL,1,'2015-12-03 14:49:33',0.00,50.00,NULL,NULL,NULL,NULL,'USD',NULL,NULL,'2015-12-03 14:49:33',NULL,'Summer Solstice Festival Day Concert : Offline registration',NULL,NULL,0,0,1,NULL,NULL,NULL,NULL,NULL),(63,77,4,NULL,1,'2015-12-03 14:49:33',0.00,50.00,NULL,NULL,NULL,NULL,'USD',NULL,NULL,'2015-12-03 14:49:33',NULL,'Fall Fundraiser Dinner : Offline registration',NULL,NULL,0,0,1,NULL,NULL,NULL,NULL,NULL),(64,81,4,NULL,1,'2015-12-03 14:49:33',0.00,800.00,NULL,NULL,NULL,NULL,'USD',NULL,NULL,'2015-12-03 14:49:33',NULL,'Rain-forest Cup Youth Soccer Tournament : Offline registration',NULL,NULL,0,0,1,NULL,NULL,NULL,NULL,NULL),(65,85,4,NULL,1,'2015-12-03 14:49:33',0.00,800.00,NULL,NULL,NULL,NULL,'USD',NULL,NULL,'2015-12-03 14:49:33',NULL,'Rain-forest Cup Youth Soccer Tournament : Offline registration',NULL,NULL,0,0,1,NULL,NULL,NULL,NULL,NULL),(66,86,4,NULL,1,'2015-12-03 14:49:33',0.00,50.00,NULL,NULL,NULL,NULL,'USD',NULL,NULL,'2015-12-03 14:49:33',NULL,'Fall Fundraiser Dinner : Offline registration',NULL,NULL,0,0,1,NULL,NULL,NULL,NULL,NULL),(67,87,4,NULL,1,'2015-12-03 14:49:33',0.00,800.00,NULL,NULL,NULL,NULL,'USD',NULL,NULL,'2015-12-03 14:49:33',NULL,'Rain-forest Cup Youth Soccer Tournament : Offline registration',NULL,NULL,0,0,1,NULL,NULL,NULL,NULL,NULL),(68,91,4,NULL,1,'2015-12-03 14:49:33',0.00,50.00,NULL,NULL,NULL,NULL,'USD',NULL,NULL,'2015-12-03 14:49:33',NULL,'Summer Solstice Festival Day Concert : Offline registration',NULL,NULL,0,0,1,NULL,NULL,NULL,NULL,NULL),(69,93,4,NULL,1,'2015-12-03 14:49:33',0.00,50.00,NULL,NULL,NULL,NULL,'USD',NULL,NULL,'2015-12-03 14:49:33',NULL,'Summer Solstice Festival Day Concert : Offline registration',NULL,NULL,0,0,1,NULL,NULL,NULL,NULL,NULL),(70,101,4,NULL,1,'2015-12-03 14:49:33',0.00,50.00,NULL,NULL,NULL,NULL,'USD',NULL,NULL,'2015-12-03 14:49:33',NULL,'Summer Solstice Festival Day Concert : Offline registration',NULL,NULL,0,0,1,NULL,NULL,NULL,NULL,NULL),(71,110,4,NULL,1,'2015-12-03 14:49:33',0.00,800.00,NULL,NULL,NULL,NULL,'USD',NULL,NULL,'2015-12-03 14:49:33',NULL,'Rain-forest Cup Youth Soccer Tournament : Offline registration',NULL,NULL,0,0,1,NULL,NULL,NULL,NULL,NULL),(72,111,4,NULL,1,'2015-12-03 14:49:33',0.00,50.00,NULL,NULL,NULL,NULL,'USD',NULL,NULL,'2015-12-03 14:49:33',NULL,'Summer Solstice Festival Day Concert : Offline registration',NULL,NULL,0,0,1,NULL,NULL,NULL,NULL,NULL),(73,112,4,NULL,1,'2015-12-03 14:49:33',0.00,50.00,NULL,NULL,NULL,NULL,'USD',NULL,NULL,'2015-12-03 14:49:33',NULL,'Fall Fundraiser Dinner : Offline registration',NULL,NULL,0,0,1,NULL,NULL,NULL,NULL,NULL),(74,114,4,NULL,1,'2015-12-03 14:49:33',0.00,800.00,NULL,NULL,NULL,NULL,'USD',NULL,NULL,'2015-12-03 14:49:33',NULL,'Rain-forest Cup Youth Soccer Tournament : Offline registration',NULL,NULL,0,0,1,NULL,NULL,NULL,NULL,NULL),(75,115,4,NULL,1,'2015-12-03 14:49:33',0.00,50.00,NULL,NULL,NULL,NULL,'USD',NULL,NULL,'2015-12-03 14:49:33',NULL,'Summer Solstice Festival Day Concert : Offline registration',NULL,NULL,0,0,1,NULL,NULL,NULL,NULL,NULL),(76,127,4,NULL,1,'2015-12-03 14:49:33',0.00,800.00,NULL,NULL,NULL,NULL,'USD',NULL,NULL,'2015-12-03 14:49:33',NULL,'Rain-forest Cup Youth Soccer Tournament : Offline registration',NULL,NULL,0,0,1,NULL,NULL,NULL,NULL,NULL),(77,130,4,NULL,1,'2015-12-03 14:49:33',0.00,50.00,NULL,NULL,NULL,NULL,'USD',NULL,NULL,'2015-12-03 14:49:33',NULL,'Fall Fundraiser Dinner : Offline registration',NULL,NULL,0,0,1,NULL,NULL,NULL,NULL,NULL),(78,131,4,NULL,1,'2015-12-03 14:49:33',0.00,50.00,NULL,NULL,NULL,NULL,'USD',NULL,NULL,'2015-12-03 14:49:33',NULL,'Fall Fundraiser Dinner : Offline registration',NULL,NULL,0,0,1,NULL,NULL,NULL,NULL,NULL),(79,134,4,NULL,1,'2015-12-03 14:49:33',0.00,50.00,NULL,NULL,NULL,NULL,'USD',NULL,NULL,'2015-12-03 14:49:33',NULL,'Summer Solstice Festival Day Concert : Offline registration',NULL,NULL,0,0,1,NULL,NULL,NULL,NULL,NULL),(80,136,4,NULL,1,'2015-12-03 14:49:33',0.00,50.00,NULL,NULL,NULL,NULL,'USD',NULL,NULL,'2015-12-03 14:49:33',NULL,'Summer Solstice Festival Day Concert : Offline registration',NULL,NULL,0,0,1,NULL,NULL,NULL,NULL,NULL),(81,142,4,NULL,1,'2015-12-03 14:49:33',0.00,800.00,NULL,NULL,NULL,NULL,'USD',NULL,NULL,'2015-12-03 14:49:33',NULL,'Rain-forest Cup Youth Soccer Tournament : Offline registration',NULL,NULL,0,0,1,NULL,NULL,NULL,NULL,NULL),(82,154,4,NULL,1,'2015-12-03 14:49:33',0.00,50.00,NULL,NULL,NULL,NULL,'USD',NULL,NULL,'2015-12-03 14:49:33',NULL,'Fall Fundraiser Dinner : Offline registration',NULL,NULL,0,0,1,NULL,NULL,NULL,NULL,NULL),(83,155,4,NULL,1,'2015-12-03 14:49:33',0.00,50.00,NULL,NULL,NULL,NULL,'USD',NULL,NULL,'2015-12-03 14:49:33',NULL,'Summer Solstice Festival Day Concert : Offline registration',NULL,NULL,0,0,1,NULL,NULL,NULL,NULL,NULL),(84,160,4,NULL,1,'2015-12-03 14:49:33',0.00,800.00,NULL,NULL,NULL,NULL,'USD',NULL,NULL,'2015-12-03 14:49:33',NULL,'Rain-forest Cup Youth Soccer Tournament : Offline registration',NULL,NULL,0,0,1,NULL,NULL,NULL,NULL,NULL),(85,166,4,NULL,1,'2015-12-03 14:49:33',0.00,50.00,NULL,NULL,NULL,NULL,'USD',NULL,NULL,'2015-12-03 14:49:33',NULL,'Fall Fundraiser Dinner : Offline registration',NULL,NULL,0,0,1,NULL,NULL,NULL,NULL,NULL),(86,167,4,NULL,1,'2015-12-03 14:49:33',0.00,800.00,NULL,NULL,NULL,NULL,'USD',NULL,NULL,'2015-12-03 14:49:33',NULL,'Rain-forest Cup Youth Soccer Tournament : Offline registration',NULL,NULL,0,0,1,NULL,NULL,NULL,NULL,NULL),(87,173,4,NULL,1,'2015-12-03 14:49:33',0.00,50.00,NULL,NULL,NULL,NULL,'USD',NULL,NULL,'2015-12-03 14:49:33',NULL,'Fall Fundraiser Dinner : Offline registration',NULL,NULL,0,0,1,NULL,NULL,NULL,NULL,NULL),(88,179,4,NULL,1,'2015-12-03 14:49:33',0.00,50.00,NULL,NULL,NULL,NULL,'USD',NULL,NULL,'2015-12-03 14:49:33',NULL,'Fall Fundraiser Dinner : Offline registration',NULL,NULL,0,0,1,NULL,NULL,NULL,NULL,NULL),(89,181,4,NULL,1,'2015-12-03 14:49:33',0.00,50.00,NULL,NULL,NULL,NULL,'USD',NULL,NULL,'2015-12-03 14:49:33',NULL,'Summer Solstice Festival Day Concert : Offline registration',NULL,NULL,0,0,1,NULL,NULL,NULL,NULL,NULL),(90,184,4,NULL,1,'2015-12-03 14:49:33',0.00,800.00,NULL,NULL,NULL,NULL,'USD',NULL,NULL,'2015-12-03 14:49:33',NULL,'Rain-forest Cup Youth Soccer Tournament : Offline registration',NULL,NULL,0,0,1,NULL,NULL,NULL,NULL,NULL),(91,185,4,NULL,1,'2015-12-03 14:49:33',0.00,50.00,NULL,NULL,NULL,NULL,'USD',NULL,NULL,'2015-12-03 14:49:33',NULL,'Fall Fundraiser Dinner : Offline registration',NULL,NULL,0,0,1,NULL,NULL,NULL,NULL,NULL),(92,188,4,NULL,1,'2015-12-03 14:49:33',0.00,800.00,NULL,NULL,NULL,NULL,'USD',NULL,NULL,'2015-12-03 14:49:33',NULL,'Rain-forest Cup Youth Soccer Tournament : Offline registration',NULL,NULL,0,0,1,NULL,NULL,NULL,NULL,NULL),(93,193,4,NULL,1,'2015-12-03 14:49:33',0.00,50.00,NULL,NULL,NULL,NULL,'USD',NULL,NULL,'2015-12-03 14:49:33',NULL,'Fall Fundraiser Dinner : Offline registration',NULL,NULL,0,0,1,NULL,NULL,NULL,NULL,NULL),(94,194,4,NULL,1,'2015-12-03 14:49:33',0.00,50.00,NULL,NULL,NULL,NULL,'USD',NULL,NULL,'2015-12-03 14:49:33',NULL,'Summer Solstice Festival Day Concert : Offline registration',NULL,NULL,0,0,1,NULL,NULL,NULL,NULL,NULL);
/*!40000 ALTER TABLE `civicrm_contribution` ENABLE KEYS */;
UNLOCK TABLES;

--
-- Dumping data for table `civicrm_contribution_page`
--

LOCK TABLES `civicrm_contribution_page` WRITE;
/*!40000 ALTER TABLE `civicrm_contribution_page` DISABLE KEYS */;
INSERT INTO `civicrm_contribution_page` (`id`, `title`, `intro_text`, `financial_type_id`, `payment_processor`, `is_credit_card_only`, `is_monetary`, `is_recur`, `is_confirm_enabled`, `recur_frequency_unit`, `is_recur_interval`, `is_recur_installments`, `is_pay_later`, `pay_later_text`, `pay_later_receipt`, `is_partial_payment`, `initial_amount_label`, `initial_amount_help_text`, `min_initial_amount`, `is_allow_other_amount`, `default_amount_id`, `min_amount`, `max_amount`, `goal_amount`, `thankyou_title`, `thankyou_text`, `thankyou_footer`, `is_email_receipt`, `receipt_from_name`, `receipt_from_email`, `cc_receipt`, `bcc_receipt`, `receipt_text`, `is_active`, `footer_text`, `amount_block_is_active`, `start_date`, `end_date`, `created_id`, `created_date`, `currency`, `campaign_id`, `is_share`, `is_billing_required`) VALUES (1,'Help Support CiviCRM!','Do you love CiviCRM? Do you use CiviCRM? Then please support CiviCRM and Contribute NOW by trying out our new online contribution features!',1,NULL,0,1,0,1,NULL,0,0,0,NULL,NULL,0,NULL,NULL,NULL,1,137,10.00,10000.00,100000.00,'Thanks for Your Support!','<p>Thank you for your support. Your contribution will help us build even better tools.</p><p>Please tell your friends and colleagues about CiviCRM!</p>','<p><a href=https://civicrm.org>Back to CiviCRM Home Page</a></p>',1,'CiviCRM Fundraising Dept.','donationFake@civicrm.org','receipt@example.com','bcc@example.com','Your donation is tax deductible under IRS 501(c)(3) regulation. Our tax identification number is: 93-123-4567',1,NULL,1,NULL,NULL,NULL,NULL,'USD',NULL,1,0),(2,'Member Signup and Renewal','Members are the life-blood of our organization. If you\'re not already a member - please consider signing up today. You can select the membership level the fits your budget and needs below.',2,NULL,0,1,0,1,NULL,0,0,0,NULL,NULL,0,NULL,NULL,NULL,NULL,NULL,NULL,NULL,NULL,'Thanks for Your Support!','Thanks for supporting our organization with your membership. You can learn more about membership benefits from our members only page.',NULL,1,'Membership Department','memberships@civicrm.org',NULL,NULL,'Thanks for supporting our organization with your membership. You can learn more about membership benefits from our members only page.\r\n\r\nKeep this receipt for your records.',1,NULL,0,NULL,NULL,NULL,NULL,'USD',NULL,1,0),(3,'Pledge for CiviCRM!','Do you love CiviCRM? Do you use CiviCRM? Then please support CiviCRM and Pledge NOW by trying out our online contribution features!',1,NULL,0,1,0,1,NULL,0,0,0,NULL,NULL,0,NULL,NULL,NULL,1,NULL,10.00,10000.00,100000.00,'Thanks for Your Support!','<p>Thank you for your support. Your contribution will help us build even better tools like Pledge.</p><p>Please tell your friends and colleagues about CiviPledge!</p>','<p><a href=https://civicrm.org>Back to CiviCRM Home Page</a></p>',1,'CiviCRM Fundraising Dept.','donationFake@civicrm.org','receipt@example.com','bcc@example.com','Your donation is tax deductible under IRS 501(c)(3) regulation. Our tax identification number is: 93-123-4567',1,NULL,1,NULL,NULL,NULL,NULL,'USD',NULL,1,0);
/*!40000 ALTER TABLE `civicrm_contribution_page` ENABLE KEYS */;
UNLOCK TABLES;

--
-- Dumping data for table `civicrm_contribution_product`
--

LOCK TABLES `civicrm_contribution_product` WRITE;
/*!40000 ALTER TABLE `civicrm_contribution_product` DISABLE KEYS */;
/*!40000 ALTER TABLE `civicrm_contribution_product` ENABLE KEYS */;
UNLOCK TABLES;

--
-- Dumping data for table `civicrm_contribution_recur`
--

LOCK TABLES `civicrm_contribution_recur` WRITE;
/*!40000 ALTER TABLE `civicrm_contribution_recur` DISABLE KEYS */;
/*!40000 ALTER TABLE `civicrm_contribution_recur` ENABLE KEYS */;
UNLOCK TABLES;

--
-- Dumping data for table `civicrm_contribution_soft`
--

LOCK TABLES `civicrm_contribution_soft` WRITE;
/*!40000 ALTER TABLE `civicrm_contribution_soft` DISABLE KEYS */;
INSERT INTO `civicrm_contribution_soft` (`id`, `contribution_id`, `contact_id`, `amount`, `currency`, `pcp_id`, `pcp_display_in_roll`, `pcp_roll_nickname`, `pcp_personal_note`, `soft_credit_type_id`) VALUES (1,8,111,10.00,'USD',1,1,'Jones Family','Helping Hands',10),(2,9,111,250.00,'USD',1,1,'Annie and the kids','Annie Helps',10);
/*!40000 ALTER TABLE `civicrm_contribution_soft` ENABLE KEYS */;
UNLOCK TABLES;

--
-- Dumping data for table `civicrm_contribution_widget`
--

LOCK TABLES `civicrm_contribution_widget` WRITE;
/*!40000 ALTER TABLE `civicrm_contribution_widget` DISABLE KEYS */;
/*!40000 ALTER TABLE `civicrm_contribution_widget` ENABLE KEYS */;
UNLOCK TABLES;

--
-- Dumping data for table `civicrm_country`
--

LOCK TABLES `civicrm_country` WRITE;
/*!40000 ALTER TABLE `civicrm_country` DISABLE KEYS */;
INSERT INTO `civicrm_country` (`id`, `name`, `iso_code`, `country_code`, `address_format_id`, `idd_prefix`, `ndd_prefix`, `region_id`, `is_province_abbreviated`) VALUES (1001,'AFGHANISTAN','AF',NULL,NULL,NULL,NULL,4,0),(1002,'ALBANIA','AL',NULL,NULL,NULL,NULL,1,0),(1003,'ALGERIA','DZ',NULL,NULL,NULL,NULL,3,0),(1004,'AMERICAN SAMOA','AS',NULL,NULL,NULL,NULL,2,0),(1005,'ANDORRA','AD',NULL,NULL,NULL,NULL,1,0),(1006,'ANGOLA','AO',NULL,NULL,NULL,NULL,5,0),(1007,'ANGUILLA','AI',NULL,NULL,NULL,NULL,2,0),(1008,'ANTARCTICA','AQ',NULL,NULL,NULL,NULL,1,0),(1009,'ANTIGUA AND BARBUDA','AG',NULL,NULL,NULL,NULL,2,0),(1010,'ARGENTINA','AR',NULL,NULL,NULL,NULL,2,0),(1011,'ARMENIA','AM',NULL,NULL,NULL,NULL,1,0),(1012,'ARUBA','AW',NULL,NULL,NULL,NULL,2,0),(1013,'AUSTRALIA','AU',NULL,NULL,NULL,NULL,4,0),(1014,'AUSTRIA','AT',NULL,NULL,NULL,NULL,1,0),(1015,'AZERBAIJAN','AZ',NULL,NULL,NULL,NULL,1,0),(1016,'BAHRAIN','BH',NULL,NULL,NULL,NULL,3,0),(1017,'BANGLADESH','BD',NULL,NULL,NULL,NULL,4,0),(1018,'BARBADOS','BB',NULL,NULL,NULL,NULL,4,0),(1019,'BELARUS','BY',NULL,NULL,NULL,NULL,1,0),(1020,'BELGIUM','BE',NULL,NULL,NULL,NULL,1,0),(1021,'BELIZE','BZ',NULL,NULL,NULL,NULL,2,0),(1022,'BENIN','BJ',NULL,NULL,NULL,NULL,5,0),(1023,'BERMUDA','BM',NULL,NULL,NULL,NULL,2,0),(1024,'BHUTAN','BT',NULL,NULL,NULL,NULL,4,0),(1025,'BOLIVIA','BO',NULL,NULL,NULL,NULL,2,0),(1026,'BOSNIA AND HERZEGOVINA','BA',NULL,NULL,NULL,NULL,1,0),(1027,'BOTSWANA','BW',NULL,NULL,NULL,NULL,5,0),(1028,'BOUVET ISLAND','BV',NULL,NULL,NULL,NULL,1,0),(1029,'BRAZIL','BR',NULL,NULL,NULL,NULL,2,0),(1030,'BRITISH INDIAN OCEAN TERRITORY','IO',NULL,NULL,NULL,NULL,4,0),(1031,'VIRGIN ISLANDS, BRITISH','VG',NULL,NULL,NULL,NULL,2,0),(1032,'BRUNEI DARUSSALAM','BN',NULL,NULL,NULL,NULL,4,0),(1033,'BULGARIA','BG',NULL,NULL,NULL,NULL,1,0),(1034,'BURKINA FASO','BF',NULL,NULL,NULL,NULL,5,0),(1035,'MYANMAR','MM',NULL,NULL,NULL,NULL,4,0),(1036,'BURUNDI','BI',NULL,NULL,NULL,NULL,5,0),(1037,'CAMBODIA','KH',NULL,NULL,NULL,NULL,4,0),(1038,'CAMEROON','CM',NULL,NULL,NULL,NULL,5,0),(1039,'CANADA','CA',NULL,NULL,NULL,NULL,2,1),(1040,'CAPE VERDE','CV',NULL,NULL,NULL,NULL,5,0),(1041,'CAYMAN ISLANDS','KY',NULL,NULL,NULL,NULL,5,0),(1042,'CENTRAL AFRICAN REPUBLIC','CF',NULL,NULL,NULL,NULL,5,0),(1043,'CHAD','TD',NULL,NULL,NULL,NULL,5,0),(1044,'CHILE','CL',NULL,NULL,NULL,NULL,2,0),(1045,'CHINA','CN',NULL,NULL,NULL,NULL,4,0),(1046,'CHRISTMAS ISLAND','CX',NULL,NULL,NULL,NULL,4,0),(1047,'COCOS (KEELING) ISLANDS','CC',NULL,NULL,NULL,NULL,4,0),(1048,'COLOMBIA','CO',NULL,NULL,NULL,NULL,2,0),(1049,'COMOROS','KM',NULL,NULL,NULL,NULL,5,0),(1050,'CONGO, THE DEMOCRATIC REPUBLIC OF THE','CD',NULL,NULL,NULL,NULL,5,0),(1051,'CONGO, REPUBLIC OF THE','CG',NULL,NULL,NULL,NULL,5,0),(1052,'COOK ISLANDS','CK',NULL,NULL,NULL,NULL,4,0),(1053,'COSTA RICA','CR',NULL,NULL,NULL,NULL,2,0),(1054,'CTE D\'IVOIRE','CI',NULL,NULL,NULL,NULL,5,0),(1055,'CROATIA','HR',NULL,NULL,NULL,NULL,1,0),(1056,'CUBA','CU',NULL,NULL,NULL,NULL,2,0),(1057,'CYPRUS','CY',NULL,NULL,NULL,NULL,1,0),(1058,'CZECH REPUBLIC','CZ',NULL,NULL,NULL,NULL,1,0),(1059,'DENMARK','DK',NULL,NULL,NULL,NULL,1,0),(1060,'DJIBOUTI','DJ',NULL,NULL,NULL,NULL,5,0),(1061,'DOMINICA','DM',NULL,NULL,NULL,NULL,2,0),(1062,'DOMINICAN REPUBLIC','DO',NULL,NULL,NULL,NULL,2,0),(1063,'TIMOR-LESTE','TL',NULL,NULL,NULL,NULL,4,0),(1064,'ECUADOR','EC',NULL,NULL,NULL,NULL,2,0),(1065,'EGYPT','EG',NULL,NULL,NULL,NULL,3,0),(1066,'EL SALVADOR','SV',NULL,NULL,NULL,NULL,2,0),(1067,'EQUATORIAL GUINEA','GQ',NULL,NULL,NULL,NULL,5,0),(1068,'ERITREA','ER',NULL,NULL,NULL,NULL,5,0),(1069,'ESTONIA','EE',NULL,NULL,NULL,NULL,1,0),(1070,'ETHIOPIA','ET',NULL,NULL,NULL,NULL,5,0),(1072,'FALKLAND ISLANDS (MALVINAS)','FK',NULL,NULL,NULL,NULL,2,0),(1073,'FAROE ISLANDS','FO',NULL,NULL,NULL,NULL,1,0),(1074,'FIJI','FJ',NULL,NULL,NULL,NULL,4,0),(1075,'FINLAND','FI',NULL,NULL,NULL,NULL,1,0),(1076,'FRANCE','FR',NULL,NULL,NULL,NULL,1,0),(1077,'FRENCH GUIANA','GF',NULL,NULL,NULL,NULL,2,0),(1078,'FRENCH POLYNESIA','PF',NULL,NULL,NULL,NULL,4,0),(1079,'FRENCH SOUTHERN TERRITORIES','TF',NULL,NULL,NULL,NULL,1,0),(1080,'GABON','GA',NULL,NULL,NULL,NULL,5,0),(1081,'GEORGIA','GE',NULL,NULL,NULL,NULL,3,0),(1082,'GERMANY','DE',NULL,NULL,NULL,NULL,1,0),(1083,'GHANA','GH',NULL,NULL,NULL,NULL,5,0),(1084,'GIBRALTAR','GI',NULL,NULL,NULL,NULL,1,0),(1085,'GREECE','GR',NULL,NULL,NULL,NULL,1,0),(1086,'GREENLAND','GL',NULL,NULL,NULL,NULL,2,0),(1087,'GRENADA','GD',NULL,NULL,NULL,NULL,2,0),(1088,'GUADELOUPE','GP',NULL,NULL,NULL,NULL,2,0),(1089,'GUAM','GU',NULL,NULL,NULL,NULL,4,0),(1090,'GUATEMALA','GT',NULL,NULL,NULL,NULL,2,0),(1091,'GUINEA','GN',NULL,NULL,NULL,NULL,5,0),(1092,'GUINEA-BISSAU','GW',NULL,NULL,NULL,NULL,5,0),(1093,'GUYANA','GY',NULL,NULL,NULL,NULL,2,0),(1094,'HAITI','HT',NULL,NULL,NULL,NULL,2,0),(1095,'HEARD ISLAND AND MCDONALD ISLANDS','HM',NULL,NULL,NULL,NULL,4,0),(1096,'HOLY SEE (VATICAN CITY STATE)','VA',NULL,NULL,NULL,NULL,1,0),(1097,'HONDURAS','HN',NULL,NULL,NULL,NULL,2,0),(1098,'HONG KONG','HK',NULL,NULL,NULL,NULL,4,0),(1099,'HUNGARY','HU',NULL,NULL,NULL,NULL,1,0),(1100,'ICELAND','IS',NULL,NULL,NULL,NULL,1,0),(1101,'INDIA','IN',NULL,NULL,NULL,NULL,4,0),(1102,'INDONESIA','ID',NULL,NULL,NULL,NULL,4,0),(1103,'IRAN, ISLAMIC REPUBLIC OF','IR',NULL,NULL,NULL,NULL,3,0),(1104,'IRAQ','IQ',NULL,NULL,NULL,NULL,3,0),(1105,'IRELAND','IE',NULL,NULL,NULL,NULL,1,0),(1106,'ISRAEL','IL',NULL,NULL,NULL,NULL,3,0),(1107,'ITALY','IT',NULL,NULL,NULL,NULL,1,0),(1108,'JAMAICA','JM',NULL,NULL,NULL,NULL,2,0),(1109,'JAPAN','JP',NULL,NULL,NULL,NULL,4,0),(1110,'JORDAN','JO',NULL,NULL,NULL,NULL,3,0),(1111,'KAZAKHSTAN','KZ',NULL,NULL,NULL,NULL,1,0),(1112,'KENYA','KE',NULL,NULL,NULL,NULL,5,0),(1113,'KIRIBATI','KI',NULL,NULL,NULL,NULL,4,0),(1114,'KOREA, DEMOCRATIC PEOPLE\'S REPUBLIC OF','KP',NULL,NULL,NULL,NULL,4,0),(1115,'KOREA, REPUBLIC OF','KR',NULL,NULL,NULL,NULL,4,0),(1116,'KUWAIT','KW',NULL,NULL,NULL,NULL,3,0),(1117,'KYRGYZSTAN','KG',NULL,NULL,NULL,NULL,1,0),(1118,'LAO PEOPLE\'S DEMOCRATIC REPUBLIC','LA',NULL,NULL,NULL,NULL,4,0),(1119,'LATVIA','LV',NULL,NULL,NULL,NULL,1,0),(1120,'LEBANON','LB',NULL,NULL,NULL,NULL,3,0),(1121,'LESOTHO','LS',NULL,NULL,NULL,NULL,5,0),(1122,'LIBERIA','LR',NULL,NULL,NULL,NULL,5,0),(1123,'LIBYA','LY',NULL,NULL,NULL,NULL,3,0),(1124,'LIECHTENSTEIN','LI',NULL,NULL,NULL,NULL,1,0),(1125,'LITHUANIA','LT',NULL,NULL,NULL,NULL,1,0),(1126,'LUXEMBOURG','LU',NULL,NULL,NULL,NULL,1,0),(1127,'MACAO','MO',NULL,NULL,NULL,NULL,4,0),(1128,'MACEDONIA, REPUBLIC OF','MK',NULL,NULL,NULL,NULL,1,0),(1129,'MADAGASCAR','MG',NULL,NULL,NULL,NULL,5,0),(1130,'MALAWI','MW',NULL,NULL,NULL,NULL,5,0),(1131,'MALAYSIA','MY',NULL,NULL,NULL,NULL,4,0),(1132,'MALDIVES','MV',NULL,NULL,NULL,NULL,4,0),(1133,'MALI','ML',NULL,NULL,NULL,NULL,5,0),(1134,'MALTA','MT',NULL,NULL,NULL,NULL,1,0),(1135,'MARSHALL ISLANDS','MH',NULL,NULL,NULL,NULL,4,0),(1136,'MARTINIQUE','MQ',NULL,NULL,NULL,NULL,2,0),(1137,'MAURITANIA','MR',NULL,NULL,NULL,NULL,5,0),(1138,'MAURITIUS','MU',NULL,NULL,NULL,NULL,5,0),(1139,'MAYOTTE','YT',NULL,NULL,NULL,NULL,5,0),(1140,'MEXICO','MX',NULL,NULL,NULL,NULL,2,0),(1141,'MICRONESIA, FEDERATED STATES OF','FM',NULL,NULL,NULL,NULL,4,0),(1142,'MOLDOVA','MD',NULL,NULL,NULL,NULL,1,0),(1143,'MONACO','MC',NULL,NULL,NULL,NULL,1,0),(1144,'MONGOLIA','MN',NULL,NULL,NULL,NULL,4,0),(1145,'MONTSERRAT','MS',NULL,NULL,NULL,NULL,2,0),(1146,'MOROCCO','MA',NULL,NULL,NULL,NULL,3,0),(1147,'MOZAMBIQUE','MZ',NULL,NULL,NULL,NULL,5,0),(1148,'NAMIBIA','NA',NULL,NULL,NULL,NULL,5,0),(1149,'NAURU','NR',NULL,NULL,NULL,NULL,4,0),(1150,'NEPAL','NP',NULL,NULL,NULL,NULL,4,0),(1152,'NETHERLANDS','NL',NULL,NULL,NULL,NULL,1,0),(1153,'NEW CALEDONIA','NC',NULL,NULL,NULL,NULL,4,0),(1154,'NEW ZEALAND','NZ',NULL,NULL,NULL,NULL,4,0),(1155,'NICARAGUA','NI',NULL,NULL,NULL,NULL,2,0),(1156,'NIGER','NE',NULL,NULL,NULL,NULL,5,0),(1157,'NIGERIA','NG',NULL,NULL,NULL,NULL,5,0),(1158,'NIUE','NU',NULL,NULL,NULL,NULL,4,0),(1159,'NORFOLK ISLAND','NF',NULL,NULL,NULL,NULL,4,0),(1160,'NORTHERN MARIANA ISLANDS','MP',NULL,NULL,NULL,NULL,2,0),(1161,'NORWAY','NO',NULL,NULL,NULL,NULL,1,0),(1162,'OMAN','OM',NULL,NULL,NULL,NULL,3,0),(1163,'PAKISTAN','PK',NULL,NULL,NULL,NULL,4,0),(1164,'PALAU','PW',NULL,NULL,NULL,NULL,4,0),(1165,'PALESTINIAN TERRITORY','PS',NULL,NULL,NULL,NULL,3,0),(1166,'PANAMA','PA',NULL,NULL,NULL,NULL,2,0),(1167,'PAPUA NEW GUINEA','PG',NULL,NULL,NULL,NULL,4,0),(1168,'PARAGUAY','PY',NULL,NULL,NULL,NULL,2,0),(1169,'PERU','PE',NULL,NULL,NULL,NULL,2,0),(1170,'PHILIPPINES','PH',NULL,NULL,NULL,NULL,4,0),(1171,'PITCAIRN','PN',NULL,NULL,NULL,NULL,4,0),(1172,'POLAND','PL',NULL,NULL,NULL,NULL,1,0),(1173,'PORTUGAL','PT',NULL,NULL,NULL,NULL,1,0),(1174,'PUERTO RICO','PR',NULL,NULL,NULL,NULL,2,0),(1175,'QATAR','QA',NULL,NULL,NULL,NULL,3,0),(1176,'ROMANIA','RO',NULL,NULL,NULL,NULL,1,0),(1177,'RUSSIAN FEDERATION','RU',NULL,NULL,NULL,NULL,1,0),(1178,'RWANDA','RW',NULL,NULL,NULL,NULL,5,0),(1179,'REUNION','RE',NULL,NULL,NULL,NULL,5,0),(1180,'SAINT HELENA','SH',NULL,NULL,NULL,NULL,5,0),(1181,'SAINT KITTS AND NEVIS','KN',NULL,NULL,NULL,NULL,2,0),(1182,'SAINT LUCIA','LC',NULL,NULL,NULL,NULL,2,0),(1183,'SAINT PIERRE AND MIQUELON','PM',NULL,NULL,NULL,NULL,2,0),(1184,'SAINT VINCENT AND THE GRENADINES','VC',NULL,NULL,NULL,NULL,2,0),(1185,'SAMOA','WS',NULL,NULL,NULL,NULL,4,0),(1186,'SAN MARINO','SM',NULL,NULL,NULL,NULL,1,0),(1187,'SAUDI ARABIA','SA',NULL,NULL,NULL,NULL,3,0),(1188,'SENEGAL','SN',NULL,NULL,NULL,NULL,5,0),(1189,'SEYCHELLES','SC',NULL,NULL,NULL,NULL,5,0),(1190,'SIERRA LEONE','SL',NULL,NULL,NULL,NULL,5,0),(1191,'SINGAPORE','SG',NULL,NULL,NULL,NULL,4,0),(1192,'SLOVAKIA','SK',NULL,NULL,NULL,NULL,1,0),(1193,'SLOVENIA','SI',NULL,NULL,NULL,NULL,1,0),(1194,'SOLOMON ISLANDS','SB',NULL,NULL,NULL,NULL,4,0),(1195,'SOMALIA','SO',NULL,NULL,NULL,NULL,5,0),(1196,'SOUTH AFRICA','ZA',NULL,NULL,NULL,NULL,5,0),(1197,'SOUTH GEORGIA AND THE SOUTH SANDWICH ISLANDS','GS',NULL,NULL,NULL,NULL,2,0),(1198,'SPAIN','ES',NULL,NULL,NULL,NULL,1,0),(1199,'SRI LANKA','LK',NULL,NULL,NULL,NULL,4,0),(1200,'SUDAN','SD',NULL,NULL,NULL,NULL,3,0),(1201,'SURINAME','SR',NULL,NULL,NULL,NULL,2,0),(1202,'SVALBARD AND JAN MAYEN','SJ',NULL,NULL,NULL,NULL,1,0),(1203,'SWAZILAND','SZ',NULL,NULL,NULL,NULL,5,0),(1204,'SWEDEN','SE',NULL,NULL,NULL,NULL,1,0),(1205,'SWITZERLAND','CH',NULL,NULL,NULL,NULL,1,0),(1206,'SYRIAN ARAB REPUBLIC','SY',NULL,NULL,NULL,NULL,3,0),(1207,'SAO TOME AND PRINCIPE','ST',NULL,NULL,NULL,NULL,5,0),(1208,'TAIWAN','TW',NULL,NULL,NULL,NULL,4,0),(1209,'TAJIKISTAN','TJ',NULL,NULL,NULL,NULL,3,0),(1210,'TANZANIA, UNITED REPUBLIC OF','TZ',NULL,NULL,NULL,NULL,5,0),(1211,'THAILAND','TH',NULL,NULL,NULL,NULL,4,0),(1212,'BAHAMAS','BS',NULL,NULL,NULL,NULL,2,0),(1213,'GAMBIA','GM',NULL,NULL,NULL,NULL,5,0),(1214,'TOGO','TG',NULL,NULL,NULL,NULL,5,0),(1215,'TOKELAU','TK',NULL,NULL,NULL,NULL,4,0),(1216,'TONGA','TO',NULL,NULL,NULL,NULL,4,0),(1217,'TRINIDAD AND TOBAGO','TT',NULL,NULL,NULL,NULL,2,0),(1218,'TUNISIA','TN',NULL,NULL,NULL,NULL,3,0),(1219,'TURKEY','TR',NULL,NULL,NULL,NULL,1,0),(1220,'TURKMENISTAN','TM',NULL,NULL,NULL,NULL,1,0),(1221,'TURKS AND CAICOS ISLANDS','TC',NULL,NULL,NULL,NULL,2,0),(1222,'TUVALU','TV',NULL,NULL,NULL,NULL,4,0),(1223,'UGANDA','UG',NULL,NULL,NULL,NULL,5,0),(1224,'UKRAINE','UA',NULL,NULL,NULL,NULL,1,0),(1225,'UNITED ARAB EMIRATES','AE',NULL,NULL,NULL,NULL,3,0),(1226,'UNITED KINGDOM','GB',NULL,NULL,NULL,NULL,1,0),(1227,'UNITED STATES MINOR OUTLYING ISLANDS','UM',NULL,NULL,NULL,NULL,2,0),(1228,'UNITED STATES','US',NULL,NULL,NULL,NULL,2,1),(1229,'URUGUAY','UY',NULL,NULL,NULL,NULL,2,0),(1230,'UZBEKISTAN','UZ',NULL,NULL,NULL,NULL,1,0),(1231,'VANUATU','VU',NULL,NULL,NULL,NULL,4,0),(1232,'VENEZUELA','VE',NULL,NULL,NULL,NULL,2,0),(1233,'VIET NAM','VN',NULL,NULL,NULL,NULL,4,0),(1234,'VIRGIN ISLANDS, U.S.','VI',NULL,NULL,NULL,NULL,2,0),(1235,'WALLIS AND FUTUNA','WF',NULL,NULL,NULL,NULL,4,0),(1236,'WESTERN SAHARA','EH',NULL,NULL,NULL,NULL,3,0),(1237,'YEMEN','YE',NULL,NULL,NULL,NULL,3,0),(1238,'SERBIA AND MONTENEGRO','CS',NULL,NULL,NULL,NULL,1,0),(1239,'ZAMBIA','ZM',NULL,NULL,NULL,NULL,5,0),(1240,'ZIMBABWE','ZW',NULL,NULL,NULL,NULL,5,0),(1241,'LAND ISLANDS','AX',NULL,NULL,NULL,NULL,1,0),(1242,'SERBIA','RS',NULL,NULL,NULL,NULL,1,0),(1243,'MONTENEGRO','ME',NULL,NULL,NULL,NULL,1,0),(1244,'JERSEY','JE',NULL,NULL,NULL,NULL,99,0),(1245,'GUERNSEY','GG',NULL,NULL,NULL,NULL,99,0),(1246,'ISLE OF MAN','IM',NULL,NULL,NULL,NULL,99,0),(1247,'SOUTH SUDAN','SS',NULL,NULL,NULL,NULL,5,0),(1248,'CURAAO','CW',NULL,NULL,NULL,NULL,2,0),(1249,'SINT MAARTEN (DUTCH PART)','SX',NULL,NULL,NULL,NULL,2,0),(1250,'BONAIRE, SAINT EUSTATIUS AND SABA','BQ',NULL,NULL,NULL,NULL,2,0),(1251,'KOSOVO','XK',NULL,NULL,NULL,NULL,1,0),(1252,'SAINT BARTHLEMY','BL',NULL,NULL,NULL,NULL,2,0),(1253,'SAINT MARTIN (FRENCH PART)','MF',NULL,NULL,NULL,NULL,2,0);
/*!40000 ALTER TABLE `civicrm_country` ENABLE KEYS */;
UNLOCK TABLES;

--
-- Dumping data for table `civicrm_county`
--

LOCK TABLES `civicrm_county` WRITE;
/*!40000 ALTER TABLE `civicrm_county` DISABLE KEYS */;
INSERT INTO `civicrm_county` (`id`, `name`, `abbreviation`, `state_province_id`) VALUES (1,'Alameda',NULL,1004),(2,'Contra Costa',NULL,1004),(3,'Marin',NULL,1004),(4,'San Francisco',NULL,1004),(5,'San Mateo',NULL,1004),(6,'Santa Clara',NULL,1004);
/*!40000 ALTER TABLE `civicrm_county` ENABLE KEYS */;
UNLOCK TABLES;

--
-- Dumping data for table `civicrm_currency`
--

LOCK TABLES `civicrm_currency` WRITE;
/*!40000 ALTER TABLE `civicrm_currency` DISABLE KEYS */;
INSERT INTO `civicrm_currency` (`id`, `name`, `symbol`, `numeric_code`, `full_name`) VALUES (1,'AUD','$','036','Australian Dollar'),(2,'CAD','$','124','Canadian Dollar'),(3,'EUR','','978','Euro'),(4,'GBP','','826','Pound Sterling'),(5,'ILS','','826','New Israeli Shekel'),(6,'INR','','356','Indian Rupee'),(7,'JPY','','392','Japanese Yen'),(8,'KRW','','410','South Korean Won'),(9,'LAK','','418','Lao Kip'),(10,'MNT','','496','Mongolian Tugrik'),(11,'NGN','','566','Nigerian Naira'),(12,'PLN','z','985','Polish Zoty'),(13,'THB','','764','Thai Baht'),(14,'USD','$','840','US Dollar'),(15,'VND','','704','Viet Nam Dong'),(16,'ZAR','R','710','South African Rand'),(17,'AED',NULL,'784','UAE Dirham'),(18,'AFN','','971','Afghani'),(19,'ALL','Lek','008','Albanian Lek'),(20,'AMD',NULL,'051','Armenian Dram'),(21,'ANG','','532','Netherlands Antillian Guilder'),(22,'AOA',NULL,'973','Angola Kwanza'),(23,'ARS','$','032','Argentine Peso'),(24,'AWG','','533','Aruban Guilder'),(25,'AZN','','944','Azerbaijanian Manat'),(26,'BAM','KM','977','Convertible Marks'),(27,'BBD','$','052','Barbados Dollar'),(28,'BDT',NULL,'050','Bangladeshi Taka'),(29,'BGN','','975','Bulgarian Lev'),(30,'BHD',NULL,'048','Bahraini Dinar'),(31,'BIF',NULL,'108','Burundi Franc'),(32,'BMD','$','060','Bermudian Dollar'),(33,'BND','$','096','Brunei Dollar'),(34,'BOB','$b','068','Boliviano'),(35,'BOV',NULL,'984','Bolivian Mvdol'),(36,'BRL','R$','986','Brazilian Real'),(37,'BSD','$','044','Bahamian Dollar'),(38,'BTN',NULL,'064','Bhutan Ngultrum'),(39,'BWP','P','072','Botswana Pula'),(40,'BYR','p.','974','Belarussian Rouble'),(41,'BZD','BZ$','084','Belize Dollar'),(42,'CDF',NULL,'976','Franc Congolais'),(43,'CHE',NULL,'947','WIR Euro'),(44,'CHF','CHF','756','Swiss Franc'),(45,'CHW',NULL,'948','WIR Franc'),(46,'CLF',NULL,'990','Unidades de fomento'),(47,'CLP','$','152','Chilean Peso'),(48,'CNY','','156','Chinese Yuan Renminbi'),(49,'COP','$','170','Colombian Peso'),(50,'COU',NULL,'970','Unidad de Valor Real'),(51,'CRC','','188','Costa Rican Colon'),(52,'RSD','.','941','Serbian Dinar'),(53,'CUP','','192','Cuban Peso'),(54,'CVE',NULL,'132','Cape Verde Escudo'),(55,'CYP','','196','Cyprus Pound'),(56,'CZK','K','203','Czech Koruna'),(57,'DJF',NULL,'262','Djibouti Franc'),(58,'DKK','kr','208','Danish Krone'),(59,'DOP','RD$','214','Dominican Peso'),(60,'DZD',NULL,'012','Algerian Dinar'),(62,'EGP','','818','Egyptian Pound'),(63,'ERN',NULL,'232','Eritrean Nakfa'),(64,'ETB',NULL,'230','Ethiopian Birr'),(65,'FJD','$','242','Fiji Dollar'),(66,'FKP','','238','Falkland Islands Pound'),(67,'GEL',NULL,'981','Georgian Lari'),(68,'GHC','','288','Ghanaian Cedi'),(69,'GIP','','292','Gibraltar Pound'),(70,'GMD',NULL,'270','Gambian Dalasi'),(71,'GNF',NULL,'324','Guinea Franc'),(72,'GTQ','Q','320','Guatemalan Quetzal'),(73,'GWP',NULL,'624','Guinea-Bissau Peso'),(74,'GYD','$','328','Guyana Dollar'),(75,'HKD','HK$','344','Hong Kong Dollar'),(76,'HNL','L','340','Honduran Lempira'),(77,'HRK','kn','191','Croatian Kuna'),(78,'HTG',NULL,'332','Haitian Gourde'),(79,'HUF','Ft','348','Hungarian Forint'),(80,'IDR','Rp','360','Indonesian Rupiah'),(81,'IQD',NULL,'368','Iraqi Dinar'),(82,'IRR','','364','Iranian Rial'),(83,'ISK','kr','352','Iceland Krona'),(84,'JMD','J$','388','Jamaican Dollar'),(85,'JOD',NULL,'400','Jordanian Dinar'),(86,'KES',NULL,'404','Kenyan Shilling'),(87,'KGS','','417','Kyrgyzstan Som'),(88,'KHR','','116','Cambodian Riel'),(89,'KMF',NULL,'174','Comoro Franc'),(90,'KPW','','408','North Korean Won'),(91,'KWD',NULL,'414','Kuwaiti Dinar'),(92,'KYD','$','136','Cayman Islands Dollar'),(93,'KZT','','398','Kazakhstan Tenge'),(94,'LBP','','422','Lebanese Pound'),(95,'LKR','','144','Sri Lanka Rupee'),(96,'LRD','$','430','Liberian Dollar'),(97,'LSL',NULL,'426','Lesotho Loti'),(98,'LTL','Lt','440','Lithuanian Litas'),(99,'LVL','Ls','428','Latvian Lats'),(100,'LYD',NULL,'434','Libyan Dinar'),(101,'MAD',NULL,'504','Moroccan Dirham'),(102,'MDL',NULL,'498','Moldovan Leu'),(103,'MGA',NULL,'969','Malagascy Ariary'),(104,'MKD','','807','Macedonian Denar'),(105,'MMK',NULL,'104','Myanmar Kyat'),(106,'MOP',NULL,'446','Macao Pataca'),(107,'MRO',NULL,'478','Mauritanian Ouguiya'),(108,'MTL','Lm','470','Maltese Lira'),(109,'MUR','','480','Mauritius Rupee'),(110,'MVR',NULL,'462','Maldive Rufiyaa'),(111,'MWK',NULL,'454','Malawi Kwacha'),(112,'MXN','$','484','Mexican Peso'),(113,'MXV',NULL,'979','Mexican Unidad de Inversion (UID)'),(114,'MYR','RM','458','Malaysian Ringgit'),(115,'MZN','MT','943','Mozambique Metical'),(116,'NAD','N$','516','Namibian Dollar'),(117,'NIO','C$','558','Nicaraguan Cordoba Oro'),(118,'NOK','kr','578','Norwegian Krone'),(119,'NPR','','524','Nepalese Rupee'),(120,'NZD','$','554','New Zealand Dollar'),(121,'OMR','','512','Rial Omani'),(122,'PAB','B/.','590','Panamanian Balboa'),(123,'PEN','S/.','604','Peruvian Nuevo Sol'),(124,'PGK',NULL,'598','Papua New Guinea Kina'),(125,'PHP','Php','608','Philippine Peso'),(126,'PKR','','586','Pakistan Rupee'),(127,'PYG','Gs','600','Paraguay Guarani'),(128,'QAR','','634','Qatari Rial'),(129,'ROL',NULL,'642','Romanian Old Leu'),(130,'RON','lei','946','Romanian New Leu'),(131,'RUB','','643','Russian Rouble'),(132,'RWF',NULL,'646','Rwanda Franc'),(133,'SAR','','682','Saudi Riyal'),(134,'SBD','$','090','Solomon Islands Dollar'),(135,'SCR','','690','Seychelles Rupee'),(136,'SDD',NULL,'736','Sudanese Dinar'),(137,'SEK','kr','752','Swedish Krona'),(138,'SGD','$','702','Singapore Dollar'),(139,'SHP','','654','Saint Helena Pound'),(140,'SIT',NULL,'705','Slovenian Tolar'),(141,'SKK','SIT','703','Slovak Koruna'),(142,'SLL',NULL,'694','Leone'),(143,'SOS','S','706','Somali Shilling'),(144,'SRD','$','968','Surinam Dollar'),(145,'STD',NULL,'678','So Tome and Principe Dobra'),(146,'SVC','$','222','El Salvador Colon'),(147,'SYP','','760','Syrian Pound'),(148,'SZL',NULL,'748','Swaziland Lilangeni'),(149,'TJS',NULL,'972','Tajik Somoni'),(150,'TMM',NULL,'795','Turkmenistan Manat'),(151,'TND',NULL,'788','Tunisian Dinar'),(152,'TOP',NULL,'776','Tongan Pa\'anga'),(153,'TRY','YTL','949','New Turkish Lira'),(154,'TTD','TT$','780','Trinidad and Tobago Dollar'),(155,'TWD','NT$','901','New Taiwan Dollar'),(156,'TZS',NULL,'834','Tanzanian Shilling'),(157,'UAH','','980','Ukrainian Hryvnia'),(158,'UGX',NULL,'800','Ugandan Shilling'),(159,'USN',NULL,'997','US Dollar (Next day)'),(160,'USS',NULL,'998','US Dollar (Same day)'),(161,'UYU','$U','858','Peso Uruguayo'),(162,'UZS','','860','Uzbekistan Sum'),(163,'VEF','Bs','937','Venezuela Bolivar'),(164,'VUV',NULL,'548','Vanuatu Vatu'),(165,'WST',NULL,'882','Samoan Tala'),(166,'XAF',NULL,'950','CFA Franc BEAC'),(167,'XAG',NULL,'961','Silver'),(168,'XAU',NULL,'959','Gold'),(169,'XBA',NULL,'955','Bond Markets Units European Composite Unit (EURCO)'),(170,'XBB',NULL,'956','European Monetary Unit (E.M.U.-6)'),(171,'XBC',NULL,'957','European Unit of Account 9 (E.U.A.-9)'),(172,'XBD',NULL,'958','European Unit of Account 17 (E.U.A.-17)'),(173,'XCD','$','951','East Caribbean Dollar'),(174,'XDR',NULL,'960','Special Drawing Right'),(175,'XFO',NULL,NULL,'Gold-Franc'),(176,'XFU',NULL,NULL,'UIC-Franc'),(177,'XOF',NULL,'952','CFA Franc BCEAO'),(178,'XPD',NULL,'964','Palladium'),(179,'XPF',NULL,'953','CFP Franc'),(180,'XPT',NULL,'962','Platinum'),(181,'XTS',NULL,'963','Code for testing purposes'),(182,'XXX',NULL,'999','No currency involved'),(183,'YER','','886','Yemeni Rial'),(184,'ZMK',NULL,'894','Zambian Kwacha'),(185,'ZWD','Z$','716','Zimbabwe Dollar');
/*!40000 ALTER TABLE `civicrm_currency` ENABLE KEYS */;
UNLOCK TABLES;

--
-- Dumping data for table `civicrm_custom_field`
--

LOCK TABLES `civicrm_custom_field` WRITE;
/*!40000 ALTER TABLE `civicrm_custom_field` DISABLE KEYS */;
/*!40000 ALTER TABLE `civicrm_custom_field` ENABLE KEYS */;
UNLOCK TABLES;

--
-- Dumping data for table `civicrm_custom_group`
--

LOCK TABLES `civicrm_custom_group` WRITE;
/*!40000 ALTER TABLE `civicrm_custom_group` DISABLE KEYS */;
/*!40000 ALTER TABLE `civicrm_custom_group` ENABLE KEYS */;
UNLOCK TABLES;

--
-- Dumping data for table `civicrm_cxn`
--

LOCK TABLES `civicrm_cxn` WRITE;
/*!40000 ALTER TABLE `civicrm_cxn` DISABLE KEYS */;
/*!40000 ALTER TABLE `civicrm_cxn` ENABLE KEYS */;
UNLOCK TABLES;

--
-- Dumping data for table `civicrm_dashboard`
--

LOCK TABLES `civicrm_dashboard` WRITE;
/*!40000 ALTER TABLE `civicrm_dashboard` DISABLE KEYS */;
INSERT INTO `civicrm_dashboard` (`id`, `domain_id`, `name`, `label`, `url`, `permission`, `permission_operator`, `column_no`, `is_minimized`, `fullscreen_url`, `is_fullscreen`, `is_active`, `is_reserved`, `weight`) VALUES (1,1,'blog','CiviCRM News','civicrm/dashlet/blog?reset=1&snippet=5','access CiviCRM',NULL,0,0,'civicrm/dashlet/blog?reset=1&snippet=5&context=dashletFullscreen',1,1,1,0),(2,1,'getting-started','Getting Started','civicrm/dashlet/getting-started?reset=1&snippet=5','access CiviCRM',NULL,0,0,'civicrm/dashlet/getting-started?reset=1&snippet=5&context=dashletFullscreen',1,1,1,0),(3,1,'activity','Activities','civicrm/dashlet/activity?reset=1&snippet=5','access CiviCRM',NULL,0,0,'civicrm/dashlet/activity?reset=1&snippet=5&context=dashletFullscreen',1,1,1,1),(4,1,'myCases','My Cases','civicrm/dashlet/myCases?reset=1&snippet=5','access my cases and activities',NULL,0,0,'civicrm/dashlet/myCases?reset=1&snippet=5&context=dashletFullscreen',1,1,1,2),(5,1,'allCases','All Cases','civicrm/dashlet/allCases?reset=1&snippet=5','access all cases and activities',NULL,0,0,'civicrm/dashlet/allCases?reset=1&snippet=5&context=dashletFullscreen',1,1,1,3),(6,1,'casedashboard','Case Dashboard Dashlet','civicrm/dashlet/casedashboard?reset=1&snippet=5','access my cases and activities,access all cases and activities','OR',0,0,'civicrm/dashlet/casedashboard?reset=1&snippet=5&context=dashletFullscreen',1,1,1,4),(7,1,'report/7','Donor Summary','civicrm/report/instance/7?reset=1&section=1&snippet=5&charts=barChart','access CiviContribute','AND',0,0,'civicrm/report/instance/7?reset=1&section=1&snippet=5&charts=barChart&context=dashletFullscreen',1,1,0,4),(8,1,'report/14','Top Donors','civicrm/report/instance/14?reset=1&section=2&snippet=5','access CiviContribute','AND',0,0,'civicrm/report/instance/14?reset=1&section=2&snippet=5&context=dashletFullscreen',1,1,0,5),(9,1,'report/27','Event Income Summary','civicrm/report/instance/27?reset=1&section=1&snippet=5&charts=pieChart','access CiviEvent','AND',0,0,'civicrm/report/instance/27?reset=1&section=1&snippet=5&charts=pieChart&context=dashletFullscreen',1,1,0,6),(10,1,'report/22','Membership Summary','civicrm/report/instance/22?reset=1&section=2&snippet=5','access CiviMember','AND',0,0,'civicrm/report/instance/22?reset=1&section=2&snippet=5&context=dashletFullscreen',1,1,0,7);
/*!40000 ALTER TABLE `civicrm_dashboard` ENABLE KEYS */;
UNLOCK TABLES;

--
-- Dumping data for table `civicrm_dashboard_contact`
--

LOCK TABLES `civicrm_dashboard_contact` WRITE;
/*!40000 ALTER TABLE `civicrm_dashboard_contact` DISABLE KEYS */;
/*!40000 ALTER TABLE `civicrm_dashboard_contact` ENABLE KEYS */;
UNLOCK TABLES;

--
-- Dumping data for table `civicrm_dedupe_exception`
--

LOCK TABLES `civicrm_dedupe_exception` WRITE;
/*!40000 ALTER TABLE `civicrm_dedupe_exception` DISABLE KEYS */;
/*!40000 ALTER TABLE `civicrm_dedupe_exception` ENABLE KEYS */;
UNLOCK TABLES;

--
-- Dumping data for table `civicrm_dedupe_rule`
--

LOCK TABLES `civicrm_dedupe_rule` WRITE;
/*!40000 ALTER TABLE `civicrm_dedupe_rule` DISABLE KEYS */;
INSERT INTO `civicrm_dedupe_rule` (`id`, `dedupe_rule_group_id`, `rule_table`, `rule_field`, `rule_length`, `rule_weight`) VALUES (1,1,'civicrm_contact','first_name',NULL,5),(2,1,'civicrm_contact','last_name',NULL,7),(3,1,'civicrm_email','email',NULL,10),(4,2,'civicrm_contact','organization_name',NULL,10),(5,2,'civicrm_email','email',NULL,10),(6,3,'civicrm_contact','household_name',NULL,10),(7,3,'civicrm_email','email',NULL,10),(8,4,'civicrm_email','email',NULL,10),(9,5,'civicrm_contact','organization_name',NULL,10),(10,5,'civicrm_email','email',NULL,10),(11,6,'civicrm_contact','household_name',NULL,10),(12,6,'civicrm_email','email',NULL,10),(13,7,'civicrm_contact','first_name',NULL,5),(14,7,'civicrm_contact','last_name',NULL,5),(15,7,'civicrm_address','street_address',NULL,5),(16,7,'civicrm_contact','middle_name',NULL,1),(17,7,'civicrm_contact','suffix_id',NULL,1);
/*!40000 ALTER TABLE `civicrm_dedupe_rule` ENABLE KEYS */;
UNLOCK TABLES;

--
-- Dumping data for table `civicrm_dedupe_rule_group`
--

LOCK TABLES `civicrm_dedupe_rule_group` WRITE;
/*!40000 ALTER TABLE `civicrm_dedupe_rule_group` DISABLE KEYS */;
INSERT INTO `civicrm_dedupe_rule_group` (`id`, `contact_type`, `threshold`, `used`, `name`, `title`, `is_reserved`) VALUES (1,'Individual',20,'Supervised','IndividualSupervised','Name and Email (reserved)',1),(2,'Organization',10,'Supervised','OrganizationSupervised','Name and Email',0),(3,'Household',10,'Supervised','HouseholdSupervised','Name and Email',0),(4,'Individual',10,'Unsupervised','IndividualUnsupervised','Email (reserved)',1),(5,'Organization',10,'Unsupervised','OrganizationUnsupervised','Name and Email',0),(6,'Household',10,'Unsupervised','HouseholdUnsupervised','Name and Email',0),(7,'Individual',15,'General','IndividualGeneral','Name and Address (reserved)',1);
/*!40000 ALTER TABLE `civicrm_dedupe_rule_group` ENABLE KEYS */;
UNLOCK TABLES;

--
-- Dumping data for table `civicrm_discount`
--

LOCK TABLES `civicrm_discount` WRITE;
/*!40000 ALTER TABLE `civicrm_discount` DISABLE KEYS */;
/*!40000 ALTER TABLE `civicrm_discount` ENABLE KEYS */;
UNLOCK TABLES;

--
-- Dumping data for table `civicrm_domain`
--

LOCK TABLES `civicrm_domain` WRITE;
/*!40000 ALTER TABLE `civicrm_domain` DISABLE KEYS */;
INSERT INTO `civicrm_domain` (`id`, `name`, `description`, `config_backend`, `version`, `contact_id`, `locales`, `locale_custom_strings`) VALUES (1,'Default Domain Name',NULL,NULL,'4.7.beta1',1,NULL,NULL);
/*!40000 ALTER TABLE `civicrm_domain` ENABLE KEYS */;
UNLOCK TABLES;

--
-- Dumping data for table `civicrm_email`
--

LOCK TABLES `civicrm_email` WRITE;
/*!40000 ALTER TABLE `civicrm_email` DISABLE KEYS */;
INSERT INTO `civicrm_email` (`id`, `contact_id`, `location_type_id`, `email`, `is_primary`, `is_billing`, `on_hold`, `is_bulkmail`, `hold_date`, `reset_date`, `signature_text`, `signature_html`) VALUES (1,1,1,'fixme.domainemail@example.org',0,0,0,0,NULL,NULL,NULL,NULL),(2,101,1,'al.lee@spamalot.info',1,0,0,0,NULL,NULL,NULL,NULL),(3,101,1,'al.lee90@fishmail.biz',0,0,0,0,NULL,NULL,NULL,NULL),(4,200,1,'terry.beula52@notmail.co.in',1,0,0,0,NULL,NULL,NULL,NULL),(5,122,1,'barkley.laree9@example.biz',1,0,0,0,NULL,NULL,NULL,NULL),(6,46,1,'iveyj@sample.co.in',1,0,0,0,NULL,NULL,NULL,NULL),(7,46,1,'jones.ivey28@sample.co.pl',0,0,0,0,NULL,NULL,NULL,NULL),(8,30,1,'jacobsv53@fakemail.co.uk',1,0,0,0,NULL,NULL,NULL,NULL),(9,30,1,'valenej@sample.co.in',0,0,0,0,NULL,NULL,NULL,NULL),(10,41,1,'nicolewagner@example.co.in',1,0,0,0,NULL,NULL,NULL,NULL),(11,41,1,'wagner.nicole@notmail.biz',0,0,0,0,NULL,NULL,NULL,NULL),(12,79,1,'prenticeo@testmail.co.uk',1,0,0,0,NULL,NULL,NULL,NULL),(13,79,1,'prenticeo68@notmail.co.in',0,0,0,0,NULL,NULL,NULL,NULL),(14,127,1,'patel.merrie@fishmail.org',1,0,0,0,NULL,NULL,NULL,NULL),(15,156,1,'samuels.b.valene90@testmail.com',1,0,0,0,NULL,NULL,NULL,NULL),(16,156,1,'samuels.valene@testing.co.uk',0,0,0,0,NULL,NULL,NULL,NULL),(17,73,1,'roberts.bernadette68@airmail.info',1,0,0,0,NULL,NULL,NULL,NULL),(18,73,1,'roberts.bernadette@mymail.co.uk',0,0,0,0,NULL,NULL,NULL,NULL),(19,110,1,'jones.bob79@fishmail.info',1,0,0,0,NULL,NULL,NULL,NULL),(20,50,1,'elbertd@mymail.biz',1,0,0,0,NULL,NULL,NULL,NULL),(21,82,1,'adams.margaret90@notmail.com',1,0,0,0,NULL,NULL,NULL,NULL),(22,69,1,'landoni16@example.co.pl',1,0,0,0,NULL,NULL,NULL,NULL),(23,69,1,'ivanov.landon@fakemail.info',0,0,0,0,NULL,NULL,NULL,NULL),(24,183,1,'prentice.angelika10@notmail.info',1,0,0,0,NULL,NULL,NULL,NULL),(25,183,1,'angelikap41@notmail.co.in',0,0,0,0,NULL,NULL,NULL,NULL),(26,49,1,'jensens12@mymail.co.nz',1,0,0,0,NULL,NULL,NULL,NULL),(27,49,1,'jensens@testmail.org',0,0,0,0,NULL,NULL,NULL,NULL),(28,107,1,'wilson.miguel@lol.info',1,0,0,0,NULL,NULL,NULL,NULL),(29,107,1,'wilson.miguel@notmail.co.nz',0,0,0,0,NULL,NULL,NULL,NULL),(30,83,1,'grant.f.rodrigo20@sample.co.in',1,0,0,0,NULL,NULL,NULL,NULL),(31,60,1,'shermanj18@testmail.co.in',1,0,0,0,NULL,NULL,NULL,NULL),(32,148,1,'parker.andrew@example.com',1,0,0,0,NULL,NULL,NULL,NULL),(33,148,1,'parker.andrew@testing.co.nz',0,0,0,0,NULL,NULL,NULL,NULL),(34,5,1,'blackwell.brzczysaw@testing.info',1,0,0,0,NULL,NULL,NULL,NULL),(35,5,1,'brzczysawblackwell@sample.co.nz',0,0,0,0,NULL,NULL,NULL,NULL),(36,93,1,'mq.ivanov@notmail.net',1,0,0,0,NULL,NULL,NULL,NULL),(37,93,1,'ivanov.q.mei47@fakemail.org',0,0,0,0,NULL,NULL,NULL,NULL),(38,165,1,'yadav.allen@notmail.co.in',1,0,0,0,NULL,NULL,NULL,NULL),(39,165,1,'yadav.allen@fakemail.co.uk',0,0,0,0,NULL,NULL,NULL,NULL),(40,177,1,'jacobb69@spamalot.com',1,0,0,0,NULL,NULL,NULL,NULL),(41,22,1,'sr.wilson@fishmail.org',1,0,0,0,NULL,NULL,NULL,NULL),(42,193,1,'bachman.arlyne@lol.co.pl',1,0,0,0,NULL,NULL,NULL,NULL),(43,53,1,'wagner.brigette@lol.org',1,0,0,0,NULL,NULL,NULL,NULL),(44,56,1,'cooper.e.beula@testmail.co.pl',1,0,0,0,NULL,NULL,NULL,NULL),(45,159,1,'jacksonolsen86@fakemail.biz',1,0,0,0,NULL,NULL,NULL,NULL),(46,90,1,'brentdimitrov76@spamalot.co.pl',1,0,0,0,NULL,NULL,NULL,NULL),(47,195,1,'deforest.teddy@infomail.biz',1,0,0,0,NULL,NULL,NULL,NULL),(48,104,1,'magana2@fishmail.info',1,0,0,0,NULL,NULL,NULL,NULL),(49,48,1,'jamesonr66@spamalot.org',1,0,0,0,NULL,NULL,NULL,NULL),(50,11,1,'claudiojameson55@fakemail.net',1,0,0,0,NULL,NULL,NULL,NULL),(51,132,1,'cooper.shad21@fakemail.co.pl',1,0,0,0,NULL,NULL,NULL,NULL),(52,10,1,'tanyay@notmail.info',1,0,0,0,NULL,NULL,NULL,NULL),(53,120,1,'adams.esta@spamalot.co.pl',1,0,0,0,NULL,NULL,NULL,NULL),(54,198,1,'gonzlez.tanya97@spamalot.biz',1,0,0,0,NULL,NULL,NULL,NULL),(55,198,1,'gonzlezt74@testmail.net',0,0,0,0,NULL,NULL,NULL,NULL),(56,12,1,'zope.z.kiara@infomail.co.pl',1,0,0,0,NULL,NULL,NULL,NULL),(57,36,1,'mm.nielsen@infomail.com',1,0,0,0,NULL,NULL,NULL,NULL),(58,36,1,'nielsenm@spamalot.co.pl',0,0,0,0,NULL,NULL,NULL,NULL),(59,121,1,'mdimitrov@example.co.in',1,0,0,0,NULL,NULL,NULL,NULL),(60,121,1,'dimitrov.merrie@fishmail.org',0,0,0,0,NULL,NULL,NULL,NULL),(61,18,1,'nicolepatel26@notmail.biz',1,0,0,0,NULL,NULL,NULL,NULL),(62,18,1,'nicolep@testing.co.uk',0,0,0,0,NULL,NULL,NULL,NULL),(63,190,1,'roberts.m.ashlie@lol.com',1,0,0,0,NULL,NULL,NULL,NULL),(64,144,1,'mller.esta@spamalot.co.nz',1,0,0,0,NULL,NULL,NULL,NULL),(65,57,1,'ju.grant@spamalot.org',1,0,0,0,NULL,NULL,NULL,NULL),(66,57,1,'jaygrant63@notmail.biz',0,0,0,0,NULL,NULL,NULL,NULL),(67,168,1,'mcreynolds.brigette@lol.co.uk',1,0,0,0,NULL,NULL,NULL,NULL),(68,168,1,'brigettemcreynolds@lol.co.pl',0,0,0,0,NULL,NULL,NULL,NULL),(69,117,1,'jensen.f.megan68@mymail.co.uk',1,0,0,0,NULL,NULL,NULL,NULL),(70,115,1,'nielsenr@fakemail.net',1,0,0,0,NULL,NULL,NULL,NULL),(71,115,1,'rolandn@testmail.co.in',0,0,0,0,NULL,NULL,NULL,NULL),(72,16,1,'cooper.ashlie@mymail.co.pl',1,0,0,0,NULL,NULL,NULL,NULL),(73,182,1,'wagnerw@testmail.com',1,0,0,0,NULL,NULL,NULL,NULL),(74,23,1,'juliannivanov18@spamalot.net',1,0,0,0,NULL,NULL,NULL,NULL),(75,141,1,'samsons@fakemail.co.nz',1,0,0,0,NULL,NULL,NULL,NULL),(76,80,1,'wagner.kiara@fakemail.co.uk',1,0,0,0,NULL,NULL,NULL,NULL),(77,87,1,'wagnero2@fakemail.biz',1,0,0,0,NULL,NULL,NULL,NULL),(78,87,1,'omarw71@notmail.net',0,0,0,0,NULL,NULL,NULL,NULL),(79,98,1,'awagner87@testing.co.pl',1,0,0,0,NULL,NULL,NULL,NULL),(80,98,1,'wagner.ashley@example.com',0,0,0,0,NULL,NULL,NULL,NULL),(81,126,1,'billyg79@testmail.co.nz',1,0,0,0,NULL,NULL,NULL,NULL),(82,6,1,'grant.brittney13@sample.org',1,0,0,0,NULL,NULL,NULL,NULL),(83,6,1,'brittneygrant@notmail.org',0,0,0,0,NULL,NULL,NULL,NULL),(84,145,1,'terry.kenny@notmail.info',1,0,0,0,NULL,NULL,NULL,NULL),(85,154,1,'bterry@lol.co.uk',1,0,0,0,NULL,NULL,NULL,NULL),(86,154,1,'bterry3@testmail.org',0,0,0,0,NULL,NULL,NULL,NULL),(87,20,1,'parker.craig@sample.biz',1,0,0,0,NULL,NULL,NULL,NULL),(88,20,1,'parker.craig@sample.info',0,0,0,0,NULL,NULL,NULL,NULL),(89,108,1,'jinaparker@lol.com',1,0,0,0,NULL,NULL,NULL,NULL),(90,59,1,'sonnydeforest@lol.co.uk',1,0,0,0,NULL,NULL,NULL,NULL),(91,59,1,'sonnydeforest@spamalot.co.pl',0,0,0,0,NULL,NULL,NULL,NULL),(92,149,1,'smith-deforesti65@mymail.net',1,0,0,0,NULL,NULL,NULL,NULL),(93,149,1,'smith-deforesti53@notmail.co.uk',0,0,0,0,NULL,NULL,NULL,NULL),(94,109,1,'kennys88@sample.org',1,0,0,0,NULL,NULL,NULL,NULL),(95,109,1,'smith-deforestk59@infomail.co.nz',0,0,0,0,NULL,NULL,NULL,NULL),(96,33,1,'tobyd@testing.co.nz',1,0,0,0,NULL,NULL,NULL,NULL),(97,155,1,'bernadetten@example.net',1,0,0,0,NULL,NULL,NULL,NULL),(98,155,1,'nielsen.bernadette38@fishmail.biz',0,0,0,0,NULL,NULL,NULL,NULL),(99,196,1,'deforest-nielsenc@fishmail.co.in',1,0,0,0,NULL,NULL,NULL,NULL),(100,196,1,'deforest-nielsen.clint@airmail.biz',0,0,0,0,NULL,NULL,NULL,NULL),(101,106,1,'deforest-nielsen.y.nicole@fakemail.net',1,0,0,0,NULL,NULL,NULL,NULL),(102,25,1,'merriep@fakemail.biz',1,0,0,0,NULL,NULL,NULL,NULL),(103,25,1,'merrieprentice@notmail.org',0,0,0,0,NULL,NULL,NULL,NULL),(104,15,1,'aprentice@sample.co.nz',1,0,0,0,NULL,NULL,NULL,NULL),(105,15,1,'prentice.alexia40@spamalot.com',0,0,0,0,NULL,NULL,NULL,NULL),(106,51,1,'alexiaprentice66@lol.com',1,0,0,0,NULL,NULL,NULL,NULL),(107,21,1,'radams81@notmail.org',1,0,0,0,NULL,NULL,NULL,NULL),(108,14,1,'wagner.b.junko43@sample.co.uk',1,0,0,0,NULL,NULL,NULL,NULL),(109,14,1,'jb.wagner@infomail.net',0,0,0,0,NULL,NULL,NULL,NULL),(110,63,1,'adams-wagner.scarlet@testing.co.nz',1,0,0,0,NULL,NULL,NULL,NULL),(111,68,1,'cooperc@spamalot.biz',1,0,0,0,NULL,NULL,NULL,NULL),(112,103,1,'cooper.lawerence@spamalot.biz',1,0,0,0,NULL,NULL,NULL,NULL),(113,103,1,'lm.cooper@spamalot.co.pl',0,0,0,0,NULL,NULL,NULL,NULL),(114,24,1,'jacobg90@infomail.co.nz',1,0,0,0,NULL,NULL,NULL,NULL),(115,143,1,'gonzlez.alexia61@testmail.co.uk',1,0,0,0,NULL,NULL,NULL,NULL),(116,163,1,'bcruz@testmail.net',1,0,0,0,NULL,NULL,NULL,NULL),(117,163,1,'cruz.brent@fakemail.co.in',0,0,0,0,NULL,NULL,NULL,NULL),(118,66,1,'herminiab77@testmail.com',1,0,0,0,NULL,NULL,NULL,NULL),(119,66,1,'barkley-cruz.o.herminia40@lol.com',0,0,0,0,NULL,NULL,NULL,NULL),(120,116,1,'cruzs@lol.org',1,0,0,0,NULL,NULL,NULL,NULL),(121,116,1,'scruz6@lol.com',0,0,0,0,NULL,NULL,NULL,NULL),(122,62,1,'mcreynolds.troy18@lol.com',1,0,0,0,NULL,NULL,NULL,NULL),(123,62,1,'mcreynolds.troy@infomail.org',0,0,0,0,NULL,NULL,NULL,NULL),(124,175,1,'estamcreynolds@infomail.co.nz',1,0,0,0,NULL,NULL,NULL,NULL),(125,197,1,'robertsj26@lol.org',1,0,0,0,NULL,NULL,NULL,NULL),(126,197,1,'roberts.jackson42@fakemail.biz',0,0,0,0,NULL,NULL,NULL,NULL),(127,138,1,'bettyr89@testing.com',1,0,0,0,NULL,NULL,NULL,NULL),(128,2,1,'roberts.esta35@fakemail.biz',1,0,0,0,NULL,NULL,NULL,NULL),(129,2,1,'roberts.esta@example.org',0,0,0,0,NULL,NULL,NULL,NULL),(130,34,1,'ljacobs78@testmail.co.uk',1,0,0,0,NULL,NULL,NULL,NULL),(131,192,1,'bjacobs@airmail.co.nz',1,0,0,0,NULL,NULL,NULL,NULL),(132,192,1,'jacobs.billy@testing.info',0,0,0,0,NULL,NULL,NULL,NULL),(133,153,1,'jacobs.t.delana@infomail.info',1,0,0,0,NULL,NULL,NULL,NULL),(134,189,1,'cdimitrov-gonzlez@notmail.co.uk',1,0,0,0,NULL,NULL,NULL,NULL),(135,189,1,'claudiod@infomail.org',0,0,0,0,NULL,NULL,NULL,NULL),(136,130,1,'gonzlez.elina@airmail.co.in',1,0,0,0,NULL,NULL,NULL,NULL),(137,185,1,'delanas@mymail.co.pl',1,0,0,0,NULL,NULL,NULL,NULL),(138,185,1,'samsond@testmail.info',0,0,0,0,NULL,NULL,NULL,NULL),(139,188,1,'samson.n.troy@lol.net',1,0,0,0,NULL,NULL,NULL,NULL),(140,147,1,'roberts.alexia@example.net',1,0,0,0,NULL,NULL,NULL,NULL),(141,123,1,'roberts.santina@airmail.co.uk',1,0,0,0,NULL,NULL,NULL,NULL),(142,150,1,'sroberts@spamalot.biz',1,0,0,0,NULL,NULL,NULL,NULL),(143,112,1,'ashlier@mymail.net',1,0,0,0,NULL,NULL,NULL,NULL),(144,199,1,'omarsmith@testing.co.in',1,0,0,0,NULL,NULL,NULL,NULL),(145,13,1,'terrell-smith.valene63@infomail.net',1,0,0,0,NULL,NULL,NULL,NULL),(146,78,1,'smiths34@lol.co.nz',1,0,0,0,NULL,NULL,NULL,NULL),(147,78,1,'shadsmith88@lol.com',0,0,0,0,NULL,NULL,NULL,NULL),(148,174,1,'smith.kenny5@notmail.co.pl',1,0,0,0,NULL,NULL,NULL,NULL),(149,174,1,'smith.kenny@example.com',0,0,0,0,NULL,NULL,NULL,NULL),(150,9,1,'shermanp@fakemail.net',1,0,0,0,NULL,NULL,NULL,NULL),(151,58,1,'juliannc@fakemail.co.pl',1,0,0,0,NULL,NULL,NULL,NULL),(152,47,1,'rodrigonielsen@infomail.co.nz',1,0,0,0,NULL,NULL,NULL,NULL),(153,47,1,'nielsenr@testing.org',0,0,0,0,NULL,NULL,NULL,NULL),(154,180,1,'wagner-nielsen.rolando98@testmail.org',1,0,0,0,NULL,NULL,NULL,NULL),(155,7,3,'feedback@ruralassociation.org',1,0,0,0,NULL,NULL,NULL,NULL),(156,185,2,'samson.delana51@ruralassociation.org',0,0,0,0,NULL,NULL,NULL,NULL),(157,27,3,'sales@mainpartnership.org',1,0,0,0,NULL,NULL,NULL,NULL),(158,162,2,'reynolds-gonzlezj@mainpartnership.org',1,0,0,0,NULL,NULL,NULL,NULL),(159,31,3,'contact@maindevelopment.org',1,0,0,0,NULL,NULL,NULL,NULL),(160,18,2,'nq.patel99@maindevelopment.org',0,0,0,0,NULL,NULL,NULL,NULL),(161,96,3,'feedback@indianawellnessalliance.org',1,0,0,0,NULL,NULL,NULL,NULL),(162,17,3,'service@collegehealth.org',1,0,0,0,NULL,NULL,NULL,NULL),(163,137,2,'barkleyj@collegehealth.org',1,0,0,0,NULL,NULL,NULL,NULL),(164,124,3,'service@baytechnologycenter.org',1,0,0,0,NULL,NULL,NULL,NULL),(165,90,2,'.75@baytechnologycenter.org',0,0,0,0,NULL,NULL,NULL,NULL),(166,42,3,'sales@maplepeace.org',1,0,0,0,NULL,NULL,NULL,NULL),(167,15,2,'aprentice87@maplepeace.org',0,0,0,0,NULL,NULL,NULL,NULL),(168,28,3,'feedback@lclegalalliance.org',1,0,0,0,NULL,NULL,NULL,NULL),(169,132,2,'cooper.shad@lclegalalliance.org',0,0,0,0,NULL,NULL,NULL,NULL),(170,64,3,'sales@localliteracy.org',1,0,0,0,NULL,NULL,NULL,NULL),(171,32,2,'grant.s.sonny@localliteracy.org',1,0,0,0,NULL,NULL,NULL,NULL),(172,88,3,'sales@baltimoremusic.org',1,0,0,0,NULL,NULL,NULL,NULL),(173,82,2,'madams82@baltimoremusic.org',0,0,0,0,NULL,NULL,NULL,NULL),(174,81,3,'contact@greenalliance.org',1,0,0,0,NULL,NULL,NULL,NULL),(175,170,2,'iveypatel-cooper@greenalliance.org',1,0,0,0,NULL,NULL,NULL,NULL),(176,76,3,'sales@moosepartnership.org',1,0,0,0,NULL,NULL,NULL,NULL),(177,144,2,'mller.esta63@moosepartnership.org',0,0,0,0,NULL,NULL,NULL,NULL),(178,91,3,'info@oshtemoservices.org',1,0,0,0,NULL,NULL,NULL,NULL),(179,163,2,'brentcruz@oshtemoservices.org',0,0,0,0,NULL,NULL,NULL,NULL),(180,37,3,'feedback@liverpoolsportstrust.org',1,0,0,0,NULL,NULL,NULL,NULL),(181,109,2,'smith-deforest.kenny@liverpoolsportstrust.org',0,0,0,0,NULL,NULL,NULL,NULL),(182,133,3,'sales@leesvilleassociation.org',1,0,0,0,NULL,NULL,NULL,NULL),(183,178,2,'darenj17@leesvilleassociation.org',1,0,0,0,NULL,NULL,NULL,NULL),(184,105,3,'feedback@ruralpoetry.org',1,0,0,0,NULL,NULL,NULL,NULL),(185,92,3,'sales@dcartsalliance.org',1,0,0,0,NULL,NULL,NULL,NULL),(186,122,2,'lareebarkley@dcartsalliance.org',0,0,0,0,NULL,NULL,NULL,NULL),(187,NULL,1,'development@example.org',0,0,0,0,NULL,NULL,NULL,NULL),(188,NULL,1,'tournaments@example.org',0,0,0,0,NULL,NULL,NULL,NULL),(189,NULL,1,'celebration@example.org',0,0,0,0,NULL,NULL,NULL,NULL);
/*!40000 ALTER TABLE `civicrm_email` ENABLE KEYS */;
UNLOCK TABLES;

--
-- Dumping data for table `civicrm_entity_batch`
--

LOCK TABLES `civicrm_entity_batch` WRITE;
/*!40000 ALTER TABLE `civicrm_entity_batch` DISABLE KEYS */;
/*!40000 ALTER TABLE `civicrm_entity_batch` ENABLE KEYS */;
UNLOCK TABLES;

--
-- Dumping data for table `civicrm_entity_file`
--

LOCK TABLES `civicrm_entity_file` WRITE;
/*!40000 ALTER TABLE `civicrm_entity_file` DISABLE KEYS */;
/*!40000 ALTER TABLE `civicrm_entity_file` ENABLE KEYS */;
UNLOCK TABLES;

--
-- Dumping data for table `civicrm_entity_financial_account`
--

LOCK TABLES `civicrm_entity_financial_account` WRITE;
/*!40000 ALTER TABLE `civicrm_entity_financial_account` DISABLE KEYS */;
INSERT INTO `civicrm_entity_financial_account` (`id`, `entity_table`, `entity_id`, `account_relationship`, `financial_account_id`) VALUES (1,'civicrm_financial_type',1,1,1),(2,'civicrm_financial_type',1,5,5),(3,'civicrm_financial_type',1,3,7),(4,'civicrm_financial_type',1,7,9),(5,'civicrm_financial_type',2,1,2),(6,'civicrm_financial_type',2,5,5),(7,'civicrm_financial_type',2,3,7),(8,'civicrm_financial_type',2,7,9),(9,'civicrm_financial_type',3,1,3),(10,'civicrm_financial_type',3,5,5),(11,'civicrm_financial_type',3,3,7),(12,'civicrm_financial_type',3,7,9),(13,'civicrm_financial_type',4,5,5),(14,'civicrm_financial_type',4,3,7),(15,'civicrm_financial_type',4,1,4),(16,'civicrm_financial_type',4,7,9),(17,'civicrm_option_value',90,6,6),(18,'civicrm_option_value',91,6,6),(19,'civicrm_option_value',92,6,6),(20,'civicrm_option_value',88,6,12),(21,'civicrm_option_value',89,6,12);
/*!40000 ALTER TABLE `civicrm_entity_financial_account` ENABLE KEYS */;
UNLOCK TABLES;

--
-- Dumping data for table `civicrm_entity_financial_trxn`
--

LOCK TABLES `civicrm_entity_financial_trxn` WRITE;
/*!40000 ALTER TABLE `civicrm_entity_financial_trxn` DISABLE KEYS */;
INSERT INTO `civicrm_entity_financial_trxn` (`id`, `entity_table`, `entity_id`, `financial_trxn_id`, `amount`) VALUES (1,'civicrm_contribution',1,1,125.00),(2,'civicrm_financial_item',1,1,125.00),(3,'civicrm_contribution',2,2,50.00),(4,'civicrm_financial_item',2,2,50.00),(5,'civicrm_contribution',3,3,25.00),(6,'civicrm_financial_item',3,3,25.00),(7,'civicrm_contribution',4,4,50.00),(8,'civicrm_financial_item',4,4,50.00),(9,'civicrm_contribution',5,5,500.00),(10,'civicrm_financial_item',5,5,500.00),(11,'civicrm_contribution',6,6,175.00),(12,'civicrm_financial_item',6,6,175.00),(13,'civicrm_contribution',7,7,50.00),(14,'civicrm_financial_item',7,7,50.00),(15,'civicrm_contribution',8,8,10.00),(16,'civicrm_financial_item',8,8,10.00),(17,'civicrm_contribution',9,9,250.00),(18,'civicrm_financial_item',9,9,250.00),(19,'civicrm_contribution',10,10,500.00),(20,'civicrm_financial_item',10,10,500.00),(21,'civicrm_contribution',11,11,200.00),(22,'civicrm_financial_item',11,11,200.00),(23,'civicrm_contribution',12,12,200.00),(24,'civicrm_financial_item',12,12,200.00),(25,'civicrm_contribution',13,13,200.00),(26,'civicrm_financial_item',13,13,200.00),(27,'civicrm_contribution',72,14,50.00),(28,'civicrm_financial_item',14,14,50.00),(29,'civicrm_contribution',75,15,50.00),(30,'civicrm_financial_item',15,15,50.00),(31,'civicrm_contribution',70,16,50.00),(32,'civicrm_financial_item',16,16,50.00),(33,'civicrm_contribution',94,17,50.00),(34,'civicrm_financial_item',17,17,50.00),(35,'civicrm_contribution',79,18,50.00),(36,'civicrm_financial_item',18,18,50.00),(37,'civicrm_contribution',52,19,50.00),(38,'civicrm_financial_item',19,19,50.00),(39,'civicrm_contribution',83,20,50.00),(40,'civicrm_financial_item',20,20,50.00),(41,'civicrm_contribution',69,21,50.00),(42,'civicrm_financial_item',21,21,50.00),(43,'civicrm_contribution',60,22,50.00),(44,'civicrm_financial_item',22,22,50.00),(45,'civicrm_contribution',53,23,50.00),(46,'civicrm_financial_item',23,23,50.00),(47,'civicrm_contribution',80,24,50.00),(48,'civicrm_financial_item',24,24,50.00),(49,'civicrm_contribution',89,25,50.00),(50,'civicrm_financial_item',25,25,50.00),(51,'civicrm_contribution',68,26,50.00),(52,'civicrm_financial_item',26,26,50.00),(53,'civicrm_contribution',56,27,50.00),(54,'civicrm_financial_item',27,27,50.00),(55,'civicrm_contribution',62,28,50.00),(56,'civicrm_financial_item',28,28,50.00),(57,'civicrm_contribution',49,29,50.00),(58,'civicrm_financial_item',29,29,50.00),(59,'civicrm_contribution',45,30,800.00),(60,'civicrm_financial_item',30,30,800.00),(61,'civicrm_contribution',50,31,800.00),(62,'civicrm_financial_item',31,31,800.00),(63,'civicrm_contribution',92,32,800.00),(64,'civicrm_financial_item',32,32,800.00),(65,'civicrm_contribution',65,33,800.00),(66,'civicrm_financial_item',33,33,800.00),(67,'civicrm_contribution',67,34,800.00),(68,'civicrm_financial_item',34,34,800.00),(69,'civicrm_contribution',86,35,800.00),(70,'civicrm_financial_item',35,35,800.00),(71,'civicrm_contribution',84,36,800.00),(72,'civicrm_financial_item',36,36,800.00),(73,'civicrm_contribution',51,37,800.00),(74,'civicrm_financial_item',37,37,800.00),(75,'civicrm_contribution',64,38,800.00),(76,'civicrm_financial_item',38,38,800.00),(77,'civicrm_contribution',47,39,800.00),(78,'civicrm_financial_item',39,39,800.00),(79,'civicrm_contribution',76,40,800.00),(80,'civicrm_financial_item',40,40,800.00),(81,'civicrm_contribution',57,41,800.00),(82,'civicrm_financial_item',41,41,800.00),(83,'civicrm_contribution',58,42,800.00),(84,'civicrm_financial_item',42,42,800.00),(85,'civicrm_contribution',74,43,800.00),(86,'civicrm_financial_item',43,43,800.00),(87,'civicrm_contribution',61,44,800.00),(88,'civicrm_financial_item',44,44,800.00),(89,'civicrm_contribution',71,45,800.00),(90,'civicrm_financial_item',45,45,800.00),(91,'civicrm_contribution',90,46,800.00),(92,'civicrm_financial_item',46,46,800.00),(93,'civicrm_contribution',81,47,800.00),(94,'civicrm_financial_item',47,47,800.00),(95,'civicrm_contribution',55,48,50.00),(96,'civicrm_financial_item',48,48,50.00),(97,'civicrm_contribution',91,49,50.00),(98,'civicrm_financial_item',49,49,50.00),(99,'civicrm_contribution',66,50,50.00),(100,'civicrm_financial_item',50,50,50.00),(101,'civicrm_contribution',63,51,50.00),(102,'civicrm_financial_item',51,51,50.00),(103,'civicrm_contribution',54,52,50.00),(104,'civicrm_financial_item',52,52,50.00),(105,'civicrm_contribution',48,53,50.00),(106,'civicrm_financial_item',53,53,50.00),(107,'civicrm_contribution',93,54,50.00),(108,'civicrm_financial_item',54,54,50.00),(109,'civicrm_contribution',59,55,50.00),(110,'civicrm_financial_item',55,55,50.00),(111,'civicrm_contribution',78,56,50.00),(112,'civicrm_financial_item',56,56,50.00),(113,'civicrm_contribution',73,57,50.00),(114,'civicrm_financial_item',57,57,50.00),(115,'civicrm_contribution',82,58,50.00),(116,'civicrm_financial_item',58,58,50.00),(117,'civicrm_contribution',88,59,50.00),(118,'civicrm_financial_item',59,59,50.00),(119,'civicrm_contribution',46,60,50.00),(120,'civicrm_financial_item',60,60,50.00),(121,'civicrm_contribution',77,61,50.00),(122,'civicrm_financial_item',61,61,50.00),(123,'civicrm_contribution',87,62,50.00),(124,'civicrm_financial_item',62,62,50.00),(125,'civicrm_contribution',85,63,50.00),(126,'civicrm_financial_item',63,63,50.00);
/*!40000 ALTER TABLE `civicrm_entity_financial_trxn` ENABLE KEYS */;
UNLOCK TABLES;

--
-- Dumping data for table `civicrm_entity_tag`
--

LOCK TABLES `civicrm_entity_tag` WRITE;
/*!40000 ALTER TABLE `civicrm_entity_tag` DISABLE KEYS */;
INSERT INTO `civicrm_entity_tag` (`id`, `entity_table`, `entity_id`, `tag_id`) VALUES (1,'civicrm_contact',7,3),(100,'civicrm_contact',8,4),(112,'civicrm_contact',9,4),(113,'civicrm_contact',9,5),(51,'civicrm_contact',12,4),(52,'civicrm_contact',12,5),(81,'civicrm_contact',15,4),(82,'civicrm_contact',15,5),(3,'civicrm_contact',17,3),(72,'civicrm_contact',20,4),(83,'civicrm_contact',21,4),(84,'civicrm_contact',21,5),(88,'civicrm_contact',24,4),(89,'civicrm_contact',24,5),(5,'civicrm_contact',28,1),(2,'civicrm_contact',31,3),(68,'civicrm_contact',32,5),(77,'civicrm_contact',33,4),(78,'civicrm_contact',33,5),(98,'civicrm_contact',34,4),(61,'civicrm_contact',35,5),(49,'civicrm_contact',39,4),(50,'civicrm_contact',39,5),(4,'civicrm_contact',42,1),(75,'civicrm_contact',44,5),(15,'civicrm_contact',46,5),(115,'civicrm_contact',47,5),(44,'civicrm_contact',48,4),(45,'civicrm_contact',48,5),(21,'civicrm_contact',50,5),(35,'civicrm_contact',53,5),(69,'civicrm_contact',55,5),(36,'civicrm_contact',56,4),(55,'civicrm_contact',57,4),(56,'civicrm_contact',57,5),(26,'civicrm_contact',60,4),(27,'civicrm_contact',60,5),(85,'civicrm_contact',61,5),(93,'civicrm_contact',62,4),(30,'civicrm_contact',67,4),(86,'civicrm_contact',68,4),(102,'civicrm_contact',75,4),(103,'civicrm_contact',75,5),(7,'civicrm_contact',76,2),(22,'civicrm_contact',77,5),(110,'civicrm_contact',78,4),(111,'civicrm_contact',78,5),(17,'civicrm_contact',79,4),(96,'civicrm_contact',84,4),(97,'civicrm_contact',84,5),(66,'civicrm_contact',87,4),(67,'civicrm_contact',87,5),(6,'civicrm_contact',88,2),(39,'civicrm_contact',90,4),(40,'civicrm_contact',90,5),(8,'civicrm_contact',91,1),(10,'civicrm_contact',92,3),(114,'civicrm_contact',95,4),(12,'civicrm_contact',101,5),(87,'civicrm_contact',103,4),(42,'civicrm_contact',104,5),(25,'civicrm_contact',107,5),(73,'civicrm_contact',108,4),(74,'civicrm_contact',108,5),(20,'civicrm_contact',110,4),(92,'civicrm_contact',116,5),(59,'civicrm_contact',117,4),(60,'civicrm_contact',117,5),(29,'civicrm_contact',119,5),(53,'civicrm_contact',121,4),(48,'civicrm_contact',125,4),(94,'civicrm_contact',128,5),(101,'civicrm_contact',130,4),(46,'civicrm_contact',132,4),(47,'civicrm_contact',132,5),(9,'civicrm_contact',133,3),(80,'civicrm_contact',134,5),(14,'civicrm_contact',140,5),(64,'civicrm_contact',141,4),(65,'civicrm_contact',141,5),(90,'civicrm_contact',143,4),(71,'civicrm_contact',145,4),(105,'civicrm_contact',147,4),(106,'civicrm_contact',147,5),(28,'civicrm_contact',148,5),(76,'civicrm_contact',149,4),(107,'civicrm_contact',150,4),(108,'civicrm_contact',150,5),(18,'civicrm_contact',156,4),(19,'civicrm_contact',156,5),(70,'civicrm_contact',158,4),(37,'civicrm_contact',159,4),(38,'civicrm_contact',159,5),(91,'civicrm_contact',163,4),(16,'civicrm_contact',164,5),(31,'civicrm_contact',167,5),(57,'civicrm_contact',168,4),(58,'civicrm_contact',168,5),(43,'civicrm_contact',172,4),(41,'civicrm_contact',173,4),(32,'civicrm_contact',177,4),(33,'civicrm_contact',177,5),(99,'civicrm_contact',178,5),(63,'civicrm_contact',182,5),(23,'civicrm_contact',183,4),(24,'civicrm_contact',183,5),(104,'civicrm_contact',185,5),(62,'civicrm_contact',187,5),(54,'civicrm_contact',190,5),(11,'civicrm_contact',191,4),(34,'civicrm_contact',193,5),(79,'civicrm_contact',196,5),(95,'civicrm_contact',197,4),(109,'civicrm_contact',199,4),(13,'civicrm_contact',200,5),(116,'civicrm_contact',201,4),(117,'civicrm_contact',201,5);
/*!40000 ALTER TABLE `civicrm_entity_tag` ENABLE KEYS */;
UNLOCK TABLES;

--
-- Dumping data for table `civicrm_event`
--

LOCK TABLES `civicrm_event` WRITE;
/*!40000 ALTER TABLE `civicrm_event` DISABLE KEYS */;
INSERT INTO `civicrm_event` (`id`, `title`, `summary`, `description`, `event_type_id`, `participant_listing_id`, `is_public`, `start_date`, `end_date`, `is_online_registration`, `registration_link_text`, `registration_start_date`, `registration_end_date`, `max_participants`, `event_full_text`, `is_monetary`, `financial_type_id`, `payment_processor`, `is_map`, `is_active`, `fee_label`, `is_show_location`, `loc_block_id`, `default_role_id`, `intro_text`, `footer_text`, `confirm_title`, `confirm_text`, `confirm_footer_text`, `is_email_confirm`, `confirm_email_text`, `confirm_from_name`, `confirm_from_email`, `cc_confirm`, `bcc_confirm`, `default_fee_id`, `default_discount_fee_id`, `thankyou_title`, `thankyou_text`, `thankyou_footer_text`, `is_pay_later`, `pay_later_text`, `pay_later_receipt`, `is_partial_payment`, `initial_amount_label`, `initial_amount_help_text`, `min_initial_amount`, `is_multiple_registrations`, `allow_same_participant_emails`, `has_waitlist`, `requires_approval`, `expiration_time`, `allow_selfcancelxfer`, `selfcancelxfer_time`, `waitlist_text`, `approval_req_text`, `is_template`, `template_title`, `created_id`, `created_date`, `currency`, `campaign_id`, `is_share`, `is_confirm_enabled`, `parent_event_id`, `slot_label_id`, `dedupe_rule_group_id`, `is_billing_required`) VALUES (1,'Fall Fundraiser Dinner','Kick up your heels at our Fall Fundraiser Dinner/Dance at Glen Echo Park! Come by yourself or bring a partner, friend or the entire family!','This event benefits our teen programs. Admission includes a full 3 course meal and wine or soft drinks. Grab your dancing shoes, bring the kids and come join the party!',3,1,1,'2016-06-03 17:00:00','2016-06-05 17:00:00',1,'Register Now',NULL,NULL,100,'Sorry! The Fall Fundraiser Dinner is full. Please call Jane at 204 222-1000 ext 33 if you want to be added to the waiting list.',1,4,NULL,1,1,'Dinner Contribution',1,1,1,'Fill in the information below to join as at this wonderful dinner event.',NULL,'Confirm Your Registration Information','Review the information below carefully.',NULL,1,'Contact the Development Department if you need to make any changes to your registration.','Fundraising Dept.','development@example.org',NULL,NULL,NULL,NULL,'Thanks for Registering!','<p>Thank you for your support. Your contribution will help us build even better tools.</p><p>Please tell your friends and colleagues about this wonderful event.</p>','<p><a href=https://civicrm.org>Back to CiviCRM Home Page</a></p>',1,'I will send payment by check','Send a check payable to Our Organization within 3 business days to hold your reservation. Checks should be sent to: 100 Main St., Suite 3, San Francisco CA 94110',0,NULL,NULL,NULL,1,0,NULL,NULL,NULL,0,0,NULL,NULL,0,NULL,NULL,NULL,'USD',NULL,1,1,NULL,NULL,NULL,0),(2,'Summer Solstice Festival Day Concert','Festival Day is coming! Join us and help support your parks.','We will gather at noon, learn a song all together,  and then join in a joyous procession to the pavilion. We will be one of many groups performing at this wonderful concert which benefits our city parks.',5,1,1,'2015-12-02 12:00:00','2015-12-02 17:00:00',1,'Register Now',NULL,NULL,50,'We have all the singers we can handle. Come to the pavilion anyway and join in from the audience.',1,2,NULL,NULL,1,'Festival Fee',1,2,1,'Complete the form below and click Continue to register online for the festival. Or you can register by calling us at 204 222-1000 ext 22.','','Confirm Your Registration Information','','',1,'This email confirms your registration. If you have questions or need to change your registration - please do not hesitate to call us.','Event Dept.','events@example.org','',NULL,NULL,NULL,'Thanks for Your Joining In!','<p>Thank you for your support. Your participation will help build new parks.</p><p>Please tell your friends and colleagues about the concert.</p>','<p><a href=https://civicrm.org>Back to CiviCRM Home Page</a></p>',0,NULL,NULL,0,NULL,NULL,NULL,1,0,NULL,NULL,NULL,0,0,NULL,NULL,0,NULL,NULL,NULL,'USD',NULL,1,1,NULL,NULL,NULL,0),(3,'Rain-forest Cup Youth Soccer Tournament','Sign up your team to participate in this fun tournament which benefits several Rain-forest protection groups in the Amazon basin.','This is a FYSA Sanctioned Tournament, which is open to all USSF/FIFA affiliated organizations for boys and girls in age groups: U9-U10 (6v6), U11-U12 (8v8), and U13-U17 (Full Sided).',3,1,1,'2016-07-03 07:00:00','2016-07-06 17:00:00',1,'Register Now',NULL,NULL,500,'Sorry! All available team slots for this tournament have been filled. Contact Jill Futbol for information about the waiting list and next years event.',1,4,NULL,NULL,1,'Tournament Fees',1,3,1,'Complete the form below to register your team for this year\'s tournament.','<em>A Soccer Youth Event</em>','Review and Confirm Your Registration Information','','<em>A Soccer Youth Event</em>',1,'Contact our Tournament Director for eligibility details.','Tournament Director','tournament@example.org','',NULL,NULL,NULL,'Thanks for Your Support!','<p>Thank you for your support. Your participation will help save thousands of acres of rainforest.</p>','<p><a href=https://civicrm.org>Back to CiviCRM Home Page</a></p>',0,NULL,NULL,0,NULL,NULL,NULL,0,0,NULL,NULL,NULL,0,0,NULL,NULL,0,NULL,NULL,NULL,'USD',NULL,1,1,NULL,NULL,NULL,0),(4,NULL,NULL,NULL,4,1,1,NULL,NULL,0,NULL,NULL,NULL,NULL,NULL,0,NULL,NULL,0,1,NULL,1,NULL,1,NULL,NULL,NULL,NULL,NULL,NULL,NULL,NULL,NULL,NULL,NULL,NULL,NULL,NULL,NULL,NULL,0,NULL,NULL,0,NULL,NULL,NULL,NULL,NULL,NULL,NULL,NULL,0,0,NULL,NULL,1,'Free Meeting without Online Registration',NULL,NULL,'USD',NULL,1,1,NULL,NULL,NULL,0),(5,NULL,NULL,NULL,4,1,1,NULL,NULL,1,NULL,NULL,NULL,NULL,NULL,0,NULL,NULL,0,1,NULL,1,NULL,1,NULL,NULL,'Confirm Your Registration Information',NULL,NULL,0,NULL,NULL,NULL,NULL,NULL,NULL,NULL,'Thanks for Registering!',NULL,NULL,0,NULL,NULL,0,NULL,NULL,NULL,1,1,NULL,NULL,NULL,0,0,NULL,NULL,1,'Free Meeting with Online Registration',NULL,NULL,'USD',NULL,1,1,NULL,NULL,NULL,0),(6,NULL,NULL,NULL,1,1,1,NULL,NULL,1,NULL,NULL,NULL,NULL,NULL,1,4,NULL,0,1,'Conference Fee',1,NULL,1,NULL,NULL,'Confirm Your Registration Information',NULL,NULL,1,NULL,'Event Template Dept.','event_templates@example.org',NULL,NULL,NULL,NULL,'Thanks for Registering!',NULL,NULL,0,NULL,NULL,0,NULL,NULL,NULL,1,1,NULL,NULL,NULL,0,0,NULL,NULL,1,'Paid Conference with Online Registration',NULL,NULL,'USD',NULL,1,1,NULL,NULL,NULL,0);
/*!40000 ALTER TABLE `civicrm_event` ENABLE KEYS */;
UNLOCK TABLES;

--
-- Dumping data for table `civicrm_event_carts`
--

LOCK TABLES `civicrm_event_carts` WRITE;
/*!40000 ALTER TABLE `civicrm_event_carts` DISABLE KEYS */;
/*!40000 ALTER TABLE `civicrm_event_carts` ENABLE KEYS */;
UNLOCK TABLES;

--
-- Dumping data for table `civicrm_events_in_carts`
--

LOCK TABLES `civicrm_events_in_carts` WRITE;
/*!40000 ALTER TABLE `civicrm_events_in_carts` DISABLE KEYS */;
/*!40000 ALTER TABLE `civicrm_events_in_carts` ENABLE KEYS */;
UNLOCK TABLES;

--
-- Dumping data for table `civicrm_extension`
--

LOCK TABLES `civicrm_extension` WRITE;
/*!40000 ALTER TABLE `civicrm_extension` DISABLE KEYS */;
/*!40000 ALTER TABLE `civicrm_extension` ENABLE KEYS */;
UNLOCK TABLES;

--
-- Dumping data for table `civicrm_file`
--

LOCK TABLES `civicrm_file` WRITE;
/*!40000 ALTER TABLE `civicrm_file` DISABLE KEYS */;
/*!40000 ALTER TABLE `civicrm_file` ENABLE KEYS */;
UNLOCK TABLES;

--
-- Dumping data for table `civicrm_financial_account`
--

LOCK TABLES `civicrm_financial_account` WRITE;
/*!40000 ALTER TABLE `civicrm_financial_account` DISABLE KEYS */;
INSERT INTO `civicrm_financial_account` (`id`, `name`, `contact_id`, `financial_account_type_id`, `accounting_code`, `account_type_code`, `description`, `parent_id`, `is_header_account`, `is_deductible`, `is_tax`, `tax_rate`, `is_reserved`, `is_active`, `is_default`) VALUES (1,'Donation',1,3,'4200','INC','Default account for donations',NULL,0,1,0,NULL,0,1,1),(2,'Member Dues',1,3,'4400','INC','Default account for membership sales',NULL,0,1,0,NULL,0,1,0),(3,'Campaign Contribution',1,3,'4100','INC','Sample account for recording payments to a campaign',NULL,0,0,0,NULL,0,1,0),(4,'Event Fee',1,3,'4300','INC','Default account for event ticket sales',NULL,0,0,0,NULL,0,1,0),(5,'Banking Fees',1,5,'5200','EXP','Payment processor fees and manually recorded banking fees',NULL,0,0,0,NULL,0,1,1),(6,'Deposit Bank Account',1,1,'1100','BANK','All manually recorded cash and cheques go to this account',NULL,0,0,0,NULL,0,1,1),(7,'Accounts Receivable',1,1,'1200','AR','Amounts to be received later (eg pay later event revenues)',NULL,0,0,0,NULL,0,1,0),(8,'Accounts Payable',1,2,'2200','AP','Amounts to be paid out such as grants and refunds',NULL,0,0,0,NULL,0,1,1),(9,'Premiums',1,4,'5100','COGS','Account to record cost of premiums provided to payors',NULL,0,0,0,NULL,0,1,1),(10,'Premiums inventory',1,1,'1375','OCASSET','Account representing value of premiums inventory',NULL,0,0,0,NULL,0,1,0),(11,'Discounts',1,3,'4900','INC','Contra-revenue account for amounts discounted from sales',NULL,0,0,0,NULL,0,1,0),(12,'Payment Processor Account',1,1,'1150','BANK','Account to record payments into a payment processor merchant account',NULL,0,0,0,NULL,0,1,0);
/*!40000 ALTER TABLE `civicrm_financial_account` ENABLE KEYS */;
UNLOCK TABLES;

--
-- Dumping data for table `civicrm_financial_item`
--

LOCK TABLES `civicrm_financial_item` WRITE;
/*!40000 ALTER TABLE `civicrm_financial_item` DISABLE KEYS */;
INSERT INTO `civicrm_financial_item` (`id`, `created_date`, `transaction_date`, `contact_id`, `description`, `amount`, `currency`, `financial_account_id`, `status_id`, `entity_table`, `entity_id`) VALUES (1,'2015-12-03 09:19:29','2010-04-11 00:00:00',2,'Contribution Amount',125.00,'USD',1,1,'civicrm_line_item',1),(2,'2015-12-03 09:19:29','2010-03-21 00:00:00',4,'Contribution Amount',50.00,'USD',1,1,'civicrm_line_item',2),(3,'2015-12-03 09:19:29','2010-04-29 00:00:00',6,'Contribution Amount',25.00,'USD',1,1,'civicrm_line_item',3),(4,'2015-12-03 09:19:30','2010-04-11 00:00:00',8,'Contribution Amount',50.00,'USD',1,1,'civicrm_line_item',4),(5,'2015-12-03 09:19:31','2010-04-15 00:00:00',16,'Contribution Amount',500.00,'USD',1,1,'civicrm_line_item',5),(6,'2015-12-03 09:19:31','2010-04-11 00:00:00',19,'Contribution Amount',175.00,'USD',1,1,'civicrm_line_item',6),(7,'2015-12-03 09:19:31','2010-03-27 00:00:00',82,'Contribution Amount',50.00,'USD',1,1,'civicrm_line_item',7),(8,'2015-12-03 09:19:31','2010-03-08 00:00:00',92,'Contribution Amount',10.00,'USD',1,1,'civicrm_line_item',8),(9,'2015-12-03 09:19:31','2010-04-22 00:00:00',34,'Contribution Amount',250.00,'USD',1,1,'civicrm_line_item',9),(10,'2015-12-03 09:19:32','2009-07-01 11:53:50',71,'Contribution Amount',500.00,'USD',1,1,'civicrm_line_item',10),(11,'2015-12-03 09:19:32','2009-07-01 12:55:41',43,'Contribution Amount',200.00,'USD',1,1,'civicrm_line_item',11),(12,'2015-12-03 09:19:32','2009-10-01 11:53:50',32,'Contribution Amount',200.00,'USD',1,1,'civicrm_line_item',12),(13,'2015-12-03 09:19:32','2009-12-01 12:55:41',32,'Contribution Amount',200.00,'USD',1,1,'civicrm_line_item',13),(14,'2015-12-03 09:19:33','2015-12-03 14:49:33',111,'Soprano',50.00,'USD',2,1,'civicrm_line_item',81),(15,'2015-12-03 09:19:33','2015-12-03 14:49:33',115,'Soprano',50.00,'USD',2,1,'civicrm_line_item',82),(16,'2015-12-03 09:19:33','2015-12-03 14:49:33',101,'Soprano',50.00,'USD',2,1,'civicrm_line_item',83),(17,'2015-12-03 09:19:34','2015-12-03 14:49:33',194,'Soprano',50.00,'USD',2,1,'civicrm_line_item',84),(18,'2015-12-03 09:19:34','2015-12-03 14:49:33',134,'Soprano',50.00,'USD',2,1,'civicrm_line_item',85),(19,'2015-12-03 09:19:34','2015-12-03 14:49:33',29,'Soprano',50.00,'USD',2,1,'civicrm_line_item',86),(20,'2015-12-03 09:19:34','2015-12-03 14:49:33',155,'Soprano',50.00,'USD',2,1,'civicrm_line_item',87),(21,'2015-12-03 09:19:34','2015-12-03 14:49:33',93,'Soprano',50.00,'USD',2,1,'civicrm_line_item',88),(22,'2015-12-03 09:19:35','2015-12-03 14:49:33',66,'Soprano',50.00,'USD',2,1,'civicrm_line_item',89),(23,'2015-12-03 09:19:35','2015-12-03 14:49:33',30,'Soprano',50.00,'USD',2,1,'civicrm_line_item',90),(24,'2015-12-03 09:19:35','2015-12-03 14:49:33',136,'Soprano',50.00,'USD',2,1,'civicrm_line_item',91),(25,'2015-12-03 09:19:35','2015-12-03 14:49:33',181,'Soprano',50.00,'USD',2,1,'civicrm_line_item',92),(26,'2015-12-03 09:19:35','2015-12-03 14:49:33',91,'Soprano',50.00,'USD',2,1,'civicrm_line_item',93),(27,'2015-12-03 09:19:35','2015-12-03 14:49:33',43,'Soprano',50.00,'USD',2,1,'civicrm_line_item',94),(28,'2015-12-03 09:19:36','2015-12-03 14:49:33',75,'Soprano',50.00,'USD',2,1,'civicrm_line_item',95),(29,'2015-12-03 09:19:36','2015-12-03 14:49:33',14,'Soprano',50.00,'USD',2,1,'civicrm_line_item',96),(30,'2015-12-03 09:19:36','2015-12-03 14:49:33',5,'Tiny-tots (ages 5-8)',800.00,'USD',4,1,'civicrm_line_item',47),(31,'2015-12-03 09:19:36','2015-12-03 14:49:33',19,'Tiny-tots (ages 5-8)',800.00,'USD',4,1,'civicrm_line_item',48),(32,'2015-12-03 09:19:37','2015-12-03 14:49:33',188,'Tiny-tots (ages 5-8)',800.00,'USD',4,1,'civicrm_line_item',49),(33,'2015-12-03 09:19:37','2015-12-03 14:49:33',85,'Tiny-tots (ages 5-8)',800.00,'USD',4,1,'civicrm_line_item',50),(34,'2015-12-03 09:19:37','2015-12-03 14:49:33',87,'Tiny-tots (ages 5-8)',800.00,'USD',4,1,'civicrm_line_item',51),(35,'2015-12-03 09:19:37','2015-12-03 14:49:33',167,'Tiny-tots (ages 5-8)',800.00,'USD',4,1,'civicrm_line_item',52),(36,'2015-12-03 09:19:37','2015-12-03 14:49:33',160,'Tiny-tots (ages 5-8)',800.00,'USD',4,1,'civicrm_line_item',53),(37,'2015-12-03 09:19:38','2015-12-03 14:49:33',28,'Tiny-tots (ages 5-8)',800.00,'USD',4,1,'civicrm_line_item',54),(38,'2015-12-03 09:19:38','2015-12-03 14:49:33',81,'Tiny-tots (ages 5-8)',800.00,'USD',4,1,'civicrm_line_item',55),(39,'2015-12-03 09:19:38','2015-12-03 14:49:33',12,'Tiny-tots (ages 5-8)',800.00,'USD',4,1,'civicrm_line_item',56),(40,'2015-12-03 09:19:38','2015-12-03 14:49:33',127,'Tiny-tots (ages 5-8)',800.00,'USD',4,1,'civicrm_line_item',57),(41,'2015-12-03 09:19:38','2015-12-03 14:49:33',45,'Tiny-tots (ages 5-8)',800.00,'USD',4,1,'civicrm_line_item',58),(42,'2015-12-03 09:19:39','2015-12-03 14:49:33',47,'Tiny-tots (ages 5-8)',800.00,'USD',4,1,'civicrm_line_item',59),(43,'2015-12-03 09:19:39','2015-12-03 14:49:33',114,'Tiny-tots (ages 5-8)',800.00,'USD',4,1,'civicrm_line_item',60),(44,'2015-12-03 09:19:39','2015-12-03 14:49:33',69,'Tiny-tots (ages 5-8)',800.00,'USD',4,1,'civicrm_line_item',61),(45,'2015-12-03 09:19:39','2015-12-03 14:49:33',110,'Tiny-tots (ages 5-8)',800.00,'USD',4,1,'civicrm_line_item',62),(46,'2015-12-03 09:19:39','2015-12-03 14:49:33',184,'Tiny-tots (ages 5-8)',800.00,'USD',4,1,'civicrm_line_item',63),(47,'2015-12-03 09:19:40','2015-12-03 14:49:33',142,'Tiny-tots (ages 5-8)',800.00,'USD',4,1,'civicrm_line_item',64),(48,'2015-12-03 09:19:40','2015-12-03 14:49:33',33,'Single',50.00,'USD',4,1,'civicrm_line_item',65),(49,'2015-12-03 09:19:40','2015-12-03 14:49:33',185,'Single',50.00,'USD',4,1,'civicrm_line_item',66),(50,'2015-12-03 09:19:40','2015-12-03 14:49:33',86,'Single',50.00,'USD',4,1,'civicrm_line_item',67),(51,'2015-12-03 09:19:40','2015-12-03 14:49:33',77,'Single',50.00,'USD',4,1,'civicrm_line_item',68),(52,'2015-12-03 09:19:41','2015-12-03 14:49:33',32,'Single',50.00,'USD',4,1,'civicrm_line_item',69),(53,'2015-12-03 09:19:41','2015-12-03 14:49:33',13,'Single',50.00,'USD',4,1,'civicrm_line_item',70),(54,'2015-12-03 09:19:42','2015-12-03 14:49:33',193,'Single',50.00,'USD',4,1,'civicrm_line_item',71),(55,'2015-12-03 09:19:42','2015-12-03 14:49:33',49,'Single',50.00,'USD',4,1,'civicrm_line_item',72),(56,'2015-12-03 09:19:42','2015-12-03 14:49:33',131,'Single',50.00,'USD',4,1,'civicrm_line_item',73),(57,'2015-12-03 09:19:42','2015-12-03 14:49:33',112,'Single',50.00,'USD',4,1,'civicrm_line_item',74),(58,'2015-12-03 09:19:43','2015-12-03 14:49:33',154,'Single',50.00,'USD',4,1,'civicrm_line_item',75),(59,'2015-12-03 09:19:43','2015-12-03 14:49:33',179,'Single',50.00,'USD',4,1,'civicrm_line_item',76),(60,'2015-12-03 09:19:43','2015-12-03 14:49:33',7,'Single',50.00,'USD',4,1,'civicrm_line_item',77),(61,'2015-12-03 09:19:43','2015-12-03 14:49:33',130,'Single',50.00,'USD',4,1,'civicrm_line_item',78),(62,'2015-12-03 09:19:43','2015-12-03 14:49:33',173,'Single',50.00,'USD',4,1,'civicrm_line_item',79),(63,'2015-12-03 09:19:43','2015-12-03 14:49:33',166,'Single',50.00,'USD',4,1,'civicrm_line_item',80);
/*!40000 ALTER TABLE `civicrm_financial_item` ENABLE KEYS */;
UNLOCK TABLES;

--
-- Dumping data for table `civicrm_financial_trxn`
--

LOCK TABLES `civicrm_financial_trxn` WRITE;
/*!40000 ALTER TABLE `civicrm_financial_trxn` DISABLE KEYS */;
INSERT INTO `civicrm_financial_trxn` (`id`, `from_financial_account_id`, `to_financial_account_id`, `trxn_date`, `total_amount`, `fee_amount`, `net_amount`, `currency`, `is_payment`, `trxn_id`, `trxn_result_code`, `status_id`, `payment_processor_id`, `payment_instrument_id`, `check_number`) VALUES (1,NULL,6,'2010-04-11 00:00:00',125.00,NULL,NULL,'USD',0,NULL,NULL,1,NULL,4,'1041'),(2,NULL,12,'2010-03-21 00:00:00',50.00,NULL,NULL,'USD',0,'P20901X1',NULL,1,NULL,1,NULL),(3,NULL,6,'2010-04-29 00:00:00',25.00,NULL,NULL,'USD',0,NULL,NULL,1,NULL,4,'2095'),(4,NULL,6,'2010-04-11 00:00:00',50.00,NULL,NULL,'USD',0,NULL,NULL,1,NULL,4,'10552'),(5,NULL,6,'2010-04-15 00:00:00',500.00,NULL,NULL,'USD',0,NULL,NULL,1,NULL,4,'509'),(6,NULL,6,'2010-04-11 00:00:00',175.00,NULL,NULL,'USD',0,NULL,NULL,1,NULL,4,'102'),(7,NULL,12,'2010-03-27 00:00:00',50.00,NULL,NULL,'USD',0,'P20193L2',NULL,1,NULL,1,NULL),(8,NULL,12,'2010-03-08 00:00:00',10.00,NULL,NULL,'USD',0,'P40232Y3',NULL,1,NULL,1,NULL),(9,NULL,12,'2010-04-22 00:00:00',250.00,NULL,NULL,'USD',0,'P20193L6',NULL,1,NULL,1,NULL),(10,NULL,12,'2009-07-01 11:53:50',500.00,NULL,NULL,'USD',0,'PL71',NULL,1,NULL,1,NULL),(11,NULL,12,'2009-07-01 12:55:41',200.00,NULL,NULL,'USD',0,'PL43II',NULL,1,NULL,1,NULL),(12,NULL,12,'2009-10-01 11:53:50',200.00,NULL,NULL,'USD',0,'PL32I',NULL,1,NULL,1,NULL),(13,NULL,12,'2009-12-01 12:55:41',200.00,NULL,NULL,'USD',0,'PL32II',NULL,1,NULL,1,NULL),(14,NULL,1,'2015-12-03 14:49:33',50.00,NULL,NULL,'USD',0,NULL,NULL,1,NULL,4,NULL),(15,NULL,1,'2015-12-03 14:49:33',50.00,NULL,NULL,'USD',0,NULL,NULL,1,NULL,4,NULL),(16,NULL,1,'2015-12-03 14:49:33',50.00,NULL,NULL,'USD',0,NULL,NULL,1,NULL,4,NULL),(17,NULL,1,'2015-12-03 14:49:33',50.00,NULL,NULL,'USD',0,NULL,NULL,1,NULL,4,NULL),(18,NULL,1,'2015-12-03 14:49:33',50.00,NULL,NULL,'USD',0,NULL,NULL,1,NULL,4,NULL),(19,NULL,1,'2015-12-03 14:49:33',50.00,NULL,NULL,'USD',0,NULL,NULL,1,NULL,4,NULL),(20,NULL,1,'2015-12-03 14:49:33',50.00,NULL,NULL,'USD',0,NULL,NULL,1,NULL,4,NULL),(21,NULL,1,'2015-12-03 14:49:33',50.00,NULL,NULL,'USD',0,NULL,NULL,1,NULL,4,NULL),(22,NULL,1,'2015-12-03 14:49:33',50.00,NULL,NULL,'USD',0,NULL,NULL,1,NULL,4,NULL),(23,NULL,1,'2015-12-03 14:49:33',50.00,NULL,NULL,'USD',0,NULL,NULL,1,NULL,4,NULL),(24,NULL,1,'2015-12-03 14:49:33',50.00,NULL,NULL,'USD',0,NULL,NULL,1,NULL,4,NULL),(25,NULL,1,'2015-12-03 14:49:33',50.00,NULL,NULL,'USD',0,NULL,NULL,1,NULL,4,NULL),(26,NULL,1,'2015-12-03 14:49:33',50.00,NULL,NULL,'USD',0,NULL,NULL,1,NULL,4,NULL),(27,NULL,1,'2015-12-03 14:49:33',50.00,NULL,NULL,'USD',0,NULL,NULL,1,NULL,4,NULL),(28,NULL,1,'2015-12-03 14:49:33',50.00,NULL,NULL,'USD',0,NULL,NULL,1,NULL,4,NULL),(29,NULL,1,'2015-12-03 14:49:33',50.00,NULL,NULL,'USD',0,NULL,NULL,1,NULL,4,NULL),(30,NULL,1,'2015-12-03 14:49:33',800.00,NULL,NULL,'USD',0,NULL,NULL,1,NULL,4,NULL),(31,NULL,1,'2015-12-03 14:49:33',800.00,NULL,NULL,'USD',0,NULL,NULL,1,NULL,4,NULL),(32,NULL,1,'2015-12-03 14:49:33',800.00,NULL,NULL,'USD',0,NULL,NULL,1,NULL,4,NULL),(33,NULL,1,'2015-12-03 14:49:33',800.00,NULL,NULL,'USD',0,NULL,NULL,1,NULL,4,NULL),(34,NULL,1,'2015-12-03 14:49:33',800.00,NULL,NULL,'USD',0,NULL,NULL,1,NULL,4,NULL),(35,NULL,1,'2015-12-03 14:49:33',800.00,NULL,NULL,'USD',0,NULL,NULL,1,NULL,4,NULL),(36,NULL,1,'2015-12-03 14:49:33',800.00,NULL,NULL,'USD',0,NULL,NULL,1,NULL,4,NULL),(37,NULL,1,'2015-12-03 14:49:33',800.00,NULL,NULL,'USD',0,NULL,NULL,1,NULL,4,NULL),(38,NULL,1,'2015-12-03 14:49:33',800.00,NULL,NULL,'USD',0,NULL,NULL,1,NULL,4,NULL),(39,NULL,1,'2015-12-03 14:49:33',800.00,NULL,NULL,'USD',0,NULL,NULL,1,NULL,4,NULL),(40,NULL,1,'2015-12-03 14:49:33',800.00,NULL,NULL,'USD',0,NULL,NULL,1,NULL,4,NULL),(41,NULL,1,'2015-12-03 14:49:33',800.00,NULL,NULL,'USD',0,NULL,NULL,1,NULL,4,NULL),(42,NULL,1,'2015-12-03 14:49:33',800.00,NULL,NULL,'USD',0,NULL,NULL,1,NULL,4,NULL),(43,NULL,1,'2015-12-03 14:49:33',800.00,NULL,NULL,'USD',0,NULL,NULL,1,NULL,4,NULL),(44,NULL,1,'2015-12-03 14:49:33',800.00,NULL,NULL,'USD',0,NULL,NULL,1,NULL,4,NULL),(45,NULL,1,'2015-12-03 14:49:33',800.00,NULL,NULL,'USD',0,NULL,NULL,1,NULL,4,NULL),(46,NULL,1,'2015-12-03 14:49:33',800.00,NULL,NULL,'USD',0,NULL,NULL,1,NULL,4,NULL),(47,NULL,1,'2015-12-03 14:49:33',800.00,NULL,NULL,'USD',0,NULL,NULL,1,NULL,4,NULL),(48,NULL,1,'2015-12-03 14:49:33',50.00,NULL,NULL,'USD',0,NULL,NULL,1,NULL,4,NULL),(49,NULL,1,'2015-12-03 14:49:33',50.00,NULL,NULL,'USD',0,NULL,NULL,1,NULL,4,NULL),(50,NULL,1,'2015-12-03 14:49:33',50.00,NULL,NULL,'USD',0,NULL,NULL,1,NULL,4,NULL),(51,NULL,1,'2015-12-03 14:49:33',50.00,NULL,NULL,'USD',0,NULL,NULL,1,NULL,4,NULL),(52,NULL,1,'2015-12-03 14:49:33',50.00,NULL,NULL,'USD',0,NULL,NULL,1,NULL,4,NULL),(53,NULL,1,'2015-12-03 14:49:33',50.00,NULL,NULL,'USD',0,NULL,NULL,1,NULL,4,NULL),(54,NULL,1,'2015-12-03 14:49:33',50.00,NULL,NULL,'USD',0,NULL,NULL,1,NULL,4,NULL),(55,NULL,1,'2015-12-03 14:49:33',50.00,NULL,NULL,'USD',0,NULL,NULL,1,NULL,4,NULL),(56,NULL,1,'2015-12-03 14:49:33',50.00,NULL,NULL,'USD',0,NULL,NULL,1,NULL,4,NULL),(57,NULL,1,'2015-12-03 14:49:33',50.00,NULL,NULL,'USD',0,NULL,NULL,1,NULL,4,NULL),(58,NULL,1,'2015-12-03 14:49:33',50.00,NULL,NULL,'USD',0,NULL,NULL,1,NULL,4,NULL),(59,NULL,1,'2015-12-03 14:49:33',50.00,NULL,NULL,'USD',0,NULL,NULL,1,NULL,4,NULL),(60,NULL,1,'2015-12-03 14:49:33',50.00,NULL,NULL,'USD',0,NULL,NULL,1,NULL,4,NULL),(61,NULL,1,'2015-12-03 14:49:33',50.00,NULL,NULL,'USD',0,NULL,NULL,1,NULL,4,NULL),(62,NULL,1,'2015-12-03 14:49:33',50.00,NULL,NULL,'USD',0,NULL,NULL,1,NULL,4,NULL),(63,NULL,1,'2015-12-03 14:49:33',50.00,NULL,NULL,'USD',0,NULL,NULL,1,NULL,4,NULL);
/*!40000 ALTER TABLE `civicrm_financial_trxn` ENABLE KEYS */;
UNLOCK TABLES;

--
-- Dumping data for table `civicrm_financial_type`
--

LOCK TABLES `civicrm_financial_type` WRITE;
/*!40000 ALTER TABLE `civicrm_financial_type` DISABLE KEYS */;
INSERT INTO `civicrm_financial_type` (`id`, `name`, `description`, `is_deductible`, `is_reserved`, `is_active`) VALUES (1,'Donation',NULL,1,0,1),(2,'Member Dues',NULL,1,0,1),(3,'Campaign Contribution',NULL,0,0,1),(4,'Event Fee',NULL,0,0,1);
/*!40000 ALTER TABLE `civicrm_financial_type` ENABLE KEYS */;
UNLOCK TABLES;

--
-- Dumping data for table `civicrm_grant`
--

LOCK TABLES `civicrm_grant` WRITE;
/*!40000 ALTER TABLE `civicrm_grant` DISABLE KEYS */;
/*!40000 ALTER TABLE `civicrm_grant` ENABLE KEYS */;
UNLOCK TABLES;

--
-- Dumping data for table `civicrm_group`
--

LOCK TABLES `civicrm_group` WRITE;
/*!40000 ALTER TABLE `civicrm_group` DISABLE KEYS */;
INSERT INTO `civicrm_group` (`id`, `name`, `title`, `description`, `source`, `saved_search_id`, `is_active`, `visibility`, `where_clause`, `select_tables`, `where_tables`, `group_type`, `cache_date`, `refresh_date`, `parents`, `children`, `is_hidden`, `is_reserved`, `created_id`, `modified_id`) VALUES (1,'Administrators','Administrators','Contacts in this group are assigned Administrator role permissions.',NULL,NULL,1,'User and User Admin Only',NULL,NULL,NULL,'1',NULL,NULL,NULL,NULL,0,0,NULL,NULL),(2,'Newsletter Subscribers','Newsletter Subscribers',NULL,NULL,NULL,1,'Public Pages',' ( ( ( `civicrm_group_contact-2`.group_id IN ( 2 ) ) OR ( `civicrm_group_contact_cache_2`.group_id IN (\"2\") ) ) ) ','a:9:{s:15:\"civicrm_contact\";i:1;s:15:\"civicrm_address\";i:1;s:15:\"civicrm_country\";i:1;s:13:\"civicrm_email\";i:1;s:13:\"civicrm_phone\";i:1;s:10:\"civicrm_im\";i:1;s:19:\"civicrm_worldregion\";i:1;s:25:\"`civicrm_group_contact-2`\";s:165:\" LEFT JOIN civicrm_group_contact `civicrm_group_contact-2` ON (contact_a.id = `civicrm_group_contact-2`.contact_id AND `civicrm_group_contact-2`.status IN (\"Added\"))\";s:31:\"`civicrm_group_contact_cache_2`\";s:132:\" LEFT JOIN civicrm_group_contact_cache `civicrm_group_contact_cache_2` ON contact_a.id = `civicrm_group_contact_cache_2`.contact_id \";}','a:3:{s:15:\"civicrm_contact\";i:1;s:25:\"`civicrm_group_contact-2`\";s:165:\" LEFT JOIN civicrm_group_contact `civicrm_group_contact-2` ON (contact_a.id = `civicrm_group_contact-2`.contact_id AND `civicrm_group_contact-2`.status IN (\"Added\"))\";s:31:\"`civicrm_group_contact_cache_2`\";s:132:\" LEFT JOIN civicrm_group_contact_cache `civicrm_group_contact_cache_2` ON contact_a.id = `civicrm_group_contact_cache_2`.contact_id \";}','12',NULL,NULL,NULL,NULL,0,0,NULL,NULL),(3,'Summer Program Volunteers','Summer Program Volunteers',NULL,NULL,NULL,1,'Public Pages',' ( ( ( `civicrm_group_contact-3`.group_id IN ( 3 ) ) OR ( `civicrm_group_contact_cache_3`.group_id IN (\"3\") ) ) ) ','a:9:{s:15:\"civicrm_contact\";i:1;s:15:\"civicrm_address\";i:1;s:15:\"civicrm_country\";i:1;s:13:\"civicrm_email\";i:1;s:13:\"civicrm_phone\";i:1;s:10:\"civicrm_im\";i:1;s:19:\"civicrm_worldregion\";i:1;s:25:\"`civicrm_group_contact-3`\";s:165:\" LEFT JOIN civicrm_group_contact `civicrm_group_contact-3` ON (contact_a.id = `civicrm_group_contact-3`.contact_id AND `civicrm_group_contact-3`.status IN (\"Added\"))\";s:31:\"`civicrm_group_contact_cache_3`\";s:132:\" LEFT JOIN civicrm_group_contact_cache `civicrm_group_contact_cache_3` ON contact_a.id = `civicrm_group_contact_cache_3`.contact_id \";}','a:3:{s:15:\"civicrm_contact\";i:1;s:25:\"`civicrm_group_contact-3`\";s:165:\" LEFT JOIN civicrm_group_contact `civicrm_group_contact-3` ON (contact_a.id = `civicrm_group_contact-3`.contact_id AND `civicrm_group_contact-3`.status IN (\"Added\"))\";s:31:\"`civicrm_group_contact_cache_3`\";s:132:\" LEFT JOIN civicrm_group_contact_cache `civicrm_group_contact_cache_3` ON contact_a.id = `civicrm_group_contact_cache_3`.contact_id \";}','12',NULL,NULL,NULL,NULL,0,0,NULL,NULL),(4,'Advisory Board','Advisory Board',NULL,NULL,NULL,1,'Public Pages',' ( ( ( `civicrm_group_contact-4`.group_id IN ( 4 ) ) OR ( `civicrm_group_contact_cache_4`.group_id IN (\"4\") ) ) ) ','a:9:{s:15:\"civicrm_contact\";i:1;s:15:\"civicrm_address\";i:1;s:15:\"civicrm_country\";i:1;s:13:\"civicrm_email\";i:1;s:13:\"civicrm_phone\";i:1;s:10:\"civicrm_im\";i:1;s:19:\"civicrm_worldregion\";i:1;s:25:\"`civicrm_group_contact-4`\";s:165:\" LEFT JOIN civicrm_group_contact `civicrm_group_contact-4` ON (contact_a.id = `civicrm_group_contact-4`.contact_id AND `civicrm_group_contact-4`.status IN (\"Added\"))\";s:31:\"`civicrm_group_contact_cache_4`\";s:132:\" LEFT JOIN civicrm_group_contact_cache `civicrm_group_contact_cache_4` ON contact_a.id = `civicrm_group_contact_cache_4`.contact_id \";}','a:3:{s:15:\"civicrm_contact\";i:1;s:25:\"`civicrm_group_contact-4`\";s:165:\" LEFT JOIN civicrm_group_contact `civicrm_group_contact-4` ON (contact_a.id = `civicrm_group_contact-4`.contact_id AND `civicrm_group_contact-4`.status IN (\"Added\"))\";s:31:\"`civicrm_group_contact_cache_4`\";s:132:\" LEFT JOIN civicrm_group_contact_cache `civicrm_group_contact_cache_4` ON contact_a.id = `civicrm_group_contact_cache_4`.contact_id \";}','12',NULL,NULL,NULL,NULL,0,0,NULL,NULL);
/*!40000 ALTER TABLE `civicrm_group` ENABLE KEYS */;
UNLOCK TABLES;

--
-- Dumping data for table `civicrm_group_contact`
--

LOCK TABLES `civicrm_group_contact` WRITE;
/*!40000 ALTER TABLE `civicrm_group_contact` DISABLE KEYS */;
INSERT INTO `civicrm_group_contact` (`id`, `group_id`, `contact_id`, `status`, `location_id`, `email_id`) VALUES (1,2,191,'Added',NULL,NULL),(2,2,179,'Added',NULL,NULL),(3,2,101,'Added',NULL,NULL),(4,2,111,'Added',NULL,NULL),(5,2,200,'Added',NULL,NULL),(6,2,171,'Added',NULL,NULL),(7,2,140,'Added',NULL,NULL),(8,2,122,'Added',NULL,NULL),(9,2,46,'Added',NULL,NULL),(10,2,30,'Added',NULL,NULL),(11,2,164,'Added',NULL,NULL),(12,2,41,'Added',NULL,NULL),(13,2,79,'Added',NULL,NULL),(14,2,127,'Added',NULL,NULL),(15,2,156,'Added',NULL,NULL),(16,2,73,'Added',NULL,NULL),(17,2,110,'Added',NULL,NULL),(18,2,70,'Added',NULL,NULL),(19,2,50,'Added',NULL,NULL),(20,2,82,'Added',NULL,NULL),(21,2,77,'Added',NULL,NULL),(22,2,69,'Added',NULL,NULL),(23,2,183,'Added',NULL,NULL),(24,2,49,'Added',NULL,NULL),(25,2,107,'Added',NULL,NULL),(26,2,83,'Added',NULL,NULL),(27,2,60,'Added',NULL,NULL),(28,2,40,'Added',NULL,NULL),(29,2,148,'Added',NULL,NULL),(30,2,5,'Added',NULL,NULL),(31,2,119,'Added',NULL,NULL),(32,2,86,'Added',NULL,NULL),(33,2,67,'Added',NULL,NULL),(34,2,93,'Added',NULL,NULL),(35,2,167,'Added',NULL,NULL),(36,2,165,'Added',NULL,NULL),(37,2,177,'Added',NULL,NULL),(38,2,22,'Added',NULL,NULL),(39,2,193,'Added',NULL,NULL),(40,2,97,'Added',NULL,NULL),(41,2,53,'Added',NULL,NULL),(42,2,176,'Added',NULL,NULL),(43,2,56,'Added',NULL,NULL),(44,2,94,'Added',NULL,NULL),(45,2,159,'Added',NULL,NULL),(46,2,114,'Added',NULL,NULL),(47,2,90,'Added',NULL,NULL),(48,2,142,'Added',NULL,NULL),(49,2,173,'Added',NULL,NULL),(50,2,195,'Added',NULL,NULL),(51,2,104,'Added',NULL,NULL),(52,2,184,'Added',NULL,NULL),(53,2,172,'Added',NULL,NULL),(54,2,3,'Added',NULL,NULL),(55,2,48,'Added',NULL,NULL),(56,2,11,'Added',NULL,NULL),(57,2,132,'Added',NULL,NULL),(58,2,10,'Added',NULL,NULL),(59,2,125,'Added',NULL,NULL),(60,2,120,'Added',NULL,NULL),(61,3,39,'Added',NULL,NULL),(62,3,198,'Added',NULL,NULL),(63,3,12,'Added',NULL,NULL),(64,3,36,'Added',NULL,NULL),(65,3,121,'Added',NULL,NULL),(66,3,18,'Added',NULL,NULL),(67,3,190,'Added',NULL,NULL),(68,3,144,'Added',NULL,NULL),(69,3,57,'Added',NULL,NULL),(70,3,152,'Added',NULL,NULL),(71,3,168,'Added',NULL,NULL),(72,3,137,'Added',NULL,NULL),(73,3,117,'Added',NULL,NULL),(74,3,115,'Added',NULL,NULL),(75,3,35,'Added',NULL,NULL),(76,4,191,'Added',NULL,NULL),(77,4,122,'Added',NULL,NULL),(78,4,156,'Added',NULL,NULL),(79,4,69,'Added',NULL,NULL),(80,4,148,'Added',NULL,NULL),(81,4,165,'Added',NULL,NULL),(82,4,56,'Added',NULL,NULL),(83,4,195,'Added',NULL,NULL);
/*!40000 ALTER TABLE `civicrm_group_contact` ENABLE KEYS */;
UNLOCK TABLES;

--
-- Dumping data for table `civicrm_group_contact_cache`
--

LOCK TABLES `civicrm_group_contact_cache` WRITE;
/*!40000 ALTER TABLE `civicrm_group_contact_cache` DISABLE KEYS */;
/*!40000 ALTER TABLE `civicrm_group_contact_cache` ENABLE KEYS */;
UNLOCK TABLES;

--
-- Dumping data for table `civicrm_group_nesting`
--

LOCK TABLES `civicrm_group_nesting` WRITE;
/*!40000 ALTER TABLE `civicrm_group_nesting` DISABLE KEYS */;
/*!40000 ALTER TABLE `civicrm_group_nesting` ENABLE KEYS */;
UNLOCK TABLES;

--
-- Dumping data for table `civicrm_group_organization`
--

LOCK TABLES `civicrm_group_organization` WRITE;
/*!40000 ALTER TABLE `civicrm_group_organization` DISABLE KEYS */;
/*!40000 ALTER TABLE `civicrm_group_organization` ENABLE KEYS */;
UNLOCK TABLES;

--
-- Dumping data for table `civicrm_im`
--

LOCK TABLES `civicrm_im` WRITE;
/*!40000 ALTER TABLE `civicrm_im` DISABLE KEYS */;
/*!40000 ALTER TABLE `civicrm_im` ENABLE KEYS */;
UNLOCK TABLES;

--
-- Dumping data for table `civicrm_job`
--

LOCK TABLES `civicrm_job` WRITE;
/*!40000 ALTER TABLE `civicrm_job` DISABLE KEYS */;
INSERT INTO `civicrm_job` (`id`, `domain_id`, `run_frequency`, `last_run`, `name`, `description`, `api_entity`, `api_action`, `parameters`, `is_active`) VALUES (1,1,'Always',NULL,'Send Scheduled Mailings','Sends out scheduled CiviMail mailings','job','process_mailing',NULL,0),(2,1,'Hourly',NULL,'Fetch Bounces','Fetches bounces from mailings and writes them to mailing statistics','job','fetch_bounces',NULL,0),(3,1,'Hourly',NULL,'Process Inbound Emails','Inserts activity for a contact or a case by retrieving inbound emails from a mail directory','job','fetch_activities',NULL,0),(4,1,'Daily',NULL,'Process Pledges','Updates pledge records and sends out reminders','job','process_pledge','send_reminders=[1 or 0] optional- 1 to send payment reminders',0),(5,1,'Daily',NULL,'Geocode and Parse Addresses','Retrieves geocodes (lat and long) and / or parses street addresses (populates street number, street name, etc.)','job','geocode','geocoding=[1 or 0] required\nparse=[1 or 0] required\nstart=[contact ID] optional-begin with this contact ID\nend=[contact ID] optional-process contacts with IDs less than this\nthrottle=[1 or 0] optional-1 adds five second sleep',0),(6,1,'Daily',NULL,'Update Greetings and Addressees','Goes through contact records and updates email and postal greetings, or addressee value','job','update_greeting','ct=[Individual or Household or Organization] required\ngt=[email_greeting or postal_greeting or addressee] required\nforce=[0 or 1] optional-0 update contacts with null value, 1 update all\nlimit=Number optional-Limit the number of contacts to update',0),(7,1,'Daily',NULL,'Mail Reports','Generates and sends out reports via email','job','mail_report','instanceId=[ID of report instance] required\nformat=[csv or print] optional-output CSV or print-friendly HTML, else PDF',0),(8,1,'Daily',NULL,'Send Scheduled Reminders','Sends out scheduled reminders via email','job','send_reminder',NULL,0),(9,1,'Always',NULL,'Update Participant Statuses','Updates pending event participant statuses based on time','job','process_participant',NULL,0),(10,1,'Daily',NULL,'Update Membership Statuses','Updates membership statuses. WARNING: Membership renewal reminders have been migrated to the Schedule Reminders functionality, which supports multiple renewal reminders.','job','process_membership',NULL,0),(11,1,'Always',NULL,'Process Survey Respondents','Releases reserved survey respondents when they have been reserved for longer than the Release Frequency days specified for that survey.','job','process_respondent',NULL,0),(12,1,'Hourly',NULL,'Clean-up Temporary Data and Files','Removes temporary data and files, and clears old data from cache tables. Recommend running this job every hour to help prevent database and file system bloat.','job','cleanup',NULL,0),(13,1,'Always',NULL,'Send Scheduled SMS','Sends out scheduled SMS','job','process_sms',NULL,0),(14,1,'Always',NULL,'Rebuild Smart Group Cache','Rebuilds the smart group cache.','job','group_rebuild','limit=Number optional-Limit the number of smart groups rebuild',0),(15,1,'Daily',NULL,'Disable expired relationships','Disables relationships that have expired (ie. those relationships whose end date is in the past).','job','disable_expired_relationships',NULL,0),(16,1,'Daily',NULL,'Validate Email Address from Mailings.','Updates the reset_date on an email address to indicate that there was a valid delivery to this email address.','mailing','update_email_resetdate','minDays, maxDays=Consider mailings that have completed between minDays and maxDays',0);
/*!40000 ALTER TABLE `civicrm_job` ENABLE KEYS */;
UNLOCK TABLES;

--
-- Dumping data for table `civicrm_job_log`
--

LOCK TABLES `civicrm_job_log` WRITE;
/*!40000 ALTER TABLE `civicrm_job_log` DISABLE KEYS */;
/*!40000 ALTER TABLE `civicrm_job_log` ENABLE KEYS */;
UNLOCK TABLES;

--
-- Dumping data for table `civicrm_line_item`
--

LOCK TABLES `civicrm_line_item` WRITE;
/*!40000 ALTER TABLE `civicrm_line_item` DISABLE KEYS */;
INSERT INTO `civicrm_line_item` (`id`, `entity_table`, `entity_id`, `contribution_id`, `price_field_id`, `label`, `qty`, `unit_price`, `line_total`, `participant_count`, `price_field_value_id`, `financial_type_id`, `deductible_amount`, `tax_amount`) VALUES (1,'civicrm_contribution',1,1,1,'Contribution Amount',1.00,125.00,125.00,0,1,1,0.00,NULL),(2,'civicrm_contribution',2,2,1,'Contribution Amount',1.00,50.00,50.00,0,1,1,0.00,NULL),(3,'civicrm_contribution',3,3,1,'Contribution Amount',1.00,25.00,25.00,0,1,1,0.00,NULL),(4,'civicrm_contribution',4,4,1,'Contribution Amount',1.00,50.00,50.00,0,1,1,0.00,NULL),(5,'civicrm_contribution',5,5,1,'Contribution Amount',1.00,500.00,500.00,0,1,1,0.00,NULL),(6,'civicrm_contribution',6,6,1,'Contribution Amount',1.00,175.00,175.00,0,1,1,0.00,NULL),(7,'civicrm_contribution',7,7,1,'Contribution Amount',1.00,50.00,50.00,0,1,1,0.00,NULL),(8,'civicrm_contribution',8,8,1,'Contribution Amount',1.00,10.00,10.00,0,1,1,0.00,NULL),(9,'civicrm_contribution',9,9,1,'Contribution Amount',1.00,250.00,250.00,0,1,1,0.00,NULL),(10,'civicrm_contribution',10,10,1,'Contribution Amount',1.00,500.00,500.00,0,1,1,0.00,NULL),(11,'civicrm_contribution',11,11,1,'Contribution Amount',1.00,200.00,200.00,0,1,1,0.00,NULL),(12,'civicrm_contribution',12,12,1,'Contribution Amount',1.00,200.00,200.00,0,1,1,0.00,NULL),(13,'civicrm_contribution',13,13,1,'Contribution Amount',1.00,200.00,200.00,0,1,1,0.00,NULL),(16,'civicrm_membership',1,14,4,'General',1.00,100.00,100.00,NULL,7,2,0.00,NULL),(17,'civicrm_membership',3,16,4,'General',1.00,100.00,100.00,NULL,7,2,0.00,NULL),(18,'civicrm_membership',5,18,4,'General',1.00,100.00,100.00,NULL,7,2,0.00,NULL),(19,'civicrm_membership',7,20,4,'General',1.00,100.00,100.00,NULL,7,2,0.00,NULL),(20,'civicrm_membership',9,22,4,'General',1.00,100.00,100.00,NULL,7,2,0.00,NULL),(21,'civicrm_membership',10,23,4,'General',1.00,100.00,100.00,NULL,7,2,0.00,NULL),(22,'civicrm_membership',13,26,4,'General',1.00,100.00,100.00,NULL,7,2,0.00,NULL),(23,'civicrm_membership',15,28,4,'General',1.00,100.00,100.00,NULL,7,2,0.00,NULL),(24,'civicrm_membership',17,30,4,'General',1.00,100.00,100.00,NULL,7,2,0.00,NULL),(25,'civicrm_membership',19,32,4,'General',1.00,100.00,100.00,NULL,7,2,0.00,NULL),(26,'civicrm_membership',21,34,4,'General',1.00,100.00,100.00,NULL,7,2,0.00,NULL),(27,'civicrm_membership',23,36,4,'General',1.00,100.00,100.00,NULL,7,2,0.00,NULL),(28,'civicrm_membership',25,38,4,'General',1.00,100.00,100.00,NULL,7,2,0.00,NULL),(29,'civicrm_membership',27,40,4,'General',1.00,100.00,100.00,NULL,7,2,0.00,NULL),(30,'civicrm_membership',29,42,4,'General',1.00,100.00,100.00,NULL,7,2,0.00,NULL),(31,'civicrm_membership',30,43,4,'General',1.00,100.00,100.00,NULL,7,2,0.00,NULL),(32,'civicrm_membership',2,15,4,'Student',1.00,50.00,50.00,NULL,8,2,0.00,NULL),(33,'civicrm_membership',4,17,4,'Student',1.00,50.00,50.00,NULL,8,2,0.00,NULL),(34,'civicrm_membership',6,19,4,'Student',1.00,50.00,50.00,NULL,8,2,0.00,NULL),(35,'civicrm_membership',8,21,4,'Student',1.00,50.00,50.00,NULL,8,2,0.00,NULL),(36,'civicrm_membership',12,25,4,'Student',1.00,50.00,50.00,NULL,8,2,0.00,NULL),(37,'civicrm_membership',14,27,4,'Student',1.00,50.00,50.00,NULL,8,2,0.00,NULL),(38,'civicrm_membership',16,29,4,'Student',1.00,50.00,50.00,NULL,8,2,0.00,NULL),(39,'civicrm_membership',18,31,4,'Student',1.00,50.00,50.00,NULL,8,2,0.00,NULL),(40,'civicrm_membership',20,33,4,'Student',1.00,50.00,50.00,NULL,8,2,0.00,NULL),(41,'civicrm_membership',24,37,4,'Student',1.00,50.00,50.00,NULL,8,2,0.00,NULL),(42,'civicrm_membership',26,39,4,'Student',1.00,50.00,50.00,NULL,8,2,0.00,NULL),(43,'civicrm_membership',28,41,4,'Student',1.00,50.00,50.00,NULL,8,2,0.00,NULL),(44,'civicrm_membership',11,24,4,'Lifetime',1.00,1200.00,1200.00,NULL,9,2,0.00,NULL),(45,'civicrm_membership',22,35,4,'Lifetime',1.00,1200.00,1200.00,NULL,9,2,0.00,NULL),(47,'civicrm_participant',3,45,7,'Tiny-tots (ages 5-8)',1.00,800.00,800.00,0,13,4,0.00,NULL),(48,'civicrm_participant',6,50,7,'Tiny-tots (ages 5-8)',1.00,800.00,800.00,0,13,4,0.00,NULL),(49,'civicrm_participant',9,92,7,'Tiny-tots (ages 5-8)',1.00,800.00,800.00,0,13,4,0.00,NULL),(50,'civicrm_participant',12,65,7,'Tiny-tots (ages 5-8)',1.00,800.00,800.00,0,13,4,0.00,NULL),(51,'civicrm_participant',15,67,7,'Tiny-tots (ages 5-8)',1.00,800.00,800.00,0,13,4,0.00,NULL),(52,'civicrm_participant',18,86,7,'Tiny-tots (ages 5-8)',1.00,800.00,800.00,0,13,4,0.00,NULL),(53,'civicrm_participant',21,84,7,'Tiny-tots (ages 5-8)',1.00,800.00,800.00,0,13,4,0.00,NULL),(54,'civicrm_participant',24,51,7,'Tiny-tots (ages 5-8)',1.00,800.00,800.00,0,13,4,0.00,NULL),(55,'civicrm_participant',25,64,7,'Tiny-tots (ages 5-8)',1.00,800.00,800.00,0,13,4,0.00,NULL),(56,'civicrm_participant',28,47,7,'Tiny-tots (ages 5-8)',1.00,800.00,800.00,0,13,4,0.00,NULL),(57,'civicrm_participant',31,76,7,'Tiny-tots (ages 5-8)',1.00,800.00,800.00,0,13,4,0.00,NULL),(58,'civicrm_participant',34,57,7,'Tiny-tots (ages 5-8)',1.00,800.00,800.00,0,13,4,0.00,NULL),(59,'civicrm_participant',37,58,7,'Tiny-tots (ages 5-8)',1.00,800.00,800.00,0,13,4,0.00,NULL),(60,'civicrm_participant',40,74,7,'Tiny-tots (ages 5-8)',1.00,800.00,800.00,0,13,4,0.00,NULL),(61,'civicrm_participant',43,61,7,'Tiny-tots (ages 5-8)',1.00,800.00,800.00,0,13,4,0.00,NULL),(62,'civicrm_participant',46,71,7,'Tiny-tots (ages 5-8)',1.00,800.00,800.00,0,13,4,0.00,NULL),(63,'civicrm_participant',49,90,7,'Tiny-tots (ages 5-8)',1.00,800.00,800.00,0,13,4,0.00,NULL),(64,'civicrm_participant',50,81,7,'Tiny-tots (ages 5-8)',1.00,800.00,800.00,0,13,4,0.00,NULL),(65,'civicrm_participant',1,55,8,'Single',1.00,50.00,50.00,0,16,4,0.00,NULL),(66,'civicrm_participant',4,91,8,'Single',1.00,50.00,50.00,0,16,4,0.00,NULL),(67,'civicrm_participant',7,66,8,'Single',1.00,50.00,50.00,0,16,4,0.00,NULL),(68,'civicrm_participant',10,63,8,'Single',1.00,50.00,50.00,0,16,4,0.00,NULL),(69,'civicrm_participant',13,54,8,'Single',1.00,50.00,50.00,0,16,4,0.00,NULL),(70,'civicrm_participant',16,48,8,'Single',1.00,50.00,50.00,0,16,4,0.00,NULL),(71,'civicrm_participant',19,93,8,'Single',1.00,50.00,50.00,0,16,4,0.00,NULL),(72,'civicrm_participant',22,59,8,'Single',1.00,50.00,50.00,0,16,4,0.00,NULL),(73,'civicrm_participant',26,78,8,'Single',1.00,50.00,50.00,0,16,4,0.00,NULL),(74,'civicrm_participant',29,73,8,'Single',1.00,50.00,50.00,0,16,4,0.00,NULL),(75,'civicrm_participant',32,82,8,'Single',1.00,50.00,50.00,0,16,4,0.00,NULL),(76,'civicrm_participant',35,88,8,'Single',1.00,50.00,50.00,0,16,4,0.00,NULL),(77,'civicrm_participant',38,46,8,'Single',1.00,50.00,50.00,0,16,4,0.00,NULL),(78,'civicrm_participant',41,77,8,'Single',1.00,50.00,50.00,0,16,4,0.00,NULL),(79,'civicrm_participant',44,87,8,'Single',1.00,50.00,50.00,0,16,4,0.00,NULL),(80,'civicrm_participant',47,85,8,'Single',1.00,50.00,50.00,0,16,4,0.00,NULL),(81,'civicrm_participant',2,72,9,'Soprano',1.00,50.00,50.00,0,21,2,0.00,NULL),(82,'civicrm_participant',5,75,9,'Soprano',1.00,50.00,50.00,0,21,2,0.00,NULL),(83,'civicrm_participant',8,70,9,'Soprano',1.00,50.00,50.00,0,21,2,0.00,NULL),(84,'civicrm_participant',11,94,9,'Soprano',1.00,50.00,50.00,0,21,2,0.00,NULL),(85,'civicrm_participant',14,79,9,'Soprano',1.00,50.00,50.00,0,21,2,0.00,NULL),(86,'civicrm_participant',17,52,9,'Soprano',1.00,50.00,50.00,0,21,2,0.00,NULL),(87,'civicrm_participant',20,83,9,'Soprano',1.00,50.00,50.00,0,21,2,0.00,NULL),(88,'civicrm_participant',23,69,9,'Soprano',1.00,50.00,50.00,0,21,2,0.00,NULL),(89,'civicrm_participant',27,60,9,'Soprano',1.00,50.00,50.00,0,21,2,0.00,NULL),(90,'civicrm_participant',30,53,9,'Soprano',1.00,50.00,50.00,0,21,2,0.00,NULL),(91,'civicrm_participant',33,80,9,'Soprano',1.00,50.00,50.00,0,21,2,0.00,NULL),(92,'civicrm_participant',36,89,9,'Soprano',1.00,50.00,50.00,0,21,2,0.00,NULL),(93,'civicrm_participant',39,68,9,'Soprano',1.00,50.00,50.00,0,21,2,0.00,NULL),(94,'civicrm_participant',42,56,9,'Soprano',1.00,50.00,50.00,0,21,2,0.00,NULL),(95,'civicrm_participant',45,62,9,'Soprano',1.00,50.00,50.00,0,21,2,0.00,NULL),(96,'civicrm_participant',48,49,9,'Soprano',1.00,50.00,50.00,0,21,2,0.00,NULL);
/*!40000 ALTER TABLE `civicrm_line_item` ENABLE KEYS */;
UNLOCK TABLES;

--
-- Dumping data for table `civicrm_loc_block`
--

LOCK TABLES `civicrm_loc_block` WRITE;
/*!40000 ALTER TABLE `civicrm_loc_block` DISABLE KEYS */;
INSERT INTO `civicrm_loc_block` (`id`, `address_id`, `email_id`, `phone_id`, `im_id`, `address_2_id`, `email_2_id`, `phone_2_id`, `im_2_id`) VALUES (1,186,187,181,NULL,NULL,NULL,NULL,NULL),(2,187,188,182,NULL,NULL,NULL,NULL,NULL),(3,188,189,183,NULL,NULL,NULL,NULL,NULL);
/*!40000 ALTER TABLE `civicrm_loc_block` ENABLE KEYS */;
UNLOCK TABLES;

--
-- Dumping data for table `civicrm_location_type`
--

LOCK TABLES `civicrm_location_type` WRITE;
/*!40000 ALTER TABLE `civicrm_location_type` DISABLE KEYS */;
INSERT INTO `civicrm_location_type` (`id`, `name`, `display_name`, `vcard_name`, `description`, `is_reserved`, `is_active`, `is_default`) VALUES (1,'Home','Home','HOME','Place of residence',0,1,1),(2,'Work','Work','WORK','Work location',0,1,NULL),(3,'Main','Main',NULL,'Main office location',0,1,NULL),(4,'Other','Other',NULL,'Other location',0,1,NULL),(5,'Billing','Billing',NULL,'Billing Address location',1,1,NULL);
/*!40000 ALTER TABLE `civicrm_location_type` ENABLE KEYS */;
UNLOCK TABLES;

--
-- Dumping data for table `civicrm_log`
--

LOCK TABLES `civicrm_log` WRITE;
/*!40000 ALTER TABLE `civicrm_log` DISABLE KEYS */;
/*!40000 ALTER TABLE `civicrm_log` ENABLE KEYS */;
UNLOCK TABLES;

--
-- Dumping data for table `civicrm_mail_settings`
--

LOCK TABLES `civicrm_mail_settings` WRITE;
/*!40000 ALTER TABLE `civicrm_mail_settings` DISABLE KEYS */;
INSERT INTO `civicrm_mail_settings` (`id`, `domain_id`, `name`, `is_default`, `domain`, `localpart`, `return_path`, `protocol`, `server`, `port`, `username`, `password`, `is_ssl`, `source`) VALUES (1,1,'default',1,'EXAMPLE.ORG',NULL,NULL,NULL,NULL,NULL,NULL,NULL,NULL,NULL);
/*!40000 ALTER TABLE `civicrm_mail_settings` ENABLE KEYS */;
UNLOCK TABLES;

--
-- Dumping data for table `civicrm_mailing`
--

LOCK TABLES `civicrm_mailing` WRITE;
/*!40000 ALTER TABLE `civicrm_mailing` DISABLE KEYS */;
/*!40000 ALTER TABLE `civicrm_mailing` ENABLE KEYS */;
UNLOCK TABLES;

--
-- Dumping data for table `civicrm_mailing_abtest`
--

LOCK TABLES `civicrm_mailing_abtest` WRITE;
/*!40000 ALTER TABLE `civicrm_mailing_abtest` DISABLE KEYS */;
/*!40000 ALTER TABLE `civicrm_mailing_abtest` ENABLE KEYS */;
UNLOCK TABLES;

--
-- Dumping data for table `civicrm_mailing_bounce_pattern`
--

LOCK TABLES `civicrm_mailing_bounce_pattern` WRITE;
/*!40000 ALTER TABLE `civicrm_mailing_bounce_pattern` DISABLE KEYS */;
INSERT INTO `civicrm_mailing_bounce_pattern` (`id`, `bounce_type_id`, `pattern`) VALUES (1,1,'Client TOS Notification'),(2,2,'(be|am)? (out of|away from) (the|my)? (office|computer|town)'),(3,2,'i am on vacation'),(4,3,'name(server entry| lookup failure)'),(5,3,'no (mail server|matches to nameserver query|dns entries)'),(6,3,'reverse dns entry'),(7,3,'Host or domain name not found'),(8,3,'Unable to resolve MX record for'),(9,4,'(unknown|not local) host'),(10,4,'all hosts have been failing'),(11,4,'allowed rcpthosts'),(12,4,'connection (refused|timed out)'),(13,4,'not connected'),(14,4,'couldn\'t find any host named'),(15,4,'error involving remote host'),(16,4,'host unknown'),(17,4,'invalid host name'),(18,4,'isn\'t in my control/locals file'),(19,4,'local configuration error'),(20,4,'not a gateway'),(21,4,'server is (down or unreachable|not responding)'),(22,4,'too many connections'),(23,4,'unable to connect'),(24,4,'lost connection'),(25,4,'conversation with [^ ]* timed out while'),(26,4,'server requires authentication'),(27,4,'authentication (is )?required'),(28,5,'(my )?e-?mail( address)? has changed'),(29,5,'account (inactive|expired|deactivated)'),(30,5,'account is locked'),(31,5,'changed w+( e-?mail)? address'),(32,5,'deactivated mailbox'),(33,5,'disabled or discontinued'),(34,5,'inactive user'),(35,5,'is inactive on this domain'),(36,5,'mail receiving disabled'),(37,5,'mail( ?)address is administrative?ly disabled'),(38,5,'mailbox (temporarily disabled|currently suspended)'),(39,5,'no longer (accepting mail|on server|in use|with|employed|on staff|works for|using this account)'),(40,5,'not accepting (mail|messages)'),(41,5,'please use my new e-?mail address'),(42,5,'this address no longer accepts mail'),(43,5,'user account suspended'),(44,5,'account that you tried to reach is disabled'),(45,5,'User banned'),(46,6,'(user|recipient( name)?) is not recognized'),(47,6,'554 delivery error'),(48,6,'address does not exist'),(49,6,'address(es)?( you (entered|specified))? (could|was)( not|n.t)( be)? found'),(50,6,'address(ee)? (unknown|invalid)'),(51,6,'bad destination'),(52,6,'badly formatted address'),(53,6,'can\'t open mailbox for'),(54,6,'cannot deliver'),(55,6,'delivery to the following recipient(s)? failed'),(56,6,'destination addresses were unknown'),(57,6,'did not reach the following recipient'),(58,6,'does not exist'),(59,6,'does not like recipient'),(60,6,'does not specify a valid notes mail file'),(61,6,'illegal alias'),(62,6,'invalid (mailbox|(e-?mail )?address|recipient|final delivery)'),(63,6,'invalid( or unknown)?( virtual)? user'),(64,6,'(mail )?delivery (to this user )?is not allowed'),(65,6,'mailbox (not found|unavailable|name not allowed)'),(66,6,'message could not be forwarded'),(67,6,'missing or malformed local(-| )part'),(68,6,'no e-?mail address registered'),(69,6,'no such (mail drop|mailbox( \\w+)?|(e-?mail )?address|recipient|(local )?user|person)( here)?'),(70,6,'no mailbox (here )?by that name'),(71,6,'not (listed in|found in directory|known at this site|our customer)'),(72,6,'not a valid( (user|mailbox))?'),(73,6,'not present in directory entry'),(74,6,'recipient (does not exist|(is )?unknown|rejected|denied|not found)'),(75,6,'this user doesn\'t have a yahoo.com address'),(76,6,'unavailable to take delivery of the message'),(77,6,'unavailable mailbox'),(78,6,'unknown (local( |-)part|recipient|address error)'),(79,6,'unknown( or illegal)? user( account)?'),(80,6,'unrecognized recipient'),(81,6,'unregistered address'),(82,6,'user (unknown|does not exist)'),(83,6,'user doesn\'t have an? w+ account'),(84,6,'user(\'s e-?mail name is)? not found'),(85,6,'^Validation failed for:'),(86,6,'5.1.0 Address rejected'),(87,6,'no valid recipients?'),(88,6,'RecipNotFound'),(89,6,'no one at this address'),(90,6,'misconfigured forwarding address'),(91,6,'account is not allowed'),(92,6,'Address .<[^>]*>. not known here'),(93,6,'Recipient address rejected: ([a-zA-Z0-9-]+\\.)+[a-zA-Z]{2,}'),(94,6,'Non sono riuscito a trovare l.indirizzo e-mail'),(95,6,'nadie con esta direcci..?n'),(96,6,'ni bilo mogo..?e najti prejemnikovega e-po..?tnega naslova'),(97,6,'Elektronski naslov (je ukinjen|ne obstaja)'),(98,6,'nepravilno nastavljen predal'),(99,7,'(mail( forwarding)?|routing).loop'),(100,7,'excessive recursion'),(101,7,'loop detected'),(102,7,'maximum hop count exceeded'),(103,7,'message was forwarded more than the maximum allowed times'),(104,7,'too many (hops|recursive forwards)'),(105,8,'(disk(space)?|over the allowed|exceed(ed|s)?|storage) quota'),(106,8,'522_mailbox_full'),(107,8,'exceeds allowed message count'),(108,8,'file too large'),(109,8,'full mailbox'),(110,8,'(mail|in)(box|folder) ((for user \\w+ )?is )?full'),(111,8,'mailbox (has exceeded|is over) the limit'),(112,8,'mailbox( exceeds allowed)? size'),(113,8,'no space left for this user'),(114,8,'over\\s?quota'),(115,8,'quota (for the mailbox )?has been exceeded'),(116,8,'quota ?(usage|violation|exceeded)'),(117,8,'recipient storage full'),(118,8,'not able to receive more mail'),(119,8,'doesn.t have enough disk space left'),(120,8,'exceeded storage allocation'),(121,8,'running out of disk space'),(122,9,'cannot find your hostname'),(123,9,'ip name lookup'),(124,9,'not configured to relay mail'),(125,9,'relay(ing)? (not permitted|(access )?denied)'),(126,9,'relayed mail to .+? not allowed'),(127,9,'sender ip must resolve'),(128,9,'unable to relay'),(129,9,'No route to host'),(130,9,'Network is unreachable'),(131,9,'unrouteable address'),(132,9,'We don.t handle mail for'),(133,9,'we do not relay'),(134,9,'Rejected by next-hop'),(135,9,'not permitted to( *550)? relay through this server'),(136,10,'(bulk( e-?mail)|content|attachment blocking|virus|mail system) filters?'),(137,10,'(hostile|questionable|unacceptable) content'),(138,10,'address .+? has not been verified'),(139,10,'anti-?spam (policw+|software)'),(140,10,'anti-?virus gateway has detected'),(141,10,'blacklisted'),(142,10,'blocked message'),(143,10,'content control'),(144,10,'delivery not authorized'),(145,10,'does not conform to our e-?mail policy'),(146,10,'excessive spam content'),(147,10,'message looks suspicious'),(148,10,'open relay'),(149,10,'sender was rejected'),(150,10,'spam(check| reduction software| filters?)'),(151,10,'blocked by a user configured filter'),(152,10,'(detected|rejected) as spam'),(153,10,'X-HmXmrOriginalRecipient'),(154,10,'Client host .[^ ]*. blocked'),(155,10,'automatic(ally-generated)? messages are not accepted'),(156,10,'denied by policy'),(157,10,'has no corresponding reverse \\(PTR\\) address'),(158,10,'has a policy that( [^ ]*)? prohibited the mail that you sent'),(159,10,'is likely unsolicited mail'),(160,10,'Local Policy Violation'),(161,10,'ni bilo mogo..?e dostaviti zaradi varnostnega pravilnika'),(162,11,'nonstandard smtp line terminator'),(163,11,'syntax error in from address'),(164,11,'unknown smtp code');
/*!40000 ALTER TABLE `civicrm_mailing_bounce_pattern` ENABLE KEYS */;
UNLOCK TABLES;

--
-- Dumping data for table `civicrm_mailing_bounce_type`
--

LOCK TABLES `civicrm_mailing_bounce_type` WRITE;
/*!40000 ALTER TABLE `civicrm_mailing_bounce_type` DISABLE KEYS */;
INSERT INTO `civicrm_mailing_bounce_type` (`id`, `name`, `description`, `hold_threshold`) VALUES (1,'AOL','AOL Terms of Service complaint',1),(2,'Away','Recipient is on vacation',30),(3,'Dns','Unable to resolve recipient domain',3),(4,'Host','Unable to deliver to destintation mail server',3),(5,'Inactive','User account is no longer active',1),(6,'Invalid','Email address is not valid',1),(7,'Loop','Mail routing error',3),(8,'Quota','User inbox is full',3),(9,'Relay','Unable to reach destination mail server',3),(10,'Spam','Message caught by a content filter',1),(11,'Syntax','Error in SMTP transaction',3);
/*!40000 ALTER TABLE `civicrm_mailing_bounce_type` ENABLE KEYS */;
UNLOCK TABLES;

--
-- Dumping data for table `civicrm_mailing_component`
--

LOCK TABLES `civicrm_mailing_component` WRITE;
/*!40000 ALTER TABLE `civicrm_mailing_component` DISABLE KEYS */;
INSERT INTO `civicrm_mailing_component` (`id`, `name`, `component_type`, `subject`, `body_html`, `body_text`, `is_default`, `is_active`) VALUES (1,'Mailing Header','Header','Descriptive Title for this Header','Sample Header for HTML formatted content.','Sample Header for TEXT formatted content.',1,1),(2,'Mailing Footer','Footer','Descriptive Title for this Footer.','Sample Footer for HTML formatted content<br/><a href=\"{action.optOutUrl}\">Unsubscribe</a>  <br/> {domain.address}','to unsubscribe: {action.optOutUrl}\n{domain.address}',1,1),(3,'Subscribe Message','Subscribe','Subscription Confirmation Request','You have a pending subscription to the {subscribe.group} mailing list. To confirm this subscription, reply to this email or click <a href=\"{subscribe.url}\">here</a>.','You have a pending subscription to the {subscribe.group} mailing list. To confirm this subscription, reply to this email or click on this link: {subscribe.url}',1,1),(4,'Welcome Message','Welcome','Your Subscription has been Activated','Welcome. Your subscription to the {welcome.group} mailing list has been activated.','Welcome. Your subscription to the {welcome.group} mailing list has been activated.',1,1),(5,'Unsubscribe Message','Unsubscribe','Un-subscribe Confirmation','You have been un-subscribed from the following groups: {unsubscribe.group}. You can re-subscribe by mailing {action.resubscribe} or clicking <a href=\"{action.resubscribeUrl}\">here</a>.','You have been un-subscribed from the following groups: {unsubscribe.group}. You can re-subscribe by mailing {action.resubscribe} or clicking ',1,1),(6,'Resubscribe Message','Resubscribe','Re-subscribe Confirmation','You have been re-subscribed to the following groups: {resubscribe.group}. You can un-subscribe by mailing {action.unsubscribe} or clicking <a href=\"{action.unsubscribeUrl}\">here</a>.','You have been re-subscribed to the following groups: {resubscribe.group}. You can un-subscribe by mailing {action.unsubscribe} or clicking {action.unsubscribeUrl}',1,1),(7,'Opt-out Message','OptOut','Opt-out Confirmation','Your email address has been removed from {domain.name} mailing lists.','Your email address has been removed from {domain.name} mailing lists.',1,1),(8,'Auto-responder','Reply','Please Send Inquiries to Our Contact Email Address','This is an automated reply from an un-attended mailbox. Please send any inquiries to the contact email address listed on our web-site.','This is an automated reply from an un-attended mailbox. Please send any inquiries to the contact email address listed on our web-site.',1,1);
/*!40000 ALTER TABLE `civicrm_mailing_component` ENABLE KEYS */;
UNLOCK TABLES;

--
-- Dumping data for table `civicrm_mailing_event_bounce`
--

LOCK TABLES `civicrm_mailing_event_bounce` WRITE;
/*!40000 ALTER TABLE `civicrm_mailing_event_bounce` DISABLE KEYS */;
/*!40000 ALTER TABLE `civicrm_mailing_event_bounce` ENABLE KEYS */;
UNLOCK TABLES;

--
-- Dumping data for table `civicrm_mailing_event_confirm`
--

LOCK TABLES `civicrm_mailing_event_confirm` WRITE;
/*!40000 ALTER TABLE `civicrm_mailing_event_confirm` DISABLE KEYS */;
/*!40000 ALTER TABLE `civicrm_mailing_event_confirm` ENABLE KEYS */;
UNLOCK TABLES;

--
-- Dumping data for table `civicrm_mailing_event_delivered`
--

LOCK TABLES `civicrm_mailing_event_delivered` WRITE;
/*!40000 ALTER TABLE `civicrm_mailing_event_delivered` DISABLE KEYS */;
/*!40000 ALTER TABLE `civicrm_mailing_event_delivered` ENABLE KEYS */;
UNLOCK TABLES;

--
-- Dumping data for table `civicrm_mailing_event_forward`
--

LOCK TABLES `civicrm_mailing_event_forward` WRITE;
/*!40000 ALTER TABLE `civicrm_mailing_event_forward` DISABLE KEYS */;
/*!40000 ALTER TABLE `civicrm_mailing_event_forward` ENABLE KEYS */;
UNLOCK TABLES;

--
-- Dumping data for table `civicrm_mailing_event_opened`
--

LOCK TABLES `civicrm_mailing_event_opened` WRITE;
/*!40000 ALTER TABLE `civicrm_mailing_event_opened` DISABLE KEYS */;
/*!40000 ALTER TABLE `civicrm_mailing_event_opened` ENABLE KEYS */;
UNLOCK TABLES;

--
-- Dumping data for table `civicrm_mailing_event_queue`
--

LOCK TABLES `civicrm_mailing_event_queue` WRITE;
/*!40000 ALTER TABLE `civicrm_mailing_event_queue` DISABLE KEYS */;
/*!40000 ALTER TABLE `civicrm_mailing_event_queue` ENABLE KEYS */;
UNLOCK TABLES;

--
-- Dumping data for table `civicrm_mailing_event_reply`
--

LOCK TABLES `civicrm_mailing_event_reply` WRITE;
/*!40000 ALTER TABLE `civicrm_mailing_event_reply` DISABLE KEYS */;
/*!40000 ALTER TABLE `civicrm_mailing_event_reply` ENABLE KEYS */;
UNLOCK TABLES;

--
-- Dumping data for table `civicrm_mailing_event_subscribe`
--

LOCK TABLES `civicrm_mailing_event_subscribe` WRITE;
/*!40000 ALTER TABLE `civicrm_mailing_event_subscribe` DISABLE KEYS */;
/*!40000 ALTER TABLE `civicrm_mailing_event_subscribe` ENABLE KEYS */;
UNLOCK TABLES;

--
-- Dumping data for table `civicrm_mailing_event_trackable_url_open`
--

LOCK TABLES `civicrm_mailing_event_trackable_url_open` WRITE;
/*!40000 ALTER TABLE `civicrm_mailing_event_trackable_url_open` DISABLE KEYS */;
/*!40000 ALTER TABLE `civicrm_mailing_event_trackable_url_open` ENABLE KEYS */;
UNLOCK TABLES;

--
-- Dumping data for table `civicrm_mailing_event_unsubscribe`
--

LOCK TABLES `civicrm_mailing_event_unsubscribe` WRITE;
/*!40000 ALTER TABLE `civicrm_mailing_event_unsubscribe` DISABLE KEYS */;
/*!40000 ALTER TABLE `civicrm_mailing_event_unsubscribe` ENABLE KEYS */;
UNLOCK TABLES;

--
-- Dumping data for table `civicrm_mailing_group`
--

LOCK TABLES `civicrm_mailing_group` WRITE;
/*!40000 ALTER TABLE `civicrm_mailing_group` DISABLE KEYS */;
/*!40000 ALTER TABLE `civicrm_mailing_group` ENABLE KEYS */;
UNLOCK TABLES;

--
-- Dumping data for table `civicrm_mailing_job`
--

LOCK TABLES `civicrm_mailing_job` WRITE;
/*!40000 ALTER TABLE `civicrm_mailing_job` DISABLE KEYS */;
/*!40000 ALTER TABLE `civicrm_mailing_job` ENABLE KEYS */;
UNLOCK TABLES;

--
-- Dumping data for table `civicrm_mailing_recipients`
--

LOCK TABLES `civicrm_mailing_recipients` WRITE;
/*!40000 ALTER TABLE `civicrm_mailing_recipients` DISABLE KEYS */;
/*!40000 ALTER TABLE `civicrm_mailing_recipients` ENABLE KEYS */;
UNLOCK TABLES;

--
-- Dumping data for table `civicrm_mailing_spool`
--

LOCK TABLES `civicrm_mailing_spool` WRITE;
/*!40000 ALTER TABLE `civicrm_mailing_spool` DISABLE KEYS */;
/*!40000 ALTER TABLE `civicrm_mailing_spool` ENABLE KEYS */;
UNLOCK TABLES;

--
-- Dumping data for table `civicrm_mailing_trackable_url`
--

LOCK TABLES `civicrm_mailing_trackable_url` WRITE;
/*!40000 ALTER TABLE `civicrm_mailing_trackable_url` DISABLE KEYS */;
/*!40000 ALTER TABLE `civicrm_mailing_trackable_url` ENABLE KEYS */;
UNLOCK TABLES;

--
-- Dumping data for table `civicrm_managed`
--

LOCK TABLES `civicrm_managed` WRITE;
/*!40000 ALTER TABLE `civicrm_managed` DISABLE KEYS */;
/*!40000 ALTER TABLE `civicrm_managed` ENABLE KEYS */;
UNLOCK TABLES;

--
-- Dumping data for table `civicrm_mapping`
--

LOCK TABLES `civicrm_mapping` WRITE;
/*!40000 ALTER TABLE `civicrm_mapping` DISABLE KEYS */;
/*!40000 ALTER TABLE `civicrm_mapping` ENABLE KEYS */;
UNLOCK TABLES;

--
-- Dumping data for table `civicrm_mapping_field`
--

LOCK TABLES `civicrm_mapping_field` WRITE;
/*!40000 ALTER TABLE `civicrm_mapping_field` DISABLE KEYS */;
/*!40000 ALTER TABLE `civicrm_mapping_field` ENABLE KEYS */;
UNLOCK TABLES;

--
-- Dumping data for table `civicrm_membership`
--

LOCK TABLES `civicrm_membership` WRITE;
/*!40000 ALTER TABLE `civicrm_membership` DISABLE KEYS */;
INSERT INTO `civicrm_membership` (`id`, `contact_id`, `membership_type_id`, `join_date`, `start_date`, `end_date`, `source`, `status_id`, `is_override`, `owner_membership_id`, `max_related`, `is_test`, `is_pay_later`, `contribution_recur_id`, `campaign_id`) VALUES (1,23,1,'2015-12-03','2015-12-03','2017-12-02','Check',1,NULL,NULL,NULL,0,0,NULL,NULL),(2,132,2,'2015-12-02','2015-12-02','2016-12-01','Check',1,NULL,NULL,NULL,0,0,NULL,NULL),(3,142,1,'2015-12-01','2015-12-01','2017-11-30','Check',1,NULL,NULL,NULL,0,0,NULL,NULL),(4,106,2,'2015-11-30','2015-11-30','2016-11-29','Payment',1,NULL,NULL,NULL,0,0,NULL,NULL),(5,173,1,'2013-11-01','2013-11-01','2015-10-31','Donation',3,NULL,NULL,NULL,0,0,NULL,NULL),(6,179,2,'2015-11-28','2015-11-28','2016-11-27','Payment',1,NULL,NULL,NULL,0,0,NULL,NULL),(7,155,1,'2015-11-27','2015-11-27','2017-11-26','Donation',1,NULL,NULL,NULL,0,0,NULL,NULL),(8,98,2,'2015-11-26','2015-11-26','2016-11-25','Check',1,NULL,NULL,NULL,0,0,NULL,NULL),(9,69,1,'2015-11-25','2015-11-25','2017-11-24','Check',1,NULL,NULL,NULL,0,0,NULL,NULL),(10,3,1,'2013-09-22','2013-09-22','2015-09-21','Donation',3,NULL,NULL,NULL,0,0,NULL,NULL),(11,6,3,'2015-11-23','2015-11-23',NULL,'Check',1,NULL,NULL,NULL,0,0,NULL,NULL),(12,75,2,'2015-11-22','2015-11-22','2016-11-21','Donation',1,NULL,NULL,NULL,0,0,NULL,NULL),(13,163,1,'2015-11-21','2015-11-21','2017-11-20','Donation',1,NULL,NULL,NULL,0,0,NULL,NULL),(14,197,2,'2015-11-20','2015-11-20','2016-11-19','Donation',1,NULL,NULL,NULL,0,0,NULL,NULL),(15,15,1,'2013-08-13','2013-08-13','2015-08-12','Check',3,NULL,NULL,NULL,0,0,NULL,NULL),(16,89,2,'2015-11-18','2015-11-18','2016-11-17','Payment',1,NULL,NULL,NULL,0,0,NULL,NULL),(17,111,1,'2015-11-17','2015-11-17','2017-11-16','Check',1,NULL,NULL,NULL,0,0,NULL,NULL),(18,30,2,'2015-11-16','2015-11-16','2016-11-15','Check',1,NULL,NULL,NULL,0,0,NULL,NULL),(19,192,1,'2015-11-15','2015-11-15','2017-11-14','Donation',1,NULL,NULL,NULL,0,0,NULL,NULL),(20,177,2,'2014-11-14','2014-11-14','2015-11-13','Payment',4,NULL,NULL,NULL,0,0,NULL,NULL),(21,36,1,'2015-11-13','2015-11-13','2017-11-12','Check',1,NULL,NULL,NULL,0,0,NULL,NULL),(22,80,3,'2015-11-12','2015-11-12',NULL,'Check',1,NULL,NULL,NULL,0,0,NULL,NULL),(23,126,1,'2015-11-11','2015-11-11','2017-11-10','Donation',1,NULL,NULL,NULL,0,0,NULL,NULL),(24,2,2,'2015-11-10','2015-11-10','2016-11-09','Check',1,NULL,NULL,NULL,0,0,NULL,NULL),(25,141,1,'2013-05-25','2013-05-25','2015-05-24','Payment',3,NULL,NULL,NULL,0,0,NULL,NULL),(26,183,2,'2015-11-08','2015-11-08','2016-11-07','Donation',1,NULL,NULL,NULL,0,0,NULL,NULL),(27,34,1,'2015-11-07','2015-11-07','2017-11-06','Donation',1,NULL,NULL,NULL,0,0,NULL,NULL),(28,185,2,'2015-11-06','2015-11-06','2016-11-05','Payment',1,NULL,NULL,NULL,0,0,NULL,NULL),(29,170,1,'2015-11-05','2015-11-05','2017-11-04','Donation',1,NULL,NULL,NULL,0,0,NULL,NULL),(30,44,1,'2013-04-15','2013-04-15','2015-04-14','Payment',3,NULL,NULL,NULL,0,0,NULL,NULL);
/*!40000 ALTER TABLE `civicrm_membership` ENABLE KEYS */;
UNLOCK TABLES;

--
-- Dumping data for table `civicrm_membership_block`
--

LOCK TABLES `civicrm_membership_block` WRITE;
/*!40000 ALTER TABLE `civicrm_membership_block` DISABLE KEYS */;
INSERT INTO `civicrm_membership_block` (`id`, `entity_table`, `entity_id`, `membership_types`, `membership_type_default`, `display_min_fee`, `is_separate_payment`, `new_title`, `new_text`, `renewal_title`, `renewal_text`, `is_required`, `is_active`) VALUES (1,'civicrm_contribution_page',2,'a:2:{i:1;i:0;i:2;i:0;}',1,1,0,'Membership Levels','Please select the appropriate membership level below. You will have a chance to review your selection and the corresponding dues on the next page prior to your credit card being charged.','Renew or Upgrade Your Membership','Information on your current membership level and expiration date is shown below. You may renew or upgrade at any time - but don\'t let your membership lapse!',1,1);
/*!40000 ALTER TABLE `civicrm_membership_block` ENABLE KEYS */;
UNLOCK TABLES;

--
-- Dumping data for table `civicrm_membership_log`
--

LOCK TABLES `civicrm_membership_log` WRITE;
/*!40000 ALTER TABLE `civicrm_membership_log` DISABLE KEYS */;
INSERT INTO `civicrm_membership_log` (`id`, `membership_id`, `status_id`, `start_date`, `end_date`, `modified_id`, `modified_date`, `membership_type_id`, `max_related`) VALUES (1,24,1,'2015-11-10','2016-11-09',2,'2015-12-03',2,NULL),(2,10,3,'2013-09-22','2015-09-21',3,'2015-12-03',1,NULL),(3,11,1,'2015-11-23',NULL,6,'2015-12-03',3,NULL),(4,15,3,'2013-08-13','2015-08-12',15,'2015-12-03',1,NULL),(5,1,1,'2015-12-03','2017-12-02',23,'2015-12-03',1,NULL),(6,18,1,'2015-11-16','2016-11-15',30,'2015-12-03',2,NULL),(7,27,1,'2015-11-07','2017-11-06',34,'2015-12-03',1,NULL),(8,21,1,'2015-11-13','2017-11-12',36,'2015-12-03',1,NULL),(9,30,3,'2013-04-15','2015-04-14',44,'2015-12-03',1,NULL),(10,9,1,'2015-11-25','2017-11-24',69,'2015-12-03',1,NULL),(11,12,1,'2015-11-22','2016-11-21',75,'2015-12-03',2,NULL),(12,22,1,'2015-11-12',NULL,80,'2015-12-03',3,NULL),(13,16,1,'2015-11-18','2016-11-17',89,'2015-12-03',2,NULL),(14,8,1,'2015-11-26','2016-11-25',98,'2015-12-03',2,NULL),(15,4,1,'2015-11-30','2016-11-29',106,'2015-12-03',2,NULL),(16,17,1,'2015-11-17','2017-11-16',111,'2015-12-03',1,NULL),(17,23,1,'2015-11-11','2017-11-10',126,'2015-12-03',1,NULL),(18,2,1,'2015-12-02','2016-12-01',132,'2015-12-03',2,NULL),(19,25,3,'2013-05-25','2015-05-24',141,'2015-12-03',1,NULL),(20,3,1,'2015-12-01','2017-11-30',142,'2015-12-03',1,NULL),(21,7,1,'2015-11-27','2017-11-26',155,'2015-12-03',1,NULL),(22,13,1,'2015-11-21','2017-11-20',163,'2015-12-03',1,NULL),(23,29,1,'2015-11-05','2017-11-04',170,'2015-12-03',1,NULL),(24,5,3,'2013-11-01','2015-10-31',173,'2015-12-03',1,NULL),(25,20,4,'2014-11-14','2015-11-13',177,'2015-12-03',2,NULL),(26,6,1,'2015-11-28','2016-11-27',179,'2015-12-03',2,NULL),(27,26,1,'2015-11-08','2016-11-07',183,'2015-12-03',2,NULL),(28,28,1,'2015-11-06','2016-11-05',185,'2015-12-03',2,NULL),(29,19,1,'2015-11-15','2017-11-14',192,'2015-12-03',1,NULL),(30,14,1,'2015-11-20','2016-11-19',197,'2015-12-03',2,NULL);
/*!40000 ALTER TABLE `civicrm_membership_log` ENABLE KEYS */;
UNLOCK TABLES;

--
-- Dumping data for table `civicrm_membership_payment`
--

LOCK TABLES `civicrm_membership_payment` WRITE;
/*!40000 ALTER TABLE `civicrm_membership_payment` DISABLE KEYS */;
INSERT INTO `civicrm_membership_payment` (`id`, `membership_id`, `contribution_id`) VALUES (1,1,14),(2,2,15),(3,3,16),(4,4,17),(5,5,18),(6,6,19),(7,7,20),(8,8,21),(9,9,22),(10,10,23),(11,11,24),(12,12,25),(13,13,26),(14,14,27),(15,15,28),(16,16,29),(17,17,30),(18,18,31),(19,19,32),(20,20,33),(21,21,34),(22,22,35),(23,23,36),(24,24,37),(25,25,38),(26,26,39),(27,27,40),(28,28,41),(29,29,42),(30,30,43);
/*!40000 ALTER TABLE `civicrm_membership_payment` ENABLE KEYS */;
UNLOCK TABLES;

--
-- Dumping data for table `civicrm_membership_status`
--

LOCK TABLES `civicrm_membership_status` WRITE;
/*!40000 ALTER TABLE `civicrm_membership_status` DISABLE KEYS */;
INSERT INTO `civicrm_membership_status` (`id`, `name`, `label`, `start_event`, `start_event_adjust_unit`, `start_event_adjust_interval`, `end_event`, `end_event_adjust_unit`, `end_event_adjust_interval`, `is_current_member`, `is_admin`, `weight`, `is_default`, `is_active`, `is_reserved`) VALUES (1,'New','New','join_date',NULL,NULL,'join_date','month',3,1,0,1,0,1,0),(2,'Current','Current','start_date',NULL,NULL,'end_date',NULL,NULL,1,0,2,1,1,0),(3,'Grace','Grace','end_date',NULL,NULL,'end_date','month',1,1,0,3,0,1,0),(4,'Expired','Expired','end_date','month',1,NULL,NULL,NULL,0,0,4,0,1,0),(5,'Pending','Pending','join_date',NULL,NULL,'join_date',NULL,NULL,0,0,5,0,1,1),(6,'Cancelled','Cancelled','join_date',NULL,NULL,'join_date',NULL,NULL,0,0,6,0,1,1),(7,'Deceased','Deceased',NULL,NULL,NULL,NULL,NULL,NULL,0,1,7,0,1,1);
/*!40000 ALTER TABLE `civicrm_membership_status` ENABLE KEYS */;
UNLOCK TABLES;

--
-- Dumping data for table `civicrm_membership_type`
--

LOCK TABLES `civicrm_membership_type` WRITE;
/*!40000 ALTER TABLE `civicrm_membership_type` DISABLE KEYS */;
INSERT INTO `civicrm_membership_type` (`id`, `domain_id`, `name`, `description`, `member_of_contact_id`, `financial_type_id`, `minimum_fee`, `duration_unit`, `duration_interval`, `period_type`, `fixed_period_start_day`, `fixed_period_rollover_day`, `relationship_type_id`, `relationship_direction`, `max_related`, `visibility`, `weight`, `receipt_text_signup`, `receipt_text_renewal`, `auto_renew`, `is_active`) VALUES (1,1,'General','Regular annual membership.',1,2,100.00,'year',2,'rolling',NULL,NULL,'7','b_a',NULL,'Public',1,NULL,NULL,0,1),(2,1,'Student','Discount membership for full-time students.',1,2,50.00,'year',1,'rolling',NULL,NULL,NULL,NULL,NULL,'Public',2,NULL,NULL,0,1),(3,1,'Lifetime','Lifetime membership.',1,2,1200.00,'lifetime',1,'rolling',NULL,NULL,'7','b_a',NULL,'Admin',3,NULL,NULL,0,1);
/*!40000 ALTER TABLE `civicrm_membership_type` ENABLE KEYS */;
UNLOCK TABLES;

--
-- Dumping data for table `civicrm_menu`
--

LOCK TABLES `civicrm_menu` WRITE;
/*!40000 ALTER TABLE `civicrm_menu` DISABLE KEYS */;
/*!40000 ALTER TABLE `civicrm_menu` ENABLE KEYS */;
UNLOCK TABLES;

--
-- Dumping data for table `civicrm_msg_template`
--

LOCK TABLES `civicrm_msg_template` WRITE;
/*!40000 ALTER TABLE `civicrm_msg_template` DISABLE KEYS */;
INSERT INTO `civicrm_msg_template` (`id`, `msg_title`, `msg_subject`, `msg_text`, `msg_html`, `is_active`, `workflow_id`, `is_default`, `is_reserved`, `is_sms`, `pdf_format_id`) VALUES (1,'Cases - Send Copy of an Activity','{if $idHash}[case #{$idHash}]{/if} {$activitySubject}\n','===========================================================\n{ts}Activity Summary{/ts} - {$activityTypeName}\n===========================================================\n{if $isCaseActivity}\n{ts}Your Case Role(s){/ts} : {$contact.role}\n{if $manageCaseURL}\n{ts}Manage Case{/ts} : {$manageCaseURL}\n{/if}\n{/if}\n\n{if $editActURL}\n{ts}Edit activity{/ts} : {$editActURL}\n{/if}\n{if $viewActURL}\n{ts}View activity{/ts} : {$viewActURL}\n{/if}\n\n{foreach from=$activity.fields item=field}\n{if $field.type eq \'Date\'}\n{$field.label}{if $field.category}({$field.category}){/if} : {$field.value|crmDate:$config->dateformatDatetime}\n{else}\n{$field.label}{if $field.category}({$field.category}){/if} : {$field.value}\n{/if}\n{/foreach}\n\n{foreach from=$activity.customGroups key=customGroupName item=customGroup}\n==========================================================\n{$customGroupName}\n==========================================================\n{foreach from=$customGroup item=field}\n{if $field.type eq \'Date\'}\n{$field.label} : {$field.value|crmDate:$config->dateformatDatetime}\n{else}\n{$field.label} : {$field.value}\n{/if}\n{/foreach}\n\n{/foreach}\n','<!DOCTYPE html PUBLIC \"-//W3C//DTD XHTML 1.0 Transitional//EN\" \"http://www.w3.org/TR/xhtml1/DTD/xhtml1-transitional.dtd\">\n<html xmlns=\"http://www.w3.org/1999/xhtml\">\n<head>\n <meta http-equiv=\"Content-Type\" content=\"text/html; charset=UTF-8\" />\n <title></title>\n</head>\n<body>\n\n{capture assign=headerStyle}colspan=\"2\" style=\"text-align: left; padding: 4px; border-bottom: 1px solid #999; background-color: #eee;\"{/capture}\n{capture assign=labelStyle }style=\"padding: 4px; border-bottom: 1px solid #999; background-color: #f7f7f7;\"{/capture}\n{capture assign=valueStyle }style=\"padding: 4px; border-bottom: 1px solid #999;\"{/capture}\n\n<center>\n <table width=\"620\" border=\"0\" cellpadding=\"0\" cellspacing=\"0\" id=\"crm-event_receipt\" style=\"font-family: Arial, Verdana, sans-serif; text-align: left;\">\n\n  <!-- BEGIN HEADER -->\n  <!-- You can add table row(s) here with logo or other header elements -->\n  <!-- END HEADER -->\n\n  <!-- BEGIN CONTENT -->\n\n  <tr>\n   <td>\n    <table style=\"border: 1px solid #999; margin: 1em 0em 1em; border-collapse: collapse; width:100%;\">\n     <tr>\n      <th {$headerStyle}>\n       {ts}Activity Summary{/ts} - {$activityTypeName}\n      </th>\n     </tr>\n     {if $isCaseActivity}\n      <tr>\n       <td {$labelStyle}>\n        {ts}Your Case Role(s){/ts}\n       </td>\n       <td {$valueStyle}>\n        {$contact.role}\n       </td>\n      </tr>\n      {if $manageCaseURL}\n       <tr>\n       <td colspan=\"2\" {$valueStyle}>\n     <a href=\"{$manageCaseURL}\" title=\"{ts}Manage Case{/ts}\">{ts}Manage Case{/ts}</a>\n       </td>\n       </tr>\n      {/if}\n     {/if}\n     {if $editActURL}\n     <tr>\n       <td colspan=\"2\" {$valueStyle}>\n   <a href=\"{$editActURL}\" title=\"{ts}Edit activity{/ts}\">{ts}Edit activity{/ts}</a>\n       </td>\n     </tr>\n     {/if}\n     {if $viewActURL}\n     <tr>\n       <td colspan=\"2\" {$valueStyle}>\n   <a href=\"{$viewActURL}\" title=\"{ts}View activity{/ts}\">{ts}View activity{/ts}</a>\n       </td>\n     </tr>\n     {/if}\n     {foreach from=$activity.fields item=field}\n      <tr>\n       <td {$labelStyle}>\n        {$field.label}{if $field.category}({$field.category}){/if}\n       </td>\n       <td {$valueStyle}>\n        {if $field.type eq \'Date\'}\n         {$field.value|crmDate:$config->dateformatDatetime}\n        {else}\n         {$field.value}\n        {/if}\n       </td>\n      </tr>\n     {/foreach}\n\n     {foreach from=$activity.customGroups key=customGroupName item=customGroup}\n      <tr>\n       <th {$headerStyle}>\n        {$customGroupName}\n       </th>\n      </tr>\n      {foreach from=$customGroup item=field}\n       <tr>\n        <td {$labelStyle}>\n         {$field.label}\n        </td>\n        <td {$valueStyle}>\n         {if $field.type eq \'Date\'}\n          {$field.value|crmDate:$config->dateformatDatetime}\n         {else}\n          {$field.value}\n         {/if}\n        </td>\n       </tr>\n      {/foreach}\n     {/foreach}\n    </table>\n   </td>\n  </tr>\n </table>\n</center>\n\n</body>\n</html>\n',1,788,1,0,0,NULL),(2,'Cases - Send Copy of an Activity','{if $idHash}[case #{$idHash}]{/if} {$activitySubject}\n','===========================================================\n{ts}Activity Summary{/ts} - {$activityTypeName}\n===========================================================\n{if $isCaseActivity}\n{ts}Your Case Role(s){/ts} : {$contact.role}\n{if $manageCaseURL}\n{ts}Manage Case{/ts} : {$manageCaseURL}\n{/if}\n{/if}\n\n{if $editActURL}\n{ts}Edit activity{/ts} : {$editActURL}\n{/if}\n{if $viewActURL}\n{ts}View activity{/ts} : {$viewActURL}\n{/if}\n\n{foreach from=$activity.fields item=field}\n{if $field.type eq \'Date\'}\n{$field.label}{if $field.category}({$field.category}){/if} : {$field.value|crmDate:$config->dateformatDatetime}\n{else}\n{$field.label}{if $field.category}({$field.category}){/if} : {$field.value}\n{/if}\n{/foreach}\n\n{foreach from=$activity.customGroups key=customGroupName item=customGroup}\n==========================================================\n{$customGroupName}\n==========================================================\n{foreach from=$customGroup item=field}\n{if $field.type eq \'Date\'}\n{$field.label} : {$field.value|crmDate:$config->dateformatDatetime}\n{else}\n{$field.label} : {$field.value}\n{/if}\n{/foreach}\n\n{/foreach}\n','<!DOCTYPE html PUBLIC \"-//W3C//DTD XHTML 1.0 Transitional//EN\" \"http://www.w3.org/TR/xhtml1/DTD/xhtml1-transitional.dtd\">\n<html xmlns=\"http://www.w3.org/1999/xhtml\">\n<head>\n <meta http-equiv=\"Content-Type\" content=\"text/html; charset=UTF-8\" />\n <title></title>\n</head>\n<body>\n\n{capture assign=headerStyle}colspan=\"2\" style=\"text-align: left; padding: 4px; border-bottom: 1px solid #999; background-color: #eee;\"{/capture}\n{capture assign=labelStyle }style=\"padding: 4px; border-bottom: 1px solid #999; background-color: #f7f7f7;\"{/capture}\n{capture assign=valueStyle }style=\"padding: 4px; border-bottom: 1px solid #999;\"{/capture}\n\n<center>\n <table width=\"620\" border=\"0\" cellpadding=\"0\" cellspacing=\"0\" id=\"crm-event_receipt\" style=\"font-family: Arial, Verdana, sans-serif; text-align: left;\">\n\n  <!-- BEGIN HEADER -->\n  <!-- You can add table row(s) here with logo or other header elements -->\n  <!-- END HEADER -->\n\n  <!-- BEGIN CONTENT -->\n\n  <tr>\n   <td>\n    <table style=\"border: 1px solid #999; margin: 1em 0em 1em; border-collapse: collapse; width:100%;\">\n     <tr>\n      <th {$headerStyle}>\n       {ts}Activity Summary{/ts} - {$activityTypeName}\n      </th>\n     </tr>\n     {if $isCaseActivity}\n      <tr>\n       <td {$labelStyle}>\n        {ts}Your Case Role(s){/ts}\n       </td>\n       <td {$valueStyle}>\n        {$contact.role}\n       </td>\n      </tr>\n      {if $manageCaseURL}\n       <tr>\n       <td colspan=\"2\" {$valueStyle}>\n     <a href=\"{$manageCaseURL}\" title=\"{ts}Manage Case{/ts}\">{ts}Manage Case{/ts}</a>\n       </td>\n       </tr>\n      {/if}\n     {/if}\n     {if $editActURL}\n     <tr>\n       <td colspan=\"2\" {$valueStyle}>\n   <a href=\"{$editActURL}\" title=\"{ts}Edit activity{/ts}\">{ts}Edit activity{/ts}</a>\n       </td>\n     </tr>\n     {/if}\n     {if $viewActURL}\n     <tr>\n       <td colspan=\"2\" {$valueStyle}>\n   <a href=\"{$viewActURL}\" title=\"{ts}View activity{/ts}\">{ts}View activity{/ts}</a>\n       </td>\n     </tr>\n     {/if}\n     {foreach from=$activity.fields item=field}\n      <tr>\n       <td {$labelStyle}>\n        {$field.label}{if $field.category}({$field.category}){/if}\n       </td>\n       <td {$valueStyle}>\n        {if $field.type eq \'Date\'}\n         {$field.value|crmDate:$config->dateformatDatetime}\n        {else}\n         {$field.value}\n        {/if}\n       </td>\n      </tr>\n     {/foreach}\n\n     {foreach from=$activity.customGroups key=customGroupName item=customGroup}\n      <tr>\n       <th {$headerStyle}>\n        {$customGroupName}\n       </th>\n      </tr>\n      {foreach from=$customGroup item=field}\n       <tr>\n        <td {$labelStyle}>\n         {$field.label}\n        </td>\n        <td {$valueStyle}>\n         {if $field.type eq \'Date\'}\n          {$field.value|crmDate:$config->dateformatDatetime}\n         {else}\n          {$field.value}\n         {/if}\n        </td>\n       </tr>\n      {/foreach}\n     {/foreach}\n    </table>\n   </td>\n  </tr>\n </table>\n</center>\n\n</body>\n</html>\n',1,788,0,1,0,NULL),(3,'Contributions - Duplicate Organization Alert','{ts}CiviContribute Alert: Possible Duplicate Contact Record{/ts}\n','{ts}A contribution / membership signup was made on behalf of the organization listed below.{/ts}\n{ts}The information provided matched multiple existing database records based on the configured Duplicate Matching Rules for your site.{/ts}\n\n{ts}Organization Name{/ts}: {$onBehalfName}\n{ts}Organization Email{/ts}: {$onBehalfEmail}\n{ts}Organization Contact ID{/ts}: {$onBehalfID}\n\n{ts}If you think this may be a duplicate contact which should be merged with an existing record - Go to \"Contacts >> Find and Merge Duplicate Contacts\". Use the strict rule for Organizations to find the potential duplicates and merge them if appropriate.{/ts}\n\n{if $receiptMessage}\n###########################################################\n{ts}Copy of Contribution Receipt{/ts}\n\n###########################################################\n{$receiptMessage}\n\n{/if}\n','<!DOCTYPE html PUBLIC \"-//W3C//DTD XHTML 1.0 Transitional//EN\" \"http://www.w3.org/TR/xhtml1/DTD/xhtml1-transitional.dtd\">\n<html xmlns=\"http://www.w3.org/1999/xhtml\">\n<head>\n <meta http-equiv=\"Content-Type\" content=\"text/html; charset=UTF-8\" />\n <title></title>\n</head>\n<body>\n\n{capture assign=headerStyle}colspan=\"2\" style=\"text-align: left; padding: 4px; border-bottom: 1px solid #999; background-color: #eee;\"{/capture}\n{capture assign=labelStyle }style=\"padding: 4px; border-bottom: 1px solid #999; background-color: #f7f7f7;\"{/capture}\n{capture assign=valueStyle }style=\"padding: 4px; border-bottom: 1px solid #999;\"{/capture}\n\n<center>\n <table width=\"620\" border=\"0\" cellpadding=\"0\" cellspacing=\"0\" id=\"crm-event_receipt\" style=\"font-family: Arial, Verdana, sans-serif; text-align: left;\">\n\n  <!-- BEGIN HEADER -->\n  <!-- You can add table row(s) here with logo or other header elements -->\n  <!-- END HEADER -->\n\n  <!-- BEGIN CONTENT -->\n\n  <tr>\n   <td>\n    <p>{ts}A contribution / membership signup was made on behalf of the organization listed below.{/ts}</p>\n    <p>{ts}The information provided matched multiple existing database records based on the configured Duplicate Matching Rules for your site.{/ts}</p>\n   </td>\n  </tr>\n  <tr>\n   <td>\n    <table style=\"border: 1px solid #999; margin: 1em 0em 1em; border-collapse: collapse; width:100%;\">\n     <tr>\n      <td {$labelStyle}>\n       {ts}Organization Name{/ts}\n      </td>\n      <td {$valueStyle}>\n       {$onBehalfName}\n      </td>\n     </tr>\n     <tr>\n      <td {$labelStyle}>\n       {ts}Organization Email{/ts}\n      </td>\n      <td {$valueStyle}>\n       {$onBehalfEmail}\n      </td>\n     </tr>\n     <tr>\n      <td {$labelStyle}>\n       {ts}Organization Contact ID{/ts}\n      </td>\n      <td {$valueStyle}>\n       {$onBehalfID}\n      </td>\n     </tr>\n    </table>\n   </td>\n  </tr>\n  <tr>\n   <td>\n    <p>{ts}If you think this may be a duplicate contact which should be merged with an existing record - Go to \"Contacts >> Find and Merge Duplicate Contacts\". Use the strict rule for Organizations to find the potential duplicates and merge them if appropriate.{/ts}</p>\n   </td>\n  </tr>\n  {if $receiptMessage}\n   <tr>\n    <td>\n     <table style=\"border: 1px solid #999; margin: 1em 0em 1em; border-collapse: collapse; width:100%;\">\n      <tr>\n       <th {$headerStyle}>\n        {ts}Copy of Contribution Receipt{/ts}\n       </th>\n      </tr>\n      <tr>\n       <td colspan=\"2\" {$valueStyle}>\n        {* FIXME: the below is most probably not HTML-ised *}\n        {$receiptMessage}\n       </td>\n      </tr>\n     </table>\n    </td>\n   </tr>\n  {/if}\n </table>\n</center>\n\n</body>\n</html>\n',1,789,1,0,0,NULL),(4,'Contributions - Duplicate Organization Alert','{ts}CiviContribute Alert: Possible Duplicate Contact Record{/ts}\n','{ts}A contribution / membership signup was made on behalf of the organization listed below.{/ts}\n{ts}The information provided matched multiple existing database records based on the configured Duplicate Matching Rules for your site.{/ts}\n\n{ts}Organization Name{/ts}: {$onBehalfName}\n{ts}Organization Email{/ts}: {$onBehalfEmail}\n{ts}Organization Contact ID{/ts}: {$onBehalfID}\n\n{ts}If you think this may be a duplicate contact which should be merged with an existing record - Go to \"Contacts >> Find and Merge Duplicate Contacts\". Use the strict rule for Organizations to find the potential duplicates and merge them if appropriate.{/ts}\n\n{if $receiptMessage}\n###########################################################\n{ts}Copy of Contribution Receipt{/ts}\n\n###########################################################\n{$receiptMessage}\n\n{/if}\n','<!DOCTYPE html PUBLIC \"-//W3C//DTD XHTML 1.0 Transitional//EN\" \"http://www.w3.org/TR/xhtml1/DTD/xhtml1-transitional.dtd\">\n<html xmlns=\"http://www.w3.org/1999/xhtml\">\n<head>\n <meta http-equiv=\"Content-Type\" content=\"text/html; charset=UTF-8\" />\n <title></title>\n</head>\n<body>\n\n{capture assign=headerStyle}colspan=\"2\" style=\"text-align: left; padding: 4px; border-bottom: 1px solid #999; background-color: #eee;\"{/capture}\n{capture assign=labelStyle }style=\"padding: 4px; border-bottom: 1px solid #999; background-color: #f7f7f7;\"{/capture}\n{capture assign=valueStyle }style=\"padding: 4px; border-bottom: 1px solid #999;\"{/capture}\n\n<center>\n <table width=\"620\" border=\"0\" cellpadding=\"0\" cellspacing=\"0\" id=\"crm-event_receipt\" style=\"font-family: Arial, Verdana, sans-serif; text-align: left;\">\n\n  <!-- BEGIN HEADER -->\n  <!-- You can add table row(s) here with logo or other header elements -->\n  <!-- END HEADER -->\n\n  <!-- BEGIN CONTENT -->\n\n  <tr>\n   <td>\n    <p>{ts}A contribution / membership signup was made on behalf of the organization listed below.{/ts}</p>\n    <p>{ts}The information provided matched multiple existing database records based on the configured Duplicate Matching Rules for your site.{/ts}</p>\n   </td>\n  </tr>\n  <tr>\n   <td>\n    <table style=\"border: 1px solid #999; margin: 1em 0em 1em; border-collapse: collapse; width:100%;\">\n     <tr>\n      <td {$labelStyle}>\n       {ts}Organization Name{/ts}\n      </td>\n      <td {$valueStyle}>\n       {$onBehalfName}\n      </td>\n     </tr>\n     <tr>\n      <td {$labelStyle}>\n       {ts}Organization Email{/ts}\n      </td>\n      <td {$valueStyle}>\n       {$onBehalfEmail}\n      </td>\n     </tr>\n     <tr>\n      <td {$labelStyle}>\n       {ts}Organization Contact ID{/ts}\n      </td>\n      <td {$valueStyle}>\n       {$onBehalfID}\n      </td>\n     </tr>\n    </table>\n   </td>\n  </tr>\n  <tr>\n   <td>\n    <p>{ts}If you think this may be a duplicate contact which should be merged with an existing record - Go to \"Contacts >> Find and Merge Duplicate Contacts\". Use the strict rule for Organizations to find the potential duplicates and merge them if appropriate.{/ts}</p>\n   </td>\n  </tr>\n  {if $receiptMessage}\n   <tr>\n    <td>\n     <table style=\"border: 1px solid #999; margin: 1em 0em 1em; border-collapse: collapse; width:100%;\">\n      <tr>\n       <th {$headerStyle}>\n        {ts}Copy of Contribution Receipt{/ts}\n       </th>\n      </tr>\n      <tr>\n       <td colspan=\"2\" {$valueStyle}>\n        {* FIXME: the below is most probably not HTML-ised *}\n        {$receiptMessage}\n       </td>\n      </tr>\n     </table>\n    </td>\n   </tr>\n  {/if}\n </table>\n</center>\n\n</body>\n</html>\n',1,789,0,1,0,NULL),(5,'Contributions - Receipt (off-line)','{ts}Contribution Receipt{/ts}\n','{if $formValues.receipt_text}\n{$formValues.receipt_text}\n{else}{ts}Thank you for your support.{/ts}{/if}\n\n{ts}Please print this receipt for your records.{/ts}\n\n\n===========================================================\n{ts}Contribution Information{/ts}\n\n===========================================================\n{ts}Financial Type{/ts}: {$formValues.contributionType_name}\n{if $lineItem}\n{foreach from=$lineItem item=value key=priceset}\n---------------------------------------------------------\n{capture assign=ts_item}{ts}Item{/ts}{/capture}\n{capture assign=ts_qty}{ts}Qty{/ts}{/capture}\n{capture assign=ts_each}{ts}Each{/ts}{/capture}\n{if $getTaxDetails}\n{capture assign=ts_subtotal}{ts}Subtotal{/ts}{/capture}\n{capture assign=ts_taxRate}{ts}Tax Rate{/ts}{/capture}\n{capture assign=ts_taxAmount}{ts}Tax Amount{/ts}{/capture}\n{/if}\n{capture assign=ts_total}{ts}Total{/ts}{/capture}\n{$ts_item|string_format:\"%-30s\"} {$ts_qty|string_format:\"%5s\"} {$ts_each|string_format:\"%10s\"} {if $getTaxDetails} {$ts_subtotal|string_format:\"%10s\"} {$ts_taxRate} {$ts_taxAmount|string_format:\"%10s\"} {/if} {$ts_total|string_format:\"%10s\"}\n----------------------------------------------------------\n{foreach from=$value item=line}\n{capture assign=ts_item}{if $line.html_type eq \'Text\'}{$line.label}{else}{$line.field_title} - {$line.label}{/if} {if $line.description} {$line.description}{/if}{/capture}{$ts_item|truncate:30:\"...\"|string_format:\"%-30s\"} {$line.qty|string_format:\"%5s\"} {$line.unit_price|crmMoney:$currency|string_format:\"%10s\"} {if $getTaxDetails}{$line.unit_price*$line.qty|crmMoney:$currency|string_format:\"%10s\"} {if $line.tax_rate != \"\" || $line.tax_amount != \"\"} {$line.tax_rate|string_format:\"%.2f\"} %   {$line.tax_amount|crmMoney:$currency|string_format:\"%10s\"} {else}                  {/if} {/if}   {$line.line_total+$line.tax_amount|crmMoney:$currency|string_format:\"%10s\"}\n{/foreach}\n{/foreach}\n{/if}\n\n{if $getTaxDetails && $dataArray}\n{ts}Amount before Tax{/ts} : {$formValues.total_amount-$totalTaxAmount|crmMoney:$currency}\n\n{foreach from=$dataArray item=value key=priceset}\n{if $priceset ||  $priceset == 0 || $value != \'\'}\n{$taxTerm} {$priceset|string_format:\"%.2f\"}% : {$value|crmMoney:$currency}\n{else}\n{ts}No{/ts} {$taxTerm} : {$value|crmMoney:$currency}\n{/if}\n{/foreach}\n{/if}\n\n{if isset($totalTaxAmount) && $totalTaxAmount !== \'null\'}\n{ts}Total Tax Amount{/ts} : {$totalTaxAmount|crmMoney:$currency}\n{/if}\n{ts}Total Amount{/ts} : {$formValues.total_amount|crmMoney:$currency}\n{if $receive_date}\n{ts}Date Received{/ts}: {$receive_date|truncate:10:\'\'|crmDate}\n{/if}\n{if $receipt_date}\n{ts}Receipt Date{/ts}: {$receipt_date|truncate:10:\'\'|crmDate}\n{/if}\n{if $formValues.paidBy and !$formValues.hidden_CreditCard}\n{ts}Paid By{/ts}: {$formValues.paidBy}\n{if $formValues.check_number}\n{ts}Check Number{/ts}: {$formValues.check_number}\n{/if}\n{/if}\n{if $formValues.trxn_id}\n{ts}Transaction ID{/ts}: {$formValues.trxn_id}\n{/if}\n\n{if $ccContribution}\n===========================================================\n{ts}Billing Name and Address{/ts}\n\n===========================================================\n{$billingName}\n{$address}\n\n===========================================================\n{ts}Credit Card Information{/ts}\n\n===========================================================\n{$credit_card_type}\n{$credit_card_number}\n{ts}Expires{/ts}: {$credit_card_exp_date|truncate:7:\'\'|crmDate}\n{/if}\n{if $customGroup}\n{foreach from=$customGroup item=value key=customName}\n===========================================================\n{$customName}\n===========================================================\n{foreach from=$value item=v key=n}\n{$n}: {$v}\n{/foreach}\n{/foreach}\n{/if}\n\n{if $softCreditTypes and $softCredits}\n{foreach from=$softCreditTypes item=softCreditType key=n}\n===========================================================\n{$softCreditType}\n===========================================================\n{foreach from=$softCredits.$n item=value key=label}\n{$label}: {$value}\n{/foreach}\n{/foreach}\n{/if}\n\n{if $formValues.product_name}\n===========================================================\n{ts}Premium Information{/ts}\n\n===========================================================\n{$formValues.product_name}\n{if $formValues.product_option}\n{ts}Option{/ts}: {$formValues.product_option}\n{/if}\n{if $formValues.product_sku}\n{ts}SKU{/ts}: {$formValues.product_sku}\n{/if}\n{if $fulfilled_date}\n{ts}Sent{/ts}: {$fulfilled_date|crmDate}\n{/if}\n{/if}\n','<!DOCTYPE html PUBLIC \"-//W3C//DTD XHTML 1.0 Transitional//EN\" \"http://www.w3.org/TR/xhtml1/DTD/xhtml1-transitional.dtd\">\n<html xmlns=\"http://www.w3.org/1999/xhtml\">\n<head>\n <meta http-equiv=\"Content-Type\" content=\"text/html; charset=UTF-8\" />\n <title></title>\n</head>\n<body>\n\n{capture assign=headerStyle}colspan=\"2\" style=\"text-align: left; padding: 4px; border-bottom: 1px solid #999; background-color: #eee;\"{/capture}\n{capture assign=labelStyle }style=\"padding: 4px; border-bottom: 1px solid #999; background-color: #f7f7f7;\"{/capture}\n{capture assign=valueStyle }style=\"padding: 4px; border-bottom: 1px solid #999;\"{/capture}\n\n<center>\n <table width=\"620\" border=\"0\" cellpadding=\"0\" cellspacing=\"0\" id=\"crm-event_receipt\" style=\"font-family: Arial, Verdana, sans-serif; text-align: left;\">\n\n  <!-- BEGIN HEADER -->\n  <!-- You can add table row(s) here with logo or other header elements -->\n  <!-- END HEADER -->\n\n  <!-- BEGIN CONTENT -->\n\n  <tr>\n   <td>\n\n    {if $formValues.receipt_text}\n     <p>{$formValues.receipt_text|htmlize}</p>\n    {else}\n     <p>{ts}Thank you for your support.{/ts}</p>\n    {/if}\n\n    <p>{ts}Please print this receipt for your records.{/ts}</p>\n\n   </td>\n  </tr>\n  <tr>\n   <td>\n    <table style=\"border: 1px solid #999; margin: 1em 0em 1em; border-collapse: collapse; width:100%;\">\n     <tr>\n      <th {$headerStyle}>\n       {ts}Contribution Information{/ts}\n      </th>\n     </tr>\n     <tr>\n      <td {$labelStyle}>\n       {ts}Financial Type{/ts}\n      </td>\n      <td {$valueStyle}>\n       {$formValues.contributionType_name}\n      </td>\n     </tr>\n\n     {if $lineItem and !$is_quick_config}\n      {foreach from=$lineItem item=value key=priceset}\n       <tr>\n        <td colspan=\"2\" {$valueStyle}>\n         <table> {* FIXME: style this table so that it looks like the text version (justification, etc.) *}\n          <tr>\n           <th>{ts}Item{/ts}</th>\n           <th>{ts}Qty{/ts}</th>\n           <th>{ts}Each{/ts}</th>\n           {if $getTaxDetails}\n             <th>{ts}Subtotal{/ts}</th>\n             <th>{ts}Tax Rate{/ts}</th>\n             <th>{ts}Tax Amount{/ts}</th>\n           {/if}\n           <th>{ts}Total{/ts}</th>\n          </tr>\n          {foreach from=$value item=line}\n           <tr>\n            <td>\n            {if $line.html_type eq \'Text\'}{$line.label}{else}{$line.field_title} - {$line.label}{/if} {if $line.description}<div>{$line.description|truncate:30:\"...\"}</div>{/if}\n            </td>\n            <td>\n             {$line.qty}\n            </td>\n            <td>\n             {$line.unit_price|crmMoney:$currency}\n            </td>\n            {if $getTaxDetails}\n              <td>\n                {$line.unit_price*$line.qty|crmMoney:$currency}\n              </td>\n              {if $line.tax_rate != \"\" || $line.tax_amount != \"\"}\n                <td>\n                  {$line.tax_rate|string_format:\"%.2f\"}%\n                </td>\n                <td>\n                  {$line.tax_amount|crmMoney:$currency}\n                </td>\n              {else}\n                <td></td>\n                <td></td>\n              {/if}\n            {/if}\n            <td>\n             {$line.line_total+$line.tax_amount|crmMoney:$currency}\n            </td>\n           </tr>\n          {/foreach}\n         </table>\n        </td>\n       </tr>\n      {/foreach}\n     {/if}\n     {if $getTaxDetails && $dataArray}\n       <tr>\n         <td {$labelStyle}>\n           {ts} Amount before Tax : {/ts}\n         </td>\n         <td {$valueStyle}>\n           {$formValues.total_amount-$totalTaxAmount|crmMoney:$currency}\n         </td>\n       </tr>\n\n      {foreach from=$dataArray item=value key=priceset}\n        <tr>\n        {if $priceset ||  $priceset == 0 || $value != \'\'}\n          <td>&nbsp;{$taxTerm} {$priceset|string_format:\"%.2f\"}%</td>\n          <td>&nbsp;{$value|crmMoney:$currency}</td>\n        {else}\n          <td>&nbsp;{ts}No{/ts} {$taxTerm}</td>\n          <td>&nbsp;{$value|crmMoney:$currency}</td>\n        {/if}\n        </tr>\n      {/foreach}\n     {/if}\n\n     {if isset($totalTaxAmount) && $totalTaxAmount !== \'null\'}\n      <tr>\n        <td {$labelStyle}>\n          {ts}Total Tax Amount{/ts}\n        </td>\n        <td {$valueStyle}>\n          {$totalTaxAmount|crmMoney:$currency}\n        </td>\n      </tr>\n     {/if}\n\n     <tr>\n      <td {$labelStyle}>\n       {ts}Total Amount{/ts}\n      </td>\n      <td {$valueStyle}>\n       {$formValues.total_amount|crmMoney:$currency}\n      </td>\n     </tr>\n\n     {if $receive_date}\n      <tr>\n       <td {$labelStyle}>\n        {ts}Date Received{/ts}\n       </td>\n       <td {$valueStyle}>\n        {$receive_date|truncate:10:\'\'|crmDate}\n       </td>\n      </tr>\n     {/if}\n\n      {if $receipt_date}\n      <tr>\n       <td {$labelStyle}>\n        {ts}Receipt Date{/ts}\n       </td>\n       <td {$valueStyle}>\n        {$receipt_date|truncate:10:\'\'|crmDate}\n       </td>\n      </tr>\n     {/if}\n\n     {if $formValues.paidBy and !$formValues.hidden_CreditCard}\n      <tr>\n       <td {$labelStyle}>\n        {ts}Paid By{/ts}\n       </td>\n       <td {$valueStyle}>\n        {$formValues.paidBy}\n       </td>\n      </tr>\n      {if $formValues.check_number}\n       <tr>\n        <td {$labelStyle}>\n         {ts}Check Number{/ts}\n        </td>\n        <td {$valueStyle}>\n         {$formValues.check_number}\n        </td>\n       </tr>\n      {/if}\n     {/if}\n\n     {if $formValues.trxn_id}\n      <tr>\n       <td {$labelStyle}>\n        {ts}Transaction ID{/ts}\n       </td>\n       <td {$valueStyle}>\n        {$formValues.trxn_id}\n       </td>\n      </tr>\n     {/if}\n\n     {if $ccContribution}\n      <tr>\n       <th {$headerStyle}>\n        {ts}Billing Name and Address{/ts}\n       </th>\n      </tr>\n      <tr>\n       <td colspan=\"2\" {$valueStyle}>\n        {$billingName}<br />\n        {$address|nl2br}\n       </td>\n      </tr>\n      <tr>\n       <th {$headerStyle}>\n        {ts}Credit Card Information{/ts}\n       </th>\n      </tr>\n      <tr>\n       <td colspan=\"2\" {$valueStyle}>\n        {$credit_card_type}<br />\n        {$credit_card_number}<br />\n        {ts}Expires{/ts}: {$credit_card_exp_date|truncate:7:\'\'|crmDate}\n       </td>\n      </tr>\n     {/if}\n\n     {if $softCreditTypes and $softCredits}\n      {foreach from=$softCreditTypes item=softCreditType key=n}\n       <tr>\n        <th {$headerStyle}>\n         {$softCreditType}\n        </th>\n       </tr>\n       {foreach from=$softCredits.$n item=value key=label}\n         <tr>\n          <td {$labelStyle}>\n           {$label}\n          </td>\n          <td {$valueStyle}>\n           {$value}\n          </td>\n         </tr>\n        {/foreach}\n       {/foreach}\n     {/if}\n\n     {if $customGroup}\n      {foreach from=$customGroup item=value key=customName}\n       <tr>\n        <th {$headerStyle}>\n         {$customName}\n        </th>\n       </tr>\n       {foreach from=$value item=v key=n}\n        <tr>\n         <td {$labelStyle}>\n          {$n}\n         </td>\n         <td {$valueStyle}>\n          {$v}\n         </td>\n        </tr>\n       {/foreach}\n      {/foreach}\n     {/if}\n\n     {if $formValues.product_name}\n      <tr>\n       <th {$headerStyle}>\n        {ts}Premium Information{/ts}\n       </th>\n      </tr>\n      <tr>\n       <td colspan=\"2\" {$labelStyle}>\n        {$formValues.product_name}\n       </td>\n      </tr>\n      {if $formValues.product_option}\n       <tr>\n        <td {$labelStyle}>\n         {ts}Option{/ts}\n        </td>\n        <td {$valueStyle}>\n         {$formValues.product_option}\n        </td>\n       </tr>\n      {/if}\n      {if $formValues.product_sku}\n       <tr>\n        <td {$labelStyle}>\n         {ts}SKU{/ts}\n        </td>\n        <td {$valueStyle}>\n         {$formValues.product_sku}\n        </td>\n       </tr>\n      {/if}\n      {if $fulfilled_date}\n       <tr>\n        <td {$labelStyle}>\n         {ts}Sent{/ts}\n        </td>\n        <td {$valueStyle}>\n         {$fulfilled_date|truncate:10:\'\'|crmDate}\n        </td>\n       </tr>\n      {/if}\n     {/if}\n\n    </table>\n   </td>\n  </tr>\n\n </table>\n</center>\n\n</body>\n</html>\n',1,790,1,0,0,NULL),(6,'Contributions - Receipt (off-line)','{ts}Contribution Receipt{/ts}\n','{if $formValues.receipt_text}\n{$formValues.receipt_text}\n{else}{ts}Thank you for your support.{/ts}{/if}\n\n{ts}Please print this receipt for your records.{/ts}\n\n\n===========================================================\n{ts}Contribution Information{/ts}\n\n===========================================================\n{ts}Financial Type{/ts}: {$formValues.contributionType_name}\n{if $lineItem}\n{foreach from=$lineItem item=value key=priceset}\n---------------------------------------------------------\n{capture assign=ts_item}{ts}Item{/ts}{/capture}\n{capture assign=ts_qty}{ts}Qty{/ts}{/capture}\n{capture assign=ts_each}{ts}Each{/ts}{/capture}\n{if $getTaxDetails}\n{capture assign=ts_subtotal}{ts}Subtotal{/ts}{/capture}\n{capture assign=ts_taxRate}{ts}Tax Rate{/ts}{/capture}\n{capture assign=ts_taxAmount}{ts}Tax Amount{/ts}{/capture}\n{/if}\n{capture assign=ts_total}{ts}Total{/ts}{/capture}\n{$ts_item|string_format:\"%-30s\"} {$ts_qty|string_format:\"%5s\"} {$ts_each|string_format:\"%10s\"} {if $getTaxDetails} {$ts_subtotal|string_format:\"%10s\"} {$ts_taxRate} {$ts_taxAmount|string_format:\"%10s\"} {/if} {$ts_total|string_format:\"%10s\"}\n----------------------------------------------------------\n{foreach from=$value item=line}\n{capture assign=ts_item}{if $line.html_type eq \'Text\'}{$line.label}{else}{$line.field_title} - {$line.label}{/if} {if $line.description} {$line.description}{/if}{/capture}{$ts_item|truncate:30:\"...\"|string_format:\"%-30s\"} {$line.qty|string_format:\"%5s\"} {$line.unit_price|crmMoney:$currency|string_format:\"%10s\"} {if $getTaxDetails}{$line.unit_price*$line.qty|crmMoney:$currency|string_format:\"%10s\"} {if $line.tax_rate != \"\" || $line.tax_amount != \"\"} {$line.tax_rate|string_format:\"%.2f\"} %   {$line.tax_amount|crmMoney:$currency|string_format:\"%10s\"} {else}                  {/if} {/if}   {$line.line_total+$line.tax_amount|crmMoney:$currency|string_format:\"%10s\"}\n{/foreach}\n{/foreach}\n{/if}\n\n{if $getTaxDetails && $dataArray}\n{ts}Amount before Tax{/ts} : {$formValues.total_amount-$totalTaxAmount|crmMoney:$currency}\n\n{foreach from=$dataArray item=value key=priceset}\n{if $priceset ||  $priceset == 0 || $value != \'\'}\n{$taxTerm} {$priceset|string_format:\"%.2f\"}% : {$value|crmMoney:$currency}\n{else}\n{ts}No{/ts} {$taxTerm} : {$value|crmMoney:$currency}\n{/if}\n{/foreach}\n{/if}\n\n{if isset($totalTaxAmount) && $totalTaxAmount !== \'null\'}\n{ts}Total Tax Amount{/ts} : {$totalTaxAmount|crmMoney:$currency}\n{/if}\n{ts}Total Amount{/ts} : {$formValues.total_amount|crmMoney:$currency}\n{if $receive_date}\n{ts}Date Received{/ts}: {$receive_date|truncate:10:\'\'|crmDate}\n{/if}\n{if $receipt_date}\n{ts}Receipt Date{/ts}: {$receipt_date|truncate:10:\'\'|crmDate}\n{/if}\n{if $formValues.paidBy and !$formValues.hidden_CreditCard}\n{ts}Paid By{/ts}: {$formValues.paidBy}\n{if $formValues.check_number}\n{ts}Check Number{/ts}: {$formValues.check_number}\n{/if}\n{/if}\n{if $formValues.trxn_id}\n{ts}Transaction ID{/ts}: {$formValues.trxn_id}\n{/if}\n\n{if $ccContribution}\n===========================================================\n{ts}Billing Name and Address{/ts}\n\n===========================================================\n{$billingName}\n{$address}\n\n===========================================================\n{ts}Credit Card Information{/ts}\n\n===========================================================\n{$credit_card_type}\n{$credit_card_number}\n{ts}Expires{/ts}: {$credit_card_exp_date|truncate:7:\'\'|crmDate}\n{/if}\n{if $customGroup}\n{foreach from=$customGroup item=value key=customName}\n===========================================================\n{$customName}\n===========================================================\n{foreach from=$value item=v key=n}\n{$n}: {$v}\n{/foreach}\n{/foreach}\n{/if}\n\n{if $softCreditTypes and $softCredits}\n{foreach from=$softCreditTypes item=softCreditType key=n}\n===========================================================\n{$softCreditType}\n===========================================================\n{foreach from=$softCredits.$n item=value key=label}\n{$label}: {$value}\n{/foreach}\n{/foreach}\n{/if}\n\n{if $formValues.product_name}\n===========================================================\n{ts}Premium Information{/ts}\n\n===========================================================\n{$formValues.product_name}\n{if $formValues.product_option}\n{ts}Option{/ts}: {$formValues.product_option}\n{/if}\n{if $formValues.product_sku}\n{ts}SKU{/ts}: {$formValues.product_sku}\n{/if}\n{if $fulfilled_date}\n{ts}Sent{/ts}: {$fulfilled_date|crmDate}\n{/if}\n{/if}\n','<!DOCTYPE html PUBLIC \"-//W3C//DTD XHTML 1.0 Transitional//EN\" \"http://www.w3.org/TR/xhtml1/DTD/xhtml1-transitional.dtd\">\n<html xmlns=\"http://www.w3.org/1999/xhtml\">\n<head>\n <meta http-equiv=\"Content-Type\" content=\"text/html; charset=UTF-8\" />\n <title></title>\n</head>\n<body>\n\n{capture assign=headerStyle}colspan=\"2\" style=\"text-align: left; padding: 4px; border-bottom: 1px solid #999; background-color: #eee;\"{/capture}\n{capture assign=labelStyle }style=\"padding: 4px; border-bottom: 1px solid #999; background-color: #f7f7f7;\"{/capture}\n{capture assign=valueStyle }style=\"padding: 4px; border-bottom: 1px solid #999;\"{/capture}\n\n<center>\n <table width=\"620\" border=\"0\" cellpadding=\"0\" cellspacing=\"0\" id=\"crm-event_receipt\" style=\"font-family: Arial, Verdana, sans-serif; text-align: left;\">\n\n  <!-- BEGIN HEADER -->\n  <!-- You can add table row(s) here with logo or other header elements -->\n  <!-- END HEADER -->\n\n  <!-- BEGIN CONTENT -->\n\n  <tr>\n   <td>\n\n    {if $formValues.receipt_text}\n     <p>{$formValues.receipt_text|htmlize}</p>\n    {else}\n     <p>{ts}Thank you for your support.{/ts}</p>\n    {/if}\n\n    <p>{ts}Please print this receipt for your records.{/ts}</p>\n\n   </td>\n  </tr>\n  <tr>\n   <td>\n    <table style=\"border: 1px solid #999; margin: 1em 0em 1em; border-collapse: collapse; width:100%;\">\n     <tr>\n      <th {$headerStyle}>\n       {ts}Contribution Information{/ts}\n      </th>\n     </tr>\n     <tr>\n      <td {$labelStyle}>\n       {ts}Financial Type{/ts}\n      </td>\n      <td {$valueStyle}>\n       {$formValues.contributionType_name}\n      </td>\n     </tr>\n\n     {if $lineItem and !$is_quick_config}\n      {foreach from=$lineItem item=value key=priceset}\n       <tr>\n        <td colspan=\"2\" {$valueStyle}>\n         <table> {* FIXME: style this table so that it looks like the text version (justification, etc.) *}\n          <tr>\n           <th>{ts}Item{/ts}</th>\n           <th>{ts}Qty{/ts}</th>\n           <th>{ts}Each{/ts}</th>\n           {if $getTaxDetails}\n             <th>{ts}Subtotal{/ts}</th>\n             <th>{ts}Tax Rate{/ts}</th>\n             <th>{ts}Tax Amount{/ts}</th>\n           {/if}\n           <th>{ts}Total{/ts}</th>\n          </tr>\n          {foreach from=$value item=line}\n           <tr>\n            <td>\n            {if $line.html_type eq \'Text\'}{$line.label}{else}{$line.field_title} - {$line.label}{/if} {if $line.description}<div>{$line.description|truncate:30:\"...\"}</div>{/if}\n            </td>\n            <td>\n             {$line.qty}\n            </td>\n            <td>\n             {$line.unit_price|crmMoney:$currency}\n            </td>\n            {if $getTaxDetails}\n              <td>\n                {$line.unit_price*$line.qty|crmMoney:$currency}\n              </td>\n              {if $line.tax_rate != \"\" || $line.tax_amount != \"\"}\n                <td>\n                  {$line.tax_rate|string_format:\"%.2f\"}%\n                </td>\n                <td>\n                  {$line.tax_amount|crmMoney:$currency}\n                </td>\n              {else}\n                <td></td>\n                <td></td>\n              {/if}\n            {/if}\n            <td>\n             {$line.line_total+$line.tax_amount|crmMoney:$currency}\n            </td>\n           </tr>\n          {/foreach}\n         </table>\n        </td>\n       </tr>\n      {/foreach}\n     {/if}\n     {if $getTaxDetails && $dataArray}\n       <tr>\n         <td {$labelStyle}>\n           {ts} Amount before Tax : {/ts}\n         </td>\n         <td {$valueStyle}>\n           {$formValues.total_amount-$totalTaxAmount|crmMoney:$currency}\n         </td>\n       </tr>\n\n      {foreach from=$dataArray item=value key=priceset}\n        <tr>\n        {if $priceset ||  $priceset == 0 || $value != \'\'}\n          <td>&nbsp;{$taxTerm} {$priceset|string_format:\"%.2f\"}%</td>\n          <td>&nbsp;{$value|crmMoney:$currency}</td>\n        {else}\n          <td>&nbsp;{ts}No{/ts} {$taxTerm}</td>\n          <td>&nbsp;{$value|crmMoney:$currency}</td>\n        {/if}\n        </tr>\n      {/foreach}\n     {/if}\n\n     {if isset($totalTaxAmount) && $totalTaxAmount !== \'null\'}\n      <tr>\n        <td {$labelStyle}>\n          {ts}Total Tax Amount{/ts}\n        </td>\n        <td {$valueStyle}>\n          {$totalTaxAmount|crmMoney:$currency}\n        </td>\n      </tr>\n     {/if}\n\n     <tr>\n      <td {$labelStyle}>\n       {ts}Total Amount{/ts}\n      </td>\n      <td {$valueStyle}>\n       {$formValues.total_amount|crmMoney:$currency}\n      </td>\n     </tr>\n\n     {if $receive_date}\n      <tr>\n       <td {$labelStyle}>\n        {ts}Date Received{/ts}\n       </td>\n       <td {$valueStyle}>\n        {$receive_date|truncate:10:\'\'|crmDate}\n       </td>\n      </tr>\n     {/if}\n\n      {if $receipt_date}\n      <tr>\n       <td {$labelStyle}>\n        {ts}Receipt Date{/ts}\n       </td>\n       <td {$valueStyle}>\n        {$receipt_date|truncate:10:\'\'|crmDate}\n       </td>\n      </tr>\n     {/if}\n\n     {if $formValues.paidBy and !$formValues.hidden_CreditCard}\n      <tr>\n       <td {$labelStyle}>\n        {ts}Paid By{/ts}\n       </td>\n       <td {$valueStyle}>\n        {$formValues.paidBy}\n       </td>\n      </tr>\n      {if $formValues.check_number}\n       <tr>\n        <td {$labelStyle}>\n         {ts}Check Number{/ts}\n        </td>\n        <td {$valueStyle}>\n         {$formValues.check_number}\n        </td>\n       </tr>\n      {/if}\n     {/if}\n\n     {if $formValues.trxn_id}\n      <tr>\n       <td {$labelStyle}>\n        {ts}Transaction ID{/ts}\n       </td>\n       <td {$valueStyle}>\n        {$formValues.trxn_id}\n       </td>\n      </tr>\n     {/if}\n\n     {if $ccContribution}\n      <tr>\n       <th {$headerStyle}>\n        {ts}Billing Name and Address{/ts}\n       </th>\n      </tr>\n      <tr>\n       <td colspan=\"2\" {$valueStyle}>\n        {$billingName}<br />\n        {$address|nl2br}\n       </td>\n      </tr>\n      <tr>\n       <th {$headerStyle}>\n        {ts}Credit Card Information{/ts}\n       </th>\n      </tr>\n      <tr>\n       <td colspan=\"2\" {$valueStyle}>\n        {$credit_card_type}<br />\n        {$credit_card_number}<br />\n        {ts}Expires{/ts}: {$credit_card_exp_date|truncate:7:\'\'|crmDate}\n       </td>\n      </tr>\n     {/if}\n\n     {if $softCreditTypes and $softCredits}\n      {foreach from=$softCreditTypes item=softCreditType key=n}\n       <tr>\n        <th {$headerStyle}>\n         {$softCreditType}\n        </th>\n       </tr>\n       {foreach from=$softCredits.$n item=value key=label}\n         <tr>\n          <td {$labelStyle}>\n           {$label}\n          </td>\n          <td {$valueStyle}>\n           {$value}\n          </td>\n         </tr>\n        {/foreach}\n       {/foreach}\n     {/if}\n\n     {if $customGroup}\n      {foreach from=$customGroup item=value key=customName}\n       <tr>\n        <th {$headerStyle}>\n         {$customName}\n        </th>\n       </tr>\n       {foreach from=$value item=v key=n}\n        <tr>\n         <td {$labelStyle}>\n          {$n}\n         </td>\n         <td {$valueStyle}>\n          {$v}\n         </td>\n        </tr>\n       {/foreach}\n      {/foreach}\n     {/if}\n\n     {if $formValues.product_name}\n      <tr>\n       <th {$headerStyle}>\n        {ts}Premium Information{/ts}\n       </th>\n      </tr>\n      <tr>\n       <td colspan=\"2\" {$labelStyle}>\n        {$formValues.product_name}\n       </td>\n      </tr>\n      {if $formValues.product_option}\n       <tr>\n        <td {$labelStyle}>\n         {ts}Option{/ts}\n        </td>\n        <td {$valueStyle}>\n         {$formValues.product_option}\n        </td>\n       </tr>\n      {/if}\n      {if $formValues.product_sku}\n       <tr>\n        <td {$labelStyle}>\n         {ts}SKU{/ts}\n        </td>\n        <td {$valueStyle}>\n         {$formValues.product_sku}\n        </td>\n       </tr>\n      {/if}\n      {if $fulfilled_date}\n       <tr>\n        <td {$labelStyle}>\n         {ts}Sent{/ts}\n        </td>\n        <td {$valueStyle}>\n         {$fulfilled_date|truncate:10:\'\'|crmDate}\n        </td>\n       </tr>\n      {/if}\n     {/if}\n\n    </table>\n   </td>\n  </tr>\n\n </table>\n</center>\n\n</body>\n</html>\n',1,790,0,1,0,NULL),(7,'Contributions - Receipt (on-line)','{if $is_pay_later}{ts}Invoice{/ts}{else}{ts}Receipt{/ts}{/if} - {$title}\n','{if $receipt_text}\n{$receipt_text}\n{/if}\n{if $is_pay_later}\n\n===========================================================\n{$pay_later_receipt}\n===========================================================\n{else}\n\n{ts}Please print this receipt for your records.{/ts}\n{/if}\n\n{if $amount}\n===========================================================\n{ts}Contribution Information{/ts}\n\n===========================================================\n{if $lineItem and $priceSetID and !$is_quick_config}\n{foreach from=$lineItem item=value key=priceset}\n---------------------------------------------------------\n{capture assign=ts_item}{ts}Item{/ts}{/capture}\n{capture assign=ts_qty}{ts}Qty{/ts}{/capture}\n{capture assign=ts_each}{ts}Each{/ts}{/capture}\n{if $dataArray}\n{capture assign=ts_subtotal}{ts}Subtotal{/ts}{/capture}\n{capture assign=ts_taxRate}{ts}Tax Rate{/ts}{/capture}\n{capture assign=ts_taxAmount}{ts}Tax Amount{/ts}{/capture}\n{/if}\n{capture assign=ts_total}{ts}Total{/ts}{/capture}\n{$ts_item|string_format:\"%-30s\"} {$ts_qty|string_format:\"%5s\"} {$ts_each|string_format:\"%10s\"} {if $dataArray} {$ts_subtotal|string_format:\"%10s\"} {$ts_taxRate} {$ts_taxAmount|string_format:\"%10s\"} {/if} {$ts_total|string_format:\"%10s\"}\n----------------------------------------------------------\n{foreach from=$value item=line}\n{capture assign=ts_item}{if $line.html_type eq \'Text\'}{$line.label}{else}{$line.field_title} - {$line.label}{/if} {if $line.description} {$line.description}{/if}{/capture}{$ts_item|truncate:30:\"...\"|string_format:\"%-30s\"} {$line.qty|string_format:\"%5s\"} {$line.unit_price|crmMoney:$currency|string_format:\"%10s\"} {if $dataArray}{$line.unit_price*$line.qty|crmMoney:$currency|string_format:\"%10s\"} {if $line.tax_rate != \"\" || $line.tax_amount != \"\"}  {$line.tax_rate|string_format:\"%.2f\"} %  {$line.tax_amount|crmMoney:$currency|string_format:\"%10s\"} {else}                  {/if}  {/if} {$line.line_total+$line.tax_amount|crmMoney:$currency|string_format:\"%10s\"}\n{/foreach}\n{/foreach}\n\n{if $dataArray}\n{ts}Amount before Tax{/ts}: {$amount-$totalTaxAmount|crmMoney:$currency}\n\n{foreach from=$dataArray item=value key=priceset}\n{if $priceset || $priceset == 0}\n{$taxTerm} {$priceset|string_format:\"%.2f\"}%: {$value|crmMoney:$currency}\n{else}\n{ts}No{/ts} {$taxTerm}: {$value|crmMoney:$currency}\n{/if}\n{/foreach}\n{/if}\n\n{if $totalTaxAmount}\n{ts}Total Tax Amount{/ts}: {$totalTaxAmount|crmMoney:$currency}\n{/if}\n\n{ts}Total Amount{/ts}: {$amount|crmMoney:$currency}\n{else}\n{ts}Amount{/ts}: {$amount|crmMoney:$currency} {if $amount_level } - {$amount_level} {/if}\n{/if}\n{/if}\n{if $receive_date}\n\n{ts}Date{/ts}: {$receive_date|crmDate}\n{/if}\n{if $is_monetary and $trxn_id}\n{ts}Transaction #{/ts}: {$trxn_id}\n{/if}\n\n{if $is_recur and ($contributeMode eq \'notify\' or $contributeMode eq \'directIPN\')}\n{ts}This is a recurring contribution. You can cancel future contributions at:{/ts}\n\n{$cancelSubscriptionUrl}\n\n{if $updateSubscriptionBillingUrl}\n{ts}You can update billing details for this recurring contribution at:{/ts}\n\n{$updateSubscriptionBillingUrl}\n\n{/if}\n{ts}You can update recurring contribution amount or change the number of installments for this recurring contribution at:{/ts}\n\n{$updateSubscriptionUrl}\n\n{/if}\n\n{if $honor_block_is_active}\n===========================================================\n{$soft_credit_type}\n===========================================================\n{foreach from=$honoreeProfile item=value key=label}\n{$label}: {$value}\n{/foreach}\n{elseif $softCreditTypes and $softCredits}\n{foreach from=$softCreditTypes item=softCreditType key=n}\n===========================================================\n{$softCreditType}\n===========================================================\n{foreach from=$softCredits.$n item=value key=label}\n{$label}: {$value}\n{/foreach}\n{/foreach}\n{/if}\n{if $pcpBlock}\n===========================================================\n{ts}Personal Campaign Page{/ts}\n\n===========================================================\n{ts}Display In Honor Roll{/ts}: {if $pcp_display_in_roll}{ts}Yes{/ts}{else}{ts}No{/ts}{/if}\n\n{if $pcp_roll_nickname}{ts}Nickname{/ts}: {$pcp_roll_nickname}{/if}\n\n{if $pcp_personal_note}{ts}Personal Note{/ts}: {$pcp_personal_note}{/if}\n\n{/if}\n{if $onBehalfProfile}\n===========================================================\n{ts}On Behalf Of{/ts}\n\n===========================================================\n{foreach from=$onBehalfProfile item=onBehalfValue key=onBehalfName}\n{$onBehalfName}: {$onBehalfValue}\n{/foreach}\n{/if}\n\n{if !( $contributeMode eq \'notify\' OR $contributeMode eq \'directIPN\' ) and $is_monetary}\n{if $is_pay_later && !$isBillingAddressRequiredForPayLater}\n===========================================================\n{ts}Registered Email{/ts}\n\n===========================================================\n{$email}\n{elseif $amount GT 0}\n===========================================================\n{ts}Billing Name and Address{/ts}\n\n===========================================================\n{$billingName}\n{$address}\n\n{$email}\n{/if} {* End ! is_pay_later condition. *}\n{/if}\n{if $contributeMode eq \'direct\' AND !$is_pay_later AND $amount GT 0}\n\n===========================================================\n{ts}Credit Card Information{/ts}\n\n===========================================================\n{$credit_card_type}\n{$credit_card_number}\n{ts}Expires{/ts}: {$credit_card_exp_date|truncate:7:\'\'|crmDate}\n{/if}\n\n{if $selectPremium }\n===========================================================\n{ts}Premium Information{/ts}\n\n===========================================================\n{$product_name}\n{if $option}\n{ts}Option{/ts}: {$option}\n{/if}\n{if $sku}\n{ts}SKU{/ts}: {$sku}\n{/if}\n{if $start_date}\n{ts}Start Date{/ts}: {$start_date|crmDate}\n{/if}\n{if $end_date}\n{ts}End Date{/ts}: {$end_date|crmDate}\n{/if}\n{if $contact_email OR $contact_phone}\n\n{ts}For information about this premium, contact:{/ts}\n\n{if $contact_email}\n  {$contact_email}\n{/if}\n{if $contact_phone}\n  {$contact_phone}\n{/if}\n{/if}\n{if $is_deductible AND $price}\n\n{ts 1=$price|crmMoney:$currency}The value of this premium is %1. This may affect the amount of the tax deduction you can claim. Consult your tax advisor for more information.{/ts}{/if}\n{/if}\n\n{if $customPre}\n===========================================================\n{$customPre_grouptitle}\n\n===========================================================\n{foreach from=$customPre item=customValue key=customName}\n{if ( $trackingFields and ! in_array( $customName, $trackingFields ) ) or ! $trackingFields}\n {$customName}: {$customValue}\n{/if}\n{/foreach}\n{/if}\n\n\n{if $customPost}\n===========================================================\n{$customPost_grouptitle}\n\n===========================================================\n{foreach from=$customPost item=customValue key=customName}\n{if ( $trackingFields and ! in_array( $customName, $trackingFields ) ) or ! $trackingFields}\n {$customName}: {$customValue}\n{/if}\n{/foreach}\n{/if}','<!DOCTYPE html PUBLIC \"-//W3C//DTD XHTML 1.0 Transitional//EN\" \"http://www.w3.org/TR/xhtml1/DTD/xhtml1-transitional.dtd\">\n<html xmlns=\"http://www.w3.org/1999/xhtml\">\n<head>\n <meta http-equiv=\"Content-Type\" content=\"text/html; charset=UTF-8\" />\n <title></title>\n</head>\n<body>\n\n{capture assign=headerStyle}colspan=\"2\" style=\"text-align: left; padding: 4px; border-bottom: 1px solid #999; background-color: #eee;\"{/capture}\n{capture assign=labelStyle }style=\"padding: 4px; border-bottom: 1px solid #999; background-color: #f7f7f7;\"{/capture}\n{capture assign=valueStyle }style=\"padding: 4px; border-bottom: 1px solid #999;\"{/capture}\n\n<center>\n <table width=\"500\" border=\"0\" cellpadding=\"0\" cellspacing=\"0\" id=\"crm-event_receipt\" style=\"font-family: Arial, Verdana, sans-serif; text-align: left;\">\n\n  <!-- BEGIN HEADER -->\n  <!-- You can add table row(s) here with logo or other header elements -->\n  <!-- END HEADER -->\n\n  <!-- BEGIN CONTENT -->\n\n  <tr>\n   <td>\n\n    {if $receipt_text}\n     <p>{$receipt_text|htmlize}</p>\n    {/if}\n\n    {if $is_pay_later}\n     <p>{$pay_later_receipt}</p> {* FIXME: this might be text rather than HTML *}\n    {else}\n     <p>{ts}Please print this confirmation for your records.{/ts}</p>\n    {/if}\n\n   </td>\n  </tr>\n  </table>\n  <table width=\"500\" style=\"border: 1px solid #999; margin: 1em 0em 1em; border-collapse: collapse;\">\n\n     {if $amount}\n\n\n      <tr>\n       <th {$headerStyle}>\n        {ts}Contribution Information{/ts}\n       </th>\n      </tr>\n\n      {if $lineItem and $priceSetID and !$is_quick_config}\n\n       {foreach from=$lineItem item=value key=priceset}\n        <tr>\n         <td colspan=\"2\" {$valueStyle}>\n          <table> {* FIXME: style this table so that it looks like the text version (justification, etc.) *}\n           <tr>\n            <th>{ts}Item{/ts}</th>\n            <th>{ts}Qty{/ts}</th>\n            <th>{ts}Each{/ts}</th>\n            {if $dataArray}\n             <th>{ts}Subtotal{/ts}</th>\n             <th>{ts}Tax Rate{/ts}</th>\n             <th>{ts}Tax Amount{/ts}</th>\n            {/if}\n            <th>{ts}Total{/ts}</th>\n           </tr>\n           {foreach from=$value item=line}\n            <tr>\n             <td>\n             {if $line.html_type eq \'Text\'}{$line.label}{else}{$line.field_title} - {$line.label}{/if} {if $line.description}<div>{$line.description|truncate:30:\"...\"}</div>{/if}\n             </td>\n             <td>\n              {$line.qty}\n             </td>\n             <td>\n              {$line.unit_price|crmMoney:$currency}\n             </td>\n             {if $getTaxDetails}\n              <td>\n               {$line.unit_price*$line.qty|crmMoney:$currency}\n              </td>\n              {if $line.tax_rate != \"\" || $line.tax_amount != \"\"}\n               <td>\n                {$line.tax_rate|string_format:\"%.2f\"}%\n               </td>\n               <td>\n                {$line.tax_amount|crmMoney:$currency}\n               </td>\n              {else}\n               <td></td>\n               <td></td>\n              {/if}\n             {/if}\n             <td>\n              {$line.line_total+$line.tax_amount|crmMoney:$currency}\n             </td>\n            </tr>\n           {/foreach}\n          </table>\n         </td>\n        </tr>\n       {/foreach}\n       {if $dataArray}\n        <tr>\n         <td {$labelStyle}>\n          {ts} Amount before Tax : {/ts}\n         </td>\n         <td {$valueStyle}>\n          {$amount-$totalTaxAmount|crmMoney:$currency}\n         </td>\n        </tr>\n\n        {foreach from=$dataArray item=value key=priceset}\n         <tr>\n          {if $priceset || $priceset == 0}\n           <td>&nbsp;{$taxTerm} {$priceset|string_format:\"%.2f\"}%</td>\n           <td>&nbsp;{$value|crmMoney:$currency}</td>\n          {else}\n           <td>&nbsp;{ts}No{/ts} {$taxTerm}</td>\n           <td>&nbsp;{$value|crmMoney:$currency}</td>\n          {/if}\n         </tr>\n        {/foreach}\n\n       {/if}\n       {if $totalTaxAmount}\n        <tr>\n         <td {$labelStyle}>\n          {ts}Total Tax{/ts}\n         </td>\n         <td {$valueStyle}>\n          {$totalTaxAmount|crmMoney:$currency}\n         </td>\n        </tr>\n       {/if}\n       <tr>\n        <td {$labelStyle}>\n         {ts}Total Amount{/ts}\n        </td>\n        <td {$valueStyle}>\n         {$amount|crmMoney:$currency}\n        </td>\n       </tr>\n\n      {else}\n\n      {if $totalTaxAmount}\n         <tr>\n           <td {$labelStyle}>\n             {ts}Total Tax Amount{/ts}\n           </td>\n           <td {$valueStyle}>\n             {$totalTaxAmount|crmMoney:$currency}\n           </td>\n         </tr>\n       {/if}\n       <tr>\n        <td {$labelStyle}>\n         {ts}Amount{/ts}\n        </td>\n        <td {$valueStyle}>\n         {$amount|crmMoney:$currency} {if $amount_level} - {$amount_level}{/if}\n        </td>\n       </tr>\n\n      {/if}\n\n     {/if}\n\n\n     {if $receive_date}\n      <tr>\n       <td {$labelStyle}>\n        {ts}Date{/ts}\n       </td>\n       <td {$valueStyle}>\n        {$receive_date|crmDate}\n       </td>\n      </tr>\n     {/if}\n\n     {if $is_monetary and $trxn_id}\n      <tr>\n       <td {$labelStyle}>\n        {ts}Transaction #{/ts}\n       </td>\n       <td {$valueStyle}>\n        {$trxn_id}\n       </td>\n      </tr>\n     {/if}\n\n     {if $is_recur}\n      {if $contributeMode eq \'notify\' or $contributeMode eq \'directIPN\'}\n       <tr>\n        <td  colspan=\"2\" {$labelStyle}>\n         {ts 1=$cancelSubscriptionUrl}This is a recurring contribution. You can cancel future contributions by <a href=\"%1\">visiting this web page</a>.{/ts}\n        </td>\n        {if $updateSubscriptionBillingUrl}\n         </tr>\n         <tr>\n         <td colspan=\"2\" {$labelStyle}>\n          {ts 1=$updateSubscriptionBillingUrl}You can update billing details for this recurring contribution by <a href=\"%1\">visiting this web page</a>.{/ts}\n         </td>\n        {/if}\n       </tr>\n       <tr>\n        <td colspan=\"2\" {$labelStyle}>\n         {ts 1=$updateSubscriptionUrl}You can update recurring contribution amount or change the number of installments for this recurring contribution by <a href=\"%1\">visiting this web page</a>.{/ts}\n        </td>\n       </tr>\n      {/if}\n     {/if}\n\n     {if $honor_block_is_active}\n      <tr>\n       <th {$headerStyle}>\n        {$soft_credit_type}\n       </th>\n      </tr>\n      {foreach from=$honoreeProfile item=value key=label}\n        <tr>\n         <td {$labelStyle}>\n          {$label}\n         </td>\n         <td {$valueStyle}>\n          {$value}\n         </td>\n        </tr>\n      {/foreach}\n      {elseif $softCreditTypes and $softCredits}\n      {foreach from=$softCreditTypes item=softCreditType key=n}\n       <tr>\n        <th {$headerStyle}>\n         {$softCreditType}\n        </th>\n       </tr>\n       {foreach from=$softCredits.$n item=value key=label}\n         <tr>\n          <td {$labelStyle}>\n           {$label}\n          </td>\n          <td {$valueStyle}>\n           {$value}\n          </td>\n         </tr>\n        {/foreach}\n       {/foreach}\n     {/if}\n\n     {if $pcpBlock}\n      <tr>\n       <th {$headerStyle}>\n        {ts}Personal Campaign Page{/ts}\n       </th>\n      </tr>\n      <tr>\n       <td {$labelStyle}>\n        {ts}Display In Honor Roll{/ts}\n       </td>\n       <td {$valueStyle}>\n        {if $pcp_display_in_roll}{ts}Yes{/ts}{else}{ts}No{/ts}{/if}\n       </td>\n      </tr>\n      {if $pcp_roll_nickname}\n       <tr>\n        <td {$labelStyle}>\n         {ts}Nickname{/ts}\n        </td>\n        <td {$valueStyle}>\n         {$pcp_roll_nickname}\n        </td>\n       </tr>\n      {/if}\n      {if $pcp_personal_note}\n       <tr>\n        <td {$labelStyle}>\n         {ts}Personal Note{/ts}\n        </td>\n        <td {$valueStyle}>\n         {$pcp_personal_note}\n        </td>\n       </tr>\n      {/if}\n     {/if}\n\n     {if $onBehalfProfile}\n      <tr>\n       <th {$headerStyle}>\n        {$onBehalfProfile_grouptitle}\n       </th>\n      </tr>\n      {foreach from=$onBehalfProfile item=onBehalfValue key=onBehalfName}\n        <tr>\n         <td {$labelStyle}>\n          {$onBehalfName}\n         </td>\n         <td {$valueStyle}>\n          {$onBehalfValue}\n         </td>\n        </tr>\n      {/foreach}\n     {/if}\n\n     {if $isShare}\n      <tr>\n        <td colspan=\"2\" {$valueStyle}>\n            {capture assign=contributionUrl}{crmURL p=\'civicrm/contribute/transact\' q=\"reset=1&id=`$contributionPageId`\" a=true fe=1 h=1}{/capture}\n            {include file=\"CRM/common/SocialNetwork.tpl\" emailMode=true url=$contributionUrl title=$title pageURL=$contributionUrl}\n        </td>\n      </tr>\n     {/if}\n\n     {if ! ($contributeMode eq \'notify\' OR $contributeMode eq \'directIPN\') and $is_monetary}\n      {if $is_pay_later && !$isBillingAddressRequiredForPayLater}\n       <tr>\n        <th {$headerStyle}>\n         {ts}Registered Email{/ts}\n        </th>\n       </tr>\n       <tr>\n        <td colspan=\"2\" {$valueStyle}>\n         {$email}\n        </td>\n       </tr>\n      {elseif $amount GT 0}\n       <tr>\n        <th {$headerStyle}>\n         {ts}Billing Name and Address{/ts}\n        </th>\n       </tr>\n       <tr>\n        <td colspan=\"2\" {$valueStyle}>\n         {$billingName}<br />\n         {$address|nl2br}<br />\n         {$email}\n        </td>\n       </tr>\n      {/if}\n     {/if}\n\n     {if $contributeMode eq \'direct\' AND !$is_pay_later AND $amount GT 0}\n      <tr>\n       <th {$headerStyle}>\n        {ts}Credit Card Information{/ts}\n       </th>\n      </tr>\n      <tr>\n       <td colspan=\"2\" {$valueStyle}>\n        {$credit_card_type}<br />\n        {$credit_card_number}<br />\n        {ts}Expires{/ts}: {$credit_card_exp_date|truncate:7:\'\'|crmDate}<br />\n       </td>\n      </tr>\n     {/if}\n\n     {if $selectPremium}\n      <tr>\n       <th {$headerStyle}>\n        {ts}Premium Information{/ts}\n       </th>\n      </tr>\n      <tr>\n       <td colspan=\"2\" {$labelStyle}>\n        {$product_name}\n       </td>\n      </tr>\n      {if $option}\n       <tr>\n        <td {$labelStyle}>\n         {ts}Option{/ts}\n        </td>\n        <td {$valueStyle}>\n         {$option}\n        </td>\n       </tr>\n      {/if}\n      {if $sku}\n       <tr>\n        <td {$labelStyle}>\n         {ts}SKU{/ts}\n        </td>\n        <td {$valueStyle}>\n         {$sku}\n        </td>\n       </tr>\n      {/if}\n      {if $start_date}\n       <tr>\n        <td {$labelStyle}>\n         {ts}Start Date{/ts}\n        </td>\n        <td {$valueStyle}>\n         {$start_date|crmDate}\n        </td>\n       </tr>\n      {/if}\n      {if $end_date}\n       <tr>\n        <td {$labelStyle}>\n         {ts}End Date{/ts}\n        </td>\n        <td {$valueStyle}>\n         {$end_date|crmDate}\n        </td>\n       </tr>\n      {/if}\n      {if $contact_email OR $contact_phone}\n       <tr>\n        <td colspan=\"2\" {$valueStyle}>\n         <p>{ts}For information about this premium, contact:{/ts}</p>\n         {if $contact_email}\n          <p>{$contact_email}</p>\n         {/if}\n         {if $contact_phone}\n          <p>{$contact_phone}</p>\n         {/if}\n        </td>\n       </tr>\n      {/if}\n      {if $is_deductible AND $price}\n        <tr>\n         <td colspan=\"2\" {$valueStyle}>\n          <p>{ts 1=$price|crmMoney:$currency}The value of this premium is %1. This may affect the amount of the tax deduction you can claim. Consult your tax advisor for more information.{/ts}</p>\n         </td>\n        </tr>\n      {/if}\n     {/if}\n\n     {if $customPre}\n      <tr>\n       <th {$headerStyle}>\n        {$customPre_grouptitle}\n       </th>\n      </tr>\n      {foreach from=$customPre item=customValue key=customName}\n       {if ($trackingFields and ! in_array($customName, $trackingFields)) or ! $trackingFields}\n        <tr>\n         <td {$labelStyle}>\n          {$customName}\n         </td>\n         <td {$valueStyle}>\n          {$customValue}\n         </td>\n        </tr>\n       {/if}\n      {/foreach}\n     {/if}\n\n     {if $customPost}\n      <tr>\n       <th {$headerStyle}>\n        {$customPost_grouptitle}\n       </th>\n      </tr>\n      {foreach from=$customPost item=customValue key=customName}\n       {if ($trackingFields and ! in_array($customName, $trackingFields)) or ! $trackingFields}\n        <tr>\n         <td {$labelStyle}>\n          {$customName}\n         </td>\n         <td {$valueStyle}>\n          {$customValue}\n         </td>\n        </tr>\n       {/if}\n      {/foreach}\n     {/if}\n\n  </table>\n</center>\n\n</body>\n</html>\n',1,791,1,0,0,NULL),(8,'Contributions - Receipt (on-line)','{if $is_pay_later}{ts}Invoice{/ts}{else}{ts}Receipt{/ts}{/if} - {$title}\n','{if $receipt_text}\n{$receipt_text}\n{/if}\n{if $is_pay_later}\n\n===========================================================\n{$pay_later_receipt}\n===========================================================\n{else}\n\n{ts}Please print this receipt for your records.{/ts}\n{/if}\n\n{if $amount}\n===========================================================\n{ts}Contribution Information{/ts}\n\n===========================================================\n{if $lineItem and $priceSetID and !$is_quick_config}\n{foreach from=$lineItem item=value key=priceset}\n---------------------------------------------------------\n{capture assign=ts_item}{ts}Item{/ts}{/capture}\n{capture assign=ts_qty}{ts}Qty{/ts}{/capture}\n{capture assign=ts_each}{ts}Each{/ts}{/capture}\n{if $dataArray}\n{capture assign=ts_subtotal}{ts}Subtotal{/ts}{/capture}\n{capture assign=ts_taxRate}{ts}Tax Rate{/ts}{/capture}\n{capture assign=ts_taxAmount}{ts}Tax Amount{/ts}{/capture}\n{/if}\n{capture assign=ts_total}{ts}Total{/ts}{/capture}\n{$ts_item|string_format:\"%-30s\"} {$ts_qty|string_format:\"%5s\"} {$ts_each|string_format:\"%10s\"} {if $dataArray} {$ts_subtotal|string_format:\"%10s\"} {$ts_taxRate} {$ts_taxAmount|string_format:\"%10s\"} {/if} {$ts_total|string_format:\"%10s\"}\n----------------------------------------------------------\n{foreach from=$value item=line}\n{capture assign=ts_item}{if $line.html_type eq \'Text\'}{$line.label}{else}{$line.field_title} - {$line.label}{/if} {if $line.description} {$line.description}{/if}{/capture}{$ts_item|truncate:30:\"...\"|string_format:\"%-30s\"} {$line.qty|string_format:\"%5s\"} {$line.unit_price|crmMoney:$currency|string_format:\"%10s\"} {if $dataArray}{$line.unit_price*$line.qty|crmMoney:$currency|string_format:\"%10s\"} {if $line.tax_rate != \"\" || $line.tax_amount != \"\"}  {$line.tax_rate|string_format:\"%.2f\"} %  {$line.tax_amount|crmMoney:$currency|string_format:\"%10s\"} {else}                  {/if}  {/if} {$line.line_total+$line.tax_amount|crmMoney:$currency|string_format:\"%10s\"}\n{/foreach}\n{/foreach}\n\n{if $dataArray}\n{ts}Amount before Tax{/ts}: {$amount-$totalTaxAmount|crmMoney:$currency}\n\n{foreach from=$dataArray item=value key=priceset}\n{if $priceset || $priceset == 0}\n{$taxTerm} {$priceset|string_format:\"%.2f\"}%: {$value|crmMoney:$currency}\n{else}\n{ts}No{/ts} {$taxTerm}: {$value|crmMoney:$currency}\n{/if}\n{/foreach}\n{/if}\n\n{if $totalTaxAmount}\n{ts}Total Tax Amount{/ts}: {$totalTaxAmount|crmMoney:$currency}\n{/if}\n\n{ts}Total Amount{/ts}: {$amount|crmMoney:$currency}\n{else}\n{ts}Amount{/ts}: {$amount|crmMoney:$currency} {if $amount_level } - {$amount_level} {/if}\n{/if}\n{/if}\n{if $receive_date}\n\n{ts}Date{/ts}: {$receive_date|crmDate}\n{/if}\n{if $is_monetary and $trxn_id}\n{ts}Transaction #{/ts}: {$trxn_id}\n{/if}\n\n{if $is_recur and ($contributeMode eq \'notify\' or $contributeMode eq \'directIPN\')}\n{ts}This is a recurring contribution. You can cancel future contributions at:{/ts}\n\n{$cancelSubscriptionUrl}\n\n{if $updateSubscriptionBillingUrl}\n{ts}You can update billing details for this recurring contribution at:{/ts}\n\n{$updateSubscriptionBillingUrl}\n\n{/if}\n{ts}You can update recurring contribution amount or change the number of installments for this recurring contribution at:{/ts}\n\n{$updateSubscriptionUrl}\n\n{/if}\n\n{if $honor_block_is_active}\n===========================================================\n{$soft_credit_type}\n===========================================================\n{foreach from=$honoreeProfile item=value key=label}\n{$label}: {$value}\n{/foreach}\n{elseif $softCreditTypes and $softCredits}\n{foreach from=$softCreditTypes item=softCreditType key=n}\n===========================================================\n{$softCreditType}\n===========================================================\n{foreach from=$softCredits.$n item=value key=label}\n{$label}: {$value}\n{/foreach}\n{/foreach}\n{/if}\n{if $pcpBlock}\n===========================================================\n{ts}Personal Campaign Page{/ts}\n\n===========================================================\n{ts}Display In Honor Roll{/ts}: {if $pcp_display_in_roll}{ts}Yes{/ts}{else}{ts}No{/ts}{/if}\n\n{if $pcp_roll_nickname}{ts}Nickname{/ts}: {$pcp_roll_nickname}{/if}\n\n{if $pcp_personal_note}{ts}Personal Note{/ts}: {$pcp_personal_note}{/if}\n\n{/if}\n{if $onBehalfProfile}\n===========================================================\n{ts}On Behalf Of{/ts}\n\n===========================================================\n{foreach from=$onBehalfProfile item=onBehalfValue key=onBehalfName}\n{$onBehalfName}: {$onBehalfValue}\n{/foreach}\n{/if}\n\n{if !( $contributeMode eq \'notify\' OR $contributeMode eq \'directIPN\' ) and $is_monetary}\n{if $is_pay_later && !$isBillingAddressRequiredForPayLater}\n===========================================================\n{ts}Registered Email{/ts}\n\n===========================================================\n{$email}\n{elseif $amount GT 0}\n===========================================================\n{ts}Billing Name and Address{/ts}\n\n===========================================================\n{$billingName}\n{$address}\n\n{$email}\n{/if} {* End ! is_pay_later condition. *}\n{/if}\n{if $contributeMode eq \'direct\' AND !$is_pay_later AND $amount GT 0}\n\n===========================================================\n{ts}Credit Card Information{/ts}\n\n===========================================================\n{$credit_card_type}\n{$credit_card_number}\n{ts}Expires{/ts}: {$credit_card_exp_date|truncate:7:\'\'|crmDate}\n{/if}\n\n{if $selectPremium }\n===========================================================\n{ts}Premium Information{/ts}\n\n===========================================================\n{$product_name}\n{if $option}\n{ts}Option{/ts}: {$option}\n{/if}\n{if $sku}\n{ts}SKU{/ts}: {$sku}\n{/if}\n{if $start_date}\n{ts}Start Date{/ts}: {$start_date|crmDate}\n{/if}\n{if $end_date}\n{ts}End Date{/ts}: {$end_date|crmDate}\n{/if}\n{if $contact_email OR $contact_phone}\n\n{ts}For information about this premium, contact:{/ts}\n\n{if $contact_email}\n  {$contact_email}\n{/if}\n{if $contact_phone}\n  {$contact_phone}\n{/if}\n{/if}\n{if $is_deductible AND $price}\n\n{ts 1=$price|crmMoney:$currency}The value of this premium is %1. This may affect the amount of the tax deduction you can claim. Consult your tax advisor for more information.{/ts}{/if}\n{/if}\n\n{if $customPre}\n===========================================================\n{$customPre_grouptitle}\n\n===========================================================\n{foreach from=$customPre item=customValue key=customName}\n{if ( $trackingFields and ! in_array( $customName, $trackingFields ) ) or ! $trackingFields}\n {$customName}: {$customValue}\n{/if}\n{/foreach}\n{/if}\n\n\n{if $customPost}\n===========================================================\n{$customPost_grouptitle}\n\n===========================================================\n{foreach from=$customPost item=customValue key=customName}\n{if ( $trackingFields and ! in_array( $customName, $trackingFields ) ) or ! $trackingFields}\n {$customName}: {$customValue}\n{/if}\n{/foreach}\n{/if}','<!DOCTYPE html PUBLIC \"-//W3C//DTD XHTML 1.0 Transitional//EN\" \"http://www.w3.org/TR/xhtml1/DTD/xhtml1-transitional.dtd\">\n<html xmlns=\"http://www.w3.org/1999/xhtml\">\n<head>\n <meta http-equiv=\"Content-Type\" content=\"text/html; charset=UTF-8\" />\n <title></title>\n</head>\n<body>\n\n{capture assign=headerStyle}colspan=\"2\" style=\"text-align: left; padding: 4px; border-bottom: 1px solid #999; background-color: #eee;\"{/capture}\n{capture assign=labelStyle }style=\"padding: 4px; border-bottom: 1px solid #999; background-color: #f7f7f7;\"{/capture}\n{capture assign=valueStyle }style=\"padding: 4px; border-bottom: 1px solid #999;\"{/capture}\n\n<center>\n <table width=\"500\" border=\"0\" cellpadding=\"0\" cellspacing=\"0\" id=\"crm-event_receipt\" style=\"font-family: Arial, Verdana, sans-serif; text-align: left;\">\n\n  <!-- BEGIN HEADER -->\n  <!-- You can add table row(s) here with logo or other header elements -->\n  <!-- END HEADER -->\n\n  <!-- BEGIN CONTENT -->\n\n  <tr>\n   <td>\n\n    {if $receipt_text}\n     <p>{$receipt_text|htmlize}</p>\n    {/if}\n\n    {if $is_pay_later}\n     <p>{$pay_later_receipt}</p> {* FIXME: this might be text rather than HTML *}\n    {else}\n     <p>{ts}Please print this confirmation for your records.{/ts}</p>\n    {/if}\n\n   </td>\n  </tr>\n  </table>\n  <table width=\"500\" style=\"border: 1px solid #999; margin: 1em 0em 1em; border-collapse: collapse;\">\n\n     {if $amount}\n\n\n      <tr>\n       <th {$headerStyle}>\n        {ts}Contribution Information{/ts}\n       </th>\n      </tr>\n\n      {if $lineItem and $priceSetID and !$is_quick_config}\n\n       {foreach from=$lineItem item=value key=priceset}\n        <tr>\n         <td colspan=\"2\" {$valueStyle}>\n          <table> {* FIXME: style this table so that it looks like the text version (justification, etc.) *}\n           <tr>\n            <th>{ts}Item{/ts}</th>\n            <th>{ts}Qty{/ts}</th>\n            <th>{ts}Each{/ts}</th>\n            {if $dataArray}\n             <th>{ts}Subtotal{/ts}</th>\n             <th>{ts}Tax Rate{/ts}</th>\n             <th>{ts}Tax Amount{/ts}</th>\n            {/if}\n            <th>{ts}Total{/ts}</th>\n           </tr>\n           {foreach from=$value item=line}\n            <tr>\n             <td>\n             {if $line.html_type eq \'Text\'}{$line.label}{else}{$line.field_title} - {$line.label}{/if} {if $line.description}<div>{$line.description|truncate:30:\"...\"}</div>{/if}\n             </td>\n             <td>\n              {$line.qty}\n             </td>\n             <td>\n              {$line.unit_price|crmMoney:$currency}\n             </td>\n             {if $getTaxDetails}\n              <td>\n               {$line.unit_price*$line.qty|crmMoney:$currency}\n              </td>\n              {if $line.tax_rate != \"\" || $line.tax_amount != \"\"}\n               <td>\n                {$line.tax_rate|string_format:\"%.2f\"}%\n               </td>\n               <td>\n                {$line.tax_amount|crmMoney:$currency}\n               </td>\n              {else}\n               <td></td>\n               <td></td>\n              {/if}\n             {/if}\n             <td>\n              {$line.line_total+$line.tax_amount|crmMoney:$currency}\n             </td>\n            </tr>\n           {/foreach}\n          </table>\n         </td>\n        </tr>\n       {/foreach}\n       {if $dataArray}\n        <tr>\n         <td {$labelStyle}>\n          {ts} Amount before Tax : {/ts}\n         </td>\n         <td {$valueStyle}>\n          {$amount-$totalTaxAmount|crmMoney:$currency}\n         </td>\n        </tr>\n\n        {foreach from=$dataArray item=value key=priceset}\n         <tr>\n          {if $priceset || $priceset == 0}\n           <td>&nbsp;{$taxTerm} {$priceset|string_format:\"%.2f\"}%</td>\n           <td>&nbsp;{$value|crmMoney:$currency}</td>\n          {else}\n           <td>&nbsp;{ts}No{/ts} {$taxTerm}</td>\n           <td>&nbsp;{$value|crmMoney:$currency}</td>\n          {/if}\n         </tr>\n        {/foreach}\n\n       {/if}\n       {if $totalTaxAmount}\n        <tr>\n         <td {$labelStyle}>\n          {ts}Total Tax{/ts}\n         </td>\n         <td {$valueStyle}>\n          {$totalTaxAmount|crmMoney:$currency}\n         </td>\n        </tr>\n       {/if}\n       <tr>\n        <td {$labelStyle}>\n         {ts}Total Amount{/ts}\n        </td>\n        <td {$valueStyle}>\n         {$amount|crmMoney:$currency}\n        </td>\n       </tr>\n\n      {else}\n\n      {if $totalTaxAmount}\n         <tr>\n           <td {$labelStyle}>\n             {ts}Total Tax Amount{/ts}\n           </td>\n           <td {$valueStyle}>\n             {$totalTaxAmount|crmMoney:$currency}\n           </td>\n         </tr>\n       {/if}\n       <tr>\n        <td {$labelStyle}>\n         {ts}Amount{/ts}\n        </td>\n        <td {$valueStyle}>\n         {$amount|crmMoney:$currency} {if $amount_level} - {$amount_level}{/if}\n        </td>\n       </tr>\n\n      {/if}\n\n     {/if}\n\n\n     {if $receive_date}\n      <tr>\n       <td {$labelStyle}>\n        {ts}Date{/ts}\n       </td>\n       <td {$valueStyle}>\n        {$receive_date|crmDate}\n       </td>\n      </tr>\n     {/if}\n\n     {if $is_monetary and $trxn_id}\n      <tr>\n       <td {$labelStyle}>\n        {ts}Transaction #{/ts}\n       </td>\n       <td {$valueStyle}>\n        {$trxn_id}\n       </td>\n      </tr>\n     {/if}\n\n     {if $is_recur}\n      {if $contributeMode eq \'notify\' or $contributeMode eq \'directIPN\'}\n       <tr>\n        <td  colspan=\"2\" {$labelStyle}>\n         {ts 1=$cancelSubscriptionUrl}This is a recurring contribution. You can cancel future contributions by <a href=\"%1\">visiting this web page</a>.{/ts}\n        </td>\n        {if $updateSubscriptionBillingUrl}\n         </tr>\n         <tr>\n         <td colspan=\"2\" {$labelStyle}>\n          {ts 1=$updateSubscriptionBillingUrl}You can update billing details for this recurring contribution by <a href=\"%1\">visiting this web page</a>.{/ts}\n         </td>\n        {/if}\n       </tr>\n       <tr>\n        <td colspan=\"2\" {$labelStyle}>\n         {ts 1=$updateSubscriptionUrl}You can update recurring contribution amount or change the number of installments for this recurring contribution by <a href=\"%1\">visiting this web page</a>.{/ts}\n        </td>\n       </tr>\n      {/if}\n     {/if}\n\n     {if $honor_block_is_active}\n      <tr>\n       <th {$headerStyle}>\n        {$soft_credit_type}\n       </th>\n      </tr>\n      {foreach from=$honoreeProfile item=value key=label}\n        <tr>\n         <td {$labelStyle}>\n          {$label}\n         </td>\n         <td {$valueStyle}>\n          {$value}\n         </td>\n        </tr>\n      {/foreach}\n      {elseif $softCreditTypes and $softCredits}\n      {foreach from=$softCreditTypes item=softCreditType key=n}\n       <tr>\n        <th {$headerStyle}>\n         {$softCreditType}\n        </th>\n       </tr>\n       {foreach from=$softCredits.$n item=value key=label}\n         <tr>\n          <td {$labelStyle}>\n           {$label}\n          </td>\n          <td {$valueStyle}>\n           {$value}\n          </td>\n         </tr>\n        {/foreach}\n       {/foreach}\n     {/if}\n\n     {if $pcpBlock}\n      <tr>\n       <th {$headerStyle}>\n        {ts}Personal Campaign Page{/ts}\n       </th>\n      </tr>\n      <tr>\n       <td {$labelStyle}>\n        {ts}Display In Honor Roll{/ts}\n       </td>\n       <td {$valueStyle}>\n        {if $pcp_display_in_roll}{ts}Yes{/ts}{else}{ts}No{/ts}{/if}\n       </td>\n      </tr>\n      {if $pcp_roll_nickname}\n       <tr>\n        <td {$labelStyle}>\n         {ts}Nickname{/ts}\n        </td>\n        <td {$valueStyle}>\n         {$pcp_roll_nickname}\n        </td>\n       </tr>\n      {/if}\n      {if $pcp_personal_note}\n       <tr>\n        <td {$labelStyle}>\n         {ts}Personal Note{/ts}\n        </td>\n        <td {$valueStyle}>\n         {$pcp_personal_note}\n        </td>\n       </tr>\n      {/if}\n     {/if}\n\n     {if $onBehalfProfile}\n      <tr>\n       <th {$headerStyle}>\n        {$onBehalfProfile_grouptitle}\n       </th>\n      </tr>\n      {foreach from=$onBehalfProfile item=onBehalfValue key=onBehalfName}\n        <tr>\n         <td {$labelStyle}>\n          {$onBehalfName}\n         </td>\n         <td {$valueStyle}>\n          {$onBehalfValue}\n         </td>\n        </tr>\n      {/foreach}\n     {/if}\n\n     {if $isShare}\n      <tr>\n        <td colspan=\"2\" {$valueStyle}>\n            {capture assign=contributionUrl}{crmURL p=\'civicrm/contribute/transact\' q=\"reset=1&id=`$contributionPageId`\" a=true fe=1 h=1}{/capture}\n            {include file=\"CRM/common/SocialNetwork.tpl\" emailMode=true url=$contributionUrl title=$title pageURL=$contributionUrl}\n        </td>\n      </tr>\n     {/if}\n\n     {if ! ($contributeMode eq \'notify\' OR $contributeMode eq \'directIPN\') and $is_monetary}\n      {if $is_pay_later && !$isBillingAddressRequiredForPayLater}\n       <tr>\n        <th {$headerStyle}>\n         {ts}Registered Email{/ts}\n        </th>\n       </tr>\n       <tr>\n        <td colspan=\"2\" {$valueStyle}>\n         {$email}\n        </td>\n       </tr>\n      {elseif $amount GT 0}\n       <tr>\n        <th {$headerStyle}>\n         {ts}Billing Name and Address{/ts}\n        </th>\n       </tr>\n       <tr>\n        <td colspan=\"2\" {$valueStyle}>\n         {$billingName}<br />\n         {$address|nl2br}<br />\n         {$email}\n        </td>\n       </tr>\n      {/if}\n     {/if}\n\n     {if $contributeMode eq \'direct\' AND !$is_pay_later AND $amount GT 0}\n      <tr>\n       <th {$headerStyle}>\n        {ts}Credit Card Information{/ts}\n       </th>\n      </tr>\n      <tr>\n       <td colspan=\"2\" {$valueStyle}>\n        {$credit_card_type}<br />\n        {$credit_card_number}<br />\n        {ts}Expires{/ts}: {$credit_card_exp_date|truncate:7:\'\'|crmDate}<br />\n       </td>\n      </tr>\n     {/if}\n\n     {if $selectPremium}\n      <tr>\n       <th {$headerStyle}>\n        {ts}Premium Information{/ts}\n       </th>\n      </tr>\n      <tr>\n       <td colspan=\"2\" {$labelStyle}>\n        {$product_name}\n       </td>\n      </tr>\n      {if $option}\n       <tr>\n        <td {$labelStyle}>\n         {ts}Option{/ts}\n        </td>\n        <td {$valueStyle}>\n         {$option}\n        </td>\n       </tr>\n      {/if}\n      {if $sku}\n       <tr>\n        <td {$labelStyle}>\n         {ts}SKU{/ts}\n        </td>\n        <td {$valueStyle}>\n         {$sku}\n        </td>\n       </tr>\n      {/if}\n      {if $start_date}\n       <tr>\n        <td {$labelStyle}>\n         {ts}Start Date{/ts}\n        </td>\n        <td {$valueStyle}>\n         {$start_date|crmDate}\n        </td>\n       </tr>\n      {/if}\n      {if $end_date}\n       <tr>\n        <td {$labelStyle}>\n         {ts}End Date{/ts}\n        </td>\n        <td {$valueStyle}>\n         {$end_date|crmDate}\n        </td>\n       </tr>\n      {/if}\n      {if $contact_email OR $contact_phone}\n       <tr>\n        <td colspan=\"2\" {$valueStyle}>\n         <p>{ts}For information about this premium, contact:{/ts}</p>\n         {if $contact_email}\n          <p>{$contact_email}</p>\n         {/if}\n         {if $contact_phone}\n          <p>{$contact_phone}</p>\n         {/if}\n        </td>\n       </tr>\n      {/if}\n      {if $is_deductible AND $price}\n        <tr>\n         <td colspan=\"2\" {$valueStyle}>\n          <p>{ts 1=$price|crmMoney:$currency}The value of this premium is %1. This may affect the amount of the tax deduction you can claim. Consult your tax advisor for more information.{/ts}</p>\n         </td>\n        </tr>\n      {/if}\n     {/if}\n\n     {if $customPre}\n      <tr>\n       <th {$headerStyle}>\n        {$customPre_grouptitle}\n       </th>\n      </tr>\n      {foreach from=$customPre item=customValue key=customName}\n       {if ($trackingFields and ! in_array($customName, $trackingFields)) or ! $trackingFields}\n        <tr>\n         <td {$labelStyle}>\n          {$customName}\n         </td>\n         <td {$valueStyle}>\n          {$customValue}\n         </td>\n        </tr>\n       {/if}\n      {/foreach}\n     {/if}\n\n     {if $customPost}\n      <tr>\n       <th {$headerStyle}>\n        {$customPost_grouptitle}\n       </th>\n      </tr>\n      {foreach from=$customPost item=customValue key=customName}\n       {if ($trackingFields and ! in_array($customName, $trackingFields)) or ! $trackingFields}\n        <tr>\n         <td {$labelStyle}>\n          {$customName}\n         </td>\n         <td {$valueStyle}>\n          {$customValue}\n         </td>\n        </tr>\n       {/if}\n      {/foreach}\n     {/if}\n\n  </table>\n</center>\n\n</body>\n</html>\n',1,791,0,1,0,NULL),(9,'Contributions - Invoice','{if $title}\n  {if $component}\n    {if $component == \'event\'}\n      {ts 1=$title}Event Registration Invoice: %1{/ts}\n    {else}\n      {ts 1=$title}Contribution Invoice: %1{/ts}\n    {/if}\n  {/if}\n{else}\n  {ts}Invoice{/ts}\n{/if}\n','{ts}Contribution Invoice{/ts}\n','<!DOCTYPE html PUBLIC \"-//W3C//DTD XHTML 1.0 Transitional//EN\" \"http://www.w3.org/TR/xhtml1/DTD/xhtml1-transitional.dtd\">\n<html xmlns = \"http://www.w3.org/1999/xhtml\">\n  <head>\n    <meta http-equiv = \"Content-Type\" content=\"text/html; charset=UTF-8\" />\n      <title></title>\n  </head>\n  <body>\n    <table style = \"margin-top:2px;padding-left:7px;\">\n      <tr>\n        <td><img src = \"{$resourceBase}/i/civi99.png\" height = \"34px\" width = \"99px\"></td>\n      </tr>\n    </table>\n    <center>\n      <table style = \"padding-right:19px;font-family: Arial, Verdana, sans-serif;\" width = \"500\" height = \"100\" border = \"0\" cellpadding = \"2\" cellspacing = \"1\">\n  <tr>\n    <td style = \"padding-left:15px;\" ><b><font size = \"4\" align = \"center\">{ts}INVOICE{/ts}</font></b></td>\n          <td colspan = \"1\"></td>\n          <td style = \"padding-left:70px;\"><b><font size = \"1\" align = \"center\" >{ts}Invoice Date:{/ts}</font></b></td>\n          <td><font size = \"1\" align = \"right\">{$domain_organization}</font></td>\n  </tr>\n        <tr>\n         {if $organization_name}\n           <td style = \"padding-left:17px;\"><font size = \"1\" align = \"center\" >{$display_name}  ({$organization_name})</font></td>\n         {else}\n           <td style = \"padding-left:15px;\"><font size = \"1\" align = \"center\" >{$display_name}</font></td>\n         {/if}\n         <td colspan = \"1\"></td>\n         <td style = \"padding-left:70px;\"><font size = \"1\" align = \"right\">{$invoice_date}</font></td>\n   <td><font size = \"1\" align = \"right\">\n  {if $domain_street_address }\n    {$domain_street_address}\n  {/if}\n  {if $domain_supplemental_address_1 }{$domain_supplemental_address_1}{/if}</font></td>\n  </tr>\n        <tr>\n          <td style = \"padding-left:17px;\"><font size = \"1\" align = \"center\">{$street_address}   {$supplemental_address_1}</font></td>\n          <td colspan = \"1\"></td>\n          <td style = \"padding-left:70px;\"><b><font size = \"1\" align = \"right\">{ts}Invoice Number:{/ts}</font></b></td>\n    <td ><font size = \"1\" align = \"right\">{if $domain_supplemental_address_2 }{$domain_supplemental_address_2}{/if}\n    {if $domain_state }{$domain_state}{/if}</font></td>\n        </tr>\n        <tr>\n          <td style = \"padding-left:17px;\"><font size = \"1\" align = \"center\">{$supplemental_address_2}  {$stateProvinceAbbreviation}</font></td>\n          <td colspan=\"1\"></td>\n          <td style = \"padding-left:70px;\"><font size = \"1\" align = \"right\">{$invoice_id}</font></td>\n    <td><font size = \"1\" align = \"right\">{if $domain_city}\n    {$domain_city}\n        {/if}\n        {if $domain_postal_code }\n    {$domain_postal_code}\n        {/if}\n    </font></td>\n  </tr>\n  <tr>\n          <td style = \"padding-left:17px;\"><font size = \"1\" align = \"right\">{$city}  {$postal_code}</font></td>\n          <td colspan=\"1\"></td>\n    <td height = \"10\" style = \"padding-left:70px;\"><b><font size = \"1\"align = \"right\">{ts}Reference:{/ts}</font></b></td>\n    <td><font size = \"1\" align = \"right\"> {if $domain_country}\n    {$domain_country}\n        {/if}</font></td>\n  </tr>\n  <tr>\n    <td></td>\n    <td></td>\n    <td style = \"padding-left:70px;\"><font size = \"1\"align = \"right\">{$source}</font></td>\n    <td><font size = \"1\" align = \"right\"> {if $domain_phone}{$domain_phone}{/if}</font> </td>\n  </tr>\n  <tr>\n    <td></td>\n    <td></td>\n    <td></td>\n    <td><font size = \"1\" align = \"right\"> {if $domain_email}\n    {$domain_email}\n         {/if}</font> </td>\n  </tr>\n      </table>\n      <table style = \"margin-top:75px;font-family: Arial, Verdana, sans-serif\" width = \"590\" border = \"0\"cellpadding = \"-5\" cellspacing = \"19\" id = \"desc\">\n  <tr>\n          <td colspan = \"2\" {$valueStyle}>\n            <table> {* FIXME: style this table so that it looks like the text version (justification, etc.) *}\n              <tr>\n                <th style = \"padding-right:34px;text-align:left;font-weight:bold;width:200px;\"><font size = \"1\">{ts}Description{/ts}</font></th>\n                <th style = \"padding-left:34px;text-align:right;font-weight:bold;\" ><font size = \"1\">{ts}Quantity{/ts}</font></th>\n                <th style = \"padding-left:34px;text-align:right;font-weight:bold;\"><font size = \"1\">{ts}Unit Price{/ts}</font></th>\n                <th style = \"padding-left:34px;text-align:right;font-weight:bold;width:20px;\"><font size = \"1\">{$taxTerm} </font></th>\n                <th style = \"padding-left:34px;text-align:right;font-weight:bold;\"><font size = \"1\">{ts 1=$defaultCurrency}Amount %1{/ts}</font></th>\n              </tr>\n              {foreach from=$lineItem item=value key=priceset name=taxpricevalue}\n    {if $smarty.foreach.taxpricevalue.index eq 0}\n            <tr><td  colspan = \"5\" ><hr size=\"3\" style = \"color:#000;\"></hr></td></tr>\n    {else}\n      <tr><td  colspan = \"5\" style = \"color:#F5F5F5;\"><hr></hr></td></tr>\n    {/if}\n                <tr>\n                  <td style=\"text-align:left;\" ><font size = \"1\">\n      {if $value.html_type eq \'Text\'}{$value.label}{else}{$value.field_title} - {$value.label}{/if} {if $value.description}<div>{$value.description|truncate:30:\"...\"}</div>{/if}\n      </font></td>\n      <td style = \"padding-left:34px;text-align:right;\"><font size = \"1\"> {$value.qty}</font></td>\n      <td style = \"padding-left:34px;text-align:right;\"><font size = \"1\"> {$value.unit_price|crmMoney:$currency}</font></td>\n        {if $value.tax_amount != \'\'}\n          <td style = \"padding-left:34px;text-align:right;width:20px;\"><font size = \"1\"> {$value.tax_rate}%</font></td>\n                    {else}\n          <td style = \"padding-left:34px;text-align:right;width:20px;\"><font size = \"1\">{ts 1=$taxTerm}No %1{/ts}</font></td>\n              {/if}\n        <td style = \"padding-left:34px;text-align:right;\"><font size = \"1\">{$value.subTotal|crmMoney:$currency}</font></td>\n    </tr>\n              {/foreach}\n          <tr><td  colspan = \"5\" style = \"color:#F5F5F5;\"><hr></hr></td></tr>\n          <tr>\n      <td colspan = \"3\"></td>\n      <td style = \"padding-left:20px;text-align:right;\"><font size = \"1\">{ts}Sub Total{/ts}</font></td>\n      <td style = \"padding-left:34px;text-align:right;\"><font size = \"1\"> {$subTotal|crmMoney:$currency}</font></td>\n    </tr>\n    {foreach from = $dataArray item = value key = priceset}\n            <tr>\n        <td colspan = \"3\"></td>\n        {if $priceset}\n          <td style = \"padding-left:20px;text-align:right;\"><font size = \"1\"> {ts 1=$taxTerm 2=$priceset}TOTAL %1 %2%{/ts}</font></td>\n          <td style = \"padding-left:34px;text-align:right\"><font size = \"1\" align = \"right\">{$value|crmMoney:$currency}</font> </td>\n                    {elseif $priceset == 0}\n                      <td style = \"padding-left:20px;text-align:right;\"><font size = \"1\">{ts 1=$taxTerm}TOTAL NO %1{/ts}</font></td>\n                      <td style = \"padding-left:34px;text-align:right\"><font size = \"1\" align = \"right\">{$value|crmMoney:$currency}</font> </td>\n                  </tr>\n        {/if}\n    {/foreach}\n          <tr>\n      <td colspan = \"3\"></td>\n      <td colspan = \"2\"><hr></hr></td>\n    </tr>\n\n          <tr>\n      <td colspan = \"3\"></td>\n      <td style = \"padding-left:20px;text-align:right;\"><b><font size = \"1\">{ts 1=$defaultCurrency}TOTAL %1{/ts}</font></b></td>\n      <td style = \"padding-left:34px;text-align:right;\"><font size = \"1\">{$amount|crmMoney:$currency}</font></td>\n    </tr>\n\n    {if $is_pay_later == 0}\n            <tr>\n        <td colspan = \"3\"></td>\n        <td style = \"padding-left:20px;text-align:right;\"><font size = \"1\">\n           {if $contribution_status_id == $refundedStatusId}\n          {ts}LESS Amount Credited{/ts}\n           {else}\n          {ts}LESS Amount Paid{/ts}\n           {/if}\n        </font></td>\n        <td style = \"padding-left:34px;text-align:right;\"><font size = \"1\">{$amount|crmMoney:$currency}</font></td>\n      </tr>\n            <tr>\n        <td colspan = \"3\"></td>\n        <td colspan = \"2\" ><hr></hr></td>\n      </tr>\n            <tr>\n        <td colspan = \"3\"></td>\n        <td style = \"padding-left:20px;text-align:right;\"><b><font size = \"1\">{ts}AMOUNT DUE:{/ts} </font></b></td>\n                    <td style = \"padding-left:34px;text-align:right;\"><b><font size = \"1\">{$amountDue|crmMoney:$currency}</font></b></td>                 <td style = \"padding-left:34px;\"><font size = \"1\" align = \"right\"></fonts></td>\n      </tr>\n    {/if}\n    <br/><br/><br/>\n          <tr>\n      <td colspan = \"3\"></td>\n    </tr>\n          <tr>\n      <td><b><font size = \"1\" align = \"center\">{ts 1=$dueDate}DUE DATE: %1{/ts}</font></b></td>\n      <td colspan = \"3\"></td>\n    </tr>\n            </table>\n          </td>\n        </tr>\n      </table>\n      <table style = \"margin-top:5px;padding-right:45px;\">\n        <tr>\n          <td><img src = \"{$resourceBase}/i/contribute/cut_line.png\" height = \"15\" width = \"630\"></td>\n        </tr>\n      </table>\n  <table style = \"margin-top:6px;padding-right:20px;font-family: Arial, Verdana, sans-serif\" width = \"480\" border = \"0\"cellpadding = \"-5\" cellspacing=\"19\" id = \"desc\">\n    <tr>\n      <td width=\"60%\"><b><font size = \"4\" align = \"right\">{ts}PAYMENT ADVICE{/ts}</font></b> <br/><br/> <font size = \"1\" align = \"right\"><b>{ts}To: {/ts}</b>      <div style=\"width:17em;word-wrap:break-word;\">\n    {$domain_organization} <br />\n    {$domain_street_address} {$domain_supplemental_address_1} <br />\n    {$domain_supplemental_address_2} {$domain_state} <br />\n    {$domain_city} {$domain_postal_code} <br />\n    {$domain_country} <br />\n    {$domain_phone} <br />\n    {$domain_email}</div>\n    </font><br/><br/><font size=\"1\" align=\"right\">{$notes}</font>\n            </td>\n            <td width=\"40%\">\n        <table  cellpadding = \"-10\" cellspacing = \"22\"  align=\"right\" >\n    <tr>\n            <td  colspan = \"2\"></td>\n      <td><font size = \"1\" align = \"right\" style=\"font-weight:bold;\">{ts}Customer: {/ts}</font></td>\n      <td ><font size = \"1\" align = \"right\">{$display_name}</font></td>\n    </tr>\n    <tr>\n      <td colspan = \"2\"></td>\n      <td><font size = \"1\" align = \"right\" style=\"font-weight:bold;\">{ts}Invoice Number: {/ts}</font></td>\n      <td><font size = \"1\" align = \"right\">{$invoice_id}</font></td>\n    </tr>\n    <tr><td  colspan = \"5\"style = \"color:#F5F5F5;\"><hr></hr></td></tr>\n    {if $is_pay_later == 1}\n    <tr>\n                  <td colspan = \"2\"></td>\n                  <td><font size = \"1\" align = \"right\" style=\"font-weight:bold;\">{ts}Amount Due:{/ts}</font></td>\n                  <td><font size = \"1\" align = \"right\" style=\"font-weight:bold;\">{$amount|crmMoney:$currency}</font></td>\n    </tr>\n    {else}\n    <tr>\n      <td colspan = \"2\"></td>\n      <td><font size = \"1\" align = \"right\" style=\"font-weight:bold;\">{ts}Amount Due: {/ts}</font></td>\n      <td><font size = \"1\" align = \"right\" style=\"font-weight:bold;\">{$amountDue|crmMoney:$currency}</font></td>\n    </tr>\n    {/if}\n    <tr>\n      <td colspan = \"2\"></td>\n      <td><font size = \"1\" align = \"right\" style=\"font-weight:bold;\">{ts}Due Date:  {/ts}</font></td>\n      <td><font size = \"1\" align = \"right\">{$dueDate}</font></td>\n    </tr>\n    <tr>\n                  <td colspan = \"5\" style = \"color:#F5F5F5;\"><hr></hr></td>\n                </tr>\n        </table>\n            </td>\n    </tr>\n  </table>\n\n\n      {if $contribution_status_id == $refundedStatusId || $contribution_status_id == $cancelledStatusId}\n    <table style = \"margin-top:2px;padding-left:7px;page-break-before: always;\">\n      <tr>\n        <td><img src = \"{$resourceBase}/i/civi99.png\" height = \"34px\" width = \"99px\"></td>\n      </tr>\n    </table>\n    <center>\n\n      <table style = \"padding-right:19px;font-family: Arial, Verdana, sans-serif\" width = \"500\" height = \"100\" border = \"0\" cellpadding = \"2\" cellspacing = \"1\">\n  <tr>\n          <td style = \"padding-left:15px;\" ><b><font size = \"4\" align = \"center\">{ts}CREDIT NOTE{/ts}</font></b></td>\n          <td colspan = \"1\"></td>\n          <td style = \"padding-left:70px;\"><b><font size = \"1\" align = \"right\">{ts}Date:{/ts}</font></b></td>\n          <td><font size = \"1\" align = \"right\">{$domain_organization}</font></td>\n  </tr>\n        <tr>\n         {if $organization_name}\n           <td style = \"padding-left:17px;\"><font size = \"1\" align = \"center\">{$display_name}  ({$organization_name})</font></td>\n           {else}\n           <td style = \"padding-left:17px;\"><font size = \"1\" align = \"center\">{$display_name}</font></td>\n         {/if}\n         <td colspan = \"1\"></td>\n         <td style = \"padding-left:70px;\"><font size = \"1\" align = \"right\">{$invoice_date}</font></td>\n   <td ><font size = \"1\" align = \"right\">\n  {if $domain_street_address }\n    {$domain_street_address}\n  {/if}\n  {if $domain_supplemental_address_1 }\n    {$domain_supplemental_address_1}\n  {/if}</font></td>\n  </tr>\n        <tr>\n          <td style = \"padding-left:17px;\"><font size = \"1\" align = \"center\">{$street_address}   {$supplemental_address_1}</font></td>\n          <td colspan = \"1\"></td>\n          <td style = \"padding-left:70px;\"><b><font size = \"1\" align = \"right\">{ts}Credit Note Number:{/ts}</font></b></td>\n          <td><font size = \"1\" align = \"right\">{if $domain_supplemental_address_2 }\n    {$domain_supplemental_address_2}\n        {/if}\n        {if $domain_state }\n    {$domain_state}\n        {/if}\n    </font></td>\n        </tr>\n        <tr>\n          <td style = \"padding-left:17px;\"><font size = \"1\" align = \"center\">{$supplemental_address_2}  {$stateProvinceAbbreviation}</font></td>\n          <td colspan=\"1\"></td>\n          <td style = \"padding-left:70px;\"><font size = \"1\" align = \"right\">{$creditnote_id}</font></td>\n    <td ><font size = \"1\" align = \"right\">{if $domain_city}\n     {$domain_city}\n         {/if}\n         {if $domain_postal_code }\n     {$domain_postal_code}\n         {/if}\n    </font></td>\n  </tr>\n  <tr>\n          <td style = \"padding-left:17px;\"><font size = \"1\" align = \"right\">{$city}  {$postal_code}</font></td>\n          <td colspan=\"1\"></td>\n          <td height = \"10\" style = \"padding-left:70px;\"><b><font size = \"1\"align = \"right\">{ts}Reference:{/ts}</font></b></td>\n    <td><font size = \"1\" align = \"right\"> {if $domain_country}\n    {$domain_country}\n        {/if}</font></td>\n  </tr>\n  <tr>\n          <td></td>\n          <td></td>\n          <td style = \"padding-left:70px;\"><font size = \"1\"align = \"right\">{$source}</font></td>\n    <td><font size = \"1\" align = \"right\"> {if $domain_phone}\n    {$domain_phone}\n         {/if}</font> </td>\n  </tr>\n  <tr>\n    <td></td>\n    <td></td>\n    <td></td>\n    <td><font size = \"1\" align = \"right\"> {if $domain_email}\n    {$domain_email}\n        {/if}</font> </td>\n  </tr>\n      </table>\n\n      <table style = \"margin-top:75px;font-family: Arial, Verdana, sans-serif\" width = \"590\" border = \"0\"cellpadding = \"-5\" cellspacing = \"19\" id = \"desc\">\n  <tr>\n          <td colspan = \"2\" {$valueStyle}>\n            <table> {* FIXME: style this table so that it looks like the text version (justification, etc.) *}\n              <tr>\n                <th style = \"padding-right:28px;text-align:left;font-weight:bold;width:200px;\"><font size = \"1\">{ts}Description{/ts}</font></th>\n                <th style = \"padding-left:28px;text-align:right;font-weight:bold;\"><font size = \"1\">{ts}Quantity{/ts}</font></th>\n                <th style = \"padding-left:28px;text-align:right;font-weight:bold;\"><font size = \"1\">{ts}Unit Price{/ts}</font></th>\n                <th style = \"padding-left:28px;text-align:right;font-weight:bold;\"><font size = \"1\">{$taxTerm} </font></th>\n                <th style = \"padding-left:28px;text-align:right;font-weight:bold;\"><font size = \"1\">{ts 1=$defaultCurrency}Amount %1{/ts}</font></th>\n              </tr>\n              {foreach from=$lineItem item=value key=priceset name=pricevalue}\n    {if $smarty.foreach.pricevalue.index eq 0}\n          <tr><td  colspan = \"5\" ><hr size=\"3\" style = \"color:#000;\"></hr></td></tr>\n    {else}\n    <tr><td  colspan = \"5\" style = \"color:#F5F5F5;\"><hr></hr></td></tr>\n    {/if}\n                <tr>\n                  <td style =\"text-align:left;\"  ><font size = \"1\">\n      {if $value.html_type eq \'Text\'}{$value.label}{else}{$value.field_title} - {$value.label}{/if} {if $value.description}<div>{$value.description|truncate:30:\"...\"}</div>{/if}\n      </font></td>\n      <td style = \"padding-left:28px;text-align:right;\"><font size = \"1\"> {$value.qty}</font></td>\n      <td style = \"padding-left:28px;text-align:right;\"><font size = \"1\"> {$value.unit_price|crmMoney:$currency}</font></td>\n        {if $value.tax_amount != \'\'}\n          <td style = \"padding-left:28px;text-align:right;\"><font size = \"1\"> {$value.tax_rate}%</font></td>\n                    {else}\n          <td style = \"padding-left:28px;text-align:right\"><font size = \"1\" >{ts 1=$taxTerm}No %1{/ts}</font></td>\n              {/if}\n       <td style = \"padding-left:28px;text-align:right;\"><font size = \"1\" >{$value.subTotal|crmMoney:$currency}</font></td>\n    </tr>\n                {/foreach}\n          <tr><td  colspan = \"5\" style = \"color:#F5F5F5;\"><hr></hr></td></tr>\n          <tr>\n      <td colspan = \"3\"></td>\n      <td style = \"padding-left:28px;text-align:right;\"><font size = \"1\">{ts}Sub Total{/ts}</font></td>\n      <td style = \"padding-left:28px;text-align:right;\"><font size = \"1\"> {$subTotal|crmMoney:$currency}</font></td>\n    </tr>\n    {foreach from = $dataArray item = value key = priceset}\n            <tr>\n        <td colspan = \"3\"></td>\n        {if $priceset}\n          <td style = \"padding-left:28px;text-align:right;\"><font size = \"1\"> {ts 1=$taxTerm 2=$priceset}TOTAL %1 %2%{/ts}</font></td>\n          <td style = \"padding-left:28px;text-align:right;\"><font size = \"1\" align = \"right\">{$value|crmMoney:$currency}</font> </td>\n                    {elseif $priceset == 0}\n                      <td style = \"padding-left:28px;text-align:right;\"><font size = \"1\">{ts 1=$taxTerm}TOTAL NO %1{/ts}</font></td>\n                      <td style = \"padding-left:28px;text-align:right;\"><font size = \"1\" align = \"right\">{$value|crmMoney:$currency}</font> </td>\n                  </tr>\n        {/if}\n    {/foreach}\n          <tr>\n      <td colspan = \"3\"></td>\n      <td colspan = \"2\"><hr></hr></td>\n    </tr>\n\n          <tr>\n      <td colspan = \"3\"></td>\n      <td style = \"padding-left:28px;text-align:right;\"><b><font size = \"1\">{ts 1=$defaultCurrency}TOTAL %1{/ts}</font></b></td>\n      <td style = \"padding-left:28px;text-align:right;\"><font size = \"1\">{$amount|crmMoney:$currency}</font></td>\n    </tr>\n\n    {if $is_pay_later == 0}\n            <tr>\n        <td colspan = \"3\"></td>\n        <td style = \"padding-left:28px;text-align:right;\"><font size = \"1\" >{ts}LESS Credit to invoice(s){/ts}</font></td>\n        <td style = \"padding-left:28px;text-align:right;\"><font size = \"1\">{$amount|crmMoney:$currency}</font></td>\n      </tr>\n            <tr>\n        <td colspan = \"3\"></td>\n        <td colspan = \"2\" ><hr></hr></td>\n      </tr>\n            <tr>\n        <td colspan = \"3\"></td>\n        <td style = \"padding-left:28px;text-align:right;\"><b><font size = \"1\">{ts}REMAINING CREDIT{/ts}</font></b></td>\n        <td style = \"padding-left:28px;text-align:right;\"><b><font size = \"1\">{$amountDue|crmMoney:$currency}</font></b></td>\n        <td style = \"padding-left:28px;\"><font size = \"1\" align = \"right\"></fonts></td>\n      </tr>\n    {/if}\n    <br/><br/><br/>\n          <tr>\n      <td colspan = \"3\"></td>\n    </tr>\n          <tr>\n      <td></td>\n      <td colspan = \"3\"></td>\n    </tr>\n            </table>\n          </td>\n        </tr>\n      </table>\n\n      <table style = \"margin-top:5px;padding-right:45px;\">\n        <tr>\n          <td><img src = \"{$resourceBase}/i/contribute/cut_line.png\" height = \"15\" width = \"630\"></td>\n        </tr>\n      </table>\n\n  <table style = \"margin-top:6px;padding-right:20px;font-family: Arial, Verdana, sans-serif\" width = \"507\" border = \"0\"cellpadding = \"-5\" cellspacing=\"19\" id = \"desc\">\n    <tr>\n      <td width=\"60%\"><font size = \"4\" align = \"right\"><b>{ts}CREDIT ADVICE{/ts}</b><br/><br /><div  style=\"font-size:10px;max-width:300px;\">{ts}Please do not pay on this advice. Deduct the amount of this Credit Note from your next payment to us{/ts}</div><br/></font></td>\n      <td width=\"40%\">\n              <table    align=\"right\" >\n    <tr>\n            <td colspan = \"2\"></td>\n      <td><font size = \"1\" align = \"right\" style=\"font-weight:bold;\">{ts}Customer:{/ts} </font></td>\n      <td><font size = \"1\" align = \"right\" >{$display_name}</font></td>\n    </tr>\n    <tr>\n      <td colspan = \"2\"></td>\n      <td><font size = \"1\" align = \"right\" style=\"font-weight:bold;\">{ts}Credit Note#:{/ts} </font></td>\n      <td><font size = \"1\" align = \"right\">{$creditnote_id}</font></td>\n    </tr>\n    <tr><td  colspan = \"5\"style = \"color:#F5F5F5;\"><hr></hr></td></tr>\n    <tr>\n                  <td colspan = \"2\"></td>\n      <td><font size = \"1\" align = \"right\" style=\"font-weight:bold;\">{ts}Credit Amount:{/ts}</font></td>\n      <td width=\'50px\'><font size = \"1\" align = \"right\" style=\"font-weight:bold;\">{$amount|crmMoney:$currency}</font></td>\n    </tr>\n              </table>\n            </td>\n    </tr>\n  </table>\n {/if}\n    </center>\n  </body>\n</html>\n',1,792,1,0,0,NULL),(10,'Contributions - Invoice','{if $title}\n  {if $component}\n    {if $component == \'event\'}\n      {ts 1=$title}Event Registration Invoice: %1{/ts}\n    {else}\n      {ts 1=$title}Contribution Invoice: %1{/ts}\n    {/if}\n  {/if}\n{else}\n  {ts}Invoice{/ts}\n{/if}\n','{ts}Contribution Invoice{/ts}\n','<!DOCTYPE html PUBLIC \"-//W3C//DTD XHTML 1.0 Transitional//EN\" \"http://www.w3.org/TR/xhtml1/DTD/xhtml1-transitional.dtd\">\n<html xmlns = \"http://www.w3.org/1999/xhtml\">\n  <head>\n    <meta http-equiv = \"Content-Type\" content=\"text/html; charset=UTF-8\" />\n      <title></title>\n  </head>\n  <body>\n    <table style = \"margin-top:2px;padding-left:7px;\">\n      <tr>\n        <td><img src = \"{$resourceBase}/i/civi99.png\" height = \"34px\" width = \"99px\"></td>\n      </tr>\n    </table>\n    <center>\n      <table style = \"padding-right:19px;font-family: Arial, Verdana, sans-serif;\" width = \"500\" height = \"100\" border = \"0\" cellpadding = \"2\" cellspacing = \"1\">\n  <tr>\n    <td style = \"padding-left:15px;\" ><b><font size = \"4\" align = \"center\">{ts}INVOICE{/ts}</font></b></td>\n          <td colspan = \"1\"></td>\n          <td style = \"padding-left:70px;\"><b><font size = \"1\" align = \"center\" >{ts}Invoice Date:{/ts}</font></b></td>\n          <td><font size = \"1\" align = \"right\">{$domain_organization}</font></td>\n  </tr>\n        <tr>\n         {if $organization_name}\n           <td style = \"padding-left:17px;\"><font size = \"1\" align = \"center\" >{$display_name}  ({$organization_name})</font></td>\n         {else}\n           <td style = \"padding-left:15px;\"><font size = \"1\" align = \"center\" >{$display_name}</font></td>\n         {/if}\n         <td colspan = \"1\"></td>\n         <td style = \"padding-left:70px;\"><font size = \"1\" align = \"right\">{$invoice_date}</font></td>\n   <td><font size = \"1\" align = \"right\">\n  {if $domain_street_address }\n    {$domain_street_address}\n  {/if}\n  {if $domain_supplemental_address_1 }{$domain_supplemental_address_1}{/if}</font></td>\n  </tr>\n        <tr>\n          <td style = \"padding-left:17px;\"><font size = \"1\" align = \"center\">{$street_address}   {$supplemental_address_1}</font></td>\n          <td colspan = \"1\"></td>\n          <td style = \"padding-left:70px;\"><b><font size = \"1\" align = \"right\">{ts}Invoice Number:{/ts}</font></b></td>\n    <td ><font size = \"1\" align = \"right\">{if $domain_supplemental_address_2 }{$domain_supplemental_address_2}{/if}\n    {if $domain_state }{$domain_state}{/if}</font></td>\n        </tr>\n        <tr>\n          <td style = \"padding-left:17px;\"><font size = \"1\" align = \"center\">{$supplemental_address_2}  {$stateProvinceAbbreviation}</font></td>\n          <td colspan=\"1\"></td>\n          <td style = \"padding-left:70px;\"><font size = \"1\" align = \"right\">{$invoice_id}</font></td>\n    <td><font size = \"1\" align = \"right\">{if $domain_city}\n    {$domain_city}\n        {/if}\n        {if $domain_postal_code }\n    {$domain_postal_code}\n        {/if}\n    </font></td>\n  </tr>\n  <tr>\n          <td style = \"padding-left:17px;\"><font size = \"1\" align = \"right\">{$city}  {$postal_code}</font></td>\n          <td colspan=\"1\"></td>\n    <td height = \"10\" style = \"padding-left:70px;\"><b><font size = \"1\"align = \"right\">{ts}Reference:{/ts}</font></b></td>\n    <td><font size = \"1\" align = \"right\"> {if $domain_country}\n    {$domain_country}\n        {/if}</font></td>\n  </tr>\n  <tr>\n    <td></td>\n    <td></td>\n    <td style = \"padding-left:70px;\"><font size = \"1\"align = \"right\">{$source}</font></td>\n    <td><font size = \"1\" align = \"right\"> {if $domain_phone}{$domain_phone}{/if}</font> </td>\n  </tr>\n  <tr>\n    <td></td>\n    <td></td>\n    <td></td>\n    <td><font size = \"1\" align = \"right\"> {if $domain_email}\n    {$domain_email}\n         {/if}</font> </td>\n  </tr>\n      </table>\n      <table style = \"margin-top:75px;font-family: Arial, Verdana, sans-serif\" width = \"590\" border = \"0\"cellpadding = \"-5\" cellspacing = \"19\" id = \"desc\">\n  <tr>\n          <td colspan = \"2\" {$valueStyle}>\n            <table> {* FIXME: style this table so that it looks like the text version (justification, etc.) *}\n              <tr>\n                <th style = \"padding-right:34px;text-align:left;font-weight:bold;width:200px;\"><font size = \"1\">{ts}Description{/ts}</font></th>\n                <th style = \"padding-left:34px;text-align:right;font-weight:bold;\" ><font size = \"1\">{ts}Quantity{/ts}</font></th>\n                <th style = \"padding-left:34px;text-align:right;font-weight:bold;\"><font size = \"1\">{ts}Unit Price{/ts}</font></th>\n                <th style = \"padding-left:34px;text-align:right;font-weight:bold;width:20px;\"><font size = \"1\">{$taxTerm} </font></th>\n                <th style = \"padding-left:34px;text-align:right;font-weight:bold;\"><font size = \"1\">{ts 1=$defaultCurrency}Amount %1{/ts}</font></th>\n              </tr>\n              {foreach from=$lineItem item=value key=priceset name=taxpricevalue}\n    {if $smarty.foreach.taxpricevalue.index eq 0}\n            <tr><td  colspan = \"5\" ><hr size=\"3\" style = \"color:#000;\"></hr></td></tr>\n    {else}\n      <tr><td  colspan = \"5\" style = \"color:#F5F5F5;\"><hr></hr></td></tr>\n    {/if}\n                <tr>\n                  <td style=\"text-align:left;\" ><font size = \"1\">\n      {if $value.html_type eq \'Text\'}{$value.label}{else}{$value.field_title} - {$value.label}{/if} {if $value.description}<div>{$value.description|truncate:30:\"...\"}</div>{/if}\n      </font></td>\n      <td style = \"padding-left:34px;text-align:right;\"><font size = \"1\"> {$value.qty}</font></td>\n      <td style = \"padding-left:34px;text-align:right;\"><font size = \"1\"> {$value.unit_price|crmMoney:$currency}</font></td>\n        {if $value.tax_amount != \'\'}\n          <td style = \"padding-left:34px;text-align:right;width:20px;\"><font size = \"1\"> {$value.tax_rate}%</font></td>\n                    {else}\n          <td style = \"padding-left:34px;text-align:right;width:20px;\"><font size = \"1\">{ts 1=$taxTerm}No %1{/ts}</font></td>\n              {/if}\n        <td style = \"padding-left:34px;text-align:right;\"><font size = \"1\">{$value.subTotal|crmMoney:$currency}</font></td>\n    </tr>\n              {/foreach}\n          <tr><td  colspan = \"5\" style = \"color:#F5F5F5;\"><hr></hr></td></tr>\n          <tr>\n      <td colspan = \"3\"></td>\n      <td style = \"padding-left:20px;text-align:right;\"><font size = \"1\">{ts}Sub Total{/ts}</font></td>\n      <td style = \"padding-left:34px;text-align:right;\"><font size = \"1\"> {$subTotal|crmMoney:$currency}</font></td>\n    </tr>\n    {foreach from = $dataArray item = value key = priceset}\n            <tr>\n        <td colspan = \"3\"></td>\n        {if $priceset}\n          <td style = \"padding-left:20px;text-align:right;\"><font size = \"1\"> {ts 1=$taxTerm 2=$priceset}TOTAL %1 %2%{/ts}</font></td>\n          <td style = \"padding-left:34px;text-align:right\"><font size = \"1\" align = \"right\">{$value|crmMoney:$currency}</font> </td>\n                    {elseif $priceset == 0}\n                      <td style = \"padding-left:20px;text-align:right;\"><font size = \"1\">{ts 1=$taxTerm}TOTAL NO %1{/ts}</font></td>\n                      <td style = \"padding-left:34px;text-align:right\"><font size = \"1\" align = \"right\">{$value|crmMoney:$currency}</font> </td>\n                  </tr>\n        {/if}\n    {/foreach}\n          <tr>\n      <td colspan = \"3\"></td>\n      <td colspan = \"2\"><hr></hr></td>\n    </tr>\n\n          <tr>\n      <td colspan = \"3\"></td>\n      <td style = \"padding-left:20px;text-align:right;\"><b><font size = \"1\">{ts 1=$defaultCurrency}TOTAL %1{/ts}</font></b></td>\n      <td style = \"padding-left:34px;text-align:right;\"><font size = \"1\">{$amount|crmMoney:$currency}</font></td>\n    </tr>\n\n    {if $is_pay_later == 0}\n            <tr>\n        <td colspan = \"3\"></td>\n        <td style = \"padding-left:20px;text-align:right;\"><font size = \"1\">\n           {if $contribution_status_id == $refundedStatusId}\n          {ts}LESS Amount Credited{/ts}\n           {else}\n          {ts}LESS Amount Paid{/ts}\n           {/if}\n        </font></td>\n        <td style = \"padding-left:34px;text-align:right;\"><font size = \"1\">{$amount|crmMoney:$currency}</font></td>\n      </tr>\n            <tr>\n        <td colspan = \"3\"></td>\n        <td colspan = \"2\" ><hr></hr></td>\n      </tr>\n            <tr>\n        <td colspan = \"3\"></td>\n        <td style = \"padding-left:20px;text-align:right;\"><b><font size = \"1\">{ts}AMOUNT DUE:{/ts} </font></b></td>\n                    <td style = \"padding-left:34px;text-align:right;\"><b><font size = \"1\">{$amountDue|crmMoney:$currency}</font></b></td>                 <td style = \"padding-left:34px;\"><font size = \"1\" align = \"right\"></fonts></td>\n      </tr>\n    {/if}\n    <br/><br/><br/>\n          <tr>\n      <td colspan = \"3\"></td>\n    </tr>\n          <tr>\n      <td><b><font size = \"1\" align = \"center\">{ts 1=$dueDate}DUE DATE: %1{/ts}</font></b></td>\n      <td colspan = \"3\"></td>\n    </tr>\n            </table>\n          </td>\n        </tr>\n      </table>\n      <table style = \"margin-top:5px;padding-right:45px;\">\n        <tr>\n          <td><img src = \"{$resourceBase}/i/contribute/cut_line.png\" height = \"15\" width = \"630\"></td>\n        </tr>\n      </table>\n  <table style = \"margin-top:6px;padding-right:20px;font-family: Arial, Verdana, sans-serif\" width = \"480\" border = \"0\"cellpadding = \"-5\" cellspacing=\"19\" id = \"desc\">\n    <tr>\n      <td width=\"60%\"><b><font size = \"4\" align = \"right\">{ts}PAYMENT ADVICE{/ts}</font></b> <br/><br/> <font size = \"1\" align = \"right\"><b>{ts}To: {/ts}</b>      <div style=\"width:17em;word-wrap:break-word;\">\n    {$domain_organization} <br />\n    {$domain_street_address} {$domain_supplemental_address_1} <br />\n    {$domain_supplemental_address_2} {$domain_state} <br />\n    {$domain_city} {$domain_postal_code} <br />\n    {$domain_country} <br />\n    {$domain_phone} <br />\n    {$domain_email}</div>\n    </font><br/><br/><font size=\"1\" align=\"right\">{$notes}</font>\n            </td>\n            <td width=\"40%\">\n        <table  cellpadding = \"-10\" cellspacing = \"22\"  align=\"right\" >\n    <tr>\n            <td  colspan = \"2\"></td>\n      <td><font size = \"1\" align = \"right\" style=\"font-weight:bold;\">{ts}Customer: {/ts}</font></td>\n      <td ><font size = \"1\" align = \"right\">{$display_name}</font></td>\n    </tr>\n    <tr>\n      <td colspan = \"2\"></td>\n      <td><font size = \"1\" align = \"right\" style=\"font-weight:bold;\">{ts}Invoice Number: {/ts}</font></td>\n      <td><font size = \"1\" align = \"right\">{$invoice_id}</font></td>\n    </tr>\n    <tr><td  colspan = \"5\"style = \"color:#F5F5F5;\"><hr></hr></td></tr>\n    {if $is_pay_later == 1}\n    <tr>\n                  <td colspan = \"2\"></td>\n                  <td><font size = \"1\" align = \"right\" style=\"font-weight:bold;\">{ts}Amount Due:{/ts}</font></td>\n                  <td><font size = \"1\" align = \"right\" style=\"font-weight:bold;\">{$amount|crmMoney:$currency}</font></td>\n    </tr>\n    {else}\n    <tr>\n      <td colspan = \"2\"></td>\n      <td><font size = \"1\" align = \"right\" style=\"font-weight:bold;\">{ts}Amount Due: {/ts}</font></td>\n      <td><font size = \"1\" align = \"right\" style=\"font-weight:bold;\">{$amountDue|crmMoney:$currency}</font></td>\n    </tr>\n    {/if}\n    <tr>\n      <td colspan = \"2\"></td>\n      <td><font size = \"1\" align = \"right\" style=\"font-weight:bold;\">{ts}Due Date:  {/ts}</font></td>\n      <td><font size = \"1\" align = \"right\">{$dueDate}</font></td>\n    </tr>\n    <tr>\n                  <td colspan = \"5\" style = \"color:#F5F5F5;\"><hr></hr></td>\n                </tr>\n        </table>\n            </td>\n    </tr>\n  </table>\n\n\n      {if $contribution_status_id == $refundedStatusId || $contribution_status_id == $cancelledStatusId}\n    <table style = \"margin-top:2px;padding-left:7px;page-break-before: always;\">\n      <tr>\n        <td><img src = \"{$resourceBase}/i/civi99.png\" height = \"34px\" width = \"99px\"></td>\n      </tr>\n    </table>\n    <center>\n\n      <table style = \"padding-right:19px;font-family: Arial, Verdana, sans-serif\" width = \"500\" height = \"100\" border = \"0\" cellpadding = \"2\" cellspacing = \"1\">\n  <tr>\n          <td style = \"padding-left:15px;\" ><b><font size = \"4\" align = \"center\">{ts}CREDIT NOTE{/ts}</font></b></td>\n          <td colspan = \"1\"></td>\n          <td style = \"padding-left:70px;\"><b><font size = \"1\" align = \"right\">{ts}Date:{/ts}</font></b></td>\n          <td><font size = \"1\" align = \"right\">{$domain_organization}</font></td>\n  </tr>\n        <tr>\n         {if $organization_name}\n           <td style = \"padding-left:17px;\"><font size = \"1\" align = \"center\">{$display_name}  ({$organization_name})</font></td>\n           {else}\n           <td style = \"padding-left:17px;\"><font size = \"1\" align = \"center\">{$display_name}</font></td>\n         {/if}\n         <td colspan = \"1\"></td>\n         <td style = \"padding-left:70px;\"><font size = \"1\" align = \"right\">{$invoice_date}</font></td>\n   <td ><font size = \"1\" align = \"right\">\n  {if $domain_street_address }\n    {$domain_street_address}\n  {/if}\n  {if $domain_supplemental_address_1 }\n    {$domain_supplemental_address_1}\n  {/if}</font></td>\n  </tr>\n        <tr>\n          <td style = \"padding-left:17px;\"><font size = \"1\" align = \"center\">{$street_address}   {$supplemental_address_1}</font></td>\n          <td colspan = \"1\"></td>\n          <td style = \"padding-left:70px;\"><b><font size = \"1\" align = \"right\">{ts}Credit Note Number:{/ts}</font></b></td>\n          <td><font size = \"1\" align = \"right\">{if $domain_supplemental_address_2 }\n    {$domain_supplemental_address_2}\n        {/if}\n        {if $domain_state }\n    {$domain_state}\n        {/if}\n    </font></td>\n        </tr>\n        <tr>\n          <td style = \"padding-left:17px;\"><font size = \"1\" align = \"center\">{$supplemental_address_2}  {$stateProvinceAbbreviation}</font></td>\n          <td colspan=\"1\"></td>\n          <td style = \"padding-left:70px;\"><font size = \"1\" align = \"right\">{$creditnote_id}</font></td>\n    <td ><font size = \"1\" align = \"right\">{if $domain_city}\n     {$domain_city}\n         {/if}\n         {if $domain_postal_code }\n     {$domain_postal_code}\n         {/if}\n    </font></td>\n  </tr>\n  <tr>\n          <td style = \"padding-left:17px;\"><font size = \"1\" align = \"right\">{$city}  {$postal_code}</font></td>\n          <td colspan=\"1\"></td>\n          <td height = \"10\" style = \"padding-left:70px;\"><b><font size = \"1\"align = \"right\">{ts}Reference:{/ts}</font></b></td>\n    <td><font size = \"1\" align = \"right\"> {if $domain_country}\n    {$domain_country}\n        {/if}</font></td>\n  </tr>\n  <tr>\n          <td></td>\n          <td></td>\n          <td style = \"padding-left:70px;\"><font size = \"1\"align = \"right\">{$source}</font></td>\n    <td><font size = \"1\" align = \"right\"> {if $domain_phone}\n    {$domain_phone}\n         {/if}</font> </td>\n  </tr>\n  <tr>\n    <td></td>\n    <td></td>\n    <td></td>\n    <td><font size = \"1\" align = \"right\"> {if $domain_email}\n    {$domain_email}\n        {/if}</font> </td>\n  </tr>\n      </table>\n\n      <table style = \"margin-top:75px;font-family: Arial, Verdana, sans-serif\" width = \"590\" border = \"0\"cellpadding = \"-5\" cellspacing = \"19\" id = \"desc\">\n  <tr>\n          <td colspan = \"2\" {$valueStyle}>\n            <table> {* FIXME: style this table so that it looks like the text version (justification, etc.) *}\n              <tr>\n                <th style = \"padding-right:28px;text-align:left;font-weight:bold;width:200px;\"><font size = \"1\">{ts}Description{/ts}</font></th>\n                <th style = \"padding-left:28px;text-align:right;font-weight:bold;\"><font size = \"1\">{ts}Quantity{/ts}</font></th>\n                <th style = \"padding-left:28px;text-align:right;font-weight:bold;\"><font size = \"1\">{ts}Unit Price{/ts}</font></th>\n                <th style = \"padding-left:28px;text-align:right;font-weight:bold;\"><font size = \"1\">{$taxTerm} </font></th>\n                <th style = \"padding-left:28px;text-align:right;font-weight:bold;\"><font size = \"1\">{ts 1=$defaultCurrency}Amount %1{/ts}</font></th>\n              </tr>\n              {foreach from=$lineItem item=value key=priceset name=pricevalue}\n    {if $smarty.foreach.pricevalue.index eq 0}\n          <tr><td  colspan = \"5\" ><hr size=\"3\" style = \"color:#000;\"></hr></td></tr>\n    {else}\n    <tr><td  colspan = \"5\" style = \"color:#F5F5F5;\"><hr></hr></td></tr>\n    {/if}\n                <tr>\n                  <td style =\"text-align:left;\"  ><font size = \"1\">\n      {if $value.html_type eq \'Text\'}{$value.label}{else}{$value.field_title} - {$value.label}{/if} {if $value.description}<div>{$value.description|truncate:30:\"...\"}</div>{/if}\n      </font></td>\n      <td style = \"padding-left:28px;text-align:right;\"><font size = \"1\"> {$value.qty}</font></td>\n      <td style = \"padding-left:28px;text-align:right;\"><font size = \"1\"> {$value.unit_price|crmMoney:$currency}</font></td>\n        {if $value.tax_amount != \'\'}\n          <td style = \"padding-left:28px;text-align:right;\"><font size = \"1\"> {$value.tax_rate}%</font></td>\n                    {else}\n          <td style = \"padding-left:28px;text-align:right\"><font size = \"1\" >{ts 1=$taxTerm}No %1{/ts}</font></td>\n              {/if}\n       <td style = \"padding-left:28px;text-align:right;\"><font size = \"1\" >{$value.subTotal|crmMoney:$currency}</font></td>\n    </tr>\n                {/foreach}\n          <tr><td  colspan = \"5\" style = \"color:#F5F5F5;\"><hr></hr></td></tr>\n          <tr>\n      <td colspan = \"3\"></td>\n      <td style = \"padding-left:28px;text-align:right;\"><font size = \"1\">{ts}Sub Total{/ts}</font></td>\n      <td style = \"padding-left:28px;text-align:right;\"><font size = \"1\"> {$subTotal|crmMoney:$currency}</font></td>\n    </tr>\n    {foreach from = $dataArray item = value key = priceset}\n            <tr>\n        <td colspan = \"3\"></td>\n        {if $priceset}\n          <td style = \"padding-left:28px;text-align:right;\"><font size = \"1\"> {ts 1=$taxTerm 2=$priceset}TOTAL %1 %2%{/ts}</font></td>\n          <td style = \"padding-left:28px;text-align:right;\"><font size = \"1\" align = \"right\">{$value|crmMoney:$currency}</font> </td>\n                    {elseif $priceset == 0}\n                      <td style = \"padding-left:28px;text-align:right;\"><font size = \"1\">{ts 1=$taxTerm}TOTAL NO %1{/ts}</font></td>\n                      <td style = \"padding-left:28px;text-align:right;\"><font size = \"1\" align = \"right\">{$value|crmMoney:$currency}</font> </td>\n                  </tr>\n        {/if}\n    {/foreach}\n          <tr>\n      <td colspan = \"3\"></td>\n      <td colspan = \"2\"><hr></hr></td>\n    </tr>\n\n          <tr>\n      <td colspan = \"3\"></td>\n      <td style = \"padding-left:28px;text-align:right;\"><b><font size = \"1\">{ts 1=$defaultCurrency}TOTAL %1{/ts}</font></b></td>\n      <td style = \"padding-left:28px;text-align:right;\"><font size = \"1\">{$amount|crmMoney:$currency}</font></td>\n    </tr>\n\n    {if $is_pay_later == 0}\n            <tr>\n        <td colspan = \"3\"></td>\n        <td style = \"padding-left:28px;text-align:right;\"><font size = \"1\" >{ts}LESS Credit to invoice(s){/ts}</font></td>\n        <td style = \"padding-left:28px;text-align:right;\"><font size = \"1\">{$amount|crmMoney:$currency}</font></td>\n      </tr>\n            <tr>\n        <td colspan = \"3\"></td>\n        <td colspan = \"2\" ><hr></hr></td>\n      </tr>\n            <tr>\n        <td colspan = \"3\"></td>\n        <td style = \"padding-left:28px;text-align:right;\"><b><font size = \"1\">{ts}REMAINING CREDIT{/ts}</font></b></td>\n        <td style = \"padding-left:28px;text-align:right;\"><b><font size = \"1\">{$amountDue|crmMoney:$currency}</font></b></td>\n        <td style = \"padding-left:28px;\"><font size = \"1\" align = \"right\"></fonts></td>\n      </tr>\n    {/if}\n    <br/><br/><br/>\n          <tr>\n      <td colspan = \"3\"></td>\n    </tr>\n          <tr>\n      <td></td>\n      <td colspan = \"3\"></td>\n    </tr>\n            </table>\n          </td>\n        </tr>\n      </table>\n\n      <table style = \"margin-top:5px;padding-right:45px;\">\n        <tr>\n          <td><img src = \"{$resourceBase}/i/contribute/cut_line.png\" height = \"15\" width = \"630\"></td>\n        </tr>\n      </table>\n\n  <table style = \"margin-top:6px;padding-right:20px;font-family: Arial, Verdana, sans-serif\" width = \"507\" border = \"0\"cellpadding = \"-5\" cellspacing=\"19\" id = \"desc\">\n    <tr>\n      <td width=\"60%\"><font size = \"4\" align = \"right\"><b>{ts}CREDIT ADVICE{/ts}</b><br/><br /><div  style=\"font-size:10px;max-width:300px;\">{ts}Please do not pay on this advice. Deduct the amount of this Credit Note from your next payment to us{/ts}</div><br/></font></td>\n      <td width=\"40%\">\n              <table    align=\"right\" >\n    <tr>\n            <td colspan = \"2\"></td>\n      <td><font size = \"1\" align = \"right\" style=\"font-weight:bold;\">{ts}Customer:{/ts} </font></td>\n      <td><font size = \"1\" align = \"right\" >{$display_name}</font></td>\n    </tr>\n    <tr>\n      <td colspan = \"2\"></td>\n      <td><font size = \"1\" align = \"right\" style=\"font-weight:bold;\">{ts}Credit Note#:{/ts} </font></td>\n      <td><font size = \"1\" align = \"right\">{$creditnote_id}</font></td>\n    </tr>\n    <tr><td  colspan = \"5\"style = \"color:#F5F5F5;\"><hr></hr></td></tr>\n    <tr>\n                  <td colspan = \"2\"></td>\n      <td><font size = \"1\" align = \"right\" style=\"font-weight:bold;\">{ts}Credit Amount:{/ts}</font></td>\n      <td width=\'50px\'><font size = \"1\" align = \"right\" style=\"font-weight:bold;\">{$amount|crmMoney:$currency}</font></td>\n    </tr>\n              </table>\n            </td>\n    </tr>\n  </table>\n {/if}\n    </center>\n  </body>\n</html>\n',1,792,0,1,0,NULL),(11,'Contributions - Recurring Start and End Notification','{ts}Recurring Contribution Notification{/ts}\n','{ts 1=$displayName}Dear %1{/ts},\n\n{if $recur_txnType eq \'START\'}\n{if $auto_renew_membership}\n{ts}Thanks for your auto renew membership sign-up.{/ts}\n\n\n{ts 1=$recur_frequency_interval 2=$recur_frequency_unit}This membership will be automatically renewed every %1 %2(s).{/ts}\n\n{ts 1=$cancelSubscriptionUrl}This membership will be renewed automatically. You can cancel the auto-renewal option by <a href=\"%1\">visiting this web page</a>.{/ts}\n\n{ts 1=$updateSubscriptionBillingUrl}You can update billing details for this automatically renewed membership by <a href=\"%1\">visiting this web page</a>.{/ts}\n\n{else}\n{ts}Thanks for your recurring contribution sign-up.{/ts}\n\n\n{ts 1=$recur_frequency_interval 2=$recur_frequency_unit 3=$recur_installments}This recurring contribution will be automatically processed every %1 %2(s){/ts}{if $recur_installments } {ts 1=$recur_installments} for a total of %1 installment(s){/ts}{/if}.\n\n{ts}Start Date{/ts}:  {$recur_start_date|crmDate}\n\n{ts 1=$cancelSubscriptionUrl}You can cancel the recurring contribution option by <a href=\"%1\">visiting this web page</a>.{/ts}\n\n{ts 1=$updateSubscriptionBillingUrl}You can update billing details for this recurring contribution by <a href=\"%1\">visiting this web page</a>.{/ts}\n\n{ts 1=$updateSubscriptionUrl}You can update recurring contribution amount or change the number of installments for this recurring contribution by <a href=\"%1\">visiting this web page</a>.{/ts}\n{/if}\n\n{elseif $recur_txnType eq \'END\'}\n{if $auto_renew_membership}\n{ts}Your auto renew membership sign-up has ended and your membership will not be automatically renewed.{/ts}\n\n\n{else}\n{ts}Your recurring contribution term has ended.{/ts}\n\n\n{ts 1=$recur_installments}You have successfully completed %1 recurring contributions. Thank you for your support.{/ts}\n\n\n==================================================\n{ts 1=$recur_installments}Interval of Subscription for %1 installment(s){/ts}\n\n==================================================\n{ts}Start Date{/ts}: {$recur_start_date|crmDate}\n\n{ts}End Date{/ts}: {$recur_end_date|crmDate}\n\n{/if}\n{/if}\n','<!DOCTYPE html PUBLIC \"-//W3C//DTD XHTML 1.0 Transitional//EN\" \"http://www.w3.org/TR/xhtml1/DTD/xhtml1-transitional.dtd\">\n<html xmlns=\"http://www.w3.org/1999/xhtml\">\n<head>\n <meta http-equiv=\"Content-Type\" content=\"text/html; charset=UTF-8\" />\n <title></title>\n</head>\n<body>\n\n{capture assign=headerStyle}colspan=\"2\" style=\"text-align: left; padding: 4px; border-bottom: 1px solid #999; background-color: #eee;\"{/capture}\n{capture assign=labelStyle }style=\"padding: 4px; border-bottom: 1px solid #999; background-color: #f7f7f7;\"{/capture}\n{capture assign=valueStyle }style=\"padding: 4px; border-bottom: 1px solid #999;\"{/capture}\n\n<center>\n <table width=\"620\" border=\"0\" cellpadding=\"0\" cellspacing=\"0\" id=\"crm-event_receipt\" style=\"font-family: Arial, Verdana, sans-serif; text-align: left;\">\n\n  <!-- BEGIN HEADER -->\n  <!-- You can add table row(s) here with logo or other header elements -->\n  <!-- END HEADER -->\n\n  <!-- BEGIN CONTENT -->\n\n  <tr>\n   <td>\n    <p>{ts 1=$displayName}Dear %1{/ts},</p>\n   </td>\n  </tr>\n\n  <tr>\n   <td>&nbsp;</td>\n  </tr>\n\n    {if $recur_txnType eq \'START\'}\n     {if $auto_renew_membership}\n       <tr>\n        <td>\n         <p>{ts}Thanks for your auto renew membership sign-up.{/ts}</p>\n         <p>{ts 1=$recur_frequency_interval 2=$recur_frequency_unit}This membership will be automatically renewed every %1 %2(s). {/ts}</p>\n        </td>\n       </tr>\n       <tr>\n        <td {$labelStyle}>\n         {ts 1=$cancelSubscriptionUrl}This membership will be renewed automatically. You can cancel the auto-renewal option by <a href=\"%1\">visiting this web page</a>.{/ts}\n        </td>\n       </tr>\n       <tr>\n        <td {$labelStyle}>\n         {ts 1=$updateSubscriptionBillingUrl}You can update billing details for this automatically renewed membership by <a href=\"%1\">visiting this web page</a>.{/ts}\n        </td>\n       </tr>\n     {else}\n      <tr>\n       <td>\n        <p>{ts}Thanks for your recurring contribution sign-up.{/ts}</p>\n        <p>{ts 1=$recur_frequency_interval 2=$recur_frequency_unit}This recurring contribution will be automatically processed every %1 %2(s){/ts}{if $recur_installments }{ts 1=$recur_installments} for a total of %1 installment(s){/ts}{/if}.</p>\n        <p>{ts}Start Date{/ts}: {$recur_start_date|crmDate}</p>\n       </td>\n      </tr>\n      <tr>\n        <td {$labelStyle}>\n         {ts 1=$cancelSubscriptionUrl} You can cancel the recurring contribution option by <a href=\"%1\">visiting this web page</a>.{/ts}\n        </td>\n      </tr>\n      <tr>\n        <td {$labelStyle}>\n         {ts 1=$updateSubscriptionBillingUrl}You can update billing details for this recurring contribution by <a href=\"%1\">visiting this web page</a>.{/ts}\n        </td>\n       </tr>\n       <tr>\n        <td {$labelStyle}>\n   {ts 1=$updateSubscriptionUrl}You can update recurring contribution amount or change the number of installments details for this recurring contribution by <a href=\"%1\">visiting this web page</a>.{/ts}\n        </td>\n       </tr>\n     {/if}\n\n    {elseif $recur_txnType eq \'END\'}\n\n     {if $auto_renew_membership}\n      <tr>\n       <td>\n        <p>{ts}Your auto renew membership sign-up has ended and your membership will not be automatically renewed.{/ts}</p>\n       </td>\n      </tr>\n     {else}\n      <tr>\n       <td>\n        <p>{ts}Your recurring contribution term has ended.{/ts}</p>\n        <p>{ts 1=$recur_installments}You have successfully completed %1 recurring contributions. Thank you for your support.{/ts}</p>\n       </td>\n      </tr>\n      <tr>\n       <td>\n     <table style=\"border: 1px solid #999; margin: 1em 0em 1em; border-collapse: collapse; width:100%;\">\n      <tr>\n       <th {$headerStyle}>\n        {ts 1=$recur_installments}Interval of Subscription for %1 installment(s){/ts}\n       </th>\n      </tr>\n      <tr>\n       <td {$labelStyle}>\n        {ts}Start Date{/ts}\n       </td>\n       <td {$valueStyle}>\n        {$recur_start_date|crmDate}\n       </td>\n      </tr>\n      <tr>\n       <td {$labelStyle}>\n        {ts}End Date{/ts}\n       </td>\n       <td {$valueStyle}>\n        {$recur_end_date|crmDate}\n       </td>\n      </tr>\n     </table>\n       </td>\n      </tr>\n\n     {/if}\n    {/if}\n\n </table>\n</center>\n\n</body>\n</html>\n',1,793,1,0,0,NULL),(12,'Contributions - Recurring Start and End Notification','{ts}Recurring Contribution Notification{/ts}\n','{ts 1=$displayName}Dear %1{/ts},\n\n{if $recur_txnType eq \'START\'}\n{if $auto_renew_membership}\n{ts}Thanks for your auto renew membership sign-up.{/ts}\n\n\n{ts 1=$recur_frequency_interval 2=$recur_frequency_unit}This membership will be automatically renewed every %1 %2(s).{/ts}\n\n{ts 1=$cancelSubscriptionUrl}This membership will be renewed automatically. You can cancel the auto-renewal option by <a href=\"%1\">visiting this web page</a>.{/ts}\n\n{ts 1=$updateSubscriptionBillingUrl}You can update billing details for this automatically renewed membership by <a href=\"%1\">visiting this web page</a>.{/ts}\n\n{else}\n{ts}Thanks for your recurring contribution sign-up.{/ts}\n\n\n{ts 1=$recur_frequency_interval 2=$recur_frequency_unit 3=$recur_installments}This recurring contribution will be automatically processed every %1 %2(s){/ts}{if $recur_installments } {ts 1=$recur_installments} for a total of %1 installment(s){/ts}{/if}.\n\n{ts}Start Date{/ts}:  {$recur_start_date|crmDate}\n\n{ts 1=$cancelSubscriptionUrl}You can cancel the recurring contribution option by <a href=\"%1\">visiting this web page</a>.{/ts}\n\n{ts 1=$updateSubscriptionBillingUrl}You can update billing details for this recurring contribution by <a href=\"%1\">visiting this web page</a>.{/ts}\n\n{ts 1=$updateSubscriptionUrl}You can update recurring contribution amount or change the number of installments for this recurring contribution by <a href=\"%1\">visiting this web page</a>.{/ts}\n{/if}\n\n{elseif $recur_txnType eq \'END\'}\n{if $auto_renew_membership}\n{ts}Your auto renew membership sign-up has ended and your membership will not be automatically renewed.{/ts}\n\n\n{else}\n{ts}Your recurring contribution term has ended.{/ts}\n\n\n{ts 1=$recur_installments}You have successfully completed %1 recurring contributions. Thank you for your support.{/ts}\n\n\n==================================================\n{ts 1=$recur_installments}Interval of Subscription for %1 installment(s){/ts}\n\n==================================================\n{ts}Start Date{/ts}: {$recur_start_date|crmDate}\n\n{ts}End Date{/ts}: {$recur_end_date|crmDate}\n\n{/if}\n{/if}\n','<!DOCTYPE html PUBLIC \"-//W3C//DTD XHTML 1.0 Transitional//EN\" \"http://www.w3.org/TR/xhtml1/DTD/xhtml1-transitional.dtd\">\n<html xmlns=\"http://www.w3.org/1999/xhtml\">\n<head>\n <meta http-equiv=\"Content-Type\" content=\"text/html; charset=UTF-8\" />\n <title></title>\n</head>\n<body>\n\n{capture assign=headerStyle}colspan=\"2\" style=\"text-align: left; padding: 4px; border-bottom: 1px solid #999; background-color: #eee;\"{/capture}\n{capture assign=labelStyle }style=\"padding: 4px; border-bottom: 1px solid #999; background-color: #f7f7f7;\"{/capture}\n{capture assign=valueStyle }style=\"padding: 4px; border-bottom: 1px solid #999;\"{/capture}\n\n<center>\n <table width=\"620\" border=\"0\" cellpadding=\"0\" cellspacing=\"0\" id=\"crm-event_receipt\" style=\"font-family: Arial, Verdana, sans-serif; text-align: left;\">\n\n  <!-- BEGIN HEADER -->\n  <!-- You can add table row(s) here with logo or other header elements -->\n  <!-- END HEADER -->\n\n  <!-- BEGIN CONTENT -->\n\n  <tr>\n   <td>\n    <p>{ts 1=$displayName}Dear %1{/ts},</p>\n   </td>\n  </tr>\n\n  <tr>\n   <td>&nbsp;</td>\n  </tr>\n\n    {if $recur_txnType eq \'START\'}\n     {if $auto_renew_membership}\n       <tr>\n        <td>\n         <p>{ts}Thanks for your auto renew membership sign-up.{/ts}</p>\n         <p>{ts 1=$recur_frequency_interval 2=$recur_frequency_unit}This membership will be automatically renewed every %1 %2(s). {/ts}</p>\n        </td>\n       </tr>\n       <tr>\n        <td {$labelStyle}>\n         {ts 1=$cancelSubscriptionUrl}This membership will be renewed automatically. You can cancel the auto-renewal option by <a href=\"%1\">visiting this web page</a>.{/ts}\n        </td>\n       </tr>\n       <tr>\n        <td {$labelStyle}>\n         {ts 1=$updateSubscriptionBillingUrl}You can update billing details for this automatically renewed membership by <a href=\"%1\">visiting this web page</a>.{/ts}\n        </td>\n       </tr>\n     {else}\n      <tr>\n       <td>\n        <p>{ts}Thanks for your recurring contribution sign-up.{/ts}</p>\n        <p>{ts 1=$recur_frequency_interval 2=$recur_frequency_unit}This recurring contribution will be automatically processed every %1 %2(s){/ts}{if $recur_installments }{ts 1=$recur_installments} for a total of %1 installment(s){/ts}{/if}.</p>\n        <p>{ts}Start Date{/ts}: {$recur_start_date|crmDate}</p>\n       </td>\n      </tr>\n      <tr>\n        <td {$labelStyle}>\n         {ts 1=$cancelSubscriptionUrl} You can cancel the recurring contribution option by <a href=\"%1\">visiting this web page</a>.{/ts}\n        </td>\n      </tr>\n      <tr>\n        <td {$labelStyle}>\n         {ts 1=$updateSubscriptionBillingUrl}You can update billing details for this recurring contribution by <a href=\"%1\">visiting this web page</a>.{/ts}\n        </td>\n       </tr>\n       <tr>\n        <td {$labelStyle}>\n   {ts 1=$updateSubscriptionUrl}You can update recurring contribution amount or change the number of installments details for this recurring contribution by <a href=\"%1\">visiting this web page</a>.{/ts}\n        </td>\n       </tr>\n     {/if}\n\n    {elseif $recur_txnType eq \'END\'}\n\n     {if $auto_renew_membership}\n      <tr>\n       <td>\n        <p>{ts}Your auto renew membership sign-up has ended and your membership will not be automatically renewed.{/ts}</p>\n       </td>\n      </tr>\n     {else}\n      <tr>\n       <td>\n        <p>{ts}Your recurring contribution term has ended.{/ts}</p>\n        <p>{ts 1=$recur_installments}You have successfully completed %1 recurring contributions. Thank you for your support.{/ts}</p>\n       </td>\n      </tr>\n      <tr>\n       <td>\n     <table style=\"border: 1px solid #999; margin: 1em 0em 1em; border-collapse: collapse; width:100%;\">\n      <tr>\n       <th {$headerStyle}>\n        {ts 1=$recur_installments}Interval of Subscription for %1 installment(s){/ts}\n       </th>\n      </tr>\n      <tr>\n       <td {$labelStyle}>\n        {ts}Start Date{/ts}\n       </td>\n       <td {$valueStyle}>\n        {$recur_start_date|crmDate}\n       </td>\n      </tr>\n      <tr>\n       <td {$labelStyle}>\n        {ts}End Date{/ts}\n       </td>\n       <td {$valueStyle}>\n        {$recur_end_date|crmDate}\n       </td>\n      </tr>\n     </table>\n       </td>\n      </tr>\n\n     {/if}\n    {/if}\n\n </table>\n</center>\n\n</body>\n</html>\n',1,793,0,1,0,NULL),(13,'Contributions - Recurring Cancellation Notification','{ts}Recurring Contribution Cancellation Notification{/ts}\n','{ts 1=$contact.display_name}Dear %1{/ts},\n\n{ts 1=$amount 2=$recur_frequency_interval 3=$recur_frequency_unit}Your recurring contribution of %1, every %2 %3 has been cancelled as requested.{/ts}\n','<!DOCTYPE html PUBLIC \"-//W3C//DTD XHTML 1.0 Transitional//EN\" \"http://www.w3.org/TR/xhtml1/DTD/xhtml1-transitional.dtd\">\n<html xmlns=\"http://www.w3.org/1999/xhtml\">\n<head>\n <meta http-equiv=\"Content-Type\" content=\"text/html; charset=UTF-8\" />\n <title></title>\n</head>\n<body>\n\n{capture assign=headerStyle}colspan=\"2\" style=\"text-align: left; padding: 4px; border-bottom: 1px solid #999; background-color: #eee;\"{/capture}\n{capture assign=labelStyle }style=\"padding: 4px; border-bottom: 1px solid #999; background-color: #f7f7f7;\"{/capture}\n{capture assign=valueStyle }style=\"padding: 4px; border-bottom: 1px solid #999;\"{/capture}\n\n<center>\n <table width=\"620\" border=\"0\" cellpadding=\"0\" cellspacing=\"0\" id=\"crm-event_receipt\" style=\"font-family: Arial, Verdana, sans-serif; text-align: left;\">\n\n  <!-- BEGIN HEADER -->\n  <!-- You can add table row(s) here with logo or other header elements -->\n  <!-- END HEADER -->\n\n  <!-- BEGIN CONTENT -->\n\n  <tr>\n   <td>\n    <p>{ts 1=$contact.display_name}Dear %1{/ts},</p>\n    <p>{ts 1=$amount 2=$recur_frequency_interval 3=$recur_frequency_unit}Your recurring contribution of %1, every %2 %3 has been cancelled as requested.{/ts}</p>\n   </td>\n  </tr>\n  <tr>\n </table>\n</center>\n\n</body>\n</html>\n',1,794,1,0,0,NULL),(14,'Contributions - Recurring Cancellation Notification','{ts}Recurring Contribution Cancellation Notification{/ts}\n','{ts 1=$contact.display_name}Dear %1{/ts},\n\n{ts 1=$amount 2=$recur_frequency_interval 3=$recur_frequency_unit}Your recurring contribution of %1, every %2 %3 has been cancelled as requested.{/ts}\n','<!DOCTYPE html PUBLIC \"-//W3C//DTD XHTML 1.0 Transitional//EN\" \"http://www.w3.org/TR/xhtml1/DTD/xhtml1-transitional.dtd\">\n<html xmlns=\"http://www.w3.org/1999/xhtml\">\n<head>\n <meta http-equiv=\"Content-Type\" content=\"text/html; charset=UTF-8\" />\n <title></title>\n</head>\n<body>\n\n{capture assign=headerStyle}colspan=\"2\" style=\"text-align: left; padding: 4px; border-bottom: 1px solid #999; background-color: #eee;\"{/capture}\n{capture assign=labelStyle }style=\"padding: 4px; border-bottom: 1px solid #999; background-color: #f7f7f7;\"{/capture}\n{capture assign=valueStyle }style=\"padding: 4px; border-bottom: 1px solid #999;\"{/capture}\n\n<center>\n <table width=\"620\" border=\"0\" cellpadding=\"0\" cellspacing=\"0\" id=\"crm-event_receipt\" style=\"font-family: Arial, Verdana, sans-serif; text-align: left;\">\n\n  <!-- BEGIN HEADER -->\n  <!-- You can add table row(s) here with logo or other header elements -->\n  <!-- END HEADER -->\n\n  <!-- BEGIN CONTENT -->\n\n  <tr>\n   <td>\n    <p>{ts 1=$contact.display_name}Dear %1{/ts},</p>\n    <p>{ts 1=$amount 2=$recur_frequency_interval 3=$recur_frequency_unit}Your recurring contribution of %1, every %2 %3 has been cancelled as requested.{/ts}</p>\n   </td>\n  </tr>\n  <tr>\n </table>\n</center>\n\n</body>\n</html>\n',1,794,0,1,0,NULL),(15,'Contributions - Recurring Billing Updates','{ts}Recurring Contribution Billing Updates{/ts}','{ts 1=$contact.display_name}Dear %1{/ts},\n\n{ts 1=$amount 2=$recur_frequency_interval 3=$recur_frequency_unit}Billing details for your recurring contribution of %1, every %2 %3 have been updated.{/ts}\n\n===========================================================\n{ts}Billing Name and Address{/ts}\n\n===========================================================\n{$billingName}\n{$address}\n\n{$email}\n\n===========================================================\n{ts}Credit Card Information{/ts}\n\n===========================================================\n{$credit_card_type}\n{$credit_card_number}\n{ts}Expires{/ts}: {$credit_card_exp_date|truncate:7:\'\'|crmDate}\n\n\n{ts 1=$receipt_from_email}If you have questions please contact us at %1{/ts}','<!DOCTYPE html PUBLIC \"-//W3C//DTD XHTML 1.0 Transitional//EN\" \"http://www.w3.org/TR/xhtml1/DTD/xhtml1-transitional.dtd\">\n<html xmlns=\"http://www.w3.org/1999/xhtml\">\n<head>\n <meta http-equiv=\"Content-Type\" content=\"text/html; charset=UTF-8\" />\n <title></title>\n</head>\n<body>\n\n{capture assign=headerStyle}colspan=\"2\" style=\"text-align: left; padding: 4px; border-bottom: 1px solid #999; background-color: #eee;\"{/capture}\n{capture assign=labelStyle }style=\"padding: 4px; border-bottom: 1px solid #999; background-color: #f7f7f7;\"{/capture}\n{capture assign=valueStyle }style=\"padding: 4px; border-bottom: 1px solid #999;\"{/capture}\n\n<center>\n <table width=\"620\" border=\"0\" cellpadding=\"0\" cellspacing=\"0\" id=\"crm-event_receipt\" style=\"font-family: Arial, Verdana, sans-serif; text-align: left;\">\n\n  <!-- BEGIN HEADER -->\n  <!-- You can add table row(s) here with logo or other header elements -->\n  <!-- END HEADER -->\n\n  <!-- BEGIN CONTENT -->\n\n  <tr>\n   <td>\n    <p>{ts 1=$contact.display_name}Dear %1{/ts},</p>\n    <p>{ts 1=$amount 2=$recur_frequency_interval 3=$recur_frequency_unit}Billing details for your recurring contribution of %1, every %2 %3 have been updated.{/ts}</p>\n   </td>\n  </tr>\n  <tr>\n </table>\n\n  <table width=\"500\" style=\"border: 1px solid #999; margin: 1em 0em 1em; border-collapse: collapse;\">\n<tr>\n        <th {$headerStyle}>\n         {ts}Billing Name and Address{/ts}\n        </th>\n       </tr>\n       <tr>\n        <td colspan=\"2\" {$valueStyle}>\n         {$billingName}<br />\n         {$address|nl2br}<br />\n         {$email}\n        </td>\n       </tr>\n        <tr>\n       <th {$headerStyle}>\n        {ts}Credit Card Information{/ts}\n       </th>\n      </tr>\n      <tr>\n       <td colspan=\"2\" {$valueStyle}>\n        {$credit_card_type}<br />\n        {$credit_card_number}<br />\n        {ts}Expires{/ts}: {$credit_card_exp_date|truncate:7:\'\'|crmDate}<br />\n       </td>\n      </tr>\n      <tr>\n        <td {$labelStyle}>\n            {ts 1=$receipt_from_email}If you have questions please contact us at %1{/ts}\n        </td>\n       </tr>\n  </table>\n</center>\n\n</body>\n</html>',1,795,1,0,0,NULL),(16,'Contributions - Recurring Billing Updates','{ts}Recurring Contribution Billing Updates{/ts}','{ts 1=$contact.display_name}Dear %1{/ts},\n\n{ts 1=$amount 2=$recur_frequency_interval 3=$recur_frequency_unit}Billing details for your recurring contribution of %1, every %2 %3 have been updated.{/ts}\n\n===========================================================\n{ts}Billing Name and Address{/ts}\n\n===========================================================\n{$billingName}\n{$address}\n\n{$email}\n\n===========================================================\n{ts}Credit Card Information{/ts}\n\n===========================================================\n{$credit_card_type}\n{$credit_card_number}\n{ts}Expires{/ts}: {$credit_card_exp_date|truncate:7:\'\'|crmDate}\n\n\n{ts 1=$receipt_from_email}If you have questions please contact us at %1{/ts}','<!DOCTYPE html PUBLIC \"-//W3C//DTD XHTML 1.0 Transitional//EN\" \"http://www.w3.org/TR/xhtml1/DTD/xhtml1-transitional.dtd\">\n<html xmlns=\"http://www.w3.org/1999/xhtml\">\n<head>\n <meta http-equiv=\"Content-Type\" content=\"text/html; charset=UTF-8\" />\n <title></title>\n</head>\n<body>\n\n{capture assign=headerStyle}colspan=\"2\" style=\"text-align: left; padding: 4px; border-bottom: 1px solid #999; background-color: #eee;\"{/capture}\n{capture assign=labelStyle }style=\"padding: 4px; border-bottom: 1px solid #999; background-color: #f7f7f7;\"{/capture}\n{capture assign=valueStyle }style=\"padding: 4px; border-bottom: 1px solid #999;\"{/capture}\n\n<center>\n <table width=\"620\" border=\"0\" cellpadding=\"0\" cellspacing=\"0\" id=\"crm-event_receipt\" style=\"font-family: Arial, Verdana, sans-serif; text-align: left;\">\n\n  <!-- BEGIN HEADER -->\n  <!-- You can add table row(s) here with logo or other header elements -->\n  <!-- END HEADER -->\n\n  <!-- BEGIN CONTENT -->\n\n  <tr>\n   <td>\n    <p>{ts 1=$contact.display_name}Dear %1{/ts},</p>\n    <p>{ts 1=$amount 2=$recur_frequency_interval 3=$recur_frequency_unit}Billing details for your recurring contribution of %1, every %2 %3 have been updated.{/ts}</p>\n   </td>\n  </tr>\n  <tr>\n </table>\n\n  <table width=\"500\" style=\"border: 1px solid #999; margin: 1em 0em 1em; border-collapse: collapse;\">\n<tr>\n        <th {$headerStyle}>\n         {ts}Billing Name and Address{/ts}\n        </th>\n       </tr>\n       <tr>\n        <td colspan=\"2\" {$valueStyle}>\n         {$billingName}<br />\n         {$address|nl2br}<br />\n         {$email}\n        </td>\n       </tr>\n        <tr>\n       <th {$headerStyle}>\n        {ts}Credit Card Information{/ts}\n       </th>\n      </tr>\n      <tr>\n       <td colspan=\"2\" {$valueStyle}>\n        {$credit_card_type}<br />\n        {$credit_card_number}<br />\n        {ts}Expires{/ts}: {$credit_card_exp_date|truncate:7:\'\'|crmDate}<br />\n       </td>\n      </tr>\n      <tr>\n        <td {$labelStyle}>\n            {ts 1=$receipt_from_email}If you have questions please contact us at %1{/ts}\n        </td>\n       </tr>\n  </table>\n</center>\n\n</body>\n</html>',1,795,0,1,0,NULL),(17,'Contributions - Recurring Updates','{ts}Recurring Contribution Update Notification{/ts}','{ts 1=$contact.display_name}Dear %1{/ts},\n\n{ts}Your recurring contribution has been updated as requested:{/ts}\n\n{ts 1=$amount 2=$recur_frequency_interval 3=$recur_frequency_unit}Recurring contribution is for %1, every %2 %3(s){/ts}\n{if $installments}{ts 1=$installments} for %1 installments.{/ts}{/if}\n\n{ts 1=$receipt_from_email}If you have questions please contact us at %1.{/ts}','<!DOCTYPE html PUBLIC \"-//W3C//DTD XHTML 1.0 Transitional//EN\" \"http://www.w3.org/TR/xhtml1/DTD/xhtml1-transitional.dtd\">\n<html xmlns=\"http://www.w3.org/1999/xhtml\">\n<head>\n <meta http-equiv=\"Content-Type\" content=\"text/html; charset=UTF-8\" />\n <title></title>\n</head>\n<body>\n\n{capture assign=headerStyle}colspan=\"2\" style=\"text-align: left; padding: 4px; border-bottom: 1px solid #999; background-color: #eee;\"{/capture}\n{capture assign=labelStyle }style=\"padding: 4px; border-bottom: 1px solid #999; background-color: #f7f7f7;\"{/capture}\n{capture assign=valueStyle }style=\"padding: 4px; border-bottom: 1px solid #999;\"{/capture}\n\n<center>\n <table width=\"620\" border=\"0\" cellpadding=\"0\" cellspacing=\"0\" id=\"crm-event_receipt\" style=\"font-family: Arial, Verdana, sans-serif; text-align: left;\">\n\n  <!-- BEGIN HEADER -->\n  <!-- You can add table row(s) here with logo or other header elements -->\n  <!-- END HEADER -->\n\n  <!-- BEGIN CONTENT -->\n\n  <tr>\n   <td>\n    <p>{ts 1=$contact.display_name}Dear %1{/ts},</p>\n    <p>{ts}Your recurring contribution has been updated as requested:{/ts}\n    <p>{ts 1=$amount 2=$recur_frequency_interval 3=$recur_frequency_unit}Recurring contribution is for %1, every %2 %3(s){/ts}{if $installments}{ts 1=$installments} for %1 installments{/ts}{/if}.</p>\n\n    <p>{ts 1=$receipt_from_email}If you have questions please contact us at %1.{/ts}</p>\n   </td>\n  </tr>\n  <tr>\n </table>\n</center>\n\n</body>\n</html>\n',1,796,1,0,0,NULL),(18,'Contributions - Recurring Updates','{ts}Recurring Contribution Update Notification{/ts}','{ts 1=$contact.display_name}Dear %1{/ts},\n\n{ts}Your recurring contribution has been updated as requested:{/ts}\n\n{ts 1=$amount 2=$recur_frequency_interval 3=$recur_frequency_unit}Recurring contribution is for %1, every %2 %3(s){/ts}\n{if $installments}{ts 1=$installments} for %1 installments.{/ts}{/if}\n\n{ts 1=$receipt_from_email}If you have questions please contact us at %1.{/ts}','<!DOCTYPE html PUBLIC \"-//W3C//DTD XHTML 1.0 Transitional//EN\" \"http://www.w3.org/TR/xhtml1/DTD/xhtml1-transitional.dtd\">\n<html xmlns=\"http://www.w3.org/1999/xhtml\">\n<head>\n <meta http-equiv=\"Content-Type\" content=\"text/html; charset=UTF-8\" />\n <title></title>\n</head>\n<body>\n\n{capture assign=headerStyle}colspan=\"2\" style=\"text-align: left; padding: 4px; border-bottom: 1px solid #999; background-color: #eee;\"{/capture}\n{capture assign=labelStyle }style=\"padding: 4px; border-bottom: 1px solid #999; background-color: #f7f7f7;\"{/capture}\n{capture assign=valueStyle }style=\"padding: 4px; border-bottom: 1px solid #999;\"{/capture}\n\n<center>\n <table width=\"620\" border=\"0\" cellpadding=\"0\" cellspacing=\"0\" id=\"crm-event_receipt\" style=\"font-family: Arial, Verdana, sans-serif; text-align: left;\">\n\n  <!-- BEGIN HEADER -->\n  <!-- You can add table row(s) here with logo or other header elements -->\n  <!-- END HEADER -->\n\n  <!-- BEGIN CONTENT -->\n\n  <tr>\n   <td>\n    <p>{ts 1=$contact.display_name}Dear %1{/ts},</p>\n    <p>{ts}Your recurring contribution has been updated as requested:{/ts}\n    <p>{ts 1=$amount 2=$recur_frequency_interval 3=$recur_frequency_unit}Recurring contribution is for %1, every %2 %3(s){/ts}{if $installments}{ts 1=$installments} for %1 installments{/ts}{/if}.</p>\n\n    <p>{ts 1=$receipt_from_email}If you have questions please contact us at %1.{/ts}</p>\n   </td>\n  </tr>\n  <tr>\n </table>\n</center>\n\n</body>\n</html>\n',1,796,0,1,0,NULL),(19,'Personal Campaign Pages - Admin Notification','{ts}Personal Campaign Page Notification{/ts}\n','===========================================================\n{ts}Personal Campaign Page Notification{/ts}\n\n===========================================================\n{ts}Action{/ts}: {if $mode EQ \'Update\'}{ts}Updated personal campaign page{/ts}{else}{ts}New personal campaign page{/ts}{/if}\n{ts}Personal Campaign Page Title{/ts}: {$pcpTitle}\n{ts}Current Status{/ts}: {$pcpStatus}\n{capture assign=pcpURL}{crmURL p=\"civicrm/pcp/info\" q=\"reset=1&id=`$pcpId`\" h=0 a=1}{/capture}\n{ts}View Page{/ts}:\n>> {$pcpURL}\n\n{ts}Supporter{/ts}: {$supporterName}\n>> {$supporterUrl}\n\n{ts}Linked to Contribution Page{/ts}: {$contribPageTitle}\n>> {$contribPageUrl}\n\n{ts}Manage Personal Campaign Pages{/ts}:\n>> {$managePCPUrl}\n\n','<!DOCTYPE html PUBLIC \"-//W3C//DTD XHTML 1.0 Transitional//EN\" \"http://www.w3.org/TR/xhtml1/DTD/xhtml1-transitional.dtd\">\n<html xmlns=\"http://www.w3.org/1999/xhtml\">\n<head>\n <meta http-equiv=\"Content-Type\" content=\"text/html; charset=UTF-8\" />\n <title></title>\n</head>\n<body>\n\n{capture assign=headerStyle}colspan=\"2\" style=\"text-align: left; padding: 4px; border-bottom: 1px solid #999; background-color: #eee;\"{/capture}\n{capture assign=labelStyle }style=\"padding: 4px; border-bottom: 1px solid #999; background-color: #f7f7f7;\"{/capture}\n{capture assign=valueStyle }style=\"padding: 4px; border-bottom: 1px solid #999;\"{/capture}\n{capture assign=pcpURL     }{crmURL p=\"civicrm/pcp/info\" q=\"reset=1&id=`$pcpId`\" h=0 a=1}{/capture}\n\n<center>\n <table width=\"620\" border=\"0\" cellpadding=\"0\" cellspacing=\"0\" id=\"crm-event_receipt\" style=\"font-family: Arial, Verdana, sans-serif; text-align: left;\">\n\n  <!-- BEGIN HEADER -->\n  <!-- You can add table row(s) here with logo or other header elements -->\n  <!-- END HEADER -->\n\n  <!-- BEGIN CONTENT -->\n\n  <tr>\n   <td>\n    <table style=\"border: 1px solid #999; margin: 1em 0em 1em; border-collapse: collapse; width:100%;\">\n     <tr>\n      <th {$headerStyle}>\n       {ts}Personal Campaign Page Notification{/ts}\n      </th>\n     </tr>\n     <tr>\n      <td {$labelStyle}>\n       {ts}Action{/ts}:\n      </td>\n      <td {$valueStyle}>\n       {if $mode EQ \'Update\'}\n        {ts}Updated personal campaign page{/ts}\n       {else}\n        {ts}New personal campaign page{/ts}\n       {/if}\n      </td>\n     </tr>\n     <tr>\n      <td {$labelStyle}>\n       {ts}Personal Campaign Page Title{/ts}\n      </td>\n      <td {$valueStyle}>\n       {$pcpTitle}\n      </td>\n     </tr>\n     <tr>\n      <td {$labelStyle}>\n       {ts}Current Status{/ts}\n      </td>\n      <td {$valueStyle}>\n       {$pcpStatus}\n      </td>\n     </tr>\n\n     <tr>\n      <td {$labelStyle}>\n       <a href=\"{$pcpURL}\">{ts}View Page{/ts}</a>\n      </td>\n      <td></td>\n     </tr>\n     <tr>\n      <td {$labelStyle}>\n       {ts}Supporter{/ts}\n      </td>\n      <td {$valueStyle}>\n       <a href=\"{$supporterUrl}\">{$supporterName}</a>\n      </td>\n     </tr>\n     <tr>\n      <td {$labelStyle}>\n       {ts}Linked to Contribution Page{/ts}\n      </td>\n      <td {$valueStyle}>\n       <a href=\"{$contribPageUrl}\">{$contribPageTitle}</a>\n      </td>\n     </tr>\n     <tr>\n      <td {$labelStyle}>\n       <a href=\"{$managePCPUrl}\">{ts}Manage Personal Campaign Pages{/ts}</a>\n      </td>\n      <td></td>\n     </tr>\n\n    </table>\n   </td>\n  </tr>\n </table>\n</center>\n\n</body>\n</html>\n',1,797,1,0,0,NULL),(20,'Personal Campaign Pages - Admin Notification','{ts}Personal Campaign Page Notification{/ts}\n','===========================================================\n{ts}Personal Campaign Page Notification{/ts}\n\n===========================================================\n{ts}Action{/ts}: {if $mode EQ \'Update\'}{ts}Updated personal campaign page{/ts}{else}{ts}New personal campaign page{/ts}{/if}\n{ts}Personal Campaign Page Title{/ts}: {$pcpTitle}\n{ts}Current Status{/ts}: {$pcpStatus}\n{capture assign=pcpURL}{crmURL p=\"civicrm/pcp/info\" q=\"reset=1&id=`$pcpId`\" h=0 a=1}{/capture}\n{ts}View Page{/ts}:\n>> {$pcpURL}\n\n{ts}Supporter{/ts}: {$supporterName}\n>> {$supporterUrl}\n\n{ts}Linked to Contribution Page{/ts}: {$contribPageTitle}\n>> {$contribPageUrl}\n\n{ts}Manage Personal Campaign Pages{/ts}:\n>> {$managePCPUrl}\n\n','<!DOCTYPE html PUBLIC \"-//W3C//DTD XHTML 1.0 Transitional//EN\" \"http://www.w3.org/TR/xhtml1/DTD/xhtml1-transitional.dtd\">\n<html xmlns=\"http://www.w3.org/1999/xhtml\">\n<head>\n <meta http-equiv=\"Content-Type\" content=\"text/html; charset=UTF-8\" />\n <title></title>\n</head>\n<body>\n\n{capture assign=headerStyle}colspan=\"2\" style=\"text-align: left; padding: 4px; border-bottom: 1px solid #999; background-color: #eee;\"{/capture}\n{capture assign=labelStyle }style=\"padding: 4px; border-bottom: 1px solid #999; background-color: #f7f7f7;\"{/capture}\n{capture assign=valueStyle }style=\"padding: 4px; border-bottom: 1px solid #999;\"{/capture}\n{capture assign=pcpURL     }{crmURL p=\"civicrm/pcp/info\" q=\"reset=1&id=`$pcpId`\" h=0 a=1}{/capture}\n\n<center>\n <table width=\"620\" border=\"0\" cellpadding=\"0\" cellspacing=\"0\" id=\"crm-event_receipt\" style=\"font-family: Arial, Verdana, sans-serif; text-align: left;\">\n\n  <!-- BEGIN HEADER -->\n  <!-- You can add table row(s) here with logo or other header elements -->\n  <!-- END HEADER -->\n\n  <!-- BEGIN CONTENT -->\n\n  <tr>\n   <td>\n    <table style=\"border: 1px solid #999; margin: 1em 0em 1em; border-collapse: collapse; width:100%;\">\n     <tr>\n      <th {$headerStyle}>\n       {ts}Personal Campaign Page Notification{/ts}\n      </th>\n     </tr>\n     <tr>\n      <td {$labelStyle}>\n       {ts}Action{/ts}:\n      </td>\n      <td {$valueStyle}>\n       {if $mode EQ \'Update\'}\n        {ts}Updated personal campaign page{/ts}\n       {else}\n        {ts}New personal campaign page{/ts}\n       {/if}\n      </td>\n     </tr>\n     <tr>\n      <td {$labelStyle}>\n       {ts}Personal Campaign Page Title{/ts}\n      </td>\n      <td {$valueStyle}>\n       {$pcpTitle}\n      </td>\n     </tr>\n     <tr>\n      <td {$labelStyle}>\n       {ts}Current Status{/ts}\n      </td>\n      <td {$valueStyle}>\n       {$pcpStatus}\n      </td>\n     </tr>\n\n     <tr>\n      <td {$labelStyle}>\n       <a href=\"{$pcpURL}\">{ts}View Page{/ts}</a>\n      </td>\n      <td></td>\n     </tr>\n     <tr>\n      <td {$labelStyle}>\n       {ts}Supporter{/ts}\n      </td>\n      <td {$valueStyle}>\n       <a href=\"{$supporterUrl}\">{$supporterName}</a>\n      </td>\n     </tr>\n     <tr>\n      <td {$labelStyle}>\n       {ts}Linked to Contribution Page{/ts}\n      </td>\n      <td {$valueStyle}>\n       <a href=\"{$contribPageUrl}\">{$contribPageTitle}</a>\n      </td>\n     </tr>\n     <tr>\n      <td {$labelStyle}>\n       <a href=\"{$managePCPUrl}\">{ts}Manage Personal Campaign Pages{/ts}</a>\n      </td>\n      <td></td>\n     </tr>\n\n    </table>\n   </td>\n  </tr>\n </table>\n</center>\n\n</body>\n</html>\n',1,797,0,1,0,NULL),(21,'Personal Campaign Pages - Supporter Status Change Notification','{ts 1=$contribPageTitle}Your Personal Campaign Page for %1{/ts}\n','{if $pcpStatus eq \'Approved\'}\n============================\n{ts}Your Personal Campaign Page{/ts}\n\n============================\n\n{ts}Your personal campaign page has been approved and is now live.{/ts}\n\n{ts}Whenever you want to preview, update or promote your page{/ts}:\n1. {ts}Login to your account at{/ts}:\n{$loginUrl}\n\n2. {ts}Click or paste this link into your browser to go to your page{/ts}:\n{$pcpInfoURL}\n\n{ts}When you view your campaign page WHILE LOGGED IN, the page includes links to edit your page, tell friends, and update your contact info.{/ts}\n\n{if $isTellFriendEnabled}\n\n{ts}After logging in, you can use this form to promote your fundraising page{/ts}:\n{$pcpTellFriendURL}\n\n{/if}\n\n{if $pcpNotifyEmailAddress}\n{ts}Questions? Send email to{/ts}:\n{$pcpNotifyEmailAddress}\n{/if}\n\n{* Rejected message *}\n{elseif $pcpStatus eq \'Not Approved\'}\n============================\n{ts}Your Personal Campaign Page{/ts}\n\n============================\n\n{ts}Your personal campaign page has been reviewed. There were some issues with the content which prevented us from approving the page. We are sorry for any inconvenience.{/ts}\n\n{if $pcpNotifyEmailAddress}\n\n{ts}Please contact our site administrator for more information{/ts}:\n{$pcpNotifyEmailAddress}\n{/if}\n\n{/if}\n','<!DOCTYPE html PUBLIC \"-//W3C//DTD XHTML 1.0 Transitional//EN\" \"http://www.w3.org/TR/xhtml1/DTD/xhtml1-transitional.dtd\">\n<html xmlns=\"http://www.w3.org/1999/xhtml\">\n<head>\n <meta http-equiv=\"Content-Type\" content=\"text/html; charset=UTF-8\" />\n <title></title>\n</head>\n<body>\n\n<center>\n <table width=\"620\" border=\"0\" cellpadding=\"0\" cellspacing=\"0\" id=\"crm-event_receipt\" style=\"font-family: Arial, Verdana, sans-serif; text-align: left;\">\n\n  <!-- BEGIN HEADER -->\n  <!-- You can add table row(s) here with logo or other header elements -->\n  <!-- END HEADER -->\n\n  <!-- BEGIN CONTENT -->\n\n  <tr>\n   <td>\n\n    <h1>{ts}Your Personal Campaign Page{/ts}</h1>\n\n    {if $pcpStatus eq \'Approved\'}\n\n     <p>{ts}Your personal campaign page has been approved and is now live.{/ts}</p>\n     <p>{ts}Whenever you want to preview, update or promote your page{/ts}:</p>\n     <ol>\n      <li><a href=\"{$loginUrl}\">{ts}Login to your account{/ts}</a></li>\n      <li><a href=\"{$pcpInfoURL}\">{ts}Go to your page{/ts}</a></li>\n     </ol>\n     <p>{ts}When you view your campaign page WHILE LOGGED IN, the page includes links to edit your page, tell friends, and update your contact info.{/ts}</p>\n\n     {if $isTellFriendEnabled}\n      <p><a href=\"{$pcpTellFriendURL}\">{ts}After logging in, you can use this form to promote your fundraising page{/ts}</a></p>\n     {/if}\n\n     {if $pcpNotifyEmailAddress}\n      <p>{ts}Questions? Send email to{/ts}: {$pcpNotifyEmailAddress}</p>\n     {/if}\n\n    {elseif $pcpStatus eq \'Not Approved\'}\n\n     <p>{ts}Your personal campaign page has been reviewed. There were some issues with the content which prevented us from approving the page. We are sorry for any inconvenience.{/ts}</p>\n     {if $pcpNotifyEmailAddress}\n      <p>{ts}Please contact our site administrator for more information{/ts}: {$pcpNotifyEmailAddress}</p>\n     {/if}\n\n    {/if}\n\n   </td>\n  </tr>\n\n </table>\n</center>\n\n</body>\n</html>\n',1,798,1,0,0,NULL),(22,'Personal Campaign Pages - Supporter Status Change Notification','{ts 1=$contribPageTitle}Your Personal Campaign Page for %1{/ts}\n','{if $pcpStatus eq \'Approved\'}\n============================\n{ts}Your Personal Campaign Page{/ts}\n\n============================\n\n{ts}Your personal campaign page has been approved and is now live.{/ts}\n\n{ts}Whenever you want to preview, update or promote your page{/ts}:\n1. {ts}Login to your account at{/ts}:\n{$loginUrl}\n\n2. {ts}Click or paste this link into your browser to go to your page{/ts}:\n{$pcpInfoURL}\n\n{ts}When you view your campaign page WHILE LOGGED IN, the page includes links to edit your page, tell friends, and update your contact info.{/ts}\n\n{if $isTellFriendEnabled}\n\n{ts}After logging in, you can use this form to promote your fundraising page{/ts}:\n{$pcpTellFriendURL}\n\n{/if}\n\n{if $pcpNotifyEmailAddress}\n{ts}Questions? Send email to{/ts}:\n{$pcpNotifyEmailAddress}\n{/if}\n\n{* Rejected message *}\n{elseif $pcpStatus eq \'Not Approved\'}\n============================\n{ts}Your Personal Campaign Page{/ts}\n\n============================\n\n{ts}Your personal campaign page has been reviewed. There were some issues with the content which prevented us from approving the page. We are sorry for any inconvenience.{/ts}\n\n{if $pcpNotifyEmailAddress}\n\n{ts}Please contact our site administrator for more information{/ts}:\n{$pcpNotifyEmailAddress}\n{/if}\n\n{/if}\n','<!DOCTYPE html PUBLIC \"-//W3C//DTD XHTML 1.0 Transitional//EN\" \"http://www.w3.org/TR/xhtml1/DTD/xhtml1-transitional.dtd\">\n<html xmlns=\"http://www.w3.org/1999/xhtml\">\n<head>\n <meta http-equiv=\"Content-Type\" content=\"text/html; charset=UTF-8\" />\n <title></title>\n</head>\n<body>\n\n<center>\n <table width=\"620\" border=\"0\" cellpadding=\"0\" cellspacing=\"0\" id=\"crm-event_receipt\" style=\"font-family: Arial, Verdana, sans-serif; text-align: left;\">\n\n  <!-- BEGIN HEADER -->\n  <!-- You can add table row(s) here with logo or other header elements -->\n  <!-- END HEADER -->\n\n  <!-- BEGIN CONTENT -->\n\n  <tr>\n   <td>\n\n    <h1>{ts}Your Personal Campaign Page{/ts}</h1>\n\n    {if $pcpStatus eq \'Approved\'}\n\n     <p>{ts}Your personal campaign page has been approved and is now live.{/ts}</p>\n     <p>{ts}Whenever you want to preview, update or promote your page{/ts}:</p>\n     <ol>\n      <li><a href=\"{$loginUrl}\">{ts}Login to your account{/ts}</a></li>\n      <li><a href=\"{$pcpInfoURL}\">{ts}Go to your page{/ts}</a></li>\n     </ol>\n     <p>{ts}When you view your campaign page WHILE LOGGED IN, the page includes links to edit your page, tell friends, and update your contact info.{/ts}</p>\n\n     {if $isTellFriendEnabled}\n      <p><a href=\"{$pcpTellFriendURL}\">{ts}After logging in, you can use this form to promote your fundraising page{/ts}</a></p>\n     {/if}\n\n     {if $pcpNotifyEmailAddress}\n      <p>{ts}Questions? Send email to{/ts}: {$pcpNotifyEmailAddress}</p>\n     {/if}\n\n    {elseif $pcpStatus eq \'Not Approved\'}\n\n     <p>{ts}Your personal campaign page has been reviewed. There were some issues with the content which prevented us from approving the page. We are sorry for any inconvenience.{/ts}</p>\n     {if $pcpNotifyEmailAddress}\n      <p>{ts}Please contact our site administrator for more information{/ts}: {$pcpNotifyEmailAddress}</p>\n     {/if}\n\n    {/if}\n\n   </td>\n  </tr>\n\n </table>\n</center>\n\n</body>\n</html>\n',1,798,0,1,0,NULL),(23,'Personal Campaign Pages - Supporter Welcome','{ts 1=$contribPageTitle}Your Personal Campaign Page for %1{/ts}\n','{ts}Dear supporter{/ts},\n{ts 1=\"$contribPageTitle\"}Thanks for creating a personal campaign page in support of %1.{/ts}\n\n{if $pcpStatus eq \'Approved\'}\n====================\n{ts}Promoting Your Page{/ts}\n\n====================\n{if $isTellFriendEnabled}\n\n{ts}You can begin your fundraising efforts using our \"Tell a Friend\" form{/ts}:\n\n1. {ts}Login to your account at{/ts}:\n{$loginUrl}\n\n2. {ts}Click or paste this link into your browser and follow the prompts{/ts}:\n{$pcpTellFriendURL}\n{else}\n\n{ts}Send email to family, friends and colleagues with a personal message about this campaign.{/ts}\n{ts}Include this link to your fundraising page in your emails{/ts}:\n{$pcpInfoURL}\n{/if}\n\n===================\n{ts}Managing Your Page{/ts}\n\n===================\n{ts}Whenever you want to preview, update or promote your page{/ts}:\n1. {ts}Login to your account at{/ts}:\n{$loginUrl}\n\n2. {ts}Click or paste this link into your browser to go to your page{/ts}:\n{$pcpInfoURL}\n\n{ts}When you view your campaign page WHILE LOGGED IN, the page includes links to edit your page, tell friends, and update your contact info.{/ts}\n\n\n{elseif $pcpStatus EQ \'Waiting Review\'}\n{ts}Your page requires administrator review before you can begin your fundraising efforts.{/ts}\n\n\n{ts}A notification email has been sent to the site administrator, and you will receive another notification from them as soon as the review process is complete.{/ts}\n\n\n{ts}You can still preview your page prior to approval{/ts}:\n1. {ts}Login to your account at{/ts}:\n{$loginUrl}\n\n2. {ts}Click or paste this link into your browser{/ts}:\n{$pcpInfoURL}\n\n{/if}\n{if $pcpNotifyEmailAddress}\n{ts}Questions? Send email to{/ts}:\n{$pcpNotifyEmailAddress}\n{/if}\n','<!DOCTYPE html PUBLIC \"-//W3C//DTD XHTML 1.0 Transitional//EN\" \"http://www.w3.org/TR/xhtml1/DTD/xhtml1-transitional.dtd\">\n<html xmlns=\"http://www.w3.org/1999/xhtml\">\n<head>\n <meta http-equiv=\"Content-Type\" content=\"text/html; charset=UTF-8\" />\n <title></title>\n</head>\n<body>\n\n{capture assign=headerStyle}colspan=\"2\" style=\"text-align: left; padding: 4px; border-bottom: 1px solid #999; background-color: #eee;\"{/capture}\n{capture assign=labelStyle }style=\"padding: 4px; border-bottom: 1px solid #999; background-color: #f7f7f7;\"{/capture}\n{capture assign=valueStyle }style=\"padding: 4px; border-bottom: 1px solid #999;\"{/capture}\n\n<center>\n <table width=\"620\" border=\"0\" cellpadding=\"0\" cellspacing=\"0\" id=\"crm-event_receipt\" style=\"font-family: Arial, Verdana, sans-serif; text-align: left;\">\n\n  <!-- BEGIN HEADER -->\n  <!-- You can add table row(s) here with logo or other header elements -->\n  <!-- END HEADER -->\n\n  <!-- BEGIN CONTENT -->\n\n  <tr>\n   <td>\n    <p>{ts}Dear supporter{/ts},</p>\n    <p>{ts 1=\"$contribPageTitle\"}Thanks for creating a personal campaign page in support of %1.{/ts}</p>\n   </td>\n  </tr>\n\n  {if $pcpStatus eq \'Approved\'}\n\n    <tr>\n     <td>\n      <table style=\"border: 1px solid #999; margin: 1em 0em 1em; border-collapse: collapse; width:100%;\">\n       <tr>\n        <th {$headerStyle}>\n         {ts}Promoting Your Page{/ts}\n        </th>\n       </tr>\n       <tr>\n        <td colspan=\"2\" {$valueStyle}>\n         {if $isTellFriendEnabled}\n          <p>{ts}You can begin your fundraising efforts using our \"Tell a Friend\" form{/ts}:</p>\n          <ol>\n           <li><a href=\"{$loginUrl}\">{ts}Login to your account{/ts}</a></li>\n           <li><a href=\"{$pcpTellFriendURL}\">{ts}Click this link and follow the prompts{/ts}</a></li>\n          </ol>\n         {else}\n          <p>{ts}Send email to family, friends and colleagues with a personal message about this campaign.{/ts} {ts}Include this link to your fundraising page in your emails{/ts}: {$pcpInfoURL}</p>\n         {/if}\n        </td>\n       </tr>\n       <tr>\n        <th {$headerStyle}>\n         {ts}Managing Your Page{/ts}\n        </th>\n       <tr>\n        <td colspan=\"2\" {$valueStyle}>\n         <p>{ts}Whenever you want to preview, update or promote your page{/ts}:</p>\n         <ol>\n          <li><a href=\"{$loginUrl}\">{ts}Login to your account{/ts}</a></li>\n          <li><a href=\"{$pcpInfoURL}\">{ts}Go to your page{/ts}</a></li>\n         </ol>\n         <p>{ts}When you view your campaign page WHILE LOGGED IN, the page includes links to edit your page, tell friends, and update your contact info.{/ts}</p>\n        </td>\n       </tr>\n       </tr>\n      </table>\n     </td>\n    </tr>\n\n   {elseif $pcpStatus EQ \'Waiting Review\'}\n\n    <tr>\n     <td>\n      <p>{ts}Your page requires administrator review before you can begin your fundraising efforts.{/ts}</p>\n      <p>{ts}A notification email has been sent to the site administrator, and you will receive another notification from them as soon as the review process is complete.{/ts}</p>\n      <p>{ts}You can still preview your page prior to approval{/ts}:</p>\n      <ol>\n       <li><a href=\"{$loginUrl}\">{ts}Login to your account{/ts}</a></li>\n       <li><a href=\"{$pcpInfoURL}\">{ts}Click this link{/ts}</a></li>\n      </ol>\n     </td>\n    </tr>\n\n   {/if}\n\n   {if $pcpNotifyEmailAddress}\n    <tr>\n     <td>\n      <p>{ts}Questions? Send email to{/ts}: {$pcpNotifyEmailAddress}</p>\n     </td>\n    </tr>\n   {/if}\n\n </table>\n</center>\n\n</body>\n</html>\n',1,799,1,0,0,NULL),(24,'Personal Campaign Pages - Supporter Welcome','{ts 1=$contribPageTitle}Your Personal Campaign Page for %1{/ts}\n','{ts}Dear supporter{/ts},\n{ts 1=\"$contribPageTitle\"}Thanks for creating a personal campaign page in support of %1.{/ts}\n\n{if $pcpStatus eq \'Approved\'}\n====================\n{ts}Promoting Your Page{/ts}\n\n====================\n{if $isTellFriendEnabled}\n\n{ts}You can begin your fundraising efforts using our \"Tell a Friend\" form{/ts}:\n\n1. {ts}Login to your account at{/ts}:\n{$loginUrl}\n\n2. {ts}Click or paste this link into your browser and follow the prompts{/ts}:\n{$pcpTellFriendURL}\n{else}\n\n{ts}Send email to family, friends and colleagues with a personal message about this campaign.{/ts}\n{ts}Include this link to your fundraising page in your emails{/ts}:\n{$pcpInfoURL}\n{/if}\n\n===================\n{ts}Managing Your Page{/ts}\n\n===================\n{ts}Whenever you want to preview, update or promote your page{/ts}:\n1. {ts}Login to your account at{/ts}:\n{$loginUrl}\n\n2. {ts}Click or paste this link into your browser to go to your page{/ts}:\n{$pcpInfoURL}\n\n{ts}When you view your campaign page WHILE LOGGED IN, the page includes links to edit your page, tell friends, and update your contact info.{/ts}\n\n\n{elseif $pcpStatus EQ \'Waiting Review\'}\n{ts}Your page requires administrator review before you can begin your fundraising efforts.{/ts}\n\n\n{ts}A notification email has been sent to the site administrator, and you will receive another notification from them as soon as the review process is complete.{/ts}\n\n\n{ts}You can still preview your page prior to approval{/ts}:\n1. {ts}Login to your account at{/ts}:\n{$loginUrl}\n\n2. {ts}Click or paste this link into your browser{/ts}:\n{$pcpInfoURL}\n\n{/if}\n{if $pcpNotifyEmailAddress}\n{ts}Questions? Send email to{/ts}:\n{$pcpNotifyEmailAddress}\n{/if}\n','<!DOCTYPE html PUBLIC \"-//W3C//DTD XHTML 1.0 Transitional//EN\" \"http://www.w3.org/TR/xhtml1/DTD/xhtml1-transitional.dtd\">\n<html xmlns=\"http://www.w3.org/1999/xhtml\">\n<head>\n <meta http-equiv=\"Content-Type\" content=\"text/html; charset=UTF-8\" />\n <title></title>\n</head>\n<body>\n\n{capture assign=headerStyle}colspan=\"2\" style=\"text-align: left; padding: 4px; border-bottom: 1px solid #999; background-color: #eee;\"{/capture}\n{capture assign=labelStyle }style=\"padding: 4px; border-bottom: 1px solid #999; background-color: #f7f7f7;\"{/capture}\n{capture assign=valueStyle }style=\"padding: 4px; border-bottom: 1px solid #999;\"{/capture}\n\n<center>\n <table width=\"620\" border=\"0\" cellpadding=\"0\" cellspacing=\"0\" id=\"crm-event_receipt\" style=\"font-family: Arial, Verdana, sans-serif; text-align: left;\">\n\n  <!-- BEGIN HEADER -->\n  <!-- You can add table row(s) here with logo or other header elements -->\n  <!-- END HEADER -->\n\n  <!-- BEGIN CONTENT -->\n\n  <tr>\n   <td>\n    <p>{ts}Dear supporter{/ts},</p>\n    <p>{ts 1=\"$contribPageTitle\"}Thanks for creating a personal campaign page in support of %1.{/ts}</p>\n   </td>\n  </tr>\n\n  {if $pcpStatus eq \'Approved\'}\n\n    <tr>\n     <td>\n      <table style=\"border: 1px solid #999; margin: 1em 0em 1em; border-collapse: collapse; width:100%;\">\n       <tr>\n        <th {$headerStyle}>\n         {ts}Promoting Your Page{/ts}\n        </th>\n       </tr>\n       <tr>\n        <td colspan=\"2\" {$valueStyle}>\n         {if $isTellFriendEnabled}\n          <p>{ts}You can begin your fundraising efforts using our \"Tell a Friend\" form{/ts}:</p>\n          <ol>\n           <li><a href=\"{$loginUrl}\">{ts}Login to your account{/ts}</a></li>\n           <li><a href=\"{$pcpTellFriendURL}\">{ts}Click this link and follow the prompts{/ts}</a></li>\n          </ol>\n         {else}\n          <p>{ts}Send email to family, friends and colleagues with a personal message about this campaign.{/ts} {ts}Include this link to your fundraising page in your emails{/ts}: {$pcpInfoURL}</p>\n         {/if}\n        </td>\n       </tr>\n       <tr>\n        <th {$headerStyle}>\n         {ts}Managing Your Page{/ts}\n        </th>\n       <tr>\n        <td colspan=\"2\" {$valueStyle}>\n         <p>{ts}Whenever you want to preview, update or promote your page{/ts}:</p>\n         <ol>\n          <li><a href=\"{$loginUrl}\">{ts}Login to your account{/ts}</a></li>\n          <li><a href=\"{$pcpInfoURL}\">{ts}Go to your page{/ts}</a></li>\n         </ol>\n         <p>{ts}When you view your campaign page WHILE LOGGED IN, the page includes links to edit your page, tell friends, and update your contact info.{/ts}</p>\n        </td>\n       </tr>\n       </tr>\n      </table>\n     </td>\n    </tr>\n\n   {elseif $pcpStatus EQ \'Waiting Review\'}\n\n    <tr>\n     <td>\n      <p>{ts}Your page requires administrator review before you can begin your fundraising efforts.{/ts}</p>\n      <p>{ts}A notification email has been sent to the site administrator, and you will receive another notification from them as soon as the review process is complete.{/ts}</p>\n      <p>{ts}You can still preview your page prior to approval{/ts}:</p>\n      <ol>\n       <li><a href=\"{$loginUrl}\">{ts}Login to your account{/ts}</a></li>\n       <li><a href=\"{$pcpInfoURL}\">{ts}Click this link{/ts}</a></li>\n      </ol>\n     </td>\n    </tr>\n\n   {/if}\n\n   {if $pcpNotifyEmailAddress}\n    <tr>\n     <td>\n      <p>{ts}Questions? Send email to{/ts}: {$pcpNotifyEmailAddress}</p>\n     </td>\n    </tr>\n   {/if}\n\n </table>\n</center>\n\n</body>\n</html>\n',1,799,0,1,0,NULL),(25,'Personal Campaign Pages - Owner Notification','{ts}Someone has just donated to your personal campaign page{/ts}\n','===========================================================\n{ts}Personal Campaign Page Owner Notification{/ts}\n\n===========================================================\n{ts}You have received a donation at your personal page{/ts}: {$page_title}\n>> {$pcpInfoURL}\n\n{ts}Your fundraising total has been updated.{/ts}\n{ts}The donor\'s information is listed below.  You can choose to contact them and convey your thanks if you wish.{/ts}\n{if $is_honor_roll_enabled}\n    {ts}The donor\'s name has been added to your honor roll unless they asked not to be included.{/ts}\n{/if}\n\n{ts}Received{/ts}: {$receive_date|crmDate}\n\n{ts}Amount{/ts}: {$total_amount|crmMoney:$currency}\n\n{ts}Name{/ts}: {$donors_display_name}\n\n{ts}Email{/ts}: {$donors_email}\n','<!DOCTYPE html PUBLIC \"-//W3C//DTD XHTML 1.0 Transitional//EN\" \"http://www.w3.org/TR/xhtml1/DTD/xhtml1-transitional.dtd\">\n<html xmlns=\"http://www.w3.org/1999/xhtml\">\n<head>\n <meta http-equiv=\"Content-Type\" content=\"text/html; charset=UTF-8\" />\n <title></title>\n</head>\n<body>\n\n{capture assign=headerStyle}colspan=\"2\" style=\"text-align: left; padding: 4px; border-bottom: 1px solid #999; background-color: #eee;\"{/capture}\n{capture assign=labelStyle }style=\"padding: 4px; border-bottom: 1px solid #999; background-color: #f7f7f7;\"{/capture}\n{capture assign=valueStyle }style=\"padding: 4px; border-bottom: 1px solid #999;\"{/capture}\n\n  <p>{ts}You have received a donation at your personal page{/ts}: <a href=\"{$pcpInfoURL}\">{$page_title}</a></p>\n  <p>{ts}Your fundraising total has been updated.{/ts}<br/>\n    {ts}The donor\'s information is listed below.  You can choose to contact them and convey your thanks if you wish.{/ts} <br/>\n    {if $is_honor_roll_enabled}\n      {ts}The donor\'s name has been added to your honor roll unless they asked not to be included.{/ts}<br/>\n    {/if}\n  </p>\n  <table width=\"620\" border=\"0\" cellpadding=\"0\" cellspacing=\"0\" id=\"crm-event_receipt\" style=\"font-family: Arial, Verdana, sans-serif; text-align: left;\">\n    <tr><td>{ts}Received{/ts}:</td><td> {$receive_date|crmDate}</td></tr>\n    <tr><td>{ts}Amount{/ts}:</td><td> {$total_amount|crmMoney:$currency}</td></tr>\n    <tr><td>{ts}Name{/ts}:</td><td> {$donors_display_name}</td></tr>\n    <tr><td>{ts}Email{/ts}:</td><td> {$donors_email}</td></tr>\n  </table>\n</body>\n</html>\n',1,800,1,0,0,NULL),(26,'Personal Campaign Pages - Owner Notification','{ts}Someone has just donated to your personal campaign page{/ts}\n','===========================================================\n{ts}Personal Campaign Page Owner Notification{/ts}\n\n===========================================================\n{ts}You have received a donation at your personal page{/ts}: {$page_title}\n>> {$pcpInfoURL}\n\n{ts}Your fundraising total has been updated.{/ts}\n{ts}The donor\'s information is listed below.  You can choose to contact them and convey your thanks if you wish.{/ts}\n{if $is_honor_roll_enabled}\n    {ts}The donor\'s name has been added to your honor roll unless they asked not to be included.{/ts}\n{/if}\n\n{ts}Received{/ts}: {$receive_date|crmDate}\n\n{ts}Amount{/ts}: {$total_amount|crmMoney:$currency}\n\n{ts}Name{/ts}: {$donors_display_name}\n\n{ts}Email{/ts}: {$donors_email}\n','<!DOCTYPE html PUBLIC \"-//W3C//DTD XHTML 1.0 Transitional//EN\" \"http://www.w3.org/TR/xhtml1/DTD/xhtml1-transitional.dtd\">\n<html xmlns=\"http://www.w3.org/1999/xhtml\">\n<head>\n <meta http-equiv=\"Content-Type\" content=\"text/html; charset=UTF-8\" />\n <title></title>\n</head>\n<body>\n\n{capture assign=headerStyle}colspan=\"2\" style=\"text-align: left; padding: 4px; border-bottom: 1px solid #999; background-color: #eee;\"{/capture}\n{capture assign=labelStyle }style=\"padding: 4px; border-bottom: 1px solid #999; background-color: #f7f7f7;\"{/capture}\n{capture assign=valueStyle }style=\"padding: 4px; border-bottom: 1px solid #999;\"{/capture}\n\n  <p>{ts}You have received a donation at your personal page{/ts}: <a href=\"{$pcpInfoURL}\">{$page_title}</a></p>\n  <p>{ts}Your fundraising total has been updated.{/ts}<br/>\n    {ts}The donor\'s information is listed below.  You can choose to contact them and convey your thanks if you wish.{/ts} <br/>\n    {if $is_honor_roll_enabled}\n      {ts}The donor\'s name has been added to your honor roll unless they asked not to be included.{/ts}<br/>\n    {/if}\n  </p>\n  <table width=\"620\" border=\"0\" cellpadding=\"0\" cellspacing=\"0\" id=\"crm-event_receipt\" style=\"font-family: Arial, Verdana, sans-serif; text-align: left;\">\n    <tr><td>{ts}Received{/ts}:</td><td> {$receive_date|crmDate}</td></tr>\n    <tr><td>{ts}Amount{/ts}:</td><td> {$total_amount|crmMoney:$currency}</td></tr>\n    <tr><td>{ts}Name{/ts}:</td><td> {$donors_display_name}</td></tr>\n    <tr><td>{ts}Email{/ts}:</td><td> {$donors_email}</td></tr>\n  </table>\n</body>\n</html>\n',1,800,0,1,0,NULL),(27,'Additional Payment Receipt or Refund Notification','{if $isRefund}{ts}Refund Notification{/ts}{else}{ts}Payment Receipt{/ts}{/if} - {if $component eq \'event\'}{$event.title}{/if}','Dear {$contactDisplayName}\n{if $paymentConfig.confirm_email_text}\n{$paymentConfig.confirm_email_text}\n{elseif $isRefund}\n{ts}A refund has been issued based on changes in your registration selections.{/ts}\n{else}\n{ts}A payment has been received.{/ts}\n{/if}\n\n{ts}Please print this confirmation for your records.{/ts}\n\n{if $isRefund}\n===============================================================================\n\n{ts}Refund Details{/ts}\n\n===============================================================================\n{ts}Total Fees{/ts}: {$totalAmount|crmMoney}\n{ts}You Paid{/ts}: {$totalPaid|crmMoney}\n------------------------------------------------------------------------------------\n{ts}Refund Amount{/ts}: {$refundAmount|crmMoney}\n\n{else}\n===============================================================================\n\n{ts}Payment Details{/ts}\n\n===============================================================================\n{ts}Total Fees{/ts}: {$totalAmount|crmMoney}\n{ts}This Payment Amount{/ts}: {$paymentAmount|crmMoney}\n------------------------------------------------------------------------------------\n{ts}Balance Owed{/ts}: {$amountOwed|crmMoney} {* This will be zero after final payment. *}\n\n{if $paymentsComplete}\n\n{ts}Thank-you. This completes your payment for {/ts}{if $component eq \'event\'}{$event.event_title}{/if}.\n{/if}\n{/if}\n{if $receive_date}\n{ts}Transaction Date{/ts}: {$receive_date|crmDate}\n{/if}\n{if $trxn_id}\n{ts}Transaction #{/ts}: {$trxn_id}\n{/if}\n{if $paidBy}\n{ts}Paid By{/ts}: {$paidBy}\n{/if}\n{if $checkNumber}\n{ts}Check Number{/ts}: {$checkNumber}\n{/if}\n{if $contributeMode eq \'direct\' and !$isAmountzero}\n\n===============================================================================\n\n{ts}Billing Name and Address{/ts}\n\n===============================================================================\n\n{$billingName}\n{$address}\n{/if}\n\n{if $contributeMode eq \'direct\' and !$isAmountzero}\n===========================================================\n{ts}Credit Card Information{/ts}\n\n===============================================================================\n\n{$credit_card_type}\n{$credit_card_number}\n{ts}Expires{/ts}: {$credit_card_exp_date|truncate:7:\'\'|crmDate}\n{/if}\n{if $component eq \'event\'}\n===============================================================================\n\n{ts}Event Information and Location{/ts}\n\n===============================================================================\n\n{$event.event_title}\n{$event.event_start_date|crmDate}{if $event.event_end_date}-{if $event.event_end_date|date_format:\"%Y%m%d\" == $event.event_start_date|date_format:\"%Y%m%d\"}{$event.event_end_date|crmDate:0:1}{else}{$event.event_end_date|crmDate}{/if}{/if}\n\n{if $event.participant_role neq \'Attendee\' and $defaultRole}\n{ts}Participant Role{/ts}: {$event.participant_role}\n{/if}\n\n{if $isShowLocation}\n{if $location.address.1.name}\n\n{$location.address.1.name}\n{/if}\n{if $location.address.1.street_address}{$location.address.1.street_address}\n{/if}\n{if $location.address.1.supplemental_address_1}{$location.address.1.supplemental_address_1}\n{/if}\n{if $location.address.1.supplemental_address_2}{$location.address.1.supplemental_address_2}\n{/if}\n{if $location.address.1.city}{$location.address.1.city} {$location.address.1.postal_code}{if $location.address.1.postal_code_suffix} - {$location.address.1.postal_code_suffix}{/if}\n{/if}\n\n{/if}{*End of isShowLocation condition*}\n\n{if $location.phone.1.phone || $location.email.1.email}\n\n{ts}Event Contacts:{/ts}\n{foreach from=$location.phone item=phone}\n{if $phone.phone}\n\n{if $phone.phone_type}{$phone.phone_type_display}{else}{ts}Phone{/ts}{/if}: {$phone.phone}{/if} {if $phone.phone_ext} {ts}ext.{/ts} {$phone.phone_ext}{/if}\n{/foreach}\n{foreach from=$location.email item=eventEmail}\n{if $eventEmail.email}\n\n{ts}Email{/ts}: {$eventEmail.email}{/if}{/foreach}\n{/if}\n{/if}\n','<!DOCTYPE html PUBLIC \"-//W3C//DTD XHTML 1.0 Transitional//EN\" \"http://www.w3.org/TR/xhtml1/DTD/xhtml1-transitional.dtd\">\n<html xmlns=\"http://www.w3.org/1999/xhtml\">\n<head>\n <meta http-equiv=\"Content-Type\" content=\"text/html; charset=UTF-8\" />\n <title></title>\n</head>\n<body>\n\n{capture assign=headerStyle}colspan=\"2\" style=\"text-align: left; padding: 4px; border-bottom: 1px solid #999; background-color: #eee;\"{/capture}\n{capture assign=labelStyle }style=\"padding: 4px; border-bottom: 1px solid #999; background-color: #f7f7f7;\"{/capture}\n{capture assign=valueStyle }style=\"padding: 4px; border-bottom: 1px solid #999;\"{/capture}\n{capture assign=emptyBlockStyle }style=\"padding: 10px; border-bottom: 1px solid #999;background-color: #f7f7f7;\"{/capture}\n{capture assign=emptyBlockValueStyle }style=\"padding: 10px; border-bottom: 1px solid #999;\"{/capture}\n\n<p>Dear {$contactDisplayName}</p>\n<center>\n <table width=\"620\" border=\"0\" cellpadding=\"0\" cellspacing=\"0\" id=\"crm-event_receipt\" style=\"font-family: Arial, Verdana, sans-serif; text-align: left;\">\n\n  <!-- BEGIN HEADER -->\n  <!-- You can add table row(s) here with logo or other header elements -->\n  <!-- END HEADER -->\n\n  <!-- BEGIN CONTENT -->\n\n  <tr>\n    <td>\n      {if $paymentConfig.confirm_email_text}\n      <p>{$paymentConfig.confirm_email_text|htmlize}</p>\n      {elseif $isRefund}\n      <p>{ts}A refund has been issued based on changes in your registration selections.{/ts}</p>\n      {else}\n      <p>{ts}A payment has been received.{/ts}</p>\n      {/if}\n      <p>{ts}Please print this confirmation for your records.{/ts}</p>\n    </td>\n  </tr>\n  <tr>\n   <td>\n    <table style=\"border: 1px solid #999; margin: 1em 0em 1em; border-collapse: collapse; width:100%;\">\n  {if $isRefund}\n  <tr>\n    <th {$headerStyle}>{ts}Refund Details{/ts}</th>\n  </tr>\n  <tr>\n    <td {$labelStyle}>\n      {ts}Total Fees{/ts}\n    </td>\n    <td {$valueStyle}>\n      {$totalAmount|crmMoney}\n    </td>\n  </tr>\n  <tr>\n    <td {$labelStyle}>\n      {ts}You Paid{/ts}\n    </td>\n    <td {$valueStyle}>\n      {$totalPaid|crmMoney}\n    </td>\n  </tr>\n  <tr>\n    <td {$labelStyle}>\n      {ts}Refund Amount{/ts}\n    </td>\n    <td {$valueStyle}>\n      {$refundAmount|crmMoney}\n    <td>\n  </tr>\n  {else}\n    <tr>\n      <th {$headerStyle}>{ts}Payment Details{/ts}</th>\n    </tr>\n    <tr>\n      <td {$labelStyle}>\n  {ts}{if $component eq \'event\'}Total Fees{/if}{/ts}\n      </td>\n      <td {$valueStyle}>\n  {$totalAmount|crmMoney}\n      </td>\n      </tr>\n      <tr>\n      <td {$labelStyle}>\n  {ts}This Payment Amount{/ts}\n      </td>\n      <td {$valueStyle}>\n  {$paymentAmount|crmMoney}\n      </td>\n      </tr>\n     <tr>\n      <td {$labelStyle}>\n  {ts}Balance Owed{/ts}\n      </td>\n       <td {$valueStyle}>\n  {$amountOwed|crmMoney}\n      </td> {* This will be zero after final payment. *}\n     </tr>\n     <tr> <td {$emptyBlockStyle}></td>\n     <td {$emptyBlockValueStyle}></td></tr>\n      {if $paymentsComplete}\n      <tr>\n      <td colspan=\'2\' {$valueStyle}>\n  {ts}Thank-you. This completes your payment for {if $component eq \'event\'}{$event.event_title}{/if}.{/ts}\n      </td>\n     </tr>\n      {/if}\n  {/if}\n  {if $receive_date}\n    <tr>\n      <td {$labelStyle}>\n  {ts}Transaction Date{/ts}\n      </td>\n      <td {$valueStyle}>\n  {$receive_date|crmDate}\n      </td>\n    </tr>\n  {/if}\n  {if $trxn_id}\n    <tr>\n      <td {$labelStyle}>\n  {ts}Transaction #{/ts}\n      </td>\n      <td {$valueStyle}>\n        {$trxn_id}\n      </td>\n    </tr>\n  {/if}\n  {if $paidBy}\n    <tr>\n      <td {$labelStyle}>\n        {ts}Paid By{/ts}\n      </td>\n      <td {$valueStyle}>\n        {$paidBy}\n      </td>\n    </tr>\n  {/if}\n  {if $checkNumber}\n    <tr>\n      <td {$labelStyle}>\n        {ts}Check Number{/ts}\n      </td>\n      <td {$valueStyle}>\n        {$checkNumber}\n      </td>\n    </tr>\n  {/if}\n  </table>\n  </td>\n  </tr>\n    <tr>\n      <td>\n  <table style=\"border: 1px solid #999; margin: 1em 0em 1em; border-collapse: collapse; width:100%;\">\n    {if $contributeMode eq \'direct\' and !$isAmountzero}\n          <tr>\n            <th {$headerStyle}>\n        {ts}Billing Name and Address{/ts}\n            </th>\n          </tr>\n          <tr>\n            <td colspan=\"2\" {$valueStyle}>\n        {$billingName}<br />\n        {$address|nl2br}\n            </td>\n          </tr>\n    {/if}\n    {if $contributeMode eq\'direct\' and !$isAmountzero}\n          <tr>\n            <th {$headerStyle}>\n        {ts}Credit Card Information{/ts}\n            </th>\n          </tr>\n          <tr>\n            <td colspan=\"2\" {$valueStyle}>\n        {$credit_card_type}<br />\n        {$credit_card_number}<br />\n        {ts}Expires:{/ts} {$credit_card_exp_date|truncate:7:\'\'|crmDate}\n            </td>\n          </tr>\n    {/if}\n    {if $component eq \'event\'}\n    <tr>\n      <th {$headerStyle}>\n        {ts}Event Information and Location{/ts}\n      </th>\n    </tr>\n    <tr>\n      <td colspan=\"2\" {$valueStyle}>\n         {$event.event_title}<br />\n        {$event.event_start_date|crmDate}{if $event.event_end_date}-{if $event.event_end_date|date_format:\"%Y%m%d\" == $event.event_start_date|date_format:\"%Y%m%d\"}{$event.event_end_date|crmDate:0:1}{else}{$event.event_end_date|crmDate}{/if}{/if}\n      </td>\n    </tr>\n\n    {if $event.participant_role neq \'Attendee\' and $defaultRole}\n    <tr>\n      <td {$labelStyle}>\n        {ts}Participant Role{/ts}\n      </td>\n      <td {$valueStyle}>\n        {$event.participant_role}\n      </td>\n    </tr>\n    {/if}\n\n    {if $isShowLocation}\n    <tr>\n      <td colspan=\"2\" {$valueStyle}>\n        {if $location.address.1.name}\n        {$location.address.1.name}<br />\n        {/if}\n        {if $location.address.1.street_address}\n        {$location.address.1.street_address}<br />\n        {/if}\n        {if $location.address.1.supplemental_address_1}\n        {$location.address.1.supplemental_address_1}<br />\n        {/if}\n        {if $location.address.1.supplemental_address_2}\n        {$location.address.1.supplemental_address_2}<br />\n        {/if}\n        {if $location.address.1.city}\n        {$location.address.1.city} {$location.address.1.postal_code}{if $location.address.1.postal_code_suffix} - {$location.address.1.postal_code_suffix}{/if}<br />\n        {/if}\n      </td>\n    </tr>\n    {/if}\n\n    {if $location.phone.1.phone || $location.email.1.email}\n    <tr>\n      <td colspan=\"2\" {$labelStyle}>\n        {ts}Event Contacts:{/ts}\n      </td>\n    </tr>\n    {foreach from=$location.phone item=phone}\n    {if $phone.phone}\n          <tr>\n            <td {$labelStyle}>\n        {if $phone.phone_type}\n        {$phone.phone_type_display}\n        {else}\n        {ts}Phone{/ts}\n        {/if}\n            </td>\n            <td {$valueStyle}>\n        {$phone.phone} {if $phone.phone_ext}&nbsp;{ts}ext.{/ts} {$phone.phone_ext}{/if}\n            </td>\n          </tr>\n    {/if}\n    {/foreach}\n    {foreach from=$location.email item=eventEmail}\n    {if $eventEmail.email}\n          <tr>\n            <td {$labelStyle}>\n        {ts}Email{/ts}\n            </td>\n            <td {$valueStyle}>\n        {$eventEmail.email}\n            </td>\n          </tr>\n    {/if}\n    {/foreach}\n    {/if} {*phone block close*}\n    {/if}\n  </table>\n      </td>\n    </tr>\n\n    </table>\n  </center>\n\n </body>\n</html>\n',1,801,1,0,0,NULL),(28,'Additional Payment Receipt or Refund Notification','{if $isRefund}{ts}Refund Notification{/ts}{else}{ts}Payment Receipt{/ts}{/if} - {if $component eq \'event\'}{$event.title}{/if}','Dear {$contactDisplayName}\n{if $paymentConfig.confirm_email_text}\n{$paymentConfig.confirm_email_text}\n{elseif $isRefund}\n{ts}A refund has been issued based on changes in your registration selections.{/ts}\n{else}\n{ts}A payment has been received.{/ts}\n{/if}\n\n{ts}Please print this confirmation for your records.{/ts}\n\n{if $isRefund}\n===============================================================================\n\n{ts}Refund Details{/ts}\n\n===============================================================================\n{ts}Total Fees{/ts}: {$totalAmount|crmMoney}\n{ts}You Paid{/ts}: {$totalPaid|crmMoney}\n------------------------------------------------------------------------------------\n{ts}Refund Amount{/ts}: {$refundAmount|crmMoney}\n\n{else}\n===============================================================================\n\n{ts}Payment Details{/ts}\n\n===============================================================================\n{ts}Total Fees{/ts}: {$totalAmount|crmMoney}\n{ts}This Payment Amount{/ts}: {$paymentAmount|crmMoney}\n------------------------------------------------------------------------------------\n{ts}Balance Owed{/ts}: {$amountOwed|crmMoney} {* This will be zero after final payment. *}\n\n{if $paymentsComplete}\n\n{ts}Thank-you. This completes your payment for {/ts}{if $component eq \'event\'}{$event.event_title}{/if}.\n{/if}\n{/if}\n{if $receive_date}\n{ts}Transaction Date{/ts}: {$receive_date|crmDate}\n{/if}\n{if $trxn_id}\n{ts}Transaction #{/ts}: {$trxn_id}\n{/if}\n{if $paidBy}\n{ts}Paid By{/ts}: {$paidBy}\n{/if}\n{if $checkNumber}\n{ts}Check Number{/ts}: {$checkNumber}\n{/if}\n{if $contributeMode eq \'direct\' and !$isAmountzero}\n\n===============================================================================\n\n{ts}Billing Name and Address{/ts}\n\n===============================================================================\n\n{$billingName}\n{$address}\n{/if}\n\n{if $contributeMode eq \'direct\' and !$isAmountzero}\n===========================================================\n{ts}Credit Card Information{/ts}\n\n===============================================================================\n\n{$credit_card_type}\n{$credit_card_number}\n{ts}Expires{/ts}: {$credit_card_exp_date|truncate:7:\'\'|crmDate}\n{/if}\n{if $component eq \'event\'}\n===============================================================================\n\n{ts}Event Information and Location{/ts}\n\n===============================================================================\n\n{$event.event_title}\n{$event.event_start_date|crmDate}{if $event.event_end_date}-{if $event.event_end_date|date_format:\"%Y%m%d\" == $event.event_start_date|date_format:\"%Y%m%d\"}{$event.event_end_date|crmDate:0:1}{else}{$event.event_end_date|crmDate}{/if}{/if}\n\n{if $event.participant_role neq \'Attendee\' and $defaultRole}\n{ts}Participant Role{/ts}: {$event.participant_role}\n{/if}\n\n{if $isShowLocation}\n{if $location.address.1.name}\n\n{$location.address.1.name}\n{/if}\n{if $location.address.1.street_address}{$location.address.1.street_address}\n{/if}\n{if $location.address.1.supplemental_address_1}{$location.address.1.supplemental_address_1}\n{/if}\n{if $location.address.1.supplemental_address_2}{$location.address.1.supplemental_address_2}\n{/if}\n{if $location.address.1.city}{$location.address.1.city} {$location.address.1.postal_code}{if $location.address.1.postal_code_suffix} - {$location.address.1.postal_code_suffix}{/if}\n{/if}\n\n{/if}{*End of isShowLocation condition*}\n\n{if $location.phone.1.phone || $location.email.1.email}\n\n{ts}Event Contacts:{/ts}\n{foreach from=$location.phone item=phone}\n{if $phone.phone}\n\n{if $phone.phone_type}{$phone.phone_type_display}{else}{ts}Phone{/ts}{/if}: {$phone.phone}{/if} {if $phone.phone_ext} {ts}ext.{/ts} {$phone.phone_ext}{/if}\n{/foreach}\n{foreach from=$location.email item=eventEmail}\n{if $eventEmail.email}\n\n{ts}Email{/ts}: {$eventEmail.email}{/if}{/foreach}\n{/if}\n{/if}\n','<!DOCTYPE html PUBLIC \"-//W3C//DTD XHTML 1.0 Transitional//EN\" \"http://www.w3.org/TR/xhtml1/DTD/xhtml1-transitional.dtd\">\n<html xmlns=\"http://www.w3.org/1999/xhtml\">\n<head>\n <meta http-equiv=\"Content-Type\" content=\"text/html; charset=UTF-8\" />\n <title></title>\n</head>\n<body>\n\n{capture assign=headerStyle}colspan=\"2\" style=\"text-align: left; padding: 4px; border-bottom: 1px solid #999; background-color: #eee;\"{/capture}\n{capture assign=labelStyle }style=\"padding: 4px; border-bottom: 1px solid #999; background-color: #f7f7f7;\"{/capture}\n{capture assign=valueStyle }style=\"padding: 4px; border-bottom: 1px solid #999;\"{/capture}\n{capture assign=emptyBlockStyle }style=\"padding: 10px; border-bottom: 1px solid #999;background-color: #f7f7f7;\"{/capture}\n{capture assign=emptyBlockValueStyle }style=\"padding: 10px; border-bottom: 1px solid #999;\"{/capture}\n\n<p>Dear {$contactDisplayName}</p>\n<center>\n <table width=\"620\" border=\"0\" cellpadding=\"0\" cellspacing=\"0\" id=\"crm-event_receipt\" style=\"font-family: Arial, Verdana, sans-serif; text-align: left;\">\n\n  <!-- BEGIN HEADER -->\n  <!-- You can add table row(s) here with logo or other header elements -->\n  <!-- END HEADER -->\n\n  <!-- BEGIN CONTENT -->\n\n  <tr>\n    <td>\n      {if $paymentConfig.confirm_email_text}\n      <p>{$paymentConfig.confirm_email_text|htmlize}</p>\n      {elseif $isRefund}\n      <p>{ts}A refund has been issued based on changes in your registration selections.{/ts}</p>\n      {else}\n      <p>{ts}A payment has been received.{/ts}</p>\n      {/if}\n      <p>{ts}Please print this confirmation for your records.{/ts}</p>\n    </td>\n  </tr>\n  <tr>\n   <td>\n    <table style=\"border: 1px solid #999; margin: 1em 0em 1em; border-collapse: collapse; width:100%;\">\n  {if $isRefund}\n  <tr>\n    <th {$headerStyle}>{ts}Refund Details{/ts}</th>\n  </tr>\n  <tr>\n    <td {$labelStyle}>\n      {ts}Total Fees{/ts}\n    </td>\n    <td {$valueStyle}>\n      {$totalAmount|crmMoney}\n    </td>\n  </tr>\n  <tr>\n    <td {$labelStyle}>\n      {ts}You Paid{/ts}\n    </td>\n    <td {$valueStyle}>\n      {$totalPaid|crmMoney}\n    </td>\n  </tr>\n  <tr>\n    <td {$labelStyle}>\n      {ts}Refund Amount{/ts}\n    </td>\n    <td {$valueStyle}>\n      {$refundAmount|crmMoney}\n    <td>\n  </tr>\n  {else}\n    <tr>\n      <th {$headerStyle}>{ts}Payment Details{/ts}</th>\n    </tr>\n    <tr>\n      <td {$labelStyle}>\n  {ts}{if $component eq \'event\'}Total Fees{/if}{/ts}\n      </td>\n      <td {$valueStyle}>\n  {$totalAmount|crmMoney}\n      </td>\n      </tr>\n      <tr>\n      <td {$labelStyle}>\n  {ts}This Payment Amount{/ts}\n      </td>\n      <td {$valueStyle}>\n  {$paymentAmount|crmMoney}\n      </td>\n      </tr>\n     <tr>\n      <td {$labelStyle}>\n  {ts}Balance Owed{/ts}\n      </td>\n       <td {$valueStyle}>\n  {$amountOwed|crmMoney}\n      </td> {* This will be zero after final payment. *}\n     </tr>\n     <tr> <td {$emptyBlockStyle}></td>\n     <td {$emptyBlockValueStyle}></td></tr>\n      {if $paymentsComplete}\n      <tr>\n      <td colspan=\'2\' {$valueStyle}>\n  {ts}Thank-you. This completes your payment for {if $component eq \'event\'}{$event.event_title}{/if}.{/ts}\n      </td>\n     </tr>\n      {/if}\n  {/if}\n  {if $receive_date}\n    <tr>\n      <td {$labelStyle}>\n  {ts}Transaction Date{/ts}\n      </td>\n      <td {$valueStyle}>\n  {$receive_date|crmDate}\n      </td>\n    </tr>\n  {/if}\n  {if $trxn_id}\n    <tr>\n      <td {$labelStyle}>\n  {ts}Transaction #{/ts}\n      </td>\n      <td {$valueStyle}>\n        {$trxn_id}\n      </td>\n    </tr>\n  {/if}\n  {if $paidBy}\n    <tr>\n      <td {$labelStyle}>\n        {ts}Paid By{/ts}\n      </td>\n      <td {$valueStyle}>\n        {$paidBy}\n      </td>\n    </tr>\n  {/if}\n  {if $checkNumber}\n    <tr>\n      <td {$labelStyle}>\n        {ts}Check Number{/ts}\n      </td>\n      <td {$valueStyle}>\n        {$checkNumber}\n      </td>\n    </tr>\n  {/if}\n  </table>\n  </td>\n  </tr>\n    <tr>\n      <td>\n  <table style=\"border: 1px solid #999; margin: 1em 0em 1em; border-collapse: collapse; width:100%;\">\n    {if $contributeMode eq \'direct\' and !$isAmountzero}\n          <tr>\n            <th {$headerStyle}>\n        {ts}Billing Name and Address{/ts}\n            </th>\n          </tr>\n          <tr>\n            <td colspan=\"2\" {$valueStyle}>\n        {$billingName}<br />\n        {$address|nl2br}\n            </td>\n          </tr>\n    {/if}\n    {if $contributeMode eq\'direct\' and !$isAmountzero}\n          <tr>\n            <th {$headerStyle}>\n        {ts}Credit Card Information{/ts}\n            </th>\n          </tr>\n          <tr>\n            <td colspan=\"2\" {$valueStyle}>\n        {$credit_card_type}<br />\n        {$credit_card_number}<br />\n        {ts}Expires:{/ts} {$credit_card_exp_date|truncate:7:\'\'|crmDate}\n            </td>\n          </tr>\n    {/if}\n    {if $component eq \'event\'}\n    <tr>\n      <th {$headerStyle}>\n        {ts}Event Information and Location{/ts}\n      </th>\n    </tr>\n    <tr>\n      <td colspan=\"2\" {$valueStyle}>\n         {$event.event_title}<br />\n        {$event.event_start_date|crmDate}{if $event.event_end_date}-{if $event.event_end_date|date_format:\"%Y%m%d\" == $event.event_start_date|date_format:\"%Y%m%d\"}{$event.event_end_date|crmDate:0:1}{else}{$event.event_end_date|crmDate}{/if}{/if}\n      </td>\n    </tr>\n\n    {if $event.participant_role neq \'Attendee\' and $defaultRole}\n    <tr>\n      <td {$labelStyle}>\n        {ts}Participant Role{/ts}\n      </td>\n      <td {$valueStyle}>\n        {$event.participant_role}\n      </td>\n    </tr>\n    {/if}\n\n    {if $isShowLocation}\n    <tr>\n      <td colspan=\"2\" {$valueStyle}>\n        {if $location.address.1.name}\n        {$location.address.1.name}<br />\n        {/if}\n        {if $location.address.1.street_address}\n        {$location.address.1.street_address}<br />\n        {/if}\n        {if $location.address.1.supplemental_address_1}\n        {$location.address.1.supplemental_address_1}<br />\n        {/if}\n        {if $location.address.1.supplemental_address_2}\n        {$location.address.1.supplemental_address_2}<br />\n        {/if}\n        {if $location.address.1.city}\n        {$location.address.1.city} {$location.address.1.postal_code}{if $location.address.1.postal_code_suffix} - {$location.address.1.postal_code_suffix}{/if}<br />\n        {/if}\n      </td>\n    </tr>\n    {/if}\n\n    {if $location.phone.1.phone || $location.email.1.email}\n    <tr>\n      <td colspan=\"2\" {$labelStyle}>\n        {ts}Event Contacts:{/ts}\n      </td>\n    </tr>\n    {foreach from=$location.phone item=phone}\n    {if $phone.phone}\n          <tr>\n            <td {$labelStyle}>\n        {if $phone.phone_type}\n        {$phone.phone_type_display}\n        {else}\n        {ts}Phone{/ts}\n        {/if}\n            </td>\n            <td {$valueStyle}>\n        {$phone.phone} {if $phone.phone_ext}&nbsp;{ts}ext.{/ts} {$phone.phone_ext}{/if}\n            </td>\n          </tr>\n    {/if}\n    {/foreach}\n    {foreach from=$location.email item=eventEmail}\n    {if $eventEmail.email}\n          <tr>\n            <td {$labelStyle}>\n        {ts}Email{/ts}\n            </td>\n            <td {$valueStyle}>\n        {$eventEmail.email}\n            </td>\n          </tr>\n    {/if}\n    {/foreach}\n    {/if} {*phone block close*}\n    {/if}\n  </table>\n      </td>\n    </tr>\n\n    </table>\n  </center>\n\n </body>\n</html>\n',1,801,0,1,0,NULL),(29,'Events - Registration Confirmation and Receipt (off-line)','{ts}Event Confirmation{/ts} - {$event.title}\n','{contact.email_greeting}\n{if $event.confirm_email_text AND (not $isOnWaitlist AND not $isRequireApproval)}\n{$event.confirm_email_text}\n{/if}\n\n{if $isOnWaitlist}\n==========================================================={if $pricesetFieldsCount }===================={/if}\n\n{ts}You have been added to the WAIT LIST for this event.{/ts}\n\n{if $isPrimary}\n{ts}If space becomes available you will receive an email with a link to a web page where you can complete your registration.{/ts}\n\n{/if}\n==========================================================={if $pricesetFieldsCount }===================={/if}\n\n{elseif $isRequireApproval}\n==========================================================={if $pricesetFieldsCount }===================={/if}\n\n{ts}Your registration has been submitted.{/ts}\n\n{if $isPrimary}\n{ts}Once your registration has been reviewed, you will receive an email with a link to a web page where you can complete the registration process.{/ts}\n\n{/if}\n==========================================================={if $pricesetFieldsCount }===================={/if}\n\n{elseif $is_pay_later}\n\n==========================================================={if $pricesetFieldsCount }===================={/if}\n\n{$pay_later_receipt}\n==========================================================={if $pricesetFieldsCount }===================={/if}\n\n{else}\n\n{ts}Please print this confirmation for your records.{/ts}\n{/if}\n\n\n==========================================================={if $pricesetFieldsCount }===================={/if}\n\n{ts}Event Information and Location{/ts}\n\n==========================================================={if $pricesetFieldsCount }===================={/if}\n\n{$event.event_title}\n{$event.event_start_date|crmDate}{if $event.event_end_date}-{if $event.event_end_date|date_format:\"%Y%m%d\" == $event.event_start_date|date_format:\"%Y%m%d\"}{$event.event_end_date|crmDate:0:1}{else}{$event.event_end_date|crmDate}{/if}{/if}\n\n{if $event.participant_role neq \'Attendee\' and $defaultRole}\n{ts}Participant Role{/ts}: {$event.participant_role}\n{/if}\n\n{if $isShowLocation}\n{if $location.address.1.name}\n\n{$location.address.1.name}\n{/if}\n{if $location.address.1.street_address}{$location.address.1.street_address}\n{/if}\n{if $location.address.1.supplemental_address_1}{$location.address.1.supplemental_address_1}\n{/if}\n{if $location.address.1.supplemental_address_2}{$location.address.1.supplemental_address_2}\n{/if}\n{if $location.address.1.city}{$location.address.1.city} {$location.address.1.postal_code}{if $location.address.1.postal_code_suffix} - {$location.address.1.postal_code_suffix}{/if}\n{/if}\n\n{/if}{*End of isShowLocation condition*}\n\n{if $location.phone.1.phone || $location.email.1.email}\n\n{ts}Event Contacts:{/ts}\n{foreach from=$location.phone item=phone}\n{if $phone.phone}\n\n{if $phone.phone_type}{$phone.phone_type_display}{else}{ts}Phone{/ts}{/if}: {$phone.phone}{/if} {if $phone.phone_ext} {ts}ext.{/ts} {$phone.phone_ext}{/if}\n{/foreach}\n{foreach from=$location.email item=eventEmail}\n{if $eventEmail.email}\n\n{ts}Email{/ts}: {$eventEmail.email}{/if}{/foreach}\n{/if}\n\n{if $event.is_public}\n{capture assign=icalFeed}{crmURL p=\'civicrm/event/ical\' q=\"reset=1&id=`$event.id`\" h=0 a=1 fe=1}{/capture}\n{ts}Download iCalendar File:{/ts} {$icalFeed}\n{/if}\n\n{if $email}\n\n==========================================================={if $pricesetFieldsCount }===================={/if}\n\n{ts}Registered Email{/ts}\n\n==========================================================={if $pricesetFieldsCount }===================={/if}\n\n{$email}\n{/if}\n{if $event.is_monetary} {* This section for Paid events only.*}\n\n==========================================================={if $pricesetFieldsCount }===================={/if}\n\n{$event.fee_label}\n==========================================================={if $pricesetFieldsCount }===================={/if}\n\n{if $lineItem}{foreach from=$lineItem item=value key=priceset}\n\n{if $value neq \'skip\'}\n{if $isPrimary}\n{if $lineItem|@count GT 1} {* Header for multi participant registration cases. *}\n{ts 1=$priceset+1}Participant %1{/ts}\n{/if}\n{/if}\n---------------------------------------------------------{if $pricesetFieldsCount }--------------------{/if}\n\n{capture assign=ts_item}{ts}Item{/ts}{/capture}\n{capture assign=ts_qty}{ts}Qty{/ts}{/capture}\n{capture assign=ts_each}{ts}Each{/ts}{/capture}\n{if $dataArray}\n{capture assign=ts_subtotal}{ts}Subtotal{/ts}{/capture}\n{capture assign=ts_taxRate}{ts}Tax Rate{/ts}{/capture}\n{capture assign=ts_taxAmount}{ts}Tax Amount{/ts}{/capture}\n{/if}\n{capture assign=ts_total}{ts}Total{/ts}{/capture}\n{capture assign=ts_participant_total}{if $pricesetFieldsCount }{ts}Total Participants{/ts}{/if}{/capture}\n{$ts_item|string_format:\"%-30s\"} {$ts_qty|string_format:\"%5s\"} {$ts_each|string_format:\"%10s\"} {if $dataArray} {$ts_subtotal|string_format:\"%10s\"} {$ts_taxRate|string_format:\"%10s\"} {$ts_taxAmount|string_format:\"%10s\"} {/if} {$ts_total|string_format:\"%10s\"} {$ts_participant_total|string_format:\"%10s\"}\n----------------------------------------------------------{if $pricesetFieldsCount }--------------------{/if}\n\n{foreach from=$value item=line}\n{if $pricesetFieldsCount }{capture assign=ts_participant_count}{$line.participant_count}{/capture}{/if}\n{capture assign=ts_item}{if $line.html_type eq \'Text\'}{$line.label}{else}{$line.field_title} - {$line.label}{/if} {if $line.description} {$line.description}{/if}{/capture}{$ts_item|truncate:30:\"...\"|string_format:\"%-30s\"} {$line.qty|string_format:\"%5s\"} {$line.unit_price|crmMoney|string_format:\"%10s\"} {if $dataArray} {$line.unit_price*$line.qty|crmMoney:$currency|string_format:\"%10s\"} {if $line.tax_rate != \"\" || $line.tax_amount != \"\"}  {$line.tax_rate|string_format:\"%.2f\"} %  {$line.tax_amount|crmMoney:$currency|string_format:\"%10s\"} {else}                  {/if}  {/if}  {$line.line_total+$line.tax_amount|crmMoney|string_format:\"%10s\"} {$ts_participant_count|string_format:\"%10s\"}\n{/foreach}\n{/if}\n{/foreach}\n\n{if $dataArray}\n{ts}Amount before Tax{/ts}: {$totalAmount-$totalTaxAmount|crmMoney:$currency}\n\n{foreach from=$dataArray item=value key=priceset}\n{if $priceset || $priceset == 0}\n{$taxTerm} {$priceset|string_format:\"%.2f\"}%: {$value|crmMoney:$currency}\n{else}\n{ts}No{/ts} {$taxTerm}: {$value|crmMoney:$currency}\n{/if}\n{/foreach}\n{/if}\n{/if}\n\n{if $amount && !$lineItem}\n{foreach from=$amount item=amnt key=level}{$amnt.amount|crmMoney} {$amnt.label}\n{/foreach}\n{/if}\n\n{if $totalTaxAmount}\n{ts}Total Tax Amount{/ts}: {$totalTaxAmount|crmMoney:$currency}\n{/if}\n{if $isPrimary}\n\n{if $balanceAmount}{ts}Total Paid{/ts}{else}{ts}Total Amount{/ts}{/if}: {$totalAmount|crmMoney} {if $hookDiscount.message}({$hookDiscount.message}){/if}\n\n{if $balanceAmount}\n{ts}Balance{/ts}: {$balanceAmount|crmMoney}\n{/if}\n\n{if $pricesetFieldsCount }\n      {assign var=\"count\" value= 0}\n      {foreach from=$lineItem item=pcount}\n      {assign var=\"lineItemCount\" value=0}\n      {if $pcount neq \'skip\'}\n        {foreach from=$pcount item=p_count}\n        {assign var=\"lineItemCount\" value=$lineItemCount+$p_count.participant_count}\n        {/foreach}\n        {if $lineItemCount < 1 }\n        {assign var=\"lineItemCount\" value=1}\n        {/if}\n      {assign var=\"count\" value=$count+$lineItemCount}\n      {/if}\n      {/foreach}\n\n{ts}Total Participants{/ts}: {$count}\n{/if}\n\n{if $is_pay_later }\n\n==========================================================={if $pricesetFieldsCount }===================={/if}\n\n{$pay_later_receipt}\n==========================================================={if $pricesetFieldsCount }===================={/if}\n\n{/if}\n\n{if $register_date}\n{ts}Registration Date{/ts}: {$register_date|crmDate}\n{/if}\n{if $receive_date}\n{ts}Transaction Date{/ts}: {$receive_date|crmDate}\n{/if}\n{if $contributionTypeName}\n{ts}Financial Type{/ts}: {$contributionTypeName}\n{/if}\n{if $trxn_id}\n{ts}Transaction #{/ts}: {$trxn_id}\n{/if}\n{if $paidBy}\n{ts}Paid By{/ts}: {$paidBy}\n{/if}\n{if $checkNumber}\n{ts}Check Number{/ts}: {$checkNumber}\n{/if}\n{if $contributeMode ne \'notify\' and !$isAmountzero and !$is_pay_later and !$isOnWaitlist and !$isRequireApproval}\n\n==========================================================={if $pricesetFieldsCount }===================={/if}\n\n{ts}Billing Name and Address{/ts}\n\n==========================================================={if $pricesetFieldsCount }===================={/if}\n\n{$billingName}\n{$address}\n{/if}\n\n{if $contributeMode eq \'direct\' and !$isAmountzero and !$is_pay_later and !$isOnWaitlist and !$isRequireApproval}\n===========================================================\n{ts}Credit Card Information{/ts}\n\n==========================================================={if $pricesetFieldsCount }===================={/if}\n\n{$credit_card_type}\n{$credit_card_number}\n{ts}Expires{/ts}: {$credit_card_exp_date|truncate:7:\'\'|crmDate}\n{/if}\n{/if}\n{/if} {* End of conditional section for Paid events *}\n\n{if $customPre}\n==========================================================={if $pricesetFieldsCount }===================={/if}\n\n{$customPre_grouptitle}\n==========================================================={if $pricesetFieldsCount }===================={/if}\n\n{foreach from=$customPre item=value key=customName}\n{if ( $trackingFields and ! in_array( $customName, $trackingFields ) ) or ! $trackingFields}\n{$customName}: {$value}\n{/if}\n{/foreach}\n{/if}\n\n{if $customPost}\n==========================================================={if $pricesetFieldsCount }===================={/if}\n\n{$customPost_grouptitle}\n==========================================================={if $pricesetFieldsCount }===================={/if}\n\n{foreach from=$customPost item=value key=customName}\n{if ( $trackingFields and ! in_array( $customName, $trackingFields ) ) or ! $trackingFields}\n{$customName}: {$value}\n{/if}\n{/foreach}\n{/if}\n{if $customProfile}\n\n{foreach from=$customProfile item=value key=customName}\n==========================================================={if $pricesetFieldsCount }===================={/if}\n\n{ts 1=$customName+1}Participant Information - Participant %1{/ts}\n\n==========================================================={if $pricesetFieldsCount }===================={/if}\n\n{foreach from=$value item=val key=field}\n{if $field eq \'additionalCustomPre\' or $field eq \'additionalCustomPost\' }\n{if $field eq \'additionalCustomPre\' }\n----------------------------------------------------------{if $pricesetFieldsCount }--------------------{/if}\n\n{$additionalCustomPre_grouptitle}\n----------------------------------------------------------{if $pricesetFieldsCount }--------------------{/if}\n\n{else}\n----------------------------------------------------------{if $pricesetFieldsCount }--------------------{/if}\n\n{$additionalCustomPost_grouptitle}\n----------------------------------------------------------{if $pricesetFieldsCount }--------------------{/if}\n\n{/if}\n{foreach from=$val item=v key=f}\n{$f}: {$v}\n{/foreach}\n{/if}\n{/foreach}\n{/foreach}\n{/if}\n{if $customGroup}\n{foreach from=$customGroup item=value key=customName}\n=========================================================={if $pricesetFieldsCount }===================={/if}\n\n{$customName}\n=========================================================={if $pricesetFieldsCount }===================={/if}\n\n{foreach from=$value item=v key=n}\n{$n}: {$v}\n{/foreach}\n{/foreach}\n{/if}\n\n\n','<!DOCTYPE html PUBLIC \"-//W3C//DTD XHTML 1.0 Transitional//EN\" \"http://www.w3.org/TR/xhtml1/DTD/xhtml1-transitional.dtd\">\n<html xmlns=\"http://www.w3.org/1999/xhtml\">\n<head>\n <meta http-equiv=\"Content-Type\" content=\"text/html; charset=UTF-8\" />\n <title></title>\n</head>\n<body>\n\n{capture assign=headerStyle}colspan=\"2\" style=\"text-align: left; padding: 4px; border-bottom: 1px solid #999; background-color: #eee;\"{/capture}\n{capture assign=labelStyle }style=\"padding: 4px; border-bottom: 1px solid #999; background-color: #f7f7f7;\"{/capture}\n{capture assign=valueStyle }style=\"padding: 4px; border-bottom: 1px solid #999;\"{/capture}\n\n<center>\n <table width=\"620\" border=\"0\" cellpadding=\"0\" cellspacing=\"0\" id=\"crm-event_receipt\" style=\"font-family: Arial, Verdana, sans-serif; text-align: left;\">\n\n  <!-- BEGIN HEADER -->\n  <!-- You can add table row(s) here with logo or other header elements -->\n  <!-- END HEADER -->\n\n  <!-- BEGIN CONTENT -->\n\n  <tr>\n   <td>\n    <p>{contact.email_greeting}</p>\n\n    {if $event.confirm_email_text AND (not $isOnWaitlist AND not $isRequireApproval)}\n     <p>{$event.confirm_email_text|htmlize}</p>\n    {/if}\n\n    {if $isOnWaitlist}\n     <p>{ts}You have been added to the WAIT LIST for this event.{/ts}</p>\n     {if $isPrimary}\n       <p>{ts}If space becomes available you will receive an email with a link to a web page where you can complete your registration.{/ts}</p>\n     {/if}\n    {elseif $isRequireApproval}\n     <p>{ts}Your registration has been submitted.{/ts}</p>\n     {if $isPrimary}\n      <p>{ts}Once your registration has been reviewed, you will receive an email with a link to a web page where you can complete the registration process.{/ts}</p>\n     {/if}\n    {elseif $is_pay_later}\n     <p>{$pay_later_receipt}</p> {* FIXME: this might be text rather than HTML *}\n    {else}\n     <p>{ts}Please print this confirmation for your records.{/ts}</p>\n    {/if}\n\n   </td>\n  </tr>\n  <tr>\n   <td>\n    <table style=\"border: 1px solid #999; margin: 1em 0em 1em; border-collapse: collapse; width:100%;\">\n     <tr>\n      <th {$headerStyle}>\n       {ts}Event Information and Location{/ts}\n      </th>\n     </tr>\n     <tr>\n      <td colspan=\"2\" {$valueStyle}>\n       {$event.event_title}<br />\n       {$event.event_start_date|crmDate}{if $event.event_end_date}-{if $event.event_end_date|date_format:\"%Y%m%d\" == $event.event_start_date|date_format:\"%Y%m%d\"}{$event.event_end_date|crmDate:0:1}{else}{$event.event_end_date|crmDate}{/if}{/if}\n      </td>\n     </tr>\n\n     {if $event.participant_role neq \'Attendee\' and $defaultRole}\n      <tr>\n       <td {$labelStyle}>\n        {ts}Participant Role{/ts}\n       </td>\n       <td {$valueStyle}>\n        {$event.participant_role}\n       </td>\n      </tr>\n     {/if}\n\n     {if $isShowLocation}\n      <tr>\n       <td colspan=\"2\" {$valueStyle}>\n        {if $location.address.1.name}\n         {$location.address.1.name}<br />\n        {/if}\n        {if $location.address.1.street_address}\n         {$location.address.1.street_address}<br />\n        {/if}\n        {if $location.address.1.supplemental_address_1}\n         {$location.address.1.supplemental_address_1}<br />\n        {/if}\n        {if $location.address.1.supplemental_address_2}\n         {$location.address.1.supplemental_address_2}<br />\n        {/if}\n        {if $location.address.1.city}\n         {$location.address.1.city} {$location.address.1.postal_code}{if $location.address.1.postal_code_suffix} - {$location.address.1.postal_code_suffix}{/if}<br />\n        {/if}\n       </td>\n      </tr>\n     {/if}\n\n     {if $location.phone.1.phone || $location.email.1.email}\n      <tr>\n       <td colspan=\"2\" {$labelStyle}>\n        {ts}Event Contacts:{/ts}\n       </td>\n      </tr>\n      {foreach from=$location.phone item=phone}\n       {if $phone.phone}\n        <tr>\n         <td {$labelStyle}>\n          {if $phone.phone_type}\n           {$phone.phone_type_display}\n          {else}\n           {ts}Phone{/ts}\n          {/if}\n         </td>\n         <td {$valueStyle}>\n          {$phone.phone} {if $phone.phone_ext}&nbsp;{ts}ext.{/ts} {$phone.phone_ext}{/if}\n         </td>\n        </tr>\n       {/if}\n      {/foreach}\n      {foreach from=$location.email item=eventEmail}\n       {if $eventEmail.email}\n        <tr>\n         <td {$labelStyle}>\n          {ts}Email{/ts}\n         </td>\n         <td {$valueStyle}>\n          {$eventEmail.email}\n         </td>\n        </tr>\n       {/if}\n      {/foreach}\n     {/if}\n\n     {if $event.is_public}\n      <tr>\n       <td colspan=\"2\" {$valueStyle}>\n        {capture assign=icalFeed}{crmURL p=\'civicrm/event/ical\' q=\"reset=1&id=`$event.id`\" h=0 a=1 fe=1}{/capture}\n        <a href=\"{$icalFeed}\">{ts}Download iCalendar File{/ts}</a>\n       </td>\n      </tr>\n     {/if}\n\n     {if $email}\n      <tr>\n       <th {$headerStyle}>\n        {ts}Registered Email{/ts}\n       </th>\n      </tr>\n      <tr>\n       <td colspan=\"2\" {$valueStyle}>\n        {$email}\n       </td>\n      </tr>\n     {/if}\n\n\n     {if $event.is_monetary}\n\n      <tr>\n       <th {$headerStyle}>\n        {$event.fee_label}\n       </th>\n      </tr>\n\n      {if $lineItem}\n       {foreach from=$lineItem item=value key=priceset}\n        {if $value neq \'skip\'}\n         {if $isPrimary}\n          {if $lineItem|@count GT 1} {* Header for multi participant registration cases. *}\n           <tr>\n            <td colspan=\"2\" {$labelStyle}>\n             {ts 1=$priceset+1}Participant %1{/ts}\n            </td>\n           </tr>\n          {/if}\n         {/if}\n         <tr>\n          <td colspan=\"2\" {$valueStyle}>\n           <table> {* FIXME: style this table so that it looks like the text version (justification, etc.) *}\n            <tr>\n             <th>{ts}Item{/ts}</th>\n             <th>{ts}Qty{/ts}</th>\n             <th>{ts}Each{/ts}</th>\n             {if $dataArray}\n              <th>{ts}SubTotal{/ts}</th>\n              <th>{ts}Tax Rate{/ts}</th>\n              <th>{ts}Tax Amount{/ts}</th>\n             {/if}\n             <th>{ts}Total{/ts}</th>\n       {if $pricesetFieldsCount }<th>{ts}Total Participants{/ts}</th>{/if}\n            </tr>\n            {foreach from=$value item=line}\n             <tr>\n              <td>\n        {if $line.html_type eq \'Text\'}{$line.label}{else}{$line.field_title} - {$line.label}{/if} {if $line.description}<div>{$line.description|truncate:30:\"...\"}</div>{/if}\n              </td>\n              <td>\n               {$line.qty}\n              </td>\n              <td>\n               {$line.unit_price|crmMoney}\n              </td>\n              {if $dataArray}\n               <td>\n                {$line.unit_price*$line.qty|crmMoney}\n               </td>\n               {if $line.tax_rate != \"\" || $line.tax_amount != \"\"}\n                <td>\n                 {$line.tax_rate|string_format:\"%.2f\"}%\n                </td>\n                <td>\n                 {$line.tax_amount|crmMoney}\n                </td>\n               {else}\n                <td></td>\n                <td></td>\n               {/if}\n              {/if}\n              <td>\n               {$line.line_total+$line.tax_amount|crmMoney}\n              </td>\n        {if  $pricesetFieldsCount }\n        <td>\n    {$line.participant_count}\n              </td>\n        {/if}\n             </tr>\n            {/foreach}\n           </table>\n          </td>\n         </tr>\n        {/if}\n       {/foreach}\n       {if $dataArray}\n        <tr>\n         <td {$labelStyle}>\n          {ts}Amount Before Tax:{/ts}\n         </td>\n         <td {$valueStyle}>\n          {$totalAmount-$totalTaxAmount|crmMoney}\n         </td>\n        </tr>\n        {foreach from=$dataArray item=value key=priceset}\n          <tr>\n           {if $priceset || $priceset == 0}\n            <td>&nbsp;{$taxTerm} {$priceset|string_format:\"%.2f\"}%</td>\n            <td>&nbsp;{$value|crmMoney:$currency}</td>\n           {else}\n            <td>&nbsp;{ts}No{/ts} {$taxTerm}</td>\n            <td>&nbsp;{$value|crmMoney:$currency}</td>\n           {/if}\n          </tr>\n        {/foreach}\n       {/if}\n      {/if}\n\n      {if $amount && !$lineItem}\n       {foreach from=$amount item=amnt key=level}\n        <tr>\n         <td colspan=\"2\" {$valueStyle}>\n          {$amnt.amount|crmMoney} {$amnt.label}\n         </td>\n        </tr>\n       {/foreach}\n      {/if}\n      {if $totalTaxAmount}\n       <tr>\n        <td {$labelStyle}>\n         {ts}Total Tax Amount{/ts}\n        </td>\n        <td {$valueStyle}>\n         {$totalTaxAmount|crmMoney:$currency}\n        </td>\n       </tr>\n      {/if}\n      {if $isPrimary}\n       <tr>\n        <td {$labelStyle}>\n        {if $balanceAmount}\n           {ts}Total Paid{/ts}\n        {else}\n           {ts}Total Amount{/ts}\n         {/if}\n        </td>\n        <td {$valueStyle}>\n         {$totalAmount|crmMoney} {if $hookDiscount.message}({$hookDiscount.message}){/if}\n        </td>\n       </tr>\n      {if $balanceAmount}\n       <tr>\n        <td {$labelStyle}>\n         {ts}Balance{/ts}\n        </td>\n        <td {$valueStyle}>\n         {$balanceAmount|crmMoney}\n        </td>\n       </tr>\n      {/if}\n       {if $pricesetFieldsCount }\n     <tr>\n       <td {$labelStyle}>\n   {ts}Total Participants{/ts}</td>\n       <td {$valueStyle}>\n   {assign var=\"count\" value= 0}\n         {foreach from=$lineItem item=pcount}\n         {assign var=\"lineItemCount\" value=0}\n         {if $pcount neq \'skip\'}\n           {foreach from=$pcount item=p_count}\n           {assign var=\"lineItemCount\" value=$lineItemCount+$p_count.participant_count}\n           {/foreach}\n           {if $lineItemCount < 1 }\n           assign var=\"lineItemCount\" value=1}\n           {/if}\n           {assign var=\"count\" value=$count+$lineItemCount}\n         {/if}\n         {/foreach}\n   {$count}\n       </td>\n     </tr>\n     {/if}\n       {if $is_pay_later}\n        <tr>\n         <td colspan=\"2\" {$labelStyle}>\n          {$pay_later_receipt}\n         </td>\n        </tr>\n       {/if}\n\n       {if $register_date}\n        <tr>\n         <td {$labelStyle}>\n          {ts}Registration Date{/ts}\n         </td>\n         <td {$valueStyle}>\n          {$register_date|crmDate}\n         </td>\n        </tr>\n       {/if}\n\n       {if $receive_date}\n        <tr>\n         <td {$labelStyle}>\n          {ts}Transaction Date{/ts}\n         </td>\n         <td {$valueStyle}>\n          {$receive_date|crmDate}\n         </td>\n        </tr>\n       {/if}\n\n       {if $contributionTypeName}\n        <tr>\n         <td {$labelStyle}>\n          {ts}Financial Type{/ts}\n         </td>\n         <td {$valueStyle}>\n          {$contributionTypeName}\n         </td>\n        </tr>\n       {/if}\n\n       {if $trxn_id}\n        <tr>\n         <td {$labelStyle}>\n          {ts}Transaction #{/ts}\n         </td>\n         <td {$valueStyle}>\n          {$trxn_id}\n         </td>\n        </tr>\n       {/if}\n\n       {if $paidBy}\n        <tr>\n         <td {$labelStyle}>\n          {ts}Paid By{/ts}\n         </td>\n         <td {$valueStyle}>\n         {$paidBy}\n         </td>\n        </tr>\n       {/if}\n\n       {if $checkNumber}\n        <tr>\n         <td {$labelStyle}>\n          {ts}Check Number{/ts}\n         </td>\n         <td {$valueStyle}>\n          {$checkNumber}\n         </td>\n        </tr>\n       {/if}\n\n       {if $contributeMode ne \'notify\' and !$isAmountzero and !$is_pay_later and !$isOnWaitlist and !$isRequireApproval}\n        <tr>\n         <th {$headerStyle}>\n          {ts}Billing Name and Address{/ts}\n         </th>\n        </tr>\n        <tr>\n         <td colspan=\"2\" {$valueStyle}>\n          {$billingName}<br />\n          {$address|nl2br}\n         </td>\n        </tr>\n       {/if}\n\n       {if $contributeMode eq \'direct\' and !$isAmountzero and !$is_pay_later and !$isOnWaitlist and !$isRequireApproval}\n        <tr>\n         <th {$headerStyle}>\n          {ts}Credit Card Information{/ts}\n         </th>\n        </tr>\n        <tr>\n         <td colspan=\"2\" {$valueStyle}>\n          {$credit_card_type}<br />\n          {$credit_card_number}<br />\n          {ts}Expires{/ts}: {$credit_card_exp_date|truncate:7:\'\'|crmDate}\n         </td>\n        </tr>\n       {/if}\n\n      {/if}\n\n     {/if} {* End of conditional section for Paid events *}\n\n     {if $customPre}\n      <tr>\n       <th {$headerStyle}>\n        {$customPre_grouptitle}\n       </th>\n      </tr>\n      {foreach from=$customPre item=value key=customName}\n       {if ( $trackingFields and ! in_array( $customName, $trackingFields ) ) or ! $trackingFields}\n        <tr>\n         <td {$labelStyle}>\n          {$customName}\n         </td>\n         <td {$valueStyle}>\n          {$value}\n         </td>\n        </tr>\n       {/if}\n      {/foreach}\n     {/if}\n\n     {if $customPost}\n      <tr>\n       <th {$headerStyle}>\n        {$customPost_grouptitle}\n       </th>\n      </tr>\n      {foreach from=$customPost item=value key=customName}\n       {if ( $trackingFields and ! in_array( $customName, $trackingFields ) ) or ! $trackingFields}\n        <tr>\n         <td {$labelStyle}>\n          {$customName}\n         </td>\n         <td {$valueStyle}>\n          {$value}\n         </td>\n        </tr>\n       {/if}\n      {/foreach}\n     {/if}\n\n     {if $customProfile}\n      {foreach from=$customProfile item=value key=customName}\n       <tr>\n        <th {$headerStyle}>\n         {ts 1=$customName+1}Participant Information - Participant %1{/ts}\n        </th>\n       </tr>\n       {foreach from=$value item=val key=field}\n        {if $field eq \'additionalCustomPre\' or $field eq \'additionalCustomPost\'}\n         <tr>\n          <td colspan=\"2\" {$labelStyle}>\n           {if $field eq \'additionalCustomPre\'}\n            {$additionalCustomPre_grouptitle}\n           {else}\n            {$additionalCustomPost_grouptitle}\n           {/if}\n          </td>\n         </tr>\n         {foreach from=$val item=v key=f}\n          <tr>\n           <td {$labelStyle}>\n            {$f}\n           </td>\n           <td {$valueStyle}>\n            {$v}\n           </td>\n          </tr>\n         {/foreach}\n        {/if}\n       {/foreach}\n      {/foreach}\n     {/if}\n\n     {if $customGroup}\n      {foreach from=$customGroup item=value key=customName}\n       <tr>\n        <th {$headerStyle}>\n         {$customName}\n        </th>\n       </tr>\n       {foreach from=$value item=v key=n}\n        <tr>\n         <td {$labelStyle}>\n          {$n}\n         </td>\n         <td {$valueStyle}>\n          {$v}\n         </td>\n        </tr>\n       {/foreach}\n      {/foreach}\n     {/if}\n\n    </table>\n   </td>\n  </tr>\n\n </table>\n</center>\n\n</body>\n</html>\n',1,802,1,0,0,NULL),(30,'Events - Registration Confirmation and Receipt (off-line)','{ts}Event Confirmation{/ts} - {$event.title}\n','{contact.email_greeting}\n{if $event.confirm_email_text AND (not $isOnWaitlist AND not $isRequireApproval)}\n{$event.confirm_email_text}\n{/if}\n\n{if $isOnWaitlist}\n==========================================================={if $pricesetFieldsCount }===================={/if}\n\n{ts}You have been added to the WAIT LIST for this event.{/ts}\n\n{if $isPrimary}\n{ts}If space becomes available you will receive an email with a link to a web page where you can complete your registration.{/ts}\n\n{/if}\n==========================================================={if $pricesetFieldsCount }===================={/if}\n\n{elseif $isRequireApproval}\n==========================================================={if $pricesetFieldsCount }===================={/if}\n\n{ts}Your registration has been submitted.{/ts}\n\n{if $isPrimary}\n{ts}Once your registration has been reviewed, you will receive an email with a link to a web page where you can complete the registration process.{/ts}\n\n{/if}\n==========================================================={if $pricesetFieldsCount }===================={/if}\n\n{elseif $is_pay_later}\n\n==========================================================={if $pricesetFieldsCount }===================={/if}\n\n{$pay_later_receipt}\n==========================================================={if $pricesetFieldsCount }===================={/if}\n\n{else}\n\n{ts}Please print this confirmation for your records.{/ts}\n{/if}\n\n\n==========================================================={if $pricesetFieldsCount }===================={/if}\n\n{ts}Event Information and Location{/ts}\n\n==========================================================={if $pricesetFieldsCount }===================={/if}\n\n{$event.event_title}\n{$event.event_start_date|crmDate}{if $event.event_end_date}-{if $event.event_end_date|date_format:\"%Y%m%d\" == $event.event_start_date|date_format:\"%Y%m%d\"}{$event.event_end_date|crmDate:0:1}{else}{$event.event_end_date|crmDate}{/if}{/if}\n\n{if $event.participant_role neq \'Attendee\' and $defaultRole}\n{ts}Participant Role{/ts}: {$event.participant_role}\n{/if}\n\n{if $isShowLocation}\n{if $location.address.1.name}\n\n{$location.address.1.name}\n{/if}\n{if $location.address.1.street_address}{$location.address.1.street_address}\n{/if}\n{if $location.address.1.supplemental_address_1}{$location.address.1.supplemental_address_1}\n{/if}\n{if $location.address.1.supplemental_address_2}{$location.address.1.supplemental_address_2}\n{/if}\n{if $location.address.1.city}{$location.address.1.city} {$location.address.1.postal_code}{if $location.address.1.postal_code_suffix} - {$location.address.1.postal_code_suffix}{/if}\n{/if}\n\n{/if}{*End of isShowLocation condition*}\n\n{if $location.phone.1.phone || $location.email.1.email}\n\n{ts}Event Contacts:{/ts}\n{foreach from=$location.phone item=phone}\n{if $phone.phone}\n\n{if $phone.phone_type}{$phone.phone_type_display}{else}{ts}Phone{/ts}{/if}: {$phone.phone}{/if} {if $phone.phone_ext} {ts}ext.{/ts} {$phone.phone_ext}{/if}\n{/foreach}\n{foreach from=$location.email item=eventEmail}\n{if $eventEmail.email}\n\n{ts}Email{/ts}: {$eventEmail.email}{/if}{/foreach}\n{/if}\n\n{if $event.is_public}\n{capture assign=icalFeed}{crmURL p=\'civicrm/event/ical\' q=\"reset=1&id=`$event.id`\" h=0 a=1 fe=1}{/capture}\n{ts}Download iCalendar File:{/ts} {$icalFeed}\n{/if}\n\n{if $email}\n\n==========================================================={if $pricesetFieldsCount }===================={/if}\n\n{ts}Registered Email{/ts}\n\n==========================================================={if $pricesetFieldsCount }===================={/if}\n\n{$email}\n{/if}\n{if $event.is_monetary} {* This section for Paid events only.*}\n\n==========================================================={if $pricesetFieldsCount }===================={/if}\n\n{$event.fee_label}\n==========================================================={if $pricesetFieldsCount }===================={/if}\n\n{if $lineItem}{foreach from=$lineItem item=value key=priceset}\n\n{if $value neq \'skip\'}\n{if $isPrimary}\n{if $lineItem|@count GT 1} {* Header for multi participant registration cases. *}\n{ts 1=$priceset+1}Participant %1{/ts}\n{/if}\n{/if}\n---------------------------------------------------------{if $pricesetFieldsCount }--------------------{/if}\n\n{capture assign=ts_item}{ts}Item{/ts}{/capture}\n{capture assign=ts_qty}{ts}Qty{/ts}{/capture}\n{capture assign=ts_each}{ts}Each{/ts}{/capture}\n{if $dataArray}\n{capture assign=ts_subtotal}{ts}Subtotal{/ts}{/capture}\n{capture assign=ts_taxRate}{ts}Tax Rate{/ts}{/capture}\n{capture assign=ts_taxAmount}{ts}Tax Amount{/ts}{/capture}\n{/if}\n{capture assign=ts_total}{ts}Total{/ts}{/capture}\n{capture assign=ts_participant_total}{if $pricesetFieldsCount }{ts}Total Participants{/ts}{/if}{/capture}\n{$ts_item|string_format:\"%-30s\"} {$ts_qty|string_format:\"%5s\"} {$ts_each|string_format:\"%10s\"} {if $dataArray} {$ts_subtotal|string_format:\"%10s\"} {$ts_taxRate|string_format:\"%10s\"} {$ts_taxAmount|string_format:\"%10s\"} {/if} {$ts_total|string_format:\"%10s\"} {$ts_participant_total|string_format:\"%10s\"}\n----------------------------------------------------------{if $pricesetFieldsCount }--------------------{/if}\n\n{foreach from=$value item=line}\n{if $pricesetFieldsCount }{capture assign=ts_participant_count}{$line.participant_count}{/capture}{/if}\n{capture assign=ts_item}{if $line.html_type eq \'Text\'}{$line.label}{else}{$line.field_title} - {$line.label}{/if} {if $line.description} {$line.description}{/if}{/capture}{$ts_item|truncate:30:\"...\"|string_format:\"%-30s\"} {$line.qty|string_format:\"%5s\"} {$line.unit_price|crmMoney|string_format:\"%10s\"} {if $dataArray} {$line.unit_price*$line.qty|crmMoney:$currency|string_format:\"%10s\"} {if $line.tax_rate != \"\" || $line.tax_amount != \"\"}  {$line.tax_rate|string_format:\"%.2f\"} %  {$line.tax_amount|crmMoney:$currency|string_format:\"%10s\"} {else}                  {/if}  {/if}  {$line.line_total+$line.tax_amount|crmMoney|string_format:\"%10s\"} {$ts_participant_count|string_format:\"%10s\"}\n{/foreach}\n{/if}\n{/foreach}\n\n{if $dataArray}\n{ts}Amount before Tax{/ts}: {$totalAmount-$totalTaxAmount|crmMoney:$currency}\n\n{foreach from=$dataArray item=value key=priceset}\n{if $priceset || $priceset == 0}\n{$taxTerm} {$priceset|string_format:\"%.2f\"}%: {$value|crmMoney:$currency}\n{else}\n{ts}No{/ts} {$taxTerm}: {$value|crmMoney:$currency}\n{/if}\n{/foreach}\n{/if}\n{/if}\n\n{if $amount && !$lineItem}\n{foreach from=$amount item=amnt key=level}{$amnt.amount|crmMoney} {$amnt.label}\n{/foreach}\n{/if}\n\n{if $totalTaxAmount}\n{ts}Total Tax Amount{/ts}: {$totalTaxAmount|crmMoney:$currency}\n{/if}\n{if $isPrimary}\n\n{if $balanceAmount}{ts}Total Paid{/ts}{else}{ts}Total Amount{/ts}{/if}: {$totalAmount|crmMoney} {if $hookDiscount.message}({$hookDiscount.message}){/if}\n\n{if $balanceAmount}\n{ts}Balance{/ts}: {$balanceAmount|crmMoney}\n{/if}\n\n{if $pricesetFieldsCount }\n      {assign var=\"count\" value= 0}\n      {foreach from=$lineItem item=pcount}\n      {assign var=\"lineItemCount\" value=0}\n      {if $pcount neq \'skip\'}\n        {foreach from=$pcount item=p_count}\n        {assign var=\"lineItemCount\" value=$lineItemCount+$p_count.participant_count}\n        {/foreach}\n        {if $lineItemCount < 1 }\n        {assign var=\"lineItemCount\" value=1}\n        {/if}\n      {assign var=\"count\" value=$count+$lineItemCount}\n      {/if}\n      {/foreach}\n\n{ts}Total Participants{/ts}: {$count}\n{/if}\n\n{if $is_pay_later }\n\n==========================================================={if $pricesetFieldsCount }===================={/if}\n\n{$pay_later_receipt}\n==========================================================={if $pricesetFieldsCount }===================={/if}\n\n{/if}\n\n{if $register_date}\n{ts}Registration Date{/ts}: {$register_date|crmDate}\n{/if}\n{if $receive_date}\n{ts}Transaction Date{/ts}: {$receive_date|crmDate}\n{/if}\n{if $contributionTypeName}\n{ts}Financial Type{/ts}: {$contributionTypeName}\n{/if}\n{if $trxn_id}\n{ts}Transaction #{/ts}: {$trxn_id}\n{/if}\n{if $paidBy}\n{ts}Paid By{/ts}: {$paidBy}\n{/if}\n{if $checkNumber}\n{ts}Check Number{/ts}: {$checkNumber}\n{/if}\n{if $contributeMode ne \'notify\' and !$isAmountzero and !$is_pay_later and !$isOnWaitlist and !$isRequireApproval}\n\n==========================================================={if $pricesetFieldsCount }===================={/if}\n\n{ts}Billing Name and Address{/ts}\n\n==========================================================={if $pricesetFieldsCount }===================={/if}\n\n{$billingName}\n{$address}\n{/if}\n\n{if $contributeMode eq \'direct\' and !$isAmountzero and !$is_pay_later and !$isOnWaitlist and !$isRequireApproval}\n===========================================================\n{ts}Credit Card Information{/ts}\n\n==========================================================={if $pricesetFieldsCount }===================={/if}\n\n{$credit_card_type}\n{$credit_card_number}\n{ts}Expires{/ts}: {$credit_card_exp_date|truncate:7:\'\'|crmDate}\n{/if}\n{/if}\n{/if} {* End of conditional section for Paid events *}\n\n{if $customPre}\n==========================================================={if $pricesetFieldsCount }===================={/if}\n\n{$customPre_grouptitle}\n==========================================================={if $pricesetFieldsCount }===================={/if}\n\n{foreach from=$customPre item=value key=customName}\n{if ( $trackingFields and ! in_array( $customName, $trackingFields ) ) or ! $trackingFields}\n{$customName}: {$value}\n{/if}\n{/foreach}\n{/if}\n\n{if $customPost}\n==========================================================={if $pricesetFieldsCount }===================={/if}\n\n{$customPost_grouptitle}\n==========================================================={if $pricesetFieldsCount }===================={/if}\n\n{foreach from=$customPost item=value key=customName}\n{if ( $trackingFields and ! in_array( $customName, $trackingFields ) ) or ! $trackingFields}\n{$customName}: {$value}\n{/if}\n{/foreach}\n{/if}\n{if $customProfile}\n\n{foreach from=$customProfile item=value key=customName}\n==========================================================={if $pricesetFieldsCount }===================={/if}\n\n{ts 1=$customName+1}Participant Information - Participant %1{/ts}\n\n==========================================================={if $pricesetFieldsCount }===================={/if}\n\n{foreach from=$value item=val key=field}\n{if $field eq \'additionalCustomPre\' or $field eq \'additionalCustomPost\' }\n{if $field eq \'additionalCustomPre\' }\n----------------------------------------------------------{if $pricesetFieldsCount }--------------------{/if}\n\n{$additionalCustomPre_grouptitle}\n----------------------------------------------------------{if $pricesetFieldsCount }--------------------{/if}\n\n{else}\n----------------------------------------------------------{if $pricesetFieldsCount }--------------------{/if}\n\n{$additionalCustomPost_grouptitle}\n----------------------------------------------------------{if $pricesetFieldsCount }--------------------{/if}\n\n{/if}\n{foreach from=$val item=v key=f}\n{$f}: {$v}\n{/foreach}\n{/if}\n{/foreach}\n{/foreach}\n{/if}\n{if $customGroup}\n{foreach from=$customGroup item=value key=customName}\n=========================================================={if $pricesetFieldsCount }===================={/if}\n\n{$customName}\n=========================================================={if $pricesetFieldsCount }===================={/if}\n\n{foreach from=$value item=v key=n}\n{$n}: {$v}\n{/foreach}\n{/foreach}\n{/if}\n\n\n','<!DOCTYPE html PUBLIC \"-//W3C//DTD XHTML 1.0 Transitional//EN\" \"http://www.w3.org/TR/xhtml1/DTD/xhtml1-transitional.dtd\">\n<html xmlns=\"http://www.w3.org/1999/xhtml\">\n<head>\n <meta http-equiv=\"Content-Type\" content=\"text/html; charset=UTF-8\" />\n <title></title>\n</head>\n<body>\n\n{capture assign=headerStyle}colspan=\"2\" style=\"text-align: left; padding: 4px; border-bottom: 1px solid #999; background-color: #eee;\"{/capture}\n{capture assign=labelStyle }style=\"padding: 4px; border-bottom: 1px solid #999; background-color: #f7f7f7;\"{/capture}\n{capture assign=valueStyle }style=\"padding: 4px; border-bottom: 1px solid #999;\"{/capture}\n\n<center>\n <table width=\"620\" border=\"0\" cellpadding=\"0\" cellspacing=\"0\" id=\"crm-event_receipt\" style=\"font-family: Arial, Verdana, sans-serif; text-align: left;\">\n\n  <!-- BEGIN HEADER -->\n  <!-- You can add table row(s) here with logo or other header elements -->\n  <!-- END HEADER -->\n\n  <!-- BEGIN CONTENT -->\n\n  <tr>\n   <td>\n    <p>{contact.email_greeting}</p>\n\n    {if $event.confirm_email_text AND (not $isOnWaitlist AND not $isRequireApproval)}\n     <p>{$event.confirm_email_text|htmlize}</p>\n    {/if}\n\n    {if $isOnWaitlist}\n     <p>{ts}You have been added to the WAIT LIST for this event.{/ts}</p>\n     {if $isPrimary}\n       <p>{ts}If space becomes available you will receive an email with a link to a web page where you can complete your registration.{/ts}</p>\n     {/if}\n    {elseif $isRequireApproval}\n     <p>{ts}Your registration has been submitted.{/ts}</p>\n     {if $isPrimary}\n      <p>{ts}Once your registration has been reviewed, you will receive an email with a link to a web page where you can complete the registration process.{/ts}</p>\n     {/if}\n    {elseif $is_pay_later}\n     <p>{$pay_later_receipt}</p> {* FIXME: this might be text rather than HTML *}\n    {else}\n     <p>{ts}Please print this confirmation for your records.{/ts}</p>\n    {/if}\n\n   </td>\n  </tr>\n  <tr>\n   <td>\n    <table style=\"border: 1px solid #999; margin: 1em 0em 1em; border-collapse: collapse; width:100%;\">\n     <tr>\n      <th {$headerStyle}>\n       {ts}Event Information and Location{/ts}\n      </th>\n     </tr>\n     <tr>\n      <td colspan=\"2\" {$valueStyle}>\n       {$event.event_title}<br />\n       {$event.event_start_date|crmDate}{if $event.event_end_date}-{if $event.event_end_date|date_format:\"%Y%m%d\" == $event.event_start_date|date_format:\"%Y%m%d\"}{$event.event_end_date|crmDate:0:1}{else}{$event.event_end_date|crmDate}{/if}{/if}\n      </td>\n     </tr>\n\n     {if $event.participant_role neq \'Attendee\' and $defaultRole}\n      <tr>\n       <td {$labelStyle}>\n        {ts}Participant Role{/ts}\n       </td>\n       <td {$valueStyle}>\n        {$event.participant_role}\n       </td>\n      </tr>\n     {/if}\n\n     {if $isShowLocation}\n      <tr>\n       <td colspan=\"2\" {$valueStyle}>\n        {if $location.address.1.name}\n         {$location.address.1.name}<br />\n        {/if}\n        {if $location.address.1.street_address}\n         {$location.address.1.street_address}<br />\n        {/if}\n        {if $location.address.1.supplemental_address_1}\n         {$location.address.1.supplemental_address_1}<br />\n        {/if}\n        {if $location.address.1.supplemental_address_2}\n         {$location.address.1.supplemental_address_2}<br />\n        {/if}\n        {if $location.address.1.city}\n         {$location.address.1.city} {$location.address.1.postal_code}{if $location.address.1.postal_code_suffix} - {$location.address.1.postal_code_suffix}{/if}<br />\n        {/if}\n       </td>\n      </tr>\n     {/if}\n\n     {if $location.phone.1.phone || $location.email.1.email}\n      <tr>\n       <td colspan=\"2\" {$labelStyle}>\n        {ts}Event Contacts:{/ts}\n       </td>\n      </tr>\n      {foreach from=$location.phone item=phone}\n       {if $phone.phone}\n        <tr>\n         <td {$labelStyle}>\n          {if $phone.phone_type}\n           {$phone.phone_type_display}\n          {else}\n           {ts}Phone{/ts}\n          {/if}\n         </td>\n         <td {$valueStyle}>\n          {$phone.phone} {if $phone.phone_ext}&nbsp;{ts}ext.{/ts} {$phone.phone_ext}{/if}\n         </td>\n        </tr>\n       {/if}\n      {/foreach}\n      {foreach from=$location.email item=eventEmail}\n       {if $eventEmail.email}\n        <tr>\n         <td {$labelStyle}>\n          {ts}Email{/ts}\n         </td>\n         <td {$valueStyle}>\n          {$eventEmail.email}\n         </td>\n        </tr>\n       {/if}\n      {/foreach}\n     {/if}\n\n     {if $event.is_public}\n      <tr>\n       <td colspan=\"2\" {$valueStyle}>\n        {capture assign=icalFeed}{crmURL p=\'civicrm/event/ical\' q=\"reset=1&id=`$event.id`\" h=0 a=1 fe=1}{/capture}\n        <a href=\"{$icalFeed}\">{ts}Download iCalendar File{/ts}</a>\n       </td>\n      </tr>\n     {/if}\n\n     {if $email}\n      <tr>\n       <th {$headerStyle}>\n        {ts}Registered Email{/ts}\n       </th>\n      </tr>\n      <tr>\n       <td colspan=\"2\" {$valueStyle}>\n        {$email}\n       </td>\n      </tr>\n     {/if}\n\n\n     {if $event.is_monetary}\n\n      <tr>\n       <th {$headerStyle}>\n        {$event.fee_label}\n       </th>\n      </tr>\n\n      {if $lineItem}\n       {foreach from=$lineItem item=value key=priceset}\n        {if $value neq \'skip\'}\n         {if $isPrimary}\n          {if $lineItem|@count GT 1} {* Header for multi participant registration cases. *}\n           <tr>\n            <td colspan=\"2\" {$labelStyle}>\n             {ts 1=$priceset+1}Participant %1{/ts}\n            </td>\n           </tr>\n          {/if}\n         {/if}\n         <tr>\n          <td colspan=\"2\" {$valueStyle}>\n           <table> {* FIXME: style this table so that it looks like the text version (justification, etc.) *}\n            <tr>\n             <th>{ts}Item{/ts}</th>\n             <th>{ts}Qty{/ts}</th>\n             <th>{ts}Each{/ts}</th>\n             {if $dataArray}\n              <th>{ts}SubTotal{/ts}</th>\n              <th>{ts}Tax Rate{/ts}</th>\n              <th>{ts}Tax Amount{/ts}</th>\n             {/if}\n             <th>{ts}Total{/ts}</th>\n       {if $pricesetFieldsCount }<th>{ts}Total Participants{/ts}</th>{/if}\n            </tr>\n            {foreach from=$value item=line}\n             <tr>\n              <td>\n        {if $line.html_type eq \'Text\'}{$line.label}{else}{$line.field_title} - {$line.label}{/if} {if $line.description}<div>{$line.description|truncate:30:\"...\"}</div>{/if}\n              </td>\n              <td>\n               {$line.qty}\n              </td>\n              <td>\n               {$line.unit_price|crmMoney}\n              </td>\n              {if $dataArray}\n               <td>\n                {$line.unit_price*$line.qty|crmMoney}\n               </td>\n               {if $line.tax_rate != \"\" || $line.tax_amount != \"\"}\n                <td>\n                 {$line.tax_rate|string_format:\"%.2f\"}%\n                </td>\n                <td>\n                 {$line.tax_amount|crmMoney}\n                </td>\n               {else}\n                <td></td>\n                <td></td>\n               {/if}\n              {/if}\n              <td>\n               {$line.line_total+$line.tax_amount|crmMoney}\n              </td>\n        {if  $pricesetFieldsCount }\n        <td>\n    {$line.participant_count}\n              </td>\n        {/if}\n             </tr>\n            {/foreach}\n           </table>\n          </td>\n         </tr>\n        {/if}\n       {/foreach}\n       {if $dataArray}\n        <tr>\n         <td {$labelStyle}>\n          {ts}Amount Before Tax:{/ts}\n         </td>\n         <td {$valueStyle}>\n          {$totalAmount-$totalTaxAmount|crmMoney}\n         </td>\n        </tr>\n        {foreach from=$dataArray item=value key=priceset}\n          <tr>\n           {if $priceset || $priceset == 0}\n            <td>&nbsp;{$taxTerm} {$priceset|string_format:\"%.2f\"}%</td>\n            <td>&nbsp;{$value|crmMoney:$currency}</td>\n           {else}\n            <td>&nbsp;{ts}No{/ts} {$taxTerm}</td>\n            <td>&nbsp;{$value|crmMoney:$currency}</td>\n           {/if}\n          </tr>\n        {/foreach}\n       {/if}\n      {/if}\n\n      {if $amount && !$lineItem}\n       {foreach from=$amount item=amnt key=level}\n        <tr>\n         <td colspan=\"2\" {$valueStyle}>\n          {$amnt.amount|crmMoney} {$amnt.label}\n         </td>\n        </tr>\n       {/foreach}\n      {/if}\n      {if $totalTaxAmount}\n       <tr>\n        <td {$labelStyle}>\n         {ts}Total Tax Amount{/ts}\n        </td>\n        <td {$valueStyle}>\n         {$totalTaxAmount|crmMoney:$currency}\n        </td>\n       </tr>\n      {/if}\n      {if $isPrimary}\n       <tr>\n        <td {$labelStyle}>\n        {if $balanceAmount}\n           {ts}Total Paid{/ts}\n        {else}\n           {ts}Total Amount{/ts}\n         {/if}\n        </td>\n        <td {$valueStyle}>\n         {$totalAmount|crmMoney} {if $hookDiscount.message}({$hookDiscount.message}){/if}\n        </td>\n       </tr>\n      {if $balanceAmount}\n       <tr>\n        <td {$labelStyle}>\n         {ts}Balance{/ts}\n        </td>\n        <td {$valueStyle}>\n         {$balanceAmount|crmMoney}\n        </td>\n       </tr>\n      {/if}\n       {if $pricesetFieldsCount }\n     <tr>\n       <td {$labelStyle}>\n   {ts}Total Participants{/ts}</td>\n       <td {$valueStyle}>\n   {assign var=\"count\" value= 0}\n         {foreach from=$lineItem item=pcount}\n         {assign var=\"lineItemCount\" value=0}\n         {if $pcount neq \'skip\'}\n           {foreach from=$pcount item=p_count}\n           {assign var=\"lineItemCount\" value=$lineItemCount+$p_count.participant_count}\n           {/foreach}\n           {if $lineItemCount < 1 }\n           assign var=\"lineItemCount\" value=1}\n           {/if}\n           {assign var=\"count\" value=$count+$lineItemCount}\n         {/if}\n         {/foreach}\n   {$count}\n       </td>\n     </tr>\n     {/if}\n       {if $is_pay_later}\n        <tr>\n         <td colspan=\"2\" {$labelStyle}>\n          {$pay_later_receipt}\n         </td>\n        </tr>\n       {/if}\n\n       {if $register_date}\n        <tr>\n         <td {$labelStyle}>\n          {ts}Registration Date{/ts}\n         </td>\n         <td {$valueStyle}>\n          {$register_date|crmDate}\n         </td>\n        </tr>\n       {/if}\n\n       {if $receive_date}\n        <tr>\n         <td {$labelStyle}>\n          {ts}Transaction Date{/ts}\n         </td>\n         <td {$valueStyle}>\n          {$receive_date|crmDate}\n         </td>\n        </tr>\n       {/if}\n\n       {if $contributionTypeName}\n        <tr>\n         <td {$labelStyle}>\n          {ts}Financial Type{/ts}\n         </td>\n         <td {$valueStyle}>\n          {$contributionTypeName}\n         </td>\n        </tr>\n       {/if}\n\n       {if $trxn_id}\n        <tr>\n         <td {$labelStyle}>\n          {ts}Transaction #{/ts}\n         </td>\n         <td {$valueStyle}>\n          {$trxn_id}\n         </td>\n        </tr>\n       {/if}\n\n       {if $paidBy}\n        <tr>\n         <td {$labelStyle}>\n          {ts}Paid By{/ts}\n         </td>\n         <td {$valueStyle}>\n         {$paidBy}\n         </td>\n        </tr>\n       {/if}\n\n       {if $checkNumber}\n        <tr>\n         <td {$labelStyle}>\n          {ts}Check Number{/ts}\n         </td>\n         <td {$valueStyle}>\n          {$checkNumber}\n         </td>\n        </tr>\n       {/if}\n\n       {if $contributeMode ne \'notify\' and !$isAmountzero and !$is_pay_later and !$isOnWaitlist and !$isRequireApproval}\n        <tr>\n         <th {$headerStyle}>\n          {ts}Billing Name and Address{/ts}\n         </th>\n        </tr>\n        <tr>\n         <td colspan=\"2\" {$valueStyle}>\n          {$billingName}<br />\n          {$address|nl2br}\n         </td>\n        </tr>\n       {/if}\n\n       {if $contributeMode eq \'direct\' and !$isAmountzero and !$is_pay_later and !$isOnWaitlist and !$isRequireApproval}\n        <tr>\n         <th {$headerStyle}>\n          {ts}Credit Card Information{/ts}\n         </th>\n        </tr>\n        <tr>\n         <td colspan=\"2\" {$valueStyle}>\n          {$credit_card_type}<br />\n          {$credit_card_number}<br />\n          {ts}Expires{/ts}: {$credit_card_exp_date|truncate:7:\'\'|crmDate}\n         </td>\n        </tr>\n       {/if}\n\n      {/if}\n\n     {/if} {* End of conditional section for Paid events *}\n\n     {if $customPre}\n      <tr>\n       <th {$headerStyle}>\n        {$customPre_grouptitle}\n       </th>\n      </tr>\n      {foreach from=$customPre item=value key=customName}\n       {if ( $trackingFields and ! in_array( $customName, $trackingFields ) ) or ! $trackingFields}\n        <tr>\n         <td {$labelStyle}>\n          {$customName}\n         </td>\n         <td {$valueStyle}>\n          {$value}\n         </td>\n        </tr>\n       {/if}\n      {/foreach}\n     {/if}\n\n     {if $customPost}\n      <tr>\n       <th {$headerStyle}>\n        {$customPost_grouptitle}\n       </th>\n      </tr>\n      {foreach from=$customPost item=value key=customName}\n       {if ( $trackingFields and ! in_array( $customName, $trackingFields ) ) or ! $trackingFields}\n        <tr>\n         <td {$labelStyle}>\n          {$customName}\n         </td>\n         <td {$valueStyle}>\n          {$value}\n         </td>\n        </tr>\n       {/if}\n      {/foreach}\n     {/if}\n\n     {if $customProfile}\n      {foreach from=$customProfile item=value key=customName}\n       <tr>\n        <th {$headerStyle}>\n         {ts 1=$customName+1}Participant Information - Participant %1{/ts}\n        </th>\n       </tr>\n       {foreach from=$value item=val key=field}\n        {if $field eq \'additionalCustomPre\' or $field eq \'additionalCustomPost\'}\n         <tr>\n          <td colspan=\"2\" {$labelStyle}>\n           {if $field eq \'additionalCustomPre\'}\n            {$additionalCustomPre_grouptitle}\n           {else}\n            {$additionalCustomPost_grouptitle}\n           {/if}\n          </td>\n         </tr>\n         {foreach from=$val item=v key=f}\n          <tr>\n           <td {$labelStyle}>\n            {$f}\n           </td>\n           <td {$valueStyle}>\n            {$v}\n           </td>\n          </tr>\n         {/foreach}\n        {/if}\n       {/foreach}\n      {/foreach}\n     {/if}\n\n     {if $customGroup}\n      {foreach from=$customGroup item=value key=customName}\n       <tr>\n        <th {$headerStyle}>\n         {$customName}\n        </th>\n       </tr>\n       {foreach from=$value item=v key=n}\n        <tr>\n         <td {$labelStyle}>\n          {$n}\n         </td>\n         <td {$valueStyle}>\n          {$v}\n         </td>\n        </tr>\n       {/foreach}\n      {/foreach}\n     {/if}\n\n    </table>\n   </td>\n  </tr>\n\n </table>\n</center>\n\n</body>\n</html>\n',1,802,0,1,0,NULL),(31,'Events - Registration Confirmation and Receipt (on-line)','{if $isOnWaitlist}{ts}Wait List Confirmation{/ts}{else}{ts}Registration Confirmation{/ts}{/if} - {$event.event_title}','{contact.email_greeting},\n\n{if $event.confirm_email_text AND (not $isOnWaitlist AND not $isRequireApproval)}\n{$event.confirm_email_text}\n\n{else}\nThank you for your participation.  This letter is a confirmation that your registration has been received and your status has been updated to {if $participant_status}{$participant_status}{else}{if $isOnWaitlist}waitlisted{else}registered{/if}{/if}.\n\n{/if}\n\n{if $isOnWaitlist}\n==========================================================={if $pricesetFieldsCount }===================={/if}\n\n{ts}You have been added to the WAIT LIST for this event.{/ts}\n\n{if $isPrimary}\n{ts}If space becomes available you will receive an email with a link to a web page where you can complete your registration.{/ts}\n{/if}\n==========================================================={if $pricesetFieldsCount }===================={/if}\n\n{elseif $isRequireApproval}\n==========================================================={if $pricesetFieldsCount }===================={/if}\n\n{ts}Your registration has been submitted.{/ts}\n\n{if $isPrimary}\n{ts}Once your registration has been reviewed, you will receive an email with a link to a web page where you can complete the registration process.{/ts}\n\n{/if}\n==========================================================={if $pricesetFieldsCount }===================={/if}\n\n{elseif $is_pay_later && !$isAmountzero && !$isAdditionalParticipant}\n\n==========================================================={if $pricesetFieldsCount }===================={/if}\n\n{$pay_later_receipt}\n==========================================================={if $pricesetFieldsCount }===================={/if}\n\n{else}\n\n{ts}Please print this confirmation for your records.{/ts}\n{/if}\n\n\n==========================================================={if $pricesetFieldsCount }===================={/if}\n\n{ts}Event Information and Location{/ts}\n\n==========================================================={if $pricesetFieldsCount }===================={/if}\n\n{$event.event_title}\n{$event.event_start_date|date_format:\"%A\"} {$event.event_start_date|crmDate}{if $event.event_end_date}-{if $event.event_end_date|date_format:\"%Y%m%d\" == $event.event_start_date|date_format:\"%Y%m%d\"}{$event.event_end_date|crmDate:0:1}{else}{$event.event_end_date|date_format:\"%A\"} {$event.event_end_date|crmDate}{/if}{/if}\n{if $conference_sessions}\n\n\n{ts}Your schedule:{/ts}\n{assign var=\'group_by_day\' value=\'NA\'}\n{foreach from=$conference_sessions item=session}\n{if $session.start_date|date_format:\"%Y/%m/%d\" != $group_by_day|date_format:\"%Y/%m/%d\"}\n{assign var=\'group_by_day\' value=$session.start_date}\n\n{$group_by_day|date_format:\"%m/%d/%Y\"}\n\n\n{/if}\n{$session.start_date|crmDate:0:1}{if $session.end_date}-{$session.end_date|crmDate:0:1}{/if} {$session.title}\n{if $session.location}    {$session.location}{/if}\n{/foreach}\n{/if}\n\n{if $event.participant_role neq \'Attendee\' and $defaultRole}\n{ts}Participant Role{/ts}: {$event.participant_role}\n{/if}\n\n{if $isShowLocation}\n{if $location.address.1.name}\n\n{$location.address.1.name}\n{/if}\n{if $location.address.1.street_address}{$location.address.1.street_address}\n{/if}\n{if $location.address.1.supplemental_address_1}{$location.address.1.supplemental_address_1}\n{/if}\n{if $location.address.1.supplemental_address_2}{$location.address.1.supplemental_address_2}\n{/if}\n{if $location.address.1.city}{$location.address.1.city}, {$location.address.1.state_province} {$location.address.1.postal_code}{if $location.address.1.postal_code_suffix} - {$location.address.1.postal_code_suffix}{/if}\n{/if}\n\n{/if}{*End of isShowLocation condition*}\n\n{if $location.phone.1.phone || $location.email.1.email}\n\n{ts}Event Contacts:{/ts}\n{foreach from=$location.phone item=phone}\n{if $phone.phone}\n\n{if $phone.phone_type}{$phone.phone_type_display}{else}{ts}Phone{/ts}{/if}: {$phone.phone}{/if} {if $phone.phone_ext} {ts}ext.{/ts} {$phone.phone_ext}{/if}\n{/foreach}\n{foreach from=$location.email item=eventEmail}\n{if $eventEmail.email}\n\n{ts}Email{/ts}: {$eventEmail.email}{/if}{/foreach}\n{/if}\n\n{if $event.is_public}\n{capture assign=icalFeed}{crmURL p=\'civicrm/event/ical\' q=\"reset=1&id=`$event.id`\" h=0 a=1 fe=1}{/capture}\n{ts}Download iCalendar File:{/ts} {$icalFeed}\n{/if}\n\n{if $payer.name}\nYou were registered by: {$payer.name}\n{/if}\n{if $event.is_monetary} {* This section for Paid events only.*}\n\n==========================================================={if $pricesetFieldsCount }===================={/if}\n\n{$event.fee_label}\n==========================================================={if $pricesetFieldsCount }===================={/if}\n\n{if $lineItem}{foreach from=$lineItem item=value key=priceset}\n\n{if $value neq \'skip\'}\n{if $isPrimary}\n{if $lineItem|@count GT 1} {* Header for multi participant registration cases. *}\n{ts 1=$priceset+1}Participant %1{/ts} {$part.$priceset.info}\n\n{/if}\n{/if}\n-----------------------------------------------------------{if $pricesetFieldsCount }-----------------------------------------------------{/if}\n\n{capture assign=ts_item}{ts}Item{/ts}{/capture}\n{capture assign=ts_qty}{ts}Qty{/ts}{/capture}\n{capture assign=ts_each}{ts}Each{/ts}{/capture}\n{if $dataArray}\n{capture assign=ts_subtotal}{ts}Subtotal{/ts}{/capture}\n{capture assign=ts_taxRate}{ts}Tax Rate{/ts}{/capture}\n{capture assign=ts_taxAmount}{ts}Tax Amount{/ts}{/capture}\n{/if}\n{capture assign=ts_total}{ts}Total{/ts}{/capture}\n{if $pricesetFieldsCount }{capture assign=ts_participant_total}{ts}Total Participants{/ts}{/capture}{/if}\n{$ts_item|string_format:\"%-30s\"} {$ts_qty|string_format:\"%5s\"} {$ts_each|string_format:\"%10s\"} {if $dataArray} {$ts_subtotal|string_format:\"%10s\"} {$ts_taxRate|string_format:\"%10s\"} {$ts_taxAmount|string_format:\"%10s\"} {/if} {$ts_total|string_format:\"%10s\"} {$ts_participant_total|string_format:\"%10s\"}\n-----------------------------------------------------------{if $pricesetFieldsCount }-----------------------------------------------------{/if}\n\n{foreach from=$value item=line}\n{if $pricesetFieldsCount }{capture assign=ts_participant_count}{$line.participant_count}{/capture}{/if}\n{capture assign=ts_item}{if $line.html_type eq \'Text\'}{$line.label}{else}{$line.field_title} - {$line.label}{/if} {if $line.description} {$line.description}{/if}{/capture}{$ts_item|truncate:30:\"...\"|string_format:\"%-30s\"} {$line.qty|string_format:\"%5s\"} {$line.unit_price|crmMoney:$currency|string_format:\"%10s\"} {if $dataArray} {$line.unit_price*$line.qty|crmMoney:$currency|string_format:\"%10s\"} {if $line.tax_rate != \"\" || $line.tax_amount != \"\"}  {$line.tax_rate|string_format:\"%.2f\"} %  {$line.tax_amount|crmMoney:$currency|string_format:\"%10s\"} {else}                  {/if}  {/if} {$line.line_total+$line.tax_amount|crmMoney:$currency|string_format:\"%10s\"}{$ts_participant_count|string_format:\"%10s\"}\n{/foreach}\n----------------------------------------------------------------------------------------------------------------\n{if $individual}{ts}Participant Total{/ts} {$individual.$priceset.totalAmtWithTax-$individual.$priceset.totalTaxAmt|crmMoney:$currency|string_format:\"%29s\"} {$individual.$priceset.totalTaxAmt|crmMoney:$currency|string_format:\"%33s\"} {$individual.$priceset.totalAmtWithTax|crmMoney:$currency|string_format:\"%12s\"}{/if}\n{/if}\n{\"\"|string_format:\"%120s\"}\n{/foreach}\n{\"\"|string_format:\"%120s\"}\n\n{if $dataArray}\n{ts}Amount before Tax{/ts}: {$totalAmount-$totalTaxAmount|crmMoney:$currency}\n\n{foreach from=$dataArray item=value key=priceset}\n{if $priceset || $priceset == 0}\n{$taxTerm} {$priceset|string_format:\"%.2f\"}%: {$value|crmMoney:$currency}\n{else}\n{ts}No{/ts} {$taxTerm}: {$value|crmMoney:$currency}\n{/if}\n{/foreach}\n{/if}\n{/if}\n\n{if $amounts && !$lineItem}\n{foreach from=$amounts item=amnt key=level}{$amnt.amount|crmMoney:$currency} {$amnt.label}\n{/foreach}\n{/if}\n\n{if $totalTaxAmount}\n{ts}Total Tax Amount{/ts}: {$totalTaxAmount|crmMoney:$currency}\n{/if}\n{if $isPrimary }\n\n{ts}Total Amount{/ts}: {$totalAmount|crmMoney:$currency} {if $hookDiscount.message}({$hookDiscount.message}){/if}\n\n{if $pricesetFieldsCount }\n      {assign var=\"count\" value= 0}\n      {foreach from=$lineItem item=pcount}\n      {assign var=\"lineItemCount\" value=0}\n      {if $pcount neq \'skip\'}\n        {foreach from=$pcount item=p_count}\n        {assign var=\"lineItemCount\" value=$lineItemCount+$p_count.participant_count}\n        {/foreach}\n      {if $lineItemCount < 1 }\n        {assign var=\"lineItemCount\" value=1}\n      {/if}\n      {assign var=\"count\" value=$count+$lineItemCount}\n      {/if}\n      {/foreach}\n\n{ts}Total Participants{/ts}: {$count}\n{/if}\n\n{if $register_date}\n{ts}Registration Date{/ts}: {$register_date|crmDate}\n{/if}\n{if $receive_date}\n{ts}Transaction Date{/ts}: {$receive_date|crmDate}\n{/if}\n{if $contributionTypeName}\n{ts}Financial Type{/ts}: {$contributionTypeName}\n{/if}\n{if $trxn_id}\n{ts}Transaction #{/ts}: {$trxn_id}\n{/if}\n{if $paidBy}\n{ts}Paid By{/ts}: {$paidBy}\n{/if}\n{if $checkNumber}\n{ts}Check Number{/ts}: {$checkNumber}\n{/if}\n{if $contributeMode ne \'notify\' and !$isAmountzero and (!$is_pay_later or $isBillingAddressRequiredForPayLater) and !$isOnWaitlist and !$isRequireApproval}\n\n==========================================================={if $pricesetFieldsCount }===================={/if}\n\n{ts}Billing Name and Address{/ts}\n\n==========================================================={if $pricesetFieldsCount }===================={/if}\n\n{$billingName}\n{$address}\n{/if}\n\n{if $contributeMode eq \'direct\' and !$isAmountzero and !$is_pay_later and !$isOnWaitlist and !$isRequireApproval}\n==========================================================={if $pricesetFieldsCount }===================={/if}\n\n{ts}Credit Card Information{/ts}\n\n==========================================================={if $pricesetFieldsCount }===================={/if}\n\n{$credit_card_type}\n{$credit_card_number}\n{ts}Expires{/ts}: {$credit_card_exp_date|truncate:7:\'\'|crmDate}\n{/if}\n{/if}\n{/if} {* End of conditional section for Paid events *}\n\n{if $customPre}\n{foreach from=$customPre item=customPr key=i}\n==========================================================={if $pricesetFieldsCount }===================={/if}\n\n{$customPre_grouptitle.$i}\n==========================================================={if $pricesetFieldsCount }===================={/if}\n\n{foreach from=$customPr item=customValue key=customName}\n{if ( $trackingFields and ! in_array( $customName, $trackingFields ) ) or ! $trackingFields}\n {$customName}: {$customValue}\n{/if}\n{/foreach}\n{/foreach}\n{/if}\n\n{if $customPost}\n{foreach from=$customPost item=customPos key=j}\n==========================================================={if $pricesetFieldsCount }===================={/if}\n\n{$customPost_grouptitle.$j}\n==========================================================={if $pricesetFieldsCount }===================={/if}\n\n{foreach from=$customPos item=customValue key=customName}\n{if ( $trackingFields and ! in_array( $customName, $trackingFields ) ) or ! $trackingFields}\n {$customName}: {$customValue}\n{/if}\n{/foreach}\n{/foreach}\n{/if}\n{if $customProfile}\n\n{foreach from=$customProfile.profile item=eachParticipant key=participantID}\n==========================================================={if $pricesetFieldsCount }===================={/if}\n\n{ts 1=$participantID+2}Participant Information - Participant %1{/ts}\n\n==========================================================={if $pricesetFieldsCount }===================={/if}\n\n{foreach from=$eachParticipant item=eachProfile key=pid}\n----------------------------------------------------------{if $pricesetFieldsCount }--------------------{/if}\n\n{$customProfile.title.$pid}\n----------------------------------------------------------{if $pricesetFieldsCount }--------------------{/if}\n\n{foreach from=$eachProfile item=val key=field}\n{foreach from=$val item=v key=f}\n{$field}: {$v}\n{/foreach}\n{/foreach}\n{/foreach}\n{/foreach}\n{/if}\n{if $customGroup}\n{foreach from=$customGroup item=value key=customName}\n=========================================================={if $pricesetFieldsCount }===================={/if}\n\n{$customName}\n=========================================================={if $pricesetFieldsCount }===================={/if}\n\n{foreach from=$value item=v key=n}\n{$n}: {$v}\n{/foreach}\n{/foreach}\n{/if}\n{if $event.allow_selfcancelxfer }\n{ts 1=$event.selfcancelxfer_time}You may transfer your registration to another participant or cancel your registration up to %1 hours before the event.{/ts} {if $totalAmount}{ts}Cancellations are not refundable.{/ts}{/if}\n   {capture assign=selfService}{crmURL p=\'civicrm/event/selfsvcupdate\' q=\"reset=1&pid=`$participant.id`&{contact.checksum}\"  h=0 a=1 fe=1}{/capture}\n{ts}Transfer or cancel your registration:{/ts} {$selfService}\n{/if}\n','<!DOCTYPE html PUBLIC \"-//W3C//DTD XHTML 1.0 Transitional//EN\" \"http://www.w3.org/TR/xhtml1/DTD/xhtml1-transitional.dtd\">\n<html xmlns=\"http://www.w3.org/1999/xhtml\">\n<head>\n <meta http-equiv=\"Content-Type\" content=\"text/html; charset=UTF-8\" />\n <title></title>\n</head>\n<body>\n\n{capture assign=headerStyle}colspan=\"2\" style=\"text-align: left; padding: 4px; border-bottom: 1px solid #999; background-color: #eee;\"{/capture}\n{capture assign=labelStyle }style=\"padding: 4px; border-bottom: 1px solid #999; background-color: #f7f7f7;\"{/capture}\n{capture assign=valueStyle }style=\"padding: 4px; border-bottom: 1px solid #999;\"{/capture}\n{capture assign=tdfirstStyle}style=\"width: 180px; padding-bottom: 15px;\"{/capture}\n{capture assign=tdStyle}style=\"width: 100px;\"{/capture}\n{capture assign=participantTotal}style=\"margin: 0.5em 0 0.5em;padding: 0.5em;background-color: #999999;font-weight: bold;color: #FAFAFA;border-radius: 2px;\"{/capture}\n\n\n<center>\n <table width=\"700\" border=\"0\" cellpadding=\"0\" cellspacing=\"0\" id=\"crm-event_receipt\" style=\"font-family: Arial, Verdana, sans-serif; text-align: left;\">\n\n  <!-- BEGIN HEADER -->\n  <!-- You can add table row(s) here with logo or other header elements -->\n  <!-- END HEADER -->\n\n  <!-- BEGIN CONTENT -->\n\n  <tr>\n   <td>\n  <p>{contact.email_greeting},</p>\n\n    {if $event.confirm_email_text AND (not $isOnWaitlist AND not $isRequireApproval)}\n     <p>{$event.confirm_email_text|htmlize}</p>\n\n    {else}\n  <p>Thank you for your participation.  This letter is a confirmation that your registration has been received and your status has been updated to <strong>{if $participant_status}{$participant_status}{else}{if $isOnWaitlist}waitlisted{else}registered{/if}{/if}</strong>.</p>\n\n    {/if}\n\n    <p>\n    {if $isOnWaitlist}\n     <p>{ts}You have been added to the WAIT LIST for this event.{/ts}</p>\n     {if $isPrimary}\n       <p>{ts}If space becomes available you will receive an email with a link to a web page where you can complete your registration.{/ts}</p>\n     {/if}\n    {elseif $isRequireApproval}\n     <p>{ts}Your registration has been submitted.{/ts}</p>\n     {if $isPrimary}\n      <p>{ts}Once your registration has been reviewed, you will receive an email with a link to a web page where you can complete the registration process.{/ts}</p>\n     {/if}\n    {elseif $is_pay_later && !$isAmountzero && !$isAdditionalParticipant}\n     <p>{$pay_later_receipt}</p> {* FIXME: this might be text rather than HTML *}\n    {else}\n     <p>{ts}Please print this confirmation for your records.{/ts}</p>\n    {/if}\n\n   </td>\n  </tr>\n  <tr>\n   <td>\n    <table width=\"700\" style=\"border: 1px solid #999; margin: 1em 0em 1em; border-collapse: collapse;\">\n     <tr>\n      <th {$headerStyle}>\n       {ts}Event Information and Location{/ts}\n      </th>\n     </tr>\n     <tr>\n      <td colspan=\"2\" {$valueStyle}>\n       {$event.event_title}<br />\n       {$event.event_start_date|date_format:\"%A\"} {$event.event_start_date|crmDate}{if $event.event_end_date}-{if $event.event_end_date|date_format:\"%Y%m%d\" == $event.event_start_date|date_format:\"%Y%m%d\"}{$event.event_end_date|crmDate:0:1}{else}{$event.event_end_date|date_format:\"%A\"} {$event.event_end_date|crmDate}{/if}{/if}\n      </td>\n     </tr>\n\n\n     {if $conference_sessions}\n      <tr>\n       <td colspan=\"2\" {$labelStyle}>\n  {ts}Your schedule:{/ts}\n       </td>\n      </tr>\n      <tr>\n       <td colspan=\"2\" {$valueStyle}>\n  {assign var=\'group_by_day\' value=\'NA\'}\n  {foreach from=$conference_sessions item=session}\n   {if $session.start_date|date_format:\"%Y/%m/%d\" != $group_by_day|date_format:\"%Y/%m/%d\"}\n    {assign var=\'group_by_day\' value=$session.start_date}\n          <em>{$group_by_day|date_format:\"%m/%d/%Y\"}</em><br />\n   {/if}\n   {$session.start_date|crmDate:0:1}{if $session.end_date}-{$session.end_date|crmDate:0:1}{/if} {$session.title}<br />\n   {if $session.location}&nbsp;&nbsp;&nbsp;&nbsp;{$session.location}<br />{/if}\n  {/foreach}\n       </td>\n      </tr>\n     {/if}\n\n     {if $event.participant_role neq \'Attendee\' and $defaultRole}\n      <tr>\n       <td {$labelStyle}>\n        {ts}Participant Role{/ts}\n       </td>\n       <td {$valueStyle}>\n        {$event.participant_role}\n       </td>\n      </tr>\n     {/if}\n\n     {if $isShowLocation}\n      <tr>\n       <td colspan=\"2\" {$valueStyle}>\n        {if $location.address.1.name}\n         {$location.address.1.name}<br />\n        {/if}\n        {if $location.address.1.street_address}\n         {$location.address.1.street_address}<br />\n        {/if}\n        {if $location.address.1.supplemental_address_1}\n         {$location.address.1.supplemental_address_1}<br />\n        {/if}\n        {if $location.address.1.supplemental_address_2}\n         {$location.address.1.supplemental_address_2}<br />\n        {/if}\n        {if $location.address.1.city}\n         {$location.address.1.city}, {$location.address.1.state_province} {$location.address.1.postal_code}{if $location.address.1.postal_code_suffix} - {$location.address.1.postal_code_suffix}{/if}<br />\n        {/if}\n       </td>\n      </tr>\n     {/if}\n\n     {if $location.phone.1.phone || $location.email.1.email}\n      <tr>\n       <td colspan=\"2\" {$labelStyle}>\n        {ts}Event Contacts:{/ts}\n       </td>\n      </tr>\n      {foreach from=$location.phone item=phone}\n       {if $phone.phone}\n        <tr>\n         <td {$labelStyle}>\n          {if $phone.phone_type}\n           {$phone.phone_type_display}\n          {else}\n           {ts}Phone{/ts}\n          {/if}\n         </td>\n         <td {$valueStyle}>\n          {$phone.phone} {if $phone.phone_ext}&nbsp;{ts}ext.{/ts} {$phone.phone_ext}{/if}\n         </td>\n        </tr>\n       {/if}\n      {/foreach}\n      {foreach from=$location.email item=eventEmail}\n       {if $eventEmail.email}\n        <tr>\n         <td {$labelStyle}>\n          {ts}Email{/ts}\n         </td>\n         <td {$valueStyle}>\n          {$eventEmail.email}\n         </td>\n        </tr>\n       {/if}\n      {/foreach}\n     {/if}\n\n     {if $event.is_public}\n      <tr>\n       <td colspan=\"2\" {$valueStyle}>\n        {capture assign=icalFeed}{crmURL p=\'civicrm/event/ical\' q=\"reset=1&id=`$event.id`\" h=0 a=1 fe=1}{/capture}\n        <a href=\"{$icalFeed}\">{ts}Download iCalendar File{/ts}</a>\n       </td>\n      </tr>\n     {/if}\n\n    {if $event.is_share}\n        <tr>\n            <td colspan=\"2\" {$valueStyle}>\n                {capture assign=eventUrl}{crmURL p=\'civicrm/event/info\' q=\"id=`$event.id`&reset=1\" a=true fe=1 h=1}{/capture}\n                {include file=\"CRM/common/SocialNetwork.tpl\" emailMode=true url=$eventUrl title=$event.title pageURL=$eventUrl}\n            </td>\n        </tr>\n    {/if}\n    {if $payer.name}\n     <tr>\n       <th {$headerStyle}>\n         {ts}You were registered by:{/ts}\n       </th>\n     </tr>\n     <tr>\n       <td colspan=\"2\" {$valueStyle}>\n        {$payer.name}\n       </td>\n     </tr>\n    {/if}\n    {if $event.is_monetary}\n\n      <tr>\n       <th {$headerStyle}>\n        {$event.fee_label}\n       </th>\n      </tr>\n\n      {if $lineItem}\n       {foreach from=$lineItem item=value key=priceset}\n        {if $value neq \'skip\'}\n         {if $isPrimary}\n          {if $lineItem|@count GT 1} {* Header for multi participant registration cases. *}\n           <tr>\n            <td colspan=\"2\" {$labelStyle}>\n             {ts 1=$priceset+1}Participant %1{/ts} {$part.$priceset.info}\n            </td>\n           </tr>\n          {/if}\n         {/if}\n         <tr>\n          <td colspan=\"2\" {$valueStyle}>\n           <table> {* FIXME: style this table so that it looks like the text version (justification, etc.) *}\n            <tr>\n             <th>{ts}Item{/ts}</th>\n             <th>{ts}Qty{/ts}</th>\n             <th>{ts}Each{/ts}</th>\n             {if $dataArray}\n              <th>{ts}SubTotal{/ts}</th>\n              <th>{ts}Tax Rate{/ts}</th>\n              <th>{ts}Tax Amount{/ts}</th>\n             {/if}\n             <th>{ts}Total{/ts}</th>\n       {if  $pricesetFieldsCount }<th>{ts}Total Participants{/ts}</th>{/if}\n            </tr>\n            {foreach from=$value item=line}\n             <tr>\n              <td {$tdfirstStyle}>\n              {if $line.html_type eq \'Text\'}{$line.label}{else}{$line.field_title} - {$line.label}{/if} {if $line.description}<div>{$line.description|truncate:30:\"...\"}</div>{/if}\n              </td>\n              <td {$tdStyle} align=\"middle\">\n               {$line.qty}\n              </td>\n              <td {$tdStyle}>\n               {$line.unit_price|crmMoney:$currency}\n              </td>\n              {if $dataArray}\n               <td {$tdStyle}>\n                {$line.unit_price*$line.qty|crmMoney}\n               </td>\n               {if $line.tax_rate != \"\" || $line.tax_amount != \"\"}\n                <td {$tdStyle}>\n                 {$line.tax_rate|string_format:\"%.2f\"}%\n                </td>\n                <td {$tdStyle}>\n                 {$line.tax_amount|crmMoney}\n                </td>\n               {else}\n                <td></td>\n                <td></td>\n               {/if}\n              {/if}\n              <td {$tdStyle}>\n               {$line.line_total+$line.tax_amount|crmMoney:$currency}\n              </td>\n        {if $pricesetFieldsCount }<td {$tdStyle}>{$line.participant_count}</td> {/if}\n             </tr>\n            {/foreach}\n            {if $individual}\n              <tr {$participantTotal}>\n                <td colspan=3>{ts}Participant Total{/ts}</td>\n                <td  colspan=2>{$individual.$priceset.totalAmtWithTax-$individual.$priceset.totalTaxAmt|crmMoney}</td>\n                <td  colspan=1>{$individual.$priceset.totalTaxAmt|crmMoney}</td>\n                <td  colspan=2>{$individual.$priceset.totalAmtWithTax|crmMoney}</td>\n              </tr>\n            {/if}\n           </table>\n          </td>\n         </tr>\n        {/if}\n       {/foreach}\n       {if $dataArray}\n        <tr>\n         <td {$labelStyle}>\n          {ts} Amount Before Tax: {/ts}\n         </td>\n         <td {$valueStyle}>\n          {$totalAmount-$totalTaxAmount|crmMoney}\n         </td>\n        </tr>\n        {foreach from=$dataArray item=value key=priceset}\n         <tr>\n          {if $priceset || $priceset == 0}\n           <td>&nbsp;{$taxTerm} {$priceset|string_format:\"%.2f\"}%</td>\n           <td>&nbsp;{$value|crmMoney:$currency}</td>\n          {else}\n           <td>&nbsp;{ts}No{/ts} {$taxTerm}</td>\n           <td>&nbsp;{$value|crmMoney:$currency}</td>\n          {/if}\n         </tr>\n        {/foreach}\n       {/if}\n      {/if}\n\n      {if $amounts && !$lineItem}\n       {foreach from=$amounts item=amnt key=level}\n        <tr>\n         <td colspan=\"2\" {$valueStyle}>\n          {$amnt.amount|crmMoney:$currency} {$amnt.label}\n         </td>\n        </tr>\n       {/foreach}\n      {/if}\n\n    {if $totalTaxAmount}\n       <tr>\n        <td {$labelStyle}>\n         {ts}Total Tax Amount{/ts}\n        </td>\n        <td {$valueStyle}>\n         {$totalTaxAmount|crmMoney:$currency}\n        </td>\n       </tr>\n      {/if}\n      {if $isPrimary}\n       <tr>\n        <td {$labelStyle}>\n         {ts}Total Amount{/ts}\n        </td>\n        <td {$valueStyle}>\n         {$totalAmount|crmMoney:$currency} {if $hookDiscount.message}({$hookDiscount.message}){/if}\n        </td>\n       </tr>\n       {if $pricesetFieldsCount }\n     <tr>\n       <td {$labelStyle}>\n      {ts}Total Participants{/ts}</td>\n      <td {$valueStyle}>\n      {assign var=\"count\" value= 0}\n      {foreach from=$lineItem item=pcount}\n      {assign var=\"lineItemCount\" value=0}\n      {if $pcount neq \'skip\'}\n        {foreach from=$pcount item=p_count}\n        {assign var=\"lineItemCount\" value=$lineItemCount+$p_count.participant_count}\n        {/foreach}\n      {if $lineItemCount < 1 }\n        {assign var=\"lineItemCount\" value=1}\n      {/if}\n      {assign var=\"count\" value=$count+$lineItemCount}\n      {/if}\n      {/foreach}\n     {$count}\n     </td> </tr>\n      {/if}\n\n       {if $register_date}\n        <tr>\n         <td {$labelStyle}>\n          {ts}Registration Date{/ts}\n         </td>\n         <td {$valueStyle}>\n          {$register_date|crmDate}\n         </td>\n        </tr>\n       {/if}\n\n       {if $receive_date}\n        <tr>\n         <td {$labelStyle}>\n          {ts}Transaction Date{/ts}\n         </td>\n         <td {$valueStyle}>\n          {$receive_date|crmDate}\n         </td>\n        </tr>\n       {/if}\n\n       {if $contributionTypeName}\n        <tr>\n         <td {$labelStyle}>\n          {ts}Financial Type{/ts}\n         </td>\n         <td {$valueStyle}>\n          {$contributionTypeName}\n         </td>\n        </tr>\n       {/if}\n\n       {if $trxn_id}\n        <tr>\n         <td {$labelStyle}>\n          {ts}Transaction #{/ts}\n         </td>\n         <td {$valueStyle}>\n          {$trxn_id}\n         </td>\n        </tr>\n       {/if}\n\n       {if $paidBy}\n        <tr>\n         <td {$labelStyle}>\n          {ts}Paid By{/ts}\n         </td>\n         <td {$valueStyle}>\n         {$paidBy}\n         </td>\n        </tr>\n       {/if}\n\n       {if $checkNumber}\n        <tr>\n         <td {$labelStyle}>\n          {ts}Check Number{/ts}\n         </td>\n         <td {$valueStyle}>\n          {$checkNumber}\n         </td>\n        </tr>\n       {/if}\n\n       {if $contributeMode ne \'notify\' and !$isAmountzero and (!$is_pay_later or $isBillingAddressRequiredForPayLater) and !$isOnWaitlist and !$isRequireApproval}\n        <tr>\n         <th {$headerStyle}>\n          {ts}Billing Name and Address{/ts}\n         </th>\n        </tr>\n        <tr>\n         <td colspan=\"2\" {$valueStyle}>\n          {$billingName}<br />\n          {$address|nl2br}\n         </td>\n        </tr>\n       {/if}\n\n       {if $contributeMode eq \'direct\' and !$isAmountzero and !$is_pay_later and !$isOnWaitlist and !$isRequireApproval}\n        <tr>\n         <th {$headerStyle}>\n          {ts}Credit Card Information{/ts}\n         </th>\n        </tr>\n        <tr>\n         <td colspan=\"2\" {$valueStyle}>\n          {$credit_card_type}<br />\n          {$credit_card_number}<br />\n          {ts}Expires{/ts}: {$credit_card_exp_date|truncate:7:\'\'|crmDate}\n         </td>\n        </tr>\n       {/if}\n\n      {/if}\n\n     {/if} {* End of conditional section for Paid events *}\n\n\n{if $customPre}\n{foreach from=$customPre item=customPr key=i}\n   <tr> <th {$headerStyle}>{$customPre_grouptitle.$i}</th></tr>\n   {foreach from=$customPr item=customValue key=customName}\n   {if ( $trackingFields and ! in_array( $customName, $trackingFields ) ) or ! $trackingFields}\n     <tr>\n         <td {$labelStyle}>{$customName}</td>\n         <td {$valueStyle}>{$customValue}</td>\n     </tr>\n   {/if}\n   {/foreach}\n{/foreach}\n{/if}\n\n{if $customPost}\n{foreach from=$customPost item=customPos key=j}\n   <tr> <th {$headerStyle}>{$customPost_grouptitle.$j}</th></tr>\n   {foreach from=$customPos item=customValue key=customName}\n   {if ( $trackingFields and ! in_array( $customName, $trackingFields ) ) or ! $trackingFields}\n     <tr>\n         <td {$labelStyle}>{$customName}</td>\n         <td {$valueStyle}>{$customValue}</td>\n     </tr>\n{/if}\n{/foreach}\n{/foreach}\n{/if}\n\n{if $customProfile}\n{foreach from=$customProfile.profile item=eachParticipant key=participantID}\n     <tr><th {$headerStyle}>{ts 1=$participantID+2}Participant %1{/ts} </th></tr>\n     {foreach from=$eachParticipant item=eachProfile key=pid}\n     <tr><th {$headerStyle}>{$customProfile.title.$pid}</th></tr>\n     {foreach from=$eachProfile item=val key=field}\n     <tr>{foreach from=$val item=v key=f}\n         <td {$labelStyle}>{$field}</td>\n         <td {$valueStyle}>{$v}</td>\n         {/foreach}\n     </tr>\n     {/foreach}\n{/foreach}\n{/foreach}\n{/if}\n\n    {if $customGroup}\n      {foreach from=$customGroup item=value key=customName}\n       <tr>\n        <th {$headerStyle}>\n         {$customName}\n        </th>\n       </tr>\n       {foreach from=$value item=v key=n}\n        <tr>\n         <td {$labelStyle}>\n          {$n}\n         </td>\n         <td {$valueStyle}>\n          {$v}\n         </td>\n        </tr>\n       {/foreach}\n      {/foreach}\n     {/if}\n     {if $event.allow_selfcancelxfer }\n      <tr>\n        <td colspan=\"2\" {$valueStyle}>\n          {ts 1=$event.selfcancelxfer_time}You may transfer your registration to another participant or cancel your registration up to %1 hours before the event.{/ts} {if $totalAmount}{ts}Cancellations are not refundable.{/ts}{/if}<br />\n            {capture assign=selfService}{crmURL p=\'civicrm/event/selfsvcupdate\' q=\"reset=1&pid=`$participant.id`&{contact.checksum}\"  h=0 a=1 fe=1}{/capture}\n          <a href=\"{$selfService}\">{ts}Click here to transfer or cancel your registration.{/ts}</a>\n        </td>\n      </tr>\n     {/if}\n    </table>\n   </td>\n  </tr>\n </table>\n</center>\n\n</body>\n</html>\n',1,803,1,0,0,NULL),(32,'Events - Registration Confirmation and Receipt (on-line)','{if $isOnWaitlist}{ts}Wait List Confirmation{/ts}{else}{ts}Registration Confirmation{/ts}{/if} - {$event.event_title}','{contact.email_greeting},\n\n{if $event.confirm_email_text AND (not $isOnWaitlist AND not $isRequireApproval)}\n{$event.confirm_email_text}\n\n{else}\nThank you for your participation.  This letter is a confirmation that your registration has been received and your status has been updated to {if $participant_status}{$participant_status}{else}{if $isOnWaitlist}waitlisted{else}registered{/if}{/if}.\n\n{/if}\n\n{if $isOnWaitlist}\n==========================================================={if $pricesetFieldsCount }===================={/if}\n\n{ts}You have been added to the WAIT LIST for this event.{/ts}\n\n{if $isPrimary}\n{ts}If space becomes available you will receive an email with a link to a web page where you can complete your registration.{/ts}\n{/if}\n==========================================================={if $pricesetFieldsCount }===================={/if}\n\n{elseif $isRequireApproval}\n==========================================================={if $pricesetFieldsCount }===================={/if}\n\n{ts}Your registration has been submitted.{/ts}\n\n{if $isPrimary}\n{ts}Once your registration has been reviewed, you will receive an email with a link to a web page where you can complete the registration process.{/ts}\n\n{/if}\n==========================================================={if $pricesetFieldsCount }===================={/if}\n\n{elseif $is_pay_later && !$isAmountzero && !$isAdditionalParticipant}\n\n==========================================================={if $pricesetFieldsCount }===================={/if}\n\n{$pay_later_receipt}\n==========================================================={if $pricesetFieldsCount }===================={/if}\n\n{else}\n\n{ts}Please print this confirmation for your records.{/ts}\n{/if}\n\n\n==========================================================={if $pricesetFieldsCount }===================={/if}\n\n{ts}Event Information and Location{/ts}\n\n==========================================================={if $pricesetFieldsCount }===================={/if}\n\n{$event.event_title}\n{$event.event_start_date|date_format:\"%A\"} {$event.event_start_date|crmDate}{if $event.event_end_date}-{if $event.event_end_date|date_format:\"%Y%m%d\" == $event.event_start_date|date_format:\"%Y%m%d\"}{$event.event_end_date|crmDate:0:1}{else}{$event.event_end_date|date_format:\"%A\"} {$event.event_end_date|crmDate}{/if}{/if}\n{if $conference_sessions}\n\n\n{ts}Your schedule:{/ts}\n{assign var=\'group_by_day\' value=\'NA\'}\n{foreach from=$conference_sessions item=session}\n{if $session.start_date|date_format:\"%Y/%m/%d\" != $group_by_day|date_format:\"%Y/%m/%d\"}\n{assign var=\'group_by_day\' value=$session.start_date}\n\n{$group_by_day|date_format:\"%m/%d/%Y\"}\n\n\n{/if}\n{$session.start_date|crmDate:0:1}{if $session.end_date}-{$session.end_date|crmDate:0:1}{/if} {$session.title}\n{if $session.location}    {$session.location}{/if}\n{/foreach}\n{/if}\n\n{if $event.participant_role neq \'Attendee\' and $defaultRole}\n{ts}Participant Role{/ts}: {$event.participant_role}\n{/if}\n\n{if $isShowLocation}\n{if $location.address.1.name}\n\n{$location.address.1.name}\n{/if}\n{if $location.address.1.street_address}{$location.address.1.street_address}\n{/if}\n{if $location.address.1.supplemental_address_1}{$location.address.1.supplemental_address_1}\n{/if}\n{if $location.address.1.supplemental_address_2}{$location.address.1.supplemental_address_2}\n{/if}\n{if $location.address.1.city}{$location.address.1.city}, {$location.address.1.state_province} {$location.address.1.postal_code}{if $location.address.1.postal_code_suffix} - {$location.address.1.postal_code_suffix}{/if}\n{/if}\n\n{/if}{*End of isShowLocation condition*}\n\n{if $location.phone.1.phone || $location.email.1.email}\n\n{ts}Event Contacts:{/ts}\n{foreach from=$location.phone item=phone}\n{if $phone.phone}\n\n{if $phone.phone_type}{$phone.phone_type_display}{else}{ts}Phone{/ts}{/if}: {$phone.phone}{/if} {if $phone.phone_ext} {ts}ext.{/ts} {$phone.phone_ext}{/if}\n{/foreach}\n{foreach from=$location.email item=eventEmail}\n{if $eventEmail.email}\n\n{ts}Email{/ts}: {$eventEmail.email}{/if}{/foreach}\n{/if}\n\n{if $event.is_public}\n{capture assign=icalFeed}{crmURL p=\'civicrm/event/ical\' q=\"reset=1&id=`$event.id`\" h=0 a=1 fe=1}{/capture}\n{ts}Download iCalendar File:{/ts} {$icalFeed}\n{/if}\n\n{if $payer.name}\nYou were registered by: {$payer.name}\n{/if}\n{if $event.is_monetary} {* This section for Paid events only.*}\n\n==========================================================={if $pricesetFieldsCount }===================={/if}\n\n{$event.fee_label}\n==========================================================={if $pricesetFieldsCount }===================={/if}\n\n{if $lineItem}{foreach from=$lineItem item=value key=priceset}\n\n{if $value neq \'skip\'}\n{if $isPrimary}\n{if $lineItem|@count GT 1} {* Header for multi participant registration cases. *}\n{ts 1=$priceset+1}Participant %1{/ts} {$part.$priceset.info}\n\n{/if}\n{/if}\n-----------------------------------------------------------{if $pricesetFieldsCount }-----------------------------------------------------{/if}\n\n{capture assign=ts_item}{ts}Item{/ts}{/capture}\n{capture assign=ts_qty}{ts}Qty{/ts}{/capture}\n{capture assign=ts_each}{ts}Each{/ts}{/capture}\n{if $dataArray}\n{capture assign=ts_subtotal}{ts}Subtotal{/ts}{/capture}\n{capture assign=ts_taxRate}{ts}Tax Rate{/ts}{/capture}\n{capture assign=ts_taxAmount}{ts}Tax Amount{/ts}{/capture}\n{/if}\n{capture assign=ts_total}{ts}Total{/ts}{/capture}\n{if $pricesetFieldsCount }{capture assign=ts_participant_total}{ts}Total Participants{/ts}{/capture}{/if}\n{$ts_item|string_format:\"%-30s\"} {$ts_qty|string_format:\"%5s\"} {$ts_each|string_format:\"%10s\"} {if $dataArray} {$ts_subtotal|string_format:\"%10s\"} {$ts_taxRate|string_format:\"%10s\"} {$ts_taxAmount|string_format:\"%10s\"} {/if} {$ts_total|string_format:\"%10s\"} {$ts_participant_total|string_format:\"%10s\"}\n-----------------------------------------------------------{if $pricesetFieldsCount }-----------------------------------------------------{/if}\n\n{foreach from=$value item=line}\n{if $pricesetFieldsCount }{capture assign=ts_participant_count}{$line.participant_count}{/capture}{/if}\n{capture assign=ts_item}{if $line.html_type eq \'Text\'}{$line.label}{else}{$line.field_title} - {$line.label}{/if} {if $line.description} {$line.description}{/if}{/capture}{$ts_item|truncate:30:\"...\"|string_format:\"%-30s\"} {$line.qty|string_format:\"%5s\"} {$line.unit_price|crmMoney:$currency|string_format:\"%10s\"} {if $dataArray} {$line.unit_price*$line.qty|crmMoney:$currency|string_format:\"%10s\"} {if $line.tax_rate != \"\" || $line.tax_amount != \"\"}  {$line.tax_rate|string_format:\"%.2f\"} %  {$line.tax_amount|crmMoney:$currency|string_format:\"%10s\"} {else}                  {/if}  {/if} {$line.line_total+$line.tax_amount|crmMoney:$currency|string_format:\"%10s\"}{$ts_participant_count|string_format:\"%10s\"}\n{/foreach}\n----------------------------------------------------------------------------------------------------------------\n{if $individual}{ts}Participant Total{/ts} {$individual.$priceset.totalAmtWithTax-$individual.$priceset.totalTaxAmt|crmMoney:$currency|string_format:\"%29s\"} {$individual.$priceset.totalTaxAmt|crmMoney:$currency|string_format:\"%33s\"} {$individual.$priceset.totalAmtWithTax|crmMoney:$currency|string_format:\"%12s\"}{/if}\n{/if}\n{\"\"|string_format:\"%120s\"}\n{/foreach}\n{\"\"|string_format:\"%120s\"}\n\n{if $dataArray}\n{ts}Amount before Tax{/ts}: {$totalAmount-$totalTaxAmount|crmMoney:$currency}\n\n{foreach from=$dataArray item=value key=priceset}\n{if $priceset || $priceset == 0}\n{$taxTerm} {$priceset|string_format:\"%.2f\"}%: {$value|crmMoney:$currency}\n{else}\n{ts}No{/ts} {$taxTerm}: {$value|crmMoney:$currency}\n{/if}\n{/foreach}\n{/if}\n{/if}\n\n{if $amounts && !$lineItem}\n{foreach from=$amounts item=amnt key=level}{$amnt.amount|crmMoney:$currency} {$amnt.label}\n{/foreach}\n{/if}\n\n{if $totalTaxAmount}\n{ts}Total Tax Amount{/ts}: {$totalTaxAmount|crmMoney:$currency}\n{/if}\n{if $isPrimary }\n\n{ts}Total Amount{/ts}: {$totalAmount|crmMoney:$currency} {if $hookDiscount.message}({$hookDiscount.message}){/if}\n\n{if $pricesetFieldsCount }\n      {assign var=\"count\" value= 0}\n      {foreach from=$lineItem item=pcount}\n      {assign var=\"lineItemCount\" value=0}\n      {if $pcount neq \'skip\'}\n        {foreach from=$pcount item=p_count}\n        {assign var=\"lineItemCount\" value=$lineItemCount+$p_count.participant_count}\n        {/foreach}\n      {if $lineItemCount < 1 }\n        {assign var=\"lineItemCount\" value=1}\n      {/if}\n      {assign var=\"count\" value=$count+$lineItemCount}\n      {/if}\n      {/foreach}\n\n{ts}Total Participants{/ts}: {$count}\n{/if}\n\n{if $register_date}\n{ts}Registration Date{/ts}: {$register_date|crmDate}\n{/if}\n{if $receive_date}\n{ts}Transaction Date{/ts}: {$receive_date|crmDate}\n{/if}\n{if $contributionTypeName}\n{ts}Financial Type{/ts}: {$contributionTypeName}\n{/if}\n{if $trxn_id}\n{ts}Transaction #{/ts}: {$trxn_id}\n{/if}\n{if $paidBy}\n{ts}Paid By{/ts}: {$paidBy}\n{/if}\n{if $checkNumber}\n{ts}Check Number{/ts}: {$checkNumber}\n{/if}\n{if $contributeMode ne \'notify\' and !$isAmountzero and (!$is_pay_later or $isBillingAddressRequiredForPayLater) and !$isOnWaitlist and !$isRequireApproval}\n\n==========================================================={if $pricesetFieldsCount }===================={/if}\n\n{ts}Billing Name and Address{/ts}\n\n==========================================================={if $pricesetFieldsCount }===================={/if}\n\n{$billingName}\n{$address}\n{/if}\n\n{if $contributeMode eq \'direct\' and !$isAmountzero and !$is_pay_later and !$isOnWaitlist and !$isRequireApproval}\n==========================================================={if $pricesetFieldsCount }===================={/if}\n\n{ts}Credit Card Information{/ts}\n\n==========================================================={if $pricesetFieldsCount }===================={/if}\n\n{$credit_card_type}\n{$credit_card_number}\n{ts}Expires{/ts}: {$credit_card_exp_date|truncate:7:\'\'|crmDate}\n{/if}\n{/if}\n{/if} {* End of conditional section for Paid events *}\n\n{if $customPre}\n{foreach from=$customPre item=customPr key=i}\n==========================================================={if $pricesetFieldsCount }===================={/if}\n\n{$customPre_grouptitle.$i}\n==========================================================={if $pricesetFieldsCount }===================={/if}\n\n{foreach from=$customPr item=customValue key=customName}\n{if ( $trackingFields and ! in_array( $customName, $trackingFields ) ) or ! $trackingFields}\n {$customName}: {$customValue}\n{/if}\n{/foreach}\n{/foreach}\n{/if}\n\n{if $customPost}\n{foreach from=$customPost item=customPos key=j}\n==========================================================={if $pricesetFieldsCount }===================={/if}\n\n{$customPost_grouptitle.$j}\n==========================================================={if $pricesetFieldsCount }===================={/if}\n\n{foreach from=$customPos item=customValue key=customName}\n{if ( $trackingFields and ! in_array( $customName, $trackingFields ) ) or ! $trackingFields}\n {$customName}: {$customValue}\n{/if}\n{/foreach}\n{/foreach}\n{/if}\n{if $customProfile}\n\n{foreach from=$customProfile.profile item=eachParticipant key=participantID}\n==========================================================={if $pricesetFieldsCount }===================={/if}\n\n{ts 1=$participantID+2}Participant Information - Participant %1{/ts}\n\n==========================================================={if $pricesetFieldsCount }===================={/if}\n\n{foreach from=$eachParticipant item=eachProfile key=pid}\n----------------------------------------------------------{if $pricesetFieldsCount }--------------------{/if}\n\n{$customProfile.title.$pid}\n----------------------------------------------------------{if $pricesetFieldsCount }--------------------{/if}\n\n{foreach from=$eachProfile item=val key=field}\n{foreach from=$val item=v key=f}\n{$field}: {$v}\n{/foreach}\n{/foreach}\n{/foreach}\n{/foreach}\n{/if}\n{if $customGroup}\n{foreach from=$customGroup item=value key=customName}\n=========================================================={if $pricesetFieldsCount }===================={/if}\n\n{$customName}\n=========================================================={if $pricesetFieldsCount }===================={/if}\n\n{foreach from=$value item=v key=n}\n{$n}: {$v}\n{/foreach}\n{/foreach}\n{/if}\n{if $event.allow_selfcancelxfer }\n{ts 1=$event.selfcancelxfer_time}You may transfer your registration to another participant or cancel your registration up to %1 hours before the event.{/ts} {if $totalAmount}{ts}Cancellations are not refundable.{/ts}{/if}\n   {capture assign=selfService}{crmURL p=\'civicrm/event/selfsvcupdate\' q=\"reset=1&pid=`$participant.id`&{contact.checksum}\"  h=0 a=1 fe=1}{/capture}\n{ts}Transfer or cancel your registration:{/ts} {$selfService}\n{/if}\n','<!DOCTYPE html PUBLIC \"-//W3C//DTD XHTML 1.0 Transitional//EN\" \"http://www.w3.org/TR/xhtml1/DTD/xhtml1-transitional.dtd\">\n<html xmlns=\"http://www.w3.org/1999/xhtml\">\n<head>\n <meta http-equiv=\"Content-Type\" content=\"text/html; charset=UTF-8\" />\n <title></title>\n</head>\n<body>\n\n{capture assign=headerStyle}colspan=\"2\" style=\"text-align: left; padding: 4px; border-bottom: 1px solid #999; background-color: #eee;\"{/capture}\n{capture assign=labelStyle }style=\"padding: 4px; border-bottom: 1px solid #999; background-color: #f7f7f7;\"{/capture}\n{capture assign=valueStyle }style=\"padding: 4px; border-bottom: 1px solid #999;\"{/capture}\n{capture assign=tdfirstStyle}style=\"width: 180px; padding-bottom: 15px;\"{/capture}\n{capture assign=tdStyle}style=\"width: 100px;\"{/capture}\n{capture assign=participantTotal}style=\"margin: 0.5em 0 0.5em;padding: 0.5em;background-color: #999999;font-weight: bold;color: #FAFAFA;border-radius: 2px;\"{/capture}\n\n\n<center>\n <table width=\"700\" border=\"0\" cellpadding=\"0\" cellspacing=\"0\" id=\"crm-event_receipt\" style=\"font-family: Arial, Verdana, sans-serif; text-align: left;\">\n\n  <!-- BEGIN HEADER -->\n  <!-- You can add table row(s) here with logo or other header elements -->\n  <!-- END HEADER -->\n\n  <!-- BEGIN CONTENT -->\n\n  <tr>\n   <td>\n  <p>{contact.email_greeting},</p>\n\n    {if $event.confirm_email_text AND (not $isOnWaitlist AND not $isRequireApproval)}\n     <p>{$event.confirm_email_text|htmlize}</p>\n\n    {else}\n  <p>Thank you for your participation.  This letter is a confirmation that your registration has been received and your status has been updated to <strong>{if $participant_status}{$participant_status}{else}{if $isOnWaitlist}waitlisted{else}registered{/if}{/if}</strong>.</p>\n\n    {/if}\n\n    <p>\n    {if $isOnWaitlist}\n     <p>{ts}You have been added to the WAIT LIST for this event.{/ts}</p>\n     {if $isPrimary}\n       <p>{ts}If space becomes available you will receive an email with a link to a web page where you can complete your registration.{/ts}</p>\n     {/if}\n    {elseif $isRequireApproval}\n     <p>{ts}Your registration has been submitted.{/ts}</p>\n     {if $isPrimary}\n      <p>{ts}Once your registration has been reviewed, you will receive an email with a link to a web page where you can complete the registration process.{/ts}</p>\n     {/if}\n    {elseif $is_pay_later && !$isAmountzero && !$isAdditionalParticipant}\n     <p>{$pay_later_receipt}</p> {* FIXME: this might be text rather than HTML *}\n    {else}\n     <p>{ts}Please print this confirmation for your records.{/ts}</p>\n    {/if}\n\n   </td>\n  </tr>\n  <tr>\n   <td>\n    <table width=\"700\" style=\"border: 1px solid #999; margin: 1em 0em 1em; border-collapse: collapse;\">\n     <tr>\n      <th {$headerStyle}>\n       {ts}Event Information and Location{/ts}\n      </th>\n     </tr>\n     <tr>\n      <td colspan=\"2\" {$valueStyle}>\n       {$event.event_title}<br />\n       {$event.event_start_date|date_format:\"%A\"} {$event.event_start_date|crmDate}{if $event.event_end_date}-{if $event.event_end_date|date_format:\"%Y%m%d\" == $event.event_start_date|date_format:\"%Y%m%d\"}{$event.event_end_date|crmDate:0:1}{else}{$event.event_end_date|date_format:\"%A\"} {$event.event_end_date|crmDate}{/if}{/if}\n      </td>\n     </tr>\n\n\n     {if $conference_sessions}\n      <tr>\n       <td colspan=\"2\" {$labelStyle}>\n  {ts}Your schedule:{/ts}\n       </td>\n      </tr>\n      <tr>\n       <td colspan=\"2\" {$valueStyle}>\n  {assign var=\'group_by_day\' value=\'NA\'}\n  {foreach from=$conference_sessions item=session}\n   {if $session.start_date|date_format:\"%Y/%m/%d\" != $group_by_day|date_format:\"%Y/%m/%d\"}\n    {assign var=\'group_by_day\' value=$session.start_date}\n          <em>{$group_by_day|date_format:\"%m/%d/%Y\"}</em><br />\n   {/if}\n   {$session.start_date|crmDate:0:1}{if $session.end_date}-{$session.end_date|crmDate:0:1}{/if} {$session.title}<br />\n   {if $session.location}&nbsp;&nbsp;&nbsp;&nbsp;{$session.location}<br />{/if}\n  {/foreach}\n       </td>\n      </tr>\n     {/if}\n\n     {if $event.participant_role neq \'Attendee\' and $defaultRole}\n      <tr>\n       <td {$labelStyle}>\n        {ts}Participant Role{/ts}\n       </td>\n       <td {$valueStyle}>\n        {$event.participant_role}\n       </td>\n      </tr>\n     {/if}\n\n     {if $isShowLocation}\n      <tr>\n       <td colspan=\"2\" {$valueStyle}>\n        {if $location.address.1.name}\n         {$location.address.1.name}<br />\n        {/if}\n        {if $location.address.1.street_address}\n         {$location.address.1.street_address}<br />\n        {/if}\n        {if $location.address.1.supplemental_address_1}\n         {$location.address.1.supplemental_address_1}<br />\n        {/if}\n        {if $location.address.1.supplemental_address_2}\n         {$location.address.1.supplemental_address_2}<br />\n        {/if}\n        {if $location.address.1.city}\n         {$location.address.1.city}, {$location.address.1.state_province} {$location.address.1.postal_code}{if $location.address.1.postal_code_suffix} - {$location.address.1.postal_code_suffix}{/if}<br />\n        {/if}\n       </td>\n      </tr>\n     {/if}\n\n     {if $location.phone.1.phone || $location.email.1.email}\n      <tr>\n       <td colspan=\"2\" {$labelStyle}>\n        {ts}Event Contacts:{/ts}\n       </td>\n      </tr>\n      {foreach from=$location.phone item=phone}\n       {if $phone.phone}\n        <tr>\n         <td {$labelStyle}>\n          {if $phone.phone_type}\n           {$phone.phone_type_display}\n          {else}\n           {ts}Phone{/ts}\n          {/if}\n         </td>\n         <td {$valueStyle}>\n          {$phone.phone} {if $phone.phone_ext}&nbsp;{ts}ext.{/ts} {$phone.phone_ext}{/if}\n         </td>\n        </tr>\n       {/if}\n      {/foreach}\n      {foreach from=$location.email item=eventEmail}\n       {if $eventEmail.email}\n        <tr>\n         <td {$labelStyle}>\n          {ts}Email{/ts}\n         </td>\n         <td {$valueStyle}>\n          {$eventEmail.email}\n         </td>\n        </tr>\n       {/if}\n      {/foreach}\n     {/if}\n\n     {if $event.is_public}\n      <tr>\n       <td colspan=\"2\" {$valueStyle}>\n        {capture assign=icalFeed}{crmURL p=\'civicrm/event/ical\' q=\"reset=1&id=`$event.id`\" h=0 a=1 fe=1}{/capture}\n        <a href=\"{$icalFeed}\">{ts}Download iCalendar File{/ts}</a>\n       </td>\n      </tr>\n     {/if}\n\n    {if $event.is_share}\n        <tr>\n            <td colspan=\"2\" {$valueStyle}>\n                {capture assign=eventUrl}{crmURL p=\'civicrm/event/info\' q=\"id=`$event.id`&reset=1\" a=true fe=1 h=1}{/capture}\n                {include file=\"CRM/common/SocialNetwork.tpl\" emailMode=true url=$eventUrl title=$event.title pageURL=$eventUrl}\n            </td>\n        </tr>\n    {/if}\n    {if $payer.name}\n     <tr>\n       <th {$headerStyle}>\n         {ts}You were registered by:{/ts}\n       </th>\n     </tr>\n     <tr>\n       <td colspan=\"2\" {$valueStyle}>\n        {$payer.name}\n       </td>\n     </tr>\n    {/if}\n    {if $event.is_monetary}\n\n      <tr>\n       <th {$headerStyle}>\n        {$event.fee_label}\n       </th>\n      </tr>\n\n      {if $lineItem}\n       {foreach from=$lineItem item=value key=priceset}\n        {if $value neq \'skip\'}\n         {if $isPrimary}\n          {if $lineItem|@count GT 1} {* Header for multi participant registration cases. *}\n           <tr>\n            <td colspan=\"2\" {$labelStyle}>\n             {ts 1=$priceset+1}Participant %1{/ts} {$part.$priceset.info}\n            </td>\n           </tr>\n          {/if}\n         {/if}\n         <tr>\n          <td colspan=\"2\" {$valueStyle}>\n           <table> {* FIXME: style this table so that it looks like the text version (justification, etc.) *}\n            <tr>\n             <th>{ts}Item{/ts}</th>\n             <th>{ts}Qty{/ts}</th>\n             <th>{ts}Each{/ts}</th>\n             {if $dataArray}\n              <th>{ts}SubTotal{/ts}</th>\n              <th>{ts}Tax Rate{/ts}</th>\n              <th>{ts}Tax Amount{/ts}</th>\n             {/if}\n             <th>{ts}Total{/ts}</th>\n       {if  $pricesetFieldsCount }<th>{ts}Total Participants{/ts}</th>{/if}\n            </tr>\n            {foreach from=$value item=line}\n             <tr>\n              <td {$tdfirstStyle}>\n              {if $line.html_type eq \'Text\'}{$line.label}{else}{$line.field_title} - {$line.label}{/if} {if $line.description}<div>{$line.description|truncate:30:\"...\"}</div>{/if}\n              </td>\n              <td {$tdStyle} align=\"middle\">\n               {$line.qty}\n              </td>\n              <td {$tdStyle}>\n               {$line.unit_price|crmMoney:$currency}\n              </td>\n              {if $dataArray}\n               <td {$tdStyle}>\n                {$line.unit_price*$line.qty|crmMoney}\n               </td>\n               {if $line.tax_rate != \"\" || $line.tax_amount != \"\"}\n                <td {$tdStyle}>\n                 {$line.tax_rate|string_format:\"%.2f\"}%\n                </td>\n                <td {$tdStyle}>\n                 {$line.tax_amount|crmMoney}\n                </td>\n               {else}\n                <td></td>\n                <td></td>\n               {/if}\n              {/if}\n              <td {$tdStyle}>\n               {$line.line_total+$line.tax_amount|crmMoney:$currency}\n              </td>\n        {if $pricesetFieldsCount }<td {$tdStyle}>{$line.participant_count}</td> {/if}\n             </tr>\n            {/foreach}\n            {if $individual}\n              <tr {$participantTotal}>\n                <td colspan=3>{ts}Participant Total{/ts}</td>\n                <td  colspan=2>{$individual.$priceset.totalAmtWithTax-$individual.$priceset.totalTaxAmt|crmMoney}</td>\n                <td  colspan=1>{$individual.$priceset.totalTaxAmt|crmMoney}</td>\n                <td  colspan=2>{$individual.$priceset.totalAmtWithTax|crmMoney}</td>\n              </tr>\n            {/if}\n           </table>\n          </td>\n         </tr>\n        {/if}\n       {/foreach}\n       {if $dataArray}\n        <tr>\n         <td {$labelStyle}>\n          {ts} Amount Before Tax: {/ts}\n         </td>\n         <td {$valueStyle}>\n          {$totalAmount-$totalTaxAmount|crmMoney}\n         </td>\n        </tr>\n        {foreach from=$dataArray item=value key=priceset}\n         <tr>\n          {if $priceset || $priceset == 0}\n           <td>&nbsp;{$taxTerm} {$priceset|string_format:\"%.2f\"}%</td>\n           <td>&nbsp;{$value|crmMoney:$currency}</td>\n          {else}\n           <td>&nbsp;{ts}No{/ts} {$taxTerm}</td>\n           <td>&nbsp;{$value|crmMoney:$currency}</td>\n          {/if}\n         </tr>\n        {/foreach}\n       {/if}\n      {/if}\n\n      {if $amounts && !$lineItem}\n       {foreach from=$amounts item=amnt key=level}\n        <tr>\n         <td colspan=\"2\" {$valueStyle}>\n          {$amnt.amount|crmMoney:$currency} {$amnt.label}\n         </td>\n        </tr>\n       {/foreach}\n      {/if}\n\n    {if $totalTaxAmount}\n       <tr>\n        <td {$labelStyle}>\n         {ts}Total Tax Amount{/ts}\n        </td>\n        <td {$valueStyle}>\n         {$totalTaxAmount|crmMoney:$currency}\n        </td>\n       </tr>\n      {/if}\n      {if $isPrimary}\n       <tr>\n        <td {$labelStyle}>\n         {ts}Total Amount{/ts}\n        </td>\n        <td {$valueStyle}>\n         {$totalAmount|crmMoney:$currency} {if $hookDiscount.message}({$hookDiscount.message}){/if}\n        </td>\n       </tr>\n       {if $pricesetFieldsCount }\n     <tr>\n       <td {$labelStyle}>\n      {ts}Total Participants{/ts}</td>\n      <td {$valueStyle}>\n      {assign var=\"count\" value= 0}\n      {foreach from=$lineItem item=pcount}\n      {assign var=\"lineItemCount\" value=0}\n      {if $pcount neq \'skip\'}\n        {foreach from=$pcount item=p_count}\n        {assign var=\"lineItemCount\" value=$lineItemCount+$p_count.participant_count}\n        {/foreach}\n      {if $lineItemCount < 1 }\n        {assign var=\"lineItemCount\" value=1}\n      {/if}\n      {assign var=\"count\" value=$count+$lineItemCount}\n      {/if}\n      {/foreach}\n     {$count}\n     </td> </tr>\n      {/if}\n\n       {if $register_date}\n        <tr>\n         <td {$labelStyle}>\n          {ts}Registration Date{/ts}\n         </td>\n         <td {$valueStyle}>\n          {$register_date|crmDate}\n         </td>\n        </tr>\n       {/if}\n\n       {if $receive_date}\n        <tr>\n         <td {$labelStyle}>\n          {ts}Transaction Date{/ts}\n         </td>\n         <td {$valueStyle}>\n          {$receive_date|crmDate}\n         </td>\n        </tr>\n       {/if}\n\n       {if $contributionTypeName}\n        <tr>\n         <td {$labelStyle}>\n          {ts}Financial Type{/ts}\n         </td>\n         <td {$valueStyle}>\n          {$contributionTypeName}\n         </td>\n        </tr>\n       {/if}\n\n       {if $trxn_id}\n        <tr>\n         <td {$labelStyle}>\n          {ts}Transaction #{/ts}\n         </td>\n         <td {$valueStyle}>\n          {$trxn_id}\n         </td>\n        </tr>\n       {/if}\n\n       {if $paidBy}\n        <tr>\n         <td {$labelStyle}>\n          {ts}Paid By{/ts}\n         </td>\n         <td {$valueStyle}>\n         {$paidBy}\n         </td>\n        </tr>\n       {/if}\n\n       {if $checkNumber}\n        <tr>\n         <td {$labelStyle}>\n          {ts}Check Number{/ts}\n         </td>\n         <td {$valueStyle}>\n          {$checkNumber}\n         </td>\n        </tr>\n       {/if}\n\n       {if $contributeMode ne \'notify\' and !$isAmountzero and (!$is_pay_later or $isBillingAddressRequiredForPayLater) and !$isOnWaitlist and !$isRequireApproval}\n        <tr>\n         <th {$headerStyle}>\n          {ts}Billing Name and Address{/ts}\n         </th>\n        </tr>\n        <tr>\n         <td colspan=\"2\" {$valueStyle}>\n          {$billingName}<br />\n          {$address|nl2br}\n         </td>\n        </tr>\n       {/if}\n\n       {if $contributeMode eq \'direct\' and !$isAmountzero and !$is_pay_later and !$isOnWaitlist and !$isRequireApproval}\n        <tr>\n         <th {$headerStyle}>\n          {ts}Credit Card Information{/ts}\n         </th>\n        </tr>\n        <tr>\n         <td colspan=\"2\" {$valueStyle}>\n          {$credit_card_type}<br />\n          {$credit_card_number}<br />\n          {ts}Expires{/ts}: {$credit_card_exp_date|truncate:7:\'\'|crmDate}\n         </td>\n        </tr>\n       {/if}\n\n      {/if}\n\n     {/if} {* End of conditional section for Paid events *}\n\n\n{if $customPre}\n{foreach from=$customPre item=customPr key=i}\n   <tr> <th {$headerStyle}>{$customPre_grouptitle.$i}</th></tr>\n   {foreach from=$customPr item=customValue key=customName}\n   {if ( $trackingFields and ! in_array( $customName, $trackingFields ) ) or ! $trackingFields}\n     <tr>\n         <td {$labelStyle}>{$customName}</td>\n         <td {$valueStyle}>{$customValue}</td>\n     </tr>\n   {/if}\n   {/foreach}\n{/foreach}\n{/if}\n\n{if $customPost}\n{foreach from=$customPost item=customPos key=j}\n   <tr> <th {$headerStyle}>{$customPost_grouptitle.$j}</th></tr>\n   {foreach from=$customPos item=customValue key=customName}\n   {if ( $trackingFields and ! in_array( $customName, $trackingFields ) ) or ! $trackingFields}\n     <tr>\n         <td {$labelStyle}>{$customName}</td>\n         <td {$valueStyle}>{$customValue}</td>\n     </tr>\n{/if}\n{/foreach}\n{/foreach}\n{/if}\n\n{if $customProfile}\n{foreach from=$customProfile.profile item=eachParticipant key=participantID}\n     <tr><th {$headerStyle}>{ts 1=$participantID+2}Participant %1{/ts} </th></tr>\n     {foreach from=$eachParticipant item=eachProfile key=pid}\n     <tr><th {$headerStyle}>{$customProfile.title.$pid}</th></tr>\n     {foreach from=$eachProfile item=val key=field}\n     <tr>{foreach from=$val item=v key=f}\n         <td {$labelStyle}>{$field}</td>\n         <td {$valueStyle}>{$v}</td>\n         {/foreach}\n     </tr>\n     {/foreach}\n{/foreach}\n{/foreach}\n{/if}\n\n    {if $customGroup}\n      {foreach from=$customGroup item=value key=customName}\n       <tr>\n        <th {$headerStyle}>\n         {$customName}\n        </th>\n       </tr>\n       {foreach from=$value item=v key=n}\n        <tr>\n         <td {$labelStyle}>\n          {$n}\n         </td>\n         <td {$valueStyle}>\n          {$v}\n         </td>\n        </tr>\n       {/foreach}\n      {/foreach}\n     {/if}\n     {if $event.allow_selfcancelxfer }\n      <tr>\n        <td colspan=\"2\" {$valueStyle}>\n          {ts 1=$event.selfcancelxfer_time}You may transfer your registration to another participant or cancel your registration up to %1 hours before the event.{/ts} {if $totalAmount}{ts}Cancellations are not refundable.{/ts}{/if}<br />\n            {capture assign=selfService}{crmURL p=\'civicrm/event/selfsvcupdate\' q=\"reset=1&pid=`$participant.id`&{contact.checksum}\"  h=0 a=1 fe=1}{/capture}\n          <a href=\"{$selfService}\">{ts}Click here to transfer or cancel your registration.{/ts}</a>\n        </td>\n      </tr>\n     {/if}\n    </table>\n   </td>\n  </tr>\n </table>\n</center>\n\n</body>\n</html>\n',1,803,0,1,0,NULL),(33,'Events - Receipt only','Receipt for {if $events_in_cart} Event Registration{/if}\n','Dear {contact.display_name},\n{if $is_pay_later}\n  This is being sent to you as an acknowledgement that you have registered one or more members for the following workshop, event or purchase. Please note, however, that the status of your payment is pending, and the registration for this event will not be completed until your payment is received.\n{else}\n  This is being sent to you as a {if $is_refund}confirmation of refund{else}receipt of payment made{/if} for the following workshop, event registration or purchase.\n{/if}\n\n{if $is_pay_later}\n  {$pay_later_receipt}\n{/if}\n\n  Your order number is #{$transaction_id}. Please print this confirmation for your records.{if $line_items && !$is_refund} Information about the workshops will be sent separately to each participant.{/if}\n Here\'s a summary of your transaction placed on {$transaction_date|date_format:\"%D %I:%M %p %Z\"}:\n\n{if $billing_name}\n===========================================================\n{ts}Billing Name and Address{/ts}\n\n===========================================================\n{$billing_name}\n\n{$billing_street_address}\n\n{$billing_city}, {$billing_state} {$billing_postal_code}\n\n{$email}\n{/if}\n\n{if $source}\n{$source}\n{/if}\n\n\n{foreach from=$line_items item=line_item}\n{$line_item.event->title} ({$line_item.event->start_date|date_format:\"%D\"})\n{if $line_item.event->is_show_location}\n  {if $line_item.location.address.1.name}\n    {$line_item.location.address.1.name}\n  {/if}\n  {if $line_item.location.address.1.street_address}\n    {$line_item.location.address.1.street_address}\n  {/if}\n  {if $line_item.location.address.1.supplemental_address_1}\n    {$line_item.location.address.1.supplemental_address_1}\n  {/if}\n  {if $line_item.location.address.1.supplemental_address_2}\n    {$line_item.location.address.1.supplemental_address_2}\n  {/if}\n  {if $line_item.location.address.1.city}\n    {$line_item.location.address.1.city}, {$line_item.location.address.1.state_province} {$line_item.location.address.1.postal_code}\n  {/if}\n{/if}{*End of isShowLocation condition*}\n{$line_item.event->start_date|date_format:\"%D %I:%M %p\"} - {$line_item.event->end_date|date_format:\"%I:%M %p\"}\n\n  Quantity: {$line_item.num_participants}\n\n{if $line_item.num_participants > 0}\n  {foreach from=$line_item.participants item=participant}\n    {$participant.display_name}\n  {/foreach}\n{/if}\n{if $line_item.num_waiting_participants > 0}\n  Waitlisted:\n    {foreach from=$line_item.waiting_participants item=participant}\n      {$participant.display_name}\n    {/foreach}\n{/if}\nCost: {$line_item.cost|crmMoney:$currency|string_format:\"%10s\"}\nTotal For This Event: {$line_item.amount|crmMoney:$currency|string_format:\"%10s\"}\n\n{/foreach}\n\n{if $discounts}\nSubtotal: {$sub_total|crmMoney:$currency|string_format:\"%10s\"}\n--------------------------------------\nDiscounts\n{foreach from=$discounts key=myId item=i}\n  {$i.title}: -{$i.amount|crmMoney:$currency|string_format:\"%10s\"}\n{/foreach}\n{/if}\n======================================\nTotal: {$total|crmMoney:$currency|string_format:\"%10s\"}\n\n{if $credit_card_type}\n===========================================================\n{ts}Payment Information{/ts}\n\n===========================================================\n{$credit_card_type}\n{$credit_card_number}\n{ts}Expires{/ts}: {$credit_card_exp_date.M}/{$credit_card_exp_date.Y}\n{/if}\n\n  If you have questions about the status of your registration or purchase please feel free to contact us.\n','<!DOCTYPE html PUBLIC \"-//W3C//DTD XHTML 1.0 Transitional//EN\" \"http://www.w3.org/TR/xhtml1/DTD/xhtml1-transitional.dtd\">\n<html xmlns=\"http://www.w3.org/1999/xhtml\">\n  <head>\n    <meta http-equiv=\"Content-Type\" content=\"text/html; charset=UTF-8\" />\n    <title></title>\n  </head>\n  <body>\n    {capture assign=headerStyle}colspan=\"2\" style=\"text-align: left; padding: 4px; border-bottom: 1px solid #999; background-color: #eee;\"{/capture}\n    {capture assign=labelStyle }style=\"padding: 4px; border-bottom: 1px solid #999; background-color: #f7f7f7;\"{/capture}\n    {capture assign=valueStyle }style=\"padding: 4px; border-bottom: 1px solid #999;\"{/capture}\n\n    <p>Dear {contact.display_name},</p>\n    {if $is_pay_later}\n      <p>\n        This is being sent to you as an acknowledgement that you have registered one or more members for the following workshop, event or purchase. Please note, however, that the status of your payment is pending, and the registration for this event will not be completed until your payment is received.\n      </p>\n    {else}\n      <p>\n        This is being sent to you as a {if $is_refund}confirmation of refund{else}receipt of payment made{/if} for the following workshop, event registration or purchase.\n      </p>\n    {/if}\n\n    {if $is_pay_later}\n      <p>{$pay_later_receipt}</p>\n    {/if}\n\n    <p>Your order number is #{$transaction_id}. Please print this confirmation for your records.{if $line_items && !$is_refund} Information about the workshops will be sent separately to each participant.{/if}\n  Here\'s a summary of your transaction placed on {$transaction_date|date_format:\"%D %I:%M %p %Z\"}:</p>\n\n\n{if $billing_name}\n  <table class=\"billing-info\">\n      <tr>\n    <th style=\"text-align: left;\">\n      {ts}Billing Name and Address{/ts}\n    </th>\n      </tr>\n      <tr>\n    <td>\n      {$billing_name}<br />\n      {$billing_street_address}<br />\n      {$billing_city}, {$billing_state} {$billing_postal_code}<br/>\n      <br/>\n      {$email}\n    </td>\n    </tr>\n    </table>\n{/if}\n{if $credit_card_type}\n  <p>&nbsp;</p>\n  <table class=\"billing-info\">\n      <tr>\n    <th style=\"text-align: left;\">\n      {ts}Credit Card Information{/ts}\n    </th>\n      </tr>\n      <tr>\n    <td>\n      {$credit_card_type}<br />\n      {$credit_card_number}<br />\n      {ts}Expires{/ts}: {$credit_card_exp_date.M}/{$credit_card_exp_date.Y}\n    </td>\n    </tr>\n    </table>\n{/if}\n{if $source}\n    <p>&nbsp;</p>\n    {$source}\n{/if}\n    <p>&nbsp;</p>\n    <table width=\"600\">\n      <thead>\n    <tr>\n{if $line_items}\n      <th style=\"text-align: left;\">\n      Event\n      </th>\n      <th style=\"text-align: left;\">\n      Participants\n      </th>\n{/if}\n      <th style=\"text-align: left;\">\n      Price\n      </th>\n      <th style=\"text-align: left;\">\n      Total\n      </th>\n    </tr>\n    </thead>\n      <tbody>\n  {foreach from=$line_items item=line_item}\n  <tr>\n    <td style=\"width: 220px\">\n      {$line_item.event->title} ({$line_item.event->start_date|date_format:\"%D\"})<br />\n      {if $line_item.event->is_show_location}\n        {if $line_item.location.address.1.name}\n    {$line_item.location.address.1.name}<br />\n        {/if}\n        {if $line_item.location.address.1.street_address}\n    {$line_item.location.address.1.street_address}<br />\n        {/if}\n        {if $line_item.location.address.1.supplemental_address_1}\n    {$line_item.location.address.1.supplemental_address_1}<br />\n        {/if}\n        {if $line_item.location.address.1.supplemental_address_2}\n    {$line_item.location.address.1.supplemental_address_2}<br />\n        {/if}\n        {if $line_item.location.address.1.city}\n    {$line_item.location.address.1.city}, {$line_item.location.address.1.state_province} {$location.address.1.postal_code}\n        {/if}\n      {/if}{*End of isShowLocation condition*}<br /><br />\n      {$line_item.event->start_date|date_format:\"%D %I:%M %p\"} - {$line_item.event->end_date|date_format:\"%I:%M %p\"}\n    </td>\n    <td style=\"width: 180px\">\n    {$line_item.num_participants}\n      {if $line_item.num_participants > 0}\n      <div class=\"participants\" style=\"padding-left: 10px;\">\n        {foreach from=$line_item.participants item=participant}\n        {$participant.display_name}<br />\n        {/foreach}\n      </div>\n      {/if}\n      {if $line_item.num_waiting_participants > 0}\n      Waitlisted:<br/>\n      <div class=\"participants\" style=\"padding-left: 10px;\">\n        {foreach from=$line_item.waiting_participants item=participant}\n        {$participant.display_name}<br />\n        {/foreach}\n      </div>\n      {/if}\n    </td>\n    <td style=\"width: 100px\">\n      {$line_item.cost|crmMoney:$currency|string_format:\"%10s\"}\n    </td>\n    <td style=\"width: 100px\">\n      &nbsp;{$line_item.amount|crmMoney:$currency|string_format:\"%10s\"}\n    </td>\n  </tr>\n  {/foreach}\n      </tbody>\n      <tfoot>\n  {if $discounts}\n  <tr>\n    <td>\n    </td>\n    <td>\n    </td>\n    <td>\n      Subtotal:\n    </td>\n    <td>\n      &nbsp;{$sub_total|crmMoney:$currency|string_format:\"%10s\"}\n    </td>\n  </tr>\n  {foreach from=$discounts key=myId item=i}\n  <tr>\n    <td>\n      {$i.title}\n    </td>\n    <td>\n    </td>\n    <td>\n    </td>\n    <td>\n      -{$i.amount}\n    </td>\n  </tr>\n  {/foreach}\n  {/if}\n  <tr>\n{if $line_items}\n    <td>\n    </td>\n    <td>\n    </td>\n{/if}\n    <td>\n      <strong>Total:</strong>\n    </td>\n    <td>\n      <strong>&nbsp;{$total|crmMoney:$currency|string_format:\"%10s\"}</strong>\n    </td>\n  </tr>\n      </tfoot>\n    </table>\n\n    If you have questions about the status of your registration or purchase please feel free to contact us.\n  </body>\n</html>\n',1,804,1,0,0,NULL),(34,'Events - Receipt only','Receipt for {if $events_in_cart} Event Registration{/if}\n','Dear {contact.display_name},\n{if $is_pay_later}\n  This is being sent to you as an acknowledgement that you have registered one or more members for the following workshop, event or purchase. Please note, however, that the status of your payment is pending, and the registration for this event will not be completed until your payment is received.\n{else}\n  This is being sent to you as a {if $is_refund}confirmation of refund{else}receipt of payment made{/if} for the following workshop, event registration or purchase.\n{/if}\n\n{if $is_pay_later}\n  {$pay_later_receipt}\n{/if}\n\n  Your order number is #{$transaction_id}. Please print this confirmation for your records.{if $line_items && !$is_refund} Information about the workshops will be sent separately to each participant.{/if}\n Here\'s a summary of your transaction placed on {$transaction_date|date_format:\"%D %I:%M %p %Z\"}:\n\n{if $billing_name}\n===========================================================\n{ts}Billing Name and Address{/ts}\n\n===========================================================\n{$billing_name}\n\n{$billing_street_address}\n\n{$billing_city}, {$billing_state} {$billing_postal_code}\n\n{$email}\n{/if}\n\n{if $source}\n{$source}\n{/if}\n\n\n{foreach from=$line_items item=line_item}\n{$line_item.event->title} ({$line_item.event->start_date|date_format:\"%D\"})\n{if $line_item.event->is_show_location}\n  {if $line_item.location.address.1.name}\n    {$line_item.location.address.1.name}\n  {/if}\n  {if $line_item.location.address.1.street_address}\n    {$line_item.location.address.1.street_address}\n  {/if}\n  {if $line_item.location.address.1.supplemental_address_1}\n    {$line_item.location.address.1.supplemental_address_1}\n  {/if}\n  {if $line_item.location.address.1.supplemental_address_2}\n    {$line_item.location.address.1.supplemental_address_2}\n  {/if}\n  {if $line_item.location.address.1.city}\n    {$line_item.location.address.1.city}, {$line_item.location.address.1.state_province} {$line_item.location.address.1.postal_code}\n  {/if}\n{/if}{*End of isShowLocation condition*}\n{$line_item.event->start_date|date_format:\"%D %I:%M %p\"} - {$line_item.event->end_date|date_format:\"%I:%M %p\"}\n\n  Quantity: {$line_item.num_participants}\n\n{if $line_item.num_participants > 0}\n  {foreach from=$line_item.participants item=participant}\n    {$participant.display_name}\n  {/foreach}\n{/if}\n{if $line_item.num_waiting_participants > 0}\n  Waitlisted:\n    {foreach from=$line_item.waiting_participants item=participant}\n      {$participant.display_name}\n    {/foreach}\n{/if}\nCost: {$line_item.cost|crmMoney:$currency|string_format:\"%10s\"}\nTotal For This Event: {$line_item.amount|crmMoney:$currency|string_format:\"%10s\"}\n\n{/foreach}\n\n{if $discounts}\nSubtotal: {$sub_total|crmMoney:$currency|string_format:\"%10s\"}\n--------------------------------------\nDiscounts\n{foreach from=$discounts key=myId item=i}\n  {$i.title}: -{$i.amount|crmMoney:$currency|string_format:\"%10s\"}\n{/foreach}\n{/if}\n======================================\nTotal: {$total|crmMoney:$currency|string_format:\"%10s\"}\n\n{if $credit_card_type}\n===========================================================\n{ts}Payment Information{/ts}\n\n===========================================================\n{$credit_card_type}\n{$credit_card_number}\n{ts}Expires{/ts}: {$credit_card_exp_date.M}/{$credit_card_exp_date.Y}\n{/if}\n\n  If you have questions about the status of your registration or purchase please feel free to contact us.\n','<!DOCTYPE html PUBLIC \"-//W3C//DTD XHTML 1.0 Transitional//EN\" \"http://www.w3.org/TR/xhtml1/DTD/xhtml1-transitional.dtd\">\n<html xmlns=\"http://www.w3.org/1999/xhtml\">\n  <head>\n    <meta http-equiv=\"Content-Type\" content=\"text/html; charset=UTF-8\" />\n    <title></title>\n  </head>\n  <body>\n    {capture assign=headerStyle}colspan=\"2\" style=\"text-align: left; padding: 4px; border-bottom: 1px solid #999; background-color: #eee;\"{/capture}\n    {capture assign=labelStyle }style=\"padding: 4px; border-bottom: 1px solid #999; background-color: #f7f7f7;\"{/capture}\n    {capture assign=valueStyle }style=\"padding: 4px; border-bottom: 1px solid #999;\"{/capture}\n\n    <p>Dear {contact.display_name},</p>\n    {if $is_pay_later}\n      <p>\n        This is being sent to you as an acknowledgement that you have registered one or more members for the following workshop, event or purchase. Please note, however, that the status of your payment is pending, and the registration for this event will not be completed until your payment is received.\n      </p>\n    {else}\n      <p>\n        This is being sent to you as a {if $is_refund}confirmation of refund{else}receipt of payment made{/if} for the following workshop, event registration or purchase.\n      </p>\n    {/if}\n\n    {if $is_pay_later}\n      <p>{$pay_later_receipt}</p>\n    {/if}\n\n    <p>Your order number is #{$transaction_id}. Please print this confirmation for your records.{if $line_items && !$is_refund} Information about the workshops will be sent separately to each participant.{/if}\n  Here\'s a summary of your transaction placed on {$transaction_date|date_format:\"%D %I:%M %p %Z\"}:</p>\n\n\n{if $billing_name}\n  <table class=\"billing-info\">\n      <tr>\n    <th style=\"text-align: left;\">\n      {ts}Billing Name and Address{/ts}\n    </th>\n      </tr>\n      <tr>\n    <td>\n      {$billing_name}<br />\n      {$billing_street_address}<br />\n      {$billing_city}, {$billing_state} {$billing_postal_code}<br/>\n      <br/>\n      {$email}\n    </td>\n    </tr>\n    </table>\n{/if}\n{if $credit_card_type}\n  <p>&nbsp;</p>\n  <table class=\"billing-info\">\n      <tr>\n    <th style=\"text-align: left;\">\n      {ts}Credit Card Information{/ts}\n    </th>\n      </tr>\n      <tr>\n    <td>\n      {$credit_card_type}<br />\n      {$credit_card_number}<br />\n      {ts}Expires{/ts}: {$credit_card_exp_date.M}/{$credit_card_exp_date.Y}\n    </td>\n    </tr>\n    </table>\n{/if}\n{if $source}\n    <p>&nbsp;</p>\n    {$source}\n{/if}\n    <p>&nbsp;</p>\n    <table width=\"600\">\n      <thead>\n    <tr>\n{if $line_items}\n      <th style=\"text-align: left;\">\n      Event\n      </th>\n      <th style=\"text-align: left;\">\n      Participants\n      </th>\n{/if}\n      <th style=\"text-align: left;\">\n      Price\n      </th>\n      <th style=\"text-align: left;\">\n      Total\n      </th>\n    </tr>\n    </thead>\n      <tbody>\n  {foreach from=$line_items item=line_item}\n  <tr>\n    <td style=\"width: 220px\">\n      {$line_item.event->title} ({$line_item.event->start_date|date_format:\"%D\"})<br />\n      {if $line_item.event->is_show_location}\n        {if $line_item.location.address.1.name}\n    {$line_item.location.address.1.name}<br />\n        {/if}\n        {if $line_item.location.address.1.street_address}\n    {$line_item.location.address.1.street_address}<br />\n        {/if}\n        {if $line_item.location.address.1.supplemental_address_1}\n    {$line_item.location.address.1.supplemental_address_1}<br />\n        {/if}\n        {if $line_item.location.address.1.supplemental_address_2}\n    {$line_item.location.address.1.supplemental_address_2}<br />\n        {/if}\n        {if $line_item.location.address.1.city}\n    {$line_item.location.address.1.city}, {$line_item.location.address.1.state_province} {$location.address.1.postal_code}\n        {/if}\n      {/if}{*End of isShowLocation condition*}<br /><br />\n      {$line_item.event->start_date|date_format:\"%D %I:%M %p\"} - {$line_item.event->end_date|date_format:\"%I:%M %p\"}\n    </td>\n    <td style=\"width: 180px\">\n    {$line_item.num_participants}\n      {if $line_item.num_participants > 0}\n      <div class=\"participants\" style=\"padding-left: 10px;\">\n        {foreach from=$line_item.participants item=participant}\n        {$participant.display_name}<br />\n        {/foreach}\n      </div>\n      {/if}\n      {if $line_item.num_waiting_participants > 0}\n      Waitlisted:<br/>\n      <div class=\"participants\" style=\"padding-left: 10px;\">\n        {foreach from=$line_item.waiting_participants item=participant}\n        {$participant.display_name}<br />\n        {/foreach}\n      </div>\n      {/if}\n    </td>\n    <td style=\"width: 100px\">\n      {$line_item.cost|crmMoney:$currency|string_format:\"%10s\"}\n    </td>\n    <td style=\"width: 100px\">\n      &nbsp;{$line_item.amount|crmMoney:$currency|string_format:\"%10s\"}\n    </td>\n  </tr>\n  {/foreach}\n      </tbody>\n      <tfoot>\n  {if $discounts}\n  <tr>\n    <td>\n    </td>\n    <td>\n    </td>\n    <td>\n      Subtotal:\n    </td>\n    <td>\n      &nbsp;{$sub_total|crmMoney:$currency|string_format:\"%10s\"}\n    </td>\n  </tr>\n  {foreach from=$discounts key=myId item=i}\n  <tr>\n    <td>\n      {$i.title}\n    </td>\n    <td>\n    </td>\n    <td>\n    </td>\n    <td>\n      -{$i.amount}\n    </td>\n  </tr>\n  {/foreach}\n  {/if}\n  <tr>\n{if $line_items}\n    <td>\n    </td>\n    <td>\n    </td>\n{/if}\n    <td>\n      <strong>Total:</strong>\n    </td>\n    <td>\n      <strong>&nbsp;{$total|crmMoney:$currency|string_format:\"%10s\"}</strong>\n    </td>\n  </tr>\n      </tfoot>\n    </table>\n\n    If you have questions about the status of your registration or purchase please feel free to contact us.\n  </body>\n</html>\n',1,804,0,1,0,NULL),(35,'Events - Registration Cancellation Notice','{ts 1=$event.event_title}Event Registration Cancelled for %1{/ts}\n','{ts 1=$contact.display_name}Dear %1{/ts},\n\n{ts}Your Event Registration has been cancelled.{/ts}\n\n\n===========================================================\n{ts}Event Information and Location{/ts}\n\n===========================================================\n{$event.event_title}\n{$event.event_start_date|crmDate}{if $event.event_end_date}-{if $event.event_end_date|date_format:\"%Y%m%d\" == $event.event_start_date|date_format:\"%Y%m%d\"}{$event.event_end_date|crmDate:0:1}{else}{$event.event_end_date|crmDate}{/if}{/if}\n\n{ts}Participant Role{/ts}: {$participant.role}\n\n{if $isShowLocation}\n{if $event.location.address.1.name}\n\n{$event.location.address.1.name}\n{/if}\n{if $event.location.address.1.street_address}{$event.location.address.1.street_address}\n{/if}\n{if $event.location.address.1.supplemental_address_1}{$event.location.address.1.supplemental_address_1}\n{/if}\n{if $event.location.address.1.supplemental_address_2}{$event.location.address.1.supplemental_address_2}\n{/if}\n{if $event.location.address.1.city}{$event.location.address.1.city} {$event.location.address.1.postal_code}{if $event.location.address.1.postal_code_suffix} - {$event.location.address.1.postal_code_suffix}{/if}\n{/if}\n\n{/if}{*End of isShowLocation condition*}\n\n{if $event.location.phone.1.phone || $event.location.email.1.email}\n\n{ts}Event Contacts:{/ts}\n{foreach from=$event.location.phone item=phone}\n{if $phone.phone}\n\n{if $phone.phone_type}{$phone.phone_type_display}{else}{ts}Phone{/ts}{/if}: {$phone.phone}{/if}\n{/foreach}\n{foreach from=$event.location.email item=eventEmail}\n{if $eventEmail.email}\n\n{ts}Email{/ts}: {$eventEmail.email}{/if}{/foreach}\n{/if}\n\n{if $contact.email}\n\n===========================================================\n{ts}Registered Email{/ts}\n\n===========================================================\n{$contact.email}\n{/if}\n\n{if $register_date}\n{ts}Registration Date{/ts}: {$participant.register_date|crmDate}\n{/if}\n\n{ts 1=$domain.phone 2=$domain.email}Please contact us at %1 or send email to %2 if you have questions.{/ts}\n\n','<!DOCTYPE html PUBLIC \"-//W3C//DTD XHTML 1.0 Transitional//EN\" \"http://www.w3.org/TR/xhtml1/DTD/xhtml1-transitional.dtd\">\n<html xmlns=\"http://www.w3.org/1999/xhtml\">\n<head>\n <meta http-equiv=\"Content-Type\" content=\"text/html; charset=UTF-8\" />\n <title></title>\n</head>\n<body>\n\n{capture assign=headerStyle}colspan=\"2\" style=\"text-align: left; padding: 4px; border-bottom: 1px solid #999; background-color: #eee;\"{/capture}\n{capture assign=labelStyle }style=\"padding: 4px; border-bottom: 1px solid #999; background-color: #f7f7f7;\"{/capture}\n{capture assign=valueStyle }style=\"padding: 4px; border-bottom: 1px solid #999;\"{/capture}\n\n<center>\n <table width=\"620\" border=\"0\" cellpadding=\"0\" cellspacing=\"0\" id=\"crm-event_receipt\" style=\"font-family: Arial, Verdana, sans-serif; text-align: left;\">\n\n  <!-- BEGIN HEADER -->\n  <!-- You can add table row(s) here with logo or other header elements -->\n  <!-- END HEADER -->\n\n  <!-- BEGIN CONTENT -->\n\n  <tr>\n   <td>\n    <p>{ts 1=$contact.display_name}Dear %1{/ts},</p>\n    <p>{ts}Your Event Registration has been cancelled.{/ts}</p>\n   </td>\n  </tr>\n  <tr>\n   <td>\n    <table style=\"border: 1px solid #999; margin: 1em 0em 1em; border-collapse: collapse; width:100%;\">\n     <tr>\n      <th {$headerStyle}>\n       {ts}Event Information and Location{/ts}\n      </th>\n     </tr>\n     <tr>\n      <td colspan=\"2\" {$valueStyle}>\n       {$event.event_title}<br />\n       {$event.event_start_date|crmDate}{if $event.event_end_date}-{if $event.event_end_date|date_format:\"%Y%m%d\" == $event.event_start_date|date_format:\"%Y%m%d\"}{$event.event_end_date|crmDate:0:1}{else}{$event.event_end_date|crmDate}{/if}{/if}\n      </td>\n     </tr>\n     <tr>\n      <td {$labelStyle}>\n       {ts}Participant Role{/ts}:\n      </td>\n      <td {$valueStyle}>\n       {$participant.role}\n      </td>\n     </tr>\n\n     {if $isShowLocation}\n      <tr>\n       <td colspan=\"2\" {$valueStyle}>\n        {if $event.location.address.1.name}\n         {$event.location.address.1.name}<br />\n        {/if}\n        {if $event.location.address.1.street_address}\n         {$event.location.address.1.street_address}<br />\n        {/if}\n        {if $event.location.address.1.supplemental_address_1}\n         {$event.location.address.1.supplemental_address_1}<br />\n        {/if}\n        {if $event.location.address.1.supplemental_address_2}\n         {$event.location.address.1.supplemental_address_2}<br />\n        {/if}\n        {if $event.location.address.1.city}\n         {$event.location.address.1.city} {$event.location.address.1.postal_code}\n         {if $event.location.address.1.postal_code_suffix}\n          - {$event.location.address.1.postal_code_suffix}\n         {/if}\n        {/if}\n       </td>\n      </tr>\n     {/if}\n\n     {if $event.location.phone.1.phone || $event.location.email.1.email}\n      <tr>\n       <td colspan=\"2\" {$labelStyle}>\n        {ts}Event Contacts:{/ts}\n       </td>\n      </tr>\n      {foreach from=$event.location.phone item=phone}\n       {if $phone.phone}\n        <tr>\n         <td {$labelStyle}>\n          {if $phone.phone_type}{$phone.phone_type_display}{else}{ts}Phone{/ts}{/if}\n         </td>\n         <td {$valueStyle}>\n          {$phone.phone}\n         </td>\n        </tr>\n       {/if}\n      {/foreach}\n      {foreach from=$event.location.email item=eventEmail}\n       {if $eventEmail.email}\n        <tr>\n         <td {$labelStyle}>\n          {ts}Email{/ts}\n         </td>\n         <td {$valueStyle}>\n          {$eventEmail.email}\n         </td>\n        </tr>\n       {/if}\n      {/foreach}\n     {/if}\n\n     {if $contact.email}\n      <tr>\n       <th {$headerStyle}>\n        {ts}Registered Email{/ts}\n       </th>\n      </tr>\n      <tr>\n       <td colspan=\"2\" {$valueStyle}>\n        {$contact.email}\n       </td>\n      </tr>\n     {/if}\n\n     {if $register_date}\n      <tr>\n       <td {$labelStyle}>\n        {ts}Registration Date{/ts}\n       </td>\n       <td {$valueStyle}>\n        {$participant.register_date|crmDate}\n       </td>\n      </tr>\n     {/if}\n\n    </table>\n   </td>\n  </tr>\n\n  <tr>\n   <td>\n    <p>{ts 1=$domain.phone 2=$domain.email}Please contact us at %1 or send email to %2 if you have questions.{/ts}</p>\n   </td>\n  </tr>\n\n </table>\n</center>\n\n</body>\n</html>\n',1,805,1,0,0,NULL),(36,'Events - Registration Cancellation Notice','{ts 1=$event.event_title}Event Registration Cancelled for %1{/ts}\n','{ts 1=$contact.display_name}Dear %1{/ts},\n\n{ts}Your Event Registration has been cancelled.{/ts}\n\n\n===========================================================\n{ts}Event Information and Location{/ts}\n\n===========================================================\n{$event.event_title}\n{$event.event_start_date|crmDate}{if $event.event_end_date}-{if $event.event_end_date|date_format:\"%Y%m%d\" == $event.event_start_date|date_format:\"%Y%m%d\"}{$event.event_end_date|crmDate:0:1}{else}{$event.event_end_date|crmDate}{/if}{/if}\n\n{ts}Participant Role{/ts}: {$participant.role}\n\n{if $isShowLocation}\n{if $event.location.address.1.name}\n\n{$event.location.address.1.name}\n{/if}\n{if $event.location.address.1.street_address}{$event.location.address.1.street_address}\n{/if}\n{if $event.location.address.1.supplemental_address_1}{$event.location.address.1.supplemental_address_1}\n{/if}\n{if $event.location.address.1.supplemental_address_2}{$event.location.address.1.supplemental_address_2}\n{/if}\n{if $event.location.address.1.city}{$event.location.address.1.city} {$event.location.address.1.postal_code}{if $event.location.address.1.postal_code_suffix} - {$event.location.address.1.postal_code_suffix}{/if}\n{/if}\n\n{/if}{*End of isShowLocation condition*}\n\n{if $event.location.phone.1.phone || $event.location.email.1.email}\n\n{ts}Event Contacts:{/ts}\n{foreach from=$event.location.phone item=phone}\n{if $phone.phone}\n\n{if $phone.phone_type}{$phone.phone_type_display}{else}{ts}Phone{/ts}{/if}: {$phone.phone}{/if}\n{/foreach}\n{foreach from=$event.location.email item=eventEmail}\n{if $eventEmail.email}\n\n{ts}Email{/ts}: {$eventEmail.email}{/if}{/foreach}\n{/if}\n\n{if $contact.email}\n\n===========================================================\n{ts}Registered Email{/ts}\n\n===========================================================\n{$contact.email}\n{/if}\n\n{if $register_date}\n{ts}Registration Date{/ts}: {$participant.register_date|crmDate}\n{/if}\n\n{ts 1=$domain.phone 2=$domain.email}Please contact us at %1 or send email to %2 if you have questions.{/ts}\n\n','<!DOCTYPE html PUBLIC \"-//W3C//DTD XHTML 1.0 Transitional//EN\" \"http://www.w3.org/TR/xhtml1/DTD/xhtml1-transitional.dtd\">\n<html xmlns=\"http://www.w3.org/1999/xhtml\">\n<head>\n <meta http-equiv=\"Content-Type\" content=\"text/html; charset=UTF-8\" />\n <title></title>\n</head>\n<body>\n\n{capture assign=headerStyle}colspan=\"2\" style=\"text-align: left; padding: 4px; border-bottom: 1px solid #999; background-color: #eee;\"{/capture}\n{capture assign=labelStyle }style=\"padding: 4px; border-bottom: 1px solid #999; background-color: #f7f7f7;\"{/capture}\n{capture assign=valueStyle }style=\"padding: 4px; border-bottom: 1px solid #999;\"{/capture}\n\n<center>\n <table width=\"620\" border=\"0\" cellpadding=\"0\" cellspacing=\"0\" id=\"crm-event_receipt\" style=\"font-family: Arial, Verdana, sans-serif; text-align: left;\">\n\n  <!-- BEGIN HEADER -->\n  <!-- You can add table row(s) here with logo or other header elements -->\n  <!-- END HEADER -->\n\n  <!-- BEGIN CONTENT -->\n\n  <tr>\n   <td>\n    <p>{ts 1=$contact.display_name}Dear %1{/ts},</p>\n    <p>{ts}Your Event Registration has been cancelled.{/ts}</p>\n   </td>\n  </tr>\n  <tr>\n   <td>\n    <table style=\"border: 1px solid #999; margin: 1em 0em 1em; border-collapse: collapse; width:100%;\">\n     <tr>\n      <th {$headerStyle}>\n       {ts}Event Information and Location{/ts}\n      </th>\n     </tr>\n     <tr>\n      <td colspan=\"2\" {$valueStyle}>\n       {$event.event_title}<br />\n       {$event.event_start_date|crmDate}{if $event.event_end_date}-{if $event.event_end_date|date_format:\"%Y%m%d\" == $event.event_start_date|date_format:\"%Y%m%d\"}{$event.event_end_date|crmDate:0:1}{else}{$event.event_end_date|crmDate}{/if}{/if}\n      </td>\n     </tr>\n     <tr>\n      <td {$labelStyle}>\n       {ts}Participant Role{/ts}:\n      </td>\n      <td {$valueStyle}>\n       {$participant.role}\n      </td>\n     </tr>\n\n     {if $isShowLocation}\n      <tr>\n       <td colspan=\"2\" {$valueStyle}>\n        {if $event.location.address.1.name}\n         {$event.location.address.1.name}<br />\n        {/if}\n        {if $event.location.address.1.street_address}\n         {$event.location.address.1.street_address}<br />\n        {/if}\n        {if $event.location.address.1.supplemental_address_1}\n         {$event.location.address.1.supplemental_address_1}<br />\n        {/if}\n        {if $event.location.address.1.supplemental_address_2}\n         {$event.location.address.1.supplemental_address_2}<br />\n        {/if}\n        {if $event.location.address.1.city}\n         {$event.location.address.1.city} {$event.location.address.1.postal_code}\n         {if $event.location.address.1.postal_code_suffix}\n          - {$event.location.address.1.postal_code_suffix}\n         {/if}\n        {/if}\n       </td>\n      </tr>\n     {/if}\n\n     {if $event.location.phone.1.phone || $event.location.email.1.email}\n      <tr>\n       <td colspan=\"2\" {$labelStyle}>\n        {ts}Event Contacts:{/ts}\n       </td>\n      </tr>\n      {foreach from=$event.location.phone item=phone}\n       {if $phone.phone}\n        <tr>\n         <td {$labelStyle}>\n          {if $phone.phone_type}{$phone.phone_type_display}{else}{ts}Phone{/ts}{/if}\n         </td>\n         <td {$valueStyle}>\n          {$phone.phone}\n         </td>\n        </tr>\n       {/if}\n      {/foreach}\n      {foreach from=$event.location.email item=eventEmail}\n       {if $eventEmail.email}\n        <tr>\n         <td {$labelStyle}>\n          {ts}Email{/ts}\n         </td>\n         <td {$valueStyle}>\n          {$eventEmail.email}\n         </td>\n        </tr>\n       {/if}\n      {/foreach}\n     {/if}\n\n     {if $contact.email}\n      <tr>\n       <th {$headerStyle}>\n        {ts}Registered Email{/ts}\n       </th>\n      </tr>\n      <tr>\n       <td colspan=\"2\" {$valueStyle}>\n        {$contact.email}\n       </td>\n      </tr>\n     {/if}\n\n     {if $register_date}\n      <tr>\n       <td {$labelStyle}>\n        {ts}Registration Date{/ts}\n       </td>\n       <td {$valueStyle}>\n        {$participant.register_date|crmDate}\n       </td>\n      </tr>\n     {/if}\n\n    </table>\n   </td>\n  </tr>\n\n  <tr>\n   <td>\n    <p>{ts 1=$domain.phone 2=$domain.email}Please contact us at %1 or send email to %2 if you have questions.{/ts}</p>\n   </td>\n  </tr>\n\n </table>\n</center>\n\n</body>\n</html>\n',1,805,0,1,0,NULL),(37,'Events - Registration Confirmation Invite','{ts 1=$event.event_title}Confirm your registration for %1{/ts}\n','{ts 1=$contact.display_name}Dear %1{/ts},\n{if !$isAdditional and $participant.id}\n\n===========================================================\n{ts}Confirm Your Registration{/ts}\n\n===========================================================\n{capture assign=confirmUrl}{crmURL p=\'civicrm/event/confirm\' q=\"reset=1&participantId=`$participant.id`&cs=`$checksumValue`\" a=true h=0 fe=1}{/capture}\nClick this link to go to a web page where you can confirm your registration online:\n{$confirmUrl}\n{/if}\n{if $event.allow_selfcancelxfer }\n{ts 1=$event.selfcancelxfer_time}You may transfer your registration to another participant or cancel your registration up to %1 hours before the event.{/ts} {if $totalAmount}{ts}Cancellations are not refundable.{/ts}{/if}\n   {capture assign=selfService}{crmURL p=\'civicrm/event/selfsvcupdate\' q=\"reset=1&pid=`$participant.id`&{contact.checksum}\"  h=0 a=1 fe=1}{/capture}\n{ts}Transfer or cancel your registration:{/ts} {$selfService}\n{/if}\n===========================================================\n{ts}Event Information and Location{/ts}\n\n===========================================================\n{$event.event_title}\n{$event.event_start_date|crmDate}{if $event.event_end_date}-{if $event.event_end_date|date_format:\"%Y%m%d\" == $event.event_start_date|date_format:\"%Y%m%d\"}{$event.event_end_date|crmDate:0:1}{else}{$event.event_end_date|crmDate}{/if}{/if}\n{if $conference_sessions}\n\n\n{ts}Your schedule:{/ts}\n{assign var=\'group_by_day\' value=\'NA\'}\n{foreach from=$conference_sessions item=session}\n{if $session.start_date|date_format:\"%Y/%m/%d\" != $group_by_day|date_format:\"%Y/%m/%d\"}\n{assign var=\'group_by_day\' value=$session.start_date}\n\n{$group_by_day|date_format:\"%m/%d/%Y\"}\n\n\n{/if}\n{$session.start_date|crmDate:0:1}{if $session.end_date}-{$session.end_date|crmDate:0:1}{/if} {$session.title}\n{if $session.location}    {$session.location}{/if}\n{/foreach}\n{/if}\n\n\n{ts}Participant Role{/ts}: {$participant.role}\n\n{if $isShowLocation}\n{if $event.location.address.1.name}\n\n{$event.location.address.1.name}\n{/if}\n{if $event.location.address.1.street_address}{$event.location.address.1.street_address}\n{/if}\n{if $event.location.address.1.supplemental_address_1}{$event.location.address.1.supplemental_address_1}\n{/if}\n{if $event.location.address.1.supplemental_address_2}{$event.location.address.1.supplemental_address_2}\n{/if}\n{if $event.location.address.1.city}{$event.location.address.1.city} {$event.location.address.1.postal_code}{if $event.location.address.1.postal_code_suffix} - {$event.location.address.1.postal_code_suffix}{/if}\n{/if}\n\n{/if}{*End of isShowLocation condition*}\n\n{if $event.location.phone.1.phone || $event.location.email.1.email}\n\n{ts}Event Contacts:{/ts}\n{foreach from=$event.location.phone item=phone}\n{if $phone.phone}\n\n{if $phone.phone_type}{$phone.phone_type_display}{else}{ts}Phone{/ts}{/if}: {$phone.phone}{/if}\n{/foreach}\n{foreach from=$event.location.email item=eventEmail}\n{if $eventEmail.email}\n\n{ts}Email{/ts}: {$eventEmail.email}{/if}{/foreach}\n{/if}\n\n{if $event.is_public}\n{capture assign=icalFeed}{crmURL p=\'civicrm/event/ical\' q=\"reset=1&id=`$event.id`\" h=0 a=1 fe=1}{/capture}\n{ts}Download iCalendar File:{/ts} {$icalFeed}\n{/if}\n\n{if $contact.email}\n\n===========================================================\n{ts}Registered Email{/ts}\n\n===========================================================\n{$contact.email}\n{/if}\n\n{if $register_date}\n{ts}Registration Date{/ts}: {$participant.register_date|crmDate}\n{/if}\n\n{ts 1=$domain.phone 2=$domain.email}Please contact us at %1 or send email to %2 if you have questions.{/ts}\n\n','<!DOCTYPE html PUBLIC \"-//W3C//DTD XHTML 1.0 Transitional//EN\" \"http://www.w3.org/TR/xhtml1/DTD/xhtml1-transitional.dtd\">\n<html xmlns=\"http://www.w3.org/1999/xhtml\">\n<head>\n <meta http-equiv=\"Content-Type\" content=\"text/html; charset=UTF-8\" />\n <title></title>\n</head>\n<body>\n\n{capture assign=headerStyle}colspan=\"2\" style=\"text-align: left; padding: 4px; border-bottom: 1px solid #999; background-color: #eee;\"{/capture}\n{capture assign=labelStyle }style=\"padding: 4px; border-bottom: 1px solid #999; background-color: #f7f7f7;\"{/capture}\n{capture assign=valueStyle }style=\"padding: 4px; border-bottom: 1px solid #999;\"{/capture}\n\n<center>\n <table width=\"620\" border=\"0\" cellpadding=\"0\" cellspacing=\"0\" id=\"crm-event_receipt\" style=\"font-family: Arial, Verdana, sans-serif; text-align: left;\">\n\n  <!-- BEGIN HEADER -->\n  <!-- You can add table row(s) here with logo or other header elements -->\n  <!-- END HEADER -->\n\n  <!-- BEGIN CONTENT -->\n\n  <tr>\n   <td>\n    <p>{ts 1=$contact.display_name}Dear %1{/ts},</p>\n   </td>\n  </tr>\n  {if !$isAdditional and $participant.id}\n   <tr>\n    <th {$headerStyle}>\n     {ts}Confirm Your Registration{/ts}\n    </th>\n   </tr>\n   <tr>\n    <td colspan=\"2\" {$valueStyle}>\n     {capture assign=confirmUrl}{crmURL p=\'civicrm/event/confirm\' q=\"reset=1&participantId=`$participant.id`&cs=`$checksumValue`\" a=true h=0 fe=1}{/capture}\n     <a href=\"{$confirmUrl}\">Go to a web page where you can confirm your registration online</a>\n    </td>\n   </tr>\n  {/if}\n  {if $event.allow_selfcancelxfer }\n  This event allows for self-cancel or transfer\n  {capture assign=selfService}{crmURL p=\'civicrm/event/selfsvcupdate\' q=\"reset=1&pid=`$participantID`&{contact.checksum}\"  h=0 a=1 fe=1}{/capture}\n       <a href=\"{$selfService}\">{ts}Self service cancel transfer{/ts}</a>\n  {/if}\n\n  <tr>\n   <td>\n    <table style=\"border: 1px solid #999; margin: 1em 0em 1em; border-collapse: collapse; width:100%;\">\n     <tr>\n      <th {$headerStyle}>\n       {ts}Event Information and Location{/ts}\n      </th>\n     </tr>\n     <tr>\n      <td colspan=\"2\" {$valueStyle}>\n       {$event.event_title}<br />\n       {$event.event_start_date|crmDate}{if $event.event_end_date}-{if $event.event_end_date|date_format:\"%Y%m%d\" == $event.event_start_date|date_format:\"%Y%m%d\"}{$event.event_end_date|crmDate:0:1}{else}{$event.event_end_date|crmDate}{/if}{/if}\n      </td>\n     </tr>\n     {if $conference_sessions}\n      <tr>\n       <td colspan=\"2\" {$labelStyle}>\n  {ts}Your schedule:{/ts}\n       </td>\n      </tr>\n      <tr>\n       <td colspan=\"2\" {$valueStyle}>\n  {assign var=\'group_by_day\' value=\'NA\'}\n  {foreach from=$conference_sessions item=session}\n   {if $session.start_date|date_format:\"%Y/%m/%d\" != $group_by_day|date_format:\"%Y/%m/%d\"}\n    {assign var=\'group_by_day\' value=$session.start_date}\n          <em>{$group_by_day|date_format:\"%m/%d/%Y\"}</em><br />\n   {/if}\n   {$session.start_date|crmDate:0:1}{if $session.end_date}-{$session.end_date|crmDate:0:1}{/if} {$session.title}<br />\n   {if $session.location}&nbsp;&nbsp;&nbsp;&nbsp;{$session.location}<br />{/if}\n  {/foreach}\n       </td>\n      </tr>\n     {/if}\n     <tr>\n      <td {$labelStyle}>\n       {ts}Participant Role{/ts}:\n      </td>\n      <td {$valueStyle}>\n       {$participant.role}\n      </td>\n     </tr>\n\n     {if $isShowLocation}\n      <tr>\n       <td colspan=\"2\" {$valueStyle}>\n        {if $event.location.address.1.name}\n         {$event.location.address.1.name}<br />\n        {/if}\n        {if $event.location.address.1.street_address}\n         {$event.location.address.1.street_address}<br />\n        {/if}\n        {if $event.location.address.1.supplemental_address_1}\n         {$event.location.address.1.supplemental_address_1}<br />\n        {/if}\n        {if $event.location.address.1.supplemental_address_2}\n         {$event.location.address.1.supplemental_address_2}<br />\n        {/if}\n        {if $event.location.address.1.city}\n         {$event.location.address.1.city} {$event.location.address.1.postal_code}\n         {if $event.location.address.1.postal_code_suffix}\n          - {$event.location.address.1.postal_code_suffix}\n         {/if}\n        {/if}\n       </td>\n      </tr>\n     {/if}\n\n     {if $event.location.phone.1.phone || $event.location.email.1.email}\n      <tr>\n       <td colspan=\"2\" {$labelStyle}>\n        {ts}Event Contacts:{/ts}\n       </td>\n      </tr>\n      {foreach from=$event.location.phone item=phone}\n       {if $phone.phone}\n        <tr>\n         <td {$labelStyle}>\n          {if $phone.phone_type}{$phone.phone_type_display}{else}{ts}Phone{/ts}{/if}\n         </td>\n         <td {$valueStyle}>\n          {$phone.phone}\n         </td>\n        </tr>\n       {/if}\n      {/foreach}\n      {foreach from=$event.location.email item=eventEmail}\n       {if $eventEmail.email}\n        <tr>\n         <td {$labelStyle}>\n          {ts}Email{/ts}\n         </td>\n         <td {$valueStyle}>\n          {$eventEmail.email}\n         </td>\n        </tr>\n       {/if}\n      {/foreach}\n     {/if}\n\n     {if $event.is_public}\n      <tr>\n       <td colspan=\"2\" {$valueStyle}>\n        {capture assign=icalFeed}{crmURL p=\'civicrm/event/ical\' q=\"reset=1&id=`$event.id`\" h=0 a=1 fe=1}{/capture}\n        <a href=\"{$icalFeed}\">{ts}Download iCalendar File{/ts}</a>\n       </td>\n      </tr>\n     {/if}\n\n     {if $contact.email}\n      <tr>\n       <th {$headerStyle}>\n        {ts}Registered Email{/ts}\n       </th>\n      </tr>\n      <tr>\n       <td colspan=\"2\" {$valueStyle}>\n        {$contact.email}\n       </td>\n      </tr>\n     {/if}\n\n     {if $register_date}\n      <tr>\n       <td {$labelStyle}>\n        {ts}Registration Date{/ts}\n       </td>\n       <td {$valueStyle}>\n        {$participant.register_date|crmDate}\n       </td>\n      </tr>\n     {/if}\n\n    </table>\n   </td>\n  </tr>\n  {if $event.allow_selfcancelxfer }\n   <tr>\n     <td colspan=\"2\" {$valueStyle}>\n       {ts 1=$event.selfcancelxfer_time}You may transfer your registration to another participant or cancel your registration up to %1 hours before the event.{/ts} {if $totalAmount}{ts}Cancellations are not refundable.{/ts}{/if}<br />\n         {capture assign=selfService}{crmURL p=\'civicrm/event/selfsvcupdate\' q=\"reset=1&pid=`$participant.id`&{contact.checksum}\"  h=0 a=1 fe=1}{/capture}\n       <a href=\"{$selfService}\">{ts}Click here to transfer or cancel your registration.{/ts}</a>\n     </td>\n   </tr>\n  {/if}\n  <tr>\n   <td colspan=\"2\" {$valueStyle}>\n    <p>{ts 1=$domain.phone 2=$domain.email}Please contact us at %1 or send email to %2 if you have questions.{/ts}</p>\n   </td>\n  </tr>\n\n </table>\n</center>\n\n</body>\n</html>\n',1,806,1,0,0,NULL),(38,'Events - Registration Confirmation Invite','{ts 1=$event.event_title}Confirm your registration for %1{/ts}\n','{ts 1=$contact.display_name}Dear %1{/ts},\n{if !$isAdditional and $participant.id}\n\n===========================================================\n{ts}Confirm Your Registration{/ts}\n\n===========================================================\n{capture assign=confirmUrl}{crmURL p=\'civicrm/event/confirm\' q=\"reset=1&participantId=`$participant.id`&cs=`$checksumValue`\" a=true h=0 fe=1}{/capture}\nClick this link to go to a web page where you can confirm your registration online:\n{$confirmUrl}\n{/if}\n{if $event.allow_selfcancelxfer }\n{ts 1=$event.selfcancelxfer_time}You may transfer your registration to another participant or cancel your registration up to %1 hours before the event.{/ts} {if $totalAmount}{ts}Cancellations are not refundable.{/ts}{/if}\n   {capture assign=selfService}{crmURL p=\'civicrm/event/selfsvcupdate\' q=\"reset=1&pid=`$participant.id`&{contact.checksum}\"  h=0 a=1 fe=1}{/capture}\n{ts}Transfer or cancel your registration:{/ts} {$selfService}\n{/if}\n===========================================================\n{ts}Event Information and Location{/ts}\n\n===========================================================\n{$event.event_title}\n{$event.event_start_date|crmDate}{if $event.event_end_date}-{if $event.event_end_date|date_format:\"%Y%m%d\" == $event.event_start_date|date_format:\"%Y%m%d\"}{$event.event_end_date|crmDate:0:1}{else}{$event.event_end_date|crmDate}{/if}{/if}\n{if $conference_sessions}\n\n\n{ts}Your schedule:{/ts}\n{assign var=\'group_by_day\' value=\'NA\'}\n{foreach from=$conference_sessions item=session}\n{if $session.start_date|date_format:\"%Y/%m/%d\" != $group_by_day|date_format:\"%Y/%m/%d\"}\n{assign var=\'group_by_day\' value=$session.start_date}\n\n{$group_by_day|date_format:\"%m/%d/%Y\"}\n\n\n{/if}\n{$session.start_date|crmDate:0:1}{if $session.end_date}-{$session.end_date|crmDate:0:1}{/if} {$session.title}\n{if $session.location}    {$session.location}{/if}\n{/foreach}\n{/if}\n\n\n{ts}Participant Role{/ts}: {$participant.role}\n\n{if $isShowLocation}\n{if $event.location.address.1.name}\n\n{$event.location.address.1.name}\n{/if}\n{if $event.location.address.1.street_address}{$event.location.address.1.street_address}\n{/if}\n{if $event.location.address.1.supplemental_address_1}{$event.location.address.1.supplemental_address_1}\n{/if}\n{if $event.location.address.1.supplemental_address_2}{$event.location.address.1.supplemental_address_2}\n{/if}\n{if $event.location.address.1.city}{$event.location.address.1.city} {$event.location.address.1.postal_code}{if $event.location.address.1.postal_code_suffix} - {$event.location.address.1.postal_code_suffix}{/if}\n{/if}\n\n{/if}{*End of isShowLocation condition*}\n\n{if $event.location.phone.1.phone || $event.location.email.1.email}\n\n{ts}Event Contacts:{/ts}\n{foreach from=$event.location.phone item=phone}\n{if $phone.phone}\n\n{if $phone.phone_type}{$phone.phone_type_display}{else}{ts}Phone{/ts}{/if}: {$phone.phone}{/if}\n{/foreach}\n{foreach from=$event.location.email item=eventEmail}\n{if $eventEmail.email}\n\n{ts}Email{/ts}: {$eventEmail.email}{/if}{/foreach}\n{/if}\n\n{if $event.is_public}\n{capture assign=icalFeed}{crmURL p=\'civicrm/event/ical\' q=\"reset=1&id=`$event.id`\" h=0 a=1 fe=1}{/capture}\n{ts}Download iCalendar File:{/ts} {$icalFeed}\n{/if}\n\n{if $contact.email}\n\n===========================================================\n{ts}Registered Email{/ts}\n\n===========================================================\n{$contact.email}\n{/if}\n\n{if $register_date}\n{ts}Registration Date{/ts}: {$participant.register_date|crmDate}\n{/if}\n\n{ts 1=$domain.phone 2=$domain.email}Please contact us at %1 or send email to %2 if you have questions.{/ts}\n\n','<!DOCTYPE html PUBLIC \"-//W3C//DTD XHTML 1.0 Transitional//EN\" \"http://www.w3.org/TR/xhtml1/DTD/xhtml1-transitional.dtd\">\n<html xmlns=\"http://www.w3.org/1999/xhtml\">\n<head>\n <meta http-equiv=\"Content-Type\" content=\"text/html; charset=UTF-8\" />\n <title></title>\n</head>\n<body>\n\n{capture assign=headerStyle}colspan=\"2\" style=\"text-align: left; padding: 4px; border-bottom: 1px solid #999; background-color: #eee;\"{/capture}\n{capture assign=labelStyle }style=\"padding: 4px; border-bottom: 1px solid #999; background-color: #f7f7f7;\"{/capture}\n{capture assign=valueStyle }style=\"padding: 4px; border-bottom: 1px solid #999;\"{/capture}\n\n<center>\n <table width=\"620\" border=\"0\" cellpadding=\"0\" cellspacing=\"0\" id=\"crm-event_receipt\" style=\"font-family: Arial, Verdana, sans-serif; text-align: left;\">\n\n  <!-- BEGIN HEADER -->\n  <!-- You can add table row(s) here with logo or other header elements -->\n  <!-- END HEADER -->\n\n  <!-- BEGIN CONTENT -->\n\n  <tr>\n   <td>\n    <p>{ts 1=$contact.display_name}Dear %1{/ts},</p>\n   </td>\n  </tr>\n  {if !$isAdditional and $participant.id}\n   <tr>\n    <th {$headerStyle}>\n     {ts}Confirm Your Registration{/ts}\n    </th>\n   </tr>\n   <tr>\n    <td colspan=\"2\" {$valueStyle}>\n     {capture assign=confirmUrl}{crmURL p=\'civicrm/event/confirm\' q=\"reset=1&participantId=`$participant.id`&cs=`$checksumValue`\" a=true h=0 fe=1}{/capture}\n     <a href=\"{$confirmUrl}\">Go to a web page where you can confirm your registration online</a>\n    </td>\n   </tr>\n  {/if}\n  {if $event.allow_selfcancelxfer }\n  This event allows for self-cancel or transfer\n  {capture assign=selfService}{crmURL p=\'civicrm/event/selfsvcupdate\' q=\"reset=1&pid=`$participantID`&{contact.checksum}\"  h=0 a=1 fe=1}{/capture}\n       <a href=\"{$selfService}\">{ts}Self service cancel transfer{/ts}</a>\n  {/if}\n\n  <tr>\n   <td>\n    <table style=\"border: 1px solid #999; margin: 1em 0em 1em; border-collapse: collapse; width:100%;\">\n     <tr>\n      <th {$headerStyle}>\n       {ts}Event Information and Location{/ts}\n      </th>\n     </tr>\n     <tr>\n      <td colspan=\"2\" {$valueStyle}>\n       {$event.event_title}<br />\n       {$event.event_start_date|crmDate}{if $event.event_end_date}-{if $event.event_end_date|date_format:\"%Y%m%d\" == $event.event_start_date|date_format:\"%Y%m%d\"}{$event.event_end_date|crmDate:0:1}{else}{$event.event_end_date|crmDate}{/if}{/if}\n      </td>\n     </tr>\n     {if $conference_sessions}\n      <tr>\n       <td colspan=\"2\" {$labelStyle}>\n  {ts}Your schedule:{/ts}\n       </td>\n      </tr>\n      <tr>\n       <td colspan=\"2\" {$valueStyle}>\n  {assign var=\'group_by_day\' value=\'NA\'}\n  {foreach from=$conference_sessions item=session}\n   {if $session.start_date|date_format:\"%Y/%m/%d\" != $group_by_day|date_format:\"%Y/%m/%d\"}\n    {assign var=\'group_by_day\' value=$session.start_date}\n          <em>{$group_by_day|date_format:\"%m/%d/%Y\"}</em><br />\n   {/if}\n   {$session.start_date|crmDate:0:1}{if $session.end_date}-{$session.end_date|crmDate:0:1}{/if} {$session.title}<br />\n   {if $session.location}&nbsp;&nbsp;&nbsp;&nbsp;{$session.location}<br />{/if}\n  {/foreach}\n       </td>\n      </tr>\n     {/if}\n     <tr>\n      <td {$labelStyle}>\n       {ts}Participant Role{/ts}:\n      </td>\n      <td {$valueStyle}>\n       {$participant.role}\n      </td>\n     </tr>\n\n     {if $isShowLocation}\n      <tr>\n       <td colspan=\"2\" {$valueStyle}>\n        {if $event.location.address.1.name}\n         {$event.location.address.1.name}<br />\n        {/if}\n        {if $event.location.address.1.street_address}\n         {$event.location.address.1.street_address}<br />\n        {/if}\n        {if $event.location.address.1.supplemental_address_1}\n         {$event.location.address.1.supplemental_address_1}<br />\n        {/if}\n        {if $event.location.address.1.supplemental_address_2}\n         {$event.location.address.1.supplemental_address_2}<br />\n        {/if}\n        {if $event.location.address.1.city}\n         {$event.location.address.1.city} {$event.location.address.1.postal_code}\n         {if $event.location.address.1.postal_code_suffix}\n          - {$event.location.address.1.postal_code_suffix}\n         {/if}\n        {/if}\n       </td>\n      </tr>\n     {/if}\n\n     {if $event.location.phone.1.phone || $event.location.email.1.email}\n      <tr>\n       <td colspan=\"2\" {$labelStyle}>\n        {ts}Event Contacts:{/ts}\n       </td>\n      </tr>\n      {foreach from=$event.location.phone item=phone}\n       {if $phone.phone}\n        <tr>\n         <td {$labelStyle}>\n          {if $phone.phone_type}{$phone.phone_type_display}{else}{ts}Phone{/ts}{/if}\n         </td>\n         <td {$valueStyle}>\n          {$phone.phone}\n         </td>\n        </tr>\n       {/if}\n      {/foreach}\n      {foreach from=$event.location.email item=eventEmail}\n       {if $eventEmail.email}\n        <tr>\n         <td {$labelStyle}>\n          {ts}Email{/ts}\n         </td>\n         <td {$valueStyle}>\n          {$eventEmail.email}\n         </td>\n        </tr>\n       {/if}\n      {/foreach}\n     {/if}\n\n     {if $event.is_public}\n      <tr>\n       <td colspan=\"2\" {$valueStyle}>\n        {capture assign=icalFeed}{crmURL p=\'civicrm/event/ical\' q=\"reset=1&id=`$event.id`\" h=0 a=1 fe=1}{/capture}\n        <a href=\"{$icalFeed}\">{ts}Download iCalendar File{/ts}</a>\n       </td>\n      </tr>\n     {/if}\n\n     {if $contact.email}\n      <tr>\n       <th {$headerStyle}>\n        {ts}Registered Email{/ts}\n       </th>\n      </tr>\n      <tr>\n       <td colspan=\"2\" {$valueStyle}>\n        {$contact.email}\n       </td>\n      </tr>\n     {/if}\n\n     {if $register_date}\n      <tr>\n       <td {$labelStyle}>\n        {ts}Registration Date{/ts}\n       </td>\n       <td {$valueStyle}>\n        {$participant.register_date|crmDate}\n       </td>\n      </tr>\n     {/if}\n\n    </table>\n   </td>\n  </tr>\n  {if $event.allow_selfcancelxfer }\n   <tr>\n     <td colspan=\"2\" {$valueStyle}>\n       {ts 1=$event.selfcancelxfer_time}You may transfer your registration to another participant or cancel your registration up to %1 hours before the event.{/ts} {if $totalAmount}{ts}Cancellations are not refundable.{/ts}{/if}<br />\n         {capture assign=selfService}{crmURL p=\'civicrm/event/selfsvcupdate\' q=\"reset=1&pid=`$participant.id`&{contact.checksum}\"  h=0 a=1 fe=1}{/capture}\n       <a href=\"{$selfService}\">{ts}Click here to transfer or cancel your registration.{/ts}</a>\n     </td>\n   </tr>\n  {/if}\n  <tr>\n   <td colspan=\"2\" {$valueStyle}>\n    <p>{ts 1=$domain.phone 2=$domain.email}Please contact us at %1 or send email to %2 if you have questions.{/ts}</p>\n   </td>\n  </tr>\n\n </table>\n</center>\n\n</body>\n</html>\n',1,806,0,1,0,NULL),(39,'Events - Pending Registration Expiration Notice','{ts 1=$event.event_title}Event registration has expired for %1{/ts}\n','{ts 1=$contact.display_name}Dear %1{/ts},\n\n{ts 1=$event.event_title}Your pending event registration for %1 has expired\nbecause you did not confirm your registration.{/ts}\n\n\n{ts 1=$domain.phone 2=$domain.email}Please contact us at %1 or send email to %2 if you have questions\nor want to inquire about reinstating your registration for this event.{/ts}\n\n===========================================================\n{ts}Event Information and Location{/ts}\n\n===========================================================\n{$event.event_title}\n{$event.event_start_date|crmDate}{if $event.event_end_date}-{if $event.event_end_date|date_format:\"%Y%m%d\" == $event.event_start_date|date_format:\"%Y%m%d\"}{$event.event_end_date|crmDate:0:1}{else}{$event.event_end_date|crmDate}{/if}{/if}\n\n{ts}Participant Role{/ts}: {$participant.role}\n\n{if $isShowLocation}\n{if $event.location.address.1.name}\n\n{$event.location.address.1.name}\n{/if}\n{if $event.location.address.1.street_address}{$event.location.address.1.street_address}\n{/if}\n{if $event.location.address.1.supplemental_address_1}{$event.location.address.1.supplemental_address_1}\n{/if}\n{if $event.location.address.1.supplemental_address_2}{$event.location.address.1.supplemental_address_2}\n{/if}\n{if $event.location.address.1.city}{$event.location.address.1.city} {$event.location.address.1.postal_code}{if $event.location.address.1.postal_code_suffix} - {$event.location.address.1.postal_code_suffix}{/if}\n{/if}\n\n{/if}{*End of isShowLocation condition*}\n\n{if $event.location.phone.1.phone || $event.location.email.1.email}\n\n{ts}Event Contacts:{/ts}\n{foreach from=$event.location.phone item=phone}\n{if $phone.phone}\n\n{if $phone.phone_type}{$phone.phone_type_display}{else}{ts}Phone{/ts}{/if}: {$phone.phone}{/if}\n{/foreach}\n{foreach from=$event.location.email item=eventEmail}\n{if $eventEmail.email}\n\n{ts}Email{/ts}: {$eventEmail.email}{/if}{/foreach}\n{/if}\n\n{if $contact.email}\n\n===========================================================\n{ts}Registered Email{/ts}\n\n===========================================================\n{$contact.email}\n{/if}\n\n{if $register_date}\n{ts}Registration Date{/ts}: {$participant.register_date|crmDate}\n{/if}\n\n{ts 1=$domain.phone 2=$domain.email}Please contact us at %1 or send email to %2 if you have questions.{/ts}\n\n','<!DOCTYPE html PUBLIC \"-//W3C//DTD XHTML 1.0 Transitional//EN\" \"http://www.w3.org/TR/xhtml1/DTD/xhtml1-transitional.dtd\">\n<html xmlns=\"http://www.w3.org/1999/xhtml\">\n<head>\n <meta http-equiv=\"Content-Type\" content=\"text/html; charset=UTF-8\" />\n <title></title>\n</head>\n<body>\n\n{capture assign=headerStyle}colspan=\"2\" style=\"text-align: left; padding: 4px; border-bottom: 1px solid #999; background-color: #eee;\"{/capture}\n{capture assign=labelStyle }style=\"padding: 4px; border-bottom: 1px solid #999; background-color: #f7f7f7;\"{/capture}\n{capture assign=valueStyle }style=\"padding: 4px; border-bottom: 1px solid #999;\"{/capture}\n\n<center>\n <table width=\"620\" border=\"0\" cellpadding=\"0\" cellspacing=\"0\" id=\"crm-event_receipt\" style=\"font-family: Arial, Verdana, sans-serif; text-align: left;\">\n\n  <!-- BEGIN HEADER -->\n  <!-- You can add table row(s) here with logo or other header elements -->\n  <!-- END HEADER -->\n\n  <!-- BEGIN CONTENT -->\n\n  <tr>\n   <td>\n    <p>{ts 1=$contact.display_name}Dear %1{/ts},</p>\n    <p>{ts 1=$event.event_title}Your pending event registration for %1 has expired\nbecause you did not confirm your registration.{/ts}</p>\n    <p>{ts 1=$domain.phone 2=$domain.email}Please contact us at %1 or send email to %2 if you have questions\nor want to inquire about reinstating your registration for this event.{/ts}</p>\n   </td>\n  </tr>\n  <tr>\n   <td>\n    <table style=\"border: 1px solid #999; margin: 1em 0em 1em; border-collapse: collapse; width:100%;\">\n     <tr>\n      <th {$headerStyle}>\n       {ts}Event Information and Location{/ts}\n      </th>\n     </tr>\n     <tr>\n      <td colspan=\"2\" {$valueStyle}>\n       {$event.event_title}<br />\n       {$event.event_start_date|crmDate}{if $event.event_end_date}-{if $event.event_end_date|date_format:\"%Y%m%d\" == $event.event_start_date|date_format:\"%Y%m%d\"}{$event.event_end_date|crmDate:0:1}{else}{$event.event_end_date|crmDate}{/if}{/if}\n      </td>\n     </tr>\n     <tr>\n      <td {$labelStyle}>\n       {ts}Participant Role{/ts}:\n      </td>\n      <td {$valueStyle}>\n       {$participant.role}\n      </td>\n     </tr>\n\n     {if $isShowLocation}\n      <tr>\n       <td colspan=\"2\" {$valueStyle}>\n        {if $event.location.address.1.name}\n         {$event.location.address.1.name}<br />\n        {/if}\n        {if $event.location.address.1.street_address}\n         {$event.location.address.1.street_address}<br />\n        {/if}\n        {if $event.location.address.1.supplemental_address_1}\n         {$event.location.address.1.supplemental_address_1}<br />\n        {/if}\n        {if $event.location.address.1.supplemental_address_2}\n         {$event.location.address.1.supplemental_address_2}<br />\n        {/if}\n        {if $event.location.address.1.city}\n         {$event.location.address.1.city} {$event.location.address.1.postal_code}\n         {if $event.location.address.1.postal_code_suffix}\n          - {$event.location.address.1.postal_code_suffix}\n         {/if}\n        {/if}\n       </td>\n      </tr>\n     {/if}\n\n     {if $event.location.phone.1.phone || $event.location.email.1.email}\n      <tr>\n       <td colspan=\"2\" {$labelStyle}>\n        {ts}Event Contacts:{/ts}\n       </td>\n      </tr>\n      {foreach from=$event.location.phone item=phone}\n       {if $phone.phone}\n        <tr>\n         <td {$labelStyle}>\n          {if $phone.phone_type}{$phone.phone_type_display}{else}{ts}Phone{/ts}{/if}\n         </td>\n         <td {$valueStyle}>\n          {$phone.phone}\n         </td>\n        </tr>\n       {/if}\n      {/foreach}\n      {foreach from=$event.location.email item=eventEmail}\n       {if $eventEmail.email}\n        <tr>\n         <td {$labelStyle}>\n          {ts}Email{/ts}\n         </td>\n         <td {$valueStyle}>\n          {$eventEmail.email}\n         </td>\n        </tr>\n       {/if}\n      {/foreach}\n     {/if}\n\n     {if $contact.email}\n      <tr>\n       <th {$headerStyle}>\n        {ts}Registered Email{/ts}\n       </th>\n      </tr>\n      <tr>\n       <td colspan=\"2\" {$valueStyle}>\n        {$contact.email}\n       </td>\n      </tr>\n     {/if}\n\n     {if $register_date}\n      <tr>\n       <td {$labelStyle}>\n        {ts}Registration Date{/ts}\n       </td>\n       <td {$valueStyle}>\n        {$participant.register_date|crmDate}\n       </td>\n      </tr>\n     {/if}\n\n    </table>\n   </td>\n  </tr>\n\n  <tr>\n   <td>\n    <p>{ts 1=$domain.phone 2=$domain.email}Please contact us at %1 or send email to %2 if you have questions.{/ts}</p>\n   </td>\n  </tr>\n\n </table>\n</center>\n\n</body>\n</html>\n',1,807,1,0,0,NULL),(40,'Events - Pending Registration Expiration Notice','{ts 1=$event.event_title}Event registration has expired for %1{/ts}\n','{ts 1=$contact.display_name}Dear %1{/ts},\n\n{ts 1=$event.event_title}Your pending event registration for %1 has expired\nbecause you did not confirm your registration.{/ts}\n\n\n{ts 1=$domain.phone 2=$domain.email}Please contact us at %1 or send email to %2 if you have questions\nor want to inquire about reinstating your registration for this event.{/ts}\n\n===========================================================\n{ts}Event Information and Location{/ts}\n\n===========================================================\n{$event.event_title}\n{$event.event_start_date|crmDate}{if $event.event_end_date}-{if $event.event_end_date|date_format:\"%Y%m%d\" == $event.event_start_date|date_format:\"%Y%m%d\"}{$event.event_end_date|crmDate:0:1}{else}{$event.event_end_date|crmDate}{/if}{/if}\n\n{ts}Participant Role{/ts}: {$participant.role}\n\n{if $isShowLocation}\n{if $event.location.address.1.name}\n\n{$event.location.address.1.name}\n{/if}\n{if $event.location.address.1.street_address}{$event.location.address.1.street_address}\n{/if}\n{if $event.location.address.1.supplemental_address_1}{$event.location.address.1.supplemental_address_1}\n{/if}\n{if $event.location.address.1.supplemental_address_2}{$event.location.address.1.supplemental_address_2}\n{/if}\n{if $event.location.address.1.city}{$event.location.address.1.city} {$event.location.address.1.postal_code}{if $event.location.address.1.postal_code_suffix} - {$event.location.address.1.postal_code_suffix}{/if}\n{/if}\n\n{/if}{*End of isShowLocation condition*}\n\n{if $event.location.phone.1.phone || $event.location.email.1.email}\n\n{ts}Event Contacts:{/ts}\n{foreach from=$event.location.phone item=phone}\n{if $phone.phone}\n\n{if $phone.phone_type}{$phone.phone_type_display}{else}{ts}Phone{/ts}{/if}: {$phone.phone}{/if}\n{/foreach}\n{foreach from=$event.location.email item=eventEmail}\n{if $eventEmail.email}\n\n{ts}Email{/ts}: {$eventEmail.email}{/if}{/foreach}\n{/if}\n\n{if $contact.email}\n\n===========================================================\n{ts}Registered Email{/ts}\n\n===========================================================\n{$contact.email}\n{/if}\n\n{if $register_date}\n{ts}Registration Date{/ts}: {$participant.register_date|crmDate}\n{/if}\n\n{ts 1=$domain.phone 2=$domain.email}Please contact us at %1 or send email to %2 if you have questions.{/ts}\n\n','<!DOCTYPE html PUBLIC \"-//W3C//DTD XHTML 1.0 Transitional//EN\" \"http://www.w3.org/TR/xhtml1/DTD/xhtml1-transitional.dtd\">\n<html xmlns=\"http://www.w3.org/1999/xhtml\">\n<head>\n <meta http-equiv=\"Content-Type\" content=\"text/html; charset=UTF-8\" />\n <title></title>\n</head>\n<body>\n\n{capture assign=headerStyle}colspan=\"2\" style=\"text-align: left; padding: 4px; border-bottom: 1px solid #999; background-color: #eee;\"{/capture}\n{capture assign=labelStyle }style=\"padding: 4px; border-bottom: 1px solid #999; background-color: #f7f7f7;\"{/capture}\n{capture assign=valueStyle }style=\"padding: 4px; border-bottom: 1px solid #999;\"{/capture}\n\n<center>\n <table width=\"620\" border=\"0\" cellpadding=\"0\" cellspacing=\"0\" id=\"crm-event_receipt\" style=\"font-family: Arial, Verdana, sans-serif; text-align: left;\">\n\n  <!-- BEGIN HEADER -->\n  <!-- You can add table row(s) here with logo or other header elements -->\n  <!-- END HEADER -->\n\n  <!-- BEGIN CONTENT -->\n\n  <tr>\n   <td>\n    <p>{ts 1=$contact.display_name}Dear %1{/ts},</p>\n    <p>{ts 1=$event.event_title}Your pending event registration for %1 has expired\nbecause you did not confirm your registration.{/ts}</p>\n    <p>{ts 1=$domain.phone 2=$domain.email}Please contact us at %1 or send email to %2 if you have questions\nor want to inquire about reinstating your registration for this event.{/ts}</p>\n   </td>\n  </tr>\n  <tr>\n   <td>\n    <table style=\"border: 1px solid #999; margin: 1em 0em 1em; border-collapse: collapse; width:100%;\">\n     <tr>\n      <th {$headerStyle}>\n       {ts}Event Information and Location{/ts}\n      </th>\n     </tr>\n     <tr>\n      <td colspan=\"2\" {$valueStyle}>\n       {$event.event_title}<br />\n       {$event.event_start_date|crmDate}{if $event.event_end_date}-{if $event.event_end_date|date_format:\"%Y%m%d\" == $event.event_start_date|date_format:\"%Y%m%d\"}{$event.event_end_date|crmDate:0:1}{else}{$event.event_end_date|crmDate}{/if}{/if}\n      </td>\n     </tr>\n     <tr>\n      <td {$labelStyle}>\n       {ts}Participant Role{/ts}:\n      </td>\n      <td {$valueStyle}>\n       {$participant.role}\n      </td>\n     </tr>\n\n     {if $isShowLocation}\n      <tr>\n       <td colspan=\"2\" {$valueStyle}>\n        {if $event.location.address.1.name}\n         {$event.location.address.1.name}<br />\n        {/if}\n        {if $event.location.address.1.street_address}\n         {$event.location.address.1.street_address}<br />\n        {/if}\n        {if $event.location.address.1.supplemental_address_1}\n         {$event.location.address.1.supplemental_address_1}<br />\n        {/if}\n        {if $event.location.address.1.supplemental_address_2}\n         {$event.location.address.1.supplemental_address_2}<br />\n        {/if}\n        {if $event.location.address.1.city}\n         {$event.location.address.1.city} {$event.location.address.1.postal_code}\n         {if $event.location.address.1.postal_code_suffix}\n          - {$event.location.address.1.postal_code_suffix}\n         {/if}\n        {/if}\n       </td>\n      </tr>\n     {/if}\n\n     {if $event.location.phone.1.phone || $event.location.email.1.email}\n      <tr>\n       <td colspan=\"2\" {$labelStyle}>\n        {ts}Event Contacts:{/ts}\n       </td>\n      </tr>\n      {foreach from=$event.location.phone item=phone}\n       {if $phone.phone}\n        <tr>\n         <td {$labelStyle}>\n          {if $phone.phone_type}{$phone.phone_type_display}{else}{ts}Phone{/ts}{/if}\n         </td>\n         <td {$valueStyle}>\n          {$phone.phone}\n         </td>\n        </tr>\n       {/if}\n      {/foreach}\n      {foreach from=$event.location.email item=eventEmail}\n       {if $eventEmail.email}\n        <tr>\n         <td {$labelStyle}>\n          {ts}Email{/ts}\n         </td>\n         <td {$valueStyle}>\n          {$eventEmail.email}\n         </td>\n        </tr>\n       {/if}\n      {/foreach}\n     {/if}\n\n     {if $contact.email}\n      <tr>\n       <th {$headerStyle}>\n        {ts}Registered Email{/ts}\n       </th>\n      </tr>\n      <tr>\n       <td colspan=\"2\" {$valueStyle}>\n        {$contact.email}\n       </td>\n      </tr>\n     {/if}\n\n     {if $register_date}\n      <tr>\n       <td {$labelStyle}>\n        {ts}Registration Date{/ts}\n       </td>\n       <td {$valueStyle}>\n        {$participant.register_date|crmDate}\n       </td>\n      </tr>\n     {/if}\n\n    </table>\n   </td>\n  </tr>\n\n  <tr>\n   <td>\n    <p>{ts 1=$domain.phone 2=$domain.email}Please contact us at %1 or send email to %2 if you have questions.{/ts}</p>\n   </td>\n  </tr>\n\n </table>\n</center>\n\n</body>\n</html>\n',1,807,0,1,0,NULL),(41,'Events - Registration Transferred Notice','{ts 1=$event.event_title}Event Registration Transferred for %1{/ts}\n','{ts 1=$contact.display_name}Dear %1{/ts},\n\n{ts 1=$to_participant}Your Event Registration has been transferred to %1.{/ts}\n\n===========================================================\n{ts}Event Information and Location{/ts}\n\n===========================================================\n{$event.event_title}\n{$event.event_start_date|crmDate}{if $event.event_end_date}-{if $event.event_end_date|date_format:\"%Y%m%d\" == $event.event_start_date|date_format:\"%Y%m%d\"}{$event.event_end_date|crmDate:0:1}{else}{$event.event_end_date|crmDate}{/if}{/if}\n\n{ts}Participant Role{/ts}: {$participant.role}\n\n{if $isShowLocation}\n{if $event.location.address.1.name}\n\n{$event.location.address.1.name}\n{/if}\n{if $event.location.address.1.street_address}{$event.location.address.1.street_address}\n{/if}\n{if $event.location.address.1.supplemental_address_1}{$event.location.address.1.supplemental_address_1}\n{/if}\n{if $event.location.address.1.supplemental_address_2}{$event.location.address.1.supplemental_address_2}\n{/if}\n{if $event.location.address.1.city}{$event.location.address.1.city} {$event.location.address.1.postal_code}{if $event.location.address.1.postal_code_suffix} - $event.location.address.1.postal_code_suffix}{/if}\n{/if}\n\n{/if}{*End of isShowLocation condition*}\n\n{if $event.location.phone.1.phone || $event.location.email.1.email}\n\n{ts}Event Contacts:{/ts}\n{foreach from=$event.location.phone item=phone}\n{if $phone.phone}\n\n{if $phone.phone_type}{$phone.phone_type_display}{else}{ts}Phone{/ts}{/if}: {$phone.phone}{/if}\n{/foreach}\n{foreach from=$event.location.email item=eventEmail}\n{if $eventEmail.email}\n\n{ts}Email{/ts}: {$eventEmail.email}{/if}{/foreach}\n{/if}\n\n{if $contact.email}\n\n===========================================================\n{ts}Registered Email{/ts}\n\n===========================================================\n{$contact.email}\n{/if}\n\n{if $register_date}\n{ts}Registration Date{/ts}: {$participant.register_date|crmDate}\n{/if}\n\n{ts 1=$domain.phone 2=$domain.email}Please contact us at %1 or send email to %2 if you have questions.{/ts}\n','<!DOCTYPE html PUBLIC \"-//W3C//DTD XHTML 1.0 Transitional//EN\" \"http://www.w3.org/TR/xhtml1/DTD/xhtml1-transitional.dtd\">\n<html xmlns=\"http://www.w3.org/1999/xhtml\">\n<head>\n <meta http-equiv=\"Content-Type\" content=\"text/html; charset=UTF-8\" />\n <title></title>\n</head>\n<body>\n\n{capture assign=headerStyle}colspan=\"2\" style=\"text-align: left; padding: 4px; border-bottom: 1px solid #999; background-color: #eee;\"{/capture}\n{capture assign=labelStyle }style=\"padding: 4px; border-bottom: 1px solid #999; background-color: #f7f7f7;\"{/capture}\n{capture assign=valueStyle }style=\"padding: 4px; border-bottom: 1px solid #999;\"{/capture}\n\n<center>\n <table width=\"620\" border=\"0\" cellpadding=\"0\" cellspacing=\"0\" id=\"crm-event_receipt\" style=\"font-family: Arial, Verdana, sans-serif; text-align: left;\">\n\n  <!-- BEGIN HEADER -->\n  <!-- You can add table row(s) here with logo or other header elements -->\n  <!-- END HEADER -->\n\n  <!-- BEGIN CONTENT -->\n\n  <tr>\n   <td>\n    <p>{ts 1=$contact.display_name}Dear %1{/ts},</p>\n    <p>{ts 1=$to_participant}Your Event Registration has been Transferred to %1.{/ts}</p>\n   </td>\n  </tr>\n  <tr>\n   <td>\n    <table style=\"border: 1px solid #999; margin: 1em 0em 1em; border-collapse: collapse; width:100%;\">\n     <tr>\n      <th {$headerStyle}>\n       {ts}Event Information and Location{/ts}\n      </th>\n     </tr>\n     <tr>\n      <td colspan=\"2\" {$valueStyle}>\n       {$event.event_title}<br />\n       {$event.event_start_date|crmDate}{if $event.event_end_date}-{if $event.event_end_date|date_format:\"%Y%m%d\" == $event.event_start_date|date_format:\"%Y%m%d\"}{$event.event_end_date|crmDate:0:1}{else}{$event.event_end_date|crmDate}{/if}{/if}\n      </td>\n     </tr>\n     <tr>\n      <td {$labelStyle}>\n       {ts}Participant Role{/ts}:\n      </td>\n      <td {$valueStyle}>\n       {$participant.role}\n      </td>\n     </tr>\n\n     {if $isShowLocation}\n      <tr>\n       <td colspan=\"2\" {$valueStyle}>\n        {if $event.location.address.1.name}\n         {$event.location.address.1.name}<br />\n        {/if}\n        {if $event.location.address.1.street_address}\n         {$event.location.address.1.street_address}<br />\n        {/if}\n        {if $event.location.address.1.supplemental_address_1}\n         {$event.location.address.1.supplemental_address_1}<br />\n        {/if}\n        {if $event.location.address.1.supplemental_address_2}\n         {$event.location.address.1.supplemental_address_2}<br />\n        {/if}\n        {if $event.location.address.1.city}\n         {$event.location.address.1.city} {$event.location.address.1.postal_code}\n         {if $event.location.address.1.postal_code_suffix}\n          - {$event.location.address.1.postal_code_suffix}\n         {/if}\n        {/if}\n       </td>\n      </tr>\n     {/if}\n\n     {if $event.location.phone.1.phone || $event.location.email.1.email}\n      <tr>\n       <td colspan=\"2\" {$labelStyle}>\n        {ts}Event Contacts:{/ts}\n       </td>\n      </tr>\n      {foreach from=$event.location.phone item=phone}\n       {if $phone.phone}\n        <tr>\n         <td {$labelStyle}>\n          {if $phone.phone_type}{$phone.phone_type_display}{else}{ts}Phone{/ts}{/if}\n         </td>\n         <td {$valueStyle}>\n          {$phone.phone}\n         </td>\n        </tr>\n       {/if}\n      {/foreach}\n      {foreach from=$event.location.email item=eventEmail}\n       {if $eventEmail.email}\n        <tr>\n         <td {$labelStyle}>\n          {ts}Email{/ts}\n         </td>\n         <td {$valueStyle}>\n          {$eventEmail.email}\n         </td>\n        </tr>\n       {/if}\n      {/foreach}\n     {/if}\n\n     {if $contact.email}\n      <tr>\n       <th {$headerStyle}>\n        {ts}Registered Email{/ts}\n       </th>\n      </tr>\n      <tr>\n       <td colspan=\"2\" {$valueStyle}>\n        {$contact.email}\n       </td>\n      </tr>\n     {/if}\n\n     {if $register_date}\n      <tr>\n       <td {$labelStyle}>\n        {ts}Registration Date{/ts}\n       </td>\n       <td {$valueStyle}>\n        {$participant.register_date|crmDate}\n       </td>\n      </tr>\n     {/if}\n\n    </table>\n   </td>\n  </tr>\n\n  <tr>\n   <td>\n    <p>{ts 1=$domain.phone 2=$domain.email}Please contact us at %1 or send email to %2 if you have questions.{/ts}</p>\n   </td>\n  </tr>\n\n </table>\n</center>\n\n</body>\n</html>\n',1,808,1,0,0,NULL),(42,'Events - Registration Transferred Notice','{ts 1=$event.event_title}Event Registration Transferred for %1{/ts}\n','{ts 1=$contact.display_name}Dear %1{/ts},\n\n{ts 1=$to_participant}Your Event Registration has been transferred to %1.{/ts}\n\n===========================================================\n{ts}Event Information and Location{/ts}\n\n===========================================================\n{$event.event_title}\n{$event.event_start_date|crmDate}{if $event.event_end_date}-{if $event.event_end_date|date_format:\"%Y%m%d\" == $event.event_start_date|date_format:\"%Y%m%d\"}{$event.event_end_date|crmDate:0:1}{else}{$event.event_end_date|crmDate}{/if}{/if}\n\n{ts}Participant Role{/ts}: {$participant.role}\n\n{if $isShowLocation}\n{if $event.location.address.1.name}\n\n{$event.location.address.1.name}\n{/if}\n{if $event.location.address.1.street_address}{$event.location.address.1.street_address}\n{/if}\n{if $event.location.address.1.supplemental_address_1}{$event.location.address.1.supplemental_address_1}\n{/if}\n{if $event.location.address.1.supplemental_address_2}{$event.location.address.1.supplemental_address_2}\n{/if}\n{if $event.location.address.1.city}{$event.location.address.1.city} {$event.location.address.1.postal_code}{if $event.location.address.1.postal_code_suffix} - $event.location.address.1.postal_code_suffix}{/if}\n{/if}\n\n{/if}{*End of isShowLocation condition*}\n\n{if $event.location.phone.1.phone || $event.location.email.1.email}\n\n{ts}Event Contacts:{/ts}\n{foreach from=$event.location.phone item=phone}\n{if $phone.phone}\n\n{if $phone.phone_type}{$phone.phone_type_display}{else}{ts}Phone{/ts}{/if}: {$phone.phone}{/if}\n{/foreach}\n{foreach from=$event.location.email item=eventEmail}\n{if $eventEmail.email}\n\n{ts}Email{/ts}: {$eventEmail.email}{/if}{/foreach}\n{/if}\n\n{if $contact.email}\n\n===========================================================\n{ts}Registered Email{/ts}\n\n===========================================================\n{$contact.email}\n{/if}\n\n{if $register_date}\n{ts}Registration Date{/ts}: {$participant.register_date|crmDate}\n{/if}\n\n{ts 1=$domain.phone 2=$domain.email}Please contact us at %1 or send email to %2 if you have questions.{/ts}\n','<!DOCTYPE html PUBLIC \"-//W3C//DTD XHTML 1.0 Transitional//EN\" \"http://www.w3.org/TR/xhtml1/DTD/xhtml1-transitional.dtd\">\n<html xmlns=\"http://www.w3.org/1999/xhtml\">\n<head>\n <meta http-equiv=\"Content-Type\" content=\"text/html; charset=UTF-8\" />\n <title></title>\n</head>\n<body>\n\n{capture assign=headerStyle}colspan=\"2\" style=\"text-align: left; padding: 4px; border-bottom: 1px solid #999; background-color: #eee;\"{/capture}\n{capture assign=labelStyle }style=\"padding: 4px; border-bottom: 1px solid #999; background-color: #f7f7f7;\"{/capture}\n{capture assign=valueStyle }style=\"padding: 4px; border-bottom: 1px solid #999;\"{/capture}\n\n<center>\n <table width=\"620\" border=\"0\" cellpadding=\"0\" cellspacing=\"0\" id=\"crm-event_receipt\" style=\"font-family: Arial, Verdana, sans-serif; text-align: left;\">\n\n  <!-- BEGIN HEADER -->\n  <!-- You can add table row(s) here with logo or other header elements -->\n  <!-- END HEADER -->\n\n  <!-- BEGIN CONTENT -->\n\n  <tr>\n   <td>\n    <p>{ts 1=$contact.display_name}Dear %1{/ts},</p>\n    <p>{ts 1=$to_participant}Your Event Registration has been Transferred to %1.{/ts}</p>\n   </td>\n  </tr>\n  <tr>\n   <td>\n    <table style=\"border: 1px solid #999; margin: 1em 0em 1em; border-collapse: collapse; width:100%;\">\n     <tr>\n      <th {$headerStyle}>\n       {ts}Event Information and Location{/ts}\n      </th>\n     </tr>\n     <tr>\n      <td colspan=\"2\" {$valueStyle}>\n       {$event.event_title}<br />\n       {$event.event_start_date|crmDate}{if $event.event_end_date}-{if $event.event_end_date|date_format:\"%Y%m%d\" == $event.event_start_date|date_format:\"%Y%m%d\"}{$event.event_end_date|crmDate:0:1}{else}{$event.event_end_date|crmDate}{/if}{/if}\n      </td>\n     </tr>\n     <tr>\n      <td {$labelStyle}>\n       {ts}Participant Role{/ts}:\n      </td>\n      <td {$valueStyle}>\n       {$participant.role}\n      </td>\n     </tr>\n\n     {if $isShowLocation}\n      <tr>\n       <td colspan=\"2\" {$valueStyle}>\n        {if $event.location.address.1.name}\n         {$event.location.address.1.name}<br />\n        {/if}\n        {if $event.location.address.1.street_address}\n         {$event.location.address.1.street_address}<br />\n        {/if}\n        {if $event.location.address.1.supplemental_address_1}\n         {$event.location.address.1.supplemental_address_1}<br />\n        {/if}\n        {if $event.location.address.1.supplemental_address_2}\n         {$event.location.address.1.supplemental_address_2}<br />\n        {/if}\n        {if $event.location.address.1.city}\n         {$event.location.address.1.city} {$event.location.address.1.postal_code}\n         {if $event.location.address.1.postal_code_suffix}\n          - {$event.location.address.1.postal_code_suffix}\n         {/if}\n        {/if}\n       </td>\n      </tr>\n     {/if}\n\n     {if $event.location.phone.1.phone || $event.location.email.1.email}\n      <tr>\n       <td colspan=\"2\" {$labelStyle}>\n        {ts}Event Contacts:{/ts}\n       </td>\n      </tr>\n      {foreach from=$event.location.phone item=phone}\n       {if $phone.phone}\n        <tr>\n         <td {$labelStyle}>\n          {if $phone.phone_type}{$phone.phone_type_display}{else}{ts}Phone{/ts}{/if}\n         </td>\n         <td {$valueStyle}>\n          {$phone.phone}\n         </td>\n        </tr>\n       {/if}\n      {/foreach}\n      {foreach from=$event.location.email item=eventEmail}\n       {if $eventEmail.email}\n        <tr>\n         <td {$labelStyle}>\n          {ts}Email{/ts}\n         </td>\n         <td {$valueStyle}>\n          {$eventEmail.email}\n         </td>\n        </tr>\n       {/if}\n      {/foreach}\n     {/if}\n\n     {if $contact.email}\n      <tr>\n       <th {$headerStyle}>\n        {ts}Registered Email{/ts}\n       </th>\n      </tr>\n      <tr>\n       <td colspan=\"2\" {$valueStyle}>\n        {$contact.email}\n       </td>\n      </tr>\n     {/if}\n\n     {if $register_date}\n      <tr>\n       <td {$labelStyle}>\n        {ts}Registration Date{/ts}\n       </td>\n       <td {$valueStyle}>\n        {$participant.register_date|crmDate}\n       </td>\n      </tr>\n     {/if}\n\n    </table>\n   </td>\n  </tr>\n\n  <tr>\n   <td>\n    <p>{ts 1=$domain.phone 2=$domain.email}Please contact us at %1 or send email to %2 if you have questions.{/ts}</p>\n   </td>\n  </tr>\n\n </table>\n</center>\n\n</body>\n</html>\n',1,808,0,1,0,NULL),(43,'Tell-a-Friend Email','{ts 1=$senderContactName 2=$title}%1 wants you to know about %2{/ts}\n','{$senderMessage}\n\n{if $generalLink}{ts}For more information, visit:{/ts}\n>> {$generalLink}\n\n{/if}\n{if $contribute}{ts}To make a contribution, go to:{/ts}\n>> {$pageURL}\n\n{/if}\n{if $event}{ts}To find out more about this event, go to:{/ts}\n>> {$pageURL}\n{/if}\n\n\n','<!DOCTYPE html PUBLIC \"-//W3C//DTD XHTML 1.0 Transitional//EN\" \"http://www.w3.org/TR/xhtml1/DTD/xhtml1-transitional.dtd\">\n<html xmlns=\"http://www.w3.org/1999/xhtml\">\n<head>\n <meta http-equiv=\"Content-Type\" content=\"text/html; charset=UTF-8\" />\n <title></title>\n</head>\n<body>\n\n{capture assign=headerStyle}colspan=\"2\" style=\"text-align: left; padding: 4px; border-bottom: 1px solid #999; background-color: #eee;\"{/capture}\n{capture assign=labelStyle }style=\"padding: 4px; border-bottom: 1px solid #999; background-color: #f7f7f7;\"{/capture}\n{capture assign=valueStyle }style=\"padding: 4px; border-bottom: 1px solid #999;\"{/capture}\n\n<center>\n <table width=\"620\" border=\"0\" cellpadding=\"0\" cellspacing=\"0\" id=\"crm-event_receipt\" style=\"font-family: Arial, Verdana, sans-serif; text-align: left;\">\n\n  <!-- BEGIN HEADER -->\n  <!-- You can add table row(s) here with logo or other header elements -->\n  <!-- END HEADER -->\n\n  <!-- BEGIN CONTENT -->\n\n  <tr>\n   <td>\n    <p>{$senderMessage}</p>\n    {if $generalLink}\n     <p><a href=\"{$generalLink}\">{ts}More information{/ts}</a></p>\n    {/if}\n    {if $contribute}\n     <p><a href=\"{$pageURL}\">{ts}Make a contribution{/ts}</a></p>\n    {/if}\n    {if $event}\n     <p><a href=\"{$pageURL}\">{ts}Find out more about this event{/ts}</a></p>\n    {/if}\n   </td>\n  </tr>\n </table>\n</center>\n\n</body>\n</html>\n',1,809,1,0,0,NULL),(44,'Tell-a-Friend Email','{ts 1=$senderContactName 2=$title}%1 wants you to know about %2{/ts}\n','{$senderMessage}\n\n{if $generalLink}{ts}For more information, visit:{/ts}\n>> {$generalLink}\n\n{/if}\n{if $contribute}{ts}To make a contribution, go to:{/ts}\n>> {$pageURL}\n\n{/if}\n{if $event}{ts}To find out more about this event, go to:{/ts}\n>> {$pageURL}\n{/if}\n\n\n','<!DOCTYPE html PUBLIC \"-//W3C//DTD XHTML 1.0 Transitional//EN\" \"http://www.w3.org/TR/xhtml1/DTD/xhtml1-transitional.dtd\">\n<html xmlns=\"http://www.w3.org/1999/xhtml\">\n<head>\n <meta http-equiv=\"Content-Type\" content=\"text/html; charset=UTF-8\" />\n <title></title>\n</head>\n<body>\n\n{capture assign=headerStyle}colspan=\"2\" style=\"text-align: left; padding: 4px; border-bottom: 1px solid #999; background-color: #eee;\"{/capture}\n{capture assign=labelStyle }style=\"padding: 4px; border-bottom: 1px solid #999; background-color: #f7f7f7;\"{/capture}\n{capture assign=valueStyle }style=\"padding: 4px; border-bottom: 1px solid #999;\"{/capture}\n\n<center>\n <table width=\"620\" border=\"0\" cellpadding=\"0\" cellspacing=\"0\" id=\"crm-event_receipt\" style=\"font-family: Arial, Verdana, sans-serif; text-align: left;\">\n\n  <!-- BEGIN HEADER -->\n  <!-- You can add table row(s) here with logo or other header elements -->\n  <!-- END HEADER -->\n\n  <!-- BEGIN CONTENT -->\n\n  <tr>\n   <td>\n    <p>{$senderMessage}</p>\n    {if $generalLink}\n     <p><a href=\"{$generalLink}\">{ts}More information{/ts}</a></p>\n    {/if}\n    {if $contribute}\n     <p><a href=\"{$pageURL}\">{ts}Make a contribution{/ts}</a></p>\n    {/if}\n    {if $event}\n     <p><a href=\"{$pageURL}\">{ts}Find out more about this event{/ts}</a></p>\n    {/if}\n   </td>\n  </tr>\n </table>\n</center>\n\n</body>\n</html>\n',1,809,0,1,0,NULL),(45,'Memberships - Signup and Renewal Receipts (off-line)','{if $receiptType EQ \'membership signup\'}\n{ts}Membership Confirmation and Receipt{/ts}\n{elseif $receiptType EQ \'membership renewal\'}\n{ts}Membership Renewal Confirmation and Receipt{/ts}\n{/if}\n','{if $formValues.receipt_text_signup}\n{$formValues.receipt_text_signup}\n{elseif $formValues.receipt_text_renewal}\n{$formValues.receipt_text_renewal}\n{else}{ts}Thank you for your support.{/ts}{/if}\n\n{if ! $cancelled}{ts}Please print this receipt for your records.{/ts}\n\n\n{/if}\n{if !$lineItem}\n===========================================================\n{ts}Membership Information{/ts}\n\n===========================================================\n{ts}Membership Type{/ts}: {$membership_name}\n{/if}\n{if ! $cancelled}\n{if !$lineItem}\n{ts}Membership Start Date{/ts}: {$mem_start_date}\n{ts}Membership End Date{/ts}: {$mem_end_date}\n{/if}\n\n{if $formValues.total_amount OR $formValues.total_amount eq 0 }\n===========================================================\n{ts}Membership Fee{/ts}\n\n===========================================================\n{if $formValues.contributionType_name}\n{ts}Financial Type{/ts}: {$formValues.contributionType_name}\n{/if}\n{if $lineItem}\n{foreach from=$lineItem item=value key=priceset}\n{capture assign=ts_item}{ts}Item{/ts}{/capture}\n{capture assign=ts_total}{ts}Fee{/ts}{/capture}\n{if $dataArray}\n{capture assign=ts_subtotal}{ts}Subtotal{/ts}{/capture}\n{capture assign=ts_taxRate}{ts}Tax Rate{/ts}{/capture}\n{capture assign=ts_taxAmount}{ts}Tax Amount{/ts}{/capture}\n{capture assign=ts_total}{ts}Total{/ts}{/capture}\n{/if}\n{capture assign=ts_start_date}{ts}Membership Start Date{/ts}{/capture}\n{capture assign=ts_end_date}{ts}Membership End Date{/ts}{/capture}\n{$ts_item|string_format:\"%-30s\"} {$ts_total|string_format:\"%10s\"} {if $dataArray} {$ts_subtotal|string_format:\"%10s\"} {$ts_taxRate|string_format:\"%10s\"} {$ts_taxAmount|string_format:\"%10s\"} {$ts_total|string_format:\"%10s\"} {/if} {$ts_start_date|string_format:\"%20s\"} {$ts_end_date|string_format:\"%20s\"}\n--------------------------------------------------------------------------------------------------\n\n{foreach from=$value item=line}\n{capture assign=ts_item}{if $line.html_type eq \'Text\'}{$line.label}{else}{$line.field_title} - {$line.label}{/if} {if $line.description} {$line.description}{/if}{/capture}{$ts_item|truncate:30:\"...\"|string_format:\"%-30s\"} {$line.line_total|crmMoney|string_format:\"%10s\"}  {if $dataArray} {$line.unit_price*$line.qty|crmMoney:$currency|string_format:\"%10s\"} {if $line.tax_rate != \"\" || $line.tax_amount != \"\"}  {$line.tax_rate|string_format:\"%.2f\"} %  {$line.tax_amount|crmMoney:$currency|string_format:\"%10s\"}  {else}                  {/if}   {$line.line_total+$line.tax_amount|crmMoney|string_format:\"%10s\"} {/if} {$line.start_date|string_format:\"%20s\"} {$line.end_date|string_format:\"%20s\"}\n{/foreach}\n{/foreach}\n\n{if $dataArray}\n{ts}Amount before Tax{/ts}: {$formValues.total_amount-$totalTaxAmount|crmMoney:$currency}\n\n{foreach from=$dataArray item=value key=priceset}\n{if $priceset}\n{$taxTerm} {$priceset|string_format:\"%.2f\"} %: {$value|crmMoney:$currency}\n{elseif  $priceset == 0}\n{ts}No{/ts} {$taxTerm}: {$value|crmMoney:$currency}\n{/if}\n{/foreach}\n{/if}\n--------------------------------------------------------------------------------------------------\n{/if}\n\n{if isset($totalTaxAmount)}\n{ts}Total Tax Amount{/ts}: {$totalTaxAmount|crmMoney:$currency}\n{/if}\n\n{ts}Amount{/ts}: {$formValues.total_amount|crmMoney}\n{if $receive_date}\n{ts}Date Received{/ts}: {$receive_date|truncate:10:\'\'|crmDate}\n{/if}\n{if $formValues.paidBy}\n{ts}Paid By{/ts}: {$formValues.paidBy}\n{if $formValues.check_number}\n{ts}Check Number{/ts}: {$formValues.check_number}\n{/if}\n{/if}\n{/if}\n{/if}\n\n{if $isPrimary }\n{if $contributeMode ne \'notify\' and !$isAmountzero and !$is_pay_later  }\n\n===========================================================\n{ts}Billing Name and Address{/ts}\n\n===========================================================\n{$billingName}\n{$address}\n{/if}\n\n{if $contributeMode eq \'direct\' and !$isAmountzero and !$is_pay_later}\n===========================================================\n{ts}Credit Card Information{/ts}\n\n===========================================================\n{$credit_card_type}\n{$credit_card_number}\n{ts}Expires{/ts}: {$credit_card_exp_date|truncate:7:\'\'|crmDate}\n{/if}\n{/if}\n\n{if $customValues}\n===========================================================\n{ts}Membership Options{/ts}\n\n===========================================================\n{foreach from=$customValues item=value key=customName}\n {$customName} : {$value}\n{/foreach}\n{/if}\n','<!DOCTYPE html PUBLIC \"-//W3C//DTD XHTML 1.0 Transitional//EN\" \"http://www.w3.org/TR/xhtml1/DTD/xhtml1-transitional.dtd\">\n<html xmlns=\"http://www.w3.org/1999/xhtml\">\n<head>\n <meta http-equiv=\"Content-Type\" content=\"text/html; charset=UTF-8\" />\n <title></title>\n</head>\n<body>\n\n{capture assign=headerStyle}colspan=\"2\" style=\"text-align: left; padding: 4px; border-bottom: 1px solid #999; background-color: #eee;\"{/capture}\n{capture assign=labelStyle }style=\"padding: 4px; border-bottom: 1px solid #999; background-color: #f7f7f7;\"{/capture}\n{capture assign=valueStyle }style=\"padding: 4px; border-bottom: 1px solid #999;\"{/capture}\n\n<center>\n <table width=\"620\" border=\"0\" cellpadding=\"0\" cellspacing=\"0\" id=\"crm-event_receipt\" style=\"font-family: Arial, Verdana, sans-serif; text-align: left;\">\n\n  <!-- BEGIN HEADER -->\n  <!-- You can add table row(s) here with logo or other header elements -->\n  <!-- END HEADER -->\n\n  <!-- BEGIN CONTENT -->\n\n  <tr>\n   <td>\n    {if $formValues.receipt_text_signup}\n     <p>{$formValues.receipt_text_signup|htmlize}</p>\n    {elseif $formValues.receipt_text_renewal}\n     <p>{$formValues.receipt_text_renewal|htmlize}</p>\n    {else}\n     <p>{ts}Thank you for your support.{/ts}</p>\n    {/if}\n    {if ! $cancelled}\n     <p>{ts}Please print this receipt for your records.{/ts}</p>\n    {/if}\n   </td>\n  </tr>\n  <tr>\n   <td>\n    <table style=\"border: 1px solid #999; margin: 1em 0em 1em; border-collapse: collapse; width:100%;\">\n     {if !$lineItem}\n     <tr>\n      <th {$headerStyle}>\n       {ts}Membership Information{/ts}\n      </th>\n     </tr>\n     <tr>\n      <td {$labelStyle}>\n       {ts}Membership Type{/ts}\n      </td>\n      <td {$valueStyle}>\n       {$membership_name}\n      </td>\n     </tr>\n     {/if}\n     {if ! $cancelled}\n     {if !$lineItem}\n      <tr>\n       <td {$labelStyle}>\n        {ts}Membership Start Date{/ts}\n       </td>\n       <td {$valueStyle}>\n        {$mem_start_date}\n       </td>\n      </tr>\n      <tr>\n       <td {$labelStyle}>\n        {ts}Membership End Date{/ts}\n       </td>\n       <td {$valueStyle}>\n        {$mem_end_date}\n       </td>\n      </tr>\n      {/if}\n      {if $formValues.total_amount OR $formValues.total_amount eq 0 }\n       <tr>\n        <th {$headerStyle}>\n         {ts}Membership Fee{/ts}\n        </th>\n       </tr>\n       {if $formValues.contributionType_name}\n        <tr>\n         <td {$labelStyle}>\n          {ts}Financial Type{/ts}\n         </td>\n         <td {$valueStyle}>\n          {$formValues.contributionType_name}\n         </td>\n        </tr>\n       {/if}\n\n       {if $lineItem}\n       {foreach from=$lineItem item=value key=priceset}\n         <tr>\n          <td colspan=\"2\" {$valueStyle}>\n           <table> {* FIXME: style this table so that it looks like the text version (justification, etc.) *}\n            <tr>\n             <th>{ts}Item{/ts}</th>\n             <th>{ts}Fee{/ts}</th>\n             {if $dataArray}\n              <th>{ts}SubTotal{/ts}</th>\n              <th>{ts}Tax Rate{/ts}</th>\n              <th>{ts}Tax Amount{/ts}</th>\n              <th>{ts}Total{/ts}</th>\n             {/if}\n       <th>{ts}Membership Start Date{/ts}</th>\n       <th>{ts}Membership End Date{/ts}</th>\n            </tr>\n            {foreach from=$value item=line}\n             <tr>\n              <td>\n        {if $line.html_type eq \'Text\'}{$line.label}{else}{$line.field_title} - {$line.label}{/if} {if $line.description}<div>{$line.description|truncate:30:\"...\"}</div>{/if}\n              </td>\n              <td>\n               {$line.line_total|crmMoney}\n              </td>\n              {if $dataArray}\n               <td>\n                {$line.unit_price*$line.qty|crmMoney}\n               </td>\n               {if $line.tax_rate != \"\" || $line.tax_amount != \"\"}\n                <td>\n                 {$line.tax_rate|string_format:\"%.2f\"}%\n                </td>\n                <td>\n                 {$line.tax_amount|crmMoney}\n                </td>\n               {else}\n                <td></td>\n                <td></td>\n               {/if}\n               <td>\n                {$line.line_total+$line.tax_amount|crmMoney}\n               </td>\n              {/if}\n              <td>\n               {$line.start_date}\n              </td>\n        <td>\n               {$line.end_date}\n              </td>\n             </tr>\n            {/foreach}\n           </table>\n          </td>\n         </tr>\n       {/foreach}\n       {if $dataArray}\n        <tr>\n         <td {$labelStyle}>\n          {ts}Amount Before Tax:{/ts}\n         </td>\n         <td {$valueStyle}>\n          {$formValues.total_amount-$totalTaxAmount|crmMoney}\n         </td>\n        </tr>\n       {foreach from=$dataArray item=value key=priceset}\n        <tr>\n        {if $priceset}\n         <td>&nbsp;{$taxTerm} {$priceset|string_format:\"%.2f\"}%</td>\n         <td>&nbsp;{$value|crmMoney:$currency}</td>\n        {elseif  $priceset == 0}\n         <td>&nbsp;{ts}No{/ts} {$taxTerm}</td>\n         <td>&nbsp;{$value|crmMoney:$currency}</td>\n        {/if}\n        </tr>\n       {/foreach}\n      {/if}\n      {/if}\n      {if isset($totalTaxAmount)}\n        <tr>\n         <td {$labelStyle}>\n          {ts}Total Tax Amount{/ts}\n         </td>\n         <td {$valueStyle}>\n          {$totalTaxAmount|crmMoney:$currency}\n         </td>\n        </tr>\n       {/if}\n       <tr>\n        <td {$labelStyle}>\n         {ts}Amount{/ts}\n        </td>\n        <td {$valueStyle}>\n         {$formValues.total_amount|crmMoney}\n        </td>\n       </tr>\n       {if $receive_date}\n        <tr>\n         <td {$labelStyle}>\n          {ts}Date Received{/ts}\n         </td>\n         <td {$valueStyle}>\n          {$receive_date|truncate:10:\'\'|crmDate}\n         </td>\n        </tr>\n       {/if}\n       {if $formValues.paidBy}\n        <tr>\n         <td {$labelStyle}>\n          {ts}Paid By{/ts}\n         </td>\n         <td {$valueStyle}>\n          {$formValues.paidBy}\n         </td>\n        </tr>\n        {if $formValues.check_number}\n         <tr>\n          <td {$labelStyle}>\n           {ts}Check Number{/ts}\n          </td>\n          <td {$valueStyle}>\n           {$formValues.check_number}\n          </td>\n         </tr>\n        {/if}\n       {/if}\n      {/if}\n     {/if}\n    </table>\n   </td>\n  </tr>\n\n  {if $isPrimary}\n   <tr>\n    <td>\n     <table style=\"border: 1px solid #999; margin: 1em 0em 1em; border-collapse: collapse; width:100%;\">\n\n      {if $contributeMode ne \'notify\' and !$isAmountzero and !$is_pay_later }\n       <tr>\n        <th {$headerStyle}>\n         {ts}Billing Name and Address{/ts}\n        </th>\n       </tr>\n       <tr>\n        <td {$labelStyle}>\n         {$billingName}<br />\n         {$address}\n        </td>\n       </tr>\n      {/if}\n\n      {if $contributeMode eq \'direct\' and !$isAmountzero and !$is_pay_later}\n       <tr>\n        <th {$headerStyle}>\n         {ts}Credit Card Information{/ts}\n        </th>\n       </tr>\n       <tr>\n        <td {$valueStyle}>\n         {$credit_card_type}<br />\n         {$credit_card_number}\n        </td>\n       </tr>\n       <tr>\n        <td {$labelStyle}>\n         {ts}Expires{/ts}\n        </td>\n        <td {$valueStyle}>\n         {$credit_card_exp_date|truncate:7:\'\'|crmDate}\n        </td>\n       </tr>\n      {/if}\n\n     </table>\n    </td>\n   </tr>\n  {/if}\n\n  {if $customValues}\n   <tr>\n    <td>\n     <table style=\"border: 1px solid #999; margin: 1em 0em 1em; border-collapse: collapse; width:100%;\">\n      <tr>\n       <th {$headerStyle}>\n        {ts}Membership Options{/ts}\n       </th>\n      </tr>\n      {foreach from=$customValues item=value key=customName}\n       <tr>\n        <td {$labelStyle}>\n         {$customName}\n        </td>\n        <td {$valueStyle}>\n         {$value}\n        </td>\n       </tr>\n      {/foreach}\n     </table>\n    </td>\n   </tr>\n  {/if}\n\n </table>\n</center>\n\n</body>\n</html>\n',1,810,1,0,0,NULL),(46,'Memberships - Signup and Renewal Receipts (off-line)','{if $receiptType EQ \'membership signup\'}\n{ts}Membership Confirmation and Receipt{/ts}\n{elseif $receiptType EQ \'membership renewal\'}\n{ts}Membership Renewal Confirmation and Receipt{/ts}\n{/if}\n','{if $formValues.receipt_text_signup}\n{$formValues.receipt_text_signup}\n{elseif $formValues.receipt_text_renewal}\n{$formValues.receipt_text_renewal}\n{else}{ts}Thank you for your support.{/ts}{/if}\n\n{if ! $cancelled}{ts}Please print this receipt for your records.{/ts}\n\n\n{/if}\n{if !$lineItem}\n===========================================================\n{ts}Membership Information{/ts}\n\n===========================================================\n{ts}Membership Type{/ts}: {$membership_name}\n{/if}\n{if ! $cancelled}\n{if !$lineItem}\n{ts}Membership Start Date{/ts}: {$mem_start_date}\n{ts}Membership End Date{/ts}: {$mem_end_date}\n{/if}\n\n{if $formValues.total_amount OR $formValues.total_amount eq 0 }\n===========================================================\n{ts}Membership Fee{/ts}\n\n===========================================================\n{if $formValues.contributionType_name}\n{ts}Financial Type{/ts}: {$formValues.contributionType_name}\n{/if}\n{if $lineItem}\n{foreach from=$lineItem item=value key=priceset}\n{capture assign=ts_item}{ts}Item{/ts}{/capture}\n{capture assign=ts_total}{ts}Fee{/ts}{/capture}\n{if $dataArray}\n{capture assign=ts_subtotal}{ts}Subtotal{/ts}{/capture}\n{capture assign=ts_taxRate}{ts}Tax Rate{/ts}{/capture}\n{capture assign=ts_taxAmount}{ts}Tax Amount{/ts}{/capture}\n{capture assign=ts_total}{ts}Total{/ts}{/capture}\n{/if}\n{capture assign=ts_start_date}{ts}Membership Start Date{/ts}{/capture}\n{capture assign=ts_end_date}{ts}Membership End Date{/ts}{/capture}\n{$ts_item|string_format:\"%-30s\"} {$ts_total|string_format:\"%10s\"} {if $dataArray} {$ts_subtotal|string_format:\"%10s\"} {$ts_taxRate|string_format:\"%10s\"} {$ts_taxAmount|string_format:\"%10s\"} {$ts_total|string_format:\"%10s\"} {/if} {$ts_start_date|string_format:\"%20s\"} {$ts_end_date|string_format:\"%20s\"}\n--------------------------------------------------------------------------------------------------\n\n{foreach from=$value item=line}\n{capture assign=ts_item}{if $line.html_type eq \'Text\'}{$line.label}{else}{$line.field_title} - {$line.label}{/if} {if $line.description} {$line.description}{/if}{/capture}{$ts_item|truncate:30:\"...\"|string_format:\"%-30s\"} {$line.line_total|crmMoney|string_format:\"%10s\"}  {if $dataArray} {$line.unit_price*$line.qty|crmMoney:$currency|string_format:\"%10s\"} {if $line.tax_rate != \"\" || $line.tax_amount != \"\"}  {$line.tax_rate|string_format:\"%.2f\"} %  {$line.tax_amount|crmMoney:$currency|string_format:\"%10s\"}  {else}                  {/if}   {$line.line_total+$line.tax_amount|crmMoney|string_format:\"%10s\"} {/if} {$line.start_date|string_format:\"%20s\"} {$line.end_date|string_format:\"%20s\"}\n{/foreach}\n{/foreach}\n\n{if $dataArray}\n{ts}Amount before Tax{/ts}: {$formValues.total_amount-$totalTaxAmount|crmMoney:$currency}\n\n{foreach from=$dataArray item=value key=priceset}\n{if $priceset}\n{$taxTerm} {$priceset|string_format:\"%.2f\"} %: {$value|crmMoney:$currency}\n{elseif  $priceset == 0}\n{ts}No{/ts} {$taxTerm}: {$value|crmMoney:$currency}\n{/if}\n{/foreach}\n{/if}\n--------------------------------------------------------------------------------------------------\n{/if}\n\n{if isset($totalTaxAmount)}\n{ts}Total Tax Amount{/ts}: {$totalTaxAmount|crmMoney:$currency}\n{/if}\n\n{ts}Amount{/ts}: {$formValues.total_amount|crmMoney}\n{if $receive_date}\n{ts}Date Received{/ts}: {$receive_date|truncate:10:\'\'|crmDate}\n{/if}\n{if $formValues.paidBy}\n{ts}Paid By{/ts}: {$formValues.paidBy}\n{if $formValues.check_number}\n{ts}Check Number{/ts}: {$formValues.check_number}\n{/if}\n{/if}\n{/if}\n{/if}\n\n{if $isPrimary }\n{if $contributeMode ne \'notify\' and !$isAmountzero and !$is_pay_later  }\n\n===========================================================\n{ts}Billing Name and Address{/ts}\n\n===========================================================\n{$billingName}\n{$address}\n{/if}\n\n{if $contributeMode eq \'direct\' and !$isAmountzero and !$is_pay_later}\n===========================================================\n{ts}Credit Card Information{/ts}\n\n===========================================================\n{$credit_card_type}\n{$credit_card_number}\n{ts}Expires{/ts}: {$credit_card_exp_date|truncate:7:\'\'|crmDate}\n{/if}\n{/if}\n\n{if $customValues}\n===========================================================\n{ts}Membership Options{/ts}\n\n===========================================================\n{foreach from=$customValues item=value key=customName}\n {$customName} : {$value}\n{/foreach}\n{/if}\n','<!DOCTYPE html PUBLIC \"-//W3C//DTD XHTML 1.0 Transitional//EN\" \"http://www.w3.org/TR/xhtml1/DTD/xhtml1-transitional.dtd\">\n<html xmlns=\"http://www.w3.org/1999/xhtml\">\n<head>\n <meta http-equiv=\"Content-Type\" content=\"text/html; charset=UTF-8\" />\n <title></title>\n</head>\n<body>\n\n{capture assign=headerStyle}colspan=\"2\" style=\"text-align: left; padding: 4px; border-bottom: 1px solid #999; background-color: #eee;\"{/capture}\n{capture assign=labelStyle }style=\"padding: 4px; border-bottom: 1px solid #999; background-color: #f7f7f7;\"{/capture}\n{capture assign=valueStyle }style=\"padding: 4px; border-bottom: 1px solid #999;\"{/capture}\n\n<center>\n <table width=\"620\" border=\"0\" cellpadding=\"0\" cellspacing=\"0\" id=\"crm-event_receipt\" style=\"font-family: Arial, Verdana, sans-serif; text-align: left;\">\n\n  <!-- BEGIN HEADER -->\n  <!-- You can add table row(s) here with logo or other header elements -->\n  <!-- END HEADER -->\n\n  <!-- BEGIN CONTENT -->\n\n  <tr>\n   <td>\n    {if $formValues.receipt_text_signup}\n     <p>{$formValues.receipt_text_signup|htmlize}</p>\n    {elseif $formValues.receipt_text_renewal}\n     <p>{$formValues.receipt_text_renewal|htmlize}</p>\n    {else}\n     <p>{ts}Thank you for your support.{/ts}</p>\n    {/if}\n    {if ! $cancelled}\n     <p>{ts}Please print this receipt for your records.{/ts}</p>\n    {/if}\n   </td>\n  </tr>\n  <tr>\n   <td>\n    <table style=\"border: 1px solid #999; margin: 1em 0em 1em; border-collapse: collapse; width:100%;\">\n     {if !$lineItem}\n     <tr>\n      <th {$headerStyle}>\n       {ts}Membership Information{/ts}\n      </th>\n     </tr>\n     <tr>\n      <td {$labelStyle}>\n       {ts}Membership Type{/ts}\n      </td>\n      <td {$valueStyle}>\n       {$membership_name}\n      </td>\n     </tr>\n     {/if}\n     {if ! $cancelled}\n     {if !$lineItem}\n      <tr>\n       <td {$labelStyle}>\n        {ts}Membership Start Date{/ts}\n       </td>\n       <td {$valueStyle}>\n        {$mem_start_date}\n       </td>\n      </tr>\n      <tr>\n       <td {$labelStyle}>\n        {ts}Membership End Date{/ts}\n       </td>\n       <td {$valueStyle}>\n        {$mem_end_date}\n       </td>\n      </tr>\n      {/if}\n      {if $formValues.total_amount OR $formValues.total_amount eq 0 }\n       <tr>\n        <th {$headerStyle}>\n         {ts}Membership Fee{/ts}\n        </th>\n       </tr>\n       {if $formValues.contributionType_name}\n        <tr>\n         <td {$labelStyle}>\n          {ts}Financial Type{/ts}\n         </td>\n         <td {$valueStyle}>\n          {$formValues.contributionType_name}\n         </td>\n        </tr>\n       {/if}\n\n       {if $lineItem}\n       {foreach from=$lineItem item=value key=priceset}\n         <tr>\n          <td colspan=\"2\" {$valueStyle}>\n           <table> {* FIXME: style this table so that it looks like the text version (justification, etc.) *}\n            <tr>\n             <th>{ts}Item{/ts}</th>\n             <th>{ts}Fee{/ts}</th>\n             {if $dataArray}\n              <th>{ts}SubTotal{/ts}</th>\n              <th>{ts}Tax Rate{/ts}</th>\n              <th>{ts}Tax Amount{/ts}</th>\n              <th>{ts}Total{/ts}</th>\n             {/if}\n       <th>{ts}Membership Start Date{/ts}</th>\n       <th>{ts}Membership End Date{/ts}</th>\n            </tr>\n            {foreach from=$value item=line}\n             <tr>\n              <td>\n        {if $line.html_type eq \'Text\'}{$line.label}{else}{$line.field_title} - {$line.label}{/if} {if $line.description}<div>{$line.description|truncate:30:\"...\"}</div>{/if}\n              </td>\n              <td>\n               {$line.line_total|crmMoney}\n              </td>\n              {if $dataArray}\n               <td>\n                {$line.unit_price*$line.qty|crmMoney}\n               </td>\n               {if $line.tax_rate != \"\" || $line.tax_amount != \"\"}\n                <td>\n                 {$line.tax_rate|string_format:\"%.2f\"}%\n                </td>\n                <td>\n                 {$line.tax_amount|crmMoney}\n                </td>\n               {else}\n                <td></td>\n                <td></td>\n               {/if}\n               <td>\n                {$line.line_total+$line.tax_amount|crmMoney}\n               </td>\n              {/if}\n              <td>\n               {$line.start_date}\n              </td>\n        <td>\n               {$line.end_date}\n              </td>\n             </tr>\n            {/foreach}\n           </table>\n          </td>\n         </tr>\n       {/foreach}\n       {if $dataArray}\n        <tr>\n         <td {$labelStyle}>\n          {ts}Amount Before Tax:{/ts}\n         </td>\n         <td {$valueStyle}>\n          {$formValues.total_amount-$totalTaxAmount|crmMoney}\n         </td>\n        </tr>\n       {foreach from=$dataArray item=value key=priceset}\n        <tr>\n        {if $priceset}\n         <td>&nbsp;{$taxTerm} {$priceset|string_format:\"%.2f\"}%</td>\n         <td>&nbsp;{$value|crmMoney:$currency}</td>\n        {elseif  $priceset == 0}\n         <td>&nbsp;{ts}No{/ts} {$taxTerm}</td>\n         <td>&nbsp;{$value|crmMoney:$currency}</td>\n        {/if}\n        </tr>\n       {/foreach}\n      {/if}\n      {/if}\n      {if isset($totalTaxAmount)}\n        <tr>\n         <td {$labelStyle}>\n          {ts}Total Tax Amount{/ts}\n         </td>\n         <td {$valueStyle}>\n          {$totalTaxAmount|crmMoney:$currency}\n         </td>\n        </tr>\n       {/if}\n       <tr>\n        <td {$labelStyle}>\n         {ts}Amount{/ts}\n        </td>\n        <td {$valueStyle}>\n         {$formValues.total_amount|crmMoney}\n        </td>\n       </tr>\n       {if $receive_date}\n        <tr>\n         <td {$labelStyle}>\n          {ts}Date Received{/ts}\n         </td>\n         <td {$valueStyle}>\n          {$receive_date|truncate:10:\'\'|crmDate}\n         </td>\n        </tr>\n       {/if}\n       {if $formValues.paidBy}\n        <tr>\n         <td {$labelStyle}>\n          {ts}Paid By{/ts}\n         </td>\n         <td {$valueStyle}>\n          {$formValues.paidBy}\n         </td>\n        </tr>\n        {if $formValues.check_number}\n         <tr>\n          <td {$labelStyle}>\n           {ts}Check Number{/ts}\n          </td>\n          <td {$valueStyle}>\n           {$formValues.check_number}\n          </td>\n         </tr>\n        {/if}\n       {/if}\n      {/if}\n     {/if}\n    </table>\n   </td>\n  </tr>\n\n  {if $isPrimary}\n   <tr>\n    <td>\n     <table style=\"border: 1px solid #999; margin: 1em 0em 1em; border-collapse: collapse; width:100%;\">\n\n      {if $contributeMode ne \'notify\' and !$isAmountzero and !$is_pay_later }\n       <tr>\n        <th {$headerStyle}>\n         {ts}Billing Name and Address{/ts}\n        </th>\n       </tr>\n       <tr>\n        <td {$labelStyle}>\n         {$billingName}<br />\n         {$address}\n        </td>\n       </tr>\n      {/if}\n\n      {if $contributeMode eq \'direct\' and !$isAmountzero and !$is_pay_later}\n       <tr>\n        <th {$headerStyle}>\n         {ts}Credit Card Information{/ts}\n        </th>\n       </tr>\n       <tr>\n        <td {$valueStyle}>\n         {$credit_card_type}<br />\n         {$credit_card_number}\n        </td>\n       </tr>\n       <tr>\n        <td {$labelStyle}>\n         {ts}Expires{/ts}\n        </td>\n        <td {$valueStyle}>\n         {$credit_card_exp_date|truncate:7:\'\'|crmDate}\n        </td>\n       </tr>\n      {/if}\n\n     </table>\n    </td>\n   </tr>\n  {/if}\n\n  {if $customValues}\n   <tr>\n    <td>\n     <table style=\"border: 1px solid #999; margin: 1em 0em 1em; border-collapse: collapse; width:100%;\">\n      <tr>\n       <th {$headerStyle}>\n        {ts}Membership Options{/ts}\n       </th>\n      </tr>\n      {foreach from=$customValues item=value key=customName}\n       <tr>\n        <td {$labelStyle}>\n         {$customName}\n        </td>\n        <td {$valueStyle}>\n         {$value}\n        </td>\n       </tr>\n      {/foreach}\n     </table>\n    </td>\n   </tr>\n  {/if}\n\n </table>\n</center>\n\n</body>\n</html>\n',1,810,0,1,0,NULL),(47,'Memberships - Receipt (on-line)','{if $is_pay_later}{ts}Invoice{/ts}{else}{ts}Receipt{/ts}{/if} - {$title}\n','{if $receipt_text}\n{$receipt_text}\n{/if}\n{if $is_pay_later}\n\n===========================================================\n{$pay_later_receipt}\n===========================================================\n{else}\n\n{ts}Please print this receipt for your records.{/ts}\n{/if}\n\n{if $membership_assign && !$useForMember}\n===========================================================\n{ts}Membership Information{/ts}\n\n===========================================================\n{ts}Membership Type{/ts}: {$membership_name}\n{if $mem_start_date}{ts}Membership Start Date{/ts}: {$mem_start_date|crmDate}\n{/if}\n{if $mem_end_date}{ts}Membership End Date{/ts}: {$mem_end_date|crmDate}\n{/if}\n\n{/if}\n{if $amount}\n===========================================================\n{ts}Membership Fee{/ts}\n\n===========================================================\n{if !$useForMember && $membership_amount && $is_quick_config}\n{ts 1=$membership_name}%1 Membership{/ts}: {$membership_amount|crmMoney}\n{if $amount}\n{if ! $is_separate_payment }\n{ts}Contribution Amount{/ts}: {$amount|crmMoney}\n{else}\n{ts}Additional Contribution{/ts}: {$amount|crmMoney}\n{/if}\n{/if}\n-------------------------------------------\n{ts}Total{/ts}: {$amount+$membership_amount|crmMoney}\n{elseif !$useForMember && $lineItem and $priceSetID & !$is_quick_config}\n{foreach from=$lineItem item=value key=priceset}\n---------------------------------------------------------\n{capture assign=ts_item}{ts}Item{/ts}{/capture}\n{capture assign=ts_qty}{ts}Qty{/ts}{/capture}\n{capture assign=ts_each}{ts}Each{/ts}{/capture}\n{capture assign=ts_total}{ts}Total{/ts}{/capture}\n{$ts_item|string_format:\"%-30s\"} {$ts_qty|string_format:\"%5s\"} {$ts_each|string_format:\"%10s\"} {$ts_total|string_format:\"%10s\"}\n----------------------------------------------------------\n{foreach from=$value item=line}\n{$line.description|truncate:30:\"...\"|string_format:\"%-30s\"} {$line.qty|string_format:\"%5s\"} {$line.unit_price|crmMoney|string_format:\"%10s\"} {$line.line_total|crmMoney|string_format:\"%10s\"}\n{/foreach}\n{/foreach}\n\n{ts}Total Amount{/ts}: {$amount|crmMoney}\n{else}\n{if $useForMember && $lineItem && !$is_quick_config}\n{foreach from=$lineItem item=value key=priceset}\n{capture assign=ts_item}{ts}Item{/ts}{/capture}\n{capture assign=ts_total}{ts}Fee{/ts}{/capture}\n{if $dataArray}\n{capture assign=ts_subtotal}{ts}Subtotal{/ts}{/capture}\n{capture assign=ts_taxRate}{ts}Tax Rate{/ts}{/capture}\n{capture assign=ts_taxAmount}{ts}Tax Amount{/ts}{/capture}\n{capture assign=ts_total}{ts}Total{/ts}{/capture}\n{/if}\n{capture assign=ts_start_date}{ts}Membership Start Date{/ts}{/capture}\n{capture assign=ts_end_date}{ts}Membership End Date{/ts}{/capture}\n{$ts_item|string_format:\"%-30s\"} {$ts_total|string_format:\"%10s\"} {if $dataArray} {$ts_subtotal|string_format:\"%10s\"} {$ts_taxRate|string_format:\"%10s\"} {$ts_taxAmount|string_format:\"%10s\"} {$ts_total|string_format:\"%10s\"} {/if} {$ts_start_date|string_format:\"%20s\"} {$ts_end_date|string_format:\"%20s\"}\n--------------------------------------------------------------------------------------------------\n\n{foreach from=$value item=line}\n{capture assign=ts_item}{if $line.html_type eq \'Text\'}{$line.label}{else}{$line.field_title} - {$line.label}{/if} {if $line.description} {$line.description}{/if}{/capture}{$ts_item|truncate:30:\"...\"|string_format:\"%-30s\"} {$line.line_total|crmMoney|string_format:\"%10s\"}  {if $dataArray} {$line.unit_price*$line.qty|crmMoney:$currency|string_format:\"%10s\"} {if $line.tax_rate != \"\" || $line.tax_amount != \"\"}  {$line.tax_rate|string_format:\"%.2f\"} %  {$line.tax_amount|crmMoney:$currency|string_format:\"%10s\"} {else}                  {/if}   {$line.line_total+$line.tax_amount|crmMoney|string_format:\"%10s\"} {/if} {$line.start_date|string_format:\"%20s\"} {$line.end_date|string_format:\"%20s\"}\n{/foreach}\n{/foreach}\n\n{if $dataArray}\n{ts}Amount before Tax{/ts}: {$amount-$totalTaxAmount|crmMoney:$currency}\n\n{foreach from=$dataArray item=value key=priceset}\n{if $priceset || $priceset == 0}\n{$taxTerm} {$priceset|string_format:\"%.2f\"}%: {$value|crmMoney:$currency}\n{else}\n{ts}No{/ts} {$taxTerm}: {$value|crmMoney:$currency}\n{/if}\n{/foreach}\n{/if}\n--------------------------------------------------------------------------------------------------\n{/if}\n\n{if $totalTaxAmount}\n{ts}Total Tax Amount{/ts}: {$totalTaxAmount|crmMoney:$currency}\n{/if}\n\n{ts}Amount{/ts}: {$amount|crmMoney} {if $amount_level } - {$amount_level} {/if}\n{/if}\n{elseif $membership_amount}\n===========================================================\n{ts}Membership Fee{/ts}\n\n===========================================================\n{ts 1=$membership_name}%1 Membership{/ts}: {$membership_amount|crmMoney}\n{/if}\n\n{if $receive_date}\n\n{ts}Date{/ts}: {$receive_date|crmDate}\n{/if}\n{if $is_monetary and $trxn_id}\n{ts}Transaction #{/ts}: {$trxn_id}\n\n{/if}\n{if $membership_trx_id}\n{ts}Membership Transaction #{/ts}: {$membership_trx_id}\n\n{/if}\n{if $is_recur}\n{if $contributeMode eq \'notify\' or $contributeMode eq \'directIPN\'}\n{ts 1=$cancelSubscriptionUrl}This membership will be renewed automatically. You can cancel the auto-renewal option by visiting this web page: %1.{/ts}\n\n{ts 1=$updateSubscriptionBillingUrl}You can update billing details for this automatically renewed membership by <a href=\"%1\">visiting this web page</a>.{/ts}\n{/if}\n{/if}\n\n{if $honor_block_is_active }\n===========================================================\n{$soft_credit_type}\n===========================================================\n{foreach from=$honoreeProfile item=value key=label}\n{$label}: {$value}\n{/foreach}\n\n{/if}\n{if $pcpBlock}\n===========================================================\n{ts}Personal Campaign Page{/ts}\n\n===========================================================\n{ts}Display In Honor Roll{/ts}: {if $pcp_display_in_roll}{ts}Yes{/ts}{else}{ts}No{/ts}{/if}\n\n{if $pcp_roll_nickname}{ts}Nickname{/ts}: {$pcp_roll_nickname}{/if}\n\n{if $pcp_personal_note}{ts}Personal Note{/ts}: {$pcp_personal_note}{/if}\n\n{/if}\n{if $onBehalfProfile}\n===========================================================\n{ts}On Behalf Of{/ts}\n\n===========================================================\n{foreach from=$onBehalfProfile item=onBehalfValue key=onBehalfName}\n{$onBehalfName}: {$onBehalfValue}\n{/foreach}\n{/if}\n\n{if !( $contributeMode eq \'notify\' OR $contributeMode eq \'directIPN\' ) and $is_monetary}\n{if $is_pay_later}\n===========================================================\n{ts}Registered Email{/ts}\n\n===========================================================\n{$email}\n{elseif $amount GT 0 OR $membership_amount GT 0 }\n===========================================================\n{ts}Billing Name and Address{/ts}\n\n===========================================================\n{$billingName}\n{$address}\n\n{$email}\n{/if} {* End ! is_pay_later condition. *}\n{/if}\n{if $contributeMode eq \'direct\' AND !$is_pay_later AND ( $amount GT 0 OR $membership_amount GT 0 ) }\n\n===========================================================\n{ts}Credit Card Information{/ts}\n\n===========================================================\n{$credit_card_type}\n{$credit_card_number}\n{ts}Expires{/ts}: {$credit_card_exp_date|truncate:7:\'\'|crmDate}\n{/if}\n\n{if $selectPremium }\n===========================================================\n{ts}Premium Information{/ts}\n\n===========================================================\n{$product_name}\n{if $option}\n{ts}Option{/ts}: {$option}\n{/if}\n{if $sku}\n{ts}SKU{/ts}: {$sku}\n{/if}\n{if $start_date}\n{ts}Start Date{/ts}: {$start_date|crmDate}\n{/if}\n{if $end_date}\n{ts}End Date{/ts}: {$end_date|crmDate}\n{/if}\n{if $contact_email OR $contact_phone}\n\n{ts}For information about this premium, contact:{/ts}\n\n{if $contact_email}\n  {$contact_email}\n{/if}\n{if $contact_phone}\n  {$contact_phone}\n{/if}\n{/if}\n{if $is_deductible AND $price}\n\n{ts 1=$price|crmMoney}The value of this premium is %1. This may affect the amount of the tax deduction you can claim. Consult your tax advisor for more information.{/ts}{/if}\n{/if}\n\n{if $customPre}\n===========================================================\n{$customPre_grouptitle}\n\n===========================================================\n{foreach from=$customPre item=customValue key=customName}\n{if ( $trackingFields and ! in_array( $customName, $trackingFields ) ) or ! $trackingFields}\n {$customName}: {$customValue}\n{/if}\n{/foreach}\n{/if}\n\n\n{if $customPost}\n===========================================================\n{$customPost_grouptitle}\n\n===========================================================\n{foreach from=$customPost item=customValue key=customName}\n{if ( $trackingFields and ! in_array( $customName, $trackingFields ) ) or ! $trackingFields}\n {$customName}: {$customValue}\n{/if}\n{/foreach}\n{/if}\n','<!DOCTYPE html PUBLIC \"-//W3C//DTD XHTML 1.0 Transitional//EN\" \"http://www.w3.org/TR/xhtml1/DTD/xhtml1-transitional.dtd\">\n<html xmlns=\"http://www.w3.org/1999/xhtml\">\n<head>\n <meta http-equiv=\"Content-Type\" content=\"text/html; charset=UTF-8\" />\n <title></title>\n</head>\n<body>\n\n{capture assign=headerStyle}colspan=\"2\" style=\"text-align: left; padding: 4px; border-bottom: 1px solid #999; background-color: #eee;\"{/capture}\n{capture assign=labelStyle }style=\"padding: 4px; border-bottom: 1px solid #999; background-color: #f7f7f7;\"{/capture}\n{capture assign=valueStyle }style=\"padding: 4px; border-bottom: 1px solid #999;\"{/capture}\n\n<center>\n <table width=\"500\" border=\"0\" cellpadding=\"0\" cellspacing=\"0\" id=\"crm-event_receipt\" style=\"font-family: Arial, Verdana, sans-serif; text-align: left;\">\n\n  <!-- BEGIN HEADER -->\n  <!-- You can add table row(s) here with logo or other header elements -->\n  <!-- END HEADER -->\n\n  <!-- BEGIN CONTENT -->\n\n  <tr>\n   <td>\n\n    {if $receipt_text}\n     <p>{$receipt_text|htmlize}</p>\n    {/if}\n\n    {if $is_pay_later}\n     <p>{$pay_later_receipt}</p> {* FIXME: this might be text rather than HTML *}\n    {else}\n     <p>{ts}Please print this confirmation for your records.{/ts}</p>\n    {/if}\n\n   </td>\n  </tr>\n  </table>\n  <table width=\"500\" style=\"border: 1px solid #999; margin: 1em 0em 1em; border-collapse: collapse;\">\n\n     {if $membership_assign && !$useForMember}\n      <tr>\n       <th {$headerStyle}>\n        {ts}Membership Information{/ts}\n       </th>\n      </tr>\n      <tr>\n       <td {$labelStyle}>\n        {ts}Membership Type{/ts}\n       </td>\n       <td {$valueStyle}>\n        {$membership_name}\n       </td>\n      </tr>\n      {if $mem_start_date}\n       <tr>\n        <td {$labelStyle}>\n         {ts}Membership Start Date{/ts}\n        </td>\n        <td {$valueStyle}>\n         {$mem_start_date|crmDate}\n        </td>\n       </tr>\n      {/if}\n      {if $mem_end_date}\n       <tr>\n        <td {$labelStyle}>\n         {ts}Membership End Date{/ts}\n        </td>\n        <td {$valueStyle}>\n          {$mem_end_date|crmDate}\n        </td>\n       </tr>\n      {/if}\n     {/if}\n\n\n     {if $amount}\n      <tr>\n       <th {$headerStyle}>\n        {ts}Membership Fee{/ts}\n       </th>\n      </tr>\n\n      {if !$useForMember and $membership_amount and $is_quick_config}\n\n       <tr>\n        <td {$labelStyle}>\n         {ts 1=$membership_name}%1 Membership{/ts}\n        </td>\n        <td {$valueStyle}>\n         {$membership_amount|crmMoney}\n        </td>\n       </tr>\n       {if $amount}\n        {if ! $is_separate_payment }\n         <tr>\n          <td {$labelStyle}>\n           {ts}Contribution Amount{/ts}\n          </td>\n          <td {$valueStyle}>\n           {$amount|crmMoney}\n          </td>\n         </tr>\n        {else}\n         <tr>\n          <td {$labelStyle}>\n           {ts}Additional Contribution{/ts}\n          </td>\n          <td {$valueStyle}>\n           {$amount|crmMoney}\n          </td>\n         </tr>\n        {/if}\n       {/if}\n       <tr>\n        <td {$labelStyle}>\n         {ts}Total{/ts}\n        </td>\n        <td {$valueStyle}>\n         {$amount+$membership_amount|crmMoney}\n        </td>\n       </tr>\n\n      {elseif !$useForMember && $lineItem and $priceSetID and !$is_quick_config}\n\n       {foreach from=$lineItem item=value key=priceset}\n        <tr>\n         <td colspan=\"2\" {$valueStyle}>\n          <table> {* FIXME: style this table so that it looks like the text version (justification, etc.) *}\n           <tr>\n            <th>{ts}Item{/ts}</th>\n            <th>{ts}Qty{/ts}</th>\n            <th>{ts}Each{/ts}</th>\n            <th>{ts}Total{/ts}</th>\n           </tr>\n           {foreach from=$value item=line}\n            <tr>\n             <td>\n              {$line.description|truncate:30:\"...\"}\n             </td>\n             <td>\n              {$line.qty}\n             </td>\n             <td>\n              {$line.unit_price|crmMoney}\n             </td>\n             <td>\n              {$line.line_total|crmMoney}\n             </td>\n            </tr>\n           {/foreach}\n          </table>\n         </td>\n        </tr>\n       {/foreach}\n       <tr>\n        <td {$labelStyle}>\n         {ts}Total Amount{/ts}\n        </td>\n        <td {$valueStyle}>\n         {$amount|crmMoney}\n        </td>\n       </tr>\n\n      {else}\n       {if $useForMember && $lineItem and !$is_quick_config}\n       {foreach from=$lineItem item=value key=priceset}\n        <tr>\n         <td colspan=\"2\" {$valueStyle}>\n          <table> {* FIXME: style this table so that it looks like the text version (justification, etc.) *}\n           <tr>\n            <th>{ts}Item{/ts}</th>\n            <th>{ts}Fee{/ts}</th>\n            {if $dataArray}\n              <th>{ts}SubTotal{/ts}</th>\n              <th>{ts}Tax Rate{/ts}</th>\n              <th>{ts}Tax Amount{/ts}</th>\n              <th>{ts}Total{/ts}</th>\n            {/if}\n      <th>{ts}Membership Start Date{/ts}</th>\n      <th>{ts}Membership End Date{/ts}</th>\n           </tr>\n           {foreach from=$value item=line}\n            <tr>\n             <td>\n             {if $line.html_type eq \'Text\'}{$line.label}{else}{$line.field_title} - {$line.label}{/if} {if $line.description}<div>{$line.description|truncate:30:\"...\"}</div>{/if}\n             </td>\n             <td>\n              {$line.line_total|crmMoney}\n             </td>\n             {if $dataArray}\n              <td>\n               {$line.unit_price*$line.qty|crmMoney}\n              </td>\n              {if $line.tax_rate != \"\" || $line.tax_amount != \"\"}\n               <td>\n                {$line.tax_rate|string_format:\"%.2f\"}%\n               </td>\n               <td>\n                {$line.tax_amount|crmMoney}\n               </td>\n              {else}\n               <td></td>\n               <td></td>\n              {/if}\n              <td>\n               {$line.line_total+$line.tax_amount|crmMoney}\n              </td>\n             {/if}\n             <td>\n              {$line.start_date}\n             </td>\n       <td>\n              {$line.end_date}\n             </td>\n            </tr>\n           {/foreach}\n          </table>\n         </td>\n        </tr>\n       {/foreach}\n       {if $dataArray}\n        <tr>\n         <td {$labelStyle}>\n          {ts}Amount Before Tax:{/ts}\n         </td>\n         <td {$valueStyle}>\n          {$amount-$totalTaxAmount|crmMoney}\n         </td>\n        </tr>\n        {foreach from=$dataArray item=value key=priceset}\n         <tr>\n         {if $priceset || $priceset == 0}\n           <td>&nbsp;{$taxTerm} {$priceset|string_format:\"%.2f\"}%</td>\n           <td>&nbsp;{$value|crmMoney:$currency}</td>\n         {else}\n           <td>&nbsp;{ts}NO{/ts} {$taxTerm}</td>\n           <td>&nbsp;{$value|crmMoney:$currency}</td>\n         {/if}\n         </tr>\n        {/foreach}\n       {/if}\n       {/if}\n       {if $totalTaxAmount}\n        <tr>\n         <td {$labelStyle}>\n          {ts}Total Tax Amount{/ts}\n         </td>\n         <td {$valueStyle}>\n          {$totalTaxAmount|crmMoney:$currency}\n         </td>\n        </tr>\n       {/if}\n       <tr>\n        <td {$labelStyle}>\n         {ts}Amount{/ts}\n        </td>\n        <td {$valueStyle}>\n         {$amount|crmMoney} {if $amount_level} - {$amount_level}{/if}\n        </td>\n       </tr>\n\n      {/if}\n\n\n     {elseif $membership_amount}\n\n\n      <tr>\n       <th {$headerStyle}>\n        {ts}Membership Fee{/ts}\n       </th>\n      </tr>\n      <tr>\n       <td {$labelStyle}>\n        {ts 1=$membership_name}%1 Membership{/ts}\n       </td>\n       <td {$valueStyle}>\n        {$membership_amount|crmMoney}\n       </td>\n      </tr>\n\n\n     {/if}\n\n     {if $receive_date}\n      <tr>\n       <td {$labelStyle}>\n        {ts}Date{/ts}\n       </td>\n       <td {$valueStyle}>\n        {$receive_date|crmDate}\n       </td>\n      </tr>\n     {/if}\n\n     {if $is_monetary and $trxn_id}\n      <tr>\n       <td {$labelStyle}>\n        {ts}Transaction #{/ts}\n       </td>\n       <td {$valueStyle}>\n        {$trxn_id}\n       </td>\n      </tr>\n     {/if}\n\n     {if $membership_trx_id}\n      <tr>\n       <td {$labelStyle}>\n        {ts}Membership Transaction #{/ts}\n       </td>\n       <td {$valueStyle}>\n        {$membership_trx_id}\n       </td>\n      </tr>\n     {/if}\n     {if $is_recur}\n      {if $contributeMode eq \'notify\' or $contributeMode eq \'directIPN\'}\n       <tr>\n        <td colspan=\"2\" {$labelStyle}>\n         {ts 1=$cancelSubscriptionUrl}This membership will be renewed automatically. You can cancel the auto-renewal option by <a href=\"%1\">visiting this web page</a>.{/ts}\n        </td>\n       </tr>\n       <tr>\n        <td colspan=\"2\" {$labelStyle}>\n         {ts 1=$updateSubscriptionBillingUrl}You can update billing details for this automatically renewed membership by <a href=\"%1\">visiting this web page</a>.{/ts}\n        </td>\n       </tr>\n      {/if}\n     {/if}\n\n     {if $honor_block_is_active}\n      <tr>\n       <th {$headerStyle}>\n        {$soft_credit_type}\n       </th>\n      </tr>\n      {foreach from=$honoreeProfile item=value key=label}\n        <tr>\n         <td {$labelStyle}>\n          {$label}\n         </td>\n         <td {$valueStyle}>\n          {$value}\n         </td>\n        </tr>\n      {/foreach}\n     {/if}\n\n     {if $pcpBlock}\n      <tr>\n       <th {$headerStyle}>\n        {ts}Personal Campaign Page{/ts}\n       </th>\n      </tr>\n      <tr>\n       <td {$labelStyle}>\n        {ts}Display In Honor Roll{/ts}\n       </td>\n       <td {$valueStyle}>\n        {if $pcp_display_in_roll}{ts}Yes{/ts}{else}{ts}No{/ts}{/if}\n       </td>\n      </tr>\n      {if $pcp_roll_nickname}\n       <tr>\n        <td {$labelStyle}>\n         {ts}Nickname{/ts}\n        </td>\n        <td {$valueStyle}>\n         {$pcp_roll_nickname}\n        </td>\n       </tr>\n      {/if}\n      {if $pcp_personal_note}\n       <tr>\n        <td {$labelStyle}>\n         {ts}Personal Note{/ts}\n        </td>\n        <td {$valueStyle}>\n         {$pcp_personal_note}\n        </td>\n       </tr>\n      {/if}\n     {/if}\n\n     {if $onBehalfProfile}\n      <tr>\n       <th {$headerStyle}>\n        {$onBehalfProfile_grouptitle}\n       </th>\n      </tr>\n      {foreach from=$onBehalfProfile item=onBehalfValue key=onBehalfName}\n        <tr>\n         <td {$labelStyle}>\n          {$onBehalfName}\n         </td>\n         <td {$valueStyle}>\n          {$onBehalfValue}\n         </td>\n        </tr>\n      {/foreach}\n     {/if}\n\n     {if ! ($contributeMode eq \'notify\' OR $contributeMode eq \'directIPN\') and $is_monetary}\n      {if $is_pay_later}\n       <tr>\n        <th {$headerStyle}>\n         {ts}Registered Email{/ts}\n        </th>\n       </tr>\n       <tr>\n        <td colspan=\"2\" {$valueStyle}>\n         {$email}\n        </td>\n       </tr>\n      {elseif $amount GT 0 OR $membership_amount GT 0}\n       <tr>\n        <th {$headerStyle}>\n         {ts}Billing Name and Address{/ts}\n        </th>\n       </tr>\n       <tr>\n        <td colspan=\"2\" {$valueStyle}>\n         {$billingName}<br />\n         {$address|nl2br}<br />\n         {$email}\n        </td>\n       </tr>\n      {/if}\n     {/if}\n\n     {if $contributeMode eq \'direct\' AND !$is_pay_later AND ($amount GT 0 OR $membership_amount GT 0)}\n      <tr>\n       <th {$headerStyle}>\n        {ts}Credit Card Information{/ts}\n       </th>\n      </tr>\n      <tr>\n       <td colspan=\"2\" {$valueStyle}>\n        {$credit_card_type}<br />\n        {$credit_card_number}<br />\n        {ts}Expires{/ts}: {$credit_card_exp_date|truncate:7:\'\'|crmDate}<br />\n       </td>\n      </tr>\n     {/if}\n\n     {if $selectPremium}\n      <tr>\n       <th {$headerStyle}>\n        {ts}Premium Information{/ts}\n       </th>\n      </tr>\n      <tr>\n       <td colspan=\"2\" {$labelStyle}>\n        {$product_name}\n       </td>\n      </tr>\n      {if $option}\n       <tr>\n        <td {$labelStyle}>\n         {ts}Option{/ts}\n        </td>\n        <td {$valueStyle}>\n         {$option}\n        </td>\n       </tr>\n      {/if}\n      {if $sku}\n       <tr>\n        <td {$labelStyle}>\n         {ts}SKU{/ts}\n        </td>\n        <td {$valueStyle}>\n         {$sku}\n        </td>\n       </tr>\n      {/if}\n      {if $start_date}\n       <tr>\n        <td {$labelStyle}>\n         {ts}Start Date{/ts}\n        </td>\n        <td {$valueStyle}>\n         {$start_date|crmDate}\n        </td>\n       </tr>\n      {/if}\n      {if $end_date}\n       <tr>\n        <td {$labelStyle}>\n         {ts}End Date{/ts}\n        </td>\n        <td {$valueStyle}>\n         {$end_date|crmDate}\n        </td>\n       </tr>\n      {/if}\n      {if $contact_email OR $contact_phone}\n       <tr>\n        <td colspan=\"2\" {$valueStyle}>\n         <p>{ts}For information about this premium, contact:{/ts}</p>\n         {if $contact_email}\n          <p>{$contact_email}</p>\n         {/if}\n         {if $contact_phone}\n          <p>{$contact_phone}</p>\n         {/if}\n        </td>\n       </tr>\n      {/if}\n      {if $is_deductible AND $price}\n        <tr>\n         <td colspan=\"2\" {$valueStyle}>\n          <p>{ts 1=$price|crmMoney}The value of this premium is %1. This may affect the amount of the tax deduction you can claim. Consult your tax advisor for more information.{/ts}</p>\n         </td>\n        </tr>\n      {/if}\n     {/if}\n\n     {if $customPre}\n      <tr>\n       <th {$headerStyle}>\n        {$customPre_grouptitle}\n       </th>\n      </tr>\n      {foreach from=$customPre item=customValue key=customName}\n       {if ($trackingFields and ! in_array($customName, $trackingFields)) or ! $trackingFields}\n        <tr>\n         <td {$labelStyle}>\n          {$customName}\n         </td>\n         <td {$valueStyle}>\n          {$customValue}\n         </td>\n        </tr>\n       {/if}\n      {/foreach}\n     {/if}\n\n     {if $customPost}\n      <tr>\n       <th {$headerStyle}>\n        {$customPost_grouptitle}\n       </th>\n      </tr>\n      {foreach from=$customPost item=customValue key=customName}\n       {if ($trackingFields and ! in_array($customName, $trackingFields)) or ! $trackingFields}\n        <tr>\n         <td {$labelStyle}>\n          {$customName}\n         </td>\n         <td {$valueStyle}>\n          {$customValue}\n         </td>\n        </tr>\n       {/if}\n      {/foreach}\n     {/if}\n\n  </table>\n</center>\n\n</body>\n</html>\n',1,811,1,0,0,NULL),(48,'Memberships - Receipt (on-line)','{if $is_pay_later}{ts}Invoice{/ts}{else}{ts}Receipt{/ts}{/if} - {$title}\n','{if $receipt_text}\n{$receipt_text}\n{/if}\n{if $is_pay_later}\n\n===========================================================\n{$pay_later_receipt}\n===========================================================\n{else}\n\n{ts}Please print this receipt for your records.{/ts}\n{/if}\n\n{if $membership_assign && !$useForMember}\n===========================================================\n{ts}Membership Information{/ts}\n\n===========================================================\n{ts}Membership Type{/ts}: {$membership_name}\n{if $mem_start_date}{ts}Membership Start Date{/ts}: {$mem_start_date|crmDate}\n{/if}\n{if $mem_end_date}{ts}Membership End Date{/ts}: {$mem_end_date|crmDate}\n{/if}\n\n{/if}\n{if $amount}\n===========================================================\n{ts}Membership Fee{/ts}\n\n===========================================================\n{if !$useForMember && $membership_amount && $is_quick_config}\n{ts 1=$membership_name}%1 Membership{/ts}: {$membership_amount|crmMoney}\n{if $amount}\n{if ! $is_separate_payment }\n{ts}Contribution Amount{/ts}: {$amount|crmMoney}\n{else}\n{ts}Additional Contribution{/ts}: {$amount|crmMoney}\n{/if}\n{/if}\n-------------------------------------------\n{ts}Total{/ts}: {$amount+$membership_amount|crmMoney}\n{elseif !$useForMember && $lineItem and $priceSetID & !$is_quick_config}\n{foreach from=$lineItem item=value key=priceset}\n---------------------------------------------------------\n{capture assign=ts_item}{ts}Item{/ts}{/capture}\n{capture assign=ts_qty}{ts}Qty{/ts}{/capture}\n{capture assign=ts_each}{ts}Each{/ts}{/capture}\n{capture assign=ts_total}{ts}Total{/ts}{/capture}\n{$ts_item|string_format:\"%-30s\"} {$ts_qty|string_format:\"%5s\"} {$ts_each|string_format:\"%10s\"} {$ts_total|string_format:\"%10s\"}\n----------------------------------------------------------\n{foreach from=$value item=line}\n{$line.description|truncate:30:\"...\"|string_format:\"%-30s\"} {$line.qty|string_format:\"%5s\"} {$line.unit_price|crmMoney|string_format:\"%10s\"} {$line.line_total|crmMoney|string_format:\"%10s\"}\n{/foreach}\n{/foreach}\n\n{ts}Total Amount{/ts}: {$amount|crmMoney}\n{else}\n{if $useForMember && $lineItem && !$is_quick_config}\n{foreach from=$lineItem item=value key=priceset}\n{capture assign=ts_item}{ts}Item{/ts}{/capture}\n{capture assign=ts_total}{ts}Fee{/ts}{/capture}\n{if $dataArray}\n{capture assign=ts_subtotal}{ts}Subtotal{/ts}{/capture}\n{capture assign=ts_taxRate}{ts}Tax Rate{/ts}{/capture}\n{capture assign=ts_taxAmount}{ts}Tax Amount{/ts}{/capture}\n{capture assign=ts_total}{ts}Total{/ts}{/capture}\n{/if}\n{capture assign=ts_start_date}{ts}Membership Start Date{/ts}{/capture}\n{capture assign=ts_end_date}{ts}Membership End Date{/ts}{/capture}\n{$ts_item|string_format:\"%-30s\"} {$ts_total|string_format:\"%10s\"} {if $dataArray} {$ts_subtotal|string_format:\"%10s\"} {$ts_taxRate|string_format:\"%10s\"} {$ts_taxAmount|string_format:\"%10s\"} {$ts_total|string_format:\"%10s\"} {/if} {$ts_start_date|string_format:\"%20s\"} {$ts_end_date|string_format:\"%20s\"}\n--------------------------------------------------------------------------------------------------\n\n{foreach from=$value item=line}\n{capture assign=ts_item}{if $line.html_type eq \'Text\'}{$line.label}{else}{$line.field_title} - {$line.label}{/if} {if $line.description} {$line.description}{/if}{/capture}{$ts_item|truncate:30:\"...\"|string_format:\"%-30s\"} {$line.line_total|crmMoney|string_format:\"%10s\"}  {if $dataArray} {$line.unit_price*$line.qty|crmMoney:$currency|string_format:\"%10s\"} {if $line.tax_rate != \"\" || $line.tax_amount != \"\"}  {$line.tax_rate|string_format:\"%.2f\"} %  {$line.tax_amount|crmMoney:$currency|string_format:\"%10s\"} {else}                  {/if}   {$line.line_total+$line.tax_amount|crmMoney|string_format:\"%10s\"} {/if} {$line.start_date|string_format:\"%20s\"} {$line.end_date|string_format:\"%20s\"}\n{/foreach}\n{/foreach}\n\n{if $dataArray}\n{ts}Amount before Tax{/ts}: {$amount-$totalTaxAmount|crmMoney:$currency}\n\n{foreach from=$dataArray item=value key=priceset}\n{if $priceset || $priceset == 0}\n{$taxTerm} {$priceset|string_format:\"%.2f\"}%: {$value|crmMoney:$currency}\n{else}\n{ts}No{/ts} {$taxTerm}: {$value|crmMoney:$currency}\n{/if}\n{/foreach}\n{/if}\n--------------------------------------------------------------------------------------------------\n{/if}\n\n{if $totalTaxAmount}\n{ts}Total Tax Amount{/ts}: {$totalTaxAmount|crmMoney:$currency}\n{/if}\n\n{ts}Amount{/ts}: {$amount|crmMoney} {if $amount_level } - {$amount_level} {/if}\n{/if}\n{elseif $membership_amount}\n===========================================================\n{ts}Membership Fee{/ts}\n\n===========================================================\n{ts 1=$membership_name}%1 Membership{/ts}: {$membership_amount|crmMoney}\n{/if}\n\n{if $receive_date}\n\n{ts}Date{/ts}: {$receive_date|crmDate}\n{/if}\n{if $is_monetary and $trxn_id}\n{ts}Transaction #{/ts}: {$trxn_id}\n\n{/if}\n{if $membership_trx_id}\n{ts}Membership Transaction #{/ts}: {$membership_trx_id}\n\n{/if}\n{if $is_recur}\n{if $contributeMode eq \'notify\' or $contributeMode eq \'directIPN\'}\n{ts 1=$cancelSubscriptionUrl}This membership will be renewed automatically. You can cancel the auto-renewal option by visiting this web page: %1.{/ts}\n\n{ts 1=$updateSubscriptionBillingUrl}You can update billing details for this automatically renewed membership by <a href=\"%1\">visiting this web page</a>.{/ts}\n{/if}\n{/if}\n\n{if $honor_block_is_active }\n===========================================================\n{$soft_credit_type}\n===========================================================\n{foreach from=$honoreeProfile item=value key=label}\n{$label}: {$value}\n{/foreach}\n\n{/if}\n{if $pcpBlock}\n===========================================================\n{ts}Personal Campaign Page{/ts}\n\n===========================================================\n{ts}Display In Honor Roll{/ts}: {if $pcp_display_in_roll}{ts}Yes{/ts}{else}{ts}No{/ts}{/if}\n\n{if $pcp_roll_nickname}{ts}Nickname{/ts}: {$pcp_roll_nickname}{/if}\n\n{if $pcp_personal_note}{ts}Personal Note{/ts}: {$pcp_personal_note}{/if}\n\n{/if}\n{if $onBehalfProfile}\n===========================================================\n{ts}On Behalf Of{/ts}\n\n===========================================================\n{foreach from=$onBehalfProfile item=onBehalfValue key=onBehalfName}\n{$onBehalfName}: {$onBehalfValue}\n{/foreach}\n{/if}\n\n{if !( $contributeMode eq \'notify\' OR $contributeMode eq \'directIPN\' ) and $is_monetary}\n{if $is_pay_later}\n===========================================================\n{ts}Registered Email{/ts}\n\n===========================================================\n{$email}\n{elseif $amount GT 0 OR $membership_amount GT 0 }\n===========================================================\n{ts}Billing Name and Address{/ts}\n\n===========================================================\n{$billingName}\n{$address}\n\n{$email}\n{/if} {* End ! is_pay_later condition. *}\n{/if}\n{if $contributeMode eq \'direct\' AND !$is_pay_later AND ( $amount GT 0 OR $membership_amount GT 0 ) }\n\n===========================================================\n{ts}Credit Card Information{/ts}\n\n===========================================================\n{$credit_card_type}\n{$credit_card_number}\n{ts}Expires{/ts}: {$credit_card_exp_date|truncate:7:\'\'|crmDate}\n{/if}\n\n{if $selectPremium }\n===========================================================\n{ts}Premium Information{/ts}\n\n===========================================================\n{$product_name}\n{if $option}\n{ts}Option{/ts}: {$option}\n{/if}\n{if $sku}\n{ts}SKU{/ts}: {$sku}\n{/if}\n{if $start_date}\n{ts}Start Date{/ts}: {$start_date|crmDate}\n{/if}\n{if $end_date}\n{ts}End Date{/ts}: {$end_date|crmDate}\n{/if}\n{if $contact_email OR $contact_phone}\n\n{ts}For information about this premium, contact:{/ts}\n\n{if $contact_email}\n  {$contact_email}\n{/if}\n{if $contact_phone}\n  {$contact_phone}\n{/if}\n{/if}\n{if $is_deductible AND $price}\n\n{ts 1=$price|crmMoney}The value of this premium is %1. This may affect the amount of the tax deduction you can claim. Consult your tax advisor for more information.{/ts}{/if}\n{/if}\n\n{if $customPre}\n===========================================================\n{$customPre_grouptitle}\n\n===========================================================\n{foreach from=$customPre item=customValue key=customName}\n{if ( $trackingFields and ! in_array( $customName, $trackingFields ) ) or ! $trackingFields}\n {$customName}: {$customValue}\n{/if}\n{/foreach}\n{/if}\n\n\n{if $customPost}\n===========================================================\n{$customPost_grouptitle}\n\n===========================================================\n{foreach from=$customPost item=customValue key=customName}\n{if ( $trackingFields and ! in_array( $customName, $trackingFields ) ) or ! $trackingFields}\n {$customName}: {$customValue}\n{/if}\n{/foreach}\n{/if}\n','<!DOCTYPE html PUBLIC \"-//W3C//DTD XHTML 1.0 Transitional//EN\" \"http://www.w3.org/TR/xhtml1/DTD/xhtml1-transitional.dtd\">\n<html xmlns=\"http://www.w3.org/1999/xhtml\">\n<head>\n <meta http-equiv=\"Content-Type\" content=\"text/html; charset=UTF-8\" />\n <title></title>\n</head>\n<body>\n\n{capture assign=headerStyle}colspan=\"2\" style=\"text-align: left; padding: 4px; border-bottom: 1px solid #999; background-color: #eee;\"{/capture}\n{capture assign=labelStyle }style=\"padding: 4px; border-bottom: 1px solid #999; background-color: #f7f7f7;\"{/capture}\n{capture assign=valueStyle }style=\"padding: 4px; border-bottom: 1px solid #999;\"{/capture}\n\n<center>\n <table width=\"500\" border=\"0\" cellpadding=\"0\" cellspacing=\"0\" id=\"crm-event_receipt\" style=\"font-family: Arial, Verdana, sans-serif; text-align: left;\">\n\n  <!-- BEGIN HEADER -->\n  <!-- You can add table row(s) here with logo or other header elements -->\n  <!-- END HEADER -->\n\n  <!-- BEGIN CONTENT -->\n\n  <tr>\n   <td>\n\n    {if $receipt_text}\n     <p>{$receipt_text|htmlize}</p>\n    {/if}\n\n    {if $is_pay_later}\n     <p>{$pay_later_receipt}</p> {* FIXME: this might be text rather than HTML *}\n    {else}\n     <p>{ts}Please print this confirmation for your records.{/ts}</p>\n    {/if}\n\n   </td>\n  </tr>\n  </table>\n  <table width=\"500\" style=\"border: 1px solid #999; margin: 1em 0em 1em; border-collapse: collapse;\">\n\n     {if $membership_assign && !$useForMember}\n      <tr>\n       <th {$headerStyle}>\n        {ts}Membership Information{/ts}\n       </th>\n      </tr>\n      <tr>\n       <td {$labelStyle}>\n        {ts}Membership Type{/ts}\n       </td>\n       <td {$valueStyle}>\n        {$membership_name}\n       </td>\n      </tr>\n      {if $mem_start_date}\n       <tr>\n        <td {$labelStyle}>\n         {ts}Membership Start Date{/ts}\n        </td>\n        <td {$valueStyle}>\n         {$mem_start_date|crmDate}\n        </td>\n       </tr>\n      {/if}\n      {if $mem_end_date}\n       <tr>\n        <td {$labelStyle}>\n         {ts}Membership End Date{/ts}\n        </td>\n        <td {$valueStyle}>\n          {$mem_end_date|crmDate}\n        </td>\n       </tr>\n      {/if}\n     {/if}\n\n\n     {if $amount}\n      <tr>\n       <th {$headerStyle}>\n        {ts}Membership Fee{/ts}\n       </th>\n      </tr>\n\n      {if !$useForMember and $membership_amount and $is_quick_config}\n\n       <tr>\n        <td {$labelStyle}>\n         {ts 1=$membership_name}%1 Membership{/ts}\n        </td>\n        <td {$valueStyle}>\n         {$membership_amount|crmMoney}\n        </td>\n       </tr>\n       {if $amount}\n        {if ! $is_separate_payment }\n         <tr>\n          <td {$labelStyle}>\n           {ts}Contribution Amount{/ts}\n          </td>\n          <td {$valueStyle}>\n           {$amount|crmMoney}\n          </td>\n         </tr>\n        {else}\n         <tr>\n          <td {$labelStyle}>\n           {ts}Additional Contribution{/ts}\n          </td>\n          <td {$valueStyle}>\n           {$amount|crmMoney}\n          </td>\n         </tr>\n        {/if}\n       {/if}\n       <tr>\n        <td {$labelStyle}>\n         {ts}Total{/ts}\n        </td>\n        <td {$valueStyle}>\n         {$amount+$membership_amount|crmMoney}\n        </td>\n       </tr>\n\n      {elseif !$useForMember && $lineItem and $priceSetID and !$is_quick_config}\n\n       {foreach from=$lineItem item=value key=priceset}\n        <tr>\n         <td colspan=\"2\" {$valueStyle}>\n          <table> {* FIXME: style this table so that it looks like the text version (justification, etc.) *}\n           <tr>\n            <th>{ts}Item{/ts}</th>\n            <th>{ts}Qty{/ts}</th>\n            <th>{ts}Each{/ts}</th>\n            <th>{ts}Total{/ts}</th>\n           </tr>\n           {foreach from=$value item=line}\n            <tr>\n             <td>\n              {$line.description|truncate:30:\"...\"}\n             </td>\n             <td>\n              {$line.qty}\n             </td>\n             <td>\n              {$line.unit_price|crmMoney}\n             </td>\n             <td>\n              {$line.line_total|crmMoney}\n             </td>\n            </tr>\n           {/foreach}\n          </table>\n         </td>\n        </tr>\n       {/foreach}\n       <tr>\n        <td {$labelStyle}>\n         {ts}Total Amount{/ts}\n        </td>\n        <td {$valueStyle}>\n         {$amount|crmMoney}\n        </td>\n       </tr>\n\n      {else}\n       {if $useForMember && $lineItem and !$is_quick_config}\n       {foreach from=$lineItem item=value key=priceset}\n        <tr>\n         <td colspan=\"2\" {$valueStyle}>\n          <table> {* FIXME: style this table so that it looks like the text version (justification, etc.) *}\n           <tr>\n            <th>{ts}Item{/ts}</th>\n            <th>{ts}Fee{/ts}</th>\n            {if $dataArray}\n              <th>{ts}SubTotal{/ts}</th>\n              <th>{ts}Tax Rate{/ts}</th>\n              <th>{ts}Tax Amount{/ts}</th>\n              <th>{ts}Total{/ts}</th>\n            {/if}\n      <th>{ts}Membership Start Date{/ts}</th>\n      <th>{ts}Membership End Date{/ts}</th>\n           </tr>\n           {foreach from=$value item=line}\n            <tr>\n             <td>\n             {if $line.html_type eq \'Text\'}{$line.label}{else}{$line.field_title} - {$line.label}{/if} {if $line.description}<div>{$line.description|truncate:30:\"...\"}</div>{/if}\n             </td>\n             <td>\n              {$line.line_total|crmMoney}\n             </td>\n             {if $dataArray}\n              <td>\n               {$line.unit_price*$line.qty|crmMoney}\n              </td>\n              {if $line.tax_rate != \"\" || $line.tax_amount != \"\"}\n               <td>\n                {$line.tax_rate|string_format:\"%.2f\"}%\n               </td>\n               <td>\n                {$line.tax_amount|crmMoney}\n               </td>\n              {else}\n               <td></td>\n               <td></td>\n              {/if}\n              <td>\n               {$line.line_total+$line.tax_amount|crmMoney}\n              </td>\n             {/if}\n             <td>\n              {$line.start_date}\n             </td>\n       <td>\n              {$line.end_date}\n             </td>\n            </tr>\n           {/foreach}\n          </table>\n         </td>\n        </tr>\n       {/foreach}\n       {if $dataArray}\n        <tr>\n         <td {$labelStyle}>\n          {ts}Amount Before Tax:{/ts}\n         </td>\n         <td {$valueStyle}>\n          {$amount-$totalTaxAmount|crmMoney}\n         </td>\n        </tr>\n        {foreach from=$dataArray item=value key=priceset}\n         <tr>\n         {if $priceset || $priceset == 0}\n           <td>&nbsp;{$taxTerm} {$priceset|string_format:\"%.2f\"}%</td>\n           <td>&nbsp;{$value|crmMoney:$currency}</td>\n         {else}\n           <td>&nbsp;{ts}NO{/ts} {$taxTerm}</td>\n           <td>&nbsp;{$value|crmMoney:$currency}</td>\n         {/if}\n         </tr>\n        {/foreach}\n       {/if}\n       {/if}\n       {if $totalTaxAmount}\n        <tr>\n         <td {$labelStyle}>\n          {ts}Total Tax Amount{/ts}\n         </td>\n         <td {$valueStyle}>\n          {$totalTaxAmount|crmMoney:$currency}\n         </td>\n        </tr>\n       {/if}\n       <tr>\n        <td {$labelStyle}>\n         {ts}Amount{/ts}\n        </td>\n        <td {$valueStyle}>\n         {$amount|crmMoney} {if $amount_level} - {$amount_level}{/if}\n        </td>\n       </tr>\n\n      {/if}\n\n\n     {elseif $membership_amount}\n\n\n      <tr>\n       <th {$headerStyle}>\n        {ts}Membership Fee{/ts}\n       </th>\n      </tr>\n      <tr>\n       <td {$labelStyle}>\n        {ts 1=$membership_name}%1 Membership{/ts}\n       </td>\n       <td {$valueStyle}>\n        {$membership_amount|crmMoney}\n       </td>\n      </tr>\n\n\n     {/if}\n\n     {if $receive_date}\n      <tr>\n       <td {$labelStyle}>\n        {ts}Date{/ts}\n       </td>\n       <td {$valueStyle}>\n        {$receive_date|crmDate}\n       </td>\n      </tr>\n     {/if}\n\n     {if $is_monetary and $trxn_id}\n      <tr>\n       <td {$labelStyle}>\n        {ts}Transaction #{/ts}\n       </td>\n       <td {$valueStyle}>\n        {$trxn_id}\n       </td>\n      </tr>\n     {/if}\n\n     {if $membership_trx_id}\n      <tr>\n       <td {$labelStyle}>\n        {ts}Membership Transaction #{/ts}\n       </td>\n       <td {$valueStyle}>\n        {$membership_trx_id}\n       </td>\n      </tr>\n     {/if}\n     {if $is_recur}\n      {if $contributeMode eq \'notify\' or $contributeMode eq \'directIPN\'}\n       <tr>\n        <td colspan=\"2\" {$labelStyle}>\n         {ts 1=$cancelSubscriptionUrl}This membership will be renewed automatically. You can cancel the auto-renewal option by <a href=\"%1\">visiting this web page</a>.{/ts}\n        </td>\n       </tr>\n       <tr>\n        <td colspan=\"2\" {$labelStyle}>\n         {ts 1=$updateSubscriptionBillingUrl}You can update billing details for this automatically renewed membership by <a href=\"%1\">visiting this web page</a>.{/ts}\n        </td>\n       </tr>\n      {/if}\n     {/if}\n\n     {if $honor_block_is_active}\n      <tr>\n       <th {$headerStyle}>\n        {$soft_credit_type}\n       </th>\n      </tr>\n      {foreach from=$honoreeProfile item=value key=label}\n        <tr>\n         <td {$labelStyle}>\n          {$label}\n         </td>\n         <td {$valueStyle}>\n          {$value}\n         </td>\n        </tr>\n      {/foreach}\n     {/if}\n\n     {if $pcpBlock}\n      <tr>\n       <th {$headerStyle}>\n        {ts}Personal Campaign Page{/ts}\n       </th>\n      </tr>\n      <tr>\n       <td {$labelStyle}>\n        {ts}Display In Honor Roll{/ts}\n       </td>\n       <td {$valueStyle}>\n        {if $pcp_display_in_roll}{ts}Yes{/ts}{else}{ts}No{/ts}{/if}\n       </td>\n      </tr>\n      {if $pcp_roll_nickname}\n       <tr>\n        <td {$labelStyle}>\n         {ts}Nickname{/ts}\n        </td>\n        <td {$valueStyle}>\n         {$pcp_roll_nickname}\n        </td>\n       </tr>\n      {/if}\n      {if $pcp_personal_note}\n       <tr>\n        <td {$labelStyle}>\n         {ts}Personal Note{/ts}\n        </td>\n        <td {$valueStyle}>\n         {$pcp_personal_note}\n        </td>\n       </tr>\n      {/if}\n     {/if}\n\n     {if $onBehalfProfile}\n      <tr>\n       <th {$headerStyle}>\n        {$onBehalfProfile_grouptitle}\n       </th>\n      </tr>\n      {foreach from=$onBehalfProfile item=onBehalfValue key=onBehalfName}\n        <tr>\n         <td {$labelStyle}>\n          {$onBehalfName}\n         </td>\n         <td {$valueStyle}>\n          {$onBehalfValue}\n         </td>\n        </tr>\n      {/foreach}\n     {/if}\n\n     {if ! ($contributeMode eq \'notify\' OR $contributeMode eq \'directIPN\') and $is_monetary}\n      {if $is_pay_later}\n       <tr>\n        <th {$headerStyle}>\n         {ts}Registered Email{/ts}\n        </th>\n       </tr>\n       <tr>\n        <td colspan=\"2\" {$valueStyle}>\n         {$email}\n        </td>\n       </tr>\n      {elseif $amount GT 0 OR $membership_amount GT 0}\n       <tr>\n        <th {$headerStyle}>\n         {ts}Billing Name and Address{/ts}\n        </th>\n       </tr>\n       <tr>\n        <td colspan=\"2\" {$valueStyle}>\n         {$billingName}<br />\n         {$address|nl2br}<br />\n         {$email}\n        </td>\n       </tr>\n      {/if}\n     {/if}\n\n     {if $contributeMode eq \'direct\' AND !$is_pay_later AND ($amount GT 0 OR $membership_amount GT 0)}\n      <tr>\n       <th {$headerStyle}>\n        {ts}Credit Card Information{/ts}\n       </th>\n      </tr>\n      <tr>\n       <td colspan=\"2\" {$valueStyle}>\n        {$credit_card_type}<br />\n        {$credit_card_number}<br />\n        {ts}Expires{/ts}: {$credit_card_exp_date|truncate:7:\'\'|crmDate}<br />\n       </td>\n      </tr>\n     {/if}\n\n     {if $selectPremium}\n      <tr>\n       <th {$headerStyle}>\n        {ts}Premium Information{/ts}\n       </th>\n      </tr>\n      <tr>\n       <td colspan=\"2\" {$labelStyle}>\n        {$product_name}\n       </td>\n      </tr>\n      {if $option}\n       <tr>\n        <td {$labelStyle}>\n         {ts}Option{/ts}\n        </td>\n        <td {$valueStyle}>\n         {$option}\n        </td>\n       </tr>\n      {/if}\n      {if $sku}\n       <tr>\n        <td {$labelStyle}>\n         {ts}SKU{/ts}\n        </td>\n        <td {$valueStyle}>\n         {$sku}\n        </td>\n       </tr>\n      {/if}\n      {if $start_date}\n       <tr>\n        <td {$labelStyle}>\n         {ts}Start Date{/ts}\n        </td>\n        <td {$valueStyle}>\n         {$start_date|crmDate}\n        </td>\n       </tr>\n      {/if}\n      {if $end_date}\n       <tr>\n        <td {$labelStyle}>\n         {ts}End Date{/ts}\n        </td>\n        <td {$valueStyle}>\n         {$end_date|crmDate}\n        </td>\n       </tr>\n      {/if}\n      {if $contact_email OR $contact_phone}\n       <tr>\n        <td colspan=\"2\" {$valueStyle}>\n         <p>{ts}For information about this premium, contact:{/ts}</p>\n         {if $contact_email}\n          <p>{$contact_email}</p>\n         {/if}\n         {if $contact_phone}\n          <p>{$contact_phone}</p>\n         {/if}\n        </td>\n       </tr>\n      {/if}\n      {if $is_deductible AND $price}\n        <tr>\n         <td colspan=\"2\" {$valueStyle}>\n          <p>{ts 1=$price|crmMoney}The value of this premium is %1. This may affect the amount of the tax deduction you can claim. Consult your tax advisor for more information.{/ts}</p>\n         </td>\n        </tr>\n      {/if}\n     {/if}\n\n     {if $customPre}\n      <tr>\n       <th {$headerStyle}>\n        {$customPre_grouptitle}\n       </th>\n      </tr>\n      {foreach from=$customPre item=customValue key=customName}\n       {if ($trackingFields and ! in_array($customName, $trackingFields)) or ! $trackingFields}\n        <tr>\n         <td {$labelStyle}>\n          {$customName}\n         </td>\n         <td {$valueStyle}>\n          {$customValue}\n         </td>\n        </tr>\n       {/if}\n      {/foreach}\n     {/if}\n\n     {if $customPost}\n      <tr>\n       <th {$headerStyle}>\n        {$customPost_grouptitle}\n       </th>\n      </tr>\n      {foreach from=$customPost item=customValue key=customName}\n       {if ($trackingFields and ! in_array($customName, $trackingFields)) or ! $trackingFields}\n        <tr>\n         <td {$labelStyle}>\n          {$customName}\n         </td>\n         <td {$valueStyle}>\n          {$customValue}\n         </td>\n        </tr>\n       {/if}\n      {/foreach}\n     {/if}\n\n  </table>\n</center>\n\n</body>\n</html>\n',1,811,0,1,0,NULL),(49,'Memberships - Auto-renew Cancellation Notification','{ts}Autorenew Membership Cancellation Notification{/ts}\n','{ts 1=$membershipType}The automatic renewal of your %1 membership has been cancelled as requested. This does not affect the status of your membership - you will receive a separate notification when your membership is up for renewal.{/ts}\n\n===========================================================\n{ts}Membership Information{/ts}\n\n===========================================================\n{ts}Membership Status{/ts}: {$membership_status}\n{if $mem_start_date}{ts}Membership Start Date{/ts}: {$mem_start_date|crmDate}\n{/if}\n{if $mem_end_date}{ts}Membership End Date{/ts}: {$mem_end_date|crmDate}\n{/if}\n\n','<!DOCTYPE html PUBLIC \"-//W3C//DTD XHTML 1.0 Transitional//EN\" \"http://www.w3.org/TR/xhtml1/DTD/xhtml1-transitional.dtd\">\n<html xmlns=\"http://www.w3.org/1999/xhtml\">\n<head>\n <meta http-equiv=\"Content-Type\" content=\"text/html; charset=UTF-8\" />\n <title></title>\n</head>\n<body>\n\n{capture assign=headerStyle}colspan=\"2\" style=\"text-align: left; padding: 4px; border-bottom: 1px solid #999; background-color: #eee;\"{/capture}\n{capture assign=labelStyle }style=\"padding: 4px; border-bottom: 1px solid #999; background-color: #f7f7f7;\"{/capture}\n{capture assign=valueStyle }style=\"padding: 4px; border-bottom: 1px solid #999;\"{/capture}\n\n<center>\n <table width=\"500\" border=\"0\" cellpadding=\"0\" cellspacing=\"0\" id=\"crm-event_receipt\" style=\"font-family: Arial, Verdana, sans-serif; text-align: left;\">\n\n  <!-- BEGIN HEADER -->\n  <!-- You can add table row(s) here with logo or other header elements -->\n  <!-- END HEADER -->\n\n  <!-- BEGIN CONTENT -->\n\n  <tr>\n   <td>\n\n    <p>{ts 1=$membershipType}The automatic renewal of your %1 membership has been cancelled as requested. This does not affect the status of your membership - you will receive a separate notification when your membership is up for renewal.{/ts}</p>\n\n   </td>\n  </tr>\n </table>\n <table width=\"500\" style=\"border: 1px solid #999; margin: 1em 0em 1em; border-collapse: collapse;\">\n\n      <tr>\n       <th {$headerStyle}>\n        {ts}Membership Information{/ts}\n       </th>\n      </tr>\n      <tr>\n       <td {$labelStyle}>\n        {ts}Membership Status{/ts}\n       </td>\n       <td {$valueStyle}>\n        {$membership_status}\n       </td>\n      </tr>\n      {if $mem_start_date}\n       <tr>\n        <td {$labelStyle}>\n         {ts}Membership Start Date{/ts}\n        </td>\n        <td {$valueStyle}>\n         {$mem_start_date|crmDate}\n        </td>\n       </tr>\n      {/if}\n      {if $mem_end_date}\n       <tr>\n        <td {$labelStyle}>\n         {ts}Membership End Date{/ts}\n        </td>\n        <td {$valueStyle}>\n          {$mem_end_date|crmDate}\n        </td>\n       </tr>\n      {/if}\n\n </table>\n</center>\n\n</body>\n</html>\n',1,812,1,0,0,NULL),(50,'Memberships - Auto-renew Cancellation Notification','{ts}Autorenew Membership Cancellation Notification{/ts}\n','{ts 1=$membershipType}The automatic renewal of your %1 membership has been cancelled as requested. This does not affect the status of your membership - you will receive a separate notification when your membership is up for renewal.{/ts}\n\n===========================================================\n{ts}Membership Information{/ts}\n\n===========================================================\n{ts}Membership Status{/ts}: {$membership_status}\n{if $mem_start_date}{ts}Membership Start Date{/ts}: {$mem_start_date|crmDate}\n{/if}\n{if $mem_end_date}{ts}Membership End Date{/ts}: {$mem_end_date|crmDate}\n{/if}\n\n','<!DOCTYPE html PUBLIC \"-//W3C//DTD XHTML 1.0 Transitional//EN\" \"http://www.w3.org/TR/xhtml1/DTD/xhtml1-transitional.dtd\">\n<html xmlns=\"http://www.w3.org/1999/xhtml\">\n<head>\n <meta http-equiv=\"Content-Type\" content=\"text/html; charset=UTF-8\" />\n <title></title>\n</head>\n<body>\n\n{capture assign=headerStyle}colspan=\"2\" style=\"text-align: left; padding: 4px; border-bottom: 1px solid #999; background-color: #eee;\"{/capture}\n{capture assign=labelStyle }style=\"padding: 4px; border-bottom: 1px solid #999; background-color: #f7f7f7;\"{/capture}\n{capture assign=valueStyle }style=\"padding: 4px; border-bottom: 1px solid #999;\"{/capture}\n\n<center>\n <table width=\"500\" border=\"0\" cellpadding=\"0\" cellspacing=\"0\" id=\"crm-event_receipt\" style=\"font-family: Arial, Verdana, sans-serif; text-align: left;\">\n\n  <!-- BEGIN HEADER -->\n  <!-- You can add table row(s) here with logo or other header elements -->\n  <!-- END HEADER -->\n\n  <!-- BEGIN CONTENT -->\n\n  <tr>\n   <td>\n\n    <p>{ts 1=$membershipType}The automatic renewal of your %1 membership has been cancelled as requested. This does not affect the status of your membership - you will receive a separate notification when your membership is up for renewal.{/ts}</p>\n\n   </td>\n  </tr>\n </table>\n <table width=\"500\" style=\"border: 1px solid #999; margin: 1em 0em 1em; border-collapse: collapse;\">\n\n      <tr>\n       <th {$headerStyle}>\n        {ts}Membership Information{/ts}\n       </th>\n      </tr>\n      <tr>\n       <td {$labelStyle}>\n        {ts}Membership Status{/ts}\n       </td>\n       <td {$valueStyle}>\n        {$membership_status}\n       </td>\n      </tr>\n      {if $mem_start_date}\n       <tr>\n        <td {$labelStyle}>\n         {ts}Membership Start Date{/ts}\n        </td>\n        <td {$valueStyle}>\n         {$mem_start_date|crmDate}\n        </td>\n       </tr>\n      {/if}\n      {if $mem_end_date}\n       <tr>\n        <td {$labelStyle}>\n         {ts}Membership End Date{/ts}\n        </td>\n        <td {$valueStyle}>\n          {$mem_end_date|crmDate}\n        </td>\n       </tr>\n      {/if}\n\n </table>\n</center>\n\n</body>\n</html>\n',1,812,0,1,0,NULL),(51,'Memberships - Auto-renew Billing Updates','{ts}Membership Autorenewal Billing Updates{/ts}','{ts 1=$contact.display_name}Dear %1{/ts},\n\n{ts 1=$membershipType}Billing details for your automatically renewed %1 membership have been updated.{/ts}\n\n===========================================================\n{ts}Billing Name and Address{/ts}\n\n===========================================================\n{$billingName}\n{$address}\n\n{$email}\n\n===========================================================\n{ts}Credit Card Information{/ts}\n\n===========================================================\n{$credit_card_type}\n{$credit_card_number}\n{ts}Expires{/ts}: {$credit_card_exp_date|truncate:7:\'\'|crmDate}\n\n\n{ts 1=$receipt_from_email}If you have questions please contact us at %1{/ts}','<!DOCTYPE html PUBLIC \"-//W3C//DTD XHTML 1.0 Transitional//EN\" \"http://www.w3.org/TR/xhtml1/DTD/xhtml1-transitional.dtd\">\n<html xmlns=\"http://www.w3.org/1999/xhtml\">\n<head>\n <meta http-equiv=\"Content-Type\" content=\"text/html; charset=UTF-8\" />\n <title></title>\n</head>\n<body>\n\n{capture assign=headerStyle}colspan=\"2\" style=\"text-align: left; padding: 4px; border-bottom: 1px solid #999; background-color: #eee;\"{/capture}\n{capture assign=labelStyle }style=\"padding: 4px; border-bottom: 1px solid #999; background-color: #f7f7f7;\"{/capture}\n{capture assign=valueStyle }style=\"padding: 4px; border-bottom: 1px solid #999;\"{/capture}\n\n<center>\n <table width=\"620\" border=\"0\" cellpadding=\"0\" cellspacing=\"0\" id=\"crm-event_receipt\" style=\"font-family: Arial, Verdana, sans-serif; text-align: left;\">\n\n  <!-- BEGIN HEADER -->\n  <!-- You can add table row(s) here with logo or other header elements -->\n  <!-- END HEADER -->\n\n  <!-- BEGIN CONTENT -->\n\n  <tr>\n   <td>\n    <p>{ts 1=$contact.display_name}Dear %1{/ts},</p>\n    <p>{ts 1=$membershipType}Billing details for your automatically renewed %1 membership have been updated.{/ts}</p>\n   </td>\n  </tr>\n  <tr>\n </table>\n\n  <table width=\"500\" style=\"border: 1px solid #999; margin: 1em 0em 1em; border-collapse: collapse;\">\n<tr>\n        <th {$headerStyle}>\n         {ts}Billing Name and Address{/ts}\n        </th>\n       </tr>\n       <tr>\n        <td colspan=\"2\" {$valueStyle}>\n         {$billingName}<br />\n         {$address|nl2br}<br />\n         {$email}\n        </td>\n       </tr>\n        <tr>\n       <th {$headerStyle}>\n        {ts}Credit Card Information{/ts}\n       </th>\n      </tr>\n      <tr>\n       <td colspan=\"2\" {$valueStyle}>\n        {$credit_card_type}<br />\n        {$credit_card_number}<br />\n        {ts}Expires{/ts}: {$credit_card_exp_date|truncate:7:\'\'|crmDate}<br />\n       </td>\n      </tr>\n      <tr>\n        <td {$labelStyle}>\n         {ts 1=$receipt_from_email}If you have questions please contact us at %1{/ts}\n        </td>\n      </tr>\n\n  </table>\n</center>\n\n</body>\n</html>\n',1,813,1,0,0,NULL),(52,'Memberships - Auto-renew Billing Updates','{ts}Membership Autorenewal Billing Updates{/ts}','{ts 1=$contact.display_name}Dear %1{/ts},\n\n{ts 1=$membershipType}Billing details for your automatically renewed %1 membership have been updated.{/ts}\n\n===========================================================\n{ts}Billing Name and Address{/ts}\n\n===========================================================\n{$billingName}\n{$address}\n\n{$email}\n\n===========================================================\n{ts}Credit Card Information{/ts}\n\n===========================================================\n{$credit_card_type}\n{$credit_card_number}\n{ts}Expires{/ts}: {$credit_card_exp_date|truncate:7:\'\'|crmDate}\n\n\n{ts 1=$receipt_from_email}If you have questions please contact us at %1{/ts}','<!DOCTYPE html PUBLIC \"-//W3C//DTD XHTML 1.0 Transitional//EN\" \"http://www.w3.org/TR/xhtml1/DTD/xhtml1-transitional.dtd\">\n<html xmlns=\"http://www.w3.org/1999/xhtml\">\n<head>\n <meta http-equiv=\"Content-Type\" content=\"text/html; charset=UTF-8\" />\n <title></title>\n</head>\n<body>\n\n{capture assign=headerStyle}colspan=\"2\" style=\"text-align: left; padding: 4px; border-bottom: 1px solid #999; background-color: #eee;\"{/capture}\n{capture assign=labelStyle }style=\"padding: 4px; border-bottom: 1px solid #999; background-color: #f7f7f7;\"{/capture}\n{capture assign=valueStyle }style=\"padding: 4px; border-bottom: 1px solid #999;\"{/capture}\n\n<center>\n <table width=\"620\" border=\"0\" cellpadding=\"0\" cellspacing=\"0\" id=\"crm-event_receipt\" style=\"font-family: Arial, Verdana, sans-serif; text-align: left;\">\n\n  <!-- BEGIN HEADER -->\n  <!-- You can add table row(s) here with logo or other header elements -->\n  <!-- END HEADER -->\n\n  <!-- BEGIN CONTENT -->\n\n  <tr>\n   <td>\n    <p>{ts 1=$contact.display_name}Dear %1{/ts},</p>\n    <p>{ts 1=$membershipType}Billing details for your automatically renewed %1 membership have been updated.{/ts}</p>\n   </td>\n  </tr>\n  <tr>\n </table>\n\n  <table width=\"500\" style=\"border: 1px solid #999; margin: 1em 0em 1em; border-collapse: collapse;\">\n<tr>\n        <th {$headerStyle}>\n         {ts}Billing Name and Address{/ts}\n        </th>\n       </tr>\n       <tr>\n        <td colspan=\"2\" {$valueStyle}>\n         {$billingName}<br />\n         {$address|nl2br}<br />\n         {$email}\n        </td>\n       </tr>\n        <tr>\n       <th {$headerStyle}>\n        {ts}Credit Card Information{/ts}\n       </th>\n      </tr>\n      <tr>\n       <td colspan=\"2\" {$valueStyle}>\n        {$credit_card_type}<br />\n        {$credit_card_number}<br />\n        {ts}Expires{/ts}: {$credit_card_exp_date|truncate:7:\'\'|crmDate}<br />\n       </td>\n      </tr>\n      <tr>\n        <td {$labelStyle}>\n         {ts 1=$receipt_from_email}If you have questions please contact us at %1{/ts}\n        </td>\n      </tr>\n\n  </table>\n</center>\n\n</body>\n</html>\n',1,813,0,1,0,NULL),(53,'Test-drive - Receipt Header','[TEST]\n','***********************************************************\n\n{ts}Test-drive Email / Receipt{/ts}\n\n{ts}This is a test-drive email. No live financial transaction has occurred.{/ts}\n\n***********************************************************\n','<center>\n <table width=\"620\" border=\"0\" cellpadding=\"0\" cellspacing=\"0\" id=\"crm-event_receipt_test\" style=\"font-family: Arial, Verdana, sans-serif; text-align: left\">\n  <tr>\n   <td>\n    <p>{ts}Test-drive Email / Receipt{/ts}</p>\n    <p>{ts}This is a test-drive email. No live financial transaction has occurred.{/ts}</p>\n   </td>\n  </tr>\n </table>\n</center>\n',1,814,1,0,0,NULL),(54,'Test-drive - Receipt Header','[TEST]\n','***********************************************************\n\n{ts}Test-drive Email / Receipt{/ts}\n\n{ts}This is a test-drive email. No live financial transaction has occurred.{/ts}\n\n***********************************************************\n','<center>\n <table width=\"620\" border=\"0\" cellpadding=\"0\" cellspacing=\"0\" id=\"crm-event_receipt_test\" style=\"font-family: Arial, Verdana, sans-serif; text-align: left\">\n  <tr>\n   <td>\n    <p>{ts}Test-drive Email / Receipt{/ts}</p>\n    <p>{ts}This is a test-drive email. No live financial transaction has occurred.{/ts}</p>\n   </td>\n  </tr>\n </table>\n</center>\n',1,814,0,1,0,NULL),(55,'Pledges - Acknowledgement','{ts}Thank you for your Pledge{/ts}\n','{ts 1=$contact.display_name}Dear %1{/ts},\n\n{ts}Thank you for your generous pledge. Please print this acknowledgment for your records.{/ts}\n\n===========================================================\n{ts}Pledge Information{/ts}\n\n===========================================================\n{ts}Pledge Received{/ts}: {$create_date|truncate:10:\'\'|crmDate}\n{ts}Total Pledge Amount{/ts}: {$total_pledge_amount|crmMoney:$currency}\n\n===========================================================\n{ts}Payment Schedule{/ts}\n\n===========================================================\n{ts 1=$scheduled_amount|crmMoney:$currency 2=$frequency_interval 3=$frequency_unit 4=$installments}%1 every %2 %3 for %4 installments.{/ts}\n\n{if $frequency_day}\n\n{ts 1=$frequency_day 2=$frequency_unit}Payments are due on day %1 of the %2.{/ts}\n{/if}\n\n{if $payments}\n{assign var=\"count\" value=\"1\"}\n{foreach from=$payments item=payment}\n\n{ts 1=$count}Payment %1{/ts}: {$payment.amount|crmMoney:$currency} {if $payment.status eq 1}{ts}paid{/ts} {$payment.receive_date|truncate:10:\'\'|crmDate}{else}{ts}due{/ts} {$payment.due_date|truncate:10:\'\'|crmDate}{/if}\n{assign var=\"count\" value=`$count+1`}\n{/foreach}\n{/if}\n\n\n{ts 1=$domain.phone 2=$domain.email}Please contact us at %1 or send email to %2 if you have questions\nor need to modify your payment schedule.{/ts}\n\n{if $customGroup}\n{foreach from=$customGroup item=value key=customName}\n===========================================================\n{$customName}\n===========================================================\n{foreach from=$value item=v key=n}\n{$n}: {$v}\n{/foreach}\n{/foreach}\n{/if}\n','<!DOCTYPE html PUBLIC \"-//W3C//DTD XHTML 1.0 Transitional//EN\" \"http://www.w3.org/TR/xhtml1/DTD/xhtml1-transitional.dtd\">\n<html xmlns=\"http://www.w3.org/1999/xhtml\">\n<head>\n <meta http-equiv=\"Content-Type\" content=\"text/html; charset=UTF-8\" />\n <title></title>\n</head>\n<body>\n\n{capture assign=headerStyle}colspan=\"2\" style=\"text-align: left; padding: 4px; border-bottom: 1px solid #999; background-color: #eee;\"{/capture}\n{capture assign=labelStyle }style=\"padding: 4px; border-bottom: 1px solid #999; background-color: #f7f7f7;\"{/capture}\n{capture assign=valueStyle }style=\"padding: 4px; border-bottom: 1px solid #999;\"{/capture}\n\n<center>\n <table width=\"620\" border=\"0\" cellpadding=\"0\" cellspacing=\"0\" id=\"crm-event_receipt\" style=\"font-family: Arial, Verdana, sans-serif; text-align: left;\">\n\n  <!-- BEGIN HEADER -->\n  <!-- You can add table row(s) here with logo or other header elements -->\n  <!-- END HEADER -->\n\n  <!-- BEGIN CONTENT -->\n\n  <tr>\n   <td>\n    <p>{ts 1=$contact.display_name}dear %1{/ts},</p>\n    <p>{ts}thank you for your generous pledge. please print this acknowledgment for your records.{/ts}</p>\n   </td>\n  </tr>\n  <tr>\n   <td>\n    <table style=\"border: 1px solid #999; margin: 1em 0em 1em; border-collapse: collapse; width:100%;\">\n     <tr>\n      <th {$headerStyle}>\n       {ts}Pledge Information{/ts}\n      </th>\n     </tr>\n     <tr>\n      <td {$labelStyle}>\n       {ts}Pledge Received{/ts}\n      </td>\n      <td {$valueStyle}>\n       {$create_date|truncate:10:\'\'|crmDate}\n      </td>\n     </tr>\n     <tr>\n      <td {$labelStyle}>\n       {ts}Total Pledge Amount{/ts}\n      </td>\n      <td {$valueStyle}>\n       {$total_pledge_amount|crmMoney:$currency}\n      </td>\n     </tr>\n     <tr>\n      <th {$headerStyle}>\n       {ts}Payment Schedule{/ts}\n      </th>\n     </tr>\n     <tr>\n      <td colspan=\"2\" {$valueStyle}>\n       <p>{ts 1=$scheduled_amount|crmMoney:$currency 2=$frequency_interval 3=$frequency_unit 4=$installments}%1 every %2 %3 for %4 installments.{/ts}</p>\n\n       {if $frequency_day}\n        <p>{ts 1=$frequency_day 2=$frequency_unit}Payments are due on day %1 of the %2.{/ts}</p>\n       {/if}\n      </td>\n     </tr>\n\n     {if $payments}\n      {assign var=\"count\" value=\"1\"}\n      {foreach from=$payments item=payment}\n       <tr>\n        <td {$labelStyle}>\n         {ts 1=$count}Payment %1{/ts}\n        </td>\n        <td {$valueStyle}>\n         {$payment.amount|crmMoney:$currency} {if $payment.status eq 1}{ts}paid{/ts} {$payment.receive_date|truncate:10:\'\'|crmDate}{else}{ts}due{/ts} {$payment.due_date|truncate:10:\'\'|crmDate}{/if}\n        </td>\n       </tr>\n       {assign var=\"count\" value=`$count+1`}\n      {/foreach}\n     {/if}\n\n     <tr>\n      <td colspan=\"2\" {$valueStyle}>\n       <p>{ts 1=$domain.phone 2=$domain.email}Please contact us at %1 or send email to %2 if you have questions\nor need to modify your payment schedule.{/ts}</p>\n      </td>\n     </tr>\n\n     {if $customGroup}\n      {foreach from=$customGroup item=value key=customName}\n       <tr>\n        <th {$headerStyle}>\n         {$customName}\n        </th>\n       </tr>\n       {foreach from=$value item=v key=n}\n        <tr>\n         <td {$labelStyle}>\n          {$n}\n         </td>\n         <td {$valueStyle}>\n          {$v}\n         </td>\n        </tr>\n       {/foreach}\n      {/foreach}\n     {/if}\n\n    </table>\n   </td>\n  </tr>\n\n </table>\n</center>\n\n</body>\n</html>\n',1,815,1,0,0,NULL),(56,'Pledges - Acknowledgement','{ts}Thank you for your Pledge{/ts}\n','{ts 1=$contact.display_name}Dear %1{/ts},\n\n{ts}Thank you for your generous pledge. Please print this acknowledgment for your records.{/ts}\n\n===========================================================\n{ts}Pledge Information{/ts}\n\n===========================================================\n{ts}Pledge Received{/ts}: {$create_date|truncate:10:\'\'|crmDate}\n{ts}Total Pledge Amount{/ts}: {$total_pledge_amount|crmMoney:$currency}\n\n===========================================================\n{ts}Payment Schedule{/ts}\n\n===========================================================\n{ts 1=$scheduled_amount|crmMoney:$currency 2=$frequency_interval 3=$frequency_unit 4=$installments}%1 every %2 %3 for %4 installments.{/ts}\n\n{if $frequency_day}\n\n{ts 1=$frequency_day 2=$frequency_unit}Payments are due on day %1 of the %2.{/ts}\n{/if}\n\n{if $payments}\n{assign var=\"count\" value=\"1\"}\n{foreach from=$payments item=payment}\n\n{ts 1=$count}Payment %1{/ts}: {$payment.amount|crmMoney:$currency} {if $payment.status eq 1}{ts}paid{/ts} {$payment.receive_date|truncate:10:\'\'|crmDate}{else}{ts}due{/ts} {$payment.due_date|truncate:10:\'\'|crmDate}{/if}\n{assign var=\"count\" value=`$count+1`}\n{/foreach}\n{/if}\n\n\n{ts 1=$domain.phone 2=$domain.email}Please contact us at %1 or send email to %2 if you have questions\nor need to modify your payment schedule.{/ts}\n\n{if $customGroup}\n{foreach from=$customGroup item=value key=customName}\n===========================================================\n{$customName}\n===========================================================\n{foreach from=$value item=v key=n}\n{$n}: {$v}\n{/foreach}\n{/foreach}\n{/if}\n','<!DOCTYPE html PUBLIC \"-//W3C//DTD XHTML 1.0 Transitional//EN\" \"http://www.w3.org/TR/xhtml1/DTD/xhtml1-transitional.dtd\">\n<html xmlns=\"http://www.w3.org/1999/xhtml\">\n<head>\n <meta http-equiv=\"Content-Type\" content=\"text/html; charset=UTF-8\" />\n <title></title>\n</head>\n<body>\n\n{capture assign=headerStyle}colspan=\"2\" style=\"text-align: left; padding: 4px; border-bottom: 1px solid #999; background-color: #eee;\"{/capture}\n{capture assign=labelStyle }style=\"padding: 4px; border-bottom: 1px solid #999; background-color: #f7f7f7;\"{/capture}\n{capture assign=valueStyle }style=\"padding: 4px; border-bottom: 1px solid #999;\"{/capture}\n\n<center>\n <table width=\"620\" border=\"0\" cellpadding=\"0\" cellspacing=\"0\" id=\"crm-event_receipt\" style=\"font-family: Arial, Verdana, sans-serif; text-align: left;\">\n\n  <!-- BEGIN HEADER -->\n  <!-- You can add table row(s) here with logo or other header elements -->\n  <!-- END HEADER -->\n\n  <!-- BEGIN CONTENT -->\n\n  <tr>\n   <td>\n    <p>{ts 1=$contact.display_name}dear %1{/ts},</p>\n    <p>{ts}thank you for your generous pledge. please print this acknowledgment for your records.{/ts}</p>\n   </td>\n  </tr>\n  <tr>\n   <td>\n    <table style=\"border: 1px solid #999; margin: 1em 0em 1em; border-collapse: collapse; width:100%;\">\n     <tr>\n      <th {$headerStyle}>\n       {ts}Pledge Information{/ts}\n      </th>\n     </tr>\n     <tr>\n      <td {$labelStyle}>\n       {ts}Pledge Received{/ts}\n      </td>\n      <td {$valueStyle}>\n       {$create_date|truncate:10:\'\'|crmDate}\n      </td>\n     </tr>\n     <tr>\n      <td {$labelStyle}>\n       {ts}Total Pledge Amount{/ts}\n      </td>\n      <td {$valueStyle}>\n       {$total_pledge_amount|crmMoney:$currency}\n      </td>\n     </tr>\n     <tr>\n      <th {$headerStyle}>\n       {ts}Payment Schedule{/ts}\n      </th>\n     </tr>\n     <tr>\n      <td colspan=\"2\" {$valueStyle}>\n       <p>{ts 1=$scheduled_amount|crmMoney:$currency 2=$frequency_interval 3=$frequency_unit 4=$installments}%1 every %2 %3 for %4 installments.{/ts}</p>\n\n       {if $frequency_day}\n        <p>{ts 1=$frequency_day 2=$frequency_unit}Payments are due on day %1 of the %2.{/ts}</p>\n       {/if}\n      </td>\n     </tr>\n\n     {if $payments}\n      {assign var=\"count\" value=\"1\"}\n      {foreach from=$payments item=payment}\n       <tr>\n        <td {$labelStyle}>\n         {ts 1=$count}Payment %1{/ts}\n        </td>\n        <td {$valueStyle}>\n         {$payment.amount|crmMoney:$currency} {if $payment.status eq 1}{ts}paid{/ts} {$payment.receive_date|truncate:10:\'\'|crmDate}{else}{ts}due{/ts} {$payment.due_date|truncate:10:\'\'|crmDate}{/if}\n        </td>\n       </tr>\n       {assign var=\"count\" value=`$count+1`}\n      {/foreach}\n     {/if}\n\n     <tr>\n      <td colspan=\"2\" {$valueStyle}>\n       <p>{ts 1=$domain.phone 2=$domain.email}Please contact us at %1 or send email to %2 if you have questions\nor need to modify your payment schedule.{/ts}</p>\n      </td>\n     </tr>\n\n     {if $customGroup}\n      {foreach from=$customGroup item=value key=customName}\n       <tr>\n        <th {$headerStyle}>\n         {$customName}\n        </th>\n       </tr>\n       {foreach from=$value item=v key=n}\n        <tr>\n         <td {$labelStyle}>\n          {$n}\n         </td>\n         <td {$valueStyle}>\n          {$v}\n         </td>\n        </tr>\n       {/foreach}\n      {/foreach}\n     {/if}\n\n    </table>\n   </td>\n  </tr>\n\n </table>\n</center>\n\n</body>\n</html>\n',1,815,0,1,0,NULL),(57,'Pledges - Payment Reminder','{ts}Pledge Payment Reminder{/ts}\n','{ts 1=$contact.display_name}Dear %1{/ts},\n\n{ts 1=$next_payment|truncate:10:\'\'|crmDate}This is a reminder that the next payment on your pledge is due on %1.{/ts}\n\n===========================================================\n{ts}Payment Due{/ts}\n\n===========================================================\n{ts}Amount Due{/ts}: {$amount_due|crmMoney:$currency}\n{ts}Due Date{/ts}: {$scheduled_payment_date|truncate:10:\'\'|crmDate}\n\n{if $contribution_page_id}\n{capture assign=contributionUrl}{crmURL p=\'civicrm/contribute/transact\' q=\"reset=1&id=`$contribution_page_id`&cid=`$contact.contact_id`&pledgeId=`$pledge_id`&cs=`$checksumValue`\" a=true h=0}{/capture}\nClick this link to go to a web page where you can make your payment online:\n{$contributionUrl}\n{else}\n{ts}Please mail your payment to{/ts}:\n{$domain.address}\n{/if}\n\n===========================================================\n{ts}Pledge Information{/ts}\n\n===========================================================\n{ts}Pledge Received{/ts}: {$create_date|truncate:10:\'\'|crmDate}\n{ts}Total Pledge Amount{/ts}: {$amount|crmMoney:$currency}\n{ts}Total Paid{/ts}: {$amount_paid|crmMoney:$currency}\n\n{ts 1=$domain.phone 2=$domain.email}Please contact us at %1 or send email to %2 if you have questions\nor need to modify your payment schedule.{/ts}\n\n\n{ts}Thank your for your generous support.{/ts}\n','<!DOCTYPE html PUBLIC \"-//W3C//DTD XHTML 1.0 Transitional//EN\" \"http://www.w3.org/TR/xhtml1/DTD/xhtml1-transitional.dtd\">\n<html xmlns=\"http://www.w3.org/1999/xhtml\">\n<head>\n <meta http-equiv=\"Content-Type\" content=\"text/html; charset=UTF-8\" />\n <title></title>\n</head>\n<body>\n\n{capture assign=headerStyle}colspan=\"2\" style=\"text-align: left; padding: 4px; border-bottom: 1px solid #999; background-color: #eee;\"{/capture}\n{capture assign=labelStyle }style=\"padding: 4px; border-bottom: 1px solid #999; background-color: #f7f7f7;\"{/capture}\n{capture assign=valueStyle }style=\"padding: 4px; border-bottom: 1px solid #999;\"{/capture}\n\n<center>\n <table width=\"620\" border=\"0\" cellpadding=\"0\" cellspacing=\"0\" id=\"crm-event_receipt\" style=\"font-family: Arial, Verdana, sans-serif; text-align: left;\">\n\n  <!-- BEGIN HEADER -->\n  <!-- You can add table row(s) here with logo or other header elements -->\n  <!-- END HEADER -->\n\n  <!-- BEGIN CONTENT -->\n\n  <tr>\n   <td>\n    <p>{ts 1=$contact.display_name}Dear %1{/ts},</p>\n    <p>{ts 1=$next_payment|truncate:10:\'\'|crmDate}This is a reminder that the next payment on your pledge is due on %1.{/ts}</p>\n   </td>\n  </tr>\n  <tr>\n   <td>\n    <table style=\"border: 1px solid #999; margin: 1em 0em 1em; border-collapse: collapse; width:100%;\">\n     <tr>\n      <th {$headerStyle}>\n       {ts}Payment Due{/ts}\n      </th>\n     </tr>\n     <tr>\n      <td {$labelStyle}>\n       {ts}Amount Due{/ts}\n      </td>\n      <td {$valueStyle}>\n       {$amount_due|crmMoney:$currency}\n      </td>\n     </tr>\n    </table>\n   </td>\n  </tr>\n\n  <tr>\n   <td>\n    {if $contribution_page_id}\n     {capture assign=contributionUrl}{crmURL p=\'civicrm/contribute/transact\' q=\"reset=1&id=`$contribution_page_id`&cid=`$contact.contact_id`&pledgeId=`$pledge_id`&cs=`$checksumValue`\" a=true h=0}{/capture}\n     <p><a href=\"{$contributionUrl}\">{ts}Go to a web page where you can make your payment online{/ts}</a></p>\n    {else}\n     <p>{ts}Please mail your payment to{/ts}: {$domain.address}</p>\n    {/if}\n   </td>\n  </tr>\n\n  <tr>\n   <td>\n    <table style=\"border: 1px solid #999; margin: 1em 0em 1em; border-collapse: collapse; width:100%;\">\n     <tr>\n      <th {$headerStyle}>\n       {ts}Pledge Information{/ts}\n      </th>\n     </tr>\n     <tr>\n      <td {$labelStyle}>\n       {ts}Pledge Received{/ts}\n      </td>\n      <td {$valueStyle}>\n       {$create_date|truncate:10:\'\'|crmDate}\n      </td>\n     </tr>\n     <tr>\n      <td {$labelStyle}>\n       {ts}Total Pledge Amount{/ts}\n      </td>\n      <td {$valueStyle}>\n       {$amount|crmMoney:$currency}\n      </td>\n     </tr>\n     <tr>\n      <td {$labelStyle}>\n       {ts}Total Paid{/ts}\n      </td>\n      <td {$valueStyle}>\n       {$amount_paid|crmMoney:$currency}\n      </td>\n     </tr>\n    </table>\n   </td>\n  </tr>\n\n  <tr>\n   <td>\n    <p>{ts 1=$domain.phone 2=$domain.email}Please contact us at %1 or send email to %2 if you have questions\nor need to modify your payment schedule.{/ts}</p>\n    <p>{ts}Thank your for your generous support.{/ts}</p>\n   </td>\n  </tr>\n\n </table>\n</center>\n\n</body>\n</html>\n',1,816,1,0,0,NULL),(58,'Pledges - Payment Reminder','{ts}Pledge Payment Reminder{/ts}\n','{ts 1=$contact.display_name}Dear %1{/ts},\n\n{ts 1=$next_payment|truncate:10:\'\'|crmDate}This is a reminder that the next payment on your pledge is due on %1.{/ts}\n\n===========================================================\n{ts}Payment Due{/ts}\n\n===========================================================\n{ts}Amount Due{/ts}: {$amount_due|crmMoney:$currency}\n{ts}Due Date{/ts}: {$scheduled_payment_date|truncate:10:\'\'|crmDate}\n\n{if $contribution_page_id}\n{capture assign=contributionUrl}{crmURL p=\'civicrm/contribute/transact\' q=\"reset=1&id=`$contribution_page_id`&cid=`$contact.contact_id`&pledgeId=`$pledge_id`&cs=`$checksumValue`\" a=true h=0}{/capture}\nClick this link to go to a web page where you can make your payment online:\n{$contributionUrl}\n{else}\n{ts}Please mail your payment to{/ts}:\n{$domain.address}\n{/if}\n\n===========================================================\n{ts}Pledge Information{/ts}\n\n===========================================================\n{ts}Pledge Received{/ts}: {$create_date|truncate:10:\'\'|crmDate}\n{ts}Total Pledge Amount{/ts}: {$amount|crmMoney:$currency}\n{ts}Total Paid{/ts}: {$amount_paid|crmMoney:$currency}\n\n{ts 1=$domain.phone 2=$domain.email}Please contact us at %1 or send email to %2 if you have questions\nor need to modify your payment schedule.{/ts}\n\n\n{ts}Thank your for your generous support.{/ts}\n','<!DOCTYPE html PUBLIC \"-//W3C//DTD XHTML 1.0 Transitional//EN\" \"http://www.w3.org/TR/xhtml1/DTD/xhtml1-transitional.dtd\">\n<html xmlns=\"http://www.w3.org/1999/xhtml\">\n<head>\n <meta http-equiv=\"Content-Type\" content=\"text/html; charset=UTF-8\" />\n <title></title>\n</head>\n<body>\n\n{capture assign=headerStyle}colspan=\"2\" style=\"text-align: left; padding: 4px; border-bottom: 1px solid #999; background-color: #eee;\"{/capture}\n{capture assign=labelStyle }style=\"padding: 4px; border-bottom: 1px solid #999; background-color: #f7f7f7;\"{/capture}\n{capture assign=valueStyle }style=\"padding: 4px; border-bottom: 1px solid #999;\"{/capture}\n\n<center>\n <table width=\"620\" border=\"0\" cellpadding=\"0\" cellspacing=\"0\" id=\"crm-event_receipt\" style=\"font-family: Arial, Verdana, sans-serif; text-align: left;\">\n\n  <!-- BEGIN HEADER -->\n  <!-- You can add table row(s) here with logo or other header elements -->\n  <!-- END HEADER -->\n\n  <!-- BEGIN CONTENT -->\n\n  <tr>\n   <td>\n    <p>{ts 1=$contact.display_name}Dear %1{/ts},</p>\n    <p>{ts 1=$next_payment|truncate:10:\'\'|crmDate}This is a reminder that the next payment on your pledge is due on %1.{/ts}</p>\n   </td>\n  </tr>\n  <tr>\n   <td>\n    <table style=\"border: 1px solid #999; margin: 1em 0em 1em; border-collapse: collapse; width:100%;\">\n     <tr>\n      <th {$headerStyle}>\n       {ts}Payment Due{/ts}\n      </th>\n     </tr>\n     <tr>\n      <td {$labelStyle}>\n       {ts}Amount Due{/ts}\n      </td>\n      <td {$valueStyle}>\n       {$amount_due|crmMoney:$currency}\n      </td>\n     </tr>\n    </table>\n   </td>\n  </tr>\n\n  <tr>\n   <td>\n    {if $contribution_page_id}\n     {capture assign=contributionUrl}{crmURL p=\'civicrm/contribute/transact\' q=\"reset=1&id=`$contribution_page_id`&cid=`$contact.contact_id`&pledgeId=`$pledge_id`&cs=`$checksumValue`\" a=true h=0}{/capture}\n     <p><a href=\"{$contributionUrl}\">{ts}Go to a web page where you can make your payment online{/ts}</a></p>\n    {else}\n     <p>{ts}Please mail your payment to{/ts}: {$domain.address}</p>\n    {/if}\n   </td>\n  </tr>\n\n  <tr>\n   <td>\n    <table style=\"border: 1px solid #999; margin: 1em 0em 1em; border-collapse: collapse; width:100%;\">\n     <tr>\n      <th {$headerStyle}>\n       {ts}Pledge Information{/ts}\n      </th>\n     </tr>\n     <tr>\n      <td {$labelStyle}>\n       {ts}Pledge Received{/ts}\n      </td>\n      <td {$valueStyle}>\n       {$create_date|truncate:10:\'\'|crmDate}\n      </td>\n     </tr>\n     <tr>\n      <td {$labelStyle}>\n       {ts}Total Pledge Amount{/ts}\n      </td>\n      <td {$valueStyle}>\n       {$amount|crmMoney:$currency}\n      </td>\n     </tr>\n     <tr>\n      <td {$labelStyle}>\n       {ts}Total Paid{/ts}\n      </td>\n      <td {$valueStyle}>\n       {$amount_paid|crmMoney:$currency}\n      </td>\n     </tr>\n    </table>\n   </td>\n  </tr>\n\n  <tr>\n   <td>\n    <p>{ts 1=$domain.phone 2=$domain.email}Please contact us at %1 or send email to %2 if you have questions\nor need to modify your payment schedule.{/ts}</p>\n    <p>{ts}Thank your for your generous support.{/ts}</p>\n   </td>\n  </tr>\n\n </table>\n</center>\n\n</body>\n</html>\n',1,816,0,1,0,NULL),(59,'Profiles - Admin Notification','{$grouptitle} {ts 1=$displayName}Submitted by %1{/ts}\n','{ts}Submitted For:{/ts} {$displayName}\n{ts}Date:{/ts} {$currentDate}\n{ts}Contact Summary:{/ts} {$contactLink}\n\n===========================================================\n{$grouptitle}\n\n===========================================================\n{foreach from=$values item=value key=valueName}\n{$valueName}: {$value}\n{/foreach}\n','<!DOCTYPE html PUBLIC \"-//W3C//DTD XHTML 1.0 Transitional//EN\" \"http://www.w3.org/TR/xhtml1/DTD/xhtml1-transitional.dtd\">\n<html xmlns=\"http://www.w3.org/1999/xhtml\">\n<head>\n <meta http-equiv=\"Content-Type\" content=\"text/html; charset=UTF-8\" />\n <title></title>\n</head>\n<body>\n\n{capture assign=headerStyle}colspan=\"2\" style=\"text-align: left; padding: 4px; border-bottom: 1px solid #999; background-color: #eee;\"{/capture}\n{capture assign=labelStyle }style=\"padding: 4px; border-bottom: 1px solid #999; background-color: #f7f7f7;\"{/capture}\n{capture assign=valueStyle }style=\"padding: 4px; border-bottom: 1px solid #999;\"{/capture}\n\n<center>\n <table width=\"620\" border=\"0\" cellpadding=\"0\" cellspacing=\"0\" id=\"crm-event_receipt\" style=\"font-family: Arial, Verdana, sans-serif; text-align: left;\">\n\n  <!-- BEGIN HEADER -->\n  <!-- You can add table row(s) here with logo or other header elements -->\n  <!-- END HEADER -->\n\n  <!-- BEGIN CONTENT -->\n\n  <tr>\n   <td>\n    <table style=\"border: 1px solid #999; margin: 1em 0em 1em; border-collapse: collapse; width:100%;\">\n     <tr>\n      <td {$labelStyle}>\n       {ts}Submitted For{/ts}\n      </td>\n      <td {$valueStyle}>\n       {$displayName}\n      </td>\n     </tr>\n     <tr>\n      <td {$labelStyle}>\n       {ts}Date{/ts}\n      </td>\n      <td {$valueStyle}>\n       {$currentDate}\n      </td>\n     </tr>\n     <tr>\n      <td {$labelStyle}>\n       {ts}Contact Summary{/ts}\n      </td>\n      <td {$valueStyle}>\n       {$contactLink}\n      </td>\n     </tr>\n\n     <tr>\n      <th {$headerStyle}>\n       {$grouptitle}\n      </th>\n     </tr>\n\n     {foreach from=$values item=value key=valueName}\n      <tr>\n       <td {$labelStyle}>\n        {$valueName}\n       </td>\n       <td {$valueStyle}>\n        {$value}\n       </td>\n      </tr>\n     {/foreach}\n    </table>\n   </td>\n  </tr>\n\n </table>\n</center>\n\n</body>\n</html>\n',1,817,1,0,0,NULL),(60,'Profiles - Admin Notification','{$grouptitle} {ts 1=$displayName}Submitted by %1{/ts}\n','{ts}Submitted For:{/ts} {$displayName}\n{ts}Date:{/ts} {$currentDate}\n{ts}Contact Summary:{/ts} {$contactLink}\n\n===========================================================\n{$grouptitle}\n\n===========================================================\n{foreach from=$values item=value key=valueName}\n{$valueName}: {$value}\n{/foreach}\n','<!DOCTYPE html PUBLIC \"-//W3C//DTD XHTML 1.0 Transitional//EN\" \"http://www.w3.org/TR/xhtml1/DTD/xhtml1-transitional.dtd\">\n<html xmlns=\"http://www.w3.org/1999/xhtml\">\n<head>\n <meta http-equiv=\"Content-Type\" content=\"text/html; charset=UTF-8\" />\n <title></title>\n</head>\n<body>\n\n{capture assign=headerStyle}colspan=\"2\" style=\"text-align: left; padding: 4px; border-bottom: 1px solid #999; background-color: #eee;\"{/capture}\n{capture assign=labelStyle }style=\"padding: 4px; border-bottom: 1px solid #999; background-color: #f7f7f7;\"{/capture}\n{capture assign=valueStyle }style=\"padding: 4px; border-bottom: 1px solid #999;\"{/capture}\n\n<center>\n <table width=\"620\" border=\"0\" cellpadding=\"0\" cellspacing=\"0\" id=\"crm-event_receipt\" style=\"font-family: Arial, Verdana, sans-serif; text-align: left;\">\n\n  <!-- BEGIN HEADER -->\n  <!-- You can add table row(s) here with logo or other header elements -->\n  <!-- END HEADER -->\n\n  <!-- BEGIN CONTENT -->\n\n  <tr>\n   <td>\n    <table style=\"border: 1px solid #999; margin: 1em 0em 1em; border-collapse: collapse; width:100%;\">\n     <tr>\n      <td {$labelStyle}>\n       {ts}Submitted For{/ts}\n      </td>\n      <td {$valueStyle}>\n       {$displayName}\n      </td>\n     </tr>\n     <tr>\n      <td {$labelStyle}>\n       {ts}Date{/ts}\n      </td>\n      <td {$valueStyle}>\n       {$currentDate}\n      </td>\n     </tr>\n     <tr>\n      <td {$labelStyle}>\n       {ts}Contact Summary{/ts}\n      </td>\n      <td {$valueStyle}>\n       {$contactLink}\n      </td>\n     </tr>\n\n     <tr>\n      <th {$headerStyle}>\n       {$grouptitle}\n      </th>\n     </tr>\n\n     {foreach from=$values item=value key=valueName}\n      <tr>\n       <td {$labelStyle}>\n        {$valueName}\n       </td>\n       <td {$valueStyle}>\n        {$value}\n       </td>\n      </tr>\n     {/foreach}\n    </table>\n   </td>\n  </tr>\n\n </table>\n</center>\n\n</body>\n</html>\n',1,817,0,1,0,NULL),(61,'Petition - signature added','Thank you for signing {$petition.title}','Thank you for signing {$petition.title}.\n','<p>Thank you for signing {$petition.title}.</p>\n\n{include file=\"CRM/Campaign/Page/Petition/SocialNetwork.tpl\" petition_id=$survey_id noscript=true emailMode=true}\n',1,818,1,0,0,NULL),(62,'Petition - signature added','Thank you for signing {$petition.title}','Thank you for signing {$petition.title}.\n','<p>Thank you for signing {$petition.title}.</p>\n\n{include file=\"CRM/Campaign/Page/Petition/SocialNetwork.tpl\" petition_id=$survey_id noscript=true emailMode=true}\n',1,818,0,1,0,NULL),(63,'Petition - need verification','Confirmation of signature needed for {$petition.title}\n','Thank you for signing {$petition.title}.\n\nIn order to complete your signature, we must confirm your e-mail.\nPlease do so by visiting the following email confirmation web page:\n\n{$petition.confirmUrlPlainText}\n\nIf you did not sign this petition, please ignore this message.\n','<p>Thank you for signing {$petition.title}.</p>\n\n<p>In order to <b>complete your signature</b>, we must confirm your e-mail.\n<br />\nPlease do so by visiting the following web page by clicking\non the link below or pasting the link into your browser.\n<br /><br />\nEmail confirmation page: <a href=\"{$petition.confirmUrl} \">{$petition.confirmUrl}</a></p>\n\n<p>If you did not sign this petition, please ignore this message.</p>\n',1,819,1,0,0,NULL),(64,'Petition - need verification','Confirmation of signature needed for {$petition.title}\n','Thank you for signing {$petition.title}.\n\nIn order to complete your signature, we must confirm your e-mail.\nPlease do so by visiting the following email confirmation web page:\n\n{$petition.confirmUrlPlainText}\n\nIf you did not sign this petition, please ignore this message.\n','<p>Thank you for signing {$petition.title}.</p>\n\n<p>In order to <b>complete your signature</b>, we must confirm your e-mail.\n<br />\nPlease do so by visiting the following web page by clicking\non the link below or pasting the link into your browser.\n<br /><br />\nEmail confirmation page: <a href=\"{$petition.confirmUrl} \">{$petition.confirmUrl}</a></p>\n\n<p>If you did not sign this petition, please ignore this message.</p>\n',1,819,0,1,0,NULL),(65,'Sample CiviMail Newsletter Template','Sample CiviMail Newsletter','','<!DOCTYPE html PUBLIC \"-//W3C//DTD XHTML 1.0 Transitional//EN\" \"http://www.w3.org/TR/xhtml1/DTD/xhtml1-transitional.dtd\">\n<html xmlns=\"http://www.w3.org/1999/xhtml\">\n<head>\n <meta http-equiv=\"Content-Type\" content=\"text/html; charset=UTF-8\" />\n <title></title>\n</head>\n<body>\n\n<table width=612 cellpadding=0 cellspacing=0 bgcolor=\"#ffffff\">\n  <tr>\n    <td colspan=\"2\" bgcolor=\"#ffffff\" valign=\"middle\" >\n      <table border=\"0\" cellpadding=\"0\" cellspacing=\"0\" >\n        <tr>\n          <td>\n          <a href=\"https://civicrm.org\"><img src=\"https://civicrm.org/sites/civicrm.org/files/top-logo_2.png\" border=0 alt=\"Replace this logo with the URL to your own\"></a>\n          </td>\n          <td>&nbsp; &nbsp;</td>\n          <td>\n          <a href=\"https://civicrm.org\" style=\"text-decoration: none;\"><font size=5 face=\"Arial, Verdana, sans-serif\" color=\"#8bc539\">Your Newsletter Title</font></a>\n          </td>\n        </tr>\n      </table>\n    </td>\n  </tr>\n  <tr>\n    <td valign=\"top\" width=\"70%\">\n      <!-- left column -->\n      <table cellpadding=\"10\" cellspacing=\"0\" border=\"0\">\n      <tr>\n        <td style=\"font-family: Arial, Verdana, sans-serif; font-size: 12px;\" >\n        <font face=\"Arial, Verdana, sans-serif\" size=\"2\" >\n        Greetings {contact.display_name},\n        <br /><br />\n        This is a sample template designed to help you get started creating and sending your own CiviMail messages. This template uses an HTML layout that is generally compatible with the wide variety of email clients that your recipients might be using (e.g. Gmail, Outlook, Yahoo, etc.).\n        <br /><br />You can select this \"Sample CiviMail Newsletter Template\" from the \"Use Template\" drop-down in Step 3 of creating a mailing, and customize it to your needs. Then check the \"Save as New Template\" box on the bottom the page to save your customized version for use in future mailings.\n        <br /><br />The logo you use must be uploaded to your server.  Copy and paste the URL path to the logo into the &lt;img src= tag in the HTML at the top.  Click \"Source\" or the Image button if you are using the text editor.\n        <br /><br />\n        Edit the color of the links and headers using the color button or by editing the HTML.\n        <br /><br />\n        Your newsletter message and donation appeal can go here.  Click the link button to <a href=\"#\">create links</a> - remember to use a fully qualified URL starting with http:// in all your links!\n        <br /><br />\n        To use CiviMail:\n        <ul>\n          <li><a href=\"http://book.civicrm.org/user/advanced-configuration/email-system-configuration/\">Configure your Email System</a>.</li>\n          <li>Make sure your web hosting provider allows outgoing bulk mail, and see if they have a restriction on quantity.  If they don\'t allow bulk mail, consider <a href=\"https://civicrm.org/providers/hosting\">finding a new host</a>.</li>\n        </ul>\n        Sincerely,\n        <br /><br />\n        Your Team\n        <br /><br />\n        </font>\n        </td>\n      </tr>\n      </table>\n    </td>\n\n    <td valign=\"top\" width=\"30%\" bgcolor=\"#ffffff\" style=\"border: 1px solid #056085;\">\n      <!-- right column -->\n      <table cellpadding=10 cellspacing=0 border=0>\n      <tr>\n        <td bgcolor=\"#056085\"><font face=\"Arial, Verdana, sans-serif\" size=\"4\" color=\"#ffffff\">News and Events</font></td>\n      </tr>\n      <tr>\n        <td style=\"color: #000; font-family: Arial, Verdana, sans-serif; font-size: 12px;\" >\n        <font face=\"Arial, Verdana, sans-serif\" size=\"2\" >\n        <font color=\"#056085\"><strong>Featured Events</strong> </font><br />\n        Fundraising Dinner<br />\n        Training Meeting<br />\n        Board of Directors Annual Meeting<br />\n\n        <br /><br />\n        <font color=\"#056085\"><strong>Community Events</strong></font><br />\n        Bake Sale<br />\n        Charity Auction<br />\n        Art Exhibit<br />\n\n        <br /><br />\n        <font color=\"#056085\"><strong>Important Dates</strong></font><br />\n        Tuesday August 27<br />\n        Wednesday September 8<br />\n        Thursday September 29<br />\n        Saturday October 1<br />\n        Sunday October 20<br />\n        </font>\n        </td>\n      </tr>\n      </table>\n    </td>\n  </tr>\n\n  <tr>\n    <td colspan=\"2\">\n      <table cellpadding=\"10\" cellspacing=\"0\" border=\"0\">\n      <tr>\n        <td>\n        <font face=\"Arial, Verdana, sans-serif\" size=\"2\" >\n        <font color=\"#7dc857\"><strong>Helpful Tips</strong></font>\n        <br /><br />\n        <font color=\"#3b5187\">Tokens</font><br />\n        Click \"Insert Tokens\" to dynamically insert names, addresses, and other contact data of your recipients.\n        <br /><br />\n        <font color=\"#3b5187\">Plain Text Version</font><br />\n        Some people refuse HTML emails altogether.  We recommend sending a plain-text version of your important communications to accommodate them.  Luckily, CiviCRM accommodates for this!  Just click \"Plain Text\" and copy and paste in some text.  Line breaks (carriage returns) and fully qualified URLs like http://www.example.com are all you get, no HTML here!\n        <br /><br />\n        <font color=\"#3b5187\">Play by the Rules</font><br />\n        The address of the sender is required by the Can Spam Act law.  This is an available token called domain.address.  An unsubscribe or opt-out link is also required.  There are several available tokens for this. <em>{action.optOutUrl}</em> creates a link for recipients to click if they want to opt out of receiving  emails from your organization. <em>{action.unsubscribeUrl}</em> creates a link to unsubscribe from the specific mailing list used to send this message. Click on \"Insert Tokens\" to find these and look for tokens named \"Domain\" or \"Unsubscribe\".  This sample template includes both required tokens at the bottom of the message. You can also configure a default Mailing Footer containing these tokens.\n        <br /><br />\n        <font color=\"#3b5187\">Composing Offline</font><br />\n        If you prefer to compose an HTML email offline in your own text editor, you can upload this HTML content into CiviMail or simply click \"Source\" and then copy and paste the HTML in.\n        <br /><br />\n        <font color=\"#3b5187\">Images</font><br />\n        Most email clients these days (Outlook, Gmail, etc) block image loading by default.  This is to protect their users from annoying or harmful email.  Not much we can do about this, so encourage recipients to add you to their contacts or \"whitelist\".  Also use images sparingly, do not rely on images to convey vital information, and always use HTML \"alt\" tags which describe the image content.\n        </td>\n      </tr>\n      </table>\n    </td>\n  </tr>\n  <tr>\n    <td colspan=\"2\" style=\"color: #000; font-family: Arial, Verdana, sans-serif; font-size: 10px;\">\n      <font face=\"Arial, Verdana, sans-serif\" size=\"2\" >\n      <hr />\n      <a href=\"{action.unsubscribeUrl}\" title=\"click to unsubscribe\">Click here</a> to unsubscribe from this mailing list.<br /><br />\n      Our mailing address is:<br />\n      {domain.address}\n    </td>\n  </tr>\n  </table>\n\n</body>\n</html>\n',1,NULL,1,0,0,NULL),(66,'Sample Responsive Design Newsletter - Single Column Template','Sample Responsive Design Newsletter - Single Column','','<html xmlns=\"http://www.w3.org/1999/xhtml\">\n<meta content=\"text/html; charset=utf-8\" http-equiv=\"Content-Type\" />\n  <meta content=\"width=device-width, initial-scale=1.0\" name=\"viewport\" />\n  <title></title>\n\n  <style type=\"text/css\">\n    {literal}\n    /* Client-specific Styles */\n    #outlook a {padding:0;} /* Force Outlook to provide a \"view in browser\" menu link. */\n    body{width:100% !important; -webkit-text-size-adjust:100%; -ms-text-size-adjust:100%; margin:0; padding:0;}\n\n    /* Prevent Webkit and Windows Mobile platforms from changing default font sizes, while not breaking desktop design. */\n    .ExternalClass {width:100%;} /* Force Hotmail to display emails at full width */\n    .ExternalClass, .ExternalClass p, .ExternalClass span, .ExternalClass font, .ExternalClass td, .ExternalClass div {line-height: 100%;} /* Force Hotmail to display normal line spacing. */\n    #backgroundTable {margin:0; padding:0; width:100% !important; line-height: 100% !important;}\n    img {outline:none; text-decoration:none;border:none; -ms-interpolation-mode: bicubic;}\n    a img {border:none;}\n    .image_fix {display:block;}\n    p {margin: 0px 0px !important;}\n    table td {border-collapse: collapse;}\n    table { border-collapse:collapse; mso-table-lspace:0pt; mso-table-rspace:0pt; }\n    a {text-decoration: none;text-decoration:none;}\n\n    /*STYLES*/\n    table[class=full] { width: 100%; clear: both; }\n\n    /*IPAD STYLES*/\n    @media only screen and (max-width: 640px) {\n    a[href^=\"tel\"], a[href^=\"sms\"] {text-decoration: none;color:#136388;pointer-events: none;cursor: default;}\n    .mobile_link a[href^=\"tel\"], .mobile_link a[href^=\"sms\"] {text-decoration: default;color:#136388;pointer-events: auto;cursor: default;}\n    table[class=devicewidth] {width: 440px!important;text-align:center!important;}\n    table[class=devicewidthmob] {width: 416px!important;text-align:center!important;}\n    table[class=devicewidthinner] {width: 416px!important;text-align:center!important;}\n    img[class=banner] {width: 440px!important;auto!important;}\n    img[class=col2img] {width: 440px!important;height:auto!important;}\n    table[class=\"cols3inner\"] {width: 100px!important;}\n    table[class=\"col3img\"] {width: 131px!important;}\n    img[class=\"col3img\"] {width: 131px!important;height: auto!important;}\n    table[class=\"removeMobile\"]{width:10px!important;}\n    img[class=\"blog\"] {width: 440px!important;height: auto!important;}\n    }\n\n    /*IPHONE STYLES*/\n    @media only screen and (max-width: 480px) {\n    a[href^=\"tel\"], a[href^=\"sms\"] {text-decoration: none;color: #136388;pointer-events: none;cursor: default;}\n    .mobile_link a[href^=\"tel\"], .mobile_link a[href^=\"sms\"] {text-decoration: none;color:#136388;pointer-events: auto;cursor: default;}\n\n    table[class=devicewidth] {width: 280px!important;text-align:center!important;}\n    table[class=devicewidthmob] {width: 260px!important;text-align:center!important;}\n    table[class=devicewidthinner] {width: 260px!important;text-align:center!important;}\n    img[class=banner] {width: 280px!important;height:100px!important;}\n    img[class=col2img] {width: 280px!important;height:auto!important;}\n    table[class=\"cols3inner\"] {width: 260px!important;}\n    img[class=\"col3img\"] {width: 280px!important;height: auto!important;}\n    table[class=\"col3img\"] {width: 280px!important;}\n    img[class=\"blog\"] {width: 280px!important;auto!important;}\n    td[class=\"padding-top-right15\"]{padding:15px 15px 0 0 !important;}\n    td[class=\"padding-right15\"]{padding-right:15px !important;}\n    }\n\n    @media only screen and (max-device-width: 800px)\n    {td[class=\"padding-top-right15\"]{padding:15px 15px 0 0 !important;}\n    td[class=\"padding-right15\"]{padding-right:15px !important;}}\n    @media only screen and (max-device-width: 769px) {\n    .devicewidthmob {font-size:16px;}\n    }\n\n    @media only screen and (max-width: 640px) {\n    .desktop-spacer {display:none !important;}\n }\n  {/literal}\n  </style>\n\n<body>\n  <!-- Start of preheader --><!-- Start of preheader -->\n  <table bgcolor=\"#89c66b\" border=\"0\" cellpadding=\"0\" cellspacing=\"0\" id=\"backgroundTable\" width=\"100%\">\n  	<tbody>\n  		<tr>\n  			<td>\n  			<table align=\"center\" border=\"0\" cellpadding=\"0\" cellspacing=\"0\" class=\"devicewidth\" width=\"650\">\n  				<tbody>\n  					<tr>\n  						<td width=\"100%\">\n  						<table align=\"center\" border=\"0\" cellpadding=\"0\" cellspacing=\"0\" class=\"devicewidth\" width=\"650\">\n  							<tbody><!-- Spacing -->\n  								<tr>\n  									<td height=\"20\" width=\"100%\">&nbsp;</td>\n  								</tr>\n  								<!-- Spacing -->\n  								<tr>\n  									<td>\n  									<table align=\"left\" border=\"0\" cellpadding=\"0\" cellspacing=\"0\" class=\"devicewidthinner\" width=\"310\">\n  										<tbody>\n  											<tr>\n  												<td align=\"left\" style=\"font-family: Helvetica, arial, sans-serif; font-size: 16px; line-height:120%; color: #f8f8f8;padding-left:15px; padding-bottom:5px;\" valign=\"middle\">Organization or Program Name Here</td>\n  											</tr>\n  										</tbody>\n  									</table>\n\n  									<table align=\"right\" border=\"0\" cellpadding=\"0\" cellspacing=\"0\" class=\"emhide\" width=\"310\">\n  										<tbody>\n  											<tr>\n                          <td align=\"right\" style=\"font-family: Helvetica, arial, sans-serif; font-size: 16px;color: #f8f8f8;padding-right:15px; text-align:right;\" valign=\"middle\">Month and Year</td>\n  											</tr>\n  										</tbody>\n  									</table>\n  									</td>\n  								</tr>\n  								<!-- Spacing -->\n  								<tr>\n  									<td height=\"20\" width=\"100%\">&nbsp;</td>\n  								</tr>\n  								<!-- Spacing -->\n  							</tbody>\n  						</table>\n  						</td>\n  					</tr>\n  				</tbody>\n  			</table>\n  			</td>\n  		</tr>\n  	</tbody>\n  </table>\n  <!-- End of main-banner-->\n\n  <table bgcolor=\"#d8d8d8\" border=\"0\" cellpadding=\"0\" cellspacing=\"0\" id=\"backgroundTable\" st-sortable=\"left-image\" width=\"100%\">\n  	<tbody>\n  		<tr>\n  			<td>\n  			<table align=\"center\" border=\"0\" cellpadding=\"0\" cellspacing=\"0\" class=\"devicewidth\" width=\"650\">\n  				<tbody>\n  					<tr>\n  						<td width=\"100%\">\n  						<table align=\"center\" bgcolor=\"#ffffff\" border=\"0\" cellpadding=\"0\" cellspacing=\"0\" class=\"devicewidth\" width=\"650\">\n  							<tbody><!-- Spacing -->\n  								<tr>\n  									<td height=\"20\" width=\"100%\">\n  									<table align=\"center\" border=\"0\" cellpadding=\"2\" cellspacing=\"0\" width=\"93%\">\n  										<tbody>\n  											<tr>\n                          <td rowspan=\"2\" style=\"padding-top:10px; padding-bottom:10px;\" width=\"38%\"><img src=\"https://civicrm.org/sites/default/files/civicrm/custom/images/civicrm-logo-transparent.png\" alt=\"Replace with your own logo\" width=\"220\" border=\"0\" /></td>\n  												<td align=\"right\" width=\"62%\">\n  												<h6 class=\"collapse\">&nbsp;</h6>\n  												</td>\n  											</tr>\n  											<tr>\n  												<td align=\"right\">\n  												<h5 style=\"font-family: Gill Sans, Gill Sans MT, Myriad Pro, DejaVu Sans Condensed, Helvetica, Arial, sans-serif; color:#136388;\">&nbsp;</h5>\n  												</td>\n  											</tr>\n  										</tbody>\n  									</table>\n  									</td>\n  								</tr>\n  								<tr>\n  									<td>\n  									<table align=\"center\" border=\"0\" cellpadding=\"0\" cellspacing=\"0\" class=\"devicewidth\" width=\"650\">\n  										<tbody>\n  											<tr>\n  												<td width=\"100%\">\n  												<table align=\"center\" bgcolor=\"#ffffff\" border=\"0\" cellpadding=\"0\" cellspacing=\"0\" class=\"devicewidth\" width=\"650\">\n  													<tbody><!-- /Spacing -->\n  														<tr>\n  															<td style=\"font-family: Helvetica, arial, sans-serif; font-size: 23px; color:#f8f8f8; text-align:left; line-height: 32px; padding:5px 15px; background-color:#136388;\">Headline Here</td>\n  														</tr>\n  														<!-- Spacing -->\n  														<tr>\n  															<td>\n  															<table align=\"center\" border=\"0\" cellpadding=\"0\" cellspacing=\"0\" class=\"devicewidthinner\" width=\"650\">\n  																<tbody><!-- hero story -->\n  																	<tr>\n  																		<td align=\"center\" class=\"devicewidthinner\" width=\"100%\">\n  																		<div class=\"imgpop\"><a href=\"#\"><img alt=\"\" border=\"0\" class=\"blog\" height=\"auto\" src=\"https://civicrm.org/sites/default/files/civicrm/custom/images/650x396.png\" style=\"display:block; border:none; outline:none; text-decoration:none; padding:0; line-height:0;\" width=\"650\" /></a></div>\n  																		</td>\n  																	</tr>\n  																	<!-- /hero image --><!-- Spacing -->\n  																	<tr>\n  																		<td height=\"15\" style=\"font-size:1px; line-height:1px; mso-line-height-rule: exactly;\" width=\"100%\">&nbsp;</td>\n  																	</tr>\n  																	<!-- /Spacing -->\n  																	<tr>\n  																		<td style=\"font-family: Helvetica, arial, sans-serif; font-size: 18px;  text-align:left; line-height: 26px; padding:0 15px; color:#89c66b;\"><a href=\"#\" style=\"color:#89c66b;\">Your Heading Here</a></td>\n  																	</tr>\n  																	<!-- Spacing -->\n  																	<tr>\n  																		<td height=\"15\" style=\"font-size:1px; line-height:1px; mso-line-height-rule: exactly;\" width=\"100%\">&nbsp;</td>\n  																	</tr>\n  																	<!-- /Spacing --><!-- content -->\n  																	<tr>\n  																		<td style=\"padding:0 15px;\">\n  																		<p style=\"font-family: Helvetica, arial, sans-serif; font-size: 16px; color: #7a6e67; text-align:left; line-height: 26px; padding-bottom:10px;\">{contact.email_greeting},																		</p>\n  																		<p style=\"font-family: Helvetica, arial, sans-serif; font-size: 16px; color: #7a6e67; text-align:left; line-height: 26px; padding-bottom:10px;\"><span class=\"padding-right15\" style=\"font-family: Helvetica, arial, sans-serif; font-size: 14px; color: #7a6e67; text-align:left; line-height: 24px;\">Replace with your text and images, and remember to link the facebook and twitter links in the footer to your pages. Have fun!</span></p>\n  																		</td>\n  																	</tr>\n  																	<tr>\n  																		<td class=\"padding-right15\" style=\"font-family: Helvetica, arial, sans-serif; font-size: 16px; font-weight:bold; color: #333333; text-align:left;line-height: 24px; padding-top:10px; padding-left:15px;\"><a href=\"#\" style=\"color:#136388;text-decoration:none;font-weight:bold;\" target=\"_blank\" title=\"read more\">Read More</a></td>\n  																	</tr>\n  																	<!-- /button --><!-- Spacing -->\n  																	<tr>\n  																		<td height=\"20\" style=\"font-size:1px; line-height:1px; mso-line-height-rule: exactly;\">&nbsp;</td>\n  																	</tr>\n  																	<!-- Spacing --><!-- end of content -->\n  																</tbody>\n  															</table>\n  															</td>\n  														</tr>\n  													</tbody>\n  												</table>\n  												</td>\n  											</tr>\n  										</tbody>\n  									</table>\n  									</td>\n  								</tr>\n  							</tbody>\n  						</table>\n  						</td>\n  					</tr>\n  				</tbody>\n  			</table>\n  			</td>\n  		</tr>\n  	</tbody>\n  </table>\n  <!-- end of hero image and story --><!-- story 1 -->\n\n  <table bgcolor=\"#d8d8d8\" border=\"0\" cellpadding=\"0\" cellspacing=\"0\" id=\"backgroundTable\" st-sortable=\"left-image\" width=\"100%\">\n  	<tbody>\n  		<tr>\n  			<td>\n  			<table align=\"center\" border=\"0\" cellpadding=\"0\" cellspacing=\"0\" class=\"devicewidth\" width=\"650\">\n  				<tbody>\n  					<tr>\n  						<td width=\"100%\">\n  						<table align=\"center\" bgcolor=\"#ffffff\" border=\"0\" cellpadding=\"0\" cellspacing=\"0\" class=\"devicewidth\" width=\"650\">\n  							<tbody><!-- Spacing -->\n  								<tr>\n  									<td>\n  									<table align=\"center\" border=\"0\" cellpadding=\"0\" cellspacing=\"0\" class=\"devicewidth\" width=\"650\">\n  										<tbody>\n  											<tr>\n  												<td width=\"100%\">\n  												<table align=\"center\" bgcolor=\"#ffffff\" border=\"0\" cellpadding=\"0\" cellspacing=\"0\" class=\"devicewidth\" width=\"650\">\n  													<tbody>\n  														<tr>\n  															<td>\n  															<table align=\"center\" border=\"0\" cellpadding=\"0\" cellspacing=\"0\" class=\"devicewidthinner\" width=\"650\">\n  																<tbody><!-- image -->\n  																	<tr>\n  																		<td align=\"center\" class=\"devicewidthinner\" width=\"100%\">\n  																		<div class=\"imgpop\"><a href=\"#\" target=\"_blank\"><img alt=\"\" border=\"0\" class=\"blog\" height=\"250\" src=\"https://civicrm.org/sites/default/files/civicrm/custom/images/banner-image-650-250.png\" style=\"display:block; border:none; outline:none; text-decoration:none; padding:0; line-height:0;\" width=\"650\" /></a></div>\n  																		</td>\n  																	</tr>\n  																	<!-- /image --><!-- Spacing -->\n  																	<tr>\n  																		<td height=\"15\" style=\"font-size:1px; line-height:1px; mso-line-height-rule: exactly;\" width=\"100%\">&nbsp;</td>\n  																	</tr>\n  																	<!-- /Spacing -->\n  																	<tr>\n  																		<td style=\"font-family: Helvetica, arial, sans-serif; font-size: 18px;  text-align:left; line-height: 26px; padding:0 15px;\"><a href=\"#\" style=\"color:#89c66b;\">Your Heading  Here</a></td>\n  																	</tr>\n  																	<!-- Spacing -->\n  																	<tr>\n  																		<td height=\"15\" style=\"font-size:1px; line-height:1px; mso-line-height-rule: exactly;\" width=\"100%\">&nbsp;</td>\n  																	</tr>\n  																	<!-- /Spacing --><!-- content -->\n  																	<tr>\n  																		<td style=\"padding:0 15px;\">\n  																		<p style=\"font-family: Helvetica, arial, sans-serif; font-size: 16px; color: #7a6e67; text-align:left; line-height: 26px; padding-bottom:10px;\">Lorem ipsum dolor sit amet, consectetur adipisicing elit, sed do eiusmod tempor incididunt ut labore et dolore magna </p>\n  																		</td>\n  																	</tr>\n  																	<tr>\n  																		<td class=\"padding-right15\" style=\"font-family: Helvetica, arial, sans-serif; font-size: 16px; font-weight:bold; color: #333333; text-align:left;line-height: 24px; padding-top:10px; padding-left:15px;\"><a href=\"#\" style=\"color:#136388;text-decoration:none;font-weight:bold;\" target=\"_blank\" title=\"read more\">Read More</a></td>\n  																	</tr>\n  																	<!-- /button --><!-- Spacing -->\n  																	<tr>\n  																		<td height=\"20\" style=\"font-size:1px; line-height:1px; mso-line-height-rule: exactly;\">&nbsp;</td>\n  																	</tr>\n  																	<!-- Spacing --><!-- end of content -->\n  																</tbody>\n  															</table>\n  															</td>\n  														</tr>\n  													</tbody>\n  												</table>\n  												</td>\n  											</tr>\n  										</tbody>\n  									</table>\n  									</td>\n  								</tr>\n  							</tbody>\n  						</table>\n  						</td>\n  					</tr>\n  				</tbody>\n  			</table>\n  			</td>\n  		</tr>\n  	</tbody>\n  </table>\n  <!-- /story 2--><!-- banner1 -->\n\n  <table bgcolor=\"#d8d8d8\" border=\"0\" cellpadding=\"0\" cellspacing=\"0\" id=\"backgroundTable\" st-sortable=\"left-image\" width=\"100%\">\n  	<tbody>\n  		<tr>\n  			<td>\n  			<table align=\"center\" border=\"0\" cellpadding=\"0\" cellspacing=\"0\" class=\"devicewidth\" width=\"650\">\n  				<tbody>\n  					<tr>\n  						<td width=\"100%\">\n  						<table align=\"center\" bgcolor=\"#ffffff\" border=\"0\" cellpadding=\"0\" cellspacing=\"0\" class=\"devicewidth\" width=\"650\">\n  							<tbody><!-- Spacing -->\n  								<tr>\n  									<td>\n  									<table align=\"center\" border=\"0\" cellpadding=\"0\" cellspacing=\"0\" class=\"devicewidth\" width=\"650\">\n  										<tbody>\n  											<tr>\n  												<td width=\"100%\">\n  												<table align=\"center\" bgcolor=\"#89c66b\" border=\"0\" cellpadding=\"0\" cellspacing=\"0\" class=\"devicewidth\" width=\"650\">\n  													<tbody>\n  														<tr>\n  															<td>\n  															<table align=\"center\" border=\"0\" cellpadding=\"0\" cellspacing=\"0\" class=\"devicewidthinner\" width=\"650\">\n  																<tbody><!-- image -->\n  																	<tr>\n  																		<td align=\"center\" class=\"devicewidthinner\" width=\"100%\">\n  																		<div class=\"imgpop\"><a href=\"#\" target=\"_blank\"><img alt=\"\" border=\"0\" class=\"blog\" height=\"auto\" src=\"https://civicrm.org/sites/default/files/civicrm/custom/images/banner-image-650-250.png\" style=\"display:block; border:none; outline:none; text-decoration:none; padding:0; line-height:0;\" width=\"650\" /></a></div>\n  																		</td>\n  																	</tr>\n  																	<!-- /image --><!-- content --><!-- Spacing -->\n  																	<tr>\n  																		<td height=\"15\" style=\"font-size:1px; line-height:1px; mso-line-height-rule: exactly;\" width=\"100%\">&nbsp;</td>\n  																	</tr>\n  																	<!-- /Spacing -->\n  																	<tr>\n  																		<td style=\"padding:15px;\">\n  																		<p style=\"font-family: Helvetica, arial, sans-serif; font-size: 16px; color: #f0f0f0; text-align:left; line-height: 26px; padding-bottom:10px;\">Lorem ipsum dolor sit amet, consectetur adipisicing elit, sed do eiusmod tempor incididunt ut labore et dolore magna </p>\n  																		</td>\n  																	</tr>\n  																	<!-- /button --><!-- white button -->\n  																	<!-- /button --><!-- Spacing --><!-- end of content -->\n  																</tbody>\n  															</table>\n  															</td>\n  														</tr>\n  													</tbody>\n  												</table>\n  												</td>\n  											</tr>\n  										</tbody>\n  									</table>\n  									</td>\n  								</tr>\n  							</tbody>\n  						</table>\n  						</td>\n  					</tr>\n  				</tbody>\n  			</table>\n  			</td>\n  		</tr>\n  	</tbody>\n  </table>\n  <!-- /banner 1--><!-- banner 2 -->\n\n  <table bgcolor=\"#d8d8d8\" border=\"0\" cellpadding=\"0\" cellspacing=\"0\" id=\"backgroundTable\" st-sortable=\"left-image\" width=\"100%\">\n  	<tbody>\n  		<tr>\n  			<td>\n  			<table align=\"center\" border=\"0\" cellpadding=\"0\" cellspacing=\"0\" class=\"devicewidth\" width=\"650\">\n  				<tbody>\n  					<tr>\n  						<td width=\"100%\">\n  						<table align=\"center\" bgcolor=\"#ffffff\" border=\"0\" cellpadding=\"0\" cellspacing=\"0\" class=\"devicewidth\" width=\"650\">\n  							<tbody><!-- Spacing -->\n  								<tr>\n  									<td>\n  									<table align=\"center\" border=\"0\" cellpadding=\"0\" cellspacing=\"0\" class=\"devicewidth\" width=\"650\">\n  										<tbody>\n  											<tr>\n  												<td width=\"100%\">\n  												<table align=\"center\" bgcolor=\"#136388\" border=\"0\" cellpadding=\"0\" cellspacing=\"0\" class=\"devicewidth\" width=\"650\">\n  													<tbody>\n  														<tr>\n  															<td>\n  															<table align=\"center\" border=\"0\" cellpadding=\"0\" cellspacing=\"0\" class=\"devicewidthinner\" width=\"650\">\n  																<tbody><!-- image -->\n  																	<tr>\n  																		<td align=\"center\" class=\"devicewidthinner\" width=\"100%\">\n  																		<div class=\"imgpop\"><a href=\"#\" target=\"_blank\"><img alt=\"\" border=\"0\" class=\"blog\" height=\"auto\" src=\"https://civicrm.org/sites/default/files/civicrm/custom/images/banner-image-650-250.png\" style=\"display:block; border:none; outline:none; text-decoration:none; padding:0; line-height:0;\" width=\"650\" /></a></div>\n  																		</td>\n  																	</tr>\n  																	<!-- /image --><!-- content --><!-- Spacing -->\n  																	<tr>\n  																		<td height=\"15\" style=\"font-size:1px; line-height:1px; mso-line-height-rule: exactly;\" width=\"100%\">&nbsp;</td>\n  																	</tr>\n  																	<!-- /Spacing -->\n  																	<tr>\n  																		<td style=\"padding: 15px;\">\n  																		<p style=\"font-family: Helvetica, arial, sans-serif; font-size: 16px; color: #f0f0f0; text-align:left; line-height: 26px; padding-bottom:10px;\">Remember to link the facebook and twitter links below to your pages!</p>\n  																		</td>\n  																	</tr>\n  																	<!-- /button --><!-- white button -->\n  																	<tr>\n  																		<td class=\"padding-right15\" style=\"font-family: Helvetica, arial, sans-serif; font-size: 16px; font-weight:bold; color: #333333; text-align:left;line-height: 24px; padding-top:10px; padding-bottom:10px; padding-left:15px;\"><a href=\"#\" style=\"color:#ffffff;text-decoration:none;font-weight:bold;\" target=\"_blank\" title=\"read more\">Read More</a></td>\n  																	</tr>\n  																	<!-- /button --><!-- Spacing --><!-- end of content -->\n  																</tbody>\n  															</table>\n  															</td>\n  														</tr>\n  													</tbody>\n  												</table>\n  												</td>\n  											</tr>\n  										</tbody>\n  									</table>\n  									</td>\n  								</tr>\n  							</tbody>\n  						</table>\n  						</td>\n  					</tr>\n  				</tbody>\n  			</table>\n  			</td>\n  		</tr>\n  	</tbody>\n  </table>\n  <!-- /banner2 --><!-- footer -->\n\n  <table bgcolor=\"#d8d8d8\" border=\"0\" cellpadding=\"0\" cellspacing=\"0\" id=\"backgroundTable\" st-sortable=\"footer\" width=\"100%\">\n  	<tbody>\n  		<tr>\n  			<td>\n  			<table align=\"center\" border=\"0\" cellpadding=\"0\" cellspacing=\"0\" class=\"devicewidth\" width=\"650\">\n  				<tbody>\n  					<tr>\n  						<td width=\"100%\">\n  						<table align=\"center\" bgcolor=\"#89c66b\"  border=\"0\" cellpadding=\"0\" cellspacing=\"0\" class=\"devicewidth\" width=\"650\">\n  							<tbody><!-- Spacing -->\n  								<tr>\n  									<td height=\"10\" style=\"font-size:1px; line-height:1px; mso-line-height-rule: exactly;\">&nbsp;</td>\n  								</tr>\n  								<!-- Spacing -->\n  								<tr>\n  									<td><!-- logo -->\n  									<table align=\"left\" border=\"0\" cellpadding=\"0\" cellspacing=\"0\" width=\"250\">\n  										<tbody>\n  											<tr>\n  												<td width=\"20\">&nbsp;</td>\n  												<td align=\"left\" height=\"40\" width=\"250\"><span style=\"font-family: Helvetica, arial, sans-serif; font-size: 13px; text-align:left; line-height: 26px; padding-bottom:10px;\"><a href=\"{action.unsubscribeUrl}\" style=\"color: #f0f0f0; \">Unsubscribe | </a><a href=\"{action.subscribeUrl}\"  style=\"color: #f0f0f0;\">Subscribe |</a> <a href=\"{action.optOutUrl}\" style=\"color: #f0f0f0;\">Opt out</a></span></td>\n  											</tr>\n  											<tr>\n  												<td width=\"20\">&nbsp;</td>\n  												<td align=\"left\" height=\"40\" width=\"250\"><span style=\"font-family: Helvetica, arial, sans-serif; font-size: 13px; text-align:left; line-height: 26px; padding-bottom:10px; color: #f0f0f0;\">{domain.address}</span></td>\n  											</tr>\n  										</tbody>\n  									</table>\n  									<!-- end of logo --><!-- start of social icons -->\n\n  									<table align=\"right\" border=\"0\" cellpadding=\"0\" cellspacing=\"0\" height=\"40\" vaalign=\"middle\" width=\"60\">\n  										<tbody>\n  											<tr>\n  												<td align=\"left\" height=\"22\" width=\"22\">\n  												<div class=\"imgpop\"><a href=\"#\" target=\"_blank\"><img alt=\"\" border=\"0\" height=\"22\" src=\"https://civicrm.org/sites/default/files/civicrm/custom/images/facebook.png\" style=\"display:block; border:none; outline:none; text-decoration:none;\" width=\"22\" /> </a></div>\n  												</td>\n  												<td align=\"left\" style=\"font-size:1px; line-height:1px;\" width=\"10\">&nbsp;</td>\n  												<td align=\"right\" height=\"22\" width=\"22\">\n  												<div class=\"imgpop\"><a href=\"#\" target=\"_blank\"><img alt=\"\" border=\"0\" height=\"22\" src=\"https://civicrm.org/sites/default/files/civicrm/custom/images/twitter.png\" style=\"display:block; border:none; outline:none; text-decoration:none;\" width=\"22\" /> </a></div>\n  												</td>\n  												<td align=\"left\" style=\"font-size:1px; line-height:1px;\" width=\"20\">&nbsp;</td>\n  											</tr>\n  										</tbody>\n  									</table>\n  									<!-- end of social icons --></td>\n  								</tr>\n  								<!-- Spacing -->\n  								<tr>\n  									<td height=\"10\" style=\"font-size:1px; line-height:1px; mso-line-height-rule: exactly;\">&nbsp;</td>\n  								</tr>\n  								<!-- Spacing -->\n  							</tbody>\n  						</table>\n  						</td>\n  					</tr>\n  				</tbody>\n  			</table>\n  			</td>\n  		</tr>\n  	</tbody>\n  </table>\n\n</body>\n</html>\n',1,NULL,1,0,0,NULL),(67,'Sample Responsive Design Newsletter - Two Column Template','Sample Responsive Design Newsletter - Two Column','','<html xmlns=\"http://www.w3.org/1999/xhtml\">\n  <meta content=\"text/html; charset=utf-8\" http-equiv=\"Content-Type\" />\n  <meta content=\"width=device-width, initial-scale=1.0\" name=\"viewport\" />\n  <title></title>\n  <style type=\"text/css\">\n     {literal}\n     img {height: auto !important;}\n     /* Client-specific Styles */\n     #outlook a {padding:0;} /* Force Outlook to provide a \"view in browser\" menu link. */\n     body{width:100% !important; -webkit-text-size-adjust:100%; -ms-text-size-adjust:100%; margin:0; padding:0;}\n\n     /* Prevent Webkit and Windows Mobile platforms from changing default font sizes, while not breaking desktop design. */\n     .ExternalClass {width:100%;} /* Force Hotmail to display emails at full width */\n     .ExternalClass, .ExternalClass p, .ExternalClass span, .ExternalClass font, .ExternalClass td, .ExternalClass div {line-height: 100%;} /* Force Hotmail to display normal line spacing. */\n     #backgroundTable {margin:0; padding:0; width:100% !important; line-height: 100% !important;}\n     img {outline:none; text-decoration:none;border:none; -ms-interpolation-mode: bicubic;}\n     a img {border:none;}\n     .image_fix {display:block;}\n     p {margin: 0px 0px !important;}\n     table td {border-collapse: collapse;}\n     table { border-collapse:collapse; mso-table-lspace:0pt; mso-table-rspace:0pt; }\n     a {/*color: #33b9ff;*/text-decoration: none;text-decoration:none!important;}\n\n\n     /*STYLES*/\n     table[class=full] { width: 100%; clear: both; }\n\n     /*IPAD STYLES*/\n     @media only screen and (max-width: 640px) {\n     a[href^=\"tel\"], a[href^=\"sms\"] {text-decoration: none;color: #0a8cce;pointer-events: none;cursor: default;}\n     .mobile_link a[href^=\"tel\"], .mobile_link a[href^=\"sms\"] {text-decoration: default;color: #0a8cce !important;pointer-events: auto;cursor: default;}\n     table[class=devicewidth] {width: 440px!important;text-align:center!important;}\n     table[class=devicewidthmob] {width: 414px!important;text-align:center!important;}\n     table[class=devicewidthinner] {width: 414px!important;text-align:center!important;}\n     img[class=banner] {width: 440px!important;auto!important;}\n     img[class=col2img] {width: 440px!important;height:auto!important;}\n     table[class=\"cols3inner\"] {width: 100px!important;}\n     table[class=\"col3img\"] {width: 131px!important;}\n     img[class=\"col3img\"] {width: 131px!important;height: auto!important;}\n     table[class=\"removeMobile\"]{width:10px!important;}\n     img[class=\"blog\"] {width: 440px!important;height: auto!important;}\n     }\n\n     /*IPHONE STYLES*/\n     @media only screen and (max-width: 480px) {\n     a[href^=\"tel\"], a[href^=\"sms\"] {text-decoration: none;color: #0a8cce;pointer-events: none;cursor: default;}\n     .mobile_link a[href^=\"tel\"], .mobile_link a[href^=\"sms\"] {text-decoration: default;color: #0a8cce !important; pointer-events: auto;cursor: default;}\n     table[class=devicewidth] {width: 280px!important;text-align:center!important;}\n     table[class=devicewidthmob] {width: 260px!important;text-align:center!important;}\n     table[class=devicewidthinner] {width: 260px!important;text-align:center!important;}\n     img[class=banner] {width: 280px!important;height:100px!important;}\n     img[class=col2img] {width: 280px!important;height:auto!important;}\n     table[class=\"cols3inner\"] {width: 260px!important;}\n     img[class=\"col3img\"] {width: 280px!important;height: auto!important;}\n     table[class=\"col3img\"] {width: 280px!important;}\n     img[class=\"blog\"] {width: 280px!important;auto!important;}\n     td[class=\"padding-top-right15\"]{padding:15px 15px 0 0 !important;}\n     td[class=\"padding-right15\"]{padding-right:15px !important;}\n     }\n\n     @media only screen and (max-device-width: 800px)\n     {td[class=\"padding-top-right15\"]{padding:15px 15px 0 0 !important;}\n     td[class=\"padding-right15\"]{padding-right:15px !important;}}\n     @media only screen and (max-device-width: 769px) {.devicewidthmob {font-size:14px;}}\n\n     @media only screen and (max-width: 640px) {.desktop-spacer {display:none !important;}\n	   }\n     {/literal}\n  </style>\n  <body>\n    <!-- Start of preheader --><!-- Start of preheader -->\n    <table bgcolor=\"#0B4151\" border=\"0\" cellpadding=\"0\" cellspacing=\"0\" id=\"backgroundTable\" width=\"100%\">\n    	<tbody>\n    		<tr>\n    			<td>\n    			<table align=\"center\" border=\"0\" cellpadding=\"0\" cellspacing=\"0\" class=\"devicewidth\" width=\"700\">\n    				<tbody>\n    					<tr>\n    						<td width=\"100%\">\n    						<table align=\"center\" border=\"0\" cellpadding=\"0\" cellspacing=\"0\" class=\"devicewidth\" width=\"700\">\n    							<tbody><!-- Spacing -->\n    								<tr>\n    									<td height=\"20\" width=\"100%\">&nbsp;</td>\n    								</tr>\n    								<!-- Spacing -->\n    								<tr>\n    									<td>\n    									<table align=\"left\" border=\"0\" cellpadding=\"0\" cellspacing=\"0\" class=\"devicewidthinner\" width=\"360\">\n    										<tbody>\n    											<tr>\n    												<td align=\"left\" style=\"font-family: Helvetica, arial, sans-serif; font-size: 14px; line-height:120%; color: #f8f8f8;padding-left:15px;\" valign=\"middle\">Organization or Program Name Here</td>\n    											</tr>\n    										</tbody>\n    									</table>\n\n    									<table align=\"right\" border=\"0\" cellpadding=\"0\" cellspacing=\"0\" class=\"emhide\" width=\"320\">\n    										<tbody>\n    											<tr>\n    												<td align=\"right\" style=\"font-family: Helvetica, arial, sans-serif; font-size: 16px;color: #f8f8f8;padding-right:15px;\" valign=\"middle\">Month Year</td>\n    											</tr>\n    										</tbody>\n    									</table>\n    									</td>\n    								</tr>\n    								<!-- Spacing -->\n    								<tr>\n    									<td height=\"20\" width=\"100%\">&nbsp;</td>\n    								</tr>\n    								<!-- Spacing -->\n    							</tbody>\n    						</table>\n    						</td>\n    					</tr>\n    				</tbody>\n    			</table>\n    			</td>\n    		</tr>\n    	</tbody>\n    </table>\n    <!-- End of preheader --><!-- start of logo -->\n\n    <table bgcolor=\"#d8d8d8\" border=\"0\" cellpadding=\"0\" cellspacing=\"0\" id=\"backgroundTable\" st-sortable=\"left-image\" width=\"100%\">\n    	<tbody>\n    		<tr>\n    			<td>\n    			<table align=\"center\" border=\"0\" cellpadding=\"0\" cellspacing=\"0\" class=\"devicewidthmob\" width=\"700\">\n    				<tbody>\n    					<tr>\n    						<td width=\"100%\">\n    						<table align=\"center\" bgcolor=\"#ffffff\" border=\"0\" cellpadding=\"0\" cellspacing=\"0\" class=\"devicewidth\" width=\"700\">\n    							<tbody><!-- Spacing -->\n    								<tr>\n    									<td height=\"20\" width=\"100%\">\n    									<table align=\"center\" border=\"0\" cellpadding=\"2\" cellspacing=\"0\" width=\"93%\">\n    										<tbody>\n    											<tr>\n                             <td rowspan=\"2\" width=\"330\"><a href=\"#\"> <div class=\"imgpop\"><img src=\"https://civicrm.org/sites/default/files/civicrm/custom/images/civicrm-logo-transparent.png\" alt=\"Replace with your own logo\" width=\"220\" border=\"0\" style=\"display:block;\"/></div></a></td>\n                            <td align=\"right\" >\n    												<h6 class=\"collapse\">&nbsp;</h6>\n    												</td>\n    											</tr>\n    											<tr>\n    												<td align=\"right\">\n\n    												</td>\n    											</tr>\n    										</tbody>\n    									</table>\n    									</td>\n    								</tr>\n\n    							</tbody>\n    						</table>\n    						</td>\n    					</tr>\n    				</tbody>\n    			</table>\n    			</td>\n    		</tr>\n    	</tbody>\n    </table>\n    <!-- end of logo --> <!-- hero story 1 -->\n\n    <table bgcolor=\"#d8d8d8\" border=\"0\" cellpadding=\"0\" cellspacing=\"0\" id=\"backgroundTable\" st-sortable=\"left-image\" width=\"101%\">\n    	<tbody>\n    		<tr>\n    			<td>\n    			<table align=\"center\" border=\"0\" cellpadding=\"0\" cellspacing=\"0\" class=\"devicewidth\" width=\"700\">\n    				<tbody>\n    					<tr>\n    						<td width=\"100%\">\n    						<table align=\"center\" bgcolor=\"#f8f8f8\" border=\"0\" cellpadding=\"0\" cellspacing=\"0\" class=\"devicewidth\" width=\"700\">\n    							<tbody>\n    								<tr>\n    									<td>\n    									<table align=\"center\" border=\"0\" cellpadding=\"0\" cellspacing=\"0\" class=\"devicewidth\" width=\"700\">\n    										<tbody>\n    											<tr>\n    												<td width=\"100%\">\n    												<table align=\"center\" bgcolor=\"#f8f8f8\" border=\"0\" cellpadding=\"0\" cellspacing=\"0\" class=\"devicewidth\" width=\"700\">\n    													<tbody><!-- /Spacing -->\n    														<tr>\n    															<td style=\"font-family: Helvetica, arial, sans-serif; font-size: 24px; color:#f8f8f8; text-align:left; line-height: 26px; padding:5px 15px; background-color: #80C457\">Hero Story Heading</td>\n    														</tr>\n    														<!-- Spacing -->\n    														<tr>\n    															<td>\n    															<table align=\"center\" border=\"0\" cellpadding=\"0\" cellspacing=\"0\" class=\"devicewidthinner\" width=\"700\">\n    																<tbody><!-- image -->\n    																	<tr>\n    																		<td align=\"center\" class=\"devicewidthinner\" width=\"100%\">\n    																		<div class=\"imgpop\"><a href=\"#\" target=\"_blank\"><img alt=\"\" border=\"0\" class=\"blog\" height=\"396\" src=\"https://civicrm.org/sites/default/files/civicrm/custom/images/700x396.png\" style=\"display:block; border:none; outline:none; text-decoration:none; padding:0; line-height:0;\" width=\"700\" /></a></div>\n    																		</td>\n    																	</tr>\n    																	<!-- /image --><!-- Spacing -->\n    																	<tr>\n    																		<td height=\"15\" style=\"font-size:1px; line-height:1px; mso-line-height-rule: exactly;\" width=\"100%\">&nbsp;</td>\n    																	</tr>\n    																	<!-- /Spacing --><!-- hero story -->\n    																	<tr>\n    																		<td style=\"font-family: Helvetica, arial, sans-serif; font-size: 18px;  text-align:left; line-height: 26px; padding:0 15px;\"><a href=\"#\" style=\"color:#076187; text-decoration:none; \" target=\"_blank\">Subheading Here</a></td>\n    																	</tr>\n    																	<!-- Spacing -->\n    																	<tr>\n    																		<td height=\"15\" style=\"font-size:1px; line-height:1px; mso-line-height-rule: exactly;\" width=\"100%\">&nbsp;</td>\n    																	</tr><!-- /Spacing -->\n    																	<tr>\n    																		<td style=\"font-family: Helvetica, arial, sans-serif; font-size: 14px; color: #7a6e67; text-align:left; line-height: 26px; padding:0 15px;\"><span class=\"padding-right15\" style=\"font-family: Helvetica, arial, sans-serif; font-size: 14px; color: #7a6e67; text-align:left; line-height: 24px;\">Replace with your text and images, and remember to link the facebook and twitter links in the footer to your pages. Have fun!</span></td>\n    																	</tr>\n\n    <!-- Spacing -->\n    																	<tr>\n    																		<td height=\"15\" style=\"font-size:1px; line-height:1px; mso-line-height-rule: exactly;\" width=\"100%\">&nbsp;</td>\n    																	</tr><!-- /Spacing -->\n\n              <!-- /Spacing --><!-- /hero story -->\n\n    																	<!-- Spacing -->                                                            <!-- Spacing -->\n\n\n\n    																	<!-- Spacing --><!-- end of content -->\n    																</tbody>\n    															</table>\n    															</td>\n    														</tr>\n    													</tbody>\n    												</table>\n    												</td>\n    											</tr>\n    										</tbody>\n    									</table>\n    									</td>\n    								</tr>\n    								<!-- Section Heading -->\n    								<tr>\n    									<td style=\"font-family: Helvetica, arial, sans-serif; font-size: 24px; color:#f8f8f8; text-align:left; line-height: 26px; padding:5px 15px; background-color: #80C457\">Section Heading Here</td>\n    								</tr>\n    								<!-- /Section Heading -->\n    							</tbody>\n    						</table>\n    						</td>\n    					</tr>\n    				</tbody>\n    			</table>\n    			</td>\n    		</tr>\n    	</tbody>\n    </table>\n    <!-- /hero story 1 --><!-- story one -->\n\n    <table bgcolor=\"#d8d8d8\" border=\"0\" cellpadding=\"0\" cellspacing=\"0\" id=\"backgroundTable\" st-sortable=\"left-image\" width=\"100%\">\n    	<tbody>\n    		<tr>\n    			<td>\n    			<table align=\"center\" border=\"0\" cellpadding=\"0\" cellspacing=\"0\" class=\"devicewidth\" width=\"700\">\n    				<tbody>\n    					<tr>\n    						<td width=\"100%\">\n    						<table align=\"center\" bgcolor=\"#ffffff\" border=\"0\" cellpadding=\"0\" cellspacing=\"0\" class=\"devicewidth\" width=\"700\">\n    							<tbody><!-- Spacing -->\n    								<tr>\n    									<td class=\"desktop-spacer\" height=\"20\" style=\"font-size:1px; line-height:1px; mso-line-height-rule: exactly;\">&nbsp;</td>\n    								</tr>\n    								<!-- Spacing -->\n    								<tr>\n    									<td>\n    									<table align=\"center\" border=\"0\" cellpadding=\"0\" cellspacing=\"0\" class=\"devicewidth\" width=\"660\">\n    										<tbody>\n    											<tr>\n    												<td><!-- Start of left column -->\n    												<table align=\"left\" border=\"0\" cellpadding=\"0\" cellspacing=\"0\" class=\"devicewidth\" width=\"330\">\n    													<tbody><!-- image -->\n    														<tr>\n    															<td align=\"center\" class=\"devicewidth\" height=\"150\" valign=\"top\" width=\"330\"><a href=\"#\"><img alt=\"\" border=\"0\" class=\"col2img\" src=\"https://civicrm.org/sites/default/files/civicrm/custom/images/330x150.png\" style=\"display:block; border:none; outline:none; text-decoration:none; display:block;\" width=\"330\" /></a></td>\n    														</tr>\n    														<!-- /image -->\n    													</tbody>\n    												</table>\n    												<!-- end of left column --><!-- spacing for mobile devices-->\n\n    												<table align=\"left\" border=\"0\" cellpadding=\"0\" cellspacing=\"0\" class=\"mobilespacing\">\n    													<tbody>\n    														<tr>\n    															<td height=\"15\" style=\"font-size:1px; line-height:1px; mso-line-height-rule: exactly;\" width=\"100%\">&nbsp;</td>\n    														</tr>\n    													</tbody>\n    												</table>\n    												<!-- end of for mobile devices--><!-- start of right column -->\n\n    												<table align=\"right\" border=\"0\" cellpadding=\"0\" cellspacing=\"0\" class=\"devicewidthmob\" width=\"310\">\n    													<tbody>\n    														<tr>\n    															<td class=\"padding-top-right15\" style=\"font-family: Helvetica, arial, sans-serif; font-size: 18px; text-align:left; line-height: 24px;\"><a href=\"#\" style=\"color:#076187; text-decoration:none; \" target=\"_blank\">Heading Here</a><a href=\"#\" style=\"color:#076187; text-decoration:none;\" target=\"_blank\" title=\"CiviCRM helps keep the City Beautiful Movementgoing strong\"></a></td>\n    														</tr>\n    														<!-- end of title --><!-- Spacing -->\n    														<tr>\n    															<td height=\"15\" style=\"font-size:1px; line-height:1px; mso-line-height-rule: exactly;\" width=\"100%\">&nbsp;</td>\n    														</tr>\n    														<!-- /Spacing --><!-- content -->\n    														<tr>\n    															<td class=\"padding-right15\" style=\"font-family: Helvetica, arial, sans-serif; font-size: 14px; color: #7a6e67; text-align:left; line-height: 24px;\"><span class=\"padding-right15\" style=\"font-family: Helvetica, arial, sans-serif; font-size: 14px; color: #7a6e67; text-align:left; line-height: 24px;\">Lorem ipsum dolor sit amet, consectetur adipisicing elit, sed do eiusmod\n                                                                tempor incididunt ut labore et dolore magna </span></td>\n    														</tr>\n    														<tr>\n    															<td class=\"padding-right15\" style=\"font-family: Helvetica, arial, sans-serif; font-size: 14px; font-weight:bold; color: #333333; text-align:left;line-height: 24px; padding-top:10px;\"><a href=\"#\" style=\"color:#80C457;text-decoration:none;font-weight:bold;\" target=\"_blank\" title=\"CiviCRM helps keep the City Beautiful Movementgoing strong\">Read More</a></td>\n    														</tr>\n    														<!-- /button --><!-- end of content -->\n    													</tbody>\n    												</table>\n    												<!-- end of right column --></td>\n    											</tr>\n    										</tbody>\n    									</table>\n    									</td>\n    								</tr>\n    								<!-- Spacing -->\n    								<tr>\n    									<td height=\"20\" style=\"font-size:1px; line-height:1px; mso-line-height-rule: exactly;\">&nbsp;</td>\n    								</tr>\n    							</tbody>\n    						</table>\n    						</td>\n    					</tr>\n    				</tbody>\n    			</table>\n    			</td>\n    		</tr>\n    	</tbody>\n    </table>\n    <!-- /story one -->\n    <!-- story two -->\n\n    <table bgcolor=\"#d8d8d8\" border=\"0\" cellpadding=\"0\" cellspacing=\"0\" id=\"backgroundTable\" st-sortable=\"left-image\" width=\"100%\">\n    	<tbody>\n    		<tr>\n    			<td>\n    			<table align=\"center\" border=\"0\" cellpadding=\"0\" cellspacing=\"0\" class=\"devicewidth\" width=\"700\">\n    				<tbody>\n    					<tr>\n    						<td width=\"100%\">\n    						<table align=\"center\" bgcolor=\"#ffffff\" border=\"0\" cellpadding=\"0\" cellspacing=\"0\" class=\"devicewidth\" width=\"700\">\n    							<tbody><!-- Spacing -->\n    								<tr>\n    									<td bgcolor=\"#076187\" height=\"0\" style=\"font-size:1px; line-height:1px; mso-line-height-rule: exactly;\">&nbsp;</td>\n    								</tr>\n    								<!-- Spacing --><!-- Spacing -->\n    								<tr>\n    									<td class=\"desktop-spacer\" height=\"20\" style=\"font-size:1px; line-height:1px; mso-line-height-rule: exactly;\">&nbsp;</td>\n    								</tr>\n    								<!-- Spacing -->\n    								<tr>\n    									<td>\n    									<table align=\"center\" border=\"0\" cellpadding=\"0\" cellspacing=\"0\" class=\"devicewidth\" width=\"660\">\n    										<tbody>\n    											<tr>\n    												<td><!-- Start of left column -->\n    												<table align=\"left\" border=\"0\" cellpadding=\"0\" cellspacing=\"0\" class=\"devicewidth\" width=\"330\">\n    													<tbody><!-- image -->\n    														<tr>\n    															<td align=\"center\" class=\"devicewidth\" height=\"150\" valign=\"top\" width=\"330\"><a href=\"#\"><img alt=\"\" border=\"0\" class=\"col2img\" src=\"https://civicrm.org/sites/default/files/civicrm/custom/images/330x150.png\" style=\"display:block; border:none; outline:none; text-decoration:none; display:block;\" width=\"330\" /></a></td>\n    														</tr>\n    														<!-- /image -->\n    													</tbody>\n    												</table>\n    												<!-- end of left column --><!-- spacing for mobile devices-->\n\n    												<table align=\"left\" border=\"0\" cellpadding=\"0\" cellspacing=\"0\" class=\"mobilespacing\">\n    													<tbody>\n    														<tr>\n    															<td height=\"15\" style=\"font-size:1px; line-height:1px; mso-line-height-rule: exactly;\" width=\"100%\">&nbsp;</td>\n    														</tr>\n    													</tbody>\n    												</table>\n    												<!-- end of for mobile devices--><!-- start of right column -->\n\n    												<table align=\"right\" border=\"0\" cellpadding=\"0\" cellspacing=\"0\" class=\"devicewidthmob\" width=\"310\">\n    													<tbody>\n    														<tr>\n    															<td class=\"padding-top-right15\" style=\"font-family: Helvetica, arial, sans-serif; font-size: 18px; text-align:left; line-height: 24px;\"><a href=\"#\" style=\"color:#076187; text-decoration:none; \" target=\"_blank\">Heading Here</a><a href=\"#\" style=\"color:#076187; text-decoration:none;\" target=\"_blank\" title=\"How CiviCRM will take Tribodar Eco Learning Center to another level\"></a></td>\n    														</tr>\n    														<!-- end of title --><!-- Spacing -->\n    														<tr>\n    															<td height=\"15\" style=\"font-size:1px; line-height:1px; mso-line-height-rule: exactly;\" width=\"100%\">&nbsp;</td>\n    														</tr>\n    														<!-- /Spacing --><!-- content -->\n    														<tr>\n    															<td class=\"padding-right15\" style=\"font-family: Helvetica, arial, sans-serif; font-size: 14px; color: #7a6e67; text-align:left; line-height: 24px;\"><span class=\"padding-right15\" style=\"font-family: Helvetica, arial, sans-serif; font-size: 14px; color: #7a6e67; text-align:left; line-height: 24px;\">Lorem ipsum dolor sit amet, consectetur adipisicing elit, sed do eiusmod\n                                                                tempor incididunt ut labore et dolore magna </span></td>\n    														</tr>\n    														<tr>\n    															<td class=\"padding-right15\" style=\"font-family: Helvetica, arial, sans-serif; font-size: 14px; font-weight:bold; color: #333333; text-align:left;line-height: 24px; padding-top:10px;\"><a href=\"#\" style=\"color:#80C457;text-decoration:none;font-weight:bold;\" target=\"_blank\" title=\"How CiviCRM will take Tribodar Eco Learning Center to another level\">Read More</a></td>\n    														</tr>\n    														<!-- /button --><!-- end of content -->\n    													</tbody>\n    												</table>\n    												<!-- end of right column --></td>\n    											</tr>\n    										</tbody>\n    									</table>\n    									</td>\n    								</tr>\n    								<!-- Spacing -->\n    								<tr>\n    									<td height=\"20\" style=\"font-size:1px; line-height:1px; mso-line-height-rule: exactly;\">&nbsp;</td>\n    								</tr>\n    							</tbody>\n    						</table>\n    						</td>\n    					</tr>\n    				</tbody>\n    			</table>\n    			</td>\n    		</tr>\n    	</tbody>\n    </table>\n    <!-- /story two --><!-- story three -->\n\n    <table bgcolor=\"#d8d8d8\" border=\"0\" cellpadding=\"0\" cellspacing=\"0\" id=\"backgroundTable\" st-sortable=\"left-image\" width=\"100%\">\n    	<tbody>\n    		<tr>\n    			<td>\n    			<table align=\"center\" border=\"0\" cellpadding=\"0\" cellspacing=\"0\" class=\"devicewidth\" width=\"700\">\n    				<tbody>\n    					<tr>\n    						<td width=\"100%\">\n    						<table align=\"center\" bgcolor=\"#ffffff\" border=\"0\" cellpadding=\"0\" cellspacing=\"0\" class=\"devicewidth\" width=\"700\">\n    							<tbody><!-- Spacing -->\n    								<tr>\n    									<td bgcolor=\"#076187\" height=\"0\" style=\"font-size:1px; line-height:1px; mso-line-height-rule: exactly;\">&nbsp;</td>\n    								</tr>\n    								<!-- Spacing --><!-- Spacing -->\n    								<tr>\n    									<td height=\"20\" class=\"desktop-spacer\" style=\"font-size:1px; line-height:1px; mso-line-height-rule: exactly;\">&nbsp;</td>\n    								</tr>\n    								<!-- Spacing -->\n    								<tr>\n    									<td>\n    									<table align=\"center\" border=\"0\" cellpadding=\"0\" cellspacing=\"0\" class=\"devicewidth\" width=\"660\">\n    										<tbody>\n    											<tr>\n    												<td><!-- Start of left column -->\n    												<table align=\"left\" border=\"0\" cellpadding=\"0\" cellspacing=\"0\" class=\"devicewidth\" width=\"330\">\n    													<tbody><!-- image -->\n    														<tr>\n    															<td align=\"center\" class=\"devicewidth\" height=\"150\" valign=\"top\" width=\"330\"><a href=\"#\"><img alt=\"\" border=\"0\" class=\"col2img\" src=\"https://civicrm.org/sites/default/files/civicrm/custom/images/330x150.png\" style=\"display:block; border:none; outline:none; text-decoration:none; display:block;\" width=\"330\" /></a></td>\n    														</tr>\n    														<!-- /image -->\n    													</tbody>\n    												</table>\n    												<!-- end of left column --><!-- spacing for mobile devices-->\n\n    												<table align=\"left\" border=\"0\" cellpadding=\"0\" cellspacing=\"0\" class=\"mobilespacing\">\n    													<tbody>\n    														<tr>\n    															<td height=\"15\" style=\"font-size:1px; line-height:1px; mso-line-height-rule: exactly;\" width=\"100%\">&nbsp;</td>\n    														</tr>\n    													</tbody>\n    												</table>\n    												<!-- end of for mobile devices--><!-- start of right column -->\n\n    												<table align=\"right\" border=\"0\" cellpadding=\"0\" cellspacing=\"0\" class=\"devicewidthmob\" width=\"310\">\n    													<tbody>\n    														<tr>\n    															<td class=\"padding-top-right15\" style=\"font-family: Helvetica, arial, sans-serif; font-size: 18px;  text-align:left; line-height: 24px;\"><a href=\"#\" style=\"color:#076187; text-decoration:none; \" target=\"_blank\">Heading Here</a><a href=\"#\" style=\"color:#076187; text-decoration:none;\" target=\"_blank\" title=\"CiviCRM provides a soup-to-nuts open-source solution for Friends of the San Pedro River\"></a></td>\n    														</tr>\n    														<!-- end of title --><!-- Spacing -->\n    														<tr>\n    															<td height=\"15\" style=\"font-size:1px; line-height:1px; mso-line-height-rule: exactly;\" width=\"100%\">&nbsp;</td>\n    														</tr>\n    														<!-- /Spacing --><!-- content -->\n    														<tr>\n    															<td class=\"padding-right15\" style=\"font-family: Helvetica, arial, sans-serif; font-size: 14px; color: #7a6e67; text-align:left; line-height: 24px;\"><span class=\"padding-right15\" style=\"font-family: Helvetica, arial, sans-serif; font-size: 14px; color: #7a6e67; text-align:left; line-height: 24px;\">Lorem ipsum dolor sit amet, consectetur adipisicing elit, sed do eiusmod\n                                                                tempor incididunt ut labore et dolore magna </span></td>\n    														</tr>\n    														<tr>\n    															<td style=\"font-family: Helvetica, arial, sans-serif; font-size: 14px; font-weight:bold; color: #333333; text-align:left;line-height: 24px; padding-top:10px;\"><a href=\"#\" style=\"color:#80C457;text-decoration:none;font-weight:bold;\" target=\"_blank\" title=\"CiviCRM provides a soup-to-nuts open-source solution for Friends of the San Pedro River\">Read More</a></td>\n    														</tr>\n    														<!-- /button --><!-- end of content -->\n    													</tbody>\n    												</table>\n    												<!-- end of right column --></td>\n    											</tr>\n    										</tbody>\n    									</table>\n    									</td>\n    								</tr>\n    								<!-- Spacing -->\n    								<tr>\n    									<td height=\"20\" style=\"font-size:1px; line-height:1px; mso-line-height-rule: exactly;\">&nbsp;</td>\n    								</tr>\n    								<!-- Spacing -->\n    							</tbody>\n    						</table>\n    						</td>\n    					</tr>\n    				</tbody>\n    			</table>\n    			</td>\n    		</tr>\n    	</tbody>\n    </table>\n    <!-- /story three -->\n\n\n\n\n\n    <!-- story four -->\n    <table bgcolor=\"#d8d8d8\" border=\"0\" cellpadding=\"0\" cellspacing=\"0\" id=\"backgroundTable\" st-sortable=\"left-image\" width=\"100%\">\n    	<tbody>\n    		<tr>\n    			<td>\n    			<table align=\"center\" border=\"0\" cellpadding=\"0\" cellspacing=\"0\" class=\"devicewidth\" width=\"700\">\n    				<tbody>\n    					<tr>\n    						<td width=\"100%\">\n    						<table align=\"center\" bgcolor=\"#ffffff\" border=\"0\" cellpadding=\"0\" cellspacing=\"0\" class=\"devicewidth\" width=\"700\">\n    							<tbody>\n                                <!-- Spacing -->\n    								<tr>\n    									<td bgcolor=\"#076187\" height=\"0\" style=\"font-size:1px; line-height:1px; mso-line-height-rule: exactly;\">&nbsp;</td>\n    								</tr>\n    								<!-- Spacing -->\n                                <!-- Spacing -->\n    								<tr>\n    									<td class=\"desktop-spacer\" height=\"20\" style=\"font-size:1px; line-height:1px; mso-line-height-rule: exactly;\">&nbsp;</td>\n    								</tr>\n    								<!-- Spacing -->\n    								<tr>\n    									<td>\n    									<table align=\"center\" border=\"0\" cellpadding=\"0\" cellspacing=\"0\" class=\"devicewidth\" width=\"660\">\n    										<tbody>\n    											<tr>\n    												<td><!-- Start of left column -->\n    												<table align=\"left\" border=\"0\" cellpadding=\"0\" cellspacing=\"0\" class=\"devicewidth\" width=\"330\">\n    													<tbody><!-- image -->\n    														<tr>\n    															<td align=\"center\" class=\"devicewidth\" height=\"150\" valign=\"top\" width=\"330\"><a href=\"#\"><img alt=\"\" border=\"0\" class=\"col2img\" src=\"https://civicrm.org/sites/default/files/civicrm/custom/images/330x150.png\" style=\"display:block; border:none; outline:none; text-decoration:none; display:block;\" width=\"330\" /></a></td>\n    														</tr>\n    														<!-- /image -->\n    													</tbody>\n    												</table>\n    												<!-- end of left column --><!-- spacing for mobile devices-->\n\n    												<table align=\"left\" border=\"0\" cellpadding=\"0\" cellspacing=\"0\" class=\"mobilespacing\">\n    													<tbody>\n    														<tr>\n    															<td height=\"15\" style=\"font-size:1px; line-height:1px; mso-line-height-rule: exactly;\" width=\"100%\">&nbsp;</td>\n    														</tr>\n    													</tbody>\n    												</table>\n    												<!-- end of for mobile devices--><!-- start of right column -->\n\n    												<table align=\"right\" border=\"0\" cellpadding=\"0\" cellspacing=\"0\" class=\"devicewidthmob\" width=\"310\">\n    													<tbody>\n    														<tr>\n    															<td class=\"padding-top-right15\" style=\"font-family: Helvetica, arial, sans-serif; font-size: 18px;text-align:left; line-height: 24px;\"><a href=\"#\" style=\"color:#076187; text-decoration:none; \" target=\"_blank\">Heading Here</a><a href=\"#\" style=\"color:#076187; text-decoration:none;\" target=\"_blank\" title=\"Google Summer of Code\"></a></td>\n    														</tr>\n    														<!-- end of title --><!-- Spacing -->\n    														<tr>\n    															<td height=\"15\" style=\"font-size:1px; line-height:1px; mso-line-height-rule: exactly;\" width=\"100%\">&nbsp;</td>\n    														</tr>\n    														<!-- /Spacing --><!-- content -->\n    														<tr>\n    															<td class=\"padding-right15\" style=\"font-family: Helvetica, arial, sans-serif; font-size: 14px; color: #7a6e67; text-align:left; line-height: 24px;\"><span class=\"padding-right15\" style=\"font-family: Helvetica, arial, sans-serif; font-size: 14px; color: #7a6e67; text-align:left; line-height: 24px;\">Lorem ipsum dolor sit amet, consectetur adipisicing elit, sed do eiusmod\n                                                                tempor incididunt ut labore et dolore magna </span></td>\n    														</tr>\n    														<tr>\n    															<td style=\"font-family: Helvetica, arial, sans-serif; font-size: 14px; font-weight:bold; color: #333333; text-align:left;line-height: 24px; padding-top:10px;\"><a href=\"#\" style=\"color:#80C457;text-decoration:none;font-weight:bold;\" target=\"_blank\" title=\"Google Summer of Code\">Read More</a></td>\n    														</tr>\n    														<!-- /button --><!-- end of content -->\n    													</tbody>\n    												</table>\n    												<!-- end of right column --></td>\n    											</tr>\n    										</tbody>\n    									</table>\n    									</td>\n    								</tr>\n    								<!-- Spacing -->\n    								<tr>\n                       <td height=\"15\" style=\"font-size:1px; line-height:1px; mso-line-height-rule: exactly;\" width=\"100%\">&nbsp;</td>\n                    </tr>\n                    <!-- /Spacing -->\n                    <tr>\n                      <td style=\"padding: 15px;\">\n                      <p style=\"font-family: Helvetica, arial, sans-serif; font-size: 16px; color:#076187; text-align:left; line-height: 26px; padding-bottom:10px;\">Remember to link the facebook and twitter links below to your pages!</p>\n                      </td>\n    								</tr>\n    								<!-- Spacing -->\n    							</tbody>\n    						</table>\n    						</td>\n    					</tr>\n    				</tbody>\n    			</table>\n    			</td>\n    		</tr>\n    	</tbody>\n    </table>\n    <!-- /story four -->\n\n    <!-- footer -->\n\n    <!-- End of footer --><!-- Start of postfooter -->\n    <table bgcolor=\"#d8d8d8\" border=\"0\" cellpadding=\"0\" cellspacing=\"0\" id=\"backgroundTable\" st-sortable=\"footer\" width=\"100%\">\n    	<tbody>\n    		<tr>\n    			<td>\n    			<table align=\"center\" border=\"0\" cellpadding=\"0\" cellspacing=\"0\" class=\"devicewidth\" width=\"700\">\n            <tbody>\n              <tr>\n                <td width=\"100%\">\n                  <table align=\"center\" bgcolor=\"#89c66b\" border=\"0\" cellpadding=\"0\" cellspacing=\"0\" class=\"devicewidth\" width=\"700\">\n    				        <tbody><!-- Spacing -->\n    					        <tr>\n                        <td height=\"10\" style=\"font-size:1px; line-height:1px; mso-line-height-rule: exactly;\">&nbsp;</td>\n    					        </tr>\n    					        <!-- Spacing -->\n    					        <tr>\n                        <td><!-- logo -->\n                        <table align=\"left\" border=\"0\" cellpadding=\"0\" cellspacing=\"0\" width=\"250\">\n            							<tbody>\n            								<tr>\n                               <td width=\"20\">&nbsp;</td>\n                              <td align=\"left\" height=\"40\" width=\"250\"><span style=\"font-family: Helvetica, arial, sans-serif; font-size: 13px; text-align:left; line-height: 26px; padding-bottom:10px;\"><a href=\"{action.unsubscribeUrl}\" style=\"color: #f0f0f0;\">Unsubscribe | </a><a href=\"{action.subscribeUrl}\" style=\"color: #f0f0f0;\">Subscribe |</a> <a href=\"{action.optOutUrl}\" style=\"color: #f0f0f0;\">Opt out</a></span></td>\n                            </tr>\n      											<tr>\n      												<td width=\"20\">&nbsp;</td>\n      												<td align=\"left\" height=\"40\" width=\"250\"><span style=\"font-family: Helvetica, arial, sans-serif; font-size: 13px; text-align:left; line-height: 26px; padding-bottom:10px; color: #f0f0f0;\">{domain.address}</span></td>\n      											</tr>\n                          </tbody>\n                        </table>\n                        <!-- end of logo --><!-- start of social icons -->\n      									<table align=\"right\" border=\"0\" cellpadding=\"0\" cellspacing=\"0\" height=\"40\" vaalign=\"middle\" width=\"60\">\n      										<tbody>\n      											<tr>\n      												<td align=\"left\" height=\"22\" width=\"22\">\n                                <div class=\"imgpop\"><a href=\"#\" target=\"_blank\"><img alt=\"\" border=\"0\" height=\"22\" src=\"https://civicrm.org/sites/default/files/civicrm/custom/images/facebook.png\" style=\"display:block; border:none; outline:none; text-decoration:none;\" width=\"22\" /> </a></div>      											  </td>\n      												<td align=\"left\" style=\"font-size:1px; line-height:1px;\" width=\"10\">&nbsp;</td>\n      												<td align=\"right\" height=\"22\" width=\"22\">\n      												<div class=\"imgpop\"><a href=\"#\" target=\"_blank\"><img alt=\"\" border=\"0\" height=\"22\" src=\"https://civicrm.org/sites/default/files/civicrm/custom/images/twitter.png\" style=\"display:block; border:none; outline:none; text-decoration:none;\" width=\"22\" /> </a></div>\n      												</td>\n      												<td align=\"left\" style=\"font-size:1px; line-height:1px;\" width=\"20\">&nbsp;</td>\n      											</tr>\n      										</tbody>\n      									</table>\n    									<!-- end of social icons --></td>\n    								</tr>\n    								<!-- Spacing -->\n    								<tr>\n    									<td height=\"10\" style=\"font-size:1px; line-height:1px; mso-line-height-rule: exactly;\">&nbsp;</td>\n    								</tr>\n    								<!-- Spacing -->\n    								<tr>\n    									<td bgcolor=\"#80C457\" height=\"10\" width=\"100%\">&nbsp;</td>\n    								</tr>\n    								<!-- Spacing -->\n    							</tbody>\n    						</table>\n    						</td>\n    					</tr>\n    				</tbody>\n    			</table>\n    			</td>\n    		</tr>\n    	</tbody>\n    </table>\n    <!-- End of footer -->\n  </body>\n</html>\n',1,NULL,1,0,0,NULL);
/*!40000 ALTER TABLE `civicrm_msg_template` ENABLE KEYS */;
UNLOCK TABLES;

--
-- Dumping data for table `civicrm_navigation`
--

LOCK TABLES `civicrm_navigation` WRITE;
/*!40000 ALTER TABLE `civicrm_navigation` DISABLE KEYS */;
INSERT INTO `civicrm_navigation` (`id`, `domain_id`, `label`, `name`, `url`, `permission`, `permission_operator`, `parent_id`, `is_active`, `has_separator`, `weight`) VALUES (1,1,'Home','Home','civicrm/dashboard?reset=1',NULL,'',NULL,1,NULL,0),(2,1,'Search','Search...',NULL,NULL,'',NULL,1,NULL,10),(3,1,'Find Contacts','Find Contacts','civicrm/contact/search?reset=1',NULL,'',2,1,NULL,1),(4,1,'Advanced Search','Advanced Search','civicrm/contact/search/advanced?reset=1',NULL,'',2,1,NULL,2),(5,1,'Full-text Search','Full-text Search','civicrm/contact/search/custom?csid=15&reset=1',NULL,'',2,1,NULL,3),(6,1,'Search Builder','Search Builder','civicrm/contact/search/builder?reset=1',NULL,'',2,1,1,4),(7,1,'Find Cases','Find Cases','civicrm/case/search?reset=1','access my cases and activities,access all cases and activities','OR',2,1,NULL,5),(8,1,'Find Contributions','Find Contributions','civicrm/contribute/search?reset=1','access CiviContribute','',2,1,NULL,6),(9,1,'Find Mailings','Find Mailings','civicrm/mailing?reset=1','access CiviMail','',2,1,NULL,7),(10,1,'Find Memberships','Find Memberships','civicrm/member/search?reset=1','access CiviMember','',2,1,NULL,8),(11,1,'Find Participants','Find Participants','civicrm/event/search?reset=1','access CiviEvent','',2,1,NULL,9),(12,1,'Find Pledges','Find Pledges','civicrm/pledge/search?reset=1','access CiviPledge','',2,1,NULL,10),(13,1,'Find Activities','Find Activities','civicrm/activity/search?reset=1',NULL,'',2,1,1,11),(14,1,'Custom Searches','Custom Searches','civicrm/contact/search/custom/list?reset=1',NULL,'',2,1,NULL,12),(15,1,'Contacts','Contacts',NULL,NULL,'',NULL,1,NULL,20),(16,1,'New Individual','New Individual','civicrm/contact/add?reset=1&ct=Individual','add contacts','',15,1,NULL,1),(17,1,'New Household','New Household','civicrm/contact/add?reset=1&ct=Household','add contacts','',15,1,NULL,2),(18,1,'New Organization','New Organization','civicrm/contact/add?reset=1&ct=Organization','add contacts','',15,1,1,3),(19,1,'Contact Reports','Contact Reports','civicrm/report/list?compid=99&reset=1','access CiviReport','',15,1,1,4),(20,1,'New Activity','New Activity','civicrm/activity?reset=1&action=add&context=standalone',NULL,'',15,1,NULL,5),(21,1,'New Email','New Email','civicrm/activity/email/add?atype=3&action=add&reset=1&context=standalone',NULL,'',15,1,1,6),(22,1,'Import Contacts','Import Contacts','civicrm/import/contact?reset=1','import contacts','',15,1,NULL,7),(23,1,'Import Activities','Import Activities','civicrm/import/activity?reset=1','import contacts','',15,1,1,8),(24,1,'New Group','New Group','civicrm/group/add?reset=1','edit groups','',15,1,NULL,9),(25,1,'Manage Groups','Manage Groups','civicrm/group?reset=1','access CiviCRM','',15,1,1,10),(26,1,'New Tag','New Tag','civicrm/admin/tag?reset=1&action=add','administer CiviCRM','',15,1,NULL,11),(27,1,'Manage Tags (Categories)','Manage Tags (Categories)','civicrm/admin/tag?reset=1','administer CiviCRM','',15,1,1,12),(28,1,'Find and Merge Duplicate Contacts','Find and Merge Duplicate Contacts','civicrm/contact/deduperules?reset=1','administer dedupe rules,merge duplicate contacts','OR',15,1,NULL,13),(29,1,'Contributions','Contributions',NULL,'access CiviContribute','',NULL,1,NULL,30),(30,1,'Dashboard','Dashboard','civicrm/contribute?reset=1','access CiviContribute','',29,1,NULL,1),(31,1,'New Contribution','New Contribution','civicrm/contribute/add?reset=1&action=add&context=standalone','access CiviContribute,edit contributions','AND',29,1,NULL,2),(32,1,'Find Contributions','Find Contributions','civicrm/contribute/search?reset=1','access CiviContribute','',29,1,NULL,3),(33,1,'Contribution Reports','Contribution Reports','civicrm/report/list?compid=2&reset=1','access CiviContribute','',29,1,1,4),(34,1,'Import Contributions','Import Contributions','civicrm/contribute/import?reset=1','access CiviContribute,edit contributions','AND',29,1,1,5),(35,1,'Batch Data Entry','Batch Data Entry','civicrm/batch?reset=1','access CiviContribute','',29,1,NULL,7),(36,1,'Pledges','Pledges',NULL,'access CiviPledge','',29,1,1,6),(37,1,'Accounting Batches','Accounting Batches',NULL,'view own manual batches,view all manual batches','OR',29,1,1,8),(38,1,'Dashboard','Dashboard','civicrm/pledge?reset=1','access CiviPledge','',36,1,NULL,1),(39,1,'New Pledge','New Pledge','civicrm/pledge/add?reset=1&action=add&context=standalone','access CiviPledge,edit pledges','AND',36,1,NULL,2),(40,1,'Find Pledges','Find Pledges','civicrm/pledge/search?reset=1','access CiviPledge','',36,1,NULL,3),(41,1,'Pledge Reports','Pledge Reports','civicrm/report/list?compid=6&reset=1','access CiviPledge','',36,1,0,4),(42,1,'New Contribution Page','New Contribution Page','civicrm/admin/contribute/add?reset=1&action=add','access CiviContribute,administer CiviCRM','AND',29,1,NULL,9),(43,1,'Manage Contribution Pages','Manage Contribution Pages','civicrm/admin/contribute?reset=1','access CiviContribute,administer CiviCRM','AND',29,1,1,10),(44,1,'Personal Campaign Pages','Personal Campaign Pages','civicrm/admin/pcp?reset=1&page_type=contribute','access CiviContribute,administer CiviCRM','AND',29,1,NULL,11),(45,1,'Premiums (Thank-you Gifts)','Premiums','civicrm/admin/contribute/managePremiums?reset=1','access CiviContribute,administer CiviCRM','AND',29,1,1,12),(46,1,'New Price Set','New Price Set','civicrm/admin/price?reset=1&action=add','access CiviContribute,administer CiviCRM','AND',29,1,NULL,13),(47,1,'Manage Price Sets','Manage Price Sets','civicrm/admin/price?reset=1','access CiviContribute,administer CiviCRM','AND',29,1,NULL,14),(48,1,'New Batch','New Batch','civicrm/financial/batch?reset=1&action=add','create manual batch','AND',37,1,NULL,1),(49,1,'Open Batches','Open Batches','civicrm/financial/financialbatches?reset=1&batchStatus=1','view own manual batches,view all manual batches','OR',37,1,NULL,2),(50,1,'Closed Batches','Closed Batches','civicrm/financial/financialbatches?reset=1&batchStatus=2','view own manual batches,view all manual batches','OR',37,1,NULL,3),(51,1,'Exported Batches','Exported Batches','civicrm/financial/financialbatches?reset=1&batchStatus=5','view own manual batches,view all manual batches','OR',37,1,NULL,4),(52,1,'Events','Events',NULL,'access CiviEvent','',NULL,1,NULL,40),(53,1,'Dashboard','CiviEvent Dashboard','civicrm/event?reset=1','access CiviEvent','',52,1,NULL,1),(54,1,'Register Event Participant','Register Event Participant','civicrm/participant/add?reset=1&action=add&context=standalone','access CiviEvent,edit event participants','AND',52,1,NULL,2),(55,1,'Find Participants','Find Participants','civicrm/event/search?reset=1','access CiviEvent','',52,1,NULL,3),(56,1,'Event Reports','Event Reports','civicrm/report/list?compid=1&reset=1','access CiviEvent','',52,1,1,4),(57,1,'Import Participants','Import Participants','civicrm/event/import?reset=1','access CiviEvent,edit event participants','AND',52,1,1,5),(58,1,'New Event','New Event','civicrm/event/add?reset=1&action=add','access CiviEvent,edit all events','AND',52,1,NULL,6),(59,1,'Manage Events','Manage Events','civicrm/event/manage?reset=1','access CiviEvent,edit all events','AND',52,1,1,7),(60,1,'Personal Campaign Pages','Personal Campaign Pages','civicrm/admin/pcp?reset=1&page_type=event','access CiviEvent,administer CiviCRM','AND',52,1,1,8),(61,1,'Event Templates','Event Templates','civicrm/admin/eventTemplate?reset=1','access CiviEvent,edit all events','AND',52,1,1,9),(62,1,'New Price Set','New Price Set','civicrm/admin/price?reset=1&action=add','access CiviEvent,edit all events','AND',52,1,NULL,10),(63,1,'Manage Price Sets','Manage Price Sets','civicrm/admin/price?reset=1','access CiviEvent,edit all events','AND',52,1,NULL,11),(64,1,'Mailings','Mailings',NULL,'access CiviMail,create mailings,approve mailings,schedule mailings','OR',NULL,1,NULL,50),(65,1,'New Mailing','New Mailing','civicrm/mailing/send?reset=1','access CiviMail,create mailings','OR',64,1,NULL,1),(66,1,'Draft and Unscheduled Mailings','Draft and Unscheduled Mailings','civicrm/mailing/browse/unscheduled?reset=1&scheduled=false','access CiviMail,create mailings,schedule mailings','OR',64,1,NULL,2),(67,1,'Scheduled and Sent Mailings','Scheduled and Sent Mailings','civicrm/mailing/browse/scheduled?reset=1&scheduled=true','access CiviMail,approve mailings,create mailings,schedule mailings','OR',64,1,NULL,3),(68,1,'Archived Mailings','Archived Mailings','civicrm/mailing/browse/archived?reset=1','access CiviMail,create mailings','OR',64,1,NULL,4),(69,1,'Mailing Reports','Mailing Reports','civicrm/report/list?compid=4&reset=1','access CiviMail','',64,1,1,5),(70,1,'Headers, Footers, and Automated Messages','Headers, Footers, and Automated Messages','civicrm/admin/component?reset=1','access CiviMail,administer CiviCRM','AND',64,1,NULL,6),(71,1,'Message Templates','Message Templates','civicrm/admin/messageTemplates?reset=1','edit message templates','',64,1,NULL,7),(72,1,'From Email Addresses','From Email Addresses','civicrm/admin/options/from_email_address?reset=1','administer CiviCRM','',64,1,1,8),(73,1,'New SMS','New SMS','civicrm/sms/send?reset=1','administer CiviCRM',NULL,64,1,NULL,9),(74,1,'Find Mass SMS','Find Mass SMS','civicrm/mailing/browse?reset=1&sms=1','administer CiviCRM',NULL,64,1,1,10),(75,1,'New A/B Test','New A/B Test','civicrm/a/#/abtest/new','access CiviMail','',64,1,NULL,15),(76,1,'Manage A/B Tests','Manage A/B Tests','civicrm/a/#/abtest','access CiviMail','',64,1,1,16),(77,1,'Memberships','Memberships',NULL,'access CiviMember','',NULL,1,NULL,60),(78,1,'Dashboard','Dashboard','civicrm/member?reset=1','access CiviMember','',77,1,NULL,1),(79,1,'New Membership','New Membership','civicrm/member/add?reset=1&action=add&context=standalone','access CiviMember,edit memberships','AND',77,1,NULL,2),(80,1,'Find Memberships','Find Memberships','civicrm/member/search?reset=1','access CiviMember','',77,1,NULL,3),(81,1,'Membership Reports','Membership Reports','civicrm/report/list?compid=3&reset=1','access CiviMember','',77,1,1,4),(82,1,'Batch Data Entry','Batch Data Entry','civicrm/batch?reset=1','access CiviContribute','',77,1,NULL,5),(83,1,'Import Memberships','Import Members','civicrm/member/import?reset=1','access CiviMember,edit memberships','AND',77,1,1,6),(84,1,'New Price Set','New Price Set','civicrm/admin/price?reset=1&action=add','access CiviMember,administer CiviCRM','AND',77,1,NULL,7),(85,1,'Manage Price Sets','Manage Price Sets','civicrm/admin/price?reset=1','access CiviMember,administer CiviCRM','AND',77,1,NULL,8),(86,1,'Campaigns','Campaigns',NULL,'interview campaign contacts,release campaign contacts,reserve campaign contacts,manage campaign,administer CiviCampaign,gotv campaign contacts','OR',NULL,1,NULL,70),(87,1,'Dashboard','Dashboard','civicrm/campaign?reset=1','manage campaign,administer CiviCampaign','OR',86,1,NULL,1),(88,1,'Surveys','Survey Dashboard','civicrm/campaign?reset=1&subPage=survey','manage campaign,administer CiviCampaign','OR',87,1,NULL,1),(89,1,'Petitions','Petition Dashboard','civicrm/campaign?reset=1&subPage=petition','manage campaign,administer CiviCampaign','OR',87,1,NULL,2),(90,1,'Campaigns','Campaign Dashboard','civicrm/campaign?reset=1&subPage=campaign','manage campaign,administer CiviCampaign','OR',87,1,NULL,3),(91,1,'New Campaign','New Campaign','civicrm/campaign/add?reset=1','manage campaign,administer CiviCampaign','OR',86,1,NULL,2),(92,1,'New Survey','New Survey','civicrm/survey/add?reset=1','manage campaign,administer CiviCampaign','OR',86,1,NULL,3),(93,1,'New Petition','New Petition','civicrm/petition/add?reset=1','manage campaign,administer CiviCampaign','OR',86,1,NULL,4),(94,1,'Reserve Respondents','Reserve Respondents','civicrm/survey/search?reset=1&op=reserve','administer CiviCampaign,manage campaign,reserve campaign contacts','OR',86,1,NULL,5),(95,1,'Interview Respondents','Interview Respondents','civicrm/survey/search?reset=1&op=interview','administer CiviCampaign,manage campaign,interview campaign contacts','OR',86,1,NULL,6),(96,1,'Release Respondents','Release Respondents','civicrm/survey/search?reset=1&op=release','administer CiviCampaign,manage campaign,release campaign contacts','OR',86,1,NULL,7),(97,1,'Campaign Reports','Campaign Reports','civicrm/report/list?compid=9&reset=1','interview campaign contacts,release campaign contacts,reserve campaign contacts,manage campaign,administer CiviCampaign,gotv campaign contacts','OR',86,1,1,8),(98,1,'Conduct Survey','Conduct Survey','civicrm/campaign/vote?reset=1','administer CiviCampaign,manage campaign,reserve campaign contacts,interview campaign contacts','OR',86,1,NULL,9),(99,1,'GOTV (Voter Tracking)','Voter Listing','civicrm/campaign/gotv?reset=1','administer CiviCampaign,manage campaign,release campaign contacts,gotv campaign contacts','OR',86,1,NULL,10),(100,1,'Cases','Cases',NULL,'access my cases and activities,access all cases and activities','OR',NULL,1,NULL,80),(101,1,'Dashboard','Dashboard','civicrm/case?reset=1','access my cases and activities,access all cases and activities','OR',100,1,NULL,1),(102,1,'New Case','New Case','civicrm/case/add?reset=1&action=add&atype=13&context=standalone','add cases,access all cases and activities','OR',100,1,NULL,2),(103,1,'Find Cases','Find Cases','civicrm/case/search?reset=1','access my cases and activities,access all cases and activities','OR',100,1,1,3),(104,1,'Case Reports','Case Reports','civicrm/report/list?compid=7&reset=1','access my cases and activities,access all cases and activities,administer CiviCase','OR',100,1,0,4),(105,1,'Grants','Grants',NULL,'access CiviGrant','',NULL,1,NULL,90),(106,1,'Dashboard','Dashboard','civicrm/grant?reset=1','access CiviGrant','',105,1,NULL,1),(107,1,'New Grant','New Grant','civicrm/grant/add?reset=1&action=add&context=standalone','access CiviGrant,edit grants','AND',105,1,NULL,2),(108,1,'Find Grants','Find Grants','civicrm/grant/search?reset=1','access CiviGrant','',105,1,1,3),(109,1,'Grant Reports','Grant Reports','civicrm/report/list?compid=5&reset=1','access CiviGrant','',105,1,0,4),(110,1,'Administer','Administer',NULL,'administer CiviCRM','',NULL,1,NULL,100),(111,1,'Administration Console','Administration Console','civicrm/admin?reset=1','administer CiviCRM','',110,1,NULL,1),(112,1,'System Status','System Status','civicrm/a/#/status','administer CiviCRM','',111,1,NULL,0),(113,1,'Configuration Checklist','Configuration Checklist','civicrm/admin/configtask?reset=1','administer CiviCRM','',111,1,NULL,1),(114,1,'Customize Data and Screens','Customize Data and Screens',NULL,'administer CiviCRM','',110,1,NULL,3),(115,1,'Custom Fields','Custom Fields','civicrm/admin/custom/group?reset=1','administer CiviCRM','',114,1,NULL,1),(116,1,'Profiles','Profiles','civicrm/admin/uf/group?reset=1','administer CiviCRM','',114,1,NULL,2),(117,1,'Tags (Categories)','Tags (Categories)','civicrm/admin/tag?reset=1','administer CiviCRM','',114,1,NULL,3),(118,1,'Activity Types','Activity Types','civicrm/admin/options/activity_type?reset=1','administer CiviCRM','',114,1,NULL,4),(119,1,'Relationship Types','Relationship Types','civicrm/admin/reltype?reset=1','administer CiviCRM','',114,1,NULL,5),(120,1,'Contact Types','Contact Types','civicrm/admin/options/subtype?reset=1','administer CiviCRM','',114,1,NULL,6),(121,1,'Display Preferences','Display Preferences','civicrm/admin/setting/preferences/display?reset=1','administer CiviCRM','',114,1,NULL,9),(122,1,'Search Preferences','Search Preferences','civicrm/admin/setting/search?reset=1','administer CiviCRM','',114,1,NULL,10),(123,1,'Date Preferences','Date Preferences','civicrm/admin/setting/preferences/date?reset=1','administer CiviCRM','',114,1,NULL,11),(124,1,'Navigation Menu','Navigation Menu','civicrm/admin/menu?reset=1','administer CiviCRM','',114,1,NULL,12),(125,1,'Word Replacements','Word Replacements','civicrm/admin/options/wordreplacements?reset=1','administer CiviCRM','',114,1,NULL,13),(126,1,'Manage Custom Searches','Manage Custom Searches','civicrm/admin/options/custom_search?reset=1','administer CiviCRM','',114,1,NULL,14),(127,1,'Dropdown Options','Dropdown Options',NULL,'administer CiviCRM','',114,1,NULL,8),(128,1,'Gender Options','Gender Options','civicrm/admin/options/gender?reset=1','administer CiviCRM','',127,1,NULL,1),(129,1,'Individual Prefixes (Ms, Mr...)','Individual Prefixes (Ms, Mr...)','civicrm/admin/options/individual_prefix?reset=1','administer CiviCRM','',127,1,NULL,2),(130,1,'Individual Suffixes (Jr, Sr...)','Individual Suffixes (Jr, Sr...)','civicrm/admin/options/individual_suffix?reset=1','administer CiviCRM','',127,1,NULL,3),(131,1,'Instant Messenger Services','Instant Messenger Services','civicrm/admin/options/instant_messenger_service?reset=1','administer CiviCRM','',127,1,NULL,4),(132,1,'Location Types (Home, Work...)','Location Types (Home, Work...)','civicrm/admin/locationType?reset=1','administer CiviCRM','',127,1,NULL,5),(133,1,'Mobile Phone Providers','Mobile Phone Providers','civicrm/admin/options/mobile_provider?reset=1','administer CiviCRM','',127,1,NULL,6),(134,1,'Phone Types','Phone Types','civicrm/admin/options/phone_type?reset=1','administer CiviCRM','',127,1,NULL,7),(135,1,'Website Types','Website Types','civicrm/admin/options/website_type?reset=1','administer CiviCRM','',127,1,NULL,8),(136,1,'Communications','Communications',NULL,'administer CiviCRM','',110,1,NULL,4),(137,1,'Organization Address and Contact Info','Organization Address and Contact Info','civicrm/admin/domain?action=update&reset=1','administer CiviCRM','',136,1,NULL,1),(138,1,'FROM Email Addresses','FROM Email Addresses','civicrm/admin/options/from_email_address?reset=1','administer CiviCRM','',136,1,NULL,2),(139,1,'Message Templates','Message Templates','civicrm/admin/messageTemplates?reset=1','administer CiviCRM','',136,1,NULL,3),(140,1,'Schedule Reminders','Schedule Reminders','civicrm/admin/scheduleReminders?reset=1','administer CiviCRM','',136,1,NULL,4),(141,1,'Preferred Communication Methods','Preferred Communication Methods','civicrm/admin/options/preferred_communication_method?reset=1','administer CiviCRM','',136,1,NULL,5),(142,1,'Label Formats','Label Formats','civicrm/admin/labelFormats?reset=1','administer CiviCRM','',136,1,NULL,6),(143,1,'Print Page (PDF) Formats','Print Page (PDF) Formats','civicrm/admin/pdfFormats?reset=1','administer CiviCRM','',136,1,NULL,7),(144,1,'Communication Style Options','Communication Style Options','civicrm/admin/options/communication_style?reset=1','administer CiviCRM','',136,1,NULL,8),(145,1,'Email Greeting Formats','Email Greeting Formats','civicrm/admin/options/email_greeting?reset=1','administer CiviCRM','',136,1,NULL,9),(146,1,'Postal Greeting Formats','Postal Greeting Formats','civicrm/admin/options/postal_greeting?reset=1','administer CiviCRM','',136,1,NULL,10),(147,1,'Addressee Formats','Addressee Formats','civicrm/admin/options/addressee?reset=1','administer CiviCRM','',136,1,NULL,11),(148,1,'Localization','Localization',NULL,'administer CiviCRM','',110,1,NULL,6),(149,1,'Languages, Currency, Locations','Languages, Currency, Locations','civicrm/admin/setting/localization?reset=1','administer CiviCRM','',148,1,NULL,1),(150,1,'Address Settings','Address Settings','civicrm/admin/setting/preferences/address?reset=1','administer CiviCRM','',148,1,NULL,2),(151,1,'Date Formats','Date Formats','civicrm/admin/setting/date?reset=1','administer CiviCRM','',148,1,NULL,3),(152,1,'Preferred Language Options','Preferred Language Options','civicrm/admin/options/languages?reset=1','administer CiviCRM','',148,1,NULL,4),(153,1,'Users and Permissions','Users and Permissions',NULL,'administer CiviCRM','',110,1,NULL,7),(154,1,'Permissions (Access Control)','Permissions (Access Control)','civicrm/admin/access?reset=1','administer CiviCRM','',153,1,NULL,1),(155,1,'Synchronize Users to Contacts','Synchronize Users to Contacts','civicrm/admin/synchUser?reset=1','administer CiviCRM','',153,1,NULL,2),(156,1,'System Settings','System Settings',NULL,'administer CiviCRM','',110,1,NULL,8),(157,1,'Enable CiviCRM Components','Enable Components','civicrm/admin/setting/component?reset=1','administer CiviCRM','',156,1,NULL,1),(158,1,'Manage Extensions','Manage Extensions','civicrm/admin/extensions?reset=1','administer CiviCRM','',156,1,NULL,2),(159,1,'Outbound Email (SMTP/Sendmail)','Outbound Email','civicrm/admin/setting/smtp?reset=1','administer CiviCRM','',156,1,NULL,3),(160,1,'Payment Processors','Payment Processors','civicrm/admin/paymentProcessor?reset=1','administer CiviCRM','',156,1,NULL,4),(161,1,'Mapping and Geocoding','Mapping and Geocoding','civicrm/admin/setting/mapping?reset=1','administer CiviCRM','',156,1,NULL,5),(162,1,'Misc (Undelete, PDFs, Limits, Logging, Captcha, etc.)','Misc (Undelete, PDFs, Limits, Logging, Captcha, etc.)','civicrm/admin/setting/misc?reset=1','administer CiviCRM','',156,1,NULL,6),(163,1,'Directories','Directories','civicrm/admin/setting/path?reset=1','administer CiviCRM','',156,1,NULL,7),(164,1,'Resource URLs','Resource URLs','civicrm/admin/setting/url?reset=1','administer CiviCRM','',156,1,NULL,8),(165,1,'Cleanup Caches and Update Paths','Cleanup Caches and Update Paths','civicrm/admin/setting/updateConfigBackend?reset=1','administer CiviCRM','',156,1,NULL,9),(166,1,'CMS Database Integration','CMS Integration','civicrm/admin/setting/uf?reset=1','administer CiviCRM','',156,1,NULL,10),(167,1,'Safe File Extensions','Safe File Extensions','civicrm/admin/options/safe_file_extension?reset=1','administer CiviCRM','',156,1,NULL,11),(168,1,'Option Groups','Option Groups','civicrm/admin/options?reset=1','administer CiviCRM','',156,1,NULL,12),(169,1,'Import/Export Mappings','Import/Export Mappings','civicrm/admin/mapping?reset=1','administer CiviCRM','',156,1,NULL,13),(170,1,'Debugging and Error Handling','Debugging and Error Handling','civicrm/admin/setting/debug?reset=1','administer CiviCRM','',156,1,NULL,14),(171,1,'Multi Site Settings','Multi Site Settings','civicrm/admin/setting/preferences/multisite?reset=1','administer CiviCRM','',156,1,NULL,15),(172,1,'Scheduled Jobs','Scheduled Jobs','civicrm/admin/job?reset=1','administer CiviCRM','',156,1,NULL,16),(173,1,'SMS Providers','SMS Providers','civicrm/admin/sms/provider?reset=1','administer CiviCRM','',156,1,NULL,17),(174,1,'CiviCampaign','CiviCampaign',NULL,'administer CiviCampaign,administer CiviCRM','AND',110,1,NULL,9),(175,1,'Survey Types','Survey Types','civicrm/admin/campaign/surveyType?reset=1','administer CiviCampaign','',174,1,NULL,1),(176,1,'Campaign Types','Campaign Types','civicrm/admin/options/campaign_type?reset=1','administer CiviCampaign','',174,1,NULL,2),(177,1,'Campaign Status','Campaign Status','civicrm/admin/options/campaign_status?reset=1','administer CiviCampaign','',174,1,NULL,3),(178,1,'Engagement Index','Engagement Index','civicrm/admin/options/engagement_index?reset=1','administer CiviCampaign','',174,1,NULL,4),(179,1,'CiviCampaign Component Settings','CiviCampaign Component Settings','civicrm/admin/setting/preferences/campaign?reset=1','administer CiviCampaign','',174,1,NULL,5),(180,1,'CiviCase','CiviCase',NULL,'administer CiviCase',NULL,110,1,NULL,10),(181,1,'Case Types','Case Types','civicrm/a/#/caseType','administer CiviCase',NULL,180,1,NULL,1),(182,1,'Redaction Rules','Redaction Rules','civicrm/admin/options/redaction_rule?reset=1','administer CiviCase',NULL,180,1,NULL,2),(183,1,'Case Statuses','Case Statuses','civicrm/admin/options/case_status?reset=1','administer CiviCase',NULL,180,1,NULL,3),(184,1,'Encounter Medium','Encounter Medium','civicrm/admin/options/encounter_medium?reset=1','administer CiviCase',NULL,180,1,NULL,4),(185,1,'CiviContribute','CiviContribute',NULL,'access CiviContribute,administer CiviCRM','AND',110,1,NULL,11),(186,1,'New Contribution Page','New Contribution Page','civicrm/admin/contribute?reset=1&action=add','access CiviContribute,administer CiviCRM','AND',185,1,NULL,6),(187,1,'Manage Contribution Pages','Manage Contribution Pages','civicrm/admin/contribute?reset=1','access CiviContribute,administer CiviCRM','AND',185,1,1,7),(188,1,'Personal Campaign Pages','Personal Campaign Pages','civicrm/admin/pcp?reset=1&page_type=contribute','access CiviContribute,administer CiviCRM','AND',185,1,NULL,8),(189,1,'Premiums (Thank-you Gifts)','Premiums','civicrm/admin/contribute/managePremiums?reset=1','access CiviContribute,administer CiviCRM','AND',185,1,1,9),(190,1,'Financial Types','Financial Types','civicrm/admin/financial/financialType?reset=1','access CiviContribute,administer CiviCRM','AND',185,1,NULL,10),(191,1,'Financial Accounts','Financial Accounts','civicrm/admin/financial/financialAccount?reset=1','access CiviContribute,administer CiviCRM','AND',185,1,NULL,11),(192,1,'Payment Methods','Payment Instruments','civicrm/admin/options/payment_instrument?reset=1','access CiviContribute,administer CiviCRM','AND',185,1,NULL,12),(193,1,'Accepted Credit Cards','Accepted Credit Cards','civicrm/admin/options/accept_creditcard?reset=1','access CiviContribute,administer CiviCRM','AND',185,1,NULL,13),(194,1,'Soft Credit Types','Soft Credit Types','civicrm/admin/options/soft_credit_type?reset=1','access CiviContribute,administer CiviCRM','AND',185,1,1,14),(195,1,'New Price Set','New Price Set','civicrm/admin/price?reset=1&action=add','access CiviContribute,administer CiviCRM','AND',185,1,NULL,15),(196,1,'Manage Price Sets','Manage Price Sets','civicrm/admin/price?reset=1','access CiviContribute,administer CiviCRM','AND',185,1,NULL,16),(197,1,'Payment Processors','Payment Processors','civicrm/admin/paymentProcessor?reset=1','administer CiviCRM','',185,1,NULL,17),(198,1,'CiviContribute Component Settings','CiviContribute Component Settings','civicrm/admin/setting/preferences/contribute?reset=1','administer CiviCRM','',185,1,NULL,18),(199,1,'CiviEvent','CiviEvent',NULL,'access CiviEvent,administer CiviCRM','AND',110,1,NULL,12),(200,1,'New Event','New Event','civicrm/event/add?reset=1&action=add','access CiviEvent,administer CiviCRM','AND',199,1,NULL,1),(201,1,'Manage Events','Manage Events','civicrm/event/manage?reset=1','access CiviEvent,administer CiviCRM','AND',199,1,1,2),(202,1,'Personal Campaign Pages','Personal Campaign Pages','civicrm/admin/pcp?reset=1&page_type=event','access CiviEvent,administer CiviCRM','AND',199,1,1,3),(203,1,'Event Templates','Event Templates','civicrm/admin/eventTemplate?reset=1','access CiviEvent,administer CiviCRM','AND',199,1,1,4),(204,1,'New Price Set','New Price Set','civicrm/admin/price?reset=1&action=add','access CiviEvent,administer CiviCRM','AND',199,1,NULL,5),(205,1,'Manage Price Sets','Manage Price Sets','civicrm/admin/price?reset=1','access CiviEvent,administer CiviCRM','AND',199,1,1,6),(206,1,'Event Types','Event Types','civicrm/admin/options/event_type?reset=1','access CiviEvent,administer CiviCRM','AND',199,1,NULL,7),(207,1,'Participant Statuses','Participant Statuses','civicrm/admin/participant_status?reset=1','access CiviEvent,administer CiviCRM','AND',199,1,NULL,8),(208,1,'Participant Roles','Participant Roles','civicrm/admin/options/participant_role?reset=1','access CiviEvent,administer CiviCRM','AND',199,1,NULL,9),(209,1,'Participant Listing Options','Participant Listing Options','civicrm/admin/options/participant_listing?reset=1','access CiviEvent,administer CiviCRM','AND',199,1,NULL,10),(210,1,'Event Name Badge Layouts','Event Name Badge Layouts','civicrm/admin/badgelayout?reset=1','access CiviEvent,administer CiviCRM','AND',199,1,NULL,11),(211,1,'Payment Processors','Payment Processors','civicrm/admin/paymentProcessor?reset=1','administer CiviCRM','',199,1,NULL,12),(212,1,'CiviEvent Component Settings','CiviEvent Component Settings','civicrm/admin/setting/preferences/event?reset=1','access CiviEvent,administer CiviCRM','AND',199,1,NULL,13),(213,1,'CiviGrant','CiviGrant',NULL,'access CiviGrant,administer CiviCRM','AND',110,1,NULL,13),(214,1,'Grant Types','Grant Types','civicrm/admin/options/grant_type?reset=1','access CiviGrant,administer CiviCRM','AND',213,1,NULL,1),(215,1,'Grant Status','Grant Status','civicrm/admin/options/grant_status?reset=1','access CiviGrant,administer CiviCRM','AND',213,1,NULL,2),(216,1,'CiviMail','CiviMail',NULL,'access CiviMail,administer CiviCRM','AND',110,1,NULL,14),(217,1,'Headers, Footers, and Automated Messages','Headers, Footers, and Automated Messages','civicrm/admin/component?reset=1','access CiviMail,administer CiviCRM','AND',216,1,NULL,1),(218,1,'Message Templates','Message Templates','civicrm/admin/messageTemplates?reset=1','administer CiviCRM','',216,1,NULL,2),(219,1,'From Email Addresses','From Email Addresses','civicrm/admin/options/from_email_address?reset=1','administer CiviCRM','',216,1,NULL,3),(220,1,'Mail Accounts','Mail Accounts','civicrm/admin/mailSettings?reset=1','access CiviMail,administer CiviCRM','AND',216,1,NULL,4),(221,1,'Mailer Settings','Mailer Settings','civicrm/admin/mail?reset=1','access CiviMail,administer CiviCRM','AND',216,1,NULL,5),(222,1,'CiviMail Component Settings','CiviMail Component Settings','civicrm/admin/setting/preferences/mailing?reset=1','access CiviMail,administer CiviCRM','AND',216,1,NULL,6),(223,1,'CiviMember','CiviMember',NULL,'access CiviMember,administer CiviCRM','AND',110,1,NULL,15),(224,1,'Membership Types','Membership Types','civicrm/admin/member/membershipType?reset=1','access CiviMember,administer CiviCRM','AND',223,1,NULL,1),(225,1,'Membership Status Rules','Membership Status Rules','civicrm/admin/member/membershipStatus?reset=1','access CiviMember,administer CiviCRM','AND',223,1,1,2),(226,1,'New Price Set','New Price Set','civicrm/admin/price?reset=1&action=add','access CiviMember,administer CiviCRM','AND',223,1,NULL,3),(227,1,'Manage Price Sets','Manage Price Sets','civicrm/admin/price?reset=1','access CiviMember,administer CiviCRM','AND',223,1,NULL,4),(228,1,'CiviMember Component Settings','CiviMember Component Settings','civicrm/admin/setting/preferences/member?reset=1','access CiviMember,administer CiviCRM','AND',223,1,NULL,5),(229,1,'CiviReport','CiviReport',NULL,'access CiviReport,administer CiviCRM','AND',110,1,NULL,16),(230,1,'All Reports','All Reports','civicrm/report/list?reset=1','access CiviReport','',229,1,NULL,1),(231,1,'Create New Report from Template','Create New Report from Template','civicrm/admin/report/template/list?reset=1','administer Reports','',229,1,NULL,2),(232,1,'Manage Templates','Manage Templates','civicrm/admin/report/options/report_template?reset=1','administer Reports','',229,1,NULL,3),(233,1,'Register Report','Register Report','civicrm/admin/report/register?reset=1','administer Reports','',229,1,NULL,4),(234,1,'Support','Support',NULL,NULL,'',NULL,1,NULL,110),(235,1,'Get started','Get started','https://civicrm.org/get-started?src=iam',NULL,'AND',234,1,NULL,1),(236,1,'Documentation','Documentation','https://civicrm.org/documentation?src=iam',NULL,'AND',234,1,NULL,2),(237,1,'Ask a question','Ask a question','https://civicrm.org/ask-a-question?src=iam',NULL,'AND',234,1,NULL,3),(238,1,'Get expert help','Get expert help','https://civicrm.org/experts?src=iam',NULL,'AND',234,1,NULL,4),(239,1,'About CiviCRM','About CiviCRM','https://civicrm.org/about?src=iam',NULL,'AND',234,1,1,5),(240,1,'Register your site','Register your site','https://civicrm.org/register-your-site?src=iam&sid={sid}',NULL,'AND',234,1,NULL,6),(241,1,'Join CiviCRM','Join CiviCRM','https://civicrm.org/become-a-member?src=iam&sid={sid}',NULL,'AND',234,1,NULL,7),(242,1,'Developer','Developer',NULL,'administer CiviCRM','',234,1,1,8),(243,1,'API Explorer','API Explorer','civicrm/api','administer CiviCRM','',242,1,NULL,1),(244,1,'Developer Docs','Developer Docs','https://civicrm.org/developer-documentation?src=iam','administer CiviCRM','',242,1,NULL,3),(245,1,'Reports','Reports',NULL,'access CiviReport','',NULL,1,NULL,95),(246,1,'Contact Reports','Contact Reports','civicrm/report/list?compid=99&reset=1','administer CiviCRM','',245,1,0,1),(247,1,'Contribution Reports','Contribution Reports','civicrm/report/list?compid=2&reset=1','access CiviContribute','',245,1,0,2),(248,1,'Pledge Reports','Pledge Reports','civicrm/report/list?compid=6&reset=1','access CiviPledge','',245,1,0,3),(249,1,'Event Reports','Event Reports','civicrm/report/list?compid=1&reset=1','access CiviEvent','',245,1,0,4),(250,1,'Mailing Reports','Mailing Reports','civicrm/report/list?compid=4&reset=1','access CiviMail','',245,1,0,5),(251,1,'Membership Reports','Membership Reports','civicrm/report/list?compid=3&reset=1','access CiviMember','',245,1,0,6),(252,1,'Campaign Reports','Campaign Reports','civicrm/report/list?compid=9&reset=1','interview campaign contacts,release campaign contacts,reserve campaign contacts,manage campaign,administer CiviCampaign,gotv campaign contacts','OR',245,1,0,7),(253,1,'Case Reports','Case Reports','civicrm/report/list?compid=7&reset=1','access my cases and activities,access all cases and activities,administer CiviCase','OR',245,1,0,8),(254,1,'Grant Reports','Grant Reports','civicrm/report/list?compid=5&reset=1','access CiviGrant','',245,1,0,9),(255,1,'All Reports','All Reports','civicrm/report/list?reset=1','access CiviReport','',245,1,1,10),(256,1,'New Student','New Student','civicrm/contact/add?ct=Individual&cst=Student&reset=1','add contacts','',16,1,NULL,1),(257,1,'New Parent','New Parent','civicrm/contact/add?ct=Individual&cst=Parent&reset=1','add contacts','',16,1,NULL,2),(258,1,'New Staff','New Staff','civicrm/contact/add?ct=Individual&cst=Staff&reset=1','add contacts','',16,1,NULL,3),(259,1,'New Team','New Team','civicrm/contact/add?ct=Organization&cst=Team&reset=1','add contacts','',18,1,NULL,1),(260,1,'New Sponsor','New Sponsor','civicrm/contact/add?ct=Organization&cst=Sponsor&reset=1','add contacts','',18,1,NULL,2);
/*!40000 ALTER TABLE `civicrm_navigation` ENABLE KEYS */;
UNLOCK TABLES;

--
-- Dumping data for table `civicrm_note`
--

LOCK TABLES `civicrm_note` WRITE;
/*!40000 ALTER TABLE `civicrm_note` DISABLE KEYS */;
INSERT INTO `civicrm_note` (`id`, `entity_table`, `entity_id`, `note`, `contact_id`, `modified_date`, `subject`, `privacy`) VALUES (1,'civicrm_contact',26,'Send newsletter for April 2005',1,'2015-07-14',NULL,'0'),(2,'civicrm_contact',190,'Arrange for cricket match with Sunil Gavaskar',1,'2015-02-15',NULL,'0'),(3,'civicrm_contact',92,'Contact the Commissioner of Charities',1,'2014-12-07',NULL,'0'),(4,'civicrm_contact',161,'Chart out route map for next 10k run',1,'2015-09-04',NULL,'0'),(5,'civicrm_contact',127,'Send reminder for annual dinner',1,'2015-02-09',NULL,'0'),(6,'civicrm_contact',195,'Connect for presentation',1,'2015-06-25',NULL,'0'),(7,'civicrm_contact',5,'Send reminder for annual dinner',1,'2015-06-18',NULL,'0'),(8,'civicrm_contact',182,'Send newsletter for April 2005',1,'2015-07-18',NULL,'0'),(9,'civicrm_contact',11,'Reminder screening of \"Black\" on next Friday',1,'2014-12-14',NULL,'0'),(10,'civicrm_contact',146,'Organize the Terry Fox run',1,'2014-12-10',NULL,'0'),(11,'civicrm_contact',71,'Get the registration done for NGO status',1,'2015-08-19',NULL,'0'),(12,'civicrm_contact',71,'Invite members for the Steve Prefontaine 10k dream run',1,'2015-02-18',NULL,'0'),(13,'civicrm_contact',97,'Get the registration done for NGO status',1,'2015-07-23',NULL,'0'),(14,'civicrm_contact',129,'Chart out route map for next 10k run',1,'2015-04-06',NULL,'0'),(15,'civicrm_contact',143,'Get the registration done for NGO status',1,'2015-03-08',NULL,'0'),(16,'civicrm_contact',8,'Connect for presentation',1,'2015-07-16',NULL,'0'),(17,'civicrm_contact',93,'Invite members for the Steve Prefontaine 10k dream run',1,'2015-07-17',NULL,'0'),(18,'civicrm_contact',101,'Arrange collection of funds from members',1,'2015-09-04',NULL,'0'),(19,'civicrm_contact',158,'Contact the Commissioner of Charities',1,'2015-02-20',NULL,'0'),(20,'civicrm_contact',96,'Chart out route map for next 10k run',1,'2015-04-18',NULL,'0');
/*!40000 ALTER TABLE `civicrm_note` ENABLE KEYS */;
UNLOCK TABLES;

--
-- Dumping data for table `civicrm_openid`
--

LOCK TABLES `civicrm_openid` WRITE;
/*!40000 ALTER TABLE `civicrm_openid` DISABLE KEYS */;
/*!40000 ALTER TABLE `civicrm_openid` ENABLE KEYS */;
UNLOCK TABLES;

--
-- Dumping data for table `civicrm_option_group`
--

LOCK TABLES `civicrm_option_group` WRITE;
/*!40000 ALTER TABLE `civicrm_option_group` DISABLE KEYS */;
INSERT INTO `civicrm_option_group` (`id`, `name`, `title`, `description`, `is_reserved`, `is_active`, `is_locked`) VALUES (1,'preferred_communication_method','Preferred Communication Method',NULL,1,1,0),(2,'activity_type','Activity Type',NULL,1,1,0),(3,'gender','Gender',NULL,1,1,0),(4,'instant_messenger_service','Instant Messenger (IM) screen-names',NULL,1,1,0),(5,'mobile_provider','Mobile Phone Providers',NULL,1,1,0),(6,'individual_prefix','Individual contact prefixes',NULL,1,1,0),(7,'individual_suffix','Individual contact suffixes',NULL,1,1,0),(8,'acl_role','ACL Role',NULL,1,1,0),(9,'accept_creditcard','Accepted Credit Cards',NULL,1,1,0),(10,'payment_instrument','Payment Methods',NULL,1,1,0),(11,'contribution_status','Contribution Status',NULL,1,1,1),(12,'pcp_status','PCP Status',NULL,1,1,1),(13,'pcp_owner_notify','PCP owner notifications',NULL,1,1,1),(14,'participant_role','Participant Role',NULL,1,1,0),(15,'event_type','Event Type',NULL,1,1,0),(16,'contact_view_options','Contact View Options',NULL,1,1,1),(17,'contact_smart_group_display','Contact Smart Group View Options',NULL,1,1,1),(18,'contact_edit_options','Contact Edit Options',NULL,1,1,1),(19,'advanced_search_options','Advanced Search Options',NULL,1,1,1),(20,'user_dashboard_options','User Dashboard Options',NULL,1,1,1),(21,'address_options','Addressing Options',NULL,1,1,0),(22,'group_type','Group Type',NULL,1,1,0),(23,'grant_status','Grant status',NULL,1,1,0),(24,'grant_type','Grant Type',NULL,1,1,0),(25,'custom_search','Custom Search',NULL,1,1,0),(26,'activity_status','Activity Status',NULL,1,1,0),(27,'case_type','Case Type',NULL,1,1,0),(28,'case_status','Case Status',NULL,1,1,0),(29,'participant_listing','Participant Listing',NULL,1,1,0),(30,'safe_file_extension','Safe File Extension',NULL,1,1,0),(31,'from_email_address','From Email Address',NULL,1,1,0),(32,'mapping_type','Mapping Type',NULL,1,1,1),(33,'wysiwyg_editor','WYSIWYG Editor',NULL,1,1,0),(34,'recur_frequency_units','Recurring Frequency Units',NULL,1,1,0),(35,'phone_type','Phone Type',NULL,1,1,0),(36,'custom_data_type','Custom Data Type',NULL,1,1,0),(37,'visibility','Visibility',NULL,1,1,0),(38,'mail_protocol','Mail Protocol',NULL,1,1,0),(39,'priority','Priority',NULL,1,1,0),(40,'redaction_rule','Redaction Rule',NULL,1,1,0),(41,'report_template','Report Template',NULL,1,1,0),(42,'email_greeting','Email Greeting Type',NULL,1,1,0),(43,'postal_greeting','Postal Greeting Type',NULL,1,1,0),(44,'addressee','Addressee Type',NULL,1,1,0),(45,'contact_autocomplete_options','Autocomplete Contact Search',NULL,1,1,1),(46,'contact_reference_options','Contact Reference Autocomplete Options',NULL,1,1,1),(47,'website_type','Website Type',NULL,1,1,0),(48,'tag_used_for','Tag Used For',NULL,1,1,1),(49,'currencies_enabled','Currencies Enabled',NULL,1,1,0),(50,'event_badge','Event Name Badge',NULL,1,1,0),(51,'note_privacy','Privacy levels for notes',NULL,1,1,0),(52,'campaign_type','Campaign Type',NULL,1,1,0),(53,'campaign_status','Campaign Status',NULL,1,1,0),(54,'system_extensions','CiviCRM Extensions',NULL,1,1,0),(55,'mail_approval_status','CiviMail Approval Status',NULL,1,1,0),(56,'engagement_index','Engagement Index',NULL,1,1,0),(57,'cg_extend_objects','Objects a custom group extends to',NULL,1,1,0),(58,'paper_size','Paper Size',NULL,1,1,0),(59,'pdf_format','PDF Page Format',NULL,1,1,0),(60,'label_format','Mailing Label Format',NULL,1,1,0),(61,'activity_contacts','Activity Contacts',NULL,1,1,1),(62,'account_relationship','Account Relationship',NULL,1,1,0),(63,'event_contacts','Event Recipients',NULL,1,1,0),(64,'conference_slot','Conference Slot',NULL,1,1,0),(65,'batch_type','Batch Type',NULL,1,1,1),(66,'batch_mode','Batch Mode',NULL,1,1,1),(67,'batch_status','Batch Status',NULL,1,1,1),(68,'sms_api_type','Api Type',NULL,1,1,0),(69,'sms_provider_name','Sms Provider Internal Name',NULL,1,1,0),(70,'auto_renew_options','Auto Renew Options',NULL,1,1,1),(71,'financial_account_type','Financial Account Type',NULL,1,1,0),(72,'financial_item_status','Financial Item Status',NULL,1,1,1),(73,'label_type','Label Type',NULL,1,1,0),(74,'name_badge','Name Badge Format',NULL,1,1,0),(75,'communication_style','Communication Style',NULL,1,1,0),(76,'msg_mode','Message Mode',NULL,1,1,0),(77,'contact_date_reminder_options','Contact Date Reminder Options',NULL,1,1,1),(78,'relative_date_filters','Relative Date Filters',NULL,1,1,0),(79,'languages','Languages','List of Languages',1,1,NULL),(80,'encounter_medium','Encounter Medium','Encounter medium for case activities (e.g. In Person, By Phone, etc.)',1,1,NULL),(81,'msg_tpl_workflow_case','Message Template Workflow for Cases','Message Template Workflow for Cases',1,1,NULL),(82,'msg_tpl_workflow_contribution','Message Template Workflow for Contributions','Message Template Workflow for Contributions',1,1,NULL),(83,'msg_tpl_workflow_event','Message Template Workflow for Events','Message Template Workflow for Events',1,1,NULL),(84,'msg_tpl_workflow_friend','Message Template Workflow for Tell-a-Friend','Message Template Workflow for Tell-a-Friend',1,1,NULL),(85,'msg_tpl_workflow_membership','Message Template Workflow for Memberships','Message Template Workflow for Memberships',1,1,NULL),(86,'msg_tpl_workflow_meta','Message Template Workflow for Meta Templates','Message Template Workflow for Meta Templates',1,1,NULL),(87,'msg_tpl_workflow_pledge','Message Template Workflow for Pledges','Message Template Workflow for Pledges',1,1,NULL),(88,'msg_tpl_workflow_uf','Message Template Workflow for Profiles','Message Template Workflow for Profiles',1,1,NULL),(89,'msg_tpl_workflow_petition','Message Template Workflow for Petition','Message Template Workflow for Petition',1,1,NULL),(90,'soft_credit_type','Soft Credit Types',NULL,1,1,NULL);
/*!40000 ALTER TABLE `civicrm_option_group` ENABLE KEYS */;
UNLOCK TABLES;

--
-- Dumping data for table `civicrm_option_value`
--

LOCK TABLES `civicrm_option_value` WRITE;
/*!40000 ALTER TABLE `civicrm_option_value` DISABLE KEYS */;
INSERT INTO `civicrm_option_value` (`id`, `option_group_id`, `label`, `value`, `name`, `grouping`, `filter`, `is_default`, `weight`, `description`, `is_optgroup`, `is_reserved`, `is_active`, `component_id`, `domain_id`, `visibility_id`) VALUES (1,1,'Phone','1','Phone',NULL,0,NULL,1,NULL,0,0,1,NULL,NULL,NULL),(2,1,'Email','2','Email',NULL,0,NULL,2,NULL,0,0,1,NULL,NULL,NULL),(3,1,'Postal Mail','3','Postal Mail',NULL,0,NULL,3,NULL,0,0,1,NULL,NULL,NULL),(4,1,'SMS','4','SMS',NULL,0,NULL,4,NULL,0,0,1,NULL,NULL,NULL),(5,1,'Fax','5','Fax',NULL,0,NULL,5,NULL,0,0,1,NULL,NULL,NULL),(6,2,'Meeting','1','Meeting',NULL,0,NULL,1,NULL,0,1,1,NULL,NULL,NULL),(7,2,'Phone Call','2','Phone Call',NULL,0,NULL,2,NULL,0,1,1,NULL,NULL,NULL),(8,2,'Email','3','Email',NULL,1,NULL,3,'Email sent.',0,1,1,NULL,NULL,NULL),(9,2,'Outbound SMS','4','SMS',NULL,1,NULL,4,'Text message (SMS) sent.',0,1,1,NULL,NULL,NULL),(10,2,'Event Registration','5','Event Registration',NULL,1,NULL,5,'Online or offline event registration.',0,1,1,1,NULL,NULL),(11,2,'Contribution','6','Contribution',NULL,1,NULL,6,'Online or offline contribution.',0,1,1,2,NULL,NULL),(12,2,'Membership Signup','7','Membership Signup',NULL,1,NULL,7,'Online or offline membership signup.',0,1,1,3,NULL,NULL),(13,2,'Membership Renewal','8','Membership Renewal',NULL,1,NULL,8,'Online or offline membership renewal.',0,1,1,3,NULL,NULL),(14,2,'Tell a Friend','9','Tell a Friend',NULL,1,NULL,9,'Send information about a contribution campaign or event to a friend.',0,1,1,NULL,NULL,NULL),(15,2,'Pledge Acknowledgment','10','Pledge Acknowledgment',NULL,1,NULL,10,'Send Pledge Acknowledgment.',0,1,1,6,NULL,NULL),(16,2,'Pledge Reminder','11','Pledge Reminder',NULL,1,NULL,11,'Send Pledge Reminder.',0,1,1,6,NULL,NULL),(17,2,'Inbound Email','12','Inbound Email',NULL,1,NULL,12,'Inbound Email.',0,1,1,NULL,NULL,NULL),(18,2,'Open Case','13','Open Case',NULL,0,0,13,'',0,1,1,7,NULL,NULL),(19,2,'Follow up','14','Follow up',NULL,0,0,14,'',0,1,1,7,NULL,NULL),(20,2,'Change Case Type','15','Change Case Type',NULL,0,0,15,'',0,1,1,7,NULL,NULL),(21,2,'Change Case Status','16','Change Case Status',NULL,0,0,16,'',0,1,1,7,NULL,NULL),(22,2,'Membership Renewal Reminder','17','Membership Renewal Reminder',NULL,1,NULL,17,'offline membership renewal reminder.',0,1,1,3,NULL,NULL),(23,2,'Change Case Start Date','18','Change Case Start Date',NULL,0,0,18,'',0,1,1,7,NULL,NULL),(24,2,'Bulk Email','19','Bulk Email',NULL,1,NULL,19,'Bulk Email Sent.',0,1,1,NULL,NULL,NULL),(25,2,'Assign Case Role','20','Assign Case Role',NULL,0,0,20,'',0,1,1,7,NULL,NULL),(26,2,'Remove Case Role','21','Remove Case Role',NULL,0,0,21,'',0,1,1,7,NULL,NULL),(27,2,'Print PDF Letter','22','Print PDF Letter',NULL,0,NULL,22,'Print PDF Letter.',0,1,1,NULL,NULL,NULL),(28,2,'Merge Case','23','Merge Case',NULL,0,NULL,23,'',0,1,1,7,NULL,NULL),(29,2,'Reassigned Case','24','Reassigned Case',NULL,0,NULL,24,'',0,1,1,7,NULL,NULL),(30,2,'Link Cases','25','Link Cases',NULL,0,NULL,25,'',0,1,1,7,NULL,NULL),(31,2,'Change Case Tags','26','Change Case Tags',NULL,0,0,26,'',0,1,1,7,NULL,NULL),(32,2,'Add Client To Case','27','Add Client To Case',NULL,0,0,26,'',0,1,1,7,NULL,NULL),(33,2,'Survey','28','Survey',NULL,0,0,27,'',0,1,1,9,NULL,NULL),(34,2,'Canvass','29','Canvass',NULL,0,0,28,'',0,1,1,9,NULL,NULL),(35,2,'PhoneBank','30','PhoneBank',NULL,0,0,29,'',0,1,1,9,NULL,NULL),(36,2,'WalkList','31','WalkList',NULL,0,0,30,'',0,1,1,9,NULL,NULL),(37,2,'Petition Signature','32','Petition',NULL,0,0,31,'',0,1,1,9,NULL,NULL),(38,2,'Mass SMS','34','Mass SMS',NULL,1,NULL,34,'Mass SMS',0,1,1,NULL,NULL,NULL),(39,2,'Change Custom Data','33','Change Custom Data',NULL,0,0,33,'',0,1,1,7,NULL,NULL),(40,2,'Change Membership Status','35','Change Membership Status',NULL,1,NULL,35,'Change Membership Status.',0,1,1,3,NULL,NULL),(41,2,'Change Membership Type','36','Change Membership Type',NULL,1,NULL,36,'Change Membership Type.',0,1,1,3,NULL,NULL),(42,2,'Cancel Recurring Contribution','37','Cancel Recurring Contribution',NULL,1,0,37,'',0,1,1,2,NULL,NULL),(43,2,'Update Recurring Contribution Billing Details','38','Update Recurring Contribution Billing Details',NULL,1,0,38,'',0,1,1,2,NULL,NULL),(44,2,'Update Recurring Contribution','39','Update Recurring Contribution',NULL,1,0,39,'',0,1,1,2,NULL,NULL),(45,2,'Reminder Sent','40','Reminder Sent',NULL,1,0,40,'',0,1,1,NULL,NULL,NULL),(46,2,'Export Accounting Batch','41','Export Accounting Batch',NULL,1,0,41,'Export Accounting Batch',0,1,1,2,NULL,NULL),(47,2,'Create Batch','42','Create Batch',NULL,1,0,42,'Create Batch',0,1,1,2,NULL,NULL),(48,2,'Edit Batch','43','Edit Batch',NULL,1,0,43,'Edit Batch',0,1,1,2,NULL,NULL),(49,2,'SMS delivery','44','SMS delivery',NULL,1,NULL,44,'SMS delivery',0,1,1,NULL,NULL,NULL),(50,2,'Inbound SMS','45','Inbound SMS',NULL,1,NULL,45,'Inbound SMS',0,1,1,NULL,NULL,NULL),(51,2,'Payment','46','Payment',NULL,1,NULL,46,'Additional payment recorded for event or membership fee.',0,1,1,2,NULL,NULL),(52,2,'Refund','47','Refund',NULL,1,NULL,47,'Refund recorded for event or membership fee.',0,1,1,2,NULL,NULL),(53,2,'Change Registration','48','Change Registration',NULL,1,NULL,48,'Changes to an existing event registration.',0,1,1,1,NULL,NULL),(54,2,'Downloaded Invoice','49','Downloaded Invoice',NULL,1,NULL,49,'Downloaded Invoice.',0,1,1,NULL,NULL,NULL),(55,2,'Emailed Invoice','50','Emailed Invoice',NULL,1,NULL,50,'Emailed Invoice.',0,1,1,NULL,NULL,NULL),(56,2,'Contact Merged','51','Contact Merged',NULL,1,NULL,51,'Contact Merged',0,1,1,NULL,NULL,NULL),(57,2,'Failed Payment','52','Failed Payment',NULL,1,0,43,'Failed Payment',0,1,1,2,NULL,NULL),(58,3,'Female','1','Female',NULL,0,NULL,1,NULL,0,0,1,NULL,NULL,NULL),(59,3,'Male','2','Male',NULL,0,NULL,2,NULL,0,0,1,NULL,NULL,NULL),(60,3,'Transgender','3','Transgender',NULL,0,NULL,3,NULL,0,0,1,NULL,NULL,NULL),(61,4,'Yahoo','1','Yahoo',NULL,0,NULL,1,NULL,0,0,1,NULL,NULL,NULL),(62,4,'MSN','2','Msn',NULL,0,NULL,2,NULL,0,0,1,NULL,NULL,NULL),(63,4,'AIM','3','Aim',NULL,0,NULL,3,NULL,0,0,1,NULL,NULL,NULL),(64,4,'GTalk','4','Gtalk',NULL,0,NULL,4,NULL,0,0,1,NULL,NULL,NULL),(65,4,'Jabber','5','Jabber',NULL,0,NULL,5,NULL,0,0,1,NULL,NULL,NULL),(66,4,'Skype','6','Skype',NULL,0,NULL,6,NULL,0,0,1,NULL,NULL,NULL),(67,5,'Sprint','1','Sprint',NULL,0,NULL,1,NULL,0,0,1,NULL,NULL,NULL),(68,5,'Verizon','2','Verizon',NULL,0,NULL,2,NULL,0,0,1,NULL,NULL,NULL),(69,5,'Cingular','3','Cingular',NULL,0,NULL,3,NULL,0,0,1,NULL,NULL,NULL),(70,6,'Mrs.','1','Mrs.',NULL,0,NULL,1,NULL,0,0,1,NULL,NULL,NULL),(71,6,'Ms.','2','Ms.',NULL,0,NULL,2,NULL,0,0,1,NULL,NULL,NULL),(72,6,'Mr.','3','Mr.',NULL,0,NULL,3,NULL,0,0,1,NULL,NULL,NULL),(73,6,'Dr.','4','Dr.',NULL,0,NULL,4,NULL,0,0,1,NULL,NULL,NULL),(74,7,'Jr.','1','Jr.',NULL,0,NULL,1,NULL,0,0,1,NULL,NULL,NULL),(75,7,'Sr.','2','Sr.',NULL,0,NULL,2,NULL,0,0,1,NULL,NULL,NULL),(76,7,'II','3','II',NULL,0,NULL,3,NULL,0,0,1,NULL,NULL,NULL),(77,7,'III','4','III',NULL,0,NULL,4,NULL,0,0,1,NULL,NULL,NULL),(78,7,'IV','5','IV',NULL,0,NULL,5,NULL,0,0,1,NULL,NULL,NULL),(79,7,'V','6','V',NULL,0,NULL,6,NULL,0,0,1,NULL,NULL,NULL),(80,7,'VI','7','VI',NULL,0,NULL,7,NULL,0,0,1,NULL,NULL,NULL),(81,7,'VII','8','VII',NULL,0,NULL,8,NULL,0,0,1,NULL,NULL,NULL),(82,8,'Administrator','1','Admin',NULL,0,NULL,1,NULL,0,0,1,NULL,NULL,NULL),(83,8,'Authenticated','2','Auth',NULL,0,NULL,2,NULL,0,1,1,NULL,NULL,NULL),(84,9,'Visa','1','Visa',NULL,0,NULL,1,NULL,0,0,1,NULL,NULL,NULL),(85,9,'MasterCard','2','MasterCard',NULL,0,NULL,2,NULL,0,0,1,NULL,NULL,NULL),(86,9,'Amex','3','Amex',NULL,0,NULL,3,NULL,0,0,1,NULL,NULL,NULL),(87,9,'Discover','4','Discover',NULL,0,NULL,4,NULL,0,0,1,NULL,NULL,NULL),(88,10,'Credit Card','1','Credit Card',NULL,0,0,1,NULL,0,1,1,NULL,NULL,NULL),(89,10,'Debit Card','2','Debit Card',NULL,0,0,2,NULL,0,1,1,NULL,NULL,NULL),(90,10,'Cash','3','Cash',NULL,0,0,3,NULL,0,0,1,NULL,NULL,NULL),(91,10,'Check','4','Check',NULL,0,1,4,NULL,0,1,1,NULL,NULL,NULL),(92,10,'EFT','5','EFT',NULL,0,0,5,NULL,0,0,1,NULL,NULL,NULL),(93,11,'Completed','1','Completed',NULL,0,NULL,1,NULL,0,1,1,NULL,NULL,NULL),(94,11,'Pending','2','Pending',NULL,0,NULL,2,NULL,0,1,1,NULL,NULL,NULL),(95,11,'Cancelled','3','Cancelled',NULL,0,NULL,3,NULL,0,1,1,NULL,NULL,NULL),(96,11,'Failed','4','Failed',NULL,0,NULL,4,NULL,0,1,1,NULL,NULL,NULL),(97,11,'In Progress','5','In Progress',NULL,0,NULL,5,NULL,0,1,1,NULL,NULL,NULL),(98,11,'Overdue','6','Overdue',NULL,0,NULL,6,NULL,0,1,1,NULL,NULL,NULL),(99,11,'Refunded','7','Refunded',NULL,0,NULL,7,NULL,0,1,1,NULL,NULL,NULL),(100,11,'Partially paid','8','Partially paid',NULL,0,NULL,8,NULL,0,1,1,NULL,NULL,NULL),(101,11,'Pending refund','9','Pending refund',NULL,0,NULL,9,NULL,0,1,1,NULL,NULL,NULL),(102,12,'Waiting Review','1','Waiting Review',NULL,0,NULL,1,NULL,0,1,1,NULL,NULL,NULL),(103,12,'Approved','2','Approved',NULL,0,NULL,2,NULL,0,1,1,NULL,NULL,NULL),(104,12,'Not Approved','3','Not Approved',NULL,0,NULL,3,NULL,0,1,1,NULL,NULL,NULL),(105,13,'Owner chooses whether to receive notifications','1','owner_chooses',NULL,0,1,1,NULL,0,1,1,NULL,NULL,NULL),(106,13,'Notifications are sent to ALL owners','2','all_owners',NULL,0,0,2,NULL,0,1,1,NULL,NULL,NULL),(107,13,'Notifications are NOT available','3','no_notifications',NULL,0,0,3,NULL,0,1,1,NULL,NULL,NULL),(108,14,'Attendee','1','Attendee',NULL,1,NULL,1,NULL,0,0,1,NULL,NULL,NULL),(109,14,'Volunteer','2','Volunteer',NULL,1,NULL,2,NULL,0,0,1,NULL,NULL,NULL),(110,14,'Host','3','Host',NULL,1,NULL,3,NULL,0,0,1,NULL,NULL,NULL),(111,14,'Speaker','4','Speaker',NULL,1,NULL,4,NULL,0,0,1,NULL,NULL,NULL),(112,15,'Conference','1','Conference',NULL,0,NULL,1,NULL,0,0,1,NULL,NULL,NULL),(113,15,'Exhibition','2','Exhibition',NULL,0,NULL,2,NULL,0,0,1,NULL,NULL,NULL),(114,15,'Fundraiser','3','Fundraiser',NULL,0,NULL,3,NULL,0,0,1,NULL,NULL,NULL),(115,15,'Meeting','4','Meeting',NULL,0,NULL,4,NULL,0,0,1,NULL,NULL,NULL),(116,15,'Performance','5','Performance',NULL,0,NULL,5,NULL,0,0,1,NULL,NULL,NULL),(117,15,'Workshop','6','Workshop',NULL,0,NULL,6,NULL,0,0,1,NULL,NULL,NULL),(118,16,'Activities','1','activity',NULL,0,NULL,1,NULL,0,0,1,NULL,NULL,NULL),(119,16,'Relationships','2','rel',NULL,0,NULL,2,NULL,0,0,1,NULL,NULL,NULL),(120,16,'Groups','3','group',NULL,0,NULL,3,NULL,0,0,1,NULL,NULL,NULL),(121,16,'Notes','4','note',NULL,0,NULL,4,NULL,0,0,1,NULL,NULL,NULL),(122,16,'Tags','5','tag',NULL,0,NULL,5,NULL,0,0,1,NULL,NULL,NULL),(123,16,'Change Log','6','log',NULL,0,NULL,6,NULL,0,0,1,NULL,NULL,NULL),(124,16,'Contributions','7','CiviContribute',NULL,0,NULL,7,NULL,0,0,1,NULL,NULL,NULL),(125,16,'Memberships','8','CiviMember',NULL,0,NULL,8,NULL,0,0,1,NULL,NULL,NULL),(126,16,'Events','9','CiviEvent',NULL,0,NULL,9,NULL,0,0,1,NULL,NULL,NULL),(127,16,'Cases','10','CiviCase',NULL,0,NULL,10,NULL,0,0,1,NULL,NULL,NULL),(128,16,'Grants','11','CiviGrant',NULL,0,NULL,11,NULL,0,0,1,NULL,NULL,NULL),(129,16,'Pledges','13','CiviPledge',NULL,0,NULL,13,NULL,0,0,1,NULL,NULL,NULL),(130,16,'Mailings','14','CiviMail',NULL,0,NULL,14,NULL,0,0,1,NULL,NULL,NULL),(131,17,'Show Smart Groups on Demand','1','showondemand',NULL,0,NULL,1,NULL,0,0,1,NULL,NULL,NULL),(132,17,'Always Show Smart Groups','2','alwaysshow',NULL,0,NULL,2,NULL,0,0,1,NULL,NULL,NULL),(133,17,'Hide Smart Groups','3','hide',NULL,0,NULL,3,NULL,0,0,1,NULL,NULL,NULL),(134,18,'Custom Data','1','CustomData',NULL,0,NULL,1,NULL,0,0,1,NULL,NULL,NULL),(135,18,'Address','2','Address',NULL,0,NULL,2,NULL,0,0,1,NULL,NULL,NULL),(136,18,'Communication Preferences','3','CommunicationPreferences',NULL,0,NULL,3,NULL,0,0,1,NULL,NULL,NULL),(137,18,'Notes','4','Notes',NULL,0,NULL,4,NULL,0,0,1,NULL,NULL,NULL),(138,18,'Demographics','5','Demographics',NULL,0,NULL,5,NULL,0,0,1,NULL,NULL,NULL),(139,18,'Tags and Groups','6','TagsAndGroups',NULL,0,NULL,6,NULL,0,0,1,NULL,NULL,NULL),(140,18,'Email','7','Email',NULL,1,NULL,7,NULL,0,0,1,NULL,NULL,NULL),(141,18,'Phone','8','Phone',NULL,1,NULL,8,NULL,0,0,1,NULL,NULL,NULL),(142,18,'Instant Messenger','9','IM',NULL,1,NULL,9,NULL,0,0,1,NULL,NULL,NULL),(143,18,'Open ID','10','OpenID',NULL,1,NULL,10,NULL,0,0,1,NULL,NULL,NULL),(144,18,'Website','11','Website',NULL,1,NULL,11,NULL,0,0,1,NULL,NULL,NULL),(145,18,'Prefix','12','Prefix',NULL,2,NULL,12,NULL,0,0,1,NULL,NULL,NULL),(146,18,'Formal Title','13','Formal Title',NULL,2,NULL,13,NULL,0,0,1,NULL,NULL,NULL),(147,18,'First Name','14','First Name',NULL,2,NULL,14,NULL,0,0,1,NULL,NULL,NULL),(148,18,'Middle Name','15','Middle Name',NULL,2,NULL,15,NULL,0,0,1,NULL,NULL,NULL),(149,18,'Last Name','16','Last Name',NULL,2,NULL,16,NULL,0,0,1,NULL,NULL,NULL),(150,18,'Suffix','17','Suffix',NULL,2,NULL,17,NULL,0,0,1,NULL,NULL,NULL),(151,19,'Address Fields','1','location',NULL,0,NULL,1,NULL,0,0,1,NULL,NULL,NULL),(152,19,'Custom Fields','2','custom',NULL,0,NULL,2,NULL,0,0,1,NULL,NULL,NULL),(153,19,'Activities','3','activity',NULL,0,NULL,4,NULL,0,0,1,NULL,NULL,NULL),(154,19,'Relationships','4','relationship',NULL,0,NULL,5,NULL,0,0,1,NULL,NULL,NULL),(155,19,'Notes','5','notes',NULL,0,NULL,6,NULL,0,0,1,NULL,NULL,NULL),(156,19,'Change Log','6','changeLog',NULL,0,NULL,7,NULL,0,0,1,NULL,NULL,NULL),(157,19,'Contributions','7','CiviContribute',NULL,0,NULL,8,NULL,0,0,1,NULL,NULL,NULL),(158,19,'Memberships','8','CiviMember',NULL,0,NULL,9,NULL,0,0,1,NULL,NULL,NULL),(159,19,'Events','9','CiviEvent',NULL,0,NULL,10,NULL,0,0,1,NULL,NULL,NULL),(160,19,'Cases','10','CiviCase',NULL,0,NULL,11,NULL,0,0,1,NULL,NULL,NULL),(161,19,'Grants','12','CiviGrant',NULL,0,NULL,14,NULL,0,0,1,NULL,NULL,NULL),(162,19,'Demographics','13','demographics',NULL,0,NULL,15,NULL,0,0,1,NULL,NULL,NULL),(163,19,'Pledges','15','CiviPledge',NULL,0,NULL,17,NULL,0,0,1,NULL,NULL,NULL),(164,19,'Contact Type','16','contactType',NULL,0,NULL,18,NULL,0,0,1,NULL,NULL,NULL),(165,19,'Groups','17','groups',NULL,0,NULL,19,NULL,0,0,1,NULL,NULL,NULL),(166,19,'Tags','18','tags',NULL,0,NULL,20,NULL,0,0,1,NULL,NULL,NULL),(167,19,'Mailing','19','CiviMail',NULL,0,NULL,21,NULL,0,0,1,NULL,NULL,NULL),(168,20,'Groups','1','Groups',NULL,0,NULL,1,NULL,0,0,1,NULL,NULL,NULL),(169,20,'Contributions','2','CiviContribute',NULL,0,NULL,2,NULL,0,0,1,NULL,NULL,NULL),(170,20,'Memberships','3','CiviMember',NULL,0,NULL,3,NULL,0,0,1,NULL,NULL,NULL),(171,20,'Events','4','CiviEvent',NULL,0,NULL,4,NULL,0,0,1,NULL,NULL,NULL),(172,20,'My Contacts / Organizations','5','Permissioned Orgs',NULL,0,NULL,5,NULL,0,0,1,NULL,NULL,NULL),(173,20,'Pledges','7','CiviPledge',NULL,0,NULL,7,NULL,0,0,1,NULL,NULL,NULL),(174,20,'Personal Campaign Pages','8','PCP',NULL,0,NULL,8,NULL,0,0,1,NULL,NULL,NULL),(175,20,'Assigned Activities','9','Assigned Activities',NULL,0,NULL,9,NULL,0,0,1,NULL,NULL,NULL),(176,20,'Invoices / Credit Notes','10','Invoices / Credit Notes',NULL,0,NULL,10,NULL,0,0,1,NULL,NULL,NULL),(177,45,'Email Address','2','email',NULL,0,NULL,2,NULL,0,0,1,NULL,NULL,NULL),(178,45,'Phone','3','phone',NULL,0,NULL,3,NULL,0,0,1,NULL,NULL,NULL),(179,45,'Street Address','4','street_address',NULL,0,NULL,4,NULL,0,0,1,NULL,NULL,NULL),(180,45,'City','5','city',NULL,0,NULL,5,NULL,0,0,1,NULL,NULL,NULL),(181,45,'State/Province','6','state_province',NULL,0,NULL,6,NULL,0,0,1,NULL,NULL,NULL),(182,45,'Country','7','country',NULL,0,NULL,7,NULL,0,0,1,NULL,NULL,NULL),(183,45,'Postal Code','8','postal_code',NULL,0,NULL,8,NULL,0,0,1,NULL,NULL,NULL),(184,46,'Email Address','2','email',NULL,0,NULL,2,NULL,0,0,1,NULL,NULL,NULL),(185,46,'Phone','3','phone',NULL,0,NULL,3,NULL,0,0,1,NULL,NULL,NULL),(186,46,'Street Address','4','street_address',NULL,0,NULL,4,NULL,0,0,1,NULL,NULL,NULL),(187,46,'City','5','city',NULL,0,NULL,5,NULL,0,0,1,NULL,NULL,NULL),(188,46,'State/Province','6','state_province',NULL,0,NULL,6,NULL,0,0,1,NULL,NULL,NULL),(189,46,'Country','7','country',NULL,0,NULL,7,NULL,0,0,1,NULL,NULL,NULL),(190,46,'Postal Code','8','country',NULL,0,NULL,8,NULL,0,0,1,NULL,NULL,NULL),(191,21,'Street Address','1','street_address',NULL,0,NULL,1,NULL,0,0,1,NULL,NULL,NULL),(192,21,'Supplemental Address 1','2','supplemental_address_1',NULL,0,NULL,2,NULL,0,0,1,NULL,NULL,NULL),(193,21,'Supplemental Address 2','3','supplemental_address_2',NULL,0,NULL,3,NULL,0,0,1,NULL,NULL,NULL),(194,21,'City','4','city',NULL,0,NULL,4,NULL,0,0,1,NULL,NULL,NULL),(195,21,'Postal Code','5','postal_code',NULL,0,NULL,5,NULL,0,0,1,NULL,NULL,NULL),(196,21,'Postal Code Suffix','6','postal_code_suffix',NULL,0,NULL,6,NULL,0,0,1,NULL,NULL,NULL),(197,21,'County','7','county',NULL,0,NULL,7,NULL,0,0,1,NULL,NULL,NULL),(198,21,'State/Province','8','state_province',NULL,0,NULL,8,NULL,0,0,1,NULL,NULL,NULL),(199,21,'Country','9','country',NULL,0,NULL,9,NULL,0,0,1,NULL,NULL,NULL),(200,21,'Latitude','10','geo_code_1',NULL,0,NULL,10,NULL,0,0,1,NULL,NULL,NULL),(201,21,'Longitude','11','geo_code_2',NULL,0,NULL,11,NULL,0,0,1,NULL,NULL,NULL),(202,21,'Address Name','12','address_name',NULL,0,NULL,12,NULL,0,0,1,NULL,NULL,NULL),(203,21,'Street Address Parsing','13','street_address_parsing',NULL,0,NULL,13,NULL,0,0,1,NULL,NULL,NULL),(204,22,'Access Control','1','Access Control',NULL,0,NULL,1,NULL,0,1,1,NULL,NULL,NULL),(205,22,'Mailing List','2','Mailing List',NULL,0,NULL,2,NULL,0,1,1,NULL,NULL,NULL),(206,23,'Submitted','1','Submitted',NULL,0,1,1,NULL,0,0,1,NULL,NULL,NULL),(207,23,'Eligible','2','Eligible',NULL,0,NULL,2,NULL,0,0,1,NULL,NULL,NULL),(208,23,'Ineligible','3','Ineligible',NULL,0,NULL,3,NULL,0,0,1,NULL,NULL,NULL),(209,23,'Paid','4','Paid',NULL,0,NULL,4,NULL,0,0,1,NULL,NULL,NULL),(210,23,'Awaiting Information','5','Awaiting Information',NULL,0,NULL,5,NULL,0,0,1,NULL,NULL,NULL),(211,23,'Withdrawn','6','Withdrawn',NULL,0,NULL,6,NULL,0,0,1,NULL,NULL,NULL),(212,23,'Approved for Payment','7','Approved for Payment',NULL,0,NULL,7,NULL,0,0,1,NULL,NULL,NULL),(213,25,'CRM_Contact_Form_Search_Custom_Sample','1','CRM_Contact_Form_Search_Custom_Sample',NULL,0,NULL,1,'Household Name and State',0,0,1,NULL,NULL,NULL),(214,25,'CRM_Contact_Form_Search_Custom_ContributionAggregate','2','CRM_Contact_Form_Search_Custom_ContributionAggregate',NULL,0,NULL,2,'Contribution Aggregate',0,0,1,NULL,NULL,NULL),(215,25,'CRM_Contact_Form_Search_Custom_Basic','3','CRM_Contact_Form_Search_Custom_Basic',NULL,0,NULL,3,'Basic Search',0,0,1,NULL,NULL,NULL),(216,25,'CRM_Contact_Form_Search_Custom_Group','4','CRM_Contact_Form_Search_Custom_Group',NULL,0,NULL,4,'Include / Exclude Search',0,0,1,NULL,NULL,NULL),(217,25,'CRM_Contact_Form_Search_Custom_PostalMailing','5','CRM_Contact_Form_Search_Custom_PostalMailing',NULL,0,NULL,5,'Postal Mailing',0,0,1,NULL,NULL,NULL),(218,25,'CRM_Contact_Form_Search_Custom_Proximity','6','CRM_Contact_Form_Search_Custom_Proximity',NULL,0,NULL,6,'Proximity Search',0,0,1,NULL,NULL,NULL),(219,25,'CRM_Contact_Form_Search_Custom_EventAggregate','7','CRM_Contact_Form_Search_Custom_EventAggregate',NULL,0,NULL,7,'Event Aggregate',0,0,1,NULL,NULL,NULL),(220,25,'CRM_Contact_Form_Search_Custom_ActivitySearch','8','CRM_Contact_Form_Search_Custom_ActivitySearch',NULL,0,NULL,8,'Activity Search',0,0,1,NULL,NULL,NULL),(221,25,'CRM_Contact_Form_Search_Custom_PriceSet','9','CRM_Contact_Form_Search_Custom_PriceSet',NULL,0,NULL,9,'Price Set Details for Event Participants',0,0,1,NULL,NULL,NULL),(222,25,'CRM_Contact_Form_Search_Custom_ZipCodeRange','10','CRM_Contact_Form_Search_Custom_ZipCodeRange',NULL,0,NULL,10,'Zip Code Range',0,0,1,NULL,NULL,NULL),(223,25,'CRM_Contact_Form_Search_Custom_DateAdded','11','CRM_Contact_Form_Search_Custom_DateAdded',NULL,0,NULL,11,'Date Added to CiviCRM',0,0,1,NULL,NULL,NULL),(224,25,'CRM_Contact_Form_Search_Custom_MultipleValues','12','CRM_Contact_Form_Search_Custom_MultipleValues',NULL,0,NULL,12,'Custom Group Multiple Values Listing',0,0,1,NULL,NULL,NULL),(225,25,'CRM_Contact_Form_Search_Custom_ContribSYBNT','13','CRM_Contact_Form_Search_Custom_ContribSYBNT',NULL,0,NULL,13,'Contributions made in Year X and not Year Y',0,0,1,NULL,NULL,NULL),(226,25,'CRM_Contact_Form_Search_Custom_TagContributions','14','CRM_Contact_Form_Search_Custom_TagContributions',NULL,0,NULL,14,'Find Contribution Amounts by Tag',0,0,1,NULL,NULL,NULL),(227,25,'CRM_Contact_Form_Search_Custom_FullText','15','CRM_Contact_Form_Search_Custom_FullText',NULL,0,NULL,15,'Full-text Search',0,0,1,NULL,NULL,NULL),(228,41,'Constituent Report (Summary)','contact/summary','CRM_Report_Form_Contact_Summary',NULL,0,NULL,1,'Provides a list of address and telephone information for constituent records in your system.',0,0,1,NULL,NULL,NULL),(229,41,'Constituent Report (Detail)','contact/detail','CRM_Report_Form_Contact_Detail',NULL,0,NULL,2,'Provides contact-related information on contributions, memberships, events and activities.',0,0,1,NULL,NULL,NULL),(230,41,'Activity Details Report','activity','CRM_Report_Form_Activity',NULL,0,NULL,3,'Provides a list of constituent activity including activity statistics for one/all contacts during a given date range(required)',0,0,1,NULL,NULL,NULL),(231,41,'Walk / Phone List Report','walklist','CRM_Report_Form_Walklist_Walklist',NULL,0,NULL,4,'Provides a detailed report for your walk/phonelist for targeted contacts',0,0,0,NULL,NULL,NULL),(232,41,'Current Employer Report','contact/currentEmployer','CRM_Report_Form_Contact_CurrentEmployer',NULL,0,NULL,5,'Provides detail list of employer employee relationships along with employment details Ex Join Date',0,0,1,NULL,NULL,NULL),(233,41,'Contribution Summary Report','contribute/summary','CRM_Report_Form_Contribute_Summary',NULL,0,NULL,6,'Groups and totals contributions by criteria including contact, time period, financial type, contributor location, etc.',0,0,1,2,NULL,NULL),(234,41,'Contribution Detail Report','contribute/detail','CRM_Report_Form_Contribute_Detail',NULL,0,NULL,7,'Lists specific contributions by criteria including contact, time period, financial type, contributor location, etc. Contribution summary report points to this report for contribution details.',0,0,1,2,NULL,NULL),(235,41,'Repeat Contributions Report','contribute/repeat','CRM_Report_Form_Contribute_Repeat',NULL,0,NULL,8,'Given two date ranges, shows contacts who contributed in both the date ranges with the amount contributed in each and the percentage increase / decrease.',0,0,1,2,NULL,NULL),(236,41,'Contributions by Organization Report','contribute/organizationSummary','CRM_Report_Form_Contribute_OrganizationSummary',NULL,0,NULL,9,'Displays a detailed list of contributions grouped by organization, which includes contributions made by employees for the organisation.',0,0,1,2,NULL,NULL),(237,41,'Contributions by Household Report','contribute/householdSummary','CRM_Report_Form_Contribute_HouseholdSummary',NULL,0,NULL,10,'Displays a detailed list of contributions grouped by household which includes contributions made by members of the household.',0,0,1,2,NULL,NULL),(238,41,'Top Donors Report','contribute/topDonor','CRM_Report_Form_Contribute_TopDonor',NULL,0,NULL,11,'Provides a list of the top donors during a time period you define. You can include as many donors as you want (for example, top 100 of your donors).',0,0,1,2,NULL,NULL),(239,41,'SYBUNT Report','contribute/sybunt','CRM_Report_Form_Contribute_Sybunt',NULL,0,NULL,12,'SYBUNT means some year(s) but not this year. Provides a list of constituents who donated at some time in the history of your organization but did not donate during the time period you specify.',0,0,1,2,NULL,NULL),(240,41,'LYBUNT Report','contribute/lybunt','CRM_Report_Form_Contribute_Lybunt',NULL,0,NULL,13,'LYBUNT means last year but not this year. Provides a list of constituents who donated last year but did not donate during the time period you specify as the current year.',0,0,1,2,NULL,NULL),(241,41,'Soft Credit Report','contribute/softcredit','CRM_Report_Form_Contribute_SoftCredit',NULL,0,NULL,14,'Shows contributions made by contacts that have been soft-credited to other contacts.',0,0,1,2,NULL,NULL),(242,41,'Membership Report (Summary)','member/summary','CRM_Report_Form_Member_Summary',NULL,0,NULL,15,'Provides a summary of memberships by type and join date.',0,0,1,3,NULL,NULL),(243,41,'Membership Report (Detail)','member/detail','CRM_Report_Form_Member_Detail',NULL,0,NULL,16,'Provides a list of members along with their membership status and membership details (Join Date, Start Date, End Date). Can also display contributions (payments) associated with each membership.',0,0,1,3,NULL,NULL),(244,41,'Membership Report (Lapsed)','member/lapse','CRM_Report_Form_Member_Lapse',NULL,0,NULL,17,'Provides a list of memberships that lapsed or will lapse before the date you specify.',0,0,1,3,NULL,NULL),(245,41,'Event Participant Report (List)','event/participantListing','CRM_Report_Form_Event_ParticipantListing',NULL,0,NULL,18,'Provides lists of participants for an event.',0,0,1,1,NULL,NULL),(246,41,'Event Income Report (Summary)','event/summary','CRM_Report_Form_Event_Summary',NULL,0,NULL,19,'Provides an overview of event income. You can include key information such as event ID, registration, attendance, and income generated to help you determine the success of an event.',0,0,1,1,NULL,NULL),(247,41,'Event Income Report (Detail)','event/income','CRM_Report_Form_Event_Income',NULL,0,NULL,20,'Helps you to analyze the income generated by an event. The report can include details by participant type, status and payment method.',0,0,1,1,NULL,NULL),(248,41,'Pledge Detail Report','pledge/detail','CRM_Report_Form_Pledge_Detail',NULL,0,NULL,21,'List of pledges including amount pledged, pledge status, next payment date, balance due, total amount paid etc.',0,0,1,6,NULL,NULL),(249,41,'Pledged but not Paid Report','pledge/pbnp','CRM_Report_Form_Pledge_Pbnp',NULL,0,NULL,22,'Pledged but not Paid Report',0,0,1,6,NULL,NULL),(250,41,'Relationship Report','contact/relationship','CRM_Report_Form_Contact_Relationship',NULL,0,NULL,23,'Relationship Report',0,0,1,NULL,NULL,NULL),(251,41,'Case Summary Report','case/summary','CRM_Report_Form_Case_Summary',NULL,0,NULL,24,'Provides a summary of cases and their duration by date range, status, staff member and / or case role.',0,0,1,7,NULL,NULL),(252,41,'Case Time Spent Report','case/timespent','CRM_Report_Form_Case_TimeSpent',NULL,0,NULL,25,'Aggregates time spent on case and / or non-case activities by activity type and contact.',0,0,1,7,NULL,NULL),(253,41,'Contact Demographics Report','case/demographics','CRM_Report_Form_Case_Demographics',NULL,0,NULL,26,'Demographic breakdown for case clients (and or non-case contacts) in your database. Includes custom contact fields.',0,0,1,7,NULL,NULL),(254,41,'Database Log Report','contact/log','CRM_Report_Form_Contact_Log',NULL,0,NULL,27,'Log of contact and activity records created or updated in a given date range.',0,0,1,NULL,NULL,NULL),(255,41,'Activity Summary Report','activitySummary','CRM_Report_Form_ActivitySummary',NULL,0,NULL,28,'Shows activity statistics by type / date',0,0,1,NULL,NULL,NULL),(256,41,'Bookkeeping Transactions Report','contribute/bookkeeping','CRM_Report_Form_Contribute_Bookkeeping',NULL,0,0,29,'Shows Bookkeeping Transactions Report',0,0,1,2,NULL,NULL),(257,41,'Grant Report (Detail)','grant/detail','CRM_Report_Form_Grant_Detail',NULL,0,0,30,'Grant Report Detail',0,0,1,5,NULL,NULL),(258,41,'Participant list Count Report','event/participantlist','CRM_Report_Form_Event_ParticipantListCount',NULL,0,0,31,'Shows the Participant list with Participant Count.',0,0,1,1,NULL,NULL),(259,41,'Income Count Summary Report','event/incomesummary','CRM_Report_Form_Event_IncomeCountSummary',NULL,0,0,32,'Shows the Income Summary of events with Count.',0,0,1,1,NULL,NULL),(260,41,'Case Detail Report','case/detail','CRM_Report_Form_Case_Detail',NULL,0,0,33,'Case Details',0,0,1,7,NULL,NULL),(261,41,'Mail Bounce Report','Mailing/bounce','CRM_Report_Form_Mailing_Bounce',NULL,0,NULL,34,'Bounce Report for mailings',0,0,1,4,NULL,NULL),(262,41,'Mail Summary Report','Mailing/summary','CRM_Report_Form_Mailing_Summary',NULL,0,NULL,35,'Summary statistics for mailings',0,0,1,4,NULL,NULL),(263,41,'Mail Opened Report','Mailing/opened','CRM_Report_Form_Mailing_Opened',NULL,0,NULL,36,'Display contacts who opened emails from a mailing',0,0,1,4,NULL,NULL),(264,41,'Mail Clickthrough Report','Mailing/clicks','CRM_Report_Form_Mailing_Clicks',NULL,0,NULL,37,'Display clicks from each mailing',0,0,1,4,NULL,NULL),(265,41,'Contact Logging Report (Summary)','logging/contact/summary','CRM_Report_Form_Contact_LoggingSummary',NULL,0,NULL,38,'Contact modification report for the logging infrastructure (summary).',0,0,0,NULL,NULL,NULL),(266,41,'Contact Logging Report (Detail)','logging/contact/detail','CRM_Report_Form_Contact_LoggingDetail',NULL,0,NULL,39,'Contact modification report for the logging infrastructure (detail).',0,0,0,NULL,NULL,NULL),(267,41,'Contribute Logging Report (Summary)','logging/contribute/summary','CRM_Report_Form_Contribute_LoggingSummary',NULL,0,NULL,40,'Contribute modification report for the logging infrastructure (summary).',0,0,0,2,NULL,NULL),(268,41,'Contribute Logging Report (Detail)','logging/contribute/detail','CRM_Report_Form_Contribute_LoggingDetail',NULL,0,NULL,41,'Contribute modification report for the logging infrastructure (detail).',0,0,0,2,NULL,NULL),(269,41,'Grant Report (Statistics)','grant/statistics','CRM_Report_Form_Grant_Statistics',NULL,0,NULL,42,'Shows statistics for Grants.',0,0,1,5,NULL,NULL),(270,41,'Survey Report (Detail)','survey/detail','CRM_Report_Form_Campaign_SurveyDetails',NULL,0,NULL,43,'Detailed report for canvassing, phone-banking, walk lists or other surveys.',0,0,1,9,NULL,NULL),(271,41,'Personal Campaign Page Report','contribute/pcp','CRM_Report_Form_Contribute_PCP',NULL,0,NULL,44,'Summarizes amount raised and number of contributors for each Personal Campaign Page.',0,0,1,2,NULL,NULL),(272,41,'Pledge Summary Report','pledge/summary','CRM_Report_Form_Pledge_Summary',NULL,0,NULL,45,'Groups and totals pledges by criteria including contact, time period, pledge status, location, etc.',0,0,1,6,NULL,NULL),(273,41,'Contribution Aggregate by Relationship','contribute/history','CRM_Report_Form_Contribute_History',NULL,0,NULL,46,'List contact\'s donation history, grouped by year, along with contributions attributed to any of the contact\'s related contacts.',0,0,1,2,NULL,NULL),(274,41,'Mail Detail Report','mailing/detail','CRM_Report_Form_Mailing_Detail',NULL,0,NULL,47,'Provides reporting on Intended and Successful Deliveries, Unsubscribes and Opt-outs, Replies and Forwards.',0,0,1,4,NULL,NULL),(275,41,'Contribution and Membership Details','member/contributionDetail','CRM_Report_Form_Member_ContributionDetail',NULL,0,NULL,48,'Contribution details for any type of contribution, plus associated membership information for contributions which are in payment for memberships.',0,0,1,3,NULL,NULL),(276,41,'Recurring Contributions Report','contribute/recur','CRM_Report_Form_Contribute_Recur',NULL,0,NULL,49,'Provides information about the status of recurring contributions',0,0,1,2,NULL,NULL),(277,41,'Recurring Contributions Summary','contribute/recursummary','CRM_Report_Form_Contribute_RecurSummary',NULL,0,NULL,49,'Provides simple summary for each payment instrument for which there are recurring contributions (e.g. Credit Card, Standing Order, Direct Debit, etc.), showing within a given date range.',0,0,1,2,NULL,NULL),(278,26,'Scheduled','1','Scheduled',NULL,0,1,1,NULL,0,1,1,NULL,NULL,NULL),(279,26,'Completed','2','Completed',NULL,0,NULL,2,NULL,0,1,1,NULL,NULL,NULL),(280,26,'Cancelled','3','Cancelled',NULL,0,NULL,3,NULL,0,1,1,NULL,NULL,NULL),(281,26,'Left Message','4','Left Message',NULL,0,NULL,4,NULL,0,0,1,NULL,NULL,NULL),(282,26,'Unreachable','5','Unreachable',NULL,0,NULL,5,NULL,0,0,1,NULL,NULL,NULL),(283,26,'Not Required','6','Not Required',NULL,0,NULL,6,NULL,0,0,1,NULL,NULL,NULL),(284,26,'Available','7','Available',NULL,0,NULL,7,NULL,0,0,1,NULL,NULL,NULL),(285,26,'No-show','8','No_show',NULL,0,NULL,8,NULL,0,0,1,NULL,NULL,NULL),(286,28,'Ongoing','1','Open','Opened',0,1,1,NULL,0,1,1,NULL,NULL,NULL),(287,28,'Resolved','2','Closed','Closed',0,NULL,2,NULL,0,1,1,NULL,NULL,NULL),(288,28,'Urgent','3','Urgent','Opened',0,NULL,3,NULL,0,0,1,NULL,NULL,NULL),(289,29,'Name Only','1','Name Only',NULL,0,0,1,'CRM_Event_Page_ParticipantListing_Name',0,1,1,NULL,NULL,NULL),(290,29,'Name and Email','2','Name and Email',NULL,0,0,2,'CRM_Event_Page_ParticipantListing_NameAndEmail',0,1,1,NULL,NULL,NULL),(291,29,'Name, Status and Register Date','3','Name, Status and Register Date',NULL,0,0,3,'CRM_Event_Page_ParticipantListing_NameStatusAndDate',0,1,1,NULL,NULL,NULL),(292,30,'jpg','1','jpg',NULL,0,0,1,NULL,0,0,1,NULL,NULL,NULL),(293,30,'jpeg','2','jpeg',NULL,0,0,2,NULL,0,0,1,NULL,NULL,NULL),(294,30,'png','3','png',NULL,0,0,3,NULL,0,0,1,NULL,NULL,NULL),(295,30,'gif','4','gif',NULL,0,0,4,NULL,0,0,1,NULL,NULL,NULL),(296,30,'txt','5','txt',NULL,0,0,5,NULL,0,0,1,NULL,NULL,NULL),(297,30,'pdf','6','pdf',NULL,0,0,6,NULL,0,0,1,NULL,NULL,NULL),(298,30,'doc','7','doc',NULL,0,0,7,NULL,0,0,1,NULL,NULL,NULL),(299,30,'xls','8','xls',NULL,0,0,8,NULL,0,0,1,NULL,NULL,NULL),(300,30,'rtf','9','rtf',NULL,0,0,9,NULL,0,0,1,NULL,NULL,NULL),(301,30,'csv','10','csv',NULL,0,0,10,NULL,0,0,1,NULL,NULL,NULL),(302,30,'ppt','11','ppt',NULL,0,0,11,NULL,0,0,1,NULL,NULL,NULL),(303,30,'docx','12','docx',NULL,0,0,12,NULL,0,0,1,NULL,NULL,NULL),(304,30,'xlsx','13','xlsx',NULL,0,0,13,NULL,0,0,1,NULL,NULL,NULL),(305,33,'Textarea','1','Textarea',NULL,0,NULL,1,NULL,0,1,1,NULL,NULL,NULL),(306,33,'CKEditor','2','CKEditor',NULL,0,NULL,2,NULL,0,1,1,NULL,NULL,NULL),(307,32,'Search Builder','1','Search Builder',NULL,0,0,1,NULL,0,1,1,NULL,NULL,NULL),(308,32,'Import Contact','2','Import Contact',NULL,0,0,2,NULL,0,1,1,NULL,NULL,NULL),(309,32,'Import Activity','3','Import Activity',NULL,0,0,3,NULL,0,1,1,NULL,NULL,NULL),(310,32,'Import Contribution','4','Import Contribution',NULL,0,0,4,NULL,0,1,1,NULL,NULL,NULL),(311,32,'Import Membership','5','Import Membership',NULL,0,0,5,NULL,0,1,1,NULL,NULL,NULL),(312,32,'Import Participant','6','Import Participant',NULL,0,0,6,NULL,0,1,1,NULL,NULL,NULL),(313,32,'Export Contact','7','Export Contact',NULL,0,0,7,NULL,0,1,1,NULL,NULL,NULL),(314,32,'Export Contribution','8','Export Contribution',NULL,0,0,8,NULL,0,1,1,NULL,NULL,NULL),(315,32,'Export Membership','9','Export Membership',NULL,0,0,9,NULL,0,1,1,NULL,NULL,NULL),(316,32,'Export Participant','10','Export Participant',NULL,0,0,10,NULL,0,1,1,NULL,NULL,NULL),(317,32,'Export Pledge','11','Export Pledge',NULL,0,0,11,NULL,0,1,1,NULL,NULL,NULL),(318,32,'Export Case','12','Export Case',NULL,0,0,12,NULL,0,1,1,NULL,NULL,NULL),(319,32,'Export Grant','13','Export Grant',NULL,0,0,13,NULL,0,1,1,NULL,NULL,NULL),(320,32,'Export Activity','14','Export Activity',NULL,0,0,14,NULL,0,1,1,NULL,NULL,NULL),(321,34,'day','day','day',NULL,0,NULL,1,NULL,0,1,1,NULL,NULL,NULL),(322,34,'week','week','week',NULL,0,NULL,2,NULL,0,1,1,NULL,NULL,NULL),(323,34,'month','month','month',NULL,0,NULL,3,NULL,0,1,1,NULL,NULL,NULL),(324,34,'year','year','year',NULL,0,NULL,4,NULL,0,1,1,NULL,NULL,NULL),(325,35,'Phone','1','Phone',NULL,0,NULL,1,NULL,0,0,1,NULL,NULL,NULL),(326,35,'Mobile','2','Mobile',NULL,0,NULL,2,NULL,0,0,1,NULL,NULL,NULL),(327,35,'Fax','3','Fax',NULL,0,NULL,3,NULL,0,0,1,NULL,NULL,NULL),(328,35,'Pager','4','Pager',NULL,0,NULL,4,NULL,0,0,1,NULL,NULL,NULL),(329,35,'Voicemail','5','Voicemail',NULL,0,NULL,5,NULL,0,0,1,NULL,NULL,NULL),(330,36,'Participant Role','1','ParticipantRole',NULL,0,NULL,1,NULL,0,0,1,NULL,NULL,NULL),(331,36,'Participant Event Name','2','ParticipantEventName',NULL,0,NULL,2,NULL,0,0,1,NULL,NULL,NULL),(332,36,'Participant Event Type','3','ParticipantEventType',NULL,0,NULL,3,NULL,0,0,1,NULL,NULL,NULL),(333,37,'Public','1','public',NULL,0,NULL,1,NULL,0,0,1,NULL,NULL,NULL),(334,37,'Admin','2','admin',NULL,0,NULL,2,NULL,0,0,1,NULL,NULL,NULL),(335,38,'IMAP','1','IMAP',NULL,0,NULL,1,NULL,0,0,1,NULL,NULL,NULL),(336,38,'Maildir','2','Maildir',NULL,0,NULL,2,NULL,0,0,1,NULL,NULL,NULL),(337,38,'POP3','3','POP3',NULL,0,NULL,3,NULL,0,0,1,NULL,NULL,NULL),(338,38,'Localdir','4','Localdir',NULL,0,NULL,4,NULL,0,0,1,NULL,NULL,NULL),(339,39,'Urgent','1','Urgent',NULL,0,NULL,1,NULL,0,0,1,NULL,NULL,NULL),(340,39,'Normal','2','Normal',NULL,0,NULL,2,NULL,0,0,1,NULL,NULL,NULL),(341,39,'Low','3','Low',NULL,0,NULL,3,NULL,0,0,1,NULL,NULL,NULL),(342,40,'Vancouver','city_','city_',NULL,0,NULL,1,NULL,0,0,0,NULL,NULL,NULL),(343,40,'/(19|20)(\\d{2})-(\\d{1,2})-(\\d{1,2})/','date_','date_',NULL,1,NULL,2,NULL,0,0,0,NULL,NULL,NULL),(344,42,'Dear {contact.first_name}','1','Dear {contact.first_name}',NULL,1,1,1,NULL,0,0,1,NULL,NULL,NULL),(345,42,'Dear {contact.individual_prefix} {contact.first_name} {contact.last_name}','2','Dear {contact.individual_prefix} {contact.first_name} {contact.last_name}',NULL,1,0,2,NULL,0,0,1,NULL,NULL,NULL),(346,42,'Dear {contact.individual_prefix} {contact.last_name}','3','Dear {contact.individual_prefix} {contact.last_name}',NULL,1,0,3,NULL,0,0,1,NULL,NULL,NULL),(347,42,'Customized','4','Customized',NULL,0,0,4,NULL,0,1,1,NULL,NULL,NULL),(348,42,'Dear {contact.household_name}','5','Dear {contact.household_name}',NULL,2,1,5,NULL,0,0,1,NULL,NULL,NULL),(349,43,'Dear {contact.first_name}','1','Dear {contact.first_name}',NULL,1,1,1,NULL,0,0,1,NULL,NULL,NULL),(350,43,'Dear {contact.individual_prefix} {contact.first_name} {contact.last_name}','2','Dear {contact.individual_prefix} {contact.first_name} {contact.last_name}',NULL,1,0,2,NULL,0,0,1,NULL,NULL,NULL),(351,43,'Dear {contact.individual_prefix} {contact.last_name}','3','Dear {contact.individual_prefix} {contact.last_name}',NULL,1,0,3,NULL,0,0,1,NULL,NULL,NULL),(352,43,'Customized','4','Customized',NULL,0,0,4,NULL,0,1,1,NULL,NULL,NULL),(353,43,'Dear {contact.household_name}','5','Dear {contact.household_name}',NULL,2,1,5,NULL,0,0,1,NULL,NULL,NULL),(354,44,'{contact.individual_prefix}{ } {contact.first_name}{ }{contact.middle_name}{ }{contact.last_name}{ }{contact.individual_suffix}','1','}{contact.individual_prefix}{ } {contact.first_name}{ }{contact.middle_name}{ }{contact.last_name}{ }{contact.individual_suffix}',NULL,1,1,1,NULL,0,0,1,NULL,NULL,NULL),(355,44,'{contact.household_name}','2','{contact.household_name}',NULL,2,1,2,NULL,0,0,1,NULL,NULL,NULL),(356,44,'{contact.organization_name}','3','{contact.organization_name}',NULL,3,1,3,NULL,0,0,1,NULL,NULL,NULL),(357,44,'Customized','4','Customized',NULL,0,0,4,NULL,0,1,1,NULL,NULL,NULL),(358,47,'Work','1','Work',NULL,0,1,1,NULL,0,0,1,NULL,NULL,NULL),(359,47,'Main','2','Main',NULL,0,NULL,2,NULL,0,0,1,NULL,NULL,NULL),(360,47,'Facebook','3','Facebook',NULL,0,NULL,3,NULL,0,0,1,NULL,NULL,NULL),(361,47,'Google+','4','Google_',NULL,0,NULL,4,NULL,0,0,1,NULL,NULL,NULL),(362,47,'Instagram','5','Instagram',NULL,0,NULL,5,NULL,0,0,1,NULL,NULL,NULL),(363,47,'LinkedIn','6','LinkedIn',NULL,0,NULL,6,NULL,0,0,1,NULL,NULL,NULL),(364,47,'MySpace','7','MySpace',NULL,0,NULL,7,NULL,0,0,1,NULL,NULL,NULL),(365,47,'Pinterest','8','Pinterest',NULL,0,NULL,8,NULL,0,0,1,NULL,NULL,NULL),(366,47,'SnapChat','9','SnapChat',NULL,0,NULL,9,NULL,0,0,1,NULL,NULL,NULL),(367,47,'Tumblr','10','Tumblr',NULL,0,NULL,10,NULL,0,0,1,NULL,NULL,NULL),(368,47,'Twitter','11','Twitter',NULL,0,NULL,11,NULL,0,0,1,NULL,NULL,NULL),(369,47,'Vine','12','Vine ',NULL,0,NULL,12,NULL,0,0,1,NULL,NULL,NULL),(370,48,'Contacts','civicrm_contact','Contacts',NULL,0,NULL,1,NULL,0,0,1,NULL,NULL,NULL),(371,48,'Activities','civicrm_activity','Activities',NULL,0,NULL,2,NULL,0,0,1,NULL,NULL,NULL),(372,48,'Cases','civicrm_case','Cases',NULL,0,NULL,3,NULL,0,0,1,NULL,NULL,NULL),(373,48,'Attachments','civicrm_file','Attachements',NULL,0,NULL,4,NULL,0,0,1,NULL,NULL,NULL),(374,49,'USD ($)','USD','USD',NULL,0,1,1,NULL,0,0,1,NULL,NULL,NULL),(375,50,'Name Only','1','CRM_Event_Badge_Simple',NULL,0,0,1,'Simple Event Name Badge',0,1,1,NULL,NULL,NULL),(376,50,'Name Tent','2','CRM_Event_Badge_NameTent',NULL,0,0,2,'Name Tent',0,1,1,NULL,NULL,NULL),(377,50,'With Logo','3','CRM_Event_Badge_Logo',NULL,0,0,3,'You can set your own background image',0,1,1,NULL,NULL,NULL),(378,50,'5395 with Logo','4','CRM_Event_Badge_Logo5395',NULL,0,0,4,'Avery 5395 compatible labels with logo (4 up by 2, 59.2mm x 85.7mm)',0,1,1,NULL,NULL,NULL),(379,51,'None','0','None',NULL,0,1,1,NULL,0,1,1,NULL,NULL,NULL),(380,51,'Author Only','1','Author Only',NULL,0,0,2,NULL,0,1,1,NULL,NULL,NULL),(381,52,'Direct Mail','1','Direct Mail',NULL,0,NULL,1,NULL,0,0,1,NULL,NULL,NULL),(382,52,'Referral Program','2','Referral Program',NULL,0,NULL,1,NULL,0,0,1,NULL,NULL,NULL),(383,52,'Constituent Engagement','3','Constituent Engagement',NULL,0,NULL,1,NULL,0,0,1,NULL,NULL,NULL),(384,53,'Planned','1','Planned',NULL,0,NULL,1,NULL,0,0,1,NULL,NULL,NULL),(385,53,'In Progress','2','In Progress',NULL,0,NULL,1,NULL,0,0,1,NULL,NULL,NULL),(386,53,'Completed','3','Completed',NULL,0,NULL,1,NULL,0,0,1,NULL,NULL,NULL),(387,53,'Cancelled','4','Cancelled',NULL,0,NULL,1,NULL,0,0,1,NULL,NULL,NULL),(388,56,'1','1','1',NULL,0,NULL,1,NULL,0,0,1,NULL,NULL,NULL),(389,56,'2','2','2',NULL,0,NULL,2,NULL,0,0,1,NULL,NULL,NULL),(390,56,'3','3','3',NULL,0,NULL,3,NULL,0,0,1,NULL,NULL,NULL),(391,56,'4','4','4',NULL,0,NULL,4,NULL,0,0,1,NULL,NULL,NULL),(392,56,'5','5','5',NULL,0,NULL,5,NULL,0,0,1,NULL,NULL,NULL),(393,58,'Letter','{\"metric\":\"in\",\"width\":8.5,\"height\":11}','letter',NULL,NULL,1,1,NULL,0,0,1,NULL,NULL,NULL),(394,58,'Legal','{\"metric\":\"in\",\"width\":8.5,\"height\":14}','legal',NULL,NULL,0,2,NULL,0,0,1,NULL,NULL,NULL),(395,58,'Ledger','{\"metric\":\"in\",\"width\":17,\"height\":11}','ledger',NULL,NULL,0,3,NULL,0,0,1,NULL,NULL,NULL),(396,58,'Tabloid','{\"metric\":\"in\",\"width\":11,\"height\":17}','tabloid',NULL,NULL,0,4,NULL,0,0,1,NULL,NULL,NULL),(397,58,'Executive','{\"metric\":\"in\",\"width\":7.25,\"height\":10.5}','executive',NULL,NULL,0,5,NULL,0,0,1,NULL,NULL,NULL),(398,58,'Folio','{\"metric\":\"in\",\"width\":8.5,\"height\":13}','folio',NULL,NULL,0,6,NULL,0,0,1,NULL,NULL,NULL),(399,58,'Envelope #9','{\"metric\":\"pt\",\"width\":638.93,\"height\":278.93}','envelope-9',NULL,NULL,0,7,NULL,0,0,1,NULL,NULL,NULL),(400,58,'Envelope #10','{\"metric\":\"pt\",\"width\":684,\"height\":297}','envelope-10',NULL,NULL,0,8,NULL,0,0,1,NULL,NULL,NULL),(401,58,'Envelope #11','{\"metric\":\"pt\",\"width\":747,\"height\":324}','envelope-11',NULL,NULL,0,9,NULL,0,0,1,NULL,NULL,NULL),(402,58,'Envelope #12','{\"metric\":\"pt\",\"width\":792,\"height\":342}','envelope-12',NULL,NULL,0,10,NULL,0,0,1,NULL,NULL,NULL),(403,58,'Envelope #14','{\"metric\":\"pt\",\"width\":828,\"height\":360}','envelope-14',NULL,NULL,0,11,NULL,0,0,1,NULL,NULL,NULL),(404,58,'Envelope ISO B4','{\"metric\":\"pt\",\"width\":1000.63,\"height\":708.66}','envelope-b4',NULL,NULL,0,12,NULL,0,0,1,NULL,NULL,NULL),(405,58,'Envelope ISO B5','{\"metric\":\"pt\",\"width\":708.66,\"height\":498.9}','envelope-b5',NULL,NULL,0,13,NULL,0,0,1,NULL,NULL,NULL),(406,58,'Envelope ISO B6','{\"metric\":\"pt\",\"width\":498.9,\"height\":354.33}','envelope-b6',NULL,NULL,0,14,NULL,0,0,1,NULL,NULL,NULL),(407,58,'Envelope ISO C3','{\"metric\":\"pt\",\"width\":1298.27,\"height\":918.42}','envelope-c3',NULL,NULL,0,15,NULL,0,0,1,NULL,NULL,NULL),(408,58,'Envelope ISO C4','{\"metric\":\"pt\",\"width\":918.42,\"height\":649.13}','envelope-c4',NULL,NULL,0,16,NULL,0,0,1,NULL,NULL,NULL),(409,58,'Envelope ISO C5','{\"metric\":\"pt\",\"width\":649.13,\"height\":459.21}','envelope-c5',NULL,NULL,0,17,NULL,0,0,1,NULL,NULL,NULL),(410,58,'Envelope ISO C6','{\"metric\":\"pt\",\"width\":459.21,\"height\":323.15}','envelope-c6',NULL,NULL,0,18,NULL,0,0,1,NULL,NULL,NULL),(411,58,'Envelope ISO DL','{\"metric\":\"pt\",\"width\":623.622,\"height\":311.811}','envelope-dl',NULL,NULL,0,19,NULL,0,0,1,NULL,NULL,NULL),(412,58,'ISO A0','{\"metric\":\"pt\",\"width\":2383.94,\"height\":3370.39}','a0',NULL,NULL,0,20,NULL,0,0,1,NULL,NULL,NULL),(413,58,'ISO A1','{\"metric\":\"pt\",\"width\":1683.78,\"height\":2383.94}','a1',NULL,NULL,0,21,NULL,0,0,1,NULL,NULL,NULL),(414,58,'ISO A2','{\"metric\":\"pt\",\"width\":1190.55,\"height\":1683.78}','a2',NULL,NULL,0,22,NULL,0,0,1,NULL,NULL,NULL),(415,58,'ISO A3','{\"metric\":\"pt\",\"width\":841.89,\"height\":1190.55}','a3',NULL,NULL,0,23,NULL,0,0,1,NULL,NULL,NULL),(416,58,'ISO A4','{\"metric\":\"pt\",\"width\":595.28,\"height\":841.89}','a4',NULL,NULL,0,24,NULL,0,0,1,NULL,NULL,NULL),(417,58,'ISO A5','{\"metric\":\"pt\",\"width\":419.53,\"height\":595.28}','a5',NULL,NULL,0,25,NULL,0,0,1,NULL,NULL,NULL),(418,58,'ISO A6','{\"metric\":\"pt\",\"width\":297.64,\"height\":419.53}','a6',NULL,NULL,0,26,NULL,0,0,1,NULL,NULL,NULL),(419,58,'ISO A7','{\"metric\":\"pt\",\"width\":209.76,\"height\":297.64}','a7',NULL,NULL,0,27,NULL,0,0,1,NULL,NULL,NULL),(420,58,'ISO A8','{\"metric\":\"pt\",\"width\":147.4,\"height\":209.76}','a8',NULL,NULL,0,28,NULL,0,0,1,NULL,NULL,NULL),(421,58,'ISO A9','{\"metric\":\"pt\",\"width\":104.88,\"height\":147.4}','a9',NULL,NULL,0,29,NULL,0,0,1,NULL,NULL,NULL),(422,58,'ISO A10','{\"metric\":\"pt\",\"width\":73.7,\"height\":104.88}','a10',NULL,NULL,0,30,NULL,0,0,1,NULL,NULL,NULL),(423,58,'ISO B0','{\"metric\":\"pt\",\"width\":2834.65,\"height\":4008.19}','b0',NULL,NULL,0,31,NULL,0,0,1,NULL,NULL,NULL),(424,58,'ISO B1','{\"metric\":\"pt\",\"width\":2004.09,\"height\":2834.65}','b1',NULL,NULL,0,32,NULL,0,0,1,NULL,NULL,NULL),(425,58,'ISO B2','{\"metric\":\"pt\",\"width\":1417.32,\"height\":2004.09}','b2',NULL,NULL,0,33,NULL,0,0,1,NULL,NULL,NULL),(426,58,'ISO B3','{\"metric\":\"pt\",\"width\":1000.63,\"height\":1417.32}','b3',NULL,NULL,0,34,NULL,0,0,1,NULL,NULL,NULL),(427,58,'ISO B4','{\"metric\":\"pt\",\"width\":708.66,\"height\":1000.63}','b4',NULL,NULL,0,35,NULL,0,0,1,NULL,NULL,NULL),(428,58,'ISO B5','{\"metric\":\"pt\",\"width\":498.9,\"height\":708.66}','b5',NULL,NULL,0,36,NULL,0,0,1,NULL,NULL,NULL),(429,58,'ISO B6','{\"metric\":\"pt\",\"width\":354.33,\"height\":498.9}','b6',NULL,NULL,0,37,NULL,0,0,1,NULL,NULL,NULL),(430,58,'ISO B7','{\"metric\":\"pt\",\"width\":249.45,\"height\":354.33}','b7',NULL,NULL,0,38,NULL,0,0,1,NULL,NULL,NULL),(431,58,'ISO B8','{\"metric\":\"pt\",\"width\":175.75,\"height\":249.45}','b8',NULL,NULL,0,39,NULL,0,0,1,NULL,NULL,NULL),(432,58,'ISO B9','{\"metric\":\"pt\",\"width\":124.72,\"height\":175.75}','b9',NULL,NULL,0,40,NULL,0,0,1,NULL,NULL,NULL),(433,58,'ISO B10','{\"metric\":\"pt\",\"width\":87.87,\"height\":124.72}','b10',NULL,NULL,0,41,NULL,0,0,1,NULL,NULL,NULL),(434,58,'ISO C0','{\"metric\":\"pt\",\"width\":2599.37,\"height\":3676.54}','c0',NULL,NULL,0,42,NULL,0,0,1,NULL,NULL,NULL),(435,58,'ISO C1','{\"metric\":\"pt\",\"width\":1836.85,\"height\":2599.37}','c1',NULL,NULL,0,43,NULL,0,0,1,NULL,NULL,NULL),(436,58,'ISO C2','{\"metric\":\"pt\",\"width\":1298.27,\"height\":1836.85}','c2',NULL,NULL,0,44,NULL,0,0,1,NULL,NULL,NULL),(437,58,'ISO C3','{\"metric\":\"pt\",\"width\":918.43,\"height\":1298.27}','c3',NULL,NULL,0,45,NULL,0,0,1,NULL,NULL,NULL),(438,58,'ISO C4','{\"metric\":\"pt\",\"width\":649.13,\"height\":918.43}','c4',NULL,NULL,0,46,NULL,0,0,1,NULL,NULL,NULL),(439,58,'ISO C5','{\"metric\":\"pt\",\"width\":459.21,\"height\":649.13}','c5',NULL,NULL,0,47,NULL,0,0,1,NULL,NULL,NULL),(440,58,'ISO C6','{\"metric\":\"pt\",\"width\":323.15,\"height\":459.21}','c6',NULL,NULL,0,48,NULL,0,0,1,NULL,NULL,NULL),(441,58,'ISO C7','{\"metric\":\"pt\",\"width\":229.61,\"height\":323.15}','c7',NULL,NULL,0,49,NULL,0,0,1,NULL,NULL,NULL),(442,58,'ISO C8','{\"metric\":\"pt\",\"width\":161.57,\"height\":229.61}','c8',NULL,NULL,0,50,NULL,0,0,1,NULL,NULL,NULL),(443,58,'ISO C9','{\"metric\":\"pt\",\"width\":113.39,\"height\":161.57}','c9',NULL,NULL,0,51,NULL,0,0,1,NULL,NULL,NULL),(444,58,'ISO C10','{\"metric\":\"pt\",\"width\":79.37,\"height\":113.39}','c10',NULL,NULL,0,52,NULL,0,0,1,NULL,NULL,NULL),(445,58,'ISO RA0','{\"metric\":\"pt\",\"width\":2437.8,\"height\":3458.27}','ra0',NULL,NULL,0,53,NULL,0,0,1,NULL,NULL,NULL),(446,58,'ISO RA1','{\"metric\":\"pt\",\"width\":1729.13,\"height\":2437.8}','ra1',NULL,NULL,0,54,NULL,0,0,1,NULL,NULL,NULL),(447,58,'ISO RA2','{\"metric\":\"pt\",\"width\":1218.9,\"height\":1729.13}','ra2',NULL,NULL,0,55,NULL,0,0,1,NULL,NULL,NULL),(448,58,'ISO RA3','{\"metric\":\"pt\",\"width\":864.57,\"height\":1218.9}','ra3',NULL,NULL,0,56,NULL,0,0,1,NULL,NULL,NULL),(449,58,'ISO RA4','{\"metric\":\"pt\",\"width\":609.45,\"height\":864.57}','ra4',NULL,NULL,0,57,NULL,0,0,1,NULL,NULL,NULL),(450,58,'ISO SRA0','{\"metric\":\"pt\",\"width\":2551.18,\"height\":3628.35}','sra0',NULL,NULL,0,58,NULL,0,0,1,NULL,NULL,NULL),(451,58,'ISO SRA1','{\"metric\":\"pt\",\"width\":1814.17,\"height\":2551.18}','sra1',NULL,NULL,0,59,NULL,0,0,1,NULL,NULL,NULL),(452,58,'ISO SRA2','{\"metric\":\"pt\",\"width\":1275.59,\"height\":1814.17}','sra2',NULL,NULL,0,60,NULL,0,0,1,NULL,NULL,NULL),(453,58,'ISO SRA3','{\"metric\":\"pt\",\"width\":907.09,\"height\":1275.59}','sra3',NULL,NULL,0,61,NULL,0,0,1,NULL,NULL,NULL),(454,58,'ISO SRA4','{\"metric\":\"pt\",\"width\":637.8,\"height\":907.09}','sra4',NULL,NULL,0,62,NULL,0,0,1,NULL,NULL,NULL),(455,61,'Activity Assignees','1','Activity Assignees',NULL,0,NULL,1,NULL,0,0,1,NULL,NULL,NULL),(456,61,'Activity Source','2','Activity Source',NULL,0,NULL,2,NULL,0,0,1,NULL,NULL,NULL),(457,61,'Activity Targets','3','Activity Targets',NULL,0,NULL,3,NULL,0,0,1,NULL,NULL,NULL),(458,71,'Asset','1','Asset',NULL,0,0,1,'Things you own',0,1,1,2,NULL,NULL),(459,71,'Liability','2','Liability',NULL,0,0,2,'Things you own, like a grant still to be disbursed',0,1,1,2,NULL,NULL),(460,71,'Revenue','3','Revenue',NULL,0,1,3,'Income from contributions and sales of tickets and memberships',0,1,1,2,NULL,NULL),(461,71,'Cost of Sales','4','Cost of Sales',NULL,0,0,4,'Costs incurred to get revenue, e.g. premiums for donations, dinner for a fundraising dinner ticket',0,1,1,2,NULL,NULL),(462,71,'Expenses','5','Expenses',NULL,0,0,5,'Things that are paid for that are consumable, e.g. grants disbursed',0,1,1,2,NULL,NULL),(463,62,'Income Account is','1','Income Account is',NULL,0,1,1,'Income Account is',0,1,1,2,NULL,NULL),(464,62,'Credit/Contra Account is','2','Credit/Contra Account is',NULL,0,0,2,'Credit/Contra Account is',0,1,0,2,NULL,NULL),(465,62,'Accounts Receivable Account is','3','Accounts Receivable Account is',NULL,0,0,3,'Accounts Receivable Account is',0,1,1,2,NULL,NULL),(466,62,'Credit Liability Account is','4','Credit Liability Account is',NULL,0,0,4,'Credit Liability Account is',0,1,0,2,NULL,NULL),(467,62,'Expense Account is','5','Expense Account is',NULL,0,0,5,'Expense Account is',0,1,1,2,NULL,NULL),(468,62,'Asset Account is','6','Asset Account is',NULL,0,0,6,'Asset Account is',0,1,1,2,NULL,NULL),(469,62,'Cost of Sales Account is','7','Cost of Sales Account is',NULL,0,0,7,'Cost of Sales Account is',0,1,1,2,NULL,NULL),(470,62,'Premiums Inventory Account is','8','Premiums Inventory Account is',NULL,0,0,8,'Premiums Inventory Account is',0,1,1,2,NULL,NULL),(471,62,'Discounts Account is','9','Discounts Account is',NULL,0,0,9,'Discounts Account is',0,1,1,2,NULL,NULL),(472,62,'Sales Tax Account is','10','Sales Tax Account is',NULL,0,0,10,'Sales Tax Account is',0,1,1,2,NULL,NULL),(473,63,'Participant Role','1','participant_role',NULL,0,NULL,1,NULL,0,0,1,NULL,NULL,NULL),(474,64,'Morning Sessions','1','Morning Sessions',NULL,0,NULL,1,NULL,0,0,1,NULL,NULL,NULL),(475,64,'Evening Sessions','2','Evening Sessions',NULL,0,NULL,2,NULL,0,0,1,NULL,NULL,NULL),(476,65,'Contribution','1','Contribution',NULL,0,NULL,1,NULL,0,0,1,NULL,NULL,NULL),(477,65,'Membership','2','Membership',NULL,0,NULL,2,NULL,0,0,1,NULL,NULL,NULL),(478,65,'Pledge Payment','3','Pledge Payment',NULL,0,NULL,3,NULL,0,0,1,NULL,NULL,NULL),(479,67,'Open','1','Open',NULL,0,NULL,1,NULL,0,0,1,NULL,NULL,NULL),(480,67,'Closed','2','Closed',NULL,0,NULL,2,NULL,0,0,1,NULL,NULL,NULL),(481,67,'Data Entry','3','Data Entry',NULL,0,NULL,3,NULL,0,0,1,NULL,NULL,NULL),(482,67,'Reopened','4','Reopened',NULL,0,NULL,4,NULL,0,0,1,NULL,NULL,NULL),(483,67,'Exported','5','Exported',NULL,0,NULL,5,NULL,0,0,1,NULL,NULL,NULL),(484,66,'Manual Batch','1','Manual Batch',NULL,0,0,1,'Manual Batch',0,1,1,2,NULL,NULL),(485,66,'Automatic Batch','2','Automatic Batch',NULL,0,0,2,'Automatic Batch',0,1,1,2,NULL,NULL),(486,72,'Paid','1','Paid',NULL,0,0,1,'Paid',0,1,1,2,NULL,NULL),(487,72,'Partially paid','2','Partially paid',NULL,0,0,2,'Partially paid',0,1,1,2,NULL,NULL),(488,72,'Unpaid','3','Unpaid',NULL,0,0,1,'Unpaid',0,1,1,2,NULL,NULL),(489,68,'http','1','http',NULL,NULL,0,1,NULL,0,1,1,NULL,NULL,NULL),(490,68,'xml','2','xml',NULL,NULL,0,2,NULL,0,1,1,NULL,NULL,NULL),(491,68,'smtp','3','smtp',NULL,NULL,0,3,NULL,0,1,1,NULL,NULL,NULL),(492,70,'Renewal Reminder (non-auto-renew memberships only)','1','Renewal Reminder (non-auto-renew memberships only)',NULL,0,NULL,1,NULL,0,0,1,NULL,NULL,NULL),(493,70,'Auto-renew Memberships Only','2','Auto-renew Memberships Only',NULL,0,NULL,2,NULL,0,0,1,NULL,NULL,NULL),(494,70,'Reminder for Both','3','Reminder for Both',NULL,0,NULL,3,NULL,0,0,1,NULL,NULL,NULL),(495,73,'Event Badge','1','Event Badge',NULL,0,NULL,1,NULL,0,0,1,NULL,NULL,NULL),(496,74,'Avery 5395','{\"name\":\"Avery 5395\",\"paper-size\":\"a4\",\"metric\":\"mm\",\"lMargin\":15,\"tMargin\":26,\"NX\":2,\"NY\":4,\"SpaceX\":10,\"SpaceY\":5,\"width\":83,\"height\":57,\"font-size\":12,\"orientation\":\"portrait\",\"font-name\":\"helvetica\",\"font-style\":\"\",\"lPadding\":3,\"tPadding\":3}','Avery 5395',NULL,0,NULL,1,NULL,0,0,1,NULL,NULL,NULL),(497,74,'A6 Badge Portrait 150x106','{\"paper-size\":\"a4\",\"orientation\":\"landscape\",\"font-name\":\"times\",\"font-size\":6,\"font-style\":\"\",\"NX\":2,\"NY\":1,\"metric\":\"mm\",\"lMargin\":25,\"tMargin\":27,\"SpaceX\":0,\"SpaceY\":35,\"width\":106,\"height\":150,\"lPadding\":5,\"tPadding\":5}','A6 Badge Portrait 150x106',NULL,0,NULL,2,NULL,0,0,1,NULL,NULL,NULL),(498,74,'Fattorini Name Badge 100x65','{\"paper-size\":\"a4\",\"orientation\":\"portrait\",\"font-name\":\"times\",\"font-size\":6,\"font-style\":\"\",\"NX\":2,\"NY\":4,\"metric\":\"mm\",\"lMargin\":6,\"tMargin\":19,\"SpaceX\":0,\"SpaceY\":0,\"width\":100,\"height\":65,\"lPadding\":0,\"tPadding\":0}','Fattorini Name Badge 100x65',NULL,0,NULL,3,NULL,0,0,1,NULL,NULL,NULL),(499,74,'Hanging Badge 3-3/4\" x 4-3\"/4','{\"paper-size\":\"a4\",\"orientation\":\"portrait\",\"font-name\":\"times\",\"font-size\":6,\"font-style\":\"\",\"NX\":2,\"NY\":2,\"metric\":\"mm\",\"lMargin\":10,\"tMargin\":28,\"SpaceX\":0,\"SpaceY\":0,\"width\":96,\"height\":121,\"lPadding\":5,\"tPadding\":5}','Hanging Badge 3-3/4\" x 4-3\"/4',NULL,0,NULL,4,NULL,0,0,1,NULL,NULL,NULL),(500,60,'Avery 3475','{\"paper-size\":\"a4\",\"orientation\":\"portrait\",\"font-name\":\"helvetica\",\"font-size\":10,\"font-style\":\"\",\"metric\":\"mm\",\"lMargin\":0,\"tMargin\":5,\"NX\":3,\"NY\":8,\"SpaceX\":0,\"SpaceY\":0,\"width\":70,\"height\":36,\"lPadding\":5.08,\"tPadding\":5.08}','3475','Avery',NULL,0,1,NULL,0,1,1,NULL,NULL,NULL),(501,60,'Avery 5160','{\"paper-size\":\"letter\",\"orientation\":\"portrait\",\"font-name\":\"helvetica\",\"font-size\":8,\"font-style\":\"\",\"metric\":\"in\",\"lMargin\":0.21975,\"tMargin\":0.5,\"NX\":3,\"NY\":10,\"SpaceX\":0.14,\"SpaceY\":0,\"width\":2.5935,\"height\":1,\"lPadding\":0.20,\"tPadding\":0.20}','5160','Avery',NULL,0,2,NULL,0,1,1,NULL,NULL,NULL),(502,60,'Avery 5161','{\"paper-size\":\"letter\",\"orientation\":\"portrait\",\"font-name\":\"helvetica\",\"font-size\":8,\"font-style\":\"\",\"metric\":\"in\",\"lMargin\":0.175,\"tMargin\":0.5,\"NX\":2,\"NY\":10,\"SpaceX\":0.15625,\"SpaceY\":0,\"width\":4,\"height\":1,\"lPadding\":0.20,\"tPadding\":0.20}','5161','Avery',NULL,0,3,NULL,0,1,1,NULL,NULL,NULL),(503,60,'Avery 5162','{\"paper-size\":\"letter\",\"orientation\":\"portrait\",\"font-name\":\"helvetica\",\"font-size\":8,\"font-style\":\"\",\"metric\":\"in\",\"lMargin\":0.1525,\"tMargin\":0.88,\"NX\":2,\"NY\":7,\"SpaceX\":0.195,\"SpaceY\":0,\"width\":4,\"height\":1.33,\"lPadding\":0.20,\"tPadding\":0.20}','5162','Avery',NULL,0,4,NULL,0,1,1,NULL,NULL,NULL),(504,60,'Avery 5163','{\"paper-size\":\"letter\",\"orientation\":\"portrait\",\"font-name\":\"helvetica\",\"font-size\":8,\"font-style\":\"\",\"metric\":\"in\",\"lMargin\":0.18,\"tMargin\":0.5,\"NX\":2,\"NY\":5,\"SpaceX\":0.14,\"SpaceY\":0,\"width\":4,\"height\":2,\"lPadding\":0.20,\"tPadding\":0.20}','5163','Avery',NULL,0,5,NULL,0,1,1,NULL,NULL,NULL),(505,60,'Avery 5164','{\"paper-size\":\"letter\",\"orientation\":\"portrait\",\"font-name\":\"helvetica\",\"font-size\":12,\"font-style\":\"\",\"metric\":\"in\",\"lMargin\":0.156,\"tMargin\":0.5,\"NX\":2,\"NY\":3,\"SpaceX\":0.1875,\"SpaceY\":0,\"width\":4,\"height\":3.33,\"lPadding\":0.20,\"tPadding\":0.20}','5164','Avery',NULL,0,6,NULL,0,1,1,NULL,NULL,NULL),(506,60,'Avery 8600','{\"paper-size\":\"letter\",\"orientation\":\"portrait\",\"font-name\":\"helvetica\",\"font-size\":8,\"font-style\":\"\",\"metric\":\"mm\",\"lMargin\":7.1,\"tMargin\":19,\"NX\":3,\"NY\":10,\"SpaceX\":9.5,\"SpaceY\":3.1,\"width\":66.6,\"height\":25.4,\"lPadding\":5.08,\"tPadding\":5.08}','8600','Avery',NULL,0,7,NULL,0,1,1,NULL,NULL,NULL),(507,60,'Avery L7160','{\"paper-size\":\"a4\",\"orientation\":\"portrait\",\"font-name\":\"helvetica\",\"font-size\":9,\"font-style\":\"\",\"metric\":\"in\",\"lMargin\":0.28,\"tMargin\":0.6,\"NX\":3,\"NY\":7,\"SpaceX\":0.1,\"SpaceY\":0,\"width\":2.5,\"height\":1.5,\"lPadding\":0.20,\"tPadding\":0.20}','L7160','Avery',NULL,0,8,NULL,0,1,1,NULL,NULL,NULL),(508,60,'Avery L7161','{\"paper-size\":\"a4\",\"orientation\":\"portrait\",\"font-name\":\"helvetica\",\"font-size\":9,\"font-style\":\"\",\"metric\":\"in\",\"lMargin\":0.28,\"tMargin\":0.35,\"NX\":3,\"NY\":6,\"SpaceX\":0.1,\"SpaceY\":0,\"width\":2.5,\"height\":1.83,\"lPadding\":0.20,\"tPadding\":0.20}','L7161','Avery',NULL,0,9,NULL,0,1,1,NULL,NULL,NULL),(509,60,'Avery L7162','{\"paper-size\":\"a4\",\"orientation\":\"portrait\",\"font-name\":\"helvetica\",\"font-size\":9,\"font-style\":\"\",\"metric\":\"in\",\"lMargin\":0.18,\"tMargin\":0.51,\"NX\":2,\"NY\":8,\"SpaceX\":0.1,\"SpaceY\":0,\"width\":3.9,\"height\":1.33,\"lPadding\":0.20,\"tPadding\":0.20}','L7162','Avery',NULL,0,10,NULL,0,1,1,NULL,NULL,NULL),(510,60,'Avery L7163','{\"paper-size\":\"a4\",\"orientation\":\"portrait\",\"font-name\":\"helvetica\",\"font-size\":9,\"font-style\":\"\",\"metric\":\"in\",\"lMargin\":0.18,\"tMargin\":0.6,\"NX\":2,\"NY\":7,\"SpaceX\":0.1,\"SpaceY\":0,\"width\":3.9,\"height\":1.5,\"lPadding\":0.20,\"tPadding\":0.20}','L7163','Avery',NULL,0,11,NULL,0,1,1,NULL,NULL,NULL),(511,75,'Formal','1','formal',NULL,0,1,1,NULL,0,0,1,NULL,NULL,NULL),(512,75,'Familiar','2','familiar',NULL,0,0,2,NULL,0,0,1,NULL,NULL,NULL),(513,76,'Email','Email','Email',NULL,0,1,1,NULL,0,1,1,NULL,NULL,NULL),(514,76,'SMS','SMS','SMS',NULL,0,0,2,NULL,0,1,1,NULL,NULL,NULL),(515,76,'User Preference','User_Preference','User Preference',NULL,0,0,3,NULL,0,1,1,NULL,NULL,NULL),(516,77,'Actual date only','1','Actual date only',NULL,NULL,0,1,NULL,0,1,1,NULL,NULL,NULL),(517,77,'Each anniversary','2','Each anniversary',NULL,NULL,0,2,NULL,0,1,1,NULL,NULL,NULL),(518,78,'Today','this.day','this.day',NULL,NULL,NULL,1,NULL,0,0,1,NULL,NULL,NULL),(519,78,'This week','this.week','this.week',NULL,NULL,NULL,2,NULL,0,0,1,NULL,NULL,NULL),(520,78,'This calendar month','this.month','this.month',NULL,NULL,NULL,3,NULL,0,0,1,NULL,NULL,NULL),(521,78,'This quarter','this.quarter','this.quarter',NULL,NULL,NULL,4,NULL,0,0,1,NULL,NULL,NULL),(522,78,'This fiscal year','this.fiscal_year','this.fiscal_year',NULL,NULL,NULL,5,NULL,0,0,1,NULL,NULL,NULL),(523,78,'This calendar year','this.year','this.year',NULL,NULL,NULL,6,NULL,0,0,1,NULL,NULL,NULL),(524,78,'Yesterday','previous.day','previous.day',NULL,NULL,NULL,7,NULL,0,0,1,NULL,NULL,NULL),(525,78,'Previous week','previous.week','previous.week',NULL,NULL,NULL,8,NULL,0,0,1,NULL,NULL,NULL),(526,78,'Previous calendar month','previous.month','previous.month',NULL,NULL,NULL,9,NULL,0,0,1,NULL,NULL,NULL),(527,78,'Previous quarter','previous.quarter','previous.quarter',NULL,NULL,NULL,10,NULL,0,0,1,NULL,NULL,NULL),(528,78,'Previous fiscal year','previous.fiscal_year','previous.fiscal_year',NULL,NULL,NULL,11,NULL,0,0,1,NULL,NULL,NULL),(529,78,'Previous calendar year','previous.year','previous.year',NULL,NULL,NULL,12,NULL,0,0,1,NULL,NULL,NULL),(530,78,'Last 7 days including today','ending.week','ending.week',NULL,NULL,NULL,13,NULL,0,0,1,NULL,NULL,NULL),(531,78,'Last 30 days including today','ending.month','ending.month',NULL,NULL,NULL,14,NULL,0,0,1,NULL,NULL,NULL),(532,78,'Last 60 days including today','ending_2.month','ending_2.month',NULL,NULL,NULL,15,NULL,0,0,1,NULL,NULL,NULL),(533,78,'Last 90 days including today','ending.quarter','ending.quarter',NULL,NULL,NULL,16,NULL,0,0,1,NULL,NULL,NULL),(534,78,'Last 12 months including today','ending.year','ending.year',NULL,NULL,NULL,17,NULL,0,0,1,NULL,NULL,NULL),(535,78,'Last 2 years including today','ending_2.year','ending_2.year',NULL,NULL,NULL,18,NULL,0,0,1,NULL,NULL,NULL),(536,78,'Last 3 years including today','ending_3.year','ending_3.year',NULL,NULL,NULL,19,NULL,0,0,1,NULL,NULL,NULL),(537,78,'Tomorrow','starting.day','starting.day',NULL,NULL,NULL,20,NULL,0,0,1,NULL,NULL,NULL),(538,78,'Next week','next.week','next.week',NULL,NULL,NULL,21,NULL,0,0,1,NULL,NULL,NULL),(539,78,'Next calendar month','next.month','next.month',NULL,NULL,NULL,22,NULL,0,0,1,NULL,NULL,NULL),(540,78,'Next quarter','next.quarter','next.quarter',NULL,NULL,NULL,23,NULL,0,0,1,NULL,NULL,NULL),(541,78,'Next fiscal year','next.fiscal_year','next.fiscal_year',NULL,NULL,NULL,24,NULL,0,0,1,NULL,NULL,NULL),(542,78,'Next calendar year','next.year','next.year',NULL,NULL,NULL,25,NULL,0,0,1,NULL,NULL,NULL),(543,78,'Next 7 days including today','starting.week','starting.week',NULL,NULL,NULL,26,NULL,0,0,1,NULL,NULL,NULL),(544,78,'Next 30 days including today','starting.month','starting.month',NULL,NULL,NULL,27,NULL,0,0,1,NULL,NULL,NULL),(545,78,'Next 60 days including today','starting_2.month','starting_2.month',NULL,NULL,NULL,28,NULL,0,0,1,NULL,NULL,NULL),(546,78,'Next 90 days including today','starting.quarter','starting.quarter',NULL,NULL,NULL,29,NULL,0,0,1,NULL,NULL,NULL),(547,78,'Next 12 months including today','starting.year','starting.year',NULL,NULL,NULL,30,NULL,0,0,1,NULL,NULL,NULL),(548,78,'Current week to-date','current.week','current.week',NULL,NULL,NULL,31,NULL,0,0,1,NULL,NULL,NULL),(549,78,'Current calendar month to-date','current.month','current.month',NULL,NULL,NULL,32,NULL,0,0,1,NULL,NULL,NULL),(550,78,'Current quarter to-date','current.quarter','current.quarter',NULL,NULL,NULL,33,NULL,0,0,1,NULL,NULL,NULL),(551,78,'Current calendar year to-date','current.year','current.year',NULL,NULL,NULL,34,NULL,0,0,1,NULL,NULL,NULL),(552,78,'To end of yesterday','earlier.day','earlier.day',NULL,NULL,NULL,35,NULL,0,0,1,NULL,NULL,NULL),(553,78,'To end of previous week','earlier.week','earlier.week',NULL,NULL,NULL,36,NULL,0,0,1,NULL,NULL,NULL),(554,78,'To end of previous calendar month','earlier.month','earlier.month',NULL,NULL,NULL,37,NULL,0,0,1,NULL,NULL,NULL),(555,78,'To end of previous quarter','earlier.quarter','earlier.quarter',NULL,NULL,NULL,38,NULL,0,0,1,NULL,NULL,NULL),(556,78,'To end of previous calendar year','earlier.year','earlier.year',NULL,NULL,NULL,39,NULL,0,0,1,NULL,NULL,NULL),(557,78,'From start of current day','greater.day','greater.day',NULL,NULL,NULL,40,NULL,0,0,1,NULL,NULL,NULL),(558,78,'From start of current week','greater.week','greater.week',NULL,NULL,NULL,41,NULL,0,0,1,NULL,NULL,NULL),(559,78,'From start of current calendar month','greater.month','greater.month',NULL,NULL,NULL,42,NULL,0,0,1,NULL,NULL,NULL),(560,78,'From start of current quarter','greater.quarter','greater.quarter',NULL,NULL,NULL,43,NULL,0,0,1,NULL,NULL,NULL),(561,78,'From start of current calendar year','greater.year','greater.year',NULL,NULL,NULL,44,NULL,0,0,1,NULL,NULL,NULL),(562,78,'To end of current week','less.week','less.week',NULL,NULL,NULL,45,NULL,0,0,1,NULL,NULL,NULL),(563,78,'To end of current calendar month','less.month','less.month',NULL,NULL,NULL,46,NULL,0,0,1,NULL,NULL,NULL),(564,78,'To end of current quarter','less.quarter','less.quarter',NULL,NULL,NULL,47,NULL,0,0,1,NULL,NULL,NULL),(565,78,'To end of current calendar year','less.year','less.year',NULL,NULL,NULL,48,NULL,0,0,1,NULL,NULL,NULL),(566,78,'Previous 2 days','previous_2.day','previous_2.day',NULL,NULL,NULL,49,NULL,0,0,1,NULL,NULL,NULL),(567,78,'Previous 2 weeks','previous_2.week','previous_2.week',NULL,NULL,NULL,50,NULL,0,0,1,NULL,NULL,NULL),(568,78,'Previous 2 calendar months','previous_2.month','previous_2.month',NULL,NULL,NULL,51,NULL,0,0,1,NULL,NULL,NULL),(569,78,'Previous 2 quarters','previous_2.quarter','previous_2.quarter',NULL,NULL,NULL,52,NULL,0,0,1,NULL,NULL,NULL),(570,78,'Previous 2 calendar years','previous_2.year','previous_2.year',NULL,NULL,NULL,53,NULL,0,0,1,NULL,NULL,NULL),(571,78,'Day prior to yesterday','previous_before.day','previous_before.day',NULL,NULL,NULL,54,NULL,0,0,1,NULL,NULL,NULL),(572,78,'Week prior to previous week','previous_before.week','previous_before.week',NULL,NULL,NULL,55,NULL,0,0,1,NULL,NULL,NULL),(573,78,'Month prior to previous calendar month','previous_before.month','previous_before.month',NULL,NULL,NULL,56,NULL,0,0,1,NULL,NULL,NULL),(574,78,'Quarter prior to previous quarter','previous_before.quarter','previous_before.quarter',NULL,NULL,NULL,57,NULL,0,0,1,NULL,NULL,NULL),(575,78,'Year prior to previous calendar year','previous_before.year','previous_before.year',NULL,NULL,NULL,58,NULL,0,0,1,NULL,NULL,NULL),(576,78,'From end of previous week','greater_previous.week','greater_previous.week',NULL,NULL,NULL,59,NULL,0,0,1,NULL,NULL,NULL),(577,78,'From end of previous calendar month','greater_previous.month','greater_previous.month',NULL,NULL,NULL,60,NULL,0,0,1,NULL,NULL,NULL),(578,78,'From end of previous quarter','greater_previous.quarter','greater_previous.quarter',NULL,NULL,NULL,61,NULL,0,0,1,NULL,NULL,NULL),(579,78,'From end of previous calendar year','greater_previous.year','greater_previous.year',NULL,NULL,NULL,62,NULL,0,0,1,NULL,NULL,NULL),(580,31,'\"FIXME\" <info@EXAMPLE.ORG>','1','\"FIXME\" <info@EXAMPLE.ORG>',NULL,0,1,1,'Default domain email address and from name.',0,0,1,NULL,1,NULL),(581,24,'Emergency','1','Emergency',NULL,0,1,1,NULL,0,0,1,NULL,1,NULL),(582,24,'Family Support','2','Family Support',NULL,0,NULL,2,NULL,0,0,1,NULL,1,NULL),(583,24,'General Protection','3','General Protection',NULL,0,NULL,3,NULL,0,0,1,NULL,1,NULL),(584,24,'Impunity','4','Impunity',NULL,0,NULL,4,NULL,0,0,1,NULL,1,NULL),(585,55,'Approved','1','Approved',NULL,0,1,1,NULL,0,1,1,4,1,NULL),(586,55,'Rejected','2','Rejected',NULL,0,0,2,NULL,0,1,1,4,1,NULL),(587,55,'None','3','None',NULL,0,0,3,NULL,0,1,1,4,1,NULL),(588,57,'Survey','Survey','civicrm_survey',NULL,0,NULL,1,NULL,0,0,1,NULL,NULL,NULL),(589,57,'Cases','Case','civicrm_case',NULL,0,NULL,2,'CRM_Case_PseudoConstant::caseType;',0,0,1,NULL,NULL,NULL),(590,79,'Abkhaz','ab','ab_GE',NULL,NULL,0,1,NULL,0,0,0,NULL,NULL,NULL),(591,79,'Afar','aa','aa_ET',NULL,NULL,0,2,NULL,0,0,0,NULL,NULL,NULL),(592,79,'Afrikaans','af','af_ZA',NULL,NULL,0,3,NULL,0,0,1,NULL,NULL,NULL),(593,79,'Akan','ak','ak_GH',NULL,NULL,0,4,NULL,0,0,0,NULL,NULL,NULL),(594,79,'Albanian','sq','sq_AL',NULL,NULL,0,5,NULL,0,0,1,NULL,NULL,NULL),(595,79,'Amharic','am','am_ET',NULL,NULL,0,6,NULL,0,0,0,NULL,NULL,NULL),(596,79,'Arabic','ar','ar_EG',NULL,NULL,0,7,NULL,0,0,1,NULL,NULL,NULL),(597,79,'Aragonese','an','an_ES',NULL,NULL,0,8,NULL,0,0,0,NULL,NULL,NULL),(598,79,'Armenian','hy','hy_AM',NULL,NULL,0,9,NULL,0,0,0,NULL,NULL,NULL),(599,79,'Assamese','as','as_IN',NULL,NULL,0,10,NULL,0,0,0,NULL,NULL,NULL),(600,79,'Avaric','av','av_RU',NULL,NULL,0,11,NULL,0,0,0,NULL,NULL,NULL),(601,79,'Avestan','ae','ae_XX',NULL,NULL,0,12,NULL,0,0,0,NULL,NULL,NULL),(602,79,'Aymara','ay','ay_BO',NULL,NULL,0,13,NULL,0,0,0,NULL,NULL,NULL),(603,79,'Azerbaijani','az','az_AZ',NULL,NULL,0,14,NULL,0,0,0,NULL,NULL,NULL),(604,79,'Bambara','bm','bm_ML',NULL,NULL,0,15,NULL,0,0,0,NULL,NULL,NULL),(605,79,'Bashkir','ba','ba_RU',NULL,NULL,0,16,NULL,0,0,0,NULL,NULL,NULL),(606,79,'Basque','eu','eu_ES',NULL,NULL,0,17,NULL,0,0,0,NULL,NULL,NULL),(607,79,'Belarusian','be','be_BY',NULL,NULL,0,18,NULL,0,0,0,NULL,NULL,NULL),(608,79,'Bengali','bn','bn_BD',NULL,NULL,0,19,NULL,0,0,0,NULL,NULL,NULL),(609,79,'Bihari','bh','bh_IN',NULL,NULL,0,20,NULL,0,0,0,NULL,NULL,NULL),(610,79,'Bislama','bi','bi_VU',NULL,NULL,0,21,NULL,0,0,0,NULL,NULL,NULL),(611,79,'Bosnian','bs','bs_BA',NULL,NULL,0,22,NULL,0,0,0,NULL,NULL,NULL),(612,79,'Breton','br','br_FR',NULL,NULL,0,23,NULL,0,0,0,NULL,NULL,NULL),(613,79,'Bulgarian','bg','bg_BG',NULL,NULL,0,24,NULL,0,0,1,NULL,NULL,NULL),(614,79,'Burmese','my','my_MM',NULL,NULL,0,25,NULL,0,0,0,NULL,NULL,NULL),(615,79,'Catalan; Valencian','ca','ca_ES',NULL,NULL,0,26,NULL,0,0,1,NULL,NULL,NULL),(616,79,'Chamorro','ch','ch_GU',NULL,NULL,0,27,NULL,0,0,0,NULL,NULL,NULL),(617,79,'Chechen','ce','ce_RU',NULL,NULL,0,28,NULL,0,0,0,NULL,NULL,NULL),(618,79,'Chichewa; Chewa; Nyanja','ny','ny_MW',NULL,NULL,0,29,NULL,0,0,0,NULL,NULL,NULL),(619,79,'Chinese (China)','zh','zh_CN',NULL,NULL,0,30,NULL,0,0,1,NULL,NULL,NULL),(620,79,'Chinese (Taiwan)','zh','zh_TW',NULL,NULL,0,31,NULL,0,0,1,NULL,NULL,NULL),(621,79,'Chuvash','cv','cv_RU',NULL,NULL,0,32,NULL,0,0,0,NULL,NULL,NULL),(622,79,'Cornish','kw','kw_GB',NULL,NULL,0,33,NULL,0,0,0,NULL,NULL,NULL),(623,79,'Corsican','co','co_FR',NULL,NULL,0,34,NULL,0,0,0,NULL,NULL,NULL),(624,79,'Cree','cr','cr_CA',NULL,NULL,0,35,NULL,0,0,0,NULL,NULL,NULL),(625,79,'Croatian','hr','hr_HR',NULL,NULL,0,36,NULL,0,0,0,NULL,NULL,NULL),(626,79,'Czech','cs','cs_CZ',NULL,NULL,0,37,NULL,0,0,1,NULL,NULL,NULL),(627,79,'Danish','da','da_DK',NULL,NULL,0,38,NULL,0,0,1,NULL,NULL,NULL),(628,79,'Divehi; Dhivehi; Maldivian;','dv','dv_MV',NULL,NULL,0,39,NULL,0,0,0,NULL,NULL,NULL),(629,79,'Dutch','nl','nl_NL',NULL,NULL,0,40,NULL,0,0,1,NULL,NULL,NULL),(630,79,'Dzongkha','dz','dz_BT',NULL,NULL,0,41,NULL,0,0,0,NULL,NULL,NULL),(631,79,'English (Australia)','en','en_AU',NULL,NULL,0,42,NULL,0,0,1,NULL,NULL,NULL),(632,79,'English (Canada)','en','en_CA',NULL,NULL,0,43,NULL,0,0,1,NULL,NULL,NULL),(633,79,'English (United Kingdom)','en','en_GB',NULL,NULL,0,44,NULL,0,0,1,NULL,NULL,NULL),(634,79,'English (United States)','en','en_US',NULL,NULL,1,45,NULL,0,0,1,NULL,NULL,NULL),(635,79,'Esperanto','eo','eo_XX',NULL,NULL,0,46,NULL,0,0,0,NULL,NULL,NULL),(636,79,'Estonian','et','et_EE',NULL,NULL,0,47,NULL,0,0,1,NULL,NULL,NULL),(637,79,'Ewe','ee','ee_GH',NULL,NULL,0,48,NULL,0,0,0,NULL,NULL,NULL),(638,79,'Faroese','fo','fo_FO',NULL,NULL,0,49,NULL,0,0,0,NULL,NULL,NULL),(639,79,'Fijian','fj','fj_FJ',NULL,NULL,0,50,NULL,0,0,0,NULL,NULL,NULL),(640,79,'Finnish','fi','fi_FI',NULL,NULL,0,51,NULL,0,0,1,NULL,NULL,NULL),(641,79,'French (Canada)','fr','fr_CA',NULL,NULL,0,52,NULL,0,0,1,NULL,NULL,NULL),(642,79,'French (France)','fr','fr_FR',NULL,NULL,0,53,NULL,0,0,1,NULL,NULL,NULL),(643,79,'Fula; Fulah; Pulaar; Pular','ff','ff_SN',NULL,NULL,0,54,NULL,0,0,0,NULL,NULL,NULL),(644,79,'Galician','gl','gl_ES',NULL,NULL,0,55,NULL,0,0,0,NULL,NULL,NULL),(645,79,'Georgian','ka','ka_GE',NULL,NULL,0,56,NULL,0,0,0,NULL,NULL,NULL),(646,79,'German','de','de_DE',NULL,NULL,0,57,NULL,0,0,1,NULL,NULL,NULL),(647,79,'German (Swiss)','de','de_CH',NULL,NULL,0,58,NULL,0,0,1,NULL,NULL,NULL),(648,79,'Greek, Modern','el','el_GR',NULL,NULL,0,59,NULL,0,0,1,NULL,NULL,NULL),(649,79,'Guarani','gn','gn_PY',NULL,NULL,0,60,NULL,0,0,0,NULL,NULL,NULL),(650,79,'Gujarati','gu','gu_IN',NULL,NULL,0,61,NULL,0,0,0,NULL,NULL,NULL),(651,79,'Haitian; Haitian Creole','ht','ht_HT',NULL,NULL,0,62,NULL,0,0,0,NULL,NULL,NULL),(652,79,'Hausa','ha','ha_NG',NULL,NULL,0,63,NULL,0,0,0,NULL,NULL,NULL),(653,79,'Hebrew (modern)','he','he_IL',NULL,NULL,0,64,NULL,0,0,1,NULL,NULL,NULL),(654,79,'Herero','hz','hz_NA',NULL,NULL,0,65,NULL,0,0,0,NULL,NULL,NULL),(655,79,'Hindi','hi','hi_IN',NULL,NULL,0,66,NULL,0,0,1,NULL,NULL,NULL),(656,79,'Hiri Motu','ho','ho_PG',NULL,NULL,0,67,NULL,0,0,0,NULL,NULL,NULL),(657,79,'Hungarian','hu','hu_HU',NULL,NULL,0,68,NULL,0,0,1,NULL,NULL,NULL),(658,79,'Interlingua','ia','ia_XX',NULL,NULL,0,69,NULL,0,0,0,NULL,NULL,NULL),(659,79,'Indonesian','id','id_ID',NULL,NULL,0,70,NULL,0,0,1,NULL,NULL,NULL),(660,79,'Interlingue','ie','ie_XX',NULL,NULL,0,71,NULL,0,0,0,NULL,NULL,NULL),(661,79,'Irish','ga','ga_IE',NULL,NULL,0,72,NULL,0,0,0,NULL,NULL,NULL),(662,79,'Igbo','ig','ig_NG',NULL,NULL,0,73,NULL,0,0,0,NULL,NULL,NULL),(663,79,'Inupiaq','ik','ik_US',NULL,NULL,0,74,NULL,0,0,0,NULL,NULL,NULL),(664,79,'Ido','io','io_XX',NULL,NULL,0,75,NULL,0,0,0,NULL,NULL,NULL),(665,79,'Icelandic','is','is_IS',NULL,NULL,0,76,NULL,0,0,0,NULL,NULL,NULL),(666,79,'Italian','it','it_IT',NULL,NULL,0,77,NULL,0,0,1,NULL,NULL,NULL),(667,79,'Inuktitut','iu','iu_CA',NULL,NULL,0,78,NULL,0,0,0,NULL,NULL,NULL),(668,79,'Japanese','ja','ja_JP',NULL,NULL,0,79,NULL,0,0,1,NULL,NULL,NULL),(669,79,'Javanese','jv','jv_ID',NULL,NULL,0,80,NULL,0,0,0,NULL,NULL,NULL),(670,79,'Kalaallisut, Greenlandic','kl','kl_GL',NULL,NULL,0,81,NULL,0,0,0,NULL,NULL,NULL),(671,79,'Kannada','kn','kn_IN',NULL,NULL,0,82,NULL,0,0,0,NULL,NULL,NULL),(672,79,'Kanuri','kr','kr_NE',NULL,NULL,0,83,NULL,0,0,0,NULL,NULL,NULL),(673,79,'Kashmiri','ks','ks_IN',NULL,NULL,0,84,NULL,0,0,0,NULL,NULL,NULL),(674,79,'Kazakh','kk','kk_KZ',NULL,NULL,0,85,NULL,0,0,0,NULL,NULL,NULL),(675,79,'Khmer','km','km_KH',NULL,NULL,0,86,NULL,0,0,1,NULL,NULL,NULL),(676,79,'Kikuyu, Gikuyu','ki','ki_KE',NULL,NULL,0,87,NULL,0,0,0,NULL,NULL,NULL),(677,79,'Kinyarwanda','rw','rw_RW',NULL,NULL,0,88,NULL,0,0,0,NULL,NULL,NULL),(678,79,'Kirghiz, Kyrgyz','ky','ky_KG',NULL,NULL,0,89,NULL,0,0,0,NULL,NULL,NULL),(679,79,'Komi','kv','kv_RU',NULL,NULL,0,90,NULL,0,0,0,NULL,NULL,NULL),(680,79,'Kongo','kg','kg_CD',NULL,NULL,0,91,NULL,0,0,0,NULL,NULL,NULL),(681,79,'Korean','ko','ko_KR',NULL,NULL,0,92,NULL,0,0,0,NULL,NULL,NULL),(682,79,'Kurdish','ku','ku_IQ',NULL,NULL,0,93,NULL,0,0,0,NULL,NULL,NULL),(683,79,'Kwanyama, Kuanyama','kj','kj_NA',NULL,NULL,0,94,NULL,0,0,0,NULL,NULL,NULL),(684,79,'Latin','la','la_VA',NULL,NULL,0,95,NULL,0,0,0,NULL,NULL,NULL),(685,79,'Luxembourgish, Letzeburgesch','lb','lb_LU',NULL,NULL,0,96,NULL,0,0,0,NULL,NULL,NULL),(686,79,'Luganda','lg','lg_UG',NULL,NULL,0,97,NULL,0,0,0,NULL,NULL,NULL),(687,79,'Limburgish, Limburgan, Limburger','li','li_NL',NULL,NULL,0,98,NULL,0,0,0,NULL,NULL,NULL),(688,79,'Lingala','ln','ln_CD',NULL,NULL,0,99,NULL,0,0,0,NULL,NULL,NULL),(689,79,'Lao','lo','lo_LA',NULL,NULL,0,100,NULL,0,0,0,NULL,NULL,NULL),(690,79,'Lithuanian','lt','lt_LT',NULL,NULL,0,101,NULL,0,0,1,NULL,NULL,NULL),(691,79,'Luba-Katanga','lu','lu_CD',NULL,NULL,0,102,NULL,0,0,0,NULL,NULL,NULL),(692,79,'Latvian','lv','lv_LV',NULL,NULL,0,103,NULL,0,0,0,NULL,NULL,NULL),(693,79,'Manx','gv','gv_IM',NULL,NULL,0,104,NULL,0,0,0,NULL,NULL,NULL),(694,79,'Macedonian','mk','mk_MK',NULL,NULL,0,105,NULL,0,0,0,NULL,NULL,NULL),(695,79,'Malagasy','mg','mg_MG',NULL,NULL,0,106,NULL,0,0,0,NULL,NULL,NULL),(696,79,'Malay','ms','ms_MY',NULL,NULL,0,107,NULL,0,0,0,NULL,NULL,NULL),(697,79,'Malayalam','ml','ml_IN',NULL,NULL,0,108,NULL,0,0,0,NULL,NULL,NULL),(698,79,'Maltese','mt','mt_MT',NULL,NULL,0,109,NULL,0,0,0,NULL,NULL,NULL),(699,79,'Mori','mi','mi_NZ',NULL,NULL,0,110,NULL,0,0,0,NULL,NULL,NULL),(700,79,'Marathi','mr','mr_IN',NULL,NULL,0,111,NULL,0,0,0,NULL,NULL,NULL),(701,79,'Marshallese','mh','mh_MH',NULL,NULL,0,112,NULL,0,0,0,NULL,NULL,NULL),(702,79,'Mongolian','mn','mn_MN',NULL,NULL,0,113,NULL,0,0,0,NULL,NULL,NULL),(703,79,'Nauru','na','na_NR',NULL,NULL,0,114,NULL,0,0,0,NULL,NULL,NULL),(704,79,'Navajo, Navaho','nv','nv_US',NULL,NULL,0,115,NULL,0,0,0,NULL,NULL,NULL),(705,79,'Norwegian Bokml','nb','nb_NO',NULL,NULL,0,116,NULL,0,0,1,NULL,NULL,NULL),(706,79,'North Ndebele','nd','nd_ZW',NULL,NULL,0,117,NULL,0,0,0,NULL,NULL,NULL),(707,79,'Nepali','ne','ne_NP',NULL,NULL,0,118,NULL,0,0,0,NULL,NULL,NULL),(708,79,'Ndonga','ng','ng_NA',NULL,NULL,0,119,NULL,0,0,0,NULL,NULL,NULL),(709,79,'Norwegian Nynorsk','nn','nn_NO',NULL,NULL,0,120,NULL,0,0,0,NULL,NULL,NULL),(710,79,'Norwegian','no','no_NO',NULL,NULL,0,121,NULL,0,0,0,NULL,NULL,NULL),(711,79,'Nuosu','ii','ii_CN',NULL,NULL,0,122,NULL,0,0,0,NULL,NULL,NULL),(712,79,'South Ndebele','nr','nr_ZA',NULL,NULL,0,123,NULL,0,0,0,NULL,NULL,NULL),(713,79,'Occitan (after 1500)','oc','oc_FR',NULL,NULL,0,124,NULL,0,0,0,NULL,NULL,NULL),(714,79,'Ojibwa','oj','oj_CA',NULL,NULL,0,125,NULL,0,0,0,NULL,NULL,NULL),(715,79,'Old Church Slavonic, Church Slavic, Church Slavonic, Old Bulgarian, Old Slavonic','cu','cu_BG',NULL,NULL,0,126,NULL,0,0,0,NULL,NULL,NULL),(716,79,'Oromo','om','om_ET',NULL,NULL,0,127,NULL,0,0,0,NULL,NULL,NULL),(717,79,'Oriya','or','or_IN',NULL,NULL,0,128,NULL,0,0,0,NULL,NULL,NULL),(718,79,'Ossetian, Ossetic','os','os_GE',NULL,NULL,0,129,NULL,0,0,0,NULL,NULL,NULL),(719,79,'Panjabi, Punjabi','pa','pa_IN',NULL,NULL,0,130,NULL,0,0,0,NULL,NULL,NULL),(720,79,'Pali','pi','pi_KH',NULL,NULL,0,131,NULL,0,0,0,NULL,NULL,NULL),(721,79,'Persian (Iran)','fa','fa_IR',NULL,NULL,0,132,NULL,0,0,0,NULL,NULL,NULL),(722,79,'Polish','pl','pl_PL',NULL,NULL,0,133,NULL,0,0,1,NULL,NULL,NULL),(723,79,'Pashto, Pushto','ps','ps_AF',NULL,NULL,0,134,NULL,0,0,0,NULL,NULL,NULL),(724,79,'Portuguese (Brazil)','pt','pt_BR',NULL,NULL,0,135,NULL,0,0,1,NULL,NULL,NULL),(725,79,'Portuguese (Portugal)','pt','pt_PT',NULL,NULL,0,136,NULL,0,0,1,NULL,NULL,NULL),(726,79,'Quechua','qu','qu_PE',NULL,NULL,0,137,NULL,0,0,0,NULL,NULL,NULL),(727,79,'Romansh','rm','rm_CH',NULL,NULL,0,138,NULL,0,0,0,NULL,NULL,NULL),(728,79,'Kirundi','rn','rn_BI',NULL,NULL,0,139,NULL,0,0,0,NULL,NULL,NULL),(729,79,'Romanian, Moldavian, Moldovan','ro','ro_RO',NULL,NULL,0,140,NULL,0,0,1,NULL,NULL,NULL),(730,79,'Russian','ru','ru_RU',NULL,NULL,0,141,NULL,0,0,1,NULL,NULL,NULL),(731,79,'Sanskrit','sa','sa_IN',NULL,NULL,0,142,NULL,0,0,0,NULL,NULL,NULL),(732,79,'Sardinian','sc','sc_IT',NULL,NULL,0,143,NULL,0,0,0,NULL,NULL,NULL),(733,79,'Sindhi','sd','sd_IN',NULL,NULL,0,144,NULL,0,0,0,NULL,NULL,NULL),(734,79,'Northern Sami','se','se_NO',NULL,NULL,0,145,NULL,0,0,0,NULL,NULL,NULL),(735,79,'Samoan','sm','sm_WS',NULL,NULL,0,146,NULL,0,0,0,NULL,NULL,NULL),(736,79,'Sango','sg','sg_CF',NULL,NULL,0,147,NULL,0,0,0,NULL,NULL,NULL),(737,79,'Serbian','sr','sr_RS',NULL,NULL,0,148,NULL,0,0,0,NULL,NULL,NULL),(738,79,'Scottish Gaelic; Gaelic','gd','gd_GB',NULL,NULL,0,149,NULL,0,0,0,NULL,NULL,NULL),(739,79,'Shona','sn','sn_ZW',NULL,NULL,0,150,NULL,0,0,0,NULL,NULL,NULL),(740,79,'Sinhala, Sinhalese','si','si_LK',NULL,NULL,0,151,NULL,0,0,0,NULL,NULL,NULL),(741,79,'Slovak','sk','sk_SK',NULL,NULL,0,152,NULL,0,0,1,NULL,NULL,NULL),(742,79,'Slovene','sl','sl_SI',NULL,NULL,0,153,NULL,0,0,1,NULL,NULL,NULL),(743,79,'Somali','so','so_SO',NULL,NULL,0,154,NULL,0,0,0,NULL,NULL,NULL),(744,79,'Southern Sotho','st','st_ZA',NULL,NULL,0,155,NULL,0,0,0,NULL,NULL,NULL),(745,79,'Spanish; Castilian (Spain)','es','es_ES',NULL,NULL,0,156,NULL,0,0,1,NULL,NULL,NULL),(746,79,'Spanish; Castilian (Mexico)','es','es_MX',NULL,NULL,0,157,NULL,0,0,1,NULL,NULL,NULL),(747,79,'Spanish; Castilian (Puerto Rico)','es','es_PR',NULL,NULL,0,158,NULL,0,0,1,NULL,NULL,NULL),(748,79,'Sundanese','su','su_ID',NULL,NULL,0,159,NULL,0,0,0,NULL,NULL,NULL),(749,79,'Swahili','sw','sw_TZ',NULL,NULL,0,160,NULL,0,0,0,NULL,NULL,NULL),(750,79,'Swati','ss','ss_ZA',NULL,NULL,0,161,NULL,0,0,0,NULL,NULL,NULL),(751,79,'Swedish','sv','sv_SE',NULL,NULL,0,162,NULL,0,0,1,NULL,NULL,NULL),(752,79,'Tamil','ta','ta_IN',NULL,NULL,0,163,NULL,0,0,0,NULL,NULL,NULL),(753,79,'Telugu','te','te_IN',NULL,NULL,0,164,NULL,0,0,1,NULL,NULL,NULL),(754,79,'Tajik','tg','tg_TJ',NULL,NULL,0,165,NULL,0,0,0,NULL,NULL,NULL),(755,79,'Thai','th','th_TH',NULL,NULL,0,166,NULL,0,0,1,NULL,NULL,NULL),(756,79,'Tigrinya','ti','ti_ET',NULL,NULL,0,167,NULL,0,0,0,NULL,NULL,NULL),(757,79,'Tibetan Standard, Tibetan, Central','bo','bo_CN',NULL,NULL,0,168,NULL,0,0,0,NULL,NULL,NULL),(758,79,'Turkmen','tk','tk_TM',NULL,NULL,0,169,NULL,0,0,0,NULL,NULL,NULL),(759,79,'Tagalog','tl','tl_PH',NULL,NULL,0,170,NULL,0,0,0,NULL,NULL,NULL),(760,79,'Tswana','tn','tn_ZA',NULL,NULL,0,171,NULL,0,0,0,NULL,NULL,NULL),(761,79,'Tonga (Tonga Islands)','to','to_TO',NULL,NULL,0,172,NULL,0,0,0,NULL,NULL,NULL),(762,79,'Turkish','tr','tr_TR',NULL,NULL,0,173,NULL,0,0,1,NULL,NULL,NULL),(763,79,'Tsonga','ts','ts_ZA',NULL,NULL,0,174,NULL,0,0,0,NULL,NULL,NULL),(764,79,'Tatar','tt','tt_RU',NULL,NULL,0,175,NULL,0,0,0,NULL,NULL,NULL),(765,79,'Twi','tw','tw_GH',NULL,NULL,0,176,NULL,0,0,0,NULL,NULL,NULL),(766,79,'Tahitian','ty','ty_PF',NULL,NULL,0,177,NULL,0,0,0,NULL,NULL,NULL),(767,79,'Uighur, Uyghur','ug','ug_CN',NULL,NULL,0,178,NULL,0,0,0,NULL,NULL,NULL),(768,79,'Ukrainian','uk','uk_UA',NULL,NULL,0,179,NULL,0,0,0,NULL,NULL,NULL),(769,79,'Urdu','ur','ur_PK',NULL,NULL,0,180,NULL,0,0,0,NULL,NULL,NULL),(770,79,'Uzbek','uz','uz_UZ',NULL,NULL,0,181,NULL,0,0,0,NULL,NULL,NULL),(771,79,'Venda','ve','ve_ZA',NULL,NULL,0,182,NULL,0,0,0,NULL,NULL,NULL),(772,79,'Vietnamese','vi','vi_VN',NULL,NULL,0,183,NULL,0,0,1,NULL,NULL,NULL),(773,79,'Volapk','vo','vo_XX',NULL,NULL,0,184,NULL,0,0,0,NULL,NULL,NULL),(774,79,'Walloon','wa','wa_BE',NULL,NULL,0,185,NULL,0,0,0,NULL,NULL,NULL),(775,79,'Welsh','cy','cy_GB',NULL,NULL,0,186,NULL,0,0,0,NULL,NULL,NULL),(776,79,'Wolof','wo','wo_SN',NULL,NULL,0,187,NULL,0,0,0,NULL,NULL,NULL),(777,79,'Western Frisian','fy','fy_NL',NULL,NULL,0,188,NULL,0,0,0,NULL,NULL,NULL),(778,79,'Xhosa','xh','xh_ZA',NULL,NULL,0,189,NULL,0,0,0,NULL,NULL,NULL),(779,79,'Yiddish','yi','yi_US',NULL,NULL,0,190,NULL,0,0,0,NULL,NULL,NULL),(780,79,'Yoruba','yo','yo_NG',NULL,NULL,0,191,NULL,0,0,0,NULL,NULL,NULL),(781,79,'Zhuang, Chuang','za','za_CN',NULL,NULL,0,192,NULL,0,0,0,NULL,NULL,NULL),(782,79,'Zulu','zu','zu_ZA',NULL,NULL,0,193,NULL,0,0,0,NULL,NULL,NULL),(783,80,'In Person','1','in_person',NULL,0,0,1,NULL,0,1,1,NULL,NULL,NULL),(784,80,'Phone','2','phone',NULL,0,1,2,NULL,0,1,1,NULL,NULL,NULL),(785,80,'Email','3','email',NULL,0,0,3,NULL,0,1,1,NULL,NULL,NULL),(786,80,'Fax','4','fax',NULL,0,0,4,NULL,0,1,1,NULL,NULL,NULL),(787,80,'Letter Mail','5','letter_mail',NULL,0,0,5,NULL,0,1,1,NULL,NULL,NULL),(788,81,'Cases - Send Copy of an Activity','1','case_activity',NULL,NULL,0,1,NULL,0,0,1,NULL,NULL,NULL),(789,82,'Contributions - Duplicate Organization Alert','1','contribution_dupalert',NULL,NULL,0,1,NULL,0,0,1,NULL,NULL,NULL),(790,82,'Contributions - Receipt (off-line)','2','contribution_offline_receipt',NULL,NULL,0,2,NULL,0,0,1,NULL,NULL,NULL),(791,82,'Contributions - Receipt (on-line)','3','contribution_online_receipt',NULL,NULL,0,3,NULL,0,0,1,NULL,NULL,NULL),(792,82,'Contributions - Invoice','4','contribution_invoice_receipt',NULL,NULL,0,4,NULL,0,0,1,NULL,NULL,NULL),(793,82,'Contributions - Recurring Start and End Notification','5','contribution_recurring_notify',NULL,NULL,0,5,NULL,0,0,1,NULL,NULL,NULL),(794,82,'Contributions - Recurring Cancellation Notification','6','contribution_recurring_cancelled',NULL,NULL,0,6,NULL,0,0,1,NULL,NULL,NULL),(795,82,'Contributions - Recurring Billing Updates','7','contribution_recurring_billing',NULL,NULL,0,7,NULL,0,0,1,NULL,NULL,NULL),(796,82,'Contributions - Recurring Updates','8','contribution_recurring_edit',NULL,NULL,0,8,NULL,0,0,1,NULL,NULL,NULL),(797,82,'Personal Campaign Pages - Admin Notification','9','pcp_notify',NULL,NULL,0,9,NULL,0,0,1,NULL,NULL,NULL),(798,82,'Personal Campaign Pages - Supporter Status Change Notification','10','pcp_status_change',NULL,NULL,0,10,NULL,0,0,1,NULL,NULL,NULL),(799,82,'Personal Campaign Pages - Supporter Welcome','11','pcp_supporter_notify',NULL,NULL,0,11,NULL,0,0,1,NULL,NULL,NULL),(800,82,'Personal Campaign Pages - Owner Notification','12','pcp_owner_notify',NULL,NULL,0,12,NULL,0,0,1,NULL,NULL,NULL),(801,82,'Additional Payment Receipt or Refund Notification','13','payment_or_refund_notification',NULL,NULL,0,13,NULL,0,0,1,NULL,NULL,NULL),(802,83,'Events - Registration Confirmation and Receipt (off-line)','1','event_offline_receipt',NULL,NULL,0,1,NULL,0,0,1,NULL,NULL,NULL),(803,83,'Events - Registration Confirmation and Receipt (on-line)','2','event_online_receipt',NULL,NULL,0,2,NULL,0,0,1,NULL,NULL,NULL),(804,83,'Events - Receipt only','3','event_registration_receipt',NULL,NULL,0,3,NULL,0,0,1,NULL,NULL,NULL),(805,83,'Events - Registration Cancellation Notice','4','participant_cancelled',NULL,NULL,0,4,NULL,0,0,1,NULL,NULL,NULL),(806,83,'Events - Registration Confirmation Invite','5','participant_confirm',NULL,NULL,0,5,NULL,0,0,1,NULL,NULL,NULL),(807,83,'Events - Pending Registration Expiration Notice','6','participant_expired',NULL,NULL,0,6,NULL,0,0,1,NULL,NULL,NULL),(808,83,'Events - Registration Transferred Notice','7','participant_transferred',NULL,NULL,0,7,NULL,0,0,1,NULL,NULL,NULL),(809,84,'Tell-a-Friend Email','1','friend',NULL,NULL,0,1,NULL,0,0,1,NULL,NULL,NULL),(810,85,'Memberships - Signup and Renewal Receipts (off-line)','1','membership_offline_receipt',NULL,NULL,0,1,NULL,0,0,1,NULL,NULL,NULL),(811,85,'Memberships - Receipt (on-line)','2','membership_online_receipt',NULL,NULL,0,2,NULL,0,0,1,NULL,NULL,NULL),(812,85,'Memberships - Auto-renew Cancellation Notification','3','membership_autorenew_cancelled',NULL,NULL,0,3,NULL,0,0,1,NULL,NULL,NULL),(813,85,'Memberships - Auto-renew Billing Updates','4','membership_autorenew_billing',NULL,NULL,0,4,NULL,0,0,1,NULL,NULL,NULL),(814,86,'Test-drive - Receipt Header','1','test_preview',NULL,NULL,0,1,NULL,0,0,1,NULL,NULL,NULL),(815,87,'Pledges - Acknowledgement','1','pledge_acknowledge',NULL,NULL,0,1,NULL,0,0,1,NULL,NULL,NULL),(816,87,'Pledges - Payment Reminder','2','pledge_reminder',NULL,NULL,0,2,NULL,0,0,1,NULL,NULL,NULL),(817,88,'Profiles - Admin Notification','1','uf_notify',NULL,NULL,0,1,NULL,0,0,1,NULL,NULL,NULL),(818,89,'Petition - signature added','1','petition_sign',NULL,NULL,0,1,NULL,0,0,1,NULL,NULL,NULL),(819,89,'Petition - need verification','2','petition_confirmation_needed',NULL,NULL,0,2,NULL,0,0,1,NULL,NULL,NULL),(820,90,'In Honor of','1','in_honor_of',NULL,NULL,0,1,NULL,0,1,1,NULL,NULL,NULL),(821,90,'In Memory of','2','in_memory_of',NULL,NULL,0,2,NULL,0,1,1,NULL,NULL,NULL),(822,90,'Solicited','3','solicited',NULL,NULL,1,3,NULL,0,1,1,NULL,NULL,NULL),(823,90,'Household','4','household',NULL,NULL,0,4,NULL,0,0,1,NULL,NULL,NULL),(824,90,'Workplace Giving','5','workplace',NULL,NULL,0,5,NULL,0,0,1,NULL,NULL,NULL),(825,90,'Foundation Affiliate','6','foundation_affiliate',NULL,NULL,0,6,NULL,0,0,1,NULL,NULL,NULL),(826,90,'3rd-party Service','7','3rd-party_service',NULL,NULL,0,7,NULL,0,0,1,NULL,NULL,NULL),(827,90,'Donor-advised Fund','8','donor-advised_fund',NULL,NULL,0,8,NULL,0,0,1,NULL,NULL,NULL),(828,90,'Matched Gift','9','matched_gift',NULL,NULL,0,9,NULL,0,0,1,NULL,NULL,NULL),(829,90,'Personal Campaign Page','10','pcp',NULL,NULL,0,10,NULL,0,1,1,NULL,NULL,NULL),(830,90,'Gift','11','gift',NULL,NULL,0,11,NULL,0,1,1,NULL,NULL,NULL),(831,2,'Interview','53','Interview',NULL,0,NULL,53,'Conduct a phone or in person interview.',0,0,1,NULL,NULL,NULL);
/*!40000 ALTER TABLE `civicrm_option_value` ENABLE KEYS */;
UNLOCK TABLES;

--
-- Dumping data for table `civicrm_participant`
--

LOCK TABLES `civicrm_participant` WRITE;
/*!40000 ALTER TABLE `civicrm_participant` DISABLE KEYS */;
INSERT INTO `civicrm_participant` (`id`, `contact_id`, `event_id`, `status_id`, `role_id`, `register_date`, `source`, `fee_level`, `is_test`, `is_pay_later`, `fee_amount`, `registered_by_id`, `discount_id`, `fee_currency`, `campaign_id`, `discount_amount`, `cart_id`, `must_wait`, `transferred_to_contact_id`) VALUES (1,33,1,1,'1','2009-01-21 00:00:00','Check','Single',0,0,50.00,NULL,NULL,'USD',NULL,NULL,NULL,NULL,NULL),(2,111,2,2,'2','2008-05-07 00:00:00','Credit Card','Soprano',0,0,50.00,NULL,NULL,'USD',NULL,NULL,NULL,NULL,NULL),(3,5,3,3,'3','2008-05-05 00:00:00','Credit Card','Tiny-tots (ages 5-8)',0,0,800.00,NULL,NULL,'USD',NULL,NULL,NULL,NULL,NULL),(4,185,1,4,'4','2008-10-21 00:00:00','Direct Transfer','Single',0,0,50.00,NULL,NULL,'USD',NULL,NULL,NULL,NULL,NULL),(5,115,2,1,'1','2008-01-10 00:00:00','Check','Soprano',0,0,50.00,NULL,NULL,'USD',NULL,NULL,NULL,NULL,NULL),(6,19,3,2,'2','2008-03-05 00:00:00','Direct Transfer','Tiny-tots (ages 5-8)',0,0,800.00,NULL,NULL,'USD',NULL,NULL,NULL,NULL,NULL),(7,86,1,3,'3','2009-07-21 00:00:00','Direct Transfer','Single',0,0,50.00,NULL,NULL,'USD',NULL,NULL,NULL,NULL,NULL),(8,101,2,4,'4','2009-03-07 00:00:00','Credit Card','Soprano',0,0,50.00,NULL,NULL,'USD',NULL,NULL,NULL,NULL,NULL),(9,188,3,1,'1','2008-02-05 00:00:00','Direct Transfer','Tiny-tots (ages 5-8)',0,0,800.00,NULL,NULL,'USD',NULL,NULL,NULL,NULL,NULL),(10,77,1,2,'2','2008-02-01 00:00:00','Check','Single',0,0,50.00,NULL,NULL,'USD',NULL,NULL,NULL,NULL,NULL),(11,194,2,3,'3','2009-01-10 00:00:00','Direct Transfer','Soprano',0,0,50.00,NULL,NULL,'USD',NULL,NULL,NULL,NULL,NULL),(12,85,3,4,'4','2009-03-06 00:00:00','Credit Card','Tiny-tots (ages 5-8)',0,0,800.00,NULL,NULL,'USD',NULL,NULL,NULL,NULL,NULL),(13,32,1,1,'2','2008-06-04 00:00:00','Credit Card','Single',0,0,50.00,NULL,NULL,'USD',NULL,NULL,NULL,NULL,NULL),(14,134,2,2,'3','2008-01-10 00:00:00','Direct Transfer','Soprano',0,0,50.00,NULL,NULL,'USD',NULL,NULL,NULL,NULL,NULL),(15,87,3,4,'1','2008-07-04 00:00:00','Check','Tiny-tots (ages 5-8)',0,0,800.00,NULL,NULL,'USD',NULL,NULL,NULL,NULL,NULL),(16,13,1,4,'2','2009-01-21 00:00:00','Credit Card','Single',0,0,50.00,NULL,NULL,'USD',NULL,NULL,NULL,NULL,NULL),(17,29,2,2,'3','2008-01-10 00:00:00','Credit Card','Soprano',0,0,50.00,NULL,NULL,'USD',NULL,NULL,NULL,NULL,NULL),(18,167,3,3,'1','2009-03-05 00:00:00','Credit Card','Tiny-tots (ages 5-8)',0,0,800.00,NULL,NULL,'USD',NULL,NULL,NULL,NULL,NULL),(19,193,1,2,'1','2008-10-21 00:00:00','Direct Transfer','Single',0,0,50.00,NULL,NULL,'USD',NULL,NULL,NULL,NULL,NULL),(20,155,2,4,'1','2009-01-10 00:00:00','Credit Card','Soprano',0,0,50.00,NULL,NULL,'USD',NULL,NULL,NULL,NULL,NULL),(21,160,3,1,'4','2008-03-25 00:00:00','Check','Tiny-tots (ages 5-8)',0,0,800.00,NULL,NULL,'USD',NULL,NULL,NULL,NULL,NULL),(22,49,1,2,'3','2009-10-21 00:00:00','Direct Transfer','Single',0,0,50.00,NULL,NULL,'USD',NULL,NULL,NULL,NULL,NULL),(23,93,2,4,'1','2008-01-10 00:00:00','Direct Transfer','Soprano',0,0,50.00,NULL,NULL,'USD',NULL,NULL,NULL,NULL,NULL),(24,28,3,3,'1','2008-03-11 00:00:00','Credit Card','Tiny-tots (ages 5-8)',0,0,800.00,NULL,NULL,'USD',NULL,NULL,NULL,NULL,NULL),(25,81,3,2,'2','2008-04-05 00:00:00','Direct Transfer','Tiny-tots (ages 5-8)',0,0,800.00,NULL,NULL,'USD',NULL,NULL,NULL,NULL,NULL),(26,131,1,1,'1','2009-01-21 00:00:00','Check','Single',0,0,50.00,NULL,NULL,'USD',NULL,NULL,NULL,NULL,NULL),(27,66,2,2,'2','2008-05-07 00:00:00','Credit Card','Soprano',0,0,50.00,NULL,NULL,'USD',NULL,NULL,NULL,NULL,NULL),(28,12,3,3,'3','2009-12-12 00:00:00','Direct Transfer','Tiny-tots (ages 5-8)',0,0,800.00,NULL,NULL,'USD',NULL,NULL,NULL,NULL,NULL),(29,112,1,4,'4','2009-12-13 00:00:00','Credit Card','Single',0,0,50.00,NULL,NULL,'USD',NULL,NULL,NULL,NULL,NULL),(30,30,2,1,'1','2009-12-14 00:00:00','Direct Transfer','Soprano',0,0,50.00,NULL,NULL,'USD',NULL,NULL,NULL,NULL,NULL),(31,127,3,2,'2','2009-12-15 00:00:00','Credit Card','Tiny-tots (ages 5-8)',0,0,800.00,NULL,NULL,'USD',NULL,NULL,NULL,NULL,NULL),(32,154,1,3,'3','2009-07-21 00:00:00','Check','Single',0,0,50.00,NULL,NULL,'USD',NULL,NULL,NULL,NULL,NULL),(33,136,2,4,'4','2009-03-07 00:00:00','Direct Transfer','Soprano',0,0,50.00,NULL,NULL,'USD',NULL,NULL,NULL,NULL,NULL),(34,45,3,1,'1','2009-12-15 00:00:00','Credit Card','Tiny-tots (ages 5-8)',0,0,800.00,NULL,NULL,'USD',NULL,NULL,NULL,NULL,NULL),(35,179,1,2,'2','2009-12-13 00:00:00','Direct Transfer','Single',0,0,50.00,NULL,NULL,'USD',NULL,NULL,NULL,NULL,NULL),(36,181,2,3,'3','2009-01-10 00:00:00','Direct Transfer','Soprano',0,0,50.00,NULL,NULL,'USD',NULL,NULL,NULL,NULL,NULL),(37,47,3,4,'4','2009-03-06 00:00:00','Check','Tiny-tots (ages 5-8)',0,0,800.00,NULL,NULL,'USD',NULL,NULL,NULL,NULL,NULL),(38,7,1,1,'2','2009-12-13 00:00:00','Direct Transfer','Single',0,0,50.00,NULL,NULL,'USD',NULL,NULL,NULL,NULL,NULL),(39,91,2,2,'3','2008-01-10 00:00:00','Direct Transfer','Soprano',0,0,50.00,NULL,NULL,'USD',NULL,NULL,NULL,NULL,NULL),(40,114,3,4,'1','2009-12-14 00:00:00','Credit Card','Tiny-tots (ages 5-8)',0,0,800.00,NULL,NULL,'USD',NULL,NULL,NULL,NULL,NULL),(41,130,1,4,'2','2009-01-21 00:00:00','Credit Card','Single',0,0,50.00,NULL,NULL,'USD',NULL,NULL,NULL,NULL,NULL),(42,43,2,2,'3','2009-12-15 00:00:00','Credit Card','Soprano',0,0,50.00,NULL,NULL,'USD',NULL,NULL,NULL,NULL,NULL),(43,69,3,3,'1','2009-03-05 00:00:00','Credit Card','Tiny-tots (ages 5-8)',0,0,800.00,NULL,NULL,'USD',NULL,NULL,NULL,NULL,NULL),(44,173,1,2,'1','2009-12-13 00:00:00','Direct Transfer','Single',0,0,50.00,NULL,NULL,'USD',NULL,NULL,NULL,NULL,NULL),(45,75,2,4,'1','2009-01-10 00:00:00','Direct Transfer','Soprano',0,0,50.00,NULL,NULL,'USD',NULL,NULL,NULL,NULL,NULL),(46,110,3,1,'4','2009-12-13 00:00:00','Check','Tiny-tots (ages 5-8)',0,0,800.00,NULL,NULL,'USD',NULL,NULL,NULL,NULL,NULL),(47,166,1,2,'3','2009-10-21 00:00:00','Credit Card','Single',0,0,50.00,NULL,NULL,'USD',NULL,NULL,NULL,NULL,NULL),(48,14,2,4,'1','2009-12-10 00:00:00','Credit Card','Soprano',0,0,50.00,NULL,NULL,'USD',NULL,NULL,NULL,NULL,NULL),(49,184,3,3,'1','2009-03-11 00:00:00','Credit Card','Tiny-tots (ages 5-8)',0,0,800.00,NULL,NULL,'USD',NULL,NULL,NULL,NULL,NULL),(50,142,3,2,'2','2009-04-05 00:00:00','Check','Tiny-tots (ages 5-8)',0,0,800.00,NULL,NULL,'USD',NULL,NULL,NULL,NULL,NULL);
/*!40000 ALTER TABLE `civicrm_participant` ENABLE KEYS */;
UNLOCK TABLES;

--
-- Dumping data for table `civicrm_participant_payment`
--

LOCK TABLES `civicrm_participant_payment` WRITE;
/*!40000 ALTER TABLE `civicrm_participant_payment` DISABLE KEYS */;
INSERT INTO `civicrm_participant_payment` (`id`, `participant_id`, `contribution_id`) VALUES (1,3,45),(2,38,46),(3,28,47),(4,16,48),(5,48,49),(6,6,50),(7,24,51),(8,17,52),(9,30,53),(10,13,54),(11,1,55),(12,42,56),(13,34,57),(14,37,58),(15,22,59),(16,27,60),(17,43,61),(18,45,62),(19,10,63),(20,25,64),(21,12,65),(22,7,66),(23,15,67),(24,39,68),(25,23,69),(26,8,70),(27,46,71),(28,2,72),(29,29,73),(30,40,74),(31,5,75),(32,31,76),(33,41,77),(34,26,78),(35,14,79),(36,33,80),(37,50,81),(38,32,82),(39,20,83),(40,21,84),(41,47,85),(42,18,86),(43,44,87),(44,35,88),(45,36,89),(46,49,90),(47,4,91),(48,9,92),(49,19,93),(50,11,94);
/*!40000 ALTER TABLE `civicrm_participant_payment` ENABLE KEYS */;
UNLOCK TABLES;

--
-- Dumping data for table `civicrm_participant_status_type`
--

LOCK TABLES `civicrm_participant_status_type` WRITE;
/*!40000 ALTER TABLE `civicrm_participant_status_type` DISABLE KEYS */;
INSERT INTO `civicrm_participant_status_type` (`id`, `name`, `label`, `class`, `is_reserved`, `is_active`, `is_counted`, `weight`, `visibility_id`) VALUES (1,'Registered','Registered','Positive',1,1,1,1,1),(2,'Attended','Attended','Positive',0,1,1,2,2),(3,'No-show','No-show','Negative',0,1,0,3,2),(4,'Cancelled','Cancelled','Negative',1,1,0,4,2),(5,'Pending from pay later','Pending (pay later)','Pending',1,1,1,5,2),(6,'Pending from incomplete transaction','Pending (incomplete transaction)','Pending',1,1,0,6,2),(7,'On waitlist','On waitlist','Waiting',1,0,0,7,2),(8,'Awaiting approval','Awaiting approval','Waiting',1,0,1,8,2),(9,'Pending from waitlist','Pending from waitlist','Pending',1,0,1,9,2),(10,'Pending from approval','Pending from approval','Pending',1,0,1,10,2),(11,'Rejected','Rejected','Negative',1,0,0,11,2),(12,'Expired','Expired','Negative',1,1,0,12,2),(13,'Pending in cart','Pending in cart','Pending',1,1,0,13,2),(14,'Partially paid','Partially paid','Positive',1,1,1,14,2),(15,'Pending refund','Pending refund','Positive',1,1,1,15,2),(16,'Transferred','Transferred','Negative',1,1,0,16,2);
/*!40000 ALTER TABLE `civicrm_participant_status_type` ENABLE KEYS */;
UNLOCK TABLES;

--
-- Dumping data for table `civicrm_payment_processor`
--

LOCK TABLES `civicrm_payment_processor` WRITE;
/*!40000 ALTER TABLE `civicrm_payment_processor` DISABLE KEYS */;
/*!40000 ALTER TABLE `civicrm_payment_processor` ENABLE KEYS */;
UNLOCK TABLES;

--
-- Dumping data for table `civicrm_payment_processor_type`
--

LOCK TABLES `civicrm_payment_processor_type` WRITE;
/*!40000 ALTER TABLE `civicrm_payment_processor_type` DISABLE KEYS */;
INSERT INTO `civicrm_payment_processor_type` (`id`, `name`, `title`, `description`, `is_active`, `is_default`, `user_name_label`, `password_label`, `signature_label`, `subject_label`, `class_name`, `url_site_default`, `url_api_default`, `url_recur_default`, `url_button_default`, `url_site_test_default`, `url_api_test_default`, `url_recur_test_default`, `url_button_test_default`, `billing_mode`, `is_recur`, `payment_type`, `payment_instrument_id`) VALUES (1,'PayPal_Standard','PayPal - Website Payments Standard',NULL,1,0,'Merchant Account Email',NULL,NULL,NULL,'Payment_PayPalImpl','https://www.paypal.com/',NULL,'https://www.paypal.com/',NULL,'https://www.sandbox.paypal.com/',NULL,'https://www.sandbox.paypal.com/',NULL,4,1,1,1),(2,'PayPal','PayPal - Website Payments Pro',NULL,1,0,'User Name','Password','Signature',NULL,'Payment_PayPalImpl','https://www.paypal.com/','https://api-3t.paypal.com/','https://www.paypal.com/','https://www.paypal.com/en_US/i/btn/btn_xpressCheckout.gif','https://www.sandbox.paypal.com/','https://api-3t.sandbox.paypal.com/','https://www.sandbox.paypal.com/','https://www.paypal.com/en_US/i/btn/btn_xpressCheckout.gif',3,1,1,1),(3,'PayPal_Express','PayPal - Express',NULL,1,0,'User Name','Password','Signature',NULL,'Payment_PayPalImpl','https://www.paypal.com/','https://api-3t.paypal.com/',NULL,'https://www.paypal.com/en_US/i/btn/btn_xpressCheckout.gif','https://www.sandbox.paypal.com/','https://api-3t.sandbox.paypal.com/',NULL,'https://www.paypal.com/en_US/i/btn/btn_xpressCheckout.gif',2,1,1,1),(4,'Google_Checkout','Google Checkout',NULL,1,0,'Merchant ID','Key',NULL,NULL,'Payment_Google','https://checkout.google.com/',NULL,'https://checkout.google.com/','https://checkout.google.com/buttons/checkout.gif?merchant_id=YOURMERCHANTIDHERE&w=160&h=43&style=white&variant=text&loc=en_US','https://sandbox.google.com/checkout/',NULL,'https://sandbox.google.com/checkout/','https://sandbox.google.com/checkout/buttons/checkout.gif?merchant_id=YOURMERCHANTIDHERE&w=160&h=43&style=white&variant=text&loc=en_US',4,1,1,1),(5,'AuthNet','Authorize.Net',NULL,1,0,'API Login','Payment Key','MD5 Hash',NULL,'Payment_AuthorizeNet','https://secure2.authorize.net/gateway/transact.dll',NULL,'https://api2.authorize.net/xml/v1/request.api',NULL,'https://test.authorize.net/gateway/transact.dll',NULL,'https://apitest.authorize.net/xml/v1/request.api',NULL,1,1,1,1),(6,'PayJunction','PayJunction',NULL,1,0,'User Name','Password',NULL,NULL,'Payment_PayJunction','https://payjunction.com/quick_link',NULL,NULL,NULL,'https://www.payjunctionlabs.com/quick_link',NULL,NULL,NULL,1,1,1,1),(7,'eWAY','eWAY (Single Currency)',NULL,1,0,'Customer ID',NULL,NULL,NULL,'Payment_eWAY','https://www.eway.com.au/gateway_cvn/xmlpayment.asp',NULL,NULL,NULL,'https://www.eway.com.au/gateway_cvn/xmltest/testpage.asp',NULL,NULL,NULL,1,0,1,1),(8,'Payment_Express','DPS Payment Express',NULL,1,0,'User ID','Key','Mac Key - pxaccess only',NULL,'Payment_PaymentExpress','https://www.paymentexpress.com/pleaseenteraurl',NULL,NULL,NULL,'https://www.paymentexpress.com/pleaseenteratesturl',NULL,NULL,NULL,4,0,1,1),(9,'Dummy','Dummy Payment Processor',NULL,1,1,'User Name',NULL,NULL,NULL,'Payment_Dummy',NULL,NULL,NULL,NULL,NULL,NULL,NULL,NULL,1,1,1,1),(10,'Elavon','Elavon Payment Processor','Elavon / Nova Virtual Merchant',1,0,'SSL Merchant ID ','SSL User ID','SSL PIN',NULL,'Payment_Elavon','https://www.myvirtualmerchant.com/VirtualMerchant/processxml.do',NULL,NULL,NULL,'https://www.myvirtualmerchant.com/VirtualMerchant/processxml.do',NULL,NULL,NULL,1,0,1,1),(11,'Realex','Realex Payment',NULL,1,0,'Merchant ID','Password',NULL,'Account','Payment_Realex','https://epage.payandshop.com/epage.cgi',NULL,NULL,NULL,'https://epage.payandshop.com/epage-remote.cgi',NULL,NULL,NULL,1,0,1,1),(12,'PayflowPro','PayflowPro',NULL,1,0,'Vendor ID','Password','Partner (merchant)','User','Payment_PayflowPro','https://Payflowpro.paypal.com',NULL,NULL,NULL,'https://pilot-Payflowpro.paypal.com',NULL,NULL,NULL,1,0,1,1),(13,'FirstData','FirstData (aka linkpoint)','FirstData (aka linkpoint)',1,0,'Store name','certificate path',NULL,NULL,'Payment_FirstData','https://secure.linkpt.net',NULL,NULL,NULL,'https://staging.linkpt.net',NULL,NULL,NULL,1,NULL,1,1);
/*!40000 ALTER TABLE `civicrm_payment_processor_type` ENABLE KEYS */;
UNLOCK TABLES;

--
-- Dumping data for table `civicrm_payment_token`
--

LOCK TABLES `civicrm_payment_token` WRITE;
/*!40000 ALTER TABLE `civicrm_payment_token` DISABLE KEYS */;
/*!40000 ALTER TABLE `civicrm_payment_token` ENABLE KEYS */;
UNLOCK TABLES;

--
-- Dumping data for table `civicrm_pcp`
--

LOCK TABLES `civicrm_pcp` WRITE;
/*!40000 ALTER TABLE `civicrm_pcp` DISABLE KEYS */;
INSERT INTO `civicrm_pcp` (`id`, `contact_id`, `status_id`, `title`, `intro_text`, `page_text`, `donate_link_text`, `page_id`, `page_type`, `pcp_block_id`, `is_thermometer`, `is_honor_roll`, `goal_amount`, `currency`, `is_active`, `is_notify`) VALUES (1,111,2,'My Personal Civi Fundraiser','I\'m on a mission to get all my friends and family to help support my favorite open-source civic sector CRM.','<p>Friends and family - please help build much needed infrastructure for the civic sector by supporting my personal campaign!</p>\r\n<p><a href=\"https://civicrm.org\">You can learn more about CiviCRM here</a>.</p>\r\n<p>Then click the <strong>Contribute Now</strong> button to go to our easy-to-use online contribution form.</p>','Contribute Now',1,'contribute',1,1,1,5000.00,'USD',1,1);
/*!40000 ALTER TABLE `civicrm_pcp` ENABLE KEYS */;
UNLOCK TABLES;

--
-- Dumping data for table `civicrm_pcp_block`
--

LOCK TABLES `civicrm_pcp_block` WRITE;
/*!40000 ALTER TABLE `civicrm_pcp_block` DISABLE KEYS */;
INSERT INTO `civicrm_pcp_block` (`id`, `entity_table`, `entity_id`, `target_entity_type`, `target_entity_id`, `supporter_profile_id`, `owner_notify_id`, `is_approval_needed`, `is_tellfriend_enabled`, `tellfriend_limit`, `link_text`, `is_active`, `notify_email`) VALUES (1,'civicrm_contribution_page',1,'contribute',1,2,1,1,1,5,'Create your own Personal Campaign Page!',1,NULL);
/*!40000 ALTER TABLE `civicrm_pcp_block` ENABLE KEYS */;
UNLOCK TABLES;

--
-- Dumping data for table `civicrm_persistent`
--

LOCK TABLES `civicrm_persistent` WRITE;
/*!40000 ALTER TABLE `civicrm_persistent` DISABLE KEYS */;
/*!40000 ALTER TABLE `civicrm_persistent` ENABLE KEYS */;
UNLOCK TABLES;

--
-- Dumping data for table `civicrm_phone`
--

LOCK TABLES `civicrm_phone` WRITE;
/*!40000 ALTER TABLE `civicrm_phone` DISABLE KEYS */;
INSERT INTO `civicrm_phone` (`id`, `contact_id`, `location_type_id`, `is_primary`, `is_billing`, `mobile_provider_id`, `phone`, `phone_ext`, `phone_numeric`, `phone_type_id`) VALUES (1,191,1,1,0,NULL,'451-7113',NULL,'4517113',1),(2,179,1,1,0,NULL,'(530) 670-3807',NULL,'5306703807',2),(3,200,1,1,0,NULL,'(734) 241-9858',NULL,'7342419858',1),(4,200,1,0,0,NULL,'(296) 771-4609',NULL,'2967714609',2),(5,171,1,1,0,NULL,'(667) 551-4424',NULL,'6675514424',2),(6,140,1,1,0,NULL,'(579) 801-4849',NULL,'5798014849',1),(7,164,1,1,0,NULL,'737-7464',NULL,'7377464',2),(8,164,1,0,0,NULL,'(641) 303-6402',NULL,'6413036402',1),(9,41,1,1,0,NULL,'651-9434',NULL,'6519434',1),(10,79,1,1,0,NULL,'(427) 592-4930',NULL,'4275924930',1),(11,79,1,0,0,NULL,'(889) 248-2681',NULL,'8892482681',1),(12,127,1,1,0,NULL,'244-9206',NULL,'2449206',1),(13,156,1,1,0,NULL,'(896) 441-6119',NULL,'8964416119',1),(14,156,1,0,0,NULL,'(645) 248-8850',NULL,'6452488850',1),(15,73,1,1,0,NULL,'(476) 805-5496',NULL,'4768055496',1),(16,70,1,1,0,NULL,'271-5966',NULL,'2715966',1),(17,70,1,0,0,NULL,'(436) 543-9887',NULL,'4365439887',2),(18,50,1,1,0,NULL,'(784) 618-3148',NULL,'7846183148',2),(19,50,1,0,0,NULL,'(482) 665-1545',NULL,'4826651545',1),(20,82,1,1,0,NULL,'535-4108',NULL,'5354108',2),(21,82,1,0,0,NULL,'(206) 202-7881',NULL,'2062027881',2),(22,183,1,1,0,NULL,'881-3038',NULL,'8813038',1),(23,183,1,0,0,NULL,'(500) 442-8264',NULL,'5004428264',1),(24,49,1,1,0,NULL,'616-6152',NULL,'6166152',1),(25,49,1,0,0,NULL,'508-3684',NULL,'5083684',2),(26,107,1,1,0,NULL,'406-6757',NULL,'4066757',1),(27,107,1,0,0,NULL,'(585) 781-3322',NULL,'5857813322',2),(28,83,1,1,0,NULL,'228-1401',NULL,'2281401',1),(29,83,1,0,0,NULL,'(500) 866-6234',NULL,'5008666234',1),(30,40,1,1,0,NULL,'470-1113',NULL,'4701113',2),(31,40,1,0,0,NULL,'739-9984',NULL,'7399984',2),(32,148,1,1,0,NULL,'611-8058',NULL,'6118058',1),(33,148,1,0,0,NULL,'(351) 636-8232',NULL,'3516368232',1),(34,119,1,1,0,NULL,'895-5679',NULL,'8955679',1),(35,119,1,0,0,NULL,'(272) 311-3076',NULL,'2723113076',1),(36,86,1,1,0,NULL,'802-1032',NULL,'8021032',2),(37,67,1,1,0,NULL,'(319) 781-3046',NULL,'3197813046',1),(38,67,1,0,0,NULL,'731-9001',NULL,'7319001',1),(39,93,1,1,0,NULL,'239-2269',NULL,'2392269',2),(40,93,1,0,0,NULL,'824-1294',NULL,'8241294',2),(41,167,1,1,0,NULL,'890-4546',NULL,'8904546',1),(42,167,1,0,0,NULL,'355-6187',NULL,'3556187',1),(43,165,1,1,0,NULL,'(562) 575-9728',NULL,'5625759728',1),(44,165,1,0,0,NULL,'(898) 516-1779',NULL,'8985161779',2),(45,22,1,1,0,NULL,'(370) 612-5632',NULL,'3706125632',2),(46,193,1,1,0,NULL,'723-1348',NULL,'7231348',1),(47,193,1,0,0,NULL,'(811) 584-1840',NULL,'8115841840',1),(48,97,1,1,0,NULL,'879-5592',NULL,'8795592',1),(49,97,1,0,0,NULL,'353-2876',NULL,'3532876',2),(50,53,1,1,0,NULL,'(729) 433-9177',NULL,'7294339177',2),(51,53,1,0,0,NULL,'520-4982',NULL,'5204982',1),(52,176,1,1,0,NULL,'(493) 399-8862',NULL,'4933998862',2),(53,56,1,1,0,NULL,'861-8254',NULL,'8618254',1),(54,94,1,1,0,NULL,'669-3138',NULL,'6693138',1),(55,114,1,1,0,NULL,'(250) 364-6288',NULL,'2503646288',2),(56,114,1,0,0,NULL,'737-6227',NULL,'7376227',2),(57,90,1,1,0,NULL,'627-4373',NULL,'6274373',2),(58,90,1,0,0,NULL,'738-1226',NULL,'7381226',1),(59,142,1,1,0,NULL,'(353) 211-3867',NULL,'3532113867',1),(60,173,1,1,0,NULL,'(205) 801-8752',NULL,'2058018752',2),(61,173,1,0,0,NULL,'746-6540',NULL,'7466540',1),(62,195,1,1,0,NULL,'229-9711',NULL,'2299711',1),(63,195,1,0,0,NULL,'800-9850',NULL,'8009850',2),(64,104,1,1,0,NULL,'(373) 445-1420',NULL,'3734451420',1),(65,104,1,0,0,NULL,'571-8120',NULL,'5718120',1),(66,184,1,1,0,NULL,'203-1298',NULL,'2031298',1),(67,172,1,1,0,NULL,'419-8649',NULL,'4198649',2),(68,172,1,0,0,NULL,'(817) 675-4597',NULL,'8176754597',1),(69,3,1,1,0,NULL,'829-2694',NULL,'8292694',2),(70,48,1,1,0,NULL,'(393) 602-6525',NULL,'3936026525',2),(71,48,1,0,0,NULL,'703-8138',NULL,'7038138',1),(72,11,1,1,0,NULL,'534-6532',NULL,'5346532',2),(73,11,1,0,0,NULL,'212-5173',NULL,'2125173',2),(74,132,1,1,0,NULL,'(231) 699-4998',NULL,'2316994998',1),(75,120,1,1,0,NULL,'535-2894',NULL,'5352894',2),(76,198,1,1,0,NULL,'209-8919',NULL,'2098919',1),(77,12,1,1,0,NULL,'262-4315',NULL,'2624315',2),(78,12,1,0,0,NULL,'579-8085',NULL,'5798085',1),(79,121,1,1,0,NULL,'694-6264',NULL,'6946264',1),(80,18,1,1,0,NULL,'539-9835',NULL,'5399835',2),(81,144,1,1,0,NULL,'232-1670',NULL,'2321670',2),(82,144,1,0,0,NULL,'813-2280',NULL,'8132280',2),(83,57,1,1,0,NULL,'(682) 545-1384',NULL,'6825451384',1),(84,57,1,0,0,NULL,'(468) 410-9735',NULL,'4684109735',1),(85,152,1,1,0,NULL,'(478) 645-2108',NULL,'4786452108',1),(86,168,1,1,0,NULL,'(453) 318-1281',NULL,'4533181281',2),(87,137,1,1,0,NULL,'492-6714',NULL,'4926714',1),(88,115,1,1,0,NULL,'334-2623',NULL,'3342623',2),(89,115,1,0,0,NULL,'(515) 712-2425',NULL,'5157122425',1),(90,16,1,1,0,NULL,'(612) 579-3189',NULL,'6125793189',2),(91,16,1,0,0,NULL,'(674) 574-4185',NULL,'6745744185',2),(92,187,1,1,0,NULL,'(405) 769-7703',NULL,'4057697703',1),(93,187,1,0,0,NULL,'321-4437',NULL,'3214437',1),(94,19,1,1,0,NULL,'876-4645',NULL,'8764645',2),(95,182,1,1,0,NULL,'248-5166',NULL,'2485166',2),(96,141,1,1,0,NULL,'(833) 660-8292',NULL,'8336608292',1),(97,80,1,1,0,NULL,'(727) 581-3698',NULL,'7275813698',1),(98,80,1,0,0,NULL,'362-4291',NULL,'3624291',2),(99,98,1,1,0,NULL,'405-6142',NULL,'4056142',1),(100,32,1,1,0,NULL,'(367) 249-4521',NULL,'3672494521',1),(101,126,1,1,0,NULL,'(573) 420-8738',NULL,'5734208738',1),(102,126,1,0,0,NULL,'(395) 482-2817',NULL,'3954822817',2),(103,6,1,1,0,NULL,'805-1367',NULL,'8051367',2),(104,6,1,0,0,NULL,'(315) 244-3298',NULL,'3152443298',2),(105,158,1,1,0,NULL,'(306) 848-2812',NULL,'3068482812',2),(106,160,1,1,0,NULL,'598-8732',NULL,'5988732',2),(107,160,1,0,0,NULL,'(671) 447-9658',NULL,'6714479658',2),(108,154,1,1,0,NULL,'231-5973',NULL,'2315973',1),(109,154,1,0,0,NULL,'276-7563',NULL,'2767563',2),(110,20,1,1,0,NULL,'745-3317',NULL,'7453317',2),(111,135,1,1,0,NULL,'617-2047',NULL,'6172047',2),(112,108,1,1,0,NULL,'(399) 629-7969',NULL,'3996297969',1),(113,108,1,0,0,NULL,'(684) 792-1150',NULL,'6847921150',1),(114,59,1,1,0,NULL,'236-9164',NULL,'2369164',1),(115,149,1,1,0,NULL,'(822) 897-2096',NULL,'8228972096',2),(116,109,1,1,0,NULL,'(400) 527-6111',NULL,'4005276111',2),(117,155,1,1,0,NULL,'(704) 851-2874',NULL,'7048512874',2),(118,196,1,1,0,NULL,'553-8723',NULL,'5538723',2),(119,196,1,0,0,NULL,'(865) 211-3890',NULL,'8652113890',1),(120,106,1,1,0,NULL,'(288) 411-5589',NULL,'2884115589',1),(121,106,1,0,0,NULL,'(890) 438-1900',NULL,'8904381900',2),(122,134,1,1,0,NULL,'856-7881',NULL,'8567881',1),(123,15,1,1,0,NULL,'(599) 564-2937',NULL,'5995642937',1),(124,51,1,1,0,NULL,'248-6073',NULL,'2486073',1),(125,21,1,1,0,NULL,'579-9479',NULL,'5799479',2),(126,21,1,0,0,NULL,'(405) 369-4322',NULL,'4053694322',2),(127,14,1,1,0,NULL,'(839) 843-2377',NULL,'8398432377',2),(128,14,1,0,0,NULL,'861-3608',NULL,'8613608',2),(129,61,1,1,0,NULL,'(716) 375-6194',NULL,'7163756194',2),(130,68,1,1,0,NULL,'389-9425',NULL,'3899425',2),(131,139,1,1,0,NULL,'419-5181',NULL,'4195181',2),(132,103,1,1,0,NULL,'(699) 781-1787',NULL,'6997811787',2),(133,103,1,0,0,NULL,'(565) 219-4171',NULL,'5652194171',2),(134,24,1,1,0,NULL,'657-6787',NULL,'6576787',2),(135,162,1,1,0,NULL,'371-4649',NULL,'3714649',2),(136,162,1,0,0,NULL,'615-6886',NULL,'6156886',1),(137,143,1,1,0,NULL,'764-9890',NULL,'7649890',1),(138,54,1,1,0,NULL,'(292) 802-8337',NULL,'2928028337',2),(139,54,1,0,0,NULL,'(610) 634-1514',NULL,'6106341514',1),(140,163,1,1,0,NULL,'434-4533',NULL,'4344533',1),(141,163,1,0,0,NULL,'505-2890',NULL,'5052890',2),(142,116,1,1,0,NULL,'688-5137',NULL,'6885137',1),(143,194,1,1,0,NULL,'450-2274',NULL,'4502274',2),(144,62,1,1,0,NULL,'851-8600',NULL,'8518600',2),(145,62,1,0,0,NULL,'(412) 805-2681',NULL,'4128052681',1),(146,181,1,1,0,NULL,'241-8839',NULL,'2418839',1),(147,128,1,1,0,NULL,'(820) 814-1744',NULL,'8208141744',1),(148,175,1,1,0,NULL,'887-3599',NULL,'8873599',2),(149,175,1,0,0,NULL,'504-2139',NULL,'5042139',1),(150,197,1,1,0,NULL,'(695) 628-3850',NULL,'6956283850',1),(151,84,1,1,0,NULL,'(691) 796-4194',NULL,'6917964194',1),(152,2,1,1,0,NULL,'(577) 406-3930',NULL,'5774063930',2),(153,2,1,0,0,NULL,'(882) 715-5392',NULL,'8827155392',2),(154,192,1,1,0,NULL,'(322) 281-4351',NULL,'3222814351',1),(155,8,1,1,0,NULL,'(524) 815-2724',NULL,'5248152724',2),(156,8,1,0,0,NULL,'412-4952',NULL,'4124952',1),(157,189,1,1,0,NULL,'(713) 361-5606',NULL,'7133615606',2),(158,189,1,0,0,NULL,'341-9139',NULL,'3419139',1),(159,89,1,1,0,NULL,'(670) 691-1409',NULL,'6706911409',2),(160,89,1,0,0,NULL,'(617) 677-9907',NULL,'6176779907',2),(161,75,1,1,0,NULL,'403-2975',NULL,'4032975',1),(162,75,1,0,0,NULL,'(227) 296-8355',NULL,'2272968355',1),(163,74,1,1,0,NULL,'(201) 406-5490',NULL,'2014065490',1),(164,185,1,1,0,NULL,'564-5043',NULL,'5645043',2),(165,185,1,0,0,NULL,'(773) 232-4669',NULL,'7732324669',1),(166,188,1,1,0,NULL,'229-6520',NULL,'2296520',1),(167,188,1,0,0,NULL,'(413) 889-5418',NULL,'4138895418',1),(168,123,1,1,0,NULL,'(819) 521-7815',NULL,'8195217815',2),(169,123,1,0,0,NULL,'(589) 817-8708',NULL,'5898178708',2),(170,150,1,1,0,NULL,'(244) 375-8582',NULL,'2443758582',1),(171,199,1,1,0,NULL,'788-2853',NULL,'7882853',2),(172,199,1,0,0,NULL,'(688) 851-3717',NULL,'6888513717',1),(173,174,1,1,0,NULL,'(782) 218-8302',NULL,'7822188302',2),(174,95,1,1,0,NULL,'558-2676',NULL,'5582676',2),(175,47,1,1,0,NULL,'(399) 297-6114',NULL,'3992976114',1),(176,47,1,0,0,NULL,'(456) 559-4472',NULL,'4565594472',1),(177,151,1,1,0,NULL,'(738) 740-7795',NULL,'7387407795',2),(178,201,1,1,0,NULL,'(789) 229-8539',NULL,'7892298539',2),(179,201,1,0,0,NULL,'(264) 398-6638',NULL,'2643986638',2),(180,180,1,1,0,NULL,'511-3209',NULL,'5113209',1),(181,NULL,1,0,0,NULL,'204 222-1000',NULL,'2042221000',1),(182,NULL,1,0,0,NULL,'204 223-1000',NULL,'2042231000',1),(183,NULL,1,0,0,NULL,'303 323-1000',NULL,'3033231000',1);
/*!40000 ALTER TABLE `civicrm_phone` ENABLE KEYS */;
UNLOCK TABLES;

--
-- Dumping data for table `civicrm_pledge`
--

LOCK TABLES `civicrm_pledge` WRITE;
/*!40000 ALTER TABLE `civicrm_pledge` DISABLE KEYS */;
INSERT INTO `civicrm_pledge` (`id`, `contact_id`, `financial_type_id`, `contribution_page_id`, `amount`, `original_installment_amount`, `currency`, `frequency_unit`, `frequency_interval`, `frequency_day`, `installments`, `start_date`, `create_date`, `acknowledge_date`, `modified_date`, `cancel_date`, `end_date`, `max_reminders`, `initial_reminder_day`, `additional_reminder_day`, `status_id`, `is_test`, `campaign_id`) VALUES (1,71,1,1,500.00,500.00,'USD','month',1,1,1,'2009-07-01 00:00:00','2009-06-26 00:00:00',NULL,NULL,NULL,'2009-07-01 00:00:00',1,5,5,1,0,NULL),(2,43,1,1,800.00,200.00,'USD','month',3,1,4,'2009-07-01 00:00:00','2009-06-23 00:00:00','2009-06-23 00:00:00',NULL,NULL,'2009-04-01 10:11:40',1,5,5,5,0,NULL),(3,32,1,1,600.00,200.00,'USD','month',1,1,3,'2009-10-01 00:00:00','2009-09-14 00:00:00','2009-09-14 00:00:00',NULL,NULL,'2009-12-01 00:00:00',1,5,5,5,0,NULL);
/*!40000 ALTER TABLE `civicrm_pledge` ENABLE KEYS */;
UNLOCK TABLES;

--
-- Dumping data for table `civicrm_pledge_block`
--

LOCK TABLES `civicrm_pledge_block` WRITE;
/*!40000 ALTER TABLE `civicrm_pledge_block` DISABLE KEYS */;
INSERT INTO `civicrm_pledge_block` (`id`, `entity_table`, `entity_id`, `pledge_frequency_unit`, `is_pledge_interval`, `max_reminders`, `initial_reminder_day`, `additional_reminder_day`) VALUES (1,'civicrm_contribution_page',3,'weekmonthyear',1,1,5,5),(2,'civicrm_contribution_page',1,'weekmonthyear',0,2,5,5);
/*!40000 ALTER TABLE `civicrm_pledge_block` ENABLE KEYS */;
UNLOCK TABLES;

--
-- Dumping data for table `civicrm_pledge_payment`
--

LOCK TABLES `civicrm_pledge_payment` WRITE;
/*!40000 ALTER TABLE `civicrm_pledge_payment` DISABLE KEYS */;
INSERT INTO `civicrm_pledge_payment` (`id`, `pledge_id`, `contribution_id`, `scheduled_amount`, `actual_amount`, `currency`, `scheduled_date`, `reminder_date`, `reminder_count`, `status_id`) VALUES (1,1,10,500.00,500.00,'USD','2009-07-01 00:00:00',NULL,0,1),(2,2,11,200.00,200.00,'USD','2009-07-01 00:00:00',NULL,0,1),(3,2,NULL,200.00,NULL,'USD','2009-10-01 00:00:00',NULL,0,2),(4,2,NULL,200.00,NULL,'USD','2009-01-01 00:00:00',NULL,0,2),(5,2,NULL,200.00,NULL,'USD','2009-04-01 00:00:00',NULL,0,2),(6,3,12,200.00,200.00,'USD','2009-10-01 00:00:00',NULL,0,1),(7,3,13,200.00,200.00,'USD','2009-11-01 00:00:00','2009-10-28 00:00:00',1,1),(8,3,NULL,200.00,NULL,'USD','2009-12-01 00:00:00',NULL,0,2);
/*!40000 ALTER TABLE `civicrm_pledge_payment` ENABLE KEYS */;
UNLOCK TABLES;

--
-- Dumping data for table `civicrm_preferences_date`
--

LOCK TABLES `civicrm_preferences_date` WRITE;
/*!40000 ALTER TABLE `civicrm_preferences_date` DISABLE KEYS */;
INSERT INTO `civicrm_preferences_date` (`id`, `name`, `description`, `start`, `end`, `date_format`, `time_format`) VALUES (1,'activityDate','Date for activities including contributions: receive, receipt, cancel. membership: join, start, renew. case: start, end.',20,10,'',''),(2,'activityDateTime','Date and time for activity: scheduled. participant: registered.',20,10,'','1'),(3,'birth','Birth and deceased dates. Only year, month and day fields are supported.',100,0,'',''),(4,'creditCard','Month and year only for credit card expiration.',0,10,'M Y',''),(5,'custom','Uses date range passed in by form field. Can pass in a posix date part parameter. Start and end offsets defined here are ignored.',20,20,'',''),(6,'mailing','Date and time. Used for scheduling mailings.',0,1,'',''),(7,'searchDate','Used in search forms and for relationships.',20,20,'','');
/*!40000 ALTER TABLE `civicrm_preferences_date` ENABLE KEYS */;
UNLOCK TABLES;

--
-- Dumping data for table `civicrm_premiums`
--

LOCK TABLES `civicrm_premiums` WRITE;
/*!40000 ALTER TABLE `civicrm_premiums` DISABLE KEYS */;
INSERT INTO `civicrm_premiums` (`id`, `entity_table`, `entity_id`, `premiums_active`, `premiums_intro_title`, `premiums_intro_text`, `premiums_contact_email`, `premiums_contact_phone`, `premiums_display_min_contribution`, `premiums_nothankyou_label`, `premiums_nothankyou_position`) VALUES (1,'civicrm_contribution_page',1,1,'Thank-you Gifts','We appreciate your support and invite you to choose from the exciting collection of thank-you gifts below. Minimum contribution amounts for each selection are included in the descriptions. (NOTE: These gifts are shown as examples only. No gifts will be sent to donors.)','premiums@example.org',NULL,1,'No thank-you',1);
/*!40000 ALTER TABLE `civicrm_premiums` ENABLE KEYS */;
UNLOCK TABLES;

--
-- Dumping data for table `civicrm_premiums_product`
--

LOCK TABLES `civicrm_premiums_product` WRITE;
/*!40000 ALTER TABLE `civicrm_premiums_product` DISABLE KEYS */;
INSERT INTO `civicrm_premiums_product` (`id`, `premiums_id`, `product_id`, `weight`, `financial_type_id`) VALUES (1,1,1,1,NULL);
/*!40000 ALTER TABLE `civicrm_premiums_product` ENABLE KEYS */;
UNLOCK TABLES;

--
-- Dumping data for table `civicrm_prevnext_cache`
--

LOCK TABLES `civicrm_prevnext_cache` WRITE;
/*!40000 ALTER TABLE `civicrm_prevnext_cache` DISABLE KEYS */;
/*!40000 ALTER TABLE `civicrm_prevnext_cache` ENABLE KEYS */;
UNLOCK TABLES;

--
-- Dumping data for table `civicrm_price_field`
--

LOCK TABLES `civicrm_price_field` WRITE;
/*!40000 ALTER TABLE `civicrm_price_field` DISABLE KEYS */;
INSERT INTO `civicrm_price_field` (`id`, `price_set_id`, `name`, `label`, `html_type`, `is_enter_qty`, `help_pre`, `help_post`, `weight`, `is_display_amounts`, `options_per_line`, `is_active`, `is_required`, `active_on`, `expire_on`, `javascript`, `visibility_id`) VALUES (1,1,'contribution_amount','Contribution Amount','Text',0,NULL,NULL,1,1,1,1,1,NULL,NULL,NULL,1),(2,3,'contribution_amount','Contribution Amount','Radio',0,NULL,NULL,2,1,1,1,0,NULL,NULL,NULL,1),(3,3,'other_amount','Other Amount','Text',0,NULL,NULL,3,0,1,1,0,NULL,NULL,NULL,1),(4,2,'1','Membership Amount','Radio',0,NULL,NULL,1,1,1,1,1,NULL,NULL,NULL,1),(5,4,'membership_amount','Membership','Radio',0,NULL,NULL,1,1,1,1,1,NULL,NULL,NULL,1),(6,5,'other_amount','Contribution Amount','Text',0,NULL,NULL,3,0,1,1,1,NULL,NULL,NULL,1),(7,6,'tournament_fees','Tournament Fees','Radio',0,NULL,NULL,1,1,1,1,1,NULL,NULL,NULL,1),(8,7,'dinner_contribution','Dinner Contribution','Radio',0,NULL,NULL,1,1,1,1,1,NULL,NULL,NULL,1),(9,8,'festival_fee','Festival Fee','Radio',0,NULL,NULL,1,1,1,1,1,NULL,NULL,NULL,1);
/*!40000 ALTER TABLE `civicrm_price_field` ENABLE KEYS */;
UNLOCK TABLES;

--
-- Dumping data for table `civicrm_price_field_value`
--

LOCK TABLES `civicrm_price_field_value` WRITE;
/*!40000 ALTER TABLE `civicrm_price_field_value` DISABLE KEYS */;
INSERT INTO `civicrm_price_field_value` (`id`, `price_field_id`, `name`, `label`, `description`, `amount`, `count`, `max_value`, `weight`, `membership_type_id`, `membership_num_terms`, `is_default`, `is_active`, `financial_type_id`, `deductible_amount`) VALUES (1,1,'contribution_amount','Contribution Amount',NULL,'1',NULL,NULL,1,NULL,NULL,0,1,1,0.00),(2,2,'friend','Friend',NULL,'1.00',NULL,NULL,1,NULL,NULL,0,1,1,0.00),(3,2,'supporter','Supporter',NULL,'5.00',NULL,NULL,2,NULL,NULL,0,1,1,0.00),(4,2,'booster','Booster',NULL,'10.00',NULL,NULL,3,NULL,NULL,1,1,1,0.00),(5,2,'sustainer','Sustainer',NULL,'50.00',NULL,NULL,4,NULL,NULL,0,1,1,0.00),(6,3,'other_amount','Other Amount',NULL,'1',NULL,NULL,3,NULL,NULL,0,1,1,0.00),(7,4,'general','General','Regular annual membership.','100.00',NULL,NULL,1,1,NULL,0,1,2,0.00),(8,4,'student','Student','Discount membership for full-time students.','50.00',NULL,NULL,2,2,NULL,0,1,2,0.00),(9,4,'lifetime','Lifetime','Lifetime membership.','1200.00',NULL,NULL,3,3,NULL,0,1,2,0.00),(10,5,'General','General',NULL,'100.00',NULL,NULL,1,1,NULL,1,1,2,0.00),(11,5,'Student','Student',NULL,'50.00',NULL,NULL,1,2,NULL,0,1,2,0.00),(12,6,'other_amount','Contribution Amount',NULL,'1',NULL,NULL,1,NULL,NULL,0,1,1,0.00),(13,7,'tiny_tots__ages_5_8_','Tiny-tots (ages 5-8)',NULL,'800',NULL,NULL,1,NULL,NULL,1,1,4,0.00),(14,7,'junior_Stars__ages_9_12_','Junior Stars (ages 9-12)',NULL,'1000',NULL,NULL,2,NULL,NULL,0,1,4,0.00),(15,7,'super_Stars__ages_13_18_','Super Stars (ages 13-18)',NULL,'1500',NULL,NULL,3,NULL,NULL,0,1,4,0.00),(16,8,'single','Single',NULL,'50',NULL,NULL,1,NULL,NULL,1,1,4,0.00),(17,8,'couple','Couple',NULL,'100',NULL,NULL,2,NULL,NULL,0,1,4,0.00),(18,8,'family','Family',NULL,'200',NULL,NULL,3,NULL,NULL,0,1,4,0.00),(19,9,'bass','Bass',NULL,'25',NULL,NULL,1,NULL,NULL,1,1,2,0.00),(20,9,'tenor','Tenor',NULL,'40',NULL,NULL,2,NULL,NULL,0,1,2,0.00),(21,9,'soprano','Soprano',NULL,'50',NULL,NULL,3,NULL,NULL,0,1,2,0.00);
/*!40000 ALTER TABLE `civicrm_price_field_value` ENABLE KEYS */;
UNLOCK TABLES;

--
-- Dumping data for table `civicrm_price_set`
--

LOCK TABLES `civicrm_price_set` WRITE;
/*!40000 ALTER TABLE `civicrm_price_set` DISABLE KEYS */;
INSERT INTO `civicrm_price_set` (`id`, `domain_id`, `name`, `title`, `is_active`, `help_pre`, `help_post`, `javascript`, `extends`, `financial_type_id`, `is_quick_config`, `is_reserved`) VALUES (1,NULL,'default_contribution_amount','Contribution Amount',1,NULL,NULL,NULL,'2',NULL,1,1),(2,NULL,'default_membership_type_amount','Membership Amount',1,NULL,NULL,NULL,'3',2,1,1),(3,NULL,'help_support_civicrm_amount','Help Support CiviCRM!',1,NULL,NULL,NULL,'2',NULL,1,0),(4,NULL,'member_signup_and_renewal','Member Signup and Renewal',1,NULL,NULL,NULL,'3',2,1,0),(5,NULL,'pledge_for_civicrm','Pledge for CiviCRM!',1,NULL,NULL,NULL,'2',NULL,1,0),(6,NULL,'rain_forest_cup_youth_soccer_tournament','Rain-forest Cup Youth Soccer Tournament',1,NULL,NULL,NULL,'1',NULL,1,0),(7,NULL,'fall_fundraiser_dinner','Fall Fundraiser Dinner',1,NULL,NULL,NULL,'1',NULL,1,0),(8,NULL,'summer_solstice_festival_day_concert','Summer Solstice Festival Day Concert',1,NULL,NULL,NULL,'1',NULL,1,0);
/*!40000 ALTER TABLE `civicrm_price_set` ENABLE KEYS */;
UNLOCK TABLES;

--
-- Dumping data for table `civicrm_price_set_entity`
--

LOCK TABLES `civicrm_price_set_entity` WRITE;
/*!40000 ALTER TABLE `civicrm_price_set_entity` DISABLE KEYS */;
INSERT INTO `civicrm_price_set_entity` (`id`, `entity_table`, `entity_id`, `price_set_id`) VALUES (1,'civicrm_contribution_page',1,3),(2,'civicrm_contribution_page',2,4),(3,'civicrm_contribution_page',3,5),(4,'civicrm_event',3,6),(5,'civicrm_event',1,7),(6,'civicrm_event',2,8);
/*!40000 ALTER TABLE `civicrm_price_set_entity` ENABLE KEYS */;
UNLOCK TABLES;

--
-- Dumping data for table `civicrm_print_label`
--

LOCK TABLES `civicrm_print_label` WRITE;
/*!40000 ALTER TABLE `civicrm_print_label` DISABLE KEYS */;
INSERT INTO `civicrm_print_label` (`id`, `title`, `name`, `description`, `label_format_name`, `label_type_id`, `data`, `is_default`, `is_active`, `is_reserved`, `created_id`) VALUES (1,'Annual Conference Hanging Badge (Avery 5395)','Annual_Conference_Hanging_Badge','For our annual conference','Avery 5395',1,'{\"title\":\"Annual Conference Hanging Badge (Avery 5395)\",\"label_format_name\":\"Avery 5395\",\"description\":\"For our annual conference\",\"token\":{\"1\":\"{event.title}\",\"2\":\"{contact.display_name}\",\"3\":\"{contact.current_employer}\",\"4\":\"{event.start_date}\"},\"font_name\":{\"1\":\"dejavusans\",\"2\":\"dejavusans\",\"3\":\"dejavusans\",\"4\":\"dejavusans\"},\"font_size\":{\"1\":\"9\",\"2\":\"20\",\"3\":\"15\",\"4\":\"9\"},\"font_style\":{\"1\":\"\",\"2\":\"\",\"3\":\"\",\"4\":\"\"},\"text_alignment\":{\"1\":\"L\",\"2\":\"C\",\"3\":\"C\",\"4\":\"R\"},\"barcode_type\":\"barcode\",\"barcode_alignment\":\"R\",\"image_1\":\"\",\"image_2\":\"\",\"is_default\":\"1\",\"is_active\":\"1\",\"is_reserved\":\"1\",\"_qf_default\":\"Layout:next\",\"_qf_Layout_refresh\":\"Save and Preview\"}',1,1,1,NULL);
/*!40000 ALTER TABLE `civicrm_print_label` ENABLE KEYS */;
UNLOCK TABLES;

--
-- Dumping data for table `civicrm_product`
--

LOCK TABLES `civicrm_product` WRITE;
/*!40000 ALTER TABLE `civicrm_product` DISABLE KEYS */;
INSERT INTO `civicrm_product` (`id`, `name`, `description`, `sku`, `options`, `image`, `thumbnail`, `price`, `currency`, `financial_type_id`, `min_contribution`, `cost`, `is_active`, `period_type`, `fixed_period_start_day`, `duration_unit`, `duration_interval`, `frequency_unit`, `frequency_interval`) VALUES (1,'Coffee Mug','This heavy-duty mug is great for home or office, coffee or tea or hot chocolate. Show your support to family, friends and colleagues. Choose from three great colors.','MUG-101','White, Black, Green',NULL,NULL,12.50,'USD',NULL,5.00,NULL,1,NULL,NULL,NULL,NULL,NULL,NULL);
/*!40000 ALTER TABLE `civicrm_product` ENABLE KEYS */;
UNLOCK TABLES;

--
-- Dumping data for table `civicrm_queue_item`
--

LOCK TABLES `civicrm_queue_item` WRITE;
/*!40000 ALTER TABLE `civicrm_queue_item` DISABLE KEYS */;
/*!40000 ALTER TABLE `civicrm_queue_item` ENABLE KEYS */;
UNLOCK TABLES;

--
-- Dumping data for table `civicrm_recurring_entity`
--

LOCK TABLES `civicrm_recurring_entity` WRITE;
/*!40000 ALTER TABLE `civicrm_recurring_entity` DISABLE KEYS */;
/*!40000 ALTER TABLE `civicrm_recurring_entity` ENABLE KEYS */;
UNLOCK TABLES;

--
-- Dumping data for table `civicrm_relationship`
--

LOCK TABLES `civicrm_relationship` WRITE;
/*!40000 ALTER TABLE `civicrm_relationship` DISABLE KEYS */;
INSERT INTO `civicrm_relationship` (`id`, `contact_id_a`, `contact_id_b`, `relationship_type_id`, `start_date`, `end_date`, `is_active`, `description`, `is_permission_a_b`, `is_permission_b_a`, `case_id`) VALUES (1,87,141,1,NULL,NULL,1,NULL,0,0,NULL),(2,98,141,1,NULL,NULL,1,NULL,0,0,NULL),(3,87,80,1,NULL,NULL,1,NULL,0,0,NULL),(4,98,80,1,NULL,NULL,1,NULL,0,0,NULL),(5,98,87,4,NULL,NULL,1,NULL,0,0,NULL),(6,80,131,8,NULL,NULL,1,NULL,0,0,NULL),(7,87,131,8,NULL,NULL,1,NULL,0,0,NULL),(8,98,131,8,NULL,NULL,1,NULL,0,0,NULL),(9,141,131,7,NULL,NULL,1,NULL,0,0,NULL),(10,80,141,2,NULL,NULL,1,NULL,0,0,NULL),(11,55,32,1,NULL,NULL,1,NULL,0,0,NULL),(12,6,32,1,NULL,NULL,1,NULL,0,0,NULL),(13,55,126,1,NULL,NULL,1,NULL,0,0,NULL),(14,6,126,1,NULL,NULL,1,NULL,0,0,NULL),(15,6,55,4,NULL,NULL,1,NULL,0,0,NULL),(16,126,161,8,NULL,NULL,1,NULL,0,0,NULL),(17,55,161,8,NULL,NULL,1,NULL,0,0,NULL),(18,6,161,8,NULL,NULL,1,NULL,0,0,NULL),(19,32,161,7,NULL,NULL,1,NULL,0,0,NULL),(20,126,32,2,NULL,NULL,1,NULL,0,0,NULL),(21,145,158,1,NULL,NULL,1,NULL,0,0,NULL),(22,154,158,1,NULL,NULL,1,NULL,0,0,NULL),(23,145,160,1,NULL,NULL,1,NULL,0,0,NULL),(24,154,160,1,NULL,NULL,1,NULL,0,0,NULL),(25,154,145,4,NULL,NULL,1,NULL,0,0,NULL),(26,160,136,8,NULL,NULL,1,NULL,0,0,NULL),(27,145,136,8,NULL,NULL,1,NULL,0,0,NULL),(28,154,136,8,NULL,NULL,1,NULL,0,0,NULL),(29,158,136,7,NULL,NULL,1,NULL,0,0,NULL),(30,160,158,2,NULL,NULL,1,NULL,0,0,NULL),(31,108,20,1,NULL,NULL,1,NULL,0,0,NULL),(32,99,20,1,NULL,NULL,1,NULL,0,0,NULL),(33,108,135,1,NULL,NULL,1,NULL,0,0,NULL),(34,99,135,1,NULL,NULL,1,NULL,0,0,NULL),(35,99,108,4,NULL,NULL,1,NULL,0,0,NULL),(36,135,65,8,NULL,NULL,1,NULL,0,0,NULL),(37,108,65,8,NULL,NULL,1,NULL,0,0,NULL),(38,99,65,8,NULL,NULL,1,NULL,0,0,NULL),(39,20,65,7,NULL,NULL,1,NULL,0,0,NULL),(40,135,20,2,NULL,NULL,1,NULL,0,0,NULL),(41,149,44,1,NULL,NULL,1,NULL,0,0,NULL),(42,109,44,1,NULL,NULL,1,NULL,0,0,NULL),(43,149,59,1,NULL,NULL,1,NULL,0,0,NULL),(44,109,59,1,NULL,NULL,1,NULL,0,0,NULL),(45,109,149,4,NULL,NULL,1,NULL,0,0,NULL),(46,59,100,8,NULL,NULL,1,NULL,0,0,NULL),(47,149,100,8,NULL,NULL,1,NULL,0,0,NULL),(48,109,100,8,NULL,NULL,1,NULL,0,0,NULL),(49,44,100,7,NULL,NULL,0,NULL,0,0,NULL),(50,59,44,2,NULL,NULL,0,NULL,0,0,NULL),(51,196,33,1,NULL,NULL,1,NULL,0,0,NULL),(52,106,33,1,NULL,NULL,1,NULL,0,0,NULL),(53,196,155,1,NULL,NULL,1,NULL,0,0,NULL),(54,106,155,1,NULL,NULL,1,NULL,0,0,NULL),(55,106,196,4,NULL,NULL,1,NULL,0,0,NULL),(56,155,29,8,NULL,NULL,1,NULL,0,0,NULL),(57,196,29,8,NULL,NULL,1,NULL,0,0,NULL),(58,106,29,8,NULL,NULL,1,NULL,0,0,NULL),(59,33,29,7,NULL,NULL,0,NULL,0,0,NULL),(60,155,33,2,NULL,NULL,0,NULL,0,0,NULL),(61,15,134,1,NULL,NULL,1,NULL,0,0,NULL),(62,51,134,1,NULL,NULL,1,NULL,0,0,NULL),(63,15,25,1,NULL,NULL,1,NULL,0,0,NULL),(64,51,25,1,NULL,NULL,1,NULL,0,0,NULL),(65,51,15,4,NULL,NULL,1,NULL,0,0,NULL),(66,25,157,8,NULL,NULL,1,NULL,0,0,NULL),(67,15,157,8,NULL,NULL,1,NULL,0,0,NULL),(68,51,157,8,NULL,NULL,1,NULL,0,0,NULL),(69,134,157,7,NULL,NULL,1,NULL,0,0,NULL),(70,25,134,2,NULL,NULL,1,NULL,0,0,NULL),(71,61,21,1,NULL,NULL,1,NULL,0,0,NULL),(72,63,21,1,NULL,NULL,1,NULL,0,0,NULL),(73,61,14,1,NULL,NULL,1,NULL,0,0,NULL),(74,63,14,1,NULL,NULL,1,NULL,0,0,NULL),(75,63,61,4,NULL,NULL,1,NULL,0,0,NULL),(76,14,72,8,NULL,NULL,1,NULL,0,0,NULL),(77,61,72,8,NULL,NULL,1,NULL,0,0,NULL),(78,63,72,8,NULL,NULL,1,NULL,0,0,NULL),(79,21,72,7,NULL,NULL,0,NULL,0,0,NULL),(80,14,21,2,NULL,NULL,0,NULL,0,0,NULL),(81,103,68,1,NULL,NULL,1,NULL,0,0,NULL),(82,38,68,1,NULL,NULL,1,NULL,0,0,NULL),(83,103,139,1,NULL,NULL,1,NULL,0,0,NULL),(84,38,139,1,NULL,NULL,1,NULL,0,0,NULL),(85,38,103,4,NULL,NULL,1,NULL,0,0,NULL),(86,139,85,8,NULL,NULL,1,NULL,0,0,NULL),(87,103,85,8,NULL,NULL,1,NULL,0,0,NULL),(88,38,85,8,NULL,NULL,1,NULL,0,0,NULL),(89,68,85,7,NULL,NULL,0,NULL,0,0,NULL),(90,139,68,2,NULL,NULL,0,NULL,0,0,NULL),(91,143,24,1,NULL,NULL,1,NULL,0,0,NULL),(92,54,24,1,NULL,NULL,1,NULL,0,0,NULL),(93,143,162,1,NULL,NULL,1,NULL,0,0,NULL),(94,54,162,1,NULL,NULL,1,NULL,0,0,NULL),(95,54,143,4,NULL,NULL,1,NULL,0,0,NULL),(96,162,71,8,NULL,NULL,1,NULL,0,0,NULL),(97,143,71,8,NULL,NULL,1,NULL,0,0,NULL),(98,54,71,8,NULL,NULL,1,NULL,0,0,NULL),(99,24,71,7,NULL,NULL,1,NULL,0,0,NULL),(100,162,24,2,NULL,NULL,1,NULL,0,0,NULL),(101,116,163,1,NULL,NULL,1,NULL,0,0,NULL),(102,194,163,1,NULL,NULL,1,NULL,0,0,NULL),(103,116,66,1,NULL,NULL,1,NULL,0,0,NULL),(104,194,66,1,NULL,NULL,1,NULL,0,0,NULL),(105,194,116,4,NULL,NULL,1,NULL,0,0,NULL),(106,66,166,8,NULL,NULL,1,NULL,0,0,NULL),(107,116,166,8,NULL,NULL,1,NULL,0,0,NULL),(108,194,166,8,NULL,NULL,1,NULL,0,0,NULL),(109,163,166,7,NULL,NULL,1,NULL,0,0,NULL),(110,66,163,2,NULL,NULL,1,NULL,0,0,NULL),(111,128,62,1,NULL,NULL,1,NULL,0,0,NULL),(112,175,62,1,NULL,NULL,1,NULL,0,0,NULL),(113,128,181,1,NULL,NULL,1,NULL,0,0,NULL),(114,175,181,1,NULL,NULL,1,NULL,0,0,NULL),(115,175,128,4,NULL,NULL,1,NULL,0,0,NULL),(116,181,43,8,NULL,NULL,1,NULL,0,0,NULL),(117,128,43,8,NULL,NULL,1,NULL,0,0,NULL),(118,175,43,8,NULL,NULL,1,NULL,0,0,NULL),(119,62,43,7,NULL,NULL,1,NULL,0,0,NULL),(120,181,62,2,NULL,NULL,1,NULL,0,0,NULL),(121,84,197,1,NULL,NULL,1,NULL,0,0,NULL),(122,2,197,1,NULL,NULL,1,NULL,0,0,NULL),(123,84,138,1,NULL,NULL,1,NULL,0,0,NULL),(124,2,138,1,NULL,NULL,1,NULL,0,0,NULL),(125,2,84,4,NULL,NULL,1,NULL,0,0,NULL),(126,138,118,8,NULL,NULL,1,NULL,0,0,NULL),(127,84,118,8,NULL,NULL,1,NULL,0,0,NULL),(128,2,118,8,NULL,NULL,1,NULL,0,0,NULL),(129,197,118,7,NULL,NULL,0,NULL,0,0,NULL),(130,138,197,2,NULL,NULL,0,NULL,0,0,NULL),(131,178,34,1,NULL,NULL,1,NULL,0,0,NULL),(132,153,34,1,NULL,NULL,1,NULL,0,0,NULL),(133,178,192,1,NULL,NULL,1,NULL,0,0,NULL),(134,153,192,1,NULL,NULL,1,NULL,0,0,NULL),(135,153,178,4,NULL,NULL,1,NULL,0,0,NULL),(136,192,146,8,NULL,NULL,1,NULL,0,0,NULL),(137,178,146,8,NULL,NULL,1,NULL,0,0,NULL),(138,153,146,8,NULL,NULL,1,NULL,0,0,NULL),(139,34,146,7,NULL,NULL,0,NULL,0,0,NULL),(140,192,34,2,NULL,NULL,0,NULL,0,0,NULL),(141,130,8,1,NULL,NULL,1,NULL,0,0,NULL),(142,89,8,1,NULL,NULL,1,NULL,0,0,NULL),(143,130,189,1,NULL,NULL,1,NULL,0,0,NULL),(144,89,189,1,NULL,NULL,1,NULL,0,0,NULL),(145,89,130,4,NULL,NULL,1,NULL,0,0,NULL),(146,189,102,8,NULL,NULL,1,NULL,0,0,NULL),(147,130,102,8,NULL,NULL,1,NULL,0,0,NULL),(148,89,102,8,NULL,NULL,1,NULL,0,0,NULL),(149,8,102,7,NULL,NULL,0,NULL,0,0,NULL),(150,189,8,2,NULL,NULL,0,NULL,0,0,NULL),(151,185,75,1,NULL,NULL,1,NULL,0,0,NULL),(152,188,75,1,NULL,NULL,1,NULL,0,0,NULL),(153,185,74,1,NULL,NULL,1,NULL,0,0,NULL),(154,188,74,1,NULL,NULL,1,NULL,0,0,NULL),(155,188,185,4,NULL,NULL,1,NULL,0,0,NULL),(156,74,186,8,NULL,NULL,1,NULL,0,0,NULL),(157,185,186,8,NULL,NULL,1,NULL,0,0,NULL),(158,188,186,8,NULL,NULL,1,NULL,0,0,NULL),(159,75,186,7,NULL,NULL,1,NULL,0,0,NULL),(160,74,75,2,NULL,NULL,1,NULL,0,0,NULL),(161,150,147,1,NULL,NULL,1,NULL,0,0,NULL),(162,112,147,1,NULL,NULL,1,NULL,0,0,NULL),(163,150,123,1,NULL,NULL,1,NULL,0,0,NULL),(164,112,123,1,NULL,NULL,1,NULL,0,0,NULL),(165,112,150,4,NULL,NULL,1,NULL,0,0,NULL),(166,123,26,8,NULL,NULL,1,NULL,0,0,NULL),(167,150,26,8,NULL,NULL,1,NULL,0,0,NULL),(168,112,26,8,NULL,NULL,1,NULL,0,0,NULL),(169,147,26,7,NULL,NULL,0,NULL,0,0,NULL),(170,123,147,2,NULL,NULL,0,NULL,0,0,NULL),(171,78,199,1,NULL,NULL,1,NULL,0,0,NULL),(172,174,199,1,NULL,NULL,1,NULL,0,0,NULL),(173,78,13,1,NULL,NULL,1,NULL,0,0,NULL),(174,174,13,1,NULL,NULL,1,NULL,0,0,NULL),(175,174,78,4,NULL,NULL,1,NULL,0,0,NULL),(176,13,113,8,NULL,NULL,1,NULL,0,0,NULL),(177,78,113,8,NULL,NULL,1,NULL,0,0,NULL),(178,174,113,8,NULL,NULL,1,NULL,0,0,NULL),(179,199,113,7,NULL,NULL,0,NULL,0,0,NULL),(180,13,199,2,NULL,NULL,0,NULL,0,0,NULL),(181,95,9,1,NULL,NULL,1,NULL,0,0,NULL),(182,170,9,1,NULL,NULL,1,NULL,0,0,NULL),(183,95,58,1,NULL,NULL,1,NULL,0,0,NULL),(184,170,58,1,NULL,NULL,1,NULL,0,0,NULL),(185,170,95,4,NULL,NULL,1,NULL,0,0,NULL),(186,58,45,8,NULL,NULL,1,NULL,0,0,NULL),(187,95,45,8,NULL,NULL,1,NULL,0,0,NULL),(188,170,45,8,NULL,NULL,1,NULL,0,0,NULL),(189,9,45,7,NULL,NULL,0,NULL,0,0,NULL),(190,58,9,2,NULL,NULL,0,NULL,0,0,NULL),(191,201,47,1,NULL,NULL,1,NULL,0,0,NULL),(192,180,47,1,NULL,NULL,1,NULL,0,0,NULL),(193,201,151,1,NULL,NULL,1,NULL,0,0,NULL),(194,180,151,1,NULL,NULL,1,NULL,0,0,NULL),(195,180,201,4,NULL,NULL,1,NULL,0,0,NULL),(196,151,169,8,NULL,NULL,1,NULL,0,0,NULL),(197,201,169,8,NULL,NULL,1,NULL,0,0,NULL),(198,180,169,8,NULL,NULL,1,NULL,0,0,NULL),(199,47,169,7,NULL,NULL,0,NULL,0,0,NULL),(200,151,47,2,NULL,NULL,0,NULL,0,0,NULL),(201,117,4,5,NULL,NULL,1,NULL,0,0,NULL),(202,185,7,5,NULL,NULL,1,NULL,0,0,NULL),(203,137,17,5,NULL,NULL,1,NULL,0,0,NULL),(204,162,27,5,NULL,NULL,1,NULL,0,0,NULL),(205,132,28,5,NULL,NULL,1,NULL,0,0,NULL),(206,18,31,5,NULL,NULL,1,NULL,0,0,NULL),(207,109,37,5,NULL,NULL,1,NULL,0,0,NULL),(208,15,42,5,NULL,NULL,1,NULL,0,0,NULL),(209,77,52,5,NULL,NULL,1,NULL,0,0,NULL),(210,32,64,5,NULL,NULL,1,NULL,0,0,NULL),(211,144,76,5,NULL,NULL,1,NULL,0,0,NULL),(212,170,81,5,NULL,NULL,1,NULL,0,0,NULL),(213,82,88,5,NULL,NULL,1,NULL,0,0,NULL),(214,163,91,5,NULL,NULL,1,NULL,0,0,NULL),(215,122,92,5,NULL,NULL,1,NULL,0,0,NULL),(216,90,124,5,NULL,NULL,1,NULL,0,0,NULL),(217,125,129,5,NULL,NULL,1,NULL,0,0,NULL),(218,178,133,5,NULL,NULL,1,NULL,0,0,NULL);
/*!40000 ALTER TABLE `civicrm_relationship` ENABLE KEYS */;
UNLOCK TABLES;

--
-- Dumping data for table `civicrm_relationship_type`
--

LOCK TABLES `civicrm_relationship_type` WRITE;
/*!40000 ALTER TABLE `civicrm_relationship_type` DISABLE KEYS */;
INSERT INTO `civicrm_relationship_type` (`id`, `name_a_b`, `label_a_b`, `name_b_a`, `label_b_a`, `description`, `contact_type_a`, `contact_type_b`, `contact_sub_type_a`, `contact_sub_type_b`, `is_reserved`, `is_active`) VALUES (1,'Child of','Child of','Parent of','Parent of','Parent/child relationship.','Individual','Individual',NULL,NULL,0,1),(2,'Spouse of','Spouse of','Spouse of','Spouse of','Spousal relationship.','Individual','Individual',NULL,NULL,0,1),(3,'Partner of','Partner of','Partner of','Partner of','Partner relationship.','Individual','Individual',NULL,NULL,0,1),(4,'Sibling of','Sibling of','Sibling of','Sibling of','Sibling relationship.','Individual','Individual',NULL,NULL,0,1),(5,'Employee of','Employee of','Employer of','Employer of','Employment relationship.','Individual','Organization',NULL,NULL,1,1),(6,'Volunteer for','Volunteer for','Volunteer is','Volunteer is','Volunteer relationship.','Individual','Organization',NULL,NULL,0,1),(7,'Head of Household for','Head of Household for','Head of Household is','Head of Household is','Head of household.','Individual','Household',NULL,NULL,1,1),(8,'Household Member of','Household Member of','Household Member is','Household Member is','Household membership.','Individual','Household',NULL,NULL,1,1),(9,'Case Coordinator is','Case Coordinator is','Case Coordinator','Case Coordinator','Case Coordinator','Individual','Individual',NULL,NULL,0,1),(10,'Supervised by','Supervised by','Supervisor','Supervisor','Immediate workplace supervisor','Individual','Individual',NULL,NULL,0,1);
/*!40000 ALTER TABLE `civicrm_relationship_type` ENABLE KEYS */;
UNLOCK TABLES;

--
-- Dumping data for table `civicrm_report_instance`
--

LOCK TABLES `civicrm_report_instance` WRITE;
/*!40000 ALTER TABLE `civicrm_report_instance` DISABLE KEYS */;
INSERT INTO `civicrm_report_instance` (`id`, `domain_id`, `title`, `report_id`, `name`, `args`, `description`, `permission`, `grouprole`, `form_values`, `is_active`, `created_id`, `owner_id`, `email_subject`, `email_to`, `email_cc`, `header`, `footer`, `navigation_id`, `drilldown_id`, `is_reserved`) VALUES (1,1,'Constituent Summary','contact/summary',NULL,NULL,'Provides a list of address and telephone information for constituent records in your system.','view all contacts',NULL,'a:31:{s:6:\"fields\";a:4:{s:9:\"sort_name\";s:1:\"1\";s:14:\"street_address\";s:1:\"1\";s:4:\"city\";s:1:\"1\";s:10:\"country_id\";s:1:\"1\";}s:12:\"sort_name_op\";s:3:\"has\";s:15:\"sort_name_value\";s:0:\"\";s:9:\"source_op\";s:3:\"has\";s:12:\"source_value\";s:0:\"\";s:6:\"id_min\";s:0:\"\";s:6:\"id_max\";s:0:\"\";s:5:\"id_op\";s:3:\"lte\";s:8:\"id_value\";s:0:\"\";s:13:\"country_id_op\";s:2:\"in\";s:16:\"country_id_value\";a:0:{}s:20:\"state_province_id_op\";s:2:\"in\";s:23:\"state_province_id_value\";a:0:{}s:6:\"gid_op\";s:2:\"in\";s:9:\"gid_value\";a:0:{}s:8:\"tagid_op\";s:2:\"in\";s:11:\"tagid_value\";a:0:{}s:11:\"custom_1_op\";s:2:\"in\";s:14:\"custom_1_value\";a:0:{}s:11:\"custom_2_op\";s:2:\"in\";s:14:\"custom_2_value\";a:0:{}s:17:\"custom_3_relative\";s:1:\"0\";s:13:\"custom_3_from\";s:0:\"\";s:11:\"custom_3_to\";s:0:\"\";s:11:\"description\";s:92:\"Provides a list of address and telephone information for constituent records in your system.\";s:13:\"email_subject\";s:0:\"\";s:8:\"email_to\";s:0:\"\";s:8:\"email_cc\";s:0:\"\";s:10:\"permission\";s:17:\"view all contacts\";s:6:\"groups\";s:0:\"\";s:9:\"domain_id\";i:1;}',NULL,NULL,NULL,NULL,NULL,NULL,NULL,NULL,NULL,NULL,0),(2,1,'Constituent Detail','contact/detail',NULL,NULL,'Provides contact-related information on contributions, memberships, events and activities.','view all contacts',NULL,'a:25:{s:6:\"fields\";a:30:{s:9:\"sort_name\";s:1:\"1\";s:10:\"country_id\";s:1:\"1\";s:15:\"contribution_id\";s:1:\"1\";s:12:\"total_amount\";s:1:\"1\";s:17:\"financial_type_id\";s:1:\"1\";s:12:\"receive_date\";s:1:\"1\";s:22:\"contribution_status_id\";s:1:\"1\";s:13:\"membership_id\";s:1:\"1\";s:18:\"membership_type_id\";s:1:\"1\";s:21:\"membership_start_date\";s:1:\"1\";s:19:\"membership_end_date\";s:1:\"1\";s:20:\"membership_status_id\";s:1:\"1\";s:14:\"participant_id\";s:1:\"1\";s:8:\"event_id\";s:1:\"1\";s:21:\"participant_status_id\";s:1:\"1\";s:7:\"role_id\";s:1:\"1\";s:25:\"participant_register_date\";s:1:\"1\";s:9:\"fee_level\";s:1:\"1\";s:10:\"fee_amount\";s:1:\"1\";s:15:\"relationship_id\";s:1:\"1\";s:20:\"relationship_type_id\";s:1:\"1\";s:12:\"contact_id_b\";s:1:\"1\";s:2:\"id\";s:1:\"1\";s:16:\"activity_type_id\";s:1:\"1\";s:7:\"subject\";s:1:\"1\";s:17:\"source_contact_id\";s:1:\"1\";s:18:\"activity_date_time\";s:1:\"1\";s:18:\"activity_status_id\";s:1:\"1\";s:17:\"target_contact_id\";s:1:\"1\";s:19:\"assignee_contact_id\";s:1:\"1\";}s:6:\"id_min\";s:0:\"\";s:6:\"id_max\";s:0:\"\";s:5:\"id_op\";s:3:\"lte\";s:8:\"id_value\";s:0:\"\";s:12:\"sort_name_op\";s:3:\"has\";s:15:\"sort_name_value\";s:0:\"\";s:6:\"gid_op\";s:2:\"in\";s:9:\"gid_value\";a:0:{}s:8:\"tagid_op\";s:2:\"in\";s:11:\"tagid_value\";a:0:{}s:11:\"custom_1_op\";s:2:\"in\";s:14:\"custom_1_value\";a:0:{}s:11:\"custom_2_op\";s:2:\"in\";s:14:\"custom_2_value\";a:0:{}s:17:\"custom_3_relative\";s:1:\"0\";s:13:\"custom_3_from\";s:0:\"\";s:11:\"custom_3_to\";s:0:\"\";s:11:\"description\";s:90:\"Provides contact-related information on contributions, memberships, events and activities.\";s:13:\"email_subject\";s:0:\"\";s:8:\"email_to\";s:0:\"\";s:8:\"email_cc\";s:0:\"\";s:10:\"permission\";s:17:\"view all contacts\";s:6:\"groups\";s:0:\"\";s:9:\"domain_id\";i:1;}',NULL,NULL,NULL,NULL,NULL,NULL,NULL,NULL,NULL,NULL,0),(3,1,'Activity Details','activity',NULL,NULL,'Provides a list of constituent activity including activity statistics for one/all contacts during a given date range(required)','view all contacts',NULL,'a:26:{s:6:\"fields\";a:6:{s:16:\"contact_assignee\";s:1:\"1\";s:14:\"contact_target\";s:1:\"1\";s:16:\"activity_type_id\";s:1:\"1\";s:16:\"activity_subject\";s:1:\"1\";s:18:\"activity_date_time\";s:1:\"1\";s:9:\"status_id\";s:1:\"1\";}s:17:\"contact_source_op\";s:3:\"has\";s:20:\"contact_source_value\";s:0:\"\";s:19:\"contact_assignee_op\";s:3:\"has\";s:22:\"contact_assignee_value\";s:0:\"\";s:17:\"contact_target_op\";s:3:\"has\";s:20:\"contact_target_value\";s:0:\"\";s:15:\"current_user_op\";s:2:\"eq\";s:18:\"current_user_value\";s:1:\"0\";s:27:\"activity_date_time_relative\";s:10:\"this.month\";s:23:\"activity_date_time_from\";s:0:\"\";s:21:\"activity_date_time_to\";s:0:\"\";s:19:\"activity_subject_op\";s:3:\"has\";s:22:\"activity_subject_value\";s:0:\"\";s:19:\"activity_type_id_op\";s:2:\"in\";s:22:\"activity_type_id_value\";a:0:{}s:12:\"status_id_op\";s:2:\"in\";s:15:\"status_id_value\";a:0:{}s:11:\"description\";s:126:\"Provides a list of constituent activity including activity statistics for one/all contacts during a given date range(required)\";s:13:\"email_subject\";s:0:\"\";s:8:\"email_to\";s:0:\"\";s:8:\"email_cc\";s:0:\"\";s:10:\"permission\";s:17:\"view all contacts\";s:6:\"groups\";s:0:\"\";s:9:\"group_bys\";N;s:9:\"domain_id\";i:1;}',NULL,NULL,NULL,NULL,NULL,NULL,NULL,NULL,NULL,NULL,0),(4,1,'Current Employers','contact/currentEmployer',NULL,NULL,'Provides detail list of employer employee relationships along with employment details.','view all contacts',NULL,'a:33:{s:6:\"fields\";a:5:{s:17:\"organization_name\";s:1:\"1\";s:9:\"sort_name\";s:1:\"1\";s:9:\"job_title\";s:1:\"1\";s:10:\"start_date\";s:1:\"1\";s:5:\"email\";s:1:\"1\";}s:20:\"organization_name_op\";s:3:\"has\";s:23:\"organization_name_value\";s:0:\"\";s:12:\"sort_name_op\";s:3:\"has\";s:15:\"sort_name_value\";s:0:\"\";s:6:\"id_min\";s:0:\"\";s:6:\"id_max\";s:0:\"\";s:5:\"id_op\";s:3:\"lte\";s:8:\"id_value\";s:0:\"\";s:19:\"start_date_relative\";s:1:\"0\";s:15:\"start_date_from\";s:0:\"\";s:13:\"start_date_to\";s:0:\"\";s:13:\"country_id_op\";s:2:\"in\";s:16:\"country_id_value\";a:0:{}s:20:\"state_province_id_op\";s:2:\"in\";s:23:\"state_province_id_value\";a:0:{}s:6:\"gid_op\";s:2:\"in\";s:9:\"gid_value\";a:0:{}s:8:\"tagid_op\";s:2:\"in\";s:11:\"tagid_value\";a:0:{}s:11:\"custom_1_op\";s:2:\"in\";s:14:\"custom_1_value\";a:0:{}s:11:\"custom_2_op\";s:2:\"in\";s:14:\"custom_2_value\";a:0:{}s:17:\"custom_3_relative\";s:1:\"0\";s:13:\"custom_3_from\";s:0:\"\";s:11:\"custom_3_to\";s:0:\"\";s:11:\"description\";s:98:\"Provides detail list of employer employee relationships along with employment details Ex Join Date\";s:13:\"email_subject\";s:0:\"\";s:8:\"email_to\";s:0:\"\";s:8:\"email_cc\";s:0:\"\";s:10:\"permission\";s:17:\"view all contacts\";s:9:\"domain_id\";i:1;}',NULL,NULL,NULL,NULL,NULL,NULL,NULL,NULL,NULL,NULL,0),(5,1,'Relationships','contact/relationship',NULL,NULL,'Gives relationship details between two contacts','view all contacts',NULL,'a:28:{s:6:\"fields\";a:4:{s:11:\"sort_name_a\";s:1:\"1\";s:11:\"sort_name_b\";s:1:\"1\";s:9:\"label_a_b\";s:1:\"1\";s:9:\"label_b_a\";s:1:\"1\";}s:14:\"sort_name_a_op\";s:3:\"has\";s:17:\"sort_name_a_value\";s:0:\"\";s:14:\"sort_name_b_op\";s:3:\"has\";s:17:\"sort_name_b_value\";s:0:\"\";s:17:\"contact_type_a_op\";s:2:\"in\";s:20:\"contact_type_a_value\";a:0:{}s:17:\"contact_type_b_op\";s:2:\"in\";s:20:\"contact_type_b_value\";a:0:{}s:12:\"is_active_op\";s:2:\"eq\";s:15:\"is_active_value\";s:0:\"\";s:23:\"relationship_type_id_op\";s:2:\"eq\";s:26:\"relationship_type_id_value\";s:0:\"\";s:13:\"country_id_op\";s:2:\"in\";s:16:\"country_id_value\";a:0:{}s:20:\"state_province_id_op\";s:2:\"in\";s:23:\"state_province_id_value\";a:0:{}s:6:\"gid_op\";s:2:\"in\";s:9:\"gid_value\";a:0:{}s:8:\"tagid_op\";s:2:\"in\";s:11:\"tagid_value\";a:0:{}s:11:\"description\";s:19:\"Relationship Report\";s:13:\"email_subject\";s:0:\"\";s:8:\"email_to\";s:0:\"\";s:8:\"email_cc\";s:0:\"\";s:10:\"permission\";s:17:\"view all contacts\";s:6:\"groups\";s:0:\"\";s:9:\"domain_id\";i:1;}',NULL,NULL,NULL,NULL,NULL,NULL,NULL,NULL,NULL,NULL,0),(6,1,'Activity Summary','activitySummary',NULL,NULL,'Shows activity statistics by type / date','view all contacts',NULL,'a:26:{s:6:\"fields\";a:4:{s:16:\"activity_type_id\";s:1:\"1\";s:9:\"status_id\";s:1:\"1\";s:8:\"duration\";s:1:\"1\";s:2:\"id\";s:1:\"1\";}s:12:\"sort_name_op\";s:3:\"has\";s:15:\"sort_name_value\";s:0:\"\";s:27:\"activity_date_time_relative\";s:0:\"\";s:23:\"activity_date_time_from\";s:0:\"\";s:21:\"activity_date_time_to\";s:0:\"\";s:19:\"activity_type_id_op\";s:2:\"in\";s:22:\"activity_type_id_value\";a:0:{}s:12:\"status_id_op\";s:2:\"in\";s:15:\"status_id_value\";a:0:{}s:14:\"priority_id_op\";s:2:\"in\";s:17:\"priority_id_value\";a:0:{}s:6:\"gid_op\";s:2:\"in\";s:9:\"gid_value\";a:0:{}s:9:\"group_bys\";a:2:{s:16:\"activity_type_id\";s:1:\"1\";s:9:\"status_id\";s:1:\"1\";}s:14:\"group_bys_freq\";a:1:{s:18:\"activity_date_time\";s:5:\"MONTH\";}s:9:\"order_bys\";a:1:{i:1;a:2:{s:6:\"column\";s:16:\"activity_type_id\";s:5:\"order\";s:3:\"ASC\";}}s:11:\"description\";s:40:\"Shows activity statistics by type / date\";s:13:\"email_subject\";s:0:\"\";s:8:\"email_to\";s:0:\"\";s:8:\"email_cc\";s:0:\"\";s:9:\"row_count\";s:0:\"\";s:10:\"permission\";s:17:\"view all contacts\";s:9:\"parent_id\";s:0:\"\";s:6:\"groups\";s:0:\"\";s:11:\"instance_id\";N;}',NULL,NULL,NULL,NULL,NULL,NULL,NULL,NULL,NULL,NULL,0),(7,1,'Contribution Summary','contribute/summary',NULL,NULL,'Groups and totals contributions by criteria including contact, time period, contribution type, contributor location, etc.','access CiviContribute',NULL,'a:42:{s:6:\"fields\";a:1:{s:12:\"total_amount\";s:1:\"1\";}s:13:\"country_id_op\";s:2:\"in\";s:16:\"country_id_value\";a:0:{}s:20:\"state_province_id_op\";s:2:\"in\";s:23:\"state_province_id_value\";a:0:{}s:21:\"receive_date_relative\";s:1:\"0\";s:17:\"receive_date_from\";s:0:\"\";s:15:\"receive_date_to\";s:0:\"\";s:25:\"contribution_status_id_op\";s:2:\"in\";s:28:\"contribution_status_id_value\";a:1:{i:0;s:1:\"1\";}s:20:\"financial_type_id_op\";s:2:\"in\";s:23:\"financial_type_id_value\";a:0:{}s:16:\"total_amount_min\";s:0:\"\";s:16:\"total_amount_max\";s:0:\"\";s:15:\"total_amount_op\";s:3:\"lte\";s:18:\"total_amount_value\";s:0:\"\";s:13:\"total_sum_min\";s:0:\"\";s:13:\"total_sum_max\";s:0:\"\";s:12:\"total_sum_op\";s:3:\"lte\";s:15:\"total_sum_value\";s:0:\"\";s:15:\"total_count_min\";s:0:\"\";s:15:\"total_count_max\";s:0:\"\";s:14:\"total_count_op\";s:3:\"lte\";s:17:\"total_count_value\";s:0:\"\";s:13:\"total_avg_min\";s:0:\"\";s:13:\"total_avg_max\";s:0:\"\";s:12:\"total_avg_op\";s:3:\"lte\";s:15:\"total_avg_value\";s:0:\"\";s:6:\"gid_op\";s:2:\"in\";s:9:\"gid_value\";a:0:{}s:8:\"tagid_op\";s:2:\"in\";s:11:\"tagid_value\";a:0:{}s:9:\"group_bys\";a:1:{s:12:\"receive_date\";s:1:\"1\";}s:14:\"group_bys_freq\";a:1:{s:12:\"receive_date\";s:5:\"MONTH\";}s:11:\"description\";s:80:\"Shows contribution statistics by month / week / year .. country / state .. type.\";s:13:\"email_subject\";s:0:\"\";s:8:\"email_to\";s:0:\"\";s:8:\"email_cc\";s:0:\"\";s:10:\"permission\";s:21:\"access CiviContribute\";s:6:\"groups\";s:0:\"\";s:6:\"charts\";s:0:\"\";s:9:\"domain_id\";i:1;}',NULL,NULL,NULL,NULL,NULL,NULL,NULL,NULL,NULL,NULL,0),(8,1,'Contribution Details','contribute/detail',NULL,NULL,'Lists specific contributions by criteria including contact, time period, contribution type, contributor location, etc. Contribution summary report points to this report for contribution details.','access CiviContribute',NULL,'a:56:{s:6:\"fields\";a:7:{s:9:\"sort_name\";s:1:\"1\";s:5:\"email\";s:1:\"1\";s:5:\"phone\";s:1:\"1\";s:17:\"financial_type_id\";s:1:\"1\";s:12:\"receive_date\";s:1:\"1\";s:12:\"total_amount\";s:1:\"1\";s:10:\"country_id\";s:1:\"1\";}s:12:\"sort_name_op\";s:3:\"has\";s:15:\"sort_name_value\";s:0:\"\";s:6:\"id_min\";s:0:\"\";s:6:\"id_max\";s:0:\"\";s:5:\"id_op\";s:3:\"lte\";s:8:\"id_value\";s:0:\"\";s:21:\"receive_date_relative\";s:0:\"\";s:17:\"receive_date_from\";s:0:\"\";s:15:\"receive_date_to\";s:0:\"\";s:20:\"financial_type_id_op\";s:2:\"in\";s:23:\"financial_type_id_value\";a:0:{}s:24:\"payment_instrument_id_op\";s:2:\"in\";s:27:\"payment_instrument_id_value\";a:0:{}s:25:\"contribution_status_id_op\";s:2:\"in\";s:28:\"contribution_status_id_value\";a:1:{i:0;s:1:\"1\";}s:16:\"total_amount_min\";s:0:\"\";s:16:\"total_amount_max\";s:0:\"\";s:15:\"total_amount_op\";s:3:\"lte\";s:18:\"total_amount_value\";s:0:\"\";s:6:\"gid_op\";s:2:\"in\";s:9:\"gid_value\";a:0:{}s:13:\"ordinality_op\";s:2:\"in\";s:16:\"ordinality_value\";a:0:{}s:7:\"note_op\";s:3:\"has\";s:10:\"note_value\";s:0:\"\";s:17:\"street_number_min\";s:0:\"\";s:17:\"street_number_max\";s:0:\"\";s:16:\"street_number_op\";s:3:\"lte\";s:19:\"street_number_value\";s:0:\"\";s:14:\"street_name_op\";s:3:\"has\";s:17:\"street_name_value\";s:0:\"\";s:15:\"postal_code_min\";s:0:\"\";s:15:\"postal_code_max\";s:0:\"\";s:14:\"postal_code_op\";s:3:\"lte\";s:17:\"postal_code_value\";s:0:\"\";s:7:\"city_op\";s:3:\"has\";s:10:\"city_value\";s:0:\"\";s:12:\"county_id_op\";s:2:\"in\";s:15:\"county_id_value\";a:0:{}s:20:\"state_province_id_op\";s:2:\"in\";s:23:\"state_province_id_value\";a:0:{}s:13:\"country_id_op\";s:2:\"in\";s:16:\"country_id_value\";a:0:{}s:8:\"tagid_op\";s:2:\"in\";s:11:\"tagid_value\";a:0:{}s:9:\"order_bys\";a:1:{i:1;a:2:{s:6:\"column\";s:9:\"sort_name\";s:5:\"order\";s:3:\"ASC\";}}s:11:\"description\";s:194:\"Lists specific contributions by criteria including contact, time period, contribution type, contributor location, etc. Contribution summary report points to this report for contribution details.\";s:13:\"email_subject\";s:0:\"\";s:8:\"email_to\";s:0:\"\";s:8:\"email_cc\";s:0:\"\";s:10:\"permission\";s:21:\"access CiviContribute\";s:9:\"parent_id\";s:0:\"\";s:6:\"groups\";s:0:\"\";s:9:\"domain_id\";i:1;s:11:\"is_reserved\";b:0;}',NULL,NULL,NULL,NULL,NULL,NULL,NULL,NULL,NULL,NULL,0),(9,1,'Repeat Contributions','contribute/repeat',NULL,NULL,'Given two date ranges, shows contacts who contributed in both the date ranges with the amount contributed in each and the percentage increase / decrease.','access CiviContribute',NULL,'a:29:{s:6:\"fields\";a:3:{s:9:\"sort_name\";s:1:\"1\";s:13:\"total_amount1\";s:1:\"1\";s:13:\"total_amount2\";s:1:\"1\";}s:22:\"receive_date1_relative\";s:13:\"previous.year\";s:18:\"receive_date1_from\";s:0:\"\";s:16:\"receive_date1_to\";s:0:\"\";s:22:\"receive_date2_relative\";s:9:\"this.year\";s:18:\"receive_date2_from\";s:0:\"\";s:16:\"receive_date2_to\";s:0:\"\";s:17:\"total_amount1_min\";s:0:\"\";s:17:\"total_amount1_max\";s:0:\"\";s:16:\"total_amount1_op\";s:3:\"lte\";s:19:\"total_amount1_value\";s:0:\"\";s:17:\"total_amount2_min\";s:0:\"\";s:17:\"total_amount2_max\";s:0:\"\";s:16:\"total_amount2_op\";s:3:\"lte\";s:19:\"total_amount2_value\";s:0:\"\";s:25:\"contribution_status_id_op\";s:2:\"in\";s:28:\"contribution_status_id_value\";a:1:{i:0;s:1:\"1\";}s:6:\"gid_op\";s:2:\"in\";s:9:\"gid_value\";a:0:{}s:8:\"tagid_op\";s:2:\"in\";s:11:\"tagid_value\";a:0:{}s:9:\"group_bys\";a:1:{s:2:\"id\";s:1:\"1\";}s:11:\"description\";s:140:\"Given two date ranges, shows contacts (and their contributions) who contributed in both the date ranges with percentage increase / decrease.\";s:13:\"email_subject\";s:0:\"\";s:8:\"email_to\";s:0:\"\";s:8:\"email_cc\";s:0:\"\";s:10:\"permission\";s:21:\"access CiviContribute\";s:6:\"groups\";s:0:\"\";s:9:\"domain_id\";i:1;}',NULL,NULL,NULL,NULL,NULL,NULL,NULL,NULL,NULL,NULL,0),(10,1,'SYBUNT (some year but not this year)','contribute/sybunt',NULL,NULL,'Some year(s) but not this year. Provides a list of constituents who donated at some time in the history of your organization but did not donate during the time period you specify.','access CiviContribute',NULL,'a:18:{s:6:\"fields\";a:3:{s:9:\"sort_name\";s:1:\"1\";s:5:\"email\";s:1:\"1\";s:5:\"phone\";s:1:\"1\";}s:12:\"sort_name_op\";s:3:\"has\";s:15:\"sort_name_value\";s:0:\"\";s:6:\"yid_op\";s:2:\"eq\";s:9:\"yid_value\";s:4:\"2011\";s:25:\"contribution_status_id_op\";s:2:\"in\";s:28:\"contribution_status_id_value\";a:1:{i:0;s:1:\"1\";}s:6:\"gid_op\";s:2:\"in\";s:9:\"gid_value\";a:0:{}s:8:\"tagid_op\";s:2:\"in\";s:11:\"tagid_value\";a:0:{}s:11:\"description\";s:179:\"Some year(s) but not this year. Provides a list of constituents who donated at some time in the history of your organization but did not donate during the time period you specify.\";s:13:\"email_subject\";s:0:\"\";s:8:\"email_to\";s:0:\"\";s:8:\"email_cc\";s:0:\"\";s:10:\"permission\";s:21:\"access CiviContribute\";s:6:\"charts\";s:0:\"\";s:9:\"domain_id\";i:1;}',NULL,NULL,NULL,NULL,NULL,NULL,NULL,NULL,NULL,NULL,0),(11,1,'LYBUNT (last year but not this year)','contribute/lybunt',NULL,NULL,'Last year but not this year. Provides a list of constituents who donated last year but did not donate during the time period you specify as the current year.','access CiviContribute',NULL,'a:19:{s:6:\"fields\";a:3:{s:9:\"sort_name\";s:1:\"1\";s:5:\"email\";s:1:\"1\";s:5:\"phone\";s:1:\"1\";}s:12:\"sort_name_op\";s:3:\"has\";s:15:\"sort_name_value\";s:0:\"\";s:6:\"yid_op\";s:2:\"eq\";s:9:\"yid_value\";s:4:\"2011\";s:25:\"contribution_status_id_op\";s:2:\"in\";s:28:\"contribution_status_id_value\";a:1:{i:0;s:1:\"1\";}s:6:\"gid_op\";s:2:\"in\";s:9:\"gid_value\";a:0:{}s:8:\"tagid_op\";s:2:\"in\";s:11:\"tagid_value\";a:0:{}s:11:\"description\";s:157:\"Last year but not this year. Provides a list of constituents who donated last year but did not donate during the time period you specify as the current year.\";s:13:\"email_subject\";s:0:\"\";s:8:\"email_to\";s:0:\"\";s:8:\"email_cc\";s:0:\"\";s:10:\"permission\";s:21:\"access CiviContribute\";s:6:\"groups\";s:0:\"\";s:6:\"charts\";s:0:\"\";s:9:\"domain_id\";i:1;}',NULL,NULL,NULL,NULL,NULL,NULL,NULL,NULL,NULL,NULL,0),(12,1,'Contributions by Organization','contribute/organizationSummary',NULL,NULL,'Displays a detailed list of contributions grouped by organization, which includes contributions made by employees for the organisation.','access CiviContribute',NULL,'a:20:{s:6:\"fields\";a:5:{s:17:\"organization_name\";s:1:\"1\";s:9:\"sort_name\";s:1:\"1\";s:12:\"total_amount\";s:1:\"1\";s:22:\"contribution_status_id\";s:1:\"1\";s:12:\"receive_date\";s:1:\"1\";}s:20:\"organization_name_op\";s:3:\"has\";s:23:\"organization_name_value\";s:0:\"\";s:23:\"relationship_type_id_op\";s:2:\"eq\";s:26:\"relationship_type_id_value\";s:5:\"4_b_a\";s:21:\"receive_date_relative\";s:1:\"0\";s:17:\"receive_date_from\";s:0:\"\";s:15:\"receive_date_to\";s:0:\"\";s:16:\"total_amount_min\";s:0:\"\";s:16:\"total_amount_max\";s:0:\"\";s:15:\"total_amount_op\";s:3:\"lte\";s:18:\"total_amount_value\";s:0:\"\";s:25:\"contribution_status_id_op\";s:2:\"in\";s:28:\"contribution_status_id_value\";a:1:{i:0;s:1:\"1\";}s:11:\"description\";s:193:\"Displays a detailed contribution report for Organization relationships with contributors, as to if contribution done was  from an employee of some organization or from that Organization itself.\";s:13:\"email_subject\";s:0:\"\";s:8:\"email_to\";s:0:\"\";s:8:\"email_cc\";s:0:\"\";s:10:\"permission\";s:21:\"access CiviContribute\";s:9:\"domain_id\";i:1;}',NULL,NULL,NULL,NULL,NULL,NULL,NULL,NULL,NULL,NULL,0),(13,1,'Contributions by Household','contribute/householdSummary',NULL,NULL,'Displays a detailed list of contributions grouped by household which includes contributions made by members of the household.','access CiviContribute',NULL,'a:21:{s:6:\"fields\";a:5:{s:14:\"household_name\";s:1:\"1\";s:9:\"sort_name\";s:1:\"1\";s:12:\"total_amount\";s:1:\"1\";s:22:\"contribution_status_id\";s:1:\"1\";s:12:\"receive_date\";s:1:\"1\";}s:17:\"household_name_op\";s:3:\"has\";s:20:\"household_name_value\";s:0:\"\";s:23:\"relationship_type_id_op\";s:2:\"eq\";s:26:\"relationship_type_id_value\";s:5:\"6_b_a\";s:21:\"receive_date_relative\";s:1:\"0\";s:17:\"receive_date_from\";s:0:\"\";s:15:\"receive_date_to\";s:0:\"\";s:16:\"total_amount_min\";s:0:\"\";s:16:\"total_amount_max\";s:0:\"\";s:15:\"total_amount_op\";s:3:\"lte\";s:18:\"total_amount_value\";s:0:\"\";s:25:\"contribution_status_id_op\";s:2:\"in\";s:28:\"contribution_status_id_value\";a:1:{i:0;s:1:\"1\";}s:11:\"description\";s:213:\"Provides a detailed report for Contributions made by contributors(Or Household itself) who are having a relationship with household (For ex a Contributor is Head of Household for some household or is a member of.)\";s:13:\"email_subject\";s:0:\"\";s:8:\"email_to\";s:0:\"\";s:8:\"email_cc\";s:0:\"\";s:10:\"permission\";s:21:\"access CiviContribute\";s:6:\"groups\";s:0:\"\";s:9:\"domain_id\";i:1;}',NULL,NULL,NULL,NULL,NULL,NULL,NULL,NULL,NULL,NULL,0),(14,1,'Top Donors','contribute/topDonor',NULL,NULL,'Provides a list of the top donors during a time period you define. You can include as many donors as you want (for example, top 100 of your donors).','access CiviContribute',NULL,'a:20:{s:6:\"fields\";a:2:{s:12:\"display_name\";s:1:\"1\";s:12:\"total_amount\";s:1:\"1\";}s:21:\"receive_date_relative\";s:9:\"this.year\";s:17:\"receive_date_from\";s:0:\"\";s:15:\"receive_date_to\";s:0:\"\";s:15:\"total_range_min\";s:0:\"\";s:15:\"total_range_max\";s:0:\"\";s:14:\"total_range_op\";s:2:\"eq\";s:17:\"total_range_value\";s:0:\"\";s:20:\"financial_type_id_op\";s:2:\"in\";s:23:\"financial_type_id_value\";a:0:{}s:25:\"contribution_status_id_op\";s:2:\"in\";s:28:\"contribution_status_id_value\";a:1:{i:0;s:1:\"1\";}s:6:\"gid_op\";s:2:\"in\";s:9:\"gid_value\";a:0:{}s:11:\"description\";s:148:\"Provides a list of the top donors during a time period you define. You can include as many donors as you want (for example, top 100 of your donors).\";s:13:\"email_subject\";s:0:\"\";s:8:\"email_to\";s:0:\"\";s:8:\"email_cc\";s:0:\"\";s:10:\"permission\";s:21:\"access CiviContribute\";s:6:\"groups\";s:0:\"\";}',NULL,NULL,NULL,NULL,NULL,NULL,NULL,NULL,NULL,NULL,0),(15,1,'Soft Credits','contribute/softcredit',NULL,NULL,'Shows contributions made by contacts that have been soft-credited to other contacts.','access CiviContribute',NULL,'a:23:{s:6:\"fields\";a:5:{s:21:\"display_name_creditor\";s:1:\"1\";s:24:\"display_name_constituent\";s:1:\"1\";s:14:\"email_creditor\";s:1:\"1\";s:14:\"phone_creditor\";s:1:\"1\";s:6:\"amount\";s:1:\"1\";}s:5:\"id_op\";s:2:\"in\";s:8:\"id_value\";a:0:{}s:21:\"receive_date_relative\";s:1:\"0\";s:17:\"receive_date_from\";s:0:\"\";s:15:\"receive_date_to\";s:0:\"\";s:25:\"contribution_status_id_op\";s:2:\"in\";s:28:\"contribution_status_id_value\";a:1:{i:0;s:1:\"1\";}s:10:\"amount_min\";s:0:\"\";s:10:\"amount_max\";s:0:\"\";s:9:\"amount_op\";s:3:\"lte\";s:12:\"amount_value\";s:0:\"\";s:6:\"gid_op\";s:2:\"in\";s:9:\"gid_value\";a:0:{}s:8:\"tagid_op\";s:2:\"in\";s:11:\"tagid_value\";a:0:{}s:11:\"description\";s:20:\"Soft Credit details.\";s:13:\"email_subject\";s:0:\"\";s:8:\"email_to\";s:0:\"\";s:8:\"email_cc\";s:0:\"\";s:10:\"permission\";s:21:\"access CiviContribute\";s:6:\"groups\";s:0:\"\";s:9:\"domain_id\";i:1;}',NULL,NULL,NULL,NULL,NULL,NULL,NULL,NULL,NULL,NULL,0),(16,1,'Contribution Aggregate by Relationship','contribute/history',NULL,NULL,'List contact\'s donation history, grouped by year, along with contributions attributed to any of the contact\'s related contacts.','access CiviContribute',NULL,'a:41:{s:6:\"fields\";a:7:{s:9:\"sort_name\";s:1:\"1\";s:20:\"relationship_type_id\";s:1:\"1\";s:17:\"civicrm_upto_2009\";s:1:\"1\";i:2010;s:1:\"1\";i:2011;s:1:\"1\";i:2012;s:1:\"1\";i:2013;s:1:\"1\";}s:12:\"sort_name_op\";s:3:\"has\";s:15:\"sort_name_value\";s:0:\"\";s:6:\"id_min\";s:0:\"\";s:6:\"id_max\";s:0:\"\";s:5:\"id_op\";s:3:\"lte\";s:8:\"id_value\";s:0:\"\";s:23:\"relationship_type_id_op\";s:2:\"in\";s:26:\"relationship_type_id_value\";a:0:{}s:12:\"this_year_op\";s:2:\"eq\";s:15:\"this_year_value\";s:0:\"\";s:13:\"other_year_op\";s:2:\"eq\";s:16:\"other_year_value\";s:0:\"\";s:21:\"receive_date_relative\";s:0:\"\";s:17:\"receive_date_from\";s:0:\"\";s:15:\"receive_date_to\";s:0:\"\";s:25:\"contribution_status_id_op\";s:2:\"in\";s:28:\"contribution_status_id_value\";a:1:{i:0;s:1:\"1\";}s:20:\"financial_type_id_op\";s:2:\"in\";s:23:\"financial_type_id_value\";a:0:{}s:16:\"total_amount_min\";s:0:\"\";s:16:\"total_amount_max\";s:0:\"\";s:15:\"total_amount_op\";s:3:\"lte\";s:18:\"total_amount_value\";s:0:\"\";s:13:\"total_sum_min\";s:0:\"\";s:13:\"total_sum_max\";s:0:\"\";s:12:\"total_sum_op\";s:3:\"lte\";s:15:\"total_sum_value\";s:0:\"\";s:6:\"gid_op\";s:2:\"in\";s:9:\"gid_value\";a:0:{}s:8:\"tagid_op\";s:2:\"in\";s:11:\"tagid_value\";a:0:{}s:11:\"description\";s:127:\"List contact\'s donation history, grouped by year, along with contributions attributed to any of the contact\'s related contacts.\";s:13:\"email_subject\";s:0:\"\";s:8:\"email_to\";s:0:\"\";s:8:\"email_cc\";s:0:\"\";s:10:\"permission\";s:21:\"access CiviContribute\";s:9:\"parent_id\";s:0:\"\";s:6:\"groups\";s:0:\"\";s:9:\"domain_id\";i:1;s:11:\"is_reserved\";b:0;}',NULL,NULL,NULL,NULL,NULL,NULL,NULL,NULL,NULL,NULL,0),(17,1,'Personal Campaign Page Summary','contribute/pcp',NULL,NULL,'Summarizes amount raised and number of contributors for each Personal Campaign Page.','access CiviContribute',NULL,'a:22:{s:6:\"fields\";a:8:{s:9:\"sort_name\";s:1:\"1\";s:10:\"page_title\";s:1:\"1\";s:5:\"title\";s:1:\"1\";s:11:\"goal_amount\";s:1:\"1\";s:8:\"amount_1\";s:1:\"1\";s:8:\"amount_2\";s:1:\"1\";s:7:\"soft_id\";s:1:\"1\";s:12:\"receive_date\";s:1:\"1\";}s:12:\"sort_name_op\";s:3:\"has\";s:15:\"sort_name_value\";s:0:\"\";s:6:\"id_min\";s:0:\"\";s:6:\"id_max\";s:0:\"\";s:5:\"id_op\";s:3:\"lte\";s:8:\"id_value\";s:0:\"\";s:13:\"page_title_op\";s:3:\"has\";s:16:\"page_title_value\";s:0:\"\";s:8:\"title_op\";s:3:\"has\";s:11:\"title_value\";s:0:\"\";s:12:\"amount_2_min\";s:0:\"\";s:12:\"amount_2_max\";s:0:\"\";s:11:\"amount_2_op\";s:3:\"lte\";s:14:\"amount_2_value\";s:0:\"\";s:11:\"description\";s:35:\"Shows Personal Campaign Page Report\";s:13:\"email_subject\";s:0:\"\";s:8:\"email_to\";s:0:\"\";s:8:\"email_cc\";s:0:\"\";s:10:\"permission\";s:21:\"access CiviContribute\";s:6:\"groups\";s:0:\"\";s:9:\"domain_id\";i:1;}',NULL,NULL,NULL,NULL,NULL,NULL,NULL,NULL,NULL,NULL,0),(18,1,'Pledge Detail','pledge/detail',NULL,NULL,'List of pledges including amount pledged, pledge status, next payment date, balance due, total amount paid etc.','access CiviPledge',NULL,'a:27:{s:6:\"fields\";a:4:{s:9:\"sort_name\";s:1:\"1\";s:10:\"country_id\";s:1:\"1\";s:6:\"amount\";s:1:\"1\";s:9:\"status_id\";s:1:\"1\";}s:12:\"sort_name_op\";s:3:\"has\";s:15:\"sort_name_value\";s:0:\"\";s:6:\"id_min\";s:0:\"\";s:6:\"id_max\";s:0:\"\";s:5:\"id_op\";s:3:\"lte\";s:8:\"id_value\";s:0:\"\";s:27:\"pledge_create_date_relative\";s:1:\"0\";s:23:\"pledge_create_date_from\";s:0:\"\";s:21:\"pledge_create_date_to\";s:0:\"\";s:17:\"pledge_amount_min\";s:0:\"\";s:17:\"pledge_amount_max\";s:0:\"\";s:16:\"pledge_amount_op\";s:3:\"lte\";s:19:\"pledge_amount_value\";s:0:\"\";s:6:\"sid_op\";s:2:\"in\";s:9:\"sid_value\";a:0:{}s:6:\"gid_op\";s:2:\"in\";s:9:\"gid_value\";a:0:{}s:8:\"tagid_op\";s:2:\"in\";s:11:\"tagid_value\";a:0:{}s:11:\"description\";s:13:\"Pledge Report\";s:13:\"email_subject\";s:0:\"\";s:8:\"email_to\";s:0:\"\";s:8:\"email_cc\";s:0:\"\";s:10:\"permission\";s:17:\"access CiviPledge\";s:6:\"groups\";s:0:\"\";s:9:\"domain_id\";i:1;}',NULL,NULL,NULL,NULL,NULL,NULL,NULL,NULL,NULL,NULL,0),(19,1,'Pledged But not Paid','pledge/pbnp',NULL,NULL,'Pledged but not Paid Report','access CiviPledge',NULL,'a:17:{s:6:\"fields\";a:5:{s:9:\"sort_name\";s:1:\"1\";s:18:\"pledge_create_date\";s:1:\"1\";s:6:\"amount\";s:1:\"1\";s:14:\"scheduled_date\";s:1:\"1\";s:10:\"country_id\";s:1:\"1\";}s:27:\"pledge_create_date_relative\";s:1:\"0\";s:23:\"pledge_create_date_from\";s:0:\"\";s:21:\"pledge_create_date_to\";s:0:\"\";s:20:\"financial_type_id_op\";s:2:\"in\";s:23:\"financial_type_id_value\";a:0:{}s:6:\"gid_op\";s:2:\"in\";s:9:\"gid_value\";a:0:{}s:8:\"tagid_op\";s:2:\"in\";s:11:\"tagid_value\";a:0:{}s:11:\"description\";s:27:\"Pledged but not Paid Report\";s:13:\"email_subject\";s:0:\"\";s:8:\"email_to\";s:0:\"\";s:8:\"email_cc\";s:0:\"\";s:10:\"permission\";s:17:\"access CiviPledge\";s:6:\"groups\";s:0:\"\";s:9:\"domain_id\";i:1;}',NULL,NULL,NULL,NULL,NULL,NULL,NULL,NULL,NULL,NULL,0),(20,1,'Bookkeeping Transactions','contribute/bookkeeping',NULL,NULL,'Provides transaction details for all contributions and payments, including Transaction #, Invoice ID, Payment Instrument and Check #.','access CiviContribute',NULL,'a:40:{s:6:\"fields\";a:12:{s:9:\"sort_name\";s:1:\"1\";s:21:\"debit_accounting_code\";s:1:\"1\";s:22:\"credit_accounting_code\";s:1:\"1\";s:17:\"financial_type_id\";s:1:\"1\";s:12:\"receive_date\";s:1:\"1\";s:22:\"contribution_status_id\";s:1:\"1\";s:2:\"id\";s:1:\"1\";s:12:\"check_number\";s:1:\"1\";s:21:\"payment_instrument_id\";s:1:\"1\";s:9:\"trxn_date\";s:1:\"1\";s:7:\"trxn_id\";s:1:\"1\";s:6:\"amount\";s:1:\"1\";}s:12:\"sort_name_op\";s:3:\"has\";s:15:\"sort_name_value\";s:0:\"\";s:6:\"id_min\";s:0:\"\";s:6:\"id_max\";s:0:\"\";s:5:\"id_op\";s:3:\"lte\";s:8:\"id_value\";s:0:\"\";s:24:\"debit_accounting_code_op\";s:2:\"in\";s:27:\"debit_accounting_code_value\";a:0:{}s:25:\"credit_accounting_code_op\";s:2:\"in\";s:28:\"credit_accounting_code_value\";a:0:{}s:13:\"debit_name_op\";s:2:\"in\";s:16:\"debit_name_value\";a:0:{}s:14:\"credit_name_op\";s:2:\"in\";s:17:\"credit_name_value\";a:0:{}s:20:\"financial_type_id_op\";s:2:\"in\";s:23:\"financial_type_id_value\";a:0:{}s:21:\"receive_date_relative\";s:1:\"0\";s:17:\"receive_date_from\";s:0:\"\";s:15:\"receive_date_to\";s:0:\"\";s:25:\"contribution_status_id_op\";s:2:\"in\";s:28:\"contribution_status_id_value\";a:1:{i:0;s:1:\"1\";}s:24:\"payment_instrument_id_op\";s:2:\"in\";s:27:\"payment_instrument_id_value\";a:0:{}s:18:\"trxn_date_relative\";s:1:\"0\";s:14:\"trxn_date_from\";s:0:\"\";s:12:\"trxn_date_to\";s:0:\"\";s:10:\"amount_min\";s:0:\"\";s:10:\"amount_max\";s:0:\"\";s:9:\"amount_op\";s:3:\"lte\";s:12:\"amount_value\";s:0:\"\";s:11:\"description\";s:133:\"Provides transaction details for all contributions and payments, including Transaction #, Invoice ID, Payment Instrument and Check #.\";s:13:\"email_subject\";s:0:\"\";s:8:\"email_to\";s:0:\"\";s:8:\"email_cc\";s:0:\"\";s:10:\"permission\";s:21:\"access CiviContribute\";s:9:\"parent_id\";s:0:\"\";s:6:\"groups\";s:0:\"\";s:9:\"domain_id\";i:1;s:11:\"is_reserved\";b:0;}',NULL,NULL,NULL,NULL,NULL,NULL,NULL,NULL,NULL,NULL,0),(21,1,'Recurring Contributions','contribute/recur',NULL,NULL,'Provides information about the status of recurring contributions','access CiviContribute',NULL,'a:39:{s:6:\"fields\";a:7:{s:9:\"sort_name\";s:1:\"1\";s:6:\"amount\";s:1:\"1\";s:22:\"contribution_status_id\";s:1:\"1\";s:18:\"frequency_interval\";s:1:\"1\";s:14:\"frequency_unit\";s:1:\"1\";s:12:\"installments\";s:1:\"1\";s:8:\"end_date\";s:1:\"1\";}s:25:\"contribution_status_id_op\";s:2:\"in\";s:28:\"contribution_status_id_value\";a:1:{i:0;s:1:\"5\";}s:11:\"currency_op\";s:2:\"in\";s:14:\"currency_value\";a:0:{}s:20:\"financial_type_id_op\";s:2:\"in\";s:23:\"financial_type_id_value\";a:0:{}s:17:\"frequency_unit_op\";s:2:\"in\";s:20:\"frequency_unit_value\";a:0:{}s:22:\"frequency_interval_min\";s:0:\"\";s:22:\"frequency_interval_max\";s:0:\"\";s:21:\"frequency_interval_op\";s:3:\"lte\";s:24:\"frequency_interval_value\";s:0:\"\";s:16:\"installments_min\";s:0:\"\";s:16:\"installments_max\";s:0:\"\";s:15:\"installments_op\";s:3:\"lte\";s:18:\"installments_value\";s:0:\"\";s:19:\"start_date_relative\";s:0:\"\";s:15:\"start_date_from\";s:0:\"\";s:13:\"start_date_to\";s:0:\"\";s:37:\"next_sched_contribution_date_relative\";s:0:\"\";s:33:\"next_sched_contribution_date_from\";s:0:\"\";s:31:\"next_sched_contribution_date_to\";s:0:\"\";s:17:\"end_date_relative\";s:0:\"\";s:13:\"end_date_from\";s:0:\"\";s:11:\"end_date_to\";s:0:\"\";s:28:\"calculated_end_date_relative\";s:0:\"\";s:24:\"calculated_end_date_from\";s:0:\"\";s:22:\"calculated_end_date_to\";s:0:\"\";s:9:\"order_bys\";a:1:{i:1;a:1:{s:6:\"column\";s:1:\"-\";}}s:11:\"description\";s:41:\"Shows all pending recurring contributions\";s:13:\"email_subject\";s:0:\"\";s:8:\"email_to\";s:0:\"\";s:8:\"email_cc\";s:0:\"\";s:9:\"row_count\";s:0:\"\";s:14:\"addToDashboard\";s:1:\"1\";s:10:\"permission\";s:21:\"access CiviContribute\";s:9:\"parent_id\";s:0:\"\";s:11:\"instance_id\";N;}',NULL,NULL,NULL,NULL,NULL,NULL,NULL,NULL,NULL,NULL,0),(22,1,'Membership Summary','member/summary',NULL,NULL,'Provides a summary of memberships by type and join date.','access CiviMember',NULL,'a:18:{s:6:\"fields\";a:2:{s:18:\"membership_type_id\";s:1:\"1\";s:12:\"total_amount\";s:1:\"1\";}s:18:\"join_date_relative\";s:1:\"0\";s:14:\"join_date_from\";s:0:\"\";s:12:\"join_date_to\";s:0:\"\";s:21:\"membership_type_id_op\";s:2:\"in\";s:24:\"membership_type_id_value\";a:0:{}s:12:\"status_id_op\";s:2:\"in\";s:15:\"status_id_value\";a:0:{}s:25:\"contribution_status_id_op\";s:2:\"in\";s:28:\"contribution_status_id_value\";a:0:{}s:9:\"group_bys\";a:2:{s:9:\"join_date\";s:1:\"1\";s:18:\"membership_type_id\";s:1:\"1\";}s:14:\"group_bys_freq\";a:1:{s:9:\"join_date\";s:5:\"MONTH\";}s:11:\"description\";s:56:\"Provides a summary of memberships by type and join date.\";s:13:\"email_subject\";s:0:\"\";s:8:\"email_to\";s:0:\"\";s:8:\"email_cc\";s:0:\"\";s:10:\"permission\";s:17:\"access CiviMember\";s:9:\"domain_id\";i:1;}',NULL,NULL,NULL,NULL,NULL,NULL,NULL,NULL,NULL,NULL,0),(23,1,'Membership Details','member/detail',NULL,NULL,'Provides a list of members along with their membership status and membership details (Join Date, Start Date, End Date). Can also display contributions (payments) associated with each membership.','access CiviMember',NULL,'a:28:{s:6:\"fields\";a:5:{s:9:\"sort_name\";s:1:\"1\";s:18:\"membership_type_id\";s:1:\"1\";s:21:\"membership_start_date\";s:1:\"1\";s:19:\"membership_end_date\";s:1:\"1\";s:4:\"name\";s:1:\"1\";}s:12:\"sort_name_op\";s:3:\"has\";s:15:\"sort_name_value\";s:0:\"\";s:6:\"id_min\";s:0:\"\";s:6:\"id_max\";s:0:\"\";s:5:\"id_op\";s:3:\"lte\";s:8:\"id_value\";s:0:\"\";s:18:\"join_date_relative\";s:1:\"0\";s:14:\"join_date_from\";s:0:\"\";s:12:\"join_date_to\";s:0:\"\";s:23:\"owner_membership_id_min\";s:0:\"\";s:23:\"owner_membership_id_max\";s:0:\"\";s:22:\"owner_membership_id_op\";s:3:\"lte\";s:25:\"owner_membership_id_value\";s:0:\"\";s:6:\"tid_op\";s:2:\"in\";s:9:\"tid_value\";a:0:{}s:6:\"sid_op\";s:2:\"in\";s:9:\"sid_value\";a:0:{}s:6:\"gid_op\";s:2:\"in\";s:9:\"gid_value\";a:0:{}s:8:\"tagid_op\";s:2:\"in\";s:11:\"tagid_value\";a:0:{}s:11:\"description\";s:119:\"Provides a list of members along with their membership status and membership details (Join Date, Start Date, End Date).\";s:13:\"email_subject\";s:0:\"\";s:8:\"email_to\";s:0:\"\";s:8:\"email_cc\";s:0:\"\";s:10:\"permission\";s:17:\"access CiviMember\";s:9:\"domain_id\";i:1;}',NULL,NULL,NULL,NULL,NULL,NULL,NULL,NULL,NULL,NULL,0),(24,1,'Contribution and Membership Details','member/contributionDetail',NULL,NULL,'Contribution details for any type of contribution, plus associated membership information for contributions which are in payment for memberships.','access CiviMember',NULL,'a:67:{s:6:\"fields\";a:12:{s:9:\"sort_name\";s:1:\"1\";s:5:\"email\";s:1:\"1\";s:5:\"phone\";s:1:\"1\";s:17:\"financial_type_id\";s:1:\"1\";s:12:\"receive_date\";s:1:\"1\";s:12:\"total_amount\";s:1:\"1\";s:18:\"membership_type_id\";s:1:\"1\";s:21:\"membership_start_date\";s:1:\"1\";s:19:\"membership_end_date\";s:1:\"1\";s:9:\"join_date\";s:1:\"1\";s:22:\"membership_status_name\";s:1:\"1\";s:10:\"country_id\";s:1:\"1\";}s:12:\"sort_name_op\";s:3:\"has\";s:15:\"sort_name_value\";s:0:\"\";s:6:\"id_min\";s:0:\"\";s:6:\"id_max\";s:0:\"\";s:5:\"id_op\";s:3:\"lte\";s:8:\"id_value\";s:0:\"\";s:21:\"receive_date_relative\";s:1:\"0\";s:17:\"receive_date_from\";s:0:\"\";s:15:\"receive_date_to\";s:0:\"\";s:20:\"financial_type_id_op\";s:2:\"in\";s:23:\"financial_type_id_value\";a:0:{}s:24:\"payment_instrument_id_op\";s:2:\"in\";s:27:\"payment_instrument_id_value\";a:0:{}s:25:\"contribution_status_id_op\";s:2:\"in\";s:28:\"contribution_status_id_value\";a:0:{}s:16:\"total_amount_min\";s:0:\"\";s:16:\"total_amount_max\";s:0:\"\";s:15:\"total_amount_op\";s:3:\"lte\";s:18:\"total_amount_value\";s:0:\"\";s:6:\"gid_op\";s:2:\"in\";s:9:\"gid_value\";a:0:{}s:13:\"ordinality_op\";s:2:\"in\";s:16:\"ordinality_value\";a:0:{}s:18:\"join_date_relative\";s:1:\"0\";s:14:\"join_date_from\";s:0:\"\";s:12:\"join_date_to\";s:0:\"\";s:30:\"membership_start_date_relative\";s:1:\"0\";s:26:\"membership_start_date_from\";s:0:\"\";s:24:\"membership_start_date_to\";s:0:\"\";s:28:\"membership_end_date_relative\";s:1:\"0\";s:24:\"membership_end_date_from\";s:0:\"\";s:22:\"membership_end_date_to\";s:0:\"\";s:23:\"owner_membership_id_min\";s:0:\"\";s:23:\"owner_membership_id_max\";s:0:\"\";s:22:\"owner_membership_id_op\";s:3:\"lte\";s:25:\"owner_membership_id_value\";s:0:\"\";s:6:\"tid_op\";s:2:\"in\";s:9:\"tid_value\";a:0:{}s:6:\"sid_op\";s:2:\"in\";s:9:\"sid_value\";a:0:{}s:17:\"street_number_min\";s:0:\"\";s:17:\"street_number_max\";s:0:\"\";s:16:\"street_number_op\";s:3:\"lte\";s:19:\"street_number_value\";s:0:\"\";s:14:\"street_name_op\";s:3:\"has\";s:17:\"street_name_value\";s:0:\"\";s:15:\"postal_code_min\";s:0:\"\";s:15:\"postal_code_max\";s:0:\"\";s:14:\"postal_code_op\";s:3:\"lte\";s:17:\"postal_code_value\";s:0:\"\";s:7:\"city_op\";s:3:\"has\";s:10:\"city_value\";s:0:\"\";s:12:\"county_id_op\";s:2:\"in\";s:15:\"county_id_value\";a:0:{}s:20:\"state_province_id_op\";s:2:\"in\";s:23:\"state_province_id_value\";a:0:{}s:13:\"country_id_op\";s:2:\"in\";s:16:\"country_id_value\";a:0:{}s:8:\"tagid_op\";s:2:\"in\";s:11:\"tagid_value\";a:0:{}s:11:\"description\";s:35:\"Contribution and Membership Details\";s:13:\"email_subject\";s:0:\"\";s:8:\"email_to\";s:0:\"\";s:8:\"email_cc\";s:0:\"\";s:10:\"permission\";s:1:\"0\";s:9:\"domain_id\";i:1;}{s:6:\"fields\";a:12:{s:9:\"sort_name\";s:1:\"1\";s:5:\"email\";s:1:\"1\";s:5:\"phone\";s:1:\"1\";s:17:\"financial_type_id\";s:1:\"1\";s:12:\"receive_date\";s:1:\"1\";s:12:\"total_amount\";s:1:\"1\";s:18:\"membership_type_id\";s:1:\"1\";s:21:\"membership_start_date\";s:1:\"1\";s:19:\"membership_end_date\";s:1:\"1\";s:9:\"join_date\";s:1:\"1\";s:22:\"membership_status_name\";s:1:\"1\";s:10:\"country_id\";s:1:\"1\";}s:12:\"sort_name_op\";s:3:\"has\";s:15:\"sort_name_value\";s:0:\"\";s:6:\"id_min\";s:0:\"\";s:6:\"id_max\";s:0:\"\";s:5:\"id_op\";s:3:\"lte\";s:8:\"id_value\";s:0:\"\";s:21:\"receive_date_relative\";s:1:\"0\";s:17:\"receive_date_from\";s:0:\"\";s:15:\"receive_date_to\";s:0:\"\";s:20:\"financial_type_id_op\";s:2:\"in\";s:23:\"financial_type_id_value\";a:0:{}s:24:\"payment_instrument_id_op\";s:2:\"in\";s:27:\"payment_instrument_id_value\";a:0:{}s:25:\"contribution_status_id_op\";s:2:\"in\";s:28:\"contribution_status_id_value\";a:0:{}s:16:\"total_amount_min\";s:0:\"\";s:16:\"total_amount_max\";s:0:\"\";s:15:\"total_amount_op\";s:3:\"lte\";s:18:\"total_amount_value\";s:0:\"\";s:6:\"gid_op\";s:2:\"in\";s:9:\"gid_value\";a:0:{}s:13:\"ordinality_op\";s:2:\"in\";s:16:\"ordinality_value\";a:0:{}s:18:\"join_date_relative\";s:1:\"0\";s:14:\"join_date_from\";s:0:\"\";s:12:\"join_date_to\";s:0:\"\";s:30:\"membership_start_date_relative\";s:1:\"0\";s:26:\"membership_start_date_from\";s:0:\"\";s:24:\"membership_start_date_to\";s:0:\"\";s:28:\"membership_end_date_relative\";s:1:\"0\";s:24:\"membership_end_date_from\";s:0:\"\";s:22:\"membership_end_date_to\";s:0:\"\";s:23:\"owner_membership_id_min\";s:0:\"\";s:23:\"owner_membership_id_max\";s:0:\"\";s:22:\"owner_membership_id_op\";s:3:\"lte\";s:25:\"owner_membership_id_value\";s:0:\"\";s:6:\"tid_op\";s:2:\"in\";s:9:\"tid_value\";a:0:{}s:6:\"sid_op\";s:2:\"in\";s:9:\"sid_value\";a:0:{}s:17:\"street_number_min\";s:0:\"\";s:17:\"street_number_max\";s:0:\"\";s:16:\"street_number_op\";s:3:\"lte\";s:19:\"street_number_value\";s:0:\"\";s:14:\"street_name_op\";s:3:\"has\";s:17:\"street_name_value\";s:0:\"\";s:15:\"postal_code_min\";s:0:\"\";s:15:\"postal_code_max\";s:0:\"\";s:14:\"postal_code_op\";s:3:\"lte\";s:17:\"postal_code_value\";s:0:\"\";s:7:\"city_op\";s:3:\"has\";s:10:\"city_value\";s:0:\"\";s:12:\"county_id_op\";s:2:\"in\";s:15:\"county_id_value\";a:0:{}s:20:\"state_province_id_op\";s:2:\"in\";s:23:\"state_province_id_value\";a:0:{}s:13:\"country_id_op\";s:2:\"in\";s:16:\"country_id_value\";a:0:{}s:8:\"tagid_op\";s:2:\"in\";s:11:\"tagid_value\";a:0:{}s:11:\"description\";s:35:\"Contribution and Membership Details\";s:13:\"email_subject\";s:0:\"\";s:8:\"email_to\";s:0:\"\";s:8:\"email_cc\";s:0:\"\";s:10:\"permission\";s:17:\"access CiviMember\";s:9:\"domain_id\";i:1;}',NULL,NULL,NULL,NULL,NULL,NULL,NULL,NULL,NULL,NULL,0),(25,1,'Lapsed Memberships','member/lapse',NULL,NULL,'Provides a list of memberships that have lapsed or will lapse by the date you specify.','access CiviMember',NULL,'a:16:{s:6:\"fields\";a:5:{s:9:\"sort_name\";s:1:\"1\";s:18:\"membership_type_id\";s:1:\"1\";s:19:\"membership_end_date\";s:1:\"1\";s:4:\"name\";s:1:\"1\";s:10:\"country_id\";s:1:\"1\";}s:6:\"tid_op\";s:2:\"in\";s:9:\"tid_value\";a:0:{}s:28:\"membership_end_date_relative\";s:1:\"0\";s:24:\"membership_end_date_from\";s:0:\"\";s:22:\"membership_end_date_to\";s:0:\"\";s:6:\"gid_op\";s:2:\"in\";s:9:\"gid_value\";a:0:{}s:8:\"tagid_op\";s:2:\"in\";s:11:\"tagid_value\";a:0:{}s:11:\"description\";s:85:\"Provides a list of memberships that lapsed or will lapse before the date you specify.\";s:13:\"email_subject\";s:0:\"\";s:8:\"email_to\";s:0:\"\";s:8:\"email_cc\";s:0:\"\";s:10:\"permission\";s:17:\"access CiviMember\";s:9:\"domain_id\";i:1;}',NULL,NULL,NULL,NULL,NULL,NULL,NULL,NULL,NULL,NULL,0),(26,1,'Event Participants List','event/participantListing',NULL,NULL,'Provides lists of participants for an event.','access CiviEvent',NULL,'a:27:{s:6:\"fields\";a:4:{s:9:\"sort_name\";s:1:\"1\";s:8:\"event_id\";s:1:\"1\";s:9:\"status_id\";s:1:\"1\";s:7:\"role_id\";s:1:\"1\";}s:12:\"sort_name_op\";s:3:\"has\";s:15:\"sort_name_value\";s:0:\"\";s:8:\"email_op\";s:3:\"has\";s:11:\"email_value\";s:0:\"\";s:11:\"event_id_op\";s:2:\"in\";s:14:\"event_id_value\";a:0:{}s:6:\"sid_op\";s:2:\"in\";s:9:\"sid_value\";a:0:{}s:6:\"rid_op\";s:2:\"in\";s:9:\"rid_value\";a:0:{}s:34:\"participant_register_date_relative\";s:1:\"0\";s:30:\"participant_register_date_from\";s:0:\"\";s:28:\"participant_register_date_to\";s:0:\"\";s:6:\"eid_op\";s:2:\"in\";s:9:\"eid_value\";a:0:{}s:11:\"custom_4_op\";s:2:\"in\";s:14:\"custom_4_value\";a:0:{}s:16:\"blank_column_end\";s:0:\"\";s:11:\"description\";s:44:\"Provides lists of participants for an event.\";s:13:\"email_subject\";s:0:\"\";s:8:\"email_to\";s:0:\"\";s:8:\"email_cc\";s:0:\"\";s:10:\"permission\";s:16:\"access CiviEvent\";s:6:\"groups\";s:0:\"\";s:7:\"options\";N;s:9:\"domain_id\";i:1;}',NULL,NULL,NULL,NULL,NULL,NULL,NULL,NULL,NULL,NULL,0),(27,1,'Event Income Summary','event/summary',NULL,NULL,'Provides an overview of event income. You can include key information such as event ID, registration, attendance, and income generated to help you determine the success of an event.','access CiviEvent',NULL,'a:18:{s:6:\"fields\";a:2:{s:5:\"title\";s:1:\"1\";s:13:\"event_type_id\";s:1:\"1\";}s:5:\"id_op\";s:2:\"in\";s:8:\"id_value\";a:0:{}s:16:\"event_type_id_op\";s:2:\"in\";s:19:\"event_type_id_value\";a:0:{}s:25:\"event_start_date_relative\";s:1:\"0\";s:21:\"event_start_date_from\";s:0:\"\";s:19:\"event_start_date_to\";s:0:\"\";s:23:\"event_end_date_relative\";s:1:\"0\";s:19:\"event_end_date_from\";s:0:\"\";s:17:\"event_end_date_to\";s:0:\"\";s:11:\"description\";s:181:\"Provides an overview of event income. You can include key information such as event ID, registration, attendance, and income generated to help you determine the success of an event.\";s:13:\"email_subject\";s:0:\"\";s:8:\"email_to\";s:0:\"\";s:8:\"email_cc\";s:0:\"\";s:10:\"permission\";s:16:\"access CiviEvent\";s:6:\"charts\";s:0:\"\";s:9:\"domain_id\";i:1;}',NULL,NULL,NULL,NULL,NULL,NULL,NULL,NULL,NULL,NULL,0),(28,1,'Event Income Details','event/income',NULL,NULL,'Helps you to analyze the income generated by an event. The report can include details by participant type, status and payment method.','access CiviEvent',NULL,'a:7:{s:5:\"id_op\";s:2:\"in\";s:8:\"id_value\";N;s:11:\"description\";s:133:\"Helps you to analyze the income generated by an event. The report can include details by participant type, status and payment method.\";s:13:\"email_subject\";s:0:\"\";s:8:\"email_to\";s:0:\"\";s:8:\"email_cc\";s:0:\"\";s:10:\"permission\";s:16:\"access CiviEvent\";}',NULL,NULL,NULL,NULL,NULL,NULL,NULL,NULL,NULL,NULL,0),(29,1,'Attendee List','event/participantListing',NULL,NULL,'Provides lists of event attendees.','access CiviEvent',NULL,'a:27:{s:6:\"fields\";a:4:{s:9:\"sort_name\";s:1:\"1\";s:8:\"event_id\";s:1:\"1\";s:9:\"status_id\";s:1:\"1\";s:7:\"role_id\";s:1:\"1\";}s:12:\"sort_name_op\";s:3:\"has\";s:15:\"sort_name_value\";s:0:\"\";s:8:\"email_op\";s:3:\"has\";s:11:\"email_value\";s:0:\"\";s:11:\"event_id_op\";s:2:\"in\";s:14:\"event_id_value\";a:0:{}s:6:\"sid_op\";s:2:\"in\";s:9:\"sid_value\";a:0:{}s:6:\"rid_op\";s:2:\"in\";s:9:\"rid_value\";a:0:{}s:34:\"participant_register_date_relative\";s:1:\"0\";s:30:\"participant_register_date_from\";s:0:\"\";s:28:\"participant_register_date_to\";s:0:\"\";s:6:\"eid_op\";s:2:\"in\";s:9:\"eid_value\";a:0:{}s:11:\"custom_4_op\";s:2:\"in\";s:14:\"custom_4_value\";a:0:{}s:16:\"blank_column_end\";s:0:\"\";s:11:\"description\";s:44:\"Provides lists of participants for an event.\";s:13:\"email_subject\";s:0:\"\";s:8:\"email_to\";s:0:\"\";s:8:\"email_cc\";s:0:\"\";s:10:\"permission\";s:16:\"access CiviEvent\";s:6:\"groups\";s:0:\"\";s:7:\"options\";N;s:9:\"domain_id\";i:1;}',NULL,NULL,NULL,NULL,NULL,NULL,NULL,NULL,NULL,NULL,0),(30,1,'Grant Details','grant/detail',NULL,NULL,'Grant Report Detail','access CiviGrant',NULL,'a:40:{s:6:\"fields\";a:2:{s:9:\"sort_name\";s:1:\"1\";s:25:\"application_received_date\";s:1:\"1\";}s:12:\"sort_name_op\";s:3:\"has\";s:15:\"sort_name_value\";s:0:\"\";s:12:\"gender_id_op\";s:2:\"in\";s:15:\"gender_id_value\";a:0:{}s:6:\"id_min\";s:0:\"\";s:6:\"id_max\";s:0:\"\";s:5:\"id_op\";s:3:\"lte\";s:8:\"id_value\";s:0:\"\";s:13:\"country_id_op\";s:2:\"in\";s:16:\"country_id_value\";a:0:{}s:20:\"state_province_id_op\";s:2:\"in\";s:23:\"state_province_id_value\";a:0:{}s:13:\"grant_type_op\";s:2:\"in\";s:16:\"grant_type_value\";a:0:{}s:12:\"status_id_op\";s:2:\"in\";s:15:\"status_id_value\";a:0:{}s:18:\"amount_granted_min\";s:0:\"\";s:18:\"amount_granted_max\";s:0:\"\";s:17:\"amount_granted_op\";s:3:\"lte\";s:20:\"amount_granted_value\";s:0:\"\";s:20:\"amount_requested_min\";s:0:\"\";s:20:\"amount_requested_max\";s:0:\"\";s:19:\"amount_requested_op\";s:3:\"lte\";s:22:\"amount_requested_value\";s:0:\"\";s:34:\"application_received_date_relative\";s:1:\"0\";s:30:\"application_received_date_from\";s:0:\"\";s:28:\"application_received_date_to\";s:0:\"\";s:28:\"money_transfer_date_relative\";s:1:\"0\";s:24:\"money_transfer_date_from\";s:0:\"\";s:22:\"money_transfer_date_to\";s:0:\"\";s:23:\"grant_due_date_relative\";s:1:\"0\";s:19:\"grant_due_date_from\";s:0:\"\";s:17:\"grant_due_date_to\";s:0:\"\";s:11:\"description\";s:19:\"Grant Report Detail\";s:13:\"email_subject\";s:0:\"\";s:8:\"email_to\";s:0:\"\";s:8:\"email_cc\";s:0:\"\";s:10:\"permission\";s:16:\"access CiviGrant\";s:9:\"domain_id\";i:1;}',NULL,NULL,NULL,NULL,NULL,NULL,NULL,NULL,NULL,NULL,0),(31,1,'Grant Statistics','grant/statistics',NULL,NULL,'Grant Report Statistics','access CiviGrant',NULL,'a:42:{s:6:\"fields\";a:2:{s:18:\"summary_statistics\";s:1:\"1\";s:13:\"grant_type_id\";s:1:\"1\";}s:34:\"application_received_date_relative\";s:1:\"0\";s:30:\"application_received_date_from\";s:0:\"\";s:28:\"application_received_date_to\";s:0:\"\";s:22:\"decision_date_relative\";s:1:\"0\";s:18:\"decision_date_from\";s:0:\"\";s:16:\"decision_date_to\";s:0:\"\";s:28:\"money_transfer_date_relative\";s:1:\"0\";s:24:\"money_transfer_date_from\";s:0:\"\";s:22:\"money_transfer_date_to\";s:0:\"\";s:23:\"grant_due_date_relative\";s:1:\"0\";s:19:\"grant_due_date_from\";s:0:\"\";s:17:\"grant_due_date_to\";s:0:\"\";s:13:\"grant_type_op\";s:2:\"in\";s:16:\"grant_type_value\";a:0:{}s:12:\"status_id_op\";s:2:\"in\";s:15:\"status_id_value\";a:0:{}s:20:\"amount_requested_min\";s:0:\"\";s:20:\"amount_requested_max\";s:0:\"\";s:19:\"amount_requested_op\";s:3:\"lte\";s:22:\"amount_requested_value\";s:0:\"\";s:18:\"amount_granted_min\";s:0:\"\";s:18:\"amount_granted_max\";s:0:\"\";s:17:\"amount_granted_op\";s:3:\"lte\";s:20:\"amount_granted_value\";s:0:\"\";s:24:\"grant_report_received_op\";s:2:\"eq\";s:27:\"grant_report_received_value\";s:0:\"\";s:12:\"gender_id_op\";s:2:\"in\";s:15:\"gender_id_value\";a:0:{}s:15:\"contact_type_op\";s:2:\"in\";s:18:\"contact_type_value\";a:0:{}s:12:\"region_id_op\";s:2:\"in\";s:15:\"region_id_value\";a:0:{}s:13:\"country_id_op\";s:2:\"in\";s:16:\"country_id_value\";a:0:{}s:11:\"description\";s:23:\"Grant Report Statistics\";s:13:\"email_subject\";s:0:\"\";s:8:\"email_to\";s:0:\"\";s:8:\"email_cc\";s:0:\"\";s:10:\"permission\";s:16:\"access CiviGrant\";s:9:\"parent_id\";s:0:\"\";s:9:\"domain_id\";i:1;}',NULL,NULL,NULL,NULL,NULL,NULL,NULL,NULL,NULL,NULL,0),(32,1,'Mail Bounces','Mailing/bounce',NULL,NULL,'Bounce Report for mailings','access CiviMail',NULL,'a:33:{s:6:\"fields\";a:5:{s:2:\"id\";s:1:\"1\";s:10:\"first_name\";s:1:\"1\";s:9:\"last_name\";s:1:\"1\";s:11:\"bounce_name\";s:1:\"1\";s:5:\"email\";s:1:\"1\";}s:12:\"sort_name_op\";s:3:\"has\";s:15:\"sort_name_value\";s:0:\"\";s:9:\"source_op\";s:3:\"has\";s:12:\"source_value\";s:0:\"\";s:6:\"id_min\";s:0:\"\";s:6:\"id_max\";s:0:\"\";s:5:\"id_op\";s:3:\"lte\";s:8:\"id_value\";s:0:\"\";s:15:\"mailing_name_op\";s:2:\"in\";s:18:\"mailing_name_value\";a:0:{}s:19:\"bounce_type_name_op\";s:2:\"eq\";s:22:\"bounce_type_name_value\";s:0:\"\";s:6:\"gid_op\";s:2:\"in\";s:9:\"gid_value\";a:0:{}s:8:\"tagid_op\";s:2:\"in\";s:11:\"tagid_value\";a:0:{}s:11:\"custom_1_op\";s:2:\"in\";s:14:\"custom_1_value\";a:0:{}s:11:\"custom_2_op\";s:2:\"in\";s:14:\"custom_2_value\";a:0:{}s:17:\"custom_3_relative\";s:1:\"0\";s:13:\"custom_3_from\";s:0:\"\";s:11:\"custom_3_to\";s:0:\"\";s:9:\"order_bys\";a:1:{i:1;a:1:{s:6:\"column\";s:1:\"-\";}}s:11:\"description\";s:26:\"Bounce Report for mailings\";s:13:\"email_subject\";s:0:\"\";s:8:\"email_to\";s:0:\"\";s:8:\"email_cc\";s:0:\"\";s:10:\"permission\";s:15:\"access CiviMail\";s:6:\"groups\";s:0:\"\";s:6:\"charts\";s:0:\"\";s:9:\"domain_id\";i:1;}',NULL,NULL,NULL,NULL,NULL,NULL,NULL,NULL,NULL,NULL,0),(33,1,'Mailing Summary','Mailing/summary',NULL,NULL,'Summary statistics for mailings','access CiviMail',NULL,'a:25:{s:6:\"fields\";a:5:{s:4:\"name\";s:1:\"1\";s:11:\"queue_count\";s:1:\"1\";s:15:\"delivered_count\";s:1:\"1\";s:12:\"bounce_count\";s:1:\"1\";s:17:\"unique_open_count\";s:1:\"1\";}s:15:\"is_completed_op\";s:2:\"eq\";s:18:\"is_completed_value\";s:1:\"1\";s:15:\"mailing_name_op\";s:2:\"in\";s:18:\"mailing_name_value\";a:0:{}s:9:\"status_op\";s:3:\"has\";s:12:\"status_value\";s:8:\"Complete\";s:11:\"is_test_min\";s:0:\"\";s:11:\"is_test_max\";s:0:\"\";s:10:\"is_test_op\";s:3:\"lte\";s:13:\"is_test_value\";s:1:\"0\";s:19:\"start_date_relative\";s:9:\"this.year\";s:15:\"start_date_from\";s:0:\"\";s:13:\"start_date_to\";s:0:\"\";s:17:\"end_date_relative\";s:9:\"this.year\";s:13:\"end_date_from\";s:0:\"\";s:11:\"end_date_to\";s:0:\"\";s:11:\"description\";s:31:\"Summary statistics for mailings\";s:13:\"email_subject\";s:0:\"\";s:8:\"email_to\";s:0:\"\";s:8:\"email_cc\";s:0:\"\";s:10:\"permission\";s:15:\"access CiviMail\";s:6:\"groups\";s:0:\"\";s:6:\"charts\";s:0:\"\";s:9:\"domain_id\";i:1;}',NULL,NULL,NULL,NULL,NULL,NULL,NULL,NULL,NULL,NULL,0),(34,1,'Mail Opened','Mailing/opened',NULL,NULL,'Display contacts who opened emails from a mailing','access CiviMail',NULL,'a:31:{s:6:\"fields\";a:5:{s:2:\"id\";s:1:\"1\";s:10:\"first_name\";s:1:\"1\";s:9:\"last_name\";s:1:\"1\";s:12:\"mailing_name\";s:1:\"1\";s:5:\"email\";s:1:\"1\";}s:12:\"sort_name_op\";s:3:\"has\";s:15:\"sort_name_value\";s:0:\"\";s:9:\"source_op\";s:3:\"has\";s:12:\"source_value\";s:0:\"\";s:6:\"id_min\";s:0:\"\";s:6:\"id_max\";s:0:\"\";s:5:\"id_op\";s:3:\"lte\";s:8:\"id_value\";s:0:\"\";s:15:\"mailing_name_op\";s:2:\"in\";s:18:\"mailing_name_value\";a:0:{}s:6:\"gid_op\";s:2:\"in\";s:9:\"gid_value\";a:0:{}s:8:\"tagid_op\";s:2:\"in\";s:11:\"tagid_value\";a:0:{}s:11:\"custom_1_op\";s:2:\"in\";s:14:\"custom_1_value\";a:0:{}s:11:\"custom_2_op\";s:2:\"in\";s:14:\"custom_2_value\";a:0:{}s:17:\"custom_3_relative\";s:1:\"0\";s:13:\"custom_3_from\";s:0:\"\";s:11:\"custom_3_to\";s:0:\"\";s:9:\"order_bys\";a:1:{i:1;a:1:{s:6:\"column\";s:1:\"-\";}}s:11:\"description\";s:49:\"Display contacts who opened emails from a mailing\";s:13:\"email_subject\";s:0:\"\";s:8:\"email_to\";s:0:\"\";s:8:\"email_cc\";s:0:\"\";s:10:\"permission\";s:15:\"access CiviMail\";s:6:\"groups\";s:0:\"\";s:6:\"charts\";s:0:\"\";s:9:\"domain_id\";i:1;}',NULL,NULL,NULL,NULL,NULL,NULL,NULL,NULL,NULL,NULL,0),(35,1,'Mail Clickthroughs','Mailing/clicks',NULL,NULL,'Display clicks from each mailing','access CiviMail',NULL,'a:31:{s:6:\"fields\";a:6:{s:2:\"id\";s:1:\"1\";s:10:\"first_name\";s:1:\"1\";s:9:\"last_name\";s:1:\"1\";s:12:\"mailing_name\";s:1:\"1\";s:5:\"email\";s:1:\"1\";s:3:\"url\";s:1:\"1\";}s:12:\"sort_name_op\";s:3:\"has\";s:15:\"sort_name_value\";s:0:\"\";s:9:\"source_op\";s:3:\"has\";s:12:\"source_value\";s:0:\"\";s:6:\"id_min\";s:0:\"\";s:6:\"id_max\";s:0:\"\";s:5:\"id_op\";s:3:\"lte\";s:8:\"id_value\";s:0:\"\";s:15:\"mailing_name_op\";s:2:\"in\";s:18:\"mailing_name_value\";a:0:{}s:6:\"gid_op\";s:2:\"in\";s:9:\"gid_value\";a:0:{}s:8:\"tagid_op\";s:2:\"in\";s:11:\"tagid_value\";a:0:{}s:11:\"custom_1_op\";s:2:\"in\";s:14:\"custom_1_value\";a:0:{}s:11:\"custom_2_op\";s:2:\"in\";s:14:\"custom_2_value\";a:0:{}s:17:\"custom_3_relative\";s:1:\"0\";s:13:\"custom_3_from\";s:0:\"\";s:11:\"custom_3_to\";s:0:\"\";s:9:\"order_bys\";a:1:{i:1;a:1:{s:6:\"column\";s:1:\"-\";}}s:11:\"description\";s:32:\"Display clicks from each mailing\";s:13:\"email_subject\";s:0:\"\";s:8:\"email_to\";s:0:\"\";s:8:\"email_cc\";s:0:\"\";s:10:\"permission\";s:15:\"access CiviMail\";s:6:\"groups\";s:0:\"\";s:6:\"charts\";s:0:\"\";s:9:\"domain_id\";i:1;}',NULL,NULL,NULL,NULL,NULL,NULL,NULL,NULL,NULL,NULL,0),(36,1,'Mailing Details','mailing/detail',NULL,NULL,'Provides reporting on Intended and Successful Deliveries, Unsubscribes and Opt-outs, Replies and Forwards.','access CiviMail',NULL,'a:30:{s:6:\"fields\";a:6:{s:9:\"sort_name\";s:1:\"1\";s:12:\"mailing_name\";s:1:\"1\";s:11:\"delivery_id\";s:1:\"1\";s:14:\"unsubscribe_id\";s:1:\"1\";s:9:\"optout_id\";s:1:\"1\";s:5:\"email\";s:1:\"1\";}s:12:\"sort_name_op\";s:3:\"has\";s:15:\"sort_name_value\";s:0:\"\";s:6:\"id_min\";s:0:\"\";s:6:\"id_max\";s:0:\"\";s:5:\"id_op\";s:3:\"lte\";s:8:\"id_value\";s:0:\"\";s:13:\"mailing_id_op\";s:2:\"in\";s:16:\"mailing_id_value\";a:0:{}s:18:\"delivery_status_op\";s:2:\"eq\";s:21:\"delivery_status_value\";s:0:\"\";s:18:\"is_unsubscribed_op\";s:2:\"eq\";s:21:\"is_unsubscribed_value\";s:0:\"\";s:12:\"is_optout_op\";s:2:\"eq\";s:15:\"is_optout_value\";s:0:\"\";s:13:\"is_replied_op\";s:2:\"eq\";s:16:\"is_replied_value\";s:0:\"\";s:15:\"is_forwarded_op\";s:2:\"eq\";s:18:\"is_forwarded_value\";s:0:\"\";s:6:\"gid_op\";s:2:\"in\";s:9:\"gid_value\";a:0:{}s:9:\"order_bys\";a:1:{i:1;a:2:{s:6:\"column\";s:9:\"sort_name\";s:5:\"order\";s:3:\"ASC\";}}s:11:\"description\";s:21:\"Mailing Detail Report\";s:13:\"email_subject\";s:0:\"\";s:8:\"email_to\";s:0:\"\";s:8:\"email_cc\";s:0:\"\";s:10:\"permission\";s:15:\"access CiviMail\";s:9:\"parent_id\";s:0:\"\";s:6:\"groups\";s:0:\"\";s:9:\"domain_id\";i:1;}',NULL,NULL,NULL,NULL,NULL,NULL,NULL,NULL,NULL,NULL,0),(37,1,'Survey Details','survey/detail',NULL,NULL,'Detailed report for canvassing, phone-banking, walk lists or other surveys.','access CiviReport',NULL,'a:39:{s:6:\"fields\";a:2:{s:9:\"sort_name\";s:1:\"1\";s:6:\"result\";s:1:\"1\";}s:22:\"assignee_contact_id_op\";s:2:\"eq\";s:25:\"assignee_contact_id_value\";s:0:\"\";s:12:\"sort_name_op\";s:3:\"has\";s:15:\"sort_name_value\";s:0:\"\";s:17:\"street_number_min\";s:0:\"\";s:17:\"street_number_max\";s:0:\"\";s:16:\"street_number_op\";s:3:\"lte\";s:19:\"street_number_value\";s:0:\"\";s:14:\"street_name_op\";s:3:\"has\";s:17:\"street_name_value\";s:0:\"\";s:15:\"postal_code_min\";s:0:\"\";s:15:\"postal_code_max\";s:0:\"\";s:14:\"postal_code_op\";s:3:\"lte\";s:17:\"postal_code_value\";s:0:\"\";s:7:\"city_op\";s:3:\"has\";s:10:\"city_value\";s:0:\"\";s:20:\"state_province_id_op\";s:2:\"in\";s:23:\"state_province_id_value\";a:0:{}s:13:\"country_id_op\";s:2:\"in\";s:16:\"country_id_value\";a:0:{}s:12:\"survey_id_op\";s:2:\"in\";s:15:\"survey_id_value\";a:0:{}s:12:\"status_id_op\";s:2:\"eq\";s:15:\"status_id_value\";s:1:\"1\";s:11:\"custom_1_op\";s:2:\"in\";s:14:\"custom_1_value\";a:0:{}s:11:\"custom_2_op\";s:2:\"in\";s:14:\"custom_2_value\";a:0:{}s:17:\"custom_3_relative\";s:1:\"0\";s:13:\"custom_3_from\";s:0:\"\";s:11:\"custom_3_to\";s:0:\"\";s:11:\"description\";s:75:\"Detailed report for canvassing, phone-banking, walk lists or other surveys.\";s:13:\"email_subject\";s:0:\"\";s:8:\"email_to\";s:0:\"\";s:8:\"email_cc\";s:0:\"\";s:10:\"permission\";s:17:\"access CiviReport\";s:6:\"groups\";s:0:\"\";s:9:\"domain_id\";i:1;}',NULL,NULL,NULL,NULL,NULL,NULL,NULL,NULL,NULL,NULL,0);
/*!40000 ALTER TABLE `civicrm_report_instance` ENABLE KEYS */;
UNLOCK TABLES;

--
-- Dumping data for table `civicrm_saved_search`
--

LOCK TABLES `civicrm_saved_search` WRITE;
/*!40000 ALTER TABLE `civicrm_saved_search` DISABLE KEYS */;
/*!40000 ALTER TABLE `civicrm_saved_search` ENABLE KEYS */;
UNLOCK TABLES;

--
-- Dumping data for table `civicrm_setting`
--

LOCK TABLES `civicrm_setting` WRITE;
/*!40000 ALTER TABLE `civicrm_setting` DISABLE KEYS */;
/*!40000 ALTER TABLE `civicrm_setting` ENABLE KEYS */;
UNLOCK TABLES;

--
-- Dumping data for table `civicrm_sms_provider`
--

LOCK TABLES `civicrm_sms_provider` WRITE;
/*!40000 ALTER TABLE `civicrm_sms_provider` DISABLE KEYS */;
/*!40000 ALTER TABLE `civicrm_sms_provider` ENABLE KEYS */;
UNLOCK TABLES;

--
-- Dumping data for table `civicrm_state_province`
--

LOCK TABLES `civicrm_state_province` WRITE;
/*!40000 ALTER TABLE `civicrm_state_province` DISABLE KEYS */;
INSERT INTO `civicrm_state_province` (`id`, `name`, `abbreviation`, `country_id`) VALUES (1000,'Alabama','AL',1228),(1001,'Alaska','AK',1228),(1002,'Arizona','AZ',1228),(1003,'Arkansas','AR',1228),(1004,'California','CA',1228),(1005,'Colorado','CO',1228),(1006,'Connecticut','CT',1228),(1007,'Delaware','DE',1228),(1008,'Florida','FL',1228),(1009,'Georgia','GA',1228),(1010,'Hawaii','HI',1228),(1011,'Idaho','ID',1228),(1012,'Illinois','IL',1228),(1013,'Indiana','IN',1228),(1014,'Iowa','IA',1228),(1015,'Kansas','KS',1228),(1016,'Kentucky','KY',1228),(1017,'Louisiana','LA',1228),(1018,'Maine','ME',1228),(1019,'Maryland','MD',1228),(1020,'Massachusetts','MA',1228),(1021,'Michigan','MI',1228),(1022,'Minnesota','MN',1228),(1023,'Mississippi','MS',1228),(1024,'Missouri','MO',1228),(1025,'Montana','MT',1228),(1026,'Nebraska','NE',1228),(1027,'Nevada','NV',1228),(1028,'New Hampshire','NH',1228),(1029,'New Jersey','NJ',1228),(1030,'New Mexico','NM',1228),(1031,'New York','NY',1228),(1032,'North Carolina','NC',1228),(1033,'North Dakota','ND',1228),(1034,'Ohio','OH',1228),(1035,'Oklahoma','OK',1228),(1036,'Oregon','OR',1228),(1037,'Pennsylvania','PA',1228),(1038,'Rhode Island','RI',1228),(1039,'South Carolina','SC',1228),(1040,'South Dakota','SD',1228),(1041,'Tennessee','TN',1228),(1042,'Texas','TX',1228),(1043,'Utah','UT',1228),(1044,'Vermont','VT',1228),(1045,'Virginia','VA',1228),(1046,'Washington','WA',1228),(1047,'West Virginia','WV',1228),(1048,'Wisconsin','WI',1228),(1049,'Wyoming','WY',1228),(1050,'District of Columbia','DC',1228),(1052,'American Samoa','AS',1228),(1053,'Guam','GU',1228),(1055,'Northern Mariana Islands','MP',1228),(1056,'Puerto Rico','PR',1228),(1057,'Virgin Islands','VI',1228),(1058,'United States Minor Outlying Islands','UM',1228),(1059,'Armed Forces Europe','AE',1228),(1060,'Armed Forces Americas','AA',1228),(1061,'Armed Forces Pacific','AP',1228),(1100,'Alberta','AB',1039),(1101,'British Columbia','BC',1039),(1102,'Manitoba','MB',1039),(1103,'New Brunswick','NB',1039),(1104,'Newfoundland and Labrador','NL',1039),(1105,'Northwest Territories','NT',1039),(1106,'Nova Scotia','NS',1039),(1107,'Nunavut','NU',1039),(1108,'Ontario','ON',1039),(1109,'Prince Edward Island','PE',1039),(1110,'Quebec','QC',1039),(1111,'Saskatchewan','SK',1039),(1112,'Yukon Territory','YT',1039),(1200,'Maharashtra','MM',1101),(1201,'Karnataka','KA',1101),(1202,'Andhra Pradesh','AP',1101),(1203,'Arunachal Pradesh','AR',1101),(1204,'Assam','AS',1101),(1205,'Bihar','BR',1101),(1206,'Chhattisgarh','CH',1101),(1207,'Goa','GA',1101),(1208,'Gujarat','GJ',1101),(1209,'Haryana','HR',1101),(1210,'Himachal Pradesh','HP',1101),(1211,'Jammu and Kashmir','JK',1101),(1212,'Jharkhand','JH',1101),(1213,'Kerala','KL',1101),(1214,'Madhya Pradesh','MP',1101),(1215,'Manipur','MN',1101),(1216,'Meghalaya','ML',1101),(1217,'Mizoram','MZ',1101),(1218,'Nagaland','NL',1101),(1219,'Orissa','OR',1101),(1220,'Punjab','PB',1101),(1221,'Rajasthan','RJ',1101),(1222,'Sikkim','SK',1101),(1223,'Tamil Nadu','TN',1101),(1224,'Tripura','TR',1101),(1225,'Uttaranchal','UL',1101),(1226,'Uttar Pradesh','UP',1101),(1227,'West Bengal','WB',1101),(1228,'Andaman and Nicobar Islands','AN',1101),(1229,'Dadra and Nagar Haveli','DN',1101),(1230,'Daman and Diu','DD',1101),(1231,'Delhi','DL',1101),(1232,'Lakshadweep','LD',1101),(1233,'Pondicherry','PY',1101),(1300,'mazowieckie','MZ',1172),(1301,'pomorskie','PM',1172),(1302,'dolnolskie','DS',1172),(1303,'kujawsko-pomorskie','KP',1172),(1304,'lubelskie','LU',1172),(1305,'lubuskie','LB',1172),(1306,'dzkie','LD',1172),(1307,'maopolskie','MA',1172),(1308,'opolskie','OP',1172),(1309,'podkarpackie','PK',1172),(1310,'podlaskie','PD',1172),(1311,'lskie','SL',1172),(1312,'witokrzyskie','SK',1172),(1313,'warmisko-mazurskie','WN',1172),(1314,'wielkopolskie','WP',1172),(1315,'zachodniopomorskie','ZP',1172),(1500,'Abu Zaby','AZ',1225),(1501,'\'Ajman','AJ',1225),(1502,'Al Fujayrah','FU',1225),(1503,'Ash Shariqah','SH',1225),(1504,'Dubayy','DU',1225),(1505,'Ra\'s al Khaymah','RK',1225),(1506,'Dac Lac','33',1233),(1507,'Umm al Qaywayn','UQ',1225),(1508,'Badakhshan','BDS',1001),(1509,'Badghis','BDG',1001),(1510,'Baghlan','BGL',1001),(1511,'Balkh','BAL',1001),(1512,'Bamian','BAM',1001),(1513,'Farah','FRA',1001),(1514,'Faryab','FYB',1001),(1515,'Ghazni','GHA',1001),(1516,'Ghowr','GHO',1001),(1517,'Helmand','HEL',1001),(1518,'Herat','HER',1001),(1519,'Jowzjan','JOW',1001),(1520,'Kabul','KAB',1001),(1521,'Kandahar','KAN',1001),(1522,'Kapisa','KAP',1001),(1523,'Khowst','KHO',1001),(1524,'Konar','KNR',1001),(1525,'Kondoz','KDZ',1001),(1526,'Laghman','LAG',1001),(1527,'Lowgar','LOW',1001),(1528,'Nangrahar','NAN',1001),(1529,'Nimruz','NIM',1001),(1530,'Nurestan','NUR',1001),(1531,'Oruzgan','ORU',1001),(1532,'Paktia','PIA',1001),(1533,'Paktika','PKA',1001),(1534,'Parwan','PAR',1001),(1535,'Samangan','SAM',1001),(1536,'Sar-e Pol','SAR',1001),(1537,'Takhar','TAK',1001),(1538,'Wardak','WAR',1001),(1539,'Zabol','ZAB',1001),(1540,'Berat','BR',1002),(1541,'Bulqiz','BU',1002),(1542,'Delvin','DL',1002),(1543,'Devoll','DV',1002),(1544,'Dibr','DI',1002),(1545,'Durrs','DR',1002),(1546,'Elbasan','EL',1002),(1547,'Fier','FR',1002),(1548,'Gramsh','GR',1002),(1549,'Gjirokastr','GJ',1002),(1550,'Has','HA',1002),(1551,'Kavaj','KA',1002),(1552,'Kolonj','ER',1002),(1553,'Kor','KO',1002),(1554,'Kruj','KR',1002),(1555,'Kuov','KC',1002),(1556,'Kuks','KU',1002),(1557,'Kurbin','KB',1002),(1558,'Lezh','LE',1002),(1559,'Librazhd','LB',1002),(1560,'Lushnj','LU',1002),(1561,'Malsi e Madhe','MM',1002),(1562,'Mallakastr','MK',1002),(1563,'Mat','MT',1002),(1564,'Mirdit','MR',1002),(1565,'Peqin','PQ',1002),(1566,'Prmet','PR',1002),(1567,'Pogradec','PG',1002),(1568,'Puk','PU',1002),(1569,'Sarand','SR',1002),(1570,'Skrapar','SK',1002),(1571,'Shkodr','SH',1002),(1572,'Tepelen','TE',1002),(1573,'Tiran','TR',1002),(1574,'Tropoj','TP',1002),(1575,'Vlor','VL',1002),(1576,'Erevan','ER',1011),(1577,'Aragacotn','AG',1011),(1578,'Ararat','AR',1011),(1579,'Armavir','AV',1011),(1580,'Gegarkunik\'','GR',1011),(1581,'Kotayk\'','KT',1011),(1582,'Lory','LO',1011),(1583,'Sirak','SH',1011),(1584,'Syunik\'','SU',1011),(1585,'Tavus','TV',1011),(1586,'Vayoc Jor','VD',1011),(1587,'Bengo','BGO',1006),(1588,'Benguela','BGU',1006),(1589,'Bie','BIE',1006),(1590,'Cabinda','CAB',1006),(1591,'Cuando-Cubango','CCU',1006),(1592,'Cuanza Norte','CNO',1006),(1593,'Cuanza Sul','CUS',1006),(1594,'Cunene','CNN',1006),(1595,'Huambo','HUA',1006),(1596,'Huila','HUI',1006),(1597,'Luanda','LUA',1006),(1598,'Lunda Norte','LNO',1006),(1599,'Lunda Sul','LSU',1006),(1600,'Malange','MAL',1006),(1601,'Moxico','MOX',1006),(1602,'Namibe','NAM',1006),(1603,'Uige','UIG',1006),(1604,'Zaire','ZAI',1006),(1605,'Capital federal','C',1010),(1606,'Buenos Aires','B',1010),(1607,'Catamarca','K',1010),(1608,'Cordoba','X',1010),(1609,'Corrientes','W',1010),(1610,'Chaco','H',1010),(1611,'Chubut','U',1010),(1612,'Entre Rios','E',1010),(1613,'Formosa','P',1010),(1614,'Jujuy','Y',1010),(1615,'La Pampa','L',1010),(1616,'Mendoza','M',1010),(1617,'Misiones','N',1010),(1618,'Neuquen','Q',1010),(1619,'Rio Negro','R',1010),(1620,'Salta','A',1010),(1621,'San Juan','J',1010),(1622,'San Luis','D',1010),(1623,'Santa Cruz','Z',1010),(1624,'Santa Fe','S',1010),(1625,'Santiago del Estero','G',1010),(1626,'Tierra del Fuego','V',1010),(1627,'Tucuman','T',1010),(1628,'Burgenland','1',1014),(1629,'Krnten','2',1014),(1630,'Niederosterreich','3',1014),(1631,'Oberosterreich','4',1014),(1632,'Salzburg','5',1014),(1633,'Steiermark','6',1014),(1634,'Tirol','7',1014),(1635,'Vorarlberg','8',1014),(1636,'Wien','9',1014),(1637,'Australian Antarctic Territory','AAT',1008),(1638,'Australian Capital Territory','ACT',1013),(1639,'Northern Territory','NT',1013),(1640,'New South Wales','NSW',1013),(1641,'Queensland','QLD',1013),(1642,'South Australia','SA',1013),(1643,'Tasmania','TAS',1013),(1644,'Victoria','VIC',1013),(1645,'Western Australia','WA',1013),(1646,'Naxcivan','NX',1015),(1647,'Ali Bayramli','AB',1015),(1648,'Baki','BA',1015),(1649,'Ganca','GA',1015),(1650,'Lankaran','LA',1015),(1651,'Mingacevir','MI',1015),(1652,'Naftalan','NA',1015),(1653,'Saki','SA',1015),(1654,'Sumqayit','SM',1015),(1655,'Susa','SS',1015),(1656,'Xankandi','XA',1015),(1657,'Yevlax','YE',1015),(1658,'Abseron','ABS',1015),(1659,'Agcabadi','AGC',1015),(1660,'Agdam','AGM',1015),(1661,'Agdas','AGS',1015),(1662,'Agstafa','AGA',1015),(1663,'Agsu','AGU',1015),(1664,'Astara','AST',1015),(1665,'Babak','BAB',1015),(1666,'Balakan','BAL',1015),(1667,'Barda','BAR',1015),(1668,'Beylagan','BEY',1015),(1669,'Bilasuvar','BIL',1015),(1670,'Cabrayll','CAB',1015),(1671,'Calilabad','CAL',1015),(1672,'Culfa','CUL',1015),(1673,'Daskasan','DAS',1015),(1674,'Davaci','DAV',1015),(1675,'Fuzuli','FUZ',1015),(1676,'Gadabay','GAD',1015),(1677,'Goranboy','GOR',1015),(1678,'Goycay','GOY',1015),(1679,'Haciqabul','HAC',1015),(1680,'Imisli','IMI',1015),(1681,'Ismayilli','ISM',1015),(1682,'Kalbacar','KAL',1015),(1683,'Kurdamir','KUR',1015),(1684,'Lacin','LAC',1015),(1685,'Lerik','LER',1015),(1686,'Masalli','MAS',1015),(1687,'Neftcala','NEF',1015),(1688,'Oguz','OGU',1015),(1689,'Ordubad','ORD',1015),(1690,'Qabala','QAB',1015),(1691,'Qax','QAX',1015),(1692,'Qazax','QAZ',1015),(1693,'Qobustan','QOB',1015),(1694,'Quba','QBA',1015),(1695,'Qubadli','QBI',1015),(1696,'Qusar','QUS',1015),(1697,'Saatli','SAT',1015),(1698,'Sabirabad','SAB',1015),(1699,'Sadarak','SAD',1015),(1700,'Sahbuz','SAH',1015),(1701,'Salyan','SAL',1015),(1702,'Samaxi','SMI',1015),(1703,'Samkir','SKR',1015),(1704,'Samux','SMX',1015),(1705,'Sarur','SAR',1015),(1706,'Siyazan','SIY',1015),(1707,'Tartar','TAR',1015),(1708,'Tovuz','TOV',1015),(1709,'Ucar','UCA',1015),(1710,'Xacmaz','XAC',1015),(1711,'Xanlar','XAN',1015),(1712,'Xizi','XIZ',1015),(1713,'Xocali','XCI',1015),(1714,'Xocavand','XVD',1015),(1715,'Yardimli','YAR',1015),(1716,'Zangilan','ZAN',1015),(1717,'Zaqatala','ZAQ',1015),(1718,'Zardab','ZAR',1015),(1719,'Federacija Bosna i Hercegovina','BIH',1026),(1720,'Republika Srpska','SRP',1026),(1721,'Bagerhat zila','05',1017),(1722,'Bandarban zila','01',1017),(1723,'Barguna zila','02',1017),(1724,'Barisal zila','06',1017),(1725,'Bhola zila','07',1017),(1726,'Bogra zila','03',1017),(1727,'Brahmanbaria zila','04',1017),(1728,'Chandpur zila','09',1017),(1729,'Chittagong zila','10',1017),(1730,'Chuadanga zila','12',1017),(1731,'Comilla zila','08',1017),(1732,'Cox\'s Bazar zila','11',1017),(1733,'Dhaka zila','13',1017),(1734,'Dinajpur zila','14',1017),(1735,'Faridpur zila','15',1017),(1736,'Feni zila','16',1017),(1737,'Gaibandha zila','19',1017),(1738,'Gazipur zila','18',1017),(1739,'Gopalganj zila','17',1017),(1740,'Habiganj zila','20',1017),(1741,'Jaipurhat zila','24',1017),(1742,'Jamalpur zila','21',1017),(1743,'Jessore zila','22',1017),(1744,'Jhalakati zila','25',1017),(1745,'Jhenaidah zila','23',1017),(1746,'Khagrachari zila','29',1017),(1747,'Khulna zila','27',1017),(1748,'Kishorganj zila','26',1017),(1749,'Kurigram zila','28',1017),(1750,'Kushtia zila','30',1017),(1751,'Lakshmipur zila','31',1017),(1752,'Lalmonirhat zila','32',1017),(1753,'Madaripur zila','36',1017),(1754,'Magura zila','37',1017),(1755,'Manikganj zila','33',1017),(1756,'Meherpur zila','39',1017),(1757,'Moulvibazar zila','38',1017),(1758,'Munshiganj zila','35',1017),(1759,'Mymensingh zila','34',1017),(1760,'Naogaon zila','48',1017),(1761,'Narail zila','43',1017),(1762,'Narayanganj zila','40',1017),(1763,'Narsingdi zila','42',1017),(1764,'Natore zila','44',1017),(1765,'Nawabganj zila','45',1017),(1766,'Netrakona zila','41',1017),(1767,'Nilphamari zila','46',1017),(1768,'Noakhali zila','47',1017),(1769,'Pabna zila','49',1017),(1770,'Panchagarh zila','52',1017),(1771,'Patuakhali zila','51',1017),(1772,'Pirojpur zila','50',1017),(1773,'Rajbari zila','53',1017),(1774,'Rajshahi zila','54',1017),(1775,'Rangamati zila','56',1017),(1776,'Rangpur zila','55',1017),(1777,'Satkhira zila','58',1017),(1778,'Shariatpur zila','62',1017),(1779,'Sherpur zila','57',1017),(1780,'Sirajganj zila','59',1017),(1781,'Sunamganj zila','61',1017),(1782,'Sylhet zila','60',1017),(1783,'Tangail zila','63',1017),(1784,'Thakurgaon zila','64',1017),(1785,'Antwerpen','VAN',1020),(1786,'Brabant Wallon','WBR',1020),(1787,'Hainaut','WHT',1020),(1788,'Liege','WLG',1020),(1789,'Limburg','VLI',1020),(1790,'Luxembourg','WLX',1020),(1791,'Namur','WNA',1020),(1792,'Oost-Vlaanderen','VOV',1020),(1793,'Vlaams-Brabant','VBR',1020),(1794,'West-Vlaanderen','VWV',1020),(1795,'Bale','BAL',1034),(1796,'Bam','BAM',1034),(1797,'Banwa','BAN',1034),(1798,'Bazega','BAZ',1034),(1799,'Bougouriba','BGR',1034),(1800,'Boulgou','BLG',1034),(1801,'Boulkiemde','BLK',1034),(1802,'Comoe','COM',1034),(1803,'Ganzourgou','GAN',1034),(1804,'Gnagna','GNA',1034),(1805,'Gourma','GOU',1034),(1806,'Houet','HOU',1034),(1807,'Ioba','IOB',1034),(1808,'Kadiogo','KAD',1034),(1809,'Kenedougou','KEN',1034),(1810,'Komondjari','KMD',1034),(1811,'Kompienga','KMP',1034),(1812,'Kossi','KOS',1034),(1813,'Koulpulogo','KOP',1034),(1814,'Kouritenga','KOT',1034),(1815,'Kourweogo','KOW',1034),(1816,'Leraba','LER',1034),(1817,'Loroum','LOR',1034),(1818,'Mouhoun','MOU',1034),(1819,'Nahouri','NAO',1034),(1820,'Namentenga','NAM',1034),(1821,'Nayala','NAY',1034),(1822,'Noumbiel','NOU',1034),(1823,'Oubritenga','OUB',1034),(1824,'Oudalan','OUD',1034),(1825,'Passore','PAS',1034),(1826,'Poni','PON',1034),(1827,'Sanguie','SNG',1034),(1828,'Sanmatenga','SMT',1034),(1829,'Seno','SEN',1034),(1830,'Siasili','SIS',1034),(1831,'Soum','SOM',1034),(1832,'Sourou','SOR',1034),(1833,'Tapoa','TAP',1034),(1834,'Tui','TUI',1034),(1835,'Yagha','YAG',1034),(1836,'Yatenga','YAT',1034),(1837,'Ziro','ZIR',1034),(1838,'Zondoma','ZON',1034),(1839,'Zoundweogo','ZOU',1034),(1840,'Blagoevgrad','01',1033),(1841,'Burgas','02',1033),(1842,'Dobrich','08',1033),(1843,'Gabrovo','07',1033),(1844,'Haskovo','26',1033),(1845,'Yambol','28',1033),(1846,'Kardzhali','09',1033),(1847,'Kyustendil','10',1033),(1848,'Lovech','11',1033),(1849,'Montana','12',1033),(1850,'Pazardzik','13',1033),(1851,'Pernik','14',1033),(1852,'Pleven','15',1033),(1853,'Plovdiv','16',1033),(1854,'Razgrad','17',1033),(1855,'Ruse','18',1033),(1856,'Silistra','19',1033),(1857,'Sliven','20',1033),(1858,'Smolyan','21',1033),(1859,'Sofia','23',1033),(1860,'Stara Zagora','24',1033),(1861,'Shumen','27',1033),(1862,'Targovishte','25',1033),(1863,'Varna','03',1033),(1864,'Veliko Tarnovo','04',1033),(1865,'Vidin','05',1033),(1866,'Vratsa','06',1033),(1867,'Al Hadd','01',1016),(1868,'Al Manamah','03',1016),(1869,'Al Mintaqah al Gharbiyah','10',1016),(1870,'Al Mintagah al Wusta','07',1016),(1871,'Al Mintaqah ash Shamaliyah','05',1016),(1872,'Al Muharraq','02',1016),(1873,'Ar Rifa','09',1016),(1874,'Jidd Hafs','04',1016),(1875,'Madluat Jamad','12',1016),(1876,'Madluat Isa','08',1016),(1877,'Mintaqat Juzur tawar','11',1016),(1878,'Sitrah','06',1016),(1879,'Bubanza','BB',1036),(1880,'Bujumbura','BJ',1036),(1881,'Bururi','BR',1036),(1882,'Cankuzo','CA',1036),(1883,'Cibitoke','CI',1036),(1884,'Gitega','GI',1036),(1885,'Karuzi','KR',1036),(1886,'Kayanza','KY',1036),(1887,'Makamba','MA',1036),(1888,'Muramvya','MU',1036),(1889,'Mwaro','MW',1036),(1890,'Ngozi','NG',1036),(1891,'Rutana','RT',1036),(1892,'Ruyigi','RY',1036),(1893,'Alibori','AL',1022),(1894,'Atakora','AK',1022),(1895,'Atlantique','AQ',1022),(1896,'Borgou','BO',1022),(1897,'Collines','CO',1022),(1898,'Donga','DO',1022),(1899,'Kouffo','KO',1022),(1900,'Littoral','LI',1022),(1901,'Mono','MO',1022),(1902,'Oueme','OU',1022),(1903,'Plateau','PL',1022),(1904,'Zou','ZO',1022),(1905,'Belait','BE',1032),(1906,'Brunei-Muara','BM',1032),(1907,'Temburong','TE',1032),(1908,'Tutong','TU',1032),(1909,'Cochabamba','C',1025),(1910,'Chuquisaca','H',1025),(1911,'El Beni','B',1025),(1912,'La Paz','L',1025),(1913,'Oruro','O',1025),(1914,'Pando','N',1025),(1915,'Potosi','P',1025),(1916,'Tarija','T',1025),(1917,'Acre','AC',1029),(1918,'Alagoas','AL',1029),(1919,'Amazonas','AM',1029),(1920,'Amapa','AP',1029),(1921,'Bahia','BA',1029),(1922,'Ceara','CE',1029),(1923,'Distrito Federal','DF',1029),(1924,'Espirito Santo','ES',1029),(1925,'Fernando de Noronha','FN',1029),(1926,'Goias','GO',1029),(1927,'Maranhao','MA',1029),(1928,'Minas Gerais','MG',1029),(1929,'Mato Grosso do Sul','MS',1029),(1930,'Mato Grosso','MT',1029),(1931,'Para','PA',1029),(1932,'Paraiba','PB',1029),(1933,'Pernambuco','PE',1029),(1934,'Piaui','PI',1029),(1935,'Parana','PR',1029),(1936,'Rio de Janeiro','RJ',1029),(1937,'Rio Grande do Norte','RN',1029),(1938,'Rondonia','RO',1029),(1939,'Roraima','RR',1029),(1940,'Rio Grande do Sul','RS',1029),(1941,'Santa Catarina','SC',1029),(1942,'Sergipe','SE',1029),(1943,'Sao Paulo','SP',1029),(1944,'Tocantins','TO',1029),(1945,'Acklins and Crooked Islands','AC',1212),(1946,'Bimini','BI',1212),(1947,'Cat Island','CI',1212),(1948,'Exuma','EX',1212),(1955,'Inagua','IN',1212),(1957,'Long Island','LI',1212),(1959,'Mayaguana','MG',1212),(1960,'New Providence','NP',1212),(1962,'Ragged Island','RI',1212),(1966,'Bumthang','33',1024),(1967,'Chhukha','12',1024),(1968,'Dagana','22',1024),(1969,'Gasa','GA',1024),(1970,'Ha','13',1024),(1971,'Lhuentse','44',1024),(1972,'Monggar','42',1024),(1973,'Paro','11',1024),(1974,'Pemagatshel','43',1024),(1975,'Punakha','23',1024),(1976,'Samdrup Jongkha','45',1024),(1977,'Samtee','14',1024),(1978,'Sarpang','31',1024),(1979,'Thimphu','15',1024),(1980,'Trashigang','41',1024),(1981,'Trashi Yangtse','TY',1024),(1982,'Trongsa','32',1024),(1983,'Tsirang','21',1024),(1984,'Wangdue Phodrang','24',1024),(1985,'Zhemgang','34',1024),(1986,'Central','CE',1027),(1987,'Ghanzi','GH',1027),(1988,'Kgalagadi','KG',1027),(1989,'Kgatleng','KL',1027),(1990,'Kweneng','KW',1027),(1991,'Ngamiland','NG',1027),(1992,'North-East','NE',1027),(1993,'North-West','NW',1027),(1994,'South-East','SE',1027),(1995,'Southern','SO',1027),(1996,'Brsckaja voblasc\'','BR',1019),(1997,'Homel\'skaja voblasc\'','HO',1019),(1998,'Hrodzenskaja voblasc\'','HR',1019),(1999,'Mahiluskaja voblasc\'','MA',1019),(2000,'Minskaja voblasc\'','MI',1019),(2001,'Vicebskaja voblasc\'','VI',1019),(2002,'Belize','BZ',1021),(2003,'Cayo','CY',1021),(2004,'Corozal','CZL',1021),(2005,'Orange Walk','OW',1021),(2006,'Stann Creek','SC',1021),(2007,'Toledo','TOL',1021),(2008,'Kinshasa','KN',1050),(2011,'Equateur','EQ',1050),(2014,'Kasai-Oriental','KE',1050),(2016,'Maniema','MA',1050),(2017,'Nord-Kivu','NK',1050),(2019,'Sud-Kivu','SK',1050),(2020,'Bangui','BGF',1042),(2021,'Bamingui-Bangoran','BB',1042),(2022,'Basse-Kotto','BK',1042),(2023,'Haute-Kotto','HK',1042),(2024,'Haut-Mbomou','HM',1042),(2025,'Kemo','KG',1042),(2026,'Lobaye','LB',1042),(2027,'Mambere-Kadei','HS',1042),(2028,'Mbomou','MB',1042),(2029,'Nana-Grebizi','KB',1042),(2030,'Nana-Mambere','NM',1042),(2031,'Ombella-Mpoko','MP',1042),(2032,'Ouaka','UK',1042),(2033,'Ouham','AC',1042),(2034,'Ouham-Pende','OP',1042),(2035,'Sangha-Mbaere','SE',1042),(2036,'Vakaga','VR',1042),(2037,'Brazzaville','BZV',1051),(2038,'Bouenza','11',1051),(2039,'Cuvette','8',1051),(2040,'Cuvette-Ouest','15',1051),(2041,'Kouilou','5',1051),(2042,'Lekoumou','2',1051),(2043,'Likouala','7',1051),(2044,'Niari','9',1051),(2045,'Plateaux','14',1051),(2046,'Pool','12',1051),(2047,'Sangha','13',1051),(2048,'Aargau','AG',1205),(2049,'Appenzell Innerrhoden','AI',1205),(2050,'Appenzell Ausserrhoden','AR',1205),(2051,'Bern','BE',1205),(2052,'Basel-Landschaft','BL',1205),(2053,'Basel-Stadt','BS',1205),(2054,'Fribourg','FR',1205),(2055,'Geneva','GE',1205),(2056,'Glarus','GL',1205),(2057,'Graubunden','GR',1205),(2058,'Jura','JU',1205),(2059,'Luzern','LU',1205),(2060,'Neuchatel','NE',1205),(2061,'Nidwalden','NW',1205),(2062,'Obwalden','OW',1205),(2063,'Sankt Gallen','SG',1205),(2064,'Schaffhausen','SH',1205),(2065,'Solothurn','SO',1205),(2066,'Schwyz','SZ',1205),(2067,'Thurgau','TG',1205),(2068,'Ticino','TI',1205),(2069,'Uri','UR',1205),(2070,'Vaud','VD',1205),(2071,'Valais','VS',1205),(2072,'Zug','ZG',1205),(2073,'Zurich','ZH',1205),(2074,'18 Montagnes','06',1054),(2075,'Agnebi','16',1054),(2076,'Bas-Sassandra','09',1054),(2077,'Denguele','10',1054),(2078,'Haut-Sassandra','02',1054),(2079,'Lacs','07',1054),(2080,'Lagunes','01',1054),(2081,'Marahoue','12',1054),(2082,'Moyen-Comoe','05',1054),(2083,'Nzi-Comoe','11',1054),(2084,'Savanes','03',1054),(2085,'Sud-Bandama','15',1054),(2086,'Sud-Comoe','13',1054),(2087,'Vallee du Bandama','04',1054),(2088,'Worodouqou','14',1054),(2089,'Zanzan','08',1054),(2090,'Aisen del General Carlos Ibanez del Campo','AI',1044),(2091,'Antofagasta','AN',1044),(2092,'Araucania','AR',1044),(2093,'Atacama','AT',1044),(2094,'Bio-Bio','BI',1044),(2095,'Coquimbo','CO',1044),(2096,'Libertador General Bernardo O\'Higgins','LI',1044),(2097,'Los Lagos','LL',1044),(2098,'Magallanes','MA',1044),(2099,'Maule','ML',1044),(2100,'Santiago Metropolitan','SM',1044),(2101,'Tarapaca','TA',1044),(2102,'Valparaiso','VS',1044),(2103,'Adamaoua','AD',1038),(2104,'Centre','CE',1038),(2105,'East','ES',1038),(2106,'Far North','EN',1038),(2107,'North','NO',1038),(2108,'South','SW',1038),(2109,'South-West','SW',1038),(2110,'West','OU',1038),(2111,'Beijing','11',1045),(2112,'Chongqing','50',1045),(2113,'Shanghai','31',1045),(2114,'Tianjin','12',1045),(2115,'Anhui','34',1045),(2116,'Fujian','35',1045),(2117,'Gansu','62',1045),(2118,'Guangdong','44',1045),(2119,'Guizhou','52',1045),(2120,'Hainan','46',1045),(2121,'Hebei','13',1045),(2122,'Heilongjiang','23',1045),(2123,'Henan','41',1045),(2124,'Hubei','42',1045),(2125,'Hunan','43',1045),(2126,'Jiangsu','32',1045),(2127,'Jiangxi','36',1045),(2128,'Jilin','22',1045),(2129,'Liaoning','21',1045),(2130,'Qinghai','63',1045),(2131,'Shaanxi','61',1045),(2132,'Shandong','37',1045),(2133,'Shanxi','14',1045),(2134,'Sichuan','51',1045),(2135,'Taiwan','71',1045),(2136,'Yunnan','53',1045),(2137,'Zhejiang','33',1045),(2138,'Guangxi','45',1045),(2139,'Neia Mongol (mn)','15',1045),(2140,'Xinjiang','65',1045),(2141,'Xizang','54',1045),(2142,'Hong Kong','91',1045),(2143,'Macau','92',1045),(2144,'Distrito Capital de Bogot','DC',1048),(2145,'Amazonea','AMA',1048),(2146,'Antioquia','ANT',1048),(2147,'Arauca','ARA',1048),(2148,'Atlntico','ATL',1048),(2149,'Bolvar','BOL',1048),(2150,'Boyac','BOY',1048),(2151,'Caldea','CAL',1048),(2152,'Caquet','CAQ',1048),(2153,'Casanare','CAS',1048),(2154,'Cauca','CAU',1048),(2155,'Cesar','CES',1048),(2156,'Crdoba','COR',1048),(2157,'Cundinamarca','CUN',1048),(2158,'Choc','CHO',1048),(2159,'Guaina','GUA',1048),(2160,'Guaviare','GUV',1048),(2161,'La Guajira','LAG',1048),(2162,'Magdalena','MAG',1048),(2163,'Meta','MET',1048),(2164,'Nario','NAR',1048),(2165,'Norte de Santander','NSA',1048),(2166,'Putumayo','PUT',1048),(2167,'Quindio','QUI',1048),(2168,'Risaralda','RIS',1048),(2169,'San Andrs, Providencia y Santa Catalina','SAP',1048),(2170,'Santander','SAN',1048),(2171,'Sucre','SUC',1048),(2172,'Tolima','TOL',1048),(2173,'Valle del Cauca','VAC',1048),(2174,'Vaups','VAU',1048),(2175,'Vichada','VID',1048),(2176,'Alajuela','A',1053),(2177,'Cartago','C',1053),(2178,'Guanacaste','G',1053),(2179,'Heredia','H',1053),(2180,'Limon','L',1053),(2181,'Puntarenas','P',1053),(2182,'San Jose','SJ',1053),(2183,'Camagey','09',1056),(2184,'Ciego de `vila','08',1056),(2185,'Cienfuegos','06',1056),(2186,'Ciudad de La Habana','03',1056),(2187,'Granma','12',1056),(2188,'Guantanamo','14',1056),(2189,'Holquin','11',1056),(2190,'La Habana','02',1056),(2191,'Las Tunas','10',1056),(2192,'Matanzas','04',1056),(2193,'Pinar del Rio','01',1056),(2194,'Sancti Spiritus','07',1056),(2195,'Santiago de Cuba','13',1056),(2196,'Villa Clara','05',1056),(2197,'Isla de la Juventud','99',1056),(2198,'Pinar del Roo','PR',1056),(2199,'Ciego de Avila','CA',1056),(2200,'Camagoey','CG',1056),(2201,'Holgun','HO',1056),(2202,'Sancti Spritus','SS',1056),(2203,'Municipio Especial Isla de la Juventud','IJ',1056),(2204,'Boa Vista','BV',1040),(2205,'Brava','BR',1040),(2206,'Calheta de Sao Miguel','CS',1040),(2207,'Fogo','FO',1040),(2208,'Maio','MA',1040),(2209,'Mosteiros','MO',1040),(2210,'Paul','PA',1040),(2211,'Porto Novo','PN',1040),(2212,'Praia','PR',1040),(2213,'Ribeira Grande','RG',1040),(2214,'Sal','SL',1040),(2215,'Sao Domingos','SD',1040),(2216,'Sao Filipe','SF',1040),(2217,'Sao Nicolau','SN',1040),(2218,'Sao Vicente','SV',1040),(2219,'Tarrafal','TA',1040),(2220,'Ammochostos Magusa','04',1057),(2221,'Keryneia','06',1057),(2222,'Larnaka','03',1057),(2223,'Lefkosia','01',1057),(2224,'Lemesos','02',1057),(2225,'Pafos','05',1057),(2226,'Jihoesk kraj','JC',1058),(2227,'Jihomoravsk kraj','JM',1058),(2228,'Karlovarsk kraj','KA',1058),(2229,'Krlovhradeck kraj','KR',1058),(2230,'Libereck kraj','LI',1058),(2231,'Moravskoslezsk kraj','MO',1058),(2232,'Olomouck kraj','OL',1058),(2233,'Pardubick kraj','PA',1058),(2234,'Plzesk kraj','PL',1058),(2235,'Praha, hlavn msto','PR',1058),(2236,'Stedoesk kraj','ST',1058),(2237,'steck kraj','US',1058),(2238,'Vysoina','VY',1058),(2239,'Zlnsk kraj','ZL',1058),(2240,'Baden-Wuerttemberg','BW',1082),(2241,'Bayern','BY',1082),(2242,'Bremen','HB',1082),(2243,'Hamburg','HH',1082),(2244,'Hessen','HE',1082),(2245,'Niedersachsen','NI',1082),(2246,'Nordrhein-Westfalen','NW',1082),(2247,'Rheinland-Pfalz','RP',1082),(2248,'Saarland','SL',1082),(2249,'Schleswig-Holstein','SH',1082),(2250,'Berlin','BR',1082),(2251,'Brandenburg','BB',1082),(2252,'Mecklenburg-Vorpommern','MV',1082),(2253,'Sachsen','SN',1082),(2254,'Sachsen-Anhalt','ST',1082),(2255,'Thueringen','TH',1082),(2256,'Ali Sabiah','AS',1060),(2257,'Dikhil','DI',1060),(2258,'Djibouti','DJ',1060),(2259,'Obock','OB',1060),(2260,'Tadjoura','TA',1060),(2261,'Frederiksberg','147',1059),(2262,'Copenhagen City','101',1059),(2263,'Copenhagen','015',1059),(2264,'Frederiksborg','020',1059),(2265,'Roskilde','025',1059),(2266,'Vestsjlland','030',1059),(2267,'Storstrm','035',1059),(2268,'Bornholm','040',1059),(2269,'Fyn','042',1059),(2270,'South Jutland','050',1059),(2271,'Ribe','055',1059),(2272,'Vejle','060',1059),(2273,'Ringkjbing','065',1059),(2274,'rhus','070',1059),(2275,'Viborg','076',1059),(2276,'North Jutland','080',1059),(2277,'Distrito Nacional (Santo Domingo)','01',1062),(2278,'Azua','02',1062),(2279,'Bahoruco','03',1062),(2280,'Barahona','04',1062),(2281,'Dajabn','05',1062),(2282,'Duarte','06',1062),(2283,'El Seybo [El Seibo]','08',1062),(2284,'Espaillat','09',1062),(2285,'Hato Mayor','30',1062),(2286,'Independencia','10',1062),(2287,'La Altagracia','11',1062),(2288,'La Estrelleta [Elias Pina]','07',1062),(2289,'La Romana','12',1062),(2290,'La Vega','13',1062),(2291,'Maroia Trinidad Snchez','14',1062),(2292,'Monseor Nouel','28',1062),(2293,'Monte Cristi','15',1062),(2294,'Monte Plata','29',1062),(2295,'Pedernales','16',1062),(2296,'Peravia','17',1062),(2297,'Puerto Plata','18',1062),(2298,'Salcedo','19',1062),(2299,'Saman','20',1062),(2300,'San Cristbal','21',1062),(2301,'San Pedro de Macors','23',1062),(2302,'Snchez Ramrez','24',1062),(2303,'Santiago','25',1062),(2304,'Santiago Rodrguez','26',1062),(2305,'Valverde','27',1062),(2306,'Adrar','01',1003),(2307,'Ain Defla','44',1003),(2308,'Ain Tmouchent','46',1003),(2309,'Alger','16',1003),(2310,'Annaba','23',1003),(2311,'Batna','05',1003),(2312,'Bechar','08',1003),(2313,'Bejaia','06',1003),(2314,'Biskra','07',1003),(2315,'Blida','09',1003),(2316,'Bordj Bou Arreridj','34',1003),(2317,'Bouira','10',1003),(2318,'Boumerdes','35',1003),(2319,'Chlef','02',1003),(2320,'Constantine','25',1003),(2321,'Djelfa','17',1003),(2322,'El Bayadh','32',1003),(2323,'El Oued','39',1003),(2324,'El Tarf','36',1003),(2325,'Ghardaia','47',1003),(2326,'Guelma','24',1003),(2327,'Illizi','33',1003),(2328,'Jijel','18',1003),(2329,'Khenchela','40',1003),(2330,'Laghouat','03',1003),(2331,'Mascara','29',1003),(2332,'Medea','26',1003),(2333,'Mila','43',1003),(2334,'Mostaganem','27',1003),(2335,'Msila','28',1003),(2336,'Naama','45',1003),(2337,'Oran','31',1003),(2338,'Ouargla','30',1003),(2339,'Oum el Bouaghi','04',1003),(2340,'Relizane','48',1003),(2341,'Saida','20',1003),(2342,'Setif','19',1003),(2343,'Sidi Bel Abbes','22',1003),(2344,'Skikda','21',1003),(2345,'Souk Ahras','41',1003),(2346,'Tamanghasset','11',1003),(2347,'Tebessa','12',1003),(2348,'Tiaret','14',1003),(2349,'Tindouf','37',1003),(2350,'Tipaza','42',1003),(2351,'Tissemsilt','38',1003),(2352,'Tizi Ouzou','15',1003),(2353,'Tlemcen','13',1003),(2354,'Azuay','A',1064),(2355,'Bolivar','B',1064),(2356,'Canar','F',1064),(2357,'Carchi','C',1064),(2358,'Cotopaxi','X',1064),(2359,'Chimborazo','H',1064),(2360,'El Oro','O',1064),(2361,'Esmeraldas','E',1064),(2362,'Galapagos','W',1064),(2363,'Guayas','G',1064),(2364,'Imbabura','I',1064),(2365,'Loja','L',1064),(2366,'Los Rios','R',1064),(2367,'Manabi','M',1064),(2368,'Morona-Santiago','S',1064),(2369,'Napo','N',1064),(2370,'Orellana','D',1064),(2371,'Pastaza','Y',1064),(2372,'Pichincha','P',1064),(2373,'Sucumbios','U',1064),(2374,'Tungurahua','T',1064),(2375,'Zamora-Chinchipe','Z',1064),(2376,'Harjumsa','37',1069),(2377,'Hitumea','39',1069),(2378,'Ida-Virumsa','44',1069),(2379,'Jogevamsa','49',1069),(2380,'Jarvamsa','51',1069),(2381,'Lasnemsa','57',1069),(2382,'Laane-Virumaa','59',1069),(2383,'Polvamea','65',1069),(2384,'Parnumsa','67',1069),(2385,'Raplamsa','70',1069),(2386,'Saaremsa','74',1069),(2387,'Tartumsa','7B',1069),(2388,'Valgamaa','82',1069),(2389,'Viljandimsa','84',1069),(2390,'Vorumaa','86',1069),(2391,'Ad Daqahllyah','DK',1065),(2392,'Al Bahr al Ahmar','BA',1065),(2393,'Al Buhayrah','BH',1065),(2394,'Al Fayym','FYM',1065),(2395,'Al Gharbiyah','GH',1065),(2396,'Al Iskandarlyah','ALX',1065),(2397,'Al Isma illyah','IS',1065),(2398,'Al Jizah','GZ',1065),(2399,'Al Minuflyah','MNF',1065),(2400,'Al Minya','MN',1065),(2401,'Al Qahirah','C',1065),(2402,'Al Qalyublyah','KB',1065),(2403,'Al Wadi al Jadid','WAD',1065),(2404,'Ash Sharqiyah','SHR',1065),(2405,'As Suways','SUZ',1065),(2406,'Aswan','ASN',1065),(2407,'Asyut','AST',1065),(2408,'Bani Suwayf','BNS',1065),(2409,'Bur Sa\'id','PTS',1065),(2410,'Dumyat','DT',1065),(2411,'Janub Sina\'','JS',1065),(2412,'Kafr ash Shaykh','KFS',1065),(2413,'Matruh','MT',1065),(2414,'Qina','KN',1065),(2415,'Shamal Sina\'','SIN',1065),(2416,'Suhaj','SHG',1065),(2417,'Anseba','AN',1068),(2418,'Debub','DU',1068),(2419,'Debubawi Keyih Bahri [Debub-Keih-Bahri]','DK',1068),(2420,'Gash-Barka','GB',1068),(2421,'Maakel [Maekel]','MA',1068),(2422,'Semenawi Keyih Bahri [Semien-Keih-Bahri]','SK',1068),(2423,'lava','VI',1198),(2424,'Albacete','AB',1198),(2425,'Alicante','A',1198),(2426,'Almera','AL',1198),(2427,'Asturias','O',1198),(2428,'vila','AV',1198),(2429,'Badajoz','BA',1198),(2430,'Baleares','PM',1198),(2431,'Barcelona','B',1198),(2432,'Burgos','BU',1198),(2433,'Cceres','CC',1198),(2434,'Cdiz','CA',1198),(2435,'Cantabria','S',1198),(2436,'Castelln','CS',1198),(2437,'Ciudad Real','CR',1198),(2438,'Cuenca','CU',1198),(2439,'Girona [Gerona]','GE',1198),(2440,'Granada','GR',1198),(2441,'Guadalajara','GU',1198),(2442,'Guipzcoa','SS',1198),(2443,'Huelva','H',1198),(2444,'Huesca','HU',1198),(2445,'Jan','J',1198),(2446,'La Corua','C',1198),(2447,'La Rioja','LO',1198),(2448,'Las Palmas','GC',1198),(2449,'Len','LE',1198),(2450,'Lleida [Lrida]','L',1198),(2451,'Lugo','LU',1198),(2452,'Madrid','M',1198),(2453,'Mlaga','MA',1198),(2454,'Murcia','MU',1198),(2455,'Navarra','NA',1198),(2456,'Ourense','OR',1198),(2457,'Palencia','P',1198),(2458,'Pontevedra','PO',1198),(2459,'Salamanca','SA',1198),(2460,'Santa Cruz de Tenerife','TF',1198),(2461,'Segovia','SG',1198),(2462,'Sevilla','SE',1198),(2463,'Soria','SO',1198),(2464,'Tarragona','T',1198),(2465,'Teruel','TE',1198),(2466,'Valencia','V',1198),(2467,'Valladolid','VA',1198),(2468,'Vizcaya','BI',1198),(2469,'Zamora','ZA',1198),(2470,'Zaragoza','Z',1198),(2471,'Ceuta','CE',1198),(2472,'Melilla','ML',1198),(2473,'Addis Ababa','AA',1070),(2474,'Dire Dawa','DD',1070),(2475,'Afar','AF',1070),(2476,'Amara','AM',1070),(2477,'Benshangul-Gumaz','BE',1070),(2478,'Gambela Peoples','GA',1070),(2479,'Harari People','HA',1070),(2480,'Oromia','OR',1070),(2481,'Somali','SO',1070),(2482,'Southern Nations, Nationalities and Peoples','SN',1070),(2483,'Tigrai','TI',1070),(2490,'Eastern','E',1074),(2491,'Northern','N',1074),(2492,'Western','W',1074),(2493,'Rotuma','R',1074),(2494,'Chuuk','TRK',1141),(2495,'Kosrae','KSA',1141),(2496,'Pohnpei','PNI',1141),(2497,'Yap','YAP',1141),(2498,'Ain','01',1076),(2499,'Aisne','02',1076),(2500,'Allier','03',1076),(2501,'Alpes-de-Haute-Provence','04',1076),(2502,'Alpes-Maritimes','06',1076),(2503,'Ardche','07',1076),(2504,'Ardennes','08',1076),(2505,'Arige','09',1076),(2506,'Aube','10',1076),(2507,'Aude','11',1076),(2508,'Aveyron','12',1076),(2509,'Bas-Rhin','67',1076),(2510,'Bouches-du-Rhne','13',1076),(2511,'Calvados','14',1076),(2512,'Cantal','15',1076),(2513,'Charente','16',1076),(2514,'Charente-Maritime','17',1076),(2515,'Cher','18',1076),(2516,'Corrze','19',1076),(2517,'Corse-du-Sud','20A',1076),(2518,'Cte-d\'Or','21',1076),(2519,'Ctes-d\'Armor','22',1076),(2520,'Creuse','23',1076),(2521,'Deux-Svres','79',1076),(2522,'Dordogne','24',1076),(2523,'Doubs','25',1076),(2524,'Drme','26',1076),(2525,'Essonne','91',1076),(2526,'Eure','27',1076),(2527,'Eure-et-Loir','28',1076),(2528,'Finistre','29',1076),(2529,'Gard','30',1076),(2530,'Gers','32',1076),(2531,'Gironde','33',1076),(2532,'Haut-Rhin','68',1076),(2533,'Haute-Corse','20B',1076),(2534,'Haute-Garonne','31',1076),(2535,'Haute-Loire','43',1076),(2536,'Haute-Sane','70',1076),(2537,'Haute-Savoie','74',1076),(2538,'Haute-Vienne','87',1076),(2539,'Hautes-Alpes','05',1076),(2540,'Hautes-Pyrnes','65',1076),(2541,'Hauts-de-Seine','92',1076),(2542,'Hrault','34',1076),(2543,'Indre','36',1076),(2544,'Ille-et-Vilaine','35',1076),(2545,'Indre-et-Loire','37',1076),(2546,'Isre','38',1076),(2547,'Landes','40',1076),(2548,'Loir-et-Cher','41',1076),(2549,'Loire','42',1076),(2550,'Loire-Atlantique','44',1076),(2551,'Loiret','45',1076),(2552,'Lot','46',1076),(2553,'Lot-et-Garonne','47',1076),(2554,'Lozre','48',1076),(2555,'Maine-et-Loire','49',1076),(2556,'Manche','50',1076),(2557,'Marne','51',1076),(2558,'Mayenne','53',1076),(2559,'Meurthe-et-Moselle','54',1076),(2560,'Meuse','55',1076),(2561,'Morbihan','56',1076),(2562,'Moselle','57',1076),(2563,'Nivre','58',1076),(2564,'Nord','59',1076),(2565,'Oise','60',1076),(2566,'Orne','61',1076),(2567,'Paris','75',1076),(2568,'Pas-de-Calais','62',1076),(2569,'Puy-de-Dme','63',1076),(2570,'Pyrnes-Atlantiques','64',1076),(2571,'Pyrnes-Orientales','66',1076),(2572,'Rhne','69',1076),(2573,'Sane-et-Loire','71',1076),(2574,'Sarthe','72',1076),(2575,'Savoie','73',1076),(2576,'Seine-et-Marne','77',1076),(2577,'Seine-Maritime','76',1076),(2578,'Seine-Saint-Denis','93',1076),(2579,'Somme','80',1076),(2580,'Tarn','81',1076),(2581,'Tarn-et-Garonne','82',1076),(2582,'Val d\'Oise','95',1076),(2583,'Territoire de Belfort','90',1076),(2584,'Val-de-Marne','94',1076),(2585,'Var','83',1076),(2586,'Vaucluse','84',1076),(2587,'Vende','85',1076),(2588,'Vienne','86',1076),(2589,'Vosges','88',1076),(2590,'Yonne','89',1076),(2591,'Yvelines','78',1076),(2592,'Aberdeen City','ABE',1226),(2593,'Aberdeenshire','ABD',1226),(2594,'Angus','ANS',1226),(2595,'Co Antrim','ANT',1226),(2597,'Argyll and Bute','AGB',1226),(2598,'Co Armagh','ARM',1226),(2606,'Bedfordshire','BDF',1226),(2612,'Gwent','BGW',1226),(2620,'Bristol, City of','BST',1226),(2622,'Buckinghamshire','BKM',1226),(2626,'Cambridgeshire','CAM',1226),(2634,'Cheshire','CHS',1226),(2635,'Clackmannanshire','CLK',1226),(2639,'Cornwall','CON',1226),(2643,'Cumbria','CMA',1226),(2647,'Derbyshire','DBY',1226),(2648,'Co Londonderry','DRY',1226),(2649,'Devon','DEV',1226),(2651,'Dorset','DOR',1226),(2652,'Co Down','DOW',1226),(2654,'Dumfries and Galloway','DGY',1226),(2655,'Dundee City','DND',1226),(2657,'County Durham','DUR',1226),(2659,'East Ayrshire','EAY',1226),(2660,'East Dunbartonshire','EDU',1226),(2661,'East Lothian','ELN',1226),(2662,'East Renfrewshire','ERW',1226),(2663,'East Riding of Yorkshire','ERY',1226),(2664,'East Sussex','ESX',1226),(2665,'Edinburgh, City of','EDH',1226),(2666,'Na h-Eileanan Siar','ELS',1226),(2668,'Essex','ESS',1226),(2669,'Falkirk','FAL',1226),(2670,'Co Fermanagh','FER',1226),(2671,'Fife','FIF',1226),(2674,'Glasgow City','GLG',1226),(2675,'Gloucestershire','GLS',1226),(2678,'Gwynedd','GWN',1226),(2682,'Hampshire','HAM',1226),(2687,'Herefordshire','HEF',1226),(2688,'Hertfordshire','HRT',1226),(2689,'Highland','HED',1226),(2692,'Inverclyde','IVC',1226),(2694,'Isle of Wight','IOW',1226),(2699,'Kent','KEN',1226),(2705,'Lancashire','LAN',1226),(2709,'Leicestershire','LEC',1226),(2712,'Lincolnshire','LIN',1226),(2723,'Midlothian','MLN',1226),(2726,'Moray','MRY',1226),(2734,'Norfolk','NFK',1226),(2735,'North Ayrshire','NAY',1226),(2738,'North Lanarkshire','NLK',1226),(2742,'North Yorkshire','NYK',1226),(2743,'Northamptonshire','NTH',1226),(2744,'Northumberland','NBL',1226),(2746,'Nottinghamshire','NTT',1226),(2747,'Oldham','OLD',1226),(2748,'Omagh','OMH',1226),(2749,'Orkney Islands','ORR',1226),(2750,'Oxfordshire','OXF',1226),(2752,'Perth and Kinross','PKN',1226),(2757,'Powys','POW',1226),(2761,'Renfrewshire','RFW',1226),(2766,'Rutland','RUT',1226),(2770,'Scottish Borders','SCB',1226),(2773,'Shetland Islands','ZET',1226),(2774,'Shropshire','SHR',1226),(2777,'Somerset','SOM',1226),(2778,'South Ayrshire','SAY',1226),(2779,'South Gloucestershire','SGC',1226),(2780,'South Lanarkshire','SLK',1226),(2785,'Staffordshire','STS',1226),(2786,'Stirling','STG',1226),(2791,'Suffolk','SFK',1226),(2793,'Surrey','SRY',1226),(2804,'Mid Glamorgan','VGL',1226),(2811,'Warwickshire','WAR',1226),(2813,'West Dunbartonshire','WDU',1226),(2814,'West Lothian','WLN',1226),(2815,'West Sussex','WSX',1226),(2818,'Wiltshire','WIL',1226),(2823,'Worcestershire','WOR',1226),(2826,'Ashanti','AH',1083),(2827,'Brong-Ahafo','BA',1083),(2828,'Greater Accra','AA',1083),(2829,'Upper East','UE',1083),(2830,'Upper West','UW',1083),(2831,'Volta','TV',1083),(2832,'Banjul','B',1213),(2833,'Lower River','L',1213),(2834,'MacCarthy Island','M',1213),(2835,'North Bank','N',1213),(2836,'Upper River','U',1213),(2837,'Beyla','BE',1091),(2838,'Boffa','BF',1091),(2839,'Boke','BK',1091),(2840,'Coyah','CO',1091),(2841,'Dabola','DB',1091),(2842,'Dalaba','DL',1091),(2843,'Dinguiraye','DI',1091),(2844,'Dubreka','DU',1091),(2845,'Faranah','FA',1091),(2846,'Forecariah','FO',1091),(2847,'Fria','FR',1091),(2848,'Gaoual','GA',1091),(2849,'Guekedou','GU',1091),(2850,'Kankan','KA',1091),(2851,'Kerouane','KE',1091),(2852,'Kindia','KD',1091),(2853,'Kissidougou','KS',1091),(2854,'Koubia','KB',1091),(2855,'Koundara','KN',1091),(2856,'Kouroussa','KO',1091),(2857,'Labe','LA',1091),(2858,'Lelouma','LE',1091),(2859,'Lola','LO',1091),(2860,'Macenta','MC',1091),(2861,'Mali','ML',1091),(2862,'Mamou','MM',1091),(2863,'Mandiana','MD',1091),(2864,'Nzerekore','NZ',1091),(2865,'Pita','PI',1091),(2866,'Siguiri','SI',1091),(2867,'Telimele','TE',1091),(2868,'Tougue','TO',1091),(2869,'Yomou','YO',1091),(2870,'Region Continental','C',1067),(2871,'Region Insular','I',1067),(2872,'Annobon','AN',1067),(2873,'Bioko Norte','BN',1067),(2874,'Bioko Sur','BS',1067),(2875,'Centro Sur','CS',1067),(2876,'Kie-Ntem','KN',1067),(2877,'Litoral','LI',1067),(2878,'Wele-Nzas','WN',1067),(2879,'Achaa','13',1085),(2880,'Aitolia-Akarnania','01',1085),(2881,'Argolis','11',1085),(2882,'Arkadia','12',1085),(2883,'Arta','31',1085),(2884,'Attiki','A1',1085),(2885,'Chalkidiki','64',1085),(2886,'Chania','94',1085),(2887,'Chios','85',1085),(2888,'Dodekanisos','81',1085),(2889,'Drama','52',1085),(2890,'Evros','71',1085),(2891,'Evrytania','05',1085),(2892,'Evvoia','04',1085),(2893,'Florina','63',1085),(2894,'Fokis','07',1085),(2895,'Fthiotis','06',1085),(2896,'Grevena','51',1085),(2897,'Ileia','14',1085),(2898,'Imathia','53',1085),(2899,'Ioannina','33',1085),(2900,'Irakleion','91',1085),(2901,'Karditsa','41',1085),(2902,'Kastoria','56',1085),(2903,'Kavalla','55',1085),(2904,'Kefallinia','23',1085),(2905,'Kerkyra','22',1085),(2906,'Kilkis','57',1085),(2907,'Korinthia','15',1085),(2908,'Kozani','58',1085),(2909,'Kyklades','82',1085),(2910,'Lakonia','16',1085),(2911,'Larisa','42',1085),(2912,'Lasithion','92',1085),(2913,'Lefkas','24',1085),(2914,'Lesvos','83',1085),(2915,'Magnisia','43',1085),(2916,'Messinia','17',1085),(2917,'Pella','59',1085),(2918,'Preveza','34',1085),(2919,'Rethymnon','93',1085),(2920,'Rodopi','73',1085),(2921,'Samos','84',1085),(2922,'Serrai','62',1085),(2923,'Thesprotia','32',1085),(2924,'Thessaloniki','54',1085),(2925,'Trikala','44',1085),(2926,'Voiotia','03',1085),(2927,'Xanthi','72',1085),(2928,'Zakynthos','21',1085),(2929,'Agio Oros','69',1085),(2930,'Alta Verapaz','AV',1090),(2931,'Baja Verapaz','BV',1090),(2932,'Chimaltenango','CM',1090),(2933,'Chiquimula','CQ',1090),(2934,'El Progreso','PR',1090),(2935,'Escuintla','ES',1090),(2936,'Guatemala','GU',1090),(2937,'Huehuetenango','HU',1090),(2938,'Izabal','IZ',1090),(2939,'Jalapa','JA',1090),(2940,'Jutiapa','JU',1090),(2941,'Peten','PE',1090),(2942,'Quetzaltenango','QZ',1090),(2943,'Quiche','QC',1090),(2944,'Retalhuleu','RE',1090),(2945,'Sacatepequez','SA',1090),(2946,'San Marcos','SM',1090),(2947,'Santa Rosa','SR',1090),(2948,'Solol','SO',1090),(2949,'Suchitepequez','SU',1090),(2950,'Totonicapan','TO',1090),(2951,'Zacapa','ZA',1090),(2952,'Bissau','BS',1092),(2953,'Bafata','BA',1092),(2954,'Biombo','BM',1092),(2955,'Bolama','BL',1092),(2956,'Cacheu','CA',1092),(2957,'Gabu','GA',1092),(2958,'Oio','OI',1092),(2959,'Quloara','QU',1092),(2960,'Tombali S','TO',1092),(2961,'Barima-Waini','BA',1093),(2962,'Cuyuni-Mazaruni','CU',1093),(2963,'Demerara-Mahaica','DE',1093),(2964,'East Berbice-Corentyne','EB',1093),(2965,'Essequibo Islands-West Demerara','ES',1093),(2966,'Mahaica-Berbice','MA',1093),(2967,'Pomeroon-Supenaam','PM',1093),(2968,'Potaro-Siparuni','PT',1093),(2969,'Upper Demerara-Berbice','UD',1093),(2970,'Upper Takutu-Upper Essequibo','UT',1093),(2971,'Atlantida','AT',1097),(2972,'Colon','CL',1097),(2973,'Comayagua','CM',1097),(2974,'Copan','CP',1097),(2975,'Cortes','CR',1097),(2976,'Choluteca','CH',1097),(2977,'El Paraiso','EP',1097),(2978,'Francisco Morazan','FM',1097),(2979,'Gracias a Dios','GD',1097),(2980,'Intibuca','IN',1097),(2981,'Islas de la Bahia','IB',1097),(2982,'Lempira','LE',1097),(2983,'Ocotepeque','OC',1097),(2984,'Olancho','OL',1097),(2985,'Santa Barbara','SB',1097),(2986,'Valle','VA',1097),(2987,'Yoro','YO',1097),(2988,'Bjelovarsko-bilogorska zupanija','07',1055),(2989,'Brodsko-posavska zupanija','12',1055),(2990,'Dubrovacko-neretvanska zupanija','19',1055),(2991,'Istarska zupanija','18',1055),(2992,'Karlovacka zupanija','04',1055),(2993,'Koprivnickco-krizevacka zupanija','06',1055),(2994,'Krapinako-zagorska zupanija','02',1055),(2995,'Licko-senjska zupanija','09',1055),(2996,'Medimurska zupanija','20',1055),(2997,'Osjecko-baranjska zupanija','14',1055),(2998,'Pozesko-slavonska zupanija','11',1055),(2999,'Primorsko-goranska zupanija','08',1055),(3000,'Sisacko-moelavacka Iupanija','03',1055),(3001,'Splitako-dalmatinska zupanija','17',1055),(3002,'Sibenako-kninska zupanija','15',1055),(3003,'Varaidinska zupanija','05',1055),(3004,'VirovitiEko-podravska zupanija','10',1055),(3005,'VuRovarako-srijemska zupanija','16',1055),(3006,'Zadaraka','13',1055),(3007,'Zagrebacka zupanija','01',1055),(3008,'Grande-Anse','GA',1094),(3009,'Nord-Est','NE',1094),(3010,'Nord-Ouest','NO',1094),(3011,'Ouest','OU',1094),(3012,'Sud','SD',1094),(3013,'Sud-Est','SE',1094),(3014,'Budapest','BU',1099),(3015,'Bcs-Kiskun','BK',1099),(3016,'Baranya','BA',1099),(3017,'Bks','BE',1099),(3018,'Borsod-Abaj-Zempln','BZ',1099),(3019,'Csongrd','CS',1099),(3020,'Fejr','FE',1099),(3021,'Gyr-Moson-Sopron','GS',1099),(3022,'Hajdu-Bihar','HB',1099),(3023,'Heves','HE',1099),(3024,'Jsz-Nagykun-Szolnok','JN',1099),(3025,'Komrom-Esztergom','KE',1099),(3026,'Nogrd','NO',1099),(3027,'Pest','PE',1099),(3028,'Somogy','SO',1099),(3029,'Szabolcs-Szatmr-Bereg','SZ',1099),(3030,'Tolna','TO',1099),(3031,'Vas','VA',1099),(3032,'Veszprm','VE',1099),(3033,'Zala','ZA',1099),(3034,'Bkscsaba','BC',1099),(3035,'Debrecen','DE',1099),(3036,'Dunajvros','DU',1099),(3037,'Eger','EG',1099),(3038,'Gyr','GY',1099),(3039,'Hdmezvsrhely','HV',1099),(3040,'Kaposvr','KV',1099),(3041,'Kecskemt','KM',1099),(3042,'Miskolc','MI',1099),(3043,'Nagykanizsa','NK',1099),(3044,'Nyiregyhza','NY',1099),(3045,'Pcs','PS',1099),(3046,'Salgtarjn','ST',1099),(3047,'Sopron','SN',1099),(3048,'Szeged','SD',1099),(3049,'Szkesfehrvr','SF',1099),(3050,'Szekszrd','SS',1099),(3051,'Szolnok','SK',1099),(3052,'Szombathely','SH',1099),(3053,'Tatabnya','TB',1099),(3054,'Zalaegerszeg','ZE',1099),(3055,'Bali','BA',1102),(3056,'Kepulauan Bangka Belitung','BB',1102),(3057,'Banten','BT',1102),(3058,'Bengkulu','BE',1102),(3059,'Gorontalo','GO',1102),(3060,'Papua Barat','PB',1102),(3061,'Jambi','JA',1102),(3062,'Jawa Barat','JB',1102),(3063,'Jawa Tengah','JT',1102),(3064,'Jawa Timur','JI',1102),(3065,'Kalimantan Barat','KB',1102),(3066,'Kalimantan Timur','KI',1102),(3067,'Kalimantan Selatan','KS',1102),(3068,'Kepulauan Riau','KR',1102),(3069,'Lampung','LA',1102),(3070,'Maluku','MA',1102),(3071,'Maluku Utara','MU',1102),(3072,'Nusa Tenggara Barat','NB',1102),(3073,'Nusa Tenggara Timur','NT',1102),(3074,'Papua','PA',1102),(3075,'Riau','RI',1102),(3076,'Sulawesi Selatan','SN',1102),(3077,'Sulawesi Tengah','ST',1102),(3078,'Sulawesi Tenggara','SG',1102),(3079,'Sulawesi Utara','SA',1102),(3080,'Sumatra Barat','SB',1102),(3081,'Sumatra Selatan','SS',1102),(3082,'Sumatera Utara','SU',1102),(3083,'DKI Jakarta','JK',1102),(3084,'Aceh','AC',1102),(3085,'DI Yogyakarta','YO',1102),(3086,'Cork','C',1105),(3087,'Clare','CE',1105),(3088,'Cavan','CN',1105),(3089,'Carlow','CW',1105),(3090,'Dublin','D',1105),(3091,'Donegal','DL',1105),(3092,'Galway','G',1105),(3093,'Kildare','KE',1105),(3094,'Kilkenny','KK',1105),(3095,'Kerry','KY',1105),(3096,'Longford','LD',1105),(3097,'Louth','LH',1105),(3098,'Limerick','LK',1105),(3099,'Leitrim','LM',1105),(3100,'Laois','LS',1105),(3101,'Meath','MH',1105),(3102,'Monaghan','MN',1105),(3103,'Mayo','MO',1105),(3104,'Offaly','OY',1105),(3105,'Roscommon','RN',1105),(3106,'Sligo','SO',1105),(3107,'Tipperary','TA',1105),(3108,'Waterford','WD',1105),(3109,'Westmeath','WH',1105),(3110,'Wicklow','WW',1105),(3111,'Wexford','WX',1105),(3112,'HaDarom','D',1106),(3113,'HaMerkaz','M',1106),(3114,'HaZafon','Z',1106),(3115,'Haifa','HA',1106),(3116,'Tel-Aviv','TA',1106),(3117,'Jerusalem','JM',1106),(3118,'Al Anbar','AN',1104),(3119,'Al Ba,rah','BA',1104),(3120,'Al Muthanna','MU',1104),(3121,'Al Qadisiyah','QA',1104),(3122,'An Najef','NA',1104),(3123,'Arbil','AR',1104),(3124,'As Sulaymaniyah','SW',1104),(3125,'At Ta\'mim','TS',1104),(3126,'Babil','BB',1104),(3127,'Baghdad','BG',1104),(3128,'Dahuk','DA',1104),(3129,'Dhi Qar','DQ',1104),(3130,'Diyala','DI',1104),(3131,'Karbala\'','KA',1104),(3132,'Maysan','MA',1104),(3133,'Ninawa','NI',1104),(3134,'Salah ad Din','SD',1104),(3135,'Wasit','WA',1104),(3136,'Ardabil','03',1103),(3137,'Azarbayjan-e Gharbi','02',1103),(3138,'Azarbayjan-e Sharqi','01',1103),(3139,'Bushehr','06',1103),(3140,'Chahar Mahall va Bakhtiari','08',1103),(3141,'Esfahan','04',1103),(3142,'Fars','14',1103),(3143,'Gilan','19',1103),(3144,'Golestan','27',1103),(3145,'Hamadan','24',1103),(3146,'Hormozgan','23',1103),(3147,'Iiam','05',1103),(3148,'Kerman','15',1103),(3149,'Kermanshah','17',1103),(3150,'Khorasan','09',1103),(3151,'Khuzestan','10',1103),(3152,'Kohjiluyeh va Buyer Ahmad','18',1103),(3153,'Kordestan','16',1103),(3154,'Lorestan','20',1103),(3155,'Markazi','22',1103),(3156,'Mazandaran','21',1103),(3157,'Qazvin','28',1103),(3158,'Qom','26',1103),(3159,'Semnan','12',1103),(3160,'Sistan va Baluchestan','13',1103),(3161,'Tehran','07',1103),(3162,'Yazd','25',1103),(3163,'Zanjan','11',1103),(3164,'Austurland','7',1100),(3165,'Hofuoborgarsvaeoi utan Reykjavikur','1',1100),(3166,'Norourland eystra','6',1100),(3167,'Norourland vestra','5',1100),(3168,'Reykjavik','0',1100),(3169,'Suourland','8',1100),(3170,'Suournes','2',1100),(3171,'Vestfirolr','4',1100),(3172,'Vesturland','3',1100),(3173,'Agrigento','AG',1107),(3174,'Alessandria','AL',1107),(3175,'Ancona','AN',1107),(3176,'Aosta','AO',1107),(3177,'Arezzo','AR',1107),(3178,'Ascoli Piceno','AP',1107),(3179,'Asti','AT',1107),(3180,'Avellino','AV',1107),(3181,'Bari','BA',1107),(3182,'Belluno','BL',1107),(3183,'Benevento','BN',1107),(3184,'Bergamo','BG',1107),(3185,'Biella','BI',1107),(3186,'Bologna','BO',1107),(3187,'Bolzano','BZ',1107),(3188,'Brescia','BS',1107),(3189,'Brindisi','BR',1107),(3190,'Cagliari','CA',1107),(3191,'Caltanissetta','CL',1107),(3192,'Campobasso','CB',1107),(3193,'Caserta','CE',1107),(3194,'Catania','CT',1107),(3195,'Catanzaro','CZ',1107),(3196,'Chieti','CH',1107),(3197,'Como','CO',1107),(3198,'Cosenza','CS',1107),(3199,'Cremona','CR',1107),(3200,'Crotone','KR',1107),(3201,'Cuneo','CN',1107),(3202,'Enna','EN',1107),(3203,'Ferrara','FE',1107),(3204,'Firenze','FI',1107),(3205,'Foggia','FG',1107),(3206,'Forl-Cesena','FC',1107),(3207,'Frosinone','FR',1107),(3208,'Genova','GE',1107),(3209,'Gorizia','GO',1107),(3210,'Grosseto','GR',1107),(3211,'Imperia','IM',1107),(3212,'Isernia','IS',1107),(3213,'L\'Aquila','AQ',1107),(3214,'La Spezia','SP',1107),(3215,'Latina','LT',1107),(3216,'Lecce','LE',1107),(3217,'Lecco','LC',1107),(3218,'Livorno','LI',1107),(3219,'Lodi','LO',1107),(3220,'Lucca','LU',1107),(3221,'Macerata','MC',1107),(3222,'Mantova','MN',1107),(3223,'Massa-Carrara','MS',1107),(3224,'Matera','MT',1107),(3225,'Messina','ME',1107),(3226,'Milano','MI',1107),(3227,'Modena','MO',1107),(3228,'Napoli','NA',1107),(3229,'Novara','NO',1107),(3230,'Nuoro','NU',1107),(3231,'Oristano','OR',1107),(3232,'Padova','PD',1107),(3233,'Palermo','PA',1107),(3234,'Parma','PR',1107),(3235,'Pavia','PV',1107),(3236,'Perugia','PG',1107),(3237,'Pesaro e Urbino','PU',1107),(3238,'Pescara','PE',1107),(3239,'Piacenza','PC',1107),(3240,'Pisa','PI',1107),(3241,'Pistoia','PT',1107),(3242,'Pordenone','PN',1107),(3243,'Potenza','PZ',1107),(3244,'Prato','PO',1107),(3245,'Ragusa','RG',1107),(3246,'Ravenna','RA',1107),(3247,'Reggio Calabria','RC',1107),(3248,'Reggio Emilia','RE',1107),(3249,'Rieti','RI',1107),(3250,'Rimini','RN',1107),(3251,'Roma','RM',1107),(3252,'Rovigo','RO',1107),(3253,'Salerno','SA',1107),(3254,'Sassari','SS',1107),(3255,'Savona','SV',1107),(3256,'Siena','SI',1107),(3257,'Siracusa','SR',1107),(3258,'Sondrio','SO',1107),(3259,'Taranto','TA',1107),(3260,'Teramo','TE',1107),(3261,'Terni','TR',1107),(3262,'Torino','TO',1107),(3263,'Trapani','TP',1107),(3264,'Trento','TN',1107),(3265,'Treviso','TV',1107),(3266,'Trieste','TS',1107),(3267,'Udine','UD',1107),(3268,'Varese','VA',1107),(3269,'Venezia','VE',1107),(3270,'Verbano-Cusio-Ossola','VB',1107),(3271,'Vercelli','VC',1107),(3272,'Verona','VR',1107),(3273,'Vibo Valentia','VV',1107),(3274,'Vicenza','VI',1107),(3275,'Viterbo','VT',1107),(3276,'Aichi','23',1109),(3277,'Akita','05',1109),(3278,'Aomori','02',1109),(3279,'Chiba','12',1109),(3280,'Ehime','38',1109),(3281,'Fukui','18',1109),(3282,'Fukuoka','40',1109),(3283,'Fukusima','07',1109),(3284,'Gifu','21',1109),(3285,'Gunma','10',1109),(3286,'Hiroshima','34',1109),(3287,'Hokkaido','01',1109),(3288,'Hyogo','28',1109),(3289,'Ibaraki','08',1109),(3290,'Ishikawa','17',1109),(3291,'Iwate','03',1109),(3292,'Kagawa','37',1109),(3293,'Kagoshima','46',1109),(3294,'Kanagawa','14',1109),(3295,'Kochi','39',1109),(3296,'Kumamoto','43',1109),(3297,'Kyoto','26',1109),(3298,'Mie','24',1109),(3299,'Miyagi','04',1109),(3300,'Miyazaki','45',1109),(3301,'Nagano','20',1109),(3302,'Nagasaki','42',1109),(3303,'Nara','29',1109),(3304,'Niigata','15',1109),(3305,'Oita','44',1109),(3306,'Okayama','33',1109),(3307,'Okinawa','47',1109),(3308,'Osaka','27',1109),(3309,'Saga','41',1109),(3310,'Saitama','11',1109),(3311,'Shiga','25',1109),(3312,'Shimane','32',1109),(3313,'Shizuoka','22',1109),(3314,'Tochigi','09',1109),(3315,'Tokushima','36',1109),(3316,'Tokyo','13',1109),(3317,'Tottori','31',1109),(3318,'Toyama','16',1109),(3319,'Wakayama','30',1109),(3320,'Yamagata','06',1109),(3321,'Yamaguchi','35',1109),(3322,'Yamanashi','19',1109),(3323,'Clarendon','CN',1108),(3324,'Hanover','HR',1108),(3325,'Kingston','KN',1108),(3326,'Portland','PD',1108),(3327,'Saint Andrew','AW',1108),(3328,'Saint Ann','AN',1108),(3329,'Saint Catherine','CE',1108),(3330,'Saint Elizabeth','EH',1108),(3331,'Saint James','JS',1108),(3332,'Saint Mary','MY',1108),(3333,'Saint Thomas','TS',1108),(3334,'Trelawny','TY',1108),(3335,'Westmoreland','WD',1108),(3336,'Ajln','AJ',1110),(3337,'Al \'Aqaba','AQ',1110),(3338,'Al Balqa\'','BA',1110),(3339,'Al Karak','KA',1110),(3340,'Al Mafraq','MA',1110),(3341,'Amman','AM',1110),(3342,'At Tafilah','AT',1110),(3343,'Az Zarga','AZ',1110),(3344,'Irbid','JR',1110),(3345,'Jarash','JA',1110),(3346,'Ma\'an','MN',1110),(3347,'Madaba','MD',1110),(3348,'Nairobi Municipality','110',1112),(3349,'Coast','300',1112),(3350,'North-Eastern Kaskazini Mashariki','500',1112),(3351,'Rift Valley','700',1112),(3352,'Western Magharibi','900',1112),(3353,'Bishkek','GB',1117),(3354,'Batken','B',1117),(3355,'Chu','C',1117),(3356,'Jalal-Abad','J',1117),(3357,'Naryn','N',1117),(3358,'Osh','O',1117),(3359,'Talas','T',1117),(3360,'Ysyk-Kol','Y',1117),(3361,'Krong Kaeb','23',1037),(3362,'Krong Pailin','24',1037),(3363,'Xrong Preah Sihanouk','18',1037),(3364,'Phnom Penh','12',1037),(3365,'Baat Dambang','2',1037),(3366,'Banteay Mean Chey','1',1037),(3367,'Rampong Chaam','3',1037),(3368,'Kampong Chhnang','4',1037),(3369,'Kampong Spueu','5',1037),(3370,'Kampong Thum','6',1037),(3371,'Kampot','7',1037),(3372,'Kandaal','8',1037),(3373,'Kach Kong','9',1037),(3374,'Krachoh','10',1037),(3375,'Mondol Kiri','11',1037),(3376,'Otdar Mean Chey','22',1037),(3377,'Pousaat','15',1037),(3378,'Preah Vihear','13',1037),(3379,'Prey Veaeng','14',1037),(3380,'Rotanak Kiri','16',1037),(3381,'Siem Reab','17',1037),(3382,'Stueng Traeng','19',1037),(3383,'Svaay Rieng','20',1037),(3384,'Taakaev','21',1037),(3385,'Gilbert Islands','G',1113),(3386,'Line Islands','L',1113),(3387,'Phoenix Islands','P',1113),(3388,'Anjouan Ndzouani','A',1049),(3389,'Grande Comore Ngazidja','G',1049),(3390,'Moheli Moili','M',1049),(3391,'Kaesong-si','KAE',1114),(3392,'Nampo-si','NAM',1114),(3393,'Pyongyang-ai','PYO',1114),(3394,'Chagang-do','CHA',1114),(3395,'Hamgyongbuk-do','HAB',1114),(3396,'Hamgyongnam-do','HAN',1114),(3397,'Hwanghaebuk-do','HWB',1114),(3398,'Hwanghaenam-do','HWN',1114),(3399,'Kangwon-do','KAN',1114),(3400,'Pyonganbuk-do','PYB',1114),(3401,'Pyongannam-do','PYN',1114),(3402,'Yanggang-do','YAN',1114),(3403,'Najin Sonbong-si','NAJ',1114),(3404,'Seoul Teugbyeolsi','11',1115),(3405,'Busan Gwang\'yeogsi','26',1115),(3406,'Daegu Gwang\'yeogsi','27',1115),(3407,'Daejeon Gwang\'yeogsi','30',1115),(3408,'Gwangju Gwang\'yeogsi','29',1115),(3409,'Incheon Gwang\'yeogsi','28',1115),(3410,'Ulsan Gwang\'yeogsi','31',1115),(3411,'Chungcheongbugdo','43',1115),(3412,'Chungcheongnamdo','44',1115),(3413,'Gang\'weondo','42',1115),(3414,'Gyeonggido','41',1115),(3415,'Gyeongsangbugdo','47',1115),(3416,'Gyeongsangnamdo','48',1115),(3417,'Jejudo','49',1115),(3418,'Jeonrabugdo','45',1115),(3419,'Jeonranamdo','46',1115),(3420,'Al Ahmadi','AH',1116),(3421,'Al Farwanlyah','FA',1116),(3422,'Al Jahrah','JA',1116),(3423,'Al Kuwayt','KU',1116),(3424,'Hawalli','HA',1116),(3425,'Almaty','ALA',1111),(3426,'Astana','AST',1111),(3427,'Almaty oblysy','ALM',1111),(3428,'Aqmola oblysy','AKM',1111),(3429,'Aqtobe oblysy','AKT',1111),(3430,'Atyrau oblyfiy','ATY',1111),(3431,'Batys Quzaqstan oblysy','ZAP',1111),(3432,'Mangghystau oblysy','MAN',1111),(3433,'Ongtustik Quzaqstan oblysy','YUZ',1111),(3434,'Pavlodar oblysy','PAV',1111),(3435,'Qaraghandy oblysy','KAR',1111),(3436,'Qostanay oblysy','KUS',1111),(3437,'Qyzylorda oblysy','KZY',1111),(3438,'Shyghys Quzaqstan oblysy','VOS',1111),(3439,'Soltustik Quzaqstan oblysy','SEV',1111),(3440,'Zhambyl oblysy Zhambylskaya oblast\'','ZHA',1111),(3441,'Vientiane','VT',1118),(3442,'Attapu','AT',1118),(3443,'Bokeo','BK',1118),(3444,'Bolikhamxai','BL',1118),(3445,'Champasak','CH',1118),(3446,'Houaphan','HO',1118),(3447,'Khammouan','KH',1118),(3448,'Louang Namtha','LM',1118),(3449,'Louangphabang','LP',1118),(3450,'Oudomxai','OU',1118),(3451,'Phongsali','PH',1118),(3452,'Salavan','SL',1118),(3453,'Savannakhet','SV',1118),(3454,'Xaignabouli','XA',1118),(3455,'Xiasomboun','XN',1118),(3456,'Xekong','XE',1118),(3457,'Xiangkhoang','XI',1118),(3458,'Beirut','BA',1120),(3459,'Beqaa','BI',1120),(3460,'Mount Lebanon','JL',1120),(3461,'North Lebanon','AS',1120),(3462,'South Lebanon','JA',1120),(3463,'Nabatieh','NA',1120),(3464,'Ampara','52',1199),(3465,'Anuradhapura','71',1199),(3466,'Badulla','81',1199),(3467,'Batticaloa','51',1199),(3468,'Colombo','11',1199),(3469,'Galle','31',1199),(3470,'Gampaha','12',1199),(3471,'Hambantota','33',1199),(3472,'Jaffna','41',1199),(3473,'Kalutara','13',1199),(3474,'Kandy','21',1199),(3475,'Kegalla','92',1199),(3476,'Kilinochchi','42',1199),(3477,'Kurunegala','61',1199),(3478,'Mannar','43',1199),(3479,'Matale','22',1199),(3480,'Matara','32',1199),(3481,'Monaragala','82',1199),(3482,'Mullaittivu','45',1199),(3483,'Nuwara Eliya','23',1199),(3484,'Polonnaruwa','72',1199),(3485,'Puttalum','62',1199),(3486,'Ratnapura','91',1199),(3487,'Trincomalee','53',1199),(3488,'VavunLya','44',1199),(3489,'Bomi','BM',1122),(3490,'Bong','BG',1122),(3491,'Grand Basaa','GB',1122),(3492,'Grand Cape Mount','CM',1122),(3493,'Grand Gedeh','GG',1122),(3494,'Grand Kru','GK',1122),(3495,'Lofa','LO',1122),(3496,'Margibi','MG',1122),(3497,'Maryland','MY',1122),(3498,'Montserrado','MO',1122),(3499,'Nimba','NI',1122),(3500,'Rivercess','RI',1122),(3501,'Sinoe','SI',1122),(3502,'Berea','D',1121),(3503,'Butha-Buthe','B',1121),(3504,'Leribe','C',1121),(3505,'Mafeteng','E',1121),(3506,'Maseru','A',1121),(3507,'Mohale\'s Hoek','F',1121),(3508,'Mokhotlong','J',1121),(3509,'Qacha\'s Nek','H',1121),(3510,'Quthing','G',1121),(3511,'Thaba-Tseka','K',1121),(3512,'Alytaus Apskritis','AL',1125),(3513,'Kauno Apskritis','KU',1125),(3514,'Klaipedos Apskritis','KL',1125),(3515,'Marijampoles Apskritis','MR',1125),(3516,'Panevezio Apskritis','PN',1125),(3517,'Sisuliu Apskritis','SA',1125),(3518,'Taurages Apskritis','TA',1125),(3519,'Telsiu Apskritis','TE',1125),(3520,'Utenos Apskritis','UT',1125),(3521,'Vilniaus Apskritis','VL',1125),(3522,'Diekirch','D',1126),(3523,'GreveNmacher','G',1126),(3550,'Daugavpils','DGV',1119),(3551,'Jelgava','JEL',1119),(3552,'Jrmala','JUR',1119),(3553,'Liepja','LPX',1119),(3554,'Rzekne','REZ',1119),(3555,'Rga','RIX',1119),(3556,'Ventspils','VEN',1119),(3557,'Ajdbiy','AJ',1123),(3558,'Al Bunn','BU',1123),(3559,'Al Hizm al Akhdar','HZ',1123),(3560,'Al Jabal al Akhdar','JA',1123),(3561,'Al Jifrah','JI',1123),(3562,'Al Jufrah','JU',1123),(3563,'Al Kufrah','KF',1123),(3564,'Al Marj','MJ',1123),(3565,'Al Marqab','MB',1123),(3566,'Al Qarn','QT',1123),(3567,'Al Qubbah','QB',1123),(3568,'Al Whah','WA',1123),(3569,'An Nuqa al Khams','NQ',1123),(3570,'Ash Shi\'','SH',1123),(3571,'Az Zwiyah','ZA',1123),(3572,'Banghz','BA',1123),(3573,'Ban Wald','BW',1123),(3574,'Darnah','DR',1123),(3575,'Ghadmis','GD',1123),(3576,'Gharyn','GR',1123),(3577,'Ght','GT',1123),(3578,'Jaghbb','JB',1123),(3579,'Mirtah','MI',1123),(3580,'Mizdah','MZ',1123),(3581,'Murzuq','MQ',1123),(3582,'Nlt','NL',1123),(3583,'Sabh','SB',1123),(3584,'abrtah urmn','SS',1123),(3585,'Surt','SR',1123),(3586,'Tjr\' wa an Nawh al Arbh','TN',1123),(3587,'arbulus','TB',1123),(3588,'Tarhnah-Masalltah','TM',1123),(3589,'Wd al hayt','WD',1123),(3590,'Yafran-Jd','YJ',1123),(3591,'Agadir','AGD',1146),(3592,'At Baha','BAH',1146),(3593,'At Melloul','MEL',1146),(3594,'Al Haouz','HAO',1146),(3595,'Al Hocema','HOC',1146),(3596,'Assa-Zag','ASZ',1146),(3597,'Azilal','AZI',1146),(3598,'Beni Mellal','BEM',1146),(3599,'Ben Sllmane','BES',1146),(3600,'Berkane','BER',1146),(3601,'Boujdour','BOD',1146),(3602,'Boulemane','BOM',1146),(3603,'Casablanca  [Dar el Beda]','CAS',1146),(3604,'Chefchaouene','CHE',1146),(3605,'Chichaoua','CHI',1146),(3606,'El Hajeb','HAJ',1146),(3607,'El Jadida','JDI',1146),(3608,'Errachidia','ERR',1146),(3609,'Essaouira','ESI',1146),(3610,'Es Smara','ESM',1146),(3611,'Fs','FES',1146),(3612,'Figuig','FIG',1146),(3613,'Guelmim','GUE',1146),(3614,'Ifrane','IFR',1146),(3615,'Jerada','JRA',1146),(3616,'Kelaat Sraghna','KES',1146),(3617,'Knitra','KEN',1146),(3618,'Khemisaet','KHE',1146),(3619,'Khenifra','KHN',1146),(3620,'Khouribga','KHO',1146),(3621,'Layoune (EH)','LAA',1146),(3622,'Larache','LAP',1146),(3623,'Marrakech','MAR',1146),(3624,'Meknss','MEK',1146),(3625,'Nador','NAD',1146),(3626,'Ouarzazate','OUA',1146),(3627,'Oued ed Dahab (EH)','OUD',1146),(3628,'Oujda','OUJ',1146),(3629,'Rabat-Sal','RBA',1146),(3630,'Safi','SAF',1146),(3631,'Sefrou','SEF',1146),(3632,'Settat','SET',1146),(3633,'Sidl Kacem','SIK',1146),(3634,'Tanger','TNG',1146),(3635,'Tan-Tan','TNT',1146),(3636,'Taounate','TAO',1146),(3637,'Taroudannt','TAR',1146),(3638,'Tata','TAT',1146),(3639,'Taza','TAZ',1146),(3640,'Ttouan','TET',1146),(3641,'Tiznit','TIZ',1146),(3642,'Gagauzia, Unitate Teritoriala Autonoma','GA',1142),(3643,'Chisinau','CU',1142),(3644,'Stinga Nistrului, unitatea teritoriala din','SN',1142),(3645,'Balti','BA',1142),(3646,'Cahul','CA',1142),(3647,'Edinet','ED',1142),(3648,'Lapusna','LA',1142),(3649,'Orhei','OR',1142),(3650,'Soroca','SO',1142),(3651,'Taraclia','TA',1142),(3652,'Tighina [Bender]','TI',1142),(3653,'Ungheni','UN',1142),(3654,'Antananarivo','T',1129),(3655,'Antsiranana','D',1129),(3656,'Fianarantsoa','F',1129),(3657,'Mahajanga','M',1129),(3658,'Toamasina','A',1129),(3659,'Toliara','U',1129),(3660,'Ailinglapalap','ALL',1135),(3661,'Ailuk','ALK',1135),(3662,'Arno','ARN',1135),(3663,'Aur','AUR',1135),(3664,'Ebon','EBO',1135),(3665,'Eniwetok','ENI',1135),(3666,'Jaluit','JAL',1135),(3667,'Kili','KIL',1135),(3668,'Kwajalein','KWA',1135),(3669,'Lae','LAE',1135),(3670,'Lib','LIB',1135),(3671,'Likiep','LIK',1135),(3672,'Majuro','MAJ',1135),(3673,'Maloelap','MAL',1135),(3674,'Mejit','MEJ',1135),(3675,'Mili','MIL',1135),(3676,'Namorik','NMK',1135),(3677,'Namu','NMU',1135),(3678,'Rongelap','RON',1135),(3679,'Ujae','UJA',1135),(3680,'Ujelang','UJL',1135),(3681,'Utirik','UTI',1135),(3682,'Wotho','WTN',1135),(3683,'Wotje','WTJ',1135),(3684,'Bamako','BK0',1133),(3685,'Gao','7',1133),(3686,'Kayes','1',1133),(3687,'Kidal','8',1133),(3688,'Xoulikoro','2',1133),(3689,'Mopti','5',1133),(3690,'S69ou','4',1133),(3691,'Sikasso','3',1133),(3692,'Tombouctou','6',1133),(3693,'Ayeyarwady','07',1035),(3694,'Bago','02',1035),(3695,'Magway','03',1035),(3696,'Mandalay','04',1035),(3697,'Sagaing','01',1035),(3698,'Tanintharyi','05',1035),(3699,'Yangon','06',1035),(3700,'Chin','14',1035),(3701,'Kachin','11',1035),(3702,'Kayah','12',1035),(3703,'Kayin','13',1035),(3704,'Mon','15',1035),(3705,'Rakhine','16',1035),(3706,'Shan','17',1035),(3707,'Ulaanbaatar','1',1144),(3708,'Arhangay','073',1144),(3709,'Bayanhongor','069',1144),(3710,'Bayan-Olgiy','071',1144),(3711,'Bulgan','067',1144),(3712,'Darhan uul','037',1144),(3713,'Dornod','061',1144),(3714,'Dornogov,','063',1144),(3715,'DundgovL','059',1144),(3716,'Dzavhan','057',1144),(3717,'Govi-Altay','065',1144),(3718,'Govi-Smber','064',1144),(3719,'Hentiy','039',1144),(3720,'Hovd','043',1144),(3721,'Hovsgol','041',1144),(3722,'Omnogovi','053',1144),(3723,'Orhon','035',1144),(3724,'Ovorhangay','055',1144),(3725,'Selenge','049',1144),(3726,'Shbaatar','051',1144),(3727,'Tov','047',1144),(3728,'Uvs','046',1144),(3729,'Nouakchott','NKC',1137),(3730,'Assaba','03',1137),(3731,'Brakna','05',1137),(3732,'Dakhlet Nouadhibou','08',1137),(3733,'Gorgol','04',1137),(3734,'Guidimaka','10',1137),(3735,'Hodh ech Chargui','01',1137),(3736,'Hodh el Charbi','02',1137),(3737,'Inchiri','12',1137),(3738,'Tagant','09',1137),(3739,'Tiris Zemmour','11',1137),(3740,'Trarza','06',1137),(3741,'Beau Bassin-Rose Hill','BR',1138),(3742,'Curepipe','CU',1138),(3743,'Port Louis','PU',1138),(3744,'Quatre Bornes','QB',1138),(3745,'Vacosa-Phoenix','VP',1138),(3746,'Black River','BL',1138),(3747,'Flacq','FL',1138),(3748,'Grand Port','GP',1138),(3749,'Moka','MO',1138),(3750,'Pamplemousses','PA',1138),(3751,'Plaines Wilhems','PW',1138),(3752,'Riviere du Rempart','RP',1138),(3753,'Savanne','SA',1138),(3754,'Agalega Islands','AG',1138),(3755,'Cargados Carajos Shoals','CC',1138),(3756,'Rodrigues Island','RO',1138),(3757,'Male','MLE',1132),(3758,'Alif','02',1132),(3759,'Baa','20',1132),(3760,'Dhaalu','17',1132),(3761,'Faafu','14',1132),(3762,'Gaaf Alif','27',1132),(3763,'Gaefu Dhaalu','28',1132),(3764,'Gnaviyani','29',1132),(3765,'Haa Alif','07',1132),(3766,'Haa Dhaalu','23',1132),(3767,'Kaafu','26',1132),(3768,'Laamu','05',1132),(3769,'Lhaviyani','03',1132),(3770,'Meemu','12',1132),(3771,'Noonu','25',1132),(3772,'Raa','13',1132),(3773,'Seenu','01',1132),(3774,'Shaviyani','24',1132),(3775,'Thaa','08',1132),(3776,'Vaavu','04',1132),(3777,'Balaka','BA',1130),(3778,'Blantyre','BL',1130),(3779,'Chikwawa','CK',1130),(3780,'Chiradzulu','CR',1130),(3781,'Chitipa','CT',1130),(3782,'Dedza','DE',1130),(3783,'Dowa','DO',1130),(3784,'Karonga','KR',1130),(3785,'Kasungu','KS',1130),(3786,'Likoma Island','LK',1130),(3787,'Lilongwe','LI',1130),(3788,'Machinga','MH',1130),(3789,'Mangochi','MG',1130),(3790,'Mchinji','MC',1130),(3791,'Mulanje','MU',1130),(3792,'Mwanza','MW',1130),(3793,'Mzimba','MZ',1130),(3794,'Nkhata Bay','NB',1130),(3795,'Nkhotakota','NK',1130),(3796,'Nsanje','NS',1130),(3797,'Ntcheu','NU',1130),(3798,'Ntchisi','NI',1130),(3799,'Phalomba','PH',1130),(3800,'Rumphi','RU',1130),(3801,'Salima','SA',1130),(3802,'Thyolo','TH',1130),(3803,'Zomba','ZO',1130),(3804,'Aguascalientes','AGU',1140),(3805,'Baja California','BCN',1140),(3806,'Baja California Sur','BCS',1140),(3807,'Campeche','CAM',1140),(3808,'Coahuila','COA',1140),(3809,'Colima','COL',1140),(3810,'Chiapas','CHP',1140),(3811,'Chihuahua','CHH',1140),(3812,'Durango','DUR',1140),(3813,'Guanajuato','GUA',1140),(3814,'Guerrero','GRO',1140),(3815,'Hidalgo','HID',1140),(3816,'Jalisco','JAL',1140),(3817,'Mexico','MEX',1140),(3818,'Michoacin','MIC',1140),(3819,'Morelos','MOR',1140),(3820,'Nayarit','NAY',1140),(3821,'Nuevo Leon','NLE',1140),(3822,'Oaxaca','OAX',1140),(3823,'Puebla','PUE',1140),(3824,'Queretaro','QUE',1140),(3825,'Quintana Roo','ROO',1140),(3826,'San Luis Potosi','SLP',1140),(3827,'Sinaloa','SIN',1140),(3828,'Sonora','SON',1140),(3829,'Tabasco','TAB',1140),(3830,'Tamaulipas','TAM',1140),(3831,'Tlaxcala','TLA',1140),(3832,'Veracruz','VER',1140),(3833,'Yucatan','YUC',1140),(3834,'Zacatecas','ZAC',1140),(3835,'Wilayah Persekutuan Kuala Lumpur','14',1131),(3836,'Wilayah Persekutuan Labuan','15',1131),(3837,'Wilayah Persekutuan Putrajaya','16',1131),(3838,'Johor','01',1131),(3839,'Kedah','02',1131),(3840,'Kelantan','03',1131),(3841,'Melaka','04',1131),(3842,'Negeri Sembilan','05',1131),(3843,'Pahang','06',1131),(3844,'Perak','08',1131),(3845,'Perlis','09',1131),(3846,'Pulau Pinang','07',1131),(3847,'Sabah','12',1131),(3848,'Sarawak','13',1131),(3849,'Selangor','10',1131),(3850,'Terengganu','11',1131),(3851,'Maputo','MPM',1147),(3852,'Cabo Delgado','P',1147),(3853,'Gaza','G',1147),(3854,'Inhambane','I',1147),(3855,'Manica','B',1147),(3856,'Numpula','N',1147),(3857,'Niaaea','A',1147),(3858,'Sofala','S',1147),(3859,'Tete','T',1147),(3860,'Zambezia','Q',1147),(3861,'Caprivi','CA',1148),(3862,'Erongo','ER',1148),(3863,'Hardap','HA',1148),(3864,'Karas','KA',1148),(3865,'Khomas','KH',1148),(3866,'Kunene','KU',1148),(3867,'Ohangwena','OW',1148),(3868,'Okavango','OK',1148),(3869,'Omaheke','OH',1148),(3870,'Omusati','OS',1148),(3871,'Oshana','ON',1148),(3872,'Oshikoto','OT',1148),(3873,'Otjozondjupa','OD',1148),(3874,'Niamey','8',1156),(3875,'Agadez','1',1156),(3876,'Diffa','2',1156),(3877,'Dosso','3',1156),(3878,'Maradi','4',1156),(3879,'Tahoua','S',1156),(3880,'Tillaberi','6',1156),(3881,'Zinder','7',1156),(3882,'Abuja Federal Capital Territory','FC',1157),(3883,'Abia','AB',1157),(3884,'Adamawa','AD',1157),(3885,'Akwa Ibom','AK',1157),(3886,'Anambra','AN',1157),(3887,'Bauchi','BA',1157),(3888,'Bayelsa','BY',1157),(3889,'Benue','BE',1157),(3890,'Borno','BO',1157),(3891,'Cross River','CR',1157),(3892,'Delta','DE',1157),(3893,'Ebonyi','EB',1157),(3894,'Edo','ED',1157),(3895,'Ekiti','EK',1157),(3896,'Enugu','EN',1157),(3897,'Gombe','GO',1157),(3898,'Imo','IM',1157),(3899,'Jigawa','JI',1157),(3900,'Kaduna','KD',1157),(3901,'Kano','KN',1157),(3902,'Katsina','KT',1157),(3903,'Kebbi','KE',1157),(3904,'Kogi','KO',1157),(3905,'Kwara','KW',1157),(3906,'Lagos','LA',1157),(3907,'Nassarawa','NA',1157),(3908,'Niger','NI',1157),(3909,'Ogun','OG',1157),(3910,'Ondo','ON',1157),(3911,'Osun','OS',1157),(3912,'Oyo','OY',1157),(3913,'Rivers','RI',1157),(3914,'Sokoto','SO',1157),(3915,'Taraba','TA',1157),(3916,'Yobe','YO',1157),(3917,'Zamfara','ZA',1157),(3918,'Boaco','BO',1155),(3919,'Carazo','CA',1155),(3920,'Chinandega','CI',1155),(3921,'Chontales','CO',1155),(3922,'Esteli','ES',1155),(3923,'Jinotega','JI',1155),(3924,'Leon','LE',1155),(3925,'Madriz','MD',1155),(3926,'Managua','MN',1155),(3927,'Masaya','MS',1155),(3928,'Matagalpa','MT',1155),(3929,'Nueva Segovia','NS',1155),(3930,'Rio San Juan','SJ',1155),(3931,'Rivas','RI',1155),(3932,'Atlantico Norte','AN',1155),(3933,'Atlantico Sur','AS',1155),(3934,'Drente','DR',1152),(3935,'Flevoland','FL',1152),(3936,'Friesland','FR',1152),(3937,'Gelderland','GL',1152),(3938,'Groningen','GR',1152),(3939,'Noord-Brabant','NB',1152),(3940,'Noord-Holland','NH',1152),(3941,'Overijssel','OV',1152),(3942,'Utrecht','UT',1152),(3943,'Zuid-Holland','ZH',1152),(3944,'Zeeland','ZL',1152),(3945,'Akershus','02',1161),(3946,'Aust-Agder','09',1161),(3947,'Buskerud','06',1161),(3948,'Finnmark','20',1161),(3949,'Hedmark','04',1161),(3950,'Hordaland','12',1161),(3951,'Mre og Romsdal','15',1161),(3952,'Nordland','18',1161),(3953,'Nord-Trndelag','17',1161),(3954,'Oppland','05',1161),(3955,'Oslo','03',1161),(3956,'Rogaland','11',1161),(3957,'Sogn og Fjordane','14',1161),(3958,'Sr-Trndelag','16',1161),(3959,'Telemark','06',1161),(3960,'Troms','19',1161),(3961,'Vest-Agder','10',1161),(3962,'Vestfold','07',1161),(3963,'stfold','01',1161),(3964,'Jan Mayen','22',1161),(3965,'Svalbard','21',1161),(3966,'Auckland','AUK',1154),(3967,'Bay of Plenty','BOP',1154),(3968,'Canterbury','CAN',1154),(3969,'Gisborne','GIS',1154),(3970,'Hawkes Bay','HKB',1154),(3971,'Manawatu-Wanganui','MWT',1154),(3972,'Marlborough','MBH',1154),(3973,'Nelson','NSN',1154),(3974,'Northland','NTL',1154),(3975,'Otago','OTA',1154),(3976,'Southland','STL',1154),(3977,'Taranaki','TKI',1154),(3978,'Tasman','TAS',1154),(3979,'Waikato','WKO',1154),(3980,'Wellington','WGN',1154),(3981,'West Coast','WTC',1154),(3982,'Ad Dakhillyah','DA',1162),(3983,'Al Batinah','BA',1162),(3984,'Al Janblyah','JA',1162),(3985,'Al Wusta','WU',1162),(3986,'Ash Sharqlyah','SH',1162),(3987,'Az Zahirah','ZA',1162),(3988,'Masqat','MA',1162),(3989,'Musandam','MU',1162),(3990,'Bocas del Toro','1',1166),(3991,'Cocle','2',1166),(3992,'Chiriqui','4',1166),(3993,'Darien','5',1166),(3994,'Herrera','6',1166),(3995,'Loa Santoa','7',1166),(3996,'Panama','8',1166),(3997,'Veraguas','9',1166),(3998,'Comarca de San Blas','Q',1166),(3999,'El Callao','CAL',1169),(4000,'Ancash','ANC',1169),(4001,'Apurimac','APU',1169),(4002,'Arequipa','ARE',1169),(4003,'Ayacucho','AYA',1169),(4004,'Cajamarca','CAJ',1169),(4005,'Cuzco','CUS',1169),(4006,'Huancavelica','HUV',1169),(4007,'Huanuco','HUC',1169),(4008,'Ica','ICA',1169),(4009,'Junin','JUN',1169),(4010,'La Libertad','LAL',1169),(4011,'Lambayeque','LAM',1169),(4012,'Lima','LIM',1169),(4013,'Loreto','LOR',1169),(4014,'Madre de Dios','MDD',1169),(4015,'Moquegua','MOQ',1169),(4016,'Pasco','PAS',1169),(4017,'Piura','PIU',1169),(4018,'Puno','PUN',1169),(4019,'San Martin','SAM',1169),(4020,'Tacna','TAC',1169),(4021,'Tumbes','TUM',1169),(4022,'Ucayali','UCA',1169),(4023,'National Capital District (Port Moresby)','NCD',1167),(4024,'Chimbu','CPK',1167),(4025,'Eastern Highlands','EHG',1167),(4026,'East New Britain','EBR',1167),(4027,'East Sepik','ESW',1167),(4028,'Enga','EPW',1167),(4029,'Gulf','GPK',1167),(4030,'Madang','MPM',1167),(4031,'Manus','MRL',1167),(4032,'Milne Bay','MBA',1167),(4033,'Morobe','MPL',1167),(4034,'New Ireland','NIK',1167),(4035,'North Solomons','NSA',1167),(4036,'Santaun','SAN',1167),(4037,'Southern Highlands','SHM',1167),(4038,'Western Highlands','WHM',1167),(4039,'West New Britain','WBK',1167),(4040,'Abra','ABR',1170),(4041,'Agusan del Norte','AGN',1170),(4042,'Agusan del Sur','AGS',1170),(4043,'Aklan','AKL',1170),(4044,'Albay','ALB',1170),(4045,'Antique','ANT',1170),(4046,'Apayao','APA',1170),(4047,'Aurora','AUR',1170),(4048,'Basilan','BAS',1170),(4049,'Bataan','BAN',1170),(4050,'Batanes','BTN',1170),(4051,'Batangas','BTG',1170),(4052,'Benguet','BEN',1170),(4053,'Biliran','BIL',1170),(4054,'Bohol','BOH',1170),(4055,'Bukidnon','BUK',1170),(4056,'Bulacan','BUL',1170),(4057,'Cagayan','CAG',1170),(4058,'Camarines Norte','CAN',1170),(4059,'Camarines Sur','CAS',1170),(4060,'Camiguin','CAM',1170),(4061,'Capiz','CAP',1170),(4062,'Catanduanes','CAT',1170),(4063,'Cavite','CAV',1170),(4064,'Cebu','CEB',1170),(4065,'Compostela Valley','COM',1170),(4066,'Davao','DAV',1170),(4067,'Davao del Sur','DAS',1170),(4068,'Davao Oriental','DAO',1170),(4069,'Eastern Samar','EAS',1170),(4070,'Guimaras','GUI',1170),(4071,'Ifugao','IFU',1170),(4072,'Ilocos Norte','ILN',1170),(4073,'Ilocos Sur','ILS',1170),(4074,'Iloilo','ILI',1170),(4075,'Isabela','ISA',1170),(4076,'Kalinga-Apayso','KAL',1170),(4077,'Laguna','LAG',1170),(4078,'Lanao del Norte','LAN',1170),(4079,'Lanao del Sur','LAS',1170),(4080,'La Union','LUN',1170),(4081,'Leyte','LEY',1170),(4082,'Maguindanao','MAG',1170),(4083,'Marinduque','MAD',1170),(4084,'Masbate','MAS',1170),(4085,'Mindoro Occidental','MDC',1170),(4086,'Mindoro Oriental','MDR',1170),(4087,'Misamis Occidental','MSC',1170),(4088,'Misamis Oriental','MSR',1170),(4089,'Mountain Province','MOU',1170),(4090,'Negroe Occidental','NEC',1170),(4091,'Negros Oriental','NER',1170),(4092,'North Cotabato','NCO',1170),(4093,'Northern Samar','NSA',1170),(4094,'Nueva Ecija','NUE',1170),(4095,'Nueva Vizcaya','NUV',1170),(4096,'Palawan','PLW',1170),(4097,'Pampanga','PAM',1170),(4098,'Pangasinan','PAN',1170),(4099,'Quezon','QUE',1170),(4100,'Quirino','QUI',1170),(4101,'Rizal','RIZ',1170),(4102,'Romblon','ROM',1170),(4103,'Sarangani','SAR',1170),(4104,'Siquijor','SIG',1170),(4105,'Sorsogon','SOR',1170),(4106,'South Cotabato','SCO',1170),(4107,'Southern Leyte','SLE',1170),(4108,'Sultan Kudarat','SUK',1170),(4109,'Sulu','SLU',1170),(4110,'Surigao del Norte','SUN',1170),(4111,'Surigao del Sur','SUR',1170),(4112,'Tarlac','TAR',1170),(4113,'Tawi-Tawi','TAW',1170),(4114,'Western Samar','WSA',1170),(4115,'Zambales','ZMB',1170),(4116,'Zamboanga del Norte','ZAN',1170),(4117,'Zamboanga del Sur','ZAS',1170),(4118,'Zamboanga Sibiguey','ZSI',1170),(4119,'Islamabad Federal Capital Area','IS',1163),(4120,'Baluchistan','BA',1163),(4121,'Khyber Pakhtun Khawa','NW',1163),(4122,'Sindh','SD',1163),(4123,'Federally Administered Tribal Areas','TA',1163),(4124,'Azad Kashmir','JK',1163),(4125,'Gilgit-Baltistan','NA',1163),(4126,'Aveiro','01',1173),(4127,'Beja','02',1173),(4128,'Braga','03',1173),(4129,'Braganca','04',1173),(4130,'Castelo Branco','05',1173),(4131,'Colmbra','06',1173),(4132,'Ovora','07',1173),(4133,'Faro','08',1173),(4134,'Guarda','09',1173),(4135,'Leiria','10',1173),(4136,'Lisboa','11',1173),(4137,'Portalegre','12',1173),(4138,'Porto','13',1173),(4139,'Santarem','14',1173),(4140,'Setubal','15',1173),(4141,'Viana do Castelo','16',1173),(4142,'Vila Real','17',1173),(4143,'Viseu','18',1173),(4144,'Regiao Autonoma dos Acores','20',1173),(4145,'Regiao Autonoma da Madeira','30',1173),(4146,'Asuncion','ASU',1168),(4147,'Alto Paraguay','16',1168),(4148,'Alto Parana','10',1168),(4149,'Amambay','13',1168),(4150,'Boqueron','19',1168),(4151,'Caeguazu','5',1168),(4152,'Caazapl','6',1168),(4153,'Canindeyu','14',1168),(4154,'Concepcion','1',1168),(4155,'Cordillera','3',1168),(4156,'Guaira','4',1168),(4157,'Itapua','7',1168),(4158,'Miaiones','8',1168),(4159,'Neembucu','12',1168),(4160,'Paraguari','9',1168),(4161,'Presidente Hayes','15',1168),(4162,'San Pedro','2',1168),(4163,'Ad Dawhah','DA',1175),(4164,'Al Ghuwayriyah','GH',1175),(4165,'Al Jumayliyah','JU',1175),(4166,'Al Khawr','KH',1175),(4167,'Al Wakrah','WA',1175),(4168,'Ar Rayyan','RA',1175),(4169,'Jariyan al Batnah','JB',1175),(4170,'Madinat ash Shamal','MS',1175),(4171,'Umm Salal','US',1175),(4172,'Bucuresti','B',1176),(4173,'Alba','AB',1176),(4174,'Arad','AR',1176),(4175,'Arges','AG',1176),(4176,'Bacau','BC',1176),(4177,'Bihor','BH',1176),(4178,'Bistrita-Nasaud','BN',1176),(4179,'Boto\'ani','BT',1176),(4180,'Bra\'ov','BV',1176),(4181,'Braila','BR',1176),(4182,'Buzau','BZ',1176),(4183,'Caras-Severin','CS',1176),(4184,'Ca la ras\'i','CL',1176),(4185,'Cluj','CJ',1176),(4186,'Constant\'a','CT',1176),(4187,'Covasna','CV',1176),(4188,'Dambovit\'a','DB',1176),(4189,'Dolj','DJ',1176),(4190,'Galat\'i','GL',1176),(4191,'Giurgiu','GR',1176),(4192,'Gorj','GJ',1176),(4193,'Harghita','HR',1176),(4194,'Hunedoara','HD',1176),(4195,'Ialomit\'a','IL',1176),(4196,'Ias\'i','IS',1176),(4197,'Ilfov','IF',1176),(4198,'Maramures','MM',1176),(4199,'Mehedint\'i','MH',1176),(4200,'Mures','MS',1176),(4201,'Neamt','NT',1176),(4202,'Olt','OT',1176),(4203,'Prahova','PH',1176),(4204,'Satu Mare','SM',1176),(4205,'Sa laj','SJ',1176),(4206,'Sibiu','SB',1176),(4207,'Suceava','SV',1176),(4208,'Teleorman','TR',1176),(4209,'Timis','TM',1176),(4210,'Tulcea','TL',1176),(4211,'Vaslui','VS',1176),(4212,'Valcea','VL',1176),(4213,'Vrancea','VN',1176),(4214,'Adygeya, Respublika','AD',1177),(4215,'Altay, Respublika','AL',1177),(4216,'Bashkortostan, Respublika','BA',1177),(4217,'Buryatiya, Respublika','BU',1177),(4218,'Chechenskaya Respublika','CE',1177),(4219,'Chuvashskaya Respublika','CU',1177),(4220,'Dagestan, Respublika','DA',1177),(4221,'Ingushskaya Respublika','IN',1177),(4222,'Kabardino-Balkarskaya','KB',1177),(4223,'Kalmykiya, Respublika','KL',1177),(4224,'Karachayevo-Cherkesskaya Respublika','KC',1177),(4225,'Kareliya, Respublika','KR',1177),(4226,'Khakasiya, Respublika','KK',1177),(4227,'Komi, Respublika','KO',1177),(4228,'Mariy El, Respublika','ME',1177),(4229,'Mordoviya, Respublika','MO',1177),(4230,'Sakha, Respublika [Yakutiya]','SA',1177),(4231,'Severnaya Osetiya, Respublika','SE',1177),(4232,'Tatarstan, Respublika','TA',1177),(4233,'Tyva, Respublika [Tuva]','TY',1177),(4234,'Udmurtskaya Respublika','UD',1177),(4235,'Altayskiy kray','ALT',1177),(4236,'Khabarovskiy kray','KHA',1177),(4237,'Krasnodarskiy kray','KDA',1177),(4238,'Krasnoyarskiy kray','KYA',1177),(4239,'Primorskiy kray','PRI',1177),(4240,'Stavropol\'skiy kray','STA',1177),(4241,'Amurskaya oblast\'','AMU',1177),(4242,'Arkhangel\'skaya oblast\'','ARK',1177),(4243,'Astrakhanskaya oblast\'','AST',1177),(4244,'Belgorodskaya oblast\'','BEL',1177),(4245,'Bryanskaya oblast\'','BRY',1177),(4246,'Chelyabinskaya oblast\'','CHE',1177),(4247,'Zabaykalsky Krai\'','ZSK',1177),(4248,'Irkutskaya oblast\'','IRK',1177),(4249,'Ivanovskaya oblast\'','IVA',1177),(4250,'Kaliningradskaya oblast\'','KGD',1177),(4251,'Kaluzhskaya oblast\'','KLU',1177),(4252,'Kamchatka Krai\'','KAM',1177),(4253,'Kemerovskaya oblast\'','KEM',1177),(4254,'Kirovskaya oblast\'','KIR',1177),(4255,'Kostromskaya oblast\'','KOS',1177),(4256,'Kurganskaya oblast\'','KGN',1177),(4257,'Kurskaya oblast\'','KRS',1177),(4258,'Leningradskaya oblast\'','LEN',1177),(4259,'Lipetskaya oblast\'','LIP',1177),(4260,'Magadanskaya oblast\'','MAG',1177),(4261,'Moskovskaya oblast\'','MOS',1177),(4262,'Murmanskaya oblast\'','MUR',1177),(4263,'Nizhegorodskaya oblast\'','NIZ',1177),(4264,'Novgorodskaya oblast\'','NGR',1177),(4265,'Novosibirskaya oblast\'','NVS',1177),(4266,'Omskaya oblast\'','OMS',1177),(4267,'Orenburgskaya oblast\'','ORE',1177),(4268,'Orlovskaya oblast\'','ORL',1177),(4269,'Penzenskaya oblast\'','PNZ',1177),(4270,'Perm krai\'','PEK',1177),(4271,'Pskovskaya oblast\'','PSK',1177),(4272,'Rostovskaya oblast\'','ROS',1177),(4273,'Ryazanskaya oblast\'','RYA',1177),(4274,'Sakhalinskaya oblast\'','SAK',1177),(4275,'Samarskaya oblast\'','SAM',1177),(4276,'Saratovskaya oblast\'','SAR',1177),(4277,'Smolenskaya oblast\'','SMO',1177),(4278,'Sverdlovskaya oblast\'','SVE',1177),(4279,'Tambovskaya oblast\'','TAM',1177),(4280,'Tomskaya oblast\'','TOM',1177),(4281,'Tul\'skaya oblast\'','TUL',1177),(4282,'Tverskaya oblast\'','TVE',1177),(4283,'Tyumenskaya oblast\'','TYU',1177),(4284,'Ul\'yanovskaya oblast\'','ULY',1177),(4285,'Vladimirskaya oblast\'','VLA',1177),(4286,'Volgogradskaya oblast\'','VGG',1177),(4287,'Vologodskaya oblast\'','VLG',1177),(4288,'Voronezhskaya oblast\'','VOR',1177),(4289,'Yaroslavskaya oblast\'','YAR',1177),(4290,'Moskva','MOW',1177),(4291,'Sankt-Peterburg','SPE',1177),(4292,'Yevreyskaya avtonomnaya oblast\'','YEV',1177),(4294,'Chukotskiy avtonomnyy okrug','CHU',1177),(4296,'Khanty-Mansiyskiy avtonomnyy okrug','KHM',1177),(4299,'Nenetskiy avtonomnyy okrug','NEN',1177),(4302,'Yamalo-Nenetskiy avtonomnyy okrug','YAN',1177),(4303,'Butare','C',1178),(4304,'Byumba','I',1178),(4305,'Cyangugu','E',1178),(4306,'Gikongoro','D',1178),(4307,'Gisenyi','G',1178),(4308,'Gitarama','B',1178),(4309,'Kibungo','J',1178),(4310,'Kibuye','F',1178),(4311,'Kigali-Rural Kigali y\' Icyaro','K',1178),(4312,'Kigali-Ville Kigali Ngari','L',1178),(4313,'Mutara','M',1178),(4314,'Ruhengeri','H',1178),(4315,'Al Batah','11',1187),(4316,'Al H,udd ash Shamallyah','08',1187),(4317,'Al Jawf','12',1187),(4318,'Al Madinah','03',1187),(4319,'Al Qasim','05',1187),(4320,'Ar Riyad','01',1187),(4321,'Asir','14',1187),(4322,'Ha\'il','06',1187),(4323,'Jlzan','09',1187),(4324,'Makkah','02',1187),(4325,'Najran','10',1187),(4326,'Tabuk','07',1187),(4327,'Capital Territory (Honiara)','CT',1194),(4328,'Guadalcanal','GU',1194),(4329,'Isabel','IS',1194),(4330,'Makira','MK',1194),(4331,'Malaita','ML',1194),(4332,'Temotu','TE',1194),(4333,'A\'ali an Nil','23',1200),(4334,'Al Bah al Ahmar','26',1200),(4335,'Al Buhayrat','18',1200),(4336,'Al Jazirah','07',1200),(4337,'Al Khartum','03',1200),(4338,'Al Qadarif','06',1200),(4339,'Al Wahdah','22',1200),(4340,'An Nil','04',1200),(4341,'An Nil al Abyaq','08',1200),(4342,'An Nil al Azraq','24',1200),(4343,'Ash Shamallyah','01',1200),(4344,'Bahr al Jabal','17',1200),(4345,'Gharb al Istiwa\'iyah','16',1200),(4346,'Gharb Ba~r al Ghazal','14',1200),(4347,'Gharb Darfur','12',1200),(4348,'Gharb Kurdufan','10',1200),(4349,'Janub Darfur','11',1200),(4350,'Janub Rurdufan','13',1200),(4351,'Jnqall','20',1200),(4352,'Kassala','05',1200),(4353,'Shamal Batr al Ghazal','15',1200),(4354,'Shamal Darfur','02',1200),(4355,'Shamal Kurdufan','09',1200),(4356,'Sharq al Istiwa\'iyah','19',1200),(4357,'Sinnar','25',1200),(4358,'Warab','21',1200),(4359,'Blekinge lan','K',1204),(4360,'Dalarnas lan','W',1204),(4361,'Gotlands lan','I',1204),(4362,'Gavleborge lan','X',1204),(4363,'Hallands lan','N',1204),(4364,'Jamtlande lan','Z',1204),(4365,'Jonkopings lan','F',1204),(4366,'Kalmar lan','H',1204),(4367,'Kronoberge lan','G',1204),(4368,'Norrbottena lan','BD',1204),(4369,'Skane lan','M',1204),(4370,'Stockholms lan','AB',1204),(4371,'Sodermanlands lan','D',1204),(4372,'Uppsala lan','C',1204),(4373,'Varmlanda lan','S',1204),(4374,'Vasterbottens lan','AC',1204),(4375,'Vasternorrlands lan','Y',1204),(4376,'Vastmanlanda lan','U',1204),(4377,'Vastra Gotalands lan','Q',1204),(4378,'Orebro lan','T',1204),(4379,'Ostergotlands lan','E',1204),(4380,'Saint Helena','SH',1180),(4381,'Ascension','AC',1180),(4382,'Tristan da Cunha','TA',1180),(4383,'Ajdovina','001',1193),(4384,'Beltinci','002',1193),(4385,'Benedikt','148',1193),(4386,'Bistrica ob Sotli','149',1193),(4387,'Bled','003',1193),(4388,'Bloke','150',1193),(4389,'Bohinj','004',1193),(4390,'Borovnica','005',1193),(4391,'Bovec','006',1193),(4392,'Braslove','151',1193),(4393,'Brda','007',1193),(4394,'Brezovica','008',1193),(4395,'Breice','009',1193),(4396,'Cankova','152',1193),(4397,'Celje','011',1193),(4398,'Cerklje na Gorenjskem','012',1193),(4399,'Cerknica','013',1193),(4400,'Cerkno','014',1193),(4401,'Cerkvenjak','153',1193),(4402,'renovci','015',1193),(4403,'rna na Korokem','016',1193),(4404,'rnomelj','017',1193),(4405,'Destrnik','018',1193),(4406,'Divaa','019',1193),(4407,'Dobje','154',1193),(4408,'Dobrepolje','020',1193),(4409,'Dobrna','155',1193),(4410,'Dobrova-Polhov Gradec','021',1193),(4411,'Dobrovnik','156',1193),(4412,'Dol pri Ljubljani','022',1193),(4413,'Dolenjske Toplice','157',1193),(4414,'Domale','023',1193),(4415,'Dornava','024',1193),(4416,'Dravograd','025',1193),(4417,'Duplek','026',1193),(4418,'Gorenja vas-Poljane','027',1193),(4419,'Gorinica','028',1193),(4420,'Gornja Radgona','029',1193),(4421,'Gornji Grad','030',1193),(4422,'Gornji Petrovci','031',1193),(4423,'Grad','158',1193),(4424,'Grosuplje','032',1193),(4425,'Hajdina','159',1193),(4426,'Hoe-Slivnica','160',1193),(4427,'Hodo','161',1193),(4428,'Horjul','162',1193),(4429,'Hrastnik','034',1193),(4430,'Hrpelje-Kozina','035',1193),(4431,'Idrija','036',1193),(4432,'Ig','037',1193),(4433,'Ilirska Bistrica','038',1193),(4434,'Ivanna Gorica','039',1193),(4435,'Izola','040',1193),(4436,'Jesenice','041',1193),(4437,'Jezersko','163',1193),(4438,'Jurinci','042',1193),(4439,'Kamnik','043',1193),(4440,'Kanal','044',1193),(4441,'Kidrievo','045',1193),(4442,'Kobarid','046',1193),(4443,'Kobilje','047',1193),(4444,'Koevje','048',1193),(4445,'Komen','049',1193),(4446,'Komenda','164',1193),(4447,'Koper','050',1193),(4448,'Kostel','165',1193),(4449,'Kozje','051',1193),(4450,'Kranj','052',1193),(4451,'Kranjska Gora','053',1193),(4452,'Krievci','166',1193),(4453,'Krko','054',1193),(4454,'Kungota','055',1193),(4455,'Kuzma','056',1193),(4456,'Lako','057',1193),(4457,'Lenart','058',1193),(4458,'Lendava','059',1193),(4459,'Litija','060',1193),(4460,'Ljubljana','061',1193),(4461,'Ljubno','062',1193),(4462,'Ljutomer','063',1193),(4463,'Logatec','064',1193),(4464,'Loka dolina','065',1193),(4465,'Loki Potok','066',1193),(4466,'Lovrenc na Pohorju','167',1193),(4467,'Lue','067',1193),(4468,'Lukovica','068',1193),(4469,'Majperk','069',1193),(4470,'Maribor','070',1193),(4471,'Markovci','168',1193),(4472,'Medvode','071',1193),(4473,'Menge','072',1193),(4474,'Metlika','073',1193),(4475,'Meica','074',1193),(4476,'Miklav na Dravskem polju','169',1193),(4477,'Miren-Kostanjevica','075',1193),(4478,'Mirna Pe','170',1193),(4479,'Mislinja','076',1193),(4480,'Morave','077',1193),(4481,'Moravske Toplice','078',1193),(4482,'Mozirje','079',1193),(4483,'Murska Sobota','080',1193),(4484,'Muta','081',1193),(4485,'Naklo','082',1193),(4486,'Nazarje','083',1193),(4487,'Nova Gorica','084',1193),(4488,'Novo mesto','085',1193),(4489,'Sveta Ana','181',1193),(4490,'Sveti Andra v Slovenskih goricah','182',1193),(4491,'Sveti Jurij','116',1193),(4492,'alovci','033',1193),(4493,'empeter-Vrtojba','183',1193),(4494,'enur','117',1193),(4495,'entilj','118',1193),(4496,'entjernej','119',1193),(4497,'entjur','120',1193),(4498,'kocjan','121',1193),(4499,'kofja Loka','122',1193),(4500,'kofljica','123',1193),(4501,'marje pri Jelah','124',1193),(4502,'martno ob Paki','125',1193),(4503,'martno pri Litiji','194',1193),(4504,'otanj','126',1193),(4505,'tore','127',1193),(4506,'Tabor','184',1193),(4507,'Tiina','010',1193),(4508,'Tolmin','128',1193),(4509,'Trbovlje','129',1193),(4510,'Trebnje','130',1193),(4511,'Trnovska vas','185',1193),(4512,'Tri','131',1193),(4513,'Trzin','186',1193),(4514,'Turnie','132',1193),(4515,'Velenje','133',1193),(4516,'Velika Polana','187',1193),(4517,'Velike Lae','134',1193),(4518,'Verej','188',1193),(4519,'Videm','135',1193),(4520,'Vipava','136',1193),(4521,'Vitanje','137',1193),(4522,'Vojnik','138',1193),(4523,'Vransko','189',1193),(4524,'Vrhnika','140',1193),(4525,'Vuzenica','141',1193),(4526,'Zagorje ob Savi','142',1193),(4527,'Zavr','143',1193),(4528,'Zree','144',1193),(4529,'alec','190',1193),(4530,'elezniki','146',1193),(4531,'etale','191',1193),(4532,'iri','147',1193),(4533,'irovnica','192',1193),(4534,'uemberk','193',1193),(4535,'Banskobystrick kraj','BC',1192),(4536,'Bratislavsk kraj','BL',1192),(4537,'Koick kraj','KI',1192),(4538,'Nitriansky kraj','NJ',1192),(4539,'Preovsk kraj','PV',1192),(4540,'Treniansky kraj','TC',1192),(4541,'Trnavsk kraj','TA',1192),(4542,'ilinsk kraj','ZI',1192),(4543,'Western Area (Freetown)','W',1190),(4544,'Dakar','DK',1188),(4545,'Diourbel','DB',1188),(4546,'Fatick','FK',1188),(4547,'Kaolack','KL',1188),(4548,'Kolda','KD',1188),(4549,'Louga','LG',1188),(4550,'Matam','MT',1188),(4551,'Saint-Louis','SL',1188),(4552,'Tambacounda','TC',1188),(4553,'Thies','TH',1188),(4554,'Ziguinchor','ZG',1188),(4555,'Awdal','AW',1195),(4556,'Bakool','BK',1195),(4557,'Banaadir','BN',1195),(4558,'Bay','BY',1195),(4559,'Galguduud','GA',1195),(4560,'Gedo','GE',1195),(4561,'Hiirsan','HI',1195),(4562,'Jubbada Dhexe','JD',1195),(4563,'Jubbada Hoose','JH',1195),(4564,'Mudug','MU',1195),(4565,'Nugaal','NU',1195),(4566,'Saneag','SA',1195),(4567,'Shabeellaha Dhexe','SD',1195),(4568,'Shabeellaha Hoose','SH',1195),(4569,'Sool','SO',1195),(4570,'Togdheer','TO',1195),(4571,'Woqooyi Galbeed','WO',1195),(4572,'Brokopondo','BR',1201),(4573,'Commewijne','CM',1201),(4574,'Coronie','CR',1201),(4575,'Marowijne','MA',1201),(4576,'Nickerie','NI',1201),(4577,'Paramaribo','PM',1201),(4578,'Saramacca','SA',1201),(4579,'Sipaliwini','SI',1201),(4580,'Wanica','WA',1201),(4581,'Principe','P',1207),(4582,'Sao Tome','S',1207),(4583,'Ahuachapan','AH',1066),(4584,'Cabanas','CA',1066),(4585,'Cuscatlan','CU',1066),(4586,'Chalatenango','CH',1066),(4587,'Morazan','MO',1066),(4588,'San Miguel','SM',1066),(4589,'San Salvador','SS',1066),(4590,'Santa Ana','SA',1066),(4591,'San Vicente','SV',1066),(4592,'Sonsonate','SO',1066),(4593,'Usulutan','US',1066),(4594,'Al Hasakah','HA',1206),(4595,'Al Ladhiqiyah','LA',1206),(4596,'Al Qunaytirah','QU',1206),(4597,'Ar Raqqah','RA',1206),(4598,'As Suwayda\'','SU',1206),(4599,'Dar\'a','DR',1206),(4600,'Dayr az Zawr','DY',1206),(4601,'Dimashq','DI',1206),(4602,'Halab','HL',1206),(4603,'Hamah','HM',1206),(4604,'Jim\'','HI',1206),(4605,'Idlib','ID',1206),(4606,'Rif Dimashq','RD',1206),(4607,'Tarts','TA',1206),(4608,'Hhohho','HH',1203),(4609,'Lubombo','LU',1203),(4610,'Manzini','MA',1203),(4611,'Shiselweni','SH',1203),(4612,'Batha','BA',1043),(4613,'Biltine','BI',1043),(4614,'Borkou-Ennedi-Tibesti','BET',1043),(4615,'Chari-Baguirmi','CB',1043),(4616,'Guera','GR',1043),(4617,'Kanem','KA',1043),(4618,'Lac','LC',1043),(4619,'Logone-Occidental','LO',1043),(4620,'Logone-Oriental','LR',1043),(4621,'Mayo-Kebbi','MK',1043),(4622,'Moyen-Chari','MC',1043),(4623,'Ouaddai','OD',1043),(4624,'Salamat','SA',1043),(4625,'Tandjile','TA',1043),(4626,'Kara','K',1214),(4627,'Maritime (Region)','M',1214),(4628,'Savannes','S',1214),(4629,'Krung Thep Maha Nakhon Bangkok','10',1211),(4630,'Phatthaya','S',1211),(4631,'Amnat Charoen','37',1211),(4632,'Ang Thong','15',1211),(4633,'Buri Ram','31',1211),(4634,'Chachoengsao','24',1211),(4635,'Chai Nat','18',1211),(4636,'Chaiyaphum','36',1211),(4637,'Chanthaburi','22',1211),(4638,'Chiang Mai','50',1211),(4639,'Chiang Rai','57',1211),(4640,'Chon Buri','20',1211),(4641,'Chumphon','86',1211),(4642,'Kalasin','46',1211),(4643,'Kamphasng Phet','62',1211),(4644,'Kanchanaburi','71',1211),(4645,'Khon Kaen','40',1211),(4646,'Krabi','81',1211),(4647,'Lampang','52',1211),(4648,'Lamphun','51',1211),(4649,'Loei','42',1211),(4650,'Lop Buri','16',1211),(4651,'Mae Hong Son','58',1211),(4652,'Maha Sarakham','44',1211),(4653,'Mukdahan','49',1211),(4654,'Nakhon Nayok','26',1211),(4655,'Nakhon Pathom','73',1211),(4656,'Nakhon Phanom','48',1211),(4657,'Nakhon Ratchasima','30',1211),(4658,'Nakhon Sawan','60',1211),(4659,'Nakhon Si Thammarat','80',1211),(4660,'Nan','55',1211),(4661,'Narathiwat','96',1211),(4662,'Nong Bua Lam Phu','39',1211),(4663,'Nong Khai','43',1211),(4664,'Nonthaburi','12',1211),(4665,'Pathum Thani','13',1211),(4666,'Pattani','94',1211),(4667,'Phangnga','82',1211),(4668,'Phatthalung','93',1211),(4669,'Phayao','56',1211),(4670,'Phetchabun','67',1211),(4671,'Phetchaburi','76',1211),(4672,'Phichit','66',1211),(4673,'Phitsanulok','65',1211),(4674,'Phrae','54',1211),(4675,'Phra Nakhon Si Ayutthaya','14',1211),(4676,'Phuket','83',1211),(4677,'Prachin Buri','25',1211),(4678,'Prachuap Khiri Khan','77',1211),(4679,'Ranong','85',1211),(4680,'Ratchaburi','70',1211),(4681,'Rayong','21',1211),(4682,'Roi Et','45',1211),(4683,'Sa Kaeo','27',1211),(4684,'Sakon Nakhon','47',1211),(4685,'Samut Prakan','11',1211),(4686,'Samut Sakhon','74',1211),(4687,'Samut Songkhram','75',1211),(4688,'Saraburi','19',1211),(4689,'Satun','91',1211),(4690,'Sing Buri','17',1211),(4691,'Si Sa Ket','33',1211),(4692,'Songkhla','90',1211),(4693,'Sukhothai','64',1211),(4694,'Suphan Buri','72',1211),(4695,'Surat Thani','84',1211),(4696,'Surin','32',1211),(4697,'Tak','63',1211),(4698,'Trang','92',1211),(4699,'Trat','23',1211),(4700,'Ubon Ratchathani','34',1211),(4701,'Udon Thani','41',1211),(4702,'Uthai Thani','61',1211),(4703,'Uttaradit','53',1211),(4704,'Yala','95',1211),(4705,'Yasothon','35',1211),(4706,'Sughd','SU',1209),(4707,'Khatlon','KT',1209),(4708,'Gorno-Badakhshan','GB',1209),(4709,'Ahal','A',1220),(4710,'Balkan','B',1220),(4711,'Dasoguz','D',1220),(4712,'Lebap','L',1220),(4713,'Mary','M',1220),(4714,'Bja','31',1218),(4715,'Ben Arous','13',1218),(4716,'Bizerte','23',1218),(4717,'Gabs','81',1218),(4718,'Gafsa','71',1218),(4719,'Jendouba','32',1218),(4720,'Kairouan','41',1218),(4721,'Rasserine','42',1218),(4722,'Kebili','73',1218),(4723,'L\'Ariana','12',1218),(4724,'Le Ref','33',1218),(4725,'Mahdia','53',1218),(4726,'La Manouba','14',1218),(4727,'Medenine','82',1218),(4728,'Moneatir','52',1218),(4729,'Naboul','21',1218),(4730,'Sfax','61',1218),(4731,'Sidi Bouxid','43',1218),(4732,'Siliana','34',1218),(4733,'Sousse','51',1218),(4734,'Tataouine','83',1218),(4735,'Tozeur','72',1218),(4736,'Tunis','11',1218),(4737,'Zaghouan','22',1218),(4738,'Adana','01',1219),(4739,'Ad yaman','02',1219),(4740,'Afyon','03',1219),(4741,'Ag r','04',1219),(4742,'Aksaray','68',1219),(4743,'Amasya','05',1219),(4744,'Ankara','06',1219),(4745,'Antalya','07',1219),(4746,'Ardahan','75',1219),(4747,'Artvin','08',1219),(4748,'Aydin','09',1219),(4749,'Bal kesir','10',1219),(4750,'Bartin','74',1219),(4751,'Batman','72',1219),(4752,'Bayburt','69',1219),(4753,'Bilecik','11',1219),(4754,'Bingol','12',1219),(4755,'Bitlis','13',1219),(4756,'Bolu','14',1219),(4757,'Burdur','15',1219),(4758,'Bursa','16',1219),(4759,'Canakkale','17',1219),(4760,'Cankir','18',1219),(4761,'Corum','19',1219),(4762,'Denizli','20',1219),(4763,'Diyarbakir','21',1219),(4764,'Duzce','81',1219),(4765,'Edirne','22',1219),(4766,'Elazig','23',1219),(4767,'Erzincan','24',1219),(4768,'Erzurum','25',1219),(4769,'Eskis\'ehir','26',1219),(4770,'Gaziantep','27',1219),(4771,'Giresun','28',1219),(4772,'Gms\'hane','29',1219),(4773,'Hakkari','30',1219),(4774,'Hatay','31',1219),(4775,'Igidir','76',1219),(4776,'Isparta','32',1219),(4777,'Icel','33',1219),(4778,'Istanbul','34',1219),(4779,'Izmir','35',1219),(4780,'Kahramanmaras','46',1219),(4781,'Karabk','78',1219),(4782,'Karaman','70',1219),(4783,'Kars','36',1219),(4784,'Kastamonu','37',1219),(4785,'Kayseri','38',1219),(4786,'Kirikkale','71',1219),(4787,'Kirklareli','39',1219),(4788,'Kirs\'ehir','40',1219),(4789,'Kilis','79',1219),(4790,'Kocaeli','41',1219),(4791,'Konya','42',1219),(4792,'Ktahya','43',1219),(4793,'Malatya','44',1219),(4794,'Manisa','45',1219),(4795,'Mardin','47',1219),(4796,'Mugila','48',1219),(4797,'Mus','49',1219),(4798,'Nevs\'ehir','50',1219),(4799,'Nigide','51',1219),(4800,'Ordu','52',1219),(4801,'Osmaniye','80',1219),(4802,'Rize','53',1219),(4803,'Sakarya','54',1219),(4804,'Samsun','55',1219),(4805,'Siirt','56',1219),(4806,'Sinop','57',1219),(4807,'Sivas','58',1219),(4808,'S\'anliurfa','63',1219),(4809,'S\'rnak','73',1219),(4810,'Tekirdag','59',1219),(4811,'Tokat','60',1219),(4812,'Trabzon','61',1219),(4813,'Tunceli','62',1219),(4814,'Us\'ak','64',1219),(4815,'Van','65',1219),(4816,'Yalova','77',1219),(4817,'Yozgat','66',1219),(4818,'Zonguldak','67',1219),(4819,'Couva-Tabaquite-Talparo','CTT',1217),(4820,'Diego Martin','DMN',1217),(4821,'Eastern Tobago','ETO',1217),(4822,'Penal-Debe','PED',1217),(4823,'Princes Town','PRT',1217),(4824,'Rio Claro-Mayaro','RCM',1217),(4825,'Sangre Grande','SGE',1217),(4826,'San Juan-Laventille','SJL',1217),(4827,'Siparia','SIP',1217),(4828,'Tunapuna-Piarco','TUP',1217),(4829,'Western Tobago','WTO',1217),(4830,'Arima','ARI',1217),(4831,'Chaguanas','CHA',1217),(4832,'Point Fortin','PTF',1217),(4833,'Port of Spain','POS',1217),(4834,'San Fernando','SFO',1217),(4835,'Aileu','AL',1063),(4836,'Ainaro','AN',1063),(4837,'Bacucau','BA',1063),(4838,'Bobonaro','BO',1063),(4839,'Cova Lima','CO',1063),(4840,'Dili','DI',1063),(4841,'Ermera','ER',1063),(4842,'Laulem','LA',1063),(4843,'Liquica','LI',1063),(4844,'Manatuto','MT',1063),(4845,'Manafahi','MF',1063),(4846,'Oecussi','OE',1063),(4847,'Viqueque','VI',1063),(4848,'Changhua County','CHA',1208),(4849,'Chiayi County','CYQ',1208),(4850,'Hsinchu County','HSQ',1208),(4851,'Hualien County','HUA',1208),(4852,'Ilan County','ILA',1208),(4853,'Kaohsiung County','KHQ',1208),(4854,'Miaoli County','MIA',1208),(4855,'Nantou County','NAN',1208),(4856,'Penghu County','PEN',1208),(4857,'Pingtung County','PIF',1208),(4858,'Taichung County','TXQ',1208),(4859,'Tainan County','TNQ',1208),(4860,'Taipei County','TPQ',1208),(4861,'Taitung County','TTT',1208),(4862,'Taoyuan County','TAO',1208),(4863,'Yunlin Conuty','YUN',1208),(4864,'Keelung City','KEE',1208),(4865,'Arusha','01',1210),(4866,'Dar-es-Salaam','02',1210),(4867,'Dodoma','03',1210),(4868,'Iringa','04',1210),(4869,'Kagera','05',1210),(4870,'Kaskazini Pemba','06',1210),(4871,'Kaskazini Unguja','07',1210),(4872,'Xigoma','08',1210),(4873,'Kilimanjaro','09',1210),(4874,'Rusini Pemba','10',1210),(4875,'Kusini Unguja','11',1210),(4876,'Lindi','12',1210),(4877,'Manyara','26',1210),(4878,'Mara','13',1210),(4879,'Mbeya','14',1210),(4880,'Mjini Magharibi','15',1210),(4881,'Morogoro','16',1210),(4882,'Mtwara','17',1210),(4883,'Pwani','19',1210),(4884,'Rukwa','20',1210),(4885,'Ruvuma','21',1210),(4886,'Shinyanga','22',1210),(4887,'Singida','23',1210),(4888,'Tabora','24',1210),(4889,'Tanga','25',1210),(4890,'Cherkas\'ka Oblast\'','71',1224),(4891,'Chernihivs\'ka Oblast\'','74',1224),(4892,'Chernivets\'ka Oblast\'','77',1224),(4893,'Dnipropetrovs\'ka Oblast\'','12',1224),(4894,'Donets\'ka Oblast\'','14',1224),(4895,'Ivano-Frankivs\'ka Oblast\'','26',1224),(4896,'Kharkivs\'ka Oblast\'','63',1224),(4897,'Khersons\'ka Oblast\'','65',1224),(4898,'Khmel\'nyts\'ka Oblast\'','68',1224),(4899,'Kirovohrads\'ka Oblast\'','35',1224),(4900,'Kyivs\'ka Oblast\'','32',1224),(4901,'Luhans\'ka Oblast\'','09',1224),(4902,'L\'vivs\'ka Oblast\'','46',1224),(4903,'Mykolaivs\'ka Oblast\'','48',1224),(4904,'Odes \'ka Oblast\'','51',1224),(4905,'Poltavs\'ka Oblast\'','53',1224),(4906,'Rivnens\'ka Oblast\'','56',1224),(4907,'Sums \'ka Oblast\'','59',1224),(4908,'Ternopil\'s\'ka Oblast\'','61',1224),(4909,'Vinnyts\'ka Oblast\'','05',1224),(4910,'Volyos\'ka Oblast\'','07',1224),(4911,'Zakarpats\'ka Oblast\'','21',1224),(4912,'Zaporiz\'ka Oblast\'','23',1224),(4913,'Zhytomyrs\'ka Oblast\'','18',1224),(4914,'Respublika Krym','43',1224),(4915,'Kyiv','30',1224),(4916,'Sevastopol','40',1224),(4917,'Adjumani','301',1223),(4918,'Apac','302',1223),(4919,'Arua','303',1223),(4920,'Bugiri','201',1223),(4921,'Bundibugyo','401',1223),(4922,'Bushenyi','402',1223),(4923,'Busia','202',1223),(4924,'Gulu','304',1223),(4925,'Hoima','403',1223),(4926,'Iganga','203',1223),(4927,'Jinja','204',1223),(4928,'Kabale','404',1223),(4929,'Kabarole','405',1223),(4930,'Kaberamaido','213',1223),(4931,'Kalangala','101',1223),(4932,'Kampala','102',1223),(4933,'Kamuli','205',1223),(4934,'Kamwenge','413',1223),(4935,'Kanungu','414',1223),(4936,'Kapchorwa','206',1223),(4937,'Kasese','406',1223),(4938,'Katakwi','207',1223),(4939,'Kayunga','112',1223),(4940,'Kibaale','407',1223),(4941,'Kiboga','103',1223),(4942,'Kisoro','408',1223),(4943,'Kitgum','305',1223),(4944,'Kotido','306',1223),(4945,'Kumi','208',1223),(4946,'Kyenjojo','415',1223),(4947,'Lira','307',1223),(4948,'Luwero','104',1223),(4949,'Masaka','105',1223),(4950,'Masindi','409',1223),(4951,'Mayuge','214',1223),(4952,'Mbale','209',1223),(4953,'Mbarara','410',1223),(4954,'Moroto','308',1223),(4955,'Moyo','309',1223),(4956,'Mpigi','106',1223),(4957,'Mubende','107',1223),(4958,'Mukono','108',1223),(4959,'Nakapiripirit','311',1223),(4960,'Nakasongola','109',1223),(4961,'Nebbi','310',1223),(4962,'Ntungamo','411',1223),(4963,'Pader','312',1223),(4964,'Pallisa','210',1223),(4965,'Rakai','110',1223),(4966,'Rukungiri','412',1223),(4967,'Sembabule','111',1223),(4968,'Sironko','215',1223),(4969,'Soroti','211',1223),(4970,'Tororo','212',1223),(4971,'Wakiso','113',1223),(4972,'Yumbe','313',1223),(4973,'Baker Island','81',1227),(4974,'Howland Island','84',1227),(4975,'Jarvis Island','86',1227),(4976,'Johnston Atoll','67',1227),(4977,'Kingman Reef','89',1227),(4978,'Midway Islands','71',1227),(4979,'Navassa Island','76',1227),(4980,'Palmyra Atoll','95',1227),(4981,'Wake Ialand','79',1227),(4982,'Artigsa','AR',1229),(4983,'Canelones','CA',1229),(4984,'Cerro Largo','CL',1229),(4985,'Colonia','CO',1229),(4986,'Durazno','DU',1229),(4987,'Flores','FS',1229),(4988,'Lavalleja','LA',1229),(4989,'Maldonado','MA',1229),(4990,'Montevideo','MO',1229),(4991,'Paysandu','PA',1229),(4992,'Rivera','RV',1229),(4993,'Rocha','RO',1229),(4994,'Salto','SA',1229),(4995,'Soriano','SO',1229),(4996,'Tacuarembo','TA',1229),(4997,'Treinta y Tres','TT',1229),(4998,'Toshkent (city)','TK',1230),(4999,'Qoraqalpogiston Respublikasi','QR',1230),(5000,'Andijon','AN',1230),(5001,'Buxoro','BU',1230),(5002,'Farg\'ona','FA',1230),(5003,'Jizzax','JI',1230),(5004,'Khorazm','KH',1230),(5005,'Namangan','NG',1230),(5006,'Navoiy','NW',1230),(5007,'Qashqadaryo','QA',1230),(5008,'Samarqand','SA',1230),(5009,'Sirdaryo','SI',1230),(5010,'Surxondaryo','SU',1230),(5011,'Toshkent','TO',1230),(5012,'Xorazm','XO',1230),(5013,'Distrito Federal','A',1232),(5014,'Anzoategui','B',1232),(5015,'Apure','C',1232),(5016,'Aragua','D',1232),(5017,'Barinas','E',1232),(5018,'Carabobo','G',1232),(5019,'Cojedes','H',1232),(5020,'Falcon','I',1232),(5021,'Guarico','J',1232),(5022,'Lara','K',1232),(5023,'Merida','L',1232),(5024,'Miranda','M',1232),(5025,'Monagas','N',1232),(5026,'Nueva Esparta','O',1232),(5027,'Portuguesa','P',1232),(5028,'Tachira','S',1232),(5029,'Trujillo','T',1232),(5030,'Vargas','X',1232),(5031,'Yaracuy','U',1232),(5032,'Zulia','V',1232),(5033,'Delta Amacuro','Y',1232),(5034,'Dependencias Federales','W',1232),(5035,'An Giang','44',1233),(5036,'Ba Ria - Vung Tau','43',1233),(5037,'Bac Can','53',1233),(5038,'Bac Giang','54',1233),(5039,'Bac Lieu','55',1233),(5040,'Bac Ninh','56',1233),(5041,'Ben Tre','50',1233),(5042,'Binh Dinh','31',1233),(5043,'Binh Duong','57',1233),(5044,'Binh Phuoc','58',1233),(5045,'Binh Thuan','40',1233),(5046,'Ca Mau','59',1233),(5047,'Can Tho','48',1233),(5048,'Cao Bang','04',1233),(5049,'Da Nang, thanh pho','60',1233),(5050,'Dong Nai','39',1233),(5051,'Dong Thap','45',1233),(5052,'Gia Lai','30',1233),(5053,'Ha Giang','03',1233),(5054,'Ha Nam','63',1233),(5055,'Ha Noi, thu do','64',1233),(5056,'Ha Tay','15',1233),(5057,'Ha Tinh','23',1233),(5058,'Hai Duong','61',1233),(5059,'Hai Phong, thanh pho','62',1233),(5060,'Hoa Binh','14',1233),(5061,'Ho Chi Minh, thanh pho [Sai Gon]','65',1233),(5062,'Hung Yen','66',1233),(5063,'Khanh Hoa','34',1233),(5064,'Kien Giang','47',1233),(5065,'Kon Tum','28',1233),(5066,'Lai Chau','01',1233),(5067,'Lam Dong','35',1233),(5068,'Lang Son','09',1233),(5069,'Lao Cai','02',1233),(5070,'Long An','41',1233),(5071,'Nam Dinh','67',1233),(5072,'Nghe An','22',1233),(5073,'Ninh Binh','18',1233),(5074,'Ninh Thuan','36',1233),(5075,'Phu Tho','68',1233),(5076,'Phu Yen','32',1233),(5077,'Quang Binh','24',1233),(5078,'Quang Nam','27',1233),(5079,'Quang Ngai','29',1233),(5080,'Quang Ninh','13',1233),(5081,'Quang Tri','25',1233),(5082,'Soc Trang','52',1233),(5083,'Son La','05',1233),(5084,'Tay Ninh','37',1233),(5085,'Thai Binh','20',1233),(5086,'Thai Nguyen','69',1233),(5087,'Thanh Hoa','21',1233),(5088,'Thua Thien-Hue','26',1233),(5089,'Tien Giang','46',1233),(5090,'Tra Vinh','51',1233),(5091,'Tuyen Quang','07',1233),(5092,'Vinh Long','49',1233),(5093,'Vinh Phuc','70',1233),(5094,'Yen Bai','06',1233),(5095,'Malampa','MAP',1231),(5096,'Penama','PAM',1231),(5097,'Sanma','SAM',1231),(5098,'Shefa','SEE',1231),(5099,'Tafea','TAE',1231),(5100,'Torba','TOB',1231),(5101,'A\'ana','AA',1185),(5102,'Aiga-i-le-Tai','AL',1185),(5103,'Atua','AT',1185),(5104,'Fa\'aaaleleaga','FA',1185),(5105,'Gaga\'emauga','GE',1185),(5106,'Gagaifomauga','GI',1185),(5107,'Palauli','PA',1185),(5108,'Satupa\'itea','SA',1185),(5109,'Tuamasaga','TU',1185),(5110,'Va\'a-o-Fonoti','VF',1185),(5111,'Vaisigano','VS',1185),(5112,'Crna Gora','CG',1243),(5113,'Srbija','SR',1242),(5114,'Kosovo-Metohija','KM',1242),(5115,'Vojvodina','VO',1242),(5116,'Abyan','AB',1237),(5117,'Adan','AD',1237),(5118,'Ad Dali','DA',1237),(5119,'Al Bayda\'','BA',1237),(5120,'Al Hudaydah','MU',1237),(5121,'Al Mahrah','MR',1237),(5122,'Al Mahwit','MW',1237),(5123,'Amran','AM',1237),(5124,'Dhamar','DH',1237),(5125,'Hadramawt','HD',1237),(5126,'Hajjah','HJ',1237),(5127,'Ibb','IB',1237),(5128,'Lahij','LA',1237),(5129,'Ma\'rib','MA',1237),(5130,'Sa\'dah','SD',1237),(5131,'San\'a\'','SN',1237),(5132,'Shabwah','SH',1237),(5133,'Ta\'izz','TA',1237),(5134,'Eastern Cape','EC',1196),(5135,'Free State','FS',1196),(5136,'Gauteng','GT',1196),(5137,'Kwazulu-Natal','NL',1196),(5138,'Mpumalanga','MP',1196),(5139,'Northern Cape','NC',1196),(5140,'Limpopo','NP',1196),(5141,'Western Cape','WC',1196),(5142,'Copperbelt','08',1239),(5143,'Luapula','04',1239),(5144,'Lusaka','09',1239),(5145,'North-Western','06',1239),(5146,'Bulawayo','BU',1240),(5147,'Harare','HA',1240),(5148,'Manicaland','MA',1240),(5149,'Mashonaland Central','MC',1240),(5150,'Mashonaland East','ME',1240),(5151,'Mashonaland West','MW',1240),(5152,'Masvingo','MV',1240),(5153,'Matabeleland North','MN',1240),(5154,'Matabeleland South','MS',1240),(5155,'Midlands','MI',1240),(5156,'South Karelia','SK',1075),(5157,'South Ostrobothnia','SO',1075),(5158,'Etel-Savo','ES',1075),(5159,'Hme','HH',1075),(5160,'It-Uusimaa','IU',1075),(5161,'Kainuu','KA',1075),(5162,'Central Ostrobothnia','CO',1075),(5163,'Central Finland','CF',1075),(5164,'Kymenlaakso','KY',1075),(5165,'Lapland','LA',1075),(5166,'Tampere Region','TR',1075),(5167,'Ostrobothnia','OB',1075),(5168,'North Karelia','NK',1075),(5169,'Northern Ostrobothnia','NO',1075),(5170,'Northern Savo','NS',1075),(5171,'Pijt-Hme','PH',1075),(5172,'Satakunta','SK',1075),(5173,'Uusimaa','UM',1075),(5174,'South-West Finland','SW',1075),(5175,'land','AL',1075),(5176,'Limburg','LI',1152),(5177,'Central and Western','CW',1098),(5178,'Eastern','EA',1098),(5179,'Southern','SO',1098),(5180,'Wan Chai','WC',1098),(5181,'Kowloon City','KC',1098),(5182,'Kwun Tong','KU',1098),(5183,'Sham Shui Po','SS',1098),(5184,'Wong Tai Sin','WT',1098),(5185,'Yau Tsim Mong','YT',1098),(5186,'Islands','IS',1098),(5187,'Kwai Tsing','KI',1098),(5188,'North','NO',1098),(5189,'Sai Kung','SK',1098),(5190,'Sha Tin','ST',1098),(5191,'Tai Po','TP',1098),(5192,'Tsuen Wan','TW',1098),(5193,'Tuen Mun','TM',1098),(5194,'Yuen Long','YL',1098),(5195,'Manchester','MR',1108),(5196,'Al Manmah (Al imah)','13',1016),(5197,'Al Janbyah','14',1016),(5199,'Al Wus','16',1016),(5200,'Ash Shamlyah','17',1016),(5201,'Jenin','_A',1165),(5202,'Tubas','_B',1165),(5203,'Tulkarm','_C',1165),(5204,'Nablus','_D',1165),(5205,'Qalqilya','_E',1165),(5206,'Salfit','_F',1165),(5207,'Ramallah and Al-Bireh','_G',1165),(5208,'Jericho','_H',1165),(5209,'Jerusalem','_I',1165),(5210,'Bethlehem','_J',1165),(5211,'Hebron','_K',1165),(5212,'North Gaza','_L',1165),(5213,'Gaza','_M',1165),(5214,'Deir el-Balah','_N',1165),(5215,'Khan Yunis','_O',1165),(5216,'Rafah','_P',1165),(5217,'Brussels','BRU',1020),(5218,'Distrito Federal','DIF',1140),(5219,'Taichung City','TXG',1208),(5220,'Kaohsiung City','KHH',1208),(5221,'Taipei City','TPE',1208),(5222,'Chiayi City','CYI',1208),(5223,'Hsinchu City','HSZ',1208),(5224,'Tainan City','TNN',1208),(9000,'North West','NW',1196),(9986,'Tyne and Wear','TWR',1226),(9988,'Greater Manchester','GTM',1226),(9989,'Co Tyrone','TYR',1226),(9990,'West Yorkshire','WYK',1226),(9991,'South Yorkshire','SYK',1226),(9992,'Merseyside','MSY',1226),(9993,'Berkshire','BRK',1226),(9994,'West Midlands','WMD',1226),(9998,'West Glamorgan','WGM',1226),(9999,'London','LON',1226),(10000,'Carbonia-Iglesias','CI',1107),(10001,'Olbia-Tempio','OT',1107),(10002,'Medio Campidano','VS',1107),(10003,'Ogliastra','OG',1107),(10009,'Jura','39',1076),(10010,'Barletta-Andria-Trani','Bar',1107),(10011,'Fermo','Fer',1107),(10012,'Monza e Brianza','Mon',1107),(10013,'Clwyd','CWD',1226),(10014,'Dyfed','DFD',1226),(10015,'South Glamorgan','SGM',1226),(10016,'Artibonite','AR',1094),(10017,'Centre','CE',1094),(10018,'Nippes','NI',1094),(10019,'Nord','ND',1094),(10020,'La Rioja','F',1010),(10021,'Andorra la Vella','07',1005),(10022,'Canillo','02',1005),(10023,'Encamp','03',1005),(10024,'Escaldes-Engordany','08',1005),(10025,'La Massana','04',1005),(10026,'Ordino','05',1005),(10027,'Sant Julia de Loria','06',1005),(10028,'Abaco Islands','AB',1212),(10029,'Andros Island','AN',1212),(10030,'Berry Islands','BR',1212),(10031,'Eleuthera','EL',1212),(10032,'Grand Bahama','GB',1212),(10033,'Rum Cay','RC',1212),(10034,'San Salvador Island','SS',1212),(10035,'Kongo central','01',1050),(10036,'Kwango','02',1050),(10037,'Kwilu','03',1050),(10038,'Mai-Ndombe','04',1050),(10039,'Kasai','05',1050),(10040,'Lulua','06',1050),(10041,'Lomami','07',1050),(10042,'Sankuru','08',1050),(10043,'Ituri','09',1050),(10044,'Haut-Uele','10',1050),(10045,'Tshopo','11',1050),(10046,'Bas-Uele','12',1050),(10047,'Nord-Ubangi','13',1050),(10048,'Mongala','14',1050),(10049,'Sud-Ubangi','15',1050),(10050,'Tshuapa','16',1050),(10051,'Haut-Lomami','17',1050),(10052,'Lualaba','18',1050),(10053,'Haut-Katanga','19',1050),(10054,'Tanganyika','20',1050),(10055,'Toledo','TO',1198),(10056,'Crdoba','CO',1198),(10057,'Metropolitan Manila','MNL',1170),(10058,'La Paz','LP',1097),(10059,'Yinchuan','YN',1045),(10060,'Shizuishan','SZ',1045),(10061,'Wuzhong','WZ',1045),(10062,'Guyuan','GY',1045),(10063,'Zhongwei','ZW',1045),(10064,'Luxembourg','L',1126),(10065,'Aizkraukles novads','002',1119),(10066,'Jaunjelgavas novads','038',1119),(10067,'Paviu novads','072',1119),(10068,'Kokneses novads','046',1119),(10069,'Neretas novads','065',1119),(10070,'Skrveru novads','092',1119),(10071,'Alksnes novads','007',1119),(10072,'Apes novads','009',1119),(10073,'Balvu novads','015',1119),(10074,'Viakas novads','108',1119),(10075,'Baltinavas novads','014',1119),(10076,'Rugju novads','082',1119),(10077,'Bauskas novads','016',1119),(10078,'Iecavas novads','034',1119),(10079,'Rundles novads','083',1119),(10080,'Vecumnieku novads','105',1119),(10081,'Csu novads','022',1119),(10082,'Lgatnes novads','055',1119),(10083,'Amatas novads','008',1119),(10084,'Jaunpiebalgas novads','039',1119),(10085,'Priekuu novads','075',1119),(10086,'Prgaujas novads','070',1119),(10087,'Raunas novads','076',1119),(10088,'Vecpiebalgas novads','104',1119),(10089,'Daugavpils novads','025',1119),(10090,'Ilkstes novads','036',1119),(10091,'Dobeles novads','026',1119),(10092,'Auces novads','010',1119),(10093,'Trvetes novads','098',1119),(10094,'Gulbenes novads','033',1119),(10095,'Jelgavas novads','041',1119),(10096,'Ozolnieku novads','069',1119),(10097,'Jkabpils novads','042',1119),(10098,'Aknstes novads','004',1119),(10099,'Viestes novads','107',1119),(10100,'Krustpils novads','049',1119),(10101,'Salas novads','085',1119),(10102,'Krslavas novads','047',1119),(10103,'Dagdas novads','024',1119),(10104,'Aglonas novads','001',1119),(10105,'Kuldgas novads','050',1119),(10106,'Skrundas novads','093',1119),(10107,'Alsungas novads','006',1119),(10108,'Aizputes novads','003',1119),(10109,'Durbes novads','028',1119),(10110,'Grobias novads','032',1119),(10111,'Pvilostas novads','071',1119),(10112,'Priekules novads','074',1119),(10113,'Ncas novads','066',1119),(10114,'Rucavas novads','081',1119),(10115,'Vaiodes novads','100',1119),(10116,'Limbau novads','054',1119),(10117,'Alojas novads','005',1119),(10118,'Salacgrvas novads','086',1119),(10119,'Ludzas novads','058',1119),(10120,'Krsavas novads','044',1119),(10121,'Zilupes novads','110',1119),(10122,'Ciblas novads','023',1119),(10123,'Madonas novads','059',1119),(10124,'Cesvaines novads','021',1119),(10125,'Lubnas novads','057',1119),(10126,'Varaknu novads','102',1119),(10127,'rgu novads','030',1119),(10128,'Ogres novads','067',1119),(10129,'Ikiles novads','035',1119),(10130,'eguma novads','051',1119),(10131,'Lielvrdes novads','053',1119),(10132,'Preiu novads','073',1119),(10133,'Lvnu novads','056',1119),(10134,'Riebiu novads','078',1119),(10135,'Vrkavas novads','103',1119),(10136,'Rzeknes novads','077',1119),(10137,'Vinu novads','109',1119),(10138,'Baldones novads','013',1119),(10139,'ekavas novads','052',1119),(10140,'Olaines novads','068',1119),(10141,'Salaspils novads','087',1119),(10142,'Saulkrastu novads','089',1119),(10143,'Siguldas novads','091',1119),(10144,'Inukalna novads','037',1119),(10145,'dau novads','011',1119),(10146,'Babtes novads','012',1119),(10147,'Carnikavas novads','020',1119),(10148,'Garkalnes novads','031',1119),(10149,'Krimuldas novads','048',1119),(10150,'Mlpils novads','061',1119),(10151,'Mrupes novads','062',1119),(10152,'Ropau novads','080',1119),(10153,'Sjas novads','090',1119),(10154,'Stopiu novads','095',1119),(10155,'Saldus novads','088',1119),(10156,'Brocnu novads','018',1119),(10157,'Talsu novads','097',1119),(10158,'Dundagas novads','027',1119),(10159,'Mrsraga novads','063',1119),(10160,'Rojas novads','079',1119),(10161,'Tukuma novads','099',1119),(10162,'Kandavas novads','043',1119),(10163,'Engures novads','029',1119),(10164,'Jaunpils novads','040',1119),(10165,'Valkas novads','101',1119),(10166,'Smiltenes novads','094',1119),(10167,'Strenu novads','096',1119),(10168,'Kocnu novads','045',1119),(10169,'Mazsalacas novads','060',1119),(10170,'Rjienas novads','084',1119),(10171,'Bevernas novads','017',1119),(10172,'Burtnieku novads','019',1119),(10173,'Nauknu novads','064',1119),(10174,'Ventspils novads','106',1119),(10175,'Jkabpils','JKB',1119),(10176,'Valmiera','VMR',1119),(10177,'Florida','FL',1229),(10178,'Rio Negro','RN',1229),(10179,'San Jose','SJ',1229),(10180,'Plateau','PL',1157),(10181,'Pieria','61',1085),(10182,'Los Rios','LR',1044),(10183,'Arica y Parinacota','AP',1044),(10184,'Amazonas','AMA',1169),(10185,'Kalimantan Tengah','KT',1102),(10186,'Sulawesi Barat','SR',1102),(10187,'Kalimantan Utara','KU',1102),(10188,'Ankaran','86',1193),(10189,'Apae','87',1193),(10190,'Cirkulane','88',1193),(10191,'Gorje','89',1193),(10192,'Kostanjevica na Krki','90',1193),(10193,'Log-Dragomer','91',1193),(10194,'Makole','92',1193),(10195,'Mirna','93',1193),(10196,'Mokronog-Trebelno','94',1193),(10197,'Odranci','95',1193),(10198,'Oplotnica','96',1193),(10199,'Ormo','97',1193),(10200,'Osilnica','98',1193),(10201,'Pesnica','99',1193),(10202,'Piran','100',1193),(10203,'Pivka','101',1193),(10204,'Podetrtek','102',1193),(10205,'Podlehnik','103',1193),(10206,'Podvelka','104',1193),(10207,'Poljane','105',1193),(10208,'Polzela','106',1193),(10209,'Postojna','107',1193),(10210,'Prebold','108',1193),(10211,'Preddvor','109',1193),(10212,'Prevalje','110',1193),(10213,'Ptuj','111',1193),(10214,'Puconci','112',1193),(10215,'Rae-Fram','113',1193),(10216,'Radee','114',1193),(10217,'Radenci','115',1193),(10218,'Radlje ob Dravi','139',1193),(10219,'Radovljica','145',1193),(10220,'Ravne na Korokem','171',1193),(10221,'Razkrije','172',1193),(10222,'Reica ob Savinji','173',1193),(10223,'Rene-Vogrsko','174',1193),(10224,'Ribnica','175',1193),(10225,'Ribnica na Pohorju','176',1193),(10226,'Rogaka Slatina','177',1193),(10227,'Rogaovci','178',1193),(10228,'Rogatec','179',1193),(10229,'Rue','180',1193),(10230,'Selnica ob Dravi','195',1193),(10231,'Semi','196',1193),(10232,'entrupert','197',1193),(10233,'Sevnica','198',1193),(10234,'Seana','199',1193),(10235,'Slovenj Gradec','200',1193),(10236,'Slovenska Bistrica','201',1193),(10237,'Slovenske Konjice','202',1193),(10238,'marjeke Toplice','203',1193),(10239,'Sodraica','204',1193),(10240,'Solava','205',1193),(10241,'Sredie ob Dravi','206',1193),(10242,'Stare','207',1193),(10243,'Straa','208',1193),(10244,'Sveta Trojica v Slovenskih goricah','209',1193),(10245,'Sveti Jurij v Slovenskih goricah','210',1193),(10246,'Sveti Toma','211',1193),(10247,'Vodice','212',1193),(10248,'Abkhazia','AB',1081),(10249,'Adjara','AJ',1081),(10250,'Tbilisi','TB',1081),(10251,'Guria','GU',1081),(10252,'Imereti','IM',1081),(10253,'Kakheti','KA',1081),(10254,'Kvemo Kartli','KK',1081),(10255,'Mtskheta-Mtianeti','MM',1081),(10256,'Racha-Lechkhumi and Kvemo Svaneti','RL',1081),(10257,'Samegrelo-Zemo Svaneti','SZ',1081),(10258,'Samtskhe-Javakheti','SJ',1081),(10259,'Shida Kartli','SK',1081),(10260,'Central','C',1074),(10261,'Punjab','PB',1163),(10262,'La Libertad','LI',1066),(10263,'La Paz','PA',1066),(10264,'La Union','UN',1066);
/*!40000 ALTER TABLE `civicrm_state_province` ENABLE KEYS */;
UNLOCK TABLES;

--
-- Dumping data for table `civicrm_status_pref`
--

LOCK TABLES `civicrm_status_pref` WRITE;
/*!40000 ALTER TABLE `civicrm_status_pref` DISABLE KEYS */;
/*!40000 ALTER TABLE `civicrm_status_pref` ENABLE KEYS */;
UNLOCK TABLES;

--
-- Dumping data for table `civicrm_subscription_history`
--

LOCK TABLES `civicrm_subscription_history` WRITE;
/*!40000 ALTER TABLE `civicrm_subscription_history` DISABLE KEYS */;
INSERT INTO `civicrm_subscription_history` (`id`, `contact_id`, `group_id`, `date`, `method`, `status`, `tracking`) VALUES (1,191,2,'2015-02-24 10:25:53','Email','Added',NULL),(2,179,2,'2015-01-23 05:41:51','Email','Added',NULL),(3,101,2,'2015-04-25 08:55:19','Admin','Added',NULL),(4,111,2,'2015-03-11 04:07:35','Admin','Added',NULL),(5,200,2,'2015-03-03 12:24:39','Email','Added',NULL),(6,171,2,'2015-02-04 11:07:17','Email','Added',NULL),(7,140,2,'2014-12-15 02:16:33','Admin','Added',NULL),(8,122,2,'2015-04-23 10:56:53','Email','Added',NULL),(9,46,2,'2015-04-13 11:58:11','Email','Added',NULL),(10,30,2,'2015-10-26 06:12:21','Admin','Added',NULL),(11,164,2,'2015-10-10 01:17:00','Email','Added',NULL),(12,41,2,'2015-02-15 12:08:50','Admin','Added',NULL),(13,79,2,'2015-03-03 07:40:25','Email','Added',NULL),(14,127,2,'2015-06-08 08:38:13','Admin','Added',NULL),(15,156,2,'2015-08-06 07:24:08','Admin','Added',NULL),(16,73,2,'2015-01-23 06:42:16','Email','Added',NULL),(17,110,2,'2015-09-10 04:37:04','Admin','Added',NULL),(18,70,2,'2015-11-13 01:12:54','Email','Added',NULL),(19,50,2,'2015-10-08 10:12:32','Admin','Added',NULL),(20,82,2,'2015-09-27 07:18:25','Admin','Added',NULL),(21,77,2,'2015-04-24 03:19:29','Admin','Added',NULL),(22,69,2,'2015-11-10 02:05:09','Email','Added',NULL),(23,183,2,'2014-12-20 10:32:42','Admin','Added',NULL),(24,49,2,'2014-12-09 08:42:23','Admin','Added',NULL),(25,107,2,'2015-07-30 02:06:23','Admin','Added',NULL),(26,83,2,'2015-05-14 11:58:16','Email','Added',NULL),(27,60,2,'2015-04-07 07:23:38','Email','Added',NULL),(28,40,2,'2015-06-21 01:56:11','Admin','Added',NULL),(29,148,2,'2015-05-24 05:28:08','Email','Added',NULL),(30,5,2,'2015-03-10 08:02:06','Admin','Added',NULL),(31,119,2,'2015-07-06 02:41:00','Email','Added',NULL),(32,86,2,'2015-01-12 04:36:45','Admin','Added',NULL),(33,67,2,'2015-05-30 09:26:33','Email','Added',NULL),(34,93,2,'2015-02-06 03:21:37','Admin','Added',NULL),(35,167,2,'2015-04-01 07:52:09','Email','Added',NULL),(36,165,2,'2015-10-31 04:26:14','Admin','Added',NULL),(37,177,2,'2015-06-01 03:31:51','Admin','Added',NULL),(38,22,2,'2015-03-21 11:30:33','Admin','Added',NULL),(39,193,2,'2015-04-10 09:20:30','Email','Added',NULL),(40,97,2,'2015-04-10 06:02:15','Admin','Added',NULL),(41,53,2,'2015-04-18 10:28:35','Admin','Added',NULL),(42,176,2,'2015-07-27 08:31:11','Admin','Added',NULL),(43,56,2,'2015-10-10 10:46:16','Email','Added',NULL),(44,94,2,'2015-01-11 11:50:06','Admin','Added',NULL),(45,159,2,'2014-12-07 03:53:19','Email','Added',NULL),(46,114,2,'2015-04-11 09:38:27','Email','Added',NULL),(47,90,2,'2015-03-25 02:52:17','Email','Added',NULL),(48,142,2,'2015-05-05 03:29:04','Email','Added',NULL),(49,173,2,'2015-11-28 06:00:59','Admin','Added',NULL),(50,195,2,'2015-10-01 04:43:16','Admin','Added',NULL),(51,104,2,'2015-08-27 02:04:08','Email','Added',NULL),(52,184,2,'2015-09-24 07:43:05','Email','Added',NULL),(53,172,2,'2015-08-12 10:25:57','Email','Added',NULL),(54,3,2,'2015-04-20 02:25:47','Admin','Added',NULL),(55,48,2,'2015-05-31 12:01:18','Admin','Added',NULL),(56,11,2,'2015-06-09 04:38:41','Admin','Added',NULL),(57,132,2,'2015-05-23 02:44:21','Email','Added',NULL),(58,10,2,'2015-04-04 10:39:05','Admin','Added',NULL),(59,125,2,'2014-12-16 05:54:01','Email','Added',NULL),(60,120,2,'2015-09-21 06:29:52','Admin','Added',NULL),(61,39,3,'2015-09-24 03:59:33','Email','Added',NULL),(62,198,3,'2015-03-09 06:35:39','Email','Added',NULL),(63,12,3,'2015-05-11 07:58:02','Admin','Added',NULL),(64,36,3,'2015-11-08 07:05:48','Admin','Added',NULL),(65,121,3,'2015-04-22 11:18:10','Admin','Added',NULL),(66,18,3,'2015-06-15 06:55:29','Admin','Added',NULL),(67,190,3,'2015-09-27 09:39:55','Email','Added',NULL),(68,144,3,'2015-05-21 08:48:14','Email','Added',NULL),(69,57,3,'2015-11-05 08:54:17','Admin','Added',NULL),(70,152,3,'2015-03-04 01:03:50','Admin','Added',NULL),(71,168,3,'2015-07-24 12:04:45','Email','Added',NULL),(72,137,3,'2015-11-06 05:35:33','Email','Added',NULL),(73,117,3,'2015-02-27 03:49:31','Email','Added',NULL),(74,115,3,'2015-09-17 02:04:04','Email','Added',NULL),(75,35,3,'2014-12-16 01:00:38','Email','Added',NULL),(76,191,4,'2015-06-21 09:31:34','Email','Added',NULL),(77,122,4,'2015-08-12 12:20:31','Admin','Added',NULL),(78,156,4,'2015-10-29 05:41:54','Email','Added',NULL),(79,69,4,'2015-10-02 05:31:43','Admin','Added',NULL),(80,148,4,'2015-04-21 03:27:02','Email','Added',NULL),(81,165,4,'2014-12-09 03:43:09','Admin','Added',NULL),(82,56,4,'2015-09-17 03:43:59','Admin','Added',NULL),(83,195,4,'2014-12-31 06:26:07','Admin','Added',NULL);
/*!40000 ALTER TABLE `civicrm_subscription_history` ENABLE KEYS */;
UNLOCK TABLES;

--
-- Dumping data for table `civicrm_survey`
--

LOCK TABLES `civicrm_survey` WRITE;
/*!40000 ALTER TABLE `civicrm_survey` DISABLE KEYS */;
/*!40000 ALTER TABLE `civicrm_survey` ENABLE KEYS */;
UNLOCK TABLES;

--
-- Dumping data for table `civicrm_system_log`
--

LOCK TABLES `civicrm_system_log` WRITE;
/*!40000 ALTER TABLE `civicrm_system_log` DISABLE KEYS */;
/*!40000 ALTER TABLE `civicrm_system_log` ENABLE KEYS */;
UNLOCK TABLES;

--
-- Dumping data for table `civicrm_tag`
--

LOCK TABLES `civicrm_tag` WRITE;
/*!40000 ALTER TABLE `civicrm_tag` DISABLE KEYS */;
INSERT INTO `civicrm_tag` (`id`, `name`, `description`, `parent_id`, `is_selectable`, `is_reserved`, `is_tagset`, `used_for`, `created_id`, `created_date`) VALUES (1,'Non-profit','Any not-for-profit organization.',NULL,1,0,0,'civicrm_contact',NULL,NULL),(2,'Company','For-profit organization.',NULL,1,0,0,'civicrm_contact',NULL,NULL),(3,'Government Entity','Any governmental entity.',NULL,1,0,0,'civicrm_contact',NULL,NULL),(4,'Major Donor','High-value supporter of our organization.',NULL,1,0,0,'civicrm_contact',NULL,NULL),(5,'Volunteer','Active volunteers.',NULL,1,0,0,'civicrm_contact',NULL,NULL);
/*!40000 ALTER TABLE `civicrm_tag` ENABLE KEYS */;
UNLOCK TABLES;

--
-- Dumping data for table `civicrm_tell_friend`
--

LOCK TABLES `civicrm_tell_friend` WRITE;
/*!40000 ALTER TABLE `civicrm_tell_friend` DISABLE KEYS */;
INSERT INTO `civicrm_tell_friend` (`id`, `entity_table`, `entity_id`, `title`, `intro`, `suggested_message`, `general_link`, `thankyou_title`, `thankyou_text`, `is_active`) VALUES (1,'civicrm_contribution_page',1,'Tell A Friend','<p>Help us spread the word and leverage the power of your contribution by telling your friends. Use the space below to personalize your email message - let your friends know why you support us. Then fill in the name(s) and email address(es) and click \'Send Your Message\'.</p>','Thought you might be interested in learning about and helping this organization. I think they do important work.',NULL,'Thanks for Spreading the Word','<p><strong>Thanks for telling your friends about us and supporting our efforts. Together we can make a difference.</strong></p>',1),(2,'civicrm_event',1,'Tell A Friend','<p>Help us spread the word about this event. Use the space below to personalize your email message - let your friends know why you\'re attending. Then fill in the name(s) and email address(es) and click \'Send Your Message\'.</p>','Thought you might be interested in checking out this event. I\'m planning on attending.',NULL,'Thanks for Spreading the Word','<p>Thanks for spreading the word about this event to your friends.</p>',1),(3,'civicrm_event',6,'Tell A Friend','<p>Help us spread the word about this event. Use the space below to personalize your email message - let your friends know why you\'re attending. Then fill in the name(s) and email address(es) and click \'Send Your Message\'.</p>','Thought you might be interested in checking out this event. I\'m planning on attending.',NULL,'Thanks for Spreading the Word','<p>Thanks for spreading the word about this event to your friends.</p>',1),(4,'civicrm_event',1,'Tell A Friend','<p>Help us spread the word about this event. Use the space below to personalize your email message - let your friends know why you\'re attending. Then fill in the name(s) and email address(es) and click \'Send Your Message\'.</p>','Thought you might be interested in checking out this event. I\'m planning on attending.',NULL,'Thanks for Spreading the Word','<p>Thanks for spreading the word about this event to your friends.</p>',1),(5,'civicrm_event',3,'Tell A Friend','<p>Help us spread the word about this event. Use the space below to personalize your email message - let your friends know why you\'re attending. Then fill in the name(s) and email address(es) and click \'Send Your Message\'.</p>','Thought you might be interested in checking out this event. I\'m planning on attending.',NULL,'Thanks for Spreading the Word','<p>Thanks for spreading the word about this event to your friends.</p>',1),(6,'civicrm_event',4,'Tell A Friend','<p>Help us spread the word about this event. Use the space below to personalize your email message - let your friends know why you\'re attending. Then fill in the name(s) and email address(es) and click \'Send Your Message\'.</p>','Thought you might be interested in checking out this event. I\'m planning on attending.',NULL,'Thanks for Spreading the Word','<p>Thanks for spreading the word about this event to your friends.</p>',1),(7,'civicrm_event',5,'Tell A Friend','<p>Help us spread the word about this event. Use the space below to personalize your email message - let your friends know why you\'re attending. Then fill in the name(s) and email address(es) and click \'Send Your Message\'.</p>','Thought you might be interested in checking out this event. I\'m planning on attending.',NULL,'Thanks for Spreading the Word','<p>Thanks for spreading the word about this event to your friends.</p>',1),(8,'civicrm_event',2,'Tell A Friend','<p>Help us spread the word about this event. Use the space below to personalize your email message - let your friends know why you\'re attending. Then fill in the name(s) and email address(es) and click \'Send Your Message\'.</p>','Thought you might be interested in checking out this event. I\'m planning on attending.',NULL,'Thanks for Spreading the Word','<p>Thanks for spreading the word about this event to your friends.</p>',1);
/*!40000 ALTER TABLE `civicrm_tell_friend` ENABLE KEYS */;
UNLOCK TABLES;

--
-- Dumping data for table `civicrm_timezone`
--

LOCK TABLES `civicrm_timezone` WRITE;
/*!40000 ALTER TABLE `civicrm_timezone` DISABLE KEYS */;
/*!40000 ALTER TABLE `civicrm_timezone` ENABLE KEYS */;
UNLOCK TABLES;

--
-- Dumping data for table `civicrm_uf_field`
--

LOCK TABLES `civicrm_uf_field` WRITE;
/*!40000 ALTER TABLE `civicrm_uf_field` DISABLE KEYS */;
INSERT INTO `civicrm_uf_field` (`id`, `uf_group_id`, `field_name`, `is_active`, `is_view`, `is_required`, `weight`, `help_post`, `help_pre`, `visibility`, `in_selector`, `is_searchable`, `location_type_id`, `phone_type_id`, `website_type_id`, `label`, `field_type`, `is_reserved`, `is_multi_summary`) VALUES (1,1,'first_name',1,0,1,1,NULL,NULL,'User and User Admin Only',0,0,NULL,NULL,NULL,'First Name','Individual',0,0),(2,1,'last_name',1,0,1,2,NULL,NULL,'User and User Admin Only',0,0,NULL,NULL,NULL,'Last Name','Individual',0,0),(3,1,'street_address',1,0,0,3,NULL,NULL,'User and User Admin Only',0,0,1,NULL,NULL,'Street Address (Home)','Contact',0,0),(4,1,'city',1,0,0,4,NULL,NULL,'User and User Admin Only',0,0,1,NULL,NULL,'City (Home)','Contact',0,0),(5,1,'postal_code',1,0,0,5,NULL,NULL,'User and User Admin Only',0,0,1,NULL,NULL,'Postal Code (Home)','Contact',0,0),(6,1,'country',1,0,0,6,NULL,NULL,'User and User Admin Only',0,0,1,NULL,NULL,'Country (Home)','Contact',0,0),(7,1,'state_province',1,0,0,7,NULL,NULL,'User and User Admin Only',0,0,1,NULL,NULL,'State (Home)','Contact',0,0),(8,2,'first_name',1,0,1,1,NULL,NULL,'User and User Admin Only',0,0,NULL,NULL,NULL,'First Name','Individual',0,0),(9,2,'last_name',1,0,1,2,NULL,NULL,'User and User Admin Only',0,0,NULL,NULL,NULL,'Last Name','Individual',0,0),(10,2,'email',1,0,1,3,NULL,NULL,'User and User Admin Only',0,0,NULL,NULL,NULL,'Email Address','Contact',0,0),(11,3,'participant_status',1,0,1,1,NULL,NULL,'User and User Admin Only',0,0,NULL,NULL,NULL,'Participant Status','Participant',1,0),(12,4,'first_name',1,0,1,1,NULL,NULL,'User and User Admin Only',0,0,NULL,NULL,NULL,'First Name','Individual',0,0),(13,4,'last_name',1,0,1,2,NULL,NULL,'User and User Admin Only',0,0,NULL,NULL,NULL,'Last Name','Individual',0,0),(14,4,'email',1,0,0,3,NULL,NULL,'User and User Admin Only',0,0,NULL,NULL,NULL,'Email Address','Contact',0,0),(15,5,'organization_name',1,0,1,2,NULL,NULL,'User and User Admin Only',0,0,NULL,NULL,NULL,'Organization Name','Organization',0,0),(16,5,'email',1,0,0,3,NULL,NULL,'User and User Admin Only',0,0,NULL,NULL,NULL,'Email Address','Contact',0,0),(17,6,'household_name',1,0,1,2,NULL,NULL,'User and User Admin Only',0,0,NULL,NULL,NULL,'Household Name','Household',0,0),(18,6,'email',1,0,0,3,NULL,NULL,'User and User Admin Only',0,0,NULL,NULL,NULL,'Email Address','Contact',0,0),(19,7,'phone',1,0,1,1,NULL,NULL,'User and User Admin Only',0,0,1,1,NULL,'Home Phone','Contact',0,0),(20,7,'phone',1,0,1,2,NULL,NULL,'User and User Admin Only',0,0,1,2,NULL,'Home Mobile','Contact',0,0),(21,7,'street_address',1,0,1,3,NULL,NULL,'User and User Admin Only',0,0,NULL,NULL,NULL,'Primary Address','Contact',0,0),(22,7,'city',1,0,1,4,NULL,NULL,'User and User Admin Only',0,0,NULL,NULL,NULL,'City','Contact',0,0),(23,7,'state_province',1,0,1,5,NULL,NULL,'User and User Admin Only',0,0,NULL,NULL,NULL,'State','Contact',0,0),(24,7,'postal_code',1,0,1,6,NULL,NULL,'User and User Admin Only',0,0,NULL,NULL,NULL,'Postal Code','Contact',0,0),(25,7,'email',1,0,1,7,NULL,NULL,'User and User Admin Only',0,0,NULL,NULL,NULL,'Primary Email','Contact',0,0),(26,7,'group',1,0,1,8,NULL,NULL,'User and User Admin Only',0,0,NULL,NULL,NULL,'Groups','Contact',0,0),(27,7,'tag',1,0,1,9,NULL,NULL,'User and User Admin Only',0,0,NULL,NULL,NULL,'Tags','Contact',0,0),(28,7,'gender_id',1,0,1,10,NULL,NULL,'User and User Admin Only',0,0,NULL,NULL,NULL,'Gender','Individual',0,0),(29,7,'birth_date',1,0,1,11,NULL,NULL,'User and User Admin Only',0,0,NULL,NULL,NULL,'Date of Birth','Individual',0,0),(30,8,'street_address',1,0,1,1,NULL,NULL,'User and User Admin Only',0,0,1,NULL,NULL,'Street Address (Home)','Contact',1,0),(31,8,'city',1,0,1,2,NULL,NULL,'User and User Admin Only',0,0,1,NULL,NULL,'City (Home)','Contact',1,0),(32,8,'postal_code',1,0,0,3,NULL,NULL,'User and User Admin Only',0,0,1,NULL,NULL,'Postal Code (Home)','Contact',0,0),(33,8,'country',1,0,0,4,NULL,NULL,'User and User Admin Only',0,0,1,NULL,NULL,'Country (Home)','Contact',0,0),(34,8,'state_province',1,0,0,5,NULL,NULL,'User and User Admin Only',0,0,1,NULL,NULL,'State (Home)','Contact',0,0),(35,9,'organization_name',1,0,1,1,NULL,NULL,'User and User Admin Only',0,0,NULL,NULL,NULL,'Organization Name','Organization',0,0),(36,9,'phone',1,0,1,2,NULL,NULL,'User and User Admin Only',0,0,3,1,NULL,'Phone (Main) ','Contact',0,0),(37,9,'email',1,0,1,3,NULL,NULL,'User and User Admin Only',0,0,3,NULL,NULL,'Email (Main) ','Contact',0,0),(38,9,'street_address',1,0,1,4,NULL,NULL,'User and User Admin Only',0,0,3,NULL,NULL,'Street Address','Contact',0,0),(39,9,'city',1,0,1,5,NULL,NULL,'User and User Admin Only',0,0,3,NULL,NULL,'City','Contact',0,0),(40,9,'postal_code',1,0,1,6,NULL,NULL,'User and User Admin Only',0,0,3,NULL,NULL,'Postal Code','Contact',0,0),(41,9,'country',1,0,1,7,NULL,NULL,'User and User Admin Only',0,0,3,NULL,NULL,'Country','Contact',0,0),(42,9,'state_province',1,0,1,8,NULL,NULL,'User and User Admin Only',0,0,3,NULL,NULL,'State/Province','Contact',0,0),(43,10,'financial_type',1,0,0,1,NULL,NULL,'User and User Admin Only',0,0,NULL,NULL,NULL,'Financial Type','Contribution',1,0),(44,10,'total_amount',1,0,0,2,NULL,NULL,'User and User Admin Only',0,0,NULL,NULL,NULL,'Amount','Contribution',1,0),(45,10,'contribution_status_id',1,0,1,3,NULL,NULL,'User and User Admin Only',0,0,NULL,NULL,NULL,'Status','Contribution',1,0),(46,10,'receive_date',1,0,1,4,NULL,NULL,'User and User Admin Only',0,0,NULL,NULL,NULL,'Received','Contribution',1,0),(47,10,'contribution_source',1,0,0,5,NULL,NULL,'User and User Admin Only',0,0,NULL,NULL,NULL,'Source','Contribution',0,0),(48,10,'payment_instrument',1,0,0,6,NULL,NULL,'User and User Admin Only',0,0,NULL,NULL,NULL,'Payment Method','Contribution',0,0),(49,10,'check_number',1,0,0,7,NULL,NULL,'User and User Admin Only',0,0,NULL,NULL,NULL,'Check Number','Contribution',0,0),(50,10,'send_receipt',1,0,0,8,NULL,NULL,'User and User Admin Only',0,0,NULL,NULL,NULL,'Send Receipt','Contribution',0,0),(51,10,'invoice_id',1,0,0,9,NULL,NULL,'User and User Admin Only',0,0,NULL,NULL,NULL,'Invoice ID','Contribution',0,0),(52,10,'soft_credit',1,0,0,10,NULL,NULL,'User and User Admin Only',0,0,NULL,NULL,NULL,'Soft Credit','Contribution',0,0),(53,10,'soft_credit_type',1,0,0,11,NULL,NULL,'User and User Admin Only',0,0,NULL,NULL,NULL,'Soft Credit Type','Contribution',0,0),(54,11,'membership_type',1,0,1,1,NULL,NULL,'User and User Admin Only',0,0,NULL,NULL,NULL,'Membership Type','Membership',1,0),(55,11,'join_date',1,0,1,2,NULL,NULL,'User and User Admin Only',0,0,NULL,NULL,NULL,'Member Since','Membership',1,0),(56,11,'membership_start_date',1,0,0,3,NULL,NULL,'User and User Admin Only',0,0,NULL,NULL,NULL,'Start Date','Membership',1,0),(57,11,'membership_end_date',1,0,0,4,NULL,NULL,'User and User Admin Only',0,0,NULL,NULL,NULL,'End Date','Membership',1,0),(58,11,'membership_source',1,0,0,5,NULL,NULL,'User and User Admin Only',0,0,NULL,NULL,NULL,'Source','Membership',0,0),(59,11,'send_receipt',1,0,0,6,NULL,NULL,'User and User Admin Only',0,0,NULL,NULL,NULL,'Send Receipt','Membership',0,0),(60,11,'financial_type',1,0,0,7,NULL,NULL,'User and User Admin Only',0,0,NULL,NULL,NULL,'Financial Type','Membership',1,0),(61,11,'total_amount',1,0,0,8,NULL,NULL,'User and User Admin Only',0,0,NULL,NULL,NULL,'Amount','Membership',1,0),(62,11,'receive_date',1,0,1,9,NULL,NULL,'User and User Admin Only',0,0,NULL,NULL,NULL,'Received','Membership',1,0),(63,11,'payment_instrument',1,0,0,10,NULL,NULL,'User and User Admin Only',0,0,NULL,NULL,NULL,'Payment Method','Membership',0,0),(64,11,'check_number',1,0,0,11,NULL,NULL,'User and User Admin Only',0,0,NULL,NULL,NULL,'Check Number','Membership',0,0),(65,11,'contribution_status_id',1,0,1,12,NULL,NULL,'User and User Admin Only',0,0,NULL,NULL,NULL,'Payment Status','Membership',1,0),(66,11,'soft_credit',1,0,0,13,NULL,NULL,'User and User Admin Only',0,0,NULL,NULL,NULL,'Soft Credit','Membership',0,0),(67,11,'soft_credit_type',1,0,0,14,NULL,NULL,'User and User Admin Only',0,0,NULL,NULL,NULL,'Soft Credit Type','Membership',0,0),(68,12,'first_name',1,0,1,1,NULL,NULL,'User and User Admin Only',0,0,NULL,NULL,NULL,'First Name','Individual',0,0),(69,12,'last_name',1,0,1,2,NULL,NULL,'User and User Admin Only',0,0,NULL,NULL,NULL,'Last Name','Individual',0,0),(70,12,'email',1,0,1,3,NULL,NULL,'User and User Admin Only',0,0,NULL,NULL,NULL,'Email Address','Contact',0,0),(71,13,'prefix_id',1,0,0,1,NULL,NULL,'User and User Admin Only',0,0,NULL,NULL,NULL,'Individual Prefix','Individual',1,0),(72,13,'first_name',1,0,1,2,NULL,NULL,'User and User Admin Only',0,0,NULL,NULL,NULL,'First Name','Individual',1,0),(73,13,'last_name',1,0,1,3,NULL,NULL,'User and User Admin Only',0,0,NULL,NULL,NULL,'Last Name','Individual',1,0),(74,13,'email',1,0,0,4,NULL,NULL,'User and User Admin Only',0,0,1,NULL,NULL,'Email Address','Contact',1,0);
/*!40000 ALTER TABLE `civicrm_uf_field` ENABLE KEYS */;
UNLOCK TABLES;

--
-- Dumping data for table `civicrm_uf_group`
--

LOCK TABLES `civicrm_uf_group` WRITE;
/*!40000 ALTER TABLE `civicrm_uf_group` DISABLE KEYS */;
INSERT INTO `civicrm_uf_group` (`id`, `is_active`, `group_type`, `title`, `description`, `help_pre`, `help_post`, `limit_listings_group_id`, `post_URL`, `add_to_group_id`, `add_captcha`, `is_map`, `is_edit_link`, `is_uf_link`, `is_update_dupe`, `cancel_URL`, `is_cms_user`, `notify`, `is_reserved`, `name`, `created_id`, `created_date`, `is_proximity_search`) VALUES (1,1,'Individual,Contact','Name and Address',NULL,NULL,NULL,NULL,NULL,NULL,0,0,0,0,0,NULL,0,NULL,0,'name_and_address',NULL,NULL,0),(2,1,'Individual,Contact','Supporter Profile',NULL,NULL,'<p><strong>The information you provide will NOT be shared with any third party organisations.</strong></p><p>Thank you for getting involved in our campaign!</p>',NULL,NULL,NULL,0,0,0,0,0,NULL,2,NULL,0,'supporter_profile',NULL,NULL,0),(3,1,'Participant','Participant Status',NULL,NULL,NULL,NULL,NULL,NULL,0,0,0,0,0,NULL,0,NULL,1,'participant_status',NULL,NULL,0),(4,1,'Individual,Contact','New Individual',NULL,NULL,NULL,NULL,NULL,NULL,0,0,0,0,0,NULL,0,NULL,1,'new_individual',NULL,NULL,0),(5,1,'Organization,Contact','New Organization',NULL,NULL,NULL,NULL,NULL,NULL,0,0,0,0,0,NULL,0,NULL,1,'new_organization',NULL,NULL,0),(6,1,'Household,Contact','New Household',NULL,NULL,NULL,NULL,NULL,NULL,0,0,0,0,0,NULL,0,NULL,1,'new_household',NULL,NULL,0),(7,1,'Contact','Summary Overlay',NULL,NULL,NULL,NULL,NULL,NULL,0,0,0,0,0,NULL,0,NULL,1,'summary_overlay',NULL,NULL,0),(8,1,'Contact','Shared Address',NULL,NULL,NULL,NULL,NULL,NULL,0,0,0,0,0,NULL,0,NULL,1,'shared_address',NULL,NULL,0),(9,1,'Contact,Organization','On Behalf Of Organization',NULL,NULL,NULL,NULL,NULL,NULL,0,0,0,0,0,NULL,0,NULL,1,'on_behalf_organization',NULL,NULL,0),(10,1,'Contribution','Contribution Bulk Entry',NULL,NULL,NULL,NULL,NULL,NULL,0,0,0,0,0,NULL,0,NULL,1,'contribution_batch_entry',NULL,NULL,0),(11,1,'Membership','Membership Bulk Entry',NULL,NULL,NULL,NULL,NULL,NULL,0,0,0,0,0,NULL,0,NULL,1,'membership_batch_entry',NULL,NULL,0),(12,1,'Individual,Contact','Your Registration Info',NULL,NULL,NULL,NULL,NULL,NULL,0,0,0,0,0,NULL,0,NULL,0,'event_registration',NULL,NULL,0),(13,1,'Individual,Contact','Honoree Individual',NULL,NULL,NULL,NULL,NULL,NULL,0,0,0,0,0,NULL,0,NULL,1,'honoree_individual',NULL,NULL,0);
/*!40000 ALTER TABLE `civicrm_uf_group` ENABLE KEYS */;
UNLOCK TABLES;

--
-- Dumping data for table `civicrm_uf_join`
--

LOCK TABLES `civicrm_uf_join` WRITE;
/*!40000 ALTER TABLE `civicrm_uf_join` DISABLE KEYS */;
INSERT INTO `civicrm_uf_join` (`id`, `is_active`, `module`, `entity_table`, `entity_id`, `weight`, `uf_group_id`, `module_data`) VALUES (1,1,'User Registration',NULL,NULL,1,1,NULL),(2,1,'User Account',NULL,NULL,1,1,NULL),(3,1,'Profile',NULL,NULL,1,1,NULL),(4,1,'Profile',NULL,NULL,2,2,NULL),(5,1,'Profile',NULL,NULL,11,12,NULL),(6,1,'CiviEvent','civicrm_event',6,1,12,NULL),(7,1,'CiviEvent','civicrm_event',1,1,12,NULL),(8,1,'CiviEvent','civicrm_event',3,1,12,NULL),(9,1,'CiviEvent','civicrm_event',4,1,12,NULL),(10,1,'CiviEvent','civicrm_event',5,1,12,NULL),(11,1,'CiviEvent','civicrm_event',2,1,12,NULL);
/*!40000 ALTER TABLE `civicrm_uf_join` ENABLE KEYS */;
UNLOCK TABLES;

--
-- Dumping data for table `civicrm_uf_match`
--

LOCK TABLES `civicrm_uf_match` WRITE;
/*!40000 ALTER TABLE `civicrm_uf_match` DISABLE KEYS */;
/*!40000 ALTER TABLE `civicrm_uf_match` ENABLE KEYS */;
UNLOCK TABLES;

--
-- Dumping data for table `civicrm_website`
--

LOCK TABLES `civicrm_website` WRITE;
/*!40000 ALTER TABLE `civicrm_website` DISABLE KEYS */;
INSERT INTO `civicrm_website` (`id`, `contact_id`, `url`, `website_type_id`) VALUES (1,7,'http://ruralassociation.org',1),(2,27,'http://mainpartnership.org',1),(3,31,'http://maindevelopment.org',1),(4,96,'http://indianawellnessalliance.org',1),(5,17,'http://collegehealth.org',1),(6,124,'http://baytechnologycenter.org',1),(7,42,'http://maplepeace.org',1),(8,28,'http://lclegalalliance.org',1),(9,64,'http://localliteracy.org',1),(10,88,'http://baltimoremusic.org',1),(11,81,'http://greenalliance.org',1),(12,76,'http://moosepartnership.org',1),(13,91,'http://oshtemoservices.org',1),(14,37,'http://liverpoolsportstrust.org',1),(15,133,'http://leesvilleassociation.org',1),(16,105,'http://ruralpoetry.org',1),(17,92,'http://dcartsalliance.org',1);
/*!40000 ALTER TABLE `civicrm_website` ENABLE KEYS */;
UNLOCK TABLES;

--
-- Dumping data for table `civicrm_word_replacement`
--

LOCK TABLES `civicrm_word_replacement` WRITE;
/*!40000 ALTER TABLE `civicrm_word_replacement` DISABLE KEYS */;
/*!40000 ALTER TABLE `civicrm_word_replacement` ENABLE KEYS */;
UNLOCK TABLES;

--
-- Dumping data for table `civicrm_worldregion`
--

LOCK TABLES `civicrm_worldregion` WRITE;
/*!40000 ALTER TABLE `civicrm_worldregion` DISABLE KEYS */;
INSERT INTO `civicrm_worldregion` (`id`, `name`) VALUES (1,'Europe and Central Asia'),(2,'America South, Central, North and Caribbean'),(3,'Middle East and North Africa'),(4,'Asia-Pacific'),(5,'Africa West, East, Central and Southern'),(99,'unassigned');
/*!40000 ALTER TABLE `civicrm_worldregion` ENABLE KEYS */;
UNLOCK TABLES;
/*!40103 SET TIME_ZONE=@OLD_TIME_ZONE */;

/*!40101 SET SQL_MODE=@OLD_SQL_MODE */;
/*!40014 SET FOREIGN_KEY_CHECKS=@OLD_FOREIGN_KEY_CHECKS */;
/*!40014 SET UNIQUE_CHECKS=@OLD_UNIQUE_CHECKS */;
/*!40101 SET CHARACTER_SET_CLIENT=@OLD_CHARACTER_SET_CLIENT */;
/*!40101 SET CHARACTER_SET_RESULTS=@OLD_CHARACTER_SET_RESULTS */;
/*!40101 SET COLLATION_CONNECTION=@OLD_COLLATION_CONNECTION */;
/*!40111 SET SQL_NOTES=@OLD_SQL_NOTES */;

-- Dump completed on 2015-12-03 14:49:44
-- +--------------------------------------------------------------------+
-- | CiviCRM version 4.7                                                |
-- +--------------------------------------------------------------------+
-- | Copyright CiviCRM LLC (c) 2004-2015                                |
-- +--------------------------------------------------------------------+
-- | This file is a part of CiviCRM.                                    |
-- |                                                                    |
-- | CiviCRM is free software; you can copy, modify, and distribute it  |
-- | under the terms of the GNU Affero General Public License           |
-- | Version 3, 19 November 2007 and the CiviCRM Licensing Exception.   |
-- |                                                                    |
-- | CiviCRM is distributed in the hope that it will be useful, but     |
-- | WITHOUT ANY WARRANTY; without even the implied warranty of         |
-- | MERCHANTABILITY or FITNESS FOR A PARTICULAR PURPOSE.               |
-- | See the GNU Affero General Public License for more details.        |
-- |                                                                    |
-- | You should have received a copy of the GNU Affero General Public   |
-- | License and the CiviCRM Licensing Exception along                  |
-- | with this program; if not, contact CiviCRM LLC                     |
-- | at info[AT]civicrm[DOT]org. If you have questions about the        |
-- | GNU Affero General Public License or the licensing of CiviCRM,     |
-- | see the CiviCRM license FAQ at http://civicrm.org/licensing        |
-- +--------------------------------------------------------------------+


-- /*******************************************************
-- *
-- * Sample Custom Data
-- *
-- *******************************************************/

-- /*******************************************************
-- *
-- * create custom group
-- *
-- *******************************************************/
INSERT INTO `civicrm_custom_group` (`name`, `title`, `extends`, `style`, `collapse_display`, `help_pre`, `weight`, `is_active`, `table_name`, `is_multiple`) VALUES ( 'constituent_information', 'Constituent Information', 'Individual', 'Inline', 1, 'Please enter additional constituent information as data becomes available for this contact.', 1, 1,'civicrm_value_constituent_information_1', 0);



-- /*******************************************************
-- *
-- * create option group for storing custom options for custom fields
-- *
-- *******************************************************/
INSERT INTO  `civicrm_option_group` (`name`, `title`, `is_reserved`, `is_active`) VALUES ('custom_most_important_issue', 'Most Important Issue', 1, 1), ( 'custom_marital_status', 'Marital Status', 1, 1);

SELECT @option_most_id    := max(id) from civicrm_option_group where name = 'custom_most_important_issue';
SELECT @option_marital_id := max(id) from civicrm_option_group where name = 'custom_marital_status';



-- /*******************************************************
-- *
-- * create option values (custom options for custom fields)
-- *
-- *******************************************************/
INSERT INTO `civicrm_option_value` (`option_group_id`, `label`, `value`, `weight`, `is_active`, `is_default`) VALUES (@option_most_id   , 'Education', 'Edu', 1, 1,0), (@option_most_id   , 'Environment', 'Env', 2, 1,0), (@option_most_id   , 'Social Justice', 'SocJus', 3, 1,0),(@option_marital_id, 'Single', 'S', 1, 1,0),(@option_marital_id, 'Married', 'M', 2, 1,0), (@option_marital_id, 'Domestic Partner', 'D', 3, 1,0), (@option_marital_id, 'Widowed', 'W', 4, 1,0), (@option_marital_id, 'Other', 'O', 5, 1,0);


-- /*******************************************************
-- *
-- * create custom field
-- *
-- *******************************************************/
INSERT INTO `civicrm_custom_field` (`custom_group_id`, `name`, `label`, `data_type`, `html_type`, `text_length`, `is_required`, `weight`, `help_post`, `is_active`, `is_view`, `is_searchable`, `options_per_line`, `column_name`, `option_group_id`, `start_date_years`, `end_date_years`, `date_format`, `time_format` ) VALUES (1, 'Most_Important_Issue', 'Most Important Issue', 'String', 'Radio', 255, 0, 1, '', 1, 0, 1, NULL, 'most_important_issue_1', @option_most_id, NULL, NULL, NULL, NULL), (1, 'Marital_Status', 'Marital Status', 'String', 'Select', 255, 0, 2, '', 1, 0, 1, NULL, 'marital_status_2', @option_marital_id, NULL, NULL, NULL, NULL), (1, 'Marriage_Date', 'Marriage Date', 'Date', 'Select Date', NULL, 0, 3, '', 1, 0, 1, NULL, 'marriage_date_3', NULL, 30, 0, 'mm/dd/yy', 0);


-- /*******************************************************
-- *
-- * create table to store custom values of a custom group
-- *
-- *******************************************************/
DROP TABLE IF EXISTS `civicrm_value_constituent_information_1`;
CREATE TABLE `civicrm_value_constituent_information_1` (`id` int(10) unsigned NOT NULL auto_increment, `entity_id` int(10) unsigned NOT NULL,  `most_important_issue_1` varchar(255) default NULL,  `marital_status_2` varchar(255) default NULL, `marriage_date_3` datetime default NULL, PRIMARY KEY  (`id`), UNIQUE KEY `unique_entity_id` (`entity_id`), INDEX `INDEX_most_important_issue_1` (`most_important_issue_1`), INDEX `INDEX_marital_status_2` (`marital_status_2`), INDEX `INDEX_marriage_date_3` (`marriage_date_3`), CONSTRAINT `FK_civicrm_value_constituent_information_1_entity_id` FOREIGN KEY (`entity_id`) REFERENCES `civicrm_contact` (`id`) ON DELETE CASCADE) ENGINE=InnoDB DEFAULT CHARSET=utf8 COLLATE=utf8_unicode_ci;



-- Fall Fundraiser Dinner participants custom data

INSERT INTO civicrm_option_group  ( name, title, is_active, is_reserved ) VALUES  ('soup_selection', 'Soup Selection', 1, 1);
SELECT @ogid := MAX(id) FROM civicrm_option_group;

INSERT INTO civicrm_custom_group ( name, title,  extends, extends_entity_column_id, extends_entity_column_value, style, is_active, table_name) VALUES ('Food_Preference', 'Food Preference', 'Participant', 2, '1', 'Inline', 1, 'civicrm_value_food_preference_2');
SELECT @cgid := MAX(id) FROM civicrm_custom_group;

INSERT INTO civicrm_custom_field ( custom_group_id, label, name, data_type, html_type, is_active, text_length, note_columns, note_rows, column_name, option_group_id, is_searchable ) VALUES  ( @cgid, 'Soup Selection', 'Soup_Selection', 'String',  'Radio',   1,  255, 60, 4, 'soup_selection_4', @ogid, 1);

INSERT INTO civicrm_option_value ( option_group_id, label, value, name, weight ) VALUES  ( @ogid, 'Bean Broth', 'bean', 'Bean_Broth', 1 ), ( @ogid, 'Chicken Combo', 'chicken', 'Chicken_Combo', 2), ( @ogid, 'Salmon Stew',  'salmon', 'Salmon_Stew',   3);

DROP TABLE IF EXISTS `civicrm_value_food_preference_2`;
CREATE TABLE civicrm_value_food_preference_2 ( id INT(10) UNSIGNED NOT NULL AUTO_INCREMENT COMMENT 'Default MySQL primary key', entity_id INT(10) UNSIGNED NOT NULL COMMENT 'Table that this extends', soup_selection_4 VARCHAR(255) DEFAULT NULL, PRIMARY KEY (id), UNIQUE KEY unique_entity_id (entity_id), CONSTRAINT `FK_civicrm_value_food_preference_2_entity_id` FOREIGN KEY (`entity_id`) REFERENCES `civicrm_participant` (`id`) ON DELETE CASCADE ) ENGINE=InnoDB DEFAULT CHARSET=utf8 COLLATE=utf8_unicode_ci;

-- Donors custom data

INSERT INTO `civicrm_custom_group` (`name`, `title`, `extends`, `extends_entity_column_id`, `extends_entity_column_value`, `style`, `is_active`, `table_name`) VALUES ('Donor_Information', 'Donor Information', 'Contribution', NULL, NULL, 'Inline', 1, 'civicrm_value_donor_information_3');

SELECT @cgid_contribution := MAX(id) FROM civicrm_custom_group;

INSERT INTO civicrm_option_group  ( name, title, is_active ) VALUES ('how_long_have_you_been_a_donor', 'How long have you been a donor?', 1);

SELECT @ogid_contribution := MAX(id) FROM civicrm_option_group;

INSERT INTO `civicrm_custom_field` (`custom_group_id`, `label`, `name`, `data_type`, `html_type`, `is_active`,  `text_length`,`note_columns`, `note_rows`, `column_name`, `option_group_id`) VALUES (@cgid_contribution, 'Known areas of interest', 'Known_areas_of_interest', 'Memo', 'TextArea', 1, 255, 60, 4, 'known_areas_of_interest_5', NULL),(@cgid_contribution, 'How long have you been a donor?', 'How_long_have_you_been_a_donor_', 'String', 'Radio', 1, 255, 60, 4, 'how_long_have_you_been_a_donor_6', @ogid_contribution);

INSERT INTO `civicrm_option_value` (`option_group_id`, `label`, `value`, `name`, `weight`) VALUES (@ogid_contribution, 'Less than 1 year', '1', 'Less_than_1_year', 1), (@ogid_contribution, '1-3 years', '2', '1_3_years', 2),(@ogid_contribution, '4-6 years', '3', '4_6_years', 3),(@ogid_contribution, '7-9 years', '4', '7_9_years', 4),(@ogid_contribution, 'More than 9 years', '5', 'More_than_9_years', 5);

DROP TABLE IF EXISTS `civicrm_value_donor_information_3`;
CREATE TABLE IF NOT EXISTS `civicrm_value_donor_information_3` ( `id` int(10) unsigned NOT NULL AUTO_INCREMENT COMMENT 'Default MySQL primary key',  `entity_id` int(10) unsigned NOT NULL COMMENT 'Table that this extends', `known_areas_of_interest_5` text COLLATE utf8_unicode_ci, `how_long_have_you_been_a_donor_6` varchar(255) COLLATE utf8_unicode_ci DEFAULT NULL, PRIMARY KEY (`id`), UNIQUE KEY `unique_entity_id` (`entity_id`) ) ENGINE=InnoDB DEFAULT CHARSET=utf8 COLLATE=utf8_unicode_ci;
INSERT INTO `civicrm_payment_processor` (`domain_id`, `name`, `description`, `payment_processor_type_id`, `is_active`, `is_default`, `is_test`, `user_name`, `password`, `signature`, `url_site`, `url_api`, `url_recur`, `url_button`, `subject`, `class_name`, `billing_mode`, `is_recur`, `payment_type`) VALUES (1, 'Test Processor', '', 9, 1, 1, 0, 'dummy', NULL, NULL, 'http://dummy.com', NULL, 'http://dummyrecur.com', NULL, NULL, 'Payment_Dummy', 1, 1, 1);
INSERT INTO `civicrm_payment_processor` (`domain_id`, `name`, `description`, `payment_processor_type_id`, `is_active`, `is_default`, `is_test`, `user_name`, `password`, `signature`, `url_site`, `url_api`, `url_recur`, `url_button`, `subject`, `class_name`, `billing_mode`, `is_recur`, `payment_type`) VALUES (1, 'Test Processor', '', 9, 1, 1, 1, NULL, NULL, NULL, NULL, NULL, NULL, NULL, NULL, 'Payment_Dummy', 1, 1, 1);

SELECT @dp            := max(id) from civicrm_payment_processor where name = 'Test Processor' AND is_test = 0;
SELECT @dpTest        := max(id) from civicrm_payment_processor where name = 'Test Processor' AND is_test = 1;

INSERT INTO `civicrm_entity_financial_account` (`entity_table`, `entity_id`, `account_relationship`, `financial_account_id`) VALUES ('civicrm_payment_processor', @dp, 6, 12);
INSERT INTO `civicrm_entity_financial_account` (`entity_table`, `entity_id`, `account_relationship`, `financial_account_id`) VALUES ('civicrm_payment_processor', @dpTest, 6, 12);

UPDATE  `civicrm_contribution_page` SET payment_processor = @dp;

UPDATE  `civicrm_event` SET payment_processor = @dp;
