-- MariaDB dump 10.19  Distrib 10.5.15-MariaDB, for debian-linux-gnu (x86_64)
--
-- Host: database    Database: dmastercivicrm
-- ------------------------------------------------------
-- Server version	10.4.32-MariaDB-1:10.4.32+maria~ubu2004

/*!40101 SET @OLD_CHARACTER_SET_CLIENT=@@CHARACTER_SET_CLIENT */;
/*!40101 SET @OLD_CHARACTER_SET_RESULTS=@@CHARACTER_SET_RESULTS */;
/*!40101 SET @OLD_COLLATION_CONNECTION=@@COLLATION_CONNECTION */;
/*!40101 SET NAMES utf8mb4 */;
/*!40103 SET @OLD_TIME_ZONE=@@TIME_ZONE */;
/*!40103 SET TIME_ZONE='+00:00' */;
/*!40014 SET @OLD_FOREIGN_KEY_CHECKS=@@FOREIGN_KEY_CHECKS, FOREIGN_KEY_CHECKS=0 */;
/*!40101 SET @OLD_SQL_MODE=@@SQL_MODE, SQL_MODE='NO_AUTO_VALUE_ON_ZERO' */;
/*!40111 SET @OLD_SQL_NOTES=@@SQL_NOTES, SQL_NOTES=0 */;

--
-- Dumping data for table `civicrm_acl`
--

LOCK TABLES `civicrm_acl` WRITE;
/*!40000 ALTER TABLE `civicrm_acl` DISABLE KEYS */;
INSERT INTO `civicrm_acl` (`id`, `name`, `deny`, `entity_table`, `entity_id`, `operation`, `object_table`, `object_id`, `acl_table`, `acl_id`, `is_active`, `priority`) VALUES
 (1,'Edit All Contacts',0,'civicrm_acl_role',1,'Edit','civicrm_group',0,NULL,NULL,1,1),
 (2,'Advisory board access to volunteers',0,'civicrm_acl_role',2,'Edit','civicrm_group',3,NULL,NULL,1,2);
/*!40000 ALTER TABLE `civicrm_acl` ENABLE KEYS */;
UNLOCK TABLES;

--
-- Dumping data for table `civicrm_acl_cache`
--

LOCK TABLES `civicrm_acl_cache` WRITE;
/*!40000 ALTER TABLE `civicrm_acl_cache` DISABLE KEYS */;
/*!40000 ALTER TABLE `civicrm_acl_cache` ENABLE KEYS */;
UNLOCK TABLES;

--
-- Dumping data for table `civicrm_acl_contact_cache`
--

LOCK TABLES `civicrm_acl_contact_cache` WRITE;
/*!40000 ALTER TABLE `civicrm_acl_contact_cache` DISABLE KEYS */;
/*!40000 ALTER TABLE `civicrm_acl_contact_cache` ENABLE KEYS */;
UNLOCK TABLES;

--
-- Dumping data for table `civicrm_acl_entity_role`
--

LOCK TABLES `civicrm_acl_entity_role` WRITE;
/*!40000 ALTER TABLE `civicrm_acl_entity_role` DISABLE KEYS */;
INSERT INTO `civicrm_acl_entity_role` (`id`, `acl_role_id`, `entity_table`, `entity_id`, `is_active`) VALUES
 (1,1,'civicrm_group',1,1),
 (2,3,'civicrm_group',4,1);
/*!40000 ALTER TABLE `civicrm_acl_entity_role` ENABLE KEYS */;
UNLOCK TABLES;

--
-- Dumping data for table `civicrm_action_log`
--

LOCK TABLES `civicrm_action_log` WRITE;
/*!40000 ALTER TABLE `civicrm_action_log` DISABLE KEYS */;
/*!40000 ALTER TABLE `civicrm_action_log` ENABLE KEYS */;
UNLOCK TABLES;

--
-- Dumping data for table `civicrm_action_schedule`
--

LOCK TABLES `civicrm_action_schedule` WRITE;
/*!40000 ALTER TABLE `civicrm_action_schedule` DISABLE KEYS */;
/*!40000 ALTER TABLE `civicrm_action_schedule` ENABLE KEYS */;
UNLOCK TABLES;

--
-- Dumping data for table `civicrm_activity`
--

LOCK TABLES `civicrm_activity` WRITE;
/*!40000 ALTER TABLE `civicrm_activity` DISABLE KEYS */;
INSERT INTO `civicrm_activity` (`id`, `source_record_id`, `activity_type_id`, `subject`, `activity_date_time`, `duration`, `location`, `phone_id`, `phone_number`, `details`, `status_id`, `priority_id`, `parent_id`, `is_test`, `medium_id`, `is_auto`, `relationship_id`, `is_current_revision`, `original_id`, `result`, `is_deleted`, `campaign_id`, `engagement_level`, `weight`, `is_star`, `created_date`, `modified_date`) VALUES
 (1,NULL,1,'Subject for Meeting','2024-03-31 01:37:57',2,NULL,NULL,NULL,NULL,2,NULL,NULL,0,NULL,0,NULL,1,NULL,NULL,0,NULL,NULL,NULL,0,'2024-06-23 22:14:50','2024-06-23 22:14:50'),
 (2,NULL,2,'Subject for Phone Call','2023-08-19 07:42:22',3,NULL,NULL,NULL,NULL,2,NULL,NULL,0,NULL,0,NULL,1,NULL,NULL,0,NULL,NULL,NULL,0,'2024-06-23 22:14:50','2024-06-23 22:14:50'),
 (3,NULL,1,'Subject for Meeting','2023-11-13 16:39:19',6,NULL,NULL,NULL,NULL,2,NULL,NULL,0,NULL,0,NULL,1,NULL,NULL,0,NULL,NULL,NULL,0,'2024-06-23 22:14:50','2024-06-23 22:14:50'),
 (4,NULL,1,'Subject for Meeting','2024-05-17 00:52:44',5,NULL,NULL,NULL,NULL,2,NULL,NULL,0,NULL,0,NULL,1,NULL,NULL,0,NULL,NULL,NULL,0,'2024-06-23 22:14:50','2024-06-23 22:14:50'),
 (5,NULL,1,'Subject for Meeting','2024-01-30 05:46:51',4,NULL,NULL,NULL,NULL,2,NULL,NULL,0,NULL,0,NULL,1,NULL,NULL,0,NULL,NULL,NULL,0,'2024-06-23 22:14:50','2024-06-23 22:14:50'),
 (6,NULL,9,'Subject for Tell a Friend','2023-12-09 15:53:46',3,NULL,NULL,NULL,NULL,2,NULL,NULL,0,NULL,0,NULL,1,NULL,NULL,0,NULL,NULL,NULL,0,'2024-06-23 22:14:50','2024-06-23 22:14:50'),
 (7,NULL,56,'Subject for Interview','2023-09-12 22:00:47',1,NULL,NULL,NULL,NULL,2,NULL,NULL,0,NULL,0,NULL,1,NULL,NULL,0,NULL,NULL,NULL,0,'2024-06-23 22:14:50','2024-06-23 22:14:50'),
 (8,NULL,1,'Subject for Meeting','2023-12-16 12:28:16',1,NULL,NULL,NULL,NULL,2,NULL,NULL,0,NULL,0,NULL,1,NULL,NULL,0,NULL,NULL,NULL,0,'2024-06-23 22:14:50','2024-06-23 22:14:50'),
 (9,NULL,56,'Subject for Interview','2024-03-23 16:05:41',3,NULL,NULL,NULL,NULL,2,NULL,NULL,0,NULL,0,NULL,1,NULL,NULL,0,NULL,NULL,NULL,0,'2024-06-23 22:14:50','2024-06-23 22:14:50'),
 (10,NULL,9,'Subject for Tell a Friend','2023-12-06 18:04:42',6,NULL,NULL,NULL,NULL,2,NULL,NULL,0,NULL,0,NULL,1,NULL,NULL,0,NULL,NULL,NULL,0,'2024-06-23 22:14:50','2024-06-23 22:14:50'),
 (11,NULL,2,'Subject for Phone Call','2023-09-19 20:35:35',4,NULL,NULL,NULL,NULL,2,NULL,NULL,0,NULL,0,NULL,1,NULL,NULL,0,NULL,NULL,NULL,0,'2024-06-23 22:14:50','2024-06-23 22:14:50'),
 (12,NULL,22,'Subject for Print/Merge Document','2023-12-16 00:21:26',2,NULL,NULL,NULL,NULL,2,NULL,NULL,0,NULL,0,NULL,1,NULL,NULL,0,NULL,NULL,NULL,0,'2024-06-23 22:14:50','2024-06-23 22:14:50'),
 (13,NULL,2,'Subject for Phone Call','2023-10-11 03:46:58',1,NULL,NULL,NULL,NULL,2,NULL,NULL,0,NULL,0,NULL,1,NULL,NULL,0,NULL,NULL,NULL,0,'2024-06-23 22:14:50','2024-06-23 22:14:50'),
 (14,NULL,2,'Subject for Phone Call','2024-03-08 05:28:30',5,NULL,NULL,NULL,NULL,2,NULL,NULL,0,NULL,0,NULL,1,NULL,NULL,0,NULL,NULL,NULL,0,'2024-06-23 22:14:50','2024-06-23 22:14:50'),
 (15,NULL,22,'Subject for Print/Merge Document','2024-01-11 15:35:13',6,NULL,NULL,NULL,NULL,2,NULL,NULL,0,NULL,0,NULL,1,NULL,NULL,0,NULL,NULL,NULL,0,'2024-06-23 22:14:50','2024-06-23 22:14:50'),
 (16,NULL,2,'Subject for Phone Call','2023-12-02 12:54:00',3,NULL,NULL,NULL,NULL,2,NULL,NULL,0,NULL,0,NULL,1,NULL,NULL,0,NULL,NULL,NULL,0,'2024-06-23 22:14:50','2024-06-23 22:14:50'),
 (17,NULL,56,'Subject for Interview','2023-11-12 06:42:23',4,NULL,NULL,NULL,NULL,2,NULL,NULL,0,NULL,0,NULL,1,NULL,NULL,0,NULL,NULL,NULL,0,'2024-06-23 22:14:50','2024-06-23 22:14:50'),
 (18,NULL,1,'Subject for Meeting','2024-04-02 08:14:50',4,NULL,NULL,NULL,NULL,2,NULL,NULL,0,NULL,0,NULL,1,NULL,NULL,0,NULL,NULL,NULL,0,'2024-06-23 22:14:50','2024-06-23 22:14:50'),
 (19,NULL,56,'Subject for Interview','2023-08-04 14:15:37',4,NULL,NULL,NULL,NULL,2,NULL,NULL,0,NULL,0,NULL,1,NULL,NULL,0,NULL,NULL,NULL,0,'2024-06-23 22:14:50','2024-06-23 22:14:50'),
 (20,NULL,9,'Subject for Tell a Friend','2024-02-27 16:04:13',5,NULL,NULL,NULL,NULL,2,NULL,NULL,0,NULL,0,NULL,1,NULL,NULL,0,NULL,NULL,NULL,0,'2024-06-23 22:14:50','2024-06-23 22:14:50'),
 (21,NULL,56,'Subject for Interview','2023-12-11 00:47:38',5,NULL,NULL,NULL,NULL,2,NULL,NULL,0,NULL,0,NULL,1,NULL,NULL,0,NULL,NULL,NULL,0,'2024-06-23 22:14:50','2024-06-23 22:14:50'),
 (22,NULL,9,'Subject for Tell a Friend','2023-10-15 15:25:31',3,NULL,NULL,NULL,NULL,2,NULL,NULL,0,NULL,0,NULL,1,NULL,NULL,0,NULL,NULL,NULL,0,'2024-06-23 22:14:50','2024-06-23 22:14:50'),
 (23,NULL,1,'Subject for Meeting','2024-04-11 22:51:45',1,NULL,NULL,NULL,NULL,2,NULL,NULL,0,NULL,0,NULL,1,NULL,NULL,0,NULL,NULL,NULL,0,'2024-06-23 22:14:50','2024-06-23 22:14:50'),
 (24,NULL,9,'Subject for Tell a Friend','2024-06-20 10:01:47',4,NULL,NULL,NULL,NULL,2,NULL,NULL,0,NULL,0,NULL,1,NULL,NULL,0,NULL,NULL,NULL,0,'2024-06-23 22:14:50','2024-06-23 22:14:50'),
 (25,NULL,2,'Subject for Phone Call','2023-07-01 18:55:14',6,NULL,NULL,NULL,NULL,2,NULL,NULL,0,NULL,0,NULL,1,NULL,NULL,0,NULL,NULL,NULL,0,'2024-06-23 22:14:50','2024-06-23 22:14:50'),
 (26,NULL,9,'Subject for Tell a Friend','2023-07-10 14:57:41',3,NULL,NULL,NULL,NULL,2,NULL,NULL,0,NULL,0,NULL,1,NULL,NULL,0,NULL,NULL,NULL,0,'2024-06-23 22:14:50','2024-06-23 22:14:50'),
 (27,NULL,56,'Subject for Interview','2024-04-25 08:59:42',1,NULL,NULL,NULL,NULL,2,NULL,NULL,0,NULL,0,NULL,1,NULL,NULL,0,NULL,NULL,NULL,0,'2024-06-23 22:14:50','2024-06-23 22:14:50'),
 (28,NULL,1,'Subject for Meeting','2024-01-05 05:45:02',6,NULL,NULL,NULL,NULL,2,NULL,NULL,0,NULL,0,NULL,1,NULL,NULL,0,NULL,NULL,NULL,0,'2024-06-23 22:14:50','2024-06-23 22:14:50'),
 (29,NULL,1,'Subject for Meeting','2023-06-28 19:07:20',6,NULL,NULL,NULL,NULL,2,NULL,NULL,0,NULL,0,NULL,1,NULL,NULL,0,NULL,NULL,NULL,0,'2024-06-23 22:14:50','2024-06-23 22:14:50'),
 (30,NULL,9,'Subject for Tell a Friend','2024-05-12 22:58:18',4,NULL,NULL,NULL,NULL,2,NULL,NULL,0,NULL,0,NULL,1,NULL,NULL,0,NULL,NULL,NULL,0,'2024-06-23 22:14:50','2024-06-23 22:14:50'),
 (31,NULL,2,'Subject for Phone Call','2024-01-06 07:04:09',3,NULL,NULL,NULL,NULL,2,NULL,NULL,0,NULL,0,NULL,1,NULL,NULL,0,NULL,NULL,NULL,0,'2024-06-23 22:14:50','2024-06-23 22:14:50'),
 (32,NULL,2,'Subject for Phone Call','2024-02-05 04:10:13',1,NULL,NULL,NULL,NULL,2,NULL,NULL,0,NULL,0,NULL,1,NULL,NULL,0,NULL,NULL,NULL,0,'2024-06-23 22:14:50','2024-06-23 22:14:50'),
 (33,NULL,22,'Subject for Print/Merge Document','2023-08-27 04:23:53',2,NULL,NULL,NULL,NULL,2,NULL,NULL,0,NULL,0,NULL,1,NULL,NULL,0,NULL,NULL,NULL,0,'2024-06-23 22:14:50','2024-06-23 22:14:50'),
 (34,NULL,2,'Subject for Phone Call','2024-01-07 08:28:58',4,NULL,NULL,NULL,NULL,2,NULL,NULL,0,NULL,0,NULL,1,NULL,NULL,0,NULL,NULL,NULL,0,'2024-06-23 22:14:50','2024-06-23 22:14:50'),
 (35,NULL,2,'Subject for Phone Call','2023-08-30 05:23:52',6,NULL,NULL,NULL,NULL,2,NULL,NULL,0,NULL,0,NULL,1,NULL,NULL,0,NULL,NULL,NULL,0,'2024-06-23 22:14:50','2024-06-23 22:14:50'),
 (36,NULL,1,'Subject for Meeting','2023-10-02 07:16:57',1,NULL,NULL,NULL,NULL,2,NULL,NULL,0,NULL,0,NULL,1,NULL,NULL,0,NULL,NULL,NULL,0,'2024-06-23 22:14:50','2024-06-23 22:14:50'),
 (37,NULL,2,'Subject for Phone Call','2023-12-28 17:12:49',3,NULL,NULL,NULL,NULL,2,NULL,NULL,0,NULL,0,NULL,1,NULL,NULL,0,NULL,NULL,NULL,0,'2024-06-23 22:14:50','2024-06-23 22:14:50'),
 (38,NULL,1,'Subject for Meeting','2024-06-10 09:32:12',6,NULL,NULL,NULL,NULL,2,NULL,NULL,0,NULL,0,NULL,1,NULL,NULL,0,NULL,NULL,NULL,0,'2024-06-23 22:14:50','2024-06-23 22:14:50'),
 (39,NULL,2,'Subject for Phone Call','2024-03-16 03:43:52',4,NULL,NULL,NULL,NULL,2,NULL,NULL,0,NULL,0,NULL,1,NULL,NULL,0,NULL,NULL,NULL,0,'2024-06-23 22:14:50','2024-06-23 22:14:50'),
 (40,NULL,56,'Subject for Interview','2024-04-06 15:05:34',5,NULL,NULL,NULL,NULL,2,NULL,NULL,0,NULL,0,NULL,1,NULL,NULL,0,NULL,NULL,NULL,0,'2024-06-23 22:14:50','2024-06-23 22:14:50'),
 (41,NULL,22,'Subject for Print/Merge Document','2023-07-01 07:50:16',3,NULL,NULL,NULL,NULL,2,NULL,NULL,0,NULL,0,NULL,1,NULL,NULL,0,NULL,NULL,NULL,0,'2024-06-23 22:14:50','2024-06-23 22:14:50'),
 (42,NULL,22,'Subject for Print/Merge Document','2023-09-05 00:36:14',5,NULL,NULL,NULL,NULL,2,NULL,NULL,0,NULL,0,NULL,1,NULL,NULL,0,NULL,NULL,NULL,0,'2024-06-23 22:14:50','2024-06-23 22:14:50'),
 (43,NULL,9,'Subject for Tell a Friend','2024-06-16 06:06:31',4,NULL,NULL,NULL,NULL,2,NULL,NULL,0,NULL,0,NULL,1,NULL,NULL,0,NULL,NULL,NULL,0,'2024-06-23 22:14:50','2024-06-23 22:14:50'),
 (44,NULL,22,'Subject for Print/Merge Document','2024-05-26 06:44:44',6,NULL,NULL,NULL,NULL,2,NULL,NULL,0,NULL,0,NULL,1,NULL,NULL,0,NULL,NULL,NULL,0,'2024-06-23 22:14:50','2024-06-23 22:14:50'),
 (45,NULL,1,'Subject for Meeting','2024-02-15 14:22:30',1,NULL,NULL,NULL,NULL,2,NULL,NULL,0,NULL,0,NULL,1,NULL,NULL,0,NULL,NULL,NULL,0,'2024-06-23 22:14:50','2024-06-23 22:14:50'),
 (46,NULL,1,'Subject for Meeting','2024-01-17 19:02:48',2,NULL,NULL,NULL,NULL,2,NULL,NULL,0,NULL,0,NULL,1,NULL,NULL,0,NULL,NULL,NULL,0,'2024-06-23 22:14:50','2024-06-23 22:14:50'),
 (47,NULL,9,'Subject for Tell a Friend','2024-02-27 17:28:11',5,NULL,NULL,NULL,NULL,2,NULL,NULL,0,NULL,0,NULL,1,NULL,NULL,0,NULL,NULL,NULL,0,'2024-06-23 22:14:50','2024-06-23 22:14:50'),
 (48,NULL,2,'Subject for Phone Call','2023-10-06 00:41:19',4,NULL,NULL,NULL,NULL,2,NULL,NULL,0,NULL,0,NULL,1,NULL,NULL,0,NULL,NULL,NULL,0,'2024-06-23 22:14:50','2024-06-23 22:14:50'),
 (49,NULL,1,'Subject for Meeting','2024-06-01 14:27:40',6,NULL,NULL,NULL,NULL,2,NULL,NULL,0,NULL,0,NULL,1,NULL,NULL,0,NULL,NULL,NULL,0,'2024-06-23 22:14:50','2024-06-23 22:14:50'),
 (50,NULL,1,'Subject for Meeting','2023-08-02 04:51:32',5,NULL,NULL,NULL,NULL,2,NULL,NULL,0,NULL,0,NULL,1,NULL,NULL,0,NULL,NULL,NULL,0,'2024-06-23 22:14:50','2024-06-23 22:14:50'),
 (51,NULL,2,'Subject for Phone Call','2024-04-04 04:52:02',3,NULL,NULL,NULL,NULL,2,NULL,NULL,0,NULL,0,NULL,1,NULL,NULL,0,NULL,NULL,NULL,0,'2024-06-23 22:14:50','2024-06-23 22:14:50'),
 (52,NULL,9,'Subject for Tell a Friend','2024-02-20 05:50:42',1,NULL,NULL,NULL,NULL,2,NULL,NULL,0,NULL,0,NULL,1,NULL,NULL,0,NULL,NULL,NULL,0,'2024-06-23 22:14:50','2024-06-23 22:14:50'),
 (53,NULL,22,'Subject for Print/Merge Document','2024-06-03 08:44:29',6,NULL,NULL,NULL,NULL,2,NULL,NULL,0,NULL,0,NULL,1,NULL,NULL,0,NULL,NULL,NULL,0,'2024-06-23 22:14:50','2024-06-23 22:14:50'),
 (54,NULL,1,'Subject for Meeting','2024-03-13 14:37:22',6,NULL,NULL,NULL,NULL,2,NULL,NULL,0,NULL,0,NULL,1,NULL,NULL,0,NULL,NULL,NULL,0,'2024-06-23 22:14:50','2024-06-23 22:14:50'),
 (55,NULL,22,'Subject for Print/Merge Document','2024-01-03 03:11:40',1,NULL,NULL,NULL,NULL,2,NULL,NULL,0,NULL,0,NULL,1,NULL,NULL,0,NULL,NULL,NULL,0,'2024-06-23 22:14:50','2024-06-23 22:14:50'),
 (56,NULL,2,'Subject for Phone Call','2023-09-10 11:23:27',1,NULL,NULL,NULL,NULL,2,NULL,NULL,0,NULL,0,NULL,1,NULL,NULL,0,NULL,NULL,NULL,0,'2024-06-23 22:14:50','2024-06-23 22:14:50'),
 (57,NULL,56,'Subject for Interview','2023-07-07 10:09:16',1,NULL,NULL,NULL,NULL,2,NULL,NULL,0,NULL,0,NULL,1,NULL,NULL,0,NULL,NULL,NULL,0,'2024-06-23 22:14:50','2024-06-23 22:14:50'),
 (58,NULL,2,'Subject for Phone Call','2023-06-26 15:55:13',2,NULL,NULL,NULL,NULL,2,NULL,NULL,0,NULL,0,NULL,1,NULL,NULL,0,NULL,NULL,NULL,0,'2024-06-23 22:14:50','2024-06-23 22:14:50'),
 (59,NULL,2,'Subject for Phone Call','2023-12-11 22:27:29',1,NULL,NULL,NULL,NULL,2,NULL,NULL,0,NULL,0,NULL,1,NULL,NULL,0,NULL,NULL,NULL,0,'2024-06-23 22:14:50','2024-06-23 22:14:50'),
 (60,NULL,9,'Subject for Tell a Friend','2024-01-04 21:36:17',1,NULL,NULL,NULL,NULL,2,NULL,NULL,0,NULL,0,NULL,1,NULL,NULL,0,NULL,NULL,NULL,0,'2024-06-23 22:14:50','2024-06-23 22:14:50'),
 (61,NULL,1,'Subject for Meeting','2024-01-22 13:06:59',1,NULL,NULL,NULL,NULL,2,NULL,NULL,0,NULL,0,NULL,1,NULL,NULL,0,NULL,NULL,NULL,0,'2024-06-23 22:14:50','2024-06-23 22:14:50'),
 (62,NULL,1,'Subject for Meeting','2024-05-19 16:05:48',4,NULL,NULL,NULL,NULL,2,NULL,NULL,0,NULL,0,NULL,1,NULL,NULL,0,NULL,NULL,NULL,0,'2024-06-23 22:14:50','2024-06-23 22:14:50'),
 (63,NULL,2,'Subject for Phone Call','2024-02-17 05:44:08',4,NULL,NULL,NULL,NULL,2,NULL,NULL,0,NULL,0,NULL,1,NULL,NULL,0,NULL,NULL,NULL,0,'2024-06-23 22:14:50','2024-06-23 22:14:50'),
 (64,NULL,22,'Subject for Print/Merge Document','2024-02-22 16:37:05',2,NULL,NULL,NULL,NULL,2,NULL,NULL,0,NULL,0,NULL,1,NULL,NULL,0,NULL,NULL,NULL,0,'2024-06-23 22:14:50','2024-06-23 22:14:50'),
 (65,NULL,56,'Subject for Interview','2023-08-18 02:31:32',1,NULL,NULL,NULL,NULL,2,NULL,NULL,0,NULL,0,NULL,1,NULL,NULL,0,NULL,NULL,NULL,0,'2024-06-23 22:14:50','2024-06-23 22:14:50'),
 (66,NULL,9,'Subject for Tell a Friend','2024-04-11 14:39:46',2,NULL,NULL,NULL,NULL,2,NULL,NULL,0,NULL,0,NULL,1,NULL,NULL,0,NULL,NULL,NULL,0,'2024-06-23 22:14:50','2024-06-23 22:14:50'),
 (67,NULL,22,'Subject for Print/Merge Document','2023-11-27 22:14:19',2,NULL,NULL,NULL,NULL,2,NULL,NULL,0,NULL,0,NULL,1,NULL,NULL,0,NULL,NULL,NULL,0,'2024-06-23 22:14:50','2024-06-23 22:14:50'),
 (68,NULL,1,'Subject for Meeting','2023-07-09 16:17:37',4,NULL,NULL,NULL,NULL,2,NULL,NULL,0,NULL,0,NULL,1,NULL,NULL,0,NULL,NULL,NULL,0,'2024-06-23 22:14:50','2024-06-23 22:14:50'),
 (69,NULL,56,'Subject for Interview','2024-01-06 13:43:37',1,NULL,NULL,NULL,NULL,2,NULL,NULL,0,NULL,0,NULL,1,NULL,NULL,0,NULL,NULL,NULL,0,'2024-06-23 22:14:50','2024-06-23 22:14:50'),
 (70,NULL,2,'Subject for Phone Call','2023-12-10 22:37:15',5,NULL,NULL,NULL,NULL,2,NULL,NULL,0,NULL,0,NULL,1,NULL,NULL,0,NULL,NULL,NULL,0,'2024-06-23 22:14:50','2024-06-23 22:14:50'),
 (71,NULL,9,'Subject for Tell a Friend','2023-09-15 13:46:13',2,NULL,NULL,NULL,NULL,2,NULL,NULL,0,NULL,0,NULL,1,NULL,NULL,0,NULL,NULL,NULL,0,'2024-06-23 22:14:50','2024-06-23 22:14:50'),
 (72,NULL,9,'Subject for Tell a Friend','2023-10-03 05:20:04',2,NULL,NULL,NULL,NULL,2,NULL,NULL,0,NULL,0,NULL,1,NULL,NULL,0,NULL,NULL,NULL,0,'2024-06-23 22:14:50','2024-06-23 22:14:50'),
 (73,NULL,22,'Subject for Print/Merge Document','2023-11-25 20:34:06',1,NULL,NULL,NULL,NULL,2,NULL,NULL,0,NULL,0,NULL,1,NULL,NULL,0,NULL,NULL,NULL,0,'2024-06-23 22:14:50','2024-06-23 22:14:50'),
 (74,NULL,9,'Subject for Tell a Friend','2023-07-31 04:01:36',6,NULL,NULL,NULL,NULL,2,NULL,NULL,0,NULL,0,NULL,1,NULL,NULL,0,NULL,NULL,NULL,0,'2024-06-23 22:14:50','2024-06-23 22:14:50'),
 (75,NULL,1,'Subject for Meeting','2024-06-15 15:08:00',3,NULL,NULL,NULL,NULL,2,NULL,NULL,0,NULL,0,NULL,1,NULL,NULL,0,NULL,NULL,NULL,0,'2024-06-23 22:14:50','2024-06-23 22:14:50'),
 (76,NULL,2,'Subject for Phone Call','2024-04-01 10:59:08',4,NULL,NULL,NULL,NULL,2,NULL,NULL,0,NULL,0,NULL,1,NULL,NULL,0,NULL,NULL,NULL,0,'2024-06-23 22:14:50','2024-06-23 22:14:50'),
 (77,NULL,2,'Subject for Phone Call','2023-12-23 03:42:48',4,NULL,NULL,NULL,NULL,2,NULL,NULL,0,NULL,0,NULL,1,NULL,NULL,0,NULL,NULL,NULL,0,'2024-06-23 22:14:50','2024-06-23 22:14:50'),
 (78,NULL,56,'Subject for Interview','2023-07-20 01:28:10',6,NULL,NULL,NULL,NULL,2,NULL,NULL,0,NULL,0,NULL,1,NULL,NULL,0,NULL,NULL,NULL,0,'2024-06-23 22:14:50','2024-06-23 22:14:50'),
 (79,NULL,22,'Subject for Print/Merge Document','2024-06-13 20:14:56',1,NULL,NULL,NULL,NULL,2,NULL,NULL,0,NULL,0,NULL,1,NULL,NULL,0,NULL,NULL,NULL,0,'2024-06-23 22:14:50','2024-06-23 22:14:50'),
 (80,NULL,1,'Subject for Meeting','2024-03-06 21:35:24',3,NULL,NULL,NULL,NULL,2,NULL,NULL,0,NULL,0,NULL,1,NULL,NULL,0,NULL,NULL,NULL,0,'2024-06-23 22:14:50','2024-06-23 22:14:50'),
 (81,NULL,1,'Subject for Meeting','2024-03-16 10:03:18',6,NULL,NULL,NULL,NULL,2,NULL,NULL,0,NULL,0,NULL,1,NULL,NULL,0,NULL,NULL,NULL,0,'2024-06-23 22:14:50','2024-06-23 22:14:50'),
 (82,NULL,2,'Subject for Phone Call','2024-01-28 06:51:48',1,NULL,NULL,NULL,NULL,2,NULL,NULL,0,NULL,0,NULL,1,NULL,NULL,0,NULL,NULL,NULL,0,'2024-06-23 22:14:50','2024-06-23 22:14:50'),
 (83,NULL,2,'Subject for Phone Call','2023-12-15 04:45:08',4,NULL,NULL,NULL,NULL,2,NULL,NULL,0,NULL,0,NULL,1,NULL,NULL,0,NULL,NULL,NULL,0,'2024-06-23 22:14:50','2024-06-23 22:14:50'),
 (84,NULL,56,'Subject for Interview','2024-02-04 19:16:10',3,NULL,NULL,NULL,NULL,2,NULL,NULL,0,NULL,0,NULL,1,NULL,NULL,0,NULL,NULL,NULL,0,'2024-06-23 22:14:50','2024-06-23 22:14:50'),
 (85,NULL,56,'Subject for Interview','2024-04-29 11:34:27',4,NULL,NULL,NULL,NULL,2,NULL,NULL,0,NULL,0,NULL,1,NULL,NULL,0,NULL,NULL,NULL,0,'2024-06-23 22:14:50','2024-06-23 22:14:50'),
 (86,NULL,9,'Subject for Tell a Friend','2023-08-13 07:44:36',4,NULL,NULL,NULL,NULL,2,NULL,NULL,0,NULL,0,NULL,1,NULL,NULL,0,NULL,NULL,NULL,0,'2024-06-23 22:14:50','2024-06-23 22:14:50'),
 (87,NULL,2,'Subject for Phone Call','2023-11-18 04:23:57',5,NULL,NULL,NULL,NULL,2,NULL,NULL,0,NULL,0,NULL,1,NULL,NULL,0,NULL,NULL,NULL,0,'2024-06-23 22:14:50','2024-06-23 22:14:50'),
 (88,NULL,56,'Subject for Interview','2024-03-11 05:37:27',1,NULL,NULL,NULL,NULL,2,NULL,NULL,0,NULL,0,NULL,1,NULL,NULL,0,NULL,NULL,NULL,0,'2024-06-23 22:14:50','2024-06-23 22:14:50'),
 (89,NULL,2,'Subject for Phone Call','2023-09-01 21:55:10',4,NULL,NULL,NULL,NULL,2,NULL,NULL,0,NULL,0,NULL,1,NULL,NULL,0,NULL,NULL,NULL,0,'2024-06-23 22:14:50','2024-06-23 22:14:50'),
 (90,NULL,9,'Subject for Tell a Friend','2023-08-03 04:54:03',4,NULL,NULL,NULL,NULL,2,NULL,NULL,0,NULL,0,NULL,1,NULL,NULL,0,NULL,NULL,NULL,0,'2024-06-23 22:14:50','2024-06-23 22:14:50'),
 (91,NULL,2,'Subject for Phone Call','2024-06-15 11:14:48',4,NULL,NULL,NULL,NULL,2,NULL,NULL,0,NULL,0,NULL,1,NULL,NULL,0,NULL,NULL,NULL,0,'2024-06-23 22:14:50','2024-06-23 22:14:50'),
 (92,NULL,2,'Subject for Phone Call','2023-11-02 21:27:20',3,NULL,NULL,NULL,NULL,2,NULL,NULL,0,NULL,0,NULL,1,NULL,NULL,0,NULL,NULL,NULL,0,'2024-06-23 22:14:50','2024-06-23 22:14:50'),
 (93,NULL,1,'Subject for Meeting','2023-08-31 22:07:44',6,NULL,NULL,NULL,NULL,2,NULL,NULL,0,NULL,0,NULL,1,NULL,NULL,0,NULL,NULL,NULL,0,'2024-06-23 22:14:50','2024-06-23 22:14:50'),
 (94,NULL,9,'Subject for Tell a Friend','2023-10-18 15:03:00',2,NULL,NULL,NULL,NULL,2,NULL,NULL,0,NULL,0,NULL,1,NULL,NULL,0,NULL,NULL,NULL,0,'2024-06-23 22:14:50','2024-06-23 22:14:50'),
 (95,NULL,2,'Subject for Phone Call','2024-02-13 17:48:06',3,NULL,NULL,NULL,NULL,2,NULL,NULL,0,NULL,0,NULL,1,NULL,NULL,0,NULL,NULL,NULL,0,'2024-06-23 22:14:50','2024-06-23 22:14:50'),
 (96,NULL,56,'Subject for Interview','2023-07-27 06:21:48',6,NULL,NULL,NULL,NULL,2,NULL,NULL,0,NULL,0,NULL,1,NULL,NULL,0,NULL,NULL,NULL,0,'2024-06-23 22:14:50','2024-06-23 22:14:50'),
 (97,NULL,22,'Subject for Print/Merge Document','2024-03-10 07:48:15',3,NULL,NULL,NULL,NULL,2,NULL,NULL,0,NULL,0,NULL,1,NULL,NULL,0,NULL,NULL,NULL,0,'2024-06-23 22:14:50','2024-06-23 22:14:50'),
 (98,NULL,1,'Subject for Meeting','2024-06-07 07:31:29',2,NULL,NULL,NULL,NULL,2,NULL,NULL,0,NULL,0,NULL,1,NULL,NULL,0,NULL,NULL,NULL,0,'2024-06-23 22:14:50','2024-06-23 22:14:50'),
 (99,NULL,22,'Subject for Print/Merge Document','2024-06-03 08:01:48',4,NULL,NULL,NULL,NULL,2,NULL,NULL,0,NULL,0,NULL,1,NULL,NULL,0,NULL,NULL,NULL,0,'2024-06-23 22:14:50','2024-06-23 22:14:50'),
 (100,NULL,9,'Subject for Tell a Friend','2023-11-11 20:02:23',2,NULL,NULL,NULL,NULL,2,NULL,NULL,0,NULL,0,NULL,1,NULL,NULL,0,NULL,NULL,NULL,0,'2024-06-23 22:14:50','2024-06-23 22:14:50'),
 (101,NULL,1,'Subject for Meeting','2024-05-07 09:16:16',2,NULL,NULL,NULL,NULL,2,NULL,NULL,0,NULL,0,NULL,1,NULL,NULL,0,NULL,NULL,NULL,0,'2024-06-23 22:14:50','2024-06-23 22:14:50'),
 (102,NULL,1,'Subject for Meeting','2023-08-11 23:49:36',5,NULL,NULL,NULL,NULL,2,NULL,NULL,0,NULL,0,NULL,1,NULL,NULL,0,NULL,NULL,NULL,0,'2024-06-23 22:14:50','2024-06-23 22:14:50'),
 (103,NULL,2,'Subject for Phone Call','2024-05-05 14:56:28',1,NULL,NULL,NULL,NULL,2,NULL,NULL,0,NULL,0,NULL,1,NULL,NULL,0,NULL,NULL,NULL,0,'2024-06-23 22:14:50','2024-06-23 22:14:50'),
 (104,NULL,1,'Subject for Meeting','2024-02-26 13:02:21',5,NULL,NULL,NULL,NULL,2,NULL,NULL,0,NULL,0,NULL,1,NULL,NULL,0,NULL,NULL,NULL,0,'2024-06-23 22:14:50','2024-06-23 22:14:50'),
 (105,NULL,56,'Subject for Interview','2024-03-19 22:23:19',3,NULL,NULL,NULL,NULL,2,NULL,NULL,0,NULL,0,NULL,1,NULL,NULL,0,NULL,NULL,NULL,0,'2024-06-23 22:14:50','2024-06-23 22:14:50'),
 (106,NULL,22,'Subject for Print/Merge Document','2024-04-03 06:55:37',5,NULL,NULL,NULL,NULL,2,NULL,NULL,0,NULL,0,NULL,1,NULL,NULL,0,NULL,NULL,NULL,0,'2024-06-23 22:14:50','2024-06-23 22:14:50'),
 (107,NULL,56,'Subject for Interview','2023-08-26 17:30:55',4,NULL,NULL,NULL,NULL,2,NULL,NULL,0,NULL,0,NULL,1,NULL,NULL,0,NULL,NULL,NULL,0,'2024-06-23 22:14:50','2024-06-23 22:14:50'),
 (108,NULL,56,'Subject for Interview','2024-06-12 03:38:39',5,NULL,NULL,NULL,NULL,2,NULL,NULL,0,NULL,0,NULL,1,NULL,NULL,0,NULL,NULL,NULL,0,'2024-06-23 22:14:50','2024-06-23 22:14:50'),
 (109,NULL,2,'Subject for Phone Call','2023-11-07 13:25:27',5,NULL,NULL,NULL,NULL,2,NULL,NULL,0,NULL,0,NULL,1,NULL,NULL,0,NULL,NULL,NULL,0,'2024-06-23 22:14:50','2024-06-23 22:14:50'),
 (110,NULL,9,'Subject for Tell a Friend','2023-07-27 19:56:42',4,NULL,NULL,NULL,NULL,2,NULL,NULL,0,NULL,0,NULL,1,NULL,NULL,0,NULL,NULL,NULL,0,'2024-06-23 22:14:50','2024-06-23 22:14:50'),
 (111,NULL,22,'Subject for Print/Merge Document','2023-08-06 03:30:36',2,NULL,NULL,NULL,NULL,2,NULL,NULL,0,NULL,0,NULL,1,NULL,NULL,0,NULL,NULL,NULL,0,'2024-06-23 22:14:50','2024-06-23 22:14:50'),
 (112,NULL,2,'Subject for Phone Call','2023-08-09 07:01:01',6,NULL,NULL,NULL,NULL,2,NULL,NULL,0,NULL,0,NULL,1,NULL,NULL,0,NULL,NULL,NULL,0,'2024-06-23 22:14:50','2024-06-23 22:14:50'),
 (113,NULL,56,'Subject for Interview','2023-11-16 07:28:52',6,NULL,NULL,NULL,NULL,2,NULL,NULL,0,NULL,0,NULL,1,NULL,NULL,0,NULL,NULL,NULL,0,'2024-06-23 22:14:50','2024-06-23 22:14:50'),
 (114,NULL,2,'Subject for Phone Call','2023-11-14 15:45:13',4,NULL,NULL,NULL,NULL,2,NULL,NULL,0,NULL,0,NULL,1,NULL,NULL,0,NULL,NULL,NULL,0,'2024-06-23 22:14:50','2024-06-23 22:14:50'),
 (115,NULL,56,'Subject for Interview','2024-05-30 08:24:34',1,NULL,NULL,NULL,NULL,2,NULL,NULL,0,NULL,0,NULL,1,NULL,NULL,0,NULL,NULL,NULL,0,'2024-06-23 22:14:50','2024-06-23 22:14:50'),
 (116,NULL,9,'Subject for Tell a Friend','2023-10-12 09:13:56',2,NULL,NULL,NULL,NULL,2,NULL,NULL,0,NULL,0,NULL,1,NULL,NULL,0,NULL,NULL,NULL,0,'2024-06-23 22:14:50','2024-06-23 22:14:50'),
 (117,NULL,9,'Subject for Tell a Friend','2023-10-03 02:24:57',5,NULL,NULL,NULL,NULL,2,NULL,NULL,0,NULL,0,NULL,1,NULL,NULL,0,NULL,NULL,NULL,0,'2024-06-23 22:14:50','2024-06-23 22:14:50'),
 (118,NULL,2,'Subject for Phone Call','2023-08-20 15:03:30',6,NULL,NULL,NULL,NULL,2,NULL,NULL,0,NULL,0,NULL,1,NULL,NULL,0,NULL,NULL,NULL,0,'2024-06-23 22:14:50','2024-06-23 22:14:50'),
 (119,NULL,9,'Subject for Tell a Friend','2024-06-22 20:07:03',6,NULL,NULL,NULL,NULL,2,NULL,NULL,0,NULL,0,NULL,1,NULL,NULL,0,NULL,NULL,NULL,0,'2024-06-23 22:14:50','2024-06-23 22:14:50'),
 (120,NULL,22,'Subject for Print/Merge Document','2024-02-24 13:56:02',3,NULL,NULL,NULL,NULL,2,NULL,NULL,0,NULL,0,NULL,1,NULL,NULL,0,NULL,NULL,NULL,0,'2024-06-23 22:14:50','2024-06-23 22:14:50'),
 (121,NULL,56,'Subject for Interview','2023-11-01 20:09:22',4,NULL,NULL,NULL,NULL,2,NULL,NULL,0,NULL,0,NULL,1,NULL,NULL,0,NULL,NULL,NULL,0,'2024-06-23 22:14:50','2024-06-23 22:14:50'),
 (122,NULL,1,'Subject for Meeting','2023-10-11 13:04:48',1,NULL,NULL,NULL,NULL,2,NULL,NULL,0,NULL,0,NULL,1,NULL,NULL,0,NULL,NULL,NULL,0,'2024-06-23 22:14:50','2024-06-23 22:14:50'),
 (123,NULL,9,'Subject for Tell a Friend','2023-09-17 00:54:10',1,NULL,NULL,NULL,NULL,2,NULL,NULL,0,NULL,0,NULL,1,NULL,NULL,0,NULL,NULL,NULL,0,'2024-06-23 22:14:50','2024-06-23 22:14:50'),
 (124,NULL,2,'Subject for Phone Call','2023-11-30 13:56:33',5,NULL,NULL,NULL,NULL,2,NULL,NULL,0,NULL,0,NULL,1,NULL,NULL,0,NULL,NULL,NULL,0,'2024-06-23 22:14:50','2024-06-23 22:14:50'),
 (125,NULL,2,'Subject for Phone Call','2023-06-26 05:51:54',1,NULL,NULL,NULL,NULL,2,NULL,NULL,0,NULL,0,NULL,1,NULL,NULL,0,NULL,NULL,NULL,0,'2024-06-23 22:14:51','2024-06-23 22:14:51'),
 (126,NULL,1,'Subject for Meeting','2023-08-13 21:26:58',5,NULL,NULL,NULL,NULL,2,NULL,NULL,0,NULL,0,NULL,1,NULL,NULL,0,NULL,NULL,NULL,0,'2024-06-23 22:14:51','2024-06-23 22:14:51'),
 (127,NULL,1,'Subject for Meeting','2023-09-13 21:51:41',3,NULL,NULL,NULL,NULL,2,NULL,NULL,0,NULL,0,NULL,1,NULL,NULL,0,NULL,NULL,NULL,0,'2024-06-23 22:14:51','2024-06-23 22:14:51'),
 (128,NULL,9,'Subject for Tell a Friend','2023-09-15 13:16:25',6,NULL,NULL,NULL,NULL,2,NULL,NULL,0,NULL,0,NULL,1,NULL,NULL,0,NULL,NULL,NULL,0,'2024-06-23 22:14:51','2024-06-23 22:14:51'),
 (129,NULL,22,'Subject for Print/Merge Document','2024-05-28 00:10:54',4,NULL,NULL,NULL,NULL,2,NULL,NULL,0,NULL,0,NULL,1,NULL,NULL,0,NULL,NULL,NULL,0,'2024-06-23 22:14:51','2024-06-23 22:14:51'),
 (130,NULL,2,'Subject for Phone Call','2024-04-02 15:20:17',3,NULL,NULL,NULL,NULL,2,NULL,NULL,0,NULL,0,NULL,1,NULL,NULL,0,NULL,NULL,NULL,0,'2024-06-23 22:14:51','2024-06-23 22:14:51'),
 (131,NULL,2,'Subject for Phone Call','2024-05-20 11:44:31',3,NULL,NULL,NULL,NULL,2,NULL,NULL,0,NULL,0,NULL,1,NULL,NULL,0,NULL,NULL,NULL,0,'2024-06-23 22:14:51','2024-06-23 22:14:51'),
 (132,NULL,2,'Subject for Phone Call','2023-07-25 06:42:07',1,NULL,NULL,NULL,NULL,2,NULL,NULL,0,NULL,0,NULL,1,NULL,NULL,0,NULL,NULL,NULL,0,'2024-06-23 22:14:51','2024-06-23 22:14:51'),
 (133,NULL,1,'Subject for Meeting','2024-01-22 02:19:39',4,NULL,NULL,NULL,NULL,2,NULL,NULL,0,NULL,0,NULL,1,NULL,NULL,0,NULL,NULL,NULL,0,'2024-06-23 22:14:51','2024-06-23 22:14:51'),
 (134,NULL,56,'Subject for Interview','2024-05-25 01:01:08',1,NULL,NULL,NULL,NULL,2,NULL,NULL,0,NULL,0,NULL,1,NULL,NULL,0,NULL,NULL,NULL,0,'2024-06-23 22:14:51','2024-06-23 22:14:51'),
 (135,NULL,22,'Subject for Print/Merge Document','2024-06-22 06:50:42',1,NULL,NULL,NULL,NULL,2,NULL,NULL,0,NULL,0,NULL,1,NULL,NULL,0,NULL,NULL,NULL,0,'2024-06-23 22:14:51','2024-06-23 22:14:51'),
 (136,NULL,56,'Subject for Interview','2024-06-13 10:53:54',3,NULL,NULL,NULL,NULL,2,NULL,NULL,0,NULL,0,NULL,1,NULL,NULL,0,NULL,NULL,NULL,0,'2024-06-23 22:14:51','2024-06-23 22:14:51'),
 (137,NULL,2,'Subject for Phone Call','2023-12-23 16:33:32',1,NULL,NULL,NULL,NULL,2,NULL,NULL,0,NULL,0,NULL,1,NULL,NULL,0,NULL,NULL,NULL,0,'2024-06-23 22:14:51','2024-06-23 22:14:51'),
 (138,NULL,56,'Subject for Interview','2023-12-28 21:23:56',1,NULL,NULL,NULL,NULL,2,NULL,NULL,0,NULL,0,NULL,1,NULL,NULL,0,NULL,NULL,NULL,0,'2024-06-23 22:14:51','2024-06-23 22:14:51'),
 (139,NULL,56,'Subject for Interview','2024-06-18 01:43:37',1,NULL,NULL,NULL,NULL,2,NULL,NULL,0,NULL,0,NULL,1,NULL,NULL,0,NULL,NULL,NULL,0,'2024-06-23 22:14:51','2024-06-23 22:14:51'),
 (140,NULL,22,'Subject for Print/Merge Document','2023-10-09 23:06:46',1,NULL,NULL,NULL,NULL,2,NULL,NULL,0,NULL,0,NULL,1,NULL,NULL,0,NULL,NULL,NULL,0,'2024-06-23 22:14:51','2024-06-23 22:14:51'),
 (141,NULL,22,'Subject for Print/Merge Document','2023-10-04 13:45:03',1,NULL,NULL,NULL,NULL,2,NULL,NULL,0,NULL,0,NULL,1,NULL,NULL,0,NULL,NULL,NULL,0,'2024-06-23 22:14:51','2024-06-23 22:14:51'),
 (142,NULL,56,'Subject for Interview','2024-05-17 02:03:57',4,NULL,NULL,NULL,NULL,2,NULL,NULL,0,NULL,0,NULL,1,NULL,NULL,0,NULL,NULL,NULL,0,'2024-06-23 22:14:51','2024-06-23 22:14:51'),
 (143,NULL,1,'Subject for Meeting','2023-11-08 20:36:52',1,NULL,NULL,NULL,NULL,2,NULL,NULL,0,NULL,0,NULL,1,NULL,NULL,0,NULL,NULL,NULL,0,'2024-06-23 22:14:51','2024-06-23 22:14:51'),
 (144,NULL,22,'Subject for Print/Merge Document','2024-01-04 08:18:31',3,NULL,NULL,NULL,NULL,2,NULL,NULL,0,NULL,0,NULL,1,NULL,NULL,0,NULL,NULL,NULL,0,'2024-06-23 22:14:51','2024-06-23 22:14:51'),
 (145,NULL,2,'Subject for Phone Call','2024-01-25 06:32:16',2,NULL,NULL,NULL,NULL,2,NULL,NULL,0,NULL,0,NULL,1,NULL,NULL,0,NULL,NULL,NULL,0,'2024-06-23 22:14:51','2024-06-23 22:14:51'),
 (146,NULL,22,'Subject for Print/Merge Document','2023-08-17 22:38:24',6,NULL,NULL,NULL,NULL,2,NULL,NULL,0,NULL,0,NULL,1,NULL,NULL,0,NULL,NULL,NULL,0,'2024-06-23 22:14:51','2024-06-23 22:14:51'),
 (147,NULL,2,'Subject for Phone Call','2024-01-05 22:47:10',1,NULL,NULL,NULL,NULL,2,NULL,NULL,0,NULL,0,NULL,1,NULL,NULL,0,NULL,NULL,NULL,0,'2024-06-23 22:14:51','2024-06-23 22:14:51'),
 (148,NULL,2,'Subject for Phone Call','2024-03-20 00:13:58',2,NULL,NULL,NULL,NULL,2,NULL,NULL,0,NULL,0,NULL,1,NULL,NULL,0,NULL,NULL,NULL,0,'2024-06-23 22:14:51','2024-06-23 22:14:51'),
 (149,NULL,2,'Subject for Phone Call','2023-11-10 06:28:29',2,NULL,NULL,NULL,NULL,2,NULL,NULL,0,NULL,0,NULL,1,NULL,NULL,0,NULL,NULL,NULL,0,'2024-06-23 22:14:51','2024-06-23 22:14:51'),
 (150,NULL,9,'Subject for Tell a Friend','2024-03-05 13:50:03',3,NULL,NULL,NULL,NULL,2,NULL,NULL,0,NULL,0,NULL,1,NULL,NULL,0,NULL,NULL,NULL,0,'2024-06-23 22:14:51','2024-06-23 22:14:51'),
 (151,NULL,2,'Subject for Phone Call','2024-02-12 05:25:06',6,NULL,NULL,NULL,NULL,2,NULL,NULL,0,NULL,0,NULL,1,NULL,NULL,0,NULL,NULL,NULL,0,'2024-06-23 22:14:51','2024-06-23 22:14:51'),
 (152,NULL,56,'Subject for Interview','2023-12-05 12:17:51',4,NULL,NULL,NULL,NULL,2,NULL,NULL,0,NULL,0,NULL,1,NULL,NULL,0,NULL,NULL,NULL,0,'2024-06-23 22:14:51','2024-06-23 22:14:51'),
 (153,NULL,1,'Subject for Meeting','2024-03-22 20:01:49',5,NULL,NULL,NULL,NULL,2,NULL,NULL,0,NULL,0,NULL,1,NULL,NULL,0,NULL,NULL,NULL,0,'2024-06-23 22:14:51','2024-06-23 22:14:51'),
 (154,NULL,22,'Subject for Print/Merge Document','2023-08-29 05:30:37',3,NULL,NULL,NULL,NULL,2,NULL,NULL,0,NULL,0,NULL,1,NULL,NULL,0,NULL,NULL,NULL,0,'2024-06-23 22:14:51','2024-06-23 22:14:51'),
 (155,NULL,9,'Subject for Tell a Friend','2023-08-05 00:55:56',5,NULL,NULL,NULL,NULL,2,NULL,NULL,0,NULL,0,NULL,1,NULL,NULL,0,NULL,NULL,NULL,0,'2024-06-23 22:14:51','2024-06-23 22:14:51'),
 (156,NULL,9,'Subject for Tell a Friend','2024-02-07 20:41:48',4,NULL,NULL,NULL,NULL,2,NULL,NULL,0,NULL,0,NULL,1,NULL,NULL,0,NULL,NULL,NULL,0,'2024-06-23 22:14:51','2024-06-23 22:14:51'),
 (157,NULL,56,'Subject for Interview','2024-04-19 04:04:27',6,NULL,NULL,NULL,NULL,2,NULL,NULL,0,NULL,0,NULL,1,NULL,NULL,0,NULL,NULL,NULL,0,'2024-06-23 22:14:51','2024-06-23 22:14:51'),
 (158,NULL,56,'Subject for Interview','2024-01-04 07:11:32',4,NULL,NULL,NULL,NULL,2,NULL,NULL,0,NULL,0,NULL,1,NULL,NULL,0,NULL,NULL,NULL,0,'2024-06-23 22:14:51','2024-06-23 22:14:51'),
 (159,NULL,1,'Subject for Meeting','2023-11-07 01:36:26',5,NULL,NULL,NULL,NULL,2,NULL,NULL,0,NULL,0,NULL,1,NULL,NULL,0,NULL,NULL,NULL,0,'2024-06-23 22:14:51','2024-06-23 22:14:51'),
 (160,NULL,2,'Subject for Phone Call','2023-10-07 10:55:31',5,NULL,NULL,NULL,NULL,2,NULL,NULL,0,NULL,0,NULL,1,NULL,NULL,0,NULL,NULL,NULL,0,'2024-06-23 22:14:51','2024-06-23 22:14:51'),
 (161,NULL,9,'Subject for Tell a Friend','2024-04-12 00:48:44',4,NULL,NULL,NULL,NULL,2,NULL,NULL,0,NULL,0,NULL,1,NULL,NULL,0,NULL,NULL,NULL,0,'2024-06-23 22:14:51','2024-06-23 22:14:51'),
 (162,NULL,1,'Subject for Meeting','2023-09-29 00:34:10',6,NULL,NULL,NULL,NULL,2,NULL,NULL,0,NULL,0,NULL,1,NULL,NULL,0,NULL,NULL,NULL,0,'2024-06-23 22:14:51','2024-06-23 22:14:51'),
 (163,NULL,22,'Subject for Print/Merge Document','2023-11-20 15:34:58',4,NULL,NULL,NULL,NULL,2,NULL,NULL,0,NULL,0,NULL,1,NULL,NULL,0,NULL,NULL,NULL,0,'2024-06-23 22:14:51','2024-06-23 22:14:51'),
 (164,NULL,9,'Subject for Tell a Friend','2024-05-05 00:45:08',4,NULL,NULL,NULL,NULL,2,NULL,NULL,0,NULL,0,NULL,1,NULL,NULL,0,NULL,NULL,NULL,0,'2024-06-23 22:14:51','2024-06-23 22:14:51'),
 (165,NULL,9,'Subject for Tell a Friend','2023-07-24 10:12:29',5,NULL,NULL,NULL,NULL,2,NULL,NULL,0,NULL,0,NULL,1,NULL,NULL,0,NULL,NULL,NULL,0,'2024-06-23 22:14:51','2024-06-23 22:14:51'),
 (166,NULL,22,'Subject for Print/Merge Document','2023-08-18 21:42:22',4,NULL,NULL,NULL,NULL,2,NULL,NULL,0,NULL,0,NULL,1,NULL,NULL,0,NULL,NULL,NULL,0,'2024-06-23 22:14:51','2024-06-23 22:14:51'),
 (167,NULL,2,'Subject for Phone Call','2024-03-18 22:21:41',6,NULL,NULL,NULL,NULL,2,NULL,NULL,0,NULL,0,NULL,1,NULL,NULL,0,NULL,NULL,NULL,0,'2024-06-23 22:14:51','2024-06-23 22:14:51'),
 (168,NULL,9,'Subject for Tell a Friend','2023-12-25 07:54:25',4,NULL,NULL,NULL,NULL,2,NULL,NULL,0,NULL,0,NULL,1,NULL,NULL,0,NULL,NULL,NULL,0,'2024-06-23 22:14:51','2024-06-23 22:14:51'),
 (169,NULL,9,'Subject for Tell a Friend','2024-06-11 19:48:52',6,NULL,NULL,NULL,NULL,2,NULL,NULL,0,NULL,0,NULL,1,NULL,NULL,0,NULL,NULL,NULL,0,'2024-06-23 22:14:51','2024-06-23 22:14:51'),
 (170,NULL,9,'Subject for Tell a Friend','2024-04-22 19:50:47',2,NULL,NULL,NULL,NULL,2,NULL,NULL,0,NULL,0,NULL,1,NULL,NULL,0,NULL,NULL,NULL,0,'2024-06-23 22:14:51','2024-06-23 22:14:51'),
 (171,NULL,1,'Subject for Meeting','2024-05-22 16:29:48',3,NULL,NULL,NULL,NULL,2,NULL,NULL,0,NULL,0,NULL,1,NULL,NULL,0,NULL,NULL,NULL,0,'2024-06-23 22:14:51','2024-06-23 22:14:51'),
 (172,NULL,22,'Subject for Print/Merge Document','2023-11-12 19:19:51',4,NULL,NULL,NULL,NULL,2,NULL,NULL,0,NULL,0,NULL,1,NULL,NULL,0,NULL,NULL,NULL,0,'2024-06-23 22:14:51','2024-06-23 22:14:51'),
 (173,NULL,2,'Subject for Phone Call','2023-07-30 16:47:48',5,NULL,NULL,NULL,NULL,2,NULL,NULL,0,NULL,0,NULL,1,NULL,NULL,0,NULL,NULL,NULL,0,'2024-06-23 22:14:51','2024-06-23 22:14:51'),
 (174,NULL,56,'Subject for Interview','2023-12-16 14:14:55',5,NULL,NULL,NULL,NULL,2,NULL,NULL,0,NULL,0,NULL,1,NULL,NULL,0,NULL,NULL,NULL,0,'2024-06-23 22:14:51','2024-06-23 22:14:51'),
 (175,NULL,22,'Subject for Print/Merge Document','2023-08-06 23:43:22',3,NULL,NULL,NULL,NULL,2,NULL,NULL,0,NULL,0,NULL,1,NULL,NULL,0,NULL,NULL,NULL,0,'2024-06-23 22:14:51','2024-06-23 22:14:51'),
 (176,NULL,56,'Subject for Interview','2024-03-26 22:35:07',4,NULL,NULL,NULL,NULL,2,NULL,NULL,0,NULL,0,NULL,1,NULL,NULL,0,NULL,NULL,NULL,0,'2024-06-23 22:14:51','2024-06-23 22:14:51'),
 (177,NULL,1,'Subject for Meeting','2023-12-18 03:35:00',4,NULL,NULL,NULL,NULL,2,NULL,NULL,0,NULL,0,NULL,1,NULL,NULL,0,NULL,NULL,NULL,0,'2024-06-23 22:14:51','2024-06-23 22:14:51'),
 (178,NULL,2,'Subject for Phone Call','2024-05-04 05:10:27',6,NULL,NULL,NULL,NULL,2,NULL,NULL,0,NULL,0,NULL,1,NULL,NULL,0,NULL,NULL,NULL,0,'2024-06-23 22:14:51','2024-06-23 22:14:51'),
 (179,NULL,22,'Subject for Print/Merge Document','2023-09-16 00:37:41',5,NULL,NULL,NULL,NULL,2,NULL,NULL,0,NULL,0,NULL,1,NULL,NULL,0,NULL,NULL,NULL,0,'2024-06-23 22:14:51','2024-06-23 22:14:51'),
 (180,NULL,2,'Subject for Phone Call','2023-08-25 16:28:25',3,NULL,NULL,NULL,NULL,2,NULL,NULL,0,NULL,0,NULL,1,NULL,NULL,0,NULL,NULL,NULL,0,'2024-06-23 22:14:51','2024-06-23 22:14:51'),
 (181,NULL,22,'Subject for Print/Merge Document','2023-09-12 14:28:00',5,NULL,NULL,NULL,NULL,2,NULL,NULL,0,NULL,0,NULL,1,NULL,NULL,0,NULL,NULL,NULL,0,'2024-06-23 22:14:51','2024-06-23 22:14:51'),
 (182,NULL,1,'Subject for Meeting','2023-08-06 07:58:06',3,NULL,NULL,NULL,NULL,2,NULL,NULL,0,NULL,0,NULL,1,NULL,NULL,0,NULL,NULL,NULL,0,'2024-06-23 22:14:51','2024-06-23 22:14:51'),
 (183,NULL,2,'Subject for Phone Call','2024-06-08 02:41:56',1,NULL,NULL,NULL,NULL,2,NULL,NULL,0,NULL,0,NULL,1,NULL,NULL,0,NULL,NULL,NULL,0,'2024-06-23 22:14:51','2024-06-23 22:14:51'),
 (184,NULL,2,'Subject for Phone Call','2023-09-25 09:01:23',3,NULL,NULL,NULL,NULL,2,NULL,NULL,0,NULL,0,NULL,1,NULL,NULL,0,NULL,NULL,NULL,0,'2024-06-23 22:14:51','2024-06-23 22:14:51'),
 (185,NULL,56,'Subject for Interview','2024-04-19 09:04:18',6,NULL,NULL,NULL,NULL,2,NULL,NULL,0,NULL,0,NULL,1,NULL,NULL,0,NULL,NULL,NULL,0,'2024-06-23 22:14:51','2024-06-23 22:14:51'),
 (186,NULL,22,'Subject for Print/Merge Document','2023-09-10 05:52:25',6,NULL,NULL,NULL,NULL,2,NULL,NULL,0,NULL,0,NULL,1,NULL,NULL,0,NULL,NULL,NULL,0,'2024-06-23 22:14:51','2024-06-23 22:14:51'),
 (187,NULL,9,'Subject for Tell a Friend','2023-09-09 01:24:40',5,NULL,NULL,NULL,NULL,2,NULL,NULL,0,NULL,0,NULL,1,NULL,NULL,0,NULL,NULL,NULL,0,'2024-06-23 22:14:51','2024-06-23 22:14:51'),
 (188,NULL,1,'Subject for Meeting','2023-11-06 19:12:41',1,NULL,NULL,NULL,NULL,2,NULL,NULL,0,NULL,0,NULL,1,NULL,NULL,0,NULL,NULL,NULL,0,'2024-06-23 22:14:51','2024-06-23 22:14:51'),
 (189,NULL,2,'Subject for Phone Call','2023-09-06 02:31:16',3,NULL,NULL,NULL,NULL,2,NULL,NULL,0,NULL,0,NULL,1,NULL,NULL,0,NULL,NULL,NULL,0,'2024-06-23 22:14:51','2024-06-23 22:14:51'),
 (190,NULL,56,'Subject for Interview','2023-11-26 13:37:15',4,NULL,NULL,NULL,NULL,2,NULL,NULL,0,NULL,0,NULL,1,NULL,NULL,0,NULL,NULL,NULL,0,'2024-06-23 22:14:51','2024-06-23 22:14:51'),
 (191,NULL,9,'Subject for Tell a Friend','2023-07-23 08:19:51',6,NULL,NULL,NULL,NULL,2,NULL,NULL,0,NULL,0,NULL,1,NULL,NULL,0,NULL,NULL,NULL,0,'2024-06-23 22:14:51','2024-06-23 22:14:51'),
 (192,NULL,2,'Subject for Phone Call','2023-11-12 07:38:47',4,NULL,NULL,NULL,NULL,2,NULL,NULL,0,NULL,0,NULL,1,NULL,NULL,0,NULL,NULL,NULL,0,'2024-06-23 22:14:51','2024-06-23 22:14:51'),
 (193,NULL,2,'Subject for Phone Call','2024-01-17 22:15:30',1,NULL,NULL,NULL,NULL,2,NULL,NULL,0,NULL,0,NULL,1,NULL,NULL,0,NULL,NULL,NULL,0,'2024-06-23 22:14:51','2024-06-23 22:14:51'),
 (194,NULL,22,'Subject for Print/Merge Document','2023-11-25 22:00:39',1,NULL,NULL,NULL,NULL,2,NULL,NULL,0,NULL,0,NULL,1,NULL,NULL,0,NULL,NULL,NULL,0,'2024-06-23 22:14:51','2024-06-23 22:14:51'),
 (195,NULL,2,'Subject for Phone Call','2024-06-01 08:48:21',3,NULL,NULL,NULL,NULL,2,NULL,NULL,0,NULL,0,NULL,1,NULL,NULL,0,NULL,NULL,NULL,0,'2024-06-23 22:14:51','2024-06-23 22:14:51'),
 (196,NULL,22,'Subject for Print/Merge Document','2023-07-15 02:09:43',2,NULL,NULL,NULL,NULL,2,NULL,NULL,0,NULL,0,NULL,1,NULL,NULL,0,NULL,NULL,NULL,0,'2024-06-23 22:14:51','2024-06-23 22:14:51'),
 (197,NULL,2,'Subject for Phone Call','2024-01-27 01:57:10',5,NULL,NULL,NULL,NULL,2,NULL,NULL,0,NULL,0,NULL,1,NULL,NULL,0,NULL,NULL,NULL,0,'2024-06-23 22:14:51','2024-06-23 22:14:51'),
 (198,NULL,9,'Subject for Tell a Friend','2024-02-28 17:13:34',1,NULL,NULL,NULL,NULL,2,NULL,NULL,0,NULL,0,NULL,1,NULL,NULL,0,NULL,NULL,NULL,0,'2024-06-23 22:14:51','2024-06-23 22:14:51'),
 (199,NULL,1,'Subject for Meeting','2023-08-04 21:07:04',6,NULL,NULL,NULL,NULL,2,NULL,NULL,0,NULL,0,NULL,1,NULL,NULL,0,NULL,NULL,NULL,0,'2024-06-23 22:14:51','2024-06-23 22:14:51'),
 (200,NULL,1,'Subject for Meeting','2024-02-25 16:08:01',4,NULL,NULL,NULL,NULL,2,NULL,NULL,0,NULL,0,NULL,1,NULL,NULL,0,NULL,NULL,NULL,0,'2024-06-23 22:14:51','2024-06-23 22:14:51'),
 (201,NULL,56,'Subject for Interview','2024-03-31 04:48:19',1,NULL,NULL,NULL,NULL,2,NULL,NULL,0,NULL,0,NULL,1,NULL,NULL,0,NULL,NULL,NULL,0,'2024-06-23 22:14:51','2024-06-23 22:14:51'),
 (202,NULL,22,'Subject for Print/Merge Document','2024-01-05 06:42:14',3,NULL,NULL,NULL,NULL,2,NULL,NULL,0,NULL,0,NULL,1,NULL,NULL,0,NULL,NULL,NULL,0,'2024-06-23 22:14:51','2024-06-23 22:14:51'),
 (203,NULL,1,'Subject for Meeting','2024-06-13 06:51:50',1,NULL,NULL,NULL,NULL,2,NULL,NULL,0,NULL,0,NULL,1,NULL,NULL,0,NULL,NULL,NULL,0,'2024-06-23 22:14:51','2024-06-23 22:14:51'),
 (204,NULL,9,'Subject for Tell a Friend','2023-11-20 08:26:44',2,NULL,NULL,NULL,NULL,2,NULL,NULL,0,NULL,0,NULL,1,NULL,NULL,0,NULL,NULL,NULL,0,'2024-06-23 22:14:51','2024-06-23 22:14:51'),
 (205,NULL,22,'Subject for Print/Merge Document','2024-05-05 06:11:23',5,NULL,NULL,NULL,NULL,2,NULL,NULL,0,NULL,0,NULL,1,NULL,NULL,0,NULL,NULL,NULL,0,'2024-06-23 22:14:51','2024-06-23 22:14:51'),
 (206,NULL,22,'Subject for Print/Merge Document','2023-07-28 23:23:45',1,NULL,NULL,NULL,NULL,2,NULL,NULL,0,NULL,0,NULL,1,NULL,NULL,0,NULL,NULL,NULL,0,'2024-06-23 22:14:51','2024-06-23 22:14:51'),
 (207,NULL,2,'Subject for Phone Call','2024-02-21 17:20:46',3,NULL,NULL,NULL,NULL,2,NULL,NULL,0,NULL,0,NULL,1,NULL,NULL,0,NULL,NULL,NULL,0,'2024-06-23 22:14:51','2024-06-23 22:14:51'),
 (208,NULL,22,'Subject for Print/Merge Document','2023-09-20 22:17:28',3,NULL,NULL,NULL,NULL,2,NULL,NULL,0,NULL,0,NULL,1,NULL,NULL,0,NULL,NULL,NULL,0,'2024-06-23 22:14:51','2024-06-23 22:14:51'),
 (209,NULL,9,'Subject for Tell a Friend','2024-02-25 18:21:59',6,NULL,NULL,NULL,NULL,2,NULL,NULL,0,NULL,0,NULL,1,NULL,NULL,0,NULL,NULL,NULL,0,'2024-06-23 22:14:51','2024-06-23 22:14:51'),
 (210,NULL,56,'Subject for Interview','2023-12-08 09:15:47',4,NULL,NULL,NULL,NULL,2,NULL,NULL,0,NULL,0,NULL,1,NULL,NULL,0,NULL,NULL,NULL,0,'2024-06-23 22:14:51','2024-06-23 22:14:51'),
 (211,NULL,22,'Subject for Print/Merge Document','2023-06-26 00:24:56',5,NULL,NULL,NULL,NULL,2,NULL,NULL,0,NULL,0,NULL,1,NULL,NULL,0,NULL,NULL,NULL,0,'2024-06-23 22:14:51','2024-06-23 22:14:51'),
 (212,NULL,56,'Subject for Interview','2024-02-16 18:35:08',3,NULL,NULL,NULL,NULL,2,NULL,NULL,0,NULL,0,NULL,1,NULL,NULL,0,NULL,NULL,NULL,0,'2024-06-23 22:14:51','2024-06-23 22:14:51'),
 (213,NULL,9,'Subject for Tell a Friend','2024-04-28 19:51:15',4,NULL,NULL,NULL,NULL,2,NULL,NULL,0,NULL,0,NULL,1,NULL,NULL,0,NULL,NULL,NULL,0,'2024-06-23 22:14:51','2024-06-23 22:14:51'),
 (214,NULL,1,'Subject for Meeting','2023-07-08 14:17:12',5,NULL,NULL,NULL,NULL,2,NULL,NULL,0,NULL,0,NULL,1,NULL,NULL,0,NULL,NULL,NULL,0,'2024-06-23 22:14:51','2024-06-23 22:14:51'),
 (215,NULL,56,'Subject for Interview','2023-09-08 07:20:59',4,NULL,NULL,NULL,NULL,2,NULL,NULL,0,NULL,0,NULL,1,NULL,NULL,0,NULL,NULL,NULL,0,'2024-06-23 22:14:51','2024-06-23 22:14:51'),
 (216,NULL,9,'Subject for Tell a Friend','2023-09-02 05:59:07',1,NULL,NULL,NULL,NULL,2,NULL,NULL,0,NULL,0,NULL,1,NULL,NULL,0,NULL,NULL,NULL,0,'2024-06-23 22:14:51','2024-06-23 22:14:51'),
 (217,NULL,1,'Subject for Meeting','2023-12-28 04:49:57',4,NULL,NULL,NULL,NULL,2,NULL,NULL,0,NULL,0,NULL,1,NULL,NULL,0,NULL,NULL,NULL,0,'2024-06-23 22:14:51','2024-06-23 22:14:51'),
 (218,NULL,56,'Subject for Interview','2024-04-03 18:00:50',4,NULL,NULL,NULL,NULL,2,NULL,NULL,0,NULL,0,NULL,1,NULL,NULL,0,NULL,NULL,NULL,0,'2024-06-23 22:14:51','2024-06-23 22:14:51'),
 (219,NULL,1,'Subject for Meeting','2023-07-11 05:09:28',1,NULL,NULL,NULL,NULL,2,NULL,NULL,0,NULL,0,NULL,1,NULL,NULL,0,NULL,NULL,NULL,0,'2024-06-23 22:14:51','2024-06-23 22:14:51'),
 (220,NULL,22,'Subject for Print/Merge Document','2023-08-30 22:58:39',1,NULL,NULL,NULL,NULL,2,NULL,NULL,0,NULL,0,NULL,1,NULL,NULL,0,NULL,NULL,NULL,0,'2024-06-23 22:14:51','2024-06-23 22:14:51'),
 (221,NULL,56,'Subject for Interview','2024-03-17 18:53:06',1,NULL,NULL,NULL,NULL,2,NULL,NULL,0,NULL,0,NULL,1,NULL,NULL,0,NULL,NULL,NULL,0,'2024-06-23 22:14:51','2024-06-23 22:14:51'),
 (222,NULL,1,'Subject for Meeting','2023-09-02 12:28:48',1,NULL,NULL,NULL,NULL,2,NULL,NULL,0,NULL,0,NULL,1,NULL,NULL,0,NULL,NULL,NULL,0,'2024-06-23 22:14:51','2024-06-23 22:14:51'),
 (223,NULL,2,'Subject for Phone Call','2023-12-25 11:03:06',5,NULL,NULL,NULL,NULL,2,NULL,NULL,0,NULL,0,NULL,1,NULL,NULL,0,NULL,NULL,NULL,0,'2024-06-23 22:14:51','2024-06-23 22:14:51'),
 (224,NULL,2,'Subject for Phone Call','2023-10-30 15:04:23',5,NULL,NULL,NULL,NULL,2,NULL,NULL,0,NULL,0,NULL,1,NULL,NULL,0,NULL,NULL,NULL,0,'2024-06-23 22:14:51','2024-06-23 22:14:51'),
 (225,NULL,2,'Subject for Phone Call','2024-02-07 01:47:25',5,NULL,NULL,NULL,NULL,2,NULL,NULL,0,NULL,0,NULL,1,NULL,NULL,0,NULL,NULL,NULL,0,'2024-06-23 22:14:51','2024-06-23 22:14:51'),
 (226,NULL,56,'Subject for Interview','2024-04-12 03:02:32',6,NULL,NULL,NULL,NULL,2,NULL,NULL,0,NULL,0,NULL,1,NULL,NULL,0,NULL,NULL,NULL,0,'2024-06-23 22:14:51','2024-06-23 22:14:51'),
 (227,NULL,9,'Subject for Tell a Friend','2023-10-28 04:00:24',6,NULL,NULL,NULL,NULL,2,NULL,NULL,0,NULL,0,NULL,1,NULL,NULL,0,NULL,NULL,NULL,0,'2024-06-23 22:14:51','2024-06-23 22:14:51'),
 (228,NULL,9,'Subject for Tell a Friend','2023-06-25 01:28:52',5,NULL,NULL,NULL,NULL,2,NULL,NULL,0,NULL,0,NULL,1,NULL,NULL,0,NULL,NULL,NULL,0,'2024-06-23 22:14:51','2024-06-23 22:14:51'),
 (229,NULL,9,'Subject for Tell a Friend','2024-06-01 05:55:30',1,NULL,NULL,NULL,NULL,2,NULL,NULL,0,NULL,0,NULL,1,NULL,NULL,0,NULL,NULL,NULL,0,'2024-06-23 22:14:51','2024-06-23 22:14:51'),
 (230,NULL,9,'Subject for Tell a Friend','2023-10-27 02:54:16',3,NULL,NULL,NULL,NULL,2,NULL,NULL,0,NULL,0,NULL,1,NULL,NULL,0,NULL,NULL,NULL,0,'2024-06-23 22:14:51','2024-06-23 22:14:51'),
 (231,NULL,56,'Subject for Interview','2024-05-19 20:18:25',1,NULL,NULL,NULL,NULL,2,NULL,NULL,0,NULL,0,NULL,1,NULL,NULL,0,NULL,NULL,NULL,0,'2024-06-23 22:14:51','2024-06-23 22:14:51'),
 (232,NULL,9,'Subject for Tell a Friend','2023-10-21 09:14:18',3,NULL,NULL,NULL,NULL,2,NULL,NULL,0,NULL,0,NULL,1,NULL,NULL,0,NULL,NULL,NULL,0,'2024-06-23 22:14:51','2024-06-23 22:14:51'),
 (233,NULL,1,'Subject for Meeting','2024-04-09 02:48:25',5,NULL,NULL,NULL,NULL,2,NULL,NULL,0,NULL,0,NULL,1,NULL,NULL,0,NULL,NULL,NULL,0,'2024-06-23 22:14:51','2024-06-23 22:14:51'),
 (234,NULL,22,'Subject for Print/Merge Document','2023-11-17 07:41:06',3,NULL,NULL,NULL,NULL,2,NULL,NULL,0,NULL,0,NULL,1,NULL,NULL,0,NULL,NULL,NULL,0,'2024-06-23 22:14:51','2024-06-23 22:14:51'),
 (235,NULL,56,'Subject for Interview','2024-03-17 15:00:35',4,NULL,NULL,NULL,NULL,2,NULL,NULL,0,NULL,0,NULL,1,NULL,NULL,0,NULL,NULL,NULL,0,'2024-06-23 22:14:51','2024-06-23 22:14:51'),
 (236,NULL,1,'Subject for Meeting','2024-03-27 23:23:50',2,NULL,NULL,NULL,NULL,2,NULL,NULL,0,NULL,0,NULL,1,NULL,NULL,0,NULL,NULL,NULL,0,'2024-06-23 22:14:51','2024-06-23 22:14:51'),
 (237,NULL,22,'Subject for Print/Merge Document','2024-02-07 08:48:14',6,NULL,NULL,NULL,NULL,2,NULL,NULL,0,NULL,0,NULL,1,NULL,NULL,0,NULL,NULL,NULL,0,'2024-06-23 22:14:51','2024-06-23 22:14:51'),
 (238,NULL,22,'Subject for Print/Merge Document','2024-05-12 05:53:06',1,NULL,NULL,NULL,NULL,2,NULL,NULL,0,NULL,0,NULL,1,NULL,NULL,0,NULL,NULL,NULL,0,'2024-06-23 22:14:51','2024-06-23 22:14:51'),
 (239,NULL,56,'Subject for Interview','2024-05-27 15:23:44',5,NULL,NULL,NULL,NULL,2,NULL,NULL,0,NULL,0,NULL,1,NULL,NULL,0,NULL,NULL,NULL,0,'2024-06-23 22:14:51','2024-06-23 22:14:51'),
 (240,NULL,22,'Subject for Print/Merge Document','2024-04-02 06:15:27',1,NULL,NULL,NULL,NULL,2,NULL,NULL,0,NULL,0,NULL,1,NULL,NULL,0,NULL,NULL,NULL,0,'2024-06-23 22:14:51','2024-06-23 22:14:51'),
 (241,NULL,9,'Subject for Tell a Friend','2024-01-09 18:48:55',4,NULL,NULL,NULL,NULL,2,NULL,NULL,0,NULL,0,NULL,1,NULL,NULL,0,NULL,NULL,NULL,0,'2024-06-23 22:14:51','2024-06-23 22:14:51'),
 (242,NULL,1,'Subject for Meeting','2023-10-05 06:50:42',3,NULL,NULL,NULL,NULL,2,NULL,NULL,0,NULL,0,NULL,1,NULL,NULL,0,NULL,NULL,NULL,0,'2024-06-23 22:14:51','2024-06-23 22:14:51'),
 (243,NULL,22,'Subject for Print/Merge Document','2023-12-17 05:27:16',6,NULL,NULL,NULL,NULL,2,NULL,NULL,0,NULL,0,NULL,1,NULL,NULL,0,NULL,NULL,NULL,0,'2024-06-23 22:14:51','2024-06-23 22:14:51'),
 (244,NULL,1,'Subject for Meeting','2023-08-27 18:37:17',6,NULL,NULL,NULL,NULL,2,NULL,NULL,0,NULL,0,NULL,1,NULL,NULL,0,NULL,NULL,NULL,0,'2024-06-23 22:14:51','2024-06-23 22:14:51'),
 (245,NULL,1,'Subject for Meeting','2023-10-31 13:53:57',5,NULL,NULL,NULL,NULL,2,NULL,NULL,0,NULL,0,NULL,1,NULL,NULL,0,NULL,NULL,NULL,0,'2024-06-23 22:14:51','2024-06-23 22:14:51'),
 (246,NULL,2,'Subject for Phone Call','2024-04-12 21:49:59',4,NULL,NULL,NULL,NULL,2,NULL,NULL,0,NULL,0,NULL,1,NULL,NULL,0,NULL,NULL,NULL,0,'2024-06-23 22:14:51','2024-06-23 22:14:51'),
 (247,NULL,22,'Subject for Print/Merge Document','2023-10-05 06:55:01',1,NULL,NULL,NULL,NULL,2,NULL,NULL,0,NULL,0,NULL,1,NULL,NULL,0,NULL,NULL,NULL,0,'2024-06-23 22:14:51','2024-06-23 22:14:51'),
 (248,NULL,1,'Subject for Meeting','2023-10-14 02:25:03',5,NULL,NULL,NULL,NULL,2,NULL,NULL,0,NULL,0,NULL,1,NULL,NULL,0,NULL,NULL,NULL,0,'2024-06-23 22:14:51','2024-06-23 22:14:51'),
 (249,NULL,1,'Subject for Meeting','2023-07-23 07:13:14',6,NULL,NULL,NULL,NULL,2,NULL,NULL,0,NULL,0,NULL,1,NULL,NULL,0,NULL,NULL,NULL,0,'2024-06-23 22:14:51','2024-06-23 22:14:51'),
 (250,NULL,2,'Subject for Phone Call','2024-03-31 10:22:11',4,NULL,NULL,NULL,NULL,2,NULL,NULL,0,NULL,0,NULL,1,NULL,NULL,0,NULL,NULL,NULL,0,'2024-06-23 22:14:51','2024-06-23 22:14:51'),
 (251,NULL,22,'Subject for Print/Merge Document','2024-01-07 12:39:09',2,NULL,NULL,NULL,NULL,2,NULL,NULL,0,NULL,0,NULL,1,NULL,NULL,0,NULL,NULL,NULL,0,'2024-06-23 22:14:51','2024-06-23 22:14:51'),
 (252,NULL,2,'Subject for Phone Call','2023-11-06 20:25:09',3,NULL,NULL,NULL,NULL,2,NULL,NULL,0,NULL,0,NULL,1,NULL,NULL,0,NULL,NULL,NULL,0,'2024-06-23 22:14:51','2024-06-23 22:14:51'),
 (253,NULL,56,'Subject for Interview','2023-12-29 19:46:38',1,NULL,NULL,NULL,NULL,2,NULL,NULL,0,NULL,0,NULL,1,NULL,NULL,0,NULL,NULL,NULL,0,'2024-06-23 22:14:51','2024-06-23 22:14:51'),
 (254,NULL,9,'Subject for Tell a Friend','2023-11-29 06:25:04',4,NULL,NULL,NULL,NULL,2,NULL,NULL,0,NULL,0,NULL,1,NULL,NULL,0,NULL,NULL,NULL,0,'2024-06-23 22:14:51','2024-06-23 22:14:51'),
 (255,NULL,9,'Subject for Tell a Friend','2024-01-13 20:00:13',6,NULL,NULL,NULL,NULL,2,NULL,NULL,0,NULL,0,NULL,1,NULL,NULL,0,NULL,NULL,NULL,0,'2024-06-23 22:14:51','2024-06-23 22:14:51'),
 (256,NULL,22,'Subject for Print/Merge Document','2024-05-25 11:27:50',2,NULL,NULL,NULL,NULL,2,NULL,NULL,0,NULL,0,NULL,1,NULL,NULL,0,NULL,NULL,NULL,0,'2024-06-23 22:14:51','2024-06-23 22:14:51'),
 (257,NULL,9,'Subject for Tell a Friend','2024-02-03 21:40:57',5,NULL,NULL,NULL,NULL,2,NULL,NULL,0,NULL,0,NULL,1,NULL,NULL,0,NULL,NULL,NULL,0,'2024-06-23 22:14:51','2024-06-23 22:14:51'),
 (258,NULL,9,'Subject for Tell a Friend','2023-12-09 10:45:40',4,NULL,NULL,NULL,NULL,2,NULL,NULL,0,NULL,0,NULL,1,NULL,NULL,0,NULL,NULL,NULL,0,'2024-06-23 22:14:51','2024-06-23 22:14:51'),
 (259,NULL,9,'Subject for Tell a Friend','2024-04-10 18:53:34',5,NULL,NULL,NULL,NULL,2,NULL,NULL,0,NULL,0,NULL,1,NULL,NULL,0,NULL,NULL,NULL,0,'2024-06-23 22:14:51','2024-06-23 22:14:51'),
 (260,NULL,56,'Subject for Interview','2023-12-18 19:05:47',1,NULL,NULL,NULL,NULL,2,NULL,NULL,0,NULL,0,NULL,1,NULL,NULL,0,NULL,NULL,NULL,0,'2024-06-23 22:14:51','2024-06-23 22:14:51'),
 (261,NULL,56,'Subject for Interview','2023-09-03 17:42:25',4,NULL,NULL,NULL,NULL,2,NULL,NULL,0,NULL,0,NULL,1,NULL,NULL,0,NULL,NULL,NULL,0,'2024-06-23 22:14:51','2024-06-23 22:14:51'),
 (262,NULL,22,'Subject for Print/Merge Document','2024-05-03 10:07:05',4,NULL,NULL,NULL,NULL,2,NULL,NULL,0,NULL,0,NULL,1,NULL,NULL,0,NULL,NULL,NULL,0,'2024-06-23 22:14:51','2024-06-23 22:14:51'),
 (263,NULL,22,'Subject for Print/Merge Document','2024-03-30 09:25:32',5,NULL,NULL,NULL,NULL,2,NULL,NULL,0,NULL,0,NULL,1,NULL,NULL,0,NULL,NULL,NULL,0,'2024-06-23 22:14:51','2024-06-23 22:14:51'),
 (264,NULL,2,'Subject for Phone Call','2023-11-01 16:08:12',2,NULL,NULL,NULL,NULL,2,NULL,NULL,0,NULL,0,NULL,1,NULL,NULL,0,NULL,NULL,NULL,0,'2024-06-23 22:14:51','2024-06-23 22:14:51'),
 (265,NULL,22,'Subject for Print/Merge Document','2024-04-06 23:10:51',3,NULL,NULL,NULL,NULL,2,NULL,NULL,0,NULL,0,NULL,1,NULL,NULL,0,NULL,NULL,NULL,0,'2024-06-23 22:14:51','2024-06-23 22:14:51'),
 (266,NULL,9,'Subject for Tell a Friend','2024-03-31 17:10:35',2,NULL,NULL,NULL,NULL,2,NULL,NULL,0,NULL,0,NULL,1,NULL,NULL,0,NULL,NULL,NULL,0,'2024-06-23 22:14:51','2024-06-23 22:14:51'),
 (267,NULL,2,'Subject for Phone Call','2024-04-17 19:45:48',4,NULL,NULL,NULL,NULL,2,NULL,NULL,0,NULL,0,NULL,1,NULL,NULL,0,NULL,NULL,NULL,0,'2024-06-23 22:14:51','2024-06-23 22:14:51'),
 (268,NULL,9,'Subject for Tell a Friend','2024-01-30 01:58:55',2,NULL,NULL,NULL,NULL,2,NULL,NULL,0,NULL,0,NULL,1,NULL,NULL,0,NULL,NULL,NULL,0,'2024-06-23 22:14:51','2024-06-23 22:14:51'),
 (269,NULL,2,'Subject for Phone Call','2023-10-24 09:13:41',3,NULL,NULL,NULL,NULL,2,NULL,NULL,0,NULL,0,NULL,1,NULL,NULL,0,NULL,NULL,NULL,0,'2024-06-23 22:14:51','2024-06-23 22:14:51'),
 (270,NULL,9,'Subject for Tell a Friend','2024-02-15 19:45:08',5,NULL,NULL,NULL,NULL,2,NULL,NULL,0,NULL,0,NULL,1,NULL,NULL,0,NULL,NULL,NULL,0,'2024-06-23 22:14:51','2024-06-23 22:14:51'),
 (271,NULL,2,'Subject for Phone Call','2023-08-16 19:43:30',6,NULL,NULL,NULL,NULL,2,NULL,NULL,0,NULL,0,NULL,1,NULL,NULL,0,NULL,NULL,NULL,0,'2024-06-23 22:14:51','2024-06-23 22:14:51'),
 (272,NULL,22,'Subject for Print/Merge Document','2023-07-22 16:55:04',5,NULL,NULL,NULL,NULL,2,NULL,NULL,0,NULL,0,NULL,1,NULL,NULL,0,NULL,NULL,NULL,0,'2024-06-23 22:14:51','2024-06-23 22:14:51'),
 (273,NULL,9,'Subject for Tell a Friend','2024-03-06 20:28:17',1,NULL,NULL,NULL,NULL,2,NULL,NULL,0,NULL,0,NULL,1,NULL,NULL,0,NULL,NULL,NULL,0,'2024-06-23 22:14:51','2024-06-23 22:14:51'),
 (274,NULL,1,'Subject for Meeting','2024-05-27 22:34:59',3,NULL,NULL,NULL,NULL,2,NULL,NULL,0,NULL,0,NULL,1,NULL,NULL,0,NULL,NULL,NULL,0,'2024-06-23 22:14:51','2024-06-23 22:14:51'),
 (275,NULL,1,'Subject for Meeting','2023-12-14 09:51:19',3,NULL,NULL,NULL,NULL,2,NULL,NULL,0,NULL,0,NULL,1,NULL,NULL,0,NULL,NULL,NULL,0,'2024-06-23 22:14:51','2024-06-23 22:14:51'),
 (276,NULL,2,'Subject for Phone Call','2023-07-15 02:01:52',6,NULL,NULL,NULL,NULL,2,NULL,NULL,0,NULL,0,NULL,1,NULL,NULL,0,NULL,NULL,NULL,0,'2024-06-23 22:14:51','2024-06-23 22:14:51'),
 (277,NULL,1,'Subject for Meeting','2024-02-10 22:06:55',1,NULL,NULL,NULL,NULL,2,NULL,NULL,0,NULL,0,NULL,1,NULL,NULL,0,NULL,NULL,NULL,0,'2024-06-23 22:14:51','2024-06-23 22:14:51'),
 (278,NULL,22,'Subject for Print/Merge Document','2023-08-28 02:03:14',5,NULL,NULL,NULL,NULL,2,NULL,NULL,0,NULL,0,NULL,1,NULL,NULL,0,NULL,NULL,NULL,0,'2024-06-23 22:14:51','2024-06-23 22:14:51'),
 (279,NULL,1,'Subject for Meeting','2023-07-23 07:28:36',1,NULL,NULL,NULL,NULL,2,NULL,NULL,0,NULL,0,NULL,1,NULL,NULL,0,NULL,NULL,NULL,0,'2024-06-23 22:14:51','2024-06-23 22:14:51'),
 (280,NULL,2,'Subject for Phone Call','2023-11-15 09:07:01',2,NULL,NULL,NULL,NULL,2,NULL,NULL,0,NULL,0,NULL,1,NULL,NULL,0,NULL,NULL,NULL,0,'2024-06-23 22:14:51','2024-06-23 22:14:51'),
 (281,NULL,9,'Subject for Tell a Friend','2023-10-28 01:55:14',4,NULL,NULL,NULL,NULL,2,NULL,NULL,0,NULL,0,NULL,1,NULL,NULL,0,NULL,NULL,NULL,0,'2024-06-23 22:14:51','2024-06-23 22:14:51'),
 (282,NULL,22,'Subject for Print/Merge Document','2024-03-04 07:36:02',1,NULL,NULL,NULL,NULL,2,NULL,NULL,0,NULL,0,NULL,1,NULL,NULL,0,NULL,NULL,NULL,0,'2024-06-23 22:14:51','2024-06-23 22:14:51'),
 (283,NULL,22,'Subject for Print/Merge Document','2024-04-08 02:57:19',4,NULL,NULL,NULL,NULL,2,NULL,NULL,0,NULL,0,NULL,1,NULL,NULL,0,NULL,NULL,NULL,0,'2024-06-23 22:14:51','2024-06-23 22:14:51'),
 (284,NULL,56,'Subject for Interview','2023-11-08 23:22:58',6,NULL,NULL,NULL,NULL,2,NULL,NULL,0,NULL,0,NULL,1,NULL,NULL,0,NULL,NULL,NULL,0,'2024-06-23 22:14:51','2024-06-23 22:14:51'),
 (285,NULL,9,'Subject for Tell a Friend','2024-05-17 22:31:53',6,NULL,NULL,NULL,NULL,2,NULL,NULL,0,NULL,0,NULL,1,NULL,NULL,0,NULL,NULL,NULL,0,'2024-06-23 22:14:51','2024-06-23 22:14:51'),
 (286,NULL,1,'Subject for Meeting','2024-06-21 02:32:05',2,NULL,NULL,NULL,NULL,2,NULL,NULL,0,NULL,0,NULL,1,NULL,NULL,0,NULL,NULL,NULL,0,'2024-06-23 22:14:51','2024-06-23 22:14:51'),
 (287,NULL,22,'Subject for Print/Merge Document','2023-09-30 09:09:07',2,NULL,NULL,NULL,NULL,2,NULL,NULL,0,NULL,0,NULL,1,NULL,NULL,0,NULL,NULL,NULL,0,'2024-06-23 22:14:51','2024-06-23 22:14:51'),
 (288,NULL,1,'Subject for Meeting','2024-02-23 21:07:54',4,NULL,NULL,NULL,NULL,2,NULL,NULL,0,NULL,0,NULL,1,NULL,NULL,0,NULL,NULL,NULL,0,'2024-06-23 22:14:51','2024-06-23 22:14:51'),
 (289,NULL,2,'Subject for Phone Call','2023-12-29 07:57:17',6,NULL,NULL,NULL,NULL,2,NULL,NULL,0,NULL,0,NULL,1,NULL,NULL,0,NULL,NULL,NULL,0,'2024-06-23 22:14:51','2024-06-23 22:14:51'),
 (290,NULL,2,'Subject for Phone Call','2023-09-18 04:34:04',6,NULL,NULL,NULL,NULL,2,NULL,NULL,0,NULL,0,NULL,1,NULL,NULL,0,NULL,NULL,NULL,0,'2024-06-23 22:14:51','2024-06-23 22:14:51'),
 (291,NULL,22,'Subject for Print/Merge Document','2023-08-21 07:05:01',3,NULL,NULL,NULL,NULL,2,NULL,NULL,0,NULL,0,NULL,1,NULL,NULL,0,NULL,NULL,NULL,0,'2024-06-23 22:14:51','2024-06-23 22:14:51'),
 (292,NULL,22,'Subject for Print/Merge Document','2024-03-06 09:35:50',5,NULL,NULL,NULL,NULL,2,NULL,NULL,0,NULL,0,NULL,1,NULL,NULL,0,NULL,NULL,NULL,0,'2024-06-23 22:14:51','2024-06-23 22:14:51'),
 (293,NULL,56,'Subject for Interview','2023-08-28 06:04:37',5,NULL,NULL,NULL,NULL,2,NULL,NULL,0,NULL,0,NULL,1,NULL,NULL,0,NULL,NULL,NULL,0,'2024-06-23 22:14:51','2024-06-23 22:14:51'),
 (294,NULL,2,'Subject for Phone Call','2023-07-06 03:06:22',2,NULL,NULL,NULL,NULL,2,NULL,NULL,0,NULL,0,NULL,1,NULL,NULL,0,NULL,NULL,NULL,0,'2024-06-23 22:14:51','2024-06-23 22:14:51'),
 (295,NULL,1,'Subject for Meeting','2024-04-27 23:01:31',3,NULL,NULL,NULL,NULL,2,NULL,NULL,0,NULL,0,NULL,1,NULL,NULL,0,NULL,NULL,NULL,0,'2024-06-23 22:14:51','2024-06-23 22:14:51'),
 (296,NULL,1,'Subject for Meeting','2024-03-28 22:16:13',5,NULL,NULL,NULL,NULL,2,NULL,NULL,0,NULL,0,NULL,1,NULL,NULL,0,NULL,NULL,NULL,0,'2024-06-23 22:14:51','2024-06-23 22:14:51'),
 (297,NULL,22,'Subject for Print/Merge Document','2023-06-29 14:04:23',3,NULL,NULL,NULL,NULL,2,NULL,NULL,0,NULL,0,NULL,1,NULL,NULL,0,NULL,NULL,NULL,0,'2024-06-23 22:14:51','2024-06-23 22:14:51'),
 (298,NULL,56,'Subject for Interview','2024-05-12 12:55:37',1,NULL,NULL,NULL,NULL,2,NULL,NULL,0,NULL,0,NULL,1,NULL,NULL,0,NULL,NULL,NULL,0,'2024-06-23 22:14:51','2024-06-23 22:14:51'),
 (299,NULL,9,'Subject for Tell a Friend','2024-05-25 14:56:38',3,NULL,NULL,NULL,NULL,2,NULL,NULL,0,NULL,0,NULL,1,NULL,NULL,0,NULL,NULL,NULL,0,'2024-06-23 22:14:51','2024-06-23 22:14:51'),
 (300,NULL,2,'Subject for Phone Call','2023-12-14 19:48:27',3,NULL,NULL,NULL,NULL,2,NULL,NULL,0,NULL,0,NULL,1,NULL,NULL,0,NULL,NULL,NULL,0,'2024-06-23 22:14:51','2024-06-23 22:14:51'),
 (301,NULL,9,'Subject for Tell a Friend','2023-10-03 07:05:40',5,NULL,NULL,NULL,NULL,2,NULL,NULL,0,NULL,0,NULL,1,NULL,NULL,0,NULL,NULL,NULL,0,'2024-06-23 22:14:51','2024-06-23 22:14:51'),
 (302,NULL,1,'Subject for Meeting','2023-12-23 02:56:53',1,NULL,NULL,NULL,NULL,2,NULL,NULL,0,NULL,0,NULL,1,NULL,NULL,0,NULL,NULL,NULL,0,'2024-06-23 22:14:51','2024-06-23 22:14:51'),
 (303,NULL,9,'Subject for Tell a Friend','2024-02-12 18:50:54',5,NULL,NULL,NULL,NULL,2,NULL,NULL,0,NULL,0,NULL,1,NULL,NULL,0,NULL,NULL,NULL,0,'2024-06-23 22:14:51','2024-06-23 22:14:51'),
 (304,NULL,2,'Subject for Phone Call','2023-11-30 18:02:01',5,NULL,NULL,NULL,NULL,2,NULL,NULL,0,NULL,0,NULL,1,NULL,NULL,0,NULL,NULL,NULL,0,'2024-06-23 22:14:51','2024-06-23 22:14:51'),
 (305,NULL,1,'Subject for Meeting','2024-01-30 06:58:33',5,NULL,NULL,NULL,NULL,2,NULL,NULL,0,NULL,0,NULL,1,NULL,NULL,0,NULL,NULL,NULL,0,'2024-06-23 22:14:51','2024-06-23 22:14:51'),
 (306,NULL,2,'Subject for Phone Call','2024-03-10 17:54:21',5,NULL,NULL,NULL,NULL,2,NULL,NULL,0,NULL,0,NULL,1,NULL,NULL,0,NULL,NULL,NULL,0,'2024-06-23 22:14:51','2024-06-23 22:14:51'),
 (307,NULL,9,'Subject for Tell a Friend','2023-11-27 00:30:50',5,NULL,NULL,NULL,NULL,2,NULL,NULL,0,NULL,0,NULL,1,NULL,NULL,0,NULL,NULL,NULL,0,'2024-06-23 22:14:51','2024-06-23 22:14:51'),
 (308,NULL,56,'Subject for Interview','2024-06-22 15:31:29',3,NULL,NULL,NULL,NULL,2,NULL,NULL,0,NULL,0,NULL,1,NULL,NULL,0,NULL,NULL,NULL,0,'2024-06-23 22:14:51','2024-06-23 22:14:51'),
 (309,NULL,22,'Subject for Print/Merge Document','2024-02-23 20:55:42',2,NULL,NULL,NULL,NULL,2,NULL,NULL,0,NULL,0,NULL,1,NULL,NULL,0,NULL,NULL,NULL,0,'2024-06-23 22:14:51','2024-06-23 22:14:51'),
 (310,NULL,22,'Subject for Print/Merge Document','2024-03-26 13:28:28',2,NULL,NULL,NULL,NULL,2,NULL,NULL,0,NULL,0,NULL,1,NULL,NULL,0,NULL,NULL,NULL,0,'2024-06-23 22:14:51','2024-06-23 22:14:51'),
 (311,NULL,1,'Subject for Meeting','2024-02-13 15:44:54',3,NULL,NULL,NULL,NULL,2,NULL,NULL,0,NULL,0,NULL,1,NULL,NULL,0,NULL,NULL,NULL,0,'2024-06-23 22:14:51','2024-06-23 22:14:51'),
 (312,NULL,1,'Subject for Meeting','2024-01-01 21:43:33',6,NULL,NULL,NULL,NULL,2,NULL,NULL,0,NULL,0,NULL,1,NULL,NULL,0,NULL,NULL,NULL,0,'2024-06-23 22:14:51','2024-06-23 22:14:51'),
 (313,NULL,1,'Subject for Meeting','2024-02-29 03:27:22',5,NULL,NULL,NULL,NULL,2,NULL,NULL,0,NULL,0,NULL,1,NULL,NULL,0,NULL,NULL,NULL,0,'2024-06-23 22:14:51','2024-06-23 22:14:51'),
 (314,NULL,56,'Subject for Interview','2023-07-09 21:48:04',4,NULL,NULL,NULL,NULL,2,NULL,NULL,0,NULL,0,NULL,1,NULL,NULL,0,NULL,NULL,NULL,0,'2024-06-23 22:14:51','2024-06-23 22:14:51'),
 (315,NULL,2,'Subject for Phone Call','2024-02-29 04:13:40',5,NULL,NULL,NULL,NULL,2,NULL,NULL,0,NULL,0,NULL,1,NULL,NULL,0,NULL,NULL,NULL,0,'2024-06-23 22:14:51','2024-06-23 22:14:51'),
 (316,NULL,22,'Subject for Print/Merge Document','2024-01-10 13:44:25',2,NULL,NULL,NULL,NULL,2,NULL,NULL,0,NULL,0,NULL,1,NULL,NULL,0,NULL,NULL,NULL,0,'2024-06-23 22:14:51','2024-06-23 22:14:51'),
 (317,NULL,2,'Subject for Phone Call','2024-04-07 18:25:29',5,NULL,NULL,NULL,NULL,2,NULL,NULL,0,NULL,0,NULL,1,NULL,NULL,0,NULL,NULL,NULL,0,'2024-06-23 22:14:51','2024-06-23 22:14:51'),
 (318,NULL,56,'Subject for Interview','2024-04-15 11:44:33',4,NULL,NULL,NULL,NULL,2,NULL,NULL,0,NULL,0,NULL,1,NULL,NULL,0,NULL,NULL,NULL,0,'2024-06-23 22:14:51','2024-06-23 22:14:51'),
 (319,NULL,56,'Subject for Interview','2024-05-24 04:58:04',6,NULL,NULL,NULL,NULL,2,NULL,NULL,0,NULL,0,NULL,1,NULL,NULL,0,NULL,NULL,NULL,0,'2024-06-23 22:14:51','2024-06-23 22:14:51'),
 (320,NULL,22,'Subject for Print/Merge Document','2023-09-17 18:44:52',2,NULL,NULL,NULL,NULL,2,NULL,NULL,0,NULL,0,NULL,1,NULL,NULL,0,NULL,NULL,NULL,0,'2024-06-23 22:14:51','2024-06-23 22:14:51'),
 (321,NULL,56,'Subject for Interview','2023-06-24 23:29:18',4,NULL,NULL,NULL,NULL,2,NULL,NULL,0,NULL,0,NULL,1,NULL,NULL,0,NULL,NULL,NULL,0,'2024-06-23 22:14:51','2024-06-23 22:14:51'),
 (322,NULL,1,'Subject for Meeting','2024-04-07 03:51:56',6,NULL,NULL,NULL,NULL,2,NULL,NULL,0,NULL,0,NULL,1,NULL,NULL,0,NULL,NULL,NULL,0,'2024-06-23 22:14:51','2024-06-23 22:14:51'),
 (323,NULL,1,'Subject for Meeting','2023-12-07 06:33:20',4,NULL,NULL,NULL,NULL,2,NULL,NULL,0,NULL,0,NULL,1,NULL,NULL,0,NULL,NULL,NULL,0,'2024-06-23 22:14:51','2024-06-23 22:14:51'),
 (324,NULL,22,'Subject for Print/Merge Document','2023-09-17 19:10:50',6,NULL,NULL,NULL,NULL,2,NULL,NULL,0,NULL,0,NULL,1,NULL,NULL,0,NULL,NULL,NULL,0,'2024-06-23 22:14:51','2024-06-23 22:14:51'),
 (325,NULL,56,'Subject for Interview','2024-05-02 11:02:28',1,NULL,NULL,NULL,NULL,2,NULL,NULL,0,NULL,0,NULL,1,NULL,NULL,0,NULL,NULL,NULL,0,'2024-06-23 22:14:51','2024-06-23 22:14:51'),
 (326,NULL,22,'Subject for Print/Merge Document','2024-02-28 18:58:00',1,NULL,NULL,NULL,NULL,2,NULL,NULL,0,NULL,0,NULL,1,NULL,NULL,0,NULL,NULL,NULL,0,'2024-06-23 22:14:51','2024-06-23 22:14:51'),
 (327,NULL,56,'Subject for Interview','2023-09-20 06:03:20',5,NULL,NULL,NULL,NULL,2,NULL,NULL,0,NULL,0,NULL,1,NULL,NULL,0,NULL,NULL,NULL,0,'2024-06-23 22:14:51','2024-06-23 22:14:51'),
 (328,NULL,2,'Subject for Phone Call','2023-11-22 11:47:33',4,NULL,NULL,NULL,NULL,2,NULL,NULL,0,NULL,0,NULL,1,NULL,NULL,0,NULL,NULL,NULL,0,'2024-06-23 22:14:51','2024-06-23 22:14:51'),
 (329,NULL,56,'Subject for Interview','2023-09-29 08:54:45',6,NULL,NULL,NULL,NULL,2,NULL,NULL,0,NULL,0,NULL,1,NULL,NULL,0,NULL,NULL,NULL,0,'2024-06-23 22:14:51','2024-06-23 22:14:51'),
 (330,NULL,56,'Subject for Interview','2024-04-06 16:24:30',5,NULL,NULL,NULL,NULL,2,NULL,NULL,0,NULL,0,NULL,1,NULL,NULL,0,NULL,NULL,NULL,0,'2024-06-23 22:14:51','2024-06-23 22:14:51'),
 (331,NULL,2,'Subject for Phone Call','2024-06-17 05:17:39',2,NULL,NULL,NULL,NULL,2,NULL,NULL,0,NULL,0,NULL,1,NULL,NULL,0,NULL,NULL,NULL,0,'2024-06-23 22:14:51','2024-06-23 22:14:51'),
 (332,NULL,9,'Subject for Tell a Friend','2024-02-27 13:26:54',2,NULL,NULL,NULL,NULL,2,NULL,NULL,0,NULL,0,NULL,1,NULL,NULL,0,NULL,NULL,NULL,0,'2024-06-23 22:14:51','2024-06-23 22:14:51'),
 (333,NULL,1,'Subject for Meeting','2023-12-06 01:16:00',3,NULL,NULL,NULL,NULL,2,NULL,NULL,0,NULL,0,NULL,1,NULL,NULL,0,NULL,NULL,NULL,0,'2024-06-23 22:14:51','2024-06-23 22:14:51'),
 (334,NULL,2,'Subject for Phone Call','2024-04-26 03:53:19',3,NULL,NULL,NULL,NULL,2,NULL,NULL,0,NULL,0,NULL,1,NULL,NULL,0,NULL,NULL,NULL,0,'2024-06-23 22:14:51','2024-06-23 22:14:51'),
 (335,NULL,56,'Subject for Interview','2024-01-17 01:28:48',5,NULL,NULL,NULL,NULL,2,NULL,NULL,0,NULL,0,NULL,1,NULL,NULL,0,NULL,NULL,NULL,0,'2024-06-23 22:14:51','2024-06-23 22:14:51'),
 (336,NULL,9,'Subject for Tell a Friend','2024-04-04 16:40:28',6,NULL,NULL,NULL,NULL,2,NULL,NULL,0,NULL,0,NULL,1,NULL,NULL,0,NULL,NULL,NULL,0,'2024-06-23 22:14:51','2024-06-23 22:14:51'),
 (337,NULL,2,'Subject for Phone Call','2023-07-21 10:06:46',1,NULL,NULL,NULL,NULL,2,NULL,NULL,0,NULL,0,NULL,1,NULL,NULL,0,NULL,NULL,NULL,0,'2024-06-23 22:14:51','2024-06-23 22:14:51'),
 (338,NULL,56,'Subject for Interview','2023-09-14 08:08:20',1,NULL,NULL,NULL,NULL,2,NULL,NULL,0,NULL,0,NULL,1,NULL,NULL,0,NULL,NULL,NULL,0,'2024-06-23 22:14:51','2024-06-23 22:14:51'),
 (339,NULL,2,'Subject for Phone Call','2024-01-09 02:12:58',5,NULL,NULL,NULL,NULL,2,NULL,NULL,0,NULL,0,NULL,1,NULL,NULL,0,NULL,NULL,NULL,0,'2024-06-23 22:14:51','2024-06-23 22:14:51'),
 (340,NULL,22,'Subject for Print/Merge Document','2024-01-05 08:01:54',3,NULL,NULL,NULL,NULL,2,NULL,NULL,0,NULL,0,NULL,1,NULL,NULL,0,NULL,NULL,NULL,0,'2024-06-23 22:14:51','2024-06-23 22:14:51'),
 (341,NULL,9,'Subject for Tell a Friend','2024-03-16 20:15:06',2,NULL,NULL,NULL,NULL,2,NULL,NULL,0,NULL,0,NULL,1,NULL,NULL,0,NULL,NULL,NULL,0,'2024-06-23 22:14:51','2024-06-23 22:14:51'),
 (342,NULL,1,'Subject for Meeting','2023-10-21 23:50:44',2,NULL,NULL,NULL,NULL,2,NULL,NULL,0,NULL,0,NULL,1,NULL,NULL,0,NULL,NULL,NULL,0,'2024-06-23 22:14:51','2024-06-23 22:14:51'),
 (343,NULL,22,'Subject for Print/Merge Document','2024-05-25 16:18:41',4,NULL,NULL,NULL,NULL,2,NULL,NULL,0,NULL,0,NULL,1,NULL,NULL,0,NULL,NULL,NULL,0,'2024-06-23 22:14:51','2024-06-23 22:14:51'),
 (344,NULL,2,'Subject for Phone Call','2023-12-21 18:19:22',6,NULL,NULL,NULL,NULL,2,NULL,NULL,0,NULL,0,NULL,1,NULL,NULL,0,NULL,NULL,NULL,0,'2024-06-23 22:14:51','2024-06-23 22:14:51'),
 (345,NULL,1,'Subject for Meeting','2023-11-16 19:15:42',3,NULL,NULL,NULL,NULL,2,NULL,NULL,0,NULL,0,NULL,1,NULL,NULL,0,NULL,NULL,NULL,0,'2024-06-23 22:14:51','2024-06-23 22:14:51'),
 (346,NULL,1,'Subject for Meeting','2023-12-31 16:38:30',4,NULL,NULL,NULL,NULL,2,NULL,NULL,0,NULL,0,NULL,1,NULL,NULL,0,NULL,NULL,NULL,0,'2024-06-23 22:14:51','2024-06-23 22:14:51'),
 (347,NULL,22,'Subject for Print/Merge Document','2023-12-01 17:13:38',5,NULL,NULL,NULL,NULL,2,NULL,NULL,0,NULL,0,NULL,1,NULL,NULL,0,NULL,NULL,NULL,0,'2024-06-23 22:14:51','2024-06-23 22:14:51'),
 (348,NULL,1,'Subject for Meeting','2023-07-17 00:29:27',3,NULL,NULL,NULL,NULL,2,NULL,NULL,0,NULL,0,NULL,1,NULL,NULL,0,NULL,NULL,NULL,0,'2024-06-23 22:14:51','2024-06-23 22:14:51'),
 (349,NULL,9,'Subject for Tell a Friend','2024-04-29 14:10:09',6,NULL,NULL,NULL,NULL,2,NULL,NULL,0,NULL,0,NULL,1,NULL,NULL,0,NULL,NULL,NULL,0,'2024-06-23 22:14:51','2024-06-23 22:14:51'),
 (350,NULL,56,'Subject for Interview','2023-08-06 21:48:36',4,NULL,NULL,NULL,NULL,2,NULL,NULL,0,NULL,0,NULL,1,NULL,NULL,0,NULL,NULL,NULL,0,'2024-06-23 22:14:51','2024-06-23 22:14:51'),
 (351,NULL,9,'Subject for Tell a Friend','2023-11-30 08:10:00',6,NULL,NULL,NULL,NULL,2,NULL,NULL,0,NULL,0,NULL,1,NULL,NULL,0,NULL,NULL,NULL,0,'2024-06-23 22:14:51','2024-06-23 22:14:51'),
 (352,NULL,9,'Subject for Tell a Friend','2024-03-31 05:24:19',6,NULL,NULL,NULL,NULL,2,NULL,NULL,0,NULL,0,NULL,1,NULL,NULL,0,NULL,NULL,NULL,0,'2024-06-23 22:14:51','2024-06-23 22:14:51'),
 (353,NULL,22,'Subject for Print/Merge Document','2023-07-10 17:08:06',2,NULL,NULL,NULL,NULL,2,NULL,NULL,0,NULL,0,NULL,1,NULL,NULL,0,NULL,NULL,NULL,0,'2024-06-23 22:14:51','2024-06-23 22:14:51'),
 (354,NULL,22,'Subject for Print/Merge Document','2024-04-06 10:46:11',6,NULL,NULL,NULL,NULL,2,NULL,NULL,0,NULL,0,NULL,1,NULL,NULL,0,NULL,NULL,NULL,0,'2024-06-23 22:14:51','2024-06-23 22:14:51'),
 (355,NULL,1,'Subject for Meeting','2024-06-21 00:46:12',5,NULL,NULL,NULL,NULL,2,NULL,NULL,0,NULL,0,NULL,1,NULL,NULL,0,NULL,NULL,NULL,0,'2024-06-23 22:14:51','2024-06-23 22:14:51'),
 (356,NULL,22,'Subject for Print/Merge Document','2024-05-12 12:21:26',5,NULL,NULL,NULL,NULL,2,NULL,NULL,0,NULL,0,NULL,1,NULL,NULL,0,NULL,NULL,NULL,0,'2024-06-23 22:14:51','2024-06-23 22:14:51'),
 (357,NULL,56,'Subject for Interview','2024-06-13 13:49:39',1,NULL,NULL,NULL,NULL,2,NULL,NULL,0,NULL,0,NULL,1,NULL,NULL,0,NULL,NULL,NULL,0,'2024-06-23 22:14:51','2024-06-23 22:14:51'),
 (358,NULL,1,'Subject for Meeting','2023-09-17 07:37:11',4,NULL,NULL,NULL,NULL,2,NULL,NULL,0,NULL,0,NULL,1,NULL,NULL,0,NULL,NULL,NULL,0,'2024-06-23 22:14:51','2024-06-23 22:14:51'),
 (359,NULL,56,'Subject for Interview','2023-12-30 22:20:04',5,NULL,NULL,NULL,NULL,2,NULL,NULL,0,NULL,0,NULL,1,NULL,NULL,0,NULL,NULL,NULL,0,'2024-06-23 22:14:51','2024-06-23 22:14:51'),
 (360,NULL,9,'Subject for Tell a Friend','2023-07-11 18:56:43',5,NULL,NULL,NULL,NULL,2,NULL,NULL,0,NULL,0,NULL,1,NULL,NULL,0,NULL,NULL,NULL,0,'2024-06-23 22:14:51','2024-06-23 22:14:51'),
 (361,NULL,56,'Subject for Interview','2024-06-22 06:27:01',5,NULL,NULL,NULL,NULL,2,NULL,NULL,0,NULL,0,NULL,1,NULL,NULL,0,NULL,NULL,NULL,0,'2024-06-23 22:14:51','2024-06-23 22:14:51'),
 (362,NULL,1,'Subject for Meeting','2023-07-16 00:32:20',1,NULL,NULL,NULL,NULL,2,NULL,NULL,0,NULL,0,NULL,1,NULL,NULL,0,NULL,NULL,NULL,0,'2024-06-23 22:14:51','2024-06-23 22:14:51'),
 (363,NULL,2,'Subject for Phone Call','2023-10-17 11:03:03',5,NULL,NULL,NULL,NULL,2,NULL,NULL,0,NULL,0,NULL,1,NULL,NULL,0,NULL,NULL,NULL,0,'2024-06-23 22:14:51','2024-06-23 22:14:51'),
 (364,NULL,22,'Subject for Print/Merge Document','2023-09-09 13:31:02',3,NULL,NULL,NULL,NULL,2,NULL,NULL,0,NULL,0,NULL,1,NULL,NULL,0,NULL,NULL,NULL,0,'2024-06-23 22:14:51','2024-06-23 22:14:51'),
 (365,NULL,2,'Subject for Phone Call','2023-10-23 20:30:49',3,NULL,NULL,NULL,NULL,2,NULL,NULL,0,NULL,0,NULL,1,NULL,NULL,0,NULL,NULL,NULL,0,'2024-06-23 22:14:52','2024-06-23 22:14:52'),
 (366,NULL,9,'Subject for Tell a Friend','2024-03-29 04:16:27',2,NULL,NULL,NULL,NULL,2,NULL,NULL,0,NULL,0,NULL,1,NULL,NULL,0,NULL,NULL,NULL,0,'2024-06-23 22:14:52','2024-06-23 22:14:52'),
 (367,NULL,56,'Subject for Interview','2023-10-18 22:37:19',4,NULL,NULL,NULL,NULL,2,NULL,NULL,0,NULL,0,NULL,1,NULL,NULL,0,NULL,NULL,NULL,0,'2024-06-23 22:14:52','2024-06-23 22:14:52'),
 (368,NULL,22,'Subject for Print/Merge Document','2023-11-20 12:47:45',3,NULL,NULL,NULL,NULL,2,NULL,NULL,0,NULL,0,NULL,1,NULL,NULL,0,NULL,NULL,NULL,0,'2024-06-23 22:14:52','2024-06-23 22:14:52'),
 (369,NULL,56,'Subject for Interview','2024-01-04 05:27:56',5,NULL,NULL,NULL,NULL,2,NULL,NULL,0,NULL,0,NULL,1,NULL,NULL,0,NULL,NULL,NULL,0,'2024-06-23 22:14:52','2024-06-23 22:14:52'),
 (370,NULL,2,'Subject for Phone Call','2023-12-06 23:53:16',5,NULL,NULL,NULL,NULL,2,NULL,NULL,0,NULL,0,NULL,1,NULL,NULL,0,NULL,NULL,NULL,0,'2024-06-23 22:14:52','2024-06-23 22:14:52'),
 (371,NULL,22,'Subject for Print/Merge Document','2023-07-30 08:17:45',4,NULL,NULL,NULL,NULL,2,NULL,NULL,0,NULL,0,NULL,1,NULL,NULL,0,NULL,NULL,NULL,0,'2024-06-23 22:14:52','2024-06-23 22:14:52'),
 (372,NULL,1,'Subject for Meeting','2024-06-06 03:41:49',3,NULL,NULL,NULL,NULL,2,NULL,NULL,0,NULL,0,NULL,1,NULL,NULL,0,NULL,NULL,NULL,0,'2024-06-23 22:14:52','2024-06-23 22:14:52'),
 (373,NULL,56,'Subject for Interview','2023-08-21 10:39:15',5,NULL,NULL,NULL,NULL,2,NULL,NULL,0,NULL,0,NULL,1,NULL,NULL,0,NULL,NULL,NULL,0,'2024-06-23 22:14:52','2024-06-23 22:14:52'),
 (374,NULL,1,'Subject for Meeting','2024-03-10 01:54:50',3,NULL,NULL,NULL,NULL,2,NULL,NULL,0,NULL,0,NULL,1,NULL,NULL,0,NULL,NULL,NULL,0,'2024-06-23 22:14:52','2024-06-23 22:14:52'),
 (375,NULL,1,'Subject for Meeting','2023-08-06 17:37:24',2,NULL,NULL,NULL,NULL,2,NULL,NULL,0,NULL,0,NULL,1,NULL,NULL,0,NULL,NULL,NULL,0,'2024-06-23 22:14:52','2024-06-23 22:14:52'),
 (376,NULL,1,'Subject for Meeting','2023-12-18 21:48:55',3,NULL,NULL,NULL,NULL,2,NULL,NULL,0,NULL,0,NULL,1,NULL,NULL,0,NULL,NULL,NULL,0,'2024-06-23 22:14:52','2024-06-23 22:14:52'),
 (377,NULL,22,'Subject for Print/Merge Document','2023-12-25 05:02:10',5,NULL,NULL,NULL,NULL,2,NULL,NULL,0,NULL,0,NULL,1,NULL,NULL,0,NULL,NULL,NULL,0,'2024-06-23 22:14:52','2024-06-23 22:14:52'),
 (378,NULL,1,'Subject for Meeting','2023-10-24 03:38:53',6,NULL,NULL,NULL,NULL,2,NULL,NULL,0,NULL,0,NULL,1,NULL,NULL,0,NULL,NULL,NULL,0,'2024-06-23 22:14:52','2024-06-23 22:14:52'),
 (379,NULL,1,'Subject for Meeting','2024-01-10 21:42:12',6,NULL,NULL,NULL,NULL,2,NULL,NULL,0,NULL,0,NULL,1,NULL,NULL,0,NULL,NULL,NULL,0,'2024-06-23 22:14:52','2024-06-23 22:14:52'),
 (380,NULL,2,'Subject for Phone Call','2024-02-01 20:26:54',5,NULL,NULL,NULL,NULL,2,NULL,NULL,0,NULL,0,NULL,1,NULL,NULL,0,NULL,NULL,NULL,0,'2024-06-23 22:14:52','2024-06-23 22:14:52'),
 (381,NULL,22,'Subject for Print/Merge Document','2024-03-08 09:13:52',4,NULL,NULL,NULL,NULL,2,NULL,NULL,0,NULL,0,NULL,1,NULL,NULL,0,NULL,NULL,NULL,0,'2024-06-23 22:14:52','2024-06-23 22:14:52'),
 (382,NULL,9,'Subject for Tell a Friend','2023-12-17 06:52:45',2,NULL,NULL,NULL,NULL,2,NULL,NULL,0,NULL,0,NULL,1,NULL,NULL,0,NULL,NULL,NULL,0,'2024-06-23 22:14:52','2024-06-23 22:14:52'),
 (383,NULL,9,'Subject for Tell a Friend','2024-01-01 12:53:49',1,NULL,NULL,NULL,NULL,2,NULL,NULL,0,NULL,0,NULL,1,NULL,NULL,0,NULL,NULL,NULL,0,'2024-06-23 22:14:52','2024-06-23 22:14:52'),
 (384,NULL,56,'Subject for Interview','2023-12-05 16:54:17',2,NULL,NULL,NULL,NULL,2,NULL,NULL,0,NULL,0,NULL,1,NULL,NULL,0,NULL,NULL,NULL,0,'2024-06-23 22:14:52','2024-06-23 22:14:52'),
 (385,NULL,9,'Subject for Tell a Friend','2023-08-19 05:29:51',6,NULL,NULL,NULL,NULL,2,NULL,NULL,0,NULL,0,NULL,1,NULL,NULL,0,NULL,NULL,NULL,0,'2024-06-23 22:14:52','2024-06-23 22:14:52'),
 (386,NULL,2,'Subject for Phone Call','2023-07-10 17:29:19',2,NULL,NULL,NULL,NULL,2,NULL,NULL,0,NULL,0,NULL,1,NULL,NULL,0,NULL,NULL,NULL,0,'2024-06-23 22:14:52','2024-06-23 22:14:52'),
 (387,NULL,2,'Subject for Phone Call','2024-05-08 19:22:34',5,NULL,NULL,NULL,NULL,2,NULL,NULL,0,NULL,0,NULL,1,NULL,NULL,0,NULL,NULL,NULL,0,'2024-06-23 22:14:52','2024-06-23 22:14:52'),
 (388,NULL,56,'Subject for Interview','2024-05-28 08:17:49',3,NULL,NULL,NULL,NULL,2,NULL,NULL,0,NULL,0,NULL,1,NULL,NULL,0,NULL,NULL,NULL,0,'2024-06-23 22:14:52','2024-06-23 22:14:52'),
 (389,NULL,22,'Subject for Print/Merge Document','2023-09-10 13:28:03',3,NULL,NULL,NULL,NULL,2,NULL,NULL,0,NULL,0,NULL,1,NULL,NULL,0,NULL,NULL,NULL,0,'2024-06-23 22:14:52','2024-06-23 22:14:52'),
 (390,NULL,2,'Subject for Phone Call','2024-01-07 16:34:26',5,NULL,NULL,NULL,NULL,2,NULL,NULL,0,NULL,0,NULL,1,NULL,NULL,0,NULL,NULL,NULL,0,'2024-06-23 22:14:52','2024-06-23 22:14:52'),
 (391,NULL,56,'Subject for Interview','2024-01-19 15:27:51',3,NULL,NULL,NULL,NULL,2,NULL,NULL,0,NULL,0,NULL,1,NULL,NULL,0,NULL,NULL,NULL,0,'2024-06-23 22:14:52','2024-06-23 22:14:52'),
 (392,NULL,9,'Subject for Tell a Friend','2023-08-21 13:40:39',2,NULL,NULL,NULL,NULL,2,NULL,NULL,0,NULL,0,NULL,1,NULL,NULL,0,NULL,NULL,NULL,0,'2024-06-23 22:14:52','2024-06-23 22:14:52'),
 (393,NULL,2,'Subject for Phone Call','2024-02-04 18:40:21',1,NULL,NULL,NULL,NULL,2,NULL,NULL,0,NULL,0,NULL,1,NULL,NULL,0,NULL,NULL,NULL,0,'2024-06-23 22:14:52','2024-06-23 22:14:52'),
 (394,NULL,22,'Subject for Print/Merge Document','2024-02-18 14:46:14',5,NULL,NULL,NULL,NULL,2,NULL,NULL,0,NULL,0,NULL,1,NULL,NULL,0,NULL,NULL,NULL,0,'2024-06-23 22:14:52','2024-06-23 22:14:52'),
 (395,NULL,9,'Subject for Tell a Friend','2024-04-15 18:59:20',4,NULL,NULL,NULL,NULL,2,NULL,NULL,0,NULL,0,NULL,1,NULL,NULL,0,NULL,NULL,NULL,0,'2024-06-23 22:14:52','2024-06-23 22:14:52'),
 (396,NULL,22,'Subject for Print/Merge Document','2024-01-30 17:01:42',6,NULL,NULL,NULL,NULL,2,NULL,NULL,0,NULL,0,NULL,1,NULL,NULL,0,NULL,NULL,NULL,0,'2024-06-23 22:14:52','2024-06-23 22:14:52'),
 (397,NULL,22,'Subject for Print/Merge Document','2023-08-23 23:30:14',1,NULL,NULL,NULL,NULL,2,NULL,NULL,0,NULL,0,NULL,1,NULL,NULL,0,NULL,NULL,NULL,0,'2024-06-23 22:14:52','2024-06-23 22:14:52'),
 (398,NULL,56,'Subject for Interview','2024-01-18 06:15:11',6,NULL,NULL,NULL,NULL,2,NULL,NULL,0,NULL,0,NULL,1,NULL,NULL,0,NULL,NULL,NULL,0,'2024-06-23 22:14:52','2024-06-23 22:14:52'),
 (399,NULL,56,'Subject for Interview','2023-08-21 15:36:30',6,NULL,NULL,NULL,NULL,2,NULL,NULL,0,NULL,0,NULL,1,NULL,NULL,0,NULL,NULL,NULL,0,'2024-06-23 22:14:52','2024-06-23 22:14:52'),
 (400,NULL,1,'Subject for Meeting','2023-08-13 08:52:55',5,NULL,NULL,NULL,NULL,2,NULL,NULL,0,NULL,0,NULL,1,NULL,NULL,0,NULL,NULL,NULL,0,'2024-06-23 22:14:52','2024-06-23 22:14:52'),
 (401,NULL,9,'Subject for Tell a Friend','2023-12-22 02:51:04',4,NULL,NULL,NULL,NULL,2,NULL,NULL,0,NULL,0,NULL,1,NULL,NULL,0,NULL,NULL,NULL,0,'2024-06-23 22:14:52','2024-06-23 22:14:52'),
 (402,NULL,56,'Subject for Interview','2024-01-19 05:23:04',5,NULL,NULL,NULL,NULL,2,NULL,NULL,0,NULL,0,NULL,1,NULL,NULL,0,NULL,NULL,NULL,0,'2024-06-23 22:14:52','2024-06-23 22:14:52'),
 (403,NULL,22,'Subject for Print/Merge Document','2024-01-25 06:52:04',2,NULL,NULL,NULL,NULL,2,NULL,NULL,0,NULL,0,NULL,1,NULL,NULL,0,NULL,NULL,NULL,0,'2024-06-23 22:14:52','2024-06-23 22:14:52'),
 (404,NULL,22,'Subject for Print/Merge Document','2023-12-31 22:37:08',1,NULL,NULL,NULL,NULL,2,NULL,NULL,0,NULL,0,NULL,1,NULL,NULL,0,NULL,NULL,NULL,0,'2024-06-23 22:14:52','2024-06-23 22:14:52'),
 (405,NULL,2,'Subject for Phone Call','2024-02-08 01:01:30',2,NULL,NULL,NULL,NULL,2,NULL,NULL,0,NULL,0,NULL,1,NULL,NULL,0,NULL,NULL,NULL,0,'2024-06-23 22:14:52','2024-06-23 22:14:52'),
 (406,NULL,56,'Subject for Interview','2024-01-10 05:16:30',6,NULL,NULL,NULL,NULL,2,NULL,NULL,0,NULL,0,NULL,1,NULL,NULL,0,NULL,NULL,NULL,0,'2024-06-23 22:14:52','2024-06-23 22:14:52'),
 (407,NULL,1,'Subject for Meeting','2024-05-11 23:02:46',4,NULL,NULL,NULL,NULL,2,NULL,NULL,0,NULL,0,NULL,1,NULL,NULL,0,NULL,NULL,NULL,0,'2024-06-23 22:14:52','2024-06-23 22:14:52'),
 (408,NULL,56,'Subject for Interview','2024-03-15 08:48:08',6,NULL,NULL,NULL,NULL,2,NULL,NULL,0,NULL,0,NULL,1,NULL,NULL,0,NULL,NULL,NULL,0,'2024-06-23 22:14:52','2024-06-23 22:14:52'),
 (409,NULL,22,'Subject for Print/Merge Document','2024-01-01 10:37:48',6,NULL,NULL,NULL,NULL,2,NULL,NULL,0,NULL,0,NULL,1,NULL,NULL,0,NULL,NULL,NULL,0,'2024-06-23 22:14:52','2024-06-23 22:14:52'),
 (410,NULL,56,'Subject for Interview','2023-07-31 12:57:11',4,NULL,NULL,NULL,NULL,2,NULL,NULL,0,NULL,0,NULL,1,NULL,NULL,0,NULL,NULL,NULL,0,'2024-06-23 22:14:52','2024-06-23 22:14:52'),
 (411,NULL,56,'Subject for Interview','2024-05-16 04:56:54',6,NULL,NULL,NULL,NULL,2,NULL,NULL,0,NULL,0,NULL,1,NULL,NULL,0,NULL,NULL,NULL,0,'2024-06-23 22:14:52','2024-06-23 22:14:52'),
 (412,NULL,22,'Subject for Print/Merge Document','2024-06-15 06:12:42',6,NULL,NULL,NULL,NULL,2,NULL,NULL,0,NULL,0,NULL,1,NULL,NULL,0,NULL,NULL,NULL,0,'2024-06-23 22:14:52','2024-06-23 22:14:52'),
 (413,NULL,9,'Subject for Tell a Friend','2024-01-23 10:22:10',2,NULL,NULL,NULL,NULL,2,NULL,NULL,0,NULL,0,NULL,1,NULL,NULL,0,NULL,NULL,NULL,0,'2024-06-23 22:14:52','2024-06-23 22:14:52'),
 (414,NULL,22,'Subject for Print/Merge Document','2024-01-22 03:02:13',5,NULL,NULL,NULL,NULL,2,NULL,NULL,0,NULL,0,NULL,1,NULL,NULL,0,NULL,NULL,NULL,0,'2024-06-23 22:14:52','2024-06-23 22:14:52'),
 (415,NULL,1,'Subject for Meeting','2023-07-26 16:30:26',2,NULL,NULL,NULL,NULL,2,NULL,NULL,0,NULL,0,NULL,1,NULL,NULL,0,NULL,NULL,NULL,0,'2024-06-23 22:14:52','2024-06-23 22:14:52'),
 (416,NULL,9,'Subject for Tell a Friend','2023-10-11 04:06:17',4,NULL,NULL,NULL,NULL,2,NULL,NULL,0,NULL,0,NULL,1,NULL,NULL,0,NULL,NULL,NULL,0,'2024-06-23 22:14:52','2024-06-23 22:14:52'),
 (417,NULL,1,'Subject for Meeting','2024-06-08 18:34:24',2,NULL,NULL,NULL,NULL,2,NULL,NULL,0,NULL,0,NULL,1,NULL,NULL,0,NULL,NULL,NULL,0,'2024-06-23 22:14:52','2024-06-23 22:14:52'),
 (418,NULL,22,'Subject for Print/Merge Document','2023-09-14 07:25:16',5,NULL,NULL,NULL,NULL,2,NULL,NULL,0,NULL,0,NULL,1,NULL,NULL,0,NULL,NULL,NULL,0,'2024-06-23 22:14:52','2024-06-23 22:14:52'),
 (419,NULL,1,'Subject for Meeting','2023-08-17 22:13:17',5,NULL,NULL,NULL,NULL,2,NULL,NULL,0,NULL,0,NULL,1,NULL,NULL,0,NULL,NULL,NULL,0,'2024-06-23 22:14:52','2024-06-23 22:14:52'),
 (420,NULL,22,'Subject for Print/Merge Document','2023-10-17 14:02:23',5,NULL,NULL,NULL,NULL,2,NULL,NULL,0,NULL,0,NULL,1,NULL,NULL,0,NULL,NULL,NULL,0,'2024-06-23 22:14:52','2024-06-23 22:14:52'),
 (421,NULL,22,'Subject for Print/Merge Document','2023-09-22 06:33:06',3,NULL,NULL,NULL,NULL,2,NULL,NULL,0,NULL,0,NULL,1,NULL,NULL,0,NULL,NULL,NULL,0,'2024-06-23 22:14:52','2024-06-23 22:14:52'),
 (422,NULL,22,'Subject for Print/Merge Document','2024-03-08 10:31:32',4,NULL,NULL,NULL,NULL,2,NULL,NULL,0,NULL,0,NULL,1,NULL,NULL,0,NULL,NULL,NULL,0,'2024-06-23 22:14:52','2024-06-23 22:14:52'),
 (423,NULL,1,'Subject for Meeting','2024-06-14 09:58:23',1,NULL,NULL,NULL,NULL,2,NULL,NULL,0,NULL,0,NULL,1,NULL,NULL,0,NULL,NULL,NULL,0,'2024-06-23 22:14:52','2024-06-23 22:14:52'),
 (424,NULL,2,'Subject for Phone Call','2024-03-07 23:01:43',3,NULL,NULL,NULL,NULL,2,NULL,NULL,0,NULL,0,NULL,1,NULL,NULL,0,NULL,NULL,NULL,0,'2024-06-23 22:14:52','2024-06-23 22:14:52'),
 (425,NULL,56,'Subject for Interview','2023-11-09 05:44:50',6,NULL,NULL,NULL,NULL,2,NULL,NULL,0,NULL,0,NULL,1,NULL,NULL,0,NULL,NULL,NULL,0,'2024-06-23 22:14:52','2024-06-23 22:14:52'),
 (426,NULL,9,'Subject for Tell a Friend','2024-02-14 17:38:09',4,NULL,NULL,NULL,NULL,2,NULL,NULL,0,NULL,0,NULL,1,NULL,NULL,0,NULL,NULL,NULL,0,'2024-06-23 22:14:52','2024-06-23 22:14:52'),
 (427,NULL,1,'Subject for Meeting','2023-12-14 08:47:45',2,NULL,NULL,NULL,NULL,2,NULL,NULL,0,NULL,0,NULL,1,NULL,NULL,0,NULL,NULL,NULL,0,'2024-06-23 22:14:52','2024-06-23 22:14:52'),
 (428,NULL,1,'Subject for Meeting','2023-10-29 17:39:35',6,NULL,NULL,NULL,NULL,2,NULL,NULL,0,NULL,0,NULL,1,NULL,NULL,0,NULL,NULL,NULL,0,'2024-06-23 22:14:52','2024-06-23 22:14:52'),
 (429,NULL,9,'Subject for Tell a Friend','2023-10-26 11:04:41',5,NULL,NULL,NULL,NULL,2,NULL,NULL,0,NULL,0,NULL,1,NULL,NULL,0,NULL,NULL,NULL,0,'2024-06-23 22:14:52','2024-06-23 22:14:52'),
 (430,NULL,9,'Subject for Tell a Friend','2023-10-02 12:20:45',4,NULL,NULL,NULL,NULL,2,NULL,NULL,0,NULL,0,NULL,1,NULL,NULL,0,NULL,NULL,NULL,0,'2024-06-23 22:14:52','2024-06-23 22:14:52'),
 (431,NULL,56,'Subject for Interview','2023-11-05 17:33:29',3,NULL,NULL,NULL,NULL,2,NULL,NULL,0,NULL,0,NULL,1,NULL,NULL,0,NULL,NULL,NULL,0,'2024-06-23 22:14:52','2024-06-23 22:14:52'),
 (432,NULL,1,'Subject for Meeting','2024-01-25 21:29:02',2,NULL,NULL,NULL,NULL,2,NULL,NULL,0,NULL,0,NULL,1,NULL,NULL,0,NULL,NULL,NULL,0,'2024-06-23 22:14:52','2024-06-23 22:14:52'),
 (433,NULL,22,'Subject for Print/Merge Document','2024-01-03 15:11:03',1,NULL,NULL,NULL,NULL,2,NULL,NULL,0,NULL,0,NULL,1,NULL,NULL,0,NULL,NULL,NULL,0,'2024-06-23 22:14:52','2024-06-23 22:14:52'),
 (434,NULL,9,'Subject for Tell a Friend','2023-08-06 08:23:51',1,NULL,NULL,NULL,NULL,2,NULL,NULL,0,NULL,0,NULL,1,NULL,NULL,0,NULL,NULL,NULL,0,'2024-06-23 22:14:52','2024-06-23 22:14:52'),
 (435,NULL,56,'Subject for Interview','2023-06-27 09:03:23',1,NULL,NULL,NULL,NULL,2,NULL,NULL,0,NULL,0,NULL,1,NULL,NULL,0,NULL,NULL,NULL,0,'2024-06-23 22:14:52','2024-06-23 22:14:52'),
 (436,NULL,9,'Subject for Tell a Friend','2023-08-16 08:59:35',5,NULL,NULL,NULL,NULL,2,NULL,NULL,0,NULL,0,NULL,1,NULL,NULL,0,NULL,NULL,NULL,0,'2024-06-23 22:14:52','2024-06-23 22:14:52'),
 (437,NULL,9,'Subject for Tell a Friend','2024-03-06 00:14:05',5,NULL,NULL,NULL,NULL,2,NULL,NULL,0,NULL,0,NULL,1,NULL,NULL,0,NULL,NULL,NULL,0,'2024-06-23 22:14:52','2024-06-23 22:14:52'),
 (438,NULL,9,'Subject for Tell a Friend','2023-08-16 12:58:05',4,NULL,NULL,NULL,NULL,2,NULL,NULL,0,NULL,0,NULL,1,NULL,NULL,0,NULL,NULL,NULL,0,'2024-06-23 22:14:52','2024-06-23 22:14:52'),
 (439,NULL,9,'Subject for Tell a Friend','2024-04-13 21:20:40',4,NULL,NULL,NULL,NULL,2,NULL,NULL,0,NULL,0,NULL,1,NULL,NULL,0,NULL,NULL,NULL,0,'2024-06-23 22:14:52','2024-06-23 22:14:52'),
 (440,NULL,22,'Subject for Print/Merge Document','2023-07-20 09:36:38',1,NULL,NULL,NULL,NULL,2,NULL,NULL,0,NULL,0,NULL,1,NULL,NULL,0,NULL,NULL,NULL,0,'2024-06-23 22:14:52','2024-06-23 22:14:52'),
 (441,NULL,2,'Subject for Phone Call','2023-07-20 18:02:47',4,NULL,NULL,NULL,NULL,2,NULL,NULL,0,NULL,0,NULL,1,NULL,NULL,0,NULL,NULL,NULL,0,'2024-06-23 22:14:52','2024-06-23 22:14:52'),
 (442,NULL,56,'Subject for Interview','2023-09-21 11:25:17',4,NULL,NULL,NULL,NULL,2,NULL,NULL,0,NULL,0,NULL,1,NULL,NULL,0,NULL,NULL,NULL,0,'2024-06-23 22:14:52','2024-06-23 22:14:52'),
 (443,NULL,1,'Subject for Meeting','2023-07-29 19:58:09',2,NULL,NULL,NULL,NULL,2,NULL,NULL,0,NULL,0,NULL,1,NULL,NULL,0,NULL,NULL,NULL,0,'2024-06-23 22:14:52','2024-06-23 22:14:52'),
 (444,NULL,22,'Subject for Print/Merge Document','2023-09-03 16:56:17',3,NULL,NULL,NULL,NULL,2,NULL,NULL,0,NULL,0,NULL,1,NULL,NULL,0,NULL,NULL,NULL,0,'2024-06-23 22:14:52','2024-06-23 22:14:52'),
 (445,NULL,1,'Subject for Meeting','2024-02-28 00:14:21',4,NULL,NULL,NULL,NULL,2,NULL,NULL,0,NULL,0,NULL,1,NULL,NULL,0,NULL,NULL,NULL,0,'2024-06-23 22:14:52','2024-06-23 22:14:52'),
 (446,NULL,22,'Subject for Print/Merge Document','2023-11-09 03:15:11',4,NULL,NULL,NULL,NULL,2,NULL,NULL,0,NULL,0,NULL,1,NULL,NULL,0,NULL,NULL,NULL,0,'2024-06-23 22:14:52','2024-06-23 22:14:52'),
 (447,NULL,56,'Subject for Interview','2024-03-29 23:11:27',6,NULL,NULL,NULL,NULL,2,NULL,NULL,0,NULL,0,NULL,1,NULL,NULL,0,NULL,NULL,NULL,0,'2024-06-23 22:14:52','2024-06-23 22:14:52'),
 (448,NULL,1,'Subject for Meeting','2024-06-01 09:53:56',5,NULL,NULL,NULL,NULL,2,NULL,NULL,0,NULL,0,NULL,1,NULL,NULL,0,NULL,NULL,NULL,0,'2024-06-23 22:14:52','2024-06-23 22:14:52'),
 (449,NULL,2,'Subject for Phone Call','2024-01-15 14:33:01',3,NULL,NULL,NULL,NULL,2,NULL,NULL,0,NULL,0,NULL,1,NULL,NULL,0,NULL,NULL,NULL,0,'2024-06-23 22:14:52','2024-06-23 22:14:52'),
 (450,NULL,22,'Subject for Print/Merge Document','2023-11-05 12:47:06',1,NULL,NULL,NULL,NULL,2,NULL,NULL,0,NULL,0,NULL,1,NULL,NULL,0,NULL,NULL,NULL,0,'2024-06-23 22:14:52','2024-06-23 22:14:52'),
 (451,1,6,'$ 125 April Mailer 1','2024-08-23 22:14:52',NULL,NULL,NULL,NULL,NULL,2,NULL,NULL,0,NULL,0,NULL,1,NULL,NULL,0,NULL,NULL,NULL,0,'2024-06-23 22:14:52','2024-06-23 22:14:52'),
 (452,2,6,'$ 50 Online: Save the Penguins','2024-08-23 22:14:52',NULL,NULL,NULL,NULL,NULL,2,NULL,NULL,0,NULL,0,NULL,1,NULL,NULL,0,NULL,NULL,NULL,0,'2024-06-23 22:14:52','2024-06-23 22:14:52'),
 (453,3,6,' 25 April Mailer 1','2024-08-23 22:14:52',NULL,NULL,NULL,NULL,NULL,2,NULL,NULL,0,NULL,0,NULL,1,NULL,NULL,0,NULL,NULL,NULL,0,'2024-06-23 22:14:52','2024-06-23 22:14:52'),
 (454,4,6,'$ 50 Online: Save the Penguins','2024-08-23 22:14:52',NULL,NULL,NULL,NULL,NULL,2,NULL,NULL,0,NULL,0,NULL,1,NULL,NULL,0,NULL,NULL,NULL,0,'2024-06-23 22:14:52','2024-06-23 22:14:52'),
 (455,5,6,'$ 50 Online: Save the Penguins','2024-08-23 22:14:52',NULL,NULL,NULL,NULL,NULL,2,NULL,NULL,0,NULL,0,NULL,1,NULL,NULL,0,NULL,NULL,NULL,0,'2024-06-23 22:14:52','2024-06-23 22:14:52'),
 (456,6,6,'$ 500 April Mailer 1','2024-08-23 22:14:52',NULL,NULL,NULL,NULL,NULL,2,NULL,NULL,0,NULL,0,NULL,1,NULL,NULL,0,NULL,NULL,NULL,0,'2024-06-23 22:14:52','2024-06-23 22:14:52'),
 (457,7,6,'$ 1750 Online: Save the Penguins','2024-08-23 22:14:52',NULL,NULL,NULL,NULL,NULL,2,NULL,NULL,0,NULL,0,NULL,1,NULL,NULL,0,NULL,NULL,NULL,0,'2024-06-23 22:14:52','2024-06-23 22:14:52'),
 (458,8,6,'$ 50 Online: Save the Penguins','2024-08-23 22:14:52',NULL,NULL,NULL,NULL,NULL,2,NULL,NULL,0,NULL,0,NULL,1,NULL,NULL,0,NULL,NULL,NULL,0,'2024-06-23 22:14:52','2024-06-23 22:14:52'),
 (459,9,6,'$ 10 Online: Help CiviCRM','2024-08-23 22:14:52',NULL,NULL,NULL,NULL,NULL,2,NULL,NULL,0,NULL,0,NULL,1,NULL,NULL,0,NULL,NULL,NULL,0,'2024-06-23 22:14:52','2024-06-23 22:14:52'),
 (460,10,6,'$ 250 Online: Help CiviCRM','2024-08-23 22:14:52',NULL,NULL,NULL,NULL,NULL,2,NULL,NULL,0,NULL,0,NULL,1,NULL,NULL,0,NULL,NULL,NULL,0,'2024-06-23 22:14:52','2024-06-23 22:14:52'),
 (461,11,6,' 500 ','2024-08-23 22:14:52',NULL,NULL,NULL,NULL,NULL,2,NULL,NULL,0,NULL,0,NULL,1,NULL,NULL,0,NULL,NULL,NULL,0,'2024-06-23 22:14:52','2024-06-23 22:14:52'),
 (462,12,6,'$ 50 Online: Save the Penguins','2024-08-23 22:14:52',NULL,NULL,NULL,NULL,NULL,2,NULL,NULL,0,NULL,0,NULL,1,NULL,NULL,0,NULL,NULL,NULL,0,'2024-06-23 22:14:52','2024-06-23 22:14:52'),
 (463,13,6,'$ 50 ','2024-08-23 22:14:52',NULL,NULL,NULL,NULL,NULL,2,NULL,NULL,0,NULL,0,NULL,1,NULL,NULL,0,NULL,NULL,NULL,0,'2024-06-23 22:14:52','2024-06-23 22:14:52'),
 (464,14,6,'$ 50 ','2024-08-23 22:14:52',NULL,NULL,NULL,NULL,NULL,2,NULL,NULL,0,NULL,0,NULL,1,NULL,NULL,0,NULL,NULL,NULL,0,'2024-06-23 22:14:52','2024-06-23 22:14:52'),
 (465,15,6,'$ 25 Recurring contribution','2024-08-23 22:14:52',NULL,NULL,NULL,NULL,NULL,2,NULL,NULL,0,NULL,0,NULL,1,NULL,NULL,0,NULL,NULL,NULL,0,'2024-06-23 22:14:52','2024-06-23 22:14:52'),
 (466,16,6,'$ 25 Recurring contribution','2024-08-23 22:14:52',NULL,NULL,NULL,NULL,NULL,2,NULL,NULL,0,NULL,0,NULL,1,NULL,NULL,0,NULL,NULL,NULL,0,'2024-06-23 22:14:52','2024-06-23 22:14:52'),
 (467,17,6,'$ 25 Recurring contribution','2024-08-23 22:14:52',NULL,NULL,NULL,NULL,NULL,2,NULL,NULL,0,NULL,0,NULL,1,NULL,NULL,0,NULL,NULL,NULL,0,'2024-06-23 22:14:52','2024-06-23 22:14:52'),
 (468,18,6,'$ 25 Recurring contribution','2024-08-23 22:14:52',NULL,NULL,NULL,NULL,NULL,2,NULL,NULL,0,NULL,0,NULL,1,NULL,NULL,0,NULL,NULL,NULL,0,'2024-06-23 22:14:52','2024-06-23 22:14:52'),
 (469,19,6,'$ 25 Recurring contribution','2024-08-23 22:14:52',NULL,NULL,NULL,NULL,NULL,2,NULL,NULL,0,NULL,0,NULL,1,NULL,NULL,0,NULL,NULL,NULL,0,'2024-06-23 22:14:52','2024-06-23 22:14:52'),
 (470,20,6,'$ 25 Recurring contribution','2024-08-23 22:14:52',NULL,NULL,NULL,NULL,NULL,2,NULL,NULL,0,NULL,0,NULL,1,NULL,NULL,0,NULL,NULL,NULL,0,'2024-06-23 22:14:52','2024-06-23 22:14:52'),
 (471,21,6,'$ 25 Recurring contribution','2024-08-23 22:14:52',NULL,NULL,NULL,NULL,NULL,2,NULL,NULL,0,NULL,0,NULL,1,NULL,NULL,0,NULL,NULL,NULL,0,'2024-06-23 22:14:52','2024-06-23 22:14:52'),
 (472,22,6,'$ 25 Recurring contribution','2024-08-23 22:14:52',NULL,NULL,NULL,NULL,NULL,2,NULL,NULL,0,NULL,0,NULL,1,NULL,NULL,0,NULL,NULL,NULL,0,'2024-06-23 22:14:52','2024-06-23 22:14:52'),
 (473,23,6,'$ 25 Recurring contribution','2024-08-23 22:14:52',NULL,NULL,NULL,NULL,NULL,2,NULL,NULL,0,NULL,0,NULL,1,NULL,NULL,0,NULL,NULL,NULL,0,'2024-06-23 22:14:52','2024-06-23 22:14:52'),
 (474,24,6,'$ 25 Recurring contribution','2024-08-23 22:14:52',NULL,NULL,NULL,NULL,NULL,2,NULL,NULL,0,NULL,0,NULL,1,NULL,NULL,0,NULL,NULL,NULL,0,'2024-06-23 22:14:52','2024-06-23 22:14:52'),
 (475,25,6,'$ 25 Recurring contribution','2024-08-23 22:14:52',NULL,NULL,NULL,NULL,NULL,2,NULL,NULL,0,NULL,0,NULL,1,NULL,NULL,0,NULL,NULL,NULL,0,'2024-06-23 22:14:52','2024-06-23 22:14:52'),
 (476,26,6,'$ 10 Recurring contribution','2024-08-23 22:14:52',NULL,NULL,NULL,NULL,NULL,2,NULL,NULL,0,NULL,0,NULL,1,NULL,NULL,0,NULL,NULL,NULL,0,'2024-06-23 22:14:52','2024-06-23 22:14:52'),
 (477,27,6,'$ 10 Recurring contribution','2024-08-23 22:14:52',NULL,NULL,NULL,NULL,NULL,2,NULL,NULL,0,NULL,0,NULL,1,NULL,NULL,0,NULL,NULL,NULL,0,'2024-06-23 22:14:52','2024-06-23 22:14:52'),
 (478,28,6,'$ 10 Recurring contribution','2024-08-23 22:14:52',NULL,NULL,NULL,NULL,NULL,2,NULL,NULL,0,NULL,0,NULL,1,NULL,NULL,0,NULL,NULL,NULL,0,'2024-06-23 22:14:52','2024-06-23 22:14:52'),
 (479,29,6,'$ 10 Recurring contribution','2024-08-23 22:14:52',NULL,NULL,NULL,NULL,NULL,2,NULL,NULL,0,NULL,0,NULL,1,NULL,NULL,0,NULL,NULL,NULL,0,'2024-06-23 22:14:52','2024-06-23 22:14:52'),
 (480,30,6,'$ 10 Recurring contribution','2024-08-23 22:14:52',NULL,NULL,NULL,NULL,NULL,2,NULL,NULL,0,NULL,0,NULL,1,NULL,NULL,0,NULL,NULL,NULL,0,'2024-06-23 22:14:52','2024-06-23 22:14:52'),
 (481,31,6,' 5 Recurring contribution','2024-08-23 22:14:52',NULL,NULL,NULL,NULL,NULL,2,NULL,NULL,0,NULL,0,NULL,1,NULL,NULL,0,NULL,NULL,NULL,0,'2024-06-23 22:14:52','2024-06-23 22:14:52'),
 (482,1,7,'General','2024-06-23 00:00:00',NULL,NULL,NULL,NULL,NULL,2,NULL,NULL,0,NULL,0,NULL,1,NULL,NULL,0,NULL,NULL,NULL,0,'2024-06-23 22:14:52','2024-06-23 22:14:52'),
 (483,2,7,'Student','2024-06-22 00:00:00',NULL,NULL,NULL,NULL,NULL,2,NULL,NULL,0,NULL,0,NULL,1,NULL,NULL,0,NULL,NULL,NULL,0,'2024-06-23 22:14:52','2024-06-23 22:14:52'),
 (484,3,7,'General','2024-06-21 00:00:00',NULL,NULL,NULL,NULL,NULL,2,NULL,NULL,0,NULL,0,NULL,1,NULL,NULL,0,NULL,NULL,NULL,0,'2024-06-23 22:14:52','2024-06-23 22:14:52'),
 (485,4,7,'Student','2024-06-20 00:00:00',NULL,NULL,NULL,NULL,NULL,2,NULL,NULL,0,NULL,0,NULL,1,NULL,NULL,0,NULL,NULL,NULL,0,'2024-06-23 22:14:52','2024-06-23 22:14:52'),
 (486,5,7,'General','2022-05-22 00:00:00',NULL,NULL,NULL,NULL,NULL,2,NULL,NULL,0,NULL,0,NULL,1,NULL,NULL,0,NULL,NULL,NULL,0,'2024-06-23 22:14:52','2024-06-23 22:14:52'),
 (487,6,7,'Student','2024-06-18 00:00:00',NULL,NULL,NULL,NULL,NULL,2,NULL,NULL,0,NULL,0,NULL,1,NULL,NULL,0,NULL,NULL,NULL,0,'2024-06-23 22:14:52','2024-06-23 22:14:52'),
 (488,7,7,'General','2024-06-17 00:00:00',NULL,NULL,NULL,NULL,NULL,2,NULL,NULL,0,NULL,0,NULL,1,NULL,NULL,0,NULL,NULL,NULL,0,'2024-06-23 22:14:52','2024-06-23 22:14:52'),
 (489,8,7,'Student','2024-06-16 00:00:00',NULL,NULL,NULL,NULL,NULL,2,NULL,NULL,0,NULL,0,NULL,1,NULL,NULL,0,NULL,NULL,NULL,0,'2024-06-23 22:14:52','2024-06-23 22:14:52'),
 (490,9,7,'General','2024-06-15 00:00:00',NULL,NULL,NULL,NULL,NULL,2,NULL,NULL,0,NULL,0,NULL,1,NULL,NULL,0,NULL,NULL,NULL,0,'2024-06-23 22:14:52','2024-06-23 22:14:52'),
 (491,10,7,'Student','2023-06-14 00:00:00',NULL,NULL,NULL,NULL,NULL,2,NULL,NULL,0,NULL,0,NULL,1,NULL,NULL,0,NULL,NULL,NULL,0,'2024-06-23 22:14:52','2024-06-23 22:14:52'),
 (492,11,7,'Lifetime','2024-06-13 00:00:00',NULL,NULL,NULL,NULL,NULL,2,NULL,NULL,0,NULL,0,NULL,1,NULL,NULL,0,NULL,NULL,NULL,0,'2024-06-23 22:14:52','2024-06-23 22:14:52'),
 (493,12,7,'Student','2024-06-12 00:00:00',NULL,NULL,NULL,NULL,NULL,2,NULL,NULL,0,NULL,0,NULL,1,NULL,NULL,0,NULL,NULL,NULL,0,'2024-06-23 22:14:52','2024-06-23 22:14:52'),
 (494,13,7,'General','2024-06-11 00:00:00',NULL,NULL,NULL,NULL,NULL,2,NULL,NULL,0,NULL,0,NULL,1,NULL,NULL,0,NULL,NULL,NULL,0,'2024-06-23 22:14:52','2024-06-23 22:14:52'),
 (495,14,7,'Student','2024-06-10 00:00:00',NULL,NULL,NULL,NULL,NULL,2,NULL,NULL,0,NULL,0,NULL,1,NULL,NULL,0,NULL,NULL,NULL,0,'2024-06-23 22:14:52','2024-06-23 22:14:52'),
 (496,15,7,'Student','2023-06-09 00:00:00',NULL,NULL,NULL,NULL,NULL,2,NULL,NULL,0,NULL,0,NULL,1,NULL,NULL,0,NULL,NULL,NULL,0,'2024-06-23 22:14:52','2024-06-23 22:14:52'),
 (497,16,7,'Student','2024-06-08 00:00:00',NULL,NULL,NULL,NULL,NULL,2,NULL,NULL,0,NULL,0,NULL,1,NULL,NULL,0,NULL,NULL,NULL,0,'2024-06-23 22:14:52','2024-06-23 22:14:52'),
 (498,17,7,'General','2024-06-07 00:00:00',NULL,NULL,NULL,NULL,NULL,2,NULL,NULL,0,NULL,0,NULL,1,NULL,NULL,0,NULL,NULL,NULL,0,'2024-06-23 22:14:52','2024-06-23 22:14:52'),
 (499,18,7,'Student','2024-06-06 00:00:00',NULL,NULL,NULL,NULL,NULL,2,NULL,NULL,0,NULL,0,NULL,1,NULL,NULL,0,NULL,NULL,NULL,0,'2024-06-23 22:14:52','2024-06-23 22:14:52'),
 (500,19,7,'General','2024-06-05 00:00:00',NULL,NULL,NULL,NULL,NULL,2,NULL,NULL,0,NULL,0,NULL,1,NULL,NULL,0,NULL,NULL,NULL,0,'2024-06-23 22:14:52','2024-06-23 22:14:52'),
 (501,20,7,'General','2022-01-22 00:00:00',NULL,NULL,NULL,NULL,NULL,2,NULL,NULL,0,NULL,0,NULL,1,NULL,NULL,0,NULL,NULL,NULL,0,'2024-06-23 22:14:52','2024-06-23 22:14:52'),
 (502,21,7,'General','2024-06-03 00:00:00',NULL,NULL,NULL,NULL,NULL,2,NULL,NULL,0,NULL,0,NULL,1,NULL,NULL,0,NULL,NULL,NULL,0,'2024-06-23 22:14:52','2024-06-23 22:14:52'),
 (503,22,7,'Lifetime','2024-06-02 00:00:00',NULL,NULL,NULL,NULL,NULL,2,NULL,NULL,0,NULL,0,NULL,1,NULL,NULL,0,NULL,NULL,NULL,0,'2024-06-23 22:14:52','2024-06-23 22:14:52'),
 (504,23,7,'General','2024-06-01 00:00:00',NULL,NULL,NULL,NULL,NULL,2,NULL,NULL,0,NULL,0,NULL,1,NULL,NULL,0,NULL,NULL,NULL,0,'2024-06-23 22:14:52','2024-06-23 22:14:52'),
 (505,24,7,'Student','2024-05-31 00:00:00',NULL,NULL,NULL,NULL,NULL,2,NULL,NULL,0,NULL,0,NULL,1,NULL,NULL,0,NULL,NULL,NULL,0,'2024-06-23 22:14:52','2024-06-23 22:14:52'),
 (506,25,7,'Student','2023-05-30 00:00:00',NULL,NULL,NULL,NULL,NULL,2,NULL,NULL,0,NULL,0,NULL,1,NULL,NULL,0,NULL,NULL,NULL,0,'2024-06-23 22:14:52','2024-06-23 22:14:52'),
 (507,26,7,'Student','2024-05-29 00:00:00',NULL,NULL,NULL,NULL,NULL,2,NULL,NULL,0,NULL,0,NULL,1,NULL,NULL,0,NULL,NULL,NULL,0,'2024-06-23 22:14:52','2024-06-23 22:14:52'),
 (508,27,7,'General','2024-05-28 00:00:00',NULL,NULL,NULL,NULL,NULL,2,NULL,NULL,0,NULL,0,NULL,1,NULL,NULL,0,NULL,NULL,NULL,0,'2024-06-23 22:14:52','2024-06-23 22:14:52'),
 (509,28,7,'Student','2024-05-27 00:00:00',NULL,NULL,NULL,NULL,NULL,2,NULL,NULL,0,NULL,0,NULL,1,NULL,NULL,0,NULL,NULL,NULL,0,'2024-06-23 22:14:52','2024-06-23 22:14:52'),
 (510,29,7,'General','2024-05-26 00:00:00',NULL,NULL,NULL,NULL,NULL,2,NULL,NULL,0,NULL,0,NULL,1,NULL,NULL,0,NULL,NULL,NULL,0,'2024-06-23 22:14:52','2024-06-23 22:14:52'),
 (511,30,7,'General','2021-11-03 00:00:00',NULL,NULL,NULL,NULL,NULL,2,NULL,NULL,0,NULL,0,NULL,1,NULL,NULL,0,NULL,NULL,NULL,0,'2024-06-23 22:14:52','2024-06-23 22:14:52'),
 (512,32,6,'$ 100.00 - General Membership: Offline signup','2024-06-23 22:14:52',NULL,NULL,NULL,NULL,'Membership Payment',2,NULL,NULL,0,NULL,0,NULL,1,NULL,NULL,0,NULL,NULL,NULL,0,'2024-06-23 22:14:52','2024-06-23 22:14:52'),
 (513,33,6,'$ 50.00 - Student Membership: Offline signup','2024-06-23 22:14:52',NULL,NULL,NULL,NULL,'Membership Payment',2,NULL,NULL,0,NULL,0,NULL,1,NULL,NULL,0,NULL,NULL,NULL,0,'2024-06-23 22:14:52','2024-06-23 22:14:52'),
 (514,34,6,'$ 100.00 - General Membership: Offline signup','2024-06-23 22:14:52',NULL,NULL,NULL,NULL,'Membership Payment',2,NULL,NULL,0,NULL,0,NULL,1,NULL,NULL,0,NULL,NULL,NULL,0,'2024-06-23 22:14:52','2024-06-23 22:14:52'),
 (515,35,6,'$ 50.00 - Student Membership: Offline signup','2024-06-23 22:14:52',NULL,NULL,NULL,NULL,'Membership Payment',2,NULL,NULL,0,NULL,0,NULL,1,NULL,NULL,0,NULL,NULL,NULL,0,'2024-06-23 22:14:52','2024-06-23 22:14:52'),
 (516,36,6,'$ 100.00 - General Membership: Offline signup','2024-06-23 22:14:52',NULL,NULL,NULL,NULL,'Membership Payment',2,NULL,NULL,0,NULL,0,NULL,1,NULL,NULL,0,NULL,NULL,NULL,0,'2024-06-23 22:14:52','2024-06-23 22:14:52'),
 (517,37,6,'$ 50.00 - Student Membership: Offline signup','2024-06-23 22:14:52',NULL,NULL,NULL,NULL,'Membership Payment',2,NULL,NULL,0,NULL,0,NULL,1,NULL,NULL,0,NULL,NULL,NULL,0,'2024-06-23 22:14:52','2024-06-23 22:14:52'),
 (518,38,6,'$ 100.00 - General Membership: Offline signup','2024-06-23 22:14:52',NULL,NULL,NULL,NULL,'Membership Payment',2,NULL,NULL,0,NULL,0,NULL,1,NULL,NULL,0,NULL,NULL,NULL,0,'2024-06-23 22:14:52','2024-06-23 22:14:52'),
 (519,39,6,'$ 50.00 - Student Membership: Offline signup','2024-06-23 22:14:52',NULL,NULL,NULL,NULL,'Membership Payment',2,NULL,NULL,0,NULL,0,NULL,1,NULL,NULL,0,NULL,NULL,NULL,0,'2024-06-23 22:14:52','2024-06-23 22:14:52'),
 (520,40,6,'$ 100.00 - General Membership: Offline signup','2024-06-23 22:14:52',NULL,NULL,NULL,NULL,'Membership Payment',2,NULL,NULL,0,NULL,0,NULL,1,NULL,NULL,0,NULL,NULL,NULL,0,'2024-06-23 22:14:52','2024-06-23 22:14:52'),
 (521,41,6,'$ 50.00 - Student Membership: Offline signup','2024-06-23 22:14:52',NULL,NULL,NULL,NULL,'Membership Payment',2,NULL,NULL,0,NULL,0,NULL,1,NULL,NULL,0,NULL,NULL,NULL,0,'2024-06-23 22:14:52','2024-06-23 22:14:52'),
 (522,42,6,'$ 1200.00 - Lifetime Membership: Offline signup','2024-06-23 22:14:52',NULL,NULL,NULL,NULL,'Membership Payment',2,NULL,NULL,0,NULL,0,NULL,1,NULL,NULL,0,NULL,NULL,NULL,0,'2024-06-23 22:14:52','2024-06-23 22:14:52'),
 (523,43,6,'$ 50.00 - Student Membership: Offline signup','2024-06-23 22:14:52',NULL,NULL,NULL,NULL,'Membership Payment',2,NULL,NULL,0,NULL,0,NULL,1,NULL,NULL,0,NULL,NULL,NULL,0,'2024-06-23 22:14:52','2024-06-23 22:14:52'),
 (524,44,6,'$ 100.00 - General Membership: Offline signup','2024-06-23 22:14:52',NULL,NULL,NULL,NULL,'Membership Payment',2,NULL,NULL,0,NULL,0,NULL,1,NULL,NULL,0,NULL,NULL,NULL,0,'2024-06-23 22:14:52','2024-06-23 22:14:52'),
 (525,45,6,'$ 50.00 - Student Membership: Offline signup','2024-06-23 22:14:52',NULL,NULL,NULL,NULL,'Membership Payment',2,NULL,NULL,0,NULL,0,NULL,1,NULL,NULL,0,NULL,NULL,NULL,0,'2024-06-23 22:14:52','2024-06-23 22:14:52'),
 (526,46,6,'$ 50.00 - Student Membership: Offline signup','2024-06-23 22:14:52',NULL,NULL,NULL,NULL,'Membership Payment',2,NULL,NULL,0,NULL,0,NULL,1,NULL,NULL,0,NULL,NULL,NULL,0,'2024-06-23 22:14:52','2024-06-23 22:14:52'),
 (527,47,6,'$ 50.00 - Student Membership: Offline signup','2024-06-23 22:14:52',NULL,NULL,NULL,NULL,'Membership Payment',2,NULL,NULL,0,NULL,0,NULL,1,NULL,NULL,0,NULL,NULL,NULL,0,'2024-06-23 22:14:52','2024-06-23 22:14:52'),
 (528,48,6,'$ 100.00 - General Membership: Offline signup','2024-06-23 22:14:52',NULL,NULL,NULL,NULL,'Membership Payment',2,NULL,NULL,0,NULL,0,NULL,1,NULL,NULL,0,NULL,NULL,NULL,0,'2024-06-23 22:14:52','2024-06-23 22:14:52'),
 (529,49,6,'$ 50.00 - Student Membership: Offline signup','2024-06-23 22:14:52',NULL,NULL,NULL,NULL,'Membership Payment',2,NULL,NULL,0,NULL,0,NULL,1,NULL,NULL,0,NULL,NULL,NULL,0,'2024-06-23 22:14:52','2024-06-23 22:14:52'),
 (530,50,6,'$ 100.00 - General Membership: Offline signup','2024-06-23 22:14:52',NULL,NULL,NULL,NULL,'Membership Payment',2,NULL,NULL,0,NULL,0,NULL,1,NULL,NULL,0,NULL,NULL,NULL,0,'2024-06-23 22:14:52','2024-06-23 22:14:52'),
 (531,51,6,'$ 100.00 - General Membership: Offline signup','2024-06-23 22:14:52',NULL,NULL,NULL,NULL,'Membership Payment',2,NULL,NULL,0,NULL,0,NULL,1,NULL,NULL,0,NULL,NULL,NULL,0,'2024-06-23 22:14:52','2024-06-23 22:14:52'),
 (532,52,6,'$ 100.00 - General Membership: Offline signup','2024-06-23 22:14:52',NULL,NULL,NULL,NULL,'Membership Payment',2,NULL,NULL,0,NULL,0,NULL,1,NULL,NULL,0,NULL,NULL,NULL,0,'2024-06-23 22:14:52','2024-06-23 22:14:52'),
 (533,53,6,'$ 1200.00 - Lifetime Membership: Offline signup','2024-06-23 22:14:52',NULL,NULL,NULL,NULL,'Membership Payment',2,NULL,NULL,0,NULL,0,NULL,1,NULL,NULL,0,NULL,NULL,NULL,0,'2024-06-23 22:14:52','2024-06-23 22:14:52'),
 (534,54,6,'$ 100.00 - General Membership: Offline signup','2024-06-23 22:14:52',NULL,NULL,NULL,NULL,'Membership Payment',2,NULL,NULL,0,NULL,0,NULL,1,NULL,NULL,0,NULL,NULL,NULL,0,'2024-06-23 22:14:52','2024-06-23 22:14:52'),
 (535,55,6,'$ 50.00 - Student Membership: Offline signup','2024-06-23 22:14:52',NULL,NULL,NULL,NULL,'Membership Payment',2,NULL,NULL,0,NULL,0,NULL,1,NULL,NULL,0,NULL,NULL,NULL,0,'2024-06-23 22:14:52','2024-06-23 22:14:52'),
 (536,56,6,'$ 50.00 - Student Membership: Offline signup','2024-06-23 22:14:52',NULL,NULL,NULL,NULL,'Membership Payment',2,NULL,NULL,0,NULL,0,NULL,1,NULL,NULL,0,NULL,NULL,NULL,0,'2024-06-23 22:14:52','2024-06-23 22:14:52'),
 (537,57,6,'$ 50.00 - Student Membership: Offline signup','2024-06-23 22:14:52',NULL,NULL,NULL,NULL,'Membership Payment',2,NULL,NULL,0,NULL,0,NULL,1,NULL,NULL,0,NULL,NULL,NULL,0,'2024-06-23 22:14:52','2024-06-23 22:14:52'),
 (538,58,6,'$ 100.00 - General Membership: Offline signup','2024-06-23 22:14:52',NULL,NULL,NULL,NULL,'Membership Payment',2,NULL,NULL,0,NULL,0,NULL,1,NULL,NULL,0,NULL,NULL,NULL,0,'2024-06-23 22:14:52','2024-06-23 22:14:52'),
 (539,59,6,'$ 50.00 - Student Membership: Offline signup','2024-06-23 22:14:52',NULL,NULL,NULL,NULL,'Membership Payment',2,NULL,NULL,0,NULL,0,NULL,1,NULL,NULL,0,NULL,NULL,NULL,0,'2024-06-23 22:14:52','2024-06-23 22:14:52'),
 (540,60,6,'$ 100.00 - General Membership: Offline signup','2024-06-23 22:14:52',NULL,NULL,NULL,NULL,'Membership Payment',2,NULL,NULL,0,NULL,0,NULL,1,NULL,NULL,0,NULL,NULL,NULL,0,'2024-06-23 22:14:52','2024-06-23 22:14:52'),
 (541,61,6,'$ 100.00 - General Membership: Offline signup','2024-06-23 22:14:52',NULL,NULL,NULL,NULL,'Membership Payment',2,NULL,NULL,0,NULL,0,NULL,1,NULL,NULL,0,NULL,NULL,NULL,0,'2024-06-23 22:14:52','2024-06-23 22:14:52'),
 (543,1,5,'NULL','2009-01-21 00:00:00',NULL,NULL,NULL,NULL,NULL,2,NULL,NULL,0,NULL,0,NULL,1,NULL,NULL,0,NULL,NULL,NULL,0,'2024-06-23 22:14:52','2024-06-23 22:14:52'),
 (544,2,5,'NULL','2008-05-07 00:00:00',NULL,NULL,NULL,NULL,NULL,2,NULL,NULL,0,NULL,0,NULL,1,NULL,NULL,0,NULL,NULL,NULL,0,'2024-06-23 22:14:52','2024-06-23 22:14:52'),
 (545,3,5,'NULL','2008-05-05 00:00:00',NULL,NULL,NULL,NULL,NULL,2,NULL,NULL,0,NULL,0,NULL,1,NULL,NULL,0,NULL,NULL,NULL,0,'2024-06-23 22:14:52','2024-06-23 22:14:52'),
 (546,4,5,'NULL','2008-10-21 00:00:00',NULL,NULL,NULL,NULL,NULL,2,NULL,NULL,0,NULL,0,NULL,1,NULL,NULL,0,NULL,NULL,NULL,0,'2024-06-23 22:14:52','2024-06-23 22:14:52'),
 (547,5,5,'NULL','2008-01-10 00:00:00',NULL,NULL,NULL,NULL,NULL,2,NULL,NULL,0,NULL,0,NULL,1,NULL,NULL,0,NULL,NULL,NULL,0,'2024-06-23 22:14:52','2024-06-23 22:14:52'),
 (548,6,5,'NULL','2008-03-05 00:00:00',NULL,NULL,NULL,NULL,NULL,2,NULL,NULL,0,NULL,0,NULL,1,NULL,NULL,0,NULL,NULL,NULL,0,'2024-06-23 22:14:52','2024-06-23 22:14:52'),
 (549,7,5,'NULL','2009-07-21 00:00:00',NULL,NULL,NULL,NULL,NULL,2,NULL,NULL,0,NULL,0,NULL,1,NULL,NULL,0,NULL,NULL,NULL,0,'2024-06-23 22:14:52','2024-06-23 22:14:52'),
 (550,8,5,'NULL','2009-03-07 00:00:00',NULL,NULL,NULL,NULL,NULL,2,NULL,NULL,0,NULL,0,NULL,1,NULL,NULL,0,NULL,NULL,NULL,0,'2024-06-23 22:14:52','2024-06-23 22:14:52'),
 (551,9,5,'NULL','2008-02-05 00:00:00',NULL,NULL,NULL,NULL,NULL,2,NULL,NULL,0,NULL,0,NULL,1,NULL,NULL,0,NULL,NULL,NULL,0,'2024-06-23 22:14:52','2024-06-23 22:14:52'),
 (552,10,5,'NULL','2008-02-01 00:00:00',NULL,NULL,NULL,NULL,NULL,2,NULL,NULL,0,NULL,0,NULL,1,NULL,NULL,0,NULL,NULL,NULL,0,'2024-06-23 22:14:52','2024-06-23 22:14:52'),
 (553,11,5,'NULL','2009-01-10 00:00:00',NULL,NULL,NULL,NULL,NULL,2,NULL,NULL,0,NULL,0,NULL,1,NULL,NULL,0,NULL,NULL,NULL,0,'2024-06-23 22:14:52','2024-06-23 22:14:52'),
 (554,12,5,'NULL','2009-03-06 00:00:00',NULL,NULL,NULL,NULL,NULL,2,NULL,NULL,0,NULL,0,NULL,1,NULL,NULL,0,NULL,NULL,NULL,0,'2024-06-23 22:14:52','2024-06-23 22:14:52'),
 (555,13,5,'NULL','2008-06-04 00:00:00',NULL,NULL,NULL,NULL,NULL,2,NULL,NULL,0,NULL,0,NULL,1,NULL,NULL,0,NULL,NULL,NULL,0,'2024-06-23 22:14:52','2024-06-23 22:14:52'),
 (556,14,5,'NULL','2008-01-10 00:00:00',NULL,NULL,NULL,NULL,NULL,2,NULL,NULL,0,NULL,0,NULL,1,NULL,NULL,0,NULL,NULL,NULL,0,'2024-06-23 22:14:52','2024-06-23 22:14:52'),
 (557,15,5,'NULL','2008-07-04 00:00:00',NULL,NULL,NULL,NULL,NULL,2,NULL,NULL,0,NULL,0,NULL,1,NULL,NULL,0,NULL,NULL,NULL,0,'2024-06-23 22:14:52','2024-06-23 22:14:52'),
 (558,16,5,'NULL','2009-01-21 00:00:00',NULL,NULL,NULL,NULL,NULL,2,NULL,NULL,0,NULL,0,NULL,1,NULL,NULL,0,NULL,NULL,NULL,0,'2024-06-23 22:14:52','2024-06-23 22:14:52'),
 (559,17,5,'NULL','2008-01-10 00:00:00',NULL,NULL,NULL,NULL,NULL,2,NULL,NULL,0,NULL,0,NULL,1,NULL,NULL,0,NULL,NULL,NULL,0,'2024-06-23 22:14:52','2024-06-23 22:14:52'),
 (560,18,5,'NULL','2009-03-05 00:00:00',NULL,NULL,NULL,NULL,NULL,2,NULL,NULL,0,NULL,0,NULL,1,NULL,NULL,0,NULL,NULL,NULL,0,'2024-06-23 22:14:52','2024-06-23 22:14:52'),
 (561,19,5,'NULL','2008-10-21 00:00:00',NULL,NULL,NULL,NULL,NULL,2,NULL,NULL,0,NULL,0,NULL,1,NULL,NULL,0,NULL,NULL,NULL,0,'2024-06-23 22:14:52','2024-06-23 22:14:52'),
 (562,20,5,'NULL','2009-01-10 00:00:00',NULL,NULL,NULL,NULL,NULL,2,NULL,NULL,0,NULL,0,NULL,1,NULL,NULL,0,NULL,NULL,NULL,0,'2024-06-23 22:14:52','2024-06-23 22:14:52'),
 (563,21,5,'NULL','2008-03-25 00:00:00',NULL,NULL,NULL,NULL,NULL,2,NULL,NULL,0,NULL,0,NULL,1,NULL,NULL,0,NULL,NULL,NULL,0,'2024-06-23 22:14:52','2024-06-23 22:14:52'),
 (564,22,5,'NULL','2009-10-21 00:00:00',NULL,NULL,NULL,NULL,NULL,2,NULL,NULL,0,NULL,0,NULL,1,NULL,NULL,0,NULL,NULL,NULL,0,'2024-06-23 22:14:52','2024-06-23 22:14:52'),
 (565,23,5,'NULL','2008-01-10 00:00:00',NULL,NULL,NULL,NULL,NULL,2,NULL,NULL,0,NULL,0,NULL,1,NULL,NULL,0,NULL,NULL,NULL,0,'2024-06-23 22:14:52','2024-06-23 22:14:52'),
 (566,24,5,'NULL','2008-03-11 00:00:00',NULL,NULL,NULL,NULL,NULL,2,NULL,NULL,0,NULL,0,NULL,1,NULL,NULL,0,NULL,NULL,NULL,0,'2024-06-23 22:14:52','2024-06-23 22:14:52'),
 (567,25,5,'NULL','2008-04-05 00:00:00',NULL,NULL,NULL,NULL,NULL,2,NULL,NULL,0,NULL,0,NULL,1,NULL,NULL,0,NULL,NULL,NULL,0,'2024-06-23 22:14:52','2024-06-23 22:14:52'),
 (568,26,5,'NULL','2009-01-21 00:00:00',NULL,NULL,NULL,NULL,NULL,2,NULL,NULL,0,NULL,0,NULL,1,NULL,NULL,0,NULL,NULL,NULL,0,'2024-06-23 22:14:52','2024-06-23 22:14:52'),
 (569,27,5,'NULL','2008-05-07 00:00:00',NULL,NULL,NULL,NULL,NULL,2,NULL,NULL,0,NULL,0,NULL,1,NULL,NULL,0,NULL,NULL,NULL,0,'2024-06-23 22:14:52','2024-06-23 22:14:52'),
 (570,28,5,'NULL','2009-12-12 00:00:00',NULL,NULL,NULL,NULL,NULL,2,NULL,NULL,0,NULL,0,NULL,1,NULL,NULL,0,NULL,NULL,NULL,0,'2024-06-23 22:14:52','2024-06-23 22:14:52'),
 (571,29,5,'NULL','2009-12-13 00:00:00',NULL,NULL,NULL,NULL,NULL,2,NULL,NULL,0,NULL,0,NULL,1,NULL,NULL,0,NULL,NULL,NULL,0,'2024-06-23 22:14:52','2024-06-23 22:14:52'),
 (572,30,5,'NULL','2009-12-14 00:00:00',NULL,NULL,NULL,NULL,NULL,2,NULL,NULL,0,NULL,0,NULL,1,NULL,NULL,0,NULL,NULL,NULL,0,'2024-06-23 22:14:52','2024-06-23 22:14:52'),
 (573,31,5,'NULL','2009-12-15 00:00:00',NULL,NULL,NULL,NULL,NULL,2,NULL,NULL,0,NULL,0,NULL,1,NULL,NULL,0,NULL,NULL,NULL,0,'2024-06-23 22:14:52','2024-06-23 22:14:52'),
 (574,32,5,'NULL','2009-07-21 00:00:00',NULL,NULL,NULL,NULL,NULL,2,NULL,NULL,0,NULL,0,NULL,1,NULL,NULL,0,NULL,NULL,NULL,0,'2024-06-23 22:14:52','2024-06-23 22:14:52'),
 (575,33,5,'NULL','2009-03-07 00:00:00',NULL,NULL,NULL,NULL,NULL,2,NULL,NULL,0,NULL,0,NULL,1,NULL,NULL,0,NULL,NULL,NULL,0,'2024-06-23 22:14:52','2024-06-23 22:14:52'),
 (576,34,5,'NULL','2009-12-15 00:00:00',NULL,NULL,NULL,NULL,NULL,2,NULL,NULL,0,NULL,0,NULL,1,NULL,NULL,0,NULL,NULL,NULL,0,'2024-06-23 22:14:52','2024-06-23 22:14:52'),
 (577,35,5,'NULL','2009-12-13 00:00:00',NULL,NULL,NULL,NULL,NULL,2,NULL,NULL,0,NULL,0,NULL,1,NULL,NULL,0,NULL,NULL,NULL,0,'2024-06-23 22:14:52','2024-06-23 22:14:52'),
 (578,36,5,'NULL','2009-01-10 00:00:00',NULL,NULL,NULL,NULL,NULL,2,NULL,NULL,0,NULL,0,NULL,1,NULL,NULL,0,NULL,NULL,NULL,0,'2024-06-23 22:14:52','2024-06-23 22:14:52'),
 (579,37,5,'NULL','2009-03-06 00:00:00',NULL,NULL,NULL,NULL,NULL,2,NULL,NULL,0,NULL,0,NULL,1,NULL,NULL,0,NULL,NULL,NULL,0,'2024-06-23 22:14:52','2024-06-23 22:14:52'),
 (580,38,5,'NULL','2009-12-13 00:00:00',NULL,NULL,NULL,NULL,NULL,2,NULL,NULL,0,NULL,0,NULL,1,NULL,NULL,0,NULL,NULL,NULL,0,'2024-06-23 22:14:52','2024-06-23 22:14:52'),
 (581,39,5,'NULL','2008-01-10 00:00:00',NULL,NULL,NULL,NULL,NULL,2,NULL,NULL,0,NULL,0,NULL,1,NULL,NULL,0,NULL,NULL,NULL,0,'2024-06-23 22:14:52','2024-06-23 22:14:52'),
 (582,40,5,'NULL','2009-12-14 00:00:00',NULL,NULL,NULL,NULL,NULL,2,NULL,NULL,0,NULL,0,NULL,1,NULL,NULL,0,NULL,NULL,NULL,0,'2024-06-23 22:14:52','2024-06-23 22:14:52'),
 (583,41,5,'NULL','2009-01-21 00:00:00',NULL,NULL,NULL,NULL,NULL,2,NULL,NULL,0,NULL,0,NULL,1,NULL,NULL,0,NULL,NULL,NULL,0,'2024-06-23 22:14:52','2024-06-23 22:14:52'),
 (584,42,5,'NULL','2009-12-15 00:00:00',NULL,NULL,NULL,NULL,NULL,2,NULL,NULL,0,NULL,0,NULL,1,NULL,NULL,0,NULL,NULL,NULL,0,'2024-06-23 22:14:52','2024-06-23 22:14:52'),
 (585,43,5,'NULL','2009-03-05 00:00:00',NULL,NULL,NULL,NULL,NULL,2,NULL,NULL,0,NULL,0,NULL,1,NULL,NULL,0,NULL,NULL,NULL,0,'2024-06-23 22:14:52','2024-06-23 22:14:52'),
 (586,44,5,'NULL','2009-12-13 00:00:00',NULL,NULL,NULL,NULL,NULL,2,NULL,NULL,0,NULL,0,NULL,1,NULL,NULL,0,NULL,NULL,NULL,0,'2024-06-23 22:14:52','2024-06-23 22:14:52'),
 (587,45,5,'NULL','2009-01-10 00:00:00',NULL,NULL,NULL,NULL,NULL,2,NULL,NULL,0,NULL,0,NULL,1,NULL,NULL,0,NULL,NULL,NULL,0,'2024-06-23 22:14:52','2024-06-23 22:14:52'),
 (588,46,5,'NULL','2009-12-13 00:00:00',NULL,NULL,NULL,NULL,NULL,2,NULL,NULL,0,NULL,0,NULL,1,NULL,NULL,0,NULL,NULL,NULL,0,'2024-06-23 22:14:52','2024-06-23 22:14:52'),
 (589,47,5,'NULL','2009-10-21 00:00:00',NULL,NULL,NULL,NULL,NULL,2,NULL,NULL,0,NULL,0,NULL,1,NULL,NULL,0,NULL,NULL,NULL,0,'2024-06-23 22:14:52','2024-06-23 22:14:52'),
 (590,48,5,'NULL','2009-12-10 00:00:00',NULL,NULL,NULL,NULL,NULL,2,NULL,NULL,0,NULL,0,NULL,1,NULL,NULL,0,NULL,NULL,NULL,0,'2024-06-23 22:14:52','2024-06-23 22:14:52'),
 (591,49,5,'NULL','2009-03-11 00:00:00',NULL,NULL,NULL,NULL,NULL,2,NULL,NULL,0,NULL,0,NULL,1,NULL,NULL,0,NULL,NULL,NULL,0,'2024-06-23 22:14:52','2024-06-23 22:14:52'),
 (592,50,5,'NULL','2009-04-05 00:00:00',NULL,NULL,NULL,NULL,NULL,2,NULL,NULL,0,NULL,0,NULL,1,NULL,NULL,0,NULL,NULL,NULL,0,'2024-06-23 22:14:52','2024-06-23 22:14:52'),
 (593,63,6,'$ 50.00 - Fall Fundraiser Dinner : Offline registration','2024-06-23 22:14:52',NULL,NULL,NULL,NULL,'Participant',2,NULL,NULL,0,NULL,0,NULL,1,NULL,NULL,0,NULL,NULL,NULL,0,'2024-06-23 22:14:52','2024-06-23 22:14:52'),
 (594,64,6,'$ 800.00 - Rain-forest Cup Youth Soccer Tournament : Offline registration','2024-06-23 22:14:52',NULL,NULL,NULL,NULL,'Participant',2,NULL,NULL,0,NULL,0,NULL,1,NULL,NULL,0,NULL,NULL,NULL,0,'2024-06-23 22:14:52','2024-06-23 22:14:52'),
 (595,65,6,'$ 50.00 - Summer Solstice Festival Day Concert : Offline registration','2024-06-23 22:14:52',NULL,NULL,NULL,NULL,'Participant',2,NULL,NULL,0,NULL,0,NULL,1,NULL,NULL,0,NULL,NULL,NULL,0,'2024-06-23 22:14:52','2024-06-23 22:14:52'),
 (596,66,6,'$ 50.00 - Summer Solstice Festival Day Concert : Offline registration','2024-06-23 22:14:52',NULL,NULL,NULL,NULL,'Participant',2,NULL,NULL,0,NULL,0,NULL,1,NULL,NULL,0,NULL,NULL,NULL,0,'2024-06-23 22:14:52','2024-06-23 22:14:52'),
 (597,67,6,'$ 800.00 - Rain-forest Cup Youth Soccer Tournament : Offline registration','2024-06-23 22:14:52',NULL,NULL,NULL,NULL,'Participant',2,NULL,NULL,0,NULL,0,NULL,1,NULL,NULL,0,NULL,NULL,NULL,0,'2024-06-23 22:14:52','2024-06-23 22:14:52'),
 (598,68,6,'$ 50.00 - Summer Solstice Festival Day Concert : Offline registration','2024-06-23 22:14:52',NULL,NULL,NULL,NULL,'Participant',2,NULL,NULL,0,NULL,0,NULL,1,NULL,NULL,0,NULL,NULL,NULL,0,'2024-06-23 22:14:52','2024-06-23 22:14:52'),
 (599,69,6,'$ 800.00 - Rain-forest Cup Youth Soccer Tournament : Offline registration','2024-06-23 22:14:52',NULL,NULL,NULL,NULL,'Participant',2,NULL,NULL,0,NULL,0,NULL,1,NULL,NULL,0,NULL,NULL,NULL,0,'2024-06-23 22:14:52','2024-06-23 22:14:52'),
 (600,70,6,'$ 50.00 - Summer Solstice Festival Day Concert : Offline registration','2024-06-23 22:14:52',NULL,NULL,NULL,NULL,'Participant',2,NULL,NULL,0,NULL,0,NULL,1,NULL,NULL,0,NULL,NULL,NULL,0,'2024-06-23 22:14:52','2024-06-23 22:14:52'),
 (601,71,6,'$ 800.00 - Rain-forest Cup Youth Soccer Tournament : Offline registration','2024-06-23 22:14:52',NULL,NULL,NULL,NULL,'Participant',2,NULL,NULL,0,NULL,0,NULL,1,NULL,NULL,0,NULL,NULL,NULL,0,'2024-06-23 22:14:52','2024-06-23 22:14:52'),
 (602,72,6,'$ 800.00 - Rain-forest Cup Youth Soccer Tournament : Offline registration','2024-06-23 22:14:52',NULL,NULL,NULL,NULL,'Participant',2,NULL,NULL,0,NULL,0,NULL,1,NULL,NULL,0,NULL,NULL,NULL,0,'2024-06-23 22:14:52','2024-06-23 22:14:52'),
 (603,73,6,'$ 800.00 - Rain-forest Cup Youth Soccer Tournament : Offline registration','2024-06-23 22:14:52',NULL,NULL,NULL,NULL,'Participant',2,NULL,NULL,0,NULL,0,NULL,1,NULL,NULL,0,NULL,NULL,NULL,0,'2024-06-23 22:14:52','2024-06-23 22:14:52'),
 (604,74,6,'$ 50.00 - Fall Fundraiser Dinner : Offline registration','2024-06-23 22:14:52',NULL,NULL,NULL,NULL,'Participant',2,NULL,NULL,0,NULL,0,NULL,1,NULL,NULL,0,NULL,NULL,NULL,0,'2024-06-23 22:14:52','2024-06-23 22:14:52'),
 (605,75,6,'$ 800.00 - Rain-forest Cup Youth Soccer Tournament : Offline registration','2024-06-23 22:14:52',NULL,NULL,NULL,NULL,'Participant',2,NULL,NULL,0,NULL,0,NULL,1,NULL,NULL,0,NULL,NULL,NULL,0,'2024-06-23 22:14:52','2024-06-23 22:14:52'),
 (606,76,6,'$ 800.00 - Rain-forest Cup Youth Soccer Tournament : Offline registration','2024-06-23 22:14:52',NULL,NULL,NULL,NULL,'Participant',2,NULL,NULL,0,NULL,0,NULL,1,NULL,NULL,0,NULL,NULL,NULL,0,'2024-06-23 22:14:52','2024-06-23 22:14:52'),
 (607,77,6,'$ 50.00 - Summer Solstice Festival Day Concert : Offline registration','2024-06-23 22:14:52',NULL,NULL,NULL,NULL,'Participant',2,NULL,NULL,0,NULL,0,NULL,1,NULL,NULL,0,NULL,NULL,NULL,0,'2024-06-23 22:14:52','2024-06-23 22:14:52'),
 (608,78,6,'$ 50.00 - Fall Fundraiser Dinner : Offline registration','2024-06-23 22:14:52',NULL,NULL,NULL,NULL,'Participant',2,NULL,NULL,0,NULL,0,NULL,1,NULL,NULL,0,NULL,NULL,NULL,0,'2024-06-23 22:14:52','2024-06-23 22:14:52'),
 (609,79,6,'$ 50.00 - Fall Fundraiser Dinner : Offline registration','2024-06-23 22:14:52',NULL,NULL,NULL,NULL,'Participant',2,NULL,NULL,0,NULL,0,NULL,1,NULL,NULL,0,NULL,NULL,NULL,0,'2024-06-23 22:14:52','2024-06-23 22:14:52'),
 (610,80,6,'$ 800.00 - Rain-forest Cup Youth Soccer Tournament : Offline registration','2024-06-23 22:14:52',NULL,NULL,NULL,NULL,'Participant',2,NULL,NULL,0,NULL,0,NULL,1,NULL,NULL,0,NULL,NULL,NULL,0,'2024-06-23 22:14:52','2024-06-23 22:14:52'),
 (611,81,6,'$ 50.00 - Fall Fundraiser Dinner : Offline registration','2024-06-23 22:14:52',NULL,NULL,NULL,NULL,'Participant',2,NULL,NULL,0,NULL,0,NULL,1,NULL,NULL,0,NULL,NULL,NULL,0,'2024-06-23 22:14:52','2024-06-23 22:14:52'),
 (612,82,6,'$ 50.00 - Summer Solstice Festival Day Concert : Offline registration','2024-06-23 22:14:52',NULL,NULL,NULL,NULL,'Participant',2,NULL,NULL,0,NULL,0,NULL,1,NULL,NULL,0,NULL,NULL,NULL,0,'2024-06-23 22:14:52','2024-06-23 22:14:52'),
 (613,83,6,'$ 800.00 - Rain-forest Cup Youth Soccer Tournament : Offline registration','2024-06-23 22:14:52',NULL,NULL,NULL,NULL,'Participant',2,NULL,NULL,0,NULL,0,NULL,1,NULL,NULL,0,NULL,NULL,NULL,0,'2024-06-23 22:14:52','2024-06-23 22:14:52'),
 (614,84,6,'$ 50.00 - Summer Solstice Festival Day Concert : Offline registration','2024-06-23 22:14:52',NULL,NULL,NULL,NULL,'Participant',2,NULL,NULL,0,NULL,0,NULL,1,NULL,NULL,0,NULL,NULL,NULL,0,'2024-06-23 22:14:52','2024-06-23 22:14:52'),
 (615,85,6,'$ 50.00 - Fall Fundraiser Dinner : Offline registration','2024-06-23 22:14:52',NULL,NULL,NULL,NULL,'Participant',2,NULL,NULL,0,NULL,0,NULL,1,NULL,NULL,0,NULL,NULL,NULL,0,'2024-06-23 22:14:52','2024-06-23 22:14:52'),
 (616,86,6,'$ 50.00 - Fall Fundraiser Dinner : Offline registration','2024-06-23 22:14:52',NULL,NULL,NULL,NULL,'Participant',2,NULL,NULL,0,NULL,0,NULL,1,NULL,NULL,0,NULL,NULL,NULL,0,'2024-06-23 22:14:52','2024-06-23 22:14:52'),
 (617,87,6,'$ 800.00 - Rain-forest Cup Youth Soccer Tournament : Offline registration','2024-06-23 22:14:52',NULL,NULL,NULL,NULL,'Participant',2,NULL,NULL,0,NULL,0,NULL,1,NULL,NULL,0,NULL,NULL,NULL,0,'2024-06-23 22:14:52','2024-06-23 22:14:52'),
 (618,88,6,'$ 800.00 - Rain-forest Cup Youth Soccer Tournament : Offline registration','2024-06-23 22:14:52',NULL,NULL,NULL,NULL,'Participant',2,NULL,NULL,0,NULL,0,NULL,1,NULL,NULL,0,NULL,NULL,NULL,0,'2024-06-23 22:14:52','2024-06-23 22:14:52'),
 (619,89,6,'$ 800.00 - Rain-forest Cup Youth Soccer Tournament : Offline registration','2024-06-23 22:14:52',NULL,NULL,NULL,NULL,'Participant',2,NULL,NULL,0,NULL,0,NULL,1,NULL,NULL,0,NULL,NULL,NULL,0,'2024-06-23 22:14:52','2024-06-23 22:14:52'),
 (620,90,6,'$ 50.00 - Summer Solstice Festival Day Concert : Offline registration','2024-06-23 22:14:52',NULL,NULL,NULL,NULL,'Participant',2,NULL,NULL,0,NULL,0,NULL,1,NULL,NULL,0,NULL,NULL,NULL,0,'2024-06-23 22:14:52','2024-06-23 22:14:52'),
 (621,91,6,'$ 50.00 - Fall Fundraiser Dinner : Offline registration','2024-06-23 22:14:52',NULL,NULL,NULL,NULL,'Participant',2,NULL,NULL,0,NULL,0,NULL,1,NULL,NULL,0,NULL,NULL,NULL,0,'2024-06-23 22:14:52','2024-06-23 22:14:52'),
 (622,92,6,'$ 50.00 - Fall Fundraiser Dinner : Offline registration','2024-06-23 22:14:52',NULL,NULL,NULL,NULL,'Participant',2,NULL,NULL,0,NULL,0,NULL,1,NULL,NULL,0,NULL,NULL,NULL,0,'2024-06-23 22:14:52','2024-06-23 22:14:52'),
 (623,93,6,'$ 50.00 - Summer Solstice Festival Day Concert : Offline registration','2024-06-23 22:14:52',NULL,NULL,NULL,NULL,'Participant',2,NULL,NULL,0,NULL,0,NULL,1,NULL,NULL,0,NULL,NULL,NULL,0,'2024-06-23 22:14:52','2024-06-23 22:14:52'),
 (624,94,6,'$ 50.00 - Summer Solstice Festival Day Concert : Offline registration','2024-06-23 22:14:52',NULL,NULL,NULL,NULL,'Participant',2,NULL,NULL,0,NULL,0,NULL,1,NULL,NULL,0,NULL,NULL,NULL,0,'2024-06-23 22:14:52','2024-06-23 22:14:52'),
 (625,95,6,'$ 50.00 - Summer Solstice Festival Day Concert : Offline registration','2024-06-23 22:14:52',NULL,NULL,NULL,NULL,'Participant',2,NULL,NULL,0,NULL,0,NULL,1,NULL,NULL,0,NULL,NULL,NULL,0,'2024-06-23 22:14:52','2024-06-23 22:14:52'),
 (626,96,6,'$ 50.00 - Fall Fundraiser Dinner : Offline registration','2024-06-23 22:14:52',NULL,NULL,NULL,NULL,'Participant',2,NULL,NULL,0,NULL,0,NULL,1,NULL,NULL,0,NULL,NULL,NULL,0,'2024-06-23 22:14:52','2024-06-23 22:14:52'),
 (627,97,6,'$ 800.00 - Rain-forest Cup Youth Soccer Tournament : Offline registration','2024-06-23 22:14:52',NULL,NULL,NULL,NULL,'Participant',2,NULL,NULL,0,NULL,0,NULL,1,NULL,NULL,0,NULL,NULL,NULL,0,'2024-06-23 22:14:52','2024-06-23 22:14:52'),
 (628,98,6,'$ 50.00 - Fall Fundraiser Dinner : Offline registration','2024-06-23 22:14:52',NULL,NULL,NULL,NULL,'Participant',2,NULL,NULL,0,NULL,0,NULL,1,NULL,NULL,0,NULL,NULL,NULL,0,'2024-06-23 22:14:52','2024-06-23 22:14:52'),
 (629,99,6,'$ 800.00 - Rain-forest Cup Youth Soccer Tournament : Offline registration','2024-06-23 22:14:52',NULL,NULL,NULL,NULL,'Participant',2,NULL,NULL,0,NULL,0,NULL,1,NULL,NULL,0,NULL,NULL,NULL,0,'2024-06-23 22:14:52','2024-06-23 22:14:52'),
 (630,100,6,'$ 50.00 - Fall Fundraiser Dinner : Offline registration','2024-06-23 22:14:52',NULL,NULL,NULL,NULL,'Participant',2,NULL,NULL,0,NULL,0,NULL,1,NULL,NULL,0,NULL,NULL,NULL,0,'2024-06-23 22:14:52','2024-06-23 22:14:52'),
 (631,101,6,'$ 50.00 - Summer Solstice Festival Day Concert : Offline registration','2024-06-23 22:14:52',NULL,NULL,NULL,NULL,'Participant',2,NULL,NULL,0,NULL,0,NULL,1,NULL,NULL,0,NULL,NULL,NULL,0,'2024-06-23 22:14:52','2024-06-23 22:14:52'),
 (632,102,6,'$ 50.00 - Summer Solstice Festival Day Concert : Offline registration','2024-06-23 22:14:52',NULL,NULL,NULL,NULL,'Participant',2,NULL,NULL,0,NULL,0,NULL,1,NULL,NULL,0,NULL,NULL,NULL,0,'2024-06-23 22:14:52','2024-06-23 22:14:52'),
 (633,103,6,'$ 50.00 - Summer Solstice Festival Day Concert : Offline registration','2024-06-23 22:14:52',NULL,NULL,NULL,NULL,'Participant',2,NULL,NULL,0,NULL,0,NULL,1,NULL,NULL,0,NULL,NULL,NULL,0,'2024-06-23 22:14:52','2024-06-23 22:14:52'),
 (634,104,6,'$ 800.00 - Rain-forest Cup Youth Soccer Tournament : Offline registration','2024-06-23 22:14:52',NULL,NULL,NULL,NULL,'Participant',2,NULL,NULL,0,NULL,0,NULL,1,NULL,NULL,0,NULL,NULL,NULL,0,'2024-06-23 22:14:52','2024-06-23 22:14:52'),
 (635,105,6,'$ 800.00 - Rain-forest Cup Youth Soccer Tournament : Offline registration','2024-06-23 22:14:52',NULL,NULL,NULL,NULL,'Participant',2,NULL,NULL,0,NULL,0,NULL,1,NULL,NULL,0,NULL,NULL,NULL,0,'2024-06-23 22:14:52','2024-06-23 22:14:52'),
 (636,106,6,'$ 50.00 - Fall Fundraiser Dinner : Offline registration','2024-06-23 22:14:52',NULL,NULL,NULL,NULL,'Participant',2,NULL,NULL,0,NULL,0,NULL,1,NULL,NULL,0,NULL,NULL,NULL,0,'2024-06-23 22:14:52','2024-06-23 22:14:52'),
 (637,107,6,'$ 50.00 - Fall Fundraiser Dinner : Offline registration','2024-06-23 22:14:52',NULL,NULL,NULL,NULL,'Participant',2,NULL,NULL,0,NULL,0,NULL,1,NULL,NULL,0,NULL,NULL,NULL,0,'2024-06-23 22:14:52','2024-06-23 22:14:52'),
 (638,108,6,'$ 50.00 - Summer Solstice Festival Day Concert : Offline registration','2024-06-23 22:14:52',NULL,NULL,NULL,NULL,'Participant',2,NULL,NULL,0,NULL,0,NULL,1,NULL,NULL,0,NULL,NULL,NULL,0,'2024-06-23 22:14:52','2024-06-23 22:14:52'),
 (639,109,6,'$ 50.00 - Fall Fundraiser Dinner : Offline registration','2024-06-23 22:14:52',NULL,NULL,NULL,NULL,'Participant',2,NULL,NULL,0,NULL,0,NULL,1,NULL,NULL,0,NULL,NULL,NULL,0,'2024-06-23 22:14:52','2024-06-23 22:14:52'),
 (640,110,6,'$ 50.00 - Fall Fundraiser Dinner : Offline registration','2024-06-23 22:14:52',NULL,NULL,NULL,NULL,'Participant',2,NULL,NULL,0,NULL,0,NULL,1,NULL,NULL,0,NULL,NULL,NULL,0,'2024-06-23 22:14:52','2024-06-23 22:14:52'),
 (641,111,6,'$ 50.00 - Summer Solstice Festival Day Concert : Offline registration','2024-06-23 22:14:52',NULL,NULL,NULL,NULL,'Participant',2,NULL,NULL,0,NULL,0,NULL,1,NULL,NULL,0,NULL,NULL,NULL,0,'2024-06-23 22:14:52','2024-06-23 22:14:52'),
 (642,112,6,'$ 800.00 - Rain-forest Cup Youth Soccer Tournament : Offline registration','2024-06-23 22:14:52',NULL,NULL,NULL,NULL,'Participant',2,NULL,NULL,0,NULL,0,NULL,1,NULL,NULL,0,NULL,NULL,NULL,0,'2024-06-23 22:14:52','2024-06-23 22:14:52');
/*!40000 ALTER TABLE `civicrm_activity` ENABLE KEYS */;
UNLOCK TABLES;

--
-- Dumping data for table `civicrm_activity_contact`
--

LOCK TABLES `civicrm_activity_contact` WRITE;
/*!40000 ALTER TABLE `civicrm_activity_contact` DISABLE KEYS */;
INSERT INTO `civicrm_activity_contact` (`id`, `activity_id`, `contact_id`, `record_type_id`) VALUES
 (77,40,1,3),
 (239,128,1,3),
 (392,215,1,3),
 (86,46,2,3),
 (190,102,2,3),
 (497,274,2,3),
 (577,319,2,3),
 (808,451,2,2),
 (931,574,2,2),
 (218,117,3,3),
 (292,158,3,3),
 (446,245,3,3),
 (587,325,3,3),
 (531,294,4,3),
 (774,431,4,3),
 (809,452,4,2),
 (812,455,4,2),
 (25,13,5,3),
 (277,150,5,3),
 (378,207,5,3),
 (492,271,5,3),
 (610,337,5,3),
 (123,66,6,3),
 (212,114,6,3),
 (606,335,6,3),
 (666,369,6,3),
 (810,453,6,2),
 (923,566,6,2),
 (22,11,7,3),
 (132,71,7,3),
 (506,279,7,3),
 (34,18,8,3),
 (229,123,8,3),
 (425,232,8,3),
 (600,332,8,3),
 (633,350,8,3),
 (650,360,8,3),
 (693,384,8,3),
 (748,416,8,3),
 (811,454,8,2),
 (225,121,10,3),
 (257,138,10,3),
 (296,160,10,3),
 (403,221,10,3),
 (455,250,10,3),
 (602,333,10,3),
 (654,362,10,3),
 (944,587,10,2),
 (4,2,12,3),
 (36,19,12,3),
 (60,31,12,3),
 (150,81,12,3),
 (363,198,12,3),
 (388,213,12,3),
 (50,26,13,3),
 (255,137,13,3),
 (265,143,13,3),
 (268,145,13,3),
 (458,252,13,3),
 (804,448,13,3),
 (772,430,14,3),
 (907,550,14,2),
 (396,217,15,3),
 (413,226,15,3),
 (160,86,16,3),
 (813,456,16,2),
 (936,579,16,2),
 (210,113,17,3),
 (554,306,17,3),
 (622,344,17,3),
 (916,559,17,2),
 (56,29,18,3),
 (92,49,18,3),
 (592,328,18,3),
 (614,339,18,3),
 (1,1,19,2),
 (3,2,19,2),
 (5,3,19,2),
 (7,4,19,2),
 (9,5,19,2),
 (11,6,19,2),
 (13,7,19,2),
 (15,8,19,2),
 (17,9,19,2),
 (19,10,19,2),
 (21,11,19,2),
 (23,12,19,2),
 (24,13,19,2),
 (26,14,19,2),
 (28,15,19,2),
 (29,16,19,2),
 (31,17,19,2),
 (33,18,19,2),
 (35,19,19,2),
 (37,20,19,2),
 (39,21,19,2),
 (41,22,19,2),
 (43,23,19,2),
 (45,24,19,2),
 (47,25,19,2),
 (49,26,19,2),
 (51,27,19,2),
 (52,27,19,3),
 (53,28,19,2),
 (55,29,19,2),
 (57,30,19,2),
 (59,31,19,2),
 (61,32,19,2),
 (63,33,19,2),
 (64,34,19,2),
 (66,35,19,2),
 (68,36,19,2),
 (70,37,19,2),
 (72,38,19,2),
 (74,39,19,2),
 (76,40,19,2),
 (78,41,19,2),
 (79,42,19,2),
 (80,43,19,2),
 (82,44,19,2),
 (83,45,19,2),
 (85,46,19,2),
 (87,47,19,2),
 (89,48,19,2),
 (91,49,19,2),
 (93,50,19,2),
 (95,51,19,2),
 (97,52,19,2),
 (99,53,19,2),
 (100,54,19,2),
 (102,55,19,2),
 (103,56,19,2),
 (105,57,19,2),
 (107,58,19,2),
 (109,59,19,2),
 (111,60,19,2),
 (113,61,19,2),
 (115,62,19,2),
 (117,63,19,2),
 (119,64,19,2),
 (120,65,19,2),
 (122,66,19,2),
 (124,67,19,2),
 (125,68,19,2),
 (127,69,19,2),
 (129,70,19,2),
 (131,71,19,2),
 (133,72,19,2),
 (135,73,19,2),
 (136,74,19,2),
 (138,75,19,2),
 (140,76,19,2),
 (142,77,19,2),
 (144,78,19,2),
 (146,79,19,2),
 (147,80,19,2),
 (149,81,19,2),
 (151,82,19,2),
 (153,83,19,2),
 (155,84,19,2),
 (157,85,19,2),
 (159,86,19,2),
 (161,87,19,2),
 (163,88,19,2),
 (165,89,19,2),
 (167,90,19,2),
 (169,91,19,2),
 (171,92,19,2),
 (173,93,19,2),
 (175,94,19,2),
 (177,95,19,2),
 (179,96,19,2),
 (181,97,19,2),
 (182,98,19,2),
 (184,99,19,2),
 (185,100,19,2),
 (187,101,19,2),
 (189,102,19,2),
 (191,103,19,2),
 (193,104,19,2),
 (195,105,19,2),
 (197,106,19,2),
 (198,107,19,2),
 (200,108,19,2),
 (202,109,19,2),
 (204,110,19,2),
 (206,111,19,2),
 (207,112,19,2),
 (209,113,19,2),
 (211,114,19,2),
 (213,115,19,2),
 (215,116,19,2),
 (217,117,19,2),
 (219,118,19,2),
 (221,119,19,2),
 (223,120,19,2),
 (224,121,19,2),
 (226,122,19,2),
 (228,123,19,2),
 (230,124,19,2),
 (232,125,19,2),
 (234,126,19,2),
 (236,127,19,2),
 (238,128,19,2),
 (240,129,19,2),
 (241,130,19,2),
 (243,131,19,2),
 (245,132,19,2),
 (247,133,19,2),
 (249,134,19,2),
 (250,134,19,3),
 (251,135,19,2),
 (252,136,19,2),
 (254,137,19,2),
 (256,138,19,2),
 (258,139,19,2),
 (260,140,19,2),
 (261,141,19,2),
 (262,142,19,2),
 (264,143,19,2),
 (266,144,19,2),
 (267,145,19,2),
 (269,146,19,2),
 (270,147,19,2),
 (272,148,19,2),
 (274,149,19,2),
 (276,150,19,2),
 (328,178,19,3),
 (411,225,19,3),
 (617,341,19,3),
 (708,392,19,3),
 (814,457,19,2),
 (920,563,19,2),
 (130,70,20,3),
 (594,329,20,3),
 (30,16,21,3),
 (156,84,21,3),
 (743,413,21,3),
 (75,39,22,3),
 (336,183,22,3),
 (372,203,22,3),
 (740,411,22,3),
 (65,34,23,3),
 (334,182,23,3),
 (390,214,23,3),
 (158,85,24,3),
 (12,6,25,3),
 (381,209,25,3),
 (475,261,25,3),
 (540,299,25,3),
 (20,10,26,3),
 (288,156,26,3),
 (331,180,26,3),
 (369,201,26,3),
 (582,322,26,3),
 (731,406,26,3),
 (18,9,27,3),
 (205,110,27,3),
 (361,197,27,3),
 (564,312,27,3),
 (573,317,27,3),
 (612,338,27,3),
 (904,547,27,2),
 (345,188,28,3),
 (501,276,28,3),
 (849,492,28,2),
 (869,522,28,2),
 (905,548,28,2),
 (584,323,29,3),
 (152,82,30,3),
 (326,177,30,3),
 (467,257,30,3),
 (719,399,30,3),
 (729,405,30,3),
 (785,437,30,3),
 (770,429,31,3),
 (231,124,32,3),
 (486,268,32,3),
 (820,463,32,2),
 (821,464,32,2),
 (677,375,33,3),
 (746,415,33,3),
 (908,551,33,2),
 (58,30,34,3),
 (253,136,34,3),
 (298,161,34,3),
 (495,273,34,3),
 (637,352,34,3),
 (817,460,34,2),
 (933,576,34,2),
 (188,101,35,3),
 (460,253,35,3),
 (294,159,36,3),
 (903,546,36,2),
 (128,69,37,3),
 (10,5,38,3),
 (143,77,38,3),
 (148,80,38,3),
 (514,284,38,3),
 (626,346,38,3),
 (691,383,38,3),
 (776,432,38,3),
 (164,88,39,3),
 (503,277,39,3),
 (525,290,39,3),
 (646,358,39,3),
 (88,47,40,3),
 (398,218,40,3),
 (419,229,40,3),
 (686,380,40,3),
 (141,76,41,3),
 (235,126,41,3),
 (275,149,41,3),
 (312,169,41,3),
 (704,390,41,3),
 (417,228,42,3),
 (631,349,42,3),
 (162,87,43,3),
 (281,152,43,3),
 (409,224,43,3),
 (819,462,43,2),
 (914,557,43,2),
 (104,56,44,3),
 (114,61,44,3),
 (273,148,44,3),
 (451,248,44,3),
 (98,52,45,3),
 (321,174,45,3),
 (523,289,45,3),
 (671,372,45,3),
 (721,400,45,3),
 (40,21,46,3),
 (290,157,46,3),
 (303,164,46,3),
 (484,267,46,3),
 (367,200,47,3),
 (766,427,47,3),
 (106,57,48,3),
 (168,90,48,3),
 (248,133,48,3),
 (546,302,48,3),
 (580,321,48,3),
 (902,545,48,2),
 (69,36,49,3),
 (259,139,49,3),
 (305,165,49,3),
 (566,313,49,3),
 (67,35,50,3),
 (562,311,50,3),
 (932,575,50,2),
 (174,93,51,3),
 (508,280,51,3),
 (912,555,51,2),
 (641,355,52,3),
 (750,417,52,3),
 (909,552,52,2),
 (48,25,53,3),
 (62,32,53,3),
 (194,104,53,3),
 (220,118,53,3),
 (548,303,53,3),
 (656,363,53,3),
 (699,387,53,3),
 (44,23,54,3),
 (54,28,54,3),
 (427,233,54,3),
 (644,357,54,3),
 (196,105,55,3),
 (510,281,55,3),
 (6,3,56,3),
 (227,122,56,3),
 (556,307,56,3),
 (575,318,56,3),
 (648,359,56,3),
 (81,43,57,3),
 (126,68,57,3),
 (172,92,57,3),
 (192,103,57,3),
 (214,115,57,3),
 (386,212,57,3),
 (462,254,57,3),
 (624,345,57,3),
 (717,398,57,3),
 (16,8,58,3),
 (137,74,58,3),
 (552,305,58,3),
 (558,308,58,3),
 (733,407,58,3),
 (735,408,58,3),
 (101,54,59,3),
 (118,63,59,3),
 (783,436,59,3),
 (822,465,59,2),
 (823,466,59,2),
 (824,467,59,2),
 (825,468,59,2),
 (826,469,59,2),
 (827,470,59,2),
 (828,471,59,2),
 (829,472,59,2),
 (830,473,59,2),
 (831,474,59,2),
 (832,475,59,2),
 (365,199,60,3),
 (684,379,60,3),
 (706,391,60,3),
 (400,219,61,3),
 (544,301,61,3),
 (590,327,61,3),
 (689,382,61,3),
 (794,442,61,3),
 (499,275,62,3),
 (762,425,62,3),
 (340,185,63,3),
 (108,58,64,3),
 (208,112,64,3),
 (444,244,64,3),
 (661,366,64,3),
 (768,428,64,3),
 (351,191,65,3),
 (415,227,65,3),
 (436,239,65,3),
 (533,295,65,3),
 (598,331,65,3),
 (233,125,66,3),
 (308,167,66,3),
 (760,424,66,3),
 (405,222,67,3),
 (482,266,67,3),
 (542,300,67,3),
 (930,573,67,2),
 (2,1,68,3),
 (180,96,68,3),
 (201,108,68,3),
 (237,127,68,3),
 (535,296,68,3),
 (701,388,68,3),
 (852,495,68,2),
 (870,525,68,2),
 (710,393,69,3),
 (216,116,70,3),
 (242,130,70,3),
 (244,131,70,3),
 (570,315,70,3),
 (453,249,71,3),
 (518,286,71,3),
 (550,304,71,3),
 (668,370,71,3),
 (796,443,71,3),
 (818,461,71,2),
 (865,508,71,2),
 (871,538,71,2),
 (934,577,71,2),
 (682,378,72,3),
 (725,402,72,3),
 (178,95,73,3),
 (353,192,73,3),
 (432,236,73,3),
 (490,270,73,3),
 (673,373,73,3),
 (679,376,73,3),
 (764,426,73,3),
 (271,147,74,3),
 (941,584,74,2),
 (170,91,75,3),
 (338,184,75,3),
 (441,242,75,3),
 (781,435,75,3),
 (112,60,76,3),
 (116,62,76,3),
 (203,109,76,3),
 (314,170,76,3),
 (949,592,76,2),
 (38,20,77,3),
 (176,94,77,3),
 (246,132,77,3),
 (300,162,77,3),
 (543,301,77,2),
 (545,302,77,2),
 (547,303,77,2),
 (549,304,77,2),
 (551,305,77,2),
 (553,306,77,2),
 (555,307,77,2),
 (557,308,77,2),
 (559,309,77,2),
 (560,310,77,2),
 (561,311,77,2),
 (563,312,77,2),
 (565,313,77,2),
 (567,314,77,2),
 (569,315,77,2),
 (571,316,77,2),
 (572,317,77,2),
 (574,318,77,2),
 (576,319,77,2),
 (578,320,77,2),
 (579,321,77,2),
 (581,322,77,2),
 (583,323,77,2),
 (585,324,77,2),
 (586,325,77,2),
 (588,326,77,2),
 (589,327,77,2),
 (591,328,77,2),
 (593,329,77,2),
 (595,330,77,2),
 (597,331,77,2),
 (599,332,77,2),
 (601,333,77,2),
 (603,334,77,2),
 (605,335,77,2),
 (607,336,77,2),
 (609,337,77,2),
 (611,338,77,2),
 (613,339,77,2),
 (615,340,77,2),
 (616,341,77,2),
 (618,342,77,2),
 (620,343,77,2),
 (621,344,77,2),
 (623,345,77,2),
 (625,346,77,2),
 (627,347,77,2),
 (628,348,77,2),
 (630,349,77,2),
 (632,350,77,2),
 (634,351,77,2),
 (636,352,77,2),
 (638,353,77,2),
 (639,354,77,2),
 (640,355,77,2),
 (642,356,77,2),
 (643,357,77,2),
 (645,358,77,2),
 (647,359,77,2),
 (649,360,77,2),
 (651,361,77,2),
 (653,362,77,2),
 (655,363,77,2),
 (657,364,77,2),
 (658,365,77,2),
 (660,366,77,2),
 (662,367,77,2),
 (664,368,77,2),
 (665,369,77,2),
 (667,370,77,2),
 (669,371,77,2),
 (670,372,77,2),
 (672,373,77,2),
 (674,374,77,2),
 (676,375,77,2),
 (678,376,77,2),
 (680,377,77,2),
 (681,378,77,2),
 (683,379,77,2),
 (685,380,77,2),
 (687,381,77,2),
 (688,382,77,2),
 (690,383,77,2),
 (692,384,77,2),
 (694,385,77,2),
 (696,386,77,2),
 (698,387,77,2),
 (700,388,77,2),
 (702,389,77,2),
 (703,390,77,2),
 (705,391,77,2),
 (707,392,77,2),
 (709,393,77,2),
 (711,394,77,2),
 (712,395,77,2),
 (714,396,77,2),
 (715,397,77,2),
 (716,398,77,2),
 (718,399,77,2),
 (720,400,77,2),
 (722,401,77,2),
 (724,402,77,2),
 (726,403,77,2),
 (727,404,77,2),
 (728,405,77,2),
 (730,406,77,2),
 (732,407,77,2),
 (734,408,77,2),
 (736,409,77,2),
 (737,410,77,2),
 (739,411,77,2),
 (741,412,77,2),
 (742,413,77,2),
 (744,414,77,2),
 (745,415,77,2),
 (747,416,77,2),
 (749,417,77,2),
 (751,418,77,2),
 (752,419,77,2),
 (754,420,77,2),
 (755,421,77,2),
 (756,422,77,2),
 (757,423,77,2),
 (759,424,77,2),
 (761,425,77,2),
 (763,426,77,2),
 (765,427,77,2),
 (767,428,77,2),
 (769,429,77,2),
 (771,430,77,2),
 (773,431,77,2),
 (775,432,77,2),
 (777,433,77,2),
 (778,434,77,2),
 (780,435,77,2),
 (782,436,77,2),
 (784,437,77,2),
 (786,438,77,2),
 (788,439,77,2),
 (790,440,77,2),
 (791,441,77,2),
 (793,442,77,2),
 (795,443,77,2),
 (797,444,77,2),
 (798,445,77,2),
 (800,446,77,2),
 (801,447,77,2),
 (803,448,77,2),
 (805,449,77,2),
 (807,450,77,2),
 (8,4,78,3),
 (423,231,78,3),
 (154,83,79,3),
 (479,264,79,3),
 (758,423,79,3),
 (430,235,80,3),
 (568,314,80,3),
 (604,334,80,3),
 (860,503,80,2),
 (872,533,80,2),
 (316,171,81,3),
 (355,193,81,3),
 (635,351,81,3),
 (910,553,81,2),
 (310,168,82,3),
 (448,246,82,3),
 (529,293,82,3),
 (799,445,82,3),
 (815,458,82,2),
 (864,507,82,2),
 (873,537,82,2),
 (14,7,83,3),
 (73,38,83,3),
 (538,298,83,3),
 (792,441,83,3),
 (347,189,84,3),
 (394,216,84,3),
 (283,153,85,3),
 (439,241,85,3),
 (806,449,85,3),
 (46,24,86,3),
 (145,78,86,3),
 (199,107,86,3),
 (374,204,86,3),
 (407,223,86,3),
 (488,269,86,3),
 (842,485,86,2),
 (874,515,86,2),
 (121,65,87,3),
 (183,98,87,3),
 (279,151,87,3),
 (319,173,87,3),
 (469,258,87,3),
 (629,348,87,3),
 (652,361,87,3),
 (787,438,87,3),
 (840,483,87,2),
 (875,513,87,2),
 (71,37,88,3),
 (84,45,88,3),
 (134,72,88,3),
 (464,255,88,3),
 (659,365,88,3),
 (27,14,89,3),
 (110,59,89,3),
 (863,506,89,2),
 (876,536,89,2),
 (42,22,90,3),
 (324,176,90,3),
 (675,374,90,3),
 (738,410,90,3),
 (802,447,90,3),
 (937,580,90,2),
 (278,151,91,2),
 (280,152,91,2),
 (282,153,91,2),
 (284,154,91,2),
 (285,155,91,2),
 (287,156,91,2),
 (289,157,91,2),
 (291,158,91,2),
 (293,159,91,2),
 (295,160,91,2),
 (297,161,91,2),
 (299,162,91,2),
 (301,163,91,2),
 (302,164,91,2),
 (304,165,91,2),
 (306,166,91,2),
 (307,167,91,2),
 (309,168,91,2),
 (311,169,91,2),
 (313,170,91,2),
 (315,171,91,2),
 (317,172,91,2),
 (318,173,91,2),
 (320,174,91,2),
 (322,175,91,2),
 (323,176,91,2),
 (325,177,91,2),
 (327,178,91,2),
 (329,179,91,2),
 (330,180,91,2),
 (332,181,91,2),
 (333,182,91,2),
 (335,183,91,2),
 (337,184,91,2),
 (339,185,91,2),
 (341,186,91,2),
 (342,187,91,2),
 (343,187,91,3),
 (344,188,91,2),
 (346,189,91,2),
 (348,190,91,2),
 (349,190,91,3),
 (350,191,91,2),
 (352,192,91,2),
 (354,193,91,2),
 (356,194,91,2),
 (357,195,91,2),
 (359,196,91,2),
 (360,197,91,2),
 (362,198,91,2),
 (364,199,91,2),
 (366,200,91,2),
 (368,201,91,2),
 (370,202,91,2),
 (371,203,91,2),
 (373,204,91,2),
 (375,205,91,2),
 (376,206,91,2),
 (377,207,91,2),
 (379,208,91,2),
 (380,209,91,2),
 (382,210,91,2),
 (383,210,91,3),
 (384,211,91,2),
 (385,212,91,2),
 (387,213,91,2),
 (389,214,91,2),
 (391,215,91,2),
 (393,216,91,2),
 (395,217,91,2),
 (397,218,91,2),
 (399,219,91,2),
 (401,220,91,2),
 (402,221,91,2),
 (404,222,91,2),
 (406,223,91,2),
 (408,224,91,2),
 (410,225,91,2),
 (412,226,91,2),
 (414,227,91,2),
 (416,228,91,2),
 (418,229,91,2),
 (420,230,91,2),
 (422,231,91,2),
 (424,232,91,2),
 (426,233,91,2),
 (428,234,91,2),
 (429,235,91,2),
 (431,236,91,2),
 (433,237,91,2),
 (434,238,91,2),
 (435,239,91,2),
 (437,240,91,2),
 (438,241,91,2),
 (440,242,91,2),
 (442,243,91,2),
 (443,244,91,2),
 (445,245,91,2),
 (447,246,91,2),
 (449,247,91,2),
 (450,248,91,2),
 (452,249,91,2),
 (454,250,91,2),
 (456,251,91,2),
 (457,252,91,2),
 (459,253,91,2),
 (461,254,91,2),
 (463,255,91,2),
 (465,256,91,2),
 (466,257,91,2),
 (468,258,91,2),
 (470,259,91,2),
 (472,260,91,2),
 (473,260,91,3),
 (474,261,91,2),
 (476,262,91,2),
 (477,263,91,2),
 (478,264,91,2),
 (480,265,91,2),
 (481,266,91,2),
 (483,267,91,2),
 (485,268,91,2),
 (487,269,91,2),
 (489,270,91,2),
 (491,271,91,2),
 (493,272,91,2),
 (494,273,91,2),
 (496,274,91,2),
 (498,275,91,2),
 (500,276,91,2),
 (502,277,91,2),
 (504,278,91,2),
 (505,279,91,2),
 (507,280,91,2),
 (509,281,91,2),
 (511,282,91,2),
 (512,283,91,2),
 (513,284,91,2),
 (515,285,91,2),
 (517,286,91,2),
 (519,287,91,2),
 (520,288,91,2),
 (522,289,91,2),
 (524,290,91,2),
 (526,291,91,2),
 (527,292,91,2),
 (528,293,91,2),
 (530,294,91,2),
 (532,295,91,2),
 (534,296,91,2),
 (536,297,91,2),
 (537,298,91,2),
 (539,299,91,2),
 (541,300,91,2),
 (619,342,91,3),
 (421,230,92,3),
 (471,259,92,3),
 (816,459,92,2),
 (846,489,92,2),
 (877,519,92,2),
 (697,386,93,3),
 (857,500,94,2),
 (878,530,94,2),
 (608,336,95,3),
 (854,497,95,2),
 (879,527,95,2),
 (32,17,96,3),
 (222,119,96,3),
 (516,285,96,3),
 (695,385,96,3),
 (90,48,97,3),
 (166,89,97,3),
 (596,330,97,3),
 (263,142,98,3),
 (286,155,98,3),
 (713,395,98,3),
 (723,401,98,3),
 (753,419,98,3),
 (779,434,98,3),
 (940,583,98,2),
 (94,50,99,3),
 (96,51,99,3),
 (139,75,99,3),
 (833,476,99,2),
 (834,477,99,2),
 (835,478,99,2),
 (836,479,99,2),
 (837,480,99,2),
 (186,100,100,3),
 (358,195,100,3),
 (521,288,100,3),
 (663,367,100,3),
 (789,439,100,3),
 (917,560,102,2),
 (838,481,103,2),
 (843,486,109,2),
 (880,516,109,2),
 (924,567,111,2),
 (861,504,112,2),
 (881,534,112,2),
 (847,490,113,2),
 (882,520,113,2),
 (927,570,113,2),
 (929,572,114,2),
 (900,543,119,2),
 (943,586,120,2),
 (947,590,122,2),
 (851,494,124,2),
 (883,524,124,2),
 (919,562,127,2),
 (926,569,128,2),
 (859,502,131,2),
 (884,532,131,2),
 (841,484,136,2),
 (885,514,136,2),
 (845,488,141,2),
 (886,518,141,2),
 (928,571,142,2),
 (850,493,143,2),
 (887,523,143,2),
 (939,582,146,2),
 (925,568,147,2),
 (911,554,149,2),
 (868,511,150,2),
 (888,541,150,2),
 (921,564,151,2),
 (844,487,152,2),
 (889,517,152,2),
 (938,581,152,2),
 (858,501,153,2),
 (890,531,153,2),
 (901,544,153,2),
 (913,556,155,2),
 (948,591,160,2),
 (945,588,161,2),
 (915,558,162,2),
 (946,589,171,2),
 (922,565,174,2),
 (918,561,175,2),
 (867,510,176,2),
 (891,540,176,2),
 (866,509,177,2),
 (892,539,177,2),
 (856,499,181,2),
 (893,529,181,2),
 (848,491,183,2),
 (894,521,183,2),
 (906,549,186,2),
 (855,498,187,2),
 (895,528,187,2),
 (862,505,191,2),
 (896,535,191,2),
 (839,482,192,2),
 (897,512,192,2),
 (935,578,192,2),
 (942,585,195,2),
 (853,496,198,2),
 (898,526,198,2);
/*!40000 ALTER TABLE `civicrm_activity_contact` ENABLE KEYS */;
UNLOCK TABLES;

--
-- Dumping data for table `civicrm_address`
--

LOCK TABLES `civicrm_address` WRITE;
/*!40000 ALTER TABLE `civicrm_address` DISABLE KEYS */;
INSERT INTO `civicrm_address` (`id`, `contact_id`, `location_type_id`, `is_primary`, `is_billing`, `street_address`, `street_number`, `street_number_suffix`, `street_number_predirectional`, `street_name`, `street_type`, `street_number_postdirectional`, `street_unit`, `supplemental_address_1`, `supplemental_address_2`, `supplemental_address_3`, `city`, `county_id`, `state_province_id`, `postal_code_suffix`, `postal_code`, `usps_adc`, `country_id`, `geo_code_1`, `geo_code_2`, `manual_geo_code`, `timezone`, `name`, `master_id`) VALUES
 (1,33,1,1,0,'138R Lincoln Way SE',138,'R',NULL,'Lincoln','Way','SE',NULL,NULL,NULL,NULL,'Elizabethtown',1,1031,NULL,'12932',NULL,1228,44.212623,-73.59542,0,NULL,NULL,NULL),
 (2,13,1,1,0,'729F Beech Dr S',729,'F',NULL,'Beech','Dr','S',NULL,NULL,NULL,NULL,'Thedford',1,1026,NULL,'69166',NULL,1228,41.918663,-100.52739,0,NULL,NULL,NULL),
 (3,200,1,1,0,'944U Second St SW',944,'U',NULL,'Second','St','SW',NULL,NULL,NULL,NULL,'Maidens',1,1045,NULL,'23102',NULL,1228,37.712894,-77.82379,0,NULL,NULL,NULL),
 (4,132,1,1,0,'111Y Cadell Ln N',111,'Y',NULL,'Cadell','Ln','N',NULL,NULL,NULL,NULL,'Christiansted',1,1055,NULL,'00820',NULL,1228,17.734211,-64.734694,0,NULL,NULL,NULL),
 (5,181,1,1,0,'998R Maple Ln NE',998,'R',NULL,'Maple','Ln','NE',NULL,NULL,NULL,NULL,'Valencia',1,1004,NULL,'91354',NULL,1228,34.445313,-118.55252,0,NULL,NULL,NULL),
 (6,104,1,1,0,'336I Green Ln N',336,'I',NULL,'Green','Ln','N',NULL,NULL,NULL,NULL,'Forks',1,1046,NULL,'98331',NULL,1228,47.838423,-124.35888,0,NULL,NULL,NULL),
 (7,53,1,1,0,'345H Bay Path S',345,'H',NULL,'Bay','Path','S',NULL,NULL,NULL,NULL,'Dripping Springs',1,1042,NULL,'78620',NULL,1228,30.24108,-98.10753,0,NULL,NULL,NULL),
 (8,174,1,1,0,'793S El Camino Path E',793,'S',NULL,'El Camino','Path','E',NULL,NULL,NULL,NULL,'Casper',1,1049,NULL,'82601',NULL,1228,42.896822,-106.29799,0,NULL,NULL,NULL),
 (9,27,1,1,0,'339E Main Dr N',339,'E',NULL,'Main','Dr','N',NULL,NULL,NULL,NULL,'Leland',1,1012,NULL,'60531',NULL,1228,41.620636,-88.78895,0,NULL,NULL,NULL),
 (10,193,1,1,0,'458J Jackson Way NW',458,'J',NULL,'Jackson','Way','NW',NULL,NULL,NULL,NULL,'Silver City',1,1030,NULL,'88062',NULL,1228,32.728228,-108.137931,0,NULL,NULL,NULL),
 (11,152,1,1,0,'772K Pine Rd SW',772,'K',NULL,'Pine','Rd','SW',NULL,NULL,NULL,NULL,'Midway',1,1042,NULL,'75852',NULL,1228,30.984335,-95.71669,0,NULL,NULL,NULL),
 (12,6,1,1,0,'237H Second Blvd NW',237,'H',NULL,'Second','Blvd','NW',NULL,NULL,NULL,NULL,'Trenton',1,1029,NULL,'08604',NULL,1228,40.280531,-74.712018,0,NULL,NULL,NULL),
 (13,153,1,1,0,'554E States Path W',554,'E',NULL,'States','Path','W',NULL,NULL,NULL,NULL,'Landis',1,1032,NULL,'28088',NULL,1228,35.543639,-80.61167,0,NULL,NULL,NULL),
 (14,100,1,1,0,'132N El Camino Pl W',132,'N',NULL,'El Camino','Pl','W',NULL,NULL,NULL,NULL,'Pinellas Park',1,1008,NULL,'33780',NULL,1228,27.891809,-82.724763,0,NULL,NULL,NULL),
 (15,102,1,1,0,'33S Van Ness Way N',33,'S',NULL,'Van Ness','Way','N',NULL,NULL,NULL,NULL,'Lenora',1,1015,NULL,'67645',NULL,1228,39.609655,-99.91904,0,NULL,NULL,NULL),
 (16,46,1,1,0,'75H College Ln N',75,'H',NULL,'College','Ln','N',NULL,NULL,NULL,NULL,'Algonquin',1,1012,NULL,'60102',NULL,1228,42.17315,-88.31849,0,NULL,NULL,NULL),
 (17,83,1,1,0,'293I Woodbridge Path S',293,'I',NULL,'Woodbridge','Path','S',NULL,NULL,NULL,NULL,'Pocatello',1,1011,NULL,'83204',NULL,1228,42.847727,-112.50329,0,NULL,NULL,NULL),
 (18,162,1,1,0,'83U Lincoln Path NE',83,'U',NULL,'Lincoln','Path','NE',NULL,NULL,NULL,NULL,'Churdan',1,1014,NULL,'50050',NULL,1228,42.16372,-94.50771,0,NULL,NULL,NULL),
 (19,196,1,1,0,'867K Woodbridge Way NE',867,'K',NULL,'Woodbridge','Way','NE',NULL,NULL,NULL,NULL,'Scott',1,1013,NULL,'47729',NULL,1228,38.110995,-87.527249,0,NULL,NULL,NULL),
 (20,12,1,1,0,'543J Dowlen Ln NW',543,'J',NULL,'Dowlen','Ln','NW',NULL,NULL,NULL,NULL,'Abrams',1,1048,NULL,'54101',NULL,1228,44.788898,-88.04535,0,NULL,NULL,NULL),
 (21,40,1,1,0,'968N Pine Rd SW',968,'N',NULL,'Pine','Rd','SW',NULL,NULL,NULL,NULL,'Saragosa',1,1042,NULL,'79780',NULL,1228,31.026706,-103.65509,0,NULL,NULL,NULL),
 (22,85,1,1,0,'213X Caulder Ave NE',213,'X',NULL,'Caulder','Ave','NE',NULL,NULL,NULL,NULL,'Clayville',1,1031,NULL,'13322',NULL,1228,42.969624,-75.22603,0,NULL,NULL,NULL),
 (23,179,1,1,0,'160C Second Dr W',160,'C',NULL,'Second','Dr','W',NULL,NULL,NULL,NULL,'Hereford',1,1037,NULL,'18056',NULL,1228,40.451369,-75.55229,0,NULL,NULL,NULL),
 (24,81,1,1,0,'930H Cadell Ave SW',930,'H',NULL,'Cadell','Ave','SW',NULL,NULL,NULL,NULL,'Pickton',1,1042,NULL,'75471',NULL,1228,33.041578,-95.39527,0,NULL,NULL,NULL),
 (25,194,1,1,0,'638A Beech Rd SE',638,'A',NULL,'Beech','Rd','SE',NULL,NULL,NULL,NULL,'Alberta',1,1045,NULL,'23821',NULL,1228,36.87229,-77.91125,0,NULL,NULL,NULL),
 (26,32,1,1,0,'971Q Martin Luther King Dr E',971,'Q',NULL,'Martin Luther King','Dr','E',NULL,NULL,NULL,NULL,'Bethany',1,1017,NULL,'71007',NULL,1228,32.420611,-94.00923,0,NULL,NULL,NULL),
 (27,177,1,1,0,'652E Lincoln Ave E',652,'E',NULL,'Lincoln','Ave','E',NULL,NULL,NULL,NULL,'Kansas City',1,1024,NULL,'64173',NULL,1228,39.035038,-94.356728,0,NULL,NULL,NULL),
 (28,50,1,1,0,'588S Van Ness Blvd SE',588,'S',NULL,'Van Ness','Blvd','SE',NULL,NULL,NULL,NULL,'Marshfield',1,1048,NULL,'54449',NULL,1228,44.656686,-90.18152,0,NULL,NULL,NULL),
 (29,14,1,1,0,'499G Maple Rd NE',499,'G',NULL,'Maple','Rd','NE',NULL,NULL,NULL,NULL,'Chunky',1,1023,NULL,'39323',NULL,1228,32.315069,-88.91687,0,NULL,NULL,NULL),
 (30,82,1,1,0,'18Z Lincoln Blvd NE',18,'Z',NULL,'Lincoln','Blvd','NE',NULL,NULL,NULL,NULL,'Garner',1,1003,NULL,'72052',NULL,1228,35.144271,-91.77722,0,NULL,NULL,NULL),
 (31,140,1,1,0,'953X Bay Ave NE',953,'X',NULL,'Bay','Ave','NE',NULL,NULL,NULL,NULL,'South Carrollton',1,1016,NULL,'42374',NULL,1228,37.33976,-87.14514,0,NULL,NULL,NULL),
 (32,70,1,1,0,'326H Dowlen Ave NE',326,'H',NULL,'Dowlen','Ave','NE',NULL,NULL,NULL,NULL,'Du Bois',1,1026,NULL,'68345',NULL,1228,40.034277,-96.02099,0,NULL,NULL,NULL),
 (33,35,1,1,0,'899B Bay Ln N',899,'B',NULL,'Bay','Ln','N',NULL,NULL,NULL,NULL,'Hobbs',1,1030,NULL,'88242',NULL,1228,32.787805,-103.14592,0,NULL,NULL,NULL),
 (34,161,1,1,0,'231G Bay Ln SW',231,'G',NULL,'Bay','Ln','SW',NULL,NULL,NULL,NULL,'Oak Park',1,1004,NULL,'91377',NULL,1228,34.182875,-118.76893,0,NULL,NULL,NULL),
 (35,166,1,1,0,'332X Bay Ln NW',332,'X',NULL,'Bay','Ln','NW',NULL,NULL,NULL,NULL,'Arlington',1,1044,NULL,'05250',NULL,1228,43.106492,-73.17405,0,NULL,NULL,NULL),
 (36,89,1,1,0,'587X College St W',587,'X',NULL,'College','St','W',NULL,NULL,NULL,NULL,'Portville',1,1031,NULL,'14770',NULL,1228,42.047063,-78.30659,0,NULL,NULL,NULL),
 (37,199,1,1,0,'689G El Camino Ln W',689,'G',NULL,'El Camino','Ln','W',NULL,NULL,NULL,NULL,'Dement',1,1012,NULL,'60149',NULL,1228,41.964197,-88.951205,0,NULL,NULL,NULL),
 (38,28,1,1,0,'17G Martin Luther King Ln E',17,'G',NULL,'Martin Luther King','Ln','E',NULL,NULL,NULL,NULL,'New York',1,1031,NULL,'10080',NULL,1228,40.780751,-73.977182,0,NULL,NULL,NULL),
 (39,180,1,1,0,'62A Green Way SE',62,'A',NULL,'Green','Way','SE',NULL,NULL,NULL,NULL,'Sinnamahoning',1,1037,NULL,'15861',NULL,1228,41.370716,-78.04939,0,NULL,NULL,NULL),
 (40,137,1,1,0,'550X Caulder Dr NE',550,'X',NULL,'Caulder','Dr','NE',NULL,NULL,NULL,NULL,'Warren',1,1037,NULL,'16367',NULL,1228,41.811682,-79.264322,0,NULL,NULL,NULL),
 (41,198,1,1,0,'283C Northpoint Blvd N',283,'C',NULL,'Northpoint','Blvd','N',NULL,NULL,NULL,NULL,'Coppell',1,1042,NULL,'75019',NULL,1228,32.967341,-96.98656,0,NULL,NULL,NULL),
 (42,71,1,1,0,'868G Jackson St N',868,'G',NULL,'Jackson','St','N',NULL,NULL,NULL,NULL,'Rhodesdale',1,1019,NULL,'21659',NULL,1228,38.57526,-75.78177,0,NULL,NULL,NULL),
 (43,87,1,1,0,'356G Pine Way W',356,'G',NULL,'Pine','Way','W',NULL,NULL,NULL,NULL,'Detroit',1,1021,NULL,'48272',NULL,1228,42.239933,-83.150823,0,NULL,NULL,NULL),
 (44,69,1,1,0,'1000B Dowlen Blvd SW',1000,'B',NULL,'Dowlen','Blvd','SW',NULL,NULL,NULL,NULL,'Holbrook',1,1020,NULL,'02343',NULL,1228,42.148351,-71.01037,0,NULL,NULL,NULL),
 (45,47,1,1,0,'745T Green Path N',745,'T',NULL,'Green','Path','N',NULL,NULL,NULL,NULL,'Porterdale',1,1009,NULL,'30070',NULL,1228,33.576043,-83.89821,0,NULL,NULL,NULL),
 (46,142,1,1,0,'883A Caulder Dr NE',883,'A',NULL,'Caulder','Dr','NE',NULL,NULL,NULL,NULL,'Grand Meadow',1,1022,NULL,'55936',NULL,1228,43.715085,-92.57812,0,NULL,NULL,NULL),
 (47,184,1,1,0,'617U Second Rd E',617,'U',NULL,'Second','Rd','E',NULL,NULL,NULL,NULL,'Charleston',1,1047,NULL,'25392',NULL,1228,38.296818,-81.554655,0,NULL,NULL,NULL),
 (48,4,1,1,0,'551E Cadell Way SW',551,'E',NULL,'Cadell','Way','SW',NULL,NULL,NULL,NULL,'Duvall',1,1046,NULL,'98019',NULL,1228,47.7353,-121.96222,0,NULL,NULL,NULL),
 (49,154,1,1,0,'407S Lincoln Path SW',407,'S',NULL,'Lincoln','Path','SW',NULL,NULL,NULL,NULL,'Daytona Beach',1,1008,NULL,'32119',NULL,1228,29.153239,-81.02229,0,NULL,NULL,NULL),
 (50,163,1,1,0,'13E Bay Rd N',13,'E',NULL,'Bay','Rd','N',NULL,NULL,NULL,NULL,'Lancing',1,1041,NULL,'37770',NULL,1228,36.133166,-84.66792,0,NULL,NULL,NULL),
 (51,128,1,1,0,'626G Second St NE',626,'G',NULL,'Second','St','NE',NULL,NULL,NULL,NULL,'Lorenzo',1,1042,NULL,'79343',NULL,1228,33.605628,-101.5205,0,NULL,NULL,NULL),
 (52,129,1,1,0,'1000O Main Path SE',1000,'O',NULL,'Main','Path','SE',NULL,NULL,NULL,NULL,'Panguitch',1,1043,NULL,'84759',NULL,1228,37.777031,-112.40819,0,NULL,NULL,NULL),
 (53,197,1,1,0,'983Z Maple Pl SW',983,'Z',NULL,'Maple','Pl','SW',NULL,NULL,NULL,NULL,'Waldo',1,1003,NULL,'71770',NULL,1228,33.34937,-93.31176,0,NULL,NULL,NULL),
 (54,118,1,1,0,'83N College Rd E',83,'N',NULL,'College','Rd','E',NULL,NULL,NULL,NULL,'Garden City',1,1040,NULL,'57236',NULL,1228,44.971494,-97.58996,0,NULL,NULL,NULL),
 (55,125,1,1,0,'847R Second St NE',847,'R',NULL,'Second','St','NE',NULL,NULL,NULL,NULL,'Halsey',1,1026,NULL,'69142',NULL,1228,41.931243,-100.27285,0,NULL,NULL,NULL),
 (56,114,1,1,0,'991E Green Rd W',991,'E',NULL,'Green','Rd','W',NULL,NULL,NULL,NULL,'Hitchcock',1,1042,NULL,'77563',NULL,1228,29.339307,-95.00317,0,NULL,NULL,NULL),
 (57,48,1,1,0,'122J El Camino Dr E',122,'J',NULL,'El Camino','Dr','E',NULL,NULL,NULL,NULL,'Winona Lake',1,1013,NULL,'46590',NULL,1228,41.22163,-85.81795,0,NULL,NULL,NULL),
 (58,43,1,1,0,'828C Caulder Ave SE',828,'C',NULL,'Caulder','Ave','SE',NULL,NULL,NULL,NULL,'Tacoma',1,1046,NULL,'98424',NULL,1228,47.242186,-122.35916,0,NULL,NULL,NULL),
 (59,145,1,1,0,'41B El Camino Blvd NW',41,'B',NULL,'El Camino','Blvd','NW',NULL,NULL,NULL,NULL,'Morrisville',1,1044,NULL,'05661',NULL,1228,44.549391,-72.60332,0,NULL,NULL,NULL),
 (60,88,1,1,0,'463H Dowlen Way NE',463,'H',NULL,'Dowlen','Way','NE',NULL,NULL,NULL,NULL,'Union Center',1,1040,NULL,'57787',NULL,1228,44.619045,-102.76873,0,NULL,NULL,NULL),
 (61,49,1,1,0,'552Q States Rd N',552,'Q',NULL,'States','Rd','N',NULL,NULL,NULL,NULL,'Velma',1,1035,NULL,'73491',NULL,1228,34.462809,-97.65419,0,NULL,NULL,NULL),
 (62,30,1,1,0,'979P States Pl NW',979,'P',NULL,'States','Pl','NW',NULL,NULL,NULL,NULL,'Prairie View',1,1015,NULL,'67664',NULL,1228,39.823946,-99.56002,0,NULL,NULL,NULL),
 (63,72,1,1,0,'119H Maple Way N',119,'H',NULL,'Maple','Way','N',NULL,NULL,NULL,NULL,'Sigourney',1,1014,NULL,'52591',NULL,1228,41.328837,-92.19641,0,NULL,NULL,NULL),
 (64,62,1,1,0,'206Q Beech Rd N',206,'Q',NULL,'Beech','Rd','N',NULL,NULL,NULL,NULL,'Perrineville',1,1029,NULL,'08535',NULL,1228,40.228497,-74.45064,0,NULL,NULL,NULL),
 (65,188,1,1,0,'891Y Maple Rd NE',891,'Y',NULL,'Maple','Rd','NE',NULL,NULL,NULL,NULL,'Rousseau',1,1016,NULL,'41366',NULL,1228,37.593059,-83.287774,0,NULL,NULL,NULL),
 (66,16,1,1,0,'466J Caulder Ave NW',466,'J',NULL,'Caulder','Ave','NW',NULL,NULL,NULL,NULL,'West Milford',1,1029,NULL,'07480',NULL,1228,41.102569,-74.37047,0,NULL,NULL,NULL),
 (67,103,1,1,0,'521B Cadell Path NE',521,'B',NULL,'Cadell','Path','NE',NULL,NULL,NULL,NULL,'Cashmere',1,1046,NULL,'98815',NULL,1228,47.522546,-120.48966,0,NULL,NULL,NULL),
 (68,93,1,1,0,'720R Maple Pl S',720,'R',NULL,'Maple','Pl','S',NULL,NULL,NULL,NULL,'North Beach',1,1019,NULL,'20714',NULL,1228,38.711264,-76.53637,0,NULL,NULL,NULL),
 (69,22,1,1,0,'700I Woodbridge Path E',700,'I',NULL,'Woodbridge','Path','E',NULL,NULL,NULL,NULL,'West Brooklyn',1,1012,NULL,'61378',NULL,1228,41.722744,-89.15601,0,NULL,NULL,NULL),
 (70,195,1,1,0,'944H Northpoint Rd N',944,'H',NULL,'Northpoint','Rd','N',NULL,NULL,NULL,NULL,'Scotts',1,1021,NULL,'49088',NULL,1228,42.187577,-85.42621,0,NULL,NULL,NULL),
 (71,169,1,1,0,'992B Northpoint Rd W',992,'B',NULL,'Northpoint','Rd','W',NULL,NULL,NULL,NULL,'Dunkerton',1,1014,NULL,'50626',NULL,1228,42.576054,-92.16575,0,NULL,NULL,NULL),
 (72,185,1,1,0,'998N Pine Ln NE',998,'N',NULL,'Pine','Ln','NE',NULL,NULL,NULL,NULL,'Nolanville',1,1042,NULL,'76559',NULL,1228,31.081777,-97.6138,0,NULL,NULL,NULL),
 (73,164,1,1,0,'522E Main Ave NW',522,'E',NULL,'Main','Ave','NW',NULL,NULL,NULL,NULL,'Murrells Inlet',1,1039,NULL,'29576',NULL,1228,33.568115,-79.03226,0,NULL,NULL,NULL),
 (74,78,3,1,0,'731X Dowlen Blvd N',731,'X',NULL,'Dowlen','Blvd','N',NULL,'Community Relations',NULL,NULL,'Pond Eddy',1,1031,NULL,'12770',NULL,1228,41.44515,-74.84003,0,NULL,NULL,NULL),
 (75,10,3,1,0,'234V College Ave N',234,'V',NULL,'College','Ave','N',NULL,'Receiving',NULL,NULL,'Angoon',1,1001,NULL,'99820',NULL,1228,57.48765,-134.57222,0,NULL,NULL,NULL),
 (76,170,2,1,0,'234V College Ave N',234,'V',NULL,'College','Ave','N',NULL,'Receiving',NULL,NULL,'Angoon',1,1001,NULL,'99820',NULL,1228,57.48765,-134.57222,0,NULL,NULL,75),
 (77,38,3,1,0,'50E States Way N',50,'E',NULL,'States','Way','N',NULL,'Community Relations',NULL,NULL,'Greenwood',1,1013,NULL,'46142',NULL,1228,39.62068,-86.15126,0,NULL,NULL,NULL),
 (78,181,2,0,0,'50E States Way N',50,'E',NULL,'States','Way','N',NULL,'Community Relations',NULL,NULL,'Greenwood',1,1013,NULL,'46142',NULL,1228,39.62068,-86.15126,0,NULL,NULL,77),
 (79,160,3,1,0,'724Q Dowlen Way E',724,'Q',NULL,'Dowlen','Way','E',NULL,'Cuffe Parade',NULL,NULL,'Pullman',1,1046,NULL,'99163',NULL,1228,46.732705,-117.18648,0,NULL,NULL,NULL),
 (80,139,2,1,0,'724Q Dowlen Way E',724,'Q',NULL,'Dowlen','Way','E',NULL,'Cuffe Parade',NULL,NULL,'Pullman',1,1046,NULL,'99163',NULL,1228,46.732705,-117.18648,0,NULL,NULL,79),
 (81,64,3,1,0,'198F College Blvd NE',198,'F',NULL,'College','Blvd','NE',NULL,'Subscriptions Dept',NULL,NULL,'Bradenton',1,1008,NULL,'34205',NULL,1228,27.485617,-82.58294,0,NULL,NULL,NULL),
 (82,157,3,1,0,'286F Bay Ave SW',286,'F',NULL,'Bay','Ave','SW',NULL,'Attn: Development',NULL,NULL,'Salt Lake City',1,1043,NULL,'84115',NULL,1228,40.718113,-111.88938,0,NULL,NULL,NULL),
 (83,25,2,1,0,'286F Bay Ave SW',286,'F',NULL,'Bay','Ave','SW',NULL,'Attn: Development',NULL,NULL,'Salt Lake City',1,1043,NULL,'84115',NULL,1228,40.718113,-111.88938,0,NULL,NULL,82),
 (84,111,3,1,0,'358K Maple Way NE',358,'K',NULL,'Maple','Way','NE',NULL,'Attn: Accounting',NULL,NULL,'Platteville',1,1048,NULL,'53818',NULL,1228,42.743948,-90.48625,0,NULL,NULL,NULL),
 (85,79,3,1,0,'254R Northpoint Blvd SW',254,'R',NULL,'Northpoint','Blvd','SW',NULL,'Editorial Dept',NULL,NULL,'Gordonville',1,1024,NULL,'63752',NULL,1228,37.30925,-89.69889,0,NULL,NULL,NULL),
 (86,154,2,0,0,'254R Northpoint Blvd SW',254,'R',NULL,'Northpoint','Blvd','SW',NULL,'Editorial Dept',NULL,NULL,'Gordonville',1,1024,NULL,'63752',NULL,1228,37.30925,-89.69889,0,NULL,NULL,85),
 (87,21,3,1,0,'55G Bay Path S',55,'G',NULL,'Bay','Path','S',NULL,'c/o PO Plus',NULL,NULL,'Washington',1,1050,NULL,'20242',NULL,1228,38.867812,-77.028948,0,NULL,NULL,NULL),
 (88,134,3,1,0,'407R Woodbridge St NW',407,'R',NULL,'Woodbridge','St','NW',NULL,'Cuffe Parade',NULL,NULL,'Oglesby',1,1042,NULL,'76561',NULL,1228,31.430323,-97.52946,0,NULL,NULL,NULL),
 (89,56,3,1,0,'965K Van Ness Pl W',965,'K',NULL,'Van Ness','Pl','W',NULL,'Subscriptions Dept',NULL,NULL,'Bowie',1,1019,NULL,'20716',NULL,1228,38.93193,-76.72457,0,NULL,NULL,NULL),
 (90,116,2,1,0,'965K Van Ness Pl W',965,'K',NULL,'Van Ness','Pl','W',NULL,'Subscriptions Dept',NULL,NULL,'Bowie',1,1019,NULL,'20716',NULL,1228,38.93193,-76.72457,0,NULL,NULL,89),
 (91,90,3,1,0,'966A Dowlen Rd S',966,'A',NULL,'Dowlen','Rd','S',NULL,'Subscriptions Dept',NULL,NULL,'Citrus Heights',1,1004,NULL,'95621',NULL,1228,38.695252,-121.3081,0,NULL,NULL,NULL),
 (92,85,2,0,0,'966A Dowlen Rd S',966,'A',NULL,'Dowlen','Rd','S',NULL,'Subscriptions Dept',NULL,NULL,'Citrus Heights',1,1004,NULL,'95621',NULL,1228,38.695252,-121.3081,0,NULL,NULL,91),
 (93,146,3,1,0,'195Y Northpoint Pl W',195,'Y',NULL,'Northpoint','Pl','W',NULL,'Cuffe Parade',NULL,NULL,'San Simeon',1,1004,NULL,'93452',NULL,1228,35.664386,-121.21965,0,NULL,NULL,NULL),
 (94,126,3,1,0,'513S Beech Dr W',513,'S',NULL,'Beech','Dr','W',NULL,'Receiving',NULL,NULL,'Williamsport',1,1041,NULL,'38487',NULL,1228,35.734499,-87.21926,0,NULL,NULL,NULL),
 (95,101,3,1,0,'500Q Bay Rd S',500,'Q',NULL,'Bay','Rd','S',NULL,'Cuffe Parade',NULL,NULL,'Alpha',1,1012,NULL,'61413',NULL,1228,41.189123,-90.36813,0,NULL,NULL,NULL),
 (96,151,2,1,0,'500Q Bay Rd S',500,'Q',NULL,'Bay','Rd','S',NULL,'Cuffe Parade',NULL,NULL,'Alpha',1,1012,NULL,'61413',NULL,1228,41.189123,-90.36813,0,NULL,NULL,95),
 (97,5,3,1,0,'159D Pine Rd N',159,'D',NULL,'Pine','Rd','N',NULL,'Attn: Development',NULL,NULL,'Graham',1,1042,NULL,'76450',NULL,1228,33.081863,-98.60091,0,NULL,NULL,NULL),
 (98,36,3,1,0,'833A Beech Way SE',833,'A',NULL,'Beech','Way','SE',NULL,'Churchgate',NULL,NULL,'Paton',1,1014,NULL,'50217',NULL,1228,42.17191,-94.25943,0,NULL,NULL,NULL),
 (99,67,2,1,0,'833A Beech Way SE',833,'A',NULL,'Beech','Way','SE',NULL,'Churchgate',NULL,NULL,'Paton',1,1014,NULL,'50217',NULL,1228,42.17191,-94.25943,0,NULL,NULL,98),
 (100,122,3,1,0,'673D Pine Rd S',673,'D',NULL,'Pine','Rd','S',NULL,'Receiving',NULL,NULL,'Crockett',1,1016,NULL,'41413',NULL,1228,37.970507,-83.125202,0,NULL,NULL,NULL),
 (101,135,3,1,0,'211C Lincoln Ln NW',211,'C',NULL,'Lincoln','Ln','NW',NULL,'Attn: Accounting',NULL,NULL,'Martins Ferry',1,1034,NULL,'43935',NULL,1228,40.103877,-80.73327,0,NULL,NULL,NULL),
 (102,35,2,0,0,'211C Lincoln Ln NW',211,'C',NULL,'Lincoln','Ln','NW',NULL,'Attn: Accounting',NULL,NULL,'Martins Ferry',1,1034,NULL,'43935',NULL,1228,40.103877,-80.73327,0,NULL,NULL,101),
 (103,190,3,1,0,'460T Dowlen Path N',460,'T',NULL,'Dowlen','Path','N',NULL,'Receiving',NULL,NULL,'Lakeville',1,1006,NULL,'06039',NULL,1228,41.951783,-73.43722,0,NULL,NULL,NULL),
 (104,6,2,0,0,'460T Dowlen Path N',460,'T',NULL,'Dowlen','Path','N',NULL,'Receiving',NULL,NULL,'Lakeville',1,1006,NULL,'06039',NULL,1228,41.951783,-73.43722,0,NULL,NULL,103),
 (105,130,1,1,0,'83N College Rd E',83,'N',NULL,'College','Rd','E',NULL,NULL,NULL,NULL,'Garden City',1,1040,NULL,'57236',NULL,1228,44.971494,-97.58996,0,NULL,NULL,54),
 (106,117,1,1,0,'83N College Rd E',83,'N',NULL,'College','Rd','E',NULL,NULL,NULL,NULL,'Garden City',1,1040,NULL,'57236',NULL,1228,44.971494,-97.58996,0,NULL,NULL,54),
 (107,41,1,1,0,'83N College Rd E',83,'N',NULL,'College','Rd','E',NULL,NULL,NULL,NULL,'Garden City',1,1040,NULL,'57236',NULL,1228,44.971494,-97.58996,0,NULL,NULL,54),
 (108,197,1,0,0,'83N College Rd E',83,'N',NULL,'College','Rd','E',NULL,NULL,NULL,NULL,'Garden City',1,1040,NULL,'57236',NULL,1228,44.971494,-97.58996,0,NULL,NULL,54),
 (109,191,1,1,0,'847R Second St NE',847,'R',NULL,'Second','St','NE',NULL,NULL,NULL,NULL,'Halsey',1,1026,NULL,'69142',NULL,1228,41.931243,-100.27285,0,NULL,NULL,55),
 (110,136,1,1,0,'847R Second St NE',847,'R',NULL,'Second','St','NE',NULL,NULL,NULL,NULL,'Halsey',1,1026,NULL,'69142',NULL,1228,41.931243,-100.27285,0,NULL,NULL,55),
 (111,57,1,1,0,'847R Second St NE',847,'R',NULL,'Second','St','NE',NULL,NULL,NULL,NULL,'Halsey',1,1026,NULL,'69142',NULL,1228,41.931243,-100.27285,0,NULL,NULL,55),
 (112,127,1,1,0,'847R Second St NE',847,'R',NULL,'Second','St','NE',NULL,NULL,NULL,NULL,'Halsey',1,1026,NULL,'69142',NULL,1228,41.931243,-100.27285,0,NULL,NULL,55),
 (113,108,1,1,0,'991E Green Rd W',991,'E',NULL,'Green','Rd','W',NULL,NULL,NULL,NULL,'Hitchcock',1,1042,NULL,'77563',NULL,1228,29.339307,-95.00317,0,NULL,NULL,56),
 (114,39,1,1,0,'991E Green Rd W',991,'E',NULL,'Green','Rd','W',NULL,NULL,NULL,NULL,'Hitchcock',1,1042,NULL,'77563',NULL,1228,29.339307,-95.00317,0,NULL,NULL,56),
 (115,15,1,1,0,'991E Green Rd W',991,'E',NULL,'Green','Rd','W',NULL,NULL,NULL,NULL,'Hitchcock',1,1042,NULL,'77563',NULL,1228,29.339307,-95.00317,0,NULL,NULL,56),
 (116,167,1,1,0,'991E Green Rd W',991,'E',NULL,'Green','Rd','W',NULL,NULL,NULL,NULL,'Hitchcock',1,1042,NULL,'77563',NULL,1228,29.339307,-95.00317,0,NULL,NULL,56),
 (117,115,1,1,0,'122J El Camino Dr E',122,'J',NULL,'El Camino','Dr','E',NULL,NULL,NULL,NULL,'Winona Lake',1,1013,NULL,'46590',NULL,1228,41.22163,-85.81795,0,NULL,NULL,57),
 (118,113,1,1,0,'122J El Camino Dr E',122,'J',NULL,'El Camino','Dr','E',NULL,NULL,NULL,NULL,'Winona Lake',1,1013,NULL,'46590',NULL,1228,41.22163,-85.81795,0,NULL,NULL,57),
 (119,60,1,1,0,'122J El Camino Dr E',122,'J',NULL,'El Camino','Dr','E',NULL,NULL,NULL,NULL,'Winona Lake',1,1013,NULL,'46590',NULL,1228,41.22163,-85.81795,0,NULL,NULL,57),
 (120,144,1,1,0,'122J El Camino Dr E',122,'J',NULL,'El Camino','Dr','E',NULL,NULL,NULL,NULL,'Winona Lake',1,1013,NULL,'46590',NULL,1228,41.22163,-85.81795,0,NULL,NULL,57),
 (121,183,1,1,0,'828C Caulder Ave SE',828,'C',NULL,'Caulder','Ave','SE',NULL,NULL,NULL,NULL,'Tacoma',1,1046,NULL,'98424',NULL,1228,47.242186,-122.35916,0,NULL,NULL,58),
 (122,76,1,1,0,'828C Caulder Ave SE',828,'C',NULL,'Caulder','Ave','SE',NULL,NULL,NULL,NULL,'Tacoma',1,1046,NULL,'98424',NULL,1228,47.242186,-122.35916,0,NULL,NULL,58),
 (123,86,1,1,0,'828C Caulder Ave SE',828,'C',NULL,'Caulder','Ave','SE',NULL,NULL,NULL,NULL,'Tacoma',1,1046,NULL,'98424',NULL,1228,47.242186,-122.35916,0,NULL,NULL,58),
 (124,74,1,1,0,'828C Caulder Ave SE',828,'C',NULL,'Caulder','Ave','SE',NULL,NULL,NULL,NULL,'Tacoma',1,1046,NULL,'98424',NULL,1228,47.242186,-122.35916,0,NULL,NULL,58),
 (125,116,1,0,0,'41B El Camino Blvd NW',41,'B',NULL,'El Camino','Blvd','NW',NULL,NULL,NULL,NULL,'Morrisville',1,1044,NULL,'05661',NULL,1228,44.549391,-72.60332,0,NULL,NULL,59),
 (126,120,1,1,0,'41B El Camino Blvd NW',41,'B',NULL,'El Camino','Blvd','NW',NULL,NULL,NULL,NULL,'Morrisville',1,1044,NULL,'05661',NULL,1228,44.549391,-72.60332,0,NULL,NULL,59),
 (127,59,1,1,0,'41B El Camino Blvd NW',41,'B',NULL,'El Camino','Blvd','NW',NULL,NULL,NULL,NULL,'Morrisville',1,1044,NULL,'05661',NULL,1228,44.549391,-72.60332,0,NULL,NULL,59),
 (128,109,1,1,0,'41B El Camino Blvd NW',41,'B',NULL,'El Camino','Blvd','NW',NULL,NULL,NULL,NULL,'Morrisville',1,1044,NULL,'05661',NULL,1228,44.549391,-72.60332,0,NULL,NULL,59),
 (129,55,1,1,0,'463H Dowlen Way NE',463,'H',NULL,'Dowlen','Way','NE',NULL,NULL,NULL,NULL,'Union Center',1,1040,NULL,'57787',NULL,1228,44.619045,-102.76873,0,NULL,NULL,60),
 (130,151,1,0,0,'463H Dowlen Way NE',463,'H',NULL,'Dowlen','Way','NE',NULL,NULL,NULL,NULL,'Union Center',1,1040,NULL,'57787',NULL,1228,44.619045,-102.76873,0,NULL,NULL,60),
 (131,156,1,1,0,'463H Dowlen Way NE',463,'H',NULL,'Dowlen','Way','NE',NULL,NULL,NULL,NULL,'Union Center',1,1040,NULL,'57787',NULL,1228,44.619045,-102.76873,0,NULL,NULL,60),
 (132,121,1,1,0,'245G Beech Dr N',245,'G',NULL,'Beech','Dr','N',NULL,NULL,NULL,NULL,'Cubero',1,1030,NULL,'87014',NULL,1228,35.166618,-107.5052,0,NULL,NULL,NULL),
 (133,31,1,1,0,'552Q States Rd N',552,'Q',NULL,'States','Rd','N',NULL,NULL,NULL,NULL,'Velma',1,1035,NULL,'73491',NULL,1228,34.462809,-97.65419,0,NULL,NULL,61),
 (134,58,1,1,0,'552Q States Rd N',552,'Q',NULL,'States','Rd','N',NULL,NULL,NULL,NULL,'Velma',1,1035,NULL,'73491',NULL,1228,34.462809,-97.65419,0,NULL,NULL,61),
 (135,84,1,1,0,'552Q States Rd N',552,'Q',NULL,'States','Rd','N',NULL,NULL,NULL,NULL,'Velma',1,1035,NULL,'73491',NULL,1228,34.462809,-97.65419,0,NULL,NULL,61),
 (136,148,1,1,0,'389M Beech Ave N',389,'M',NULL,'Beech','Ave','N',NULL,NULL,NULL,NULL,'Oak Grove',1,1016,NULL,'42262',NULL,1228,36.664334,-87.42789,0,NULL,NULL,NULL),
 (137,23,1,1,0,'979P States Pl NW',979,'P',NULL,'States','Pl','NW',NULL,NULL,NULL,NULL,'Prairie View',1,1015,NULL,'67664',NULL,1228,39.823946,-99.56002,0,NULL,NULL,62),
 (138,91,1,1,0,'979P States Pl NW',979,'P',NULL,'States','Pl','NW',NULL,NULL,NULL,NULL,'Prairie View',1,1015,NULL,'67664',NULL,1228,39.823946,-99.56002,0,NULL,NULL,62),
 (139,19,1,1,0,'979P States Pl NW',979,'P',NULL,'States','Pl','NW',NULL,NULL,NULL,NULL,'Prairie View',1,1015,NULL,'67664',NULL,1228,39.823946,-99.56002,0,NULL,NULL,62),
 (140,77,1,1,0,'979P States Pl NW',979,'P',NULL,'States','Pl','NW',NULL,NULL,NULL,NULL,'Prairie View',1,1015,NULL,'67664',NULL,1228,39.823946,-99.56002,0,NULL,NULL,62),
 (141,173,1,1,0,'119H Maple Way N',119,'H',NULL,'Maple','Way','N',NULL,NULL,NULL,NULL,'Sigourney',1,1014,NULL,'52591',NULL,1228,41.328837,-92.19641,0,NULL,NULL,63),
 (142,138,1,1,0,'119H Maple Way N',119,'H',NULL,'Maple','Way','N',NULL,NULL,NULL,NULL,'Sigourney',1,1014,NULL,'52591',NULL,1228,41.328837,-92.19641,0,NULL,NULL,63),
 (143,159,1,1,0,'119H Maple Way N',119,'H',NULL,'Maple','Way','N',NULL,NULL,NULL,NULL,'Sigourney',1,1014,NULL,'52591',NULL,1228,41.328837,-92.19641,0,NULL,NULL,63),
 (144,110,1,1,0,'539Q Cadell Path W',539,'Q',NULL,'Cadell','Path','W',NULL,NULL,NULL,NULL,'South Strafford',1,1044,NULL,'05070',NULL,1228,43.830375,-72.36228,0,NULL,NULL,NULL),
 (145,9,1,1,0,'206Q Beech Rd N',206,'Q',NULL,'Beech','Rd','N',NULL,NULL,NULL,NULL,'Perrineville',1,1029,NULL,'08535',NULL,1228,40.228497,-74.45064,0,NULL,NULL,64),
 (146,61,1,1,0,'206Q Beech Rd N',206,'Q',NULL,'Beech','Rd','N',NULL,NULL,NULL,NULL,'Perrineville',1,1029,NULL,'08535',NULL,1228,40.228497,-74.45064,0,NULL,NULL,64),
 (147,94,1,1,0,'206Q Beech Rd N',206,'Q',NULL,'Beech','Rd','N',NULL,NULL,NULL,NULL,'Perrineville',1,1029,NULL,'08535',NULL,1228,40.228497,-74.45064,0,NULL,NULL,64),
 (148,51,1,1,0,'206Q Beech Rd N',206,'Q',NULL,'Beech','Rd','N',NULL,NULL,NULL,NULL,'Perrineville',1,1029,NULL,'08535',NULL,1228,40.228497,-74.45064,0,NULL,NULL,64),
 (149,26,1,1,0,'891Y Maple Rd NE',891,'Y',NULL,'Maple','Rd','NE',NULL,NULL,NULL,NULL,'Rousseau',1,1016,NULL,'41366',NULL,1228,37.593059,-83.287774,0,NULL,NULL,65),
 (150,119,1,1,0,'891Y Maple Rd NE',891,'Y',NULL,'Maple','Rd','NE',NULL,NULL,NULL,NULL,'Rousseau',1,1016,NULL,'41366',NULL,1228,37.593059,-83.287774,0,NULL,NULL,65),
 (151,133,1,1,0,'891Y Maple Rd NE',891,'Y',NULL,'Maple','Rd','NE',NULL,NULL,NULL,NULL,'Rousseau',1,1016,NULL,'41366',NULL,1228,37.593059,-83.287774,0,NULL,NULL,65),
 (152,29,1,1,0,'891Y Maple Rd NE',891,'Y',NULL,'Maple','Rd','NE',NULL,NULL,NULL,NULL,'Rousseau',1,1016,NULL,'41366',NULL,1228,37.593059,-83.287774,0,NULL,NULL,65),
 (153,170,1,0,0,'466J Caulder Ave NW',466,'J',NULL,'Caulder','Ave','NW',NULL,NULL,NULL,NULL,'West Milford',1,1029,NULL,'07480',NULL,1228,41.102569,-74.37047,0,NULL,NULL,66),
 (154,80,1,1,0,'466J Caulder Ave NW',466,'J',NULL,'Caulder','Ave','NW',NULL,NULL,NULL,NULL,'West Milford',1,1029,NULL,'07480',NULL,1228,41.102569,-74.37047,0,NULL,NULL,66),
 (155,143,1,1,0,'466J Caulder Ave NW',466,'J',NULL,'Caulder','Ave','NW',NULL,NULL,NULL,NULL,'West Milford',1,1029,NULL,'07480',NULL,1228,41.102569,-74.37047,0,NULL,NULL,66),
 (156,150,1,1,0,'466J Caulder Ave NW',466,'J',NULL,'Caulder','Ave','NW',NULL,NULL,NULL,NULL,'West Milford',1,1029,NULL,'07480',NULL,1228,41.102569,-74.37047,0,NULL,NULL,66),
 (157,7,1,1,0,'521B Cadell Path NE',521,'B',NULL,'Cadell','Path','NE',NULL,NULL,NULL,NULL,'Cashmere',1,1046,NULL,'98815',NULL,1228,47.522546,-120.48966,0,NULL,NULL,67),
 (158,25,1,0,0,'521B Cadell Path NE',521,'B',NULL,'Cadell','Path','NE',NULL,NULL,NULL,NULL,'Cashmere',1,1046,NULL,'98815',NULL,1228,47.522546,-120.48966,0,NULL,NULL,67),
 (159,68,1,1,0,'521B Cadell Path NE',521,'B',NULL,'Cadell','Path','NE',NULL,NULL,NULL,NULL,'Cashmere',1,1046,NULL,'98815',NULL,1228,47.522546,-120.48966,0,NULL,NULL,67),
 (160,44,1,1,0,'521B Cadell Path NE',521,'B',NULL,'Cadell','Path','NE',NULL,NULL,NULL,NULL,'Cashmere',1,1046,NULL,'98815',NULL,1228,47.522546,-120.48966,0,NULL,NULL,67),
 (161,112,1,1,0,'720R Maple Pl S',720,'R',NULL,'Maple','Pl','S',NULL,NULL,NULL,NULL,'North Beach',1,1019,NULL,'20714',NULL,1228,38.711264,-76.53637,0,NULL,NULL,68),
 (162,172,1,1,0,'720R Maple Pl S',720,'R',NULL,'Maple','Pl','S',NULL,NULL,NULL,NULL,'North Beach',1,1019,NULL,'20714',NULL,1228,38.711264,-76.53637,0,NULL,NULL,68),
 (163,105,1,1,0,'720R Maple Pl S',720,'R',NULL,'Maple','Pl','S',NULL,NULL,NULL,NULL,'North Beach',1,1019,NULL,'20714',NULL,1228,38.711264,-76.53637,0,NULL,NULL,68),
 (164,96,1,1,0,'283T Main Path W',283,'T',NULL,'Main','Path','W',NULL,NULL,NULL,NULL,'Hemet',1,1004,NULL,'92545',NULL,1228,33.736743,-117.0217,0,NULL,NULL,NULL),
 (165,176,1,1,0,'700I Woodbridge Path E',700,'I',NULL,'Woodbridge','Path','E',NULL,NULL,NULL,NULL,'West Brooklyn',1,1012,NULL,'61378',NULL,1228,41.722744,-89.15601,0,NULL,NULL,69),
 (166,73,1,1,0,'700I Woodbridge Path E',700,'I',NULL,'Woodbridge','Path','E',NULL,NULL,NULL,NULL,'West Brooklyn',1,1012,NULL,'61378',NULL,1228,41.722744,-89.15601,0,NULL,NULL,69),
 (167,63,1,1,0,'700I Woodbridge Path E',700,'I',NULL,'Woodbridge','Path','E',NULL,NULL,NULL,NULL,'West Brooklyn',1,1012,NULL,'61378',NULL,1228,41.722744,-89.15601,0,NULL,NULL,69),
 (168,192,1,1,0,'700I Woodbridge Path E',700,'I',NULL,'Woodbridge','Path','E',NULL,NULL,NULL,NULL,'West Brooklyn',1,1012,NULL,'61378',NULL,1228,41.722744,-89.15601,0,NULL,NULL,69),
 (169,158,1,1,0,'944H Northpoint Rd N',944,'H',NULL,'Northpoint','Rd','N',NULL,NULL,NULL,NULL,'Scotts',1,1021,NULL,'49088',NULL,1228,42.187577,-85.42621,0,NULL,NULL,70),
 (170,45,1,1,0,'944H Northpoint Rd N',944,'H',NULL,'Northpoint','Rd','N',NULL,NULL,NULL,NULL,'Scotts',1,1021,NULL,'49088',NULL,1228,42.187577,-85.42621,0,NULL,NULL,70),
 (171,107,1,1,0,'944H Northpoint Rd N',944,'H',NULL,'Northpoint','Rd','N',NULL,NULL,NULL,NULL,'Scotts',1,1021,NULL,'49088',NULL,1228,42.187577,-85.42621,0,NULL,NULL,70),
 (172,8,1,1,0,'944H Northpoint Rd N',944,'H',NULL,'Northpoint','Rd','N',NULL,NULL,NULL,NULL,'Scotts',1,1021,NULL,'49088',NULL,1228,42.187577,-85.42621,0,NULL,NULL,70),
 (173,106,1,1,0,'992B Northpoint Rd W',992,'B',NULL,'Northpoint','Rd','W',NULL,NULL,NULL,NULL,'Dunkerton',1,1014,NULL,'50626',NULL,1228,42.576054,-92.16575,0,NULL,NULL,71),
 (174,155,1,1,0,'992B Northpoint Rd W',992,'B',NULL,'Northpoint','Rd','W',NULL,NULL,NULL,NULL,'Dunkerton',1,1014,NULL,'50626',NULL,1228,42.576054,-92.16575,0,NULL,NULL,71),
 (175,98,1,1,0,'992B Northpoint Rd W',992,'B',NULL,'Northpoint','Rd','W',NULL,NULL,NULL,NULL,'Dunkerton',1,1014,NULL,'50626',NULL,1228,42.576054,-92.16575,0,NULL,NULL,71),
 (176,99,1,1,0,'992B Northpoint Rd W',992,'B',NULL,'Northpoint','Rd','W',NULL,NULL,NULL,NULL,'Dunkerton',1,1014,NULL,'50626',NULL,1228,42.576054,-92.16575,0,NULL,NULL,71),
 (177,66,1,1,0,'998N Pine Ln NE',998,'N',NULL,'Pine','Ln','NE',NULL,NULL,NULL,NULL,'Nolanville',1,1042,NULL,'76559',NULL,1228,31.081777,-97.6138,0,NULL,NULL,72),
 (178,3,1,1,0,'998N Pine Ln NE',998,'N',NULL,'Pine','Ln','NE',NULL,NULL,NULL,NULL,'Nolanville',1,1042,NULL,'76559',NULL,1228,31.081777,-97.6138,0,NULL,NULL,72),
 (179,201,1,1,0,'998N Pine Ln NE',998,'N',NULL,'Pine','Ln','NE',NULL,NULL,NULL,NULL,'Nolanville',1,1042,NULL,'76559',NULL,1228,31.081777,-97.6138,0,NULL,NULL,72),
 (180,37,1,1,0,'227T Lincoln St W',227,'T',NULL,'Lincoln','St','W',NULL,NULL,NULL,NULL,'Macomb',1,1035,NULL,'74852',NULL,1228,35.123383,-97.00869,0,NULL,NULL,NULL),
 (181,187,1,1,0,'522E Main Ave NW',522,'E',NULL,'Main','Ave','NW',NULL,NULL,NULL,NULL,'Murrells Inlet',1,1039,NULL,'29576',NULL,1228,33.568115,-79.03226,0,NULL,NULL,73),
 (182,54,1,1,0,'522E Main Ave NW',522,'E',NULL,'Main','Ave','NW',NULL,NULL,NULL,NULL,'Murrells Inlet',1,1039,NULL,'29576',NULL,1228,33.568115,-79.03226,0,NULL,NULL,73),
 (183,149,1,1,0,'522E Main Ave NW',522,'E',NULL,'Main','Ave','NW',NULL,NULL,NULL,NULL,'Murrells Inlet',1,1039,NULL,'29576',NULL,1228,33.568115,-79.03226,0,NULL,NULL,73),
 (184,65,1,1,0,'522E Main Ave NW',522,'E',NULL,'Main','Ave','NW',NULL,NULL,NULL,NULL,'Murrells Inlet',1,1039,NULL,'29576',NULL,1228,33.568115,-79.03226,0,NULL,NULL,73),
 (185,NULL,1,1,1,'14S El Camino Way E',14,'S',NULL,'El Camino','Way',NULL,NULL,NULL,NULL,NULL,'Collinsville',NULL,1006,NULL,'6022',NULL,1228,41.8328,-72.9253,0,NULL,NULL,NULL),
 (186,NULL,1,1,1,'11B Woodbridge Path SW',11,'B',NULL,'Woodbridge','Path',NULL,NULL,NULL,NULL,NULL,'Dayton',NULL,1034,NULL,'45417',NULL,1228,39.7531,-84.2471,0,NULL,NULL,NULL),
 (187,NULL,1,1,1,'581O Lincoln Dr SW',581,'O',NULL,'Lincoln','Dr',NULL,NULL,NULL,NULL,NULL,'Santa Fe',NULL,1030,NULL,'87594',NULL,1228,35.5212,-105.982,0,NULL,NULL,NULL);
/*!40000 ALTER TABLE `civicrm_address` ENABLE KEYS */;
UNLOCK TABLES;

--
-- Dumping data for table `civicrm_address_format`
--

LOCK TABLES `civicrm_address_format` WRITE;
/*!40000 ALTER TABLE `civicrm_address_format` DISABLE KEYS */;
/*!40000 ALTER TABLE `civicrm_address_format` ENABLE KEYS */;
UNLOCK TABLES;

--
-- Dumping data for table `civicrm_batch`
--

LOCK TABLES `civicrm_batch` WRITE;
/*!40000 ALTER TABLE `civicrm_batch` DISABLE KEYS */;
/*!40000 ALTER TABLE `civicrm_batch` ENABLE KEYS */;
UNLOCK TABLES;

--
-- Dumping data for table `civicrm_cache`
--

LOCK TABLES `civicrm_cache` WRITE;
/*!40000 ALTER TABLE `civicrm_cache` DISABLE KEYS */;
/*!40000 ALTER TABLE `civicrm_cache` ENABLE KEYS */;
UNLOCK TABLES;

--
-- Dumping data for table `civicrm_campaign`
--

LOCK TABLES `civicrm_campaign` WRITE;
/*!40000 ALTER TABLE `civicrm_campaign` DISABLE KEYS */;
/*!40000 ALTER TABLE `civicrm_campaign` ENABLE KEYS */;
UNLOCK TABLES;

--
-- Dumping data for table `civicrm_campaign_group`
--

LOCK TABLES `civicrm_campaign_group` WRITE;
/*!40000 ALTER TABLE `civicrm_campaign_group` DISABLE KEYS */;
/*!40000 ALTER TABLE `civicrm_campaign_group` ENABLE KEYS */;
UNLOCK TABLES;

--
-- Dumping data for table `civicrm_case`
--

LOCK TABLES `civicrm_case` WRITE;
/*!40000 ALTER TABLE `civicrm_case` DISABLE KEYS */;
/*!40000 ALTER TABLE `civicrm_case` ENABLE KEYS */;
UNLOCK TABLES;

--
-- Dumping data for table `civicrm_case_activity`
--

LOCK TABLES `civicrm_case_activity` WRITE;
/*!40000 ALTER TABLE `civicrm_case_activity` DISABLE KEYS */;
/*!40000 ALTER TABLE `civicrm_case_activity` ENABLE KEYS */;
UNLOCK TABLES;

--
-- Dumping data for table `civicrm_case_contact`
--

LOCK TABLES `civicrm_case_contact` WRITE;
/*!40000 ALTER TABLE `civicrm_case_contact` DISABLE KEYS */;
/*!40000 ALTER TABLE `civicrm_case_contact` ENABLE KEYS */;
UNLOCK TABLES;

--
-- Dumping data for table `civicrm_case_type`
--

LOCK TABLES `civicrm_case_type` WRITE;
/*!40000 ALTER TABLE `civicrm_case_type` DISABLE KEYS */;
/*!40000 ALTER TABLE `civicrm_case_type` ENABLE KEYS */;
UNLOCK TABLES;

--
-- Dumping data for table `civicrm_component`
--

LOCK TABLES `civicrm_component` WRITE;
/*!40000 ALTER TABLE `civicrm_component` DISABLE KEYS */;
INSERT INTO `civicrm_component` (`id`, `name`, `namespace`) VALUES
 (1,'CiviEvent','CRM_Event'),
 (2,'CiviContribute','CRM_Contribute'),
 (3,'CiviMember','CRM_Member'),
 (4,'CiviMail','CRM_Mailing'),
 (6,'CiviPledge','CRM_Pledge'),
 (7,'CiviCase','CRM_Case'),
 (8,'CiviReport','CRM_Report'),
 (9,'CiviCampaign','CRM_Campaign');
/*!40000 ALTER TABLE `civicrm_component` ENABLE KEYS */;
UNLOCK TABLES;

--
-- Dumping data for table `civicrm_contact`
--

LOCK TABLES `civicrm_contact` WRITE;
/*!40000 ALTER TABLE `civicrm_contact` DISABLE KEYS */;
INSERT INTO `civicrm_contact` (`id`, `contact_type`, `external_identifier`, `display_name`, `organization_name`, `contact_sub_type`, `first_name`, `middle_name`, `last_name`, `do_not_email`, `do_not_phone`, `do_not_mail`, `do_not_sms`, `do_not_trade`, `is_opt_out`, `legal_identifier`, `sort_name`, `nick_name`, `legal_name`, `image_URL`, `preferred_communication_method`, `preferred_language`, `hash`, `api_key`, `source`, `prefix_id`, `suffix_id`, `formal_title`, `communication_style_id`, `email_greeting_id`, `email_greeting_custom`, `email_greeting_display`, `postal_greeting_id`, `postal_greeting_custom`, `postal_greeting_display`, `addressee_id`, `addressee_custom`, `addressee_display`, `job_title`, `gender_id`, `birth_date`, `is_deceased`, `deceased_date`, `household_name`, `primary_contact_id`, `sic_code`, `user_unique_id`, `employer_id`, `is_deleted`, `created_date`, `modified_date`, `preferred_mail_format`) VALUES
 (1,'Organization',NULL,'Default Organization','Default Organization',NULL,NULL,NULL,NULL,0,0,0,0,0,0,NULL,'Default Organization',NULL,'Default Organization',NULL,NULL,NULL,NULL,NULL,NULL,NULL,NULL,NULL,NULL,NULL,NULL,NULL,NULL,NULL,NULL,NULL,NULL,NULL,NULL,NULL,NULL,0,NULL,NULL,NULL,NULL,NULL,NULL,0,NULL,'2024-06-23 22:14:44','Both'),
 (2,'Individual',NULL,'si.jameson@infomail.biz',NULL,NULL,NULL,NULL,NULL,0,0,0,0,0,0,NULL,'si.jameson@infomail.biz',NULL,NULL,NULL,NULL,NULL,'354353239',NULL,'Sample Data',4,NULL,NULL,NULL,1,NULL,'Dear si.jameson@infomail.biz',1,NULL,'Dear si.jameson@infomail.biz',1,NULL,'si.jameson@infomail.biz',NULL,NULL,NULL,0,NULL,NULL,NULL,NULL,NULL,NULL,0,'2024-06-23 22:14:47','2024-06-23 22:14:48','Both'),
 (3,'Individual',NULL,'Claudio Jameson Sr.',NULL,NULL,'Claudio','T','Jameson',1,0,0,0,0,0,NULL,'Jameson, Claudio',NULL,NULL,NULL,NULL,NULL,'4087838754',NULL,'Sample Data',NULL,2,NULL,NULL,1,NULL,'Dear Claudio',1,NULL,'Dear Claudio',1,NULL,'Claudio Jameson Sr.',NULL,2,'2004-06-14',0,NULL,NULL,NULL,NULL,NULL,NULL,0,'2024-06-23 22:14:47','2024-06-23 22:14:49','Both'),
 (4,'Individual',NULL,'Shad Wilson Jr.',NULL,NULL,'Shad','P','Wilson',0,0,0,0,0,0,NULL,'Wilson, Shad',NULL,NULL,NULL,'2',NULL,'3505548330',NULL,'Sample Data',NULL,1,NULL,NULL,1,NULL,'Dear Shad',1,NULL,'Dear Shad',1,NULL,'Shad Wilson Jr.',NULL,NULL,'1943-03-08',0,NULL,NULL,NULL,NULL,NULL,NULL,0,'2024-06-23 22:14:47','2024-06-23 22:14:48','Both'),
 (5,'Organization',NULL,'Pine Sports Partners','Pine Sports Partners',NULL,NULL,NULL,NULL,0,1,0,0,0,0,NULL,'Pine Sports Partners',NULL,NULL,NULL,'1',NULL,'923062629',NULL,'Sample Data',NULL,NULL,NULL,NULL,NULL,NULL,NULL,NULL,NULL,NULL,3,NULL,'Pine Sports Partners',NULL,NULL,NULL,0,NULL,NULL,124,NULL,NULL,NULL,0,'2024-06-23 22:14:47','2024-06-23 22:14:49','Both'),
 (6,'Individual',NULL,'Mrs. Merrie Cruz','Local Development Fund',NULL,'Merrie','H','Cruz',1,0,0,0,0,0,NULL,'Cruz, Merrie',NULL,NULL,NULL,'4',NULL,'1935634896',NULL,'Sample Data',1,NULL,NULL,NULL,1,NULL,'Dear Merrie',1,NULL,'Dear Merrie',1,NULL,'Mrs. Merrie Cruz',NULL,1,'1959-09-29',0,NULL,NULL,NULL,NULL,NULL,190,0,'2024-06-23 22:14:47','2024-06-23 22:14:49','Both'),
 (7,'Individual',NULL,'Mrs. Magan Mller',NULL,NULL,'Magan','','Mller',1,0,0,0,0,0,NULL,'Mller, Magan',NULL,NULL,NULL,'3',NULL,'681120033',NULL,'Sample Data',1,NULL,NULL,NULL,1,NULL,'Dear Magan',1,NULL,'Dear Magan',1,NULL,'Mrs. Magan Mller',NULL,1,'1994-10-16',0,NULL,NULL,NULL,NULL,NULL,NULL,0,'2024-06-23 22:14:47','2024-06-23 22:14:49','Both'),
 (8,'Individual',NULL,'Dr. Irvin Bachman',NULL,NULL,'Irvin','','Bachman',0,0,0,0,1,0,NULL,'Bachman, Irvin',NULL,NULL,NULL,NULL,NULL,'1755292873',NULL,'Sample Data',4,NULL,NULL,NULL,1,NULL,'Dear Irvin',1,NULL,'Dear Irvin',1,NULL,'Dr. Irvin Bachman',NULL,NULL,'1954-10-23',0,NULL,NULL,NULL,NULL,NULL,NULL,0,'2024-06-23 22:14:47','2024-06-23 22:14:49','Both'),
 (9,'Individual',NULL,'Brittney Wilson',NULL,NULL,'Brittney','','Wilson',1,0,0,0,0,0,NULL,'Wilson, Brittney',NULL,NULL,NULL,NULL,NULL,'1729401768',NULL,'Sample Data',NULL,NULL,NULL,NULL,1,NULL,'Dear Brittney',1,NULL,'Dear Brittney',1,NULL,'Brittney Wilson',NULL,1,NULL,0,NULL,NULL,NULL,NULL,NULL,NULL,0,'2024-06-23 22:14:47','2024-06-23 22:14:49','Both'),
 (10,'Organization',NULL,'Local Literacy Partnership','Local Literacy Partnership',NULL,NULL,NULL,NULL,0,0,0,0,0,0,NULL,'Local Literacy Partnership',NULL,NULL,NULL,NULL,NULL,'3657903708',NULL,'Sample Data',NULL,NULL,NULL,NULL,NULL,NULL,NULL,NULL,NULL,NULL,3,NULL,'Local Literacy Partnership',NULL,NULL,NULL,0,NULL,NULL,170,NULL,NULL,NULL,0,'2024-06-23 22:14:47','2024-06-23 22:14:48','Both'),
 (11,'Individual',NULL,'Elbert Prentice II',NULL,NULL,'Elbert','A','Prentice',0,0,0,0,0,0,NULL,'Prentice, Elbert',NULL,NULL,NULL,'5',NULL,'2713936140',NULL,'Sample Data',NULL,3,NULL,NULL,1,NULL,'Dear Elbert',1,NULL,'Dear Elbert',1,NULL,'Elbert Prentice II',NULL,NULL,'1988-03-30',0,NULL,NULL,NULL,NULL,NULL,NULL,0,'2024-06-23 22:14:47','2024-06-23 22:14:48','Both'),
 (12,'Individual',NULL,'Truman Deforest Sr.',NULL,NULL,'Truman','U','Deforest',0,0,0,0,0,0,NULL,'Deforest, Truman',NULL,NULL,NULL,NULL,NULL,'3698975048',NULL,'Sample Data',NULL,2,NULL,NULL,1,NULL,'Dear Truman',1,NULL,'Dear Truman',1,NULL,'Truman Deforest Sr.',NULL,NULL,'1963-10-30',0,NULL,NULL,NULL,NULL,NULL,NULL,0,'2024-06-23 22:14:47','2024-06-23 22:14:48','Both'),
 (13,'Individual',NULL,'Dr. Sherman Terrell Sr.',NULL,NULL,'Sherman','','Terrell',0,1,0,0,0,0,NULL,'Terrell, Sherman',NULL,NULL,NULL,NULL,NULL,'470401788',NULL,'Sample Data',4,2,NULL,NULL,1,NULL,'Dear Sherman',1,NULL,'Dear Sherman',1,NULL,'Dr. Sherman Terrell Sr.',NULL,2,NULL,0,NULL,NULL,NULL,NULL,NULL,NULL,0,'2024-06-23 22:14:47','2024-06-23 22:14:47','Both'),
 (14,'Individual',NULL,'Maria Terry',NULL,NULL,'Maria','Q','Terry',0,0,0,0,1,0,NULL,'Terry, Maria',NULL,NULL,NULL,'4',NULL,'258657909',NULL,'Sample Data',NULL,NULL,NULL,NULL,1,NULL,'Dear Maria',1,NULL,'Dear Maria',1,NULL,'Maria Terry',NULL,2,'1963-04-19',0,NULL,NULL,NULL,NULL,NULL,NULL,0,'2024-06-23 22:14:47','2024-06-23 22:14:48','Both'),
 (15,'Individual',NULL,'Claudio Smith-Terrell Sr.',NULL,NULL,'Claudio','L','Smith-Terrell',1,1,0,0,0,0,NULL,'Smith-Terrell, Claudio',NULL,NULL,NULL,'1',NULL,'1730977228',NULL,'Sample Data',NULL,2,NULL,NULL,1,NULL,'Dear Claudio',1,NULL,'Dear Claudio',1,NULL,'Claudio Smith-Terrell Sr.',NULL,2,NULL,0,NULL,NULL,NULL,NULL,NULL,NULL,0,'2024-06-23 22:14:47','2024-06-23 22:14:49','Both'),
 (16,'Household',NULL,'Bachman family',NULL,NULL,NULL,NULL,NULL,0,1,0,0,0,0,NULL,'Bachman family',NULL,NULL,NULL,NULL,NULL,'1714131215',NULL,'Sample Data',NULL,NULL,NULL,NULL,5,NULL,'Dear Bachman family',5,NULL,'Dear Bachman family',2,NULL,'Bachman family',NULL,NULL,NULL,0,NULL,'Bachman family',NULL,NULL,NULL,NULL,0,'2024-06-23 22:14:47','2024-06-23 22:14:48','Both'),
 (17,'Individual',NULL,'Juliann Grant',NULL,NULL,'Juliann','','Grant',1,0,0,0,0,0,NULL,'Grant, Juliann',NULL,NULL,NULL,NULL,NULL,'1161460098',NULL,'Sample Data',NULL,NULL,NULL,NULL,1,NULL,'Dear Juliann',1,NULL,'Dear Juliann',1,NULL,'Juliann Grant',NULL,1,'1997-11-02',0,NULL,NULL,NULL,NULL,NULL,NULL,0,'2024-06-23 22:14:47','2024-06-23 22:14:48','Both'),
 (18,'Individual',NULL,'Laree Wattson',NULL,NULL,'Laree','U','Wattson',1,0,0,0,0,0,NULL,'Wattson, Laree',NULL,NULL,NULL,NULL,NULL,'291866407',NULL,'Sample Data',NULL,NULL,NULL,NULL,1,NULL,'Dear Laree',1,NULL,'Dear Laree',1,NULL,'Laree Wattson',NULL,1,'1972-12-12',0,NULL,NULL,NULL,NULL,NULL,NULL,0,'2024-06-23 22:14:47','2024-06-23 22:14:47','Both'),
 (19,'Individual',NULL,'Dr. Jay Adams-Samuels Jr.',NULL,NULL,'Jay','','Adams-Samuels',1,0,0,0,0,0,NULL,'Adams-Samuels, Jay',NULL,NULL,NULL,'1',NULL,'3898877645',NULL,'Sample Data',4,1,NULL,NULL,1,NULL,'Dear Jay',1,NULL,'Dear Jay',1,NULL,'Dr. Jay Adams-Samuels Jr.',NULL,2,NULL,0,NULL,NULL,NULL,NULL,NULL,NULL,0,'2024-06-23 22:14:47','2024-06-23 22:14:49','Both'),
 (20,'Individual',NULL,'Ashlie Jacobs',NULL,NULL,'Ashlie','','Jacobs',1,0,0,0,1,0,NULL,'Jacobs, Ashlie',NULL,NULL,NULL,'2',NULL,'1009124847',NULL,'Sample Data',NULL,NULL,NULL,NULL,1,NULL,'Dear Ashlie',1,NULL,'Dear Ashlie',1,NULL,'Ashlie Jacobs',NULL,1,'1978-09-14',0,NULL,NULL,NULL,NULL,NULL,NULL,0,'2024-06-23 22:14:47','2024-06-23 22:14:48','Both'),
 (21,'Organization',NULL,'Creative Technology Initiative','Creative Technology Initiative',NULL,NULL,NULL,NULL,0,0,0,0,0,0,NULL,'Creative Technology Initiative',NULL,NULL,NULL,'1',NULL,'318250008',NULL,'Sample Data',NULL,NULL,NULL,NULL,NULL,NULL,NULL,NULL,NULL,NULL,3,NULL,'Creative Technology Initiative',NULL,NULL,NULL,0,NULL,NULL,130,NULL,NULL,NULL,0,'2024-06-23 22:14:47','2024-06-23 22:14:49','Both'),
 (22,'Household',NULL,'Deforest family',NULL,NULL,NULL,NULL,NULL,0,0,0,0,0,0,NULL,'Deforest family',NULL,NULL,NULL,'5',NULL,'3235379039',NULL,'Sample Data',NULL,NULL,NULL,NULL,5,NULL,'Dear Deforest family',5,NULL,'Dear Deforest family',2,NULL,'Deforest family',NULL,NULL,NULL,0,NULL,'Deforest family',NULL,NULL,NULL,NULL,0,'2024-06-23 22:14:47','2024-06-23 22:14:48','Both'),
 (23,'Individual',NULL,'Dr. Scott Samuels Jr.',NULL,NULL,'Scott','','Samuels',0,0,0,0,0,0,NULL,'Samuels, Scott',NULL,NULL,NULL,'4',NULL,'3378188824',NULL,'Sample Data',4,1,NULL,NULL,1,NULL,'Dear Scott',1,NULL,'Dear Scott',1,NULL,'Dr. Scott Samuels Jr.',NULL,2,'1972-04-13',0,NULL,NULL,NULL,NULL,NULL,NULL,0,'2024-06-23 22:14:47','2024-06-23 22:14:49','Both'),
 (24,'Individual',NULL,'Mr. Brent Terrell III',NULL,NULL,'Brent','T','Terrell',1,0,0,0,0,0,NULL,'Terrell, Brent',NULL,NULL,NULL,'1',NULL,'2526832386',NULL,'Sample Data',3,4,NULL,NULL,1,NULL,'Dear Brent',1,NULL,'Dear Brent',1,NULL,'Mr. Brent Terrell III',NULL,2,NULL,0,NULL,NULL,NULL,NULL,NULL,NULL,0,'2024-06-23 22:14:47','2024-06-23 22:14:48','Both'),
 (25,'Individual',NULL,'Kathleen Mller','Urban Health Collective',NULL,'Kathleen','','Mller',0,0,0,0,0,0,NULL,'Mller, Kathleen',NULL,NULL,NULL,NULL,NULL,'74249251',NULL,'Sample Data',NULL,NULL,NULL,NULL,1,NULL,'Dear Kathleen',1,NULL,'Dear Kathleen',1,NULL,'Kathleen Mller',NULL,NULL,'2010-01-15',0,NULL,NULL,NULL,NULL,NULL,157,0,'2024-06-23 22:14:47','2024-06-23 22:14:49','Both'),
 (26,'Individual',NULL,'terry.u.valene@airmail.com',NULL,NULL,NULL,NULL,NULL,0,0,0,0,0,0,NULL,'terry.u.valene@airmail.com',NULL,NULL,NULL,'2',NULL,'3892268752',NULL,'Sample Data',NULL,NULL,NULL,NULL,1,NULL,'Dear terry.u.valene@airmail.com',1,NULL,'Dear terry.u.valene@airmail.com',1,NULL,'terry.u.valene@airmail.com',NULL,NULL,NULL,0,NULL,NULL,NULL,NULL,NULL,NULL,0,'2024-06-23 22:14:47','2024-06-23 22:14:49','Both'),
 (27,'Individual',NULL,'Jacob Jameson III',NULL,NULL,'Jacob','','Jameson',1,0,0,0,0,0,NULL,'Jameson, Jacob',NULL,NULL,NULL,NULL,NULL,'3368765112',NULL,'Sample Data',NULL,4,NULL,NULL,1,NULL,'Dear Jacob',1,NULL,'Dear Jacob',1,NULL,'Jacob Jameson III',NULL,2,NULL,0,NULL,NULL,NULL,NULL,NULL,NULL,0,'2024-06-23 22:14:47','2024-06-23 22:14:48','Both'),
 (28,'Individual',NULL,'Alexia Cooper',NULL,NULL,'Alexia','','Cooper',0,0,0,0,1,0,NULL,'Cooper, Alexia',NULL,NULL,NULL,'3',NULL,'2846725010',NULL,'Sample Data',NULL,NULL,NULL,NULL,1,NULL,'Dear Alexia',1,NULL,'Dear Alexia',1,NULL,'Alexia Cooper',NULL,1,'1983-12-06',0,NULL,NULL,NULL,NULL,NULL,NULL,0,'2024-06-23 22:14:47','2024-06-23 22:14:48','Both'),
 (29,'Individual',NULL,'Bryon Terry III',NULL,NULL,'Bryon','F','Terry',1,0,0,0,0,0,NULL,'Terry, Bryon',NULL,NULL,NULL,NULL,NULL,'86438947',NULL,'Sample Data',NULL,4,NULL,NULL,1,NULL,'Dear Bryon',1,NULL,'Dear Bryon',1,NULL,'Bryon Terry III',NULL,2,NULL,0,NULL,NULL,NULL,NULL,NULL,NULL,0,'2024-06-23 22:14:47','2024-06-23 22:14:49','Both'),
 (30,'Household',NULL,'Adams-Samuels family',NULL,NULL,NULL,NULL,NULL,1,0,0,0,0,0,NULL,'Adams-Samuels family',NULL,NULL,NULL,'1',NULL,'4082219662',NULL,'Sample Data',NULL,NULL,NULL,NULL,5,NULL,'Dear Adams-Samuels family',5,NULL,'Dear Adams-Samuels family',2,NULL,'Adams-Samuels family',NULL,NULL,NULL,0,NULL,'Adams-Samuels family',NULL,NULL,NULL,NULL,0,'2024-06-23 22:14:47','2024-06-23 22:14:48','Both'),
 (31,'Individual',NULL,'Merrie Adams',NULL,NULL,'Merrie','','Adams',0,1,0,0,1,0,NULL,'Adams, Merrie',NULL,NULL,NULL,'1',NULL,'2760007401',NULL,'Sample Data',NULL,NULL,NULL,NULL,1,NULL,'Dear Merrie',1,NULL,'Dear Merrie',1,NULL,'Merrie Adams',NULL,1,'1967-02-21',0,NULL,NULL,NULL,NULL,NULL,NULL,0,'2024-06-23 22:14:47','2024-06-23 22:14:49','Both'),
 (32,'Individual',NULL,'Mr. Winford Ivanov',NULL,NULL,'Winford','O','Ivanov',0,0,0,0,1,0,NULL,'Ivanov, Winford',NULL,NULL,NULL,NULL,NULL,'732067195',NULL,'Sample Data',3,NULL,NULL,NULL,1,NULL,'Dear Winford',1,NULL,'Dear Winford',1,NULL,'Mr. Winford Ivanov',NULL,2,NULL,1,'2023-12-01',NULL,NULL,NULL,NULL,NULL,0,'2024-06-23 22:14:47','2024-06-23 22:14:48','Both'),
 (33,'Individual',NULL,'Mr. Miguel Roberts',NULL,NULL,'Miguel','O','Roberts',0,0,0,0,0,0,NULL,'Roberts, Miguel',NULL,NULL,NULL,'1',NULL,'2346499533',NULL,'Sample Data',3,NULL,NULL,NULL,1,NULL,'Dear Miguel',1,NULL,'Dear Miguel',1,NULL,'Mr. Miguel Roberts',NULL,NULL,'1965-02-07',0,NULL,NULL,NULL,NULL,NULL,NULL,0,'2024-06-23 22:14:47','2024-06-23 22:14:47','Both'),
 (34,'Individual',NULL,'Roland Jameson',NULL,NULL,'Roland','X','Jameson',0,0,0,0,0,0,NULL,'Jameson, Roland',NULL,NULL,NULL,'1',NULL,'4082300659',NULL,'Sample Data',NULL,NULL,NULL,NULL,1,NULL,'Dear Roland',1,NULL,'Dear Roland',1,NULL,'Roland Jameson',NULL,NULL,'1974-12-23',0,NULL,NULL,NULL,NULL,NULL,NULL,0,'2024-06-23 22:14:47','2024-06-23 22:14:48','Both'),
 (35,'Individual',NULL,'Barry Dimitrov Sr.','Lincoln Literacy Alliance',NULL,'Barry','','Dimitrov',1,0,0,0,0,0,NULL,'Dimitrov, Barry',NULL,NULL,NULL,'4',NULL,'3521413340',NULL,'Sample Data',NULL,2,NULL,NULL,1,NULL,'Dear Barry',1,NULL,'Dear Barry',1,NULL,'Barry Dimitrov Sr.',NULL,2,'1950-10-15',0,NULL,NULL,NULL,NULL,NULL,135,0,'2024-06-23 22:14:47','2024-06-23 22:14:49','Both'),
 (36,'Organization',NULL,'United Development Solutions','United Development Solutions',NULL,NULL,NULL,NULL,0,0,0,0,0,0,NULL,'United Development Solutions',NULL,NULL,NULL,NULL,NULL,'2854071499',NULL,'Sample Data',NULL,NULL,NULL,NULL,NULL,NULL,NULL,NULL,NULL,NULL,3,NULL,'United Development Solutions',NULL,NULL,NULL,0,NULL,NULL,67,NULL,NULL,NULL,0,'2024-06-23 22:14:47','2024-06-23 22:14:49','Both'),
 (37,'Individual',NULL,'Mr. Rolando Jameson Jr.',NULL,NULL,'Rolando','','Jameson',0,0,0,0,0,0,NULL,'Jameson, Rolando',NULL,NULL,NULL,'5',NULL,'726163988',NULL,'Sample Data',3,1,NULL,NULL,1,NULL,'Dear Rolando',1,NULL,'Dear Rolando',1,NULL,'Mr. Rolando Jameson Jr.',NULL,NULL,NULL,0,NULL,NULL,NULL,NULL,NULL,NULL,0,'2024-06-23 22:14:47','2024-06-23 22:14:49','Both'),
 (38,'Organization',NULL,'Global Development Alliance','Global Development Alliance',NULL,NULL,NULL,NULL,0,1,0,0,0,0,NULL,'Global Development Alliance',NULL,NULL,NULL,NULL,NULL,'1622639935',NULL,'Sample Data',NULL,NULL,NULL,NULL,NULL,NULL,NULL,NULL,NULL,NULL,3,NULL,'Global Development Alliance',NULL,NULL,NULL,0,NULL,NULL,181,NULL,NULL,NULL,0,'2024-06-23 22:14:47','2024-06-23 22:14:49','Both'),
 (39,'Individual',NULL,'Billy Smith-Terrell',NULL,NULL,'Billy','G','Smith-Terrell',0,0,0,0,0,0,NULL,'Smith-Terrell, Billy',NULL,NULL,NULL,'4',NULL,'2623626183',NULL,'Sample Data',NULL,NULL,NULL,NULL,1,NULL,'Dear Billy',1,NULL,'Dear Billy',1,NULL,'Billy Smith-Terrell',NULL,2,NULL,0,NULL,NULL,NULL,NULL,NULL,NULL,0,'2024-06-23 22:14:47','2024-06-23 22:14:49','Both'),
 (40,'Individual',NULL,'Mrs. Carylon Deforest',NULL,NULL,'Carylon','','Deforest',1,0,0,0,0,0,NULL,'Deforest, Carylon',NULL,NULL,NULL,'5',NULL,'1534099246',NULL,'Sample Data',1,NULL,NULL,NULL,1,NULL,'Dear Carylon',1,NULL,'Dear Carylon',1,NULL,'Mrs. Carylon Deforest',NULL,1,'1994-01-22',0,NULL,NULL,NULL,NULL,NULL,NULL,0,'2024-06-23 22:14:47','2024-06-23 22:14:48','Both'),
 (41,'Individual',NULL,'Mr. Rosario Samuels III',NULL,NULL,'Rosario','Z','Samuels',0,0,0,0,0,0,NULL,'Samuels, Rosario',NULL,NULL,NULL,NULL,NULL,'1319564481',NULL,'Sample Data',3,4,NULL,NULL,1,NULL,'Dear Rosario',1,NULL,'Dear Rosario',1,NULL,'Mr. Rosario Samuels III',NULL,2,'1988-08-15',0,NULL,NULL,NULL,NULL,NULL,NULL,0,'2024-06-23 22:14:47','2024-06-23 22:14:49','Both'),
 (42,'Individual',NULL,'Mr. Errol Roberts II',NULL,NULL,'Errol','W','Roberts',0,0,0,0,0,0,NULL,'Roberts, Errol',NULL,NULL,NULL,'5',NULL,'152825771',NULL,'Sample Data',3,3,NULL,NULL,1,NULL,'Dear Errol',1,NULL,'Dear Errol',1,NULL,'Mr. Errol Roberts II',NULL,2,NULL,0,NULL,NULL,NULL,NULL,NULL,NULL,0,'2024-06-23 22:14:47','2024-06-23 22:14:47','Both'),
 (43,'Household',NULL,'Bachman family',NULL,NULL,NULL,NULL,NULL,0,0,0,0,0,0,NULL,'Bachman family',NULL,NULL,NULL,NULL,NULL,'1714131215',NULL,'Sample Data',NULL,NULL,NULL,NULL,5,NULL,'Dear Bachman family',5,NULL,'Dear Bachman family',2,NULL,'Bachman family',NULL,NULL,NULL,0,NULL,'Bachman family',NULL,NULL,NULL,NULL,0,'2024-06-23 22:14:47','2024-06-23 22:14:48','Both'),
 (44,'Individual',NULL,'Mrs. Esta Mller',NULL,NULL,'Esta','L','Mller',0,0,0,0,0,0,NULL,'Mller, Esta',NULL,NULL,NULL,'3',NULL,'792383763',NULL,'Sample Data',1,NULL,NULL,NULL,1,NULL,'Dear Esta',1,NULL,'Dear Esta',1,NULL,'Mrs. Esta Mller',NULL,1,'1969-03-29',0,NULL,NULL,NULL,NULL,NULL,NULL,0,'2024-06-23 22:14:47','2024-06-23 22:14:49','Both'),
 (45,'Individual',NULL,'Truman Bachman',NULL,NULL,'Truman','','Bachman',0,0,0,0,0,0,NULL,'Bachman, Truman',NULL,NULL,NULL,NULL,NULL,'3082046682',NULL,'Sample Data',NULL,NULL,NULL,NULL,1,NULL,'Dear Truman',1,NULL,'Dear Truman',1,NULL,'Truman Bachman',NULL,NULL,'2012-05-11',0,NULL,NULL,NULL,NULL,NULL,NULL,0,'2024-06-23 22:14:47','2024-06-23 22:14:49','Both'),
 (46,'Individual',NULL,'Ms. Elina Gonzlez',NULL,NULL,'Elina','V','Gonzlez',0,0,0,0,0,0,NULL,'Gonzlez, Elina',NULL,NULL,NULL,'1',NULL,'1905192862',NULL,'Sample Data',2,NULL,NULL,NULL,1,NULL,'Dear Elina',1,NULL,'Dear Elina',1,NULL,'Ms. Elina Gonzlez',NULL,NULL,'1985-07-28',0,NULL,NULL,NULL,NULL,NULL,NULL,0,'2024-06-23 22:14:47','2024-06-23 22:14:48','Both'),
 (47,'Individual',NULL,'Mr. Carlos Prentice',NULL,NULL,'Carlos','','Prentice',0,0,0,0,0,0,NULL,'Prentice, Carlos',NULL,NULL,NULL,NULL,NULL,'2982859535',NULL,'Sample Data',3,NULL,NULL,NULL,1,NULL,'Dear Carlos',1,NULL,'Dear Carlos',1,NULL,'Mr. Carlos Prentice',NULL,NULL,'1941-10-19',0,NULL,NULL,NULL,NULL,NULL,NULL,0,'2024-06-23 22:14:47','2024-06-23 22:14:48','Both'),
 (48,'Household',NULL,'McReynolds-Gonzlez family',NULL,NULL,NULL,NULL,NULL,0,1,0,0,1,0,NULL,'McReynolds-Gonzlez family',NULL,NULL,NULL,NULL,NULL,'4217741819',NULL,'Sample Data',NULL,NULL,NULL,NULL,5,NULL,'Dear McReynolds-Gonzlez family',5,NULL,'Dear McReynolds-Gonzlez family',2,NULL,'McReynolds-Gonzlez family',NULL,NULL,NULL,0,NULL,'McReynolds-Gonzlez family',NULL,NULL,NULL,NULL,0,'2024-06-23 22:14:47','2024-06-23 22:14:48','Both'),
 (49,'Household',NULL,'Zope-Adams family',NULL,NULL,NULL,NULL,NULL,0,1,0,0,0,0,NULL,'Zope-Adams family',NULL,NULL,NULL,'1',NULL,'3716878396',NULL,'Sample Data',NULL,NULL,NULL,NULL,5,NULL,'Dear Zope-Adams family',5,NULL,'Dear Zope-Adams family',2,NULL,'Zope-Adams family',NULL,NULL,NULL,0,NULL,'Zope-Adams family',NULL,NULL,NULL,NULL,0,'2024-06-23 22:14:47','2024-06-23 22:14:48','Both'),
 (50,'Individual',NULL,'Dr. Elbert Ivanov',NULL,NULL,'Elbert','W','Ivanov',0,1,0,0,1,0,NULL,'Ivanov, Elbert',NULL,NULL,NULL,NULL,NULL,'3240394192',NULL,'Sample Data',4,NULL,NULL,NULL,1,NULL,'Dear Elbert',1,NULL,'Dear Elbert',1,NULL,'Dr. Elbert Ivanov',NULL,2,'1976-12-24',0,NULL,NULL,NULL,NULL,NULL,NULL,0,'2024-06-23 22:14:47','2024-06-23 22:14:48','Both'),
 (51,'Individual',NULL,'Magan Wilson',NULL,NULL,'Magan','','Wilson',1,0,0,0,0,0,NULL,'Wilson, Magan',NULL,NULL,NULL,'4',NULL,'2017556214',NULL,'Sample Data',NULL,NULL,NULL,NULL,1,NULL,'Dear Magan',1,NULL,'Dear Magan',1,NULL,'Magan Wilson',NULL,1,'1968-01-10',0,NULL,NULL,NULL,NULL,NULL,NULL,0,'2024-06-23 22:14:47','2024-06-23 22:14:49','Both'),
 (52,'Individual',NULL,'jensen.delana@notmail.com',NULL,NULL,NULL,NULL,NULL,0,0,0,0,1,0,NULL,'jensen.delana@notmail.com',NULL,NULL,NULL,NULL,NULL,'3611712742',NULL,'Sample Data',2,NULL,NULL,NULL,1,NULL,'Dear jensen.delana@notmail.com',1,NULL,'Dear jensen.delana@notmail.com',1,NULL,'jensen.delana@notmail.com',NULL,NULL,NULL,0,NULL,NULL,NULL,NULL,NULL,NULL,0,'2024-06-23 22:14:47','2024-06-23 22:14:48','Both'),
 (53,'Individual',NULL,'Dr. Shad Terrell',NULL,NULL,'Shad','J','Terrell',0,0,0,0,0,0,NULL,'Terrell, Shad',NULL,NULL,NULL,'5',NULL,'3876111966',NULL,'Sample Data',4,NULL,NULL,NULL,1,NULL,'Dear Shad',1,NULL,'Dear Shad',1,NULL,'Dr. Shad Terrell',NULL,NULL,'1991-07-28',0,NULL,NULL,NULL,NULL,NULL,NULL,0,'2024-06-23 22:14:47','2024-06-23 22:14:48','Both'),
 (54,'Individual',NULL,'Beula Wattson-Adams',NULL,NULL,'Beula','S','Wattson-Adams',0,1,0,0,0,0,NULL,'Wattson-Adams, Beula',NULL,NULL,NULL,'2',NULL,'2064773887',NULL,'Sample Data',NULL,NULL,NULL,NULL,1,NULL,'Dear Beula',1,NULL,'Dear Beula',1,NULL,'Beula Wattson-Adams',NULL,NULL,'2014-10-26',0,NULL,NULL,NULL,NULL,NULL,NULL,0,'2024-06-23 22:14:47','2024-06-23 22:14:49','Both'),
 (55,'Individual',NULL,'Arlyne Parker-Prentice',NULL,NULL,'Arlyne','Y','Parker-Prentice',0,0,0,0,0,0,NULL,'Parker-Prentice, Arlyne',NULL,NULL,NULL,'5',NULL,'656676512',NULL,'Sample Data',NULL,NULL,NULL,NULL,1,NULL,'Dear Arlyne',1,NULL,'Dear Arlyne',1,NULL,'Arlyne Parker-Prentice',NULL,1,'1964-12-12',0,NULL,NULL,NULL,NULL,NULL,NULL,0,'2024-06-23 22:14:47','2024-06-23 22:14:49','Both'),
 (56,'Organization',NULL,'Bowie Sustainability Systems','Bowie Sustainability Systems',NULL,NULL,NULL,NULL,0,0,0,0,1,0,NULL,'Bowie Sustainability Systems',NULL,NULL,NULL,'4',NULL,'339386486',NULL,'Sample Data',NULL,NULL,NULL,NULL,NULL,NULL,NULL,NULL,NULL,NULL,3,NULL,'Bowie Sustainability Systems',NULL,NULL,NULL,0,NULL,NULL,116,NULL,NULL,NULL,0,'2024-06-23 22:14:47','2024-06-23 22:14:49','Both'),
 (57,'Individual',NULL,'kaceyo@testing.net',NULL,NULL,NULL,NULL,NULL,0,0,0,0,0,0,NULL,'kaceyo@testing.net',NULL,NULL,NULL,'3',NULL,'1730709539',NULL,'Sample Data',NULL,NULL,NULL,NULL,1,NULL,'Dear kaceyo@testing.net',1,NULL,'Dear kaceyo@testing.net',1,NULL,'kaceyo@testing.net',NULL,NULL,NULL,0,NULL,NULL,NULL,NULL,NULL,NULL,0,'2024-06-23 22:14:47','2024-06-23 22:14:49','Both'),
 (58,'Individual',NULL,'Mr. Norris Zope-Adams III',NULL,NULL,'Norris','F','Zope-Adams',0,0,0,0,0,0,NULL,'Zope-Adams, Norris',NULL,NULL,NULL,NULL,NULL,'328254886',NULL,'Sample Data',3,4,NULL,NULL,1,NULL,'Dear Norris',1,NULL,'Dear Norris',1,NULL,'Mr. Norris Zope-Adams III',NULL,2,NULL,0,NULL,NULL,NULL,NULL,NULL,NULL,0,'2024-06-23 22:14:47','2024-06-23 22:14:49','Both'),
 (59,'Individual',NULL,'Scarlet Roberts',NULL,NULL,'Scarlet','','Roberts',0,0,0,0,0,0,NULL,'Roberts, Scarlet',NULL,NULL,NULL,NULL,NULL,'986362162',NULL,'Sample Data',NULL,NULL,NULL,NULL,1,NULL,'Dear Scarlet',1,NULL,'Dear Scarlet',1,NULL,'Scarlet Roberts',NULL,1,NULL,0,NULL,NULL,NULL,NULL,NULL,NULL,0,'2024-06-23 22:14:47','2024-06-23 22:14:49','Both'),
 (60,'Individual',NULL,'Mei McReynolds-Gonzlez',NULL,NULL,'Mei','S','McReynolds-Gonzlez',1,0,0,0,0,0,NULL,'McReynolds-Gonzlez, Mei',NULL,NULL,NULL,'5',NULL,'26591060',NULL,'Sample Data',NULL,NULL,NULL,NULL,1,NULL,'Dear Mei',1,NULL,'Dear Mei',1,NULL,'Mei McReynolds-Gonzlez',NULL,1,'2018-03-14',0,NULL,NULL,NULL,NULL,NULL,NULL,0,'2024-06-23 22:14:47','2024-06-23 22:14:49','Both'),
 (61,'Individual',NULL,'Mr. Sanford Wilson III',NULL,NULL,'Sanford','N','Wilson',0,0,0,0,0,0,NULL,'Wilson, Sanford',NULL,NULL,NULL,NULL,NULL,'1265340885',NULL,'Sample Data',3,4,NULL,NULL,1,NULL,'Dear Sanford',1,NULL,'Dear Sanford',1,NULL,'Mr. Sanford Wilson III',NULL,2,NULL,0,NULL,NULL,NULL,NULL,NULL,NULL,0,'2024-06-23 22:14:47','2024-06-23 22:14:49','Both'),
 (62,'Household',NULL,'Wilson family',NULL,NULL,NULL,NULL,NULL,0,0,0,0,0,0,NULL,'Wilson family',NULL,NULL,NULL,'5',NULL,'350510798',NULL,'Sample Data',NULL,NULL,NULL,NULL,5,NULL,'Dear Wilson family',5,NULL,'Dear Wilson family',2,NULL,'Wilson family',NULL,NULL,NULL,0,NULL,'Wilson family',NULL,NULL,NULL,NULL,0,'2024-06-23 22:14:47','2024-06-23 22:14:48','Both'),
 (63,'Individual',NULL,'Mrs. Tanya Deforest',NULL,NULL,'Tanya','','Deforest',1,1,0,0,0,0,NULL,'Deforest, Tanya',NULL,NULL,NULL,'1',NULL,'3707213011',NULL,'Sample Data',1,NULL,NULL,NULL,1,NULL,'Dear Tanya',1,NULL,'Dear Tanya',1,NULL,'Mrs. Tanya Deforest',NULL,NULL,NULL,0,NULL,NULL,NULL,NULL,NULL,NULL,0,'2024-06-23 22:14:47','2024-06-23 22:14:49','Both'),
 (64,'Organization',NULL,'Florida Wellness Fund','Florida Wellness Fund',NULL,NULL,NULL,NULL,0,0,0,0,0,0,NULL,'Florida Wellness Fund',NULL,NULL,NULL,'3',NULL,'123972933',NULL,'Sample Data',NULL,NULL,NULL,NULL,NULL,NULL,NULL,NULL,NULL,NULL,3,NULL,'Florida Wellness Fund',NULL,NULL,NULL,0,NULL,NULL,NULL,NULL,NULL,NULL,0,'2024-06-23 22:14:47','2024-06-23 22:14:49','Both'),
 (65,'Individual',NULL,'Dr. Sherman Adams II',NULL,NULL,'Sherman','','Adams',1,1,0,0,0,0,NULL,'Adams, Sherman',NULL,NULL,NULL,'1',NULL,'2610997591',NULL,'Sample Data',4,3,NULL,NULL,1,NULL,'Dear Sherman',1,NULL,'Dear Sherman',1,NULL,'Dr. Sherman Adams II',NULL,NULL,NULL,0,NULL,NULL,NULL,NULL,NULL,NULL,0,'2024-06-23 22:14:47','2024-06-23 22:14:49','Both'),
 (66,'Individual',NULL,'aj.mcreynolds-jameson88@testmail.org','Community Advocacy Association',NULL,NULL,NULL,NULL,0,0,0,0,1,0,NULL,'aj.mcreynolds-jameson88@testmail.org',NULL,NULL,NULL,NULL,NULL,'143537882',NULL,'Sample Data',NULL,NULL,NULL,NULL,1,NULL,'Dear aj.mcreynolds-jameson88@testmail.org',1,NULL,'Dear aj.mcreynolds-jameson88@testmail.org',1,NULL,'aj.mcreynolds-jameson88@testmail.org',NULL,NULL,NULL,0,NULL,NULL,NULL,NULL,NULL,134,0,'2024-06-23 22:14:47','2024-06-23 22:14:49','Both'),
 (67,'Individual',NULL,'Ms. Juliann Parker','United Development Solutions',NULL,'Juliann','Z','Parker',0,1,0,0,0,0,NULL,'Parker, Juliann',NULL,NULL,NULL,NULL,NULL,'1013304220',NULL,'Sample Data',2,NULL,NULL,NULL,1,NULL,'Dear Juliann',1,NULL,'Dear Juliann',1,NULL,'Ms. Juliann Parker',NULL,1,'1995-01-03',0,NULL,NULL,NULL,NULL,NULL,36,0,'2024-06-23 22:14:47','2024-06-23 22:14:49','Both'),
 (68,'Individual',NULL,'Brigette Mller',NULL,NULL,'Brigette','','Mller',0,0,0,0,0,0,NULL,'Mller, Brigette',NULL,NULL,NULL,NULL,NULL,'3572143002',NULL,'Sample Data',NULL,NULL,NULL,NULL,1,NULL,'Dear Brigette',1,NULL,'Dear Brigette',1,NULL,'Brigette Mller',NULL,1,'2021-08-11',0,NULL,NULL,NULL,NULL,NULL,NULL,0,'2024-06-23 22:14:47','2024-06-23 22:14:49','Both'),
 (69,'Individual',NULL,'Erik Cruz','Platteville Arts Network',NULL,'Erik','O','Cruz',1,0,0,0,0,0,NULL,'Cruz, Erik',NULL,NULL,NULL,'4',NULL,'3233134929',NULL,'Sample Data',NULL,NULL,NULL,NULL,1,NULL,'Dear Erik',1,NULL,'Dear Erik',1,NULL,'Erik Cruz',NULL,NULL,NULL,0,NULL,NULL,NULL,NULL,NULL,111,0,'2024-06-23 22:14:47','2024-06-23 22:14:49','Both'),
 (70,'Individual',NULL,'Elbert Daz II',NULL,NULL,'Elbert','','Daz',0,0,0,0,0,0,NULL,'Daz, Elbert',NULL,NULL,NULL,NULL,NULL,'3277500689',NULL,'Sample Data',NULL,3,NULL,NULL,1,NULL,'Dear Elbert',1,NULL,'Dear Elbert',1,NULL,'Elbert Daz II',NULL,NULL,NULL,0,NULL,NULL,NULL,NULL,NULL,NULL,0,'2024-06-23 22:14:47','2024-06-23 22:14:48','Both'),
 (71,'Individual',NULL,'Dr. Allen Wilson',NULL,NULL,'Allen','','Wilson',0,1,0,0,0,0,NULL,'Wilson, Allen',NULL,NULL,NULL,NULL,NULL,'669149647',NULL,'Sample Data',4,NULL,NULL,NULL,1,NULL,'Dear Allen',1,NULL,'Dear Allen',1,NULL,'Dr. Allen Wilson',NULL,2,'1953-12-20',0,NULL,NULL,NULL,NULL,NULL,NULL,0,'2024-06-23 22:14:47','2024-06-23 22:14:48','Both'),
 (72,'Household',NULL,'Roberts-Terrell family',NULL,NULL,NULL,NULL,NULL,0,0,0,0,0,0,NULL,'Roberts-Terrell family',NULL,NULL,NULL,NULL,NULL,'2975158910',NULL,'Sample Data',NULL,NULL,NULL,NULL,5,NULL,'Dear Roberts-Terrell family',5,NULL,'Dear Roberts-Terrell family',2,NULL,'Roberts-Terrell family',NULL,NULL,NULL,0,NULL,'Roberts-Terrell family',NULL,NULL,NULL,NULL,0,'2024-06-23 22:14:47','2024-06-23 22:14:48','Both'),
 (73,'Individual',NULL,'Mr. Ray Deforest Jr.',NULL,NULL,'Ray','V','Deforest',0,0,0,0,0,0,NULL,'Deforest, Ray',NULL,NULL,NULL,NULL,NULL,'3478479191',NULL,'Sample Data',3,1,NULL,NULL,1,NULL,'Dear Ray',1,NULL,'Dear Ray',1,NULL,'Mr. Ray Deforest Jr.',NULL,NULL,'1985-06-11',0,NULL,NULL,NULL,NULL,NULL,NULL,0,'2024-06-23 22:14:47','2024-06-23 22:14:49','Both'),
 (74,'Individual',NULL,'Mrs. Nicole Bachman',NULL,NULL,'Nicole','Y','Bachman',0,0,0,0,0,0,NULL,'Bachman, Nicole',NULL,NULL,NULL,'4',NULL,'1447276636',NULL,'Sample Data',1,NULL,NULL,NULL,1,NULL,'Dear Nicole',1,NULL,'Dear Nicole',1,NULL,'Mrs. Nicole Bachman',NULL,1,'1963-09-26',0,NULL,NULL,NULL,NULL,NULL,NULL,0,'2024-06-23 22:14:47','2024-06-23 22:14:49','Both'),
 (75,'Individual',NULL,'daz.troy@notmail.co.nz',NULL,NULL,NULL,NULL,NULL,0,0,0,0,0,0,NULL,'daz.troy@notmail.co.nz',NULL,NULL,NULL,'4',NULL,'1634178573',NULL,'Sample Data',4,NULL,NULL,NULL,1,NULL,'Dear daz.troy@notmail.co.nz',1,NULL,'Dear daz.troy@notmail.co.nz',1,NULL,'daz.troy@notmail.co.nz',NULL,NULL,NULL,0,NULL,NULL,NULL,NULL,NULL,NULL,0,'2024-06-23 22:14:47','2024-06-23 22:14:48','Both'),
 (76,'Individual',NULL,'Mei Bachman',NULL,NULL,'Mei','N','Bachman',0,0,0,0,0,0,NULL,'Bachman, Mei',NULL,NULL,NULL,NULL,NULL,'1338545040',NULL,'Sample Data',NULL,NULL,NULL,NULL,1,NULL,'Dear Mei',1,NULL,'Dear Mei',1,NULL,'Mei Bachman',NULL,1,'2016-08-25',0,NULL,NULL,NULL,NULL,NULL,NULL,0,'2024-06-23 22:14:47','2024-06-23 22:14:49','Both'),
 (77,'Individual',NULL,'Bryon Adams',NULL,NULL,'Bryon','','Adams',0,0,0,0,0,0,NULL,'Adams, Bryon',NULL,NULL,NULL,NULL,NULL,'2117278348',NULL,'Sample Data',NULL,NULL,NULL,NULL,1,NULL,'Dear Bryon',1,NULL,'Dear Bryon',1,NULL,'Bryon Adams',NULL,2,'1985-11-04',0,NULL,NULL,NULL,NULL,NULL,NULL,0,'2024-06-23 22:14:47','2024-06-23 22:14:49','Both'),
 (78,'Organization',NULL,'Friends Development Services','Friends Development Services',NULL,NULL,NULL,NULL,0,1,0,0,0,0,NULL,'Friends Development Services',NULL,NULL,NULL,'4',NULL,'1141629890',NULL,'Sample Data',NULL,NULL,NULL,NULL,NULL,NULL,NULL,NULL,NULL,NULL,3,NULL,'Friends Development Services',NULL,NULL,NULL,0,NULL,NULL,NULL,NULL,NULL,NULL,0,'2024-06-23 22:14:47','2024-06-23 22:14:48','Both'),
 (79,'Organization',NULL,'Gordonville Technology Academy','Gordonville Technology Academy',NULL,NULL,NULL,NULL,0,0,0,0,0,0,NULL,'Gordonville Technology Academy',NULL,NULL,NULL,'2',NULL,'3857996069',NULL,'Sample Data',NULL,NULL,NULL,NULL,NULL,NULL,NULL,NULL,NULL,NULL,3,NULL,'Gordonville Technology Academy',NULL,NULL,NULL,0,NULL,NULL,154,NULL,NULL,NULL,0,'2024-06-23 22:14:47','2024-06-23 22:14:49','Both'),
 (80,'Individual',NULL,'Mrs. Beula Bachman',NULL,NULL,'Beula','I','Bachman',1,0,0,0,1,0,NULL,'Bachman, Beula',NULL,NULL,NULL,NULL,NULL,'1024437619',NULL,'Sample Data',1,NULL,NULL,NULL,1,NULL,'Dear Beula',1,NULL,'Dear Beula',1,NULL,'Mrs. Beula Bachman',NULL,NULL,NULL,0,NULL,NULL,NULL,NULL,NULL,NULL,0,'2024-06-23 22:14:47','2024-06-23 22:14:49','Both'),
 (81,'Individual',NULL,'Juliann Terrell',NULL,NULL,'Juliann','T','Terrell',1,0,0,0,0,0,NULL,'Terrell, Juliann',NULL,NULL,NULL,'5',NULL,'1435327968',NULL,'Sample Data',NULL,NULL,NULL,NULL,1,NULL,'Dear Juliann',1,NULL,'Dear Juliann',1,NULL,'Juliann Terrell',NULL,NULL,NULL,0,NULL,NULL,NULL,NULL,NULL,NULL,0,'2024-06-23 22:14:47','2024-06-23 22:14:48','Both'),
 (82,'Individual',NULL,'yadava91@example.co.in',NULL,NULL,NULL,NULL,NULL,0,1,0,0,0,0,NULL,'yadava91@example.co.in',NULL,NULL,NULL,NULL,NULL,'1642505294',NULL,'Sample Data',NULL,NULL,NULL,NULL,1,NULL,'Dear yadava91@example.co.in',1,NULL,'Dear yadava91@example.co.in',1,NULL,'yadava91@example.co.in',NULL,NULL,NULL,0,NULL,NULL,NULL,NULL,NULL,NULL,0,'2024-06-23 22:14:47','2024-06-23 22:14:48','Both'),
 (83,'Individual',NULL,'Dr. Barry Samuels',NULL,NULL,'Barry','','Samuels',1,0,0,0,0,0,NULL,'Samuels, Barry',NULL,NULL,NULL,NULL,NULL,'46632889',NULL,'Sample Data',4,NULL,NULL,NULL,1,NULL,'Dear Barry',1,NULL,'Dear Barry',1,NULL,'Dr. Barry Samuels',NULL,NULL,'1945-05-20',0,NULL,NULL,NULL,NULL,NULL,NULL,0,'2024-06-23 22:14:47','2024-06-23 22:14:48','Both'),
 (84,'Individual',NULL,'Mrs. Kathlyn Zope-Adams',NULL,NULL,'Kathlyn','T','Zope-Adams',0,0,0,0,0,0,NULL,'Zope-Adams, Kathlyn',NULL,NULL,NULL,'1',NULL,'1666978599',NULL,'Sample Data',1,NULL,NULL,NULL,1,NULL,'Dear Kathlyn',1,NULL,'Dear Kathlyn',1,NULL,'Mrs. Kathlyn Zope-Adams',NULL,1,'1986-11-12',0,NULL,NULL,NULL,NULL,NULL,NULL,0,'2024-06-23 22:14:47','2024-06-23 22:14:49','Both'),
 (85,'Individual',NULL,'Lashawnda Ivanov','Community Culture Association',NULL,'Lashawnda','C','Ivanov',1,0,0,0,0,0,NULL,'Ivanov, Lashawnda',NULL,NULL,NULL,NULL,NULL,'3528684380',NULL,'Sample Data',NULL,NULL,NULL,NULL,1,NULL,'Dear Lashawnda',1,NULL,'Dear Lashawnda',1,NULL,'Lashawnda Ivanov',NULL,1,'1949-04-11',0,NULL,NULL,NULL,NULL,NULL,90,0,'2024-06-23 22:14:47','2024-06-23 22:14:49','Both'),
 (86,'Individual',NULL,'Troy Bachman',NULL,NULL,'Troy','','Bachman',0,0,0,0,0,0,NULL,'Bachman, Troy',NULL,NULL,NULL,NULL,NULL,'1773762468',NULL,'Sample Data',NULL,NULL,NULL,NULL,1,NULL,'Dear Troy',1,NULL,'Dear Troy',1,NULL,'Troy Bachman',NULL,NULL,'2017-02-20',0,NULL,NULL,NULL,NULL,NULL,NULL,0,'2024-06-23 22:14:47','2024-06-23 22:14:49','Both'),
 (87,'Individual',NULL,'Ms. Josefa Cooper',NULL,NULL,'Josefa','','Cooper',0,1,0,0,0,0,NULL,'Cooper, Josefa',NULL,NULL,NULL,NULL,NULL,'1658731822',NULL,'Sample Data',2,NULL,NULL,NULL,1,NULL,'Dear Josefa',1,NULL,'Dear Josefa',1,NULL,'Ms. Josefa Cooper',NULL,1,NULL,0,NULL,NULL,NULL,NULL,NULL,NULL,0,'2024-06-23 22:14:47','2024-06-23 22:14:48','Both'),
 (88,'Household',NULL,'Prentice family',NULL,NULL,NULL,NULL,NULL,0,0,0,0,0,0,NULL,'Prentice family',NULL,NULL,NULL,NULL,NULL,'3313623671',NULL,'Sample Data',NULL,NULL,NULL,NULL,5,NULL,'Dear Prentice family',5,NULL,'Dear Prentice family',2,NULL,'Prentice family',NULL,NULL,NULL,0,NULL,'Prentice family',NULL,NULL,NULL,NULL,0,'2024-06-23 22:14:47','2024-06-23 22:14:48','Both'),
 (89,'Individual',NULL,'Omar Mller',NULL,NULL,'Omar','','Mller',0,1,0,0,1,0,NULL,'Mller, Omar',NULL,NULL,NULL,NULL,NULL,'3845396679',NULL,'Sample Data',NULL,NULL,NULL,NULL,1,NULL,'Dear Omar',1,NULL,'Dear Omar',1,NULL,'Omar Mller',NULL,2,'1959-07-17',0,NULL,NULL,NULL,NULL,NULL,NULL,0,'2024-06-23 22:14:47','2024-06-23 22:14:48','Both'),
 (90,'Organization',NULL,'Community Culture Association','Community Culture Association',NULL,NULL,NULL,NULL,0,0,0,0,0,0,NULL,'Community Culture Association',NULL,NULL,NULL,'1',NULL,'2509056340',NULL,'Sample Data',NULL,NULL,NULL,NULL,NULL,NULL,NULL,NULL,NULL,NULL,3,NULL,'Community Culture Association',NULL,NULL,NULL,0,NULL,NULL,85,NULL,NULL,NULL,0,'2024-06-23 22:14:47','2024-06-23 22:14:49','Both'),
 (91,'Individual',NULL,'Dr. Lincoln Adams-Samuels Sr.',NULL,NULL,'Lincoln','','Adams-Samuels',0,0,0,0,0,0,NULL,'Adams-Samuels, Lincoln',NULL,NULL,NULL,'2',NULL,'1660573629',NULL,'Sample Data',4,2,NULL,NULL,1,NULL,'Dear Lincoln',1,NULL,'Dear Lincoln',1,NULL,'Dr. Lincoln Adams-Samuels Sr.',NULL,2,'1981-06-23',0,NULL,NULL,NULL,NULL,NULL,NULL,0,'2024-06-23 22:14:47','2024-06-23 22:14:49','Both'),
 (92,'Individual',NULL,'Dr. Lashawnda Zope',NULL,NULL,'Lashawnda','U','Zope',0,0,0,0,0,0,NULL,'Zope, Lashawnda',NULL,NULL,NULL,'1',NULL,'465899624',NULL,'Sample Data',4,NULL,NULL,NULL,1,NULL,'Dear Lashawnda',1,NULL,'Dear Lashawnda',1,NULL,'Dr. Lashawnda Zope',NULL,1,'1981-08-22',0,NULL,NULL,NULL,NULL,NULL,NULL,0,'2024-06-23 22:14:47','2024-06-23 22:14:48','Both'),
 (93,'Household',NULL,'Lee family',NULL,NULL,NULL,NULL,NULL,0,0,0,0,1,0,NULL,'Lee family',NULL,NULL,NULL,'4',NULL,'845831176',NULL,'Sample Data',NULL,NULL,NULL,NULL,5,NULL,'Dear Lee family',5,NULL,'Dear Lee family',2,NULL,'Lee family',NULL,NULL,NULL,0,NULL,'Lee family',NULL,NULL,NULL,NULL,0,'2024-06-23 22:14:47','2024-06-23 22:14:48','Both'),
 (94,'Individual',NULL,'Dr. Toby Wilson',NULL,NULL,'Toby','D','Wilson',0,0,0,0,0,0,NULL,'Wilson, Toby',NULL,NULL,NULL,NULL,NULL,'4291852',NULL,'Sample Data',4,NULL,NULL,NULL,1,NULL,'Dear Toby',1,NULL,'Dear Toby',1,NULL,'Dr. Toby Wilson',NULL,2,NULL,0,NULL,NULL,NULL,NULL,NULL,NULL,0,'2024-06-23 22:14:47','2024-06-23 22:14:49','Both'),
 (95,'Individual',NULL,'Dr. Brigette Patel',NULL,NULL,'Brigette','','Patel',0,1,0,0,0,0,NULL,'Patel, Brigette',NULL,NULL,NULL,'4',NULL,'844627527',NULL,'Sample Data',4,NULL,NULL,NULL,1,NULL,'Dear Brigette',1,NULL,'Dear Brigette',1,NULL,'Dr. Brigette Patel',NULL,1,NULL,0,NULL,NULL,NULL,NULL,NULL,NULL,0,'2024-06-23 22:14:47','2024-06-23 22:14:48','Both'),
 (96,'Individual',NULL,'Mr. Rosario Lee Jr.',NULL,NULL,'Rosario','','Lee',0,0,0,0,0,0,NULL,'Lee, Rosario',NULL,NULL,NULL,'2',NULL,'2332394944',NULL,'Sample Data',3,1,NULL,NULL,1,NULL,'Dear Rosario',1,NULL,'Dear Rosario',1,NULL,'Mr. Rosario Lee Jr.',NULL,2,'1997-12-25',0,NULL,NULL,NULL,NULL,NULL,NULL,0,'2024-06-23 22:14:47','2024-06-23 22:14:49','Both'),
 (97,'Individual',NULL,'bdeforest@example.net',NULL,NULL,NULL,NULL,NULL,0,0,0,0,0,0,NULL,'bdeforest@example.net',NULL,NULL,NULL,NULL,NULL,'279496241',NULL,'Sample Data',NULL,NULL,NULL,NULL,1,NULL,'Dear bdeforest@example.net',1,NULL,'Dear bdeforest@example.net',1,NULL,'bdeforest@example.net',NULL,NULL,NULL,0,NULL,NULL,NULL,NULL,NULL,NULL,0,'2024-06-23 22:14:47','2024-06-23 22:14:48','Both'),
 (98,'Individual',NULL,'Scarlet Olsen',NULL,NULL,'Scarlet','C','Olsen',0,0,0,0,1,0,NULL,'Olsen, Scarlet',NULL,NULL,NULL,NULL,NULL,'2231613326',NULL,'Sample Data',NULL,NULL,NULL,NULL,1,NULL,'Dear Scarlet',1,NULL,'Dear Scarlet',1,NULL,'Scarlet Olsen',NULL,1,'1993-10-03',0,NULL,NULL,NULL,NULL,NULL,NULL,0,'2024-06-23 22:14:47','2024-06-23 22:14:49','Both'),
 (99,'Individual',NULL,'Mr. Teddy Olsen',NULL,NULL,'Teddy','A','Olsen',0,0,0,0,0,0,NULL,'Olsen, Teddy',NULL,NULL,NULL,NULL,NULL,'72064715',NULL,'Sample Data',3,NULL,NULL,NULL,1,NULL,'Dear Teddy',1,NULL,'Dear Teddy',1,NULL,'Mr. Teddy Olsen',NULL,NULL,'1960-04-30',0,NULL,NULL,NULL,NULL,NULL,NULL,0,'2024-06-23 22:14:47','2024-06-23 22:14:49','Both'),
 (100,'Individual',NULL,'Ms. Kathlyn Mller',NULL,NULL,'Kathlyn','I','Mller',0,0,0,0,0,0,NULL,'Mller, Kathlyn',NULL,NULL,NULL,'3',NULL,'3374170651',NULL,'Sample Data',2,NULL,NULL,NULL,1,NULL,'Dear Kathlyn',1,NULL,'Dear Kathlyn',1,NULL,'Ms. Kathlyn Mller',NULL,1,'1989-12-06',0,NULL,NULL,NULL,NULL,NULL,NULL,0,'2024-06-23 22:14:47','2024-06-23 22:14:48','Both'),
 (101,'Organization',NULL,'Bay Action Services','Bay Action Services',NULL,NULL,NULL,NULL,0,0,0,0,0,0,NULL,'Bay Action Services',NULL,NULL,NULL,NULL,NULL,'3566186224',NULL,'Sample Data',NULL,NULL,NULL,NULL,NULL,NULL,NULL,NULL,NULL,NULL,3,NULL,'Bay Action Services',NULL,NULL,NULL,0,NULL,NULL,151,NULL,NULL,NULL,0,'2024-06-23 22:14:47','2024-06-23 22:14:49','Both'),
 (102,'Individual',NULL,'Dr. Lawerence Roberts',NULL,NULL,'Lawerence','','Roberts',1,0,0,0,0,0,NULL,'Roberts, Lawerence',NULL,NULL,NULL,NULL,NULL,'2250722466',NULL,'Sample Data',4,NULL,NULL,NULL,1,NULL,'Dear Lawerence',1,NULL,'Dear Lawerence',1,NULL,'Dr. Lawerence Roberts',NULL,2,'1972-04-13',0,NULL,NULL,NULL,NULL,NULL,NULL,0,'2024-06-23 22:14:47','2024-06-23 22:14:48','Both'),
 (103,'Household',NULL,'Mller family',NULL,NULL,NULL,NULL,NULL,0,0,0,0,0,0,NULL,'Mller family',NULL,NULL,NULL,'3',NULL,'1144797465',NULL,'Sample Data',NULL,NULL,NULL,NULL,5,NULL,'Dear Mller family',5,NULL,'Dear Mller family',2,NULL,'Mller family',NULL,NULL,NULL,0,NULL,'Mller family',NULL,NULL,NULL,NULL,0,'2024-06-23 22:14:47','2024-06-23 22:14:48','Both'),
 (104,'Individual',NULL,'Dr. Arlyne Jacobs',NULL,NULL,'Arlyne','I','Jacobs',0,0,0,0,0,0,NULL,'Jacobs, Arlyne',NULL,NULL,NULL,'3',NULL,'3683142740',NULL,'Sample Data',4,NULL,NULL,NULL,1,NULL,'Dear Arlyne',1,NULL,'Dear Arlyne',1,NULL,'Dr. Arlyne Jacobs',NULL,1,NULL,0,NULL,NULL,NULL,NULL,NULL,NULL,0,'2024-06-23 22:14:47','2024-06-23 22:14:48','Both'),
 (105,'Individual',NULL,'alee39@sample.co.nz',NULL,NULL,NULL,NULL,NULL,0,0,0,0,0,0,NULL,'alee39@sample.co.nz',NULL,NULL,NULL,NULL,NULL,'2367869829',NULL,'Sample Data',NULL,2,NULL,NULL,1,NULL,'Dear alee39@sample.co.nz',1,NULL,'Dear alee39@sample.co.nz',1,NULL,'alee39@sample.co.nz',NULL,NULL,NULL,0,NULL,NULL,NULL,NULL,NULL,NULL,0,'2024-06-23 22:14:47','2024-06-23 22:14:49','Both'),
 (106,'Individual',NULL,'Shauna Olsen',NULL,NULL,'Shauna','','Olsen',0,0,0,0,0,0,NULL,'Olsen, Shauna',NULL,NULL,NULL,'3',NULL,'774481679',NULL,'Sample Data',NULL,NULL,NULL,NULL,1,NULL,'Dear Shauna',1,NULL,'Dear Shauna',1,NULL,'Shauna Olsen',NULL,NULL,'1981-06-05',0,NULL,NULL,NULL,NULL,NULL,NULL,0,'2024-06-23 22:14:47','2024-06-23 22:14:49','Both'),
 (107,'Individual',NULL,'Carlos Bachman III',NULL,NULL,'Carlos','E','Bachman',1,0,0,0,1,0,NULL,'Bachman, Carlos',NULL,NULL,NULL,'3',NULL,'4021780594',NULL,'Sample Data',NULL,4,NULL,NULL,1,NULL,'Dear Carlos',1,NULL,'Dear Carlos',1,NULL,'Carlos Bachman III',NULL,2,NULL,0,NULL,NULL,NULL,NULL,NULL,NULL,0,'2024-06-23 22:14:47','2024-06-23 22:14:49','Both'),
 (108,'Individual',NULL,'Shauna Terrell',NULL,NULL,'Shauna','','Terrell',0,0,0,0,0,0,NULL,'Terrell, Shauna',NULL,NULL,NULL,NULL,NULL,'3418962952',NULL,'Sample Data',NULL,NULL,NULL,NULL,1,NULL,'Dear Shauna',1,NULL,'Dear Shauna',1,NULL,'Shauna Terrell',NULL,1,'2000-02-07',0,NULL,NULL,NULL,NULL,NULL,NULL,0,'2024-06-23 22:14:47','2024-06-23 22:14:49','Both'),
 (109,'Individual',NULL,'Jackson Roberts',NULL,NULL,'Jackson','A','Roberts',0,0,0,0,0,0,NULL,'Roberts, Jackson',NULL,NULL,NULL,'4',NULL,'3261233132',NULL,'Sample Data',NULL,NULL,NULL,NULL,1,NULL,'Dear Jackson',1,NULL,'Dear Jackson',1,NULL,'Jackson Roberts',NULL,2,'1980-04-25',0,NULL,NULL,NULL,NULL,NULL,NULL,0,'2024-06-23 22:14:47','2024-06-23 22:14:49','Both'),
 (110,'Individual',NULL,'Felisha Roberts',NULL,NULL,'Felisha','','Roberts',1,0,0,0,0,0,NULL,'Roberts, Felisha',NULL,NULL,NULL,'3',NULL,'1777634178',NULL,'Sample Data',NULL,NULL,NULL,NULL,1,NULL,'Dear Felisha',1,NULL,'Dear Felisha',1,NULL,'Felisha Roberts',NULL,1,'1989-03-17',0,NULL,NULL,NULL,NULL,NULL,NULL,0,'2024-06-23 22:14:47','2024-06-23 22:14:49','Both'),
 (111,'Organization',NULL,'Platteville Arts Network','Platteville Arts Network',NULL,NULL,NULL,NULL,0,1,0,0,0,0,NULL,'Platteville Arts Network',NULL,NULL,NULL,NULL,NULL,'1099996760',NULL,'Sample Data',NULL,NULL,NULL,NULL,NULL,NULL,NULL,NULL,NULL,NULL,3,NULL,'Platteville Arts Network',NULL,NULL,NULL,0,NULL,NULL,69,NULL,NULL,NULL,0,'2024-06-23 22:14:47','2024-06-23 22:14:49','Both'),
 (112,'Individual',NULL,'Ms. Scarlet Lee',NULL,NULL,'Scarlet','','Lee',1,0,0,0,0,0,NULL,'Lee, Scarlet',NULL,NULL,NULL,'1',NULL,'844397062',NULL,'Sample Data',2,NULL,NULL,NULL,1,NULL,'Dear Scarlet',1,NULL,'Dear Scarlet',1,NULL,'Ms. Scarlet Lee',NULL,NULL,'1962-04-14',0,NULL,NULL,NULL,NULL,NULL,NULL,0,'2024-06-23 22:14:47','2024-06-23 22:14:49','Both'),
 (113,'Individual',NULL,'Jina McReynolds-Gonzlez',NULL,NULL,'Jina','V','McReynolds-Gonzlez',0,1,0,0,0,0,NULL,'McReynolds-Gonzlez, Jina',NULL,NULL,NULL,NULL,NULL,'1597827339',NULL,'Sample Data',NULL,NULL,NULL,NULL,1,NULL,'Dear Jina',1,NULL,'Dear Jina',1,NULL,'Jina McReynolds-Gonzlez',NULL,NULL,'1984-05-12',0,NULL,NULL,NULL,NULL,NULL,NULL,0,'2024-06-23 22:14:47','2024-06-23 22:14:49','Both'),
 (114,'Household',NULL,'Smith-Terrell family',NULL,NULL,NULL,NULL,NULL,0,0,0,0,0,0,NULL,'Smith-Terrell family',NULL,NULL,NULL,NULL,NULL,'2366167210',NULL,'Sample Data',NULL,NULL,NULL,NULL,5,NULL,'Dear Smith-Terrell family',5,NULL,'Dear Smith-Terrell family',2,NULL,'Smith-Terrell family',NULL,NULL,NULL,0,NULL,'Smith-Terrell family',NULL,NULL,NULL,NULL,0,'2024-06-23 22:14:47','2024-06-23 22:14:48','Both'),
 (115,'Individual',NULL,'Ms. Valene Gonzlez',NULL,NULL,'Valene','D','Gonzlez',0,0,0,0,1,0,NULL,'Gonzlez, Valene',NULL,NULL,NULL,'3',NULL,'970849646',NULL,'Sample Data',2,NULL,NULL,NULL,1,NULL,'Dear Valene',1,NULL,'Dear Valene',1,NULL,'Ms. Valene Gonzlez',NULL,1,NULL,0,NULL,NULL,NULL,NULL,NULL,NULL,0,'2024-06-23 22:14:47','2024-06-23 22:14:49','Both'),
 (116,'Individual',NULL,'roberts.brittney@testing.co.nz','Bowie Sustainability Systems',NULL,NULL,NULL,NULL,0,0,0,0,0,0,NULL,'roberts.brittney@testing.co.nz',NULL,NULL,NULL,NULL,NULL,'3168420671',NULL,'Sample Data',NULL,NULL,NULL,NULL,1,NULL,'Dear roberts.brittney@testing.co.nz',1,NULL,'Dear roberts.brittney@testing.co.nz',1,NULL,'roberts.brittney@testing.co.nz',NULL,NULL,NULL,0,NULL,NULL,NULL,NULL,NULL,56,0,'2024-06-23 22:14:47','2024-06-23 22:14:49','Both'),
 (117,'Individual',NULL,'Lashawnda Samuels',NULL,NULL,'Lashawnda','','Samuels',0,0,0,0,0,0,NULL,'Samuels, Lashawnda',NULL,NULL,NULL,'2',NULL,'3524202222',NULL,'Sample Data',NULL,NULL,NULL,NULL,1,NULL,'Dear Lashawnda',1,NULL,'Dear Lashawnda',1,NULL,'Lashawnda Samuels',NULL,NULL,'2014-11-09',0,NULL,NULL,NULL,NULL,NULL,NULL,0,'2024-06-23 22:14:47','2024-06-23 22:14:49','Both'),
 (118,'Household',NULL,'Samuels family',NULL,NULL,NULL,NULL,NULL,1,0,0,0,0,0,NULL,'Samuels family',NULL,NULL,NULL,'3',NULL,'350459294',NULL,'Sample Data',NULL,NULL,NULL,NULL,5,NULL,'Dear Samuels family',5,NULL,'Dear Samuels family',2,NULL,'Samuels family',NULL,NULL,NULL,0,NULL,'Samuels family',NULL,NULL,NULL,NULL,0,'2024-06-23 22:14:47','2024-06-23 22:14:48','Both'),
 (119,'Individual',NULL,'heiditerry95@airmail.co.pl',NULL,NULL,NULL,NULL,NULL,0,1,0,0,0,0,NULL,'heiditerry95@airmail.co.pl',NULL,NULL,NULL,NULL,NULL,'409613978',NULL,'Sample Data',NULL,NULL,NULL,NULL,1,NULL,'Dear heiditerry95@airmail.co.pl',1,NULL,'Dear heiditerry95@airmail.co.pl',1,NULL,'heiditerry95@airmail.co.pl',NULL,NULL,NULL,0,NULL,NULL,NULL,NULL,NULL,NULL,0,'2024-06-23 22:14:47','2024-06-23 22:14:49','Both'),
 (120,'Individual',NULL,'Russell Roberts Sr.',NULL,NULL,'Russell','T','Roberts',1,0,0,0,0,0,NULL,'Roberts, Russell',NULL,NULL,NULL,'5',NULL,'651288599',NULL,'Sample Data',NULL,2,NULL,NULL,1,NULL,'Dear Russell',1,NULL,'Dear Russell',1,NULL,'Russell Roberts Sr.',NULL,NULL,'2000-02-03',0,NULL,NULL,NULL,NULL,NULL,NULL,0,'2024-06-23 22:14:47','2024-06-23 22:14:49','Both'),
 (121,'Individual',NULL,'Dr. Brent Prentice Sr.',NULL,NULL,'Brent','','Prentice',0,0,0,0,0,0,NULL,'Prentice, Brent',NULL,NULL,NULL,'1',NULL,'279352372',NULL,'Sample Data',4,2,NULL,NULL,1,NULL,'Dear Brent',1,NULL,'Dear Brent',1,NULL,'Dr. Brent Prentice Sr.',NULL,NULL,'1971-07-11',0,NULL,NULL,NULL,NULL,NULL,NULL,0,'2024-06-23 22:14:47','2024-06-23 22:14:49','Both'),
 (122,'Organization',NULL,'Pine Peace Partners','Pine Peace Partners',NULL,NULL,NULL,NULL,0,0,0,0,0,0,NULL,'Pine Peace Partners',NULL,NULL,NULL,NULL,NULL,'3925924901',NULL,'Sample Data',NULL,NULL,NULL,NULL,NULL,NULL,NULL,NULL,NULL,NULL,3,NULL,'Pine Peace Partners',NULL,NULL,NULL,0,NULL,NULL,129,NULL,NULL,NULL,0,'2024-06-23 22:14:47','2024-06-23 22:14:49','Both'),
 (123,'Individual',NULL,'Mr. Troy Robertson',NULL,NULL,'Troy','','Robertson',0,0,0,0,0,0,NULL,'Robertson, Troy',NULL,NULL,NULL,NULL,NULL,'3729972619',NULL,'Sample Data',3,NULL,NULL,NULL,1,NULL,'Dear Troy',1,NULL,'Dear Troy',1,NULL,'Mr. Troy Robertson',NULL,NULL,NULL,0,NULL,NULL,NULL,NULL,NULL,NULL,0,'2024-06-23 22:14:47','2024-06-23 22:14:48','Both'),
 (124,'Individual',NULL,'Mrs. Josefa Prentice','Pine Sports Partners',NULL,'Josefa','','Prentice',0,0,0,0,1,0,NULL,'Prentice, Josefa',NULL,NULL,NULL,NULL,NULL,'3169036877',NULL,'Sample Data',1,NULL,NULL,NULL,1,NULL,'Dear Josefa',1,NULL,'Dear Josefa',1,NULL,'Mrs. Josefa Prentice',NULL,1,NULL,0,NULL,NULL,NULL,NULL,NULL,5,0,'2024-06-23 22:14:47','2024-06-23 22:14:49','Both'),
 (125,'Household',NULL,'Olsen family',NULL,NULL,NULL,NULL,NULL,0,0,0,0,0,0,NULL,'Olsen family',NULL,NULL,NULL,NULL,NULL,'1990073228',NULL,'Sample Data',NULL,NULL,NULL,NULL,5,NULL,'Dear Olsen family',5,NULL,'Dear Olsen family',2,NULL,'Olsen family',NULL,NULL,NULL,0,NULL,'Olsen family',NULL,NULL,NULL,NULL,0,'2024-06-23 22:14:47','2024-06-23 22:14:48','Both'),
 (126,'Organization',NULL,'Progressive Arts Fund','Progressive Arts Fund',NULL,NULL,NULL,NULL,0,1,0,0,0,0,NULL,'Progressive Arts Fund',NULL,NULL,NULL,'1',NULL,'2778986314',NULL,'Sample Data',NULL,NULL,NULL,NULL,NULL,NULL,NULL,NULL,NULL,NULL,3,NULL,'Progressive Arts Fund',NULL,NULL,NULL,0,NULL,NULL,NULL,NULL,NULL,NULL,0,'2024-06-23 22:14:47','2024-06-23 22:14:49','Both'),
 (127,'Individual',NULL,'billyo59@notmail.org',NULL,NULL,NULL,NULL,NULL,1,0,0,0,0,0,NULL,'billyo59@notmail.org',NULL,NULL,NULL,NULL,NULL,'2665490639',NULL,'Sample Data',3,4,NULL,NULL,1,NULL,'Dear billyo59@notmail.org',1,NULL,'Dear billyo59@notmail.org',1,NULL,'billyo59@notmail.org',NULL,NULL,NULL,0,NULL,NULL,NULL,NULL,NULL,NULL,0,'2024-06-23 22:14:47','2024-06-23 22:14:49','Both'),
 (128,'Individual',NULL,'Dr. Allen Jones II',NULL,NULL,'Allen','X','Jones',1,0,0,0,1,0,NULL,'Jones, Allen',NULL,NULL,NULL,'1',NULL,'1899434814',NULL,'Sample Data',4,3,NULL,NULL,1,NULL,'Dear Allen',1,NULL,'Dear Allen',1,NULL,'Dr. Allen Jones II',NULL,2,'1990-05-21',0,NULL,NULL,NULL,NULL,NULL,NULL,0,'2024-06-23 22:14:47','2024-06-23 22:14:48','Both'),
 (129,'Individual',NULL,'Omar Blackwell II','Pine Peace Partners',NULL,'Omar','','Blackwell',0,0,0,0,0,0,NULL,'Blackwell, Omar',NULL,NULL,NULL,'3',NULL,'3587375768',NULL,'Sample Data',NULL,3,NULL,NULL,1,NULL,'Dear Omar',1,NULL,'Dear Omar',1,NULL,'Omar Blackwell II',NULL,NULL,'1991-02-03',0,NULL,NULL,NULL,NULL,NULL,122,0,'2024-06-23 22:14:47','2024-06-23 22:14:49','Both'),
 (130,'Individual',NULL,'Esta Samuels','Creative Technology Initiative',NULL,'Esta','','Samuels',0,0,0,0,0,0,NULL,'Samuels, Esta',NULL,NULL,NULL,'1',NULL,'4125583971',NULL,'Sample Data',NULL,NULL,NULL,NULL,1,NULL,'Dear Esta',1,NULL,'Dear Esta',1,NULL,'Esta Samuels',NULL,1,NULL,0,NULL,NULL,NULL,NULL,NULL,21,0,'2024-06-23 22:14:47','2024-06-23 22:14:49','Both'),
 (131,'Individual',NULL,'Heidi Reynolds',NULL,NULL,'Heidi','','Reynolds',0,1,0,0,0,0,NULL,'Reynolds, Heidi',NULL,NULL,NULL,NULL,NULL,'925137718',NULL,'Sample Data',NULL,NULL,NULL,NULL,1,NULL,'Dear Heidi',1,NULL,'Dear Heidi',1,NULL,'Heidi Reynolds',NULL,1,NULL,0,NULL,NULL,NULL,NULL,NULL,NULL,0,'2024-06-23 22:14:47','2024-06-23 22:14:48','Both'),
 (132,'Individual',NULL,'Shad Jensen Jr.',NULL,NULL,'Shad','S','Jensen',1,0,0,0,1,0,NULL,'Jensen, Shad',NULL,NULL,NULL,'4',NULL,'3714768394',NULL,'Sample Data',NULL,1,NULL,NULL,1,NULL,'Dear Shad',1,NULL,'Dear Shad',1,NULL,'Shad Jensen Jr.',NULL,NULL,'1939-04-20',1,'2023-07-27',NULL,NULL,NULL,NULL,NULL,0,'2024-06-23 22:14:47','2024-06-23 22:14:47','Both'),
 (133,'Individual',NULL,'Troy Terry Sr.',NULL,NULL,'Troy','','Terry',0,0,0,0,0,0,NULL,'Terry, Troy',NULL,NULL,NULL,'3',NULL,'3036104778',NULL,'Sample Data',NULL,2,NULL,NULL,1,NULL,'Dear Troy',1,NULL,'Dear Troy',1,NULL,'Troy Terry Sr.',NULL,NULL,'2019-01-27',0,NULL,NULL,NULL,NULL,NULL,NULL,0,'2024-06-23 22:14:47','2024-06-23 22:14:49','Both'),
 (134,'Organization',NULL,'Community Advocacy Association','Community Advocacy Association',NULL,NULL,NULL,NULL,1,0,0,0,0,0,NULL,'Community Advocacy Association',NULL,NULL,NULL,'4',NULL,'2467350443',NULL,'Sample Data',NULL,NULL,NULL,NULL,NULL,NULL,NULL,NULL,NULL,NULL,3,NULL,'Community Advocacy Association',NULL,NULL,NULL,0,NULL,NULL,66,NULL,NULL,NULL,0,'2024-06-23 22:14:47','2024-06-23 22:14:49','Both'),
 (135,'Organization',NULL,'Lincoln Literacy Alliance','Lincoln Literacy Alliance',NULL,NULL,NULL,NULL,0,0,0,0,0,0,NULL,'Lincoln Literacy Alliance',NULL,NULL,NULL,NULL,NULL,'2653566880',NULL,'Sample Data',NULL,NULL,NULL,NULL,NULL,NULL,NULL,NULL,NULL,NULL,3,NULL,'Lincoln Literacy Alliance',NULL,NULL,NULL,0,NULL,NULL,35,NULL,NULL,NULL,0,'2024-06-23 22:14:47','2024-06-23 22:14:49','Both'),
 (136,'Individual',NULL,'Dr. Mei Olsen',NULL,NULL,'Mei','','Olsen',0,0,0,0,1,0,NULL,'Olsen, Mei',NULL,NULL,NULL,'2',NULL,'258402374',NULL,'Sample Data',4,NULL,NULL,NULL,1,NULL,'Dear Mei',1,NULL,'Dear Mei',1,NULL,'Dr. Mei Olsen',NULL,1,'1996-02-10',0,NULL,NULL,NULL,NULL,NULL,NULL,0,'2024-06-23 22:14:47','2024-06-23 22:14:49','Both'),
 (137,'Individual',NULL,'Ms. Shauna Jensen',NULL,NULL,'Shauna','','Jensen',0,0,0,0,1,0,NULL,'Jensen, Shauna',NULL,NULL,NULL,'1',NULL,'108136044',NULL,'Sample Data',2,NULL,NULL,NULL,1,NULL,'Dear Shauna',1,NULL,'Dear Shauna',1,NULL,'Ms. Shauna Jensen',NULL,1,'1961-11-10',0,NULL,NULL,NULL,NULL,NULL,NULL,0,'2024-06-23 22:14:47','2024-06-23 22:14:48','Both'),
 (138,'Individual',NULL,'Allen Roberts-Terrell Jr.',NULL,NULL,'Allen','L','Roberts-Terrell',0,0,0,0,0,0,NULL,'Roberts-Terrell, Allen',NULL,NULL,NULL,NULL,NULL,'2186503551',NULL,'Sample Data',NULL,1,NULL,NULL,1,NULL,'Dear Allen',1,NULL,'Dear Allen',1,NULL,'Allen Roberts-Terrell Jr.',NULL,2,NULL,0,NULL,NULL,NULL,NULL,NULL,NULL,0,'2024-06-23 22:14:47','2024-06-23 22:14:49','Both'),
 (139,'Individual',NULL,'Allen Samson','Dowlen Music Fellowship',NULL,'Allen','','Samson',0,1,0,0,1,0,NULL,'Samson, Allen',NULL,NULL,NULL,NULL,NULL,'551135847',NULL,'Sample Data',NULL,NULL,NULL,NULL,1,NULL,'Dear Allen',1,NULL,'Dear Allen',1,NULL,'Allen Samson',NULL,NULL,'1938-08-12',0,NULL,NULL,NULL,NULL,NULL,160,0,'2024-06-23 22:14:47','2024-06-23 22:14:49','Both'),
 (140,'Individual',NULL,'Bryon Jones III',NULL,NULL,'Bryon','A','Jones',0,0,0,0,0,0,NULL,'Jones, Bryon',NULL,NULL,NULL,NULL,NULL,'1716764755',NULL,'Sample Data',NULL,4,NULL,NULL,1,NULL,'Dear Bryon',1,NULL,'Dear Bryon',1,NULL,'Bryon Jones III',NULL,2,NULL,0,NULL,NULL,NULL,NULL,NULL,NULL,0,'2024-06-23 22:14:47','2024-06-23 22:14:48','Both'),
 (141,'Individual',NULL,'Landon Terrell',NULL,NULL,'Landon','','Terrell',0,0,0,0,0,0,NULL,'Terrell, Landon',NULL,NULL,NULL,'2',NULL,'4168752118',NULL,'Sample Data',NULL,NULL,NULL,NULL,1,NULL,'Dear Landon',1,NULL,'Dear Landon',1,NULL,'Landon Terrell',NULL,2,'1963-04-14',0,NULL,NULL,NULL,NULL,NULL,NULL,0,'2024-06-23 22:14:47','2024-06-23 22:14:48','Both'),
 (142,'Individual',NULL,'Magan McReynolds',NULL,NULL,'Magan','U','McReynolds',0,0,0,0,0,0,NULL,'McReynolds, Magan',NULL,NULL,NULL,'3',NULL,'3630572084',NULL,'Sample Data',NULL,NULL,NULL,NULL,1,NULL,'Dear Magan',1,NULL,'Dear Magan',1,NULL,'Magan McReynolds',NULL,1,'1946-09-13',0,NULL,NULL,NULL,NULL,NULL,NULL,0,'2024-06-23 22:14:47','2024-06-23 22:14:48','Both'),
 (143,'Individual',NULL,'Heidi Bachman',NULL,NULL,'Heidi','Q','Bachman',1,0,0,0,0,0,NULL,'Bachman, Heidi',NULL,NULL,NULL,NULL,NULL,'2759978492',NULL,'Sample Data',NULL,NULL,NULL,NULL,1,NULL,'Dear Heidi',1,NULL,'Dear Heidi',1,NULL,'Heidi Bachman',NULL,1,'2013-01-17',0,NULL,NULL,NULL,NULL,NULL,NULL,0,'2024-06-23 22:14:47','2024-06-23 22:14:49','Both'),
 (144,'Individual',NULL,'tmcreynolds@mymail.com',NULL,NULL,NULL,NULL,NULL,0,0,0,0,0,0,NULL,'tmcreynolds@mymail.com',NULL,NULL,NULL,NULL,NULL,'170710257',NULL,'Sample Data',NULL,2,NULL,NULL,1,NULL,'Dear tmcreynolds@mymail.com',1,NULL,'Dear tmcreynolds@mymail.com',1,NULL,'tmcreynolds@mymail.com',NULL,NULL,NULL,0,NULL,NULL,NULL,NULL,NULL,NULL,0,'2024-06-23 22:14:47','2024-06-23 22:14:49','Both'),
 (145,'Household',NULL,'Roberts family',NULL,NULL,NULL,NULL,NULL,0,0,0,0,1,0,NULL,'Roberts family',NULL,NULL,NULL,NULL,NULL,'2097305882',NULL,'Sample Data',NULL,NULL,NULL,NULL,5,NULL,'Dear Roberts family',5,NULL,'Dear Roberts family',2,NULL,'Roberts family',NULL,NULL,NULL,0,NULL,'Roberts family',NULL,NULL,NULL,NULL,0,'2024-06-23 22:14:47','2024-06-23 22:14:48','Both'),
 (146,'Organization',NULL,'California Peace Collective','California Peace Collective',NULL,NULL,NULL,NULL,0,1,0,0,0,0,NULL,'California Peace Collective',NULL,NULL,NULL,'2',NULL,'2622009513',NULL,'Sample Data',NULL,NULL,NULL,NULL,NULL,NULL,NULL,NULL,NULL,NULL,3,NULL,'California Peace Collective',NULL,NULL,NULL,0,NULL,NULL,NULL,NULL,NULL,NULL,0,'2024-06-23 22:14:47','2024-06-23 22:14:49','Both'),
 (147,'Individual',NULL,'Princess Wattson',NULL,NULL,'Princess','','Wattson',0,1,0,0,0,0,NULL,'Wattson, Princess',NULL,NULL,NULL,'3',NULL,'1322463207',NULL,'Sample Data',NULL,NULL,NULL,NULL,1,NULL,'Dear Princess',1,NULL,'Dear Princess',1,NULL,'Princess Wattson',NULL,1,'1998-01-07',0,NULL,NULL,NULL,NULL,NULL,NULL,0,'2024-06-23 22:14:47','2024-06-23 22:14:48','Both'),
 (148,'Individual',NULL,'Sanford Zope Sr.',NULL,NULL,'Sanford','','Zope',0,0,0,0,0,0,NULL,'Zope, Sanford',NULL,NULL,NULL,NULL,NULL,'3485406852',NULL,'Sample Data',NULL,2,NULL,NULL,1,NULL,'Dear Sanford',1,NULL,'Dear Sanford',1,NULL,'Sanford Zope Sr.',NULL,NULL,'1953-09-17',0,NULL,NULL,NULL,NULL,NULL,NULL,0,'2024-06-23 22:14:47','2024-06-23 22:14:49','Both'),
 (149,'Individual',NULL,'Princess Wattson-Adams',NULL,NULL,'Princess','U','Wattson-Adams',0,0,0,0,0,0,NULL,'Wattson-Adams, Princess',NULL,NULL,NULL,'1',NULL,'3067838508',NULL,'Sample Data',NULL,NULL,NULL,NULL,1,NULL,'Dear Princess',1,NULL,'Dear Princess',1,NULL,'Princess Wattson-Adams',NULL,1,'2010-02-11',0,NULL,NULL,NULL,NULL,NULL,NULL,0,'2024-06-23 22:14:47','2024-06-23 22:14:49','Both'),
 (150,'Individual',NULL,'bachmanr53@testmail.net',NULL,NULL,NULL,NULL,NULL,1,1,0,0,0,0,NULL,'bachmanr53@testmail.net',NULL,NULL,NULL,NULL,NULL,'579164124',NULL,'Sample Data',3,3,NULL,NULL,1,NULL,'Dear bachmanr53@testmail.net',1,NULL,'Dear bachmanr53@testmail.net',1,NULL,'bachmanr53@testmail.net',NULL,NULL,NULL,0,NULL,NULL,NULL,NULL,NULL,NULL,0,'2024-06-23 22:14:47','2024-06-23 22:14:49','Both'),
 (151,'Individual',NULL,'Santina Prentice','Bay Action Services',NULL,'Santina','','Prentice',1,0,0,0,0,0,NULL,'Prentice, Santina',NULL,NULL,NULL,'2',NULL,'3560693906',NULL,'Sample Data',NULL,NULL,NULL,NULL,1,NULL,'Dear Santina',1,NULL,'Dear Santina',1,NULL,'Santina Prentice',NULL,NULL,'1985-06-24',0,NULL,NULL,NULL,NULL,NULL,101,0,'2024-06-23 22:14:47','2024-06-23 22:14:49','Both'),
 (152,'Individual',NULL,'lareen14@fakemail.com',NULL,NULL,NULL,NULL,NULL,0,0,0,0,0,0,NULL,'lareen14@fakemail.com',NULL,NULL,NULL,'4',NULL,'333959095',NULL,'Sample Data',2,NULL,NULL,NULL,1,NULL,'Dear lareen14@fakemail.com',1,NULL,'Dear lareen14@fakemail.com',1,NULL,'lareen14@fakemail.com',NULL,NULL,NULL,0,NULL,NULL,NULL,NULL,NULL,NULL,0,'2024-06-23 22:14:47','2024-06-23 22:14:48','Both'),
 (153,'Individual',NULL,'Jay Roberts',NULL,NULL,'Jay','W','Roberts',0,0,0,0,1,0,NULL,'Roberts, Jay',NULL,NULL,NULL,NULL,NULL,'1552587597',NULL,'Sample Data',NULL,NULL,NULL,NULL,1,NULL,'Dear Jay',1,NULL,'Dear Jay',1,NULL,'Jay Roberts',NULL,2,'1955-02-02',0,NULL,NULL,NULL,NULL,NULL,NULL,0,'2024-06-23 22:14:47','2024-06-23 22:14:48','Both'),
 (154,'Individual',NULL,'Mr. Daren Lee Sr.','Gordonville Technology Academy',NULL,'Daren','N','Lee',1,1,0,0,0,0,NULL,'Lee, Daren',NULL,NULL,NULL,'4',NULL,'761180894',NULL,'Sample Data',3,2,NULL,NULL,1,NULL,'Dear Daren',1,NULL,'Dear Daren',1,NULL,'Mr. Daren Lee Sr.',NULL,2,NULL,0,NULL,NULL,NULL,NULL,NULL,79,0,'2024-06-23 22:14:47','2024-06-23 22:14:49','Both'),
 (155,'Individual',NULL,'olsen.kathlyn@testmail.org',NULL,NULL,NULL,NULL,NULL,1,1,0,0,0,0,NULL,'olsen.kathlyn@testmail.org',NULL,NULL,NULL,'1',NULL,'2539456530',NULL,'Sample Data',4,NULL,NULL,NULL,1,NULL,'Dear olsen.kathlyn@testmail.org',1,NULL,'Dear olsen.kathlyn@testmail.org',1,NULL,'olsen.kathlyn@testmail.org',NULL,NULL,NULL,0,NULL,NULL,NULL,NULL,NULL,NULL,0,'2024-06-23 22:14:47','2024-06-23 22:14:49','Both'),
 (156,'Individual',NULL,'Dr. Landon Prentice II',NULL,NULL,'Landon','','Prentice',1,0,0,0,0,0,NULL,'Prentice, Landon',NULL,NULL,NULL,NULL,NULL,'927380636',NULL,'Sample Data',4,3,NULL,NULL,1,NULL,'Dear Landon',1,NULL,'Dear Landon',1,NULL,'Dr. Landon Prentice II',NULL,NULL,NULL,0,NULL,NULL,NULL,NULL,NULL,NULL,0,'2024-06-23 22:14:47','2024-06-23 22:14:49','Both'),
 (157,'Organization',NULL,'Urban Health Collective','Urban Health Collective',NULL,NULL,NULL,NULL,0,0,0,0,0,0,NULL,'Urban Health Collective',NULL,NULL,NULL,'1',NULL,'1813795820',NULL,'Sample Data',NULL,NULL,NULL,NULL,NULL,NULL,NULL,NULL,NULL,NULL,3,NULL,'Urban Health Collective',NULL,NULL,NULL,0,NULL,NULL,25,NULL,NULL,NULL,0,'2024-06-23 22:14:47','2024-06-23 22:14:49','Both'),
 (158,'Individual',NULL,'Erik Terrell-Bachman',NULL,NULL,'Erik','','Terrell-Bachman',1,1,0,0,0,0,NULL,'Terrell-Bachman, Erik',NULL,NULL,NULL,'2',NULL,'1732653176',NULL,'Sample Data',NULL,NULL,NULL,NULL,1,NULL,'Dear Erik',1,NULL,'Dear Erik',1,NULL,'Erik Terrell-Bachman',NULL,2,'1973-05-15',0,NULL,NULL,NULL,NULL,NULL,NULL,0,'2024-06-23 22:14:47','2024-06-23 22:14:49','Both'),
 (159,'Individual',NULL,'Omar Roberts-Terrell II',NULL,NULL,'Omar','G','Roberts-Terrell',1,1,0,0,0,0,NULL,'Roberts-Terrell, Omar',NULL,NULL,NULL,'4',NULL,'2207983760',NULL,'Sample Data',NULL,3,NULL,NULL,1,NULL,'Dear Omar',1,NULL,'Dear Omar',1,NULL,'Omar Roberts-Terrell II',NULL,2,'2015-02-08',0,NULL,NULL,NULL,NULL,NULL,NULL,0,'2024-06-23 22:14:47','2024-06-23 22:14:49','Both'),
 (160,'Organization',NULL,'Dowlen Music Fellowship','Dowlen Music Fellowship',NULL,NULL,NULL,NULL,0,0,0,0,0,0,NULL,'Dowlen Music Fellowship',NULL,NULL,NULL,'1',NULL,'584567279',NULL,'Sample Data',NULL,NULL,NULL,NULL,NULL,NULL,NULL,NULL,NULL,NULL,3,NULL,'Dowlen Music Fellowship',NULL,NULL,NULL,0,NULL,NULL,139,NULL,NULL,NULL,0,'2024-06-23 22:14:47','2024-06-23 22:14:49','Both'),
 (161,'Individual',NULL,'Daren Olsen III',NULL,NULL,'Daren','','Olsen',0,0,0,0,0,0,NULL,'Olsen, Daren',NULL,NULL,NULL,'1',NULL,'1772811610',NULL,'Sample Data',NULL,4,NULL,NULL,1,NULL,'Dear Daren',1,NULL,'Dear Daren',1,NULL,'Daren Olsen III',NULL,2,NULL,0,NULL,NULL,NULL,NULL,NULL,NULL,0,'2024-06-23 22:14:47','2024-06-23 22:14:48','Both'),
 (162,'Individual',NULL,'Dr. Scott Wattson',NULL,NULL,'Scott','W','Wattson',0,1,0,0,0,0,NULL,'Wattson, Scott',NULL,NULL,NULL,'2',NULL,'1951104062',NULL,'Sample Data',4,NULL,NULL,NULL,1,NULL,'Dear Scott',1,NULL,'Dear Scott',1,NULL,'Dr. Scott Wattson',NULL,NULL,'1989-04-22',0,NULL,NULL,NULL,NULL,NULL,NULL,0,'2024-06-23 22:14:47','2024-06-23 22:14:48','Both'),
 (163,'Individual',NULL,'Scott Wattson',NULL,NULL,'Scott','','Wattson',0,0,0,0,0,0,NULL,'Wattson, Scott',NULL,NULL,NULL,'5',NULL,'1951104062',NULL,'Sample Data',NULL,NULL,NULL,NULL,1,NULL,'Dear Scott',1,NULL,'Dear Scott',1,NULL,'Scott Wattson',NULL,2,'1993-12-06',0,NULL,NULL,NULL,NULL,NULL,NULL,0,'2024-06-23 22:14:47','2024-06-23 22:14:48','Both'),
 (164,'Household',NULL,'Wattson-Adams family',NULL,NULL,NULL,NULL,NULL,1,0,0,0,1,0,NULL,'Wattson-Adams family',NULL,NULL,NULL,'5',NULL,'540397187',NULL,'Sample Data',NULL,NULL,NULL,NULL,5,NULL,'Dear Wattson-Adams family',5,NULL,'Dear Wattson-Adams family',2,NULL,'Wattson-Adams family',NULL,NULL,NULL,0,NULL,'Wattson-Adams family',NULL,NULL,NULL,NULL,0,'2024-06-23 22:14:47','2024-06-23 22:14:48','Both'),
 (165,'Individual',NULL,'Mr. Kenny Wilson II',NULL,NULL,'Kenny','J','Wilson',0,0,0,0,0,0,NULL,'Wilson, Kenny',NULL,NULL,NULL,'4',NULL,'1945745030',NULL,'Sample Data',3,3,NULL,NULL,1,NULL,'Dear Kenny',1,NULL,'Dear Kenny',1,NULL,'Mr. Kenny Wilson II',NULL,2,'1949-12-30',1,'2024-04-30',NULL,NULL,NULL,NULL,NULL,0,'2024-06-23 22:14:47','2024-06-23 22:14:48','Both'),
 (166,'Individual',NULL,'Brent Nielsen',NULL,NULL,'Brent','Q','Nielsen',1,1,0,0,0,0,NULL,'Nielsen, Brent',NULL,NULL,NULL,NULL,NULL,'4170552121',NULL,'Sample Data',NULL,NULL,NULL,NULL,1,NULL,'Dear Brent',1,NULL,'Dear Brent',1,NULL,'Brent Nielsen',NULL,2,'1946-01-01',0,NULL,NULL,NULL,NULL,NULL,NULL,0,'2024-06-23 22:14:47','2024-06-23 22:14:48','Both'),
 (167,'Individual',NULL,'smiths@lol.org',NULL,NULL,NULL,NULL,NULL,1,0,0,0,1,0,NULL,'smiths@lol.org',NULL,NULL,NULL,NULL,NULL,'4079411493',NULL,'Sample Data',NULL,4,NULL,NULL,1,NULL,'Dear smiths@lol.org',1,NULL,'Dear smiths@lol.org',1,NULL,'smiths@lol.org',NULL,NULL,NULL,0,NULL,NULL,NULL,NULL,NULL,NULL,0,'2024-06-23 22:14:47','2024-06-23 22:14:49','Both'),
 (168,'Individual',NULL,'Dr. Magan Wattson',NULL,NULL,'Magan','I','Wattson',0,1,0,0,0,0,NULL,'Wattson, Magan',NULL,NULL,NULL,'2',NULL,'3310801792',NULL,'Sample Data',4,NULL,NULL,NULL,1,NULL,'Dear Magan',1,NULL,'Dear Magan',1,NULL,'Dr. Magan Wattson',NULL,1,'1979-09-25',0,NULL,NULL,NULL,NULL,NULL,NULL,0,'2024-06-23 22:14:47','2024-06-23 22:14:48','Both'),
 (169,'Household',NULL,'Olsen family',NULL,NULL,NULL,NULL,NULL,0,0,0,0,1,0,NULL,'Olsen family',NULL,NULL,NULL,NULL,NULL,'1990073228',NULL,'Sample Data',NULL,NULL,NULL,NULL,5,NULL,'Dear Olsen family',5,NULL,'Dear Olsen family',2,NULL,'Olsen family',NULL,NULL,NULL,0,NULL,'Olsen family',NULL,NULL,NULL,NULL,0,'2024-06-23 22:14:47','2024-06-23 22:14:48','Both'),
 (170,'Individual',NULL,'Scarlet Bachman','Local Literacy Partnership',NULL,'Scarlet','','Bachman',0,0,0,0,1,0,NULL,'Bachman, Scarlet',NULL,NULL,NULL,NULL,NULL,'2562721421',NULL,'Sample Data',NULL,NULL,NULL,NULL,1,NULL,'Dear Scarlet',1,NULL,'Dear Scarlet',1,NULL,'Scarlet Bachman',NULL,1,'1965-12-22',0,NULL,NULL,NULL,NULL,NULL,10,0,'2024-06-23 22:14:47','2024-06-23 22:14:49','Both'),
 (171,'Individual',NULL,'Mrs. Valene Wattson',NULL,NULL,'Valene','C','Wattson',0,0,0,0,1,0,NULL,'Wattson, Valene',NULL,NULL,NULL,NULL,NULL,'3149820460',NULL,'Sample Data',1,NULL,NULL,NULL,1,NULL,'Dear Valene',1,NULL,'Dear Valene',1,NULL,'Mrs. Valene Wattson',NULL,NULL,'1996-05-22',0,NULL,NULL,NULL,NULL,NULL,NULL,0,'2024-06-23 22:14:47','2024-06-23 22:14:47','Both'),
 (172,'Individual',NULL,'Eleonor Lee',NULL,NULL,'Eleonor','T','Lee',1,0,0,0,0,0,NULL,'Lee, Eleonor',NULL,NULL,NULL,NULL,NULL,'2163724660',NULL,'Sample Data',NULL,NULL,NULL,NULL,1,NULL,'Dear Eleonor',1,NULL,'Dear Eleonor',1,NULL,'Eleonor Lee',NULL,1,NULL,0,NULL,NULL,NULL,NULL,NULL,NULL,0,'2024-06-23 22:14:47','2024-06-23 22:14:49','Both'),
 (173,'Individual',NULL,'terrelle33@mymail.co.in',NULL,NULL,NULL,NULL,NULL,1,1,0,0,1,0,NULL,'terrelle33@mymail.co.in',NULL,NULL,NULL,NULL,NULL,'2071661542',NULL,'Sample Data',4,NULL,NULL,NULL,1,NULL,'Dear terrelle33@mymail.co.in',1,NULL,'Dear terrelle33@mymail.co.in',1,NULL,'terrelle33@mymail.co.in',NULL,NULL,NULL,0,NULL,NULL,NULL,NULL,NULL,NULL,0,'2024-06-23 22:14:47','2024-06-23 22:14:49','Both'),
 (174,'Individual',NULL,'isamson@sample.info',NULL,NULL,NULL,NULL,NULL,1,0,0,0,1,0,NULL,'isamson@sample.info',NULL,NULL,NULL,'5',NULL,'1509250474',NULL,'Sample Data',4,NULL,NULL,NULL,1,NULL,'Dear isamson@sample.info',1,NULL,'Dear isamson@sample.info',1,NULL,'isamson@sample.info',NULL,NULL,NULL,0,NULL,NULL,NULL,NULL,NULL,NULL,0,'2024-06-23 22:14:47','2024-06-23 22:14:48','Both'),
 (175,'Individual',NULL,'jensen.rosario7@spamalot.co.in',NULL,NULL,NULL,NULL,NULL,0,1,0,0,0,0,NULL,'jensen.rosario7@spamalot.co.in',NULL,NULL,NULL,'2',NULL,'3940805036',NULL,'Sample Data',4,3,NULL,NULL,1,NULL,'Dear jensen.rosario7@spamalot.co.in',1,NULL,'Dear jensen.rosario7@spamalot.co.in',1,NULL,'jensen.rosario7@spamalot.co.in',NULL,NULL,NULL,0,NULL,NULL,NULL,NULL,NULL,NULL,0,'2024-06-23 22:14:47','2024-06-23 22:14:48','Both'),
 (176,'Individual',NULL,'Sharyn Deforest',NULL,NULL,'Sharyn','A','Deforest',0,0,0,0,0,0,NULL,'Deforest, Sharyn',NULL,NULL,NULL,'4',NULL,'2704728591',NULL,'Sample Data',NULL,NULL,NULL,NULL,1,NULL,'Dear Sharyn',1,NULL,'Dear Sharyn',1,NULL,'Sharyn Deforest',NULL,1,'1978-07-20',0,NULL,NULL,NULL,NULL,NULL,NULL,0,'2024-06-23 22:14:47','2024-06-23 22:14:49','Both'),
 (177,'Individual',NULL,'Valene Jacobs',NULL,NULL,'Valene','S','Jacobs',0,0,0,0,0,0,NULL,'Jacobs, Valene',NULL,NULL,NULL,'2',NULL,'4146579761',NULL,'Sample Data',NULL,NULL,NULL,NULL,1,NULL,'Dear Valene',1,NULL,'Dear Valene',1,NULL,'Valene Jacobs',NULL,1,NULL,0,NULL,NULL,NULL,NULL,NULL,NULL,0,'2024-06-23 22:14:47','2024-06-23 22:14:48','Both'),
 (178,'Individual',NULL,'Dr. Herminia chowski',NULL,NULL,'Herminia','','chowski',0,0,0,0,0,0,NULL,'chowski, Herminia',NULL,NULL,NULL,'4',NULL,'2946415984',NULL,'Sample Data',4,NULL,NULL,NULL,1,NULL,'Dear Herminia',1,NULL,'Dear Herminia',1,NULL,'Dr. Herminia chowski',NULL,NULL,'1985-04-12',0,NULL,NULL,NULL,NULL,NULL,NULL,0,'2024-06-23 22:14:47','2024-06-23 22:14:48','Both'),
 (179,'Individual',NULL,'Mrs. Bernadette Ivanov',NULL,NULL,'Bernadette','B','Ivanov',0,0,0,0,0,0,NULL,'Ivanov, Bernadette',NULL,NULL,NULL,'3',NULL,'3126349786',NULL,'Sample Data',1,NULL,NULL,NULL,1,NULL,'Dear Bernadette',1,NULL,'Dear Bernadette',1,NULL,'Mrs. Bernadette Ivanov',NULL,NULL,'1983-10-30',0,NULL,NULL,NULL,NULL,NULL,NULL,0,'2024-06-23 22:14:47','2024-06-23 22:14:48','Both'),
 (180,'Individual',NULL,'deforest.irvin@airmail.co.uk',NULL,NULL,NULL,NULL,NULL,0,0,0,0,0,0,NULL,'deforest.irvin@airmail.co.uk',NULL,NULL,NULL,NULL,NULL,'4270440932',NULL,'Sample Data',3,NULL,NULL,NULL,1,NULL,'Dear deforest.irvin@airmail.co.uk',1,NULL,'Dear deforest.irvin@airmail.co.uk',1,NULL,'deforest.irvin@airmail.co.uk',NULL,NULL,NULL,0,NULL,NULL,NULL,NULL,NULL,NULL,0,'2024-06-23 22:14:47','2024-06-23 22:14:48','Both'),
 (181,'Individual',NULL,'Mr. Omar Parker','Global Development Alliance',NULL,'Omar','','Parker',0,0,0,0,0,0,NULL,'Parker, Omar',NULL,NULL,NULL,'3',NULL,'3921166397',NULL,'Sample Data',3,NULL,NULL,NULL,1,NULL,'Dear Omar',1,NULL,'Dear Omar',1,NULL,'Mr. Omar Parker',NULL,2,'1994-03-08',0,NULL,NULL,NULL,NULL,NULL,38,0,'2024-06-23 22:14:47','2024-06-23 22:14:49','Both'),
 (182,'Individual',NULL,'Dr. Allan Jameson III',NULL,NULL,'Allan','A','Jameson',0,0,0,0,1,0,NULL,'Jameson, Allan',NULL,NULL,NULL,NULL,NULL,'3508046316',NULL,'Sample Data',4,4,NULL,NULL,1,NULL,'Dear Allan',1,NULL,'Dear Allan',1,NULL,'Dr. Allan Jameson III',NULL,NULL,'1963-07-23',0,NULL,NULL,NULL,NULL,NULL,NULL,0,'2024-06-23 22:14:47','2024-06-23 22:14:48','Both'),
 (183,'Individual',NULL,'Dr. Ashley Yadav-Bachman',NULL,NULL,'Ashley','I','Yadav-Bachman',0,0,0,0,0,0,NULL,'Yadav-Bachman, Ashley',NULL,NULL,NULL,NULL,NULL,'332407302',NULL,'Sample Data',4,NULL,NULL,NULL,1,NULL,'Dear Ashley',1,NULL,'Dear Ashley',1,NULL,'Dr. Ashley Yadav-Bachman',NULL,1,'1951-06-23',0,NULL,NULL,NULL,NULL,NULL,NULL,0,'2024-06-23 22:14:47','2024-06-23 22:14:49','Both'),
 (184,'Individual',NULL,'Ashlie Daz',NULL,NULL,'Ashlie','G','Daz',0,0,0,0,0,0,NULL,'Daz, Ashlie',NULL,NULL,NULL,'3',NULL,'428983255',NULL,'Sample Data',NULL,NULL,NULL,NULL,1,NULL,'Dear Ashlie',1,NULL,'Dear Ashlie',1,NULL,'Ashlie Daz',NULL,1,NULL,0,NULL,NULL,NULL,NULL,NULL,NULL,0,'2024-06-23 22:14:47','2024-06-23 22:14:48','Both'),
 (185,'Household',NULL,'Jameson family',NULL,NULL,NULL,NULL,NULL,0,0,0,0,0,0,NULL,'Jameson family',NULL,NULL,NULL,NULL,NULL,'2255649769',NULL,'Sample Data',NULL,NULL,NULL,NULL,5,NULL,'Dear Jameson family',5,NULL,'Dear Jameson family',2,NULL,'Jameson family',NULL,NULL,NULL,0,NULL,'Jameson family',NULL,NULL,NULL,NULL,0,'2024-06-23 22:14:47','2024-06-23 22:14:48','Both'),
 (186,'Individual',NULL,'Magan Samson',NULL,NULL,'Magan','E','Samson',0,0,0,0,1,0,NULL,'Samson, Magan',NULL,NULL,NULL,'4',NULL,'2138748254',NULL,'Sample Data',NULL,NULL,NULL,NULL,1,NULL,'Dear Magan',1,NULL,'Dear Magan',1,NULL,'Magan Samson',NULL,1,NULL,0,NULL,NULL,NULL,NULL,NULL,NULL,0,'2024-06-23 22:14:47','2024-06-23 22:14:48','Both'),
 (187,'Individual',NULL,'jones-wattson-adamsa10@airmail.com',NULL,NULL,NULL,NULL,NULL,1,0,0,0,0,0,NULL,'jones-wattson-adamsa10@airmail.com',NULL,NULL,NULL,NULL,NULL,'1221889862',NULL,'Sample Data',2,NULL,NULL,NULL,1,NULL,'Dear jones-wattson-adamsa10@airmail.com',1,NULL,'Dear jones-wattson-adamsa10@airmail.com',1,NULL,'jones-wattson-adamsa10@airmail.com',NULL,NULL,NULL,0,NULL,NULL,NULL,NULL,NULL,NULL,0,'2024-06-23 22:14:47','2024-06-23 22:14:49','Both'),
 (188,'Household',NULL,'Terry family',NULL,NULL,NULL,NULL,NULL,0,0,0,0,0,0,NULL,'Terry family',NULL,NULL,NULL,NULL,NULL,'558108751',NULL,'Sample Data',NULL,NULL,NULL,NULL,5,NULL,'Dear Terry family',5,NULL,'Dear Terry family',2,NULL,'Terry family',NULL,NULL,NULL,0,NULL,'Terry family',NULL,NULL,NULL,NULL,0,'2024-06-23 22:14:47','2024-06-23 22:14:48','Both'),
 (189,'Individual',NULL,'Dr. Bryon Terrell',NULL,NULL,'Bryon','B','Terrell',0,1,0,0,0,0,NULL,'Terrell, Bryon',NULL,NULL,NULL,'1',NULL,'1742337325',NULL,'Sample Data',4,NULL,NULL,NULL,1,NULL,'Dear Bryon',1,NULL,'Dear Bryon',1,NULL,'Dr. Bryon Terrell',NULL,2,NULL,0,NULL,NULL,NULL,NULL,NULL,NULL,0,'2024-06-23 22:14:47','2024-06-23 22:14:48','Both'),
 (190,'Organization',NULL,'Local Development Fund','Local Development Fund',NULL,NULL,NULL,NULL,0,0,0,0,0,0,NULL,'Local Development Fund',NULL,NULL,NULL,NULL,NULL,'828973826',NULL,'Sample Data',NULL,NULL,NULL,NULL,NULL,NULL,NULL,NULL,NULL,NULL,3,NULL,'Local Development Fund',NULL,NULL,NULL,0,NULL,NULL,6,NULL,NULL,NULL,0,'2024-06-23 22:14:47','2024-06-23 22:14:49','Both'),
 (191,'Individual',NULL,'Dr. Teresa Olsen',NULL,NULL,'Teresa','','Olsen',1,0,0,0,0,0,NULL,'Olsen, Teresa',NULL,NULL,NULL,NULL,NULL,'1784308763',NULL,'Sample Data',4,NULL,NULL,NULL,1,NULL,'Dear Teresa',1,NULL,'Dear Teresa',1,NULL,'Dr. Teresa Olsen',NULL,1,'1994-09-25',0,NULL,NULL,NULL,NULL,NULL,NULL,0,'2024-06-23 22:14:47','2024-06-23 22:14:49','Both'),
 (192,'Individual',NULL,'deforestt56@airmail.co.nz',NULL,NULL,NULL,NULL,NULL,0,1,0,0,0,0,NULL,'deforestt56@airmail.co.nz',NULL,NULL,NULL,NULL,NULL,'1784639161',NULL,'Sample Data',3,1,NULL,NULL,1,NULL,'Dear deforestt56@airmail.co.nz',1,NULL,'Dear deforestt56@airmail.co.nz',1,NULL,'deforestt56@airmail.co.nz',NULL,NULL,NULL,0,NULL,NULL,NULL,NULL,NULL,NULL,0,'2024-06-23 22:14:47','2024-06-23 22:14:49','Both'),
 (193,'Individual',NULL,'Beula Cooper',NULL,NULL,'Beula','','Cooper',1,0,0,0,1,0,NULL,'Cooper, Beula',NULL,NULL,NULL,'4',NULL,'413956326',NULL,'Sample Data',NULL,NULL,NULL,NULL,1,NULL,'Dear Beula',1,NULL,'Dear Beula',1,NULL,'Beula Cooper',NULL,1,'1956-08-22',0,NULL,NULL,NULL,NULL,NULL,NULL,0,'2024-06-23 22:14:47','2024-06-23 22:14:48','Both'),
 (194,'Individual',NULL,'Dr. Clint Bachman Jr.',NULL,NULL,'Clint','H','Bachman',0,0,0,0,0,0,NULL,'Bachman, Clint',NULL,NULL,NULL,'2',NULL,'934287156',NULL,'Sample Data',4,1,NULL,NULL,1,NULL,'Dear Clint',1,NULL,'Dear Clint',1,NULL,'Dr. Clint Bachman Jr.',NULL,NULL,'1942-11-13',1,'2023-09-13',NULL,NULL,NULL,NULL,NULL,0,'2024-06-23 22:14:47','2024-06-23 22:14:48','Both'),
 (195,'Household',NULL,'Bachman family',NULL,NULL,NULL,NULL,NULL,1,1,0,0,0,0,NULL,'Bachman family',NULL,NULL,NULL,NULL,NULL,'1714131215',NULL,'Sample Data',NULL,NULL,NULL,NULL,5,NULL,'Dear Bachman family',5,NULL,'Dear Bachman family',2,NULL,'Bachman family',NULL,NULL,NULL,0,NULL,'Bachman family',NULL,NULL,NULL,NULL,0,'2024-06-23 22:14:47','2024-06-23 22:14:48','Both'),
 (196,'Individual',NULL,'darenp@lol.co.uk',NULL,NULL,NULL,NULL,NULL,0,0,0,0,0,0,NULL,'darenp@lol.co.uk',NULL,NULL,NULL,'1',NULL,'2250823311',NULL,'Sample Data',3,NULL,NULL,NULL,1,NULL,'Dear darenp@lol.co.uk',1,NULL,'Dear darenp@lol.co.uk',1,NULL,'darenp@lol.co.uk',NULL,NULL,NULL,0,NULL,NULL,NULL,NULL,NULL,NULL,0,'2024-06-23 22:14:47','2024-06-23 22:14:48','Both'),
 (197,'Individual',NULL,'Dr. Megan Jensen',NULL,NULL,'Megan','B','Jensen',0,0,0,0,0,0,NULL,'Jensen, Megan',NULL,NULL,NULL,NULL,NULL,'3426769371',NULL,'Sample Data',4,NULL,NULL,NULL,1,NULL,'Dear Megan',1,NULL,'Dear Megan',1,NULL,'Dr. Megan Jensen',NULL,1,NULL,0,NULL,NULL,NULL,NULL,NULL,NULL,0,'2024-06-23 22:14:47','2024-06-23 22:14:49','Both'),
 (198,'Individual',NULL,'Junko Reynolds',NULL,NULL,'Junko','','Reynolds',1,1,0,0,0,0,NULL,'Reynolds, Junko',NULL,NULL,NULL,'1',NULL,'1984549046',NULL,'Sample Data',NULL,NULL,NULL,NULL,1,NULL,'Dear Junko',1,NULL,'Dear Junko',1,NULL,'Junko Reynolds',NULL,1,NULL,0,NULL,NULL,NULL,NULL,NULL,NULL,0,'2024-06-23 22:14:47','2024-06-23 22:14:48','Both'),
 (199,'Individual',NULL,'Jed Cooper Sr.',NULL,NULL,'Jed','','Cooper',0,1,0,0,0,0,NULL,'Cooper, Jed',NULL,NULL,NULL,'4',NULL,'1064623644',NULL,'Sample Data',NULL,2,NULL,NULL,1,NULL,'Dear Jed',1,NULL,'Dear Jed',1,NULL,'Jed Cooper Sr.',NULL,2,NULL,0,NULL,NULL,NULL,NULL,NULL,NULL,0,'2024-06-23 22:14:47','2024-06-23 22:14:48','Both'),
 (200,'Individual',NULL,'Dr. Justina Wattson',NULL,NULL,'Justina','','Wattson',0,0,0,0,0,0,NULL,'Wattson, Justina',NULL,NULL,NULL,NULL,NULL,'239281410',NULL,'Sample Data',4,NULL,NULL,NULL,1,NULL,'Dear Justina',1,NULL,'Dear Justina',1,NULL,'Dr. Justina Wattson',NULL,1,'1953-03-25',0,NULL,NULL,NULL,NULL,NULL,NULL,0,'2024-06-23 22:14:47','2024-06-23 22:14:47','Both'),
 (201,'Individual',NULL,'Mr. Winford Jameson',NULL,NULL,'Winford','G','Jameson',0,0,0,0,0,0,NULL,'Jameson, Winford',NULL,NULL,NULL,NULL,NULL,'3266757407',NULL,'Sample Data',3,NULL,NULL,NULL,1,NULL,'Dear Winford',1,NULL,'Dear Winford',1,NULL,'Mr. Winford Jameson',NULL,NULL,'1990-11-07',0,NULL,NULL,NULL,NULL,NULL,NULL,0,'2024-06-23 22:14:47','2024-06-23 22:14:49','Both'),
 (202,'Individual',NULL,'Jenny Lee',NULL,NULL,'Jenny',NULL,'Lee',0,0,0,0,0,0,NULL,'Lee, Jenny',NULL,NULL,NULL,NULL,'en_US','4dbd9f05e3cd895401562ae32d9804b7',NULL,NULL,NULL,NULL,NULL,1,1,NULL,'Dear Jenny',1,NULL,'Dear Jenny',1,NULL,'Jenny Lee','Volunteer coordinator',NULL,NULL,0,NULL,NULL,NULL,NULL,NULL,NULL,0,'2024-06-23 22:14:50','2024-06-23 22:14:50','Both');
/*!40000 ALTER TABLE `civicrm_contact` ENABLE KEYS */;
UNLOCK TABLES;

--
-- Dumping data for table `civicrm_contact_type`
--

LOCK TABLES `civicrm_contact_type` WRITE;
/*!40000 ALTER TABLE `civicrm_contact_type` DISABLE KEYS */;
INSERT INTO `civicrm_contact_type` (`id`, `name`, `label`, `description`, `image_URL`, `icon`, `parent_id`, `is_active`, `is_reserved`) VALUES
 (1,'Individual','Individual',NULL,NULL,'fa-user',NULL,1,1),
 (2,'Household','Household',NULL,NULL,'fa-home',NULL,1,1),
 (3,'Organization','Organization',NULL,NULL,'fa-building',NULL,1,1),
 (4,'Student','Student',NULL,NULL,'fa-graduation-cap',1,1,0),
 (5,'Parent','Parent',NULL,NULL,'fa-user-circle-o',1,1,0),
 (6,'Staff','Staff',NULL,NULL,'fa-id-badge',1,1,0),
 (7,'Team','Team',NULL,NULL,'fa-users',3,1,0),
 (8,'Sponsor','Sponsor',NULL,NULL,'fa-leaf',3,1,0);
/*!40000 ALTER TABLE `civicrm_contact_type` ENABLE KEYS */;
UNLOCK TABLES;

--
-- Dumping data for table `civicrm_contribution`
--

LOCK TABLES `civicrm_contribution` WRITE;
/*!40000 ALTER TABLE `civicrm_contribution` DISABLE KEYS */;
INSERT INTO `civicrm_contribution` (`id`, `contact_id`, `financial_type_id`, `contribution_page_id`, `payment_instrument_id`, `receive_date`, `non_deductible_amount`, `total_amount`, `fee_amount`, `net_amount`, `trxn_id`, `invoice_id`, `invoice_number`, `currency`, `cancel_date`, `cancel_reason`, `receipt_date`, `thankyou_date`, `source`, `amount_level`, `contribution_recur_id`, `is_test`, `is_pay_later`, `contribution_status_id`, `address_id`, `check_number`, `campaign_id`, `creditnote_id`, `tax_amount`, `revenue_recognition_date`, `is_template`) VALUES
 (1,2,1,NULL,4,'2014-06-23 22:14:52',0.00,125.00,NULL,NULL,NULL,NULL,NULL,'USD',NULL,NULL,NULL,NULL,'April Mailer 1',NULL,NULL,0,0,1,NULL,'1041',NULL,NULL,0.00,NULL,0),
 (2,4,1,NULL,1,'2022-03-23 22:14:52',0.00,50.00,NULL,NULL,'P20901X1',NULL,NULL,'USD',NULL,NULL,NULL,NULL,'Online: Save the Penguins',NULL,NULL,0,0,1,NULL,NULL,NULL,NULL,0.00,NULL,0),
 (3,6,1,NULL,4,'2018-05-29 09:14:52',0.00,25.00,NULL,NULL,'GBP12',NULL,NULL,'GBP',NULL,NULL,NULL,NULL,'April Mailer 1',NULL,NULL,0,0,1,NULL,'2095',NULL,NULL,0.00,NULL,0),
 (4,8,1,NULL,4,'2022-03-23 22:14:52',0.00,50.00,NULL,NULL,NULL,NULL,NULL,'USD',NULL,NULL,NULL,NULL,'Online: Save the Penguins',NULL,NULL,0,0,1,NULL,'10552',NULL,NULL,0.00,NULL,0),
 (5,4,1,NULL,1,'2022-03-23 22:14:52',0.00,50.00,NULL,NULL,'Q90901X1',NULL,NULL,'USD',NULL,NULL,NULL,NULL,'Online: Save the Penguins',NULL,NULL,0,0,1,NULL,NULL,NULL,NULL,0.00,NULL,0),
 (6,16,1,NULL,4,'2024-03-30 21:32:52',0.00,500.00,NULL,NULL,NULL,NULL,NULL,'USD',NULL,NULL,NULL,NULL,'April Mailer 1',NULL,NULL,0,0,1,NULL,'509',NULL,NULL,0.00,NULL,0),
 (7,19,1,NULL,1,'2024-06-21 22:14:52',0.00,1750.00,NULL,NULL,NULL,NULL,NULL,'USD',NULL,NULL,NULL,NULL,'Online: Save the Penguins',NULL,NULL,0,0,1,NULL,'102',NULL,NULL,0.00,NULL,0),
 (8,82,1,NULL,1,'2023-10-31 06:25:52',0.00,50.00,NULL,NULL,'P20193L2',NULL,NULL,'USD',NULL,NULL,NULL,NULL,'Online: Save the Penguins',NULL,NULL,0,0,1,NULL,NULL,NULL,NULL,0.00,NULL,0),
 (9,92,1,NULL,1,'2023-07-23 22:14:52',0.00,10.00,NULL,NULL,'P40232Y3',NULL,NULL,'USD',NULL,NULL,NULL,NULL,'Online: Help CiviCRM',NULL,NULL,0,0,1,NULL,NULL,NULL,NULL,0.00,NULL,0),
 (10,34,1,NULL,1,'2020-02-01 00:14:52',0.00,250.00,NULL,NULL,'P20193L6',NULL,NULL,'USD',NULL,NULL,NULL,NULL,'Online: Help CiviCRM',NULL,NULL,0,0,1,NULL,NULL,NULL,NULL,0.00,NULL,0),
 (11,71,1,NULL,1,'2024-06-22 18:14:52',0.00,500.00,NULL,NULL,'PL71',NULL,NULL,'JPY',NULL,NULL,NULL,NULL,NULL,NULL,NULL,0,0,1,NULL,NULL,NULL,NULL,0.00,NULL,0),
 (12,43,1,NULL,1,'2023-03-23 11:41:32',0.00,50.00,NULL,NULL,'P291X1',NULL,NULL,'USD',NULL,NULL,NULL,NULL,'Online: Save the Penguins',NULL,NULL,0,0,1,NULL,NULL,NULL,NULL,0.00,NULL,0),
 (13,32,1,NULL,1,'2024-03-23 00:00:00',0.00,50.00,NULL,NULL,'PL32I',NULL,NULL,'USD',NULL,NULL,NULL,NULL,NULL,NULL,NULL,0,0,1,NULL,NULL,NULL,NULL,0.00,NULL,0),
 (14,32,1,NULL,1,'2024-04-23 00:00:00',0.00,50.00,NULL,NULL,'PL32II',NULL,NULL,'USD',NULL,NULL,NULL,NULL,NULL,NULL,NULL,0,0,1,NULL,NULL,NULL,NULL,0.00,NULL,0),
 (15,59,1,NULL,1,'2023-03-23 22:14:52',0.00,25.00,NULL,NULL,'PL32I591',NULL,NULL,'USD',NULL,NULL,NULL,NULL,'Recurring contribution',NULL,1,0,0,1,NULL,NULL,NULL,NULL,0.00,NULL,0),
 (16,59,1,NULL,1,'2023-04-23 22:14:52',0.00,25.00,NULL,NULL,'PL32I592',NULL,NULL,'USD',NULL,NULL,NULL,NULL,'Recurring contribution',NULL,1,0,0,1,NULL,NULL,NULL,NULL,0.00,NULL,0),
 (17,59,1,NULL,1,'2023-05-23 22:14:52',0.00,25.00,NULL,NULL,'PL32I593',NULL,NULL,'USD',NULL,NULL,NULL,NULL,'Recurring contribution',NULL,1,0,0,1,NULL,NULL,NULL,NULL,0.00,NULL,0),
 (18,59,1,NULL,1,'2023-06-23 22:14:52',0.00,25.00,NULL,NULL,'PL32I594',NULL,NULL,'USD',NULL,NULL,NULL,NULL,'Recurring contribution',NULL,1,0,0,1,NULL,NULL,NULL,NULL,0.00,NULL,0),
 (19,59,1,NULL,1,'2023-07-23 22:14:52',0.00,25.00,NULL,NULL,'PL32I595',NULL,NULL,'USD',NULL,NULL,NULL,NULL,'Recurring contribution',NULL,1,0,0,1,NULL,NULL,NULL,NULL,0.00,NULL,0),
 (20,59,1,NULL,1,'2023-08-23 22:14:52',0.00,25.00,NULL,NULL,'PL32I596',NULL,NULL,'USD',NULL,NULL,NULL,NULL,'Recurring contribution',NULL,1,0,0,1,NULL,NULL,NULL,NULL,0.00,NULL,0),
 (21,59,1,NULL,1,'2023-09-23 22:14:52',0.00,25.00,NULL,NULL,'PL32I597',NULL,NULL,'USD',NULL,NULL,NULL,NULL,'Recurring contribution',NULL,1,0,0,1,NULL,NULL,NULL,NULL,0.00,NULL,0),
 (22,59,1,NULL,1,'2023-10-23 22:14:52',0.00,25.00,NULL,NULL,'PL32I598',NULL,NULL,'USD',NULL,NULL,NULL,NULL,'Recurring contribution',NULL,1,0,0,1,NULL,NULL,NULL,NULL,0.00,NULL,0),
 (23,59,1,NULL,1,'2023-11-23 22:14:52',0.00,25.00,NULL,NULL,'PL32I599',NULL,NULL,'USD',NULL,NULL,NULL,NULL,'Recurring contribution',NULL,1,0,0,1,NULL,NULL,NULL,NULL,0.00,NULL,0),
 (24,59,1,NULL,1,'2023-12-23 22:14:52',0.00,25.00,NULL,NULL,'PL32I5910',NULL,NULL,'USD',NULL,NULL,NULL,NULL,'Recurring contribution',NULL,1,0,0,1,NULL,NULL,NULL,NULL,0.00,NULL,0),
 (25,59,1,NULL,1,'2024-01-23 22:14:52',0.00,25.00,NULL,NULL,'PL32I5911',NULL,NULL,'USD',NULL,NULL,NULL,NULL,'Recurring contribution',NULL,1,0,0,1,NULL,NULL,NULL,NULL,0.00,NULL,0),
 (26,99,1,NULL,1,'2023-10-23 22:14:52',0.00,10.00,NULL,NULL,'PL32I991',NULL,NULL,'CAD',NULL,NULL,NULL,NULL,'Recurring contribution',NULL,2,0,0,1,NULL,NULL,NULL,NULL,0.00,NULL,0),
 (27,99,1,NULL,1,'2023-11-23 22:14:52',0.00,10.00,NULL,NULL,'PL32I992',NULL,NULL,'CAD',NULL,NULL,NULL,NULL,'Recurring contribution',NULL,2,0,0,1,NULL,NULL,NULL,NULL,0.00,NULL,0),
 (28,99,1,NULL,1,'2023-12-23 22:14:52',0.00,10.00,NULL,NULL,'PL32I993',NULL,NULL,'CAD',NULL,NULL,NULL,NULL,'Recurring contribution',NULL,2,0,0,1,NULL,NULL,NULL,NULL,0.00,NULL,0),
 (29,99,1,NULL,1,'2024-01-23 22:14:52',0.00,10.00,NULL,NULL,'PL32I994',NULL,NULL,'CAD',NULL,NULL,NULL,NULL,'Recurring contribution',NULL,2,0,0,1,NULL,NULL,NULL,NULL,0.00,NULL,0),
 (30,99,1,NULL,1,'2024-02-23 22:14:52',0.00,10.00,NULL,NULL,'PL32I995',NULL,NULL,'CAD',NULL,NULL,NULL,NULL,'Recurring contribution',NULL,2,0,0,1,NULL,NULL,NULL,NULL,0.00,NULL,0),
 (31,103,1,NULL,1,'2024-05-23 22:14:52',0.00,5.00,NULL,NULL,'PL32I1031',NULL,NULL,'EUR',NULL,NULL,NULL,NULL,'Recurring contribution',NULL,3,0,0,1,NULL,NULL,NULL,NULL,0.00,NULL,0),
 (32,192,2,NULL,1,'2024-06-23 22:14:52',0.00,100.00,NULL,NULL,'531d40ce4ddcbda2',NULL,NULL,'USD',NULL,NULL,NULL,NULL,'General Membership: Offline signup',NULL,NULL,0,0,1,NULL,NULL,NULL,NULL,0.00,NULL,0),
 (33,87,2,NULL,1,'2024-06-23 22:14:52',0.00,50.00,NULL,NULL,'1e456d8d662cee33',NULL,NULL,'USD',NULL,NULL,NULL,NULL,'Student Membership: Offline signup',NULL,NULL,0,0,1,NULL,NULL,NULL,NULL,0.00,NULL,0),
 (34,136,2,NULL,1,'2024-06-23 22:14:52',0.00,100.00,NULL,NULL,'b6ebd078d0624de0',NULL,NULL,'USD',NULL,NULL,NULL,NULL,'General Membership: Offline signup',NULL,NULL,0,0,1,NULL,NULL,NULL,NULL,0.00,NULL,0),
 (35,86,2,NULL,1,'2024-06-23 22:14:52',0.00,50.00,NULL,NULL,'5512f59c991ce3a2',NULL,NULL,'USD',NULL,NULL,NULL,NULL,'Student Membership: Offline signup',NULL,NULL,0,0,1,NULL,NULL,NULL,NULL,0.00,NULL,0),
 (36,109,2,NULL,1,'2024-06-23 22:14:52',0.00,100.00,NULL,NULL,'02c76a49cc9f03c1',NULL,NULL,'USD',NULL,NULL,NULL,NULL,'General Membership: Offline signup',NULL,NULL,0,0,1,NULL,NULL,NULL,NULL,0.00,NULL,0),
 (37,152,2,NULL,1,'2024-06-23 22:14:52',0.00,50.00,NULL,NULL,'fc354c2ba013815c',NULL,NULL,'USD',NULL,NULL,NULL,NULL,'Student Membership: Offline signup',NULL,NULL,0,0,1,NULL,NULL,NULL,NULL,0.00,NULL,0),
 (38,141,2,NULL,1,'2024-06-23 22:14:52',0.00,100.00,NULL,NULL,'0aa1e0103965d531',NULL,NULL,'USD',NULL,NULL,NULL,NULL,'General Membership: Offline signup',NULL,NULL,0,0,1,NULL,NULL,NULL,NULL,0.00,NULL,0),
 (39,92,2,NULL,1,'2024-06-23 22:14:52',0.00,50.00,NULL,NULL,'39e542afcba443ad',NULL,NULL,'USD',NULL,NULL,NULL,NULL,'Student Membership: Offline signup',NULL,NULL,0,0,1,NULL,NULL,NULL,NULL,0.00,NULL,0),
 (40,113,2,NULL,1,'2024-06-23 22:14:52',0.00,100.00,NULL,NULL,'b627e7b0c33c69d6',NULL,NULL,'USD',NULL,NULL,NULL,NULL,'General Membership: Offline signup',NULL,NULL,0,0,1,NULL,NULL,NULL,NULL,0.00,NULL,0),
 (41,183,2,NULL,1,'2024-06-23 22:14:52',0.00,50.00,NULL,NULL,'ede2ea72bdcf14cf',NULL,NULL,'USD',NULL,NULL,NULL,NULL,'Student Membership: Offline signup',NULL,NULL,0,0,1,NULL,NULL,NULL,NULL,0.00,NULL,0),
 (42,28,2,NULL,1,'2024-06-23 22:14:52',0.00,1200.00,NULL,NULL,'334479c8b9f90c4c',NULL,NULL,'USD',NULL,NULL,NULL,NULL,'Lifetime Membership: Offline signup',NULL,NULL,0,0,1,NULL,NULL,NULL,NULL,0.00,NULL,0),
 (43,143,2,NULL,1,'2024-06-23 22:14:52',0.00,50.00,NULL,NULL,'942773933e2ffd78',NULL,NULL,'USD',NULL,NULL,NULL,NULL,'Student Membership: Offline signup',NULL,NULL,0,0,1,NULL,NULL,NULL,NULL,0.00,NULL,0),
 (44,124,2,NULL,1,'2024-06-23 22:14:52',0.00,100.00,NULL,NULL,'c27da1d827324e9b',NULL,NULL,'USD',NULL,NULL,NULL,NULL,'General Membership: Offline signup',NULL,NULL,0,0,1,NULL,NULL,NULL,NULL,0.00,NULL,0),
 (45,68,2,NULL,1,'2024-06-23 22:14:52',0.00,50.00,NULL,NULL,'ce98ec6dd06cfa12',NULL,NULL,'USD',NULL,NULL,NULL,NULL,'Student Membership: Offline signup',NULL,NULL,0,0,1,NULL,NULL,NULL,NULL,0.00,NULL,0),
 (46,198,2,NULL,1,'2024-06-23 22:14:52',0.00,50.00,NULL,NULL,'eae94040d631b709',NULL,NULL,'USD',NULL,NULL,NULL,NULL,'Student Membership: Offline signup',NULL,NULL,0,0,1,NULL,NULL,NULL,NULL,0.00,NULL,0),
 (47,95,2,NULL,1,'2024-06-23 22:14:52',0.00,50.00,NULL,NULL,'368e402d2befeab1',NULL,NULL,'USD',NULL,NULL,NULL,NULL,'Student Membership: Offline signup',NULL,NULL,0,0,1,NULL,NULL,NULL,NULL,0.00,NULL,0),
 (48,187,2,NULL,1,'2024-06-23 22:14:52',0.00,100.00,NULL,NULL,'4867422ba0da03a9',NULL,NULL,'USD',NULL,NULL,NULL,NULL,'General Membership: Offline signup',NULL,NULL,0,0,1,NULL,NULL,NULL,NULL,0.00,NULL,0),
 (49,181,2,NULL,1,'2024-06-23 22:14:52',0.00,50.00,NULL,NULL,'0381a7770177655b',NULL,NULL,'USD',NULL,NULL,NULL,NULL,'Student Membership: Offline signup',NULL,NULL,0,0,1,NULL,NULL,NULL,NULL,0.00,NULL,0),
 (50,94,2,NULL,1,'2024-06-23 22:14:52',0.00,100.00,NULL,NULL,'47c5e8bf1077fc4c',NULL,NULL,'USD',NULL,NULL,NULL,NULL,'General Membership: Offline signup',NULL,NULL,0,0,1,NULL,NULL,NULL,NULL,0.00,NULL,0),
 (51,153,2,NULL,1,'2024-06-23 22:14:52',0.00,100.00,NULL,NULL,'842de5f7c456befb',NULL,NULL,'USD',NULL,NULL,NULL,NULL,'General Membership: Offline signup',NULL,NULL,0,0,1,NULL,NULL,NULL,NULL,0.00,NULL,0),
 (52,131,2,NULL,1,'2024-06-23 22:14:52',0.00,100.00,NULL,NULL,'c8ddf61a4b552411',NULL,NULL,'USD',NULL,NULL,NULL,NULL,'General Membership: Offline signup',NULL,NULL,0,0,1,NULL,NULL,NULL,NULL,0.00,NULL,0),
 (53,80,2,NULL,1,'2024-06-23 22:14:52',0.00,1200.00,NULL,NULL,'c135e1611b05df59',NULL,NULL,'USD',NULL,NULL,NULL,NULL,'Lifetime Membership: Offline signup',NULL,NULL,0,0,1,NULL,NULL,NULL,NULL,0.00,NULL,0),
 (54,112,2,NULL,1,'2024-06-23 22:14:52',0.00,100.00,NULL,NULL,'067154df30015775',NULL,NULL,'USD',NULL,NULL,NULL,NULL,'General Membership: Offline signup',NULL,NULL,0,0,1,NULL,NULL,NULL,NULL,0.00,NULL,0),
 (55,191,2,NULL,1,'2024-06-23 22:14:52',0.00,50.00,NULL,NULL,'c977a109c68c625e',NULL,NULL,'USD',NULL,NULL,NULL,NULL,'Student Membership: Offline signup',NULL,NULL,0,0,1,NULL,NULL,NULL,NULL,0.00,NULL,0),
 (56,89,2,NULL,1,'2024-06-23 22:14:52',0.00,50.00,NULL,NULL,'39030218f4219a29',NULL,NULL,'USD',NULL,NULL,NULL,NULL,'Student Membership: Offline signup',NULL,NULL,0,0,1,NULL,NULL,NULL,NULL,0.00,NULL,0),
 (57,82,2,NULL,1,'2024-06-23 22:14:52',0.00,50.00,NULL,NULL,'59d9664d1e3fec52',NULL,NULL,'USD',NULL,NULL,NULL,NULL,'Student Membership: Offline signup',NULL,NULL,0,0,1,NULL,NULL,NULL,NULL,0.00,NULL,0),
 (58,71,2,NULL,1,'2024-06-23 22:14:52',0.00,100.00,NULL,NULL,'d28f045880e00d98',NULL,NULL,'USD',NULL,NULL,NULL,NULL,'General Membership: Offline signup',NULL,NULL,0,0,1,NULL,NULL,NULL,NULL,0.00,NULL,0),
 (59,177,2,NULL,1,'2024-06-23 22:14:52',0.00,50.00,NULL,NULL,'00727ca0c30748bb',NULL,NULL,'USD',NULL,NULL,NULL,NULL,'Student Membership: Offline signup',NULL,NULL,0,0,1,NULL,NULL,NULL,NULL,0.00,NULL,0),
 (60,176,2,NULL,1,'2024-06-23 22:14:52',0.00,100.00,NULL,NULL,'d174ade4e97b385b',NULL,NULL,'USD',NULL,NULL,NULL,NULL,'General Membership: Offline signup',NULL,NULL,0,0,1,NULL,NULL,NULL,NULL,0.00,NULL,0),
 (61,150,2,NULL,1,'2024-06-23 22:14:52',0.00,100.00,NULL,NULL,'02cc337a78ac6a7f',NULL,NULL,'USD',NULL,NULL,NULL,NULL,'General Membership: Offline signup',NULL,NULL,0,0,1,NULL,NULL,NULL,NULL,0.00,NULL,0),
 (63,2,4,NULL,1,'2024-06-23 22:14:52',0.00,50.00,NULL,NULL,'ffebac21ee4da08f',NULL,NULL,'USD',NULL,NULL,'2024-06-23 22:14:52',NULL,'Fall Fundraiser Dinner : Offline registration',NULL,NULL,0,0,1,NULL,NULL,NULL,NULL,0.00,NULL,0),
 (64,6,4,NULL,1,'2024-06-23 22:14:52',0.00,800.00,NULL,NULL,'71202cd046985534',NULL,NULL,'USD',NULL,NULL,'2024-06-23 22:14:52',NULL,'Rain-forest Cup Youth Soccer Tournament : Offline registration',NULL,NULL,0,0,1,NULL,NULL,NULL,NULL,0.00,NULL,0),
 (65,10,4,NULL,1,'2024-06-23 22:14:52',0.00,50.00,NULL,NULL,'e094f4e8960d4993',NULL,NULL,'USD',NULL,NULL,'2024-06-23 22:14:52',NULL,'Summer Solstice Festival Day Concert : Offline registration',NULL,NULL,0,0,1,NULL,NULL,NULL,NULL,0.00,NULL,0),
 (66,14,4,NULL,1,'2024-06-23 22:14:52',0.00,50.00,NULL,NULL,'44c63bd9b4bad0b6',NULL,NULL,'USD',NULL,NULL,'2024-06-23 22:14:52',NULL,'Summer Solstice Festival Day Concert : Offline registration',NULL,NULL,0,0,1,NULL,NULL,NULL,NULL,0.00,NULL,0),
 (67,16,4,NULL,1,'2024-06-23 22:14:52',0.00,800.00,NULL,NULL,'5add7537950b841b',NULL,NULL,'USD',NULL,NULL,'2024-06-23 22:14:52',NULL,'Rain-forest Cup Youth Soccer Tournament : Offline registration',NULL,NULL,0,0,1,NULL,NULL,NULL,NULL,0.00,NULL,0),
 (68,17,4,NULL,1,'2024-06-23 22:14:52',0.00,50.00,NULL,NULL,'d9552d0556ace351',NULL,NULL,'USD',NULL,NULL,'2024-06-23 22:14:52',NULL,'Summer Solstice Festival Day Concert : Offline registration',NULL,NULL,0,0,1,NULL,NULL,NULL,NULL,0.00,NULL,0),
 (69,19,4,NULL,1,'2024-06-23 22:14:52',0.00,800.00,NULL,NULL,'6129fd43d0e01c7b',NULL,NULL,'USD',NULL,NULL,'2024-06-23 22:14:52',NULL,'Rain-forest Cup Youth Soccer Tournament : Offline registration',NULL,NULL,0,0,1,NULL,NULL,NULL,NULL,0.00,NULL,0),
 (70,27,4,NULL,1,'2024-06-23 22:14:52',0.00,50.00,NULL,NULL,'f42f09db76b359cb',NULL,NULL,'USD',NULL,NULL,'2024-06-23 22:14:52',NULL,'Summer Solstice Festival Day Concert : Offline registration',NULL,NULL,0,0,1,NULL,NULL,NULL,NULL,0.00,NULL,0),
 (71,28,4,NULL,1,'2024-06-23 22:14:52',0.00,800.00,NULL,NULL,'3f20cecb8d6a6b3d',NULL,NULL,'USD',NULL,NULL,'2024-06-23 22:14:52',NULL,'Rain-forest Cup Youth Soccer Tournament : Offline registration',NULL,NULL,0,0,1,NULL,NULL,NULL,NULL,0.00,NULL,0),
 (72,33,4,NULL,1,'2024-06-23 22:14:52',0.00,800.00,NULL,NULL,'11c2b5ef75940cda',NULL,NULL,'USD',NULL,NULL,'2024-06-23 22:14:52',NULL,'Rain-forest Cup Youth Soccer Tournament : Offline registration',NULL,NULL,0,0,1,NULL,NULL,NULL,NULL,0.00,NULL,0),
 (73,34,4,NULL,1,'2024-06-23 22:14:52',0.00,800.00,NULL,NULL,'6d60ee93667a3718',NULL,NULL,'USD',NULL,NULL,'2024-06-23 22:14:52',NULL,'Rain-forest Cup Youth Soccer Tournament : Offline registration',NULL,NULL,0,0,1,NULL,NULL,NULL,NULL,0.00,NULL,0),
 (74,36,4,NULL,1,'2024-06-23 22:14:52',0.00,50.00,NULL,NULL,'dfaf1396d50f063d',NULL,NULL,'USD',NULL,NULL,'2024-06-23 22:14:52',NULL,'Fall Fundraiser Dinner : Offline registration',NULL,NULL,0,0,1,NULL,NULL,NULL,NULL,0.00,NULL,0),
 (75,43,4,NULL,1,'2024-06-23 22:14:52',0.00,800.00,NULL,NULL,'49e77df772e59133',NULL,NULL,'USD',NULL,NULL,'2024-06-23 22:14:52',NULL,'Rain-forest Cup Youth Soccer Tournament : Offline registration',NULL,NULL,0,0,1,NULL,NULL,NULL,NULL,0.00,NULL,0),
 (76,48,4,NULL,1,'2024-06-23 22:14:52',0.00,800.00,NULL,NULL,'e5a076d5e69eb975',NULL,NULL,'USD',NULL,NULL,'2024-06-23 22:14:52',NULL,'Rain-forest Cup Youth Soccer Tournament : Offline registration',NULL,NULL,0,0,1,NULL,NULL,NULL,NULL,0.00,NULL,0),
 (77,50,4,NULL,1,'2024-06-23 22:14:52',0.00,50.00,NULL,NULL,'402fcad0b0bea4e7',NULL,NULL,'USD',NULL,NULL,'2024-06-23 22:14:52',NULL,'Summer Solstice Festival Day Concert : Offline registration',NULL,NULL,0,0,1,NULL,NULL,NULL,NULL,0.00,NULL,0),
 (78,51,4,NULL,1,'2024-06-23 22:14:52',0.00,50.00,NULL,NULL,'4b0facadfa3eca47',NULL,NULL,'USD',NULL,NULL,'2024-06-23 22:14:52',NULL,'Fall Fundraiser Dinner : Offline registration',NULL,NULL,0,0,1,NULL,NULL,NULL,NULL,0.00,NULL,0),
 (79,52,4,NULL,1,'2024-06-23 22:14:52',0.00,50.00,NULL,NULL,'039d5c54db115b7e',NULL,NULL,'USD',NULL,NULL,'2024-06-23 22:14:52',NULL,'Fall Fundraiser Dinner : Offline registration',NULL,NULL,0,0,1,NULL,NULL,NULL,NULL,0.00,NULL,0),
 (80,67,4,NULL,1,'2024-06-23 22:14:52',0.00,800.00,NULL,NULL,'8d868ccb1b9749d9',NULL,NULL,'USD',NULL,NULL,'2024-06-23 22:14:52',NULL,'Rain-forest Cup Youth Soccer Tournament : Offline registration',NULL,NULL,0,0,1,NULL,NULL,NULL,NULL,0.00,NULL,0),
 (81,71,4,NULL,1,'2024-06-23 22:14:52',0.00,50.00,NULL,NULL,'e0b03dffe05eae18',NULL,NULL,'USD',NULL,NULL,'2024-06-23 22:14:52',NULL,'Fall Fundraiser Dinner : Offline registration',NULL,NULL,0,0,1,NULL,NULL,NULL,NULL,0.00,NULL,0),
 (82,74,4,NULL,1,'2024-06-23 22:14:52',0.00,50.00,NULL,NULL,'07b8c87b7f357bb4',NULL,NULL,'USD',NULL,NULL,'2024-06-23 22:14:52',NULL,'Summer Solstice Festival Day Concert : Offline registration',NULL,NULL,0,0,1,NULL,NULL,NULL,NULL,0.00,NULL,0),
 (83,76,4,NULL,1,'2024-06-23 22:14:52',0.00,800.00,NULL,NULL,'e347621bfc33eda6',NULL,NULL,'USD',NULL,NULL,'2024-06-23 22:14:52',NULL,'Rain-forest Cup Youth Soccer Tournament : Offline registration',NULL,NULL,0,0,1,NULL,NULL,NULL,NULL,0.00,NULL,0),
 (84,81,4,NULL,1,'2024-06-23 22:14:52',0.00,50.00,NULL,NULL,'e32af226b6d4b26c',NULL,NULL,'USD',NULL,NULL,'2024-06-23 22:14:52',NULL,'Summer Solstice Festival Day Concert : Offline registration',NULL,NULL,0,0,1,NULL,NULL,NULL,NULL,0.00,NULL,0),
 (85,90,4,NULL,1,'2024-06-23 22:14:52',0.00,50.00,NULL,NULL,'f586111b428854ce',NULL,NULL,'USD',NULL,NULL,'2024-06-23 22:14:52',NULL,'Fall Fundraiser Dinner : Offline registration',NULL,NULL,0,0,1,NULL,NULL,NULL,NULL,0.00,NULL,0),
 (86,98,4,NULL,1,'2024-06-23 22:14:52',0.00,50.00,NULL,NULL,'5d9549ea7a6ec559',NULL,NULL,'USD',NULL,NULL,'2024-06-23 22:14:52',NULL,'Fall Fundraiser Dinner : Offline registration',NULL,NULL,0,0,1,NULL,NULL,NULL,NULL,0.00,NULL,0),
 (87,102,4,NULL,1,'2024-06-23 22:14:52',0.00,800.00,NULL,NULL,'29ee50217d247160',NULL,NULL,'USD',NULL,NULL,'2024-06-23 22:14:52',NULL,'Rain-forest Cup Youth Soccer Tournament : Offline registration',NULL,NULL,0,0,1,NULL,NULL,NULL,NULL,0.00,NULL,0),
 (88,111,4,NULL,1,'2024-06-23 22:14:52',0.00,800.00,NULL,NULL,'c914e82c34ea8ab8',NULL,NULL,'USD',NULL,NULL,'2024-06-23 22:14:52',NULL,'Rain-forest Cup Youth Soccer Tournament : Offline registration',NULL,NULL,0,0,1,NULL,NULL,NULL,NULL,0.00,NULL,0),
 (89,113,4,NULL,1,'2024-06-23 22:14:52',0.00,800.00,NULL,NULL,'7773b0580ce99186',NULL,NULL,'USD',NULL,NULL,'2024-06-23 22:14:52',NULL,'Rain-forest Cup Youth Soccer Tournament : Offline registration',NULL,NULL,0,0,1,NULL,NULL,NULL,NULL,0.00,NULL,0),
 (90,114,4,NULL,1,'2024-06-23 22:14:52',0.00,50.00,NULL,NULL,'13522a4d9b2443cf',NULL,NULL,'USD',NULL,NULL,'2024-06-23 22:14:52',NULL,'Summer Solstice Festival Day Concert : Offline registration',NULL,NULL,0,0,1,NULL,NULL,NULL,NULL,0.00,NULL,0),
 (91,119,4,NULL,1,'2024-06-23 22:14:52',0.00,50.00,NULL,NULL,'3498533d5eef3109',NULL,NULL,'USD',NULL,NULL,'2024-06-23 22:14:52',NULL,'Fall Fundraiser Dinner : Offline registration',NULL,NULL,0,0,1,NULL,NULL,NULL,NULL,0.00,NULL,0),
 (92,120,4,NULL,1,'2024-06-23 22:14:52',0.00,50.00,NULL,NULL,'e3d61232ba6969f1',NULL,NULL,'USD',NULL,NULL,'2024-06-23 22:14:52',NULL,'Fall Fundraiser Dinner : Offline registration',NULL,NULL,0,0,1,NULL,NULL,NULL,NULL,0.00,NULL,0),
 (93,122,4,NULL,1,'2024-06-23 22:14:52',0.00,50.00,NULL,NULL,'b65d13883f609ad9',NULL,NULL,'USD',NULL,NULL,'2024-06-23 22:14:52',NULL,'Summer Solstice Festival Day Concert : Offline registration',NULL,NULL,0,0,1,NULL,NULL,NULL,NULL,0.00,NULL,0),
 (94,127,4,NULL,1,'2024-06-23 22:14:52',0.00,50.00,NULL,NULL,'77991328f0883f56',NULL,NULL,'USD',NULL,NULL,'2024-06-23 22:14:52',NULL,'Summer Solstice Festival Day Concert : Offline registration',NULL,NULL,0,0,1,NULL,NULL,NULL,NULL,0.00,NULL,0),
 (95,128,4,NULL,1,'2024-06-23 22:14:52',0.00,50.00,NULL,NULL,'4fad5fd21e5926ec',NULL,NULL,'USD',NULL,NULL,'2024-06-23 22:14:52',NULL,'Summer Solstice Festival Day Concert : Offline registration',NULL,NULL,0,0,1,NULL,NULL,NULL,NULL,0.00,NULL,0),
 (96,142,4,NULL,1,'2024-06-23 22:14:52',0.00,50.00,NULL,NULL,'6e13c3a0be8b24fe',NULL,NULL,'USD',NULL,NULL,'2024-06-23 22:14:52',NULL,'Fall Fundraiser Dinner : Offline registration',NULL,NULL,0,0,1,NULL,NULL,NULL,NULL,0.00,NULL,0),
 (97,146,4,NULL,1,'2024-06-23 22:14:52',0.00,800.00,NULL,NULL,'700d766897a77aff',NULL,NULL,'USD',NULL,NULL,'2024-06-23 22:14:52',NULL,'Rain-forest Cup Youth Soccer Tournament : Offline registration',NULL,NULL,0,0,1,NULL,NULL,NULL,NULL,0.00,NULL,0),
 (98,147,4,NULL,1,'2024-06-23 22:14:52',0.00,50.00,NULL,NULL,'66c3e9f1cd841cff',NULL,NULL,'USD',NULL,NULL,'2024-06-23 22:14:52',NULL,'Fall Fundraiser Dinner : Offline registration',NULL,NULL,0,0,1,NULL,NULL,NULL,NULL,0.00,NULL,0),
 (99,149,4,NULL,1,'2024-06-23 22:14:52',0.00,800.00,NULL,NULL,'463614d7e627e09a',NULL,NULL,'USD',NULL,NULL,'2024-06-23 22:14:52',NULL,'Rain-forest Cup Youth Soccer Tournament : Offline registration',NULL,NULL,0,0,1,NULL,NULL,NULL,NULL,0.00,NULL,0),
 (100,151,4,NULL,1,'2024-06-23 22:14:52',0.00,50.00,NULL,NULL,'f5ccfa08a8ea16ef',NULL,NULL,'USD',NULL,NULL,'2024-06-23 22:14:52',NULL,'Fall Fundraiser Dinner : Offline registration',NULL,NULL,0,0,1,NULL,NULL,NULL,NULL,0.00,NULL,0),
 (101,152,4,NULL,1,'2024-06-23 22:14:52',0.00,50.00,NULL,NULL,'12352543f1acb776',NULL,NULL,'USD',NULL,NULL,'2024-06-23 22:14:52',NULL,'Summer Solstice Festival Day Concert : Offline registration',NULL,NULL,0,0,1,NULL,NULL,NULL,NULL,0.00,NULL,0),
 (102,153,4,NULL,1,'2024-06-23 22:14:52',0.00,50.00,NULL,NULL,'2fc47e88596a9730',NULL,NULL,'USD',NULL,NULL,'2024-06-23 22:14:52',NULL,'Summer Solstice Festival Day Concert : Offline registration',NULL,NULL,0,0,1,NULL,NULL,NULL,NULL,0.00,NULL,0),
 (103,155,4,NULL,1,'2024-06-23 22:14:52',0.00,50.00,NULL,NULL,'cd55acfdcf2b45b5',NULL,NULL,'USD',NULL,NULL,'2024-06-23 22:14:52',NULL,'Summer Solstice Festival Day Concert : Offline registration',NULL,NULL,0,0,1,NULL,NULL,NULL,NULL,0.00,NULL,0),
 (104,160,4,NULL,1,'2024-06-23 22:14:52',0.00,800.00,NULL,NULL,'cdfbf65b6e3e97b5',NULL,NULL,'USD',NULL,NULL,'2024-06-23 22:14:52',NULL,'Rain-forest Cup Youth Soccer Tournament : Offline registration',NULL,NULL,0,0,1,NULL,NULL,NULL,NULL,0.00,NULL,0),
 (105,161,4,NULL,1,'2024-06-23 22:14:52',0.00,800.00,NULL,NULL,'fbb98b9d3bcc9f39',NULL,NULL,'USD',NULL,NULL,'2024-06-23 22:14:52',NULL,'Rain-forest Cup Youth Soccer Tournament : Offline registration',NULL,NULL,0,0,1,NULL,NULL,NULL,NULL,0.00,NULL,0),
 (106,162,4,NULL,1,'2024-06-23 22:14:52',0.00,50.00,NULL,NULL,'899496d75e0f0a7f',NULL,NULL,'USD',NULL,NULL,'2024-06-23 22:14:52',NULL,'Fall Fundraiser Dinner : Offline registration',NULL,NULL,0,0,1,NULL,NULL,NULL,NULL,0.00,NULL,0),
 (107,171,4,NULL,1,'2024-06-23 22:14:52',0.00,50.00,NULL,NULL,'c4d7f316f2d82b34',NULL,NULL,'USD',NULL,NULL,'2024-06-23 22:14:52',NULL,'Fall Fundraiser Dinner : Offline registration',NULL,NULL,0,0,1,NULL,NULL,NULL,NULL,0.00,NULL,0),
 (108,174,4,NULL,1,'2024-06-23 22:14:52',0.00,50.00,NULL,NULL,'df0c8784ef1cbcbb',NULL,NULL,'USD',NULL,NULL,'2024-06-23 22:14:52',NULL,'Summer Solstice Festival Day Concert : Offline registration',NULL,NULL,0,0,1,NULL,NULL,NULL,NULL,0.00,NULL,0),
 (109,175,4,NULL,1,'2024-06-23 22:14:52',0.00,50.00,NULL,NULL,'ba2aeab1dbfeb142',NULL,NULL,'USD',NULL,NULL,'2024-06-23 22:14:52',NULL,'Fall Fundraiser Dinner : Offline registration',NULL,NULL,0,0,1,NULL,NULL,NULL,NULL,0.00,NULL,0),
 (110,186,4,NULL,1,'2024-06-23 22:14:52',0.00,50.00,NULL,NULL,'2476847d8b12bd45',NULL,NULL,'USD',NULL,NULL,'2024-06-23 22:14:52',NULL,'Fall Fundraiser Dinner : Offline registration',NULL,NULL,0,0,1,NULL,NULL,NULL,NULL,0.00,NULL,0),
 (111,192,4,NULL,1,'2024-06-23 22:14:52',0.00,50.00,NULL,NULL,'f7b51a768add6e73',NULL,NULL,'USD',NULL,NULL,'2024-06-23 22:14:52',NULL,'Summer Solstice Festival Day Concert : Offline registration',NULL,NULL,0,0,1,NULL,NULL,NULL,NULL,0.00,NULL,0),
 (112,195,4,NULL,1,'2024-06-23 22:14:52',0.00,800.00,NULL,NULL,'38b8d1fcaf57b3c3',NULL,NULL,'USD',NULL,NULL,'2024-06-23 22:14:52',NULL,'Rain-forest Cup Youth Soccer Tournament : Offline registration',NULL,NULL,0,0,1,NULL,NULL,NULL,NULL,0.00,NULL,0);
/*!40000 ALTER TABLE `civicrm_contribution` ENABLE KEYS */;
UNLOCK TABLES;

--
-- Dumping data for table `civicrm_contribution_page`
--

LOCK TABLES `civicrm_contribution_page` WRITE;
/*!40000 ALTER TABLE `civicrm_contribution_page` DISABLE KEYS */;
INSERT INTO `civicrm_contribution_page` (`id`, `title`, `frontend_title`, `name`, `intro_text`, `financial_type_id`, `payment_processor`, `is_credit_card_only`, `is_monetary`, `is_recur`, `is_confirm_enabled`, `recur_frequency_unit`, `is_recur_interval`, `is_recur_installments`, `adjust_recur_start_date`, `is_pay_later`, `pay_later_text`, `pay_later_receipt`, `is_partial_payment`, `initial_amount_label`, `initial_amount_help_text`, `min_initial_amount`, `is_allow_other_amount`, `default_amount_id`, `min_amount`, `max_amount`, `goal_amount`, `thankyou_title`, `thankyou_text`, `thankyou_footer`, `is_email_receipt`, `receipt_from_name`, `receipt_from_email`, `cc_receipt`, `bcc_receipt`, `receipt_text`, `is_active`, `footer_text`, `amount_block_is_active`, `start_date`, `end_date`, `created_id`, `created_date`, `currency`, `campaign_id`, `is_share`, `is_billing_required`) VALUES
 (1,'Donate page','Help Support CiviCRM!','donate','Do you love CiviCRM? Do you use CiviCRM? Then please support CiviCRM and Contribute NOW by trying out our new online contribution features!',1,NULL,0,1,0,1,NULL,0,0,0,0,NULL,NULL,0,NULL,NULL,NULL,1,137,10.00,10000.00,100000.00,'Thanks for Your Support!','<p>Thank you for your support. Your contribution will help us build even better tools.</p><p>Please tell your friends and colleagues about CiviCRM!</p>','<p><a href=https://civicrm.org>Back to CiviCRM Home Page</a></p>',1,'CiviCRM Fundraising Dept.','donationFake@civicrm.org','receipt@example.com','bcc@example.com','Your donation is tax deductible under IRS 501(c)(3) regulation. Our tax identification number is: 93-123-4567',1,NULL,1,NULL,NULL,NULL,NULL,'USD',NULL,1,0),
 (2,'Membership page','Member Signup and Renewal','membership','Members are the life-blood of our organization. If you\'re not already a member - please consider signing up today. You can select the membership level the fits your budget and needs below.',2,NULL,0,1,0,1,NULL,0,0,0,0,NULL,NULL,0,NULL,NULL,NULL,0,NULL,NULL,NULL,NULL,'Thanks for Your Support!','Thanks for supporting our organization with your membership. You can learn more about membership benefits from our members only page.',NULL,1,'Membership Department','memberships@civicrm.org',NULL,NULL,'Thanks for supporting our organization with your membership. You can learn more about membership benefits from our members only page.\r\n\r\nKeep this receipt for your records.',1,NULL,0,NULL,NULL,NULL,NULL,'USD',NULL,1,0),
 (3,'Pledge page','Pledge for CiviCRM!','pledge','Do you love CiviCRM? Do you use CiviCRM? Then please support CiviCRM and Pledge NOW by trying out our online contribution features!',1,NULL,0,1,0,1,NULL,0,0,0,0,NULL,NULL,0,NULL,NULL,NULL,1,NULL,10.00,10000.00,100000.00,'Thanks for Your Support!','<p>Thank you for your support. Your contribution will help us build even better tools like Pledge.</p><p>Please tell your friends and colleagues about CiviPledge!</p>','<p><a href=https://civicrm.org>Back to CiviCRM Home Page</a></p>',1,'CiviCRM Fundraising Dept.','donationFake@civicrm.org','receipt@example.com','bcc@example.com','Your donation is tax deductible under IRS 501(c)(3) regulation. Our tax identification number is: 93-123-4567',1,NULL,1,NULL,NULL,NULL,NULL,'USD',NULL,1,0);
/*!40000 ALTER TABLE `civicrm_contribution_page` ENABLE KEYS */;
UNLOCK TABLES;

--
-- Dumping data for table `civicrm_contribution_product`
--

LOCK TABLES `civicrm_contribution_product` WRITE;
/*!40000 ALTER TABLE `civicrm_contribution_product` DISABLE KEYS */;
/*!40000 ALTER TABLE `civicrm_contribution_product` ENABLE KEYS */;
UNLOCK TABLES;

--
-- Dumping data for table `civicrm_contribution_recur`
--

LOCK TABLES `civicrm_contribution_recur` WRITE;
/*!40000 ALTER TABLE `civicrm_contribution_recur` DISABLE KEYS */;
INSERT INTO `civicrm_contribution_recur` (`id`, `contact_id`, `amount`, `currency`, `frequency_unit`, `frequency_interval`, `installments`, `start_date`, `create_date`, `modified_date`, `cancel_date`, `cancel_reason`, `end_date`, `processor_id`, `payment_token_id`, `trxn_id`, `invoice_id`, `contribution_status_id`, `is_test`, `cycle_day`, `next_sched_contribution_date`, `failure_count`, `failure_retry_date`, `auto_renew`, `payment_processor_id`, `financial_type_id`, `payment_instrument_id`, `campaign_id`, `is_email_receipt`) VALUES
 (1,59,25.00,'USD','month',1,12,'2023-03-23 22:14:52','2024-06-23 22:14:52','2024-06-23 22:14:52',NULL,'',NULL,'CLC45',NULL,'56799',NULL,1,0,1,NULL,0,NULL,0,1,NULL,NULL,NULL,1),
 (2,99,10.00,'CAD','month',1,6,'2023-10-23 22:14:52','2024-06-23 22:14:52','2024-06-23 22:14:52','2024-05-23 22:14:52','No longer interested',NULL,'CLR35',NULL,'22799',NULL,3,0,1,NULL,0,NULL,0,1,NULL,NULL,NULL,1),
 (3,103,5.00,'EUR','month',3,3,'2024-05-23 22:14:52','2024-06-23 22:14:52','2024-06-23 22:14:52',NULL,'',NULL,'EGR12',NULL,'44889',NULL,5,0,1,'2024-08-23 22:14:52',0,NULL,0,1,NULL,NULL,NULL,1);
/*!40000 ALTER TABLE `civicrm_contribution_recur` ENABLE KEYS */;
UNLOCK TABLES;

--
-- Dumping data for table `civicrm_contribution_soft`
--

LOCK TABLES `civicrm_contribution_soft` WRITE;
/*!40000 ALTER TABLE `civicrm_contribution_soft` DISABLE KEYS */;
INSERT INTO `civicrm_contribution_soft` (`id`, `contribution_id`, `contact_id`, `amount`, `currency`, `pcp_id`, `pcp_display_in_roll`, `pcp_roll_nickname`, `pcp_personal_note`, `soft_credit_type_id`) VALUES
 (1,9,200,10.00,'USD',1,1,'Jones Family','Helping Hands',10),
 (2,10,200,250.00,'USD',1,1,'Annie and the kids','Annie Helps',10);
/*!40000 ALTER TABLE `civicrm_contribution_soft` ENABLE KEYS */;
UNLOCK TABLES;

--
-- Dumping data for table `civicrm_contribution_widget`
--

LOCK TABLES `civicrm_contribution_widget` WRITE;
/*!40000 ALTER TABLE `civicrm_contribution_widget` DISABLE KEYS */;
/*!40000 ALTER TABLE `civicrm_contribution_widget` ENABLE KEYS */;
UNLOCK TABLES;

--
-- Dumping data for table `civicrm_country`
--

LOCK TABLES `civicrm_country` WRITE;
/*!40000 ALTER TABLE `civicrm_country` DISABLE KEYS */;
INSERT INTO `civicrm_country` (`id`, `name`, `iso_code`, `country_code`, `address_format_id`, `idd_prefix`, `ndd_prefix`, `region_id`, `is_province_abbreviated`, `is_active`) VALUES
 (1001,'Afghanistan','AF',NULL,NULL,NULL,NULL,4,0,1),
 (1002,'Albania','AL',NULL,NULL,NULL,NULL,1,0,1),
 (1003,'Algeria','DZ',NULL,NULL,NULL,NULL,3,0,1),
 (1004,'American Samoa','AS',NULL,NULL,NULL,NULL,2,0,1),
 (1005,'Andorra','AD',NULL,NULL,NULL,NULL,1,0,1),
 (1006,'Angola','AO',NULL,NULL,NULL,NULL,5,0,1),
 (1007,'Anguilla','AI',NULL,NULL,NULL,NULL,2,0,1),
 (1008,'Antarctica','AQ',NULL,NULL,NULL,NULL,1,0,1),
 (1009,'Antigua and Barbuda','AG',NULL,NULL,NULL,NULL,2,0,1),
 (1010,'Argentina','AR',NULL,NULL,NULL,NULL,2,0,1),
 (1011,'Armenia','AM',NULL,NULL,NULL,NULL,1,0,1),
 (1012,'Aruba','AW',NULL,NULL,NULL,NULL,2,0,1),
 (1013,'Australia','AU',NULL,NULL,NULL,NULL,4,0,1),
 (1014,'Austria','AT',NULL,NULL,NULL,NULL,1,0,1),
 (1015,'Azerbaijan','AZ',NULL,NULL,NULL,NULL,1,0,1),
 (1016,'Bahrain','BH',NULL,NULL,NULL,NULL,3,0,1),
 (1017,'Bangladesh','BD',NULL,NULL,NULL,NULL,4,0,1),
 (1018,'Barbados','BB',NULL,NULL,NULL,NULL,4,0,1),
 (1019,'Belarus','BY',NULL,NULL,NULL,NULL,1,0,1),
 (1020,'Belgium','BE',NULL,NULL,NULL,NULL,1,0,1),
 (1021,'Belize','BZ',NULL,NULL,NULL,NULL,2,0,1),
 (1022,'Benin','BJ',NULL,NULL,NULL,NULL,5,0,1),
 (1023,'Bermuda','BM',NULL,NULL,NULL,NULL,2,0,1),
 (1024,'Bhutan','BT',NULL,NULL,NULL,NULL,4,0,1),
 (1025,'Bolivia','BO',NULL,NULL,NULL,NULL,2,0,1),
 (1026,'Bosnia and Herzegovina','BA',NULL,NULL,NULL,NULL,1,0,1),
 (1027,'Botswana','BW',NULL,NULL,NULL,NULL,5,0,1),
 (1028,'Bouvet Island','BV',NULL,NULL,NULL,NULL,1,0,1),
 (1029,'Brazil','BR',NULL,NULL,NULL,NULL,2,0,1),
 (1030,'British Indian Ocean Territory','IO',NULL,NULL,NULL,NULL,4,0,1),
 (1031,'Virgin Islands, British','VG',NULL,NULL,NULL,NULL,2,0,1),
 (1032,'Brunei Darussalam','BN',NULL,NULL,NULL,NULL,4,0,1),
 (1033,'Bulgaria','BG',NULL,NULL,NULL,NULL,1,0,1),
 (1034,'Burkina Faso','BF',NULL,NULL,NULL,NULL,5,0,1),
 (1035,'Myanmar','MM',NULL,NULL,NULL,NULL,4,0,1),
 (1036,'Burundi','BI',NULL,NULL,NULL,NULL,5,0,1),
 (1037,'Cambodia','KH',NULL,NULL,NULL,NULL,4,0,1),
 (1038,'Cameroon','CM',NULL,NULL,NULL,NULL,5,0,1),
 (1039,'Canada','CA',NULL,NULL,NULL,NULL,2,1,1),
 (1040,'Cape Verde','CV',NULL,NULL,NULL,NULL,5,0,1),
 (1041,'Cayman Islands','KY',NULL,NULL,NULL,NULL,5,0,1),
 (1042,'Central African Republic','CF',NULL,NULL,NULL,NULL,5,0,1),
 (1043,'Chad','TD',NULL,NULL,NULL,NULL,5,0,1),
 (1044,'Chile','CL',NULL,NULL,NULL,NULL,2,0,1),
 (1045,'China','CN',NULL,NULL,NULL,NULL,4,0,1),
 (1046,'Christmas Island','CX',NULL,NULL,NULL,NULL,4,0,1),
 (1047,'Cocos (Keeling) Islands','CC',NULL,NULL,NULL,NULL,4,0,1),
 (1048,'Colombia','CO',NULL,NULL,NULL,NULL,2,0,1),
 (1049,'Comoros','KM',NULL,NULL,NULL,NULL,5,0,1),
 (1050,'Congo, The Democratic Republic of the','CD',NULL,NULL,NULL,NULL,5,0,1),
 (1051,'Congo, Republic of the','CG',NULL,NULL,NULL,NULL,5,0,1),
 (1052,'Cook Islands','CK',NULL,NULL,NULL,NULL,4,0,1),
 (1053,'Costa Rica','CR',NULL,NULL,NULL,NULL,2,0,1),
 (1054,'Cte dIvoire','CI',NULL,NULL,NULL,NULL,5,0,1),
 (1055,'Croatia','HR',NULL,NULL,NULL,NULL,1,0,1),
 (1056,'Cuba','CU',NULL,NULL,NULL,NULL,2,0,1),
 (1057,'Cyprus','CY',NULL,NULL,NULL,NULL,1,0,1),
 (1058,'Czech Republic','CZ',NULL,NULL,NULL,NULL,1,0,1),
 (1059,'Denmark','DK',NULL,NULL,NULL,NULL,1,0,1),
 (1060,'Djibouti','DJ',NULL,NULL,NULL,NULL,5,0,1),
 (1061,'Dominica','DM',NULL,NULL,NULL,NULL,2,0,1),
 (1062,'Dominican Republic','DO',NULL,NULL,NULL,NULL,2,0,1),
 (1063,'Timor-Leste','TL',NULL,NULL,NULL,NULL,4,0,1),
 (1064,'Ecuador','EC',NULL,NULL,NULL,NULL,2,0,1),
 (1065,'Egypt','EG',NULL,NULL,NULL,NULL,3,0,1),
 (1066,'El Salvador','SV',NULL,NULL,NULL,NULL,2,0,1),
 (1067,'Equatorial Guinea','GQ',NULL,NULL,NULL,NULL,5,0,1),
 (1068,'Eritrea','ER',NULL,NULL,NULL,NULL,5,0,1),
 (1069,'Estonia','EE',NULL,NULL,NULL,NULL,1,0,1),
 (1070,'Ethiopia','ET',NULL,NULL,NULL,NULL,5,0,1),
 (1072,'Falkland Islands (Malvinas)','FK',NULL,NULL,NULL,NULL,2,0,1),
 (1073,'Faroe Islands','FO',NULL,NULL,NULL,NULL,1,0,1),
 (1074,'Fiji','FJ',NULL,NULL,NULL,NULL,4,0,1),
 (1075,'Finland','FI',NULL,NULL,NULL,NULL,1,0,1),
 (1076,'France','FR',NULL,NULL,NULL,NULL,1,0,1),
 (1077,'French Guiana','GF',NULL,NULL,NULL,NULL,2,0,1),
 (1078,'French Polynesia','PF',NULL,NULL,NULL,NULL,4,0,1),
 (1079,'French Southern Territories','TF',NULL,NULL,NULL,NULL,1,0,1),
 (1080,'Gabon','GA',NULL,NULL,NULL,NULL,5,0,1),
 (1081,'Georgia','GE',NULL,NULL,NULL,NULL,3,0,1),
 (1082,'Germany','DE',NULL,NULL,NULL,NULL,1,0,1),
 (1083,'Ghana','GH',NULL,NULL,NULL,NULL,5,0,1),
 (1084,'Gibraltar','GI',NULL,NULL,NULL,NULL,1,0,1),
 (1085,'Greece','GR',NULL,NULL,NULL,NULL,1,0,1),
 (1086,'Greenland','GL',NULL,NULL,NULL,NULL,2,0,1),
 (1087,'Grenada','GD',NULL,NULL,NULL,NULL,2,0,1),
 (1088,'Guadeloupe','GP',NULL,NULL,NULL,NULL,2,0,1),
 (1089,'Guam','GU',NULL,NULL,NULL,NULL,4,0,1),
 (1090,'Guatemala','GT',NULL,NULL,NULL,NULL,2,0,1),
 (1091,'Guinea','GN',NULL,NULL,NULL,NULL,5,0,1),
 (1092,'Guinea-Bissau','GW',NULL,NULL,NULL,NULL,5,0,1),
 (1093,'Guyana','GY',NULL,NULL,NULL,NULL,2,0,1),
 (1094,'Haiti','HT',NULL,NULL,NULL,NULL,2,0,1),
 (1095,'Heard Island and McDonald Islands','HM',NULL,NULL,NULL,NULL,4,0,1),
 (1096,'Holy See (Vatican City State)','VA',NULL,NULL,NULL,NULL,1,0,1),
 (1097,'Honduras','HN',NULL,NULL,NULL,NULL,2,0,1),
 (1098,'Hong Kong','HK',NULL,NULL,NULL,NULL,4,0,1),
 (1099,'Hungary','HU',NULL,NULL,NULL,NULL,1,0,1),
 (1100,'Iceland','IS',NULL,NULL,NULL,NULL,1,0,1),
 (1101,'India','IN',NULL,NULL,NULL,NULL,4,0,1),
 (1102,'Indonesia','ID',NULL,NULL,NULL,NULL,4,0,1),
 (1103,'Iran, Islamic Republic of','IR',NULL,NULL,NULL,NULL,3,0,1),
 (1104,'Iraq','IQ',NULL,NULL,NULL,NULL,3,0,1),
 (1105,'Ireland','IE',NULL,NULL,NULL,NULL,1,0,1),
 (1106,'Israel','IL',NULL,NULL,NULL,NULL,3,0,1),
 (1107,'Italy','IT',NULL,NULL,NULL,NULL,1,0,1),
 (1108,'Jamaica','JM',NULL,NULL,NULL,NULL,2,0,1),
 (1109,'Japan','JP',NULL,NULL,NULL,NULL,4,0,1),
 (1110,'Jordan','JO',NULL,NULL,NULL,NULL,3,0,1),
 (1111,'Kazakhstan','KZ',NULL,NULL,NULL,NULL,1,0,1),
 (1112,'Kenya','KE',NULL,NULL,NULL,NULL,5,0,1),
 (1113,'Kiribati','KI',NULL,NULL,NULL,NULL,4,0,1),
 (1114,'Korea, Democratic People\'s Republic of','KP',NULL,NULL,NULL,NULL,4,0,1),
 (1115,'Korea, Republic of','KR',NULL,NULL,NULL,NULL,4,0,1),
 (1116,'Kuwait','KW',NULL,NULL,NULL,NULL,3,0,1),
 (1117,'Kyrgyzstan','KG',NULL,NULL,NULL,NULL,1,0,1),
 (1118,'Lao People\'s Democratic Republic','LA',NULL,NULL,NULL,NULL,4,0,1),
 (1119,'Latvia','LV',NULL,NULL,NULL,NULL,1,0,1),
 (1120,'Lebanon','LB',NULL,NULL,NULL,NULL,3,0,1),
 (1121,'Lesotho','LS',NULL,NULL,NULL,NULL,5,0,1),
 (1122,'Liberia','LR',NULL,NULL,NULL,NULL,5,0,1),
 (1123,'Libya','LY',NULL,NULL,NULL,NULL,3,0,1),
 (1124,'Liechtenstein','LI',NULL,NULL,NULL,NULL,1,0,1),
 (1125,'Lithuania','LT',NULL,NULL,NULL,NULL,1,0,1),
 (1126,'Luxembourg','LU',NULL,NULL,NULL,NULL,1,0,1),
 (1127,'Macao','MO',NULL,NULL,NULL,NULL,4,0,1),
 (1128,'North Macedonia','MK',NULL,NULL,NULL,NULL,1,0,1),
 (1129,'Madagascar','MG',NULL,NULL,NULL,NULL,5,0,1),
 (1130,'Malawi','MW',NULL,NULL,NULL,NULL,5,0,1),
 (1131,'Malaysia','MY',NULL,NULL,NULL,NULL,4,0,1),
 (1132,'Maldives','MV',NULL,NULL,NULL,NULL,4,0,1),
 (1133,'Mali','ML',NULL,NULL,NULL,NULL,5,0,1),
 (1134,'Malta','MT',NULL,NULL,NULL,NULL,1,0,1),
 (1135,'Marshall Islands','MH',NULL,NULL,NULL,NULL,4,0,1),
 (1136,'Martinique','MQ',NULL,NULL,NULL,NULL,2,0,1),
 (1137,'Mauritania','MR',NULL,NULL,NULL,NULL,5,0,1),
 (1138,'Mauritius','MU',NULL,NULL,NULL,NULL,5,0,1),
 (1139,'Mayotte','YT',NULL,NULL,NULL,NULL,5,0,1),
 (1140,'Mexico','MX',NULL,NULL,NULL,NULL,2,0,1),
 (1141,'Micronesia, Federated States of','FM',NULL,NULL,NULL,NULL,4,0,1),
 (1142,'Moldova','MD',NULL,NULL,NULL,NULL,1,0,1),
 (1143,'Monaco','MC',NULL,NULL,NULL,NULL,1,0,1),
 (1144,'Mongolia','MN',NULL,NULL,NULL,NULL,4,0,1),
 (1145,'Montserrat','MS',NULL,NULL,NULL,NULL,2,0,1),
 (1146,'Morocco','MA',NULL,NULL,NULL,NULL,3,0,1),
 (1147,'Mozambique','MZ',NULL,NULL,NULL,NULL,5,0,1),
 (1148,'Namibia','NA',NULL,NULL,NULL,NULL,5,0,1),
 (1149,'Nauru','NR',NULL,NULL,NULL,NULL,4,0,1),
 (1150,'Nepal','NP',NULL,NULL,NULL,NULL,4,0,1),
 (1152,'Netherlands','NL',NULL,NULL,NULL,NULL,1,0,1),
 (1153,'New Caledonia','NC',NULL,NULL,NULL,NULL,4,0,1),
 (1154,'New Zealand','NZ',NULL,NULL,NULL,NULL,4,0,1),
 (1155,'Nicaragua','NI',NULL,NULL,NULL,NULL,2,0,1),
 (1156,'Niger','NE',NULL,NULL,NULL,NULL,5,0,1),
 (1157,'Nigeria','NG',NULL,NULL,NULL,NULL,5,0,1),
 (1158,'Niue','NU',NULL,NULL,NULL,NULL,4,0,1),
 (1159,'Norfolk Island','NF',NULL,NULL,NULL,NULL,4,0,1),
 (1160,'Northern Mariana Islands','MP',NULL,NULL,NULL,NULL,2,0,1),
 (1161,'Norway','NO',NULL,NULL,NULL,NULL,1,0,1),
 (1162,'Oman','OM',NULL,NULL,NULL,NULL,3,0,1),
 (1163,'Pakistan','PK',NULL,NULL,NULL,NULL,4,0,1),
 (1164,'Palau','PW',NULL,NULL,NULL,NULL,4,0,1),
 (1165,'Palestine, State of','PS',NULL,NULL,NULL,NULL,3,0,1),
 (1166,'Panama','PA',NULL,NULL,NULL,NULL,2,0,1),
 (1167,'Papua New Guinea','PG',NULL,NULL,NULL,NULL,4,0,1),
 (1168,'Paraguay','PY',NULL,NULL,NULL,NULL,2,0,1),
 (1169,'Peru','PE',NULL,NULL,NULL,NULL,2,0,1),
 (1170,'Philippines','PH',NULL,NULL,NULL,NULL,4,0,1),
 (1171,'Pitcairn','PN',NULL,NULL,NULL,NULL,4,0,1),
 (1172,'Poland','PL',NULL,NULL,NULL,NULL,1,0,1),
 (1173,'Portugal','PT',NULL,NULL,NULL,NULL,1,0,1),
 (1174,'Puerto Rico','PR',NULL,NULL,NULL,NULL,2,0,1),
 (1175,'Qatar','QA',NULL,NULL,NULL,NULL,3,0,1),
 (1176,'Romania','RO',NULL,NULL,NULL,NULL,1,0,1),
 (1177,'Russian Federation','RU',NULL,NULL,NULL,NULL,1,0,1),
 (1178,'Rwanda','RW',NULL,NULL,NULL,NULL,5,0,1),
 (1179,'Reunion','RE',NULL,NULL,NULL,NULL,5,0,1),
 (1180,'Saint Helena','SH',NULL,NULL,NULL,NULL,5,0,1),
 (1181,'Saint Kitts and Nevis','KN',NULL,NULL,NULL,NULL,2,0,1),
 (1182,'Saint Lucia','LC',NULL,NULL,NULL,NULL,2,0,1),
 (1183,'Saint Pierre and Miquelon','PM',NULL,NULL,NULL,NULL,2,0,1),
 (1184,'Saint Vincent and the Grenadines','VC',NULL,NULL,NULL,NULL,2,0,1),
 (1185,'Samoa','WS',NULL,NULL,NULL,NULL,4,0,1),
 (1186,'San Marino','SM',NULL,NULL,NULL,NULL,1,0,1),
 (1187,'Saudi Arabia','SA',NULL,NULL,NULL,NULL,3,0,1),
 (1188,'Senegal','SN',NULL,NULL,NULL,NULL,5,0,1),
 (1189,'Seychelles','SC',NULL,NULL,NULL,NULL,5,0,1),
 (1190,'Sierra Leone','SL',NULL,NULL,NULL,NULL,5,0,1),
 (1191,'Singapore','SG',NULL,NULL,NULL,NULL,4,0,1),
 (1192,'Slovakia','SK',NULL,NULL,NULL,NULL,1,0,1),
 (1193,'Slovenia','SI',NULL,NULL,NULL,NULL,1,0,1),
 (1194,'Solomon Islands','SB',NULL,NULL,NULL,NULL,4,0,1),
 (1195,'Somalia','SO',NULL,NULL,NULL,NULL,5,0,1),
 (1196,'South Africa','ZA',NULL,NULL,NULL,NULL,5,0,1),
 (1197,'South Georgia and the South Sandwich Islands','GS',NULL,NULL,NULL,NULL,2,0,1),
 (1198,'Spain','ES',NULL,NULL,NULL,NULL,1,0,1),
 (1199,'Sri Lanka','LK',NULL,NULL,NULL,NULL,4,0,1),
 (1200,'Sudan','SD',NULL,NULL,NULL,NULL,3,0,1),
 (1201,'Suriname','SR',NULL,NULL,NULL,NULL,2,0,1),
 (1202,'Svalbard and Jan Mayen','SJ',NULL,NULL,NULL,NULL,1,0,1),
 (1203,'Eswatini','SZ',NULL,NULL,NULL,NULL,5,0,1),
 (1204,'Sweden','SE',NULL,NULL,NULL,NULL,1,0,1),
 (1205,'Switzerland','CH',NULL,NULL,NULL,NULL,1,0,1),
 (1206,'Syrian Arab Republic','SY',NULL,NULL,NULL,NULL,3,0,1),
 (1207,'Sao Tome and Principe','ST',NULL,NULL,NULL,NULL,5,0,1),
 (1208,'Taiwan','TW',NULL,NULL,NULL,NULL,4,0,1),
 (1209,'Tajikistan','TJ',NULL,NULL,NULL,NULL,3,0,1),
 (1210,'Tanzania, United Republic of','TZ',NULL,NULL,NULL,NULL,5,0,1),
 (1211,'Thailand','TH',NULL,NULL,NULL,NULL,4,0,1),
 (1212,'Bahamas','BS',NULL,NULL,NULL,NULL,2,0,1),
 (1213,'Gambia','GM',NULL,NULL,NULL,NULL,5,0,1),
 (1214,'Togo','TG',NULL,NULL,NULL,NULL,5,0,1),
 (1215,'Tokelau','TK',NULL,NULL,NULL,NULL,4,0,1),
 (1216,'Tonga','TO',NULL,NULL,NULL,NULL,4,0,1),
 (1217,'Trinidad and Tobago','TT',NULL,NULL,NULL,NULL,2,0,1),
 (1218,'Tunisia','TN',NULL,NULL,NULL,NULL,3,0,1),
 (1219,'Turkey','TR',NULL,NULL,NULL,NULL,1,0,1),
 (1220,'Turkmenistan','TM',NULL,NULL,NULL,NULL,1,0,1),
 (1221,'Turks and Caicos Islands','TC',NULL,NULL,NULL,NULL,2,0,1),
 (1222,'Tuvalu','TV',NULL,NULL,NULL,NULL,4,0,1),
 (1223,'Uganda','UG',NULL,NULL,NULL,NULL,5,0,1),
 (1224,'Ukraine','UA',NULL,NULL,NULL,NULL,1,0,1),
 (1225,'United Arab Emirates','AE',NULL,NULL,NULL,NULL,3,0,1),
 (1226,'United Kingdom','GB',NULL,NULL,NULL,NULL,1,0,1),
 (1227,'United States Minor Outlying Islands','UM',NULL,NULL,NULL,NULL,2,0,1),
 (1228,'United States','US',NULL,NULL,NULL,NULL,2,1,1),
 (1229,'Uruguay','UY',NULL,NULL,NULL,NULL,2,0,1),
 (1230,'Uzbekistan','UZ',NULL,NULL,NULL,NULL,1,0,1),
 (1231,'Vanuatu','VU',NULL,NULL,NULL,NULL,4,0,1),
 (1232,'Venezuela','VE',NULL,NULL,NULL,NULL,2,0,1),
 (1233,'Viet Nam','VN',NULL,NULL,NULL,NULL,4,0,1),
 (1234,'Virgin Islands, U.S.','VI',NULL,NULL,NULL,NULL,2,0,1),
 (1235,'Wallis and Futuna','WF',NULL,NULL,NULL,NULL,4,0,1),
 (1236,'Western Sahara','EH',NULL,NULL,NULL,NULL,3,0,1),
 (1237,'Yemen','YE',NULL,NULL,NULL,NULL,3,0,1),
 (1239,'Zambia','ZM',NULL,NULL,NULL,NULL,5,0,1),
 (1240,'Zimbabwe','ZW',NULL,NULL,NULL,NULL,5,0,1),
 (1241,'land Islands','AX',NULL,NULL,NULL,NULL,1,0,1),
 (1242,'Serbia','RS',NULL,NULL,NULL,NULL,1,0,1),
 (1243,'Montenegro','ME',NULL,NULL,NULL,NULL,1,0,1),
 (1244,'Jersey','JE',NULL,NULL,NULL,NULL,99,0,1),
 (1245,'Guernsey','GG',NULL,NULL,NULL,NULL,99,0,1),
 (1246,'Isle of Man','IM',NULL,NULL,NULL,NULL,99,0,1),
 (1247,'South Sudan','SS',NULL,NULL,NULL,NULL,5,0,1),
 (1248,'Curaao','CW',NULL,NULL,NULL,NULL,2,0,1),
 (1249,'Sint Maarten (Dutch Part)','SX',NULL,NULL,NULL,NULL,2,0,1),
 (1250,'Bonaire, Saint Eustatius and Saba','BQ',NULL,NULL,NULL,NULL,2,0,1),
 (1251,'Kosovo','XK',NULL,NULL,NULL,NULL,1,0,1),
 (1252,'Saint Barthlemy','BL',NULL,NULL,NULL,NULL,2,0,1),
 (1253,'Saint Martin (French part)','MF',NULL,NULL,NULL,NULL,2,0,1);
/*!40000 ALTER TABLE `civicrm_country` ENABLE KEYS */;
UNLOCK TABLES;

--
-- Dumping data for table `civicrm_county`
--

LOCK TABLES `civicrm_county` WRITE;
/*!40000 ALTER TABLE `civicrm_county` DISABLE KEYS */;
INSERT INTO `civicrm_county` (`id`, `name`, `abbreviation`, `state_province_id`, `is_active`) VALUES
 (1,'Alameda',NULL,1004,1),
 (2,'Contra Costa',NULL,1004,1),
 (3,'Marin',NULL,1004,1),
 (4,'San Francisco',NULL,1004,1),
 (5,'San Mateo',NULL,1004,1),
 (6,'Santa Clara',NULL,1004,1);
/*!40000 ALTER TABLE `civicrm_county` ENABLE KEYS */;
UNLOCK TABLES;

--
-- Dumping data for table `civicrm_currency`
--

LOCK TABLES `civicrm_currency` WRITE;
/*!40000 ALTER TABLE `civicrm_currency` DISABLE KEYS */;
INSERT INTO `civicrm_currency` (`id`, `name`, `symbol`, `numeric_code`, `full_name`) VALUES
 (1,'AUD','$','036','Australian Dollar'),
 (2,'CAD','$','124','Canadian Dollar'),
 (3,'EUR','','978','Euro'),
 (4,'GBP','','826','Pound Sterling'),
 (5,'ILS','','826','New Israeli Shekel'),
 (6,'INR','','356','Indian Rupee'),
 (7,'JPY','','392','Japanese Yen'),
 (8,'KRW','','410','South Korean Won'),
 (9,'LAK','','418','Lao Kip'),
 (10,'MNT','','496','Mongolian Tugrik'),
 (11,'NGN','','566','Nigerian Naira'),
 (12,'PLN','z','985','Polish Zoty'),
 (13,'THB','','764','Thai Baht'),
 (14,'USD','$','840','US Dollar'),
 (15,'VND','','704','Viet Nam Dong'),
 (16,'ZAR','R','710','South African Rand'),
 (17,'AED',NULL,'784','UAE Dirham'),
 (18,'AFN','','971','Afghani'),
 (19,'ALL','Lek','008','Albanian Lek'),
 (20,'AMD',NULL,'051','Armenian Dram'),
 (21,'ANG','','532','Netherlands Antillian Guilder'),
 (22,'AOA',NULL,'973','Angola Kwanza'),
 (23,'ARS','$','032','Argentine Peso'),
 (24,'AWG','','533','Aruban Guilder'),
 (25,'AZN','','944','Azerbaijanian Manat'),
 (26,'BAM','KM','977','Convertible Marks'),
 (27,'BBD','$','052','Barbados Dollar'),
 (28,'BDT',NULL,'050','Bangladeshi Taka'),
 (29,'BGN','','975','Bulgarian Lev'),
 (30,'BHD',NULL,'048','Bahraini Dinar'),
 (31,'BIF',NULL,'108','Burundi Franc'),
 (32,'BMD','$','060','Bermudian Dollar'),
 (33,'BND','$','096','Brunei Dollar'),
 (34,'BOB','$b','068','Boliviano'),
 (35,'BOV',NULL,'984','Bolivian Mvdol'),
 (36,'BRL','R$','986','Brazilian Real'),
 (37,'BSD','$','044','Bahamian Dollar'),
 (38,'BTN',NULL,'064','Bhutan Ngultrum'),
 (39,'BWP','P','072','Botswana Pula'),
 (40,'BYN','p.','974','Belarussian Rouble'),
 (41,'BZD','BZ$','084','Belize Dollar'),
 (42,'CDF',NULL,'976','Franc Congolais'),
 (43,'CHE',NULL,'947','WIR Euro'),
 (44,'CHF','CHF','756','Swiss Franc'),
 (45,'CHW',NULL,'948','WIR Franc'),
 (46,'CLF',NULL,'990','Unidades de fomento'),
 (47,'CLP','$','152','Chilean Peso'),
 (48,'CNY','','156','Chinese Yuan Renminbi'),
 (49,'COP','$','170','Colombian Peso'),
 (50,'COU',NULL,'970','Unidad de Valor Real'),
 (51,'CRC','','188','Costa Rican Colon'),
 (52,'RSD','.','941','Serbian Dinar'),
 (53,'CUP','','192','Cuban Peso'),
 (54,'CVE',NULL,'132','Cape Verde Escudo'),
 (56,'CZK','K','203','Czech Koruna'),
 (57,'DJF',NULL,'262','Djibouti Franc'),
 (58,'DKK','kr','208','Danish Krone'),
 (59,'DOP','RD$','214','Dominican Peso'),
 (60,'DZD',NULL,'012','Algerian Dinar'),
 (62,'EGP','','818','Egyptian Pound'),
 (63,'ERN',NULL,'232','Eritrean Nakfa'),
 (64,'ETB',NULL,'230','Ethiopian Birr'),
 (65,'FJD','$','242','Fiji Dollar'),
 (66,'FKP','','238','Falkland Islands Pound'),
 (67,'GEL',NULL,'981','Georgian Lari'),
 (68,'GHS','','288','Ghanaian Cedi'),
 (69,'GIP','','292','Gibraltar Pound'),
 (70,'GMD',NULL,'270','Gambian Dalasi'),
 (71,'GNF',NULL,'324','Guinea Franc'),
 (72,'GTQ','Q','320','Guatemalan Quetzal'),
 (74,'GYD','$','328','Guyana Dollar'),
 (75,'HKD','HK$','344','Hong Kong Dollar'),
 (76,'HNL','L','340','Honduran Lempira'),
 (77,'HRK','kn','191','Croatian Kuna'),
 (78,'HTG',NULL,'332','Haitian Gourde'),
 (79,'HUF','Ft','348','Hungarian Forint'),
 (80,'IDR','Rp','360','Indonesian Rupiah'),
 (81,'IQD',NULL,'368','Iraqi Dinar'),
 (82,'IRR','','364','Iranian Rial'),
 (83,'ISK','kr','352','Iceland Krona'),
 (84,'JMD','J$','388','Jamaican Dollar'),
 (85,'JOD',NULL,'400','Jordanian Dinar'),
 (86,'KES',NULL,'404','Kenyan Shilling'),
 (87,'KGS','','417','Kyrgyzstan Som'),
 (88,'KHR','','116','Cambodian Riel'),
 (89,'KMF',NULL,'174','Comoro Franc'),
 (90,'KPW','','408','North Korean Won'),
 (91,'KWD',NULL,'414','Kuwaiti Dinar'),
 (92,'KYD','$','136','Cayman Islands Dollar'),
 (93,'KZT','','398','Kazakhstan Tenge'),
 (94,'LBP','','422','Lebanese Pound'),
 (95,'LKR','','144','Sri Lanka Rupee'),
 (96,'LRD','$','430','Liberian Dollar'),
 (97,'LSL',NULL,'426','Lesotho Loti'),
 (100,'LYD',NULL,'434','Libyan Dinar'),
 (101,'MAD',NULL,'504','Moroccan Dirham'),
 (102,'MDL',NULL,'498','Moldovan Leu'),
 (103,'MGA',NULL,'969','Malagascy Ariary'),
 (104,'MKD','','807','Macedonian Denar'),
 (105,'MMK',NULL,'104','Myanmar Kyat'),
 (106,'MOP',NULL,'446','Macao Pataca'),
 (107,'MRO',NULL,'478','Mauritanian Ouguiya'),
 (109,'MUR','','480','Mauritius Rupee'),
 (110,'MVR',NULL,'462','Maldive Rufiyaa'),
 (111,'MWK',NULL,'454','Malawi Kwacha'),
 (112,'MXN','$','484','Mexican Peso'),
 (113,'MXV',NULL,'979','Mexican Unidad de Inversion (UID)'),
 (114,'MYR','RM','458','Malaysian Ringgit'),
 (115,'MZN','MT','943','Mozambique Metical'),
 (116,'NAD','N$','516','Namibian Dollar'),
 (117,'NIO','C$','558','Nicaraguan Cordoba Oro'),
 (118,'NOK','kr','578','Norwegian Krone'),
 (119,'NPR','','524','Nepalese Rupee'),
 (120,'NZD','$','554','New Zealand Dollar'),
 (121,'OMR','','512','Rial Omani'),
 (122,'PAB','B/.','590','Panamanian Balboa'),
 (123,'PEN','S/.','604','Peruvian Nuevo Sol'),
 (124,'PGK',NULL,'598','Papua New Guinea Kina'),
 (125,'PHP','Php','608','Philippine Peso'),
 (126,'PKR','','586','Pakistan Rupee'),
 (127,'PYG','Gs','600','Paraguay Guarani'),
 (128,'QAR','','634','Qatari Rial'),
 (130,'RON','lei','946','Romanian New Leu'),
 (131,'RUB','','643','Russian Rouble'),
 (132,'RWF',NULL,'646','Rwanda Franc'),
 (133,'SAR','','682','Saudi Riyal'),
 (134,'SBD','$','090','Solomon Islands Dollar'),
 (135,'SCR','','690','Seychelles Rupee'),
 (137,'SEK','kr','752','Swedish Krona'),
 (138,'SGD','$','702','Singapore Dollar'),
 (139,'SHP','','654','Saint Helena Pound'),
 (142,'SLL',NULL,'694','Leone'),
 (143,'SOS','S','706','Somali Shilling'),
 (144,'SRD','$','968','Surinam Dollar'),
 (145,'STD',NULL,'678','So Tome and Principe Dobra'),
 (146,'SVC','$','222','El Salvador Colon'),
 (147,'SYP','','760','Syrian Pound'),
 (148,'SZL',NULL,'748','Eswatini Lilangeni'),
 (149,'TJS',NULL,'972','Tajik Somoni'),
 (151,'TND',NULL,'788','Tunisian Dinar'),
 (152,'TOP',NULL,'776','Tongan Pa\'anga'),
 (153,'TRY','YTL','949','New Turkish Lira'),
 (154,'TTD','TT$','780','Trinidad and Tobago Dollar'),
 (155,'TWD','NT$','901','New Taiwan Dollar'),
 (156,'TZS',NULL,'834','Tanzanian Shilling'),
 (157,'UAH','','980','Ukrainian Hryvnia'),
 (158,'UGX',NULL,'800','Ugandan Shilling'),
 (159,'USN',NULL,'997','US Dollar (Next day)'),
 (160,'USS',NULL,'998','US Dollar (Same day)'),
 (161,'UYU','$U','858','Peso Uruguayo'),
 (162,'UZS','','860','Uzbekistan Sum'),
 (163,'VEF','Bs','937','Venezuela Bolivar'),
 (164,'VUV',NULL,'548','Vanuatu Vatu'),
 (165,'WST',NULL,'882','Samoan Tala'),
 (166,'XAF',NULL,'950','CFA Franc BEAC'),
 (167,'XAG',NULL,'961','Silver'),
 (168,'XAU',NULL,'959','Gold'),
 (169,'XBA',NULL,'955','Bond Markets Units European Composite Unit (EURCO)'),
 (170,'XBB',NULL,'956','European Monetary Unit (E.M.U.-6)'),
 (171,'XBC',NULL,'957','European Unit of Account 9 (E.U.A.-9)'),
 (172,'XBD',NULL,'958','European Unit of Account 17 (E.U.A.-17)'),
 (173,'XCD','$','951','East Caribbean Dollar'),
 (174,'XDR',NULL,'960','Special Drawing Right'),
 (175,'XFO',NULL,NULL,'Gold-Franc'),
 (176,'XFU',NULL,NULL,'UIC-Franc'),
 (177,'XOF',NULL,'952','CFA Franc BCEAO'),
 (178,'XPD',NULL,'964','Palladium'),
 (179,'XPF',NULL,'953','CFP Franc'),
 (180,'XPT',NULL,'962','Platinum'),
 (181,'XTS',NULL,'963','Code for testing purposes'),
 (182,'XXX',NULL,'999','No currency involved'),
 (183,'YER','','886','Yemeni Rial'),
 (184,'ZMK',NULL,'894','Zambian Kwacha'),
 (185,'ZWD','Z$','716','Zimbabwe Dollar');
/*!40000 ALTER TABLE `civicrm_currency` ENABLE KEYS */;
UNLOCK TABLES;

--
-- Dumping data for table `civicrm_custom_field`
--

LOCK TABLES `civicrm_custom_field` WRITE;
/*!40000 ALTER TABLE `civicrm_custom_field` DISABLE KEYS */;
/*!40000 ALTER TABLE `civicrm_custom_field` ENABLE KEYS */;
UNLOCK TABLES;

--
-- Dumping data for table `civicrm_custom_group`
--

LOCK TABLES `civicrm_custom_group` WRITE;
/*!40000 ALTER TABLE `civicrm_custom_group` DISABLE KEYS */;
/*!40000 ALTER TABLE `civicrm_custom_group` ENABLE KEYS */;
UNLOCK TABLES;

--
-- Dumping data for table `civicrm_cxn`
--

LOCK TABLES `civicrm_cxn` WRITE;
/*!40000 ALTER TABLE `civicrm_cxn` DISABLE KEYS */;
/*!40000 ALTER TABLE `civicrm_cxn` ENABLE KEYS */;
UNLOCK TABLES;

--
-- Dumping data for table `civicrm_dashboard`
--

LOCK TABLES `civicrm_dashboard` WRITE;
/*!40000 ALTER TABLE `civicrm_dashboard` DISABLE KEYS */;
INSERT INTO `civicrm_dashboard` (`id`, `domain_id`, `name`, `label`, `url`, `permission`, `permission_operator`, `fullscreen_url`, `is_active`, `is_reserved`, `cache_minutes`, `directive`) VALUES
 (1,1,'blog','CiviCRM News','civicrm/dashlet/blog?reset=1','access CiviCRM',NULL,'civicrm/dashlet/blog?reset=1&context=dashletFullscreen',1,1,1440,NULL),
 (2,1,'getting-started','CiviCRM Resources','civicrm/dashlet/getting-started?reset=1','access CiviCRM',NULL,'civicrm/dashlet/getting-started?reset=1&context=dashletFullscreen',1,1,7200,NULL),
 (3,1,'activity','Activities','civicrm/dashlet/activity?reset=1','access CiviCRM',NULL,'civicrm/dashlet/activity?reset=1&context=dashletFullscreen',1,1,7200,NULL),
 (4,1,'myCases','My Cases','civicrm/dashlet/myCases?reset=1','access my cases and activities',NULL,'civicrm/dashlet/myCases?reset=1&context=dashletFullscreen',1,1,60,NULL),
 (5,1,'allCases','All Cases','civicrm/dashlet/allCases?reset=1','access all cases and activities',NULL,'civicrm/dashlet/allCases?reset=1&context=dashletFullscreen',1,1,60,NULL),
 (6,1,'casedashboard','Case Dashboard Dashlet','civicrm/dashlet/casedashboard?reset=1','access my cases and activities,access all cases and activities','OR','civicrm/dashlet/casedashboard?reset=1&context=dashletFullscreen',1,1,60,NULL),
 (7,1,'report/7','Donor Summary','civicrm/report/instance/7?reset=1&section=1&charts=barChart','access CiviContribute','AND','civicrm/report/instance/7?reset=1&section=1&charts=barChart&context=dashletFullscreen',1,0,60,NULL),
 (8,1,'report/14','Top Donors','civicrm/report/instance/14?reset=1&section=2','access CiviContribute','AND','civicrm/report/instance/14?reset=1&section=2&context=dashletFullscreen',1,0,60,NULL),
 (9,1,'report/27','Event Income Summary','civicrm/report/instance/27?reset=1&section=1&charts=pieChart','access CiviEvent','AND','civicrm/report/instance/27?reset=1&section=1&charts=pieChart&context=dashletFullscreen',1,0,60,NULL),
 (10,1,'report/22','Membership Summary','civicrm/report/instance/22?reset=1&section=2','access CiviMember','AND','civicrm/report/instance/22?reset=1&section=2&context=dashletFullscreen',1,0,60,NULL);
/*!40000 ALTER TABLE `civicrm_dashboard` ENABLE KEYS */;
UNLOCK TABLES;

--
-- Dumping data for table `civicrm_dashboard_contact`
--

LOCK TABLES `civicrm_dashboard_contact` WRITE;
/*!40000 ALTER TABLE `civicrm_dashboard_contact` DISABLE KEYS */;
/*!40000 ALTER TABLE `civicrm_dashboard_contact` ENABLE KEYS */;
UNLOCK TABLES;

--
-- Dumping data for table `civicrm_dedupe_exception`
--

LOCK TABLES `civicrm_dedupe_exception` WRITE;
/*!40000 ALTER TABLE `civicrm_dedupe_exception` DISABLE KEYS */;
/*!40000 ALTER TABLE `civicrm_dedupe_exception` ENABLE KEYS */;
UNLOCK TABLES;

--
-- Dumping data for table `civicrm_dedupe_rule`
--

LOCK TABLES `civicrm_dedupe_rule` WRITE;
/*!40000 ALTER TABLE `civicrm_dedupe_rule` DISABLE KEYS */;
INSERT INTO `civicrm_dedupe_rule` (`id`, `dedupe_rule_group_id`, `rule_table`, `rule_field`, `rule_length`, `rule_weight`) VALUES
 (1,1,'civicrm_contact','first_name',NULL,5),
 (2,1,'civicrm_contact','last_name',NULL,7),
 (3,1,'civicrm_email','email',NULL,10),
 (4,2,'civicrm_contact','organization_name',NULL,10),
 (5,2,'civicrm_email','email',NULL,10),
 (6,3,'civicrm_contact','household_name',NULL,10),
 (7,3,'civicrm_email','email',NULL,10),
 (8,4,'civicrm_email','email',NULL,10),
 (9,5,'civicrm_contact','organization_name',NULL,10),
 (10,5,'civicrm_email','email',NULL,10),
 (11,6,'civicrm_contact','household_name',NULL,10),
 (12,6,'civicrm_email','email',NULL,10),
 (13,7,'civicrm_contact','first_name',NULL,5),
 (14,7,'civicrm_contact','last_name',NULL,5),
 (15,7,'civicrm_address','street_address',NULL,5),
 (16,7,'civicrm_contact','middle_name',NULL,1),
 (17,7,'civicrm_contact','suffix_id',NULL,1);
/*!40000 ALTER TABLE `civicrm_dedupe_rule` ENABLE KEYS */;
UNLOCK TABLES;

--
-- Dumping data for table `civicrm_dedupe_rule_group`
--

LOCK TABLES `civicrm_dedupe_rule_group` WRITE;
/*!40000 ALTER TABLE `civicrm_dedupe_rule_group` DISABLE KEYS */;
INSERT INTO `civicrm_dedupe_rule_group` (`id`, `contact_type`, `threshold`, `used`, `name`, `title`, `is_reserved`) VALUES
 (1,'Individual',20,'Supervised','IndividualSupervised','Name and Email (reserved)',1),
 (2,'Organization',10,'Supervised','OrganizationSupervised','Name or Email',0),
 (3,'Household',10,'Supervised','HouseholdSupervised','Name or Email',0),
 (4,'Individual',10,'Unsupervised','IndividualUnsupervised','Email (reserved)',1),
 (5,'Organization',10,'Unsupervised','OrganizationUnsupervised','Name or Email',0),
 (6,'Household',10,'Unsupervised','HouseholdUnsupervised','Name or Email',0),
 (7,'Individual',15,'General','IndividualGeneral','Name and Address (reserved)',1);
/*!40000 ALTER TABLE `civicrm_dedupe_rule_group` ENABLE KEYS */;
UNLOCK TABLES;

--
-- Dumping data for table `civicrm_discount`
--

LOCK TABLES `civicrm_discount` WRITE;
/*!40000 ALTER TABLE `civicrm_discount` DISABLE KEYS */;
/*!40000 ALTER TABLE `civicrm_discount` ENABLE KEYS */;
UNLOCK TABLES;

--
-- Dumping data for table `civicrm_domain`
--

LOCK TABLES `civicrm_domain` WRITE;
/*!40000 ALTER TABLE `civicrm_domain` DISABLE KEYS */;
INSERT INTO `civicrm_domain` (`id`, `name`, `description`, `version`, `contact_id`, `locales`, `locale_custom_strings`) VALUES
 (1,'Default Domain Name',NULL,'5.76.alpha1',1,NULL,'a:1:{s:5:\"en_US\";a:0:{}}');
/*!40000 ALTER TABLE `civicrm_domain` ENABLE KEYS */;
UNLOCK TABLES;

--
-- Dumping data for table `civicrm_email`
--

LOCK TABLES `civicrm_email` WRITE;
/*!40000 ALTER TABLE `civicrm_email` DISABLE KEYS */;
INSERT INTO `civicrm_email` (`id`, `contact_id`, `location_type_id`, `email`, `is_primary`, `is_billing`, `on_hold`, `is_bulkmail`, `hold_date`, `reset_date`, `signature_text`, `signature_html`) VALUES
 (1,1,1,'fixme.domainemail@example.org',1,0,0,0,NULL,NULL,NULL,NULL),
 (2,171,1,'wattson.valene80@mymail.co.pl',1,0,0,0,NULL,NULL,NULL,NULL),
 (3,171,1,'valenewattson97@infomail.co.uk',0,0,0,0,NULL,NULL,NULL,NULL),
 (4,200,1,'wattson.justina@testmail.info',1,0,0,0,NULL,NULL,NULL,NULL),
 (5,132,1,'jensen.s.shad11@fakemail.co.nz',1,0,0,0,NULL,NULL,NULL,NULL),
 (6,181,1,'parker.omar@fakemail.org',1,0,0,0,NULL,NULL,NULL,NULL),
 (7,42,1,'errolr@sample.com',1,0,0,0,NULL,NULL,NULL,NULL),
 (8,42,1,'errolr82@example.info',0,0,0,0,NULL,NULL,NULL,NULL),
 (9,104,1,'jacobs.i.arlyne@testmail.com',1,0,0,0,NULL,NULL,NULL,NULL),
 (10,104,1,'jacobs.arlyne76@sample.co.nz',0,0,0,0,NULL,NULL,NULL,NULL),
 (11,53,1,'terrells63@mymail.co.pl',1,0,0,0,NULL,NULL,NULL,NULL),
 (12,174,1,'samson.iris@spamalot.co.nz',1,0,0,0,NULL,NULL,NULL,NULL),
 (13,174,1,'isamson@sample.info',0,0,0,0,NULL,NULL,NULL,NULL),
 (14,27,1,'jjameson23@lol.info',1,0,0,0,NULL,NULL,NULL,NULL),
 (15,193,1,'beulacooper@airmail.co.nz',1,0,0,0,NULL,NULL,NULL,NULL),
 (16,152,1,'nielsen.b.laree@notmail.org',1,0,0,0,NULL,NULL,NULL,NULL),
 (17,152,1,'lareen14@fakemail.com',0,0,0,0,NULL,NULL,NULL,NULL),
 (18,175,1,'jensen.rosario86@example.info',1,0,0,0,NULL,NULL,NULL,NULL),
 (19,175,1,'jensen.rosario7@spamalot.co.in',0,0,0,0,NULL,NULL,NULL,NULL),
 (20,147,1,'wattson.princess81@testing.com',1,0,0,0,NULL,NULL,NULL,NULL),
 (21,46,1,'gonzlez.v.elina30@notmail.net',1,0,0,0,NULL,NULL,NULL,NULL),
 (22,141,1,'terrell.landon51@testing.co.uk',1,0,0,0,NULL,NULL,NULL,NULL),
 (23,141,1,'landonterrell89@lol.co.nz',0,0,0,0,NULL,NULL,NULL,NULL),
 (24,83,1,'samuelsb9@mymail.com',1,0,0,0,NULL,NULL,NULL,NULL),
 (25,162,1,'wattsons@notmail.org',1,0,0,0,NULL,NULL,NULL,NULL),
 (26,196,1,'darenp@lol.co.uk',1,0,0,0,NULL,NULL,NULL,NULL),
 (27,12,1,'trumandeforest52@fishmail.co.pl',1,0,0,0,NULL,NULL,NULL,NULL),
 (28,12,1,'trumandeforest91@example.com',0,0,0,0,NULL,NULL,NULL,NULL),
 (29,2,1,'si.jameson@infomail.biz',1,0,0,0,NULL,NULL,NULL,NULL),
 (30,85,1,'lashawndaivanov@airmail.co.nz',1,0,0,0,NULL,NULL,NULL,NULL),
 (31,85,1,'ivanov.c.lashawnda@lol.net',0,0,0,0,NULL,NULL,NULL,NULL),
 (32,75,1,'daz.troy@notmail.co.nz',1,0,0,0,NULL,NULL,NULL,NULL),
 (33,11,1,'elbertprentice62@fishmail.co.nz',1,0,0,0,NULL,NULL,NULL,NULL),
 (34,11,1,'elbertp@notmail.net',0,0,0,0,NULL,NULL,NULL,NULL),
 (35,165,1,'wilson.j.kenny@lol.com',1,0,0,0,NULL,NULL,NULL,NULL),
 (36,165,1,'kennyw79@fishmail.co.in',0,0,0,0,NULL,NULL,NULL,NULL),
 (37,82,1,'yadava91@example.co.in',1,0,0,0,NULL,NULL,NULL,NULL),
 (38,140,1,'jones.bryon36@testing.co.uk',1,0,0,0,NULL,NULL,NULL,NULL),
 (39,168,1,'maganw@mymail.co.uk',1,0,0,0,NULL,NULL,NULL,NULL),
 (40,97,1,'bdeforest@example.net',1,0,0,0,NULL,NULL,NULL,NULL),
 (41,52,1,'jensend66@sample.org',1,0,0,0,NULL,NULL,NULL,NULL),
 (42,52,1,'jensen.delana@notmail.com',0,0,0,0,NULL,NULL,NULL,NULL),
 (43,35,1,'barryd84@lol.co.nz',1,0,0,0,NULL,NULL,NULL,NULL),
 (44,95,1,'brigettepatel@mymail.co.uk',1,0,0,0,NULL,NULL,NULL,NULL),
 (45,161,1,'olsen.daren@sample.biz',1,0,0,0,NULL,NULL,NULL,NULL),
 (46,166,1,'nielsen.q.brent@airmail.co.nz',1,0,0,0,NULL,NULL,NULL,NULL),
 (47,89,1,'omller@testing.co.uk',1,0,0,0,NULL,NULL,NULL,NULL),
 (48,89,1,'mllero@testing.co.nz',0,0,0,0,NULL,NULL,NULL,NULL),
 (49,139,1,'samson.allen@example.co.nz',1,0,0,0,NULL,NULL,NULL,NULL),
 (50,180,1,'deforest.l.irvin@fishmail.net',1,0,0,0,NULL,NULL,NULL,NULL),
 (51,180,1,'deforest.irvin@airmail.co.uk',0,0,0,0,NULL,NULL,NULL,NULL),
 (52,131,1,'reynoldsh96@example.biz',1,0,0,0,NULL,NULL,NULL,NULL),
 (53,131,1,'reynoldsh@spamalot.co.nz',0,0,0,0,NULL,NULL,NULL,NULL),
 (54,137,1,'shaunajensen18@mymail.info',1,0,0,0,NULL,NULL,NULL,NULL),
 (55,123,1,'robertsont80@testmail.co.pl',1,0,0,0,NULL,NULL,NULL,NULL),
 (56,123,1,'robertsont5@mymail.org',0,0,0,0,NULL,NULL,NULL,NULL),
 (57,71,1,'allenw61@mymail.co.uk',1,0,0,0,NULL,NULL,NULL,NULL),
 (58,67,1,'parker.juliann@sample.co.pl',1,0,0,0,NULL,NULL,NULL,NULL),
 (59,87,1,'cooper.josefa@mymail.co.in',1,0,0,0,NULL,NULL,NULL,NULL),
 (60,47,1,'cprentice@testing.co.nz',1,0,0,0,NULL,NULL,NULL,NULL),
 (61,142,1,'maganm45@fishmail.com',1,0,0,0,NULL,NULL,NULL,NULL),
 (62,142,1,'mcreynolds.u.magan@spamalot.net',0,0,0,0,NULL,NULL,NULL,NULL),
 (63,4,1,'sp.wilson@lol.co.pl',1,0,0,0,NULL,NULL,NULL,NULL),
 (64,4,1,'wilson.shad64@airmail.co.pl',0,0,0,0,NULL,NULL,NULL,NULL),
 (65,154,1,'darenl54@airmail.co.uk',1,0,0,0,NULL,NULL,NULL,NULL),
 (66,154,1,'lee.daren@airmail.co.nz',0,0,0,0,NULL,NULL,NULL,NULL),
 (67,163,1,'wattsons92@airmail.co.nz',1,0,0,0,NULL,NULL,NULL,NULL),
 (68,128,1,'ax.jones9@spamalot.co.in',1,0,0,0,NULL,NULL,NULL,NULL),
 (69,128,1,'ax.jones@mymail.info',0,0,0,0,NULL,NULL,NULL,NULL),
 (70,34,1,'jamesonr62@testing.co.pl',1,0,0,0,NULL,NULL,NULL,NULL),
 (71,34,1,'jamesonr75@example.biz',0,0,0,0,NULL,NULL,NULL,NULL),
 (72,17,1,'julianng74@mymail.info',1,0,0,0,NULL,NULL,NULL,NULL),
 (73,197,1,'meganj@infomail.info',1,0,0,0,NULL,NULL,NULL,NULL),
 (74,197,1,'jensenm46@notmail.com',0,0,0,0,NULL,NULL,NULL,NULL),
 (75,130,1,'estas18@infomail.co.pl',1,0,0,0,NULL,NULL,NULL,NULL),
 (76,117,1,'samuels.lashawnda5@mymail.co.pl',1,0,0,0,NULL,NULL,NULL,NULL),
 (77,41,1,'samuels.z.rosario42@example.info',1,0,0,0,NULL,NULL,NULL,NULL),
 (78,127,1,'billyo59@notmail.org',1,0,0,0,NULL,NULL,NULL,NULL),
 (79,191,1,'teresao@mymail.com',1,0,0,0,NULL,NULL,NULL,NULL),
 (80,191,1,'teresao30@mymail.com',0,0,0,0,NULL,NULL,NULL,NULL),
 (81,57,1,'kaceyolsen@testmail.org',1,0,0,0,NULL,NULL,NULL,NULL),
 (82,57,1,'kaceyo@testing.net',0,0,0,0,NULL,NULL,NULL,NULL),
 (83,167,1,'smith.sonny@airmail.co.nz',1,0,0,0,NULL,NULL,NULL,NULL),
 (84,167,1,'smiths@lol.org',0,0,0,0,NULL,NULL,NULL,NULL),
 (85,108,1,'terrell.shauna@testmail.net',1,0,0,0,NULL,NULL,NULL,NULL),
 (86,108,1,'shaunaterrell@testing.co.uk',0,0,0,0,NULL,NULL,NULL,NULL),
 (87,39,1,'smith-terrell.g.billy96@lol.co.pl',1,0,0,0,NULL,NULL,NULL,NULL),
 (88,39,1,'smith-terrell.g.billy@testmail.co.nz',0,0,0,0,NULL,NULL,NULL,NULL),
 (89,144,1,'tmcreynolds@mymail.com',1,0,0,0,NULL,NULL,NULL,NULL),
 (90,113,1,'mcreynolds-gonzlez.v.jina55@testing.net',1,0,0,0,NULL,NULL,NULL,NULL),
 (91,113,1,'mcreynolds-gonzlez.v.jina48@sample.co.pl',0,0,0,0,NULL,NULL,NULL,NULL),
 (92,60,1,'mcreynolds-gonzlez.mei@fishmail.org',1,0,0,0,NULL,NULL,NULL,NULL),
 (93,183,1,'yadav-bachmana68@lol.com',1,0,0,0,NULL,NULL,NULL,NULL),
 (94,76,1,'bachmanm@fishmail.info',1,0,0,0,NULL,NULL,NULL,NULL),
 (95,76,1,'meib@sample.info',0,0,0,0,NULL,NULL,NULL,NULL),
 (96,86,1,'bachman.troy@mymail.co.pl',1,0,0,0,NULL,NULL,NULL,NULL),
 (97,109,1,'ja.roberts@airmail.co.nz',1,0,0,0,NULL,NULL,NULL,NULL),
 (98,116,1,'roberts.i.brittney@notmail.com',1,0,0,0,NULL,NULL,NULL,NULL),
 (99,116,1,'roberts.brittney@testing.co.nz',0,0,0,0,NULL,NULL,NULL,NULL),
 (100,59,1,'scarletroberts@sample.net',1,0,0,0,NULL,NULL,NULL,NULL),
 (101,59,1,'scarletroberts@lol.biz',0,0,0,0,NULL,NULL,NULL,NULL),
 (102,121,1,'prentice.brent@testmail.co.pl',1,0,0,0,NULL,NULL,NULL,NULL),
 (103,55,1,'arlynep@spamalot.biz',1,0,0,0,NULL,NULL,NULL,NULL),
 (104,156,1,'landonp17@airmail.net',1,0,0,0,NULL,NULL,NULL,NULL),
 (105,31,1,'adams.merrie63@airmail.co.pl',1,0,0,0,NULL,NULL,NULL,NULL),
 (106,84,1,'zope-adams.kathlyn82@notmail.co.uk',1,0,0,0,NULL,NULL,NULL,NULL),
 (107,23,1,'ssamuels56@mymail.co.uk',1,0,0,0,NULL,NULL,NULL,NULL),
 (108,23,1,'samuels.scott@testmail.co.pl',0,0,0,0,NULL,NULL,NULL,NULL),
 (109,19,1,'adams-samuelsj@testing.info',1,0,0,0,NULL,NULL,NULL,NULL),
 (110,173,1,'terrelle33@mymail.co.in',1,0,0,0,NULL,NULL,NULL,NULL),
 (111,159,1,'roberts-terrell.g.omar36@notmail.co.uk',1,0,0,0,NULL,NULL,NULL,NULL),
 (112,9,1,'wilson.brittney@lol.co.pl',1,0,0,0,NULL,NULL,NULL,NULL),
 (113,94,1,'wilson.d.toby65@lol.info',1,0,0,0,NULL,NULL,NULL,NULL),
 (114,94,1,'tobyw@fishmail.com',0,0,0,0,NULL,NULL,NULL,NULL),
 (115,26,1,'terryv22@infomail.co.pl',1,0,0,0,NULL,NULL,NULL,NULL),
 (116,26,1,'terry.u.valene@airmail.com',0,0,0,0,NULL,NULL,NULL,NULL),
 (117,119,1,'terry.heidi29@infomail.co.pl',1,0,0,0,NULL,NULL,NULL,NULL),
 (118,119,1,'heiditerry95@airmail.co.pl',0,0,0,0,NULL,NULL,NULL,NULL),
 (119,133,1,'terryt83@fishmail.org',1,0,0,0,NULL,NULL,NULL,NULL),
 (120,133,1,'terry.troy39@mymail.co.pl',0,0,0,0,NULL,NULL,NULL,NULL),
 (121,150,1,'bachmanr@infomail.net',1,0,0,0,NULL,NULL,NULL,NULL),
 (122,150,1,'bachmanr53@testmail.net',0,0,0,0,NULL,NULL,NULL,NULL),
 (123,170,1,'sbachman@sample.co.in',1,0,0,0,NULL,NULL,NULL,NULL),
 (124,170,1,'sbachman86@sample.info',0,0,0,0,NULL,NULL,NULL,NULL),
 (125,80,1,'bachmanb@sample.info',1,0,0,0,NULL,NULL,NULL,NULL),
 (126,44,1,'mllere@notmail.com',1,0,0,0,NULL,NULL,NULL,NULL),
 (127,44,1,'estamller@mymail.co.nz',0,0,0,0,NULL,NULL,NULL,NULL),
 (128,7,1,'maganm@mymail.co.uk',1,0,0,0,NULL,NULL,NULL,NULL),
 (129,7,1,'mmller25@example.org',0,0,0,0,NULL,NULL,NULL,NULL),
 (130,112,1,'scarletl@testmail.co.nz',1,0,0,0,NULL,NULL,NULL,NULL),
 (131,112,1,'scarletl74@fakemail.co.nz',0,0,0,0,NULL,NULL,NULL,NULL),
 (132,105,1,'alee@testmail.net',1,0,0,0,NULL,NULL,NULL,NULL),
 (133,105,1,'alee39@sample.co.nz',0,0,0,0,NULL,NULL,NULL,NULL),
 (134,192,1,'deforestt56@airmail.co.nz',1,0,0,0,NULL,NULL,NULL,NULL),
 (135,73,1,'rayd@notmail.co.in',1,0,0,0,NULL,NULL,NULL,NULL),
 (136,63,1,'tanyad@notmail.org',1,0,0,0,NULL,NULL,NULL,NULL),
 (137,63,1,'tdeforest@spamalot.co.uk',0,0,0,0,NULL,NULL,NULL,NULL),
 (138,8,1,'irvinbachman49@mymail.co.pl',1,0,0,0,NULL,NULL,NULL,NULL),
 (139,8,1,'ibachman27@infomail.com',0,0,0,0,NULL,NULL,NULL,NULL),
 (140,158,1,'terrell-bachmane63@spamalot.co.pl',1,0,0,0,NULL,NULL,NULL,NULL),
 (141,158,1,'terrell-bachmane@testmail.co.nz',0,0,0,0,NULL,NULL,NULL,NULL),
 (142,99,1,'ta.olsen35@infomail.com',1,0,0,0,NULL,NULL,NULL,NULL),
 (143,99,1,'teddyo63@sample.biz',0,0,0,0,NULL,NULL,NULL,NULL),
 (144,155,1,'kolsen85@sample.biz',1,0,0,0,NULL,NULL,NULL,NULL),
 (145,155,1,'olsen.kathlyn@testmail.org',0,0,0,0,NULL,NULL,NULL,NULL),
 (146,98,1,'sc.olsen10@airmail.biz',1,0,0,0,NULL,NULL,NULL,NULL),
 (147,37,1,'rolandojameson@spamalot.net',1,0,0,0,NULL,NULL,NULL,NULL),
 (148,37,1,'rolandoj@mymail.co.in',0,0,0,0,NULL,NULL,NULL,NULL),
 (149,66,1,'mcreynolds-jameson.ashley68@fishmail.info',1,0,0,0,NULL,NULL,NULL,NULL),
 (150,66,1,'aj.mcreynolds-jameson88@testmail.org',0,0,0,0,NULL,NULL,NULL,NULL),
 (151,201,1,'wg.jameson11@fishmail.com',1,0,0,0,NULL,NULL,NULL,NULL),
 (152,65,1,'adams.sherman@sample.biz',1,0,0,0,NULL,NULL,NULL,NULL),
 (153,65,1,'adams.sherman75@notmail.com',0,0,0,0,NULL,NULL,NULL,NULL),
 (154,187,1,'jones-wattson-adams.p.arlyne@testmail.info',1,0,0,0,NULL,NULL,NULL,NULL),
 (155,187,1,'jones-wattson-adamsa10@airmail.com',0,0,0,0,NULL,NULL,NULL,NULL),
 (156,54,1,'bs.wattson-adams66@fishmail.net',1,0,0,0,NULL,NULL,NULL,NULL),
 (157,149,1,'princesswattson-adams@airmail.info',1,0,0,0,NULL,NULL,NULL,NULL),
 (158,78,3,'contact@friendsdevelopmentservices.org',1,0,0,0,NULL,NULL,NULL,NULL),
 (159,10,3,'info@localliteracypartnership.org',1,0,0,0,NULL,NULL,NULL,NULL),
 (160,170,2,'sbachman3@localliteracypartnership.org',0,0,0,0,NULL,NULL,NULL,NULL),
 (161,38,3,'service@globaldevelopment.org',1,0,0,0,NULL,NULL,NULL,NULL),
 (162,181,2,'parker.omar@globaldevelopment.org',0,0,0,0,NULL,NULL,NULL,NULL),
 (163,160,3,'feedback@dowlenmusicfellowship.org',1,0,0,0,NULL,NULL,NULL,NULL),
 (164,139,2,'allensamson22@dowlenmusicfellowship.org',0,0,0,0,NULL,NULL,NULL,NULL),
 (165,64,3,'sales@floridafund.org',1,0,0,0,NULL,NULL,NULL,NULL),
 (166,157,3,'info@urbanhealth.org',1,0,0,0,NULL,NULL,NULL,NULL),
 (167,25,2,'kathleenm@urbanhealth.org',1,0,0,0,NULL,NULL,NULL,NULL),
 (168,111,3,'service@plattevillearts.org',1,0,0,0,NULL,NULL,NULL,NULL),
 (169,69,2,'erikc@plattevillearts.org',1,0,0,0,NULL,NULL,NULL,NULL),
 (170,79,3,'feedback@gordonvilleacademy.org',1,0,0,0,NULL,NULL,NULL,NULL),
 (171,154,2,'darenlee15@gordonvilleacademy.org',0,0,0,0,NULL,NULL,NULL,NULL),
 (172,21,3,'info@creativetechnologyinitiative.org',1,0,0,0,NULL,NULL,NULL,NULL),
 (173,130,2,'samuels.esta19@creativetechnologyinitiative.org',0,0,0,0,NULL,NULL,NULL,NULL),
 (174,90,3,'info@communityassociation.org',1,0,0,0,NULL,NULL,NULL,NULL),
 (175,85,2,'ivanov.c.lashawnda@communityassociation.org',0,0,0,0,NULL,NULL,NULL,NULL),
 (176,146,3,'feedback@californiapeace.org',1,0,0,0,NULL,NULL,NULL,NULL),
 (177,126,3,'feedback@progressivearts.org',1,0,0,0,NULL,NULL,NULL,NULL),
 (178,101,3,'service@bayactionservices.org',1,0,0,0,NULL,NULL,NULL,NULL),
 (179,151,2,'prentice.santina@bayactionservices.org',1,0,0,0,NULL,NULL,NULL,NULL),
 (180,5,3,'service@pinesports.org',1,0,0,0,NULL,NULL,NULL,NULL),
 (181,124,2,'prentice.josefa@pinesports.org',1,0,0,0,NULL,NULL,NULL,NULL),
 (182,36,3,'feedback@uniteddevelopment.org',1,0,0,0,NULL,NULL,NULL,NULL),
 (183,67,2,'parker.juliann@uniteddevelopment.org',0,0,0,0,NULL,NULL,NULL,NULL),
 (184,122,3,'info@pinepartners.org',1,0,0,0,NULL,NULL,NULL,NULL),
 (185,129,2,'blackwell.omar44@pinepartners.org',1,0,0,0,NULL,NULL,NULL,NULL),
 (186,135,3,'info@lincolnliteracy.org',1,0,0,0,NULL,NULL,NULL,NULL),
 (187,35,2,'bdimitrov32@lincolnliteracy.org',0,0,0,0,NULL,NULL,NULL,NULL),
 (188,190,3,'service@localdevelopment.org',1,0,0,0,NULL,NULL,NULL,NULL),
 (189,6,2,'mh.cruz70@localdevelopment.org',1,0,0,0,NULL,NULL,NULL,NULL),
 (190,202,1,'jenny@example.com',1,0,0,0,NULL,NULL,NULL,NULL),
 (191,NULL,1,'development@example.org',0,0,0,0,NULL,NULL,NULL,NULL),
 (192,NULL,1,'tournaments@example.org',0,0,0,0,NULL,NULL,NULL,NULL),
 (193,NULL,1,'celebration@example.org',0,0,0,0,NULL,NULL,NULL,NULL);
/*!40000 ALTER TABLE `civicrm_email` ENABLE KEYS */;
UNLOCK TABLES;

--
-- Dumping data for table `civicrm_entity_batch`
--

LOCK TABLES `civicrm_entity_batch` WRITE;
/*!40000 ALTER TABLE `civicrm_entity_batch` DISABLE KEYS */;
/*!40000 ALTER TABLE `civicrm_entity_batch` ENABLE KEYS */;
UNLOCK TABLES;

--
-- Dumping data for table `civicrm_entity_file`
--

LOCK TABLES `civicrm_entity_file` WRITE;
/*!40000 ALTER TABLE `civicrm_entity_file` DISABLE KEYS */;
/*!40000 ALTER TABLE `civicrm_entity_file` ENABLE KEYS */;
UNLOCK TABLES;

--
-- Dumping data for table `civicrm_entity_financial_account`
--

LOCK TABLES `civicrm_entity_financial_account` WRITE;
/*!40000 ALTER TABLE `civicrm_entity_financial_account` DISABLE KEYS */;
INSERT INTO `civicrm_entity_financial_account` (`id`, `entity_table`, `entity_id`, `account_relationship`, `financial_account_id`) VALUES
 (1,'civicrm_financial_type',1,1,1),
 (2,'civicrm_financial_type',1,5,5),
 (3,'civicrm_financial_type',1,3,7),
 (4,'civicrm_financial_type',1,7,9),
 (5,'civicrm_financial_type',2,1,2),
 (6,'civicrm_financial_type',2,5,5),
 (7,'civicrm_financial_type',2,3,7),
 (8,'civicrm_financial_type',2,7,9),
 (9,'civicrm_financial_type',2,12,14),
 (10,'civicrm_financial_type',3,1,3),
 (11,'civicrm_financial_type',3,5,5),
 (12,'civicrm_financial_type',3,3,7),
 (13,'civicrm_financial_type',3,7,9),
 (14,'civicrm_financial_type',4,5,5),
 (15,'civicrm_financial_type',4,3,7),
 (16,'civicrm_financial_type',4,1,4),
 (17,'civicrm_financial_type',4,12,13),
 (18,'civicrm_financial_type',4,7,9),
 (19,'civicrm_option_value',92,6,6),
 (20,'civicrm_option_value',93,6,6),
 (21,'civicrm_option_value',94,6,6),
 (22,'civicrm_option_value',90,6,12),
 (23,'civicrm_option_value',91,6,12);
/*!40000 ALTER TABLE `civicrm_entity_financial_account` ENABLE KEYS */;
UNLOCK TABLES;

--
-- Dumping data for table `civicrm_entity_financial_trxn`
--

LOCK TABLES `civicrm_entity_financial_trxn` WRITE;
/*!40000 ALTER TABLE `civicrm_entity_financial_trxn` DISABLE KEYS */;
INSERT INTO `civicrm_entity_financial_trxn` (`id`, `entity_table`, `entity_id`, `financial_trxn_id`, `amount`) VALUES
 (1,'civicrm_contribution',1,1,125.00),
 (2,'civicrm_financial_item',1,1,125.00),
 (3,'civicrm_contribution',2,2,50.00),
 (4,'civicrm_financial_item',2,2,50.00),
 (5,'civicrm_contribution',3,3,25.00),
 (6,'civicrm_financial_item',3,3,25.00),
 (7,'civicrm_contribution',4,4,50.00),
 (8,'civicrm_financial_item',4,4,50.00),
 (9,'civicrm_contribution',5,5,50.00),
 (10,'civicrm_financial_item',5,5,50.00),
 (11,'civicrm_contribution',6,6,500.00),
 (12,'civicrm_financial_item',6,6,500.00),
 (13,'civicrm_contribution',7,7,1750.00),
 (14,'civicrm_financial_item',7,7,1750.00),
 (15,'civicrm_contribution',8,8,50.00),
 (16,'civicrm_financial_item',8,8,50.00),
 (17,'civicrm_contribution',9,9,10.00),
 (18,'civicrm_financial_item',9,9,10.00),
 (19,'civicrm_contribution',10,10,250.00),
 (20,'civicrm_financial_item',10,10,250.00),
 (21,'civicrm_contribution',11,11,500.00),
 (22,'civicrm_financial_item',11,11,500.00),
 (23,'civicrm_contribution',12,12,50.00),
 (24,'civicrm_financial_item',12,12,50.00),
 (25,'civicrm_contribution',13,13,50.00),
 (26,'civicrm_financial_item',13,13,50.00),
 (27,'civicrm_contribution',14,14,50.00),
 (28,'civicrm_financial_item',14,14,50.00),
 (29,'civicrm_contribution',15,15,25.00),
 (30,'civicrm_financial_item',15,15,25.00),
 (31,'civicrm_contribution',16,16,25.00),
 (32,'civicrm_financial_item',16,16,25.00),
 (33,'civicrm_contribution',17,17,25.00),
 (34,'civicrm_financial_item',17,17,25.00),
 (35,'civicrm_contribution',18,18,25.00),
 (36,'civicrm_financial_item',18,18,25.00),
 (37,'civicrm_contribution',19,19,25.00),
 (38,'civicrm_financial_item',19,19,25.00),
 (39,'civicrm_contribution',20,20,25.00),
 (40,'civicrm_financial_item',20,20,25.00),
 (41,'civicrm_contribution',21,21,25.00),
 (42,'civicrm_financial_item',21,21,25.00),
 (43,'civicrm_contribution',22,22,25.00),
 (44,'civicrm_financial_item',22,22,25.00),
 (45,'civicrm_contribution',23,23,25.00),
 (46,'civicrm_financial_item',23,23,25.00),
 (47,'civicrm_contribution',24,24,25.00),
 (48,'civicrm_financial_item',24,24,25.00),
 (49,'civicrm_contribution',25,25,25.00),
 (50,'civicrm_financial_item',25,25,25.00),
 (51,'civicrm_contribution',26,26,10.00),
 (52,'civicrm_financial_item',26,26,10.00),
 (53,'civicrm_contribution',27,27,10.00),
 (54,'civicrm_financial_item',27,27,10.00),
 (55,'civicrm_contribution',28,28,10.00),
 (56,'civicrm_financial_item',28,28,10.00),
 (57,'civicrm_contribution',29,29,10.00),
 (58,'civicrm_financial_item',29,29,10.00),
 (59,'civicrm_contribution',30,30,10.00),
 (60,'civicrm_financial_item',30,30,10.00),
 (61,'civicrm_contribution',31,31,5.00),
 (62,'civicrm_financial_item',31,31,5.00),
 (63,'civicrm_contribution',32,32,100.00),
 (64,'civicrm_financial_item',32,32,100.00),
 (65,'civicrm_contribution',34,33,100.00),
 (66,'civicrm_financial_item',33,33,100.00),
 (67,'civicrm_contribution',36,34,100.00),
 (68,'civicrm_financial_item',34,34,100.00),
 (69,'civicrm_contribution',38,35,100.00),
 (70,'civicrm_financial_item',35,35,100.00),
 (71,'civicrm_contribution',40,36,100.00),
 (72,'civicrm_financial_item',36,36,100.00),
 (73,'civicrm_contribution',44,37,100.00),
 (74,'civicrm_financial_item',37,37,100.00),
 (75,'civicrm_contribution',48,38,100.00),
 (76,'civicrm_financial_item',38,38,100.00),
 (77,'civicrm_contribution',50,39,100.00),
 (78,'civicrm_financial_item',39,39,100.00),
 (79,'civicrm_contribution',51,40,100.00),
 (80,'civicrm_financial_item',40,40,100.00),
 (81,'civicrm_contribution',52,41,100.00),
 (82,'civicrm_financial_item',41,41,100.00),
 (83,'civicrm_contribution',54,42,100.00),
 (84,'civicrm_financial_item',42,42,100.00),
 (85,'civicrm_contribution',58,43,100.00),
 (86,'civicrm_financial_item',43,43,100.00),
 (87,'civicrm_contribution',60,44,100.00),
 (88,'civicrm_financial_item',44,44,100.00),
 (89,'civicrm_contribution',61,45,100.00),
 (90,'civicrm_financial_item',45,45,100.00),
 (91,'civicrm_contribution',33,46,50.00),
 (92,'civicrm_financial_item',46,46,50.00),
 (93,'civicrm_contribution',35,47,50.00),
 (94,'civicrm_financial_item',47,47,50.00),
 (95,'civicrm_contribution',37,48,50.00),
 (96,'civicrm_financial_item',48,48,50.00),
 (97,'civicrm_contribution',39,49,50.00),
 (98,'civicrm_financial_item',49,49,50.00),
 (99,'civicrm_contribution',41,50,50.00),
 (100,'civicrm_financial_item',50,50,50.00),
 (101,'civicrm_contribution',43,51,50.00),
 (102,'civicrm_financial_item',51,51,50.00),
 (103,'civicrm_contribution',45,52,50.00),
 (104,'civicrm_financial_item',52,52,50.00),
 (105,'civicrm_contribution',46,53,50.00),
 (106,'civicrm_financial_item',53,53,50.00),
 (107,'civicrm_contribution',47,54,50.00),
 (108,'civicrm_financial_item',54,54,50.00),
 (109,'civicrm_contribution',49,55,50.00),
 (110,'civicrm_financial_item',55,55,50.00),
 (111,'civicrm_contribution',55,56,50.00),
 (112,'civicrm_financial_item',56,56,50.00),
 (113,'civicrm_contribution',56,57,50.00),
 (114,'civicrm_financial_item',57,57,50.00),
 (115,'civicrm_contribution',57,58,50.00),
 (116,'civicrm_financial_item',58,58,50.00),
 (117,'civicrm_contribution',59,59,50.00),
 (118,'civicrm_financial_item',59,59,50.00),
 (119,'civicrm_contribution',42,60,1200.00),
 (120,'civicrm_financial_item',60,60,1200.00),
 (121,'civicrm_contribution',53,61,1200.00),
 (122,'civicrm_financial_item',61,61,1200.00),
 (123,'civicrm_contribution',102,62,50.00),
 (124,'civicrm_financial_item',62,62,50.00),
 (125,'civicrm_contribution',70,63,50.00),
 (126,'civicrm_financial_item',63,63,50.00),
 (127,'civicrm_contribution',66,64,50.00),
 (128,'civicrm_financial_item',64,64,50.00),
 (129,'civicrm_contribution',84,65,50.00),
 (130,'civicrm_financial_item',65,65,50.00),
 (131,'civicrm_contribution',103,66,50.00),
 (132,'civicrm_financial_item',66,66,50.00),
 (133,'civicrm_contribution',68,67,50.00),
 (134,'civicrm_financial_item',67,67,50.00),
 (135,'civicrm_contribution',94,68,50.00),
 (136,'civicrm_financial_item',68,68,50.00),
 (137,'civicrm_contribution',108,69,50.00),
 (138,'civicrm_financial_item',69,69,50.00),
 (139,'civicrm_contribution',95,70,50.00),
 (140,'civicrm_financial_item',70,70,50.00),
 (141,'civicrm_contribution',90,71,50.00),
 (142,'civicrm_financial_item',71,71,50.00),
 (143,'civicrm_contribution',77,72,50.00),
 (144,'civicrm_financial_item',72,72,50.00),
 (145,'civicrm_contribution',111,73,50.00),
 (146,'civicrm_financial_item',73,73,50.00),
 (147,'civicrm_contribution',101,74,50.00),
 (148,'civicrm_financial_item',74,74,50.00),
 (149,'civicrm_contribution',82,75,50.00),
 (150,'civicrm_financial_item',75,75,50.00),
 (151,'civicrm_contribution',65,76,50.00),
 (152,'civicrm_financial_item',76,76,50.00),
 (153,'civicrm_contribution',93,77,50.00),
 (154,'civicrm_financial_item',77,77,50.00),
 (155,'civicrm_contribution',76,78,800.00),
 (156,'civicrm_financial_item',78,78,800.00),
 (157,'civicrm_contribution',71,79,800.00),
 (158,'civicrm_financial_item',79,79,800.00),
 (159,'civicrm_contribution',72,80,800.00),
 (160,'civicrm_financial_item',80,80,800.00),
 (161,'civicrm_contribution',99,81,800.00),
 (162,'civicrm_financial_item',81,81,800.00),
 (163,'civicrm_contribution',75,82,800.00),
 (164,'civicrm_financial_item',82,82,800.00),
 (165,'civicrm_contribution',87,83,800.00),
 (166,'civicrm_financial_item',83,83,800.00),
 (167,'civicrm_contribution',69,84,800.00),
 (168,'civicrm_financial_item',84,84,800.00),
 (169,'civicrm_contribution',64,85,800.00),
 (170,'civicrm_financial_item',85,85,800.00),
 (171,'civicrm_contribution',88,86,800.00),
 (172,'civicrm_financial_item',86,86,800.00),
 (173,'civicrm_contribution',89,87,800.00),
 (174,'civicrm_financial_item',87,87,800.00),
 (175,'civicrm_contribution',80,88,800.00),
 (176,'civicrm_financial_item',88,88,800.00),
 (177,'civicrm_contribution',73,89,800.00),
 (178,'civicrm_financial_item',89,89,800.00),
 (179,'civicrm_contribution',67,90,800.00),
 (180,'civicrm_financial_item',90,90,800.00),
 (181,'civicrm_contribution',97,91,800.00),
 (182,'civicrm_financial_item',91,91,800.00),
 (183,'civicrm_contribution',112,92,800.00),
 (184,'civicrm_financial_item',92,92,800.00),
 (185,'civicrm_contribution',105,93,800.00),
 (186,'civicrm_financial_item',93,93,800.00),
 (187,'civicrm_contribution',104,94,800.00),
 (188,'civicrm_financial_item',94,94,800.00),
 (189,'civicrm_contribution',83,95,800.00),
 (190,'civicrm_financial_item',95,95,800.00),
 (191,'civicrm_contribution',91,96,50.00),
 (192,'civicrm_financial_item',96,96,50.00),
 (193,'civicrm_contribution',74,97,50.00),
 (194,'civicrm_financial_item',97,97,50.00),
 (195,'civicrm_contribution',110,98,50.00),
 (196,'civicrm_financial_item',98,98,50.00),
 (197,'civicrm_contribution',79,99,50.00),
 (198,'civicrm_financial_item',99,99,50.00),
 (199,'civicrm_contribution',78,100,50.00),
 (200,'civicrm_financial_item',100,100,50.00),
 (201,'civicrm_contribution',106,101,50.00),
 (202,'civicrm_financial_item',101,101,50.00),
 (203,'civicrm_contribution',109,102,50.00),
 (204,'civicrm_financial_item',102,102,50.00),
 (205,'civicrm_contribution',100,103,50.00),
 (206,'civicrm_financial_item',103,103,50.00),
 (207,'civicrm_contribution',98,104,50.00),
 (208,'civicrm_financial_item',104,104,50.00),
 (209,'civicrm_contribution',96,105,50.00),
 (210,'civicrm_financial_item',105,105,50.00),
 (211,'civicrm_contribution',63,106,50.00),
 (212,'civicrm_financial_item',106,106,50.00),
 (213,'civicrm_contribution',81,107,50.00),
 (214,'civicrm_financial_item',107,107,50.00),
 (215,'civicrm_contribution',85,108,50.00),
 (216,'civicrm_financial_item',108,108,50.00),
 (217,'civicrm_contribution',86,109,50.00),
 (218,'civicrm_financial_item',109,109,50.00),
 (219,'civicrm_contribution',92,110,50.00),
 (220,'civicrm_financial_item',110,110,50.00),
 (221,'civicrm_contribution',107,111,50.00),
 (222,'civicrm_financial_item',111,111,50.00);
/*!40000 ALTER TABLE `civicrm_entity_financial_trxn` ENABLE KEYS */;
UNLOCK TABLES;

--
-- Dumping data for table `civicrm_entity_tag`
--

LOCK TABLES `civicrm_entity_tag` WRITE;
/*!40000 ALTER TABLE `civicrm_entity_tag` DISABLE KEYS */;
INSERT INTO `civicrm_entity_tag` (`id`, `entity_table`, `entity_id`, `tag_id`) VALUES
 (113,'civicrm_contact',3,4),
 (114,'civicrm_contact',3,5),
 (61,'civicrm_contact',4,5),
 (21,'civicrm_contact',6,4),
 (22,'civicrm_contact',6,5),
 (106,'civicrm_contact',8,4),
 (36,'civicrm_contact',11,5),
 (30,'civicrm_contact',12,4),
 (31,'civicrm_contact',12,5),
 (13,'civicrm_contact',13,4),
 (39,'civicrm_contact',14,4),
 (47,'civicrm_contact',20,5),
 (5,'civicrm_contact',21,1),
 (48,'civicrm_contact',24,4),
 (49,'civicrm_contact',24,5),
 (99,'civicrm_contact',25,4),
 (93,'civicrm_contact',29,5),
 (35,'civicrm_contact',32,4),
 (64,'civicrm_contact',34,4),
 (45,'civicrm_contact',35,5),
 (9,'civicrm_contact',36,1),
 (112,'civicrm_contact',37,4),
 (2,'civicrm_contact',38,2),
 (71,'civicrm_contact',39,4),
 (72,'civicrm_contact',39,5),
 (32,'civicrm_contact',40,5),
 (98,'civicrm_contact',44,5),
 (107,'civicrm_contact',45,4),
 (108,'civicrm_contact',45,5),
 (27,'civicrm_contact',46,5),
 (90,'civicrm_contact',51,4),
 (91,'civicrm_contact',51,5),
 (116,'civicrm_contact',54,4),
 (117,'civicrm_contact',54,5),
 (6,'civicrm_contact',56,2),
 (84,'civicrm_contact',58,4),
 (92,'civicrm_contact',61,4),
 (3,'civicrm_contact',64,2),
 (115,'civicrm_contact',65,5),
 (56,'civicrm_contact',67,5),
 (58,'civicrm_contact',69,4),
 (59,'civicrm_contact',69,5),
 (105,'civicrm_contact',73,5),
 (76,'civicrm_contact',74,4),
 (77,'civicrm_contact',76,5),
 (85,'civicrm_contact',77,4),
 (1,'civicrm_contact',78,3),
 (97,'civicrm_contact',80,4),
 (28,'civicrm_contact',83,4),
 (86,'civicrm_contact',91,4),
 (100,'civicrm_contact',96,4),
 (101,'civicrm_contact',96,5),
 (109,'civicrm_contact',99,4),
 (110,'civicrm_contact',99,5),
 (8,'civicrm_contact',101,1),
 (25,'civicrm_contact',102,4),
 (26,'civicrm_contact',102,5),
 (17,'civicrm_contact',104,4),
 (78,'civicrm_contact',109,4),
 (87,'civicrm_contact',110,4),
 (4,'civicrm_contact',111,3),
 (75,'civicrm_contact',113,4),
 (66,'civicrm_contact',117,4),
 (67,'civicrm_contact',117,5),
 (94,'civicrm_contact',119,4),
 (79,'civicrm_contact',120,4),
 (80,'civicrm_contact',120,5),
 (81,'civicrm_contact',121,4),
 (34,'civicrm_contact',124,4),
 (68,'civicrm_contact',127,4),
 (63,'civicrm_contact',128,5),
 (14,'civicrm_contact',132,4),
 (15,'civicrm_contact',132,5),
 (10,'civicrm_contact',135,3),
 (69,'civicrm_contact',136,5),
 (53,'civicrm_contact',137,5),
 (88,'civicrm_contact',138,4),
 (89,'civicrm_contact',138,5),
 (50,'civicrm_contact',139,4),
 (40,'civicrm_contact',140,4),
 (60,'civicrm_contact',142,4),
 (73,'civicrm_contact',144,4),
 (74,'civicrm_contact',144,5),
 (7,'civicrm_contact',146,3),
 (83,'civicrm_contact',148,5),
 (95,'civicrm_contact',150,4),
 (96,'civicrm_contact',150,5),
 (82,'civicrm_contact',151,5),
 (23,'civicrm_contact',153,4),
 (24,'civicrm_contact',153,5),
 (62,'civicrm_contact',154,4),
 (111,'civicrm_contact',155,4),
 (46,'civicrm_contact',161,5),
 (37,'civicrm_contact',165,4),
 (38,'civicrm_contact',165,5),
 (70,'civicrm_contact',167,4),
 (41,'civicrm_contact',168,4),
 (42,'civicrm_contact',168,5),
 (11,'civicrm_contact',171,4),
 (12,'civicrm_contact',171,5),
 (102,'civicrm_contact',172,4),
 (18,'civicrm_contact',174,4),
 (19,'civicrm_contact',174,5),
 (57,'civicrm_contact',178,5),
 (33,'civicrm_contact',179,4),
 (51,'civicrm_contact',180,4),
 (52,'civicrm_contact',180,5),
 (16,'civicrm_contact',181,4),
 (43,'civicrm_contact',186,4),
 (44,'civicrm_contact',186,5),
 (103,'civicrm_contact',192,4),
 (104,'civicrm_contact',192,5),
 (20,'civicrm_contact',193,5),
 (29,'civicrm_contact',196,4),
 (65,'civicrm_contact',197,5),
 (54,'civicrm_contact',198,4),
 (55,'civicrm_contact',198,5);
/*!40000 ALTER TABLE `civicrm_entity_tag` ENABLE KEYS */;
UNLOCK TABLES;

--
-- Dumping data for table `civicrm_event`
--

LOCK TABLES `civicrm_event` WRITE;
/*!40000 ALTER TABLE `civicrm_event` DISABLE KEYS */;
INSERT INTO `civicrm_event` (`id`, `title`, `summary`, `description`, `event_type_id`, `participant_listing_id`, `is_public`, `start_date`, `end_date`, `is_online_registration`, `registration_link_text`, `registration_start_date`, `registration_end_date`, `max_participants`, `event_full_text`, `is_monetary`, `financial_type_id`, `payment_processor`, `is_map`, `is_active`, `fee_label`, `is_show_location`, `loc_block_id`, `default_role_id`, `intro_text`, `footer_text`, `confirm_title`, `confirm_text`, `confirm_footer_text`, `is_email_confirm`, `confirm_email_text`, `confirm_from_name`, `confirm_from_email`, `cc_confirm`, `bcc_confirm`, `default_fee_id`, `default_discount_fee_id`, `thankyou_title`, `thankyou_text`, `thankyou_footer_text`, `is_pay_later`, `pay_later_text`, `pay_later_receipt`, `is_partial_payment`, `initial_amount_label`, `initial_amount_help_text`, `min_initial_amount`, `is_multiple_registrations`, `max_additional_participants`, `allow_same_participant_emails`, `has_waitlist`, `requires_approval`, `expiration_time`, `allow_selfcancelxfer`, `selfcancelxfer_time`, `waitlist_text`, `approval_req_text`, `is_template`, `template_title`, `created_id`, `created_date`, `currency`, `campaign_id`, `is_share`, `is_confirm_enabled`, `parent_event_id`, `slot_label_id`, `dedupe_rule_group_id`, `is_billing_required`, `is_show_calendar_links`) VALUES
 (1,'Fall Fundraiser Dinner','Kick up your heels at our Fall Fundraiser Dinner/Dance at Glen Echo Park! Come by yourself or bring a partner, friend or the entire family!','This event benefits our teen programs. Admission includes a full 3 course meal and wine or soft drinks. Grab your dancing shoes, bring the kids and come join the party!',3,1,1,'2024-12-23 17:00:00','2024-12-25 17:00:00',1,'Register Now',NULL,NULL,100,'Sorry! The Fall Fundraiser Dinner is full. Please call Jane at 204 222-1000 ext 33 if you want to be added to the waiting list.',1,4,NULL,1,1,'Dinner Contribution',1,1,1,'Fill in the information below to join as at this wonderful dinner event.',NULL,'Confirm Your Registration Information','Review the information below carefully.',NULL,1,'Contact the Development Department if you need to make any changes to your registration.','Fundraising Dept.','development@example.org',NULL,NULL,NULL,NULL,'Thanks for Registering!','<p>Thank you for your support. Your contribution will help us build even better tools.</p><p>Please tell your friends and colleagues about this wonderful event.</p>','<p><a href=https://civicrm.org>Back to CiviCRM Home Page</a></p>',1,'I will send payment by check','Send a check payable to Our Organization within 3 business days to hold your reservation. Checks should be sent to: 100 Main St., Suite 3, San Francisco CA 94110',0,NULL,NULL,NULL,1,0,0,0,0,NULL,0,0,NULL,NULL,0,NULL,NULL,NULL,'USD',NULL,1,1,NULL,NULL,NULL,0,1),
 (2,'Summer Solstice Festival Day Concert','Festival Day is coming! Join us and help support your parks.','We will gather at noon, learn a song all together,  and then join in a joyous procession to the pavilion. We will be one of many groups performing at this wonderful concert which benefits our city parks.',5,1,1,'2024-06-22 12:00:00','2024-06-22 17:00:00',1,'Register Now',NULL,NULL,50,'We have all the singers we can handle. Come to the pavilion anyway and join in from the audience.',1,2,NULL,0,1,'Festival Fee',1,2,1,'Complete the form below and click Continue to register online for the festival. Or you can register by calling us at 204 222-1000 ext 22.','','Confirm Your Registration Information','','',1,'This email confirms your registration. If you have questions or need to change your registration - please do not hesitate to call us.','Event Dept.','events@example.org','',NULL,NULL,NULL,'Thanks for Your Joining In!','<p>Thank you for your support. Your participation will help build new parks.</p><p>Please tell your friends and colleagues about the concert.</p>','<p><a href=https://civicrm.org>Back to CiviCRM Home Page</a></p>',0,NULL,NULL,0,NULL,NULL,NULL,1,0,0,0,0,NULL,0,0,NULL,NULL,0,NULL,NULL,NULL,'USD',NULL,1,1,NULL,NULL,NULL,0,1),
 (3,'Rain-forest Cup Youth Soccer Tournament','Sign up your team to participate in this fun tournament which benefits several Rain-forest protection groups in the Amazon basin.','This is a FYSA Sanctioned Tournament, which is open to all USSF/FIFA affiliated organizations for boys and girls in age groups: U9-U10 (6v6), U11-U12 (8v8), and U13-U17 (Full Sided).',3,1,1,'2025-01-23 07:00:00','2025-01-26 17:00:00',1,'Register Now',NULL,NULL,500,'Sorry! All available team slots for this tournament have been filled. Contact Jill Futbol for information about the waiting list and next years event.',1,4,NULL,0,1,'Tournament Fees',1,3,1,'Complete the form below to register your team for this year\'s tournament.','<em>A Soccer Youth Event</em>','Review and Confirm Your Registration Information','','<em>A Soccer Youth Event</em>',1,'Contact our Tournament Director for eligibility details.','Tournament Director','tournament@example.org','',NULL,NULL,NULL,'Thanks for Your Support!','<p>Thank you for your support. Your participation will help save thousands of acres of rainforest.</p>','<p><a href=https://civicrm.org>Back to CiviCRM Home Page</a></p>',0,NULL,NULL,0,NULL,NULL,NULL,0,0,0,0,0,NULL,0,0,NULL,NULL,0,NULL,NULL,NULL,'USD',NULL,1,1,NULL,NULL,NULL,0,1),
 (4,NULL,NULL,NULL,4,1,1,NULL,NULL,0,NULL,NULL,NULL,NULL,NULL,0,NULL,NULL,0,1,NULL,1,NULL,1,NULL,NULL,NULL,NULL,NULL,0,NULL,NULL,NULL,NULL,NULL,NULL,NULL,NULL,NULL,NULL,0,NULL,NULL,0,NULL,NULL,NULL,1,0,0,0,0,NULL,0,0,NULL,NULL,1,'Free Meeting without Online Registration',NULL,NULL,'USD',NULL,1,1,NULL,NULL,NULL,0,1),
 (5,NULL,NULL,NULL,4,1,1,NULL,NULL,1,NULL,NULL,NULL,NULL,NULL,0,NULL,NULL,0,1,NULL,1,NULL,1,NULL,NULL,'Confirm Your Registration Information',NULL,NULL,0,NULL,NULL,NULL,NULL,NULL,NULL,NULL,'Thanks for Registering!',NULL,NULL,0,NULL,NULL,0,NULL,NULL,NULL,1,0,1,0,0,NULL,0,0,NULL,NULL,1,'Free Meeting with Online Registration',NULL,NULL,'USD',NULL,1,1,NULL,NULL,NULL,0,1),
 (6,NULL,NULL,NULL,1,1,1,NULL,NULL,1,NULL,NULL,NULL,NULL,NULL,1,4,NULL,0,1,'Conference Fee',1,NULL,1,NULL,NULL,'Confirm Your Registration Information',NULL,NULL,1,NULL,'Event Template Dept.','event_templates@example.org',NULL,NULL,NULL,NULL,'Thanks for Registering!',NULL,NULL,0,NULL,NULL,0,NULL,NULL,NULL,1,0,1,0,0,NULL,0,0,NULL,NULL,1,'Paid Conference with Online Registration',NULL,NULL,'USD',NULL,1,1,NULL,NULL,NULL,0,1);
/*!40000 ALTER TABLE `civicrm_event` ENABLE KEYS */;
UNLOCK TABLES;

--
-- Dumping data for table `civicrm_extension`
--

LOCK TABLES `civicrm_extension` WRITE;
/*!40000 ALTER TABLE `civicrm_extension` DISABLE KEYS */;
INSERT INTO `civicrm_extension` (`id`, `type`, `full_name`, `name`, `label`, `file`, `schema_version`, `is_active`) VALUES
 (1,'module','sequentialcreditnotes','Sequential credit notes','Sequential credit notes','sequentialcreditnotes',NULL,1),
 (2,'module','greenwich','Theme: Greenwich','Theme: Greenwich','greenwich',NULL,1),
 (3,'module','recaptcha','reCAPTCHA','reCAPTCHA','recaptcha',NULL,1),
 (4,'module','ckeditor4','CKEditor4','CKEditor4','ckeditor4',NULL,1),
 (5,'module','org.civicrm.flexmailer','FlexMailer','FlexMailer','flexmailer',NULL,1),
 (6,'module','civi_campaign','CiviCampaign','CiviCampaign','civi_campaign',NULL,1),
 (7,'module','civi_case','CiviCase','CiviCase','civi_case',NULL,1),
 (8,'module','civi_contribute','CiviContribute','CiviContribute','civi_contribute',NULL,1),
 (9,'module','civi_event','CiviEvent','CiviEvent','civi_event',NULL,1),
 (10,'module','civi_mail','CiviMail','CiviMail','civi_mail',NULL,1),
 (11,'module','civi_member','CiviMember','CiviMember','civi_member',NULL,1),
 (12,'module','civi_pledge','CiviPledge','CiviPledge','civi_pledge',NULL,1),
 (13,'module','civi_report','CiviReport','CiviReport','civi_report',NULL,1),
 (14,'module','civiimport','Civi-Import','Civi-Import','civiimport',NULL,1),
 (15,'module','message_admin','Message Administration','Message Administration','message_admin',NULL,1);
/*!40000 ALTER TABLE `civicrm_extension` ENABLE KEYS */;
UNLOCK TABLES;

--
-- Dumping data for table `civicrm_file`
--

LOCK TABLES `civicrm_file` WRITE;
/*!40000 ALTER TABLE `civicrm_file` DISABLE KEYS */;
/*!40000 ALTER TABLE `civicrm_file` ENABLE KEYS */;
UNLOCK TABLES;

--
-- Dumping data for table `civicrm_financial_account`
--

LOCK TABLES `civicrm_financial_account` WRITE;
/*!40000 ALTER TABLE `civicrm_financial_account` DISABLE KEYS */;
INSERT INTO `civicrm_financial_account` (`id`, `name`, `contact_id`, `financial_account_type_id`, `accounting_code`, `account_type_code`, `description`, `parent_id`, `is_header_account`, `is_deductible`, `is_tax`, `tax_rate`, `is_reserved`, `is_active`, `is_default`) VALUES
 (1,'Donation',1,3,'4200','INC','Default account for donations',NULL,0,1,0,NULL,0,1,1),
 (2,'Member Dues',1,3,'4400','INC','Default account for membership sales',NULL,0,1,0,NULL,0,1,0),
 (3,'Campaign Contribution',1,3,'4100','INC','Sample account for recording payments to a campaign',NULL,0,0,0,NULL,0,1,0),
 (4,'Event Fee',1,3,'4300','INC','Default account for event ticket sales',NULL,0,0,0,NULL,0,1,0),
 (5,'Banking Fees',1,5,'5200','EXP','Payment processor fees and manually recorded banking fees',NULL,0,0,0,NULL,0,1,1),
 (6,'Deposit Bank Account',1,1,'1100','BANK','All manually recorded cash and cheques go to this account',NULL,0,0,0,NULL,0,1,1),
 (7,'Accounts Receivable',1,1,'1200','AR','Amounts to be received later (eg pay later event revenues)',NULL,0,0,0,NULL,0,1,0),
 (8,'Accounts Payable',1,2,'2200','AP','Amounts to be paid out such as grants and refunds',NULL,0,0,0,NULL,0,1,1),
 (9,'Premiums',1,4,'5100','COGS','Account to record cost of premiums provided to payors',NULL,0,0,0,NULL,0,1,1),
 (10,'Premiums inventory',1,1,'1375','OCASSET','Account representing value of premiums inventory',NULL,0,0,0,NULL,0,1,0),
 (11,'Discounts',1,3,'4900','INC','Contra-revenue account for amounts discounted from sales',NULL,0,0,0,NULL,0,1,0),
 (12,'Payment Processor Account',1,1,'1150','BANK','Account to record payments into a payment processor merchant account',NULL,0,0,0,NULL,0,1,0),
 (13,'Deferred Revenue - Event Fee',1,2,'2730','OCLIAB','Event revenue to be recognized in future months when the events occur',NULL,0,0,0,NULL,0,1,0),
 (14,'Deferred Revenue - Member Dues',1,2,'2740','OCLIAB','Membership revenue to be recognized in future months',NULL,0,0,0,NULL,0,1,0);
/*!40000 ALTER TABLE `civicrm_financial_account` ENABLE KEYS */;
UNLOCK TABLES;

--
-- Dumping data for table `civicrm_financial_item`
--

LOCK TABLES `civicrm_financial_item` WRITE;
/*!40000 ALTER TABLE `civicrm_financial_item` DISABLE KEYS */;
INSERT INTO `civicrm_financial_item` (`id`, `created_date`, `transaction_date`, `contact_id`, `description`, `amount`, `currency`, `financial_account_id`, `status_id`, `entity_table`, `entity_id`) VALUES
 (1,'2024-06-23 22:14:52','2014-06-23 22:14:52',2,'Contribution Amount',125.00,'USD',1,1,'civicrm_line_item',1),
 (2,'2024-06-23 22:14:52','2022-03-23 22:14:52',4,'Contribution Amount',50.00,'USD',1,1,'civicrm_line_item',2),
 (3,'2024-06-23 22:14:52','2018-05-29 09:14:52',6,'Contribution Amount',25.00,'GBP',1,1,'civicrm_line_item',3),
 (4,'2024-06-23 22:14:52','2022-03-23 22:14:52',8,'Contribution Amount',50.00,'USD',1,1,'civicrm_line_item',4),
 (5,'2024-06-23 22:14:52','2022-03-23 22:14:52',4,'Contribution Amount',50.00,'USD',1,1,'civicrm_line_item',5),
 (6,'2024-06-23 22:14:52','2024-03-30 21:32:52',16,'Contribution Amount',500.00,'USD',1,1,'civicrm_line_item',6),
 (7,'2024-06-23 22:14:52','2024-06-21 22:14:52',19,'Contribution Amount',1750.00,'USD',1,1,'civicrm_line_item',7),
 (8,'2024-06-23 22:14:52','2023-10-31 06:25:52',82,'Contribution Amount',50.00,'USD',1,1,'civicrm_line_item',8),
 (9,'2024-06-23 22:14:52','2023-07-23 22:14:52',92,'Contribution Amount',10.00,'USD',1,1,'civicrm_line_item',9),
 (10,'2024-06-23 22:14:52','2020-02-01 00:14:52',34,'Contribution Amount',250.00,'USD',1,1,'civicrm_line_item',10),
 (11,'2024-06-23 22:14:52','2024-06-22 18:14:52',71,'Contribution Amount',500.00,'JPY',1,1,'civicrm_line_item',11),
 (12,'2024-06-23 22:14:52','2023-03-23 11:41:32',43,'Contribution Amount',50.00,'USD',1,1,'civicrm_line_item',12),
 (13,'2024-06-23 22:14:52','2024-03-23 00:00:00',32,'Contribution Amount',50.00,'USD',1,1,'civicrm_line_item',13),
 (14,'2024-06-23 22:14:52','2024-04-23 00:00:00',32,'Contribution Amount',50.00,'USD',1,1,'civicrm_line_item',14),
 (15,'2024-06-23 22:14:52','2023-03-23 22:14:52',59,'Contribution Amount',25.00,'USD',1,1,'civicrm_line_item',15),
 (16,'2024-06-23 22:14:52','2023-04-23 22:14:52',59,'Contribution Amount',25.00,'USD',1,1,'civicrm_line_item',16),
 (17,'2024-06-23 22:14:52','2023-05-23 22:14:52',59,'Contribution Amount',25.00,'USD',1,1,'civicrm_line_item',17),
 (18,'2024-06-23 22:14:52','2023-06-23 22:14:52',59,'Contribution Amount',25.00,'USD',1,1,'civicrm_line_item',18),
 (19,'2024-06-23 22:14:52','2023-07-23 22:14:52',59,'Contribution Amount',25.00,'USD',1,1,'civicrm_line_item',19),
 (20,'2024-06-23 22:14:52','2023-08-23 22:14:52',59,'Contribution Amount',25.00,'USD',1,1,'civicrm_line_item',20),
 (21,'2024-06-23 22:14:52','2023-09-23 22:14:52',59,'Contribution Amount',25.00,'USD',1,1,'civicrm_line_item',21),
 (22,'2024-06-23 22:14:52','2023-10-23 22:14:52',59,'Contribution Amount',25.00,'USD',1,1,'civicrm_line_item',22),
 (23,'2024-06-23 22:14:52','2023-11-23 22:14:52',59,'Contribution Amount',25.00,'USD',1,1,'civicrm_line_item',23),
 (24,'2024-06-23 22:14:52','2023-12-23 22:14:52',59,'Contribution Amount',25.00,'USD',1,1,'civicrm_line_item',24),
 (25,'2024-06-23 22:14:52','2024-01-23 22:14:52',59,'Contribution Amount',25.00,'USD',1,1,'civicrm_line_item',25),
 (26,'2024-06-23 22:14:52','2023-10-23 22:14:52',99,'Contribution Amount',10.00,'CAD',1,1,'civicrm_line_item',26),
 (27,'2024-06-23 22:14:52','2023-11-23 22:14:52',99,'Contribution Amount',10.00,'CAD',1,1,'civicrm_line_item',27),
 (28,'2024-06-23 22:14:52','2023-12-23 22:14:52',99,'Contribution Amount',10.00,'CAD',1,1,'civicrm_line_item',28),
 (29,'2024-06-23 22:14:52','2024-01-23 22:14:52',99,'Contribution Amount',10.00,'CAD',1,1,'civicrm_line_item',29),
 (30,'2024-06-23 22:14:52','2024-02-23 22:14:52',99,'Contribution Amount',10.00,'CAD',1,1,'civicrm_line_item',30),
 (31,'2024-06-23 22:14:52','2024-05-23 22:14:52',103,'Contribution Amount',5.00,'EUR',1,1,'civicrm_line_item',31),
 (32,'2024-06-23 22:14:52','2024-06-23 22:14:52',192,'General',100.00,'USD',2,1,'civicrm_line_item',32),
 (33,'2024-06-23 22:14:52','2024-06-23 22:14:52',136,'General',100.00,'USD',2,1,'civicrm_line_item',33),
 (34,'2024-06-23 22:14:52','2024-06-23 22:14:52',109,'General',100.00,'USD',2,1,'civicrm_line_item',34),
 (35,'2024-06-23 22:14:52','2024-06-23 22:14:52',141,'General',100.00,'USD',2,1,'civicrm_line_item',35),
 (36,'2024-06-23 22:14:52','2024-06-23 22:14:52',113,'General',100.00,'USD',2,1,'civicrm_line_item',36),
 (37,'2024-06-23 22:14:52','2024-06-23 22:14:52',124,'General',100.00,'USD',2,1,'civicrm_line_item',37),
 (38,'2024-06-23 22:14:52','2024-06-23 22:14:52',187,'General',100.00,'USD',2,1,'civicrm_line_item',38),
 (39,'2024-06-23 22:14:52','2024-06-23 22:14:52',94,'General',100.00,'USD',2,1,'civicrm_line_item',39),
 (40,'2024-06-23 22:14:52','2024-06-23 22:14:52',153,'General',100.00,'USD',2,1,'civicrm_line_item',40),
 (41,'2024-06-23 22:14:52','2024-06-23 22:14:52',131,'General',100.00,'USD',2,1,'civicrm_line_item',41),
 (42,'2024-06-23 22:14:52','2024-06-23 22:14:52',112,'General',100.00,'USD',2,1,'civicrm_line_item',42),
 (43,'2024-06-23 22:14:52','2024-06-23 22:14:52',71,'General',100.00,'USD',2,1,'civicrm_line_item',43),
 (44,'2024-06-23 22:14:52','2024-06-23 22:14:52',176,'General',100.00,'USD',2,1,'civicrm_line_item',44),
 (45,'2024-06-23 22:14:52','2024-06-23 22:14:52',150,'General',100.00,'USD',2,1,'civicrm_line_item',45),
 (46,'2024-06-23 22:14:52','2024-06-23 22:14:52',87,'Student',50.00,'USD',2,1,'civicrm_line_item',46),
 (47,'2024-06-23 22:14:52','2024-06-23 22:14:52',86,'Student',50.00,'USD',2,1,'civicrm_line_item',47),
 (48,'2024-06-23 22:14:52','2024-06-23 22:14:52',152,'Student',50.00,'USD',2,1,'civicrm_line_item',48),
 (49,'2024-06-23 22:14:52','2024-06-23 22:14:52',92,'Student',50.00,'USD',2,1,'civicrm_line_item',49),
 (50,'2024-06-23 22:14:52','2024-06-23 22:14:52',183,'Student',50.00,'USD',2,1,'civicrm_line_item',50),
 (51,'2024-06-23 22:14:52','2024-06-23 22:14:52',143,'Student',50.00,'USD',2,1,'civicrm_line_item',51),
 (52,'2024-06-23 22:14:52','2024-06-23 22:14:52',68,'Student',50.00,'USD',2,1,'civicrm_line_item',52),
 (53,'2024-06-23 22:14:52','2024-06-23 22:14:52',198,'Student',50.00,'USD',2,1,'civicrm_line_item',53),
 (54,'2024-06-23 22:14:52','2024-06-23 22:14:52',95,'Student',50.00,'USD',2,1,'civicrm_line_item',54),
 (55,'2024-06-23 22:14:52','2024-06-23 22:14:52',181,'Student',50.00,'USD',2,1,'civicrm_line_item',55),
 (56,'2024-06-23 22:14:52','2024-06-23 22:14:52',191,'Student',50.00,'USD',2,1,'civicrm_line_item',56),
 (57,'2024-06-23 22:14:52','2024-06-23 22:14:52',89,'Student',50.00,'USD',2,1,'civicrm_line_item',57),
 (58,'2024-06-23 22:14:52','2024-06-23 22:14:52',82,'Student',50.00,'USD',2,1,'civicrm_line_item',58),
 (59,'2024-06-23 22:14:52','2024-06-23 22:14:52',177,'Student',50.00,'USD',2,1,'civicrm_line_item',59),
 (60,'2024-06-23 22:14:52','2024-06-23 22:14:52',28,'Lifetime',1200.00,'USD',2,1,'civicrm_line_item',60),
 (61,'2024-06-23 22:14:52','2024-06-23 22:14:52',80,'Lifetime',1200.00,'USD',2,1,'civicrm_line_item',61),
 (62,'2024-06-23 22:14:52','2024-06-23 22:14:52',153,'Soprano',50.00,'USD',2,1,'civicrm_line_item',97),
 (63,'2024-06-23 22:14:52','2024-06-23 22:14:52',27,'Soprano',50.00,'USD',2,1,'civicrm_line_item',98),
 (64,'2024-06-23 22:14:52','2024-06-23 22:14:52',14,'Soprano',50.00,'USD',2,1,'civicrm_line_item',99),
 (65,'2024-06-23 22:14:52','2024-06-23 22:14:52',81,'Soprano',50.00,'USD',2,1,'civicrm_line_item',100),
 (66,'2024-06-23 22:14:52','2024-06-23 22:14:52',155,'Soprano',50.00,'USD',2,1,'civicrm_line_item',101),
 (67,'2024-06-23 22:14:52','2024-06-23 22:14:52',17,'Soprano',50.00,'USD',2,1,'civicrm_line_item',102),
 (68,'2024-06-23 22:14:52','2024-06-23 22:14:52',127,'Soprano',50.00,'USD',2,1,'civicrm_line_item',103),
 (69,'2024-06-23 22:14:52','2024-06-23 22:14:52',174,'Soprano',50.00,'USD',2,1,'civicrm_line_item',104),
 (70,'2024-06-23 22:14:52','2024-06-23 22:14:52',128,'Soprano',50.00,'USD',2,1,'civicrm_line_item',105),
 (71,'2024-06-23 22:14:52','2024-06-23 22:14:52',114,'Soprano',50.00,'USD',2,1,'civicrm_line_item',106),
 (72,'2024-06-23 22:14:52','2024-06-23 22:14:52',50,'Soprano',50.00,'USD',2,1,'civicrm_line_item',107),
 (73,'2024-06-23 22:14:52','2024-06-23 22:14:52',192,'Soprano',50.00,'USD',2,1,'civicrm_line_item',108),
 (74,'2024-06-23 22:14:52','2024-06-23 22:14:52',152,'Soprano',50.00,'USD',2,1,'civicrm_line_item',109),
 (75,'2024-06-23 22:14:52','2024-06-23 22:14:52',74,'Soprano',50.00,'USD',2,1,'civicrm_line_item',110),
 (76,'2024-06-23 22:14:52','2024-06-23 22:14:52',10,'Soprano',50.00,'USD',2,1,'civicrm_line_item',111),
 (77,'2024-06-23 22:14:52','2024-06-23 22:14:52',122,'Soprano',50.00,'USD',2,1,'civicrm_line_item',112),
 (78,'2024-06-23 22:14:52','2024-06-23 22:14:52',48,'Tiny-tots (ages 5-8)',800.00,'USD',4,1,'civicrm_line_item',63),
 (79,'2024-06-23 22:14:52','2024-06-23 22:14:52',28,'Tiny-tots (ages 5-8)',800.00,'USD',4,1,'civicrm_line_item',64),
 (80,'2024-06-23 22:14:52','2024-06-23 22:14:52',33,'Tiny-tots (ages 5-8)',800.00,'USD',4,1,'civicrm_line_item',65),
 (81,'2024-06-23 22:14:53','2024-06-23 22:14:52',149,'Tiny-tots (ages 5-8)',800.00,'USD',4,1,'civicrm_line_item',66),
 (82,'2024-06-23 22:14:53','2024-06-23 22:14:52',43,'Tiny-tots (ages 5-8)',800.00,'USD',4,1,'civicrm_line_item',67),
 (83,'2024-06-23 22:14:53','2024-06-23 22:14:52',102,'Tiny-tots (ages 5-8)',800.00,'USD',4,1,'civicrm_line_item',68),
 (84,'2024-06-23 22:14:53','2024-06-23 22:14:52',19,'Tiny-tots (ages 5-8)',800.00,'USD',4,1,'civicrm_line_item',69),
 (85,'2024-06-23 22:14:53','2024-06-23 22:14:52',6,'Tiny-tots (ages 5-8)',800.00,'USD',4,1,'civicrm_line_item',70),
 (86,'2024-06-23 22:14:53','2024-06-23 22:14:52',111,'Tiny-tots (ages 5-8)',800.00,'USD',4,1,'civicrm_line_item',71),
 (87,'2024-06-23 22:14:53','2024-06-23 22:14:52',113,'Tiny-tots (ages 5-8)',800.00,'USD',4,1,'civicrm_line_item',72),
 (88,'2024-06-23 22:14:53','2024-06-23 22:14:52',67,'Tiny-tots (ages 5-8)',800.00,'USD',4,1,'civicrm_line_item',73),
 (89,'2024-06-23 22:14:53','2024-06-23 22:14:52',34,'Tiny-tots (ages 5-8)',800.00,'USD',4,1,'civicrm_line_item',74),
 (90,'2024-06-23 22:14:53','2024-06-23 22:14:52',16,'Tiny-tots (ages 5-8)',800.00,'USD',4,1,'civicrm_line_item',75),
 (91,'2024-06-23 22:14:53','2024-06-23 22:14:52',146,'Tiny-tots (ages 5-8)',800.00,'USD',4,1,'civicrm_line_item',76),
 (92,'2024-06-23 22:14:53','2024-06-23 22:14:52',195,'Tiny-tots (ages 5-8)',800.00,'USD',4,1,'civicrm_line_item',77),
 (93,'2024-06-23 22:14:53','2024-06-23 22:14:52',161,'Tiny-tots (ages 5-8)',800.00,'USD',4,1,'civicrm_line_item',78),
 (94,'2024-06-23 22:14:53','2024-06-23 22:14:52',160,'Tiny-tots (ages 5-8)',800.00,'USD',4,1,'civicrm_line_item',79),
 (95,'2024-06-23 22:14:53','2024-06-23 22:14:52',76,'Tiny-tots (ages 5-8)',800.00,'USD',4,1,'civicrm_line_item',80),
 (96,'2024-06-23 22:14:53','2024-06-23 22:14:52',119,'Single',50.00,'USD',4,1,'civicrm_line_item',81),
 (97,'2024-06-23 22:14:53','2024-06-23 22:14:52',36,'Single',50.00,'USD',4,1,'civicrm_line_item',82),
 (98,'2024-06-23 22:14:53','2024-06-23 22:14:52',186,'Single',50.00,'USD',4,1,'civicrm_line_item',83),
 (99,'2024-06-23 22:14:53','2024-06-23 22:14:52',52,'Single',50.00,'USD',4,1,'civicrm_line_item',84),
 (100,'2024-06-23 22:14:53','2024-06-23 22:14:52',51,'Single',50.00,'USD',4,1,'civicrm_line_item',85),
 (101,'2024-06-23 22:14:53','2024-06-23 22:14:52',162,'Single',50.00,'USD',4,1,'civicrm_line_item',86),
 (102,'2024-06-23 22:14:53','2024-06-23 22:14:52',175,'Single',50.00,'USD',4,1,'civicrm_line_item',87),
 (103,'2024-06-23 22:14:53','2024-06-23 22:14:52',151,'Single',50.00,'USD',4,1,'civicrm_line_item',88),
 (104,'2024-06-23 22:14:53','2024-06-23 22:14:52',147,'Single',50.00,'USD',4,1,'civicrm_line_item',89),
 (105,'2024-06-23 22:14:53','2024-06-23 22:14:52',142,'Single',50.00,'USD',4,1,'civicrm_line_item',90),
 (106,'2024-06-23 22:14:53','2024-06-23 22:14:52',2,'Single',50.00,'USD',4,1,'civicrm_line_item',91),
 (107,'2024-06-23 22:14:53','2024-06-23 22:14:52',71,'Single',50.00,'USD',4,1,'civicrm_line_item',92),
 (108,'2024-06-23 22:14:53','2024-06-23 22:14:52',90,'Single',50.00,'USD',4,1,'civicrm_line_item',93),
 (109,'2024-06-23 22:14:53','2024-06-23 22:14:52',98,'Single',50.00,'USD',4,1,'civicrm_line_item',94),
 (110,'2024-06-23 22:14:53','2024-06-23 22:14:52',120,'Single',50.00,'USD',4,1,'civicrm_line_item',95),
 (111,'2024-06-23 22:14:53','2024-06-23 22:14:52',171,'Single',50.00,'USD',4,1,'civicrm_line_item',96);
/*!40000 ALTER TABLE `civicrm_financial_item` ENABLE KEYS */;
UNLOCK TABLES;

--
-- Dumping data for table `civicrm_financial_trxn`
--

LOCK TABLES `civicrm_financial_trxn` WRITE;
/*!40000 ALTER TABLE `civicrm_financial_trxn` DISABLE KEYS */;
INSERT INTO `civicrm_financial_trxn` (`id`, `from_financial_account_id`, `to_financial_account_id`, `trxn_date`, `total_amount`, `fee_amount`, `net_amount`, `currency`, `is_payment`, `trxn_id`, `trxn_result_code`, `status_id`, `payment_processor_id`, `payment_instrument_id`, `card_type_id`, `check_number`, `pan_truncation`, `order_reference`) VALUES
 (1,NULL,6,'2014-06-23 22:14:52',125.00,NULL,NULL,'USD',1,NULL,NULL,1,NULL,4,NULL,'1041',NULL,NULL),
 (2,NULL,6,'2022-03-23 22:14:52',50.00,NULL,NULL,'USD',1,'P20901X1',NULL,1,NULL,1,NULL,NULL,NULL,NULL),
 (3,NULL,6,'2018-05-29 09:14:52',25.00,NULL,NULL,'GBP',1,'GBP12',NULL,1,NULL,4,NULL,'2095',NULL,NULL),
 (4,NULL,6,'2022-03-23 22:14:52',50.00,NULL,NULL,'USD',1,NULL,NULL,1,NULL,4,NULL,'10552',NULL,NULL),
 (5,NULL,6,'2022-03-23 22:14:52',50.00,NULL,NULL,'USD',1,'Q90901X1',NULL,1,NULL,1,NULL,NULL,NULL,NULL),
 (6,NULL,6,'2024-03-30 21:32:52',500.00,NULL,NULL,'USD',1,NULL,NULL,1,NULL,4,NULL,'509',NULL,NULL),
 (7,NULL,6,'2024-06-21 22:14:52',1750.00,NULL,NULL,'USD',1,NULL,NULL,1,NULL,1,NULL,'102',NULL,NULL),
 (8,NULL,6,'2023-10-31 06:25:52',50.00,NULL,NULL,'USD',1,'P20193L2',NULL,1,NULL,1,NULL,NULL,NULL,NULL),
 (9,NULL,6,'2023-07-23 22:14:52',10.00,NULL,NULL,'USD',1,'P40232Y3',NULL,1,NULL,1,NULL,NULL,NULL,NULL),
 (10,NULL,6,'2020-02-01 00:14:52',250.00,NULL,NULL,'USD',1,'P20193L6',NULL,1,NULL,1,NULL,NULL,NULL,NULL),
 (11,NULL,6,'2024-06-22 18:14:52',500.00,NULL,NULL,'JPY',1,'PL71',NULL,1,NULL,1,NULL,NULL,NULL,NULL),
 (12,NULL,6,'2023-03-23 11:41:32',50.00,NULL,NULL,'USD',1,'P291X1',NULL,1,NULL,1,NULL,NULL,NULL,NULL),
 (13,NULL,6,'2024-03-23 00:00:00',50.00,NULL,NULL,'USD',1,'PL32I',NULL,1,NULL,1,NULL,NULL,NULL,NULL),
 (14,NULL,6,'2024-04-23 00:00:00',50.00,NULL,NULL,'USD',1,'PL32II',NULL,1,NULL,1,NULL,NULL,NULL,NULL),
 (15,NULL,6,'2023-03-23 22:14:52',25.00,NULL,NULL,'USD',1,'PL32I591',NULL,1,NULL,1,NULL,NULL,NULL,NULL),
 (16,NULL,6,'2023-04-23 22:14:52',25.00,NULL,NULL,'USD',1,'PL32I592',NULL,1,NULL,1,NULL,NULL,NULL,NULL),
 (17,NULL,6,'2023-05-23 22:14:52',25.00,NULL,NULL,'USD',1,'PL32I593',NULL,1,NULL,1,NULL,NULL,NULL,NULL),
 (18,NULL,6,'2023-06-23 22:14:52',25.00,NULL,NULL,'USD',1,'PL32I594',NULL,1,NULL,1,NULL,NULL,NULL,NULL),
 (19,NULL,6,'2023-07-23 22:14:52',25.00,NULL,NULL,'USD',1,'PL32I595',NULL,1,NULL,1,NULL,NULL,NULL,NULL),
 (20,NULL,6,'2023-08-23 22:14:52',25.00,NULL,NULL,'USD',1,'PL32I596',NULL,1,NULL,1,NULL,NULL,NULL,NULL),
 (21,NULL,6,'2023-09-23 22:14:52',25.00,NULL,NULL,'USD',1,'PL32I597',NULL,1,NULL,1,NULL,NULL,NULL,NULL),
 (22,NULL,6,'2023-10-23 22:14:52',25.00,NULL,NULL,'USD',1,'PL32I598',NULL,1,NULL,1,NULL,NULL,NULL,NULL),
 (23,NULL,6,'2023-11-23 22:14:52',25.00,NULL,NULL,'USD',1,'PL32I599',NULL,1,NULL,1,NULL,NULL,NULL,NULL),
 (24,NULL,6,'2023-12-23 22:14:52',25.00,NULL,NULL,'USD',1,'PL32I5910',NULL,1,NULL,1,NULL,NULL,NULL,NULL),
 (25,NULL,6,'2024-01-23 22:14:52',25.00,NULL,NULL,'USD',1,'PL32I5911',NULL,1,NULL,1,NULL,NULL,NULL,NULL),
 (26,NULL,6,'2023-10-23 22:14:52',10.00,NULL,NULL,'CAD',1,'PL32I991',NULL,1,NULL,1,NULL,NULL,NULL,NULL),
 (27,NULL,6,'2023-11-23 22:14:52',10.00,NULL,NULL,'CAD',1,'PL32I992',NULL,1,NULL,1,NULL,NULL,NULL,NULL),
 (28,NULL,6,'2023-12-23 22:14:52',10.00,NULL,NULL,'CAD',1,'PL32I993',NULL,1,NULL,1,NULL,NULL,NULL,NULL),
 (29,NULL,6,'2024-01-23 22:14:52',10.00,NULL,NULL,'CAD',1,'PL32I994',NULL,1,NULL,1,NULL,NULL,NULL,NULL),
 (30,NULL,6,'2024-02-23 22:14:52',10.00,NULL,NULL,'CAD',1,'PL32I995',NULL,1,NULL,1,NULL,NULL,NULL,NULL),
 (31,NULL,6,'2024-05-23 22:14:52',5.00,NULL,NULL,'EUR',1,'PL32I1031',NULL,1,NULL,1,NULL,NULL,NULL,NULL),
 (32,NULL,6,'2024-06-23 22:14:52',100.00,NULL,NULL,'USD',1,'531d40ce4ddcbda2',NULL,1,NULL,1,NULL,NULL,NULL,NULL),
 (33,NULL,6,'2024-06-23 22:14:52',100.00,NULL,NULL,'USD',1,'b6ebd078d0624de0',NULL,1,NULL,1,NULL,NULL,NULL,NULL),
 (34,NULL,6,'2024-06-23 22:14:52',100.00,NULL,NULL,'USD',1,'02c76a49cc9f03c1',NULL,1,NULL,1,NULL,NULL,NULL,NULL),
 (35,NULL,6,'2024-06-23 22:14:52',100.00,NULL,NULL,'USD',1,'0aa1e0103965d531',NULL,1,NULL,1,NULL,NULL,NULL,NULL),
 (36,NULL,6,'2024-06-23 22:14:52',100.00,NULL,NULL,'USD',1,'b627e7b0c33c69d6',NULL,1,NULL,1,NULL,NULL,NULL,NULL),
 (37,NULL,6,'2024-06-23 22:14:52',100.00,NULL,NULL,'USD',1,'c27da1d827324e9b',NULL,1,NULL,1,NULL,NULL,NULL,NULL),
 (38,NULL,6,'2024-06-23 22:14:52',100.00,NULL,NULL,'USD',1,'4867422ba0da03a9',NULL,1,NULL,1,NULL,NULL,NULL,NULL),
 (39,NULL,6,'2024-06-23 22:14:52',100.00,NULL,NULL,'USD',1,'47c5e8bf1077fc4c',NULL,1,NULL,1,NULL,NULL,NULL,NULL),
 (40,NULL,6,'2024-06-23 22:14:52',100.00,NULL,NULL,'USD',1,'842de5f7c456befb',NULL,1,NULL,1,NULL,NULL,NULL,NULL),
 (41,NULL,6,'2024-06-23 22:14:52',100.00,NULL,NULL,'USD',1,'c8ddf61a4b552411',NULL,1,NULL,1,NULL,NULL,NULL,NULL),
 (42,NULL,6,'2024-06-23 22:14:52',100.00,NULL,NULL,'USD',1,'067154df30015775',NULL,1,NULL,1,NULL,NULL,NULL,NULL),
 (43,NULL,6,'2024-06-23 22:14:52',100.00,NULL,NULL,'USD',1,'d28f045880e00d98',NULL,1,NULL,1,NULL,NULL,NULL,NULL),
 (44,NULL,6,'2024-06-23 22:14:52',100.00,NULL,NULL,'USD',1,'d174ade4e97b385b',NULL,1,NULL,1,NULL,NULL,NULL,NULL),
 (45,NULL,6,'2024-06-23 22:14:52',100.00,NULL,NULL,'USD',1,'02cc337a78ac6a7f',NULL,1,NULL,1,NULL,NULL,NULL,NULL),
 (46,NULL,6,'2024-06-23 22:14:52',50.00,NULL,NULL,'USD',1,'1e456d8d662cee33',NULL,1,NULL,1,NULL,NULL,NULL,NULL),
 (47,NULL,6,'2024-06-23 22:14:52',50.00,NULL,NULL,'USD',1,'5512f59c991ce3a2',NULL,1,NULL,1,NULL,NULL,NULL,NULL),
 (48,NULL,6,'2024-06-23 22:14:52',50.00,NULL,NULL,'USD',1,'fc354c2ba013815c',NULL,1,NULL,1,NULL,NULL,NULL,NULL),
 (49,NULL,6,'2024-06-23 22:14:52',50.00,NULL,NULL,'USD',1,'39e542afcba443ad',NULL,1,NULL,1,NULL,NULL,NULL,NULL),
 (50,NULL,6,'2024-06-23 22:14:52',50.00,NULL,NULL,'USD',1,'ede2ea72bdcf14cf',NULL,1,NULL,1,NULL,NULL,NULL,NULL),
 (51,NULL,6,'2024-06-23 22:14:52',50.00,NULL,NULL,'USD',1,'942773933e2ffd78',NULL,1,NULL,1,NULL,NULL,NULL,NULL),
 (52,NULL,6,'2024-06-23 22:14:52',50.00,NULL,NULL,'USD',1,'ce98ec6dd06cfa12',NULL,1,NULL,1,NULL,NULL,NULL,NULL),
 (53,NULL,6,'2024-06-23 22:14:52',50.00,NULL,NULL,'USD',1,'eae94040d631b709',NULL,1,NULL,1,NULL,NULL,NULL,NULL),
 (54,NULL,6,'2024-06-23 22:14:52',50.00,NULL,NULL,'USD',1,'368e402d2befeab1',NULL,1,NULL,1,NULL,NULL,NULL,NULL),
 (55,NULL,6,'2024-06-23 22:14:52',50.00,NULL,NULL,'USD',1,'0381a7770177655b',NULL,1,NULL,1,NULL,NULL,NULL,NULL),
 (56,NULL,6,'2024-06-23 22:14:52',50.00,NULL,NULL,'USD',1,'c977a109c68c625e',NULL,1,NULL,1,NULL,NULL,NULL,NULL),
 (57,NULL,6,'2024-06-23 22:14:52',50.00,NULL,NULL,'USD',1,'39030218f4219a29',NULL,1,NULL,1,NULL,NULL,NULL,NULL),
 (58,NULL,6,'2024-06-23 22:14:52',50.00,NULL,NULL,'USD',1,'59d9664d1e3fec52',NULL,1,NULL,1,NULL,NULL,NULL,NULL),
 (59,NULL,6,'2024-06-23 22:14:52',50.00,NULL,NULL,'USD',1,'00727ca0c30748bb',NULL,1,NULL,1,NULL,NULL,NULL,NULL),
 (60,NULL,6,'2024-06-23 22:14:52',1200.00,NULL,NULL,'USD',1,'334479c8b9f90c4c',NULL,1,NULL,1,NULL,NULL,NULL,NULL),
 (61,NULL,6,'2024-06-23 22:14:52',1200.00,NULL,NULL,'USD',1,'c135e1611b05df59',NULL,1,NULL,1,NULL,NULL,NULL,NULL),
 (62,NULL,6,'2024-06-23 22:14:52',50.00,NULL,NULL,'USD',1,'2fc47e88596a9730',NULL,1,NULL,1,NULL,NULL,NULL,NULL),
 (63,NULL,6,'2024-06-23 22:14:52',50.00,NULL,NULL,'USD',1,'f42f09db76b359cb',NULL,1,NULL,1,NULL,NULL,NULL,NULL),
 (64,NULL,6,'2024-06-23 22:14:52',50.00,NULL,NULL,'USD',1,'44c63bd9b4bad0b6',NULL,1,NULL,1,NULL,NULL,NULL,NULL),
 (65,NULL,6,'2024-06-23 22:14:52',50.00,NULL,NULL,'USD',1,'e32af226b6d4b26c',NULL,1,NULL,1,NULL,NULL,NULL,NULL),
 (66,NULL,6,'2024-06-23 22:14:52',50.00,NULL,NULL,'USD',1,'cd55acfdcf2b45b5',NULL,1,NULL,1,NULL,NULL,NULL,NULL),
 (67,NULL,6,'2024-06-23 22:14:52',50.00,NULL,NULL,'USD',1,'d9552d0556ace351',NULL,1,NULL,1,NULL,NULL,NULL,NULL),
 (68,NULL,6,'2024-06-23 22:14:52',50.00,NULL,NULL,'USD',1,'77991328f0883f56',NULL,1,NULL,1,NULL,NULL,NULL,NULL),
 (69,NULL,6,'2024-06-23 22:14:52',50.00,NULL,NULL,'USD',1,'df0c8784ef1cbcbb',NULL,1,NULL,1,NULL,NULL,NULL,NULL),
 (70,NULL,6,'2024-06-23 22:14:52',50.00,NULL,NULL,'USD',1,'4fad5fd21e5926ec',NULL,1,NULL,1,NULL,NULL,NULL,NULL),
 (71,NULL,6,'2024-06-23 22:14:52',50.00,NULL,NULL,'USD',1,'13522a4d9b2443cf',NULL,1,NULL,1,NULL,NULL,NULL,NULL),
 (72,NULL,6,'2024-06-23 22:14:52',50.00,NULL,NULL,'USD',1,'402fcad0b0bea4e7',NULL,1,NULL,1,NULL,NULL,NULL,NULL),
 (73,NULL,6,'2024-06-23 22:14:52',50.00,NULL,NULL,'USD',1,'f7b51a768add6e73',NULL,1,NULL,1,NULL,NULL,NULL,NULL),
 (74,NULL,6,'2024-06-23 22:14:52',50.00,NULL,NULL,'USD',1,'12352543f1acb776',NULL,1,NULL,1,NULL,NULL,NULL,NULL),
 (75,NULL,6,'2024-06-23 22:14:52',50.00,NULL,NULL,'USD',1,'07b8c87b7f357bb4',NULL,1,NULL,1,NULL,NULL,NULL,NULL),
 (76,NULL,6,'2024-06-23 22:14:52',50.00,NULL,NULL,'USD',1,'e094f4e8960d4993',NULL,1,NULL,1,NULL,NULL,NULL,NULL),
 (77,NULL,6,'2024-06-23 22:14:52',50.00,NULL,NULL,'USD',1,'b65d13883f609ad9',NULL,1,NULL,1,NULL,NULL,NULL,NULL),
 (78,NULL,6,'2024-06-23 22:14:52',800.00,NULL,NULL,'USD',1,'e5a076d5e69eb975',NULL,1,NULL,1,NULL,NULL,NULL,NULL),
 (79,NULL,6,'2024-06-23 22:14:52',800.00,NULL,NULL,'USD',1,'3f20cecb8d6a6b3d',NULL,1,NULL,1,NULL,NULL,NULL,NULL),
 (80,NULL,6,'2024-06-23 22:14:52',800.00,NULL,NULL,'USD',1,'11c2b5ef75940cda',NULL,1,NULL,1,NULL,NULL,NULL,NULL),
 (81,NULL,6,'2024-06-23 22:14:52',800.00,NULL,NULL,'USD',1,'463614d7e627e09a',NULL,1,NULL,1,NULL,NULL,NULL,NULL),
 (82,NULL,6,'2024-06-23 22:14:52',800.00,NULL,NULL,'USD',1,'49e77df772e59133',NULL,1,NULL,1,NULL,NULL,NULL,NULL),
 (83,NULL,6,'2024-06-23 22:14:52',800.00,NULL,NULL,'USD',1,'29ee50217d247160',NULL,1,NULL,1,NULL,NULL,NULL,NULL),
 (84,NULL,6,'2024-06-23 22:14:52',800.00,NULL,NULL,'USD',1,'6129fd43d0e01c7b',NULL,1,NULL,1,NULL,NULL,NULL,NULL),
 (85,NULL,6,'2024-06-23 22:14:52',800.00,NULL,NULL,'USD',1,'71202cd046985534',NULL,1,NULL,1,NULL,NULL,NULL,NULL),
 (86,NULL,6,'2024-06-23 22:14:52',800.00,NULL,NULL,'USD',1,'c914e82c34ea8ab8',NULL,1,NULL,1,NULL,NULL,NULL,NULL),
 (87,NULL,6,'2024-06-23 22:14:52',800.00,NULL,NULL,'USD',1,'7773b0580ce99186',NULL,1,NULL,1,NULL,NULL,NULL,NULL),
 (88,NULL,6,'2024-06-23 22:14:52',800.00,NULL,NULL,'USD',1,'8d868ccb1b9749d9',NULL,1,NULL,1,NULL,NULL,NULL,NULL),
 (89,NULL,6,'2024-06-23 22:14:52',800.00,NULL,NULL,'USD',1,'6d60ee93667a3718',NULL,1,NULL,1,NULL,NULL,NULL,NULL),
 (90,NULL,6,'2024-06-23 22:14:52',800.00,NULL,NULL,'USD',1,'5add7537950b841b',NULL,1,NULL,1,NULL,NULL,NULL,NULL),
 (91,NULL,6,'2024-06-23 22:14:52',800.00,NULL,NULL,'USD',1,'700d766897a77aff',NULL,1,NULL,1,NULL,NULL,NULL,NULL),
 (92,NULL,6,'2024-06-23 22:14:52',800.00,NULL,NULL,'USD',1,'38b8d1fcaf57b3c3',NULL,1,NULL,1,NULL,NULL,NULL,NULL),
 (93,NULL,6,'2024-06-23 22:14:52',800.00,NULL,NULL,'USD',1,'fbb98b9d3bcc9f39',NULL,1,NULL,1,NULL,NULL,NULL,NULL),
 (94,NULL,6,'2024-06-23 22:14:52',800.00,NULL,NULL,'USD',1,'cdfbf65b6e3e97b5',NULL,1,NULL,1,NULL,NULL,NULL,NULL),
 (95,NULL,6,'2024-06-23 22:14:52',800.00,NULL,NULL,'USD',1,'e347621bfc33eda6',NULL,1,NULL,1,NULL,NULL,NULL,NULL),
 (96,NULL,6,'2024-06-23 22:14:52',50.00,NULL,NULL,'USD',1,'3498533d5eef3109',NULL,1,NULL,1,NULL,NULL,NULL,NULL),
 (97,NULL,6,'2024-06-23 22:14:52',50.00,NULL,NULL,'USD',1,'dfaf1396d50f063d',NULL,1,NULL,1,NULL,NULL,NULL,NULL),
 (98,NULL,6,'2024-06-23 22:14:52',50.00,NULL,NULL,'USD',1,'2476847d8b12bd45',NULL,1,NULL,1,NULL,NULL,NULL,NULL),
 (99,NULL,6,'2024-06-23 22:14:52',50.00,NULL,NULL,'USD',1,'039d5c54db115b7e',NULL,1,NULL,1,NULL,NULL,NULL,NULL),
 (100,NULL,6,'2024-06-23 22:14:52',50.00,NULL,NULL,'USD',1,'4b0facadfa3eca47',NULL,1,NULL,1,NULL,NULL,NULL,NULL),
 (101,NULL,6,'2024-06-23 22:14:52',50.00,NULL,NULL,'USD',1,'899496d75e0f0a7f',NULL,1,NULL,1,NULL,NULL,NULL,NULL),
 (102,NULL,6,'2024-06-23 22:14:52',50.00,NULL,NULL,'USD',1,'ba2aeab1dbfeb142',NULL,1,NULL,1,NULL,NULL,NULL,NULL),
 (103,NULL,6,'2024-06-23 22:14:52',50.00,NULL,NULL,'USD',1,'f5ccfa08a8ea16ef',NULL,1,NULL,1,NULL,NULL,NULL,NULL),
 (104,NULL,6,'2024-06-23 22:14:52',50.00,NULL,NULL,'USD',1,'66c3e9f1cd841cff',NULL,1,NULL,1,NULL,NULL,NULL,NULL),
 (105,NULL,6,'2024-06-23 22:14:52',50.00,NULL,NULL,'USD',1,'6e13c3a0be8b24fe',NULL,1,NULL,1,NULL,NULL,NULL,NULL),
 (106,NULL,6,'2024-06-23 22:14:52',50.00,NULL,NULL,'USD',1,'ffebac21ee4da08f',NULL,1,NULL,1,NULL,NULL,NULL,NULL),
 (107,NULL,6,'2024-06-23 22:14:52',50.00,NULL,NULL,'USD',1,'e0b03dffe05eae18',NULL,1,NULL,1,NULL,NULL,NULL,NULL),
 (108,NULL,6,'2024-06-23 22:14:52',50.00,NULL,NULL,'USD',1,'f586111b428854ce',NULL,1,NULL,1,NULL,NULL,NULL,NULL),
 (109,NULL,6,'2024-06-23 22:14:52',50.00,NULL,NULL,'USD',1,'5d9549ea7a6ec559',NULL,1,NULL,1,NULL,NULL,NULL,NULL),
 (110,NULL,6,'2024-06-23 22:14:52',50.00,NULL,NULL,'USD',1,'e3d61232ba6969f1',NULL,1,NULL,1,NULL,NULL,NULL,NULL),
 (111,NULL,6,'2024-06-23 22:14:52',50.00,NULL,NULL,'USD',1,'c4d7f316f2d82b34',NULL,1,NULL,1,NULL,NULL,NULL,NULL);
/*!40000 ALTER TABLE `civicrm_financial_trxn` ENABLE KEYS */;
UNLOCK TABLES;

--
-- Dumping data for table `civicrm_financial_type`
--

LOCK TABLES `civicrm_financial_type` WRITE;
/*!40000 ALTER TABLE `civicrm_financial_type` DISABLE KEYS */;
INSERT INTO `civicrm_financial_type` (`id`, `name`, `description`, `is_deductible`, `is_reserved`, `is_active`) VALUES
 (1,'Donation',NULL,1,0,1),
 (2,'Member Dues',NULL,1,0,1),
 (3,'Campaign Contribution',NULL,0,0,1),
 (4,'Event Fee',NULL,0,0,1);
/*!40000 ALTER TABLE `civicrm_financial_type` ENABLE KEYS */;
UNLOCK TABLES;

--
-- Dumping data for table `civicrm_group`
--

LOCK TABLES `civicrm_group` WRITE;
/*!40000 ALTER TABLE `civicrm_group` DISABLE KEYS */;
INSERT INTO `civicrm_group` (`id`, `name`, `title`, `description`, `source`, `saved_search_id`, `is_active`, `visibility`, `where_clause`, `select_tables`, `where_tables`, `group_type`, `cache_date`, `cache_fill_took`, `refresh_date`, `parents`, `children`, `is_hidden`, `is_reserved`, `created_id`, `modified_id`, `frontend_title`, `frontend_description`) VALUES
 (1,'Administrators','Administrators','Contacts in this group are assigned Administrator role permissions.',NULL,NULL,1,'User and User Admin Only',NULL,NULL,NULL,'1',NULL,NULL,NULL,NULL,NULL,0,0,NULL,NULL,'Administrators',''),
 (2,'Newsletter Subscribers','Newsletter Subscribers',NULL,NULL,NULL,1,'Public Pages',NULL,NULL,NULL,'12',NULL,NULL,NULL,NULL,NULL,0,0,NULL,NULL,'Newsletter Subscribers',NULL),
 (3,'Summer Program Volunteers','Summer Program Volunteers',NULL,NULL,NULL,1,'Public Pages',NULL,NULL,NULL,'12',NULL,NULL,NULL,NULL,NULL,0,0,NULL,NULL,'Summer Program Volunteers',NULL),
 (4,'Advisory Board','Advisory Board',NULL,NULL,NULL,1,'Public Pages',NULL,NULL,NULL,'12',NULL,NULL,NULL,NULL,NULL,0,0,NULL,NULL,'Advisory Board',NULL);
/*!40000 ALTER TABLE `civicrm_group` ENABLE KEYS */;
UNLOCK TABLES;

--
-- Dumping data for table `civicrm_group_contact`
--

LOCK TABLES `civicrm_group_contact` WRITE;
/*!40000 ALTER TABLE `civicrm_group_contact` DISABLE KEYS */;
INSERT INTO `civicrm_group_contact` (`id`, `group_id`, `contact_id`, `status`, `location_id`, `email_id`) VALUES
 (1,2,171,'Added',NULL,NULL),
 (2,2,33,'Added',NULL,NULL),
 (3,2,13,'Added',NULL,NULL),
 (4,2,200,'Added',NULL,NULL),
 (5,2,132,'Added',NULL,NULL),
 (6,2,18,'Added',NULL,NULL),
 (7,2,181,'Added',NULL,NULL),
 (8,2,42,'Added',NULL,NULL),
 (9,2,104,'Added',NULL,NULL),
 (10,2,53,'Added',NULL,NULL),
 (11,2,174,'Added',NULL,NULL),
 (12,2,27,'Added',NULL,NULL),
 (13,2,193,'Added',NULL,NULL),
 (14,2,152,'Added',NULL,NULL),
 (15,2,6,'Added',NULL,NULL),
 (16,2,175,'Added',NULL,NULL),
 (17,2,153,'Added',NULL,NULL),
 (18,2,100,'Added',NULL,NULL),
 (19,2,102,'Added',NULL,NULL),
 (20,2,147,'Added',NULL,NULL),
 (21,2,46,'Added',NULL,NULL),
 (22,2,141,'Added',NULL,NULL),
 (23,2,83,'Added',NULL,NULL),
 (24,2,162,'Added',NULL,NULL),
 (25,2,196,'Added',NULL,NULL),
 (26,2,92,'Added',NULL,NULL),
 (27,2,12,'Added',NULL,NULL),
 (28,2,2,'Added',NULL,NULL),
 (29,2,40,'Added',NULL,NULL),
 (30,2,85,'Added',NULL,NULL),
 (31,2,179,'Added',NULL,NULL),
 (32,2,81,'Added',NULL,NULL),
 (33,2,124,'Added',NULL,NULL),
 (34,2,194,'Added',NULL,NULL),
 (35,2,32,'Added',NULL,NULL),
 (36,2,75,'Added',NULL,NULL),
 (37,2,11,'Added',NULL,NULL),
 (38,2,177,'Added',NULL,NULL),
 (39,2,165,'Added',NULL,NULL),
 (40,2,50,'Added',NULL,NULL),
 (41,2,14,'Added',NULL,NULL),
 (42,2,82,'Added',NULL,NULL),
 (43,2,140,'Added',NULL,NULL),
 (44,2,70,'Added',NULL,NULL),
 (45,2,168,'Added',NULL,NULL),
 (46,2,97,'Added',NULL,NULL),
 (47,2,186,'Added',NULL,NULL),
 (48,2,52,'Added',NULL,NULL),
 (49,2,35,'Added',NULL,NULL),
 (50,2,95,'Added',NULL,NULL),
 (51,2,161,'Added',NULL,NULL),
 (52,2,166,'Added',NULL,NULL),
 (53,2,20,'Added',NULL,NULL),
 (54,2,89,'Added',NULL,NULL),
 (55,2,24,'Added',NULL,NULL),
 (56,2,199,'Added',NULL,NULL),
 (57,2,139,'Added',NULL,NULL),
 (58,2,28,'Added',NULL,NULL),
 (59,2,180,'Added',NULL,NULL),
 (60,2,131,'Added',NULL,NULL),
 (61,3,137,'Added',NULL,NULL),
 (62,3,123,'Added',NULL,NULL),
 (63,3,198,'Added',NULL,NULL),
 (64,3,71,'Added',NULL,NULL),
 (65,3,67,'Added',NULL,NULL),
 (66,3,189,'Added',NULL,NULL),
 (67,3,178,'Added',NULL,NULL),
 (68,3,87,'Added',NULL,NULL),
 (69,3,69,'Added',NULL,NULL),
 (70,3,47,'Added',NULL,NULL),
 (71,3,142,'Added',NULL,NULL),
 (72,3,184,'Added',NULL,NULL),
 (73,3,4,'Added',NULL,NULL),
 (74,3,182,'Added',NULL,NULL),
 (75,3,154,'Added',NULL,NULL),
 (76,4,171,'Added',NULL,NULL),
 (77,4,42,'Added',NULL,NULL),
 (78,4,6,'Added',NULL,NULL),
 (79,4,141,'Added',NULL,NULL),
 (80,4,40,'Added',NULL,NULL),
 (81,4,75,'Added',NULL,NULL),
 (82,4,140,'Added',NULL,NULL),
 (83,4,95,'Added',NULL,NULL),
 (84,4,202,'Added',NULL,NULL);
/*!40000 ALTER TABLE `civicrm_group_contact` ENABLE KEYS */;
UNLOCK TABLES;

--
-- Dumping data for table `civicrm_group_contact_cache`
--

LOCK TABLES `civicrm_group_contact_cache` WRITE;
/*!40000 ALTER TABLE `civicrm_group_contact_cache` DISABLE KEYS */;
/*!40000 ALTER TABLE `civicrm_group_contact_cache` ENABLE KEYS */;
UNLOCK TABLES;

--
-- Dumping data for table `civicrm_group_nesting`
--

LOCK TABLES `civicrm_group_nesting` WRITE;
/*!40000 ALTER TABLE `civicrm_group_nesting` DISABLE KEYS */;
/*!40000 ALTER TABLE `civicrm_group_nesting` ENABLE KEYS */;
UNLOCK TABLES;

--
-- Dumping data for table `civicrm_group_organization`
--

LOCK TABLES `civicrm_group_organization` WRITE;
/*!40000 ALTER TABLE `civicrm_group_organization` DISABLE KEYS */;
/*!40000 ALTER TABLE `civicrm_group_organization` ENABLE KEYS */;
UNLOCK TABLES;

--
-- Dumping data for table `civicrm_im`
--

LOCK TABLES `civicrm_im` WRITE;
/*!40000 ALTER TABLE `civicrm_im` DISABLE KEYS */;
/*!40000 ALTER TABLE `civicrm_im` ENABLE KEYS */;
UNLOCK TABLES;

--
-- Dumping data for table `civicrm_job`
--

LOCK TABLES `civicrm_job` WRITE;
/*!40000 ALTER TABLE `civicrm_job` DISABLE KEYS */;
INSERT INTO `civicrm_job` (`id`, `domain_id`, `run_frequency`, `last_run`, `last_run_end`, `scheduled_run_date`, `name`, `description`, `api_entity`, `api_action`, `parameters`, `is_active`) VALUES
 (1,1,'Daily',NULL,NULL,NULL,'CiviCRM Update Check','Checks for version updates. https://docs.civicrm.org/user/en/latest/initial-set-up/scheduled-jobs/#job_version_check','Job','version_check',NULL,1),
 (2,1,'Always',NULL,NULL,NULL,'Send Scheduled Mailings','Sends out scheduled mailings. https://docs.civicrm.org/user/en/latest/initial-set-up/scheduled-jobs/#job_process_mailing','Job','process_mailing',NULL,0),
 (3,1,'Hourly',NULL,NULL,NULL,'Fetch Bounces','Fetches bounces from mailings. https://docs.civicrm.org/user/en/latest/initial-set-up/scheduled-jobs/#job_fetch_bounces','Job','fetch_bounces','is_create_activities=0',0),
 (4,1,'Hourly',NULL,NULL,NULL,'Process Inbound Emails','Inserts activity for a contact or a case by retrieving inbound emails. https://docs.civicrm.org/user/en/latest/initial-set-up/scheduled-jobs/#job_fetch_activities','Job','fetch_activities',NULL,0),
 (5,1,'Daily',NULL,NULL,NULL,'Process Pledges','Updates pledge records and sends out reminders. https://docs.civicrm.org/user/en/latest/initial-set-up/scheduled-jobs/#job_process_pledge','Job','process_pledge','send_reminders=0',0),
 (6,1,'Daily',NULL,NULL,NULL,'Geocode and Parse Addresses','Geocodes and/or parses street addresses. https://docs.civicrm.org/user/en/latest/initial-set-up/scheduled-jobs/#job_geocode','Job','geocode','geocoding=1\n      parse=0\n      throttle=0',0),
 (7,1,'Daily',NULL,NULL,NULL,'Update Individual Email Greeting','Update Individual Email Greeting. https://docs.civicrm.org/user/en/latest/initial-set-up/scheduled-jobs/#job_update_greeting','Job','update_greeting','ct=Individual\ngt=email_greeting',0),
 (8,1,'Daily',NULL,NULL,NULL,'Update Individual Postal Greeting','Update Individual Postal Greeting. https://docs.civicrm.org/user/en/latest/initial-set-up/scheduled-jobs/#job_update_greeting','Job','update_greeting','ct=Individual\ngt=postal_greeting',0),
 (9,1,'Daily',NULL,NULL,NULL,'Update Individual Addressee','Update Individual Addressee. https://docs.civicrm.org/user/en/latest/initial-set-up/scheduled-jobs/#job_update_greeting','Job','update_greeting','ct=Individual\ngt=addressee',0),
 (10,1,'Daily',NULL,NULL,NULL,'Mail Reports','Generates and sends out reports via email. https://docs.civicrm.org/user/en/latest/initial-set-up/scheduled-jobs/#job_mail_report','Job','mail_report','',0),
 (11,1,'Hourly',NULL,NULL,NULL,'Send Scheduled Reminders','Sends out scheduled reminders via email. https://docs.civicrm.org/user/en/latest/initial-set-up/scheduled-jobs/#job_send_reminder','Job','send_reminder',NULL,0),
 (12,1,'Always',NULL,NULL,NULL,'Update Participant Statuses','Updates pending event participant statuses based on time. https://docs.civicrm.org/user/en/latest/initial-set-up/scheduled-jobs/#job_process_participant','Job','process_participant',NULL,0),
 (13,1,'Daily',NULL,NULL,NULL,'Update Membership Statuses','Updates membership statuses. https://docs.civicrm.org/user/en/latest/initial-set-up/scheduled-jobs/#job_process_membership','Job','process_membership',NULL,0),
 (14,1,'Always',NULL,NULL,NULL,'Process Survey Respondents','Releases reserved survey respondents. https://docs.civicrm.org/user/en/latest/initial-set-up/scheduled-jobs/#job_process_respondent','Job','process_respondent',NULL,0),
 (15,1,'Monthly',NULL,NULL,NULL,'Clean-up Temporary Data and Files','Removes temporary data and files. https://docs.civicrm.org/user/en/latest/initial-set-up/scheduled-jobs/#job_cleanup','Job','cleanup','session=0',0),
 (16,1,'Always',NULL,NULL,NULL,'Send Scheduled SMS','Sends out scheduled SMS. https://docs.civicrm.org/user/en/latest/initial-set-up/scheduled-jobs/#job_process_sms','Job','process_sms',NULL,0),
 (17,1,'Hourly',NULL,NULL,NULL,'Rebuild Smart Group Cache','Rebuilds the smart group cache. https://docs.civicrm.org/user/en/latest/initial-set-up/scheduled-jobs/#job_group_rebuild','Job','group_rebuild','limit=0',0),
 (18,1,'Hourly',NULL,NULL,NULL,'Group Cache Flush','Purges aged smart group cache data. https://docs.civicrm.org/user/en/latest/initial-set-up/scheduled-jobs/#job_group_cache_flush','Job','group_cache_flush','',0),
 (19,1,'Daily',NULL,NULL,NULL,'Disable expired relationships','Disables relationships that have expired. https://docs.civicrm.org/user/en/latest/initial-set-up/scheduled-jobs/#job_disable_expired_relationships','Job','disable_expired_relationships',NULL,0),
 (20,1,'Daily',NULL,NULL,NULL,'Validate Email Address from Mailings.','Updates the reset_date on an email address. https://docs.civicrm.org/user/en/latest/initial-set-up/scheduled-jobs/#mailing_update_email_resetdate','Mailing','update_email_resetdate','minDays=5\n      maxDays=60',0),
 (21,1,'Daily',NULL,NULL,NULL,'Dedupe Contacts','Executes the Individual, Unsupervised redupe rule. https://docs.civicrm.org/user/en/latest/initial-set-up/scheduled-jobs/#job_process_batch_merge','Job','process_batch_merge',NULL,0);
/*!40000 ALTER TABLE `civicrm_job` ENABLE KEYS */;
UNLOCK TABLES;

--
-- Dumping data for table `civicrm_job_log`
--

LOCK TABLES `civicrm_job_log` WRITE;
/*!40000 ALTER TABLE `civicrm_job_log` DISABLE KEYS */;
/*!40000 ALTER TABLE `civicrm_job_log` ENABLE KEYS */;
UNLOCK TABLES;

--
-- Dumping data for table `civicrm_line_item`
--

LOCK TABLES `civicrm_line_item` WRITE;
/*!40000 ALTER TABLE `civicrm_line_item` DISABLE KEYS */;
INSERT INTO `civicrm_line_item` (`id`, `entity_table`, `entity_id`, `contribution_id`, `price_field_id`, `label`, `qty`, `unit_price`, `line_total`, `participant_count`, `price_field_value_id`, `financial_type_id`, `non_deductible_amount`, `tax_amount`, `membership_num_terms`) VALUES
 (1,'civicrm_contribution',1,1,1,'Contribution Amount',1.00,125.00,125.00,0,1,1,0.00,0.00,NULL),
 (2,'civicrm_contribution',2,2,1,'Contribution Amount',1.00,50.00,50.00,0,1,1,0.00,0.00,NULL),
 (3,'civicrm_contribution',3,3,1,'Contribution Amount',1.00,25.00,25.00,0,1,1,0.00,0.00,NULL),
 (4,'civicrm_contribution',4,4,1,'Contribution Amount',1.00,50.00,50.00,0,1,1,0.00,0.00,NULL),
 (5,'civicrm_contribution',5,5,1,'Contribution Amount',1.00,50.00,50.00,0,1,1,0.00,0.00,NULL),
 (6,'civicrm_contribution',6,6,1,'Contribution Amount',1.00,500.00,500.00,0,1,1,0.00,0.00,NULL),
 (7,'civicrm_contribution',7,7,1,'Contribution Amount',1.00,1750.00,1750.00,0,1,1,0.00,0.00,NULL),
 (8,'civicrm_contribution',8,8,1,'Contribution Amount',1.00,50.00,50.00,0,1,1,0.00,0.00,NULL),
 (9,'civicrm_contribution',9,9,1,'Contribution Amount',1.00,10.00,10.00,0,1,1,0.00,0.00,NULL),
 (10,'civicrm_contribution',10,10,1,'Contribution Amount',1.00,250.00,250.00,0,1,1,0.00,0.00,NULL),
 (11,'civicrm_contribution',11,11,1,'Contribution Amount',1.00,500.00,500.00,0,1,1,0.00,0.00,NULL),
 (12,'civicrm_contribution',12,12,1,'Contribution Amount',1.00,50.00,50.00,0,1,1,0.00,0.00,NULL),
 (13,'civicrm_contribution',13,13,1,'Contribution Amount',1.00,50.00,50.00,0,1,1,0.00,0.00,NULL),
 (14,'civicrm_contribution',14,14,1,'Contribution Amount',1.00,50.00,50.00,0,1,1,0.00,0.00,NULL),
 (15,'civicrm_contribution',15,15,1,'Contribution Amount',1.00,25.00,25.00,0,1,1,0.00,0.00,NULL),
 (16,'civicrm_contribution',16,16,1,'Contribution Amount',1.00,25.00,25.00,0,1,1,0.00,0.00,NULL),
 (17,'civicrm_contribution',17,17,1,'Contribution Amount',1.00,25.00,25.00,0,1,1,0.00,0.00,NULL),
 (18,'civicrm_contribution',18,18,1,'Contribution Amount',1.00,25.00,25.00,0,1,1,0.00,0.00,NULL),
 (19,'civicrm_contribution',19,19,1,'Contribution Amount',1.00,25.00,25.00,0,1,1,0.00,0.00,NULL),
 (20,'civicrm_contribution',20,20,1,'Contribution Amount',1.00,25.00,25.00,0,1,1,0.00,0.00,NULL),
 (21,'civicrm_contribution',21,21,1,'Contribution Amount',1.00,25.00,25.00,0,1,1,0.00,0.00,NULL),
 (22,'civicrm_contribution',22,22,1,'Contribution Amount',1.00,25.00,25.00,0,1,1,0.00,0.00,NULL),
 (23,'civicrm_contribution',23,23,1,'Contribution Amount',1.00,25.00,25.00,0,1,1,0.00,0.00,NULL),
 (24,'civicrm_contribution',24,24,1,'Contribution Amount',1.00,25.00,25.00,0,1,1,0.00,0.00,NULL),
 (25,'civicrm_contribution',25,25,1,'Contribution Amount',1.00,25.00,25.00,0,1,1,0.00,0.00,NULL),
 (26,'civicrm_contribution',26,26,1,'Contribution Amount',1.00,10.00,10.00,0,1,1,0.00,0.00,NULL),
 (27,'civicrm_contribution',27,27,1,'Contribution Amount',1.00,10.00,10.00,0,1,1,0.00,0.00,NULL),
 (28,'civicrm_contribution',28,28,1,'Contribution Amount',1.00,10.00,10.00,0,1,1,0.00,0.00,NULL),
 (29,'civicrm_contribution',29,29,1,'Contribution Amount',1.00,10.00,10.00,0,1,1,0.00,0.00,NULL),
 (30,'civicrm_contribution',30,30,1,'Contribution Amount',1.00,10.00,10.00,0,1,1,0.00,0.00,NULL),
 (31,'civicrm_contribution',31,31,1,'Contribution Amount',1.00,5.00,5.00,0,1,1,0.00,0.00,NULL),
 (32,'civicrm_membership',1,32,4,'General',1.00,100.00,100.00,NULL,7,2,0.00,0.00,NULL),
 (33,'civicrm_membership',3,34,4,'General',1.00,100.00,100.00,NULL,7,2,0.00,0.00,NULL),
 (34,'civicrm_membership',5,36,4,'General',1.00,100.00,100.00,NULL,7,2,0.00,0.00,NULL),
 (35,'civicrm_membership',7,38,4,'General',1.00,100.00,100.00,NULL,7,2,0.00,0.00,NULL),
 (36,'civicrm_membership',9,40,4,'General',1.00,100.00,100.00,NULL,7,2,0.00,0.00,NULL),
 (37,'civicrm_membership',13,44,4,'General',1.00,100.00,100.00,NULL,7,2,0.00,0.00,NULL),
 (38,'civicrm_membership',17,48,4,'General',1.00,100.00,100.00,NULL,7,2,0.00,0.00,NULL),
 (39,'civicrm_membership',19,50,4,'General',1.00,100.00,100.00,NULL,7,2,0.00,0.00,NULL),
 (40,'civicrm_membership',20,51,4,'General',1.00,100.00,100.00,NULL,7,2,0.00,0.00,NULL),
 (41,'civicrm_membership',21,52,4,'General',1.00,100.00,100.00,NULL,7,2,0.00,0.00,NULL),
 (42,'civicrm_membership',23,54,4,'General',1.00,100.00,100.00,NULL,7,2,0.00,0.00,NULL),
 (43,'civicrm_membership',27,58,4,'General',1.00,100.00,100.00,NULL,7,2,0.00,0.00,NULL),
 (44,'civicrm_membership',29,60,4,'General',1.00,100.00,100.00,NULL,7,2,0.00,0.00,NULL),
 (45,'civicrm_membership',30,61,4,'General',1.00,100.00,100.00,NULL,7,2,0.00,0.00,NULL),
 (46,'civicrm_membership',2,33,4,'Student',1.00,50.00,50.00,NULL,8,2,0.00,0.00,NULL),
 (47,'civicrm_membership',4,35,4,'Student',1.00,50.00,50.00,NULL,8,2,0.00,0.00,NULL),
 (48,'civicrm_membership',6,37,4,'Student',1.00,50.00,50.00,NULL,8,2,0.00,0.00,NULL),
 (49,'civicrm_membership',8,39,4,'Student',1.00,50.00,50.00,NULL,8,2,0.00,0.00,NULL),
 (50,'civicrm_membership',10,41,4,'Student',1.00,50.00,50.00,NULL,8,2,0.00,0.00,NULL),
 (51,'civicrm_membership',12,43,4,'Student',1.00,50.00,50.00,NULL,8,2,0.00,0.00,NULL),
 (52,'civicrm_membership',14,45,4,'Student',1.00,50.00,50.00,NULL,8,2,0.00,0.00,NULL),
 (53,'civicrm_membership',15,46,4,'Student',1.00,50.00,50.00,NULL,8,2,0.00,0.00,NULL),
 (54,'civicrm_membership',16,47,4,'Student',1.00,50.00,50.00,NULL,8,2,0.00,0.00,NULL),
 (55,'civicrm_membership',18,49,4,'Student',1.00,50.00,50.00,NULL,8,2,0.00,0.00,NULL),
 (56,'civicrm_membership',24,55,4,'Student',1.00,50.00,50.00,NULL,8,2,0.00,0.00,NULL),
 (57,'civicrm_membership',25,56,4,'Student',1.00,50.00,50.00,NULL,8,2,0.00,0.00,NULL),
 (58,'civicrm_membership',26,57,4,'Student',1.00,50.00,50.00,NULL,8,2,0.00,0.00,NULL),
 (59,'civicrm_membership',28,59,4,'Student',1.00,50.00,50.00,NULL,8,2,0.00,0.00,NULL),
 (60,'civicrm_membership',11,42,4,'Lifetime',1.00,1200.00,1200.00,NULL,9,2,0.00,0.00,NULL),
 (61,'civicrm_membership',22,53,4,'Lifetime',1.00,1200.00,1200.00,NULL,9,2,0.00,0.00,NULL),
 (63,'civicrm_participant',3,76,7,'Tiny-tots (ages 5-8)',1.00,800.00,800.00,0,13,4,0.00,0.00,NULL),
 (64,'civicrm_participant',6,71,7,'Tiny-tots (ages 5-8)',1.00,800.00,800.00,0,13,4,0.00,0.00,NULL),
 (65,'civicrm_participant',9,72,7,'Tiny-tots (ages 5-8)',1.00,800.00,800.00,0,13,4,0.00,0.00,NULL),
 (66,'civicrm_participant',12,99,7,'Tiny-tots (ages 5-8)',1.00,800.00,800.00,0,13,4,0.00,0.00,NULL),
 (67,'civicrm_participant',15,75,7,'Tiny-tots (ages 5-8)',1.00,800.00,800.00,0,13,4,0.00,0.00,NULL),
 (68,'civicrm_participant',18,87,7,'Tiny-tots (ages 5-8)',1.00,800.00,800.00,0,13,4,0.00,0.00,NULL),
 (69,'civicrm_participant',21,69,7,'Tiny-tots (ages 5-8)',1.00,800.00,800.00,0,13,4,0.00,0.00,NULL),
 (70,'civicrm_participant',24,64,7,'Tiny-tots (ages 5-8)',1.00,800.00,800.00,0,13,4,0.00,0.00,NULL),
 (71,'civicrm_participant',25,88,7,'Tiny-tots (ages 5-8)',1.00,800.00,800.00,0,13,4,0.00,0.00,NULL),
 (72,'civicrm_participant',28,89,7,'Tiny-tots (ages 5-8)',1.00,800.00,800.00,0,13,4,0.00,0.00,NULL),
 (73,'civicrm_participant',31,80,7,'Tiny-tots (ages 5-8)',1.00,800.00,800.00,0,13,4,0.00,0.00,NULL),
 (74,'civicrm_participant',34,73,7,'Tiny-tots (ages 5-8)',1.00,800.00,800.00,0,13,4,0.00,0.00,NULL),
 (75,'civicrm_participant',37,67,7,'Tiny-tots (ages 5-8)',1.00,800.00,800.00,0,13,4,0.00,0.00,NULL),
 (76,'civicrm_participant',40,97,7,'Tiny-tots (ages 5-8)',1.00,800.00,800.00,0,13,4,0.00,0.00,NULL),
 (77,'civicrm_participant',43,112,7,'Tiny-tots (ages 5-8)',1.00,800.00,800.00,0,13,4,0.00,0.00,NULL),
 (78,'civicrm_participant',46,105,7,'Tiny-tots (ages 5-8)',1.00,800.00,800.00,0,13,4,0.00,0.00,NULL),
 (79,'civicrm_participant',49,104,7,'Tiny-tots (ages 5-8)',1.00,800.00,800.00,0,13,4,0.00,0.00,NULL),
 (80,'civicrm_participant',50,83,7,'Tiny-tots (ages 5-8)',1.00,800.00,800.00,0,13,4,0.00,0.00,NULL),
 (81,'civicrm_participant',1,91,8,'Single',1.00,50.00,50.00,0,16,4,0.00,0.00,NULL),
 (82,'civicrm_participant',4,74,8,'Single',1.00,50.00,50.00,0,16,4,0.00,0.00,NULL),
 (83,'civicrm_participant',7,110,8,'Single',1.00,50.00,50.00,0,16,4,0.00,0.00,NULL),
 (84,'civicrm_participant',10,79,8,'Single',1.00,50.00,50.00,0,16,4,0.00,0.00,NULL),
 (85,'civicrm_participant',13,78,8,'Single',1.00,50.00,50.00,0,16,4,0.00,0.00,NULL),
 (86,'civicrm_participant',16,106,8,'Single',1.00,50.00,50.00,0,16,4,0.00,0.00,NULL),
 (87,'civicrm_participant',19,109,8,'Single',1.00,50.00,50.00,0,16,4,0.00,0.00,NULL),
 (88,'civicrm_participant',22,100,8,'Single',1.00,50.00,50.00,0,16,4,0.00,0.00,NULL),
 (89,'civicrm_participant',26,98,8,'Single',1.00,50.00,50.00,0,16,4,0.00,0.00,NULL),
 (90,'civicrm_participant',29,96,8,'Single',1.00,50.00,50.00,0,16,4,0.00,0.00,NULL),
 (91,'civicrm_participant',32,63,8,'Single',1.00,50.00,50.00,0,16,4,0.00,0.00,NULL),
 (92,'civicrm_participant',35,81,8,'Single',1.00,50.00,50.00,0,16,4,0.00,0.00,NULL),
 (93,'civicrm_participant',38,85,8,'Single',1.00,50.00,50.00,0,16,4,0.00,0.00,NULL),
 (94,'civicrm_participant',41,86,8,'Single',1.00,50.00,50.00,0,16,4,0.00,0.00,NULL),
 (95,'civicrm_participant',44,92,8,'Single',1.00,50.00,50.00,0,16,4,0.00,0.00,NULL),
 (96,'civicrm_participant',47,107,8,'Single',1.00,50.00,50.00,0,16,4,0.00,0.00,NULL),
 (97,'civicrm_participant',2,102,9,'Soprano',1.00,50.00,50.00,0,21,2,0.00,0.00,NULL),
 (98,'civicrm_participant',5,70,9,'Soprano',1.00,50.00,50.00,0,21,2,0.00,0.00,NULL),
 (99,'civicrm_participant',8,66,9,'Soprano',1.00,50.00,50.00,0,21,2,0.00,0.00,NULL),
 (100,'civicrm_participant',11,84,9,'Soprano',1.00,50.00,50.00,0,21,2,0.00,0.00,NULL),
 (101,'civicrm_participant',14,103,9,'Soprano',1.00,50.00,50.00,0,21,2,0.00,0.00,NULL),
 (102,'civicrm_participant',17,68,9,'Soprano',1.00,50.00,50.00,0,21,2,0.00,0.00,NULL),
 (103,'civicrm_participant',20,94,9,'Soprano',1.00,50.00,50.00,0,21,2,0.00,0.00,NULL),
 (104,'civicrm_participant',23,108,9,'Soprano',1.00,50.00,50.00,0,21,2,0.00,0.00,NULL),
 (105,'civicrm_participant',27,95,9,'Soprano',1.00,50.00,50.00,0,21,2,0.00,0.00,NULL),
 (106,'civicrm_participant',30,90,9,'Soprano',1.00,50.00,50.00,0,21,2,0.00,0.00,NULL),
 (107,'civicrm_participant',33,77,9,'Soprano',1.00,50.00,50.00,0,21,2,0.00,0.00,NULL),
 (108,'civicrm_participant',36,111,9,'Soprano',1.00,50.00,50.00,0,21,2,0.00,0.00,NULL),
 (109,'civicrm_participant',39,101,9,'Soprano',1.00,50.00,50.00,0,21,2,0.00,0.00,NULL),
 (110,'civicrm_participant',42,82,9,'Soprano',1.00,50.00,50.00,0,21,2,0.00,0.00,NULL),
 (111,'civicrm_participant',45,65,9,'Soprano',1.00,50.00,50.00,0,21,2,0.00,0.00,NULL),
 (112,'civicrm_participant',48,93,9,'Soprano',1.00,50.00,50.00,0,21,2,0.00,0.00,NULL);
/*!40000 ALTER TABLE `civicrm_line_item` ENABLE KEYS */;
UNLOCK TABLES;

--
-- Dumping data for table `civicrm_loc_block`
--

LOCK TABLES `civicrm_loc_block` WRITE;
/*!40000 ALTER TABLE `civicrm_loc_block` DISABLE KEYS */;
INSERT INTO `civicrm_loc_block` (`id`, `address_id`, `email_id`, `phone_id`, `im_id`, `address_2_id`, `email_2_id`, `phone_2_id`, `im_2_id`) VALUES
 (1,185,191,162,NULL,NULL,NULL,NULL,NULL),
 (2,186,192,163,NULL,NULL,NULL,NULL,NULL),
 (3,187,193,164,NULL,NULL,NULL,NULL,NULL);
/*!40000 ALTER TABLE `civicrm_loc_block` ENABLE KEYS */;
UNLOCK TABLES;

--
-- Dumping data for table `civicrm_location_type`
--

LOCK TABLES `civicrm_location_type` WRITE;
/*!40000 ALTER TABLE `civicrm_location_type` DISABLE KEYS */;
INSERT INTO `civicrm_location_type` (`id`, `name`, `display_name`, `vcard_name`, `description`, `is_reserved`, `is_active`, `is_default`) VALUES
 (1,'Home','Home','HOME','Place of residence',0,1,1),
 (2,'Work','Work','WORK','Work location',0,1,0),
 (3,'Main','Main',NULL,'Main office location',0,1,0),
 (4,'Other','Other',NULL,'Other location',0,1,0),
 (5,'Billing','Billing',NULL,'Billing Address location',1,1,0);
/*!40000 ALTER TABLE `civicrm_location_type` ENABLE KEYS */;
UNLOCK TABLES;

--
-- Dumping data for table `civicrm_log`
--

LOCK TABLES `civicrm_log` WRITE;
/*!40000 ALTER TABLE `civicrm_log` DISABLE KEYS */;
INSERT INTO `civicrm_log` (`id`, `entity_table`, `entity_id`, `data`, `modified_id`, `modified_date`) VALUES
 (1,'civicrm_contact',202,'civicrm_contact,202',202,'2024-06-23 22:14:50');
/*!40000 ALTER TABLE `civicrm_log` ENABLE KEYS */;
UNLOCK TABLES;

--
-- Dumping data for table `civicrm_mail_settings`
--

LOCK TABLES `civicrm_mail_settings` WRITE;
/*!40000 ALTER TABLE `civicrm_mail_settings` DISABLE KEYS */;
INSERT INTO `civicrm_mail_settings` (`id`, `domain_id`, `name`, `is_default`, `domain`, `localpart`, `return_path`, `protocol`, `server`, `port`, `username`, `password`, `is_ssl`, `source`, `activity_status`, `is_non_case_email_skipped`, `is_contact_creation_disabled_if_no_match`, `is_active`, `activity_type_id`, `campaign_id`, `activity_source`, `activity_targets`, `activity_assignees`) VALUES
 (1,1,'default',1,'EXAMPLE.ORG',NULL,NULL,NULL,NULL,NULL,NULL,NULL,0,NULL,NULL,0,0,1,NULL,NULL,NULL,NULL,NULL);
/*!40000 ALTER TABLE `civicrm_mail_settings` ENABLE KEYS */;
UNLOCK TABLES;

--
-- Dumping data for table `civicrm_mailing`
--

LOCK TABLES `civicrm_mailing` WRITE;
/*!40000 ALTER TABLE `civicrm_mailing` DISABLE KEYS */;
/*!40000 ALTER TABLE `civicrm_mailing` ENABLE KEYS */;
UNLOCK TABLES;

--
-- Dumping data for table `civicrm_mailing_abtest`
--

LOCK TABLES `civicrm_mailing_abtest` WRITE;
/*!40000 ALTER TABLE `civicrm_mailing_abtest` DISABLE KEYS */;
/*!40000 ALTER TABLE `civicrm_mailing_abtest` ENABLE KEYS */;
UNLOCK TABLES;

--
-- Dumping data for table `civicrm_mailing_bounce_pattern`
--

LOCK TABLES `civicrm_mailing_bounce_pattern` WRITE;
/*!40000 ALTER TABLE `civicrm_mailing_bounce_pattern` DISABLE KEYS */;
INSERT INTO `civicrm_mailing_bounce_pattern` (`id`, `bounce_type_id`, `pattern`) VALUES
 (1,1,'Client TOS Notification'),
 (2,2,'(be|am)? (out of|away from) (the|my)? (office|computer|town)'),
 (3,2,'i am on vacation'),
 (4,3,'name(server entry| lookup failure)'),
 (5,3,'no (mail server|matches to nameserver query|dns entries)'),
 (6,3,'reverse dns entry'),
 (7,3,'Host or domain name not found'),
 (8,3,'Unable to resolve MX record for'),
 (9,4,'(unknown|not local) host'),
 (10,4,'all hosts have been failing'),
 (11,4,'allowed rcpthosts'),
 (12,4,'connection (refused|timed out)'),
 (13,4,'not connected'),
 (14,4,'couldn\'t find any host named'),
 (15,4,'error involving remote host'),
 (16,4,'host unknown'),
 (17,4,'invalid host name'),
 (18,4,'isn\'t in my control/locals file'),
 (19,4,'local configuration error'),
 (20,4,'not a gateway'),
 (21,4,'server is (down or unreachable|not responding)'),
 (22,4,'too many connections'),
 (23,4,'unable to connect'),
 (24,4,'lost connection'),
 (25,4,'conversation with [^ ]* timed out while'),
 (26,4,'server requires authentication'),
 (27,4,'authentication (is )?required'),
 (28,5,'(my )?e-?mail( address)? has changed'),
 (29,5,'account (inactive|expired|deactivated)'),
 (30,5,'account is locked'),
 (31,5,'changed w+( e-?mail)? address'),
 (32,5,'deactivated mailbox'),
 (33,5,'disabled or discontinued'),
 (34,5,'inactive user'),
 (35,5,'is inactive on this domain'),
 (36,5,'mail receiving disabled'),
 (37,5,'mail( ?)address is administrative?ly disabled'),
 (38,5,'mailbox (temporarily disabled|currently suspended)'),
 (39,5,'no longer (accepting mail|on server|in use|with|employed|on staff|works for|using this account)'),
 (40,5,'not accepting (mail|messages)'),
 (41,5,'please use my new e-?mail address'),
 (42,5,'this address no longer accepts mail'),
 (43,5,'user account suspended'),
 (44,5,'account that you tried to reach is disabled'),
 (45,5,'User banned'),
 (46,6,'(user|recipient( name)?) is not recognized'),
 (47,6,'554 delivery error'),
 (48,6,'address does not exist'),
 (49,6,'address(es)?( you (entered|specified))? (could|was)( not|n.t)( be)? found'),
 (50,6,'address(ee)? (unknown|invalid)'),
 (51,6,'bad destination'),
 (52,6,'badly formatted address'),
 (53,6,'can\'t open mailbox for'),
 (54,6,'cannot deliver'),
 (55,6,'delivery to the following recipient(s)? failed'),
 (56,6,'destination addresses were unknown'),
 (57,6,'did not reach the following recipient'),
 (58,6,'does not exist'),
 (59,6,'does not like recipient'),
 (60,6,'does not specify a valid notes mail file'),
 (61,6,'illegal alias'),
 (62,6,'invalid (mailbox|(e-?mail )?address|recipient|final delivery)'),
 (63,6,'invalid( or unknown)?( virtual)? user'),
 (64,6,'(mail )?delivery (to this user )?is not allowed'),
 (65,6,'mailbox (not found|unavailable|name not allowed)'),
 (66,6,'message could not be forwarded'),
 (67,6,'missing or malformed local(-| )part'),
 (68,6,'no e-?mail address registered'),
 (69,6,'no such (mail drop|mailbox( \\w+)?|(e-?mail )?address|recipient|(local )?user|person)( here)?'),
 (70,6,'no mailbox (here )?by that name'),
 (71,6,'not (listed in|found in directory|known at this site|our customer)'),
 (72,6,'not a valid( (user|mailbox))?'),
 (73,6,'not present in directory entry'),
 (74,6,'recipient (does not exist|(is )?unknown|rejected|denied|not found)'),
 (75,6,'this user doesn\'t have a yahoo.com address'),
 (76,6,'unavailable to take delivery of the message'),
 (77,6,'unavailable mailbox'),
 (78,6,'unknown (local( |-)part|recipient|address error)'),
 (79,6,'unknown( or illegal)? user( account)?'),
 (80,6,'unrecognized recipient'),
 (81,6,'unregistered address'),
 (82,6,'user (unknown|(does not|doesn\'t) exist)'),
 (83,6,'user doesn\'t have an? w+ account'),
 (84,6,'user(\'s e-?mail name is)? not found'),
 (85,6,'^Validation failed for:'),
 (86,6,'5.1.0 Address rejected'),
 (87,6,'no valid recipients?'),
 (88,6,'RecipNotFound'),
 (89,6,'no one at this address'),
 (90,6,'misconfigured forwarding address'),
 (91,6,'account is not allowed'),
 (92,6,'Address .<[^>]*>. not known here'),
 (93,6,'Recipient address rejected: ([a-zA-Z0-9-]+\\.)+[a-zA-Z]{2,}'),
 (94,6,'Non sono riuscito a trovare l.indirizzo e-mail'),
 (95,6,'nadie con esta direcci..?n'),
 (96,6,'ni bilo mogo..?e najti prejemnikovega e-po..?tnega naslova'),
 (97,6,'Elektronski naslov (je ukinjen|ne obstaja)'),
 (98,6,'nepravilno nastavljen predal'),
 (99,7,'(mail( forwarding)?|routing).loop'),
 (100,7,'excessive recursion'),
 (101,7,'loop detected'),
 (102,7,'maximum hop count exceeded'),
 (103,7,'message was forwarded more than the maximum allowed times'),
 (104,7,'too many (hops|recursive forwards)'),
 (105,8,'(disk(space)?|over the allowed|exceed(ed|s)?|storage) quota'),
 (106,8,'522_mailbox_full'),
 (107,8,'exceeds allowed message count'),
 (108,8,'file too large'),
 (109,8,'full mailbox'),
 (110,8,'(mail|in)(box|folder) ((for user \\w+ )?is )?full'),
 (111,8,'mailbox (has exceeded|is over) the limit'),
 (112,8,'mailbox( exceeds allowed)? size'),
 (113,8,'no space left for this user'),
 (114,8,'over\\s?quota'),
 (115,8,'quota (for the mailbox )?has been exceeded'),
 (116,8,'quota ?(usage|violation|exceeded)'),
 (117,8,'recipient storage full'),
 (118,8,'not able to receive more mail'),
 (119,8,'doesn.t have enough disk space left'),
 (120,8,'exceeded storage allocation'),
 (121,8,'running out of disk space'),
 (122,9,'cannot find your hostname'),
 (123,9,'ip name lookup'),
 (124,9,'not configured to relay mail'),
 (125,9,'relay(ing)? (not permitted|(access )?denied)'),
 (126,9,'relayed mail to .+? not allowed'),
 (127,9,'sender ip must resolve'),
 (128,9,'unable to relay'),
 (129,9,'No route to host'),
 (130,9,'Network is unreachable'),
 (131,9,'unrouteable address'),
 (132,9,'We don.t handle mail for'),
 (133,9,'we do not relay'),
 (134,9,'Rejected by next-hop'),
 (135,9,'not permitted to( *550)? relay through this server'),
 (136,10,'(bulk( e-?mail)|content|attachment blocking|virus|mail system) filters?'),
 (137,10,'(hostile|questionable|unacceptable) content'),
 (138,10,'address .+? has not been verified'),
 (139,10,'anti-?spam (policw+|software)'),
 (140,10,'anti-?virus gateway has detected'),
 (141,10,'blacklisted'),
 (142,10,'blocked message'),
 (143,10,'content control'),
 (144,10,'delivery not authorized'),
 (145,10,'does not conform to our e-?mail policy'),
 (146,10,'excessive spam content'),
 (147,10,'message looks suspicious'),
 (148,10,'open relay'),
 (149,10,'sender was rejected'),
 (150,10,'spam(check| reduction software| filters?)'),
 (151,10,'blocked by a user configured filter'),
 (152,10,'(detected|rejected) (as|due to) spam'),
 (153,10,'X-HmXmrOriginalRecipient'),
 (154,10,'Client host .[^ ]*. blocked'),
 (155,10,'automatic(ally-generated)? messages are not accepted'),
 (156,10,'denied by policy'),
 (157,10,'has no corresponding reverse \\(PTR\\) address'),
 (158,10,'has a policy that( [^ ]*)? prohibited the mail that you sent'),
 (159,10,'is likely unsolicited mail'),
 (160,10,'Local Policy Violation'),
 (161,10,'ni bilo mogo..?e dostaviti zaradi varnostnega pravilnika'),
 (162,10,'abuse report'),
 (163,11,'nonstandard smtp line terminator'),
 (164,11,'syntax error in from address'),
 (165,11,'unknown smtp code');
/*!40000 ALTER TABLE `civicrm_mailing_bounce_pattern` ENABLE KEYS */;
UNLOCK TABLES;

--
-- Dumping data for table `civicrm_mailing_bounce_type`
--

LOCK TABLES `civicrm_mailing_bounce_type` WRITE;
/*!40000 ALTER TABLE `civicrm_mailing_bounce_type` DISABLE KEYS */;
INSERT INTO `civicrm_mailing_bounce_type` (`id`, `name`, `description`, `hold_threshold`) VALUES
 (1,'AOL','AOL Terms of Service complaint',1),
 (2,'Away','Recipient is on vacation',30),
 (3,'Dns','Unable to resolve recipient domain',3),
 (4,'Host','Unable to deliver to destintation mail server',3),
 (5,'Inactive','User account is no longer active',1),
 (6,'Invalid','Email address is not valid',1),
 (7,'Loop','Mail routing error',3),
 (8,'Quota','User inbox is full',3),
 (9,'Relay','Unable to reach destination mail server',3),
 (10,'Spam','Message caught by a content filter',1),
 (11,'Syntax','Error in SMTP transaction',3);
/*!40000 ALTER TABLE `civicrm_mailing_bounce_type` ENABLE KEYS */;
UNLOCK TABLES;

--
-- Dumping data for table `civicrm_mailing_component`
--

LOCK TABLES `civicrm_mailing_component` WRITE;
/*!40000 ALTER TABLE `civicrm_mailing_component` DISABLE KEYS */;
INSERT INTO `civicrm_mailing_component` (`id`, `name`, `component_type`, `subject`, `body_html`, `body_text`, `is_default`, `is_active`) VALUES
 (1,'Mailing Header','Header','Descriptive Title for this Header','Sample Header for HTML formatted content.','Sample Header for TEXT formatted content.',1,1),
 (2,'Mailing Footer','Footer','Descriptive Title for this Footer.','Sample Footer for HTML formatted content<br/><a href=\"{action.optOutUrl}\">Opt out of any future emails</a>  <br/> {domain.address}','Opt out of any future emails: {action.optOutUrl}\n{domain.address}',1,1),
 (3,'Subscribe Message','Subscribe','Subscription Confirmation Request','You have a pending subscription to the {group.frontend_title} mailing list. To confirm this subscription, reply to this email or click <a href=\"{subscribe.url}\">here</a>.','You have a pending subscription to the {group.frontend_title} mailing list. To confirm this subscription, reply to this email or click on this link: {subscribe.url}',1,1),
 (4,'Welcome Message','Welcome','Your Subscription has been Activated','Welcome. Your subscription to the {group.frontend_title} mailing list has been activated.','Welcome. Your subscription to the {group.frontend_title} mailing list has been activated.',1,1),
 (5,'Unsubscribe Message','Unsubscribe','Un-subscribe Confirmation','You have been un-subscribed from the following groups: {unsubscribe.group}. You can re-subscribe by mailing {action.resubscribe} or clicking <a href=\"{action.resubscribeUrl}\">here</a>.','You have been un-subscribed from the following groups: {unsubscribe.group}. You can re-subscribe by mailing {action.resubscribe} or clicking {action.resubscribeUrl}',1,1),
 (6,'Resubscribe Message','Resubscribe','Re-subscribe Confirmation','You have been re-subscribed to the following groups: {resubscribe.group}. You can un-subscribe by mailing {action.unsubscribe} or clicking <a href=\"{action.unsubscribeUrl}\">here</a>.','You have been re-subscribed to the following groups: {resubscribe.group}. You can un-subscribe by mailing {action.unsubscribe} or clicking {action.unsubscribeUrl}',1,1),
 (7,'Opt-out Message','OptOut','Opt-out Confirmation','Your email address has been removed from {domain.name} mailing lists.','Your email address has been removed from {domain.name} mailing lists.',1,1),
 (8,'Auto-responder','Reply','Please Send Inquiries to Our Contact Email Address','This is an automated reply from an un-attended mailbox. Please send any inquiries to the contact email address listed on our web-site.','This is an automated reply from an un-attended mailbox. Please send any inquiries to the contact email address listed on our web-site.',1,1);
/*!40000 ALTER TABLE `civicrm_mailing_component` ENABLE KEYS */;
UNLOCK TABLES;

--
-- Dumping data for table `civicrm_mailing_event_bounce`
--

LOCK TABLES `civicrm_mailing_event_bounce` WRITE;
/*!40000 ALTER TABLE `civicrm_mailing_event_bounce` DISABLE KEYS */;
/*!40000 ALTER TABLE `civicrm_mailing_event_bounce` ENABLE KEYS */;
UNLOCK TABLES;

--
-- Dumping data for table `civicrm_mailing_event_confirm`
--

LOCK TABLES `civicrm_mailing_event_confirm` WRITE;
/*!40000 ALTER TABLE `civicrm_mailing_event_confirm` DISABLE KEYS */;
/*!40000 ALTER TABLE `civicrm_mailing_event_confirm` ENABLE KEYS */;
UNLOCK TABLES;

--
-- Dumping data for table `civicrm_mailing_event_delivered`
--

LOCK TABLES `civicrm_mailing_event_delivered` WRITE;
/*!40000 ALTER TABLE `civicrm_mailing_event_delivered` DISABLE KEYS */;
/*!40000 ALTER TABLE `civicrm_mailing_event_delivered` ENABLE KEYS */;
UNLOCK TABLES;

--
-- Dumping data for table `civicrm_mailing_event_forward`
--

LOCK TABLES `civicrm_mailing_event_forward` WRITE;
/*!40000 ALTER TABLE `civicrm_mailing_event_forward` DISABLE KEYS */;
/*!40000 ALTER TABLE `civicrm_mailing_event_forward` ENABLE KEYS */;
UNLOCK TABLES;

--
-- Dumping data for table `civicrm_mailing_event_opened`
--

LOCK TABLES `civicrm_mailing_event_opened` WRITE;
/*!40000 ALTER TABLE `civicrm_mailing_event_opened` DISABLE KEYS */;
/*!40000 ALTER TABLE `civicrm_mailing_event_opened` ENABLE KEYS */;
UNLOCK TABLES;

--
-- Dumping data for table `civicrm_mailing_event_queue`
--

LOCK TABLES `civicrm_mailing_event_queue` WRITE;
/*!40000 ALTER TABLE `civicrm_mailing_event_queue` DISABLE KEYS */;
/*!40000 ALTER TABLE `civicrm_mailing_event_queue` ENABLE KEYS */;
UNLOCK TABLES;

--
-- Dumping data for table `civicrm_mailing_event_reply`
--

LOCK TABLES `civicrm_mailing_event_reply` WRITE;
/*!40000 ALTER TABLE `civicrm_mailing_event_reply` DISABLE KEYS */;
/*!40000 ALTER TABLE `civicrm_mailing_event_reply` ENABLE KEYS */;
UNLOCK TABLES;

--
-- Dumping data for table `civicrm_mailing_event_subscribe`
--

LOCK TABLES `civicrm_mailing_event_subscribe` WRITE;
/*!40000 ALTER TABLE `civicrm_mailing_event_subscribe` DISABLE KEYS */;
/*!40000 ALTER TABLE `civicrm_mailing_event_subscribe` ENABLE KEYS */;
UNLOCK TABLES;

--
-- Dumping data for table `civicrm_mailing_event_trackable_url_open`
--

LOCK TABLES `civicrm_mailing_event_trackable_url_open` WRITE;
/*!40000 ALTER TABLE `civicrm_mailing_event_trackable_url_open` DISABLE KEYS */;
/*!40000 ALTER TABLE `civicrm_mailing_event_trackable_url_open` ENABLE KEYS */;
UNLOCK TABLES;

--
-- Dumping data for table `civicrm_mailing_event_unsubscribe`
--

LOCK TABLES `civicrm_mailing_event_unsubscribe` WRITE;
/*!40000 ALTER TABLE `civicrm_mailing_event_unsubscribe` DISABLE KEYS */;
/*!40000 ALTER TABLE `civicrm_mailing_event_unsubscribe` ENABLE KEYS */;
UNLOCK TABLES;

--
-- Dumping data for table `civicrm_mailing_group`
--

LOCK TABLES `civicrm_mailing_group` WRITE;
/*!40000 ALTER TABLE `civicrm_mailing_group` DISABLE KEYS */;
/*!40000 ALTER TABLE `civicrm_mailing_group` ENABLE KEYS */;
UNLOCK TABLES;

--
-- Dumping data for table `civicrm_mailing_job`
--

LOCK TABLES `civicrm_mailing_job` WRITE;
/*!40000 ALTER TABLE `civicrm_mailing_job` DISABLE KEYS */;
/*!40000 ALTER TABLE `civicrm_mailing_job` ENABLE KEYS */;
UNLOCK TABLES;

--
-- Dumping data for table `civicrm_mailing_recipients`
--

LOCK TABLES `civicrm_mailing_recipients` WRITE;
/*!40000 ALTER TABLE `civicrm_mailing_recipients` DISABLE KEYS */;
/*!40000 ALTER TABLE `civicrm_mailing_recipients` ENABLE KEYS */;
UNLOCK TABLES;

--
-- Dumping data for table `civicrm_mailing_spool`
--

LOCK TABLES `civicrm_mailing_spool` WRITE;
/*!40000 ALTER TABLE `civicrm_mailing_spool` DISABLE KEYS */;
/*!40000 ALTER TABLE `civicrm_mailing_spool` ENABLE KEYS */;
UNLOCK TABLES;

--
-- Dumping data for table `civicrm_mailing_trackable_url`
--

LOCK TABLES `civicrm_mailing_trackable_url` WRITE;
/*!40000 ALTER TABLE `civicrm_mailing_trackable_url` DISABLE KEYS */;
/*!40000 ALTER TABLE `civicrm_mailing_trackable_url` ENABLE KEYS */;
UNLOCK TABLES;

--
-- Dumping data for table `civicrm_managed`
--

LOCK TABLES `civicrm_managed` WRITE;
/*!40000 ALTER TABLE `civicrm_managed` DISABLE KEYS */;
INSERT INTO `civicrm_managed` (`id`, `module`, `name`, `entity_type`, `entity_id`, `cleanup`, `entity_modified_date`) VALUES
 (1,'civi_campaign','SavedSearch_Administer_Campaigns','SavedSearch',1,'always',NULL),
 (2,'civi_campaign','SavedSearch_Administer_Petitions','SavedSearch',2,'always',NULL),
 (3,'civi_campaign','SavedSearch_Administer_Survey_Options','SavedSearch',3,'always',NULL),
 (4,'civi_campaign','SavedSearch_Administer_Surveys','SavedSearch',4,'always',NULL),
 (5,'civi_mail','SavedSearch_Email_Bounce_History','SavedSearch',5,'always',NULL),
 (6,'civiimport','SavedSearch_My_imports','SavedSearch',6,'always',NULL),
 (7,'civiimport','SavedSearch_Import_Templates','SavedSearch',7,'always',NULL),
 (8,'civiimport','SavedSearch_Imports','SavedSearch',8,'always',NULL),
 (9,'civicrm','SavedSearch_Contact_Summary_Notes','SavedSearch',9,'always',NULL),
 (10,'civicrm','SavedSearch_Contact_Summary_Relationships','SavedSearch',10,'unused',NULL),
 (11,'civicrm','SavedSearch_Administer_Site_Tokens','SavedSearch',11,'always',NULL);
/*!40000 ALTER TABLE `civicrm_managed` ENABLE KEYS */;
UNLOCK TABLES;

--
-- Dumping data for table `civicrm_mapping`
--

LOCK TABLES `civicrm_mapping` WRITE;
/*!40000 ALTER TABLE `civicrm_mapping` DISABLE KEYS */;
/*!40000 ALTER TABLE `civicrm_mapping` ENABLE KEYS */;
UNLOCK TABLES;

--
-- Dumping data for table `civicrm_mapping_field`
--

LOCK TABLES `civicrm_mapping_field` WRITE;
/*!40000 ALTER TABLE `civicrm_mapping_field` DISABLE KEYS */;
/*!40000 ALTER TABLE `civicrm_mapping_field` ENABLE KEYS */;
UNLOCK TABLES;

--
-- Dumping data for table `civicrm_membership`
--

LOCK TABLES `civicrm_membership` WRITE;
/*!40000 ALTER TABLE `civicrm_membership` DISABLE KEYS */;
INSERT INTO `civicrm_membership` (`id`, `contact_id`, `membership_type_id`, `join_date`, `start_date`, `end_date`, `source`, `status_id`, `is_override`, `status_override_end_date`, `owner_membership_id`, `max_related`, `is_test`, `is_pay_later`, `contribution_recur_id`, `campaign_id`) VALUES
 (1,192,1,'2024-06-23','2024-06-23','2026-06-22','Check',1,0,NULL,NULL,NULL,0,0,NULL,NULL),
 (2,87,2,'2024-06-22','2024-06-22','2025-06-21','Donation',1,0,NULL,NULL,NULL,0,0,NULL,NULL),
 (3,136,1,'2024-06-21','2024-06-21','2026-06-20','Payment',1,0,NULL,NULL,NULL,0,0,NULL,NULL),
 (4,86,2,'2024-06-20','2024-06-20','2025-06-19','Donation',1,0,NULL,NULL,NULL,0,0,NULL,NULL),
 (5,109,1,'2022-05-22','2022-05-22','2024-05-21','Payment',3,0,NULL,NULL,NULL,0,0,NULL,NULL),
 (6,152,2,'2024-06-18','2024-06-18','2025-06-17','Check',1,0,NULL,NULL,NULL,0,0,NULL,NULL),
 (7,141,1,'2024-06-17','2024-06-17','2026-06-16','Donation',1,0,NULL,NULL,NULL,0,0,NULL,NULL),
 (8,92,2,'2024-06-16','2024-06-16','2025-06-15','Donation',1,0,NULL,NULL,NULL,0,0,NULL,NULL),
 (9,113,1,'2024-06-15','2024-06-15','2026-06-14','Payment',1,0,NULL,NULL,NULL,0,0,NULL,NULL),
 (10,183,2,'2023-06-14','2023-06-14','2024-06-13','Donation',4,0,NULL,NULL,NULL,0,0,NULL,NULL),
 (11,28,3,'2024-06-13','2024-06-13',NULL,'Payment',1,0,NULL,NULL,NULL,0,0,NULL,NULL),
 (12,143,2,'2024-06-12','2024-06-12','2025-06-11','Check',1,0,NULL,NULL,NULL,0,0,NULL,NULL),
 (13,124,1,'2024-06-11','2024-06-11','2026-06-10','Donation',1,0,NULL,NULL,NULL,0,0,NULL,NULL),
 (14,68,2,'2024-06-10','2024-06-10','2025-06-09','Payment',1,0,NULL,NULL,NULL,0,0,NULL,NULL),
 (15,198,2,'2023-06-09','2023-06-09','2024-06-08','Check',4,0,NULL,NULL,NULL,0,0,NULL,NULL),
 (16,95,2,'2024-06-08','2024-06-08','2025-06-07','Check',1,0,NULL,NULL,NULL,0,0,NULL,NULL),
 (17,187,1,'2024-06-07','2024-06-07','2026-06-06','Check',1,0,NULL,NULL,NULL,0,0,NULL,NULL),
 (18,181,2,'2024-06-06','2024-06-06','2025-06-05','Payment',1,0,NULL,NULL,NULL,0,0,NULL,NULL),
 (19,94,1,'2024-06-05','2024-06-05','2026-06-04','Payment',1,0,NULL,NULL,NULL,0,0,NULL,NULL),
 (20,153,1,'2022-01-22','2022-01-22','2024-01-21','Check',3,0,NULL,NULL,NULL,0,0,NULL,NULL),
 (21,131,1,'2024-06-03','2024-06-03','2026-06-02','Check',1,0,NULL,NULL,NULL,0,0,NULL,NULL),
 (22,80,3,'2024-06-02','2024-06-02',NULL,'Check',1,0,NULL,NULL,NULL,0,0,NULL,NULL),
 (23,112,1,'2024-06-01','2024-06-01','2026-05-31','Check',1,0,NULL,NULL,NULL,0,0,NULL,NULL),
 (24,191,2,'2024-05-31','2024-05-31','2025-05-30','Donation',1,0,NULL,NULL,NULL,0,0,NULL,NULL),
 (25,89,2,'2023-05-30','2023-05-30','2024-05-29','Check',4,0,NULL,NULL,NULL,0,0,NULL,NULL),
 (26,82,2,'2024-05-29','2024-05-29','2025-05-28','Donation',1,0,NULL,NULL,NULL,0,0,NULL,NULL),
 (27,71,1,'2024-05-28','2024-05-28','2026-05-27','Donation',1,0,NULL,NULL,NULL,0,0,NULL,NULL),
 (28,177,2,'2024-05-27','2024-05-27','2025-05-26','Donation',1,0,NULL,NULL,NULL,0,0,NULL,NULL),
 (29,176,1,'2024-05-26','2024-05-26','2026-05-25','Payment',1,0,NULL,NULL,NULL,0,0,NULL,NULL),
 (30,150,1,'2021-11-03','2021-11-03','2023-11-02','Check',3,0,NULL,NULL,NULL,0,0,NULL,NULL);
/*!40000 ALTER TABLE `civicrm_membership` ENABLE KEYS */;
UNLOCK TABLES;

--
-- Dumping data for table `civicrm_membership_block`
--

LOCK TABLES `civicrm_membership_block` WRITE;
/*!40000 ALTER TABLE `civicrm_membership_block` DISABLE KEYS */;
INSERT INTO `civicrm_membership_block` (`id`, `entity_table`, `entity_id`, `membership_types`, `membership_type_default`, `display_min_fee`, `is_separate_payment`, `new_title`, `new_text`, `renewal_title`, `renewal_text`, `is_required`, `is_active`) VALUES
 (1,'civicrm_contribution_page',2,'a:2:{i:1;i:0;i:2;i:0;}',1,1,0,'Membership Levels','Please select the appropriate membership level below. You will have a chance to review your selection and the corresponding dues on the next page prior to your credit card being charged.','Renew or Upgrade Your Membership','Information on your current membership level and expiration date is shown below. You may renew or upgrade at any time - but don\'t let your membership lapse!',1,1);
/*!40000 ALTER TABLE `civicrm_membership_block` ENABLE KEYS */;
UNLOCK TABLES;

--
-- Dumping data for table `civicrm_membership_log`
--

LOCK TABLES `civicrm_membership_log` WRITE;
/*!40000 ALTER TABLE `civicrm_membership_log` DISABLE KEYS */;
INSERT INTO `civicrm_membership_log` (`id`, `membership_id`, `status_id`, `start_date`, `end_date`, `modified_id`, `modified_date`, `membership_type_id`, `max_related`) VALUES
 (1,11,1,'2024-06-13',NULL,28,'2024-06-23',3,NULL),
 (2,14,1,'2024-06-10','2025-06-09',68,'2024-06-23',2,NULL),
 (3,27,1,'2024-05-28','2026-05-27',71,'2024-06-23',1,NULL),
 (4,22,1,'2024-06-02',NULL,80,'2024-06-23',3,NULL),
 (5,26,1,'2024-05-29','2025-05-28',82,'2024-06-23',2,NULL),
 (6,4,1,'2024-06-20','2025-06-19',86,'2024-06-23',2,NULL),
 (7,2,1,'2024-06-22','2025-06-21',87,'2024-06-23',2,NULL),
 (8,25,4,'2023-05-30','2024-05-29',89,'2024-06-23',2,NULL),
 (9,8,1,'2024-06-16','2025-06-15',92,'2024-06-23',2,NULL),
 (10,19,1,'2024-06-05','2026-06-04',94,'2024-06-23',1,NULL),
 (11,16,1,'2024-06-08','2025-06-07',95,'2024-06-23',2,NULL),
 (12,5,3,'2022-05-22','2024-05-21',109,'2024-06-23',1,NULL),
 (13,23,1,'2024-06-01','2026-05-31',112,'2024-06-23',1,NULL),
 (14,9,1,'2024-06-15','2026-06-14',113,'2024-06-23',1,NULL),
 (15,13,1,'2024-06-11','2026-06-10',124,'2024-06-23',1,NULL),
 (16,21,1,'2024-06-03','2026-06-02',131,'2024-06-23',1,NULL),
 (17,3,1,'2024-06-21','2026-06-20',136,'2024-06-23',1,NULL),
 (18,7,1,'2024-06-17','2026-06-16',141,'2024-06-23',1,NULL),
 (19,12,1,'2024-06-12','2025-06-11',143,'2024-06-23',2,NULL),
 (20,30,3,'2021-11-03','2023-11-02',150,'2024-06-23',1,NULL),
 (21,6,1,'2024-06-18','2025-06-17',152,'2024-06-23',2,NULL),
 (22,20,3,'2022-01-22','2024-01-21',153,'2024-06-23',1,NULL),
 (23,29,1,'2024-05-26','2026-05-25',176,'2024-06-23',1,NULL),
 (24,28,1,'2024-05-27','2025-05-26',177,'2024-06-23',2,NULL),
 (25,18,1,'2024-06-06','2025-06-05',181,'2024-06-23',2,NULL),
 (26,10,4,'2023-06-14','2024-06-13',183,'2024-06-23',2,NULL),
 (27,17,1,'2024-06-07','2026-06-06',187,'2024-06-23',1,NULL),
 (28,24,1,'2024-05-31','2025-05-30',191,'2024-06-23',2,NULL),
 (29,1,1,'2024-06-23','2026-06-22',192,'2024-06-23',1,NULL),
 (30,15,4,'2023-06-09','2024-06-08',198,'2024-06-23',2,NULL);
/*!40000 ALTER TABLE `civicrm_membership_log` ENABLE KEYS */;
UNLOCK TABLES;

--
-- Dumping data for table `civicrm_membership_payment`
--

LOCK TABLES `civicrm_membership_payment` WRITE;
/*!40000 ALTER TABLE `civicrm_membership_payment` DISABLE KEYS */;
INSERT INTO `civicrm_membership_payment` (`id`, `membership_id`, `contribution_id`) VALUES
 (29,1,32),
 (7,2,33),
 (17,3,34),
 (6,4,35),
 (12,5,36),
 (21,6,37),
 (18,7,38),
 (9,8,39),
 (14,9,40),
 (26,10,41),
 (1,11,42),
 (19,12,43),
 (15,13,44),
 (2,14,45),
 (30,15,46),
 (11,16,47),
 (27,17,48),
 (25,18,49),
 (10,19,50),
 (22,20,51),
 (16,21,52),
 (4,22,53),
 (13,23,54),
 (28,24,55),
 (8,25,56),
 (5,26,57),
 (3,27,58),
 (24,28,59),
 (23,29,60),
 (20,30,61);
/*!40000 ALTER TABLE `civicrm_membership_payment` ENABLE KEYS */;
UNLOCK TABLES;

--
-- Dumping data for table `civicrm_membership_status`
--

LOCK TABLES `civicrm_membership_status` WRITE;
/*!40000 ALTER TABLE `civicrm_membership_status` DISABLE KEYS */;
INSERT INTO `civicrm_membership_status` (`id`, `name`, `label`, `start_event`, `start_event_adjust_unit`, `start_event_adjust_interval`, `end_event`, `end_event_adjust_unit`, `end_event_adjust_interval`, `is_current_member`, `is_admin`, `weight`, `is_default`, `is_active`, `is_reserved`) VALUES
 (1,'New','New','join_date',NULL,NULL,'join_date','month',3,1,0,1,0,1,0),
 (2,'Current','Current','start_date',NULL,NULL,'end_date',NULL,NULL,1,0,2,1,1,0),
 (3,'Grace','Grace','end_date',NULL,NULL,'end_date','month',1,1,0,3,0,1,0),
 (4,'Expired','Expired','end_date','month',1,NULL,NULL,NULL,0,0,4,0,1,0),
 (5,'Pending','Pending','join_date',NULL,NULL,'join_date',NULL,NULL,0,0,5,0,1,1),
 (6,'Cancelled','Cancelled','join_date',NULL,NULL,'join_date',NULL,NULL,0,0,6,0,1,1),
 (7,'Deceased','Deceased',NULL,NULL,NULL,NULL,NULL,NULL,0,1,7,0,1,1);
/*!40000 ALTER TABLE `civicrm_membership_status` ENABLE KEYS */;
UNLOCK TABLES;

--
-- Dumping data for table `civicrm_membership_type`
--

LOCK TABLES `civicrm_membership_type` WRITE;
/*!40000 ALTER TABLE `civicrm_membership_type` DISABLE KEYS */;
INSERT INTO `civicrm_membership_type` (`id`, `domain_id`, `name`, `description`, `member_of_contact_id`, `financial_type_id`, `minimum_fee`, `duration_unit`, `duration_interval`, `period_type`, `fixed_period_start_day`, `fixed_period_rollover_day`, `relationship_type_id`, `relationship_direction`, `max_related`, `visibility`, `weight`, `receipt_text_signup`, `receipt_text_renewal`, `auto_renew`, `is_active`) VALUES
 (1,1,'General','Regular annual membership.',1,2,100.000000000,'year',2,'rolling',NULL,NULL,'7','b_a',NULL,'Public',1,NULL,NULL,0,1),
 (2,1,'Student','Discount membership for full-time students.',1,2,50.000000000,'year',1,'rolling',NULL,NULL,NULL,NULL,NULL,'Public',2,NULL,NULL,0,1),
 (3,1,'Lifetime','Lifetime membership.',1,2,1200.000000000,'lifetime',1,'rolling',NULL,NULL,'7','b_a',NULL,'Admin',3,NULL,NULL,0,1);
/*!40000 ALTER TABLE `civicrm_membership_type` ENABLE KEYS */;
UNLOCK TABLES;

--
-- Dumping data for table `civicrm_menu`
--

LOCK TABLES `civicrm_menu` WRITE;
/*!40000 ALTER TABLE `civicrm_menu` DISABLE KEYS */;
INSERT INTO `civicrm_menu` (`id`, `domain_id`, `path`, `path_arguments`, `title`, `access_callback`, `access_arguments`, `page_callback`, `page_arguments`, `breadcrumb`, `return_url`, `return_url_args`, `component_id`, `is_active`, `is_public`, `is_exposed`, `is_ssl`, `weight`, `type`, `page_type`, `skipBreadcrumb`, `module_data`) VALUES
 (1,1,'civicrm',NULL,'CiviCRM','a:2:{i:0;s:19:\"CRM_Core_Permission\";i:1;s:9:\"checkMenu\";}','a:2:{i:0;a:1:{i:0;s:14:\"access CiviCRM\";}i:1;s:3:\"and\";}','s:26:\"CRM_Contact_Page_DashBoard\";',NULL,'a:0:{}',NULL,NULL,NULL,1,0,1,0,0,1,0,0,'a:0:{}'),
 (2,1,'civicrm/dashboard',NULL,'CiviCRM Home','a:2:{i:0;s:19:\"CRM_Core_Permission\";i:1;s:9:\"checkMenu\";}','a:2:{i:0;a:1:{i:0;s:14:\"access CiviCRM\";}i:1;s:3:\"and\";}','s:26:\"CRM_Contact_Page_DashBoard\";',NULL,'a:1:{i:0;a:2:{s:5:\"title\";s:7:\"CiviCRM\";s:3:\"url\";s:16:\"/civicrm?reset=1\";}}',NULL,NULL,NULL,1,0,1,0,0,1,1,0,'a:0:{}'),
 (3,1,'civicrm/contact/search',NULL,'Find Contacts','a:2:{i:0;s:19:\"CRM_Core_Permission\";i:1;s:9:\"checkMenu\";}','a:2:{i:0;a:1:{i:0;s:14:\"access CiviCRM\";}i:1;s:3:\"and\";}','s:29:\"CRM_Contact_Controller_Search\";','s:8:\"mode=256\";','a:1:{i:0;a:2:{s:5:\"title\";s:7:\"CiviCRM\";s:3:\"url\";s:16:\"/civicrm?reset=1\";}}',NULL,NULL,NULL,1,0,1,0,10,1,1,0,'a:0:{}'),
 (4,1,'civicrm/contact/image',NULL,'Process Uploaded Images','a:2:{i:0;s:19:\"CRM_Core_Permission\";i:1;s:9:\"checkMenu\";}','a:2:{i:0;a:1:{i:0;s:21:\"access uploaded files\";}i:1;s:3:\"and\";}','a:2:{i:0;s:23:\"CRM_Contact_BAO_Contact\";i:1;s:12:\"processImage\";}',NULL,'a:1:{i:0;a:2:{s:5:\"title\";s:7:\"CiviCRM\";s:3:\"url\";s:16:\"/civicrm?reset=1\";}}',NULL,NULL,NULL,1,0,1,0,1,1,0,0,'a:0:{}'),
 (5,1,'civicrm/contact/imagefile',NULL,'Get Image File','a:2:{i:0;s:19:\"CRM_Core_Permission\";i:1;s:9:\"checkMenu\";}','a:2:{i:0;a:1:{i:0;s:14:\"*always allow*\";}i:1;s:3:\"and\";}','s:26:\"CRM_Contact_Page_ImageFile\";',NULL,'a:1:{i:0;a:2:{s:5:\"title\";s:7:\"CiviCRM\";s:3:\"url\";s:16:\"/civicrm?reset=1\";}}',NULL,NULL,NULL,1,0,1,0,1,1,0,0,'a:0:{}'),
 (6,1,'civicrm/contact/search/basic',NULL,'Find Contacts','a:2:{i:0;s:19:\"CRM_Core_Permission\";i:1;s:9:\"checkMenu\";}','a:2:{i:0;a:1:{i:0;s:14:\"access CiviCRM\";}i:1;s:3:\"and\";}','s:29:\"CRM_Contact_Controller_Search\";','s:8:\"mode=256\";','a:2:{i:0;a:2:{s:5:\"title\";s:7:\"CiviCRM\";s:3:\"url\";s:16:\"/civicrm?reset=1\";}i:1;a:2:{s:5:\"title\";s:13:\"Find Contacts\";s:3:\"url\";s:31:\"/civicrm/contact/search?reset=1\";}}',NULL,NULL,NULL,1,0,1,0,1,1,0,0,'a:0:{}'),
 (7,1,'civicrm/contact/search/advanced',NULL,'Advanced Search','a:2:{i:0;s:19:\"CRM_Core_Permission\";i:1;s:9:\"checkMenu\";}','a:2:{i:0;a:1:{i:0;s:14:\"access CiviCRM\";}i:1;s:3:\"and\";}','s:29:\"CRM_Contact_Controller_Search\";','s:8:\"mode=512\";','a:2:{i:0;a:2:{s:5:\"title\";s:7:\"CiviCRM\";s:3:\"url\";s:16:\"/civicrm?reset=1\";}i:1;a:2:{s:5:\"title\";s:13:\"Find Contacts\";s:3:\"url\";s:31:\"/civicrm/contact/search?reset=1\";}}',NULL,NULL,NULL,1,0,1,0,12,1,1,0,'a:0:{}'),
 (8,1,'civicrm/contact/search/builder',NULL,'Search Builder','a:2:{i:0;s:19:\"CRM_Core_Permission\";i:1;s:9:\"checkMenu\";}','a:2:{i:0;a:1:{i:0;s:14:\"access CiviCRM\";}i:1;s:3:\"and\";}','s:29:\"CRM_Contact_Controller_Search\";','s:9:\"mode=8192\";','a:2:{i:0;a:2:{s:5:\"title\";s:7:\"CiviCRM\";s:3:\"url\";s:16:\"/civicrm?reset=1\";}i:1;a:2:{s:5:\"title\";s:13:\"Find Contacts\";s:3:\"url\";s:31:\"/civicrm/contact/search?reset=1\";}}',NULL,NULL,NULL,1,0,1,0,14,1,1,0,'a:0:{}'),
 (9,1,'civicrm/contact/add',NULL,'New Contact','a:2:{i:0;s:19:\"CRM_Core_Permission\";i:1;s:9:\"checkMenu\";}','a:2:{i:0;a:3:{i:0;s:14:\"access CiviCRM\";i:1;s:15:\"edit my contact\";i:2;s:15:\"view my contact\";}i:1;s:2:\"or\";}','s:24:\"CRM_Contact_Form_Contact\";','s:13:\"addSequence=1\";','a:1:{i:0;a:2:{s:5:\"title\";s:7:\"CiviCRM\";s:3:\"url\";s:16:\"/civicrm?reset=1\";}}',NULL,NULL,NULL,1,0,1,0,1,1,0,0,'a:0:{}'),
 (10,1,'civicrm/contact/add/individual','ct=Individual','New Individual','a:2:{i:0;s:19:\"CRM_Core_Permission\";i:1;s:9:\"checkMenu\";}','a:2:{i:0;a:2:{i:0;s:14:\"access CiviCRM\";i:1;s:12:\"add contacts\";}i:1;s:3:\"and\";}','s:24:\"CRM_Contact_Form_Contact\";','s:13:\"addSequence=1\";','a:2:{i:0;a:2:{s:5:\"title\";s:7:\"CiviCRM\";s:3:\"url\";s:16:\"/civicrm?reset=1\";}i:1;a:2:{s:5:\"title\";s:11:\"New Contact\";s:3:\"url\";s:28:\"/civicrm/contact/add?reset=1\";}}',NULL,NULL,NULL,1,0,1,0,1,1,0,0,'a:0:{}'),
 (11,1,'civicrm/contact/add/household','ct=Household','New Household','a:2:{i:0;s:19:\"CRM_Core_Permission\";i:1;s:9:\"checkMenu\";}','a:2:{i:0;a:2:{i:0;s:14:\"access CiviCRM\";i:1;s:12:\"add contacts\";}i:1;s:3:\"and\";}','s:24:\"CRM_Contact_Form_Contact\";','s:13:\"addSequence=1\";','a:2:{i:0;a:2:{s:5:\"title\";s:7:\"CiviCRM\";s:3:\"url\";s:16:\"/civicrm?reset=1\";}i:1;a:2:{s:5:\"title\";s:11:\"New Contact\";s:3:\"url\";s:28:\"/civicrm/contact/add?reset=1\";}}',NULL,NULL,NULL,1,0,1,0,1,1,0,0,'a:0:{}'),
 (12,1,'civicrm/contact/add/organization','ct=Organization','New Organization','a:2:{i:0;s:19:\"CRM_Core_Permission\";i:1;s:9:\"checkMenu\";}','a:2:{i:0;a:2:{i:0;s:14:\"access CiviCRM\";i:1;s:12:\"add contacts\";}i:1;s:3:\"and\";}','s:24:\"CRM_Contact_Form_Contact\";','s:13:\"addSequence=1\";','a:2:{i:0;a:2:{s:5:\"title\";s:7:\"CiviCRM\";s:3:\"url\";s:16:\"/civicrm?reset=1\";}i:1;a:2:{s:5:\"title\";s:11:\"New Contact\";s:3:\"url\";s:28:\"/civicrm/contact/add?reset=1\";}}',NULL,NULL,NULL,1,0,1,0,1,1,0,0,'a:0:{}'),
 (13,1,'civicrm/contact/relatedcontact',NULL,'Edit Related Contact','a:2:{i:0;s:19:\"CRM_Core_Permission\";i:1;s:9:\"checkMenu\";}','a:2:{i:0;a:1:{i:0;s:24:\"access Contact Dashboard\";}i:1;s:3:\"and\";}','s:31:\"CRM_Contact_Form_RelatedContact\";',NULL,'a:1:{i:0;a:2:{s:5:\"title\";s:7:\"CiviCRM\";s:3:\"url\";s:16:\"/civicrm?reset=1\";}}',NULL,NULL,NULL,1,1,1,0,1,1,0,0,'a:0:{}'),
 (14,1,'civicrm/contact/merge',NULL,'Merge Contact','a:2:{i:0;s:19:\"CRM_Core_Permission\";i:1;s:9:\"checkMenu\";}','a:2:{i:0;a:1:{i:0;s:24:\"merge duplicate contacts\";}i:1;s:3:\"and\";}','s:22:\"CRM_Contact_Form_Merge\";',NULL,'a:1:{i:0;a:2:{s:5:\"title\";s:7:\"CiviCRM\";s:3:\"url\";s:16:\"/civicrm?reset=1\";}}',NULL,NULL,NULL,1,0,1,0,1,1,0,0,'a:0:{}'),
 (15,1,'civicrm/contact/email',NULL,'Email a Contact','a:2:{i:0;s:19:\"CRM_Core_Permission\";i:1;s:9:\"checkMenu\";}','a:2:{i:0;a:1:{i:0;s:14:\"access CiviCRM\";}i:1;s:3:\"and\";}','s:27:\"CRM_Contact_Form_Task_Email\";',NULL,'a:1:{i:0;a:2:{s:5:\"title\";s:7:\"CiviCRM\";s:3:\"url\";s:16:\"/civicrm?reset=1\";}}',NULL,NULL,NULL,1,0,1,0,1,1,0,0,'a:0:{}'),
 (16,1,'civicrm/contact/map',NULL,'Map Location(s)','a:2:{i:0;s:19:\"CRM_Core_Permission\";i:1;s:9:\"checkMenu\";}','a:2:{i:0;a:1:{i:0;s:14:\"access CiviCRM\";}i:1;s:3:\"and\";}','s:25:\"CRM_Contact_Form_Task_Map\";',NULL,'a:1:{i:0;a:2:{s:5:\"title\";s:7:\"CiviCRM\";s:3:\"url\";s:16:\"/civicrm?reset=1\";}}',NULL,NULL,NULL,1,1,1,0,1,1,0,0,'a:0:{}'),
 (17,1,'civicrm/contact/map/event',NULL,'Map Event Location','s:1:\"1\";','a:2:{i:0;a:1:{i:0;s:14:\"access CiviCRM\";}i:1;s:3:\"and\";}','s:31:\"CRM_Contact_Form_Task_Map_Event\";',NULL,'a:2:{i:0;a:2:{s:5:\"title\";s:7:\"CiviCRM\";s:3:\"url\";s:16:\"/civicrm?reset=1\";}i:1;a:2:{s:5:\"title\";s:15:\"Map Location(s)\";s:3:\"url\";s:28:\"/civicrm/contact/map?reset=1\";}}',NULL,NULL,NULL,1,1,1,0,1,1,0,0,'a:0:{}'),
 (18,1,'civicrm/contact/view','cid=%%cid%%','Contact Summary','a:2:{i:0;s:19:\"CRM_Core_Permission\";i:1;s:9:\"checkMenu\";}','a:2:{i:0;a:3:{i:0;s:14:\"access CiviCRM\";i:1;s:15:\"edit my contact\";i:2;s:15:\"view my contact\";}i:1;s:2:\"or\";}','s:29:\"CRM_Contact_Page_View_Summary\";',NULL,'a:1:{i:0;a:2:{s:5:\"title\";s:7:\"CiviCRM\";s:3:\"url\";s:16:\"/civicrm?reset=1\";}}',NULL,NULL,NULL,1,0,1,0,1,1,0,0,'a:0:{}'),
 (19,1,'civicrm/contact/view/delete',NULL,'Delete Contact','a:2:{i:0;s:19:\"CRM_Core_Permission\";i:1;s:9:\"checkMenu\";}','a:2:{i:0;a:3:{i:0;s:14:\"access CiviCRM\";i:1;s:15:\"edit my contact\";i:2;s:15:\"view my contact\";}i:1;s:2:\"or\";}','s:28:\"CRM_Contact_Form_Task_Delete\";',NULL,'a:2:{i:0;a:2:{s:5:\"title\";s:7:\"CiviCRM\";s:3:\"url\";s:16:\"/civicrm?reset=1\";}i:1;a:2:{s:5:\"title\";s:15:\"Contact Summary\";s:3:\"url\";s:45:\"/civicrm/contact/view?reset=1&amp;cid=%%cid%%\";}}',NULL,NULL,NULL,1,0,1,0,1,1,0,0,'a:0:{}'),
 (20,1,'civicrm/contact/view/activity','show=1,cid=%%cid%%','Activities','a:2:{i:0;s:19:\"CRM_Core_Permission\";i:1;s:9:\"checkMenu\";}','a:2:{i:0;a:3:{i:0;s:14:\"access CiviCRM\";i:1;s:15:\"edit my contact\";i:2;s:15:\"view my contact\";}i:1;s:2:\"or\";}','s:21:\"CRM_Activity_Page_Tab\";',NULL,'a:2:{i:0;a:2:{s:5:\"title\";s:7:\"CiviCRM\";s:3:\"url\";s:16:\"/civicrm?reset=1\";}i:1;a:2:{s:5:\"title\";s:15:\"Contact Summary\";s:3:\"url\";s:45:\"/civicrm/contact/view?reset=1&amp;cid=%%cid%%\";}}',NULL,NULL,NULL,1,0,1,0,1,1,0,0,'a:0:{}'),
 (21,1,'civicrm/activity/add','action=add','Activities','a:2:{i:0;s:19:\"CRM_Core_Permission\";i:1;s:9:\"checkMenu\";}','a:2:{i:0;a:1:{i:0;s:14:\"access CiviCRM\";}i:1;s:3:\"and\";}','s:26:\"CRM_Activity_Form_Activity\";','s:14:\"attachUpload=1\";','a:2:{i:0;a:2:{s:5:\"title\";s:7:\"CiviCRM\";s:3:\"url\";s:16:\"/civicrm?reset=1\";}i:1;a:2:{s:5:\"title\";s:12:\"New Activity\";s:3:\"url\";s:63:\"/civicrm/activity?reset=1&amp;action=add&amp;context=standalone\";}}',NULL,NULL,NULL,1,0,1,0,1,1,0,0,'a:0:{}'),
 (22,1,'civicrm/activity/email/add','action=add','Activities','a:2:{i:0;s:19:\"CRM_Core_Permission\";i:1;s:9:\"checkMenu\";}','a:2:{i:0;a:1:{i:0;s:14:\"access CiviCRM\";}i:1;s:3:\"and\";}','s:27:\"CRM_Contact_Form_Task_Email\";','s:14:\"attachUpload=1\";','a:2:{i:0;a:2:{s:5:\"title\";s:7:\"CiviCRM\";s:3:\"url\";s:16:\"/civicrm?reset=1\";}i:1;a:2:{s:5:\"title\";s:12:\"New Activity\";s:3:\"url\";s:63:\"/civicrm/activity?reset=1&amp;action=add&amp;context=standalone\";}}',NULL,NULL,NULL,1,0,1,0,1,1,0,0,'a:0:{}'),
 (23,1,'civicrm/activity/pdf/add','action=add','Activities','a:2:{i:0;s:19:\"CRM_Core_Permission\";i:1;s:9:\"checkMenu\";}','a:2:{i:0;a:1:{i:0;s:14:\"access CiviCRM\";}i:1;s:3:\"and\";}','s:25:\"CRM_Contact_Form_Task_PDF\";','s:14:\"attachUpload=1\";','a:2:{i:0;a:2:{s:5:\"title\";s:7:\"CiviCRM\";s:3:\"url\";s:16:\"/civicrm?reset=1\";}i:1;a:2:{s:5:\"title\";s:12:\"New Activity\";s:3:\"url\";s:63:\"/civicrm/activity?reset=1&amp;action=add&amp;context=standalone\";}}',NULL,NULL,NULL,1,0,1,0,1,1,0,0,'a:0:{}'),
 (24,1,'civicrm/contact/view/rel','cid=%%cid%%','Relationships','a:2:{i:0;s:19:\"CRM_Core_Permission\";i:1;s:9:\"checkMenu\";}','a:2:{i:0;a:3:{i:0;s:14:\"access CiviCRM\";i:1;s:15:\"edit my contact\";i:2;s:15:\"view my contact\";}i:1;s:2:\"or\";}','s:34:\"CRM_Contact_Page_View_Relationship\";',NULL,'a:2:{i:0;a:2:{s:5:\"title\";s:7:\"CiviCRM\";s:3:\"url\";s:16:\"/civicrm?reset=1\";}i:1;a:2:{s:5:\"title\";s:15:\"Contact Summary\";s:3:\"url\";s:45:\"/civicrm/contact/view?reset=1&amp;cid=%%cid%%\";}}',NULL,NULL,NULL,1,0,1,0,1,1,0,0,'a:0:{}'),
 (25,1,'civicrm/contact/view/group','cid=%%cid%%','Groups','a:2:{i:0;s:19:\"CRM_Core_Permission\";i:1;s:9:\"checkMenu\";}','a:2:{i:0;a:3:{i:0;s:14:\"access CiviCRM\";i:1;s:15:\"edit my contact\";i:2;s:15:\"view my contact\";}i:1;s:2:\"or\";}','s:34:\"CRM_Contact_Page_View_GroupContact\";',NULL,'a:2:{i:0;a:2:{s:5:\"title\";s:7:\"CiviCRM\";s:3:\"url\";s:16:\"/civicrm?reset=1\";}i:1;a:2:{s:5:\"title\";s:15:\"Contact Summary\";s:3:\"url\";s:45:\"/civicrm/contact/view?reset=1&amp;cid=%%cid%%\";}}',NULL,NULL,NULL,1,0,1,0,1,1,0,0,'a:0:{}'),
 (26,1,'civicrm/contact/view/smartgroup','cid=%%cid%%','Smart Groups','a:2:{i:0;s:19:\"CRM_Core_Permission\";i:1;s:9:\"checkMenu\";}','a:2:{i:0;a:3:{i:0;s:14:\"access CiviCRM\";i:1;s:15:\"edit my contact\";i:2;s:15:\"view my contact\";}i:1;s:2:\"or\";}','s:39:\"CRM_Contact_Page_View_ContactSmartGroup\";',NULL,'a:2:{i:0;a:2:{s:5:\"title\";s:7:\"CiviCRM\";s:3:\"url\";s:16:\"/civicrm?reset=1\";}i:1;a:2:{s:5:\"title\";s:15:\"Contact Summary\";s:3:\"url\";s:45:\"/civicrm/contact/view?reset=1&amp;cid=%%cid%%\";}}',NULL,NULL,NULL,1,0,1,0,1,1,0,0,'a:0:{}'),
 (27,1,'civicrm/contact/view/tag','cid=%%cid%%','Tags','a:2:{i:0;s:19:\"CRM_Core_Permission\";i:1;s:9:\"checkMenu\";}','a:2:{i:0;a:3:{i:0;s:14:\"access CiviCRM\";i:1;s:15:\"edit my contact\";i:2;s:15:\"view my contact\";}i:1;s:2:\"or\";}','s:25:\"CRM_Contact_Page_View_Tag\";',NULL,'a:2:{i:0;a:2:{s:5:\"title\";s:7:\"CiviCRM\";s:3:\"url\";s:16:\"/civicrm?reset=1\";}i:1;a:2:{s:5:\"title\";s:15:\"Contact Summary\";s:3:\"url\";s:45:\"/civicrm/contact/view?reset=1&amp;cid=%%cid%%\";}}',NULL,NULL,NULL,1,0,1,0,1,1,0,0,'a:0:{}'),
 (28,1,'civicrm/contact/view/cd',NULL,NULL,'a:2:{i:0;s:19:\"CRM_Core_Permission\";i:1;s:9:\"checkMenu\";}','a:2:{i:0;a:3:{i:0;s:14:\"access CiviCRM\";i:1;s:15:\"edit my contact\";i:2;s:15:\"view my contact\";}i:1;s:2:\"or\";}','s:32:\"CRM_Contact_Page_View_CustomData\";',NULL,'a:2:{i:0;a:2:{s:5:\"title\";s:7:\"CiviCRM\";s:3:\"url\";s:16:\"/civicrm?reset=1\";}i:1;a:2:{s:5:\"title\";s:15:\"Contact Summary\";s:3:\"url\";s:45:\"/civicrm/contact/view?reset=1&amp;cid=%%cid%%\";}}',NULL,NULL,NULL,1,0,1,0,1,1,0,0,'a:0:{}'),
 (29,1,'civicrm/contact/view/cd/edit',NULL,NULL,'a:2:{i:0;s:19:\"CRM_Core_Permission\";i:1;s:9:\"checkMenu\";}','a:2:{i:0;a:3:{i:0;s:14:\"access CiviCRM\";i:1;s:15:\"edit my contact\";i:2;s:15:\"view my contact\";}i:1;s:2:\"or\";}','s:27:\"CRM_Contact_Form_CustomData\";','s:13:\"addSequence=1\";','a:2:{i:0;a:2:{s:5:\"title\";s:7:\"CiviCRM\";s:3:\"url\";s:16:\"/civicrm?reset=1\";}i:1;a:2:{s:5:\"title\";s:15:\"Contact Summary\";s:3:\"url\";s:45:\"/civicrm/contact/view?reset=1&amp;cid=%%cid%%\";}}',NULL,NULL,NULL,1,0,1,0,1,1,0,0,'a:0:{}'),
 (30,1,'civicrm/contact/view/vcard',NULL,NULL,'a:2:{i:0;s:19:\"CRM_Core_Permission\";i:1;s:9:\"checkMenu\";}','a:2:{i:0;a:3:{i:0;s:14:\"access CiviCRM\";i:1;s:15:\"edit my contact\";i:2;s:15:\"view my contact\";}i:1;s:2:\"or\";}','s:27:\"CRM_Contact_Page_View_Vcard\";',NULL,'a:2:{i:0;a:2:{s:5:\"title\";s:7:\"CiviCRM\";s:3:\"url\";s:16:\"/civicrm?reset=1\";}i:1;a:2:{s:5:\"title\";s:15:\"Contact Summary\";s:3:\"url\";s:45:\"/civicrm/contact/view?reset=1&amp;cid=%%cid%%\";}}',NULL,NULL,NULL,1,0,1,0,1,1,0,0,'a:0:{}'),
 (31,1,'civicrm/contact/view/print',NULL,NULL,'a:2:{i:0;s:19:\"CRM_Core_Permission\";i:1;s:9:\"checkMenu\";}','a:2:{i:0;a:3:{i:0;s:14:\"access CiviCRM\";i:1;s:15:\"edit my contact\";i:2;s:15:\"view my contact\";}i:1;s:2:\"or\";}','s:27:\"CRM_Contact_Page_View_Print\";',NULL,'a:2:{i:0;a:2:{s:5:\"title\";s:7:\"CiviCRM\";s:3:\"url\";s:16:\"/civicrm?reset=1\";}i:1;a:2:{s:5:\"title\";s:15:\"Contact Summary\";s:3:\"url\";s:45:\"/civicrm/contact/view?reset=1&amp;cid=%%cid%%\";}}',NULL,NULL,NULL,1,0,1,0,1,1,0,0,'a:0:{}'),
 (32,1,'civicrm/contact/view/log',NULL,NULL,'a:2:{i:0;s:19:\"CRM_Core_Permission\";i:1;s:9:\"checkMenu\";}','a:2:{i:0;a:3:{i:0;s:14:\"access CiviCRM\";i:1;s:15:\"edit my contact\";i:2;s:15:\"view my contact\";}i:1;s:2:\"or\";}','s:25:\"CRM_Contact_Page_View_Log\";',NULL,'a:2:{i:0;a:2:{s:5:\"title\";s:7:\"CiviCRM\";s:3:\"url\";s:16:\"/civicrm?reset=1\";}i:1;a:2:{s:5:\"title\";s:15:\"Contact Summary\";s:3:\"url\";s:45:\"/civicrm/contact/view?reset=1&amp;cid=%%cid%%\";}}',NULL,NULL,NULL,1,0,1,0,1,1,0,0,'a:0:{}'),
 (33,1,'civicrm/user',NULL,'Contact Dashboard','a:2:{i:0;s:19:\"CRM_Core_Permission\";i:1;s:9:\"checkMenu\";}','a:2:{i:0;a:1:{i:0;s:24:\"access Contact Dashboard\";}i:1;s:3:\"and\";}','s:35:\"CRM_Contact_Page_View_UserDashBoard\";',NULL,'a:1:{i:0;a:2:{s:5:\"title\";s:7:\"CiviCRM\";s:3:\"url\";s:16:\"/civicrm?reset=1\";}}',NULL,NULL,NULL,1,1,1,0,0,1,0,0,'a:0:{}'),
 (34,1,'civicrm/dashlet/activity',NULL,'Activity Dashlet','a:2:{i:0;s:19:\"CRM_Core_Permission\";i:1;s:9:\"checkMenu\";}','a:2:{i:0;a:1:{i:0;s:14:\"access CiviCRM\";}i:1;s:3:\"and\";}','s:25:\"CRM_Dashlet_Page_Activity\";',NULL,'a:1:{i:0;a:2:{s:5:\"title\";s:7:\"CiviCRM\";s:3:\"url\";s:16:\"/civicrm?reset=1\";}}',NULL,NULL,NULL,1,0,1,0,1,1,0,0,'a:0:{}'),
 (35,1,'civicrm/dashlet/blog',NULL,'CiviCRM Blog','a:2:{i:0;s:19:\"CRM_Core_Permission\";i:1;s:9:\"checkMenu\";}','a:2:{i:0;a:1:{i:0;s:14:\"access CiviCRM\";}i:1;s:3:\"and\";}','s:21:\"CRM_Dashlet_Page_Blog\";',NULL,'a:1:{i:0;a:2:{s:5:\"title\";s:7:\"CiviCRM\";s:3:\"url\";s:16:\"/civicrm?reset=1\";}}',NULL,NULL,NULL,1,0,1,0,1,1,0,0,'a:0:{}'),
 (36,1,'civicrm/dashlet/getting-started',NULL,'CiviCRM Resources','a:2:{i:0;s:19:\"CRM_Core_Permission\";i:1;s:9:\"checkMenu\";}','a:2:{i:0;a:1:{i:0;s:14:\"access CiviCRM\";}i:1;s:3:\"and\";}','s:31:\"CRM_Dashlet_Page_GettingStarted\";',NULL,'a:1:{i:0;a:2:{s:5:\"title\";s:7:\"CiviCRM\";s:3:\"url\";s:16:\"/civicrm?reset=1\";}}',NULL,NULL,NULL,1,0,1,0,1,1,0,0,'a:0:{}'),
 (37,1,'civicrm/ajax/relation',NULL,NULL,'a:2:{i:0;s:19:\"CRM_Core_Permission\";i:1;s:9:\"checkMenu\";}','a:2:{i:0;a:1:{i:0;s:14:\"access CiviCRM\";}i:1;s:3:\"and\";}','a:2:{i:0;s:21:\"CRM_Contact_Page_AJAX\";i:1;s:12:\"relationship\";}',NULL,'a:1:{i:0;a:2:{s:5:\"title\";s:7:\"CiviCRM\";s:3:\"url\";s:16:\"/civicrm?reset=1\";}}',NULL,NULL,NULL,1,0,1,0,1,1,3,0,'a:0:{}'),
 (38,1,'civicrm/ajax/groupTree',NULL,NULL,'a:2:{i:0;s:19:\"CRM_Core_Permission\";i:1;s:9:\"checkMenu\";}','a:2:{i:0;a:1:{i:0;s:14:\"access CiviCRM\";}i:1;s:3:\"and\";}','a:2:{i:0;s:21:\"CRM_Contact_Page_AJAX\";i:1;s:9:\"groupTree\";}',NULL,'a:1:{i:0;a:2:{s:5:\"title\";s:7:\"CiviCRM\";s:3:\"url\";s:16:\"/civicrm?reset=1\";}}',NULL,NULL,NULL,1,0,1,0,1,1,0,0,'a:0:{}'),
 (39,1,'civicrm/ajax/customvalue',NULL,NULL,'a:2:{i:0;s:19:\"CRM_Core_Permission\";i:1;s:9:\"checkMenu\";}','a:2:{i:0;a:1:{i:0;s:14:\"access CiviCRM\";}i:1;s:3:\"and\";}','a:2:{i:0;s:21:\"CRM_Contact_Page_AJAX\";i:1;s:17:\"deleteCustomValue\";}',NULL,'a:1:{i:0;a:2:{s:5:\"title\";s:7:\"CiviCRM\";s:3:\"url\";s:16:\"/civicrm?reset=1\";}}',NULL,NULL,NULL,1,0,1,0,1,1,3,0,'a:0:{}'),
 (40,1,'civicrm/ajax/cmsuser',NULL,NULL,'s:1:\"1\";','a:2:{i:0;a:1:{i:0;s:14:\"access CiviCRM\";}i:1;s:3:\"and\";}','a:2:{i:0;s:21:\"CRM_Contact_Page_AJAX\";i:1;s:13:\"checkUserName\";}',NULL,'a:1:{i:0;a:2:{s:5:\"title\";s:7:\"CiviCRM\";s:3:\"url\";s:16:\"/civicrm?reset=1\";}}',NULL,NULL,NULL,1,0,1,0,1,1,0,0,'a:0:{}'),
 (41,1,'civicrm/ajax/checkemail',NULL,NULL,'s:1:\"1\";','a:2:{i:0;a:1:{i:0;s:14:\"access CiviCRM\";}i:1;s:3:\"and\";}','a:2:{i:0;s:21:\"CRM_Contact_Page_AJAX\";i:1;s:15:\"getContactEmail\";}',NULL,'a:1:{i:0;a:2:{s:5:\"title\";s:7:\"CiviCRM\";s:3:\"url\";s:16:\"/civicrm?reset=1\";}}',NULL,NULL,NULL,1,0,1,0,1,1,0,0,'a:0:{}'),
 (42,1,'civicrm/ajax/subtype',NULL,NULL,'a:2:{i:0;s:19:\"CRM_Core_Permission\";i:1;s:9:\"checkMenu\";}','a:2:{i:0;a:1:{i:0;s:14:\"access CiviCRM\";}i:1;s:3:\"and\";}','a:2:{i:0;s:21:\"CRM_Contact_Page_AJAX\";i:1;s:13:\"buildSubTypes\";}',NULL,'a:1:{i:0;a:2:{s:5:\"title\";s:7:\"CiviCRM\";s:3:\"url\";s:16:\"/civicrm?reset=1\";}}',NULL,NULL,NULL,1,0,1,0,1,1,0,0,'a:0:{}'),
 (43,1,'civicrm/ajax/signature',NULL,NULL,'a:2:{i:0;s:19:\"CRM_Core_Permission\";i:1;s:9:\"checkMenu\";}','a:2:{i:0;a:1:{i:0;s:14:\"access CiviCRM\";}i:1;s:3:\"and\";}','a:2:{i:0;s:21:\"CRM_Contact_Page_AJAX\";i:1;s:12:\"getSignature\";}',NULL,'a:1:{i:0;a:2:{s:5:\"title\";s:7:\"CiviCRM\";s:3:\"url\";s:16:\"/civicrm?reset=1\";}}',NULL,NULL,NULL,1,0,1,0,1,1,0,0,'a:0:{}'),
 (44,1,'civicrm/ajax/pdfFormat',NULL,NULL,'a:2:{i:0;s:19:\"CRM_Core_Permission\";i:1;s:9:\"checkMenu\";}','a:2:{i:0;a:1:{i:0;s:14:\"access CiviCRM\";}i:1;s:3:\"and\";}','a:2:{i:0;s:21:\"CRM_Contact_Page_AJAX\";i:1;s:9:\"pdfFormat\";}',NULL,'a:1:{i:0;a:2:{s:5:\"title\";s:7:\"CiviCRM\";s:3:\"url\";s:16:\"/civicrm?reset=1\";}}',NULL,NULL,NULL,1,0,1,0,1,1,0,0,'a:0:{}'),
 (45,1,'civicrm/ajax/paperSize',NULL,NULL,'a:2:{i:0;s:19:\"CRM_Core_Permission\";i:1;s:9:\"checkMenu\";}','a:2:{i:0;a:1:{i:0;s:14:\"access CiviCRM\";}i:1;s:3:\"and\";}','a:2:{i:0;s:21:\"CRM_Contact_Page_AJAX\";i:1;s:9:\"paperSize\";}',NULL,'a:1:{i:0;a:2:{s:5:\"title\";s:7:\"CiviCRM\";s:3:\"url\";s:16:\"/civicrm?reset=1\";}}',NULL,NULL,NULL,1,0,1,0,1,1,0,0,'a:0:{}'),
 (46,1,'civicrm/ajax/contactref',NULL,NULL,'a:2:{i:0;s:19:\"CRM_Core_Permission\";i:1;s:9:\"checkMenu\";}','a:2:{i:0;a:2:{i:0;s:31:\"access contact reference fields\";i:1;s:15:\" access CiviCRM\";}i:1;s:2:\"or\";}','a:2:{i:0;s:21:\"CRM_Contact_Page_AJAX\";i:1;s:16:\"contactReference\";}',NULL,'a:1:{i:0;a:2:{s:5:\"title\";s:7:\"CiviCRM\";s:3:\"url\";s:16:\"/civicrm?reset=1\";}}',NULL,NULL,NULL,1,0,1,0,1,1,0,0,'a:0:{}'),
 (47,1,'civicrm/dashlet/myCases',NULL,'Case Dashlet','a:2:{i:0;s:19:\"CRM_Core_Permission\";i:1;s:9:\"checkMenu\";}','a:2:{i:0;a:1:{i:0;s:14:\"access CiviCRM\";}i:1;s:3:\"and\";}','s:24:\"CRM_Dashlet_Page_MyCases\";',NULL,'a:1:{i:0;a:2:{s:5:\"title\";s:7:\"CiviCRM\";s:3:\"url\";s:16:\"/civicrm?reset=1\";}}',NULL,NULL,NULL,1,0,1,0,1,1,0,0,'a:0:{}'),
 (48,1,'civicrm/dashlet/allCases',NULL,'All Cases Dashlet','a:2:{i:0;s:19:\"CRM_Core_Permission\";i:1;s:9:\"checkMenu\";}','a:2:{i:0;a:1:{i:0;s:31:\"access all cases and activities\";}i:1;s:3:\"and\";}','s:25:\"CRM_Dashlet_Page_AllCases\";',NULL,'a:1:{i:0;a:2:{s:5:\"title\";s:7:\"CiviCRM\";s:3:\"url\";s:16:\"/civicrm?reset=1\";}}',NULL,NULL,NULL,1,0,1,0,1,1,0,0,'a:0:{}'),
 (49,1,'civicrm/dashlet/casedashboard',NULL,'Case Dashboard Dashlet','a:2:{i:0;s:19:\"CRM_Core_Permission\";i:1;s:9:\"checkMenu\";}','a:2:{i:0;a:1:{i:0;s:14:\"access CiviCRM\";}i:1;s:3:\"and\";}','s:30:\"CRM_Dashlet_Page_CaseDashboard\";',NULL,'a:1:{i:0;a:2:{s:5:\"title\";s:7:\"CiviCRM\";s:3:\"url\";s:16:\"/civicrm?reset=1\";}}',NULL,NULL,NULL,1,0,1,0,1,1,0,0,'a:0:{}'),
 (50,1,'civicrm/contact/deduperules',NULL,'Manage Duplicates','a:2:{i:0;s:19:\"CRM_Core_Permission\";i:1;s:9:\"checkMenu\";}','a:2:{i:0;a:2:{i:0;s:23:\"administer dedupe rules\";i:1;s:24:\"merge duplicate contacts\";}i:1;s:2:\"or\";}','s:28:\"CRM_Contact_Page_DedupeRules\";',NULL,'a:1:{i:0;a:2:{s:5:\"title\";s:7:\"CiviCRM\";s:3:\"url\";s:16:\"/civicrm?reset=1\";}}',NULL,NULL,NULL,1,0,1,0,105,1,0,0,'a:2:{s:4:\"desc\";s:158:\"Manage the rules used to identify potentially duplicate contact records. Scan for duplicates using a selected rule and merge duplicate contact data as needed.\";s:10:\"adminGroup\";s:6:\"Manage\";}'),
 (51,1,'civicrm/contact/dedupefind',NULL,'Manage Duplicates','a:2:{i:0;s:19:\"CRM_Core_Permission\";i:1;s:9:\"checkMenu\";}','a:2:{i:0;a:1:{i:0;s:24:\"merge duplicate contacts\";}i:1;s:3:\"and\";}','s:27:\"CRM_Contact_Page_DedupeFind\";',NULL,'a:1:{i:0;a:2:{s:5:\"title\";s:7:\"CiviCRM\";s:3:\"url\";s:16:\"/civicrm?reset=1\";}}',NULL,NULL,NULL,1,0,1,0,1,1,0,0,'a:0:{}'),
 (52,1,'civicrm/ajax/dedupefind',NULL,NULL,'a:2:{i:0;s:19:\"CRM_Core_Permission\";i:1;s:9:\"checkMenu\";}','a:2:{i:0;a:1:{i:0;s:24:\"merge duplicate contacts\";}i:1;s:3:\"and\";}','a:2:{i:0;s:21:\"CRM_Contact_Page_AJAX\";i:1;s:10:\"getDedupes\";}',NULL,'a:1:{i:0;a:2:{s:5:\"title\";s:7:\"CiviCRM\";s:3:\"url\";s:16:\"/civicrm?reset=1\";}}',NULL,NULL,NULL,1,0,1,0,1,1,0,0,'a:0:{}'),
 (53,1,'civicrm/contact/dedupemerge',NULL,'Batch Merge Duplicate Contacts','a:2:{i:0;s:19:\"CRM_Core_Permission\";i:1;s:9:\"checkMenu\";}','a:2:{i:0;a:1:{i:0;s:24:\"merge duplicate contacts\";}i:1;s:3:\"and\";}','s:28:\"CRM_Contact_Page_DedupeMerge\";',NULL,'a:1:{i:0;a:2:{s:5:\"title\";s:7:\"CiviCRM\";s:3:\"url\";s:16:\"/civicrm?reset=1\";}}',NULL,NULL,NULL,1,0,1,0,1,1,0,0,'a:0:{}'),
 (54,1,'civicrm/dedupe/exception',NULL,'Dedupe Exceptions','a:2:{i:0;s:19:\"CRM_Core_Permission\";i:1;s:9:\"checkMenu\";}','a:2:{i:0;a:1:{i:0;s:14:\"access CiviCRM\";}i:1;s:3:\"and\";}','s:32:\"CRM_Contact_Page_DedupeException\";',NULL,'a:1:{i:0;a:2:{s:5:\"title\";s:7:\"CiviCRM\";s:3:\"url\";s:16:\"/civicrm?reset=1\";}}',NULL,NULL,NULL,1,0,1,0,110,1,0,0,'a:1:{s:10:\"adminGroup\";s:6:\"Manage\";}'),
 (55,1,'civicrm/ajax/dedupeRules',NULL,NULL,'a:2:{i:0;s:19:\"CRM_Core_Permission\";i:1;s:9:\"checkMenu\";}','a:2:{i:0;a:1:{i:0;s:14:\"access CiviCRM\";}i:1;s:3:\"and\";}','a:2:{i:0;s:21:\"CRM_Contact_Page_AJAX\";i:1;s:16:\"buildDedupeRules\";}',NULL,'a:1:{i:0;a:2:{s:5:\"title\";s:7:\"CiviCRM\";s:3:\"url\";s:16:\"/civicrm?reset=1\";}}',NULL,NULL,NULL,1,0,1,0,1,1,0,0,'a:0:{}'),
 (56,1,'civicrm/contact/view/useradd','cid=%%cid%%','Add User','a:2:{i:0;s:19:\"CRM_Core_Permission\";i:1;s:9:\"checkMenu\";}','a:2:{i:0;a:3:{i:0;s:14:\"access CiviCRM\";i:1;s:15:\"edit my contact\";i:2;s:15:\"view my contact\";}i:1;s:2:\"or\";}','s:29:\"CRM_Contact_Page_View_Useradd\";',NULL,'a:2:{i:0;a:2:{s:5:\"title\";s:7:\"CiviCRM\";s:3:\"url\";s:16:\"/civicrm?reset=1\";}i:1;a:2:{s:5:\"title\";s:15:\"Contact Summary\";s:3:\"url\";s:45:\"/civicrm/contact/view?reset=1&amp;cid=%%cid%%\";}}',NULL,NULL,NULL,1,0,1,0,1,1,0,0,'a:0:{}'),
 (57,1,'civicrm/ajax/markSelection',NULL,NULL,'a:2:{i:0;s:19:\"CRM_Core_Permission\";i:1;s:9:\"checkMenu\";}','a:2:{i:0;a:1:{i:0;s:14:\"access CiviCRM\";}i:1;s:3:\"and\";}','a:2:{i:0;s:21:\"CRM_Contact_Page_AJAX\";i:1;s:22:\"selectUnselectContacts\";}',NULL,'a:1:{i:0;a:2:{s:5:\"title\";s:7:\"CiviCRM\";s:3:\"url\";s:16:\"/civicrm?reset=1\";}}',NULL,NULL,NULL,1,0,1,0,1,1,0,0,'a:0:{}'),
 (58,1,'civicrm/ajax/toggleDedupeSelect',NULL,NULL,'a:2:{i:0;s:19:\"CRM_Core_Permission\";i:1;s:9:\"checkMenu\";}','a:2:{i:0;a:1:{i:0;s:24:\"merge duplicate contacts\";}i:1;s:3:\"and\";}','a:2:{i:0;s:21:\"CRM_Contact_Page_AJAX\";i:1;s:18:\"toggleDedupeSelect\";}',NULL,'a:1:{i:0;a:2:{s:5:\"title\";s:7:\"CiviCRM\";s:3:\"url\";s:16:\"/civicrm?reset=1\";}}',NULL,NULL,NULL,1,0,1,0,1,1,0,0,'a:0:{}'),
 (59,1,'civicrm/ajax/flipDupePairs',NULL,NULL,'a:2:{i:0;s:19:\"CRM_Core_Permission\";i:1;s:9:\"checkMenu\";}','a:2:{i:0;a:1:{i:0;s:24:\"merge duplicate contacts\";}i:1;s:3:\"and\";}','a:2:{i:0;s:21:\"CRM_Contact_Page_AJAX\";i:1;s:13:\"flipDupePairs\";}',NULL,'a:1:{i:0;a:2:{s:5:\"title\";s:7:\"CiviCRM\";s:3:\"url\";s:16:\"/civicrm?reset=1\";}}',NULL,NULL,NULL,1,0,1,0,1,1,0,0,'a:0:{}'),
 (60,1,'civicrm/activity/sms/add','action=add','Activities','a:2:{i:0;s:19:\"CRM_Core_Permission\";i:1;s:9:\"checkMenu\";}','a:2:{i:0;a:1:{i:0;s:8:\"send SMS\";}i:1;s:3:\"and\";}','s:25:\"CRM_Contact_Form_Task_SMS\";','s:14:\"attachUpload=1\";','a:2:{i:0;a:2:{s:5:\"title\";s:7:\"CiviCRM\";s:3:\"url\";s:16:\"/civicrm?reset=1\";}i:1;a:2:{s:5:\"title\";s:12:\"New Activity\";s:3:\"url\";s:63:\"/civicrm/activity?reset=1&amp;action=add&amp;context=standalone\";}}',NULL,NULL,NULL,1,0,1,0,1,1,0,0,'a:0:{}'),
 (61,1,'civicrm/ajax/contactrelationships',NULL,NULL,'a:2:{i:0;s:19:\"CRM_Core_Permission\";i:1;s:9:\"checkMenu\";}','a:2:{i:0;a:2:{i:0;s:14:\"access CiviCRM\";i:1;s:15:\"view my contact\";}i:1;s:2:\"or\";}','a:2:{i:0;s:21:\"CRM_Contact_Page_AJAX\";i:1;s:23:\"getContactRelationships\";}',NULL,'a:1:{i:0;a:2:{s:5:\"title\";s:7:\"CiviCRM\";s:3:\"url\";s:16:\"/civicrm?reset=1\";}}',NULL,NULL,NULL,1,0,1,0,1,1,0,0,'a:0:{}'),
 (62,1,'civicrm/custom/add',NULL,NULL,'a:2:{i:0;s:19:\"CRM_Core_Permission\";i:1;s:9:\"checkMenu\";}','a:2:{i:0;a:1:{i:0;s:14:\"access CiviCRM\";}i:1;s:3:\"and\";}','s:26:\"CRM_Custom_Form_CustomData\";',NULL,'a:1:{i:0;a:2:{s:5:\"title\";s:7:\"CiviCRM\";s:3:\"url\";s:16:\"/civicrm?reset=1\";}}',NULL,NULL,NULL,1,0,1,0,1,1,0,0,'a:0:{}'),
 (63,1,'civicrm/ajax/optionlist',NULL,NULL,'a:2:{i:0;s:19:\"CRM_Core_Permission\";i:1;s:9:\"checkMenu\";}','a:2:{i:0;a:1:{i:0;s:14:\"access CiviCRM\";}i:1;s:3:\"and\";}','a:2:{i:0;s:20:\"CRM_Custom_Page_AJAX\";i:1;s:13:\"getOptionList\";}',NULL,'a:1:{i:0;a:2:{s:5:\"title\";s:7:\"CiviCRM\";s:3:\"url\";s:16:\"/civicrm?reset=1\";}}',NULL,NULL,NULL,1,0,1,0,1,1,0,0,'a:0:{}'),
 (64,1,'civicrm/ajax/reorder',NULL,NULL,'a:2:{i:0;s:19:\"CRM_Core_Permission\";i:1;s:9:\"checkMenu\";}','a:2:{i:0;a:1:{i:0;s:14:\"access CiviCRM\";}i:1;s:3:\"and\";}','a:2:{i:0;s:20:\"CRM_Custom_Page_AJAX\";i:1;s:11:\"fixOrdering\";}',NULL,'a:1:{i:0;a:2:{s:5:\"title\";s:7:\"CiviCRM\";s:3:\"url\";s:16:\"/civicrm?reset=1\";}}',NULL,NULL,NULL,1,0,1,0,1,1,0,0,'a:0:{}'),
 (65,1,'civicrm/ajax/multirecordfieldlist',NULL,NULL,'a:2:{i:0;s:19:\"CRM_Core_Permission\";i:1;s:9:\"checkMenu\";}','a:2:{i:0;a:1:{i:0;s:14:\"access CiviCRM\";}i:1;s:3:\"and\";}','a:2:{i:0;s:20:\"CRM_Custom_Page_AJAX\";i:1;s:23:\"getMultiRecordFieldList\";}',NULL,'a:1:{i:0;a:2:{s:5:\"title\";s:7:\"CiviCRM\";s:3:\"url\";s:16:\"/civicrm?reset=1\";}}',NULL,NULL,NULL,1,0,1,0,1,1,0,0,'a:0:{}'),
 (66,1,'civicrm/admin/custom/group',NULL,'Custom Data','a:2:{i:0;s:19:\"CRM_Core_Permission\";i:1;s:9:\"checkMenu\";}','a:2:{i:0;a:1:{i:0;s:23:\"administer CiviCRM data\";}i:1;s:3:\"and\";}','s:21:\"CRM_Custom_Page_Group\";',NULL,'a:2:{i:0;a:2:{s:5:\"title\";s:7:\"CiviCRM\";s:3:\"url\";s:16:\"/civicrm?reset=1\";}i:1;a:2:{s:5:\"title\";s:10:\"Administer\";s:3:\"url\";s:22:\"/civicrm/admin?reset=1\";}}',NULL,NULL,NULL,1,0,1,1,10,1,0,0,'a:2:{s:4:\"desc\";s:109:\"Configure custom fields to collect and store custom data which is not included in the standard CiviCRM forms.\";s:10:\"adminGroup\";s:26:\"Customize Data and Screens\";}'),
 (67,1,'civicrm/admin/custom/group/edit',NULL,'Configure Custom Set','a:2:{i:0;s:19:\"CRM_Core_Permission\";i:1;s:9:\"checkMenu\";}','a:2:{i:0;a:1:{i:0;s:23:\"administer CiviCRM data\";}i:1;s:3:\"and\";}','s:21:\"CRM_Custom_Form_Group\";',NULL,'a:3:{i:0;a:2:{s:5:\"title\";s:7:\"CiviCRM\";s:3:\"url\";s:16:\"/civicrm?reset=1\";}i:1;a:2:{s:5:\"title\";s:10:\"Administer\";s:3:\"url\";s:22:\"/civicrm/admin?reset=1\";}i:2;a:2:{s:5:\"title\";s:11:\"Custom Data\";s:3:\"url\";s:35:\"/civicrm/admin/custom/group?reset=1\";}}',NULL,NULL,NULL,1,0,1,1,1,1,0,0,'a:0:{}'),
 (68,1,'civicrm/admin/custom/group/preview',NULL,'Custom Field Preview','a:2:{i:0;s:19:\"CRM_Core_Permission\";i:1;s:9:\"checkMenu\";}','a:2:{i:0;a:1:{i:0;s:23:\"administer CiviCRM data\";}i:1;s:3:\"and\";}','s:23:\"CRM_Custom_Form_Preview\";',NULL,'a:3:{i:0;a:2:{s:5:\"title\";s:7:\"CiviCRM\";s:3:\"url\";s:16:\"/civicrm?reset=1\";}i:1;a:2:{s:5:\"title\";s:10:\"Administer\";s:3:\"url\";s:22:\"/civicrm/admin?reset=1\";}i:2;a:2:{s:5:\"title\";s:11:\"Custom Data\";s:3:\"url\";s:35:\"/civicrm/admin/custom/group?reset=1\";}}',NULL,NULL,NULL,1,0,1,1,1,1,0,0,'a:0:{}'),
 (69,1,'civicrm/admin/custom/group/delete',NULL,'Delete Custom Set','a:2:{i:0;s:19:\"CRM_Core_Permission\";i:1;s:9:\"checkMenu\";}','a:2:{i:0;a:1:{i:0;s:23:\"administer CiviCRM data\";}i:1;s:3:\"and\";}','s:27:\"CRM_Custom_Form_DeleteGroup\";',NULL,'a:3:{i:0;a:2:{s:5:\"title\";s:7:\"CiviCRM\";s:3:\"url\";s:16:\"/civicrm?reset=1\";}i:1;a:2:{s:5:\"title\";s:10:\"Administer\";s:3:\"url\";s:22:\"/civicrm/admin?reset=1\";}i:2;a:2:{s:5:\"title\";s:11:\"Custom Data\";s:3:\"url\";s:35:\"/civicrm/admin/custom/group?reset=1\";}}',NULL,NULL,NULL,1,0,1,1,1,1,0,0,'a:0:{}'),
 (70,1,'civicrm/admin/custom/group/field',NULL,'Custom Data Fields','a:2:{i:0;s:19:\"CRM_Core_Permission\";i:1;s:9:\"checkMenu\";}','a:2:{i:0;a:1:{i:0;s:23:\"administer CiviCRM data\";}i:1;s:3:\"and\";}','s:21:\"CRM_Custom_Page_Field\";',NULL,'a:3:{i:0;a:2:{s:5:\"title\";s:7:\"CiviCRM\";s:3:\"url\";s:16:\"/civicrm?reset=1\";}i:1;a:2:{s:5:\"title\";s:10:\"Administer\";s:3:\"url\";s:22:\"/civicrm/admin?reset=1\";}i:2;a:2:{s:5:\"title\";s:11:\"Custom Data\";s:3:\"url\";s:35:\"/civicrm/admin/custom/group?reset=1\";}}',NULL,NULL,NULL,1,0,1,1,11,1,0,0,'a:0:{}'),
 (71,1,'civicrm/admin/custom/group/field/delete',NULL,'Delete Custom Field','a:2:{i:0;s:19:\"CRM_Core_Permission\";i:1;s:9:\"checkMenu\";}','a:2:{i:0;a:1:{i:0;s:23:\"administer CiviCRM data\";}i:1;s:3:\"and\";}','s:27:\"CRM_Custom_Form_DeleteField\";',NULL,'a:3:{i:0;a:2:{s:5:\"title\";s:7:\"CiviCRM\";s:3:\"url\";s:16:\"/civicrm?reset=1\";}i:1;a:2:{s:5:\"title\";s:10:\"Administer\";s:3:\"url\";s:22:\"/civicrm/admin?reset=1\";}i:2;a:2:{s:5:\"title\";s:11:\"Custom Data\";s:3:\"url\";s:35:\"/civicrm/admin/custom/group?reset=1\";}}',NULL,NULL,NULL,1,0,1,1,1,1,0,0,'a:0:{}'),
 (72,1,'civicrm/admin/custom/group/field/option',NULL,'Custom Field - Options','a:2:{i:0;s:19:\"CRM_Core_Permission\";i:1;s:9:\"checkMenu\";}','a:2:{i:0;a:1:{i:0;s:23:\"administer CiviCRM data\";}i:1;s:3:\"and\";}','s:22:\"CRM_Custom_Page_Option\";',NULL,'a:3:{i:0;a:2:{s:5:\"title\";s:7:\"CiviCRM\";s:3:\"url\";s:16:\"/civicrm?reset=1\";}i:1;a:2:{s:5:\"title\";s:10:\"Administer\";s:3:\"url\";s:22:\"/civicrm/admin?reset=1\";}i:2;a:2:{s:5:\"title\";s:11:\"Custom Data\";s:3:\"url\";s:35:\"/civicrm/admin/custom/group?reset=1\";}}',NULL,NULL,NULL,1,0,1,1,1,1,0,0,'a:0:{}'),
 (73,1,'civicrm/admin/custom/group/field/add',NULL,'Custom Field - Add','a:2:{i:0;s:19:\"CRM_Core_Permission\";i:1;s:9:\"checkMenu\";}','a:2:{i:0;a:1:{i:0;s:23:\"administer CiviCRM data\";}i:1;s:3:\"and\";}','s:21:\"CRM_Custom_Form_Field\";',NULL,'a:3:{i:0;a:2:{s:5:\"title\";s:7:\"CiviCRM\";s:3:\"url\";s:16:\"/civicrm?reset=1\";}i:1;a:2:{s:5:\"title\";s:10:\"Administer\";s:3:\"url\";s:22:\"/civicrm/admin?reset=1\";}i:2;a:2:{s:5:\"title\";s:11:\"Custom Data\";s:3:\"url\";s:35:\"/civicrm/admin/custom/group?reset=1\";}}',NULL,NULL,NULL,1,0,1,1,1,1,0,0,'a:0:{}'),
 (74,1,'civicrm/admin/custom/group/field/update',NULL,'Custom Field - Edit','a:2:{i:0;s:19:\"CRM_Core_Permission\";i:1;s:9:\"checkMenu\";}','a:2:{i:0;a:1:{i:0;s:23:\"administer CiviCRM data\";}i:1;s:3:\"and\";}','s:21:\"CRM_Custom_Form_Field\";',NULL,'a:3:{i:0;a:2:{s:5:\"title\";s:7:\"CiviCRM\";s:3:\"url\";s:16:\"/civicrm?reset=1\";}i:1;a:2:{s:5:\"title\";s:10:\"Administer\";s:3:\"url\";s:22:\"/civicrm/admin?reset=1\";}i:2;a:2:{s:5:\"title\";s:11:\"Custom Data\";s:3:\"url\";s:35:\"/civicrm/admin/custom/group?reset=1\";}}',NULL,NULL,NULL,1,0,1,1,1,1,0,0,'a:0:{}'),
 (75,1,'civicrm/admin/custom/group/field/move',NULL,'Custom Field - Move','a:2:{i:0;s:19:\"CRM_Core_Permission\";i:1;s:9:\"checkMenu\";}','a:2:{i:0;a:1:{i:0;s:23:\"administer CiviCRM data\";}i:1;s:3:\"and\";}','s:25:\"CRM_Custom_Form_MoveField\";',NULL,'a:3:{i:0;a:2:{s:5:\"title\";s:7:\"CiviCRM\";s:3:\"url\";s:16:\"/civicrm?reset=1\";}i:1;a:2:{s:5:\"title\";s:10:\"Administer\";s:3:\"url\";s:22:\"/civicrm/admin?reset=1\";}i:2;a:2:{s:5:\"title\";s:11:\"Custom Data\";s:3:\"url\";s:35:\"/civicrm/admin/custom/group?reset=1\";}}',NULL,NULL,NULL,1,0,1,1,1,1,0,0,'a:0:{}'),
 (76,1,'civicrm/admin/uf/group',NULL,'Profiles','a:2:{i:0;s:19:\"CRM_Core_Permission\";i:1;s:9:\"checkMenu\";}','a:2:{i:0;a:3:{i:0;s:25:\"administer CiviCRM system\";i:1;s:23:\"administer CiviCRM data\";i:2;s:14:\"access CiviCRM\";}i:1;s:3:\"and\";}','s:17:\"CRM_UF_Page_Group\";',NULL,'a:2:{i:0;a:2:{s:5:\"title\";s:7:\"CiviCRM\";s:3:\"url\";s:16:\"/civicrm?reset=1\";}i:1;a:2:{s:5:\"title\";s:10:\"Administer\";s:3:\"url\";s:22:\"/civicrm/admin?reset=1\";}}',NULL,NULL,NULL,1,0,1,1,20,1,0,0,'a:2:{s:4:\"desc\";s:151:\"Profiles allow you to aggregate groups of fields and include them in your site as input forms, contact display pages, and search and listings features.\";s:10:\"adminGroup\";s:26:\"Customize Data and Screens\";}'),
 (77,1,'civicrm/admin/uf/group/preview',NULL,'Preview','a:2:{i:0;s:19:\"CRM_Core_Permission\";i:1;s:9:\"checkMenu\";}','a:2:{i:0;a:3:{i:0;s:25:\"administer CiviCRM system\";i:1;s:23:\"administer CiviCRM data\";i:2;s:14:\"access CiviCRM\";}i:1;s:3:\"and\";}','s:19:\"CRM_UF_Form_Preview\";',NULL,'a:3:{i:0;a:2:{s:5:\"title\";s:7:\"CiviCRM\";s:3:\"url\";s:16:\"/civicrm?reset=1\";}i:1;a:2:{s:5:\"title\";s:10:\"Administer\";s:3:\"url\";s:22:\"/civicrm/admin?reset=1\";}i:2;a:2:{s:5:\"title\";s:8:\"Profiles\";s:3:\"url\";s:31:\"/civicrm/admin/uf/group?reset=1\";}}',NULL,NULL,NULL,1,0,1,1,1,1,0,0,'a:0:{}'),
 (78,1,'civicrm/admin/uf/group/field',NULL,'CiviCRM Profile Fields','a:2:{i:0;s:19:\"CRM_Core_Permission\";i:1;s:9:\"checkMenu\";}','a:2:{i:0;a:3:{i:0;s:25:\"administer CiviCRM system\";i:1;s:23:\"administer CiviCRM data\";i:2;s:14:\"access CiviCRM\";}i:1;s:3:\"and\";}','s:17:\"CRM_UF_Page_Field\";',NULL,'a:3:{i:0;a:2:{s:5:\"title\";s:7:\"CiviCRM\";s:3:\"url\";s:16:\"/civicrm?reset=1\";}i:1;a:2:{s:5:\"title\";s:10:\"Administer\";s:3:\"url\";s:22:\"/civicrm/admin?reset=1\";}i:2;a:2:{s:5:\"title\";s:8:\"Profiles\";s:3:\"url\";s:31:\"/civicrm/admin/uf/group?reset=1\";}}',NULL,NULL,NULL,1,0,1,1,21,1,0,0,'a:0:{}'),
 (79,1,'civicrm/admin/uf/group/field/add',NULL,'Add Field','a:2:{i:0;s:19:\"CRM_Core_Permission\";i:1;s:9:\"checkMenu\";}','a:2:{i:0;a:3:{i:0;s:25:\"administer CiviCRM system\";i:1;s:23:\"administer CiviCRM data\";i:2;s:14:\"access CiviCRM\";}i:1;s:3:\"and\";}','s:17:\"CRM_UF_Form_Field\";',NULL,'a:3:{i:0;a:2:{s:5:\"title\";s:7:\"CiviCRM\";s:3:\"url\";s:16:\"/civicrm?reset=1\";}i:1;a:2:{s:5:\"title\";s:10:\"Administer\";s:3:\"url\";s:22:\"/civicrm/admin?reset=1\";}i:2;a:2:{s:5:\"title\";s:8:\"Profiles\";s:3:\"url\";s:31:\"/civicrm/admin/uf/group?reset=1\";}}',NULL,NULL,NULL,1,0,1,1,22,1,0,0,'a:0:{}'),
 (80,1,'civicrm/admin/uf/group/field/update',NULL,'Edit Field','a:2:{i:0;s:19:\"CRM_Core_Permission\";i:1;s:9:\"checkMenu\";}','a:2:{i:0;a:3:{i:0;s:25:\"administer CiviCRM system\";i:1;s:23:\"administer CiviCRM data\";i:2;s:14:\"access CiviCRM\";}i:1;s:3:\"and\";}','s:17:\"CRM_UF_Form_Field\";',NULL,'a:3:{i:0;a:2:{s:5:\"title\";s:7:\"CiviCRM\";s:3:\"url\";s:16:\"/civicrm?reset=1\";}i:1;a:2:{s:5:\"title\";s:10:\"Administer\";s:3:\"url\";s:22:\"/civicrm/admin?reset=1\";}i:2;a:2:{s:5:\"title\";s:8:\"Profiles\";s:3:\"url\";s:31:\"/civicrm/admin/uf/group?reset=1\";}}',NULL,NULL,NULL,1,0,1,1,23,1,0,0,'a:0:{}'),
 (81,1,'civicrm/admin/uf/group/add',NULL,'New CiviCRM Profile','a:2:{i:0;s:19:\"CRM_Core_Permission\";i:1;s:9:\"checkMenu\";}','a:2:{i:0;a:3:{i:0;s:25:\"administer CiviCRM system\";i:1;s:23:\"administer CiviCRM data\";i:2;s:14:\"access CiviCRM\";}i:1;s:3:\"and\";}','s:17:\"CRM_UF_Form_Group\";',NULL,'a:3:{i:0;a:2:{s:5:\"title\";s:7:\"CiviCRM\";s:3:\"url\";s:16:\"/civicrm?reset=1\";}i:1;a:2:{s:5:\"title\";s:10:\"Administer\";s:3:\"url\";s:22:\"/civicrm/admin?reset=1\";}i:2;a:2:{s:5:\"title\";s:8:\"Profiles\";s:3:\"url\";s:31:\"/civicrm/admin/uf/group?reset=1\";}}',NULL,NULL,NULL,1,0,1,1,24,1,0,0,'a:0:{}'),
 (82,1,'civicrm/admin/uf/group/update',NULL,'Profile Settings','a:2:{i:0;s:19:\"CRM_Core_Permission\";i:1;s:9:\"checkMenu\";}','a:2:{i:0;a:3:{i:0;s:25:\"administer CiviCRM system\";i:1;s:23:\"administer CiviCRM data\";i:2;s:14:\"access CiviCRM\";}i:1;s:3:\"and\";}','s:17:\"CRM_UF_Form_Group\";',NULL,'a:3:{i:0;a:2:{s:5:\"title\";s:7:\"CiviCRM\";s:3:\"url\";s:16:\"/civicrm?reset=1\";}i:1;a:2:{s:5:\"title\";s:10:\"Administer\";s:3:\"url\";s:22:\"/civicrm/admin?reset=1\";}i:2;a:2:{s:5:\"title\";s:8:\"Profiles\";s:3:\"url\";s:31:\"/civicrm/admin/uf/group?reset=1\";}}',NULL,NULL,NULL,1,0,1,1,25,1,0,0,'a:0:{}'),
 (83,1,'civicrm/admin/uf/group/copy',NULL,'Profile Copy','a:2:{i:0;s:19:\"CRM_Core_Permission\";i:1;s:9:\"checkMenu\";}','a:2:{i:0;a:3:{i:0;s:25:\"administer CiviCRM system\";i:1;s:23:\"administer CiviCRM data\";i:2;s:14:\"access CiviCRM\";}i:1;s:3:\"and\";}','s:17:\"CRM_UF_Page_Group\";',NULL,'a:3:{i:0;a:2:{s:5:\"title\";s:7:\"CiviCRM\";s:3:\"url\";s:16:\"/civicrm?reset=1\";}i:1;a:2:{s:5:\"title\";s:10:\"Administer\";s:3:\"url\";s:22:\"/civicrm/admin?reset=1\";}i:2;a:2:{s:5:\"title\";s:8:\"Profiles\";s:3:\"url\";s:31:\"/civicrm/admin/uf/group?reset=1\";}}',NULL,NULL,NULL,1,0,1,1,26,1,0,0,'a:0:{}'),
 (84,1,'civicrm/admin/uf/group/setting',NULL,'AdditionalInfo Form','a:2:{i:0;s:19:\"CRM_Core_Permission\";i:1;s:9:\"checkMenu\";}','a:2:{i:0;a:3:{i:0;s:25:\"administer CiviCRM system\";i:1;s:23:\"administer CiviCRM data\";i:2;s:14:\"access CiviCRM\";}i:1;s:3:\"and\";}','s:26:\"CRM_UF_Form_AdvanceSetting\";',NULL,'a:3:{i:0;a:2:{s:5:\"title\";s:7:\"CiviCRM\";s:3:\"url\";s:16:\"/civicrm?reset=1\";}i:1;a:2:{s:5:\"title\";s:10:\"Administer\";s:3:\"url\";s:22:\"/civicrm/admin?reset=1\";}i:2;a:2:{s:5:\"title\";s:8:\"Profiles\";s:3:\"url\";s:31:\"/civicrm/admin/uf/group?reset=1\";}}',NULL,NULL,NULL,1,0,1,1,0,1,0,0,'a:0:{}'),
 (85,1,'civicrm/admin/options/activity_type',NULL,'Activity Types','a:2:{i:0;s:19:\"CRM_Core_Permission\";i:1;s:9:\"checkMenu\";}','a:2:{i:0;a:3:{i:0;s:25:\"administer CiviCRM system\";i:1;s:23:\"administer CiviCRM data\";i:2;s:14:\"access CiviCRM\";}i:1;s:3:\"and\";}','s:22:\"CRM_Admin_Page_Options\";',NULL,'a:3:{i:0;a:2:{s:5:\"title\";s:7:\"CiviCRM\";s:3:\"url\";s:16:\"/civicrm?reset=1\";}i:1;a:2:{s:5:\"title\";s:10:\"Administer\";s:3:\"url\";s:22:\"/civicrm/admin?reset=1\";}i:2;a:2:{s:5:\"title\";s:13:\"Option Groups\";s:3:\"url\";s:30:\"/civicrm/admin/options?reset=1\";}}',NULL,NULL,NULL,1,0,1,1,30,1,0,0,'a:2:{s:4:\"desc\";s:155:\"CiviCRM has several built-in activity types (meetings, phone calls, emails sent). Track other types of interactions by creating custom activity types here.\";s:10:\"adminGroup\";s:26:\"Customize Data and Screens\";}'),
 (86,1,'civicrm/admin/reltype',NULL,'Relationship Types','a:2:{i:0;s:19:\"CRM_Core_Permission\";i:1;s:9:\"checkMenu\";}','a:2:{i:0;a:3:{i:0;s:25:\"administer CiviCRM system\";i:1;s:23:\"administer CiviCRM data\";i:2;s:14:\"access CiviCRM\";}i:1;s:3:\"and\";}','s:31:\"CRM_Admin_Page_RelationshipType\";',NULL,'a:2:{i:0;a:2:{s:5:\"title\";s:7:\"CiviCRM\";s:3:\"url\";s:16:\"/civicrm?reset=1\";}i:1;a:2:{s:5:\"title\";s:10:\"Administer\";s:3:\"url\";s:22:\"/civicrm/admin?reset=1\";}}',NULL,NULL,NULL,1,0,1,1,35,1,0,0,'a:2:{s:4:\"desc\";s:148:\"Contacts can be linked to each other through Relationships (e.g. Spouse, Employer, etc.). Define the types of relationships you want to record here.\";s:10:\"adminGroup\";s:26:\"Customize Data and Screens\";}'),
 (87,1,'civicrm/admin/reltype/edit',NULL,'Edit Relationship Type','a:2:{i:0;s:19:\"CRM_Core_Permission\";i:1;s:9:\"checkMenu\";}','a:2:{i:0;a:3:{i:0;s:25:\"administer CiviCRM system\";i:1;s:23:\"administer CiviCRM data\";i:2;s:14:\"access CiviCRM\";}i:1;s:3:\"and\";}','s:31:\"CRM_Admin_Form_RelationshipType\";',NULL,'a:3:{i:0;a:2:{s:5:\"title\";s:7:\"CiviCRM\";s:3:\"url\";s:16:\"/civicrm?reset=1\";}i:1;a:2:{s:5:\"title\";s:10:\"Administer\";s:3:\"url\";s:22:\"/civicrm/admin?reset=1\";}i:2;a:2:{s:5:\"title\";s:18:\"Relationship Types\";s:3:\"url\";s:30:\"/civicrm/admin/reltype?reset=1\";}}',NULL,NULL,NULL,1,0,1,1,1,1,0,0,'a:0:{}'),
 (88,1,'civicrm/admin/options/subtype',NULL,'Contact Types','a:2:{i:0;s:19:\"CRM_Core_Permission\";i:1;s:9:\"checkMenu\";}','a:2:{i:0;a:3:{i:0;s:25:\"administer CiviCRM system\";i:1;s:23:\"administer CiviCRM data\";i:2;s:14:\"access CiviCRM\";}i:1;s:3:\"and\";}','s:26:\"CRM_Admin_Page_ContactType\";',NULL,'a:3:{i:0;a:2:{s:5:\"title\";s:7:\"CiviCRM\";s:3:\"url\";s:16:\"/civicrm?reset=1\";}i:1;a:2:{s:5:\"title\";s:10:\"Administer\";s:3:\"url\";s:22:\"/civicrm/admin?reset=1\";}i:2;a:2:{s:5:\"title\";s:13:\"Option Groups\";s:3:\"url\";s:30:\"/civicrm/admin/options?reset=1\";}}',NULL,NULL,NULL,1,0,1,1,40,1,0,0,'a:1:{s:10:\"adminGroup\";s:26:\"Customize Data and Screens\";}'),
 (89,1,'civicrm/admin/options/subtype/edit',NULL,'Edit Contact Type','a:2:{i:0;s:19:\"CRM_Core_Permission\";i:1;s:9:\"checkMenu\";}','a:2:{i:0;a:3:{i:0;s:25:\"administer CiviCRM system\";i:1;s:23:\"administer CiviCRM data\";i:2;s:14:\"access CiviCRM\";}i:1;s:3:\"and\";}','s:26:\"CRM_Admin_Form_ContactType\";',NULL,'a:4:{i:0;a:2:{s:5:\"title\";s:7:\"CiviCRM\";s:3:\"url\";s:16:\"/civicrm?reset=1\";}i:1;a:2:{s:5:\"title\";s:10:\"Administer\";s:3:\"url\";s:22:\"/civicrm/admin?reset=1\";}i:2;a:2:{s:5:\"title\";s:13:\"Option Groups\";s:3:\"url\";s:30:\"/civicrm/admin/options?reset=1\";}i:3;a:2:{s:5:\"title\";s:13:\"Contact Types\";s:3:\"url\";s:38:\"/civicrm/admin/options/subtype?reset=1\";}}',NULL,NULL,NULL,1,0,1,1,1,1,0,0,'a:0:{}'),
 (90,1,'civicrm/admin/options/gender',NULL,'Gender Options','a:2:{i:0;s:19:\"CRM_Core_Permission\";i:1;s:9:\"checkMenu\";}','a:2:{i:0;a:3:{i:0;s:25:\"administer CiviCRM system\";i:1;s:23:\"administer CiviCRM data\";i:2;s:14:\"access CiviCRM\";}i:1;s:3:\"and\";}','s:22:\"CRM_Admin_Page_Options\";',NULL,'a:3:{i:0;a:2:{s:5:\"title\";s:7:\"CiviCRM\";s:3:\"url\";s:16:\"/civicrm?reset=1\";}i:1;a:2:{s:5:\"title\";s:10:\"Administer\";s:3:\"url\";s:22:\"/civicrm/admin?reset=1\";}i:2;a:2:{s:5:\"title\";s:13:\"Option Groups\";s:3:\"url\";s:30:\"/civicrm/admin/options?reset=1\";}}',NULL,NULL,NULL,1,0,1,1,45,1,0,0,'a:2:{s:4:\"desc\";s:79:\"Options for assigning gender to individual contacts (e.g. Male, Female, Other).\";s:10:\"adminGroup\";s:26:\"Customize Data and Screens\";}'),
 (91,1,'civicrm/admin/options/individual_prefix',NULL,'Individual Prefixes (Ms, Mr...)','a:2:{i:0;s:19:\"CRM_Core_Permission\";i:1;s:9:\"checkMenu\";}','a:2:{i:0;a:3:{i:0;s:25:\"administer CiviCRM system\";i:1;s:23:\"administer CiviCRM data\";i:2;s:14:\"access CiviCRM\";}i:1;s:3:\"and\";}','s:22:\"CRM_Admin_Page_Options\";',NULL,'a:3:{i:0;a:2:{s:5:\"title\";s:7:\"CiviCRM\";s:3:\"url\";s:16:\"/civicrm?reset=1\";}i:1;a:2:{s:5:\"title\";s:10:\"Administer\";s:3:\"url\";s:22:\"/civicrm/admin?reset=1\";}i:2;a:2:{s:5:\"title\";s:13:\"Option Groups\";s:3:\"url\";s:30:\"/civicrm/admin/options?reset=1\";}}',NULL,NULL,NULL,1,0,1,1,50,1,0,0,'a:2:{s:4:\"desc\";s:66:\"Options for individual contact prefixes (e.g. Ms., Mr., Dr. etc.).\";s:10:\"adminGroup\";s:26:\"Customize Data and Screens\";}'),
 (92,1,'civicrm/admin/options/individual_suffix',NULL,'Individual Suffixes (Jr, Sr...)','a:2:{i:0;s:19:\"CRM_Core_Permission\";i:1;s:9:\"checkMenu\";}','a:2:{i:0;a:3:{i:0;s:25:\"administer CiviCRM system\";i:1;s:23:\"administer CiviCRM data\";i:2;s:14:\"access CiviCRM\";}i:1;s:3:\"and\";}','s:22:\"CRM_Admin_Page_Options\";',NULL,'a:3:{i:0;a:2:{s:5:\"title\";s:7:\"CiviCRM\";s:3:\"url\";s:16:\"/civicrm?reset=1\";}i:1;a:2:{s:5:\"title\";s:10:\"Administer\";s:3:\"url\";s:22:\"/civicrm/admin?reset=1\";}i:2;a:2:{s:5:\"title\";s:13:\"Option Groups\";s:3:\"url\";s:30:\"/civicrm/admin/options?reset=1\";}}',NULL,NULL,NULL,1,0,1,1,55,1,0,0,'a:2:{s:4:\"desc\";s:61:\"Options for individual contact suffixes (e.g. Jr., Sr. etc.).\";s:10:\"adminGroup\";s:26:\"Customize Data and Screens\";}'),
 (93,1,'civicrm/admin/locationType',NULL,'Location Types (Home, Work...)','a:2:{i:0;s:19:\"CRM_Core_Permission\";i:1;s:9:\"checkMenu\";}','a:2:{i:0;a:3:{i:0;s:25:\"administer CiviCRM system\";i:1;s:23:\"administer CiviCRM data\";i:2;s:14:\"access CiviCRM\";}i:1;s:3:\"and\";}','s:27:\"CRM_Admin_Page_LocationType\";',NULL,'a:2:{i:0;a:2:{s:5:\"title\";s:7:\"CiviCRM\";s:3:\"url\";s:16:\"/civicrm?reset=1\";}i:1;a:2:{s:5:\"title\";s:10:\"Administer\";s:3:\"url\";s:22:\"/civicrm/admin?reset=1\";}}',NULL,NULL,NULL,1,0,1,1,60,1,0,0,'a:2:{s:4:\"desc\";s:94:\"Options for categorizing contact addresses and phone numbers (e.g. Home, Work, Billing, etc.).\";s:10:\"adminGroup\";s:26:\"Customize Data and Screens\";}'),
 (94,1,'civicrm/admin/locationType/edit',NULL,'Edit Location Type','a:2:{i:0;s:19:\"CRM_Core_Permission\";i:1;s:9:\"checkMenu\";}','a:2:{i:0;a:3:{i:0;s:25:\"administer CiviCRM system\";i:1;s:23:\"administer CiviCRM data\";i:2;s:14:\"access CiviCRM\";}i:1;s:3:\"and\";}','s:27:\"CRM_Admin_Form_LocationType\";',NULL,'a:3:{i:0;a:2:{s:5:\"title\";s:7:\"CiviCRM\";s:3:\"url\";s:16:\"/civicrm?reset=1\";}i:1;a:2:{s:5:\"title\";s:10:\"Administer\";s:3:\"url\";s:22:\"/civicrm/admin?reset=1\";}i:2;a:2:{s:5:\"title\";s:30:\"Location Types (Home, Work...)\";s:3:\"url\";s:35:\"/civicrm/admin/locationType?reset=1\";}}',NULL,NULL,NULL,1,0,1,1,1,1,0,0,'a:0:{}'),
 (95,1,'civicrm/admin/options/website_type',NULL,'Website Types','a:2:{i:0;s:19:\"CRM_Core_Permission\";i:1;s:9:\"checkMenu\";}','a:2:{i:0;a:3:{i:0;s:25:\"administer CiviCRM system\";i:1;s:23:\"administer CiviCRM data\";i:2;s:14:\"access CiviCRM\";}i:1;s:3:\"and\";}','s:22:\"CRM_Admin_Page_Options\";',NULL,'a:3:{i:0;a:2:{s:5:\"title\";s:7:\"CiviCRM\";s:3:\"url\";s:16:\"/civicrm?reset=1\";}i:1;a:2:{s:5:\"title\";s:10:\"Administer\";s:3:\"url\";s:22:\"/civicrm/admin?reset=1\";}i:2;a:2:{s:5:\"title\";s:13:\"Option Groups\";s:3:\"url\";s:30:\"/civicrm/admin/options?reset=1\";}}',NULL,NULL,NULL,1,0,1,1,65,1,0,0,'a:2:{s:4:\"desc\";s:48:\"Options for assigning website types to contacts.\";s:10:\"adminGroup\";s:26:\"Customize Data and Screens\";}'),
 (96,1,'civicrm/admin/options/instant_messenger_service',NULL,'Instant Messenger Services','a:2:{i:0;s:19:\"CRM_Core_Permission\";i:1;s:9:\"checkMenu\";}','a:2:{i:0;a:3:{i:0;s:25:\"administer CiviCRM system\";i:1;s:23:\"administer CiviCRM data\";i:2;s:14:\"access CiviCRM\";}i:1;s:3:\"and\";}','s:22:\"CRM_Admin_Page_Options\";',NULL,'a:3:{i:0;a:2:{s:5:\"title\";s:7:\"CiviCRM\";s:3:\"url\";s:16:\"/civicrm?reset=1\";}i:1;a:2:{s:5:\"title\";s:10:\"Administer\";s:3:\"url\";s:22:\"/civicrm/admin?reset=1\";}i:2;a:2:{s:5:\"title\";s:13:\"Option Groups\";s:3:\"url\";s:30:\"/civicrm/admin/options?reset=1\";}}',NULL,NULL,NULL,1,0,1,1,70,1,0,0,'a:2:{s:4:\"desc\";s:79:\"List of IM services which can be used when recording screen-names for contacts.\";s:10:\"adminGroup\";s:26:\"Customize Data and Screens\";}'),
 (97,1,'civicrm/admin/options/mobile_provider',NULL,'Mobile Phone Providers','a:2:{i:0;s:19:\"CRM_Core_Permission\";i:1;s:9:\"checkMenu\";}','a:2:{i:0;a:3:{i:0;s:25:\"administer CiviCRM system\";i:1;s:23:\"administer CiviCRM data\";i:2;s:14:\"access CiviCRM\";}i:1;s:3:\"and\";}','s:22:\"CRM_Admin_Page_Options\";',NULL,'a:3:{i:0;a:2:{s:5:\"title\";s:7:\"CiviCRM\";s:3:\"url\";s:16:\"/civicrm?reset=1\";}i:1;a:2:{s:5:\"title\";s:10:\"Administer\";s:3:\"url\";s:22:\"/civicrm/admin?reset=1\";}i:2;a:2:{s:5:\"title\";s:13:\"Option Groups\";s:3:\"url\";s:30:\"/civicrm/admin/options?reset=1\";}}',NULL,NULL,NULL,1,0,1,1,75,1,0,0,'a:2:{s:4:\"desc\";s:90:\"List of mobile phone providers which can be assigned when recording contact phone numbers.\";s:10:\"adminGroup\";s:26:\"Customize Data and Screens\";}'),
 (98,1,'civicrm/admin/options/phone_type',NULL,'Phone Type','a:2:{i:0;s:19:\"CRM_Core_Permission\";i:1;s:9:\"checkMenu\";}','a:2:{i:0;a:3:{i:0;s:25:\"administer CiviCRM system\";i:1;s:23:\"administer CiviCRM data\";i:2;s:14:\"access CiviCRM\";}i:1;s:3:\"and\";}','s:22:\"CRM_Admin_Page_Options\";',NULL,'a:3:{i:0;a:2:{s:5:\"title\";s:7:\"CiviCRM\";s:3:\"url\";s:16:\"/civicrm?reset=1\";}i:1;a:2:{s:5:\"title\";s:10:\"Administer\";s:3:\"url\";s:22:\"/civicrm/admin?reset=1\";}i:2;a:2:{s:5:\"title\";s:13:\"Option Groups\";s:3:\"url\";s:30:\"/civicrm/admin/options?reset=1\";}}',NULL,NULL,NULL,1,0,1,1,80,1,0,0,'a:2:{s:4:\"desc\";s:80:\"Options for assigning phone type to contacts (e.g Phone,\n    Mobile, Fax, Pager)\";s:10:\"adminGroup\";s:26:\"Customize Data and Screens\";}'),
 (99,1,'civicrm/admin/setting/preferences/display',NULL,'Display Preferences','a:2:{i:0;s:19:\"CRM_Core_Permission\";i:1;s:9:\"checkMenu\";}','a:2:{i:0;a:3:{i:0;s:25:\"administer CiviCRM system\";i:1;s:23:\"administer CiviCRM data\";i:2;s:14:\"access CiviCRM\";}i:1;s:3:\"and\";}','s:34:\"CRM_Admin_Form_Preferences_Display\";',NULL,'a:2:{i:0;a:2:{s:5:\"title\";s:7:\"CiviCRM\";s:3:\"url\";s:16:\"/civicrm?reset=1\";}i:1;a:2:{s:5:\"title\";s:10:\"Administer\";s:3:\"url\";s:22:\"/civicrm/admin?reset=1\";}}',NULL,NULL,NULL,1,0,1,1,90,1,0,0,'a:1:{s:10:\"adminGroup\";s:26:\"Customize Data and Screens\";}'),
 (100,1,'civicrm/admin/setting/search',NULL,'Search Preferences','a:2:{i:0;s:19:\"CRM_Core_Permission\";i:1;s:9:\"checkMenu\";}','a:2:{i:0;a:3:{i:0;s:25:\"administer CiviCRM system\";i:1;s:23:\"administer CiviCRM data\";i:2;s:14:\"access CiviCRM\";}i:1;s:3:\"and\";}','s:29:\"CRM_Admin_Form_Setting_Search\";',NULL,'a:2:{i:0;a:2:{s:5:\"title\";s:7:\"CiviCRM\";s:3:\"url\";s:16:\"/civicrm?reset=1\";}i:1;a:2:{s:5:\"title\";s:10:\"Administer\";s:3:\"url\";s:22:\"/civicrm/admin?reset=1\";}}',NULL,NULL,NULL,1,0,1,1,95,1,0,0,'a:1:{s:10:\"adminGroup\";s:26:\"Customize Data and Screens\";}'),
 (101,1,'civicrm/admin/setting/preferences/date/edit',NULL,'Date Preferences','a:2:{i:0;s:19:\"CRM_Core_Permission\";i:1;s:9:\"checkMenu\";}','a:2:{i:0;a:3:{i:0;s:25:\"administer CiviCRM system\";i:1;s:23:\"administer CiviCRM data\";i:2;s:14:\"access CiviCRM\";}i:1;s:3:\"and\";}','s:30:\"CRM_Admin_Form_PreferencesDate\";',NULL,'a:3:{i:0;a:2:{s:5:\"title\";s:7:\"CiviCRM\";s:3:\"url\";s:16:\"/civicrm?reset=1\";}i:1;a:2:{s:5:\"title\";s:10:\"Administer\";s:3:\"url\";s:22:\"/civicrm/admin?reset=1\";}i:2;a:2:{s:5:\"title\";s:16:\"Date Preferences\";s:3:\"url\";s:47:\"/civicrm/admin/setting/preferences/date?reset=1\";}}',NULL,NULL,NULL,1,0,1,1,1,1,0,0,'a:0:{}'),
 (102,1,'civicrm/admin/menu',NULL,'Navigation Menu','a:2:{i:0;s:19:\"CRM_Core_Permission\";i:1;s:9:\"checkMenu\";}','a:2:{i:0;a:3:{i:0;s:25:\"administer CiviCRM system\";i:1;s:23:\"administer CiviCRM data\";i:2;s:14:\"access CiviCRM\";}i:1;s:3:\"and\";}','s:25:\"CRM_Admin_Page_Navigation\";',NULL,'a:2:{i:0;a:2:{s:5:\"title\";s:7:\"CiviCRM\";s:3:\"url\";s:16:\"/civicrm?reset=1\";}i:1;a:2:{s:5:\"title\";s:10:\"Administer\";s:3:\"url\";s:22:\"/civicrm/admin?reset=1\";}}',NULL,NULL,NULL,1,0,1,1,100,1,0,0,'a:2:{s:4:\"desc\";s:79:\"Add or remove menu items, and modify the order of items on the navigation menu.\";s:10:\"adminGroup\";s:26:\"Customize Data and Screens\";}'),
 (103,1,'civicrm/admin/options/wordreplacements',NULL,'Word Replacements','a:2:{i:0;s:19:\"CRM_Core_Permission\";i:1;s:9:\"checkMenu\";}','a:2:{i:0;a:3:{i:0;s:25:\"administer CiviCRM system\";i:1;s:23:\"administer CiviCRM data\";i:2;s:14:\"access CiviCRM\";}i:1;s:3:\"and\";}','s:31:\"CRM_Admin_Form_WordReplacements\";',NULL,'a:3:{i:0;a:2:{s:5:\"title\";s:7:\"CiviCRM\";s:3:\"url\";s:16:\"/civicrm?reset=1\";}i:1;a:2:{s:5:\"title\";s:10:\"Administer\";s:3:\"url\";s:22:\"/civicrm/admin?reset=1\";}i:2;a:2:{s:5:\"title\";s:13:\"Option Groups\";s:3:\"url\";s:30:\"/civicrm/admin/options?reset=1\";}}',NULL,NULL,NULL,1,0,1,1,105,1,0,0,'a:2:{s:4:\"desc\";s:18:\"Word Replacements.\";s:10:\"adminGroup\";s:26:\"Customize Data and Screens\";}'),
 (104,1,'civicrm/admin/options/custom_search',NULL,'Manage Custom Searches','a:2:{i:0;s:19:\"CRM_Core_Permission\";i:1;s:9:\"checkMenu\";}','a:2:{i:0;a:3:{i:0;s:25:\"administer CiviCRM system\";i:1;s:23:\"administer CiviCRM data\";i:2;s:14:\"access CiviCRM\";}i:1;s:3:\"and\";}','s:22:\"CRM_Admin_Page_Options\";',NULL,'a:3:{i:0;a:2:{s:5:\"title\";s:7:\"CiviCRM\";s:3:\"url\";s:16:\"/civicrm?reset=1\";}i:1;a:2:{s:5:\"title\";s:10:\"Administer\";s:3:\"url\";s:22:\"/civicrm/admin?reset=1\";}i:2;a:2:{s:5:\"title\";s:13:\"Option Groups\";s:3:\"url\";s:30:\"/civicrm/admin/options?reset=1\";}}',NULL,NULL,NULL,1,0,1,1,110,1,0,0,'a:2:{s:4:\"desc\";s:225:\"Developers and accidental techies with a bit of PHP and SQL knowledge can create new search forms to handle specific search and reporting needs which aren\'t covered by the built-in Advanced Search and Search Builder features.\";s:10:\"adminGroup\";s:26:\"Customize Data and Screens\";}'),
 (105,1,'civicrm/admin/domain','action=update','Organization Address and Contact Info','a:2:{i:0;s:19:\"CRM_Core_Permission\";i:1;s:9:\"checkMenu\";}','a:2:{i:0;a:3:{i:0;s:25:\"administer CiviCRM system\";i:1;s:23:\"administer CiviCRM data\";i:2;s:14:\"access CiviCRM\";}i:1;s:3:\"and\";}','s:23:\"CRM_Contact_Form_Domain\";',NULL,'a:2:{i:0;a:2:{s:5:\"title\";s:7:\"CiviCRM\";s:3:\"url\";s:16:\"/civicrm?reset=1\";}i:1;a:2:{s:5:\"title\";s:10:\"Administer\";s:3:\"url\";s:22:\"/civicrm/admin?reset=1\";}}',NULL,NULL,NULL,1,0,1,1,10,1,0,0,'a:2:{s:4:\"desc\";s:150:\"Configure primary contact name, email, return-path and address information. This information is used by CiviMail to identify the sending organization.\";s:10:\"adminGroup\";s:14:\"Communications\";}'),
 (106,1,'civicrm/admin/options/from_email_address',NULL,'From Email Addresses','a:2:{i:0;s:19:\"CRM_Core_Permission\";i:1;s:9:\"checkMenu\";}','a:2:{i:0;a:3:{i:0;s:25:\"administer CiviCRM system\";i:1;s:23:\"administer CiviCRM data\";i:2;s:14:\"access CiviCRM\";}i:1;s:3:\"and\";}','s:22:\"CRM_Admin_Page_Options\";',NULL,'a:3:{i:0;a:2:{s:5:\"title\";s:7:\"CiviCRM\";s:3:\"url\";s:16:\"/civicrm?reset=1\";}i:1;a:2:{s:5:\"title\";s:10:\"Administer\";s:3:\"url\";s:22:\"/civicrm/admin?reset=1\";}i:2;a:2:{s:5:\"title\";s:13:\"Option Groups\";s:3:\"url\";s:30:\"/civicrm/admin/options?reset=1\";}}',NULL,NULL,NULL,1,0,1,1,20,1,0,0,'a:2:{s:4:\"desc\";s:74:\"List of Email Addresses which can be used when sending emails to contacts.\";s:10:\"adminGroup\";s:14:\"Communications\";}'),
 (107,1,'civicrm/admin/messageTemplates',NULL,'MsgtplBasePage','a:2:{i:0;s:19:\"CRM_Core_Permission\";i:1;s:9:\"checkMenu\";}','a:2:{i:0;a:1:{i:0;s:14:\"access CiviCRM\";}i:1;s:3:\"and\";}','s:36:\"CRM_MessageAdmin_Page_MsgtplBasePage\";',NULL,'a:2:{i:0;a:2:{s:5:\"title\";s:7:\"CiviCRM\";s:3:\"url\";s:16:\"/civicrm?reset=1\";}i:1;a:2:{s:5:\"title\";s:10:\"Administer\";s:3:\"url\";s:22:\"/civicrm/admin?reset=1\";}}',NULL,NULL,NULL,1,0,1,1,1,1,0,0,'a:0:{}'),
 (108,1,'civicrm/admin/messageTemplates/add',NULL,'Message Templates','a:2:{i:0;s:19:\"CRM_Core_Permission\";i:1;s:9:\"checkMenu\";}','a:2:{i:0;a:3:{i:0;s:22:\"edit message templates\";i:1;s:34:\"edit user-driven message templates\";i:2;s:38:\"edit system workflow message templates\";}i:1;s:2:\"or\";}','s:31:\"CRM_Admin_Form_MessageTemplates\";',NULL,'a:3:{i:0;a:2:{s:5:\"title\";s:7:\"CiviCRM\";s:3:\"url\";s:16:\"/civicrm?reset=1\";}i:1;a:2:{s:5:\"title\";s:10:\"Administer\";s:3:\"url\";s:22:\"/civicrm/admin?reset=1\";}i:2;a:2:{s:5:\"title\";s:14:\"MsgtplBasePage\";s:3:\"url\";s:39:\"/civicrm/admin/messageTemplates?reset=1\";}}',NULL,NULL,NULL,1,0,1,1,262,1,0,0,'a:1:{s:4:\"desc\";s:26:\"Add/Edit Message Templates\";}'),
 (109,1,'civicrm/admin/scheduleReminders',NULL,'Schedule Reminders','s:1:\"1\";','a:2:{i:0;a:1:{i:0;s:23:\"administer CiviCRM data\";}i:1;s:3:\"and\";}','s:32:\"CRM_Admin_Page_ScheduleReminders\";',NULL,'a:2:{i:0;a:2:{s:5:\"title\";s:7:\"CiviCRM\";s:3:\"url\";s:16:\"/civicrm?reset=1\";}i:1;a:2:{s:5:\"title\";s:10:\"Administer\";s:3:\"url\";s:22:\"/civicrm/admin?reset=1\";}}',NULL,NULL,NULL,1,0,1,1,40,1,0,0,'a:2:{s:4:\"desc\";s:19:\"Schedule Reminders.\";s:10:\"adminGroup\";s:14:\"Communications\";}'),
 (110,1,'civicrm/admin/scheduleReminders/edit',NULL,'Schedule Reminders','s:1:\"1\";','a:2:{i:0;a:2:{i:0;s:23:\"administer CiviCRM data\";i:1;s:15:\"edit all events\";}i:1;s:2:\"or\";}','s:32:\"CRM_Admin_Form_ScheduleReminders\";',NULL,'a:3:{i:0;a:2:{s:5:\"title\";s:7:\"CiviCRM\";s:3:\"url\";s:16:\"/civicrm?reset=1\";}i:1;a:2:{s:5:\"title\";s:10:\"Administer\";s:3:\"url\";s:22:\"/civicrm/admin?reset=1\";}i:2;a:2:{s:5:\"title\";s:18:\"Schedule Reminders\";s:3:\"url\";s:40:\"/civicrm/admin/scheduleReminders?reset=1\";}}',NULL,NULL,NULL,1,0,1,1,1,1,0,0,'a:0:{}'),
 (111,1,'civicrm/admin/weight',NULL,NULL,'a:2:{i:0;s:19:\"CRM_Core_Permission\";i:1;s:9:\"checkMenu\";}','a:2:{i:0;a:3:{i:0;s:25:\"administer CiviCRM system\";i:1;s:23:\"administer CiviCRM data\";i:2;s:14:\"access CiviCRM\";}i:1;s:3:\"and\";}','a:2:{i:0;s:16:\"CRM_Utils_Weight\";i:1;s:8:\"fixOrder\";}',NULL,'a:2:{i:0;a:2:{s:5:\"title\";s:7:\"CiviCRM\";s:3:\"url\";s:16:\"/civicrm?reset=1\";}i:1;a:2:{s:5:\"title\";s:10:\"Administer\";s:3:\"url\";s:22:\"/civicrm/admin?reset=1\";}}',NULL,NULL,NULL,1,0,1,1,1,1,0,0,'a:0:{}'),
 (112,1,'civicrm/admin/options/preferred_communication_method',NULL,'Preferred Communication Methods','a:2:{i:0;s:19:\"CRM_Core_Permission\";i:1;s:9:\"checkMenu\";}','a:2:{i:0;a:3:{i:0;s:25:\"administer CiviCRM system\";i:1;s:23:\"administer CiviCRM data\";i:2;s:14:\"access CiviCRM\";}i:1;s:3:\"and\";}','s:22:\"CRM_Admin_Page_Options\";',NULL,'a:3:{i:0;a:2:{s:5:\"title\";s:7:\"CiviCRM\";s:3:\"url\";s:16:\"/civicrm?reset=1\";}i:1;a:2:{s:5:\"title\";s:10:\"Administer\";s:3:\"url\";s:22:\"/civicrm/admin?reset=1\";}i:2;a:2:{s:5:\"title\";s:13:\"Option Groups\";s:3:\"url\";s:30:\"/civicrm/admin/options?reset=1\";}}',NULL,NULL,NULL,1,0,1,1,50,1,0,0,'a:2:{s:4:\"desc\";s:117:\"One or more preferred methods of communication can be assigned to each contact. Customize the available options here.\";s:10:\"adminGroup\";s:14:\"Communications\";}'),
 (113,1,'civicrm/admin/labelFormats',NULL,'Label Page Formats','a:2:{i:0;s:19:\"CRM_Core_Permission\";i:1;s:9:\"checkMenu\";}','a:2:{i:0;a:3:{i:0;s:25:\"administer CiviCRM system\";i:1;s:23:\"administer CiviCRM data\";i:2;s:14:\"access CiviCRM\";}i:1;s:3:\"and\";}','s:27:\"CRM_Admin_Page_LabelFormats\";',NULL,'a:2:{i:0;a:2:{s:5:\"title\";s:7:\"CiviCRM\";s:3:\"url\";s:16:\"/civicrm?reset=1\";}i:1;a:2:{s:5:\"title\";s:10:\"Administer\";s:3:\"url\";s:22:\"/civicrm/admin?reset=1\";}}',NULL,NULL,NULL,1,0,1,1,60,1,0,0,'a:2:{s:4:\"desc\";s:82:\"Configure label sizes and page layouts that are used when printing mailing labels.\";s:10:\"adminGroup\";s:14:\"Communications\";}'),
 (114,1,'civicrm/admin/labelFormats/edit',NULL,'Label Page Formats','a:2:{i:0;s:19:\"CRM_Core_Permission\";i:1;s:9:\"checkMenu\";}','a:2:{i:0;a:3:{i:0;s:25:\"administer CiviCRM system\";i:1;s:23:\"administer CiviCRM data\";i:2;s:14:\"access CiviCRM\";}i:1;s:3:\"and\";}','s:27:\"CRM_Admin_Page_LabelFormats\";',NULL,'a:3:{i:0;a:2:{s:5:\"title\";s:7:\"CiviCRM\";s:3:\"url\";s:16:\"/civicrm?reset=1\";}i:1;a:2:{s:5:\"title\";s:10:\"Administer\";s:3:\"url\";s:22:\"/civicrm/admin?reset=1\";}i:2;a:2:{s:5:\"title\";s:18:\"Label Page Formats\";s:3:\"url\";s:35:\"/civicrm/admin/labelFormats?reset=1\";}}',NULL,NULL,NULL,1,0,1,1,1,1,0,0,'a:0:{}'),
 (115,1,'civicrm/admin/pdfFormats',NULL,'Print Page (PDF) Formats','a:2:{i:0;s:19:\"CRM_Core_Permission\";i:1;s:9:\"checkMenu\";}','a:2:{i:0;a:3:{i:0;s:25:\"administer CiviCRM system\";i:1;s:23:\"administer CiviCRM data\";i:2;s:14:\"access CiviCRM\";}i:1;s:3:\"and\";}','s:25:\"CRM_Admin_Page_PdfFormats\";',NULL,'a:2:{i:0;a:2:{s:5:\"title\";s:7:\"CiviCRM\";s:3:\"url\";s:16:\"/civicrm?reset=1\";}i:1;a:2:{s:5:\"title\";s:10:\"Administer\";s:3:\"url\";s:22:\"/civicrm/admin?reset=1\";}}',NULL,NULL,NULL,1,0,1,1,70,1,0,0,'a:2:{s:4:\"desc\";s:95:\"Configure PDF Page Formats that can be assigned to Message Templates when creating PDF letters.\";s:10:\"adminGroup\";s:14:\"Communications\";}'),
 (116,1,'civicrm/admin/pdfFormats/edit',NULL,'Print Page (PDF) Formats','a:2:{i:0;s:19:\"CRM_Core_Permission\";i:1;s:9:\"checkMenu\";}','a:2:{i:0;a:3:{i:0;s:25:\"administer CiviCRM system\";i:1;s:23:\"administer CiviCRM data\";i:2;s:14:\"access CiviCRM\";}i:1;s:3:\"and\";}','s:25:\"CRM_Admin_Page_PdfFormats\";',NULL,'a:3:{i:0;a:2:{s:5:\"title\";s:7:\"CiviCRM\";s:3:\"url\";s:16:\"/civicrm?reset=1\";}i:1;a:2:{s:5:\"title\";s:10:\"Administer\";s:3:\"url\";s:22:\"/civicrm/admin?reset=1\";}i:2;a:2:{s:5:\"title\";s:24:\"Print Page (PDF) Formats\";s:3:\"url\";s:33:\"/civicrm/admin/pdfFormats?reset=1\";}}',NULL,NULL,NULL,1,0,1,1,1,1,0,0,'a:0:{}'),
 (117,1,'civicrm/admin/options/communication_style',NULL,'Communication Style Options','a:2:{i:0;s:19:\"CRM_Core_Permission\";i:1;s:9:\"checkMenu\";}','a:2:{i:0;a:3:{i:0;s:25:\"administer CiviCRM system\";i:1;s:23:\"administer CiviCRM data\";i:2;s:14:\"access CiviCRM\";}i:1;s:3:\"and\";}','s:22:\"CRM_Admin_Page_Options\";',NULL,'a:3:{i:0;a:2:{s:5:\"title\";s:7:\"CiviCRM\";s:3:\"url\";s:16:\"/civicrm?reset=1\";}i:1;a:2:{s:5:\"title\";s:10:\"Administer\";s:3:\"url\";s:22:\"/civicrm/admin?reset=1\";}i:2;a:2:{s:5:\"title\";s:13:\"Option Groups\";s:3:\"url\";s:30:\"/civicrm/admin/options?reset=1\";}}',NULL,NULL,NULL,1,0,1,1,75,1,0,0,'a:2:{s:4:\"desc\";s:42:\"Options for Communication Style selection.\";s:10:\"adminGroup\";s:14:\"Communications\";}'),
 (118,1,'civicrm/admin/options/email_greeting',NULL,'Email Greeting Formats','a:2:{i:0;s:19:\"CRM_Core_Permission\";i:1;s:9:\"checkMenu\";}','a:2:{i:0;a:3:{i:0;s:25:\"administer CiviCRM system\";i:1;s:23:\"administer CiviCRM data\";i:2;s:14:\"access CiviCRM\";}i:1;s:3:\"and\";}','s:22:\"CRM_Admin_Page_Options\";',NULL,'a:3:{i:0;a:2:{s:5:\"title\";s:7:\"CiviCRM\";s:3:\"url\";s:16:\"/civicrm?reset=1\";}i:1;a:2:{s:5:\"title\";s:10:\"Administer\";s:3:\"url\";s:22:\"/civicrm/admin?reset=1\";}i:2;a:2:{s:5:\"title\";s:13:\"Option Groups\";s:3:\"url\";s:30:\"/civicrm/admin/options?reset=1\";}}',NULL,NULL,NULL,1,0,1,1,80,1,0,0,'a:2:{s:4:\"desc\";s:75:\"Options for assigning email greetings to individual and household contacts.\";s:10:\"adminGroup\";s:14:\"Communications\";}'),
 (119,1,'civicrm/admin/options/postal_greeting',NULL,'Postal Greeting Formats','a:2:{i:0;s:19:\"CRM_Core_Permission\";i:1;s:9:\"checkMenu\";}','a:2:{i:0;a:3:{i:0;s:25:\"administer CiviCRM system\";i:1;s:23:\"administer CiviCRM data\";i:2;s:14:\"access CiviCRM\";}i:1;s:3:\"and\";}','s:22:\"CRM_Admin_Page_Options\";',NULL,'a:3:{i:0;a:2:{s:5:\"title\";s:7:\"CiviCRM\";s:3:\"url\";s:16:\"/civicrm?reset=1\";}i:1;a:2:{s:5:\"title\";s:10:\"Administer\";s:3:\"url\";s:22:\"/civicrm/admin?reset=1\";}i:2;a:2:{s:5:\"title\";s:13:\"Option Groups\";s:3:\"url\";s:30:\"/civicrm/admin/options?reset=1\";}}',NULL,NULL,NULL,1,0,1,1,90,1,0,0,'a:2:{s:4:\"desc\";s:76:\"Options for assigning postal greetings to individual and household contacts.\";s:10:\"adminGroup\";s:14:\"Communications\";}'),
 (120,1,'civicrm/admin/options/addressee',NULL,'Addressee Formats','a:2:{i:0;s:19:\"CRM_Core_Permission\";i:1;s:9:\"checkMenu\";}','a:2:{i:0;a:3:{i:0;s:25:\"administer CiviCRM system\";i:1;s:23:\"administer CiviCRM data\";i:2;s:14:\"access CiviCRM\";}i:1;s:3:\"and\";}','s:22:\"CRM_Admin_Page_Options\";',NULL,'a:3:{i:0;a:2:{s:5:\"title\";s:7:\"CiviCRM\";s:3:\"url\";s:16:\"/civicrm?reset=1\";}i:1;a:2:{s:5:\"title\";s:10:\"Administer\";s:3:\"url\";s:22:\"/civicrm/admin?reset=1\";}i:2;a:2:{s:5:\"title\";s:13:\"Option Groups\";s:3:\"url\";s:30:\"/civicrm/admin/options?reset=1\";}}',NULL,NULL,NULL,1,0,1,1,100,1,0,0,'a:2:{s:4:\"desc\";s:83:\"Options for assigning addressee to individual, household and organization contacts.\";s:10:\"adminGroup\";s:14:\"Communications\";}'),
 (121,1,'civicrm/admin/setting/localization',NULL,'Languages, Currency, Locations','a:2:{i:0;s:19:\"CRM_Core_Permission\";i:1;s:9:\"checkMenu\";}','a:2:{i:0;a:3:{i:0;s:25:\"administer CiviCRM system\";i:1;s:23:\"administer CiviCRM data\";i:2;s:14:\"access CiviCRM\";}i:1;s:3:\"and\";}','s:35:\"CRM_Admin_Form_Setting_Localization\";',NULL,'a:2:{i:0;a:2:{s:5:\"title\";s:7:\"CiviCRM\";s:3:\"url\";s:16:\"/civicrm?reset=1\";}i:1;a:2:{s:5:\"title\";s:10:\"Administer\";s:3:\"url\";s:22:\"/civicrm/admin?reset=1\";}}',NULL,NULL,NULL,1,0,1,1,10,1,0,0,'a:1:{s:10:\"adminGroup\";s:12:\"Localization\";}'),
 (122,1,'civicrm/admin/setting/preferences/address',NULL,'Address Settings','a:2:{i:0;s:19:\"CRM_Core_Permission\";i:1;s:9:\"checkMenu\";}','a:2:{i:0;a:3:{i:0;s:25:\"administer CiviCRM system\";i:1;s:23:\"administer CiviCRM data\";i:2;s:14:\"access CiviCRM\";}i:1;s:3:\"and\";}','s:34:\"CRM_Admin_Form_Preferences_Address\";',NULL,'a:2:{i:0;a:2:{s:5:\"title\";s:7:\"CiviCRM\";s:3:\"url\";s:16:\"/civicrm?reset=1\";}i:1;a:2:{s:5:\"title\";s:10:\"Administer\";s:3:\"url\";s:22:\"/civicrm/admin?reset=1\";}}',NULL,NULL,NULL,1,0,1,1,20,1,0,0,'a:1:{s:10:\"adminGroup\";s:12:\"Localization\";}'),
 (123,1,'civicrm/admin/setting/date',NULL,'Date Formats','a:2:{i:0;s:19:\"CRM_Core_Permission\";i:1;s:9:\"checkMenu\";}','a:2:{i:0;a:3:{i:0;s:25:\"administer CiviCRM system\";i:1;s:23:\"administer CiviCRM data\";i:2;s:14:\"access CiviCRM\";}i:1;s:3:\"and\";}','s:27:\"CRM_Admin_Form_Setting_Date\";',NULL,'a:2:{i:0;a:2:{s:5:\"title\";s:7:\"CiviCRM\";s:3:\"url\";s:16:\"/civicrm?reset=1\";}i:1;a:2:{s:5:\"title\";s:10:\"Administer\";s:3:\"url\";s:22:\"/civicrm/admin?reset=1\";}}',NULL,NULL,NULL,1,0,1,1,30,1,0,0,'a:1:{s:10:\"adminGroup\";s:12:\"Localization\";}'),
 (124,1,'civicrm/admin/options/languages',NULL,'Preferred Languages','a:2:{i:0;s:19:\"CRM_Core_Permission\";i:1;s:9:\"checkMenu\";}','a:2:{i:0;a:3:{i:0;s:25:\"administer CiviCRM system\";i:1;s:23:\"administer CiviCRM data\";i:2;s:14:\"access CiviCRM\";}i:1;s:3:\"and\";}','s:22:\"CRM_Admin_Page_Options\";',NULL,'a:3:{i:0;a:2:{s:5:\"title\";s:7:\"CiviCRM\";s:3:\"url\";s:16:\"/civicrm?reset=1\";}i:1;a:2:{s:5:\"title\";s:10:\"Administer\";s:3:\"url\";s:22:\"/civicrm/admin?reset=1\";}i:2;a:2:{s:5:\"title\";s:13:\"Option Groups\";s:3:\"url\";s:30:\"/civicrm/admin/options?reset=1\";}}',NULL,NULL,NULL,1,0,1,1,40,1,0,0,'a:2:{s:4:\"desc\";s:30:\"Options for contact languages.\";s:10:\"adminGroup\";s:12:\"Localization\";}'),
 (125,1,'civicrm/admin/access',NULL,'Access Control','a:2:{i:0;s:19:\"CRM_Core_Permission\";i:1;s:9:\"checkMenu\";}','a:2:{i:0;a:3:{i:0;s:25:\"administer CiviCRM system\";i:1;s:23:\"administer CiviCRM data\";i:2;s:14:\"access CiviCRM\";}i:1;s:3:\"and\";}','s:21:\"CRM_Admin_Page_Access\";',NULL,'a:2:{i:0;a:2:{s:5:\"title\";s:7:\"CiviCRM\";s:3:\"url\";s:16:\"/civicrm?reset=1\";}i:1;a:2:{s:5:\"title\";s:10:\"Administer\";s:3:\"url\";s:22:\"/civicrm/admin?reset=1\";}}',NULL,NULL,NULL,1,0,1,1,10,1,0,0,'a:2:{s:4:\"desc\";s:73:\"Grant or deny access to actions (view, edit...), features and components.\";s:10:\"adminGroup\";s:21:\"Users and Permissions\";}'),
 (126,1,'civicrm/admin/access/wp-permissions',NULL,'WordPress Access Control','a:2:{i:0;s:19:\"CRM_Core_Permission\";i:1;s:9:\"checkMenu\";}','a:2:{i:0;a:3:{i:0;s:25:\"administer CiviCRM system\";i:1;s:23:\"administer CiviCRM data\";i:2;s:14:\"access CiviCRM\";}i:1;s:3:\"and\";}','s:34:\"CRM_ACL_Form_WordPress_Permissions\";',NULL,'a:3:{i:0;a:2:{s:5:\"title\";s:7:\"CiviCRM\";s:3:\"url\";s:16:\"/civicrm?reset=1\";}i:1;a:2:{s:5:\"title\";s:10:\"Administer\";s:3:\"url\";s:22:\"/civicrm/admin?reset=1\";}i:2;a:2:{s:5:\"title\";s:14:\"Access Control\";s:3:\"url\";s:29:\"/civicrm/admin/access?reset=1\";}}',NULL,NULL,NULL,1,0,1,1,10,1,0,0,'a:1:{s:4:\"desc\";s:65:\"Grant access to CiviCRM components and other CiviCRM permissions.\";}'),
 (127,1,'civicrm/admin/synchUser',NULL,'Synchronize Users to Contacts','a:2:{i:0;s:19:\"CRM_Core_Permission\";i:1;s:9:\"checkMenu\";}','a:2:{i:0;a:3:{i:0;s:25:\"administer CiviCRM system\";i:1;s:23:\"administer CiviCRM data\";i:2;s:14:\"access CiviCRM\";}i:1;s:3:\"and\";}','s:22:\"CRM_Admin_Form_CMSUser\";',NULL,'a:2:{i:0;a:2:{s:5:\"title\";s:7:\"CiviCRM\";s:3:\"url\";s:16:\"/civicrm?reset=1\";}i:1;a:2:{s:5:\"title\";s:10:\"Administer\";s:3:\"url\";s:22:\"/civicrm/admin?reset=1\";}}',NULL,NULL,NULL,1,0,1,1,20,1,0,0,'a:2:{s:4:\"desc\";s:71:\"Automatically create a CiviCRM contact record for each CMS user record.\";s:10:\"adminGroup\";s:21:\"Users and Permissions\";}'),
 (128,1,'civicrm/admin/configtask',NULL,'Configuration Checklist','a:2:{i:0;s:19:\"CRM_Core_Permission\";i:1;s:9:\"checkMenu\";}','a:2:{i:0;a:3:{i:0;s:25:\"administer CiviCRM system\";i:1;s:23:\"administer CiviCRM data\";i:2;s:14:\"access CiviCRM\";}i:1;s:3:\"and\";}','s:29:\"CRM_Admin_Page_ConfigTaskList\";',NULL,'a:2:{i:0;a:2:{s:5:\"title\";s:7:\"CiviCRM\";s:3:\"url\";s:16:\"/civicrm?reset=1\";}i:1;a:2:{s:5:\"title\";s:10:\"Administer\";s:3:\"url\";s:22:\"/civicrm/admin?reset=1\";}}','civicrm/admin/configtask',NULL,NULL,1,0,1,1,1,1,0,0,'a:2:{s:4:\"desc\";s:55:\"List of configuration tasks with links to each setting.\";s:10:\"adminGroup\";s:15:\"System Settings\";}'),
 (129,1,'civicrm/admin/setting/component',NULL,'Enable CiviCRM Components','a:2:{i:0;s:19:\"CRM_Core_Permission\";i:1;s:9:\"checkMenu\";}','a:2:{i:0;a:3:{i:0;s:25:\"administer CiviCRM system\";i:1;s:23:\"administer CiviCRM data\";i:2;s:14:\"access CiviCRM\";}i:1;s:3:\"and\";}','s:32:\"CRM_Admin_Form_Setting_Component\";',NULL,'a:2:{i:0;a:2:{s:5:\"title\";s:7:\"CiviCRM\";s:3:\"url\";s:16:\"/civicrm?reset=1\";}i:1;a:2:{s:5:\"title\";s:10:\"Administer\";s:3:\"url\";s:22:\"/civicrm/admin?reset=1\";}}',NULL,NULL,NULL,1,0,1,1,10,1,0,0,'a:2:{s:4:\"desc\";s:269:\"Enable or disable components (e.g. CiviEvent, CiviMember, etc.) for your site based on the features you need. We recommend disabling any components not being used in order to simplify the user interface. You can easily re-enable components at any time from this screen.\";s:10:\"adminGroup\";s:15:\"System Settings\";}'),
 (130,1,'civicrm/admin/extensions',NULL,'Manage Extensions','a:2:{i:0;s:19:\"CRM_Core_Permission\";i:1;s:9:\"checkMenu\";}','a:2:{i:0;a:1:{i:0;s:25:\"administer CiviCRM system\";}i:1;s:3:\"and\";}','s:25:\"CRM_Admin_Page_Extensions\";',NULL,'a:2:{i:0;a:2:{s:5:\"title\";s:7:\"CiviCRM\";s:3:\"url\";s:16:\"/civicrm?reset=1\";}i:1;a:2:{s:5:\"title\";s:10:\"Administer\";s:3:\"url\";s:22:\"/civicrm/admin?reset=1\";}}',NULL,NULL,NULL,1,0,1,1,120,1,0,0,'a:2:{s:4:\"desc\";s:0:\"\";s:10:\"adminGroup\";s:15:\"System Settings\";}'),
 (131,1,'civicrm/admin/extensions/upgrade',NULL,'Database Upgrades','a:2:{i:0;s:19:\"CRM_Core_Permission\";i:1;s:9:\"checkMenu\";}','a:2:{i:0;a:1:{i:0;s:25:\"administer CiviCRM system\";}i:1;s:3:\"and\";}','s:32:\"CRM_Admin_Page_ExtensionsUpgrade\";',NULL,'a:3:{i:0;a:2:{s:5:\"title\";s:7:\"CiviCRM\";s:3:\"url\";s:16:\"/civicrm?reset=1\";}i:1;a:2:{s:5:\"title\";s:10:\"Administer\";s:3:\"url\";s:22:\"/civicrm/admin?reset=1\";}i:2;a:2:{s:5:\"title\";s:17:\"Manage Extensions\";s:3:\"url\";s:33:\"/civicrm/admin/extensions?reset=1\";}}',NULL,NULL,NULL,1,0,1,1,1,1,0,0,'a:0:{}'),
 (132,1,'civicrm/admin/setting/smtp',NULL,'Outbound Email Settings','a:2:{i:0;s:19:\"CRM_Core_Permission\";i:1;s:9:\"checkMenu\";}','a:2:{i:0;a:1:{i:0;s:25:\"administer CiviCRM system\";}i:1;s:3:\"and\";}','s:27:\"CRM_Admin_Form_Setting_Smtp\";',NULL,'a:2:{i:0;a:2:{s:5:\"title\";s:7:\"CiviCRM\";s:3:\"url\";s:16:\"/civicrm?reset=1\";}i:1;a:2:{s:5:\"title\";s:10:\"Administer\";s:3:\"url\";s:22:\"/civicrm/admin?reset=1\";}}',NULL,NULL,NULL,1,0,1,1,20,1,0,0,'a:1:{s:10:\"adminGroup\";s:15:\"System Settings\";}'),
 (133,1,'civicrm/admin/paymentProcessor',NULL,'Settings - Payment Processor','a:2:{i:0;s:19:\"CRM_Core_Permission\";i:1;s:9:\"checkMenu\";}','a:2:{i:0;a:1:{i:0;s:29:\"administer payment processors\";}i:1;s:3:\"and\";}','s:31:\"CRM_Admin_Page_PaymentProcessor\";',NULL,'a:2:{i:0;a:2:{s:5:\"title\";s:7:\"CiviCRM\";s:3:\"url\";s:16:\"/civicrm?reset=1\";}i:1;a:2:{s:5:\"title\";s:10:\"Administer\";s:3:\"url\";s:22:\"/civicrm/admin?reset=1\";}}',NULL,NULL,NULL,1,0,1,1,30,1,0,0,'a:2:{s:4:\"desc\";s:48:\"Payment Processor setup for CiviCRM transactions\";s:10:\"adminGroup\";s:15:\"System Settings\";}'),
 (134,1,'civicrm/admin/paymentProcessor/edit',NULL,NULL,'a:2:{i:0;s:19:\"CRM_Core_Permission\";i:1;s:9:\"checkMenu\";}','a:2:{i:0;a:1:{i:0;s:29:\"administer payment processors\";}i:1;s:3:\"and\";}','s:31:\"CRM_Admin_Form_PaymentProcessor\";',NULL,'a:3:{i:0;a:2:{s:5:\"title\";s:7:\"CiviCRM\";s:3:\"url\";s:16:\"/civicrm?reset=1\";}i:1;a:2:{s:5:\"title\";s:10:\"Administer\";s:3:\"url\";s:22:\"/civicrm/admin?reset=1\";}i:2;a:2:{s:5:\"title\";s:28:\"Settings - Payment Processor\";s:3:\"url\";s:39:\"/civicrm/admin/paymentProcessor?reset=1\";}}',NULL,NULL,NULL,1,0,1,1,1,1,0,0,'a:0:{}'),
 (135,1,'civicrm/admin/setting/mapping',NULL,'Mapping and Geocoding','a:2:{i:0;s:19:\"CRM_Core_Permission\";i:1;s:9:\"checkMenu\";}','a:2:{i:0;a:3:{i:0;s:25:\"administer CiviCRM system\";i:1;s:23:\"administer CiviCRM data\";i:2;s:14:\"access CiviCRM\";}i:1;s:3:\"and\";}','s:30:\"CRM_Admin_Form_Setting_Mapping\";',NULL,'a:2:{i:0;a:2:{s:5:\"title\";s:7:\"CiviCRM\";s:3:\"url\";s:16:\"/civicrm?reset=1\";}i:1;a:2:{s:5:\"title\";s:10:\"Administer\";s:3:\"url\";s:22:\"/civicrm/admin?reset=1\";}}',NULL,NULL,NULL,1,0,1,1,40,1,0,0,'a:1:{s:10:\"adminGroup\";s:15:\"System Settings\";}'),
 (136,1,'civicrm/admin/setting/misc',NULL,'Misc (Undelete, PDFs, Limits, Logging, etc.)','a:2:{i:0;s:19:\"CRM_Core_Permission\";i:1;s:9:\"checkMenu\";}','a:2:{i:0;a:3:{i:0;s:25:\"administer CiviCRM system\";i:1;s:23:\"administer CiviCRM data\";i:2;s:14:\"access CiviCRM\";}i:1;s:3:\"and\";}','s:36:\"CRM_Admin_Form_Setting_Miscellaneous\";',NULL,'a:2:{i:0;a:2:{s:5:\"title\";s:7:\"CiviCRM\";s:3:\"url\";s:16:\"/civicrm?reset=1\";}i:1;a:2:{s:5:\"title\";s:10:\"Administer\";s:3:\"url\";s:22:\"/civicrm/admin?reset=1\";}}',NULL,NULL,NULL,1,0,1,1,50,1,0,0,'a:2:{s:4:\"desc\";s:63:\"Enable undelete/move to trash feature, detailed change logging.\";s:10:\"adminGroup\";s:15:\"System Settings\";}'),
 (137,1,'civicrm/admin/setting/path',NULL,'Directories','a:2:{i:0;s:19:\"CRM_Core_Permission\";i:1;s:9:\"checkMenu\";}','a:2:{i:0;a:3:{i:0;s:25:\"administer CiviCRM system\";i:1;s:23:\"administer CiviCRM data\";i:2;s:14:\"access CiviCRM\";}i:1;s:3:\"and\";}','s:27:\"CRM_Admin_Form_Setting_Path\";',NULL,'a:2:{i:0;a:2:{s:5:\"title\";s:7:\"CiviCRM\";s:3:\"url\";s:16:\"/civicrm?reset=1\";}i:1;a:2:{s:5:\"title\";s:10:\"Administer\";s:3:\"url\";s:22:\"/civicrm/admin?reset=1\";}}',NULL,NULL,NULL,1,0,1,1,60,1,0,0,'a:1:{s:10:\"adminGroup\";s:15:\"System Settings\";}'),
 (138,1,'civicrm/admin/setting/url',NULL,'Resource URLs','a:2:{i:0;s:19:\"CRM_Core_Permission\";i:1;s:9:\"checkMenu\";}','a:2:{i:0;a:3:{i:0;s:25:\"administer CiviCRM system\";i:1;s:23:\"administer CiviCRM data\";i:2;s:14:\"access CiviCRM\";}i:1;s:3:\"and\";}','s:26:\"CRM_Admin_Form_Setting_Url\";',NULL,'a:2:{i:0;a:2:{s:5:\"title\";s:7:\"CiviCRM\";s:3:\"url\";s:16:\"/civicrm?reset=1\";}i:1;a:2:{s:5:\"title\";s:10:\"Administer\";s:3:\"url\";s:22:\"/civicrm/admin?reset=1\";}}',NULL,NULL,NULL,1,0,1,1,70,1,0,0,'a:1:{s:10:\"adminGroup\";s:15:\"System Settings\";}'),
 (139,1,'civicrm/admin/setting/updateConfigBackend',NULL,'Cleanup Caches and Update Paths','a:2:{i:0;s:19:\"CRM_Core_Permission\";i:1;s:9:\"checkMenu\";}','a:2:{i:0;a:3:{i:0;s:25:\"administer CiviCRM system\";i:1;s:23:\"administer CiviCRM data\";i:2;s:14:\"access CiviCRM\";}i:1;s:3:\"and\";}','s:42:\"CRM_Admin_Form_Setting_UpdateConfigBackend\";',NULL,'a:2:{i:0;a:2:{s:5:\"title\";s:7:\"CiviCRM\";s:3:\"url\";s:16:\"/civicrm?reset=1\";}i:1;a:2:{s:5:\"title\";s:10:\"Administer\";s:3:\"url\";s:22:\"/civicrm/admin?reset=1\";}}',NULL,NULL,NULL,1,0,1,1,80,1,0,0,'a:2:{s:4:\"desc\";s:157:\"Reset the Base Directory Path and Base URL settings - generally when a CiviCRM site is moved to another location in the file system and/or to another domain.\";s:10:\"adminGroup\";s:15:\"System Settings\";}'),
 (140,1,'civicrm/admin/setting/uf',NULL,'CMS Database Integration','a:2:{i:0;s:19:\"CRM_Core_Permission\";i:1;s:9:\"checkMenu\";}','a:2:{i:0;a:3:{i:0;s:25:\"administer CiviCRM system\";i:1;s:23:\"administer CiviCRM data\";i:2;s:14:\"access CiviCRM\";}i:1;s:3:\"and\";}','s:25:\"CRM_Admin_Form_Setting_UF\";',NULL,'a:2:{i:0;a:2:{s:5:\"title\";s:7:\"CiviCRM\";s:3:\"url\";s:16:\"/civicrm?reset=1\";}i:1;a:2:{s:5:\"title\";s:10:\"Administer\";s:3:\"url\";s:22:\"/civicrm/admin?reset=1\";}}',NULL,NULL,NULL,1,0,1,1,90,1,0,0,'a:1:{s:10:\"adminGroup\";s:15:\"System Settings\";}'),
 (141,1,'civicrm/admin/options/safe_file_extension',NULL,'Safe File Extension Options','a:2:{i:0;s:19:\"CRM_Core_Permission\";i:1;s:9:\"checkMenu\";}','a:2:{i:0;a:3:{i:0;s:25:\"administer CiviCRM system\";i:1;s:23:\"administer CiviCRM data\";i:2;s:14:\"access CiviCRM\";}i:1;s:3:\"and\";}','s:22:\"CRM_Admin_Page_Options\";',NULL,'a:3:{i:0;a:2:{s:5:\"title\";s:7:\"CiviCRM\";s:3:\"url\";s:16:\"/civicrm?reset=1\";}i:1;a:2:{s:5:\"title\";s:10:\"Administer\";s:3:\"url\";s:22:\"/civicrm/admin?reset=1\";}i:2;a:2:{s:5:\"title\";s:13:\"Option Groups\";s:3:\"url\";s:30:\"/civicrm/admin/options?reset=1\";}}',NULL,NULL,NULL,1,0,1,1,100,1,0,0,'a:2:{s:4:\"desc\";s:44:\"File Extensions that can be considered safe.\";s:10:\"adminGroup\";s:15:\"System Settings\";}'),
 (142,1,'civicrm/admin/options',NULL,'Option Groups','a:2:{i:0;s:19:\"CRM_Core_Permission\";i:1;s:9:\"checkMenu\";}','a:2:{i:0;a:3:{i:0;s:25:\"administer CiviCRM system\";i:1;s:23:\"administer CiviCRM data\";i:2;s:14:\"access CiviCRM\";}i:1;s:3:\"and\";}','s:22:\"CRM_Admin_Page_Options\";',NULL,'a:2:{i:0;a:2:{s:5:\"title\";s:7:\"CiviCRM\";s:3:\"url\";s:16:\"/civicrm?reset=1\";}i:1;a:2:{s:5:\"title\";s:10:\"Administer\";s:3:\"url\";s:22:\"/civicrm/admin?reset=1\";}}',NULL,NULL,NULL,1,0,1,1,105,1,0,0,'a:2:{s:4:\"desc\";s:35:\"Access all meta-data option groups.\";s:10:\"adminGroup\";s:15:\"System Settings\";}'),
 (143,1,'civicrm/admin/mapping',NULL,'Import/Export Mappings','a:2:{i:0;s:19:\"CRM_Core_Permission\";i:1;s:9:\"checkMenu\";}','a:2:{i:0;a:3:{i:0;s:25:\"administer CiviCRM system\";i:1;s:23:\"administer CiviCRM data\";i:2;s:14:\"access CiviCRM\";}i:1;s:3:\"and\";}','s:22:\"CRM_Admin_Page_Mapping\";',NULL,'a:2:{i:0;a:2:{s:5:\"title\";s:7:\"CiviCRM\";s:3:\"url\";s:16:\"/civicrm?reset=1\";}i:1;a:2:{s:5:\"title\";s:10:\"Administer\";s:3:\"url\";s:22:\"/civicrm/admin?reset=1\";}}',NULL,NULL,NULL,1,0,1,1,110,1,0,0,'a:2:{s:4:\"desc\";s:141:\"Import and Export mappings allow you to easily run the same job multiple times. This option allows you to rename or delete existing mappings.\";s:10:\"adminGroup\";s:15:\"System Settings\";}'),
 (144,1,'civicrm/admin/mapping/edit',NULL,'Import/Export Mappings','a:2:{i:0;s:19:\"CRM_Core_Permission\";i:1;s:9:\"checkMenu\";}','a:2:{i:0;a:3:{i:0;s:25:\"administer CiviCRM system\";i:1;s:23:\"administer CiviCRM data\";i:2;s:14:\"access CiviCRM\";}i:1;s:3:\"and\";}','s:22:\"CRM_Admin_Form_Mapping\";',NULL,'a:3:{i:0;a:2:{s:5:\"title\";s:7:\"CiviCRM\";s:3:\"url\";s:16:\"/civicrm?reset=1\";}i:1;a:2:{s:5:\"title\";s:10:\"Administer\";s:3:\"url\";s:22:\"/civicrm/admin?reset=1\";}i:2;a:2:{s:5:\"title\";s:22:\"Import/Export Mappings\";s:3:\"url\";s:30:\"/civicrm/admin/mapping?reset=1\";}}',NULL,NULL,NULL,1,0,1,1,111,1,0,0,'a:2:{s:4:\"desc\";s:141:\"Import and Export mappings allow you to easily run the same job multiple times. This option allows you to rename or delete existing mappings.\";s:10:\"adminGroup\";s:15:\"System Settings\";}'),
 (145,1,'civicrm/admin/setting/debug',NULL,'Debugging','a:2:{i:0;s:19:\"CRM_Core_Permission\";i:1;s:9:\"checkMenu\";}','a:2:{i:0;a:3:{i:0;s:25:\"administer CiviCRM system\";i:1;s:23:\"administer CiviCRM data\";i:2;s:14:\"access CiviCRM\";}i:1;s:3:\"and\";}','s:32:\"CRM_Admin_Form_Setting_Debugging\";',NULL,'a:2:{i:0;a:2:{s:5:\"title\";s:7:\"CiviCRM\";s:3:\"url\";s:16:\"/civicrm?reset=1\";}i:1;a:2:{s:5:\"title\";s:10:\"Administer\";s:3:\"url\";s:22:\"/civicrm/admin?reset=1\";}}',NULL,NULL,NULL,1,0,1,1,120,1,0,0,'a:1:{s:10:\"adminGroup\";s:15:\"System Settings\";}'),
 (146,1,'civicrm/admin/setting/preferences/multisite',NULL,'Multi Site Settings','a:2:{i:0;s:19:\"CRM_Core_Permission\";i:1;s:9:\"checkMenu\";}','a:2:{i:0;a:3:{i:0;s:25:\"administer CiviCRM system\";i:1;s:23:\"administer CiviCRM data\";i:2;s:14:\"access CiviCRM\";}i:1;s:3:\"and\";}','s:22:\"CRM_Admin_Form_Generic\";',NULL,'a:2:{i:0;a:2:{s:5:\"title\";s:7:\"CiviCRM\";s:3:\"url\";s:16:\"/civicrm?reset=1\";}i:1;a:2:{s:5:\"title\";s:10:\"Administer\";s:3:\"url\";s:22:\"/civicrm/admin?reset=1\";}}',NULL,NULL,NULL,1,0,1,1,130,1,0,0,'a:1:{s:10:\"adminGroup\";s:15:\"System Settings\";}'),
 (147,1,'civicrm/admin/setting/preferences/campaign',NULL,'CiviCampaign Component Settings','a:2:{i:0;s:19:\"CRM_Core_Permission\";i:1;s:9:\"checkMenu\";}','a:2:{i:0;a:3:{i:0;s:25:\"administer CiviCRM system\";i:1;s:23:\"administer CiviCRM data\";i:2;s:14:\"access CiviCRM\";}i:1;s:3:\"and\";}','s:22:\"CRM_Admin_Form_Generic\";',NULL,'a:2:{i:0;a:2:{s:5:\"title\";s:7:\"CiviCRM\";s:3:\"url\";s:16:\"/civicrm?reset=1\";}i:1;a:2:{s:5:\"title\";s:10:\"Administer\";s:3:\"url\";s:22:\"/civicrm/admin?reset=1\";}}',NULL,NULL,NULL,1,0,1,1,10,1,0,0,'a:3:{s:4:\"desc\";s:40:\"Configure global CiviCampaign behaviors.\";s:10:\"adminGroup\";s:12:\"CiviCampaign\";s:9:\"component\";s:12:\"CiviCampaign\";}'),
 (148,1,'civicrm/admin/setting/preferences/event',NULL,'CiviEvent Component Settings','a:2:{i:0;s:19:\"CRM_Core_Permission\";i:1;s:9:\"checkMenu\";}','a:2:{i:0;a:2:{i:0;s:16:\"access CiviEvent\";i:1;s:18:\"administer CiviCRM\";}i:1;s:3:\"and\";}','s:22:\"CRM_Admin_Form_Generic\";',NULL,'a:2:{i:0;a:2:{s:5:\"title\";s:7:\"CiviCRM\";s:3:\"url\";s:16:\"/civicrm?reset=1\";}i:1;a:2:{s:5:\"title\";s:10:\"Administer\";s:3:\"url\";s:22:\"/civicrm/admin?reset=1\";}}',NULL,NULL,NULL,1,0,1,1,420,1,0,0,'a:2:{s:4:\"desc\";s:37:\"Configure global CiviEvent behaviors.\";s:10:\"adminGroup\";s:9:\"CiviEvent\";}'),
 (149,1,'civicrm/admin/setting/preferences/mailing',NULL,'CiviMail Component Settings','a:2:{i:0;s:19:\"CRM_Core_Permission\";i:1;s:9:\"checkMenu\";}','a:2:{i:0;a:2:{i:0;s:15:\"access CiviMail\";i:1;s:18:\"administer CiviCRM\";}i:1;s:3:\"and\";}','s:34:\"CRM_Admin_Form_Preferences_Mailing\";',NULL,'a:2:{i:0;a:2:{s:5:\"title\";s:7:\"CiviCRM\";s:3:\"url\";s:16:\"/civicrm?reset=1\";}i:1;a:2:{s:5:\"title\";s:10:\"Administer\";s:3:\"url\";s:22:\"/civicrm/admin?reset=1\";}}',NULL,NULL,NULL,1,0,1,1,430,1,0,0,'a:2:{s:4:\"desc\";s:36:\"Configure global CiviMail behaviors.\";s:10:\"adminGroup\";s:8:\"CiviMail\";}'),
 (150,1,'civicrm/admin/setting/preferences/member',NULL,'CiviMember Component Settings','a:2:{i:0;s:19:\"CRM_Core_Permission\";i:1;s:9:\"checkMenu\";}','a:2:{i:0;a:2:{i:0;s:17:\"access CiviMember\";i:1;s:18:\"administer CiviCRM\";}i:1;s:3:\"and\";}','s:33:\"CRM_Admin_Form_Preferences_Member\";',NULL,'a:2:{i:0;a:2:{s:5:\"title\";s:7:\"CiviCRM\";s:3:\"url\";s:16:\"/civicrm?reset=1\";}i:1;a:2:{s:5:\"title\";s:10:\"Administer\";s:3:\"url\";s:22:\"/civicrm/admin?reset=1\";}}',NULL,NULL,NULL,1,0,1,1,390,1,0,0,'a:2:{s:4:\"desc\";s:38:\"Configure global CiviMember behaviors.\";s:10:\"adminGroup\";s:10:\"CiviMember\";}'),
 (151,1,'civicrm/admin/setting/preferences/date',NULL,'Date Preferences','a:2:{i:0;s:19:\"CRM_Core_Permission\";i:1;s:9:\"checkMenu\";}','a:2:{i:0;a:3:{i:0;s:25:\"administer CiviCRM system\";i:1;s:23:\"administer CiviCRM data\";i:2;s:14:\"access CiviCRM\";}i:1;s:3:\"and\";}','s:30:\"CRM_Admin_Page_PreferencesDate\";',NULL,'a:2:{i:0;a:2:{s:5:\"title\";s:7:\"CiviCRM\";s:3:\"url\";s:16:\"/civicrm?reset=1\";}i:1;a:2:{s:5:\"title\";s:10:\"Administer\";s:3:\"url\";s:22:\"/civicrm/admin?reset=1\";}}',NULL,NULL,NULL,1,0,1,1,97,1,0,0,'a:1:{s:10:\"adminGroup\";s:26:\"Customize Data and Screens\";}'),
 (152,1,'civicrm/admin/runjobs',NULL,NULL,'a:2:{i:0;s:19:\"CRM_Core_Permission\";i:1;s:9:\"checkMenu\";}','a:2:{i:0;a:2:{i:0;s:14:\"access CiviCRM\";i:1;s:25:\"administer CiviCRM system\";}i:1;s:3:\"and\";}','a:2:{i:0;s:16:\"CRM_Utils_System\";i:1;s:20:\"executeScheduledJobs\";}',NULL,'a:2:{i:0;a:2:{s:5:\"title\";s:7:\"CiviCRM\";s:3:\"url\";s:16:\"/civicrm?reset=1\";}i:1;a:2:{s:5:\"title\";s:10:\"Administer\";s:3:\"url\";s:22:\"/civicrm/admin?reset=1\";}}',NULL,NULL,NULL,1,0,1,1,1,1,0,0,'a:1:{s:4:\"desc\";s:36:\"URL used for running scheduled jobs.\";}'),
 (153,1,'civicrm/admin/job',NULL,'Scheduled Jobs','a:2:{i:0;s:19:\"CRM_Core_Permission\";i:1;s:9:\"checkMenu\";}','a:2:{i:0;a:2:{i:0;s:14:\"access CiviCRM\";i:1;s:25:\"administer CiviCRM system\";}i:1;s:3:\"and\";}','s:18:\"CRM_Admin_Page_Job\";',NULL,'a:2:{i:0;a:2:{s:5:\"title\";s:7:\"CiviCRM\";s:3:\"url\";s:16:\"/civicrm?reset=1\";}i:1;a:2:{s:5:\"title\";s:10:\"Administer\";s:3:\"url\";s:22:\"/civicrm/admin?reset=1\";}}',NULL,NULL,NULL,1,0,1,1,1370,1,0,0,'a:2:{s:4:\"desc\";s:35:\"Managing periodially running tasks.\";s:10:\"adminGroup\";s:15:\"System Settings\";}'),
 (154,1,'civicrm/admin/job/add',NULL,'Add Scheduled Job','a:2:{i:0;s:19:\"CRM_Core_Permission\";i:1;s:9:\"checkMenu\";}','a:2:{i:0;a:2:{i:0;s:14:\"access CiviCRM\";i:1;s:25:\"administer CiviCRM system\";}i:1;s:3:\"and\";}','s:18:\"CRM_Admin_Form_Job\";',NULL,'a:3:{i:0;a:2:{s:5:\"title\";s:7:\"CiviCRM\";s:3:\"url\";s:16:\"/civicrm?reset=1\";}i:1;a:2:{s:5:\"title\";s:10:\"Administer\";s:3:\"url\";s:22:\"/civicrm/admin?reset=1\";}i:2;a:2:{s:5:\"title\";s:14:\"Scheduled Jobs\";s:3:\"url\";s:26:\"/civicrm/admin/job?reset=1\";}}',NULL,NULL,NULL,1,0,1,1,1,1,0,0,'a:1:{s:4:\"desc\";s:31:\"Add a periodially running task.\";}'),
 (155,1,'civicrm/admin/job/edit',NULL,'Edit Scheduled Job','a:2:{i:0;s:19:\"CRM_Core_Permission\";i:1;s:9:\"checkMenu\";}','a:2:{i:0;a:2:{i:0;s:14:\"access CiviCRM\";i:1;s:25:\"administer CiviCRM system\";}i:1;s:3:\"and\";}','s:18:\"CRM_Admin_Page_Job\";',NULL,'a:3:{i:0;a:2:{s:5:\"title\";s:7:\"CiviCRM\";s:3:\"url\";s:16:\"/civicrm?reset=1\";}i:1;a:2:{s:5:\"title\";s:10:\"Administer\";s:3:\"url\";s:22:\"/civicrm/admin?reset=1\";}i:2;a:2:{s:5:\"title\";s:14:\"Scheduled Jobs\";s:3:\"url\";s:26:\"/civicrm/admin/job?reset=1\";}}',NULL,NULL,NULL,1,0,1,1,1372,1,0,0,'a:2:{s:4:\"desc\";s:32:\"Edit a periodially running task.\";s:10:\"adminGroup\";s:15:\"System Settings\";}'),
 (156,1,'civicrm/admin/joblog',NULL,'Scheduled Jobs Log','a:2:{i:0;s:19:\"CRM_Core_Permission\";i:1;s:9:\"checkMenu\";}','a:2:{i:0;a:2:{i:0;s:14:\"access CiviCRM\";i:1;s:25:\"administer CiviCRM system\";}i:1;s:3:\"and\";}','s:21:\"CRM_Admin_Page_JobLog\";',NULL,'a:2:{i:0;a:2:{s:5:\"title\";s:7:\"CiviCRM\";s:3:\"url\";s:16:\"/civicrm?reset=1\";}i:1;a:2:{s:5:\"title\";s:10:\"Administer\";s:3:\"url\";s:22:\"/civicrm/admin?reset=1\";}}',NULL,NULL,NULL,1,0,1,1,1380,1,0,0,'a:2:{s:4:\"desc\";s:46:\"Browsing the log of periodially running tasks.\";s:10:\"adminGroup\";s:6:\"Manage\";}'),
 (157,1,'civicrm/admin/options/grant_type',NULL,'Grant Types','a:2:{i:0;s:19:\"CRM_Core_Permission\";i:1;s:9:\"checkMenu\";}','a:2:{i:0;a:3:{i:0;s:25:\"administer CiviCRM system\";i:1;s:23:\"administer CiviCRM data\";i:2;s:14:\"access CiviCRM\";}i:1;s:3:\"and\";}','s:22:\"CRM_Admin_Page_Options\";',NULL,'a:3:{i:0;a:2:{s:5:\"title\";s:7:\"CiviCRM\";s:3:\"url\";s:16:\"/civicrm?reset=1\";}i:1;a:2:{s:5:\"title\";s:10:\"Administer\";s:3:\"url\";s:22:\"/civicrm/admin?reset=1\";}i:2;a:2:{s:5:\"title\";s:13:\"Option Groups\";s:3:\"url\";s:30:\"/civicrm/admin/options?reset=1\";}}',NULL,NULL,NULL,1,0,1,1,385,1,0,0,'a:2:{s:4:\"desc\";s:148:\"List of types which can be assigned to Grants. (Enable CiviGrant from Administer > System Settings > Enable Components if you want to track grants.)\";s:10:\"adminGroup\";s:12:\"Option Lists\";}'),
 (158,1,'civicrm/admin/paymentProcessorType',NULL,'Payment Processor Type','a:2:{i:0;s:19:\"CRM_Core_Permission\";i:1;s:9:\"checkMenu\";}','a:2:{i:0;a:3:{i:0;s:25:\"administer CiviCRM system\";i:1;s:23:\"administer CiviCRM data\";i:2;s:14:\"access CiviCRM\";}i:1;s:3:\"and\";}','s:35:\"CRM_Admin_Page_PaymentProcessorType\";',NULL,'a:2:{i:0;a:2:{s:5:\"title\";s:7:\"CiviCRM\";s:3:\"url\";s:16:\"/civicrm?reset=1\";}i:1;a:2:{s:5:\"title\";s:10:\"Administer\";s:3:\"url\";s:22:\"/civicrm/admin?reset=1\";}}',NULL,NULL,NULL,1,0,1,1,390,1,0,0,'a:1:{s:4:\"desc\";s:34:\"Payment Processor type information\";}'),
 (159,1,'civicrm/admin',NULL,'Administer','a:2:{i:0;s:19:\"CRM_Core_Permission\";i:1;s:9:\"checkMenu\";}','a:2:{i:0;a:3:{i:0;s:25:\"administer CiviCRM system\";i:1;s:23:\"administer CiviCRM data\";i:2;s:14:\"access CiviCRM\";}i:1;s:3:\"and\";}','s:20:\"CRM_Admin_Page_Admin\";',NULL,'a:1:{i:0;a:2:{s:5:\"title\";s:7:\"CiviCRM\";s:3:\"url\";s:16:\"/civicrm?reset=1\";}}',NULL,NULL,NULL,1,0,1,1,9000,1,1,0,'a:0:{}'),
 (160,1,'civicrm/ajax/navmenu',NULL,NULL,'a:2:{i:0;s:19:\"CRM_Core_Permission\";i:1;s:9:\"checkMenu\";}','a:2:{i:0;a:1:{i:0;s:14:\"access CiviCRM\";}i:1;s:3:\"and\";}','a:2:{i:0;s:19:\"CRM_Admin_Page_AJAX\";i:1;s:7:\"navMenu\";}',NULL,'a:1:{i:0;a:2:{s:5:\"title\";s:7:\"CiviCRM\";s:3:\"url\";s:16:\"/civicrm?reset=1\";}}',NULL,NULL,NULL,1,0,1,0,1,1,0,0,'a:0:{}'),
 (161,1,'civicrm/ajax/menutree',NULL,NULL,'a:2:{i:0;s:19:\"CRM_Core_Permission\";i:1;s:9:\"checkMenu\";}','a:2:{i:0;a:2:{i:0;s:14:\"access CiviCRM\";i:1;s:18:\"administer CiviCRM\";}i:1;s:3:\"and\";}','a:2:{i:0;s:19:\"CRM_Admin_Page_AJAX\";i:1;s:8:\"menuTree\";}',NULL,'a:1:{i:0;a:2:{s:5:\"title\";s:7:\"CiviCRM\";s:3:\"url\";s:16:\"/civicrm?reset=1\";}}',NULL,NULL,NULL,1,0,1,0,1,1,3,0,'a:0:{}'),
 (162,1,'civicrm/ajax/statusmsg',NULL,NULL,'a:2:{i:0;s:19:\"CRM_Core_Permission\";i:1;s:9:\"checkMenu\";}','a:2:{i:0;a:1:{i:0;s:14:\"access CiviCRM\";}i:1;s:3:\"and\";}','a:2:{i:0;s:19:\"CRM_Admin_Page_AJAX\";i:1;s:12:\"getStatusMsg\";}',NULL,'a:1:{i:0;a:2:{s:5:\"title\";s:7:\"CiviCRM\";s:3:\"url\";s:16:\"/civicrm?reset=1\";}}',NULL,NULL,NULL,1,0,1,0,1,1,0,0,'a:0:{}'),
 (163,1,'civicrm/admin/price',NULL,'Price Sets','a:2:{i:0;s:19:\"CRM_Core_Permission\";i:1;s:9:\"checkMenu\";}','a:2:{i:0;a:1:{i:0;s:14:\"access CiviCRM\";}i:1;s:3:\"and\";}','s:18:\"CRM_Price_Page_Set\";',NULL,'a:2:{i:0;a:2:{s:5:\"title\";s:7:\"CiviCRM\";s:3:\"url\";s:16:\"/civicrm?reset=1\";}i:1;a:2:{s:5:\"title\";s:10:\"Administer\";s:3:\"url\";s:22:\"/civicrm/admin?reset=1\";}}',NULL,NULL,NULL,1,0,1,1,380,1,0,0,'a:2:{s:4:\"desc\";s:205:\"Price sets allow you to offer multiple options with associated fees (e.g. pre-conference workshops, additional meals, etc.). Configure Price Sets for events which need more than a single set of fee levels.\";s:10:\"adminGroup\";s:9:\"Customize\";}'),
 (164,1,'civicrm/admin/price/add','action=add','New Price Set','a:2:{i:0;s:19:\"CRM_Core_Permission\";i:1;s:9:\"checkMenu\";}','a:2:{i:0;a:1:{i:0;s:14:\"access CiviCRM\";}i:1;s:3:\"and\";}','s:18:\"CRM_Price_Page_Set\";',NULL,'a:3:{i:0;a:2:{s:5:\"title\";s:7:\"CiviCRM\";s:3:\"url\";s:16:\"/civicrm?reset=1\";}i:1;a:2:{s:5:\"title\";s:10:\"Administer\";s:3:\"url\";s:22:\"/civicrm/admin?reset=1\";}i:2;a:2:{s:5:\"title\";s:10:\"Price Sets\";s:3:\"url\";s:28:\"/civicrm/admin/price?reset=1\";}}',NULL,NULL,NULL,1,0,1,1,1,1,0,0,'a:1:{s:4:\"desc\";s:205:\"Price sets allow you to offer multiple options with associated fees (e.g. pre-conference workshops, additional meals, etc.). Configure Price Sets for events which need more than a single set of fee levels.\";}'),
 (165,1,'civicrm/admin/price/edit',NULL,'Price Sets','a:2:{i:0;s:19:\"CRM_Core_Permission\";i:1;s:9:\"checkMenu\";}','a:2:{i:0;a:1:{i:0;s:14:\"access CiviCRM\";}i:1;s:3:\"and\";}','s:18:\"CRM_Price_Page_Set\";',NULL,'a:3:{i:0;a:2:{s:5:\"title\";s:7:\"CiviCRM\";s:3:\"url\";s:16:\"/civicrm?reset=1\";}i:1;a:2:{s:5:\"title\";s:10:\"Administer\";s:3:\"url\";s:22:\"/civicrm/admin?reset=1\";}i:2;a:2:{s:5:\"title\";s:10:\"Price Sets\";s:3:\"url\";s:28:\"/civicrm/admin/price?reset=1\";}}',NULL,NULL,NULL,1,0,1,1,1,1,0,0,'a:0:{}'),
 (166,1,'civicrm/admin/price/field',NULL,'Price Fields','a:2:{i:0;s:19:\"CRM_Core_Permission\";i:1;s:9:\"checkMenu\";}','a:2:{i:0;a:1:{i:0;s:14:\"access CiviCRM\";}i:1;s:3:\"and\";}','s:20:\"CRM_Price_Page_Field\";',NULL,'a:3:{i:0;a:2:{s:5:\"title\";s:7:\"CiviCRM\";s:3:\"url\";s:16:\"/civicrm?reset=1\";}i:1;a:2:{s:5:\"title\";s:10:\"Administer\";s:3:\"url\";s:22:\"/civicrm/admin?reset=1\";}i:2;a:2:{s:5:\"title\";s:10:\"Price Sets\";s:3:\"url\";s:28:\"/civicrm/admin/price?reset=1\";}}',NULL,NULL,NULL,1,0,1,1,1,1,0,0,'a:0:{}'),
 (167,1,'civicrm/admin/price/field/edit',NULL,'Price Fields','a:2:{i:0;s:19:\"CRM_Core_Permission\";i:1;s:9:\"checkMenu\";}','a:2:{i:0;a:1:{i:0;s:14:\"access CiviCRM\";}i:1;s:3:\"and\";}','s:20:\"CRM_Price_Page_Field\";',NULL,'a:3:{i:0;a:2:{s:5:\"title\";s:7:\"CiviCRM\";s:3:\"url\";s:16:\"/civicrm?reset=1\";}i:1;a:2:{s:5:\"title\";s:10:\"Administer\";s:3:\"url\";s:22:\"/civicrm/admin?reset=1\";}i:2;a:2:{s:5:\"title\";s:10:\"Price Sets\";s:3:\"url\";s:28:\"/civicrm/admin/price?reset=1\";}}',NULL,NULL,NULL,1,0,1,1,1,1,0,0,'a:0:{}'),
 (168,1,'civicrm/admin/price/field/option',NULL,'Price Field Options','a:2:{i:0;s:19:\"CRM_Core_Permission\";i:1;s:9:\"checkMenu\";}','a:2:{i:0;a:1:{i:0;s:14:\"access CiviCRM\";}i:1;s:3:\"and\";}','s:21:\"CRM_Price_Page_Option\";',NULL,'a:3:{i:0;a:2:{s:5:\"title\";s:7:\"CiviCRM\";s:3:\"url\";s:16:\"/civicrm?reset=1\";}i:1;a:2:{s:5:\"title\";s:10:\"Administer\";s:3:\"url\";s:22:\"/civicrm/admin?reset=1\";}i:2;a:2:{s:5:\"title\";s:10:\"Price Sets\";s:3:\"url\";s:28:\"/civicrm/admin/price?reset=1\";}}',NULL,NULL,NULL,1,0,1,1,1,1,0,0,'a:0:{}'),
 (169,1,'civicrm/admin/price/field/option/edit',NULL,'Price Field Options','a:2:{i:0;s:19:\"CRM_Core_Permission\";i:1;s:9:\"checkMenu\";}','a:2:{i:0;a:1:{i:0;s:14:\"access CiviCRM\";}i:1;s:3:\"and\";}','s:21:\"CRM_Price_Page_Option\";',NULL,'a:4:{i:0;a:2:{s:5:\"title\";s:7:\"CiviCRM\";s:3:\"url\";s:16:\"/civicrm?reset=1\";}i:1;a:2:{s:5:\"title\";s:10:\"Administer\";s:3:\"url\";s:22:\"/civicrm/admin?reset=1\";}i:2;a:2:{s:5:\"title\";s:10:\"Price Sets\";s:3:\"url\";s:28:\"/civicrm/admin/price?reset=1\";}i:3;a:2:{s:5:\"title\";s:19:\"Price Field Options\";s:3:\"url\";s:41:\"/civicrm/admin/price/field/option?reset=1\";}}',NULL,NULL,NULL,1,0,1,1,1,1,0,0,'a:0:{}'),
 (170,1,'civicrm/admin/sms/provider',NULL,'Sms Providers','a:2:{i:0;s:19:\"CRM_Core_Permission\";i:1;s:9:\"checkMenu\";}','a:2:{i:0;a:1:{i:0;s:18:\"administer CiviCRM\";}i:1;s:3:\"and\";}','s:21:\"CRM_SMS_Page_Provider\";',NULL,'a:2:{i:0;a:2:{s:5:\"title\";s:7:\"CiviCRM\";s:3:\"url\";s:16:\"/civicrm?reset=1\";}i:1;a:2:{s:5:\"title\";s:10:\"Administer\";s:3:\"url\";s:22:\"/civicrm/admin?reset=1\";}}',NULL,NULL,NULL,1,0,1,1,500,1,0,0,'a:2:{s:4:\"desc\";s:27:\"To configure a sms provider\";s:10:\"adminGroup\";s:15:\"System Settings\";}'),
 (171,1,'civicrm/admin/sms/provider/edit',NULL,'Sms Providers','a:2:{i:0;s:19:\"CRM_Core_Permission\";i:1;s:9:\"checkMenu\";}','a:2:{i:0;a:1:{i:0;s:18:\"administer CiviCRM\";}i:1;s:3:\"and\";}','s:21:\"CRM_SMS_Form_Provider\";',NULL,'a:3:{i:0;a:2:{s:5:\"title\";s:7:\"CiviCRM\";s:3:\"url\";s:16:\"/civicrm?reset=1\";}i:1;a:2:{s:5:\"title\";s:10:\"Administer\";s:3:\"url\";s:22:\"/civicrm/admin?reset=1\";}i:2;a:2:{s:5:\"title\";s:13:\"Sms Providers\";s:3:\"url\";s:35:\"/civicrm/admin/sms/provider?reset=1\";}}',NULL,NULL,NULL,1,0,1,1,501,1,0,0,'a:2:{s:4:\"desc\";s:27:\"To configure a sms provider\";s:10:\"adminGroup\";s:15:\"System Settings\";}'),
 (172,1,'civicrm/sms/send',NULL,'New Mass SMS','a:2:{i:0;s:19:\"CRM_Core_Permission\";i:1;s:9:\"checkMenu\";}','a:2:{i:0;a:1:{i:0;s:8:\"send SMS\";}i:1;s:3:\"and\";}','s:23:\"CRM_SMS_Controller_Send\";',NULL,'a:1:{i:0;a:2:{s:5:\"title\";s:7:\"CiviCRM\";s:3:\"url\";s:16:\"/civicrm?reset=1\";}}',NULL,NULL,NULL,1,0,1,0,610,1,1,0,'a:0:{}'),
 (173,1,'civicrm/sms/callback',NULL,NULL,'s:1:\"1\";','a:2:{i:0;a:1:{i:0;s:14:\"access CiviCRM\";}i:1;s:3:\"and\";}','s:21:\"CRM_SMS_Page_Callback\";',NULL,'a:1:{i:0;a:2:{s:5:\"title\";s:7:\"CiviCRM\";s:3:\"url\";s:16:\"/civicrm?reset=1\";}}',NULL,NULL,NULL,1,1,1,0,1,1,0,0,'a:0:{}'),
 (174,1,'civicrm/admin/badgelayout','action=browse','Event Name Badge Layouts','a:2:{i:0;s:19:\"CRM_Core_Permission\";i:1;s:9:\"checkMenu\";}','a:2:{i:0;a:3:{i:0;s:25:\"administer CiviCRM system\";i:1;s:23:\"administer CiviCRM data\";i:2;s:14:\"access CiviCRM\";}i:1;s:3:\"and\";}','s:21:\"CRM_Badge_Page_Layout\";',NULL,'a:2:{i:0;a:2:{s:5:\"title\";s:7:\"CiviCRM\";s:3:\"url\";s:16:\"/civicrm?reset=1\";}i:1;a:2:{s:5:\"title\";s:10:\"Administer\";s:3:\"url\";s:22:\"/civicrm/admin?reset=1\";}}',NULL,NULL,NULL,1,0,1,1,399,1,0,0,'a:2:{s:4:\"desc\";s:107:\"Configure name badge layouts for event participants, including logos and what data to include on the badge.\";s:10:\"adminGroup\";s:9:\"CiviEvent\";}'),
 (175,1,'civicrm/admin/badgelayout/add',NULL,NULL,'a:2:{i:0;s:19:\"CRM_Core_Permission\";i:1;s:9:\"checkMenu\";}','a:2:{i:0;a:1:{i:0;s:18:\"administer CiviCRM\";}i:1;s:3:\"and\";}','s:21:\"CRM_Badge_Form_Layout\";',NULL,'a:3:{i:0;a:2:{s:5:\"title\";s:7:\"CiviCRM\";s:3:\"url\";s:16:\"/civicrm?reset=1\";}i:1;a:2:{s:5:\"title\";s:10:\"Administer\";s:3:\"url\";s:22:\"/civicrm/admin?reset=1\";}i:2;a:2:{s:5:\"title\";s:24:\"Event Name Badge Layouts\";s:3:\"url\";s:52:\"/civicrm/admin/badgelayout?reset=1&amp;action=browse\";}}',NULL,NULL,NULL,1,0,1,1,1,1,0,0,'a:0:{}'),
 (176,1,'civicrm/activity','action=add&context=standalone','New Activity','a:2:{i:0;s:19:\"CRM_Core_Permission\";i:1;s:9:\"checkMenu\";}','a:2:{i:0;a:1:{i:0;s:14:\"access CiviCRM\";}i:1;s:3:\"and\";}','s:26:\"CRM_Activity_Form_Activity\";','s:14:\"attachUpload=1\";','a:1:{i:0;a:2:{s:5:\"title\";s:7:\"CiviCRM\";s:3:\"url\";s:16:\"/civicrm?reset=1\";}}',NULL,NULL,NULL,1,0,1,0,1,1,0,0,'a:0:{}'),
 (177,1,'civicrm/activity/view',NULL,'View Activity','a:2:{i:0;s:19:\"CRM_Core_Permission\";i:1;s:9:\"checkMenu\";}','a:2:{i:0;a:1:{i:0;s:14:\"access CiviCRM\";}i:1;s:3:\"and\";}','s:30:\"CRM_Activity_Form_ActivityView\";','s:14:\"attachUpload=1\";','a:2:{i:0;a:2:{s:5:\"title\";s:7:\"CiviCRM\";s:3:\"url\";s:16:\"/civicrm?reset=1\";}i:1;a:2:{s:5:\"title\";s:12:\"New Activity\";s:3:\"url\";s:63:\"/civicrm/activity?reset=1&amp;action=add&amp;context=standalone\";}}',NULL,NULL,NULL,1,0,1,0,1,1,0,0,'a:0:{}'),
 (178,1,'civicrm/ajax/activity',NULL,NULL,'a:2:{i:0;s:19:\"CRM_Core_Permission\";i:1;s:9:\"checkMenu\";}','a:2:{i:0;a:1:{i:0;s:14:\"access CiviCRM\";}i:1;s:3:\"and\";}','a:2:{i:0;s:22:\"CRM_Activity_Page_AJAX\";i:1;s:15:\"getCaseActivity\";}',NULL,'a:1:{i:0;a:2:{s:5:\"title\";s:7:\"CiviCRM\";s:3:\"url\";s:16:\"/civicrm?reset=1\";}}',NULL,NULL,NULL,1,0,1,0,1,1,0,0,'a:0:{}'),
 (179,1,'civicrm/ajax/globalrelationships',NULL,NULL,'a:2:{i:0;s:19:\"CRM_Core_Permission\";i:1;s:9:\"checkMenu\";}','a:2:{i:0;a:1:{i:0;s:14:\"access CiviCRM\";}i:1;s:3:\"and\";}','a:2:{i:0;s:22:\"CRM_Activity_Page_AJAX\";i:1;s:26:\"getCaseGlobalRelationships\";}',NULL,'a:1:{i:0;a:2:{s:5:\"title\";s:7:\"CiviCRM\";s:3:\"url\";s:16:\"/civicrm?reset=1\";}}',NULL,NULL,NULL,1,0,1,0,1,1,0,0,'a:0:{}'),
 (180,1,'civicrm/ajax/clientrelationships',NULL,NULL,'a:2:{i:0;s:19:\"CRM_Core_Permission\";i:1;s:9:\"checkMenu\";}','a:2:{i:0;a:1:{i:0;s:14:\"access CiviCRM\";}i:1;s:3:\"and\";}','a:2:{i:0;s:22:\"CRM_Activity_Page_AJAX\";i:1;s:26:\"getCaseClientRelationships\";}',NULL,'a:1:{i:0;a:2:{s:5:\"title\";s:7:\"CiviCRM\";s:3:\"url\";s:16:\"/civicrm?reset=1\";}}',NULL,NULL,NULL,1,0,1,0,1,1,0,0,'a:0:{}'),
 (181,1,'civicrm/ajax/caseroles',NULL,NULL,'a:2:{i:0;s:19:\"CRM_Core_Permission\";i:1;s:9:\"checkMenu\";}','a:2:{i:0;a:1:{i:0;s:14:\"access CiviCRM\";}i:1;s:3:\"and\";}','a:2:{i:0;s:22:\"CRM_Activity_Page_AJAX\";i:1;s:12:\"getCaseRoles\";}',NULL,'a:1:{i:0;a:2:{s:5:\"title\";s:7:\"CiviCRM\";s:3:\"url\";s:16:\"/civicrm?reset=1\";}}',NULL,NULL,NULL,1,0,1,0,1,1,0,0,'a:0:{}'),
 (182,1,'civicrm/ajax/contactactivity',NULL,NULL,'a:2:{i:0;s:19:\"CRM_Core_Permission\";i:1;s:9:\"checkMenu\";}','a:2:{i:0;a:1:{i:0;s:14:\"access CiviCRM\";}i:1;s:3:\"and\";}','a:2:{i:0;s:22:\"CRM_Activity_Page_AJAX\";i:1;s:18:\"getContactActivity\";}',NULL,'a:1:{i:0;a:2:{s:5:\"title\";s:7:\"CiviCRM\";s:3:\"url\";s:16:\"/civicrm?reset=1\";}}',NULL,NULL,NULL,1,0,1,0,1,1,0,0,'a:0:{}'),
 (183,1,'civicrm/ajax/activity/convert',NULL,NULL,'a:2:{i:0;s:19:\"CRM_Core_Permission\";i:1;s:9:\"checkMenu\";}','a:2:{i:0;a:1:{i:0;s:14:\"access CiviCRM\";}i:1;s:3:\"and\";}','a:2:{i:0;s:22:\"CRM_Activity_Page_AJAX\";i:1;s:21:\"convertToCaseActivity\";}',NULL,'a:1:{i:0;a:2:{s:5:\"title\";s:7:\"CiviCRM\";s:3:\"url\";s:16:\"/civicrm?reset=1\";}}',NULL,NULL,NULL,1,0,1,0,1,1,3,0,'a:0:{}'),
 (184,1,'civicrm/activity/search',NULL,'Find Activities','a:2:{i:0;s:19:\"CRM_Core_Permission\";i:1;s:9:\"checkMenu\";}','a:2:{i:0;a:1:{i:0;s:14:\"access CiviCRM\";}i:1;s:3:\"and\";}','s:30:\"CRM_Activity_Controller_Search\";','s:14:\"attachUpload=1\";','a:2:{i:0;a:2:{s:5:\"title\";s:7:\"CiviCRM\";s:3:\"url\";s:16:\"/civicrm?reset=1\";}i:1;a:2:{s:5:\"title\";s:12:\"New Activity\";s:3:\"url\";s:63:\"/civicrm/activity?reset=1&amp;action=add&amp;context=standalone\";}}',NULL,NULL,NULL,1,0,1,0,1,1,0,0,'a:0:{}'),
 (185,1,'civicrm/profile',NULL,NULL,'s:1:\"1\";','a:2:{i:0;a:1:{i:0;s:14:\"access CiviCRM\";}i:1;s:3:\"and\";}','s:23:\"CRM_Profile_Page_Router\";',NULL,'a:1:{i:0;a:2:{s:5:\"title\";s:7:\"CiviCRM\";s:3:\"url\";s:16:\"/civicrm?reset=1\";}}',NULL,NULL,NULL,1,1,1,0,0,1,0,0,'a:0:{}'),
 (186,1,'civicrm/profile/create',NULL,'CiviCRM Profile Create','s:1:\"1\";','a:2:{i:0;a:1:{i:0;s:14:\"access CiviCRM\";}i:1;s:3:\"and\";}','s:23:\"CRM_Profile_Page_Router\";',NULL,'a:1:{i:0;a:2:{s:5:\"title\";s:7:\"CiviCRM\";s:3:\"url\";s:16:\"/civicrm?reset=1\";}}',NULL,NULL,NULL,1,1,1,0,0,1,0,0,'a:0:{}'),
 (187,1,'civicrm/profile/view',NULL,NULL,'s:1:\"1\";','a:2:{i:0;a:1:{i:0;s:14:\"access CiviCRM\";}i:1;s:3:\"and\";}','s:21:\"CRM_Profile_Page_View\";',NULL,'a:1:{i:0;a:2:{s:5:\"title\";s:7:\"CiviCRM\";s:3:\"url\";s:16:\"/civicrm?reset=1\";}}',NULL,NULL,NULL,1,1,1,0,1,1,0,0,'a:0:{}'),
 (188,1,'civicrm/upgrade',NULL,'Upgrade CiviCRM','a:2:{i:0;s:19:\"CRM_Core_Permission\";i:1;s:9:\"checkMenu\";}','a:2:{i:0;a:2:{i:0;s:18:\"administer CiviCRM\";i:1;s:14:\"access CiviCRM\";}i:1;s:3:\"and\";}','s:24:\"CRM_Upgrade_Page_Upgrade\";',NULL,'a:1:{i:0;a:2:{s:5:\"title\";s:7:\"CiviCRM\";s:3:\"url\";s:16:\"/civicrm?reset=1\";}}',NULL,NULL,NULL,1,0,1,0,1,1,0,0,'a:0:{}'),
 (189,1,'civicrm/export',NULL,'Download Errors','a:2:{i:0;s:19:\"CRM_Core_Permission\";i:1;s:9:\"checkMenu\";}','a:2:{i:0;a:1:{i:0;s:14:\"access CiviCRM\";}i:1;s:3:\"and\";}','a:2:{i:0;s:21:\"CRM_Export_BAO_Export\";i:1;s:6:\"invoke\";}',NULL,'a:1:{i:0;a:2:{s:5:\"title\";s:7:\"CiviCRM\";s:3:\"url\";s:16:\"/civicrm?reset=1\";}}',NULL,NULL,NULL,1,0,1,0,1,1,0,0,'a:0:{}'),
 (190,1,'civicrm/export/contact',NULL,'Export Contacts','a:2:{i:0;s:19:\"CRM_Core_Permission\";i:1;s:9:\"checkMenu\";}','a:2:{i:0;a:1:{i:0;s:14:\"access CiviCRM\";}i:1;s:3:\"and\";}','a:2:{i:0;s:21:\"CRM_Export_BAO_Export\";i:1;s:6:\"invoke\";}',NULL,'a:2:{i:0;a:2:{s:5:\"title\";s:7:\"CiviCRM\";s:3:\"url\";s:16:\"/civicrm?reset=1\";}i:1;a:2:{s:5:\"title\";s:15:\"Download Errors\";s:3:\"url\";s:23:\"/civicrm/export?reset=1\";}}',NULL,NULL,NULL,1,0,1,0,0,1,0,0,'a:0:{}'),
 (191,1,'civicrm/export/standalone',NULL,'Export','a:2:{i:0;s:19:\"CRM_Core_Permission\";i:1;s:9:\"checkMenu\";}','a:2:{i:0;a:1:{i:0;s:14:\"access CiviCRM\";}i:1;s:3:\"and\";}','s:32:\"CRM_Export_Controller_Standalone\";',NULL,'a:2:{i:0;a:2:{s:5:\"title\";s:7:\"CiviCRM\";s:3:\"url\";s:16:\"/civicrm?reset=1\";}i:1;a:2:{s:5:\"title\";s:15:\"Download Errors\";s:3:\"url\";s:23:\"/civicrm/export?reset=1\";}}',NULL,NULL,NULL,1,0,1,0,1,1,0,0,'a:0:{}'),
 (192,1,'civicrm/admin/options/acl_role',NULL,'ACL Roles','a:2:{i:0;s:19:\"CRM_Core_Permission\";i:1;s:9:\"checkMenu\";}','a:2:{i:0;a:2:{i:0;s:18:\"administer CiviCRM\";i:1;s:14:\"access CiviCRM\";}i:1;s:3:\"and\";}','s:22:\"CRM_Admin_Page_Options\";',NULL,'a:3:{i:0;a:2:{s:5:\"title\";s:7:\"CiviCRM\";s:3:\"url\";s:16:\"/civicrm?reset=1\";}i:1;a:2:{s:5:\"title\";s:10:\"Administer\";s:3:\"url\";s:22:\"/civicrm/admin?reset=1\";}i:2;a:2:{s:5:\"title\";s:13:\"Option Groups\";s:3:\"url\";s:30:\"/civicrm/admin/options?reset=1\";}}',NULL,NULL,NULL,1,0,1,1,1,1,0,0,'a:0:{}'),
 (193,1,'civicrm/acl',NULL,'Manage ACLs','a:2:{i:0;s:19:\"CRM_Core_Permission\";i:1;s:9:\"checkMenu\";}','a:2:{i:0;a:2:{i:0;s:18:\"administer CiviCRM\";i:1;s:14:\"access CiviCRM\";}i:1;s:3:\"and\";}','s:16:\"CRM_ACL_Page_ACL\";',NULL,'a:1:{i:0;a:2:{s:5:\"title\";s:7:\"CiviCRM\";s:3:\"url\";s:16:\"/civicrm?reset=1\";}}',NULL,NULL,NULL,1,0,1,0,1,1,0,0,'a:0:{}'),
 (194,1,'civicrm/acl/edit',NULL,'Manage ACLs','a:2:{i:0;s:19:\"CRM_Core_Permission\";i:1;s:9:\"checkMenu\";}','a:2:{i:0;a:2:{i:0;s:18:\"administer CiviCRM\";i:1;s:14:\"access CiviCRM\";}i:1;s:3:\"and\";}','s:16:\"CRM_ACL_Form_ACL\";',NULL,'a:2:{i:0;a:2:{s:5:\"title\";s:7:\"CiviCRM\";s:3:\"url\";s:16:\"/civicrm?reset=1\";}i:1;a:2:{s:5:\"title\";s:11:\"Manage ACLs\";s:3:\"url\";s:20:\"/civicrm/acl?reset=1\";}}',NULL,NULL,NULL,1,0,1,0,1,1,0,0,'a:0:{}'),
 (195,1,'civicrm/acl/delete',NULL,'Manage ACLs','a:2:{i:0;s:19:\"CRM_Core_Permission\";i:1;s:9:\"checkMenu\";}','a:2:{i:0;a:2:{i:0;s:18:\"administer CiviCRM\";i:1;s:14:\"access CiviCRM\";}i:1;s:3:\"and\";}','s:16:\"CRM_ACL_Form_ACL\";',NULL,'a:2:{i:0;a:2:{s:5:\"title\";s:7:\"CiviCRM\";s:3:\"url\";s:16:\"/civicrm?reset=1\";}i:1;a:2:{s:5:\"title\";s:11:\"Manage ACLs\";s:3:\"url\";s:20:\"/civicrm/acl?reset=1\";}}',NULL,NULL,NULL,1,0,1,0,1,1,0,0,'a:0:{}'),
 (196,1,'civicrm/acl/entityrole',NULL,'Assign Users to ACL Roles','a:2:{i:0;s:19:\"CRM_Core_Permission\";i:1;s:9:\"checkMenu\";}','a:2:{i:0;a:2:{i:0;s:18:\"administer CiviCRM\";i:1;s:14:\"access CiviCRM\";}i:1;s:3:\"and\";}','s:23:\"CRM_ACL_Page_EntityRole\";',NULL,'a:2:{i:0;a:2:{s:5:\"title\";s:7:\"CiviCRM\";s:3:\"url\";s:16:\"/civicrm?reset=1\";}i:1;a:2:{s:5:\"title\";s:11:\"Manage ACLs\";s:3:\"url\";s:20:\"/civicrm/acl?reset=1\";}}',NULL,NULL,NULL,1,0,1,0,1,1,0,0,'a:0:{}'),
 (197,1,'civicrm/acl/entityrole/edit',NULL,'Assign Users to ACL Roles','a:2:{i:0;s:19:\"CRM_Core_Permission\";i:1;s:9:\"checkMenu\";}','a:2:{i:0;a:2:{i:0;s:18:\"administer CiviCRM\";i:1;s:14:\"access CiviCRM\";}i:1;s:3:\"and\";}','s:23:\"CRM_ACL_Form_EntityRole\";',NULL,'a:3:{i:0;a:2:{s:5:\"title\";s:7:\"CiviCRM\";s:3:\"url\";s:16:\"/civicrm?reset=1\";}i:1;a:2:{s:5:\"title\";s:11:\"Manage ACLs\";s:3:\"url\";s:20:\"/civicrm/acl?reset=1\";}i:2;a:2:{s:5:\"title\";s:25:\"Assign Users to ACL Roles\";s:3:\"url\";s:31:\"/civicrm/acl/entityrole?reset=1\";}}',NULL,NULL,NULL,1,0,1,0,1,1,0,0,'a:0:{}'),
 (198,1,'civicrm/file',NULL,'Browse Uploaded files','a:2:{i:0;s:19:\"CRM_Core_Permission\";i:1;s:9:\"checkMenu\";}','a:2:{i:0;a:1:{i:0;s:21:\"access uploaded files\";}i:1;s:3:\"and\";}','s:18:\"CRM_Core_Page_File\";',NULL,'a:1:{i:0;a:2:{s:5:\"title\";s:7:\"CiviCRM\";s:3:\"url\";s:16:\"/civicrm?reset=1\";}}',NULL,NULL,NULL,1,0,1,0,1,1,0,0,'a:0:{}'),
 (199,1,'civicrm/file/delete',NULL,'Delete File','a:2:{i:0;s:19:\"CRM_Core_Permission\";i:1;s:9:\"checkMenu\";}','a:2:{i:0;a:1:{i:0;s:14:\"access CiviCRM\";}i:1;s:3:\"and\";}','a:2:{i:0;s:17:\"CRM_Core_BAO_File\";i:1;s:16:\"deleteAttachment\";}',NULL,'a:2:{i:0;a:2:{s:5:\"title\";s:7:\"CiviCRM\";s:3:\"url\";s:16:\"/civicrm?reset=1\";}i:1;a:2:{s:5:\"title\";s:21:\"Browse Uploaded files\";s:3:\"url\";s:21:\"/civicrm/file?reset=1\";}}',NULL,NULL,NULL,1,0,1,0,1,1,0,0,'a:0:{}'),
 (200,1,'civicrm/logout',NULL,'Log out','a:2:{i:0;s:19:\"CRM_Core_Permission\";i:1;s:9:\"checkMenu\";}','a:2:{i:0;a:1:{i:0;s:14:\"access CiviCRM\";}i:1;s:3:\"and\";}','a:2:{i:0;s:16:\"CRM_Utils_System\";i:1;s:6:\"logout\";}',NULL,'a:1:{i:0;a:2:{s:5:\"title\";s:7:\"CiviCRM\";s:3:\"url\";s:16:\"/civicrm?reset=1\";}}',NULL,NULL,NULL,1,0,1,0,9999,1,1,0,'a:0:{}'),
 (201,1,'civicrm/i18n',NULL,NULL,'a:2:{i:0;s:19:\"CRM_Core_Permission\";i:1;s:9:\"checkMenu\";}','a:2:{i:0;a:1:{i:0;s:17:\"translate CiviCRM\";}i:1;s:3:\"and\";}','s:18:\"CRM_Core_I18n_Form\";',NULL,'a:1:{i:0;a:2:{s:5:\"title\";s:7:\"CiviCRM\";s:3:\"url\";s:16:\"/civicrm?reset=1\";}}',NULL,NULL,NULL,1,0,1,0,1,1,0,0,'a:0:{}'),
 (202,1,'civicrm/ajax/attachment',NULL,NULL,'a:2:{i:0;s:19:\"CRM_Core_Permission\";i:1;s:9:\"checkMenu\";}','a:2:{i:0;a:2:{i:0;s:14:\"access CiviCRM\";i:1;s:15:\"access AJAX API\";}i:1;s:2:\"or\";}','a:2:{i:0;s:29:\"CRM_Core_Page_AJAX_Attachment\";i:1;s:10:\"attachFile\";}',NULL,'a:1:{i:0;a:2:{s:5:\"title\";s:7:\"CiviCRM\";s:3:\"url\";s:16:\"/civicrm?reset=1\";}}',NULL,NULL,NULL,1,0,1,0,1,1,0,0,'a:0:{}'),
 (203,1,'civicrm/api',NULL,NULL,'a:2:{i:0;s:19:\"CRM_Core_Permission\";i:1;s:9:\"checkMenu\";}','a:2:{i:0;a:1:{i:0;s:14:\"access CiviCRM\";}i:1;s:3:\"and\";}','s:22:\"CRM_Core_Page_Redirect\";','s:16:\"url=civicrm/api3\";','a:1:{i:0;a:2:{s:5:\"title\";s:7:\"CiviCRM\";s:3:\"url\";s:16:\"/civicrm?reset=1\";}}',NULL,NULL,NULL,1,0,1,0,1,1,0,0,'a:0:{}'),
 (204,1,'civicrm/api3',NULL,'CiviCRM API v3','a:2:{i:0;s:19:\"CRM_Core_Permission\";i:1;s:9:\"checkMenu\";}','a:2:{i:0;a:1:{i:0;s:14:\"access CiviCRM\";}i:1;s:3:\"and\";}','s:26:\"CRM_Admin_Page_APIExplorer\";',NULL,'a:1:{i:0;a:2:{s:5:\"title\";s:7:\"CiviCRM\";s:3:\"url\";s:16:\"/civicrm?reset=1\";}}',NULL,NULL,NULL,1,0,1,0,1,1,0,0,'a:0:{}'),
 (205,1,'civicrm/ajax/apidoc',NULL,NULL,'a:2:{i:0;s:19:\"CRM_Core_Permission\";i:1;s:9:\"checkMenu\";}','a:2:{i:0;a:1:{i:0;s:14:\"access CiviCRM\";}i:1;s:3:\"and\";}','a:2:{i:0;s:26:\"CRM_Admin_Page_APIExplorer\";i:1;s:6:\"getDoc\";}',NULL,'a:1:{i:0;a:2:{s:5:\"title\";s:7:\"CiviCRM\";s:3:\"url\";s:16:\"/civicrm?reset=1\";}}',NULL,NULL,NULL,1,0,1,0,1,1,0,0,'a:0:{}'),
 (206,1,'civicrm/ajax/rest',NULL,NULL,'a:2:{i:0;s:19:\"CRM_Core_Permission\";i:1;s:9:\"checkMenu\";}','a:2:{i:0;a:2:{i:0;s:14:\"access CiviCRM\";i:1;s:15:\"access AJAX API\";}i:1;s:2:\"or\";}','a:2:{i:0;s:14:\"CRM_Utils_REST\";i:1;s:4:\"ajax\";}',NULL,'a:1:{i:0;a:2:{s:5:\"title\";s:7:\"CiviCRM\";s:3:\"url\";s:16:\"/civicrm?reset=1\";}}',NULL,NULL,NULL,1,0,1,0,1,1,0,0,'a:0:{}'),
 (207,1,'civicrm/api/json',NULL,NULL,'a:2:{i:0;s:19:\"CRM_Core_Permission\";i:1;s:9:\"checkMenu\";}','a:2:{i:0;a:1:{i:0;s:14:\"access CiviCRM\";}i:1;s:3:\"and\";}','a:2:{i:0;s:14:\"CRM_Utils_REST\";i:1;s:8:\"ajaxJson\";}','s:16:\"url=civicrm/api3\";','a:1:{i:0;a:2:{s:5:\"title\";s:7:\"CiviCRM\";s:3:\"url\";s:16:\"/civicrm?reset=1\";}}',NULL,NULL,NULL,1,0,1,0,1,1,0,0,'a:0:{}'),
 (208,1,'civicrm/inline',NULL,NULL,'a:2:{i:0;s:19:\"CRM_Core_Permission\";i:1;s:9:\"checkMenu\";}','a:2:{i:0;a:1:{i:0;s:14:\"access CiviCRM\";}i:1;s:3:\"and\";}','a:2:{i:0;s:14:\"CRM_Utils_REST\";i:1;s:12:\"loadTemplate\";}',NULL,'a:1:{i:0;a:2:{s:5:\"title\";s:7:\"CiviCRM\";s:3:\"url\";s:16:\"/civicrm?reset=1\";}}',NULL,NULL,NULL,1,0,1,0,1,1,0,0,'a:0:{}'),
 (209,1,'civicrm/ajax/chart',NULL,NULL,'a:2:{i:0;s:19:\"CRM_Core_Permission\";i:1;s:9:\"checkMenu\";}','a:2:{i:0;a:1:{i:0;s:14:\"access CiviCRM\";}i:1;s:3:\"and\";}','s:38:\"CRM_Contribute_Form_ContributionCharts\";',NULL,'a:1:{i:0;a:2:{s:5:\"title\";s:7:\"CiviCRM\";s:3:\"url\";s:16:\"/civicrm?reset=1\";}}',NULL,NULL,NULL,1,0,1,0,1,1,0,0,'a:0:{}'),
 (210,1,'civicrm/asset/builder',NULL,NULL,'a:2:{i:0;s:19:\"CRM_Core_Permission\";i:1;s:9:\"checkMenu\";}','a:2:{i:0;a:1:{i:0;s:14:\"*always allow*\";}i:1;s:3:\"and\";}','a:2:{i:0;s:23:\"\\Civi\\Core\\AssetBuilder\";i:1;s:7:\"pageRun\";}',NULL,'a:1:{i:0;a:2:{s:5:\"title\";s:7:\"CiviCRM\";s:3:\"url\";s:16:\"/civicrm?reset=1\";}}',NULL,NULL,NULL,1,1,1,0,1,1,0,0,'a:0:{}'),
 (211,1,'civicrm/contribute/ajax/tableview',NULL,NULL,'a:2:{i:0;s:19:\"CRM_Core_Permission\";i:1;s:9:\"checkMenu\";}','a:2:{i:0;a:1:{i:0;s:14:\"access CiviCRM\";}i:1;s:3:\"and\";}','s:29:\"CRM_Contribute_Page_DashBoard\";',NULL,'a:2:{i:0;a:2:{s:5:\"title\";s:7:\"CiviCRM\";s:3:\"url\";s:16:\"/civicrm?reset=1\";}i:1;a:2:{s:5:\"title\";s:24:\"CiviContribute Dashboard\";s:3:\"url\";s:27:\"/civicrm/contribute?reset=1\";}}',NULL,NULL,2,1,0,1,0,1,1,0,0,'a:0:{}'),
 (212,1,'civicrm/payment/ipn',NULL,NULL,'s:1:\"1\";','a:2:{i:0;a:1:{i:0;s:21:\"access CiviContribute\";}i:1;s:3:\"and\";}','a:2:{i:0;s:16:\"CRM_Core_Payment\";i:1;s:9:\"handleIPN\";}',NULL,'a:2:{i:0;a:2:{s:5:\"title\";s:7:\"CiviCRM\";s:3:\"url\";s:16:\"/civicrm?reset=1\";}i:1;a:2:{s:5:\"title\";s:11:\"New Payment\";s:3:\"url\";s:39:\"/civicrm/payment?reset=1&amp;action=add\";}}',NULL,NULL,2,1,1,1,0,1,1,0,0,'a:0:{}'),
 (213,1,'civicrm/batch',NULL,'Batch Data Entry','a:2:{i:0;s:19:\"CRM_Core_Permission\";i:1;s:9:\"checkMenu\";}','a:2:{i:0;a:1:{i:0;s:21:\"access CiviContribute\";}i:1;s:3:\"and\";}','s:20:\"CRM_Batch_Page_Batch\";',NULL,'a:1:{i:0;a:2:{s:5:\"title\";s:7:\"CiviCRM\";s:3:\"url\";s:16:\"/civicrm?reset=1\";}}',NULL,NULL,NULL,1,0,1,0,1,1,0,0,'a:0:{}'),
 (214,1,'civicrm/batch/add',NULL,NULL,'a:2:{i:0;s:19:\"CRM_Core_Permission\";i:1;s:9:\"checkMenu\";}','a:2:{i:0;a:1:{i:0;s:21:\"access CiviContribute\";}i:1;s:3:\"and\";}','s:20:\"CRM_Batch_Form_Batch\";',NULL,'a:2:{i:0;a:2:{s:5:\"title\";s:7:\"CiviCRM\";s:3:\"url\";s:16:\"/civicrm?reset=1\";}i:1;a:2:{s:5:\"title\";s:16:\"Batch Data Entry\";s:3:\"url\";s:22:\"/civicrm/batch?reset=1\";}}',NULL,NULL,NULL,1,0,1,0,1,1,0,0,'a:0:{}'),
 (215,1,'civicrm/batch/entry',NULL,NULL,'a:2:{i:0;s:19:\"CRM_Core_Permission\";i:1;s:9:\"checkMenu\";}','a:2:{i:0;a:1:{i:0;s:21:\"access CiviContribute\";}i:1;s:3:\"and\";}','s:20:\"CRM_Batch_Form_Entry\";',NULL,'a:2:{i:0;a:2:{s:5:\"title\";s:7:\"CiviCRM\";s:3:\"url\";s:16:\"/civicrm?reset=1\";}i:1;a:2:{s:5:\"title\";s:16:\"Batch Data Entry\";s:3:\"url\";s:22:\"/civicrm/batch?reset=1\";}}',NULL,NULL,NULL,1,0,1,0,1,1,0,0,'a:0:{}'),
 (216,1,'civicrm/ajax/batch',NULL,NULL,'a:2:{i:0;s:19:\"CRM_Core_Permission\";i:1;s:9:\"checkMenu\";}','a:2:{i:0;a:1:{i:0;s:21:\"access CiviContribute\";}i:1;s:3:\"and\";}','a:2:{i:0;s:19:\"CRM_Batch_Page_AJAX\";i:1;s:9:\"batchSave\";}',NULL,'a:1:{i:0;a:2:{s:5:\"title\";s:7:\"CiviCRM\";s:3:\"url\";s:16:\"/civicrm?reset=1\";}}',NULL,NULL,NULL,1,0,1,0,1,1,0,0,'a:0:{}'),
 (217,1,'civicrm/ajax/batchlist',NULL,NULL,'a:2:{i:0;s:19:\"CRM_Core_Permission\";i:1;s:9:\"checkMenu\";}','a:2:{i:0;a:1:{i:0;s:14:\"access CiviCRM\";}i:1;s:3:\"and\";}','a:2:{i:0;s:19:\"CRM_Batch_Page_AJAX\";i:1;s:12:\"getBatchList\";}',NULL,'a:1:{i:0;a:2:{s:5:\"title\";s:7:\"CiviCRM\";s:3:\"url\";s:16:\"/civicrm?reset=1\";}}',NULL,NULL,NULL,1,0,1,0,1,1,0,0,'a:0:{}'),
 (218,1,'civicrm/ajax/inline',NULL,NULL,'a:2:{i:0;s:19:\"CRM_Core_Permission\";i:1;s:9:\"checkMenu\";}','a:2:{i:0;a:1:{i:0;s:14:\"access CiviCRM\";}i:1;s:3:\"and\";}','a:2:{i:0;s:18:\"CRM_Core_Page_AJAX\";i:1;s:3:\"run\";}',NULL,'a:1:{i:0;a:2:{s:5:\"title\";s:7:\"CiviCRM\";s:3:\"url\";s:16:\"/civicrm?reset=1\";}}',NULL,NULL,NULL,1,0,1,0,1,1,0,0,'a:0:{}'),
 (219,1,'civicrm/dev/qunit',NULL,'QUnit','a:2:{i:0;s:19:\"CRM_Core_Permission\";i:1;s:9:\"checkMenu\";}','a:2:{i:0;a:1:{i:0;s:18:\"administer CiviCRM\";}i:1;s:3:\"and\";}','s:19:\"CRM_Core_Page_QUnit\";',NULL,'a:1:{i:0;a:2:{s:5:\"title\";s:7:\"CiviCRM\";s:3:\"url\";s:16:\"/civicrm?reset=1\";}}',NULL,NULL,NULL,1,0,1,0,1,1,0,0,'a:0:{}'),
 (220,1,'civicrm/dev/fake-error',NULL,'Fake Error','a:2:{i:0;s:19:\"CRM_Core_Permission\";i:1;s:9:\"checkMenu\";}','a:2:{i:0;a:1:{i:0;s:14:\"*always allow*\";}i:1;s:3:\"and\";}','s:23:\"CRM_Core_Page_FakeError\";',NULL,'a:1:{i:0;a:2:{s:5:\"title\";s:7:\"CiviCRM\";s:3:\"url\";s:16:\"/civicrm?reset=1\";}}',NULL,NULL,NULL,1,1,1,0,1,1,0,0,'a:0:{}'),
 (221,1,'civicrm/profile-editor/schema',NULL,'ProfileEditor','a:2:{i:0;s:19:\"CRM_Core_Permission\";i:1;s:9:\"checkMenu\";}','a:2:{i:0;a:1:{i:0;s:14:\"access CiviCRM\";}i:1;s:3:\"and\";}','a:2:{i:0;s:25:\"CRM_UF_Page_ProfileEditor\";i:1;s:13:\"getSchemaJSON\";}',NULL,'a:1:{i:0;a:2:{s:5:\"title\";s:7:\"CiviCRM\";s:3:\"url\";s:16:\"/civicrm?reset=1\";}}',NULL,NULL,NULL,1,0,1,0,1,1,0,0,'a:0:{}'),
 (222,1,'civicrm/a',NULL,NULL,'a:2:{i:0;s:19:\"CRM_Core_Permission\";i:1;s:9:\"checkMenu\";}','a:2:{i:0;a:1:{i:0;s:14:\"access CiviCRM\";}i:1;s:3:\"and\";}','s:23:\"\\Civi\\Angular\\Page\\Main\";',NULL,'a:1:{i:0;a:2:{s:5:\"title\";s:7:\"CiviCRM\";s:3:\"url\";s:16:\"/civicrm?reset=1\";}}',NULL,NULL,NULL,1,0,1,0,1,1,0,0,'a:0:{}'),
 (223,1,'civicrm/ajax/angular-modules',NULL,NULL,'a:2:{i:0;s:19:\"CRM_Core_Permission\";i:1;s:9:\"checkMenu\";}','a:2:{i:0;a:1:{i:0;s:14:\"*always allow*\";}i:1;s:3:\"and\";}','s:26:\"\\Civi\\Angular\\Page\\Modules\";',NULL,'a:1:{i:0;a:2:{s:5:\"title\";s:7:\"CiviCRM\";s:3:\"url\";s:16:\"/civicrm?reset=1\";}}',NULL,NULL,NULL,1,0,1,0,1,1,0,0,'a:0:{}'),
 (224,1,'civicrm/ajax/recurringentity/update-mode',NULL,NULL,'a:2:{i:0;s:19:\"CRM_Core_Permission\";i:1;s:9:\"checkMenu\";}','a:2:{i:0;a:1:{i:0;s:14:\"access CiviCRM\";}i:1;s:3:\"and\";}','a:2:{i:0;s:34:\"CRM_Core_Page_AJAX_RecurringEntity\";i:1;s:10:\"updateMode\";}',NULL,'a:1:{i:0;a:2:{s:5:\"title\";s:7:\"CiviCRM\";s:3:\"url\";s:16:\"/civicrm?reset=1\";}}',NULL,NULL,NULL,1,0,1,0,1,1,0,0,'a:0:{}'),
 (225,1,'civicrm/recurringentity/preview',NULL,'Confirm dates','a:2:{i:0;s:19:\"CRM_Core_Permission\";i:1;s:9:\"checkMenu\";}','a:2:{i:0;a:1:{i:0;s:14:\"access CiviCRM\";}i:1;s:3:\"and\";}','s:36:\"CRM_Core_Page_RecurringEntityPreview\";',NULL,'a:1:{i:0;a:2:{s:5:\"title\";s:7:\"CiviCRM\";s:3:\"url\";s:16:\"/civicrm?reset=1\";}}',NULL,NULL,NULL,1,0,1,0,1,1,0,0,'a:0:{}'),
 (226,1,'civicrm/shortcode',NULL,'Insert CiviCRM Content','a:2:{i:0;s:19:\"CRM_Core_Permission\";i:1;s:9:\"checkMenu\";}','a:2:{i:0;a:1:{i:0;s:14:\"access CiviCRM\";}i:1;s:3:\"and\";}','s:23:\"CRM_Core_Form_ShortCode\";',NULL,'a:1:{i:0;a:2:{s:5:\"title\";s:7:\"CiviCRM\";s:3:\"url\";s:16:\"/civicrm?reset=1\";}}',NULL,NULL,NULL,1,0,1,0,1,1,0,0,'a:0:{}'),
 (227,1,'civicrm/task/add-to-group',NULL,NULL,'a:2:{i:0;s:19:\"CRM_Core_Permission\";i:1;s:9:\"checkMenu\";}','a:2:{i:0;a:1:{i:0;s:14:\"access CiviCRM\";}i:1;s:3:\"and\";}','s:32:\"CRM_Contact_Form_Task_AddToGroup\";',NULL,'a:1:{i:0;a:2:{s:5:\"title\";s:7:\"CiviCRM\";s:3:\"url\";s:16:\"/civicrm?reset=1\";}}',NULL,NULL,NULL,1,0,1,0,1,1,0,0,'a:0:{}'),
 (228,1,'civicrm/task/remove-from-group',NULL,NULL,'a:2:{i:0;s:19:\"CRM_Core_Permission\";i:1;s:9:\"checkMenu\";}','a:2:{i:0;a:1:{i:0;s:14:\"access CiviCRM\";}i:1;s:3:\"and\";}','s:37:\"CRM_Contact_Form_Task_RemoveFromGroup\";',NULL,'a:1:{i:0;a:2:{s:5:\"title\";s:7:\"CiviCRM\";s:3:\"url\";s:16:\"/civicrm?reset=1\";}}',NULL,NULL,NULL,1,0,1,0,1,1,0,0,'a:0:{}'),
 (229,1,'civicrm/task/add-to-tag',NULL,NULL,'a:2:{i:0;s:19:\"CRM_Core_Permission\";i:1;s:9:\"checkMenu\";}','a:2:{i:0;a:1:{i:0;s:14:\"access CiviCRM\";}i:1;s:3:\"and\";}','s:30:\"CRM_Contact_Form_Task_AddToTag\";',NULL,'a:1:{i:0;a:2:{s:5:\"title\";s:7:\"CiviCRM\";s:3:\"url\";s:16:\"/civicrm?reset=1\";}}',NULL,NULL,NULL,1,0,1,0,1,1,0,0,'a:0:{}'),
 (230,1,'civicrm/task/remove-from-tag',NULL,NULL,'a:2:{i:0;s:19:\"CRM_Core_Permission\";i:1;s:9:\"checkMenu\";}','a:2:{i:0;a:1:{i:0;s:14:\"access CiviCRM\";}i:1;s:3:\"and\";}','s:35:\"CRM_Contact_Form_Task_RemoveFromTag\";',NULL,'a:1:{i:0;a:2:{s:5:\"title\";s:7:\"CiviCRM\";s:3:\"url\";s:16:\"/civicrm?reset=1\";}}',NULL,NULL,NULL,1,0,1,0,1,1,0,0,'a:0:{}'),
 (231,1,'civicrm/task/send-email',NULL,NULL,'a:2:{i:0;s:19:\"CRM_Core_Permission\";i:1;s:9:\"checkMenu\";}','a:2:{i:0;a:1:{i:0;s:14:\"access CiviCRM\";}i:1;s:3:\"and\";}','s:27:\"CRM_Contact_Form_Task_Email\";',NULL,'a:1:{i:0;a:2:{s:5:\"title\";s:7:\"CiviCRM\";s:3:\"url\";s:16:\"/civicrm?reset=1\";}}',NULL,NULL,NULL,1,0,1,0,1,1,0,0,'a:0:{}'),
 (232,1,'civicrm/task/make-mailing-label',NULL,NULL,'a:2:{i:0;s:19:\"CRM_Core_Permission\";i:1;s:9:\"checkMenu\";}','a:2:{i:0;a:1:{i:0;s:14:\"access CiviCRM\";}i:1;s:3:\"and\";}','s:27:\"CRM_Contact_Form_Task_Label\";',NULL,'a:1:{i:0;a:2:{s:5:\"title\";s:7:\"CiviCRM\";s:3:\"url\";s:16:\"/civicrm?reset=1\";}}',NULL,NULL,NULL,1,0,1,0,1,1,0,0,'a:0:{}'),
 (233,1,'civicrm/task/pick-profile',NULL,NULL,'a:2:{i:0;s:19:\"CRM_Core_Permission\";i:1;s:9:\"checkMenu\";}','a:2:{i:0;a:1:{i:0;s:14:\"access CiviCRM\";}i:1;s:3:\"and\";}','s:33:\"CRM_Contact_Form_Task_PickProfile\";',NULL,'a:1:{i:0;a:2:{s:5:\"title\";s:7:\"CiviCRM\";s:3:\"url\";s:16:\"/civicrm?reset=1\";}}',NULL,NULL,NULL,1,0,1,0,1,1,0,0,'a:0:{}'),
 (234,1,'civicrm/task/print-document',NULL,NULL,'a:2:{i:0;s:19:\"CRM_Core_Permission\";i:1;s:9:\"checkMenu\";}','a:2:{i:0;a:1:{i:0;s:14:\"access CiviCRM\";}i:1;s:3:\"and\";}','s:25:\"CRM_Contact_Form_Task_PDF\";',NULL,'a:1:{i:0;a:2:{s:5:\"title\";s:7:\"CiviCRM\";s:3:\"url\";s:16:\"/civicrm?reset=1\";}}',NULL,NULL,NULL,1,0,1,0,1,1,0,0,'a:0:{}'),
 (235,1,'civicrm/task/unhold-email',NULL,NULL,'a:2:{i:0;s:19:\"CRM_Core_Permission\";i:1;s:9:\"checkMenu\";}','a:2:{i:0;a:1:{i:0;s:14:\"access CiviCRM\";}i:1;s:3:\"and\";}','s:28:\"CRM_Contact_Form_Task_Unhold\";',NULL,'a:1:{i:0;a:2:{s:5:\"title\";s:7:\"CiviCRM\";s:3:\"url\";s:16:\"/civicrm?reset=1\";}}',NULL,NULL,NULL,1,0,1,0,1,1,0,0,'a:0:{}'),
 (236,1,'civicrm/task/alter-contact-preference',NULL,NULL,'a:2:{i:0;s:19:\"CRM_Core_Permission\";i:1;s:9:\"checkMenu\";}','a:2:{i:0;a:1:{i:0;s:14:\"access CiviCRM\";}i:1;s:3:\"and\";}','s:38:\"CRM_Contact_Form_Task_AlterPreferences\";',NULL,'a:1:{i:0;a:2:{s:5:\"title\";s:7:\"CiviCRM\";s:3:\"url\";s:16:\"/civicrm?reset=1\";}}',NULL,NULL,NULL,1,0,1,0,1,1,0,0,'a:0:{}'),
 (237,1,'civicrm/task/delete-contact',NULL,NULL,'a:2:{i:0;s:19:\"CRM_Core_Permission\";i:1;s:9:\"checkMenu\";}','a:2:{i:0;a:1:{i:0;s:14:\"access CiviCRM\";}i:1;s:3:\"and\";}','s:28:\"CRM_Contact_Form_Task_Delete\";',NULL,'a:1:{i:0;a:2:{s:5:\"title\";s:7:\"CiviCRM\";s:3:\"url\";s:16:\"/civicrm?reset=1\";}}',NULL,NULL,NULL,1,0,1,0,1,1,0,0,'a:0:{}'),
 (238,1,'civicrm/task/add-activity',NULL,NULL,'a:2:{i:0;s:19:\"CRM_Core_Permission\";i:1;s:9:\"checkMenu\";}','a:2:{i:0;a:1:{i:0;s:14:\"access CiviCRM\";}i:1;s:3:\"and\";}','s:26:\"CRM_Activity_Form_Activity\";',NULL,'a:1:{i:0;a:2:{s:5:\"title\";s:7:\"CiviCRM\";s:3:\"url\";s:16:\"/civicrm?reset=1\";}}',NULL,NULL,NULL,1,0,1,0,1,1,0,0,'a:0:{}'),
 (239,1,'civicrm/note',NULL,NULL,'a:2:{i:0;s:19:\"CRM_Core_Permission\";i:1;s:9:\"checkMenu\";}','a:2:{i:0;a:1:{i:0;s:14:\"access CiviCRM\";}i:1;s:3:\"and\";}','s:18:\"CRM_Note_Form_Note\";',NULL,'a:1:{i:0;a:2:{s:5:\"title\";s:7:\"CiviCRM\";s:3:\"url\";s:16:\"/civicrm?reset=1\";}}',NULL,NULL,NULL,1,0,1,0,1,1,0,0,'a:0:{}'),
 (240,1,'civicrm/tag',NULL,'Tags','a:2:{i:0;s:19:\"CRM_Core_Permission\";i:1;s:9:\"checkMenu\";}','a:2:{i:0;a:2:{i:0;s:18:\"administer CiviCRM\";i:1;s:11:\"manage tags\";}i:1;s:2:\"or\";}','s:16:\"CRM_Tag_Page_Tag\";',NULL,'a:1:{i:0;a:2:{s:5:\"title\";s:7:\"CiviCRM\";s:3:\"url\";s:16:\"/civicrm?reset=1\";}}',NULL,NULL,NULL,1,0,1,0,25,1,0,0,'a:2:{s:4:\"desc\";s:158:\"Tags are useful for segmenting the contacts in your database into categories (e.g. Staff Member, Donor, Volunteer, etc.). Create and edit available tags here.\";s:10:\"adminGroup\";s:26:\"Customize Data and Screens\";}'),
 (241,1,'civicrm/tag/edit','action=add','New Tag','a:2:{i:0;s:19:\"CRM_Core_Permission\";i:1;s:9:\"checkMenu\";}','a:2:{i:0;a:2:{i:0;s:18:\"administer CiviCRM\";i:1;s:11:\"manage tags\";}i:1;s:2:\"or\";}','s:17:\"CRM_Tag_Form_Edit\";',NULL,'a:2:{i:0;a:2:{s:5:\"title\";s:7:\"CiviCRM\";s:3:\"url\";s:16:\"/civicrm?reset=1\";}i:1;a:2:{s:5:\"title\";s:4:\"Tags\";s:3:\"url\";s:20:\"/civicrm/tag?reset=1\";}}',NULL,NULL,NULL,1,0,1,0,1,1,0,0,'a:0:{}'),
 (242,1,'civicrm/tag/merge',NULL,'Merge Tags','a:2:{i:0;s:19:\"CRM_Core_Permission\";i:1;s:9:\"checkMenu\";}','a:2:{i:0;a:2:{i:0;s:18:\"administer CiviCRM\";i:1;s:11:\"manage tags\";}i:1;s:2:\"or\";}','s:18:\"CRM_Tag_Form_Merge\";',NULL,'a:2:{i:0;a:2:{s:5:\"title\";s:7:\"CiviCRM\";s:3:\"url\";s:16:\"/civicrm?reset=1\";}i:1;a:2:{s:5:\"title\";s:4:\"Tags\";s:3:\"url\";s:20:\"/civicrm/tag?reset=1\";}}',NULL,NULL,NULL,1,0,1,0,1,1,0,0,'a:0:{}'),
 (243,1,'civicrm/ajax/tagTree',NULL,NULL,'a:2:{i:0;s:19:\"CRM_Core_Permission\";i:1;s:9:\"checkMenu\";}','a:2:{i:0;a:2:{i:0;s:18:\"administer CiviCRM\";i:1;s:11:\"manage tags\";}i:1;s:2:\"or\";}','a:2:{i:0;s:19:\"CRM_Admin_Page_AJAX\";i:1;s:10:\"getTagTree\";}',NULL,'a:1:{i:0;a:2:{s:5:\"title\";s:7:\"CiviCRM\";s:3:\"url\";s:16:\"/civicrm?reset=1\";}}',NULL,NULL,NULL,1,0,1,0,1,1,0,0,'a:0:{}'),
 (244,1,'civicrm/import',NULL,'Import','a:2:{i:0;s:19:\"CRM_Core_Permission\";i:1;s:9:\"checkMenu\";}','a:2:{i:0;a:2:{i:0;s:15:\"import contacts\";i:1;s:14:\"access CiviCRM\";}i:1;s:3:\"and\";}','s:21:\"CRM_Import_Controller\";',NULL,'a:1:{i:0;a:2:{s:5:\"title\";s:7:\"CiviCRM\";s:3:\"url\";s:16:\"/civicrm?reset=1\";}}',NULL,NULL,NULL,1,0,1,0,400,1,1,0,'a:0:{}'),
 (245,1,'civicrm/import/contact',NULL,'Import Contacts','a:2:{i:0;s:19:\"CRM_Core_Permission\";i:1;s:9:\"checkMenu\";}','a:2:{i:0;a:2:{i:0;s:15:\"import contacts\";i:1;s:14:\"access CiviCRM\";}i:1;s:3:\"and\";}','s:21:\"CRM_Import_Controller\";',NULL,'a:2:{i:0;a:2:{s:5:\"title\";s:7:\"CiviCRM\";s:3:\"url\";s:16:\"/civicrm?reset=1\";}i:1;a:2:{s:5:\"title\";s:6:\"Import\";s:3:\"url\";s:23:\"/civicrm/import?reset=1\";}}',NULL,NULL,NULL,1,0,1,0,410,1,1,0,'a:0:{}'),
 (246,1,'civicrm/import/contact/summary',NULL,'Import Contacts','a:2:{i:0;s:19:\"CRM_Core_Permission\";i:1;s:9:\"checkMenu\";}','a:2:{i:0;a:1:{i:0;s:14:\"access CiviCRM\";}i:1;s:3:\"and\";}','s:31:\"CRM_Contact_Import_Form_Summary\";',NULL,'a:3:{i:0;a:2:{s:5:\"title\";s:7:\"CiviCRM\";s:3:\"url\";s:16:\"/civicrm?reset=1\";}i:1;a:2:{s:5:\"title\";s:6:\"Import\";s:3:\"url\";s:23:\"/civicrm/import?reset=1\";}i:2;a:2:{s:5:\"title\";s:15:\"Import Contacts\";s:3:\"url\";s:31:\"/civicrm/import/contact?reset=1\";}}',NULL,NULL,NULL,1,0,1,0,410,1,1,0,'a:0:{}'),
 (247,1,'civicrm/import/outcome',NULL,'Import results','a:2:{i:0;s:19:\"CRM_Core_Permission\";i:1;s:9:\"checkMenu\";}','a:2:{i:0;a:1:{i:0;s:14:\"access CiviCRM\";}i:1;s:3:\"and\";}','a:2:{i:0;s:16:\"CRM_Import_Forms\";i:1;s:9:\"outputCSV\";}',NULL,'a:2:{i:0;a:2:{s:5:\"title\";s:7:\"CiviCRM\";s:3:\"url\";s:16:\"/civicrm?reset=1\";}i:1;a:2:{s:5:\"title\";s:6:\"Import\";s:3:\"url\";s:23:\"/civicrm/import?reset=1\";}}',NULL,NULL,NULL,1,0,1,0,1,1,0,0,'a:0:{}'),
 (248,1,'civicrm/import/activity',NULL,'Import Activities','a:2:{i:0;s:19:\"CRM_Core_Permission\";i:1;s:9:\"checkMenu\";}','a:2:{i:0;a:2:{i:0;s:15:\"import contacts\";i:1;s:14:\"access CiviCRM\";}i:1;s:3:\"and\";}','s:21:\"CRM_Import_Controller\";',NULL,'a:2:{i:0;a:2:{s:5:\"title\";s:7:\"CiviCRM\";s:3:\"url\";s:16:\"/civicrm?reset=1\";}i:1;a:2:{s:5:\"title\";s:6:\"Import\";s:3:\"url\";s:23:\"/civicrm/import?reset=1\";}}',NULL,NULL,NULL,1,0,1,0,420,1,1,0,'a:0:{}'),
 (249,1,'civicrm/import/contribution',NULL,'Import Contributions','a:2:{i:0;s:19:\"CRM_Core_Permission\";i:1;s:9:\"checkMenu\";}','a:2:{i:0;a:2:{i:0;s:21:\"access CiviContribute\";i:1;s:18:\"edit contributions\";}i:1;s:3:\"and\";}','s:21:\"CRM_Import_Controller\";',NULL,'a:2:{i:0;a:2:{s:5:\"title\";s:7:\"CiviCRM\";s:3:\"url\";s:16:\"/civicrm?reset=1\";}i:1;a:2:{s:5:\"title\";s:6:\"Import\";s:3:\"url\";s:23:\"/civicrm/import?reset=1\";}}',NULL,NULL,NULL,1,0,1,0,520,1,1,0,'a:0:{}'),
 (250,1,'civicrm/import/custom','id=%%id%%','Import Multi-value Custom Data','a:2:{i:0;s:19:\"CRM_Core_Permission\";i:1;s:9:\"checkMenu\";}','a:2:{i:0;a:1:{i:0;s:14:\"access CiviCRM\";}i:1;s:3:\"and\";}','s:21:\"CRM_Import_Controller\";','s:30:\"class_prefix=CRM_Custom_Import\";','a:2:{i:0;a:2:{s:5:\"title\";s:7:\"CiviCRM\";s:3:\"url\";s:16:\"/civicrm?reset=1\";}i:1;a:2:{s:5:\"title\";s:6:\"Import\";s:3:\"url\";s:23:\"/civicrm/import?reset=1\";}}',NULL,NULL,NULL,1,0,1,0,420,1,1,0,'a:0:{}'),
 (251,1,'civicrm/ajax/status',NULL,NULL,'a:2:{i:0;s:19:\"CRM_Core_Permission\";i:1;s:9:\"checkMenu\";}','a:2:{i:0;a:2:{i:0;s:15:\"import contacts\";i:1;s:14:\"access CiviCRM\";}i:1;s:3:\"and\";}','a:2:{i:0;s:28:\"CRM_Contact_Import_Page_AJAX\";i:1;s:6:\"status\";}',NULL,'a:1:{i:0;a:2:{s:5:\"title\";s:7:\"CiviCRM\";s:3:\"url\";s:16:\"/civicrm?reset=1\";}}',NULL,NULL,NULL,1,0,1,0,1,1,0,0,'a:0:{}'),
 (252,1,'civicrm/import/datasource',NULL,'Import','a:2:{i:0;s:19:\"CRM_Core_Permission\";i:1;s:9:\"checkMenu\";}','a:2:{i:0;a:1:{i:0;s:14:\"access CiviCRM\";}i:1;s:3:\"and\";}','s:32:\"CRM_Import_Form_DataSourceConfig\";',NULL,'a:2:{i:0;a:2:{s:5:\"title\";s:7:\"CiviCRM\";s:3:\"url\";s:16:\"/civicrm?reset=1\";}i:1;a:2:{s:5:\"title\";s:6:\"Import\";s:3:\"url\";s:23:\"/civicrm/import?reset=1\";}}',NULL,NULL,NULL,1,0,1,0,450,1,1,0,'a:0:{}'),
 (253,1,'civicrm/ajax/api4',NULL,NULL,'s:1:\"1\";','a:2:{i:0;a:1:{i:0;s:14:\"access CiviCRM\";}i:1;s:3:\"and\";}','s:18:\"CRM_Api4_Page_AJAX\";',NULL,'a:1:{i:0;a:2:{s:5:\"title\";s:7:\"CiviCRM\";s:3:\"url\";s:16:\"/civicrm?reset=1\";}}',NULL,NULL,NULL,1,0,1,0,1,1,0,0,'a:0:{}'),
 (254,1,'civicrm/api4',NULL,'CiviCRM','a:2:{i:0;s:19:\"CRM_Core_Permission\";i:1;s:9:\"checkMenu\";}','a:2:{i:0;a:1:{i:0;s:14:\"access CiviCRM\";}i:1;s:3:\"and\";}','s:26:\"CRM_Api4_Page_Api4Explorer\";',NULL,'a:1:{i:0;a:2:{s:5:\"title\";s:7:\"CiviCRM\";s:3:\"url\";s:16:\"/civicrm?reset=1\";}}',NULL,NULL,NULL,1,0,1,0,1,1,0,0,'a:0:{}'),
 (255,1,'civicrm/group',NULL,'Manage Groups','a:2:{i:0;s:19:\"CRM_Core_Permission\";i:1;s:9:\"checkMenu\";}','a:2:{i:0;a:1:{i:0;s:14:\"access CiviCRM\";}i:1;s:3:\"and\";}','s:20:\"CRM_Group_Page_Group\";',NULL,'a:1:{i:0;a:2:{s:5:\"title\";s:7:\"CiviCRM\";s:3:\"url\";s:16:\"/civicrm?reset=1\";}}',NULL,NULL,NULL,1,0,1,0,30,1,1,0,'a:0:{}'),
 (256,1,'civicrm/group/search',NULL,'Group Members','a:2:{i:0;s:19:\"CRM_Core_Permission\";i:1;s:9:\"checkMenu\";}','a:2:{i:0;a:1:{i:0;s:14:\"access CiviCRM\";}i:1;s:3:\"and\";}','s:29:\"CRM_Contact_Controller_Search\";','s:8:\"mode=256\";','a:2:{i:0;a:2:{s:5:\"title\";s:7:\"CiviCRM\";s:3:\"url\";s:16:\"/civicrm?reset=1\";}i:1;a:2:{s:5:\"title\";s:13:\"Manage Groups\";s:3:\"url\";s:22:\"/civicrm/group?reset=1\";}}',NULL,NULL,NULL,1,0,1,0,1,1,0,0,'a:1:{s:7:\"comment\";s:164:\"Note: group search already respect ACL, so a strict permission at url level is not required. A simple/basic permission like \'access CiviCRM\' could be used. CRM-5417\";}'),
 (257,1,'civicrm/group/add',NULL,'New Group','a:2:{i:0;s:19:\"CRM_Core_Permission\";i:1;s:9:\"checkMenu\";}','a:2:{i:0;a:1:{i:0;s:11:\"edit groups\";}i:1;s:3:\"and\";}','s:20:\"CRM_Group_Controller\";',NULL,'a:2:{i:0;a:2:{s:5:\"title\";s:7:\"CiviCRM\";s:3:\"url\";s:16:\"/civicrm?reset=1\";}i:1;a:2:{s:5:\"title\";s:13:\"Manage Groups\";s:3:\"url\";s:22:\"/civicrm/group?reset=1\";}}',NULL,NULL,NULL,1,0,1,0,1,1,0,0,'a:0:{}'),
 (258,1,'civicrm/group/edit',NULL,'Edit Group','a:2:{i:0;s:19:\"CRM_Core_Permission\";i:1;s:9:\"checkMenu\";}','a:2:{i:0;a:1:{i:0;s:11:\"edit groups\";}i:1;s:3:\"and\";}','s:19:\"CRM_Group_Form_Edit\";',NULL,'a:2:{i:0;a:2:{s:5:\"title\";s:7:\"CiviCRM\";s:3:\"url\";s:16:\"/civicrm?reset=1\";}i:1;a:2:{s:5:\"title\";s:13:\"Manage Groups\";s:3:\"url\";s:22:\"/civicrm/group?reset=1\";}}',NULL,NULL,NULL,1,0,1,0,1,1,0,0,'a:0:{}'),
 (259,1,'civicrm/ajax/grouplist',NULL,NULL,'a:2:{i:0;s:19:\"CRM_Core_Permission\";i:1;s:9:\"checkMenu\";}','a:2:{i:0;a:1:{i:0;s:14:\"access CiviCRM\";}i:1;s:3:\"and\";}','a:2:{i:0;s:19:\"CRM_Group_Page_AJAX\";i:1;s:12:\"getGroupList\";}',NULL,'a:1:{i:0;a:2:{s:5:\"title\";s:7:\"CiviCRM\";s:3:\"url\";s:16:\"/civicrm?reset=1\";}}',NULL,NULL,NULL,1,0,1,0,1,1,0,0,'a:0:{}'),
 (260,1,'civicrm/payment/form',NULL,NULL,'s:1:\"1\";','a:2:{i:0;a:1:{i:0;s:21:\"access CiviContribute\";}i:1;s:3:\"and\";}','s:26:\"CRM_Financial_Form_Payment\";',NULL,'a:2:{i:0;a:2:{s:5:\"title\";s:7:\"CiviCRM\";s:3:\"url\";s:16:\"/civicrm?reset=1\";}i:1;a:2:{s:5:\"title\";s:11:\"New Payment\";s:3:\"url\";s:39:\"/civicrm/payment?reset=1&amp;action=add\";}}',NULL,NULL,2,1,1,1,0,0,1,0,0,'a:0:{}'),
 (261,1,'civicrm/payment/edit',NULL,NULL,'a:2:{i:0;s:19:\"CRM_Core_Permission\";i:1;s:9:\"checkMenu\";}','a:2:{i:0;a:1:{i:0;s:21:\"access CiviContribute\";}i:1;s:3:\"and\";}','s:30:\"CRM_Financial_Form_PaymentEdit\";',NULL,'a:2:{i:0;a:2:{s:5:\"title\";s:7:\"CiviCRM\";s:3:\"url\";s:16:\"/civicrm?reset=1\";}i:1;a:2:{s:5:\"title\";s:11:\"New Payment\";s:3:\"url\";s:39:\"/civicrm/payment?reset=1&amp;action=add\";}}',NULL,NULL,2,1,0,1,0,1,1,0,0,'a:1:{s:9:\"component\";s:14:\"CiviContribute\";}'),
 (262,1,'civicrm/custom',NULL,NULL,'a:2:{i:0;s:19:\"CRM_Core_Permission\";i:1;s:9:\"checkMenu\";}','a:2:{i:0;a:1:{i:0;s:14:\"access CiviCRM\";}i:1;s:3:\"and\";}','s:32:\"CRM_Custom_Form_CustomDataByType\";',NULL,'a:1:{i:0;a:2:{s:5:\"title\";s:7:\"CiviCRM\";s:3:\"url\";s:16:\"/civicrm?reset=1\";}}',NULL,NULL,NULL,1,0,1,0,1,1,0,0,'a:0:{}'),
 (263,1,'civicrm/ajax/jqState',NULL,NULL,'s:1:\"1\";','a:2:{i:0;a:1:{i:0;s:14:\"access CiviCRM\";}i:1;s:3:\"and\";}','a:2:{i:0;s:27:\"CRM_Core_Page_AJAX_Location\";i:1;s:7:\"jqState\";}',NULL,'a:1:{i:0;a:2:{s:5:\"title\";s:7:\"CiviCRM\";s:3:\"url\";s:16:\"/civicrm?reset=1\";}}',NULL,NULL,NULL,1,1,1,0,1,1,0,0,'a:0:{}'),
 (264,1,'civicrm/ajax/jqCounty',NULL,NULL,'s:1:\"1\";','a:2:{i:0;a:1:{i:0;s:14:\"access CiviCRM\";}i:1;s:3:\"and\";}','a:2:{i:0;s:27:\"CRM_Core_Page_AJAX_Location\";i:1;s:8:\"jqCounty\";}',NULL,'a:1:{i:0;a:2:{s:5:\"title\";s:7:\"CiviCRM\";s:3:\"url\";s:16:\"/civicrm?reset=1\";}}',NULL,NULL,NULL,1,1,1,0,1,1,0,0,'a:0:{}'),
 (265,1,'civicrm/pcp',NULL,NULL,'s:1:\"1\";','a:2:{i:0;a:1:{i:0;s:14:\"access CiviCRM\";}i:1;s:3:\"and\";}','s:16:\"CRM_PCP_Form_PCP\";',NULL,'a:1:{i:0;a:2:{s:5:\"title\";s:7:\"CiviCRM\";s:3:\"url\";s:16:\"/civicrm?reset=1\";}}',NULL,NULL,NULL,1,1,1,0,1,1,0,0,'a:0:{}'),
 (266,1,'civicrm/pcp/campaign',NULL,'Setup a Personal Campaign Page - Account Information','s:1:\"1\";','a:2:{i:0;a:1:{i:0;s:25:\"make online contributions\";}i:1;s:3:\"and\";}','s:22:\"CRM_PCP_Controller_PCP\";',NULL,'a:1:{i:0;a:2:{s:5:\"title\";s:7:\"CiviCRM\";s:3:\"url\";s:16:\"/civicrm?reset=1\";}}',NULL,NULL,NULL,1,1,1,0,0,1,0,0,'a:0:{}'),
 (267,1,'civicrm/pcp/info',NULL,NULL,'s:1:\"1\";','a:2:{i:0;a:1:{i:0;s:14:\"access CiviCRM\";}i:1;s:3:\"and\";}','s:20:\"CRM_PCP_Page_PCPInfo\";',NULL,'a:1:{i:0;a:2:{s:5:\"title\";s:7:\"CiviCRM\";s:3:\"url\";s:16:\"/civicrm?reset=1\";}}',NULL,NULL,NULL,1,1,1,0,1,1,0,0,'a:0:{}'),
 (268,1,'civicrm/admin/pcp','context=contribute','Personal Campaign Pages','a:2:{i:0;s:19:\"CRM_Core_Permission\";i:1;s:9:\"checkMenu\";}','a:2:{i:0;a:3:{i:0;s:25:\"administer CiviCRM system\";i:1;s:23:\"administer CiviCRM data\";i:2;s:14:\"access CiviCRM\";}i:1;s:3:\"and\";}','s:16:\"CRM_PCP_Page_PCP\";',NULL,'a:2:{i:0;a:2:{s:5:\"title\";s:7:\"CiviCRM\";s:3:\"url\";s:16:\"/civicrm?reset=1\";}i:1;a:2:{s:5:\"title\";s:10:\"Administer\";s:3:\"url\";s:22:\"/civicrm/admin?reset=1\";}}',NULL,NULL,NULL,1,0,1,1,362,1,0,0,'a:2:{s:4:\"desc\";s:49:\"View and manage existing personal campaign pages.\";s:10:\"adminGroup\";s:14:\"CiviContribute\";}'),
 (269,1,'civicrm/event/manage/pcp',NULL,'Personal Campaign Pages','a:2:{i:0;s:19:\"CRM_Core_Permission\";i:1;s:9:\"checkMenu\";}','a:2:{i:0;a:2:{i:0;s:18:\"administer CiviCRM\";i:1;s:16:\"access CiviEvent\";}i:1;s:3:\"and\";}','s:18:\"CRM_PCP_Form_Event\";',NULL,'a:3:{i:0;a:2:{s:5:\"title\";s:7:\"CiviCRM\";s:3:\"url\";s:16:\"/civicrm?reset=1\";}i:1;a:2:{s:5:\"title\";s:19:\"CiviEvent Dashboard\";s:3:\"url\";s:22:\"/civicrm/event?reset=1\";}i:2;a:2:{s:5:\"title\";s:13:\"Manage Events\";s:3:\"url\";s:29:\"/civicrm/event/manage?reset=1\";}}',NULL,NULL,1,1,0,1,1,540,1,1,0,'a:0:{}'),
 (270,1,'civicrm/event/pcp',NULL,NULL,'s:1:\"1\";','a:2:{i:0;a:2:{i:0;s:14:\"access CiviCRM\";i:1;s:16:\"access CiviEvent\";}i:1;s:3:\"and\";}','s:16:\"CRM_PCP_Form_PCP\";',NULL,'a:2:{i:0;a:2:{s:5:\"title\";s:7:\"CiviCRM\";s:3:\"url\";s:16:\"/civicrm?reset=1\";}i:1;a:2:{s:5:\"title\";s:19:\"CiviEvent Dashboard\";s:3:\"url\";s:22:\"/civicrm/event?reset=1\";}}',NULL,NULL,1,1,1,1,0,1,1,0,0,'a:0:{}'),
 (271,1,'civicrm/event/campaign',NULL,'Setup a Personal Campaign Page - Account Information','a:2:{i:0;s:19:\"CRM_Core_Permission\";i:1;s:9:\"checkMenu\";}','a:2:{i:0;a:1:{i:0;s:25:\"make online contributions\";}i:1;s:3:\"and\";}','s:22:\"CRM_PCP_Controller_PCP\";',NULL,'a:2:{i:0;a:2:{s:5:\"title\";s:7:\"CiviCRM\";s:3:\"url\";s:16:\"/civicrm?reset=1\";}i:1;a:2:{s:5:\"title\";s:19:\"CiviEvent Dashboard\";s:3:\"url\";s:22:\"/civicrm/event?reset=1\";}}',NULL,NULL,1,1,1,1,0,0,1,0,0,'a:0:{}'),
 (272,1,'civicrm/event',NULL,'CiviEvent Dashboard','a:2:{i:0;s:19:\"CRM_Core_Permission\";i:1;s:9:\"checkMenu\";}','a:2:{i:0;a:2:{i:0;s:14:\"access CiviCRM\";i:1;s:16:\"access CiviEvent\";}i:1;s:3:\"and\";}','s:24:\"CRM_Event_Page_DashBoard\";',NULL,'a:1:{i:0;a:2:{s:5:\"title\";s:7:\"CiviCRM\";s:3:\"url\";s:16:\"/civicrm?reset=1\";}}',NULL,NULL,1,1,0,1,0,800,1,1,0,'a:1:{s:9:\"component\";s:9:\"CiviEvent\";}'),
 (273,1,'civicrm/participant/add','action=add','Register New Participant','a:2:{i:0;s:19:\"CRM_Core_Permission\";i:1;s:9:\"checkMenu\";}','a:2:{i:0;a:1:{i:0;s:16:\"access CiviEvent\";}i:1;s:3:\"and\";}','s:18:\"CRM_Event_Page_Tab\";',NULL,'a:1:{i:0;a:2:{s:5:\"title\";s:7:\"CiviCRM\";s:3:\"url\";s:16:\"/civicrm?reset=1\";}}',NULL,NULL,NULL,1,0,1,0,1,1,0,0,'a:1:{s:9:\"component\";s:9:\"CiviEvent\";}'),
 (274,1,'civicrm/event/info',NULL,'Event Information','s:1:\"1\";','a:2:{i:0;a:2:{i:0;s:14:\"access CiviCRM\";i:1;s:16:\"access CiviEvent\";}i:1;s:3:\"and\";}','s:24:\"CRM_Event_Page_EventInfo\";',NULL,'a:2:{i:0;a:2:{s:5:\"title\";s:7:\"CiviCRM\";s:3:\"url\";s:16:\"/civicrm?reset=1\";}i:1;a:2:{s:5:\"title\";s:19:\"CiviEvent Dashboard\";s:3:\"url\";s:22:\"/civicrm/event?reset=1\";}}',NULL,NULL,1,1,1,1,0,1,1,0,0,'a:0:{}'),
 (275,1,'civicrm/event/register',NULL,'Event Registration','s:1:\"1\";','a:2:{i:0;a:2:{i:0;s:14:\"access CiviCRM\";i:1;s:16:\"access CiviEvent\";}i:1;s:3:\"and\";}','s:33:\"CRM_Event_Controller_Registration\";',NULL,'a:2:{i:0;a:2:{s:5:\"title\";s:7:\"CiviCRM\";s:3:\"url\";s:16:\"/civicrm?reset=1\";}i:1;a:2:{s:5:\"title\";s:19:\"CiviEvent Dashboard\";s:3:\"url\";s:22:\"/civicrm/event?reset=1\";}}',NULL,NULL,1,1,1,1,1,1,1,0,0,'a:0:{}'),
 (276,1,'civicrm/event/confirm',NULL,'Confirm Event Registration','s:1:\"1\";','a:2:{i:0;a:2:{i:0;s:14:\"access CiviCRM\";i:1;s:16:\"access CiviEvent\";}i:1;s:3:\"and\";}','s:46:\"CRM_Event_Form_Registration_ParticipantConfirm\";',NULL,'a:2:{i:0;a:2:{s:5:\"title\";s:7:\"CiviCRM\";s:3:\"url\";s:16:\"/civicrm?reset=1\";}i:1;a:2:{s:5:\"title\";s:19:\"CiviEvent Dashboard\";s:3:\"url\";s:22:\"/civicrm/event?reset=1\";}}',NULL,NULL,1,1,1,1,1,1,1,0,0,'a:0:{}'),
 (277,1,'civicrm/event/ical',NULL,'Current and Upcoming Events','a:2:{i:0;s:19:\"CRM_Core_Permission\";i:1;s:9:\"checkMenu\";}','a:2:{i:0;a:1:{i:0;s:15:\"view event info\";}i:1;s:3:\"and\";}','a:2:{i:0;s:19:\"CRM_Event_ICalendar\";i:1;s:3:\"run\";}',NULL,'a:2:{i:0;a:2:{s:5:\"title\";s:7:\"CiviCRM\";s:3:\"url\";s:16:\"/civicrm?reset=1\";}i:1;a:2:{s:5:\"title\";s:19:\"CiviEvent Dashboard\";s:3:\"url\";s:22:\"/civicrm/event?reset=1\";}}',NULL,NULL,1,1,1,1,0,0,1,0,0,'a:0:{}'),
 (278,1,'civicrm/event/list',NULL,'Current and Upcoming Events','a:2:{i:0;s:19:\"CRM_Core_Permission\";i:1;s:9:\"checkMenu\";}','a:2:{i:0;a:1:{i:0;s:15:\"view event info\";}i:1;s:3:\"and\";}','s:19:\"CRM_Event_Page_List\";',NULL,'a:2:{i:0;a:2:{s:5:\"title\";s:7:\"CiviCRM\";s:3:\"url\";s:16:\"/civicrm?reset=1\";}i:1;a:2:{s:5:\"title\";s:19:\"CiviEvent Dashboard\";s:3:\"url\";s:22:\"/civicrm/event?reset=1\";}}',NULL,NULL,1,1,1,1,0,0,1,0,0,'a:0:{}'),
 (279,1,'civicrm/event/participant',NULL,'Event Participants List','a:2:{i:0;s:19:\"CRM_Core_Permission\";i:1;s:9:\"checkMenu\";}','a:2:{i:0;a:1:{i:0;s:23:\"view event participants\";}i:1;s:3:\"and\";}','s:33:\"CRM_Event_Page_ParticipantListing\";',NULL,'a:2:{i:0;a:2:{s:5:\"title\";s:7:\"CiviCRM\";s:3:\"url\";s:16:\"/civicrm?reset=1\";}i:1;a:2:{s:5:\"title\";s:19:\"CiviEvent Dashboard\";s:3:\"url\";s:22:\"/civicrm/event?reset=1\";}}',NULL,NULL,1,1,1,1,0,0,1,0,0,'a:0:{}'),
 (280,1,'civicrm/admin/event',NULL,'Manage Events','a:2:{i:0;s:19:\"CRM_Core_Permission\";i:1;s:9:\"checkMenu\";}','a:2:{i:0;a:2:{i:0;s:14:\"access CiviCRM\";i:1;s:16:\"access CiviEvent\";}i:1;s:3:\"and\";}','s:26:\"CRM_Event_Page_ManageEvent\";',NULL,'a:2:{i:0;a:2:{s:5:\"title\";s:7:\"CiviCRM\";s:3:\"url\";s:16:\"/civicrm?reset=1\";}i:1;a:2:{s:5:\"title\";s:10:\"Administer\";s:3:\"url\";s:22:\"/civicrm/admin?reset=1\";}}',NULL,NULL,NULL,1,0,1,1,370,1,0,0,'a:2:{s:4:\"desc\";s:136:\"Create and edit event configuration including times, locations, online registration forms, and fees. Links for iCal and RSS syndication.\";s:10:\"adminGroup\";s:9:\"CiviEvent\";}'),
 (281,1,'civicrm/admin/eventTemplate',NULL,'Event Templates','a:2:{i:0;s:19:\"CRM_Core_Permission\";i:1;s:9:\"checkMenu\";}','a:2:{i:0;a:1:{i:0;s:16:\"access CiviEvent\";}i:1;s:3:\"and\";}','s:28:\"CRM_Admin_Page_EventTemplate\";',NULL,'a:2:{i:0;a:2:{s:5:\"title\";s:7:\"CiviCRM\";s:3:\"url\";s:16:\"/civicrm?reset=1\";}i:1;a:2:{s:5:\"title\";s:10:\"Administer\";s:3:\"url\";s:22:\"/civicrm/admin?reset=1\";}}',NULL,NULL,NULL,1,0,1,1,375,1,0,0,'a:2:{s:4:\"desc\";s:115:\"Administrators can create Event Templates - which are basically master event records pre-filled with default values\";s:10:\"adminGroup\";s:9:\"CiviEvent\";}'),
 (282,1,'civicrm/admin/options/event_type',NULL,'Event Types','a:2:{i:0;s:19:\"CRM_Core_Permission\";i:1;s:9:\"checkMenu\";}','a:2:{i:0;a:2:{i:0;s:18:\"administer CiviCRM\";i:1;s:16:\"access CiviEvent\";}i:1;s:3:\"and\";}','s:22:\"CRM_Admin_Page_Options\";',NULL,'a:3:{i:0;a:2:{s:5:\"title\";s:7:\"CiviCRM\";s:3:\"url\";s:16:\"/civicrm?reset=1\";}i:1;a:2:{s:5:\"title\";s:10:\"Administer\";s:3:\"url\";s:22:\"/civicrm/admin?reset=1\";}i:2;a:2:{s:5:\"title\";s:13:\"Option Groups\";s:3:\"url\";s:30:\"/civicrm/admin/options?reset=1\";}}',NULL,NULL,NULL,1,0,1,1,385,1,0,0,'a:2:{s:4:\"desc\";s:143:\"Use Event Types to categorize your events. Event feeds can be filtered by Event Type and participant searches can use Event Type as a criteria.\";s:10:\"adminGroup\";s:9:\"CiviEvent\";}'),
 (283,1,'civicrm/admin/participant_status',NULL,'Participant Status','a:2:{i:0;s:19:\"CRM_Core_Permission\";i:1;s:9:\"checkMenu\";}','a:2:{i:0;a:2:{i:0;s:18:\"administer CiviCRM\";i:1;s:16:\"access CiviEvent\";}i:1;s:3:\"and\";}','s:36:\"CRM_Admin_Page_ParticipantStatusType\";',NULL,'a:2:{i:0;a:2:{s:5:\"title\";s:7:\"CiviCRM\";s:3:\"url\";s:16:\"/civicrm?reset=1\";}i:1;a:2:{s:5:\"title\";s:10:\"Administer\";s:3:\"url\";s:22:\"/civicrm/admin?reset=1\";}}',NULL,NULL,NULL,1,0,1,1,390,1,0,0,'a:2:{s:4:\"desc\";s:154:\"Define statuses for event participants here (e.g. Registered, Attended, Cancelled...). You can then assign statuses and search for participants by status.\";s:10:\"adminGroup\";s:9:\"CiviEvent\";}'),
 (284,1,'civicrm/admin/options/participant_role',NULL,'Participant Role','a:2:{i:0;s:19:\"CRM_Core_Permission\";i:1;s:9:\"checkMenu\";}','a:2:{i:0;a:2:{i:0;s:18:\"administer CiviCRM\";i:1;s:16:\"access CiviEvent\";}i:1;s:3:\"and\";}','s:22:\"CRM_Admin_Page_Options\";',NULL,'a:3:{i:0;a:2:{s:5:\"title\";s:7:\"CiviCRM\";s:3:\"url\";s:16:\"/civicrm?reset=1\";}i:1;a:2:{s:5:\"title\";s:10:\"Administer\";s:3:\"url\";s:22:\"/civicrm/admin?reset=1\";}i:2;a:2:{s:5:\"title\";s:13:\"Option Groups\";s:3:\"url\";s:30:\"/civicrm/admin/options?reset=1\";}}',NULL,NULL,NULL,1,0,1,1,395,1,0,0,'a:2:{s:4:\"desc\";s:138:\"Define participant roles for events here (e.g. Attendee, Host, Speaker...). You can then assign roles and search for participants by role.\";s:10:\"adminGroup\";s:9:\"CiviEvent\";}'),
 (285,1,'civicrm/admin/options/participant_listing',NULL,'Participant Listing Templates','a:2:{i:0;s:19:\"CRM_Core_Permission\";i:1;s:9:\"checkMenu\";}','a:2:{i:0;a:3:{i:0;s:25:\"administer CiviCRM system\";i:1;s:23:\"administer CiviCRM data\";i:2;s:14:\"access CiviCRM\";}i:1;s:3:\"and\";}','s:22:\"CRM_Admin_Page_Options\";',NULL,'a:3:{i:0;a:2:{s:5:\"title\";s:7:\"CiviCRM\";s:3:\"url\";s:16:\"/civicrm?reset=1\";}i:1;a:2:{s:5:\"title\";s:10:\"Administer\";s:3:\"url\";s:22:\"/civicrm/admin?reset=1\";}i:2;a:2:{s:5:\"title\";s:13:\"Option Groups\";s:3:\"url\";s:30:\"/civicrm/admin/options?reset=1\";}}',NULL,NULL,NULL,1,0,1,1,398,1,0,0,'a:2:{s:4:\"desc\";s:48:\"Template to control participant listing display.\";s:10:\"adminGroup\";s:9:\"CiviEvent\";}'),
 (286,1,'civicrm/event/search',NULL,'Find Participants','a:2:{i:0;s:19:\"CRM_Core_Permission\";i:1;s:9:\"checkMenu\";}','a:2:{i:0;a:1:{i:0;s:16:\"access CiviEvent\";}i:1;s:3:\"and\";}','s:27:\"CRM_Event_Controller_Search\";',NULL,'a:2:{i:0;a:2:{s:5:\"title\";s:7:\"CiviCRM\";s:3:\"url\";s:16:\"/civicrm?reset=1\";}i:1;a:2:{s:5:\"title\";s:19:\"CiviEvent Dashboard\";s:3:\"url\";s:22:\"/civicrm/event?reset=1\";}}',NULL,NULL,1,1,0,1,0,810,1,1,0,'a:0:{}'),
 (287,1,'civicrm/event/manage',NULL,'Manage Events','a:2:{i:0;s:19:\"CRM_Core_Permission\";i:1;s:9:\"checkMenu\";}','a:2:{i:0;a:1:{i:0;s:16:\"access CiviEvent\";}i:1;s:3:\"and\";}','s:26:\"CRM_Event_Page_ManageEvent\";',NULL,'a:2:{i:0;a:2:{s:5:\"title\";s:7:\"CiviCRM\";s:3:\"url\";s:16:\"/civicrm?reset=1\";}i:1;a:2:{s:5:\"title\";s:19:\"CiviEvent Dashboard\";s:3:\"url\";s:22:\"/civicrm/event?reset=1\";}}',NULL,NULL,1,1,0,1,1,820,1,1,0,'a:0:{}'),
 (288,1,'civicrm/event/badge',NULL,'Print Event Name Badge','a:2:{i:0;s:19:\"CRM_Core_Permission\";i:1;s:9:\"checkMenu\";}','a:2:{i:0;a:1:{i:0;s:16:\"access CiviEvent\";}i:1;s:3:\"and\";}','s:25:\"CRM_Event_Form_Task_Badge\";',NULL,'a:2:{i:0;a:2:{s:5:\"title\";s:7:\"CiviCRM\";s:3:\"url\";s:16:\"/civicrm?reset=1\";}i:1;a:2:{s:5:\"title\";s:19:\"CiviEvent Dashboard\";s:3:\"url\";s:22:\"/civicrm/event?reset=1\";}}',NULL,NULL,1,1,0,1,0,1,1,0,0,'a:0:{}'),
 (289,1,'civicrm/event/manage/settings',NULL,'Event Info and Settings','a:2:{i:0;s:19:\"CRM_Core_Permission\";i:1;s:9:\"checkMenu\";}','a:2:{i:0;a:1:{i:0;s:16:\"access CiviEvent\";}i:1;s:3:\"and\";}','s:36:\"CRM_Event_Form_ManageEvent_EventInfo\";',NULL,'a:3:{i:0;a:2:{s:5:\"title\";s:7:\"CiviCRM\";s:3:\"url\";s:16:\"/civicrm?reset=1\";}i:1;a:2:{s:5:\"title\";s:19:\"CiviEvent Dashboard\";s:3:\"url\";s:22:\"/civicrm/event?reset=1\";}i:2;a:2:{s:5:\"title\";s:13:\"Manage Events\";s:3:\"url\";s:29:\"/civicrm/event/manage?reset=1\";}}',NULL,NULL,1,1,0,1,1,910,1,0,0,'a:0:{}'),
 (290,1,'civicrm/event/manage/location',NULL,'Event Location','a:2:{i:0;s:19:\"CRM_Core_Permission\";i:1;s:9:\"checkMenu\";}','a:2:{i:0;a:1:{i:0;s:16:\"access CiviEvent\";}i:1;s:3:\"and\";}','s:35:\"CRM_Event_Form_ManageEvent_Location\";',NULL,'a:3:{i:0;a:2:{s:5:\"title\";s:7:\"CiviCRM\";s:3:\"url\";s:16:\"/civicrm?reset=1\";}i:1;a:2:{s:5:\"title\";s:19:\"CiviEvent Dashboard\";s:3:\"url\";s:22:\"/civicrm/event?reset=1\";}i:2;a:2:{s:5:\"title\";s:13:\"Manage Events\";s:3:\"url\";s:29:\"/civicrm/event/manage?reset=1\";}}',NULL,NULL,1,1,0,1,1,930,1,0,0,'a:0:{}'),
 (291,1,'civicrm/event/manage/fee',NULL,'Event Fees','a:2:{i:0;s:19:\"CRM_Core_Permission\";i:1;s:9:\"checkMenu\";}','a:2:{i:0;a:1:{i:0;s:16:\"access CiviEvent\";}i:1;s:3:\"and\";}','s:30:\"CRM_Event_Form_ManageEvent_Fee\";',NULL,'a:3:{i:0;a:2:{s:5:\"title\";s:7:\"CiviCRM\";s:3:\"url\";s:16:\"/civicrm?reset=1\";}i:1;a:2:{s:5:\"title\";s:19:\"CiviEvent Dashboard\";s:3:\"url\";s:22:\"/civicrm/event?reset=1\";}i:2;a:2:{s:5:\"title\";s:13:\"Manage Events\";s:3:\"url\";s:29:\"/civicrm/event/manage?reset=1\";}}',NULL,NULL,1,1,0,1,1,920,1,0,0,'a:0:{}'),
 (292,1,'civicrm/event/manage/registration',NULL,'Event Online Registration','a:2:{i:0;s:19:\"CRM_Core_Permission\";i:1;s:9:\"checkMenu\";}','a:2:{i:0;a:1:{i:0;s:16:\"access CiviEvent\";}i:1;s:3:\"and\";}','s:39:\"CRM_Event_Form_ManageEvent_Registration\";',NULL,'a:3:{i:0;a:2:{s:5:\"title\";s:7:\"CiviCRM\";s:3:\"url\";s:16:\"/civicrm?reset=1\";}i:1;a:2:{s:5:\"title\";s:19:\"CiviEvent Dashboard\";s:3:\"url\";s:22:\"/civicrm/event?reset=1\";}i:2;a:2:{s:5:\"title\";s:13:\"Manage Events\";s:3:\"url\";s:29:\"/civicrm/event/manage?reset=1\";}}',NULL,NULL,1,1,0,1,1,930,1,0,0,'a:0:{}'),
 (293,1,'civicrm/event/manage/friend',NULL,'Tell a Friend','a:2:{i:0;s:19:\"CRM_Core_Permission\";i:1;s:9:\"checkMenu\";}','a:2:{i:0;a:1:{i:0;s:16:\"access CiviEvent\";}i:1;s:3:\"and\";}','s:21:\"CRM_Friend_Form_Event\";',NULL,'a:3:{i:0;a:2:{s:5:\"title\";s:7:\"CiviCRM\";s:3:\"url\";s:16:\"/civicrm?reset=1\";}i:1;a:2:{s:5:\"title\";s:19:\"CiviEvent Dashboard\";s:3:\"url\";s:22:\"/civicrm/event?reset=1\";}i:2;a:2:{s:5:\"title\";s:13:\"Manage Events\";s:3:\"url\";s:29:\"/civicrm/event/manage?reset=1\";}}',NULL,NULL,1,1,0,1,1,940,1,0,0,'a:0:{}'),
 (294,1,'civicrm/event/manage/reminder',NULL,'Schedule Reminders','a:2:{i:0;s:19:\"CRM_Core_Permission\";i:1;s:9:\"checkMenu\";}','a:2:{i:0;a:1:{i:0;s:16:\"access CiviEvent\";}i:1;s:3:\"and\";}','s:44:\"CRM_Event_Form_ManageEvent_ScheduleReminders\";',NULL,'a:3:{i:0;a:2:{s:5:\"title\";s:7:\"CiviCRM\";s:3:\"url\";s:16:\"/civicrm?reset=1\";}i:1;a:2:{s:5:\"title\";s:19:\"CiviEvent Dashboard\";s:3:\"url\";s:22:\"/civicrm/event?reset=1\";}i:2;a:2:{s:5:\"title\";s:13:\"Manage Events\";s:3:\"url\";s:29:\"/civicrm/event/manage?reset=1\";}}',NULL,NULL,1,1,0,1,1,950,1,0,0,'a:0:{}'),
 (295,1,'civicrm/event/manage/repeat',NULL,'Repeat Event','a:2:{i:0;s:19:\"CRM_Core_Permission\";i:1;s:9:\"checkMenu\";}','a:2:{i:0;a:1:{i:0;s:16:\"access CiviEvent\";}i:1;s:3:\"and\";}','s:33:\"CRM_Event_Form_ManageEvent_Repeat\";',NULL,'a:3:{i:0;a:2:{s:5:\"title\";s:7:\"CiviCRM\";s:3:\"url\";s:16:\"/civicrm?reset=1\";}i:1;a:2:{s:5:\"title\";s:19:\"CiviEvent Dashboard\";s:3:\"url\";s:22:\"/civicrm/event?reset=1\";}i:2;a:2:{s:5:\"title\";s:13:\"Manage Events\";s:3:\"url\";s:29:\"/civicrm/event/manage?reset=1\";}}',NULL,NULL,1,1,0,1,1,960,1,0,0,'a:0:{}'),
 (296,1,'civicrm/event/add','action=add','New Event','a:2:{i:0;s:19:\"CRM_Core_Permission\";i:1;s:9:\"checkMenu\";}','a:2:{i:0;a:1:{i:0;s:16:\"access CiviEvent\";}i:1;s:3:\"and\";}','s:36:\"CRM_Event_Form_ManageEvent_EventInfo\";',NULL,'a:2:{i:0;a:2:{s:5:\"title\";s:7:\"CiviCRM\";s:3:\"url\";s:16:\"/civicrm?reset=1\";}i:1;a:2:{s:5:\"title\";s:19:\"CiviEvent Dashboard\";s:3:\"url\";s:22:\"/civicrm/event?reset=1\";}}',NULL,NULL,1,1,0,1,0,830,1,0,0,'a:0:{}'),
 (297,1,'civicrm/import/participant',NULL,'Import Participants','a:2:{i:0;s:19:\"CRM_Core_Permission\";i:1;s:9:\"checkMenu\";}','a:2:{i:0;a:2:{i:0;s:16:\"access CiviEvent\";i:1;s:23:\"edit event participants\";}i:1;s:3:\"and\";}','s:21:\"CRM_Import_Controller\";',NULL,'a:2:{i:0;a:2:{s:5:\"title\";s:7:\"CiviCRM\";s:3:\"url\";s:16:\"/civicrm?reset=1\";}i:1;a:2:{s:5:\"title\";s:6:\"Import\";s:3:\"url\";s:23:\"/civicrm/import?reset=1\";}}',NULL,NULL,NULL,1,0,1,0,840,1,1,0,'a:0:{}'),
 (298,1,'civicrm/event/price',NULL,'Manage Price Sets','a:2:{i:0;s:19:\"CRM_Core_Permission\";i:1;s:9:\"checkMenu\";}','a:2:{i:0;a:1:{i:0;s:16:\"access CiviEvent\";}i:1;s:3:\"and\";}','s:18:\"CRM_Price_Page_Set\";',NULL,'a:2:{i:0;a:2:{s:5:\"title\";s:7:\"CiviCRM\";s:3:\"url\";s:16:\"/civicrm?reset=1\";}i:1;a:2:{s:5:\"title\";s:19:\"CiviEvent Dashboard\";s:3:\"url\";s:22:\"/civicrm/event?reset=1\";}}',NULL,NULL,1,1,0,1,0,850,1,1,0,'a:0:{}'),
 (299,1,'civicrm/event/selfsvcupdate',NULL,'Self-service Registration Update','s:1:\"1\";','a:2:{i:0;a:2:{i:0;s:14:\"access CiviCRM\";i:1;s:16:\"access CiviEvent\";}i:1;s:3:\"and\";}','s:28:\"CRM_Event_Form_SelfSvcUpdate\";',NULL,'a:2:{i:0;a:2:{s:5:\"title\";s:7:\"CiviCRM\";s:3:\"url\";s:16:\"/civicrm?reset=1\";}i:1;a:2:{s:5:\"title\";s:19:\"CiviEvent Dashboard\";s:3:\"url\";s:22:\"/civicrm/event?reset=1\";}}',NULL,NULL,1,1,1,1,0,880,1,1,0,'a:0:{}'),
 (300,1,'civicrm/event/selfsvctransfer',NULL,'Self-service Registration Transfer','s:1:\"1\";','a:2:{i:0;a:2:{i:0;s:14:\"access CiviCRM\";i:1;s:16:\"access CiviEvent\";}i:1;s:3:\"and\";}','s:30:\"CRM_Event_Form_SelfSvcTransfer\";',NULL,'a:2:{i:0;a:2:{s:5:\"title\";s:7:\"CiviCRM\";s:3:\"url\";s:16:\"/civicrm?reset=1\";}i:1;a:2:{s:5:\"title\";s:19:\"CiviEvent Dashboard\";s:3:\"url\";s:22:\"/civicrm/event?reset=1\";}}',NULL,NULL,1,1,1,1,0,890,1,1,0,'a:0:{}'),
 (301,1,'civicrm/contact/view/participant',NULL,NULL,'a:2:{i:0;s:19:\"CRM_Core_Permission\";i:1;s:9:\"checkMenu\";}','a:2:{i:0;a:3:{i:0;s:14:\"access CiviCRM\";i:1;s:15:\"edit my contact\";i:2;s:15:\"view my contact\";}i:1;s:2:\"or\";}','s:18:\"CRM_Event_Page_Tab\";',NULL,'a:2:{i:0;a:2:{s:5:\"title\";s:7:\"CiviCRM\";s:3:\"url\";s:16:\"/civicrm?reset=1\";}i:1;a:2:{s:5:\"title\";s:15:\"Contact Summary\";s:3:\"url\";s:45:\"/civicrm/contact/view?reset=1&amp;cid=%%cid%%\";}}',NULL,NULL,NULL,1,0,1,0,4,1,0,0,'a:0:{}'),
 (302,1,'civicrm/participant/delete',NULL,NULL,'a:2:{i:0;s:19:\"CRM_Core_Permission\";i:1;s:9:\"checkMenu\";}','a:2:{i:0;a:1:{i:0;s:19:\"delete in CiviEvent\";}i:1;s:3:\"and\";}','s:33:\"CRM_Event_Form_Participant_Delete\";',NULL,'a:1:{i:0;a:2:{s:5:\"title\";s:7:\"CiviCRM\";s:3:\"url\";s:16:\"/civicrm?reset=1\";}}',NULL,NULL,NULL,1,0,1,0,4,1,0,0,'a:0:{}'),
 (303,1,'civicrm/ajax/eventFee',NULL,NULL,'a:2:{i:0;s:19:\"CRM_Core_Permission\";i:1;s:9:\"checkMenu\";}','a:2:{i:0;a:2:{i:0;s:14:\"access CiviCRM\";i:1;s:16:\"access CiviEvent\";}i:1;s:3:\"and\";}','a:2:{i:0;s:19:\"CRM_Event_Page_AJAX\";i:1;s:8:\"eventFee\";}',NULL,'a:1:{i:0;a:2:{s:5:\"title\";s:7:\"CiviCRM\";s:3:\"url\";s:16:\"/civicrm?reset=1\";}}',NULL,NULL,NULL,1,0,1,0,1,1,0,0,'a:0:{}'),
 (304,1,'civicrm/ajax/locBlock',NULL,NULL,'a:2:{i:0;s:19:\"CRM_Core_Permission\";i:1;s:9:\"checkMenu\";}','a:2:{i:0;a:1:{i:0;s:16:\"access CiviEvent\";}i:1;s:3:\"and\";}','a:2:{i:0;s:27:\"CRM_Core_Page_AJAX_Location\";i:1;s:11:\"getLocBlock\";}',NULL,'a:1:{i:0;a:2:{s:5:\"title\";s:7:\"CiviCRM\";s:3:\"url\";s:16:\"/civicrm?reset=1\";}}',NULL,NULL,NULL,1,0,1,0,1,1,0,0,'a:0:{}'),
 (305,1,'civicrm/event/participant/feeselection',NULL,'Change Registration Selections','a:2:{i:0;s:19:\"CRM_Core_Permission\";i:1;s:9:\"checkMenu\";}','a:2:{i:0;a:1:{i:0;s:16:\"access CiviEvent\";}i:1;s:3:\"and\";}','s:38:\"CRM_Event_Form_ParticipantFeeSelection\";',NULL,'a:3:{i:0;a:2:{s:5:\"title\";s:7:\"CiviCRM\";s:3:\"url\";s:16:\"/civicrm?reset=1\";}i:1;a:2:{s:5:\"title\";s:19:\"CiviEvent Dashboard\";s:3:\"url\";s:22:\"/civicrm/event?reset=1\";}i:2;a:2:{s:5:\"title\";s:23:\"Event Participants List\";s:3:\"url\";s:34:\"/civicrm/event/participant?reset=1\";}}',NULL,NULL,1,1,0,1,0,1,1,0,0,'a:0:{}'),
 (306,1,'civicrm/admin/contribute/pcp',NULL,'Personal Campaign Pages','a:2:{i:0;s:19:\"CRM_Core_Permission\";i:1;s:9:\"checkMenu\";}','a:2:{i:0;a:3:{i:0;s:25:\"administer CiviCRM system\";i:1;s:23:\"administer CiviCRM data\";i:2;s:14:\"access CiviCRM\";}i:1;s:3:\"and\";}','s:23:\"CRM_PCP_Form_Contribute\";',NULL,'a:3:{i:0;a:2:{s:5:\"title\";s:7:\"CiviCRM\";s:3:\"url\";s:16:\"/civicrm?reset=1\";}i:1;a:2:{s:5:\"title\";s:10:\"Administer\";s:3:\"url\";s:22:\"/civicrm/admin?reset=1\";}i:2;a:2:{s:5:\"title\";s:25:\"Manage Contribution Pages\";s:3:\"url\";s:33:\"/civicrm/admin/contribute?reset=1\";}}',NULL,NULL,NULL,1,0,1,1,450,1,0,0,'a:0:{}'),
 (307,1,'civicrm/contribute/campaign',NULL,'Setup a Personal Campaign Page - Account Information','a:2:{i:0;s:19:\"CRM_Core_Permission\";i:1;s:9:\"checkMenu\";}','a:2:{i:0;a:1:{i:0;s:25:\"make online contributions\";}i:1;s:3:\"and\";}','s:22:\"CRM_PCP_Controller_PCP\";',NULL,'a:2:{i:0;a:2:{s:5:\"title\";s:7:\"CiviCRM\";s:3:\"url\";s:16:\"/civicrm?reset=1\";}i:1;a:2:{s:5:\"title\";s:24:\"CiviContribute Dashboard\";s:3:\"url\";s:27:\"/civicrm/contribute?reset=1\";}}',NULL,NULL,2,1,1,1,0,0,1,0,0,'a:0:{}'),
 (308,1,'civicrm/contribute',NULL,'CiviContribute Dashboard','a:2:{i:0;s:19:\"CRM_Core_Permission\";i:1;s:9:\"checkMenu\";}','a:2:{i:0;a:1:{i:0;s:21:\"access CiviContribute\";}i:1;s:3:\"and\";}','s:29:\"CRM_Contribute_Page_DashBoard\";',NULL,'a:1:{i:0;a:2:{s:5:\"title\";s:7:\"CiviCRM\";s:3:\"url\";s:16:\"/civicrm?reset=1\";}}',NULL,NULL,2,1,0,1,0,500,1,1,0,'a:1:{s:9:\"component\";s:14:\"CiviContribute\";}'),
 (309,1,'civicrm/contribute/add','action=add','New Contribution','a:2:{i:0;s:19:\"CRM_Core_Permission\";i:1;s:9:\"checkMenu\";}','a:2:{i:0;a:1:{i:0;s:21:\"access CiviContribute\";}i:1;s:3:\"and\";}','s:23:\"CRM_Contribute_Page_Tab\";',NULL,'a:2:{i:0;a:2:{s:5:\"title\";s:7:\"CiviCRM\";s:3:\"url\";s:16:\"/civicrm?reset=1\";}i:1;a:2:{s:5:\"title\";s:24:\"CiviContribute Dashboard\";s:3:\"url\";s:27:\"/civicrm/contribute?reset=1\";}}',NULL,NULL,2,1,0,1,0,1,1,1,0,'a:1:{s:9:\"component\";s:14:\"CiviContribute\";}'),
 (310,1,'civicrm/contribute/chart',NULL,'Contribution Summary - Chart View','a:2:{i:0;s:19:\"CRM_Core_Permission\";i:1;s:9:\"checkMenu\";}','a:2:{i:0;a:1:{i:0;s:21:\"access CiviContribute\";}i:1;s:3:\"and\";}','s:38:\"CRM_Contribute_Form_ContributionCharts\";',NULL,'a:2:{i:0;a:2:{s:5:\"title\";s:7:\"CiviCRM\";s:3:\"url\";s:16:\"/civicrm?reset=1\";}i:1;a:2:{s:5:\"title\";s:24:\"CiviContribute Dashboard\";s:3:\"url\";s:27:\"/civicrm/contribute?reset=1\";}}',NULL,NULL,2,1,0,1,0,1,1,0,0,'a:1:{s:9:\"component\";s:14:\"CiviContribute\";}'),
 (311,1,'civicrm/contribute/transact',NULL,'CiviContribute','a:2:{i:0;s:19:\"CRM_Core_Permission\";i:1;s:9:\"checkMenu\";}','a:2:{i:0;a:1:{i:0;s:25:\"make online contributions\";}i:1;s:3:\"and\";}','s:38:\"CRM_Contribute_Controller_Contribution\";',NULL,'a:2:{i:0;a:2:{s:5:\"title\";s:7:\"CiviCRM\";s:3:\"url\";s:16:\"/civicrm?reset=1\";}i:1;a:2:{s:5:\"title\";s:24:\"CiviContribute Dashboard\";s:3:\"url\";s:27:\"/civicrm/contribute?reset=1\";}}',NULL,NULL,2,1,1,1,1,0,1,0,0,'a:0:{}'),
 (312,1,'civicrm/admin/contribute',NULL,'Manage Contribution Pages','a:2:{i:0;s:19:\"CRM_Core_Permission\";i:1;s:9:\"checkMenu\";}','a:2:{i:0;a:3:{i:0;s:25:\"administer CiviCRM system\";i:1;s:23:\"administer CiviCRM data\";i:2;s:14:\"access CiviCRM\";}i:1;s:3:\"and\";}','s:36:\"CRM_Contribute_Page_ContributionPage\";',NULL,'a:2:{i:0;a:2:{s:5:\"title\";s:7:\"CiviCRM\";s:3:\"url\";s:16:\"/civicrm?reset=1\";}i:1;a:2:{s:5:\"title\";s:10:\"Administer\";s:3:\"url\";s:22:\"/civicrm/admin?reset=1\";}}',NULL,NULL,NULL,1,0,1,1,360,1,0,0,'a:2:{s:4:\"desc\";s:242:\"CiviContribute allows you to create and maintain any number of Online Contribution Pages. You can create different pages for different programs or campaigns - and customize text, amounts, types of information collected from contributors, etc.\";s:10:\"adminGroup\";s:14:\"CiviContribute\";}'),
 (313,1,'civicrm/admin/contribute/settings',NULL,'Title and Settings','a:2:{i:0;s:19:\"CRM_Core_Permission\";i:1;s:9:\"checkMenu\";}','a:2:{i:0;a:3:{i:0;s:25:\"administer CiviCRM system\";i:1;s:23:\"administer CiviCRM data\";i:2;s:14:\"access CiviCRM\";}i:1;s:3:\"and\";}','s:45:\"CRM_Contribute_Form_ContributionPage_Settings\";',NULL,'a:3:{i:0;a:2:{s:5:\"title\";s:7:\"CiviCRM\";s:3:\"url\";s:16:\"/civicrm?reset=1\";}i:1;a:2:{s:5:\"title\";s:10:\"Administer\";s:3:\"url\";s:22:\"/civicrm/admin?reset=1\";}i:2;a:2:{s:5:\"title\";s:25:\"Manage Contribution Pages\";s:3:\"url\";s:33:\"/civicrm/admin/contribute?reset=1\";}}',NULL,NULL,NULL,1,0,1,1,400,1,0,0,'a:0:{}'),
 (314,1,'civicrm/admin/contribute/amount',NULL,'Contribution Amounts','a:2:{i:0;s:19:\"CRM_Core_Permission\";i:1;s:9:\"checkMenu\";}','a:2:{i:0;a:3:{i:0;s:25:\"administer CiviCRM system\";i:1;s:23:\"administer CiviCRM data\";i:2;s:14:\"access CiviCRM\";}i:1;s:3:\"and\";}','s:43:\"CRM_Contribute_Form_ContributionPage_Amount\";',NULL,'a:3:{i:0;a:2:{s:5:\"title\";s:7:\"CiviCRM\";s:3:\"url\";s:16:\"/civicrm?reset=1\";}i:1;a:2:{s:5:\"title\";s:10:\"Administer\";s:3:\"url\";s:22:\"/civicrm/admin?reset=1\";}i:2;a:2:{s:5:\"title\";s:25:\"Manage Contribution Pages\";s:3:\"url\";s:33:\"/civicrm/admin/contribute?reset=1\";}}',NULL,NULL,NULL,1,0,1,1,410,1,0,0,'a:0:{}'),
 (315,1,'civicrm/admin/contribute/membership',NULL,'Membership Section','a:2:{i:0;s:19:\"CRM_Core_Permission\";i:1;s:9:\"checkMenu\";}','a:2:{i:0;a:3:{i:0;s:25:\"administer CiviCRM system\";i:1;s:23:\"administer CiviCRM data\";i:2;s:14:\"access CiviCRM\";}i:1;s:3:\"and\";}','s:31:\"CRM_Member_Form_MembershipBlock\";',NULL,'a:3:{i:0;a:2:{s:5:\"title\";s:7:\"CiviCRM\";s:3:\"url\";s:16:\"/civicrm?reset=1\";}i:1;a:2:{s:5:\"title\";s:10:\"Administer\";s:3:\"url\";s:22:\"/civicrm/admin?reset=1\";}i:2;a:2:{s:5:\"title\";s:25:\"Manage Contribution Pages\";s:3:\"url\";s:33:\"/civicrm/admin/contribute?reset=1\";}}',NULL,NULL,NULL,1,0,1,1,420,1,0,0,'a:0:{}'),
 (316,1,'civicrm/admin/contribute/custom',NULL,'Include Profiles','a:2:{i:0;s:19:\"CRM_Core_Permission\";i:1;s:9:\"checkMenu\";}','a:2:{i:0;a:3:{i:0;s:25:\"administer CiviCRM system\";i:1;s:23:\"administer CiviCRM data\";i:2;s:14:\"access CiviCRM\";}i:1;s:3:\"and\";}','s:43:\"CRM_Contribute_Form_ContributionPage_Custom\";',NULL,'a:3:{i:0;a:2:{s:5:\"title\";s:7:\"CiviCRM\";s:3:\"url\";s:16:\"/civicrm?reset=1\";}i:1;a:2:{s:5:\"title\";s:10:\"Administer\";s:3:\"url\";s:22:\"/civicrm/admin?reset=1\";}i:2;a:2:{s:5:\"title\";s:25:\"Manage Contribution Pages\";s:3:\"url\";s:33:\"/civicrm/admin/contribute?reset=1\";}}',NULL,NULL,NULL,1,0,1,1,430,1,0,0,'a:0:{}'),
 (317,1,'civicrm/admin/contribute/thankyou',NULL,'Thank-you and Receipting','a:2:{i:0;s:19:\"CRM_Core_Permission\";i:1;s:9:\"checkMenu\";}','a:2:{i:0;a:3:{i:0;s:25:\"administer CiviCRM system\";i:1;s:23:\"administer CiviCRM data\";i:2;s:14:\"access CiviCRM\";}i:1;s:3:\"and\";}','s:45:\"CRM_Contribute_Form_ContributionPage_ThankYou\";',NULL,'a:3:{i:0;a:2:{s:5:\"title\";s:7:\"CiviCRM\";s:3:\"url\";s:16:\"/civicrm?reset=1\";}i:1;a:2:{s:5:\"title\";s:10:\"Administer\";s:3:\"url\";s:22:\"/civicrm/admin?reset=1\";}i:2;a:2:{s:5:\"title\";s:25:\"Manage Contribution Pages\";s:3:\"url\";s:33:\"/civicrm/admin/contribute?reset=1\";}}',NULL,NULL,NULL,1,0,1,1,430,1,0,0,'a:0:{}'),
 (318,1,'civicrm/admin/contribute/friend',NULL,'Tell a Friend','a:2:{i:0;s:19:\"CRM_Core_Permission\";i:1;s:9:\"checkMenu\";}','a:2:{i:0;a:3:{i:0;s:25:\"administer CiviCRM system\";i:1;s:23:\"administer CiviCRM data\";i:2;s:14:\"access CiviCRM\";}i:1;s:3:\"and\";}','s:26:\"CRM_Friend_Form_Contribute\";',NULL,'a:3:{i:0;a:2:{s:5:\"title\";s:7:\"CiviCRM\";s:3:\"url\";s:16:\"/civicrm?reset=1\";}i:1;a:2:{s:5:\"title\";s:10:\"Administer\";s:3:\"url\";s:22:\"/civicrm/admin?reset=1\";}i:2;a:2:{s:5:\"title\";s:25:\"Manage Contribution Pages\";s:3:\"url\";s:33:\"/civicrm/admin/contribute?reset=1\";}}',NULL,NULL,NULL,1,0,1,1,440,1,0,0,'a:0:{}'),
 (319,1,'civicrm/admin/contribute/widget',NULL,'Configure Widget','a:2:{i:0;s:19:\"CRM_Core_Permission\";i:1;s:9:\"checkMenu\";}','a:2:{i:0;a:3:{i:0;s:25:\"administer CiviCRM system\";i:1;s:23:\"administer CiviCRM data\";i:2;s:14:\"access CiviCRM\";}i:1;s:3:\"and\";}','s:43:\"CRM_Contribute_Form_ContributionPage_Widget\";',NULL,'a:3:{i:0;a:2:{s:5:\"title\";s:7:\"CiviCRM\";s:3:\"url\";s:16:\"/civicrm?reset=1\";}i:1;a:2:{s:5:\"title\";s:10:\"Administer\";s:3:\"url\";s:22:\"/civicrm/admin?reset=1\";}i:2;a:2:{s:5:\"title\";s:25:\"Manage Contribution Pages\";s:3:\"url\";s:33:\"/civicrm/admin/contribute?reset=1\";}}',NULL,NULL,NULL,1,0,1,1,460,1,0,0,'a:0:{}'),
 (320,1,'civicrm/admin/contribute/premium',NULL,'Premiums','a:2:{i:0;s:19:\"CRM_Core_Permission\";i:1;s:9:\"checkMenu\";}','a:2:{i:0;a:3:{i:0;s:25:\"administer CiviCRM system\";i:1;s:23:\"administer CiviCRM data\";i:2;s:14:\"access CiviCRM\";}i:1;s:3:\"and\";}','s:44:\"CRM_Contribute_Form_ContributionPage_Premium\";',NULL,'a:3:{i:0;a:2:{s:5:\"title\";s:7:\"CiviCRM\";s:3:\"url\";s:16:\"/civicrm?reset=1\";}i:1;a:2:{s:5:\"title\";s:10:\"Administer\";s:3:\"url\";s:22:\"/civicrm/admin?reset=1\";}i:2;a:2:{s:5:\"title\";s:25:\"Manage Contribution Pages\";s:3:\"url\";s:33:\"/civicrm/admin/contribute?reset=1\";}}',NULL,NULL,NULL,1,0,1,1,470,1,0,0,'a:0:{}'),
 (321,1,'civicrm/admin/contribute/addProductToPage',NULL,'Add Products to This Page','a:2:{i:0;s:19:\"CRM_Core_Permission\";i:1;s:9:\"checkMenu\";}','a:2:{i:0;a:3:{i:0;s:25:\"administer CiviCRM system\";i:1;s:23:\"administer CiviCRM data\";i:2;s:14:\"access CiviCRM\";}i:1;s:3:\"and\";}','s:47:\"CRM_Contribute_Form_ContributionPage_AddProduct\";',NULL,'a:3:{i:0;a:2:{s:5:\"title\";s:7:\"CiviCRM\";s:3:\"url\";s:16:\"/civicrm?reset=1\";}i:1;a:2:{s:5:\"title\";s:10:\"Administer\";s:3:\"url\";s:22:\"/civicrm/admin?reset=1\";}i:2;a:2:{s:5:\"title\";s:25:\"Manage Contribution Pages\";s:3:\"url\";s:33:\"/civicrm/admin/contribute?reset=1\";}}',NULL,NULL,NULL,1,0,1,1,480,1,0,0,'a:0:{}'),
 (322,1,'civicrm/admin/contribute/add','action=add','New Contribution Page','a:2:{i:0;s:19:\"CRM_Core_Permission\";i:1;s:9:\"checkMenu\";}','a:2:{i:0;a:3:{i:0;s:25:\"administer CiviCRM system\";i:1;s:23:\"administer CiviCRM data\";i:2;s:14:\"access CiviCRM\";}i:1;s:3:\"and\";}','s:42:\"CRM_Contribute_Controller_ContributionPage\";',NULL,'a:3:{i:0;a:2:{s:5:\"title\";s:7:\"CiviCRM\";s:3:\"url\";s:16:\"/civicrm?reset=1\";}i:1;a:2:{s:5:\"title\";s:10:\"Administer\";s:3:\"url\";s:22:\"/civicrm/admin?reset=1\";}i:2;a:2:{s:5:\"title\";s:25:\"Manage Contribution Pages\";s:3:\"url\";s:33:\"/civicrm/admin/contribute?reset=1\";}}',NULL,NULL,NULL,1,0,1,1,1,1,0,0,'a:0:{}'),
 (323,1,'civicrm/admin/contribute/managePremiums',NULL,'Manage Premiums','a:2:{i:0;s:19:\"CRM_Core_Permission\";i:1;s:9:\"checkMenu\";}','a:2:{i:0;a:3:{i:0;s:25:\"administer CiviCRM system\";i:1;s:23:\"administer CiviCRM data\";i:2;s:14:\"access CiviCRM\";}i:1;s:3:\"and\";}','s:34:\"CRM_Contribute_Page_ManagePremiums\";',NULL,'a:3:{i:0;a:2:{s:5:\"title\";s:7:\"CiviCRM\";s:3:\"url\";s:16:\"/civicrm?reset=1\";}i:1;a:2:{s:5:\"title\";s:10:\"Administer\";s:3:\"url\";s:22:\"/civicrm/admin?reset=1\";}i:2;a:2:{s:5:\"title\";s:25:\"Manage Contribution Pages\";s:3:\"url\";s:33:\"/civicrm/admin/contribute?reset=1\";}}',NULL,NULL,NULL,1,0,1,1,365,1,0,0,'a:2:{s:4:\"desc\";s:175:\"CiviContribute allows you to configure any number of Premiums which can be offered to contributors as incentives / thank-you gifts. Define the premiums you want to offer here.\";s:10:\"adminGroup\";s:14:\"CiviContribute\";}'),
 (324,1,'civicrm/admin/contribute/managePremiums/edit',NULL,'Manage Premiums','a:2:{i:0;s:19:\"CRM_Core_Permission\";i:1;s:9:\"checkMenu\";}','a:2:{i:0;a:3:{i:0;s:25:\"administer CiviCRM system\";i:1;s:23:\"administer CiviCRM data\";i:2;s:14:\"access CiviCRM\";}i:1;s:3:\"and\";}','s:34:\"CRM_Contribute_Form_ManagePremiums\";',NULL,'a:4:{i:0;a:2:{s:5:\"title\";s:7:\"CiviCRM\";s:3:\"url\";s:16:\"/civicrm?reset=1\";}i:1;a:2:{s:5:\"title\";s:10:\"Administer\";s:3:\"url\";s:22:\"/civicrm/admin?reset=1\";}i:2;a:2:{s:5:\"title\";s:25:\"Manage Contribution Pages\";s:3:\"url\";s:33:\"/civicrm/admin/contribute?reset=1\";}i:3;a:2:{s:5:\"title\";s:15:\"Manage Premiums\";s:3:\"url\";s:48:\"/civicrm/admin/contribute/managePremiums?reset=1\";}}',NULL,NULL,NULL,1,0,1,1,1,1,0,0,'a:0:{}'),
 (325,1,'civicrm/admin/financial/financialType',NULL,'Financial Types','a:2:{i:0;s:19:\"CRM_Core_Permission\";i:1;s:9:\"checkMenu\";}','a:2:{i:0;a:3:{i:0;s:25:\"administer CiviCRM system\";i:1;s:23:\"administer CiviCRM data\";i:2;s:14:\"access CiviCRM\";}i:1;s:3:\"and\";}','s:32:\"CRM_Financial_Page_FinancialType\";',NULL,'a:2:{i:0;a:2:{s:5:\"title\";s:7:\"CiviCRM\";s:3:\"url\";s:16:\"/civicrm?reset=1\";}i:1;a:2:{s:5:\"title\";s:10:\"Administer\";s:3:\"url\";s:22:\"/civicrm/admin?reset=1\";}}',NULL,NULL,NULL,1,0,1,1,580,1,0,0,'a:2:{s:4:\"desc\";s:64:\"Formerly civicrm_contribution_type merged into this table in 4.1\";s:10:\"adminGroup\";s:14:\"CiviContribute\";}'),
 (326,1,'civicrm/admin/financial/financialType/edit',NULL,'Edit Financial Type','a:2:{i:0;s:19:\"CRM_Core_Permission\";i:1;s:9:\"checkMenu\";}','a:2:{i:0;a:3:{i:0;s:25:\"administer CiviCRM system\";i:1;s:23:\"administer CiviCRM data\";i:2;s:14:\"access CiviCRM\";}i:1;s:3:\"and\";}','s:32:\"CRM_Financial_Form_FinancialType\";',NULL,'a:3:{i:0;a:2:{s:5:\"title\";s:7:\"CiviCRM\";s:3:\"url\";s:16:\"/civicrm?reset=1\";}i:1;a:2:{s:5:\"title\";s:10:\"Administer\";s:3:\"url\";s:22:\"/civicrm/admin?reset=1\";}i:2;a:2:{s:5:\"title\";s:15:\"Financial Types\";s:3:\"url\";s:46:\"/civicrm/admin/financial/financialType?reset=1\";}}',NULL,NULL,NULL,1,0,1,1,1,1,0,0,'a:0:{}'),
 (327,1,'civicrm/payment','action=add','New Payment','a:2:{i:0;s:19:\"CRM_Core_Permission\";i:1;s:9:\"checkMenu\";}','a:2:{i:0;a:1:{i:0;s:21:\"access CiviContribute\";}i:1;s:3:\"and\";}','s:37:\"CRM_Contribute_Form_AdditionalPayment\";',NULL,'a:1:{i:0;a:2:{s:5:\"title\";s:7:\"CiviCRM\";s:3:\"url\";s:16:\"/civicrm?reset=1\";}}',NULL,NULL,2,1,0,1,0,1,1,1,0,'a:1:{s:9:\"component\";s:14:\"CiviContribute\";}'),
 (328,1,'civicrm/admin/financial/financialAccount',NULL,'Financial Accounts','a:2:{i:0;s:19:\"CRM_Core_Permission\";i:1;s:9:\"checkMenu\";}','a:2:{i:0;a:3:{i:0;s:25:\"administer CiviCRM system\";i:1;s:23:\"administer CiviCRM data\";i:2;s:14:\"access CiviCRM\";}i:1;s:3:\"and\";}','s:35:\"CRM_Financial_Page_FinancialAccount\";',NULL,'a:2:{i:0;a:2:{s:5:\"title\";s:7:\"CiviCRM\";s:3:\"url\";s:16:\"/civicrm?reset=1\";}i:1;a:2:{s:5:\"title\";s:10:\"Administer\";s:3:\"url\";s:22:\"/civicrm/admin?reset=1\";}}',NULL,NULL,NULL,1,0,1,1,370,1,0,0,'a:2:{s:4:\"desc\";s:128:\"Financial types are used to categorize contributions for reporting and accounting purposes. These are also referred to as Funds.\";s:10:\"adminGroup\";s:14:\"CiviContribute\";}'),
 (329,1,'civicrm/admin/financial/financialAccount/edit',NULL,'Edit Financial Accounts','a:2:{i:0;s:19:\"CRM_Core_Permission\";i:1;s:9:\"checkMenu\";}','a:2:{i:0;a:3:{i:0;s:25:\"administer CiviCRM system\";i:1;s:23:\"administer CiviCRM data\";i:2;s:14:\"access CiviCRM\";}i:1;s:3:\"and\";}','s:35:\"CRM_Financial_Form_FinancialAccount\";',NULL,'a:3:{i:0;a:2:{s:5:\"title\";s:7:\"CiviCRM\";s:3:\"url\";s:16:\"/civicrm?reset=1\";}i:1;a:2:{s:5:\"title\";s:10:\"Administer\";s:3:\"url\";s:22:\"/civicrm/admin?reset=1\";}i:2;a:2:{s:5:\"title\";s:18:\"Financial Accounts\";s:3:\"url\";s:49:\"/civicrm/admin/financial/financialAccount?reset=1\";}}',NULL,NULL,NULL,1,0,1,1,1,1,0,0,'a:0:{}'),
 (330,1,'civicrm/admin/options/payment_instrument',NULL,'Payment Methods','a:2:{i:0;s:19:\"CRM_Core_Permission\";i:1;s:9:\"checkMenu\";}','a:2:{i:0;a:3:{i:0;s:25:\"administer CiviCRM system\";i:1;s:23:\"administer CiviCRM data\";i:2;s:14:\"access CiviCRM\";}i:1;s:3:\"and\";}','s:22:\"CRM_Admin_Page_Options\";',NULL,'a:3:{i:0;a:2:{s:5:\"title\";s:7:\"CiviCRM\";s:3:\"url\";s:16:\"/civicrm?reset=1\";}i:1;a:2:{s:5:\"title\";s:10:\"Administer\";s:3:\"url\";s:22:\"/civicrm/admin?reset=1\";}i:2;a:2:{s:5:\"title\";s:13:\"Option Groups\";s:3:\"url\";s:30:\"/civicrm/admin/options?reset=1\";}}',NULL,NULL,NULL,1,0,1,1,380,1,0,0,'a:2:{s:4:\"desc\";s:224:\"You may choose to record the payment instrument used for each contribution. Common payment methods are installed by default (e.g. Check, Cash, Credit Card...). If your site requires additional payment methods, add them here.\";s:10:\"adminGroup\";s:14:\"CiviContribute\";}'),
 (331,1,'civicrm/admin/options/accept_creditcard',NULL,'Accepted Credit Cards','a:2:{i:0;s:19:\"CRM_Core_Permission\";i:1;s:9:\"checkMenu\";}','a:2:{i:0;a:3:{i:0;s:25:\"administer CiviCRM system\";i:1;s:23:\"administer CiviCRM data\";i:2;s:14:\"access CiviCRM\";}i:1;s:3:\"and\";}','s:22:\"CRM_Admin_Page_Options\";',NULL,'a:3:{i:0;a:2:{s:5:\"title\";s:7:\"CiviCRM\";s:3:\"url\";s:16:\"/civicrm?reset=1\";}i:1;a:2:{s:5:\"title\";s:10:\"Administer\";s:3:\"url\";s:22:\"/civicrm/admin?reset=1\";}i:2;a:2:{s:5:\"title\";s:13:\"Option Groups\";s:3:\"url\";s:30:\"/civicrm/admin/options?reset=1\";}}',NULL,NULL,NULL,1,0,1,1,395,1,0,0,'a:2:{s:4:\"desc\";s:94:\"Credit card options that will be offered to contributors using your Online Contribution pages.\";s:10:\"adminGroup\";s:14:\"CiviContribute\";}'),
 (332,1,'civicrm/admin/options/soft_credit_type',NULL,'Soft Credit Types','a:2:{i:0;s:19:\"CRM_Core_Permission\";i:1;s:9:\"checkMenu\";}','a:2:{i:0;a:3:{i:0;s:25:\"administer CiviCRM system\";i:1;s:23:\"administer CiviCRM data\";i:2;s:14:\"access CiviCRM\";}i:1;s:3:\"and\";}','s:22:\"CRM_Admin_Page_Options\";',NULL,'a:3:{i:0;a:2:{s:5:\"title\";s:7:\"CiviCRM\";s:3:\"url\";s:16:\"/civicrm?reset=1\";}i:1;a:2:{s:5:\"title\";s:10:\"Administer\";s:3:\"url\";s:22:\"/civicrm/admin?reset=1\";}i:2;a:2:{s:5:\"title\";s:13:\"Option Groups\";s:3:\"url\";s:30:\"/civicrm/admin/options?reset=1\";}}',NULL,NULL,NULL,1,0,1,1,1,1,0,0,'a:2:{s:4:\"desc\";s:86:\"Soft Credit Types that will be offered to contributors during soft credit contribution\";s:10:\"adminGroup\";s:14:\"CiviContribute\";}'),
 (333,1,'civicrm/contact/view/contribution',NULL,'Contributions','a:2:{i:0;s:19:\"CRM_Core_Permission\";i:1;s:9:\"checkMenu\";}','a:2:{i:0;a:3:{i:0;s:14:\"access CiviCRM\";i:1;s:15:\"edit my contact\";i:2;s:15:\"view my contact\";}i:1;s:2:\"or\";}','s:23:\"CRM_Contribute_Page_Tab\";',NULL,'a:2:{i:0;a:2:{s:5:\"title\";s:7:\"CiviCRM\";s:3:\"url\";s:16:\"/civicrm?reset=1\";}i:1;a:2:{s:5:\"title\";s:15:\"Contact Summary\";s:3:\"url\";s:45:\"/civicrm/contact/view?reset=1&amp;cid=%%cid%%\";}}',NULL,NULL,NULL,1,0,1,0,1,1,0,0,'a:0:{}'),
 (334,1,'civicrm/contact/view/contributionrecur',NULL,'Recurring Contributions','a:2:{i:0;s:19:\"CRM_Core_Permission\";i:1;s:9:\"checkMenu\";}','a:2:{i:0;a:3:{i:0;s:14:\"access CiviCRM\";i:1;s:15:\"edit my contact\";i:2;s:15:\"view my contact\";}i:1;s:2:\"or\";}','s:37:\"CRM_Contribute_Page_ContributionRecur\";',NULL,'a:2:{i:0;a:2:{s:5:\"title\";s:7:\"CiviCRM\";s:3:\"url\";s:16:\"/civicrm?reset=1\";}i:1;a:2:{s:5:\"title\";s:15:\"Contact Summary\";s:3:\"url\";s:45:\"/civicrm/contact/view?reset=1&amp;cid=%%cid%%\";}}',NULL,NULL,NULL,1,0,1,0,1,1,0,0,'a:0:{}'),
 (335,1,'civicrm/contact/view/contribution/additionalinfo',NULL,'Additional Info','a:2:{i:0;s:19:\"CRM_Core_Permission\";i:1;s:9:\"checkMenu\";}','a:2:{i:0;a:3:{i:0;s:14:\"access CiviCRM\";i:1;s:15:\"edit my contact\";i:2;s:15:\"view my contact\";}i:1;s:2:\"or\";}','s:34:\"CRM_Contribute_Form_AdditionalInfo\";',NULL,'a:3:{i:0;a:2:{s:5:\"title\";s:7:\"CiviCRM\";s:3:\"url\";s:16:\"/civicrm?reset=1\";}i:1;a:2:{s:5:\"title\";s:15:\"Contact Summary\";s:3:\"url\";s:45:\"/civicrm/contact/view?reset=1&amp;cid=%%cid%%\";}i:2;a:2:{s:5:\"title\";s:13:\"Contributions\";s:3:\"url\";s:42:\"/civicrm/contact/view/contribution?reset=1\";}}',NULL,NULL,NULL,1,0,1,0,1,1,0,0,'a:0:{}'),
 (336,1,'civicrm/contribute/search',NULL,'Find Contributions','a:2:{i:0;s:19:\"CRM_Core_Permission\";i:1;s:9:\"checkMenu\";}','a:2:{i:0;a:1:{i:0;s:21:\"access CiviContribute\";}i:1;s:3:\"and\";}','s:32:\"CRM_Contribute_Controller_Search\";',NULL,'a:2:{i:0;a:2:{s:5:\"title\";s:7:\"CiviCRM\";s:3:\"url\";s:16:\"/civicrm?reset=1\";}i:1;a:2:{s:5:\"title\";s:24:\"CiviContribute Dashboard\";s:3:\"url\";s:27:\"/civicrm/contribute?reset=1\";}}',NULL,NULL,2,1,0,1,0,510,1,1,0,'a:0:{}'),
 (337,1,'civicrm/contribute/searchBatch',NULL,NULL,'a:2:{i:0;s:19:\"CRM_Core_Permission\";i:1;s:9:\"checkMenu\";}','a:2:{i:0;a:1:{i:0;s:21:\"access CiviContribute\";}i:1;s:3:\"and\";}','s:37:\"CRM_Contribute_Controller_SearchBatch\";',NULL,'a:2:{i:0;a:2:{s:5:\"title\";s:7:\"CiviCRM\";s:3:\"url\";s:16:\"/civicrm?reset=1\";}i:1;a:2:{s:5:\"title\";s:24:\"CiviContribute Dashboard\";s:3:\"url\";s:27:\"/civicrm/contribute?reset=1\";}}',NULL,NULL,2,1,0,1,0,588,1,1,0,'a:0:{}'),
 (338,1,'civicrm/admin/contribute/manage',NULL,'Manage Contribution Pages','a:2:{i:0;s:19:\"CRM_Core_Permission\";i:1;s:9:\"checkMenu\";}','a:2:{i:0;a:2:{i:0;s:18:\"administer CiviCRM\";i:1;s:21:\"access CiviContribute\";}i:1;s:3:\"and\";}','s:36:\"CRM_Contribute_Page_ContributionPage\";',NULL,'a:3:{i:0;a:2:{s:5:\"title\";s:7:\"CiviCRM\";s:3:\"url\";s:16:\"/civicrm?reset=1\";}i:1;a:2:{s:5:\"title\";s:10:\"Administer\";s:3:\"url\";s:22:\"/civicrm/admin?reset=1\";}i:2;a:2:{s:5:\"title\";s:25:\"Manage Contribution Pages\";s:3:\"url\";s:33:\"/civicrm/admin/contribute?reset=1\";}}',NULL,NULL,NULL,1,0,1,1,530,1,1,0,'a:0:{}'),
 (339,1,'civicrm/contribute/additionalinfo',NULL,'AdditionalInfo Form','a:2:{i:0;s:19:\"CRM_Core_Permission\";i:1;s:9:\"checkMenu\";}','a:2:{i:0;a:1:{i:0;s:21:\"access CiviContribute\";}i:1;s:3:\"and\";}','s:34:\"CRM_Contribute_Form_AdditionalInfo\";',NULL,'a:2:{i:0;a:2:{s:5:\"title\";s:7:\"CiviCRM\";s:3:\"url\";s:16:\"/civicrm?reset=1\";}i:1;a:2:{s:5:\"title\";s:24:\"CiviContribute Dashboard\";s:3:\"url\";s:27:\"/civicrm/contribute?reset=1\";}}',NULL,NULL,2,1,0,1,0,0,1,0,0,'a:0:{}'),
 (340,1,'civicrm/ajax/permlocation',NULL,NULL,'a:2:{i:0;s:19:\"CRM_Core_Permission\";i:1;s:9:\"checkMenu\";}','a:2:{i:0;a:1:{i:0;s:25:\"make online contributions\";}i:1;s:3:\"and\";}','a:2:{i:0;s:27:\"CRM_Core_Page_AJAX_Location\";i:1;s:23:\"getPermissionedLocation\";}',NULL,'a:1:{i:0;a:2:{s:5:\"title\";s:7:\"CiviCRM\";s:3:\"url\";s:16:\"/civicrm?reset=1\";}}',NULL,NULL,NULL,1,0,1,0,1,1,0,0,'a:0:{}'),
 (341,1,'civicrm/contribute/unsubscribe',NULL,'Cancel Subscription','a:2:{i:0;s:19:\"CRM_Core_Permission\";i:1;s:9:\"checkMenu\";}','a:2:{i:0;a:1:{i:0;s:25:\"make online contributions\";}i:1;s:3:\"and\";}','s:38:\"CRM_Contribute_Form_CancelSubscription\";',NULL,'a:2:{i:0;a:2:{s:5:\"title\";s:7:\"CiviCRM\";s:3:\"url\";s:16:\"/civicrm?reset=1\";}i:1;a:2:{s:5:\"title\";s:24:\"CiviContribute Dashboard\";s:3:\"url\";s:27:\"/civicrm/contribute?reset=1\";}}',NULL,NULL,2,1,0,1,0,1,1,0,0,'a:0:{}'),
 (342,1,'civicrm/contribute/onbehalf',NULL,NULL,'a:2:{i:0;s:19:\"CRM_Core_Permission\";i:1;s:9:\"checkMenu\";}','a:2:{i:0;a:1:{i:0;s:25:\"make online contributions\";}i:1;s:3:\"and\";}','s:43:\"CRM_Contribute_Form_Contribution_OnBehalfOf\";',NULL,'a:2:{i:0;a:2:{s:5:\"title\";s:7:\"CiviCRM\";s:3:\"url\";s:16:\"/civicrm?reset=1\";}i:1;a:2:{s:5:\"title\";s:24:\"CiviContribute Dashboard\";s:3:\"url\";s:27:\"/civicrm/contribute?reset=1\";}}',NULL,NULL,2,1,0,1,0,1,1,0,0,'a:0:{}'),
 (343,1,'civicrm/contribute/updatebilling',NULL,'Update Billing Details','a:2:{i:0;s:19:\"CRM_Core_Permission\";i:1;s:9:\"checkMenu\";}','a:2:{i:0;a:1:{i:0;s:25:\"make online contributions\";}i:1;s:3:\"and\";}','s:33:\"CRM_Contribute_Form_UpdateBilling\";',NULL,'a:2:{i:0;a:2:{s:5:\"title\";s:7:\"CiviCRM\";s:3:\"url\";s:16:\"/civicrm?reset=1\";}i:1;a:2:{s:5:\"title\";s:24:\"CiviContribute Dashboard\";s:3:\"url\";s:27:\"/civicrm/contribute?reset=1\";}}',NULL,NULL,2,1,0,1,0,1,1,0,0,'a:0:{}'),
 (344,1,'civicrm/contribute/updaterecur',NULL,'Update Subscription','a:2:{i:0;s:19:\"CRM_Core_Permission\";i:1;s:9:\"checkMenu\";}','a:2:{i:0;a:1:{i:0;s:25:\"make online contributions\";}i:1;s:3:\"and\";}','s:38:\"CRM_Contribute_Form_UpdateSubscription\";',NULL,'a:2:{i:0;a:2:{s:5:\"title\";s:7:\"CiviCRM\";s:3:\"url\";s:16:\"/civicrm?reset=1\";}i:1;a:2:{s:5:\"title\";s:24:\"CiviContribute Dashboard\";s:3:\"url\";s:27:\"/civicrm/contribute?reset=1\";}}',NULL,NULL,2,1,0,1,0,1,1,0,0,'a:0:{}'),
 (345,1,'civicrm/contribute/subscriptionstatus',NULL,NULL,'a:2:{i:0;s:19:\"CRM_Core_Permission\";i:1;s:9:\"checkMenu\";}','a:2:{i:0;a:1:{i:0;s:25:\"make online contributions\";}i:1;s:3:\"and\";}','s:38:\"CRM_Contribute_Page_SubscriptionStatus\";',NULL,'a:2:{i:0;a:2:{s:5:\"title\";s:7:\"CiviCRM\";s:3:\"url\";s:16:\"/civicrm?reset=1\";}i:1;a:2:{s:5:\"title\";s:24:\"CiviContribute Dashboard\";s:3:\"url\";s:27:\"/civicrm/contribute?reset=1\";}}',NULL,NULL,2,1,0,1,0,1,1,0,0,'a:0:{}'),
 (346,1,'civicrm/admin/financial/financialType/accounts',NULL,'Financial Type Accounts','a:2:{i:0;s:19:\"CRM_Core_Permission\";i:1;s:9:\"checkMenu\";}','a:2:{i:0;a:3:{i:0;s:25:\"administer CiviCRM system\";i:1;s:23:\"administer CiviCRM data\";i:2;s:14:\"access CiviCRM\";}i:1;s:3:\"and\";}','s:39:\"CRM_Financial_Page_FinancialTypeAccount\";',NULL,'a:3:{i:0;a:2:{s:5:\"title\";s:7:\"CiviCRM\";s:3:\"url\";s:16:\"/civicrm?reset=1\";}i:1;a:2:{s:5:\"title\";s:10:\"Administer\";s:3:\"url\";s:22:\"/civicrm/admin?reset=1\";}i:2;a:2:{s:5:\"title\";s:15:\"Financial Types\";s:3:\"url\";s:46:\"/civicrm/admin/financial/financialType?reset=1\";}}',NULL,NULL,NULL,1,0,1,1,581,1,0,0,'a:0:{}'),
 (347,1,'civicrm/financial/batch',NULL,'Accounting Batch','a:2:{i:0;s:19:\"CRM_Core_Permission\";i:1;s:9:\"checkMenu\";}','a:2:{i:0;a:1:{i:0;s:19:\"create manual batch\";}i:1;s:3:\"and\";}','s:33:\"CRM_Financial_Page_FinancialBatch\";',NULL,'a:1:{i:0;a:2:{s:5:\"title\";s:7:\"CiviCRM\";s:3:\"url\";s:16:\"/civicrm?reset=1\";}}',NULL,NULL,NULL,1,0,1,0,585,1,0,0,'a:0:{}'),
 (348,1,'civicrm/financial/financialbatches',NULL,'Accounting Batches','a:2:{i:0;s:19:\"CRM_Core_Permission\";i:1;s:9:\"checkMenu\";}','a:2:{i:0;a:1:{i:0;s:14:\"access CiviCRM\";}i:1;s:3:\"and\";}','s:24:\"CRM_Financial_Page_Batch\";',NULL,'a:1:{i:0;a:2:{s:5:\"title\";s:7:\"CiviCRM\";s:3:\"url\";s:16:\"/civicrm?reset=1\";}}',NULL,NULL,NULL,1,0,1,0,586,1,0,0,'a:0:{}'),
 (349,1,'civicrm/batchtransaction',NULL,'Accounting Batch','a:2:{i:0;s:19:\"CRM_Core_Permission\";i:1;s:9:\"checkMenu\";}','a:2:{i:0;a:1:{i:0;s:14:\"access CiviCRM\";}i:1;s:3:\"and\";}','s:35:\"CRM_Financial_Page_BatchTransaction\";',NULL,'a:1:{i:0;a:2:{s:5:\"title\";s:7:\"CiviCRM\";s:3:\"url\";s:16:\"/civicrm?reset=1\";}}',NULL,NULL,NULL,1,0,1,0,600,1,0,0,'a:0:{}'),
 (350,1,'civicrm/financial/batch/export',NULL,'Accounting Batch Export','a:2:{i:0;s:19:\"CRM_Core_Permission\";i:1;s:9:\"checkMenu\";}','a:2:{i:0;a:1:{i:0;s:19:\"create manual batch\";}i:1;s:3:\"and\";}','s:25:\"CRM_Financial_Form_Export\";',NULL,'a:2:{i:0;a:2:{s:5:\"title\";s:7:\"CiviCRM\";s:3:\"url\";s:16:\"/civicrm?reset=1\";}i:1;a:2:{s:5:\"title\";s:16:\"Accounting Batch\";s:3:\"url\";s:32:\"/civicrm/financial/batch?reset=1\";}}',NULL,NULL,NULL,1,0,1,0,610,1,0,0,'a:0:{}'),
 (351,1,'civicrm/payment/view','action=view','View Payment','a:2:{i:0;s:19:\"CRM_Core_Permission\";i:1;s:9:\"checkMenu\";}','a:2:{i:0;a:1:{i:0;s:21:\"access CiviContribute\";}i:1;s:3:\"and\";}','s:31:\"CRM_Contribute_Page_PaymentInfo\";',NULL,'a:2:{i:0;a:2:{s:5:\"title\";s:7:\"CiviCRM\";s:3:\"url\";s:16:\"/civicrm?reset=1\";}i:1;a:2:{s:5:\"title\";s:11:\"New Payment\";s:3:\"url\";s:39:\"/civicrm/payment?reset=1&amp;action=add\";}}',NULL,NULL,2,1,0,1,0,1,1,1,0,'a:1:{s:9:\"component\";s:14:\"CiviContribute\";}'),
 (352,1,'civicrm/admin/setting/preferences/contribute',NULL,'CiviContribute Component Settings','a:2:{i:0;s:19:\"CRM_Core_Permission\";i:1;s:9:\"checkMenu\";}','a:2:{i:0;a:2:{i:0;s:21:\"access CiviContribute\";i:1;s:18:\"administer CiviCRM\";}i:1;s:3:\"and\";}','s:37:\"CRM_Admin_Form_Preferences_Contribute\";',NULL,'a:2:{i:0;a:2:{s:5:\"title\";s:7:\"CiviCRM\";s:3:\"url\";s:16:\"/civicrm?reset=1\";}i:1;a:2:{s:5:\"title\";s:10:\"Administer\";s:3:\"url\";s:22:\"/civicrm/admin?reset=1\";}}',NULL,NULL,NULL,1,0,1,1,1,1,0,0,'a:2:{s:4:\"desc\";s:42:\"Configure global CiviContribute behaviors.\";s:10:\"adminGroup\";s:14:\"CiviContribute\";}'),
 (353,1,'civicrm/contribute/invoice',NULL,'PDF Invoice','a:2:{i:0;s:19:\"CRM_Core_Permission\";i:1;s:20:\"checkDownloadInvoice\";}','a:2:{i:0;a:1:{i:0;s:21:\"access CiviContribute\";}i:1;s:3:\"and\";}','a:2:{i:0;s:32:\"CRM_Contribute_Form_Task_Invoice\";i:1;s:11:\"getPrintPDF\";}',NULL,'a:2:{i:0;a:2:{s:5:\"title\";s:7:\"CiviCRM\";s:3:\"url\";s:16:\"/civicrm?reset=1\";}i:1;a:2:{s:5:\"title\";s:24:\"CiviContribute Dashboard\";s:3:\"url\";s:27:\"/civicrm/contribute?reset=1\";}}',NULL,NULL,2,1,0,1,0,620,1,1,0,'a:1:{s:9:\"component\";s:14:\"CiviContribute\";}'),
 (354,1,'civicrm/contribute/invoice/email',NULL,'Email Invoice','a:2:{i:0;s:19:\"CRM_Core_Permission\";i:1;s:20:\"checkDownloadInvoice\";}','a:2:{i:0;a:1:{i:0;s:21:\"access CiviContribute\";}i:1;s:3:\"and\";}','s:32:\"CRM_Contribute_Form_Task_Invoice\";',NULL,'a:3:{i:0;a:2:{s:5:\"title\";s:7:\"CiviCRM\";s:3:\"url\";s:16:\"/civicrm?reset=1\";}i:1;a:2:{s:5:\"title\";s:24:\"CiviContribute Dashboard\";s:3:\"url\";s:27:\"/civicrm/contribute?reset=1\";}i:2;a:2:{s:5:\"title\";s:11:\"PDF Invoice\";s:3:\"url\";s:35:\"/civicrm/contribute/invoice?reset=1\";}}',NULL,NULL,2,1,0,1,0,630,1,1,0,'a:1:{s:9:\"component\";s:14:\"CiviContribute\";}'),
 (355,1,'civicrm/ajax/softcontributionlist',NULL,NULL,'a:2:{i:0;s:19:\"CRM_Core_Permission\";i:1;s:9:\"checkMenu\";}','a:2:{i:0;a:1:{i:0;s:14:\"access CiviCRM\";}i:1;s:3:\"and\";}','a:2:{i:0;s:24:\"CRM_Contribute_Page_AJAX\";i:1;s:23:\"getSoftContributionRows\";}',NULL,'a:1:{i:0;a:2:{s:5:\"title\";s:7:\"CiviCRM\";s:3:\"url\";s:16:\"/civicrm?reset=1\";}}',NULL,NULL,NULL,1,0,1,0,1,1,0,0,'a:0:{}'),
 (356,1,'civicrm/contribute/contributionrecur-payments',NULL,'Recurring Contribution\'s Payments','a:2:{i:0;s:19:\"CRM_Core_Permission\";i:1;s:9:\"checkMenu\";}','a:2:{i:0;a:1:{i:0;s:21:\"access CiviContribute\";}i:1;s:3:\"and\";}','s:45:\"CRM_Contribute_Page_ContributionRecurPayments\";',NULL,'a:2:{i:0;a:2:{s:5:\"title\";s:7:\"CiviCRM\";s:3:\"url\";s:16:\"/civicrm?reset=1\";}i:1;a:2:{s:5:\"title\";s:24:\"CiviContribute Dashboard\";s:3:\"url\";s:27:\"/civicrm/contribute?reset=1\";}}',NULL,NULL,2,1,0,1,0,1,1,0,0,'a:0:{}'),
 (357,1,'civicrm/membership/recurring-contributions',NULL,'Membership Recurring Contributions','a:2:{i:0;s:19:\"CRM_Core_Permission\";i:1;s:9:\"checkMenu\";}','a:2:{i:0;a:1:{i:0;s:21:\"access CiviContribute\";}i:1;s:3:\"and\";}','s:38:\"CRM_Member_Page_RecurringContributions\";',NULL,'a:1:{i:0;a:2:{s:5:\"title\";s:7:\"CiviCRM\";s:3:\"url\";s:16:\"/civicrm?reset=1\";}}',NULL,NULL,NULL,1,0,1,0,1,1,0,0,'a:0:{}'),
 (358,1,'civicrm/contribute/widget',NULL,'CiviContribute','s:1:\"1\";','a:2:{i:0;a:1:{i:0;s:21:\"access CiviContribute\";}i:1;s:3:\"and\";}','s:26:\"CRM_Contribute_Page_Widget\";',NULL,'a:2:{i:0;a:2:{s:5:\"title\";s:7:\"CiviCRM\";s:3:\"url\";s:16:\"/civicrm?reset=1\";}i:1;a:2:{s:5:\"title\";s:24:\"CiviContribute Dashboard\";s:3:\"url\";s:27:\"/civicrm/contribute?reset=1\";}}',NULL,NULL,2,1,1,1,0,0,1,0,0,'a:0:{}'),
 (359,1,'civicrm/contribute/task',NULL,'Contribution Task','a:2:{i:0;s:19:\"CRM_Core_Permission\";i:1;s:9:\"checkMenu\";}','a:2:{i:0;a:1:{i:0;s:21:\"access CiviContribute\";}i:1;s:3:\"and\";}','s:30:\"CRM_Contribute_Controller_Task\";',NULL,'a:2:{i:0;a:2:{s:5:\"title\";s:7:\"CiviCRM\";s:3:\"url\";s:16:\"/civicrm?reset=1\";}i:1;a:2:{s:5:\"title\";s:24:\"CiviContribute Dashboard\";s:3:\"url\";s:27:\"/civicrm/contribute?reset=1\";}}',NULL,NULL,2,1,0,1,0,1,1,0,0,'a:0:{}'),
 (360,1,'civicrm/member',NULL,'CiviMember Dashboard','a:2:{i:0;s:19:\"CRM_Core_Permission\";i:1;s:9:\"checkMenu\";}','a:2:{i:0;a:1:{i:0;s:17:\"access CiviMember\";}i:1;s:3:\"and\";}','s:25:\"CRM_Member_Page_DashBoard\";',NULL,'a:1:{i:0;a:2:{s:5:\"title\";s:7:\"CiviCRM\";s:3:\"url\";s:16:\"/civicrm?reset=1\";}}',NULL,NULL,3,1,0,1,0,700,1,1,0,'a:1:{s:9:\"component\";s:10:\"CiviMember\";}'),
 (361,1,'civicrm/member/add','action=add','New Membership','a:2:{i:0;s:19:\"CRM_Core_Permission\";i:1;s:9:\"checkMenu\";}','a:2:{i:0;a:1:{i:0;s:17:\"access CiviMember\";}i:1;s:3:\"and\";}','s:19:\"CRM_Member_Page_Tab\";',NULL,'a:2:{i:0;a:2:{s:5:\"title\";s:7:\"CiviCRM\";s:3:\"url\";s:16:\"/civicrm?reset=1\";}i:1;a:2:{s:5:\"title\";s:20:\"CiviMember Dashboard\";s:3:\"url\";s:23:\"/civicrm/member?reset=1\";}}',NULL,NULL,3,1,0,1,0,1,1,0,0,'a:1:{s:9:\"component\";s:10:\"CiviMember\";}'),
 (362,1,'civicrm/admin/member/membershipType',NULL,'Membership Types','a:2:{i:0;s:19:\"CRM_Core_Permission\";i:1;s:9:\"checkMenu\";}','a:2:{i:0;a:3:{i:0;s:25:\"administer CiviCRM system\";i:1;s:23:\"administer CiviCRM data\";i:2;s:14:\"access CiviCRM\";}i:1;s:3:\"and\";}','s:30:\"CRM_Member_Page_MembershipType\";',NULL,'a:2:{i:0;a:2:{s:5:\"title\";s:7:\"CiviCRM\";s:3:\"url\";s:16:\"/civicrm?reset=1\";}i:1;a:2:{s:5:\"title\";s:10:\"Administer\";s:3:\"url\";s:22:\"/civicrm/admin?reset=1\";}}',NULL,NULL,NULL,1,0,1,1,370,1,0,0,'a:2:{s:4:\"desc\";s:174:\"Define the types of memberships you want to offer. For each type, you can specify a \'name\' (Gold Member, Honor Society Member...), a description, duration, and a minimum fee.\";s:10:\"adminGroup\";s:10:\"CiviMember\";}'),
 (363,1,'civicrm/admin/member/membershipStatus',NULL,'Membership Status Rules','a:2:{i:0;s:19:\"CRM_Core_Permission\";i:1;s:9:\"checkMenu\";}','a:2:{i:0;a:3:{i:0;s:25:\"administer CiviCRM system\";i:1;s:23:\"administer CiviCRM data\";i:2;s:14:\"access CiviCRM\";}i:1;s:3:\"and\";}','s:32:\"CRM_Member_Page_MembershipStatus\";',NULL,'a:2:{i:0;a:2:{s:5:\"title\";s:7:\"CiviCRM\";s:3:\"url\";s:16:\"/civicrm?reset=1\";}i:1;a:2:{s:5:\"title\";s:10:\"Administer\";s:3:\"url\";s:22:\"/civicrm/admin?reset=1\";}}',NULL,NULL,NULL,1,0,1,1,380,1,0,0,'a:2:{s:4:\"desc\";s:187:\"Status \'rules\' define the current status for a membership based on that membership\'s start and end dates. You can adjust the default status options and rules as needed to meet your needs.\";s:10:\"adminGroup\";s:10:\"CiviMember\";}'),
 (364,1,'civicrm/contact/view/membership','force=1,cid=%%cid%%','Memberships','a:2:{i:0;s:19:\"CRM_Core_Permission\";i:1;s:9:\"checkMenu\";}','a:2:{i:0;a:3:{i:0;s:14:\"access CiviCRM\";i:1;s:15:\"edit my contact\";i:2;s:15:\"view my contact\";}i:1;s:2:\"or\";}','s:19:\"CRM_Member_Page_Tab\";',NULL,'a:2:{i:0;a:2:{s:5:\"title\";s:7:\"CiviCRM\";s:3:\"url\";s:16:\"/civicrm?reset=1\";}i:1;a:2:{s:5:\"title\";s:15:\"Contact Summary\";s:3:\"url\";s:45:\"/civicrm/contact/view?reset=1&amp;cid=%%cid%%\";}}',NULL,NULL,NULL,1,0,1,0,2,1,0,0,'a:0:{}'),
 (365,1,'civicrm/membership/view',NULL,'Memberships','a:2:{i:0;s:19:\"CRM_Core_Permission\";i:1;s:9:\"checkMenu\";}','a:2:{i:0;a:1:{i:0;s:17:\"access CiviMember\";}i:1;s:3:\"and\";}','s:30:\"CRM_Member_Form_MembershipView\";',NULL,'a:1:{i:0;a:2:{s:5:\"title\";s:7:\"CiviCRM\";s:3:\"url\";s:16:\"/civicrm?reset=1\";}}',NULL,NULL,NULL,1,0,1,0,390,1,0,0,'a:0:{}'),
 (366,1,'civicrm/member/search',NULL,'Find Memberships','a:2:{i:0;s:19:\"CRM_Core_Permission\";i:1;s:9:\"checkMenu\";}','a:2:{i:0;a:1:{i:0;s:17:\"access CiviMember\";}i:1;s:3:\"and\";}','s:28:\"CRM_Member_Controller_Search\";',NULL,'a:2:{i:0;a:2:{s:5:\"title\";s:7:\"CiviCRM\";s:3:\"url\";s:16:\"/civicrm?reset=1\";}i:1;a:2:{s:5:\"title\";s:20:\"CiviMember Dashboard\";s:3:\"url\";s:23:\"/civicrm/member?reset=1\";}}',NULL,NULL,3,1,0,1,0,710,1,1,0,'a:0:{}'),
 (367,1,'civicrm/import/membership',NULL,'Import Memberships','a:2:{i:0;s:19:\"CRM_Core_Permission\";i:1;s:9:\"checkMenu\";}','a:2:{i:0;a:2:{i:0;s:17:\"access CiviMember\";i:1;s:16:\"edit memberships\";}i:1;s:3:\"and\";}','s:21:\"CRM_Import_Controller\";','s:20:\"entity_prefix=Member\";','a:2:{i:0;a:2:{s:5:\"title\";s:7:\"CiviCRM\";s:3:\"url\";s:16:\"/civicrm?reset=1\";}i:1;a:2:{s:5:\"title\";s:6:\"Import\";s:3:\"url\";s:23:\"/civicrm/import?reset=1\";}}',NULL,NULL,NULL,1,0,1,0,720,1,1,0,'a:0:{}'),
 (368,1,'civicrm/ajax/memType',NULL,NULL,'a:2:{i:0;s:19:\"CRM_Core_Permission\";i:1;s:9:\"checkMenu\";}','a:2:{i:0;a:2:{i:0;s:14:\"access CiviCRM\";i:1;s:17:\"access CiviMember\";}i:1;s:3:\"and\";}','a:2:{i:0;s:20:\"CRM_Member_Page_AJAX\";i:1;s:21:\"getMemberTypeDefaults\";}',NULL,'a:1:{i:0;a:2:{s:5:\"title\";s:7:\"CiviCRM\";s:3:\"url\";s:16:\"/civicrm?reset=1\";}}',NULL,NULL,NULL,1,0,1,0,1,1,0,0,'a:0:{}'),
 (369,1,'civicrm/admin/member/membershipType/add',NULL,'Membership Types','a:2:{i:0;s:19:\"CRM_Core_Permission\";i:1;s:9:\"checkMenu\";}','a:2:{i:0;a:2:{i:0;s:17:\"access CiviMember\";i:1;s:18:\"administer CiviCRM\";}i:1;s:3:\"and\";}','s:30:\"CRM_Member_Form_MembershipType\";',NULL,'a:3:{i:0;a:2:{s:5:\"title\";s:7:\"CiviCRM\";s:3:\"url\";s:16:\"/civicrm?reset=1\";}i:1;a:2:{s:5:\"title\";s:10:\"Administer\";s:3:\"url\";s:22:\"/civicrm/admin?reset=1\";}i:2;a:2:{s:5:\"title\";s:16:\"Membership Types\";s:3:\"url\";s:44:\"/civicrm/admin/member/membershipType?reset=1\";}}',NULL,NULL,NULL,1,0,1,1,1,1,0,0,'a:0:{}'),
 (370,1,'civicrm/mailing',NULL,'CiviMail','a:2:{i:0;s:19:\"CRM_Core_Permission\";i:1;s:9:\"checkMenu\";}','a:2:{i:0;a:3:{i:0;s:15:\"access CiviMail\";i:1;s:15:\"create mailings\";i:2;s:8:\"send SMS\";}i:1;s:2:\"or\";}','s:23:\"CRM_Mailing_Page_Browse\";',NULL,'a:1:{i:0;a:2:{s:5:\"title\";s:7:\"CiviCRM\";s:3:\"url\";s:16:\"/civicrm?reset=1\";}}',NULL,NULL,4,1,0,1,0,600,1,1,0,'a:1:{s:9:\"component\";s:8:\"CiviMail\";}'),
 (371,1,'civicrm/admin/mail',NULL,'Mailer Settings','a:2:{i:0;s:19:\"CRM_Core_Permission\";i:1;s:9:\"checkMenu\";}','a:2:{i:0;a:2:{i:0;s:14:\"access CiviCRM\";i:1;s:15:\"access CiviMail\";}i:1;s:3:\"and\";}','s:27:\"CRM_Admin_Form_Setting_Mail\";',NULL,'a:2:{i:0;a:2:{s:5:\"title\";s:7:\"CiviCRM\";s:3:\"url\";s:16:\"/civicrm?reset=1\";}i:1;a:2:{s:5:\"title\";s:10:\"Administer\";s:3:\"url\";s:22:\"/civicrm/admin?reset=1\";}}',NULL,NULL,NULL,1,0,1,1,400,1,0,0,'a:2:{s:4:\"desc\";s:61:\"Configure spool period, throttling and other mailer settings.\";s:10:\"adminGroup\";s:8:\"CiviMail\";}'),
 (372,1,'civicrm/admin/component',NULL,'Headers, Footers, and Automated Messages','a:2:{i:0;s:19:\"CRM_Core_Permission\";i:1;s:9:\"checkMenu\";}','a:2:{i:0;a:2:{i:0;s:14:\"access CiviCRM\";i:1;s:15:\"access CiviMail\";}i:1;s:3:\"and\";}','s:26:\"CRM_Mailing_Page_Component\";',NULL,'a:2:{i:0;a:2:{s:5:\"title\";s:7:\"CiviCRM\";s:3:\"url\";s:16:\"/civicrm?reset=1\";}i:1;a:2:{s:5:\"title\";s:10:\"Administer\";s:3:\"url\";s:22:\"/civicrm/admin?reset=1\";}}',NULL,NULL,NULL,1,0,1,1,410,1,0,0,'a:2:{s:4:\"desc\";s:143:\"Configure the header and footer used for mailings. Customize the content of automated Subscribe, Unsubscribe, Resubscribe and Opt-out messages.\";s:10:\"adminGroup\";s:8:\"CiviMail\";}'),
 (373,1,'civicrm/admin/component/edit',NULL,'Headers, Footers, and Automated Messages','a:2:{i:0;s:19:\"CRM_Core_Permission\";i:1;s:9:\"checkMenu\";}','a:2:{i:0;a:2:{i:0;s:14:\"access CiviCRM\";i:1;s:15:\"access CiviMail\";}i:1;s:3:\"and\";}','s:26:\"CRM_Mailing_Form_Component\";',NULL,'a:3:{i:0;a:2:{s:5:\"title\";s:7:\"CiviCRM\";s:3:\"url\";s:16:\"/civicrm?reset=1\";}i:1;a:2:{s:5:\"title\";s:10:\"Administer\";s:3:\"url\";s:22:\"/civicrm/admin?reset=1\";}i:2;a:2:{s:5:\"title\";s:40:\"Headers, Footers, and Automated Messages\";s:3:\"url\";s:32:\"/civicrm/admin/component?reset=1\";}}',NULL,NULL,NULL,1,0,1,1,411,1,0,0,'a:2:{s:4:\"desc\";s:143:\"Configure the header and footer used for mailings. Customize the content of automated Subscribe, Unsubscribe, Resubscribe and Opt-out messages.\";s:10:\"adminGroup\";s:8:\"CiviMail\";}'),
 (374,1,'civicrm/admin/options/from_email_address/civimail',NULL,'From Email Addresses','a:2:{i:0;s:19:\"CRM_Core_Permission\";i:1;s:9:\"checkMenu\";}','a:2:{i:0;a:3:{i:0;s:25:\"administer CiviCRM system\";i:1;s:23:\"administer CiviCRM data\";i:2;s:14:\"access CiviCRM\";}i:1;s:3:\"and\";}','s:22:\"CRM_Admin_Page_Options\";',NULL,'a:4:{i:0;a:2:{s:5:\"title\";s:7:\"CiviCRM\";s:3:\"url\";s:16:\"/civicrm?reset=1\";}i:1;a:2:{s:5:\"title\";s:10:\"Administer\";s:3:\"url\";s:22:\"/civicrm/admin?reset=1\";}i:2;a:2:{s:5:\"title\";s:13:\"Option Groups\";s:3:\"url\";s:30:\"/civicrm/admin/options?reset=1\";}i:3;a:2:{s:5:\"title\";s:20:\"From Email Addresses\";s:3:\"url\";s:49:\"/civicrm/admin/options/from_email_address?reset=1\";}}',NULL,NULL,NULL,1,0,1,1,415,1,0,0,'a:2:{s:4:\"desc\";s:74:\"List of Email Addresses which can be used when sending emails to contacts.\";s:10:\"adminGroup\";s:8:\"CiviMail\";}'),
 (375,1,'civicrm/admin/mailSettings',NULL,'Mail Accounts','a:2:{i:0;s:19:\"CRM_Core_Permission\";i:1;s:9:\"checkMenu\";}','a:2:{i:0;a:2:{i:0;s:14:\"access CiviCRM\";i:1;s:15:\"access CiviMail\";}i:1;s:3:\"and\";}','s:27:\"CRM_Admin_Page_MailSettings\";',NULL,'a:2:{i:0;a:2:{s:5:\"title\";s:7:\"CiviCRM\";s:3:\"url\";s:16:\"/civicrm?reset=1\";}i:1;a:2:{s:5:\"title\";s:10:\"Administer\";s:3:\"url\";s:22:\"/civicrm/admin?reset=1\";}}',NULL,NULL,NULL,1,0,1,1,420,1,0,0,'a:2:{s:4:\"desc\";s:20:\"List email accounts.\";s:10:\"adminGroup\";s:8:\"CiviMail\";}'),
 (376,1,'civicrm/admin/mailSettings/edit',NULL,'Mail Accounts','a:2:{i:0;s:19:\"CRM_Core_Permission\";i:1;s:9:\"checkMenu\";}','a:2:{i:0;a:2:{i:0;s:14:\"access CiviCRM\";i:1;s:15:\"access CiviMail\";}i:1;s:3:\"and\";}','s:27:\"CRM_Admin_Form_MailSettings\";',NULL,'a:3:{i:0;a:2:{s:5:\"title\";s:7:\"CiviCRM\";s:3:\"url\";s:16:\"/civicrm?reset=1\";}i:1;a:2:{s:5:\"title\";s:10:\"Administer\";s:3:\"url\";s:22:\"/civicrm/admin?reset=1\";}i:2;a:2:{s:5:\"title\";s:13:\"Mail Accounts\";s:3:\"url\";s:35:\"/civicrm/admin/mailSettings?reset=1\";}}',NULL,NULL,NULL,1,0,1,1,420,1,0,0,'a:0:{}'),
 (377,1,'civicrm/mailing/send',NULL,'New Mailing','a:2:{i:0;s:19:\"CRM_Core_Permission\";i:1;s:9:\"checkMenu\";}','a:2:{i:0;a:3:{i:0;s:15:\"access CiviMail\";i:1;s:15:\"create mailings\";i:2;s:17:\"schedule mailings\";}i:1;s:2:\"or\";}','s:27:\"CRM_Mailing_Controller_Send\";',NULL,'a:2:{i:0;a:2:{s:5:\"title\";s:7:\"CiviCRM\";s:3:\"url\";s:16:\"/civicrm?reset=1\";}i:1;a:2:{s:5:\"title\";s:8:\"CiviMail\";s:3:\"url\";s:24:\"/civicrm/mailing?reset=1\";}}',NULL,NULL,4,1,0,1,0,610,1,1,0,'a:0:{}'),
 (378,1,'civicrm/mailing/browse/scheduled','scheduled=true','Find Mailings','a:2:{i:0;s:19:\"CRM_Core_Permission\";i:1;s:9:\"checkMenu\";}','a:2:{i:0;a:5:{i:0;s:15:\"access CiviMail\";i:1;s:16:\"approve mailings\";i:2;s:15:\"create mailings\";i:3;s:17:\"schedule mailings\";i:4;s:8:\"send SMS\";}i:1;s:2:\"or\";}','s:23:\"CRM_Mailing_Page_Browse\";',NULL,'a:2:{i:0;a:2:{s:5:\"title\";s:7:\"CiviCRM\";s:3:\"url\";s:16:\"/civicrm?reset=1\";}i:1;a:2:{s:5:\"title\";s:8:\"CiviMail\";s:3:\"url\";s:24:\"/civicrm/mailing?reset=1\";}}',NULL,NULL,4,1,0,1,0,620,1,1,0,'a:0:{}'),
 (379,1,'civicrm/mailing/browse/unscheduled','scheduled=false','Find Mailings','a:2:{i:0;s:19:\"CRM_Core_Permission\";i:1;s:9:\"checkMenu\";}','a:2:{i:0;a:3:{i:0;s:15:\"access CiviMail\";i:1;s:15:\"create mailings\";i:2;s:17:\"schedule mailings\";}i:1;s:2:\"or\";}','s:23:\"CRM_Mailing_Page_Browse\";',NULL,'a:2:{i:0;a:2:{s:5:\"title\";s:7:\"CiviCRM\";s:3:\"url\";s:16:\"/civicrm?reset=1\";}i:1;a:2:{s:5:\"title\";s:8:\"CiviMail\";s:3:\"url\";s:24:\"/civicrm/mailing?reset=1\";}}',NULL,NULL,4,1,0,1,0,620,1,1,0,'a:0:{}'),
 (380,1,'civicrm/mailing/browse/archived',NULL,'Find Mailings','a:2:{i:0;s:19:\"CRM_Core_Permission\";i:1;s:9:\"checkMenu\";}','a:2:{i:0;a:2:{i:0;s:15:\"access CiviMail\";i:1;s:15:\"create mailings\";}i:1;s:2:\"or\";}','s:23:\"CRM_Mailing_Page_Browse\";',NULL,'a:2:{i:0;a:2:{s:5:\"title\";s:7:\"CiviCRM\";s:3:\"url\";s:16:\"/civicrm?reset=1\";}i:1;a:2:{s:5:\"title\";s:8:\"CiviMail\";s:3:\"url\";s:24:\"/civicrm/mailing?reset=1\";}}',NULL,NULL,4,1,0,1,0,625,1,1,0,'a:0:{}'),
 (381,1,'civicrm/mailing/component',NULL,'Headers, Footers, and Automated Messages','a:2:{i:0;s:19:\"CRM_Core_Permission\";i:1;s:9:\"checkMenu\";}','a:2:{i:0;a:1:{i:0;s:18:\"administer CiviCRM\";}i:1;s:3:\"and\";}','s:26:\"CRM_Mailing_Page_Component\";',NULL,'a:2:{i:0;a:2:{s:5:\"title\";s:7:\"CiviCRM\";s:3:\"url\";s:16:\"/civicrm?reset=1\";}i:1;a:2:{s:5:\"title\";s:8:\"CiviMail\";s:3:\"url\";s:24:\"/civicrm/mailing?reset=1\";}}',NULL,NULL,4,1,0,1,0,630,1,1,0,'a:0:{}'),
 (382,1,'civicrm/mailing/unsubscribe',NULL,'Unsubscribe','a:2:{i:0;s:19:\"CRM_Core_Permission\";i:1;s:9:\"checkMenu\";}','a:2:{i:0;a:1:{i:0;s:43:\"access CiviMail subscribe/unsubscribe pages\";}i:1;s:3:\"and\";}','s:28:\"CRM_Mailing_Page_Unsubscribe\";',NULL,'a:2:{i:0;a:2:{s:5:\"title\";s:7:\"CiviCRM\";s:3:\"url\";s:16:\"/civicrm?reset=1\";}i:1;a:2:{s:5:\"title\";s:8:\"CiviMail\";s:3:\"url\";s:24:\"/civicrm/mailing?reset=1\";}}',NULL,NULL,4,1,1,1,0,640,1,0,0,'a:0:{}'),
 (383,1,'civicrm/mailing/resubscribe',NULL,'Resubscribe','a:2:{i:0;s:19:\"CRM_Core_Permission\";i:1;s:9:\"checkMenu\";}','a:2:{i:0;a:1:{i:0;s:43:\"access CiviMail subscribe/unsubscribe pages\";}i:1;s:3:\"and\";}','s:28:\"CRM_Mailing_Page_Resubscribe\";',NULL,'a:2:{i:0;a:2:{s:5:\"title\";s:7:\"CiviCRM\";s:3:\"url\";s:16:\"/civicrm?reset=1\";}i:1;a:2:{s:5:\"title\";s:8:\"CiviMail\";s:3:\"url\";s:24:\"/civicrm/mailing?reset=1\";}}',NULL,NULL,4,1,1,1,0,645,1,0,0,'a:0:{}'),
 (384,1,'civicrm/mailing/optout',NULL,'Opt-out','a:2:{i:0;s:19:\"CRM_Core_Permission\";i:1;s:9:\"checkMenu\";}','a:2:{i:0;a:1:{i:0;s:43:\"access CiviMail subscribe/unsubscribe pages\";}i:1;s:3:\"and\";}','s:23:\"CRM_Mailing_Form_Optout\";',NULL,'a:2:{i:0;a:2:{s:5:\"title\";s:7:\"CiviCRM\";s:3:\"url\";s:16:\"/civicrm?reset=1\";}i:1;a:2:{s:5:\"title\";s:8:\"CiviMail\";s:3:\"url\";s:24:\"/civicrm/mailing?reset=1\";}}',NULL,NULL,4,1,1,1,0,650,1,0,0,'a:0:{}'),
 (385,1,'civicrm/mailing/confirm',NULL,'Confirm','a:2:{i:0;s:19:\"CRM_Core_Permission\";i:1;s:9:\"checkMenu\";}','a:2:{i:0;a:1:{i:0;s:43:\"access CiviMail subscribe/unsubscribe pages\";}i:1;s:3:\"and\";}','s:24:\"CRM_Mailing_Page_Confirm\";',NULL,'a:2:{i:0;a:2:{s:5:\"title\";s:7:\"CiviCRM\";s:3:\"url\";s:16:\"/civicrm?reset=1\";}i:1;a:2:{s:5:\"title\";s:8:\"CiviMail\";s:3:\"url\";s:24:\"/civicrm/mailing?reset=1\";}}',NULL,NULL,4,1,1,1,0,660,1,0,0,'a:0:{}'),
 (386,1,'civicrm/mailing/subscribe',NULL,'Subscribe','a:2:{i:0;s:19:\"CRM_Core_Permission\";i:1;s:9:\"checkMenu\";}','a:2:{i:0;a:1:{i:0;s:43:\"access CiviMail subscribe/unsubscribe pages\";}i:1;s:3:\"and\";}','s:26:\"CRM_Mailing_Form_Subscribe\";',NULL,'a:2:{i:0;a:2:{s:5:\"title\";s:7:\"CiviCRM\";s:3:\"url\";s:16:\"/civicrm?reset=1\";}i:1;a:2:{s:5:\"title\";s:8:\"CiviMail\";s:3:\"url\";s:24:\"/civicrm/mailing?reset=1\";}}',NULL,NULL,4,1,1,1,0,660,1,0,0,'a:0:{}'),
 (387,1,'civicrm/mailing/report','mid=%%mid%%','Mailing Report','a:2:{i:0;s:19:\"CRM_Core_Permission\";i:1;s:9:\"checkMenu\";}','a:2:{i:0;a:2:{i:0;s:15:\"access CiviMail\";i:1;s:15:\"create mailings\";}i:1;s:2:\"or\";}','s:23:\"CRM_Mailing_Page_Report\";',NULL,'a:2:{i:0;a:2:{s:5:\"title\";s:7:\"CiviCRM\";s:3:\"url\";s:16:\"/civicrm?reset=1\";}i:1;a:2:{s:5:\"title\";s:8:\"CiviMail\";s:3:\"url\";s:24:\"/civicrm/mailing?reset=1\";}}',NULL,NULL,4,1,0,1,0,680,1,0,0,'a:0:{}'),
 (388,1,'civicrm/mailing/forward',NULL,'Forward Mailing','a:2:{i:0;s:19:\"CRM_Core_Permission\";i:1;s:9:\"checkMenu\";}','a:2:{i:0;a:1:{i:0;s:43:\"access CiviMail subscribe/unsubscribe pages\";}i:1;s:3:\"and\";}','s:31:\"CRM_Mailing_Form_ForwardMailing\";',NULL,'a:2:{i:0;a:2:{s:5:\"title\";s:7:\"CiviCRM\";s:3:\"url\";s:16:\"/civicrm?reset=1\";}i:1;a:2:{s:5:\"title\";s:8:\"CiviMail\";s:3:\"url\";s:24:\"/civicrm/mailing?reset=1\";}}',NULL,NULL,4,1,1,1,0,685,1,0,0,'a:0:{}'),
 (389,1,'civicrm/mailing/report/event',NULL,'Mailing Event','a:2:{i:0;s:19:\"CRM_Core_Permission\";i:1;s:9:\"checkMenu\";}','a:2:{i:0;a:1:{i:0;s:15:\"access CiviMail\";}i:1;s:3:\"and\";}','s:22:\"CRM_Mailing_Page_Event\";',NULL,'a:3:{i:0;a:2:{s:5:\"title\";s:7:\"CiviCRM\";s:3:\"url\";s:16:\"/civicrm?reset=1\";}i:1;a:2:{s:5:\"title\";s:8:\"CiviMail\";s:3:\"url\";s:24:\"/civicrm/mailing?reset=1\";}i:2;a:2:{s:5:\"title\";s:14:\"Mailing Report\";s:3:\"url\";s:47:\"/civicrm/mailing/report?reset=1&amp;mid=%%mid%%\";}}',NULL,NULL,4,1,0,1,0,695,1,0,0,'a:0:{}'),
 (390,1,'civicrm/ajax/template',NULL,NULL,'a:2:{i:0;s:19:\"CRM_Core_Permission\";i:1;s:9:\"checkMenu\";}','a:2:{i:0;a:1:{i:0;s:14:\"access CiviCRM\";}i:1;s:3:\"and\";}','a:2:{i:0;s:21:\"CRM_Mailing_Page_AJAX\";i:1;s:8:\"template\";}',NULL,'a:1:{i:0;a:2:{s:5:\"title\";s:7:\"CiviCRM\";s:3:\"url\";s:16:\"/civicrm?reset=1\";}}',NULL,NULL,NULL,1,0,1,0,1,1,0,0,'a:0:{}'),
 (391,1,'civicrm/mailing/view',NULL,'View Mailing','a:2:{i:0;s:19:\"CRM_Core_Permission\";i:1;s:9:\"checkMenu\";}','a:2:{i:0;a:3:{i:0;s:28:\"view public CiviMail content\";i:1;s:15:\"access CiviMail\";i:2;s:16:\"approve mailings\";}i:1;s:2:\"or\";}','s:21:\"CRM_Mailing_Page_View\";',NULL,'a:2:{i:0;a:2:{s:5:\"title\";s:7:\"CiviCRM\";s:3:\"url\";s:16:\"/civicrm?reset=1\";}i:1;a:2:{s:5:\"title\";s:8:\"CiviMail\";s:3:\"url\";s:24:\"/civicrm/mailing?reset=1\";}}',NULL,NULL,4,1,1,1,0,800,1,0,0,'a:0:{}'),
 (392,1,'civicrm/mailing/approve',NULL,'Approve Mailing','a:2:{i:0;s:19:\"CRM_Core_Permission\";i:1;s:9:\"checkMenu\";}','a:2:{i:0;a:2:{i:0;s:15:\"access CiviMail\";i:1;s:16:\"approve mailings\";}i:1;s:2:\"or\";}','s:24:\"CRM_Mailing_Form_Approve\";',NULL,'a:2:{i:0;a:2:{s:5:\"title\";s:7:\"CiviCRM\";s:3:\"url\";s:16:\"/civicrm?reset=1\";}i:1;a:2:{s:5:\"title\";s:8:\"CiviMail\";s:3:\"url\";s:24:\"/civicrm/mailing?reset=1\";}}',NULL,NULL,4,1,0,1,0,850,1,0,0,'a:0:{}'),
 (393,1,'civicrm/contact/view/mailing',NULL,NULL,'a:2:{i:0;s:19:\"CRM_Core_Permission\";i:1;s:9:\"checkMenu\";}','a:2:{i:0;a:3:{i:0;s:14:\"access CiviCRM\";i:1;s:15:\"edit my contact\";i:2;s:15:\"view my contact\";}i:1;s:2:\"or\";}','s:20:\"CRM_Mailing_Page_Tab\";',NULL,'a:2:{i:0;a:2:{s:5:\"title\";s:7:\"CiviCRM\";s:3:\"url\";s:16:\"/civicrm?reset=1\";}i:1;a:2:{s:5:\"title\";s:15:\"Contact Summary\";s:3:\"url\";s:45:\"/civicrm/contact/view?reset=1&amp;cid=%%cid%%\";}}',NULL,NULL,NULL,1,0,1,0,1,1,0,0,'a:0:{}'),
 (394,1,'civicrm/ajax/contactmailing',NULL,NULL,'a:2:{i:0;s:19:\"CRM_Core_Permission\";i:1;s:9:\"checkMenu\";}','a:2:{i:0;a:1:{i:0;s:14:\"access CiviCRM\";}i:1;s:3:\"and\";}','a:2:{i:0;s:21:\"CRM_Mailing_Page_AJAX\";i:1;s:18:\"getContactMailings\";}',NULL,'a:1:{i:0;a:2:{s:5:\"title\";s:7:\"CiviCRM\";s:3:\"url\";s:16:\"/civicrm?reset=1\";}}',NULL,NULL,NULL,1,0,1,0,1,1,0,0,'a:0:{}'),
 (395,1,'civicrm/ajax/setupMailAccount',NULL,NULL,'a:2:{i:0;s:19:\"CRM_Core_Permission\";i:1;s:9:\"checkMenu\";}','a:2:{i:0;a:2:{i:0;s:14:\"access CiviCRM\";i:1;s:15:\"access CiviMail\";}i:1;s:3:\"and\";}','a:2:{i:0;s:21:\"CRM_Mailing_Page_AJAX\";i:1;s:5:\"setup\";}',NULL,'a:1:{i:0;a:2:{s:5:\"title\";s:7:\"CiviCRM\";s:3:\"url\";s:16:\"/civicrm?reset=1\";}}',NULL,NULL,NULL,1,0,1,0,1,1,0,0,'a:0:{}'),
 (396,1,'civicrm/mailing/url',NULL,NULL,'a:2:{i:0;s:19:\"CRM_Core_Permission\";i:1;s:9:\"checkMenu\";}','a:2:{i:0;a:1:{i:0;s:14:\"*always allow*\";}i:1;s:3:\"and\";}','s:20:\"CRM_Mailing_Page_Url\";',NULL,'a:2:{i:0;a:2:{s:5:\"title\";s:7:\"CiviCRM\";s:3:\"url\";s:16:\"/civicrm?reset=1\";}i:1;a:2:{s:5:\"title\";s:8:\"CiviMail\";s:3:\"url\";s:24:\"/civicrm/mailing?reset=1\";}}',NULL,NULL,4,1,1,1,0,1,1,0,0,'a:0:{}'),
 (397,1,'civicrm/mailing/open',NULL,NULL,'a:2:{i:0;s:19:\"CRM_Core_Permission\";i:1;s:9:\"checkMenu\";}','a:2:{i:0;a:1:{i:0;s:14:\"*always allow*\";}i:1;s:3:\"and\";}','s:21:\"CRM_Mailing_Page_Open\";',NULL,'a:2:{i:0;a:2:{s:5:\"title\";s:7:\"CiviCRM\";s:3:\"url\";s:16:\"/civicrm?reset=1\";}i:1;a:2:{s:5:\"title\";s:8:\"CiviMail\";s:3:\"url\";s:24:\"/civicrm/mailing?reset=1\";}}',NULL,NULL,4,1,1,1,0,1,1,0,0,'a:0:{}'),
 (398,1,'civicrm/pledge',NULL,'CiviPledge Dashboard','a:2:{i:0;s:19:\"CRM_Core_Permission\";i:1;s:9:\"checkMenu\";}','a:2:{i:0;a:1:{i:0;s:17:\"access CiviPledge\";}i:1;s:3:\"and\";}','s:25:\"CRM_Pledge_Page_DashBoard\";',NULL,'a:1:{i:0;a:2:{s:5:\"title\";s:7:\"CiviCRM\";s:3:\"url\";s:16:\"/civicrm?reset=1\";}}',NULL,NULL,6,1,0,1,0,550,1,1,0,'a:1:{s:9:\"component\";s:10:\"CiviPledge\";}'),
 (399,1,'civicrm/pledge/search',NULL,'Find Pledges','a:2:{i:0;s:19:\"CRM_Core_Permission\";i:1;s:9:\"checkMenu\";}','a:2:{i:0;a:1:{i:0;s:17:\"access CiviPledge\";}i:1;s:3:\"and\";}','s:28:\"CRM_Pledge_Controller_Search\";',NULL,'a:2:{i:0;a:2:{s:5:\"title\";s:7:\"CiviCRM\";s:3:\"url\";s:16:\"/civicrm?reset=1\";}i:1;a:2:{s:5:\"title\";s:20:\"CiviPledge Dashboard\";s:3:\"url\";s:23:\"/civicrm/pledge?reset=1\";}}',NULL,NULL,6,1,0,1,0,560,1,1,0,'a:0:{}'),
 (400,1,'civicrm/contact/view/pledge','force=1,cid=%%cid%%','Pledges','a:2:{i:0;s:19:\"CRM_Core_Permission\";i:1;s:9:\"checkMenu\";}','a:2:{i:0;a:1:{i:0;s:17:\"access CiviPledge\";}i:1;s:3:\"and\";}','s:19:\"CRM_Pledge_Page_Tab\";',NULL,'a:2:{i:0;a:2:{s:5:\"title\";s:7:\"CiviCRM\";s:3:\"url\";s:16:\"/civicrm?reset=1\";}i:1;a:2:{s:5:\"title\";s:15:\"Contact Summary\";s:3:\"url\";s:45:\"/civicrm/contact/view?reset=1&amp;cid=%%cid%%\";}}',NULL,NULL,NULL,1,0,1,0,570,1,0,0,'a:0:{}'),
 (401,1,'civicrm/pledge/add','action=add','New Pledge','a:2:{i:0;s:19:\"CRM_Core_Permission\";i:1;s:9:\"checkMenu\";}','a:2:{i:0;a:1:{i:0;s:17:\"access CiviPledge\";}i:1;s:3:\"and\";}','s:19:\"CRM_Pledge_Page_Tab\";',NULL,'a:2:{i:0;a:2:{s:5:\"title\";s:7:\"CiviCRM\";s:3:\"url\";s:16:\"/civicrm?reset=1\";}i:1;a:2:{s:5:\"title\";s:20:\"CiviPledge Dashboard\";s:3:\"url\";s:23:\"/civicrm/pledge?reset=1\";}}',NULL,NULL,6,1,0,1,0,1,1,1,0,'a:1:{s:9:\"component\";s:10:\"CiviPledge\";}'),
 (402,1,'civicrm/pledge/payment',NULL,'Pledge Payments','a:2:{i:0;s:19:\"CRM_Core_Permission\";i:1;s:9:\"checkMenu\";}','a:2:{i:0;a:1:{i:0;s:17:\"access CiviPledge\";}i:1;s:3:\"and\";}','s:23:\"CRM_Pledge_Page_Payment\";',NULL,'a:2:{i:0;a:2:{s:5:\"title\";s:7:\"CiviCRM\";s:3:\"url\";s:16:\"/civicrm?reset=1\";}i:1;a:2:{s:5:\"title\";s:20:\"CiviPledge Dashboard\";s:3:\"url\";s:23:\"/civicrm/pledge?reset=1\";}}',NULL,NULL,6,1,0,1,0,580,1,0,0,'a:0:{}'),
 (403,1,'civicrm/ajax/pledgeAmount',NULL,NULL,'a:2:{i:0;s:19:\"CRM_Core_Permission\";i:1;s:9:\"checkMenu\";}','a:2:{i:0;a:2:{i:0;s:17:\"access CiviPledge\";i:1;s:18:\"administer CiviCRM\";}i:1;s:3:\"and\";}','a:2:{i:0;s:20:\"CRM_Pledge_Page_AJAX\";i:1;s:17:\"getPledgeDefaults\";}',NULL,'a:1:{i:0;a:2:{s:5:\"title\";s:7:\"CiviCRM\";s:3:\"url\";s:16:\"/civicrm?reset=1\";}}',NULL,NULL,NULL,1,0,1,0,1,1,0,0,'a:0:{}'),
 (404,1,'civicrm/case',NULL,'CiviCase Dashboard','a:2:{i:0;s:19:\"CRM_Core_Permission\";i:1;s:9:\"checkMenu\";}','a:2:{i:0;a:1:{i:0;s:14:\"access CiviCRM\";}i:1;s:3:\"and\";}','s:23:\"CRM_Case_Page_DashBoard\";',NULL,'a:1:{i:0;a:2:{s:5:\"title\";s:7:\"CiviCRM\";s:3:\"url\";s:16:\"/civicrm?reset=1\";}}',NULL,NULL,7,1,0,1,0,900,1,1,0,'a:1:{s:9:\"component\";s:8:\"CiviCase\";}'),
 (405,1,'civicrm/case/add',NULL,'Open Case','a:2:{i:0;s:19:\"CRM_Core_Permission\";i:1;s:9:\"checkMenu\";}','a:2:{i:0;a:1:{i:0;s:14:\"access CiviCRM\";}i:1;s:3:\"and\";}','s:18:\"CRM_Case_Form_Case\";',NULL,'a:2:{i:0;a:2:{s:5:\"title\";s:7:\"CiviCRM\";s:3:\"url\";s:16:\"/civicrm?reset=1\";}i:1;a:2:{s:5:\"title\";s:18:\"CiviCase Dashboard\";s:3:\"url\";s:21:\"/civicrm/case?reset=1\";}}',NULL,NULL,7,1,0,1,0,1,1,1,0,'a:1:{s:9:\"component\";s:8:\"CiviCase\";}'),
 (406,1,'civicrm/case/search',NULL,'Find Cases','a:2:{i:0;s:19:\"CRM_Core_Permission\";i:1;s:9:\"checkMenu\";}','a:2:{i:0;a:1:{i:0;s:14:\"access CiviCRM\";}i:1;s:3:\"and\";}','s:26:\"CRM_Case_Controller_Search\";',NULL,'a:2:{i:0;a:2:{s:5:\"title\";s:7:\"CiviCRM\";s:3:\"url\";s:16:\"/civicrm?reset=1\";}i:1;a:2:{s:5:\"title\";s:18:\"CiviCase Dashboard\";s:3:\"url\";s:21:\"/civicrm/case?reset=1\";}}',NULL,NULL,7,1,0,1,0,910,1,1,0,'a:0:{}'),
 (407,1,'civicrm/case/activity',NULL,'Case Activity','a:2:{i:0;s:19:\"CRM_Core_Permission\";i:1;s:9:\"checkMenu\";}','a:2:{i:0;a:1:{i:0;s:14:\"access CiviCRM\";}i:1;s:3:\"and\";}','s:22:\"CRM_Case_Form_Activity\";',NULL,'a:2:{i:0;a:2:{s:5:\"title\";s:7:\"CiviCRM\";s:3:\"url\";s:16:\"/civicrm?reset=1\";}i:1;a:2:{s:5:\"title\";s:18:\"CiviCase Dashboard\";s:3:\"url\";s:21:\"/civicrm/case?reset=1\";}}',NULL,NULL,7,1,0,1,0,1,1,0,0,'a:0:{}'),
 (408,1,'civicrm/case/report',NULL,'Case Activity Audit','a:2:{i:0;s:19:\"CRM_Core_Permission\";i:1;s:9:\"checkMenu\";}','a:2:{i:0;a:1:{i:0;s:31:\"access all cases and activities\";}i:1;s:3:\"and\";}','s:20:\"CRM_Case_Form_Report\";',NULL,'a:2:{i:0;a:2:{s:5:\"title\";s:7:\"CiviCRM\";s:3:\"url\";s:16:\"/civicrm?reset=1\";}i:1;a:2:{s:5:\"title\";s:18:\"CiviCase Dashboard\";s:3:\"url\";s:21:\"/civicrm/case?reset=1\";}}',NULL,NULL,7,1,0,1,0,1,1,0,0,'a:0:{}'),
 (409,1,'civicrm/case/cd/edit',NULL,'Case Custom Set','a:2:{i:0;s:19:\"CRM_Core_Permission\";i:1;s:9:\"checkMenu\";}','a:2:{i:0;a:1:{i:0;s:14:\"access CiviCRM\";}i:1;s:3:\"and\";}','s:24:\"CRM_Case_Form_CustomData\";',NULL,'a:2:{i:0;a:2:{s:5:\"title\";s:7:\"CiviCRM\";s:3:\"url\";s:16:\"/civicrm?reset=1\";}i:1;a:2:{s:5:\"title\";s:18:\"CiviCase Dashboard\";s:3:\"url\";s:21:\"/civicrm/case?reset=1\";}}',NULL,NULL,7,1,0,1,0,1,1,0,0,'a:0:{}'),
 (410,1,'civicrm/contact/view/case',NULL,'Case','a:2:{i:0;s:19:\"CRM_Core_Permission\";i:1;s:9:\"checkMenu\";}','a:2:{i:0;a:3:{i:0;s:14:\"access CiviCRM\";i:1;s:15:\"edit my contact\";i:2;s:15:\"view my contact\";}i:1;s:2:\"or\";}','s:17:\"CRM_Case_Page_Tab\";',NULL,'a:2:{i:0;a:2:{s:5:\"title\";s:7:\"CiviCRM\";s:3:\"url\";s:16:\"/civicrm?reset=1\";}i:1;a:2:{s:5:\"title\";s:15:\"Contact Summary\";s:3:\"url\";s:45:\"/civicrm/contact/view?reset=1&amp;cid=%%cid%%\";}}',NULL,NULL,NULL,1,0,1,0,1,1,0,0,'a:0:{}'),
 (411,1,'civicrm/case/activity/view',NULL,'Activity View','a:2:{i:0;s:19:\"CRM_Core_Permission\";i:1;s:9:\"checkMenu\";}','a:2:{i:0;a:1:{i:0;s:14:\"access CiviCRM\";}i:1;s:3:\"and\";}','s:26:\"CRM_Case_Form_ActivityView\";',NULL,'a:3:{i:0;a:2:{s:5:\"title\";s:7:\"CiviCRM\";s:3:\"url\";s:16:\"/civicrm?reset=1\";}i:1;a:2:{s:5:\"title\";s:18:\"CiviCase Dashboard\";s:3:\"url\";s:21:\"/civicrm/case?reset=1\";}i:2;a:2:{s:5:\"title\";s:13:\"Case Activity\";s:3:\"url\";s:30:\"/civicrm/case/activity?reset=1\";}}',NULL,NULL,7,1,0,1,0,1,1,0,0,'a:0:{}'),
 (412,1,'civicrm/contact/view/case/editClient',NULL,'Assign to Another Client','a:2:{i:0;s:19:\"CRM_Core_Permission\";i:1;s:9:\"checkMenu\";}','a:2:{i:0;a:3:{i:0;s:14:\"access CiviCRM\";i:1;s:15:\"edit my contact\";i:2;s:15:\"view my contact\";}i:1;s:2:\"or\";}','s:24:\"CRM_Case_Form_EditClient\";',NULL,'a:3:{i:0;a:2:{s:5:\"title\";s:7:\"CiviCRM\";s:3:\"url\";s:16:\"/civicrm?reset=1\";}i:1;a:2:{s:5:\"title\";s:15:\"Contact Summary\";s:3:\"url\";s:45:\"/civicrm/contact/view?reset=1&amp;cid=%%cid%%\";}i:2;a:2:{s:5:\"title\";s:4:\"Case\";s:3:\"url\";s:34:\"/civicrm/contact/view/case?reset=1\";}}',NULL,NULL,NULL,1,0,1,0,1,1,0,0,'a:0:{}'),
 (413,1,'civicrm/case/addToCase',NULL,'File on Case','a:2:{i:0;s:19:\"CRM_Core_Permission\";i:1;s:9:\"checkMenu\";}','a:2:{i:0;a:1:{i:0;s:14:\"access CiviCRM\";}i:1;s:3:\"and\";}','s:28:\"CRM_Case_Form_ActivityToCase\";',NULL,'a:2:{i:0;a:2:{s:5:\"title\";s:7:\"CiviCRM\";s:3:\"url\";s:16:\"/civicrm?reset=1\";}i:1;a:2:{s:5:\"title\";s:18:\"CiviCase Dashboard\";s:3:\"url\";s:21:\"/civicrm/case?reset=1\";}}',NULL,NULL,7,1,0,1,0,1,1,0,0,'a:0:{}'),
 (414,1,'civicrm/case/details',NULL,'Case Details','a:2:{i:0;s:19:\"CRM_Core_Permission\";i:1;s:9:\"checkMenu\";}','a:2:{i:0;a:1:{i:0;s:14:\"access CiviCRM\";}i:1;s:3:\"and\";}','s:25:\"CRM_Case_Page_CaseDetails\";',NULL,'a:2:{i:0;a:2:{s:5:\"title\";s:7:\"CiviCRM\";s:3:\"url\";s:16:\"/civicrm?reset=1\";}i:1;a:2:{s:5:\"title\";s:18:\"CiviCase Dashboard\";s:3:\"url\";s:21:\"/civicrm/case?reset=1\";}}',NULL,NULL,7,1,0,1,0,1,1,0,0,'a:0:{}'),
 (415,1,'civicrm/admin/setting/case',NULL,'CiviCase Settings','a:2:{i:0;s:19:\"CRM_Core_Permission\";i:1;s:9:\"checkMenu\";}','a:2:{i:0;a:3:{i:0;s:25:\"administer CiviCRM system\";i:1;s:23:\"administer CiviCRM data\";i:2;s:14:\"access CiviCRM\";}i:1;s:3:\"and\";}','s:27:\"CRM_Admin_Form_Setting_Case\";',NULL,'a:2:{i:0;a:2:{s:5:\"title\";s:7:\"CiviCRM\";s:3:\"url\";s:16:\"/civicrm?reset=1\";}i:1;a:2:{s:5:\"title\";s:10:\"Administer\";s:3:\"url\";s:22:\"/civicrm/admin?reset=1\";}}',NULL,NULL,NULL,1,0,1,1,380,1,0,0,'a:1:{s:10:\"adminGroup\";s:8:\"CiviCase\";}'),
 (416,1,'civicrm/admin/options/case_type',NULL,'Case Types','a:2:{i:0;s:19:\"CRM_Core_Permission\";i:1;s:9:\"checkMenu\";}','a:2:{i:0;a:1:{i:0;s:19:\"administer CiviCase\";}i:1;s:3:\"and\";}','s:22:\"CRM_Core_Page_Redirect\";','s:24:\"url=civicrm/a/#/caseType\";','a:3:{i:0;a:2:{s:5:\"title\";s:7:\"CiviCRM\";s:3:\"url\";s:16:\"/civicrm?reset=1\";}i:1;a:2:{s:5:\"title\";s:10:\"Administer\";s:3:\"url\";s:22:\"/civicrm/admin?reset=1\";}i:2;a:2:{s:5:\"title\";s:13:\"Option Groups\";s:3:\"url\";s:30:\"/civicrm/admin/options?reset=1\";}}',NULL,NULL,NULL,1,0,1,1,390,1,0,0,'a:2:{s:4:\"desc\";s:137:\"List of types which can be assigned to Cases. (Enable the Cases tab from System Settings - Enable Components if you want to track cases.)\";s:10:\"adminGroup\";s:8:\"CiviCase\";}'),
 (417,1,'civicrm/admin/options/redaction_rule',NULL,'Redaction Rules','a:2:{i:0;s:19:\"CRM_Core_Permission\";i:1;s:9:\"checkMenu\";}','a:2:{i:0;a:1:{i:0;s:19:\"administer CiviCase\";}i:1;s:3:\"and\";}','s:22:\"CRM_Admin_Page_Options\";',NULL,'a:3:{i:0;a:2:{s:5:\"title\";s:7:\"CiviCRM\";s:3:\"url\";s:16:\"/civicrm?reset=1\";}i:1;a:2:{s:5:\"title\";s:10:\"Administer\";s:3:\"url\";s:22:\"/civicrm/admin?reset=1\";}i:2;a:2:{s:5:\"title\";s:13:\"Option Groups\";s:3:\"url\";s:30:\"/civicrm/admin/options?reset=1\";}}',NULL,NULL,NULL,1,0,1,1,400,1,0,0,'a:2:{s:4:\"desc\";s:223:\"List of rules which can be applied to user input strings so that the redacted output can be recognized as repeated instances of the same string or can be identified as a \"semantic type of the data element\" within case data.\";s:10:\"adminGroup\";s:8:\"CiviCase\";}'),
 (418,1,'civicrm/admin/options/case_status',NULL,'Case Statuses','a:2:{i:0;s:19:\"CRM_Core_Permission\";i:1;s:9:\"checkMenu\";}','a:2:{i:0;a:1:{i:0;s:19:\"administer CiviCase\";}i:1;s:3:\"and\";}','s:22:\"CRM_Admin_Page_Options\";',NULL,'a:3:{i:0;a:2:{s:5:\"title\";s:7:\"CiviCRM\";s:3:\"url\";s:16:\"/civicrm?reset=1\";}i:1;a:2:{s:5:\"title\";s:10:\"Administer\";s:3:\"url\";s:22:\"/civicrm/admin?reset=1\";}i:2;a:2:{s:5:\"title\";s:13:\"Option Groups\";s:3:\"url\";s:30:\"/civicrm/admin/options?reset=1\";}}',NULL,NULL,NULL,1,0,1,1,400,1,0,0,'a:2:{s:4:\"desc\";s:48:\"List of statuses that can be assigned to a case.\";s:10:\"adminGroup\";s:8:\"CiviCase\";}'),
 (419,1,'civicrm/admin/options/encounter_medium',NULL,'Encounter Mediums','a:2:{i:0;s:19:\"CRM_Core_Permission\";i:1;s:9:\"checkMenu\";}','a:2:{i:0;a:1:{i:0;s:19:\"administer CiviCase\";}i:1;s:3:\"and\";}','s:22:\"CRM_Admin_Page_Options\";',NULL,'a:3:{i:0;a:2:{s:5:\"title\";s:7:\"CiviCRM\";s:3:\"url\";s:16:\"/civicrm?reset=1\";}i:1;a:2:{s:5:\"title\";s:10:\"Administer\";s:3:\"url\";s:22:\"/civicrm/admin?reset=1\";}i:2;a:2:{s:5:\"title\";s:13:\"Option Groups\";s:3:\"url\";s:30:\"/civicrm/admin/options?reset=1\";}}',NULL,NULL,NULL,1,0,1,1,400,1,0,0,'a:2:{s:4:\"desc\";s:26:\"List of encounter mediums.\";s:10:\"adminGroup\";s:8:\"CiviCase\";}'),
 (420,1,'civicrm/case/report/print',NULL,NULL,'a:2:{i:0;s:19:\"CRM_Core_Permission\";i:1;s:9:\"checkMenu\";}','a:2:{i:0;a:1:{i:0;s:31:\"access all cases and activities\";}i:1;s:3:\"and\";}','a:2:{i:0;s:28:\"CRM_Case_XMLProcessor_Report\";i:1;s:15:\"printCaseReport\";}',NULL,'a:3:{i:0;a:2:{s:5:\"title\";s:7:\"CiviCRM\";s:3:\"url\";s:16:\"/civicrm?reset=1\";}i:1;a:2:{s:5:\"title\";s:18:\"CiviCase Dashboard\";s:3:\"url\";s:21:\"/civicrm/case?reset=1\";}i:2;a:2:{s:5:\"title\";s:19:\"Case Activity Audit\";s:3:\"url\";s:28:\"/civicrm/case/report?reset=1\";}}',NULL,NULL,7,1,0,1,0,1,1,0,0,'a:0:{}'),
 (421,1,'civicrm/case/ajax/addclient',NULL,NULL,'a:2:{i:0;s:19:\"CRM_Core_Permission\";i:1;s:9:\"checkMenu\";}','a:2:{i:0;a:1:{i:0;s:14:\"access CiviCRM\";}i:1;s:3:\"and\";}','a:2:{i:0;s:18:\"CRM_Case_Page_AJAX\";i:1;s:9:\"addClient\";}',NULL,'a:2:{i:0;a:2:{s:5:\"title\";s:7:\"CiviCRM\";s:3:\"url\";s:16:\"/civicrm?reset=1\";}i:1;a:2:{s:5:\"title\";s:18:\"CiviCase Dashboard\";s:3:\"url\";s:21:\"/civicrm/case?reset=1\";}}',NULL,NULL,7,1,0,1,0,1,1,0,0,'a:0:{}'),
 (422,1,'civicrm/case/ajax/processtags',NULL,NULL,'a:2:{i:0;s:19:\"CRM_Core_Permission\";i:1;s:9:\"checkMenu\";}','a:2:{i:0;a:1:{i:0;s:14:\"access CiviCRM\";}i:1;s:3:\"and\";}','a:2:{i:0;s:18:\"CRM_Case_Page_AJAX\";i:1;s:15:\"processCaseTags\";}',NULL,'a:2:{i:0;a:2:{s:5:\"title\";s:7:\"CiviCRM\";s:3:\"url\";s:16:\"/civicrm?reset=1\";}i:1;a:2:{s:5:\"title\";s:18:\"CiviCase Dashboard\";s:3:\"url\";s:21:\"/civicrm/case?reset=1\";}}',NULL,NULL,7,1,0,1,0,1,1,3,0,'a:0:{}'),
 (423,1,'civicrm/case/ajax/details',NULL,NULL,'a:2:{i:0;s:19:\"CRM_Core_Permission\";i:1;s:9:\"checkMenu\";}','a:2:{i:0;a:1:{i:0;s:14:\"access CiviCRM\";}i:1;s:3:\"and\";}','a:2:{i:0;s:18:\"CRM_Case_Page_AJAX\";i:1;s:11:\"CaseDetails\";}',NULL,'a:2:{i:0;a:2:{s:5:\"title\";s:7:\"CiviCRM\";s:3:\"url\";s:16:\"/civicrm?reset=1\";}i:1;a:2:{s:5:\"title\";s:18:\"CiviCase Dashboard\";s:3:\"url\";s:21:\"/civicrm/case?reset=1\";}}',NULL,NULL,7,1,0,1,0,1,1,0,0,'a:0:{}'),
 (424,1,'civicrm/ajax/delcaserole',NULL,NULL,'a:2:{i:0;s:19:\"CRM_Core_Permission\";i:1;s:9:\"checkMenu\";}','a:2:{i:0;a:1:{i:0;s:14:\"access CiviCRM\";}i:1;s:3:\"and\";}','a:2:{i:0;s:18:\"CRM_Case_Page_AJAX\";i:1;s:15:\"deleteCaseRoles\";}',NULL,'a:1:{i:0;a:2:{s:5:\"title\";s:7:\"CiviCRM\";s:3:\"url\";s:16:\"/civicrm?reset=1\";}}',NULL,NULL,NULL,1,0,1,0,1,1,0,0,'a:0:{}'),
 (425,1,'civicrm/ajax/get-cases',NULL,NULL,'a:2:{i:0;s:19:\"CRM_Core_Permission\";i:1;s:9:\"checkMenu\";}','a:2:{i:0;a:1:{i:0;s:14:\"access CiviCRM\";}i:1;s:3:\"and\";}','a:2:{i:0;s:18:\"CRM_Case_Page_AJAX\";i:1;s:8:\"getCases\";}',NULL,'a:1:{i:0;a:2:{s:5:\"title\";s:7:\"CiviCRM\";s:3:\"url\";s:16:\"/civicrm?reset=1\";}}',NULL,NULL,NULL,1,0,1,0,1,1,0,0,'a:0:{}'),
 (426,1,'civicrm/case/email/add','action=add,task=email','Email','a:2:{i:0;s:19:\"CRM_Core_Permission\";i:1;s:9:\"checkMenu\";}','a:2:{i:0;a:1:{i:0;s:14:\"access CiviCRM\";}i:1;s:3:\"and\";}','s:24:\"CRM_Case_Form_Task_Email\";',NULL,'a:2:{i:0;a:2:{s:5:\"title\";s:7:\"CiviCRM\";s:3:\"url\";s:16:\"/civicrm?reset=1\";}i:1;a:2:{s:5:\"title\";s:18:\"CiviCase Dashboard\";s:3:\"url\";s:21:\"/civicrm/case?reset=1\";}}',NULL,NULL,7,1,0,1,0,1,1,0,0,'a:0:{}'),
 (427,1,'civicrm/contact/view/case/deleteClient',NULL,'Remove Client','a:2:{i:0;s:19:\"CRM_Core_Permission\";i:1;s:9:\"checkMenu\";}','a:2:{i:0;a:3:{i:0;s:14:\"access CiviCRM\";i:1;s:15:\"edit my contact\";i:2;s:15:\"view my contact\";}i:1;s:2:\"or\";}','s:26:\"CRM_Case_Form_DeleteClient\";',NULL,'a:3:{i:0;a:2:{s:5:\"title\";s:7:\"CiviCRM\";s:3:\"url\";s:16:\"/civicrm?reset=1\";}i:1;a:2:{s:5:\"title\";s:15:\"Contact Summary\";s:3:\"url\";s:45:\"/civicrm/contact/view?reset=1&amp;cid=%%cid%%\";}i:2;a:2:{s:5:\"title\";s:4:\"Case\";s:3:\"url\";s:34:\"/civicrm/contact/view/case?reset=1\";}}',NULL,NULL,NULL,1,0,1,0,1,1,0,0,'a:0:{}'),
 (428,1,'civicrm/report',NULL,'CiviReport','a:2:{i:0;s:19:\"CRM_Core_Permission\";i:1;s:9:\"checkMenu\";}','a:2:{i:0;a:1:{i:0;s:17:\"access CiviReport\";}i:1;s:3:\"and\";}','s:22:\"CRM_Report_Page_Report\";',NULL,'a:1:{i:0;a:2:{s:5:\"title\";s:7:\"CiviCRM\";s:3:\"url\";s:16:\"/civicrm?reset=1\";}}',NULL,NULL,8,1,0,1,0,1200,1,1,0,'a:1:{s:9:\"component\";s:10:\"CiviReport\";}'),
 (429,1,'civicrm/report/list',NULL,'CiviCRM Reports','s:1:\"1\";','a:2:{i:0;a:1:{i:0;s:17:\"access CiviReport\";}i:1;s:3:\"and\";}','s:28:\"CRM_Report_Page_InstanceList\";',NULL,'a:2:{i:0;a:2:{s:5:\"title\";s:7:\"CiviCRM\";s:3:\"url\";s:16:\"/civicrm?reset=1\";}i:1;a:2:{s:5:\"title\";s:10:\"CiviReport\";s:3:\"url\";s:23:\"/civicrm/report?reset=1\";}}',NULL,NULL,8,1,0,1,0,1,1,0,0,'a:0:{}'),
 (430,1,'civicrm/report/template/list',NULL,'Create New Report from Template','a:2:{i:0;s:19:\"CRM_Core_Permission\";i:1;s:9:\"checkMenu\";}','a:2:{i:0;a:1:{i:0;s:18:\"administer Reports\";}i:1;s:3:\"and\";}','s:28:\"CRM_Report_Page_TemplateList\";',NULL,'a:2:{i:0;a:2:{s:5:\"title\";s:7:\"CiviCRM\";s:3:\"url\";s:16:\"/civicrm?reset=1\";}i:1;a:2:{s:5:\"title\";s:10:\"CiviReport\";s:3:\"url\";s:23:\"/civicrm/report?reset=1\";}}',NULL,NULL,8,1,0,1,0,1220,1,1,0,'a:0:{}'),
 (431,1,'civicrm/report/options/report_template',NULL,'Manage Templates','a:2:{i:0;s:19:\"CRM_Core_Permission\";i:1;s:9:\"checkMenu\";}','a:2:{i:0;a:1:{i:0;s:18:\"administer Reports\";}i:1;s:3:\"and\";}','s:23:\"CRM_Report_Page_Options\";',NULL,'a:2:{i:0;a:2:{s:5:\"title\";s:7:\"CiviCRM\";s:3:\"url\";s:16:\"/civicrm?reset=1\";}i:1;a:2:{s:5:\"title\";s:10:\"CiviReport\";s:3:\"url\";s:23:\"/civicrm/report?reset=1\";}}',NULL,NULL,8,1,0,1,0,1241,1,1,0,'a:0:{}'),
 (432,1,'civicrm/admin/report/register',NULL,'Register Report','a:2:{i:0;s:19:\"CRM_Core_Permission\";i:1;s:9:\"checkMenu\";}','a:2:{i:0;a:1:{i:0;s:18:\"administer Reports\";}i:1;s:3:\"and\";}','s:24:\"CRM_Report_Form_Register\";',NULL,'a:2:{i:0;a:2:{s:5:\"title\";s:7:\"CiviCRM\";s:3:\"url\";s:16:\"/civicrm?reset=1\";}i:1;a:2:{s:5:\"title\";s:10:\"Administer\";s:3:\"url\";s:22:\"/civicrm/admin?reset=1\";}}',NULL,NULL,NULL,1,0,1,1,1,1,0,0,'a:1:{s:4:\"desc\";s:30:\"Register the Report templates.\";}'),
 (433,1,'civicrm/report/instance',NULL,'Report','s:1:\"1\";','a:2:{i:0;a:1:{i:0;s:17:\"access CiviReport\";}i:1;s:3:\"and\";}','s:24:\"CRM_Report_Page_Instance\";',NULL,'a:2:{i:0;a:2:{s:5:\"title\";s:7:\"CiviCRM\";s:3:\"url\";s:16:\"/civicrm?reset=1\";}i:1;a:2:{s:5:\"title\";s:10:\"CiviReport\";s:3:\"url\";s:23:\"/civicrm/report?reset=1\";}}',NULL,NULL,8,1,0,1,0,1,1,0,0,'a:0:{}'),
 (434,1,'civicrm/admin/report/template/list',NULL,'Create New Report from Template','a:2:{i:0;s:19:\"CRM_Core_Permission\";i:1;s:9:\"checkMenu\";}','a:2:{i:0;a:2:{i:0;s:14:\"access CiviCRM\";i:1;s:17:\"access CiviReport\";}i:1;s:3:\"and\";}','s:28:\"CRM_Report_Page_TemplateList\";',NULL,'a:2:{i:0;a:2:{s:5:\"title\";s:7:\"CiviCRM\";s:3:\"url\";s:16:\"/civicrm?reset=1\";}i:1;a:2:{s:5:\"title\";s:10:\"Administer\";s:3:\"url\";s:22:\"/civicrm/admin?reset=1\";}}',NULL,NULL,NULL,1,0,1,1,1,1,0,0,'a:2:{s:4:\"desc\";s:49:\"Component wise listing of all available templates\";s:10:\"adminGroup\";s:10:\"CiviReport\";}'),
 (435,1,'civicrm/admin/report/options/report_template',NULL,'Manage Templates','a:2:{i:0;s:19:\"CRM_Core_Permission\";i:1;s:9:\"checkMenu\";}','a:2:{i:0;a:2:{i:0;s:14:\"access CiviCRM\";i:1;s:17:\"access CiviReport\";}i:1;s:3:\"and\";}','s:23:\"CRM_Report_Page_Options\";',NULL,'a:2:{i:0;a:2:{s:5:\"title\";s:7:\"CiviCRM\";s:3:\"url\";s:16:\"/civicrm?reset=1\";}i:1;a:2:{s:5:\"title\";s:10:\"Administer\";s:3:\"url\";s:22:\"/civicrm/admin?reset=1\";}}',NULL,NULL,NULL,1,0,1,1,1,1,0,0,'a:2:{s:4:\"desc\";s:45:\"Browse, Edit and Delete the Report templates.\";s:10:\"adminGroup\";s:10:\"CiviReport\";}'),
 (436,1,'civicrm/admin/report/list',NULL,'Reports Listing','a:2:{i:0;s:19:\"CRM_Core_Permission\";i:1;s:9:\"checkMenu\";}','a:2:{i:0;a:3:{i:0;s:25:\"administer CiviCRM system\";i:1;s:23:\"administer CiviCRM data\";i:2;s:14:\"access CiviCRM\";}i:1;s:3:\"and\";}','s:28:\"CRM_Report_Page_InstanceList\";',NULL,'a:2:{i:0;a:2:{s:5:\"title\";s:7:\"CiviCRM\";s:3:\"url\";s:16:\"/civicrm?reset=1\";}i:1;a:2:{s:5:\"title\";s:10:\"Administer\";s:3:\"url\";s:22:\"/civicrm/admin?reset=1\";}}',NULL,NULL,NULL,1,0,1,1,1,1,0,0,'a:2:{s:4:\"desc\";s:60:\"Browse existing report, change report criteria and settings.\";s:10:\"adminGroup\";s:10:\"CiviReport\";}'),
 (437,1,'civicrm/campaign/add',NULL,'New Campaign','a:2:{i:0;s:19:\"CRM_Core_Permission\";i:1;s:9:\"checkMenu\";}','a:2:{i:0;a:2:{i:0;s:23:\"administer CiviCampaign\";i:1;s:15:\"manage campaign\";}i:1;s:2:\"or\";}','s:26:\"CRM_Campaign_Form_Campaign\";',NULL,'a:1:{i:0;a:2:{s:5:\"title\";s:7:\"CiviCRM\";s:3:\"url\";s:16:\"/civicrm?reset=1\";}}',NULL,NULL,NULL,1,0,1,0,1,1,0,0,'a:1:{s:9:\"component\";s:12:\"CiviCampaign\";}'),
 (438,1,'civicrm/survey/add',NULL,'New Survey','a:2:{i:0;s:19:\"CRM_Core_Permission\";i:1;s:9:\"checkMenu\";}','a:2:{i:0;a:2:{i:0;s:23:\"administer CiviCampaign\";i:1;s:15:\"manage campaign\";}i:1;s:2:\"or\";}','s:29:\"CRM_Campaign_Form_Survey_Main\";',NULL,'a:1:{i:0;a:2:{s:5:\"title\";s:7:\"CiviCRM\";s:3:\"url\";s:16:\"/civicrm?reset=1\";}}',NULL,NULL,NULL,1,0,1,0,1,1,0,0,'a:1:{s:9:\"component\";s:12:\"CiviCampaign\";}'),
 (439,1,'civicrm/campaign/vote',NULL,'Conduct Survey','a:2:{i:0;s:19:\"CRM_Core_Permission\";i:1;s:9:\"checkMenu\";}','a:2:{i:0;a:4:{i:0;s:23:\"administer CiviCampaign\";i:1;s:15:\"manage campaign\";i:2;s:25:\"reserve campaign contacts\";i:3;s:27:\"interview campaign contacts\";}i:1;s:2:\"or\";}','s:22:\"CRM_Campaign_Page_Vote\";',NULL,'a:1:{i:0;a:2:{s:5:\"title\";s:7:\"CiviCRM\";s:3:\"url\";s:16:\"/civicrm?reset=1\";}}',NULL,NULL,NULL,1,0,1,0,1,1,0,0,'a:1:{s:9:\"component\";s:12:\"CiviCampaign\";}'),
 (440,1,'civicrm/admin/campaign/surveyType',NULL,'Survey Types','a:2:{i:0;s:19:\"CRM_Core_Permission\";i:1;s:9:\"checkMenu\";}','a:2:{i:0;a:1:{i:0;s:23:\"administer CiviCampaign\";}i:1;s:3:\"and\";}','s:28:\"CRM_Campaign_Page_SurveyType\";',NULL,'a:2:{i:0;a:2:{s:5:\"title\";s:7:\"CiviCRM\";s:3:\"url\";s:16:\"/civicrm?reset=1\";}i:1;a:2:{s:5:\"title\";s:10:\"Administer\";s:3:\"url\";s:22:\"/civicrm/admin?reset=1\";}}',NULL,NULL,NULL,1,0,1,1,1,1,0,0,'a:2:{s:10:\"adminGroup\";s:12:\"CiviCampaign\";s:9:\"component\";s:12:\"CiviCampaign\";}'),
 (441,1,'civicrm/admin/options/campaign_type',NULL,'Campaign Types','a:2:{i:0;s:19:\"CRM_Core_Permission\";i:1;s:9:\"checkMenu\";}','a:2:{i:0;a:3:{i:0;s:25:\"administer CiviCRM system\";i:1;s:23:\"administer CiviCRM data\";i:2;s:14:\"access CiviCRM\";}i:1;s:3:\"and\";}','s:22:\"CRM_Admin_Page_Options\";',NULL,'a:3:{i:0;a:2:{s:5:\"title\";s:7:\"CiviCRM\";s:3:\"url\";s:16:\"/civicrm?reset=1\";}i:1;a:2:{s:5:\"title\";s:10:\"Administer\";s:3:\"url\";s:22:\"/civicrm/admin?reset=1\";}i:2;a:2:{s:5:\"title\";s:13:\"Option Groups\";s:3:\"url\";s:30:\"/civicrm/admin/options?reset=1\";}}',NULL,NULL,NULL,1,0,1,1,2,1,0,0,'a:3:{s:4:\"desc\";s:47:\"categorize your campaigns using campaign types.\";s:10:\"adminGroup\";s:12:\"CiviCampaign\";s:9:\"component\";s:12:\"CiviCampaign\";}'),
 (442,1,'civicrm/admin/options/campaign_status',NULL,'Campaign Status','a:2:{i:0;s:19:\"CRM_Core_Permission\";i:1;s:9:\"checkMenu\";}','a:2:{i:0;a:3:{i:0;s:25:\"administer CiviCRM system\";i:1;s:23:\"administer CiviCRM data\";i:2;s:14:\"access CiviCRM\";}i:1;s:3:\"and\";}','s:22:\"CRM_Admin_Page_Options\";',NULL,'a:3:{i:0;a:2:{s:5:\"title\";s:7:\"CiviCRM\";s:3:\"url\";s:16:\"/civicrm?reset=1\";}i:1;a:2:{s:5:\"title\";s:10:\"Administer\";s:3:\"url\";s:22:\"/civicrm/admin?reset=1\";}i:2;a:2:{s:5:\"title\";s:13:\"Option Groups\";s:3:\"url\";s:30:\"/civicrm/admin/options?reset=1\";}}',NULL,NULL,NULL,1,0,1,1,3,1,0,0,'a:3:{s:4:\"desc\";s:34:\"Define statuses for campaign here.\";s:10:\"adminGroup\";s:12:\"CiviCampaign\";s:9:\"component\";s:12:\"CiviCampaign\";}'),
 (443,1,'civicrm/admin/options/engagement_index',NULL,'Engagement Index','a:2:{i:0;s:19:\"CRM_Core_Permission\";i:1;s:9:\"checkMenu\";}','a:2:{i:0;a:3:{i:0;s:25:\"administer CiviCRM system\";i:1;s:23:\"administer CiviCRM data\";i:2;s:14:\"access CiviCRM\";}i:1;s:3:\"and\";}','s:22:\"CRM_Admin_Page_Options\";',NULL,'a:3:{i:0;a:2:{s:5:\"title\";s:7:\"CiviCRM\";s:3:\"url\";s:16:\"/civicrm?reset=1\";}i:1;a:2:{s:5:\"title\";s:10:\"Administer\";s:3:\"url\";s:22:\"/civicrm/admin?reset=1\";}i:2;a:2:{s:5:\"title\";s:13:\"Option Groups\";s:3:\"url\";s:30:\"/civicrm/admin/options?reset=1\";}}',NULL,NULL,NULL,1,0,1,1,4,1,0,0,'a:3:{s:4:\"desc\";s:18:\"Engagement levels.\";s:10:\"adminGroup\";s:12:\"CiviCampaign\";s:9:\"component\";s:12:\"CiviCampaign\";}'),
 (444,1,'civicrm/survey/search','op=interview','Record Respondents Interview','a:2:{i:0;s:19:\"CRM_Core_Permission\";i:1;s:9:\"checkMenu\";}','a:2:{i:0;a:3:{i:0;s:23:\"administer CiviCampaign\";i:1;s:15:\"manage campaign\";i:2;s:27:\"interview campaign contacts\";}i:1;s:2:\"or\";}','s:30:\"CRM_Campaign_Controller_Search\";',NULL,'a:1:{i:0;a:2:{s:5:\"title\";s:7:\"CiviCRM\";s:3:\"url\";s:16:\"/civicrm?reset=1\";}}',NULL,NULL,NULL,1,0,1,0,1,1,0,0,'a:1:{s:9:\"component\";s:12:\"CiviCampaign\";}'),
 (445,1,'civicrm/campaign/gotv',NULL,'GOTV (Track Voters)','a:2:{i:0;s:19:\"CRM_Core_Permission\";i:1;s:9:\"checkMenu\";}','a:2:{i:0;a:4:{i:0;s:23:\"administer CiviCampaign\";i:1;s:15:\"manage campaign\";i:2;s:25:\"release campaign contacts\";i:3;s:22:\"gotv campaign contacts\";}i:1;s:2:\"or\";}','s:22:\"CRM_Campaign_Form_Gotv\";',NULL,'a:1:{i:0;a:2:{s:5:\"title\";s:7:\"CiviCRM\";s:3:\"url\";s:16:\"/civicrm?reset=1\";}}',NULL,NULL,NULL,1,0,1,0,1,1,0,0,'a:1:{s:9:\"component\";s:12:\"CiviCampaign\";}'),
 (446,1,'civicrm/petition/add',NULL,'New Petition','a:2:{i:0;s:19:\"CRM_Core_Permission\";i:1;s:9:\"checkMenu\";}','a:2:{i:0;a:2:{i:0;s:23:\"administer CiviCampaign\";i:1;s:15:\"manage campaign\";}i:1;s:2:\"or\";}','s:26:\"CRM_Campaign_Form_Petition\";',NULL,'a:1:{i:0;a:2:{s:5:\"title\";s:7:\"CiviCRM\";s:3:\"url\";s:16:\"/civicrm?reset=1\";}}',NULL,NULL,NULL,1,0,1,0,1,1,0,0,'a:0:{}'),
 (447,1,'civicrm/petition/sign',NULL,'Sign Petition','a:2:{i:0;s:19:\"CRM_Core_Permission\";i:1;s:9:\"checkMenu\";}','a:2:{i:0;a:1:{i:0;s:21:\"sign CiviCRM Petition\";}i:1;s:3:\"and\";}','s:36:\"CRM_Campaign_Form_Petition_Signature\";',NULL,'a:1:{i:0;a:2:{s:5:\"title\";s:7:\"CiviCRM\";s:3:\"url\";s:16:\"/civicrm?reset=1\";}}',NULL,NULL,NULL,1,1,1,0,1,1,0,0,'a:0:{}'),
 (448,1,'civicrm/petition/browse',NULL,'View Petition Signatures','a:2:{i:0;s:19:\"CRM_Core_Permission\";i:1;s:9:\"checkMenu\";}','a:2:{i:0;a:1:{i:0;s:14:\"access CiviCRM\";}i:1;s:3:\"and\";}','s:26:\"CRM_Campaign_Page_Petition\";',NULL,'a:1:{i:0;a:2:{s:5:\"title\";s:7:\"CiviCRM\";s:3:\"url\";s:16:\"/civicrm?reset=1\";}}',NULL,NULL,NULL,1,0,1,0,1,1,0,0,'a:0:{}'),
 (449,1,'civicrm/petition/confirm',NULL,'Email address verified','a:2:{i:0;s:19:\"CRM_Core_Permission\";i:1;s:9:\"checkMenu\";}','a:2:{i:0;a:1:{i:0;s:21:\"sign CiviCRM Petition\";}i:1;s:3:\"and\";}','s:34:\"CRM_Campaign_Page_Petition_Confirm\";',NULL,'a:1:{i:0;a:2:{s:5:\"title\";s:7:\"CiviCRM\";s:3:\"url\";s:16:\"/civicrm?reset=1\";}}',NULL,NULL,NULL,1,1,1,0,1,1,0,0,'a:0:{}'),
 (450,1,'civicrm/petition/thankyou',NULL,'Thank You','a:2:{i:0;s:19:\"CRM_Core_Permission\";i:1;s:9:\"checkMenu\";}','a:2:{i:0;a:1:{i:0;s:21:\"sign CiviCRM Petition\";}i:1;s:3:\"and\";}','s:35:\"CRM_Campaign_Page_Petition_ThankYou\";',NULL,'a:1:{i:0;a:2:{s:5:\"title\";s:7:\"CiviCRM\";s:3:\"url\";s:16:\"/civicrm?reset=1\";}}',NULL,NULL,NULL,1,1,1,0,1,1,0,0,'a:0:{}'),
 (451,1,'civicrm/campaign/registerInterview',NULL,NULL,'a:2:{i:0;s:19:\"CRM_Core_Permission\";i:1;s:9:\"checkMenu\";}','a:2:{i:0;a:3:{i:0;s:23:\"administer CiviCampaign\";i:1;s:15:\"manage campaign\";i:2;s:27:\"interview campaign contacts\";}i:1;s:2:\"or\";}','a:2:{i:0;s:22:\"CRM_Campaign_Page_AJAX\";i:1;s:17:\"registerInterview\";}',NULL,'a:1:{i:0;a:2:{s:5:\"title\";s:7:\"CiviCRM\";s:3:\"url\";s:16:\"/civicrm?reset=1\";}}',NULL,NULL,NULL,1,0,1,0,1,1,0,0,'a:0:{}'),
 (452,1,'civicrm/survey/configure/main',NULL,'Configure Survey','a:2:{i:0;s:19:\"CRM_Core_Permission\";i:1;s:9:\"checkMenu\";}','a:2:{i:0;a:2:{i:0;s:23:\"administer CiviCampaign\";i:1;s:15:\"manage campaign\";}i:1;s:2:\"or\";}','s:29:\"CRM_Campaign_Form_Survey_Main\";',NULL,'a:1:{i:0;a:2:{s:5:\"title\";s:7:\"CiviCRM\";s:3:\"url\";s:16:\"/civicrm?reset=1\";}}',NULL,NULL,NULL,1,0,1,0,1,1,0,0,'a:0:{}'),
 (453,1,'civicrm/survey/configure/questions',NULL,'Configure Survey','a:2:{i:0;s:19:\"CRM_Core_Permission\";i:1;s:9:\"checkMenu\";}','a:2:{i:0;a:2:{i:0;s:23:\"administer CiviCampaign\";i:1;s:15:\"manage campaign\";}i:1;s:2:\"or\";}','s:34:\"CRM_Campaign_Form_Survey_Questions\";',NULL,'a:1:{i:0;a:2:{s:5:\"title\";s:7:\"CiviCRM\";s:3:\"url\";s:16:\"/civicrm?reset=1\";}}',NULL,NULL,NULL,1,0,1,0,1,1,0,0,'a:0:{}'),
 (454,1,'civicrm/survey/configure/results',NULL,'Configure Survey','a:2:{i:0;s:19:\"CRM_Core_Permission\";i:1;s:9:\"checkMenu\";}','a:2:{i:0;a:2:{i:0;s:23:\"administer CiviCampaign\";i:1;s:15:\"manage campaign\";}i:1;s:2:\"or\";}','s:32:\"CRM_Campaign_Form_Survey_Results\";',NULL,'a:1:{i:0;a:2:{s:5:\"title\";s:7:\"CiviCRM\";s:3:\"url\";s:16:\"/civicrm?reset=1\";}}',NULL,NULL,NULL,1,0,1,0,1,1,0,0,'a:0:{}'),
 (455,1,'civicrm/survey/delete',NULL,'Delete Survey','a:2:{i:0;s:19:\"CRM_Core_Permission\";i:1;s:9:\"checkMenu\";}','a:2:{i:0;a:2:{i:0;s:23:\"administer CiviCampaign\";i:1;s:15:\"manage campaign\";}i:1;s:2:\"or\";}','s:31:\"CRM_Campaign_Form_Survey_Delete\";',NULL,'a:1:{i:0;a:2:{s:5:\"title\";s:7:\"CiviCRM\";s:3:\"url\";s:16:\"/civicrm?reset=1\";}}',NULL,NULL,NULL,1,0,1,0,1,1,0,0,'a:0:{}'),
 (456,1,'civicrm/admin/ckeditor',NULL,'Configure CKEditor 4','a:2:{i:0;s:19:\"CRM_Core_Permission\";i:1;s:9:\"checkMenu\";}','a:2:{i:0;a:1:{i:0;s:18:\"administer CiviCRM\";}i:1;s:3:\"and\";}','s:33:\"CRM_Ckeditor4_Form_CKEditorConfig\";',NULL,'a:2:{i:0;a:2:{s:5:\"title\";s:7:\"CiviCRM\";s:3:\"url\";s:16:\"/civicrm?reset=1\";}i:1;a:2:{s:5:\"title\";s:10:\"Administer\";s:3:\"url\";s:22:\"/civicrm/admin?reset=1\";}}',NULL,NULL,NULL,1,0,1,1,1,1,0,0,'a:0:{}'),
 (457,1,'civicrm/admin/setting/recaptcha',NULL,'reCAPTCHA Settings','a:2:{i:0;s:19:\"CRM_Core_Permission\";i:1;s:9:\"checkMenu\";}','a:2:{i:0;a:2:{i:0;s:18:\"administer CiviCRM\";i:1;s:20:\"administer recaptcha\";}i:1;s:2:\"or\";}','s:22:\"CRM_Admin_Form_Generic\";',NULL,'a:2:{i:0;a:2:{s:5:\"title\";s:7:\"CiviCRM\";s:3:\"url\";s:16:\"/civicrm?reset=1\";}i:1;a:2:{s:5:\"title\";s:10:\"Administer\";s:3:\"url\";s:22:\"/civicrm/admin?reset=1\";}}',NULL,NULL,NULL,1,0,1,1,1,1,0,0,'a:2:{s:10:\"adminGroup\";s:15:\"System Settings\";s:4:\"desc\";s:108:\"Uses the Google reCAPTCHA web service to improve the CAPTCHA system. It is tough on bots and easy on humans.\";}'),
 (458,1,'admin',NULL,NULL,NULL,NULL,NULL,NULL,'a:15:{s:6:\"Manage\";a:2:{s:12:\"component_id\";N;s:6:\"fields\";a:3:{s:26:\"{weight}.Manage Duplicates\";a:6:{s:5:\"title\";s:17:\"Manage Duplicates\";s:4:\"desc\";s:158:\"Manage the rules used to identify potentially duplicate contact records. Scan for duplicates using a selected rule and merge duplicate contact data as needed.\";s:2:\"id\";s:16:\"ManageDuplicates\";s:3:\"url\";s:36:\"/civicrm/contact/deduperules?reset=1\";s:4:\"icon\";N;s:5:\"extra\";N;}s:26:\"{weight}.Dedupe Exceptions\";a:6:{s:5:\"title\";s:17:\"Dedupe Exceptions\";s:4:\"desc\";N;s:2:\"id\";s:16:\"DedupeExceptions\";s:3:\"url\";s:33:\"/civicrm/dedupe/exception?reset=1\";s:4:\"icon\";N;s:5:\"extra\";N;}s:27:\"{weight}.Scheduled Jobs Log\";a:6:{s:5:\"title\";s:18:\"Scheduled Jobs Log\";s:4:\"desc\";s:46:\"Browsing the log of periodially running tasks.\";s:2:\"id\";s:16:\"ScheduledJobsLog\";s:3:\"url\";s:29:\"/civicrm/admin/joblog?reset=1\";s:4:\"icon\";N;s:5:\"extra\";N;}}}s:26:\"Customize Data and Screens\";a:2:{s:12:\"component_id\";N;s:6:\"fields\";a:20:{s:20:\"{weight}.Custom Data\";a:6:{s:5:\"title\";s:11:\"Custom Data\";s:4:\"desc\";s:109:\"Configure custom fields to collect and store custom data which is not included in the standard CiviCRM forms.\";s:2:\"id\";s:10:\"CustomData\";s:3:\"url\";s:35:\"/civicrm/admin/custom/group?reset=1\";s:4:\"icon\";N;s:5:\"extra\";N;}s:17:\"{weight}.Profiles\";a:6:{s:5:\"title\";s:8:\"Profiles\";s:4:\"desc\";s:151:\"Profiles allow you to aggregate groups of fields and include them in your site as input forms, contact display pages, and search and listings features.\";s:2:\"id\";s:8:\"Profiles\";s:3:\"url\";s:31:\"/civicrm/admin/uf/group?reset=1\";s:4:\"icon\";N;s:5:\"extra\";N;}s:23:\"{weight}.Activity Types\";a:6:{s:5:\"title\";s:14:\"Activity Types\";s:4:\"desc\";s:155:\"CiviCRM has several built-in activity types (meetings, phone calls, emails sent). Track other types of interactions by creating custom activity types here.\";s:2:\"id\";s:13:\"ActivityTypes\";s:3:\"url\";s:44:\"/civicrm/admin/options/activity_type?reset=1\";s:4:\"icon\";N;s:5:\"extra\";N;}s:27:\"{weight}.Relationship Types\";a:6:{s:5:\"title\";s:18:\"Relationship Types\";s:4:\"desc\";s:148:\"Contacts can be linked to each other through Relationships (e.g. Spouse, Employer, etc.). Define the types of relationships you want to record here.\";s:2:\"id\";s:17:\"RelationshipTypes\";s:3:\"url\";s:30:\"/civicrm/admin/reltype?reset=1\";s:4:\"icon\";N;s:5:\"extra\";N;}s:22:\"{weight}.Contact Types\";a:6:{s:5:\"title\";s:13:\"Contact Types\";s:4:\"desc\";N;s:2:\"id\";s:12:\"ContactTypes\";s:3:\"url\";s:38:\"/civicrm/admin/options/subtype?reset=1\";s:4:\"icon\";N;s:5:\"extra\";N;}s:23:\"{weight}.Gender Options\";a:6:{s:5:\"title\";s:14:\"Gender Options\";s:4:\"desc\";s:79:\"Options for assigning gender to individual contacts (e.g. Male, Female, Other).\";s:2:\"id\";s:13:\"GenderOptions\";s:3:\"url\";s:37:\"/civicrm/admin/options/gender?reset=1\";s:4:\"icon\";N;s:5:\"extra\";N;}s:40:\"{weight}.Individual Prefixes (Ms, Mr...)\";a:6:{s:5:\"title\";s:31:\"Individual Prefixes (Ms, Mr...)\";s:4:\"desc\";s:66:\"Options for individual contact prefixes (e.g. Ms., Mr., Dr. etc.).\";s:2:\"id\";s:27:\"IndividualPrefixes_Ms_Mr...\";s:3:\"url\";s:48:\"/civicrm/admin/options/individual_prefix?reset=1\";s:4:\"icon\";N;s:5:\"extra\";N;}s:40:\"{weight}.Individual Suffixes (Jr, Sr...)\";a:6:{s:5:\"title\";s:31:\"Individual Suffixes (Jr, Sr...)\";s:4:\"desc\";s:61:\"Options for individual contact suffixes (e.g. Jr., Sr. etc.).\";s:2:\"id\";s:27:\"IndividualSuffixes_Jr_Sr...\";s:3:\"url\";s:48:\"/civicrm/admin/options/individual_suffix?reset=1\";s:4:\"icon\";N;s:5:\"extra\";N;}s:39:\"{weight}.Location Types (Home, Work...)\";a:6:{s:5:\"title\";s:30:\"Location Types (Home, Work...)\";s:4:\"desc\";s:94:\"Options for categorizing contact addresses and phone numbers (e.g. Home, Work, Billing, etc.).\";s:2:\"id\";s:26:\"LocationTypes_Home_Work...\";s:3:\"url\";s:35:\"/civicrm/admin/locationType?reset=1\";s:4:\"icon\";N;s:5:\"extra\";N;}s:22:\"{weight}.Website Types\";a:6:{s:5:\"title\";s:13:\"Website Types\";s:4:\"desc\";s:48:\"Options for assigning website types to contacts.\";s:2:\"id\";s:12:\"WebsiteTypes\";s:3:\"url\";s:43:\"/civicrm/admin/options/website_type?reset=1\";s:4:\"icon\";N;s:5:\"extra\";N;}s:35:\"{weight}.Instant Messenger Services\";a:6:{s:5:\"title\";s:26:\"Instant Messenger Services\";s:4:\"desc\";s:79:\"List of IM services which can be used when recording screen-names for contacts.\";s:2:\"id\";s:24:\"InstantMessengerServices\";s:3:\"url\";s:56:\"/civicrm/admin/options/instant_messenger_service?reset=1\";s:4:\"icon\";N;s:5:\"extra\";N;}s:31:\"{weight}.Mobile Phone Providers\";a:6:{s:5:\"title\";s:22:\"Mobile Phone Providers\";s:4:\"desc\";s:90:\"List of mobile phone providers which can be assigned when recording contact phone numbers.\";s:2:\"id\";s:20:\"MobilePhoneProviders\";s:3:\"url\";s:46:\"/civicrm/admin/options/mobile_provider?reset=1\";s:4:\"icon\";N;s:5:\"extra\";N;}s:19:\"{weight}.Phone Type\";a:6:{s:5:\"title\";s:10:\"Phone Type\";s:4:\"desc\";s:80:\"Options for assigning phone type to contacts (e.g Phone,\n    Mobile, Fax, Pager)\";s:2:\"id\";s:9:\"PhoneType\";s:3:\"url\";s:41:\"/civicrm/admin/options/phone_type?reset=1\";s:4:\"icon\";N;s:5:\"extra\";N;}s:28:\"{weight}.Display Preferences\";a:6:{s:5:\"title\";s:19:\"Display Preferences\";s:4:\"desc\";N;s:2:\"id\";s:18:\"DisplayPreferences\";s:3:\"url\";s:50:\"/civicrm/admin/setting/preferences/display?reset=1\";s:4:\"icon\";N;s:5:\"extra\";N;}s:27:\"{weight}.Search Preferences\";a:6:{s:5:\"title\";s:18:\"Search Preferences\";s:4:\"desc\";N;s:2:\"id\";s:17:\"SearchPreferences\";s:3:\"url\";s:37:\"/civicrm/admin/setting/search?reset=1\";s:4:\"icon\";N;s:5:\"extra\";N;}s:24:\"{weight}.Navigation Menu\";a:6:{s:5:\"title\";s:15:\"Navigation Menu\";s:4:\"desc\";s:79:\"Add or remove menu items, and modify the order of items on the navigation menu.\";s:2:\"id\";s:14:\"NavigationMenu\";s:3:\"url\";s:27:\"/civicrm/admin/menu?reset=1\";s:4:\"icon\";N;s:5:\"extra\";N;}s:26:\"{weight}.Word Replacements\";a:6:{s:5:\"title\";s:17:\"Word Replacements\";s:4:\"desc\";s:18:\"Word Replacements.\";s:2:\"id\";s:16:\"WordReplacements\";s:3:\"url\";s:47:\"/civicrm/admin/options/wordreplacements?reset=1\";s:4:\"icon\";N;s:5:\"extra\";N;}s:31:\"{weight}.Manage Custom Searches\";a:6:{s:5:\"title\";s:22:\"Manage Custom Searches\";s:4:\"desc\";s:225:\"Developers and accidental techies with a bit of PHP and SQL knowledge can create new search forms to handle specific search and reporting needs which aren\'t covered by the built-in Advanced Search and Search Builder features.\";s:2:\"id\";s:20:\"ManageCustomSearches\";s:3:\"url\";s:44:\"/civicrm/admin/options/custom_search?reset=1\";s:4:\"icon\";N;s:5:\"extra\";N;}s:25:\"{weight}.Date Preferences\";a:6:{s:5:\"title\";s:16:\"Date Preferences\";s:4:\"desc\";N;s:2:\"id\";s:15:\"DatePreferences\";s:3:\"url\";s:47:\"/civicrm/admin/setting/preferences/date?reset=1\";s:4:\"icon\";N;s:5:\"extra\";N;}s:13:\"{weight}.Tags\";a:6:{s:5:\"title\";s:4:\"Tags\";s:4:\"desc\";s:158:\"Tags are useful for segmenting the contacts in your database into categories (e.g. Staff Member, Donor, Volunteer, etc.). Create and edit available tags here.\";s:2:\"id\";s:4:\"Tags\";s:3:\"url\";s:20:\"/civicrm/tag?reset=1\";s:4:\"icon\";N;s:5:\"extra\";N;}}}s:14:\"Communications\";a:2:{s:12:\"component_id\";N;s:6:\"fields\";a:10:{s:46:\"{weight}.Organization Address and Contact Info\";a:6:{s:5:\"title\";s:37:\"Organization Address and Contact Info\";s:4:\"desc\";s:150:\"Configure primary contact name, email, return-path and address information. This information is used by CiviMail to identify the sending organization.\";s:2:\"id\";s:33:\"OrganizationAddressandContactInfo\";s:3:\"url\";s:47:\"/civicrm/admin/domain?action=update&amp;reset=1\";s:4:\"icon\";N;s:5:\"extra\";N;}s:29:\"{weight}.From Email Addresses\";a:6:{s:5:\"title\";s:20:\"From Email Addresses\";s:4:\"desc\";s:74:\"List of Email Addresses which can be used when sending emails to contacts.\";s:2:\"id\";s:18:\"FromEmailAddresses\";s:3:\"url\";s:49:\"/civicrm/admin/options/from_email_address?reset=1\";s:4:\"icon\";N;s:5:\"extra\";N;}s:27:\"{weight}.Schedule Reminders\";a:6:{s:5:\"title\";s:18:\"Schedule Reminders\";s:4:\"desc\";s:19:\"Schedule Reminders.\";s:2:\"id\";s:17:\"ScheduleReminders\";s:3:\"url\";s:40:\"/civicrm/admin/scheduleReminders?reset=1\";s:4:\"icon\";N;s:5:\"extra\";N;}s:40:\"{weight}.Preferred Communication Methods\";a:6:{s:5:\"title\";s:31:\"Preferred Communication Methods\";s:4:\"desc\";s:117:\"One or more preferred methods of communication can be assigned to each contact. Customize the available options here.\";s:2:\"id\";s:29:\"PreferredCommunicationMethods\";s:3:\"url\";s:61:\"/civicrm/admin/options/preferred_communication_method?reset=1\";s:4:\"icon\";N;s:5:\"extra\";N;}s:27:\"{weight}.Label Page Formats\";a:6:{s:5:\"title\";s:18:\"Label Page Formats\";s:4:\"desc\";s:82:\"Configure label sizes and page layouts that are used when printing mailing labels.\";s:2:\"id\";s:16:\"LabelPageFormats\";s:3:\"url\";s:35:\"/civicrm/admin/labelFormats?reset=1\";s:4:\"icon\";N;s:5:\"extra\";N;}s:33:\"{weight}.Print Page (PDF) Formats\";a:6:{s:5:\"title\";s:24:\"Print Page (PDF) Formats\";s:4:\"desc\";s:95:\"Configure PDF Page Formats that can be assigned to Message Templates when creating PDF letters.\";s:2:\"id\";s:20:\"PrintPage_PDFFormats\";s:3:\"url\";s:33:\"/civicrm/admin/pdfFormats?reset=1\";s:4:\"icon\";N;s:5:\"extra\";N;}s:36:\"{weight}.Communication Style Options\";a:6:{s:5:\"title\";s:27:\"Communication Style Options\";s:4:\"desc\";s:42:\"Options for Communication Style selection.\";s:2:\"id\";s:25:\"CommunicationStyleOptions\";s:3:\"url\";s:50:\"/civicrm/admin/options/communication_style?reset=1\";s:4:\"icon\";N;s:5:\"extra\";N;}s:31:\"{weight}.Email Greeting Formats\";a:6:{s:5:\"title\";s:22:\"Email Greeting Formats\";s:4:\"desc\";s:75:\"Options for assigning email greetings to individual and household contacts.\";s:2:\"id\";s:20:\"EmailGreetingFormats\";s:3:\"url\";s:45:\"/civicrm/admin/options/email_greeting?reset=1\";s:4:\"icon\";N;s:5:\"extra\";N;}s:32:\"{weight}.Postal Greeting Formats\";a:6:{s:5:\"title\";s:23:\"Postal Greeting Formats\";s:4:\"desc\";s:76:\"Options for assigning postal greetings to individual and household contacts.\";s:2:\"id\";s:21:\"PostalGreetingFormats\";s:3:\"url\";s:46:\"/civicrm/admin/options/postal_greeting?reset=1\";s:4:\"icon\";N;s:5:\"extra\";N;}s:26:\"{weight}.Addressee Formats\";a:6:{s:5:\"title\";s:17:\"Addressee Formats\";s:4:\"desc\";s:83:\"Options for assigning addressee to individual, household and organization contacts.\";s:2:\"id\";s:16:\"AddresseeFormats\";s:3:\"url\";s:40:\"/civicrm/admin/options/addressee?reset=1\";s:4:\"icon\";N;s:5:\"extra\";N;}}}s:12:\"Localization\";a:2:{s:12:\"component_id\";N;s:6:\"fields\";a:4:{s:39:\"{weight}.Languages, Currency, Locations\";a:6:{s:5:\"title\";s:30:\"Languages, Currency, Locations\";s:4:\"desc\";N;s:2:\"id\";s:28:\"Languages_Currency_Locations\";s:3:\"url\";s:43:\"/civicrm/admin/setting/localization?reset=1\";s:4:\"icon\";N;s:5:\"extra\";N;}s:25:\"{weight}.Address Settings\";a:6:{s:5:\"title\";s:16:\"Address Settings\";s:4:\"desc\";N;s:2:\"id\";s:15:\"AddressSettings\";s:3:\"url\";s:50:\"/civicrm/admin/setting/preferences/address?reset=1\";s:4:\"icon\";N;s:5:\"extra\";N;}s:21:\"{weight}.Date Formats\";a:6:{s:5:\"title\";s:12:\"Date Formats\";s:4:\"desc\";N;s:2:\"id\";s:11:\"DateFormats\";s:3:\"url\";s:35:\"/civicrm/admin/setting/date?reset=1\";s:4:\"icon\";N;s:5:\"extra\";N;}s:28:\"{weight}.Preferred Languages\";a:6:{s:5:\"title\";s:19:\"Preferred Languages\";s:4:\"desc\";s:30:\"Options for contact languages.\";s:2:\"id\";s:18:\"PreferredLanguages\";s:3:\"url\";s:40:\"/civicrm/admin/options/languages?reset=1\";s:4:\"icon\";N;s:5:\"extra\";N;}}}s:21:\"Users and Permissions\";a:2:{s:12:\"component_id\";N;s:6:\"fields\";a:2:{s:23:\"{weight}.Access Control\";a:6:{s:5:\"title\";s:14:\"Access Control\";s:4:\"desc\";s:73:\"Grant or deny access to actions (view, edit...), features and components.\";s:2:\"id\";s:13:\"AccessControl\";s:3:\"url\";s:29:\"/civicrm/admin/access?reset=1\";s:4:\"icon\";N;s:5:\"extra\";N;}s:38:\"{weight}.Synchronize Users to Contacts\";a:6:{s:5:\"title\";s:29:\"Synchronize Users to Contacts\";s:4:\"desc\";s:71:\"Automatically create a CiviCRM contact record for each CMS user record.\";s:2:\"id\";s:26:\"SynchronizeUserstoContacts\";s:3:\"url\";s:32:\"/civicrm/admin/synchUser?reset=1\";s:4:\"icon\";N;s:5:\"extra\";N;}}}s:15:\"System Settings\";a:2:{s:12:\"component_id\";N;s:6:\"fields\";a:20:{s:32:\"{weight}.Configuration Checklist\";a:6:{s:5:\"title\";s:23:\"Configuration Checklist\";s:4:\"desc\";s:55:\"List of configuration tasks with links to each setting.\";s:2:\"id\";s:22:\"ConfigurationChecklist\";s:3:\"url\";s:33:\"/civicrm/admin/configtask?reset=1\";s:4:\"icon\";N;s:5:\"extra\";N;}s:34:\"{weight}.Enable CiviCRM Components\";a:6:{s:5:\"title\";s:25:\"Enable CiviCRM Components\";s:4:\"desc\";s:269:\"Enable or disable components (e.g. CiviEvent, CiviMember, etc.) for your site based on the features you need. We recommend disabling any components not being used in order to simplify the user interface. You can easily re-enable components at any time from this screen.\";s:2:\"id\";s:23:\"EnableCiviCRMComponents\";s:3:\"url\";s:40:\"/civicrm/admin/setting/component?reset=1\";s:4:\"icon\";N;s:5:\"extra\";N;}s:26:\"{weight}.Manage Extensions\";a:6:{s:5:\"title\";s:17:\"Manage Extensions\";s:4:\"desc\";s:0:\"\";s:2:\"id\";s:16:\"ManageExtensions\";s:3:\"url\";s:33:\"/civicrm/admin/extensions?reset=1\";s:4:\"icon\";N;s:5:\"extra\";N;}s:32:\"{weight}.Outbound Email Settings\";a:6:{s:5:\"title\";s:23:\"Outbound Email Settings\";s:4:\"desc\";N;s:2:\"id\";s:21:\"OutboundEmailSettings\";s:3:\"url\";s:35:\"/civicrm/admin/setting/smtp?reset=1\";s:4:\"icon\";N;s:5:\"extra\";N;}s:37:\"{weight}.Settings - Payment Processor\";a:6:{s:5:\"title\";s:28:\"Settings - Payment Processor\";s:4:\"desc\";s:48:\"Payment Processor setup for CiviCRM transactions\";s:2:\"id\";s:25:\"Settings-PaymentProcessor\";s:3:\"url\";s:39:\"/civicrm/admin/paymentProcessor?reset=1\";s:4:\"icon\";N;s:5:\"extra\";N;}s:30:\"{weight}.Mapping and Geocoding\";a:6:{s:5:\"title\";s:21:\"Mapping and Geocoding\";s:4:\"desc\";N;s:2:\"id\";s:19:\"MappingandGeocoding\";s:3:\"url\";s:38:\"/civicrm/admin/setting/mapping?reset=1\";s:4:\"icon\";N;s:5:\"extra\";N;}s:53:\"{weight}.Misc (Undelete, PDFs, Limits, Logging, etc.)\";a:6:{s:5:\"title\";s:44:\"Misc (Undelete, PDFs, Limits, Logging, etc.)\";s:4:\"desc\";s:63:\"Enable undelete/move to trash feature, detailed change logging.\";s:2:\"id\";s:38:\"Misc_Undelete_PDFs_Limits_Logging_etc.\";s:3:\"url\";s:35:\"/civicrm/admin/setting/misc?reset=1\";s:4:\"icon\";N;s:5:\"extra\";N;}s:20:\"{weight}.Directories\";a:6:{s:5:\"title\";s:11:\"Directories\";s:4:\"desc\";N;s:2:\"id\";s:11:\"Directories\";s:3:\"url\";s:35:\"/civicrm/admin/setting/path?reset=1\";s:4:\"icon\";N;s:5:\"extra\";N;}s:22:\"{weight}.Resource URLs\";a:6:{s:5:\"title\";s:13:\"Resource URLs\";s:4:\"desc\";N;s:2:\"id\";s:12:\"ResourceURLs\";s:3:\"url\";s:34:\"/civicrm/admin/setting/url?reset=1\";s:4:\"icon\";N;s:5:\"extra\";N;}s:40:\"{weight}.Cleanup Caches and Update Paths\";a:6:{s:5:\"title\";s:31:\"Cleanup Caches and Update Paths\";s:4:\"desc\";s:157:\"Reset the Base Directory Path and Base URL settings - generally when a CiviCRM site is moved to another location in the file system and/or to another domain.\";s:2:\"id\";s:27:\"CleanupCachesandUpdatePaths\";s:3:\"url\";s:50:\"/civicrm/admin/setting/updateConfigBackend?reset=1\";s:4:\"icon\";N;s:5:\"extra\";N;}s:33:\"{weight}.CMS Database Integration\";a:6:{s:5:\"title\";s:24:\"CMS Database Integration\";s:4:\"desc\";N;s:2:\"id\";s:22:\"CMSDatabaseIntegration\";s:3:\"url\";s:33:\"/civicrm/admin/setting/uf?reset=1\";s:4:\"icon\";N;s:5:\"extra\";N;}s:36:\"{weight}.Safe File Extension Options\";a:6:{s:5:\"title\";s:27:\"Safe File Extension Options\";s:4:\"desc\";s:44:\"File Extensions that can be considered safe.\";s:2:\"id\";s:24:\"SafeFileExtensionOptions\";s:3:\"url\";s:50:\"/civicrm/admin/options/safe_file_extension?reset=1\";s:4:\"icon\";N;s:5:\"extra\";N;}s:22:\"{weight}.Option Groups\";a:6:{s:5:\"title\";s:13:\"Option Groups\";s:4:\"desc\";s:35:\"Access all meta-data option groups.\";s:2:\"id\";s:12:\"OptionGroups\";s:3:\"url\";s:30:\"/civicrm/admin/options?reset=1\";s:4:\"icon\";N;s:5:\"extra\";N;}s:31:\"{weight}.Import/Export Mappings\";a:6:{s:5:\"title\";s:22:\"Import/Export Mappings\";s:4:\"desc\";s:141:\"Import and Export mappings allow you to easily run the same job multiple times. This option allows you to rename or delete existing mappings.\";s:2:\"id\";s:21:\"Import_ExportMappings\";s:3:\"url\";s:35:\"/civicrm/admin/mapping/edit?reset=1\";s:4:\"icon\";N;s:5:\"extra\";N;}s:18:\"{weight}.Debugging\";a:6:{s:5:\"title\";s:9:\"Debugging\";s:4:\"desc\";N;s:2:\"id\";s:9:\"Debugging\";s:3:\"url\";s:36:\"/civicrm/admin/setting/debug?reset=1\";s:4:\"icon\";N;s:5:\"extra\";N;}s:28:\"{weight}.Multi Site Settings\";a:6:{s:5:\"title\";s:19:\"Multi Site Settings\";s:4:\"desc\";N;s:2:\"id\";s:17:\"MultiSiteSettings\";s:3:\"url\";s:52:\"/civicrm/admin/setting/preferences/multisite?reset=1\";s:4:\"icon\";N;s:5:\"extra\";N;}s:23:\"{weight}.Scheduled Jobs\";a:6:{s:5:\"title\";s:14:\"Scheduled Jobs\";s:4:\"desc\";s:35:\"Managing periodially running tasks.\";s:2:\"id\";s:13:\"ScheduledJobs\";s:3:\"url\";s:26:\"/civicrm/admin/job?reset=1\";s:4:\"icon\";N;s:5:\"extra\";N;}s:27:\"{weight}.Edit Scheduled Job\";a:6:{s:5:\"title\";s:18:\"Edit Scheduled Job\";s:4:\"desc\";s:32:\"Edit a periodially running task.\";s:2:\"id\";s:16:\"EditScheduledJob\";s:3:\"url\";s:31:\"/civicrm/admin/job/edit?reset=1\";s:4:\"icon\";N;s:5:\"extra\";N;}s:22:\"{weight}.Sms Providers\";a:6:{s:5:\"title\";s:13:\"Sms Providers\";s:4:\"desc\";s:27:\"To configure a sms provider\";s:2:\"id\";s:12:\"SmsProviders\";s:3:\"url\";s:40:\"/civicrm/admin/sms/provider/edit?reset=1\";s:4:\"icon\";N;s:5:\"extra\";N;}s:27:\"{weight}.reCAPTCHA Settings\";a:6:{s:5:\"title\";s:18:\"reCAPTCHA Settings\";s:4:\"desc\";s:108:\"Uses the Google reCAPTCHA web service to improve the CAPTCHA system. It is tough on bots and easy on humans.\";s:2:\"id\";s:17:\"reCAPTCHASettings\";s:3:\"url\";s:40:\"/civicrm/admin/setting/recaptcha?reset=1\";s:4:\"icon\";N;s:5:\"extra\";N;}}}s:12:\"CiviCampaign\";a:2:{s:12:\"component_id\";N;s:6:\"fields\";a:5:{s:40:\"{weight}.CiviCampaign Component Settings\";a:6:{s:5:\"title\";s:31:\"CiviCampaign Component Settings\";s:4:\"desc\";s:40:\"Configure global CiviCampaign behaviors.\";s:2:\"id\";s:29:\"CiviCampaignComponentSettings\";s:3:\"url\";s:51:\"/civicrm/admin/setting/preferences/campaign?reset=1\";s:4:\"icon\";N;s:5:\"extra\";N;}s:21:\"{weight}.Survey Types\";a:6:{s:5:\"title\";s:12:\"Survey Types\";s:4:\"desc\";N;s:2:\"id\";s:11:\"SurveyTypes\";s:3:\"url\";s:42:\"/civicrm/admin/campaign/surveyType?reset=1\";s:4:\"icon\";N;s:5:\"extra\";N;}s:23:\"{weight}.Campaign Types\";a:6:{s:5:\"title\";s:14:\"Campaign Types\";s:4:\"desc\";s:47:\"categorize your campaigns using campaign types.\";s:2:\"id\";s:13:\"CampaignTypes\";s:3:\"url\";s:44:\"/civicrm/admin/options/campaign_type?reset=1\";s:4:\"icon\";N;s:5:\"extra\";N;}s:24:\"{weight}.Campaign Status\";a:6:{s:5:\"title\";s:15:\"Campaign Status\";s:4:\"desc\";s:34:\"Define statuses for campaign here.\";s:2:\"id\";s:14:\"CampaignStatus\";s:3:\"url\";s:46:\"/civicrm/admin/options/campaign_status?reset=1\";s:4:\"icon\";N;s:5:\"extra\";N;}s:25:\"{weight}.Engagement Index\";a:6:{s:5:\"title\";s:16:\"Engagement Index\";s:4:\"desc\";s:18:\"Engagement levels.\";s:2:\"id\";s:15:\"EngagementIndex\";s:3:\"url\";s:47:\"/civicrm/admin/options/engagement_index?reset=1\";s:4:\"icon\";N;s:5:\"extra\";N;}}}s:9:\"CiviEvent\";a:2:{s:12:\"component_id\";N;s:6:\"fields\";a:8:{s:37:\"{weight}.CiviEvent Component Settings\";a:6:{s:5:\"title\";s:28:\"CiviEvent Component Settings\";s:4:\"desc\";s:37:\"Configure global CiviEvent behaviors.\";s:2:\"id\";s:26:\"CiviEventComponentSettings\";s:3:\"url\";s:48:\"/civicrm/admin/setting/preferences/event?reset=1\";s:4:\"icon\";N;s:5:\"extra\";N;}s:33:\"{weight}.Event Name Badge Layouts\";a:6:{s:5:\"title\";s:24:\"Event Name Badge Layouts\";s:4:\"desc\";s:107:\"Configure name badge layouts for event participants, including logos and what data to include on the badge.\";s:2:\"id\";s:21:\"EventNameBadgeLayouts\";s:3:\"url\";s:52:\"/civicrm/admin/badgelayout?action=browse&amp;reset=1\";s:4:\"icon\";N;s:5:\"extra\";N;}s:22:\"{weight}.Manage Events\";a:6:{s:5:\"title\";s:13:\"Manage Events\";s:4:\"desc\";s:136:\"Create and edit event configuration including times, locations, online registration forms, and fees. Links for iCal and RSS syndication.\";s:2:\"id\";s:12:\"ManageEvents\";s:3:\"url\";s:28:\"/civicrm/admin/event?reset=1\";s:4:\"icon\";N;s:5:\"extra\";N;}s:24:\"{weight}.Event Templates\";a:6:{s:5:\"title\";s:15:\"Event Templates\";s:4:\"desc\";s:115:\"Administrators can create Event Templates - which are basically master event records pre-filled with default values\";s:2:\"id\";s:14:\"EventTemplates\";s:3:\"url\";s:36:\"/civicrm/admin/eventTemplate?reset=1\";s:4:\"icon\";N;s:5:\"extra\";N;}s:20:\"{weight}.Event Types\";a:6:{s:5:\"title\";s:11:\"Event Types\";s:4:\"desc\";s:143:\"Use Event Types to categorize your events. Event feeds can be filtered by Event Type and participant searches can use Event Type as a criteria.\";s:2:\"id\";s:10:\"EventTypes\";s:3:\"url\";s:41:\"/civicrm/admin/options/event_type?reset=1\";s:4:\"icon\";N;s:5:\"extra\";N;}s:27:\"{weight}.Participant Status\";a:6:{s:5:\"title\";s:18:\"Participant Status\";s:4:\"desc\";s:154:\"Define statuses for event participants here (e.g. Registered, Attended, Cancelled...). You can then assign statuses and search for participants by status.\";s:2:\"id\";s:17:\"ParticipantStatus\";s:3:\"url\";s:41:\"/civicrm/admin/participant_status?reset=1\";s:4:\"icon\";N;s:5:\"extra\";N;}s:25:\"{weight}.Participant Role\";a:6:{s:5:\"title\";s:16:\"Participant Role\";s:4:\"desc\";s:138:\"Define participant roles for events here (e.g. Attendee, Host, Speaker...). You can then assign roles and search for participants by role.\";s:2:\"id\";s:15:\"ParticipantRole\";s:3:\"url\";s:47:\"/civicrm/admin/options/participant_role?reset=1\";s:4:\"icon\";N;s:5:\"extra\";N;}s:38:\"{weight}.Participant Listing Templates\";a:6:{s:5:\"title\";s:29:\"Participant Listing Templates\";s:4:\"desc\";s:48:\"Template to control participant listing display.\";s:2:\"id\";s:27:\"ParticipantListingTemplates\";s:3:\"url\";s:50:\"/civicrm/admin/options/participant_listing?reset=1\";s:4:\"icon\";N;s:5:\"extra\";N;}}}s:8:\"CiviMail\";a:2:{s:12:\"component_id\";N;s:6:\"fields\";a:5:{s:36:\"{weight}.CiviMail Component Settings\";a:6:{s:5:\"title\";s:27:\"CiviMail Component Settings\";s:4:\"desc\";s:36:\"Configure global CiviMail behaviors.\";s:2:\"id\";s:25:\"CiviMailComponentSettings\";s:3:\"url\";s:50:\"/civicrm/admin/setting/preferences/mailing?reset=1\";s:4:\"icon\";N;s:5:\"extra\";N;}s:24:\"{weight}.Mailer Settings\";a:6:{s:5:\"title\";s:15:\"Mailer Settings\";s:4:\"desc\";s:61:\"Configure spool period, throttling and other mailer settings.\";s:2:\"id\";s:14:\"MailerSettings\";s:3:\"url\";s:27:\"/civicrm/admin/mail?reset=1\";s:4:\"icon\";N;s:5:\"extra\";N;}s:49:\"{weight}.Headers, Footers, and Automated Messages\";a:6:{s:5:\"title\";s:40:\"Headers, Footers, and Automated Messages\";s:4:\"desc\";s:143:\"Configure the header and footer used for mailings. Customize the content of automated Subscribe, Unsubscribe, Resubscribe and Opt-out messages.\";s:2:\"id\";s:36:\"Headers_Footers_andAutomatedMessages\";s:3:\"url\";s:37:\"/civicrm/admin/component/edit?reset=1\";s:4:\"icon\";N;s:5:\"extra\";N;}s:29:\"{weight}.From Email Addresses\";a:6:{s:5:\"title\";s:20:\"From Email Addresses\";s:4:\"desc\";s:74:\"List of Email Addresses which can be used when sending emails to contacts.\";s:2:\"id\";s:18:\"FromEmailAddresses\";s:3:\"url\";s:58:\"/civicrm/admin/options/from_email_address/civimail?reset=1\";s:4:\"icon\";N;s:5:\"extra\";N;}s:22:\"{weight}.Mail Accounts\";a:6:{s:5:\"title\";s:13:\"Mail Accounts\";s:4:\"desc\";s:20:\"List email accounts.\";s:2:\"id\";s:12:\"MailAccounts\";s:3:\"url\";s:35:\"/civicrm/admin/mailSettings?reset=1\";s:4:\"icon\";N;s:5:\"extra\";N;}}}s:10:\"CiviMember\";a:2:{s:12:\"component_id\";N;s:6:\"fields\";a:3:{s:38:\"{weight}.CiviMember Component Settings\";a:6:{s:5:\"title\";s:29:\"CiviMember Component Settings\";s:4:\"desc\";s:38:\"Configure global CiviMember behaviors.\";s:2:\"id\";s:27:\"CiviMemberComponentSettings\";s:3:\"url\";s:49:\"/civicrm/admin/setting/preferences/member?reset=1\";s:4:\"icon\";N;s:5:\"extra\";N;}s:25:\"{weight}.Membership Types\";a:6:{s:5:\"title\";s:16:\"Membership Types\";s:4:\"desc\";s:174:\"Define the types of memberships you want to offer. For each type, you can specify a \'name\' (Gold Member, Honor Society Member...), a description, duration, and a minimum fee.\";s:2:\"id\";s:15:\"MembershipTypes\";s:3:\"url\";s:44:\"/civicrm/admin/member/membershipType?reset=1\";s:4:\"icon\";N;s:5:\"extra\";N;}s:32:\"{weight}.Membership Status Rules\";a:6:{s:5:\"title\";s:23:\"Membership Status Rules\";s:4:\"desc\";s:187:\"Status \'rules\' define the current status for a membership based on that membership\'s start and end dates. You can adjust the default status options and rules as needed to meet your needs.\";s:2:\"id\";s:21:\"MembershipStatusRules\";s:3:\"url\";s:46:\"/civicrm/admin/member/membershipStatus?reset=1\";s:4:\"icon\";N;s:5:\"extra\";N;}}}s:12:\"Option Lists\";a:2:{s:12:\"component_id\";N;s:6:\"fields\";a:1:{s:20:\"{weight}.Grant Types\";a:6:{s:5:\"title\";s:11:\"Grant Types\";s:4:\"desc\";s:148:\"List of types which can be assigned to Grants. (Enable CiviGrant from Administer > System Settings > Enable Components if you want to track grants.)\";s:2:\"id\";s:10:\"GrantTypes\";s:3:\"url\";s:41:\"/civicrm/admin/options/grant_type?reset=1\";s:4:\"icon\";N;s:5:\"extra\";N;}}}s:9:\"Customize\";a:2:{s:12:\"component_id\";N;s:6:\"fields\";a:1:{s:19:\"{weight}.Price Sets\";a:6:{s:5:\"title\";s:10:\"Price Sets\";s:4:\"desc\";s:205:\"Price sets allow you to offer multiple options with associated fees (e.g. pre-conference workshops, additional meals, etc.). Configure Price Sets for events which need more than a single set of fee levels.\";s:2:\"id\";s:9:\"PriceSets\";s:3:\"url\";s:28:\"/civicrm/admin/price?reset=1\";s:4:\"icon\";N;s:5:\"extra\";N;}}}s:14:\"CiviContribute\";a:2:{s:12:\"component_id\";N;s:6:\"fields\";a:9:{s:32:\"{weight}.Personal Campaign Pages\";a:6:{s:5:\"title\";s:23:\"Personal Campaign Pages\";s:4:\"desc\";s:49:\"View and manage existing personal campaign pages.\";s:2:\"id\";s:21:\"PersonalCampaignPages\";s:3:\"url\";s:49:\"/civicrm/admin/pcp?context=contribute&amp;reset=1\";s:4:\"icon\";N;s:5:\"extra\";N;}s:34:\"{weight}.Manage Contribution Pages\";a:6:{s:5:\"title\";s:25:\"Manage Contribution Pages\";s:4:\"desc\";s:242:\"CiviContribute allows you to create and maintain any number of Online Contribution Pages. You can create different pages for different programs or campaigns - and customize text, amounts, types of information collected from contributors, etc.\";s:2:\"id\";s:23:\"ManageContributionPages\";s:3:\"url\";s:33:\"/civicrm/admin/contribute?reset=1\";s:4:\"icon\";N;s:5:\"extra\";N;}s:24:\"{weight}.Manage Premiums\";a:6:{s:5:\"title\";s:15:\"Manage Premiums\";s:4:\"desc\";s:175:\"CiviContribute allows you to configure any number of Premiums which can be offered to contributors as incentives / thank-you gifts. Define the premiums you want to offer here.\";s:2:\"id\";s:14:\"ManagePremiums\";s:3:\"url\";s:48:\"/civicrm/admin/contribute/managePremiums?reset=1\";s:4:\"icon\";N;s:5:\"extra\";N;}s:24:\"{weight}.Financial Types\";a:6:{s:5:\"title\";s:15:\"Financial Types\";s:4:\"desc\";s:64:\"Formerly civicrm_contribution_type merged into this table in 4.1\";s:2:\"id\";s:14:\"FinancialTypes\";s:3:\"url\";s:46:\"/civicrm/admin/financial/financialType?reset=1\";s:4:\"icon\";N;s:5:\"extra\";N;}s:27:\"{weight}.Financial Accounts\";a:6:{s:5:\"title\";s:18:\"Financial Accounts\";s:4:\"desc\";s:128:\"Financial types are used to categorize contributions for reporting and accounting purposes. These are also referred to as Funds.\";s:2:\"id\";s:17:\"FinancialAccounts\";s:3:\"url\";s:49:\"/civicrm/admin/financial/financialAccount?reset=1\";s:4:\"icon\";N;s:5:\"extra\";N;}s:24:\"{weight}.Payment Methods\";a:6:{s:5:\"title\";s:15:\"Payment Methods\";s:4:\"desc\";s:224:\"You may choose to record the payment instrument used for each contribution. Common payment methods are installed by default (e.g. Check, Cash, Credit Card...). If your site requires additional payment methods, add them here.\";s:2:\"id\";s:14:\"PaymentMethods\";s:3:\"url\";s:49:\"/civicrm/admin/options/payment_instrument?reset=1\";s:4:\"icon\";N;s:5:\"extra\";N;}s:30:\"{weight}.Accepted Credit Cards\";a:6:{s:5:\"title\";s:21:\"Accepted Credit Cards\";s:4:\"desc\";s:94:\"Credit card options that will be offered to contributors using your Online Contribution pages.\";s:2:\"id\";s:19:\"AcceptedCreditCards\";s:3:\"url\";s:48:\"/civicrm/admin/options/accept_creditcard?reset=1\";s:4:\"icon\";N;s:5:\"extra\";N;}s:26:\"{weight}.Soft Credit Types\";a:6:{s:5:\"title\";s:17:\"Soft Credit Types\";s:4:\"desc\";s:86:\"Soft Credit Types that will be offered to contributors during soft credit contribution\";s:2:\"id\";s:15:\"SoftCreditTypes\";s:3:\"url\";s:47:\"/civicrm/admin/options/soft_credit_type?reset=1\";s:4:\"icon\";N;s:5:\"extra\";N;}s:42:\"{weight}.CiviContribute Component Settings\";a:6:{s:5:\"title\";s:33:\"CiviContribute Component Settings\";s:4:\"desc\";s:42:\"Configure global CiviContribute behaviors.\";s:2:\"id\";s:31:\"CiviContributeComponentSettings\";s:3:\"url\";s:53:\"/civicrm/admin/setting/preferences/contribute?reset=1\";s:4:\"icon\";N;s:5:\"extra\";N;}}}s:8:\"CiviCase\";a:2:{s:12:\"component_id\";N;s:6:\"fields\";a:5:{s:26:\"{weight}.CiviCase Settings\";a:6:{s:5:\"title\";s:17:\"CiviCase Settings\";s:4:\"desc\";N;s:2:\"id\";s:16:\"CiviCaseSettings\";s:3:\"url\";s:35:\"/civicrm/admin/setting/case?reset=1\";s:4:\"icon\";N;s:5:\"extra\";N;}s:19:\"{weight}.Case Types\";a:6:{s:5:\"title\";s:10:\"Case Types\";s:4:\"desc\";s:137:\"List of types which can be assigned to Cases. (Enable the Cases tab from System Settings - Enable Components if you want to track cases.)\";s:2:\"id\";s:9:\"CaseTypes\";s:3:\"url\";s:40:\"/civicrm/admin/options/case_type?reset=1\";s:4:\"icon\";N;s:5:\"extra\";N;}s:24:\"{weight}.Redaction Rules\";a:6:{s:5:\"title\";s:15:\"Redaction Rules\";s:4:\"desc\";s:223:\"List of rules which can be applied to user input strings so that the redacted output can be recognized as repeated instances of the same string or can be identified as a \"semantic type of the data element\" within case data.\";s:2:\"id\";s:14:\"RedactionRules\";s:3:\"url\";s:45:\"/civicrm/admin/options/redaction_rule?reset=1\";s:4:\"icon\";N;s:5:\"extra\";N;}s:22:\"{weight}.Case Statuses\";a:6:{s:5:\"title\";s:13:\"Case Statuses\";s:4:\"desc\";s:48:\"List of statuses that can be assigned to a case.\";s:2:\"id\";s:12:\"CaseStatuses\";s:3:\"url\";s:42:\"/civicrm/admin/options/case_status?reset=1\";s:4:\"icon\";N;s:5:\"extra\";N;}s:26:\"{weight}.Encounter Mediums\";a:6:{s:5:\"title\";s:17:\"Encounter Mediums\";s:4:\"desc\";s:26:\"List of encounter mediums.\";s:2:\"id\";s:16:\"EncounterMediums\";s:3:\"url\";s:47:\"/civicrm/admin/options/encounter_medium?reset=1\";s:4:\"icon\";N;s:5:\"extra\";N;}}}s:10:\"CiviReport\";a:2:{s:12:\"component_id\";N;s:6:\"fields\";a:3:{s:40:\"{weight}.Create New Report from Template\";a:6:{s:5:\"title\";s:31:\"Create New Report from Template\";s:4:\"desc\";s:49:\"Component wise listing of all available templates\";s:2:\"id\";s:27:\"CreateNewReportfromTemplate\";s:3:\"url\";s:43:\"/civicrm/admin/report/template/list?reset=1\";s:4:\"icon\";N;s:5:\"extra\";N;}s:25:\"{weight}.Manage Templates\";a:6:{s:5:\"title\";s:16:\"Manage Templates\";s:4:\"desc\";s:45:\"Browse, Edit and Delete the Report templates.\";s:2:\"id\";s:15:\"ManageTemplates\";s:3:\"url\";s:53:\"/civicrm/admin/report/options/report_template?reset=1\";s:4:\"icon\";N;s:5:\"extra\";N;}s:24:\"{weight}.Reports Listing\";a:6:{s:5:\"title\";s:15:\"Reports Listing\";s:4:\"desc\";s:60:\"Browse existing report, change report criteria and settings.\";s:2:\"id\";s:14:\"ReportsListing\";s:3:\"url\";s:34:\"/civicrm/admin/report/list?reset=1\";s:4:\"icon\";N;s:5:\"extra\";N;}}}}',NULL,NULL,NULL,1,0,1,1,1,1,1,0,'a:0:{}');
/*!40000 ALTER TABLE `civicrm_menu` ENABLE KEYS */;
UNLOCK TABLES;

--
-- Dumping data for table `civicrm_msg_template`
--

LOCK TABLES `civicrm_msg_template` WRITE;
/*!40000 ALTER TABLE `civicrm_msg_template` DISABLE KEYS */;
INSERT INTO `civicrm_msg_template` (`id`, `msg_title`, `msg_subject`, `msg_text`, `msg_html`, `is_active`, `workflow_id`, `workflow_name`, `is_default`, `is_reserved`, `is_sms`, `pdf_format_id`) VALUES
 (1,'Cases - Send Copy of an Activity','{if !empty($idHash)}[case #{$idHash}]{/if} {$activitySubject}\n','','<!DOCTYPE html PUBLIC \"-//W3C//DTD XHTML 1.0 Transitional//EN\" \"http://www.w3.org/TR/xhtml1/DTD/xhtml1-transitional.dtd\">\n<html xmlns=\"http://www.w3.org/1999/xhtml\">\n<head>\n <meta http-equiv=\"Content-Type\" content=\"text/html; charset=UTF-8\" />\n <title></title>\n</head>\n<body>\n\n  {capture assign=headerStyle}colspan=\"2\" style=\"text-align: left; padding: 4px; border-bottom: 1px solid #999; background-color: #eee;\"{/capture}\n  {capture assign=labelStyle}style=\"padding: 4px; border-bottom: 1px solid #999; background-color: #f7f7f7;\"{/capture}\n  {capture assign=valueStyle}style=\"padding: 4px; border-bottom: 1px solid #999;\"{/capture}\n\n    <!-- BEGIN HEADER -->\n      {* To modify content in this section, you can edit the Custom Token named \"Message Header\". See also: https://docs.civicrm.org/user/en/latest/email/message-templates/#modifying-system-workflow-message-templates *}\n      {site.message_header}\n    <!-- END HEADER -->\n\n    <!-- BEGIN CONTENT -->\n\n    <table id=\"crm-event_receipt\" style=\"font-family: Arial, Verdana, sans-serif; text-align: left; width:100%; max-width:700px; padding:0; margin:0; border:0px;\">\n      <tr>\n        <td>\n          <table style=\"border: 1px solid #999; margin: 1em 0em 1em; border-collapse: collapse; width:100%;\">\n            <tr>\n              <th {$headerStyle}>\n                {ts}Activity Summary{/ts} - {activity.activity_type_id:label}\n              </th>\n            </tr>\n            {if !empty($isCaseActivity)}\n              <tr>\n                <td {$labelStyle}>\n                  {ts}Your Case Role(s){/ts}\n                </td>\n                <td {$valueStyle}>\n                  {$contact.role|default:\'\'}\n                </td>\n              </tr>\n              {if !empty($manageCaseURL)}\n                <tr>\n                  <td colspan=\"2\" {$valueStyle}>\n                    <a href=\"{$manageCaseURL}\" title=\"{ts}Manage Case{/ts}\">{ts}Manage Case{/ts}</a>\n                  </td>\n                </tr>\n              {/if}\n            {/if}\n            {if !empty($editActURL)}\n              <tr>\n                <td colspan=\"2\" {$valueStyle}>\n                  <a href=\"{$editActURL}\" title=\"{ts}Edit activity{/ts}\">{ts}Edit activity{/ts}</a>\n                </td>\n              </tr>\n            {/if}\n            {if !empty($viewActURL)}\n              <tr>\n                <td colspan=\"2\" {$valueStyle}>\n                  <a href=\"{$viewActURL}\" title=\"{ts}View activity{/ts}\">{ts}View activity{/ts}</a>\n                </td>\n              </tr>\n            {/if}\n            {foreach from=$activity.fields item=field}\n              <tr>\n                <td {$labelStyle}>\n                  {$field.label}\n                </td>\n                <td {$valueStyle}>\n                  {if $field.type eq \'Date\'}\n                    {$field.value|crmDate:$config->dateformatDatetime}\n                  {else}\n                    {$field.value}\n                  {/if}\n                </td>\n              </tr>\n            {/foreach}\n\n            {if !empty($activity.customGroups)}\n              {foreach from=$activity.customGroups key=customGroupName item=customGroup}\n                <tr>\n                  <th {$headerStyle}>\n                    {$customGroupName}\n                  </th>\n                </tr>\n                {foreach from=$customGroup item=field}\n                  <tr>\n                    <td {$labelStyle}>\n                      {$field.label}\n                    </td>\n                    <td {$valueStyle}>\n                      {if $field.type eq \'Date\'}\n                        {$field.value|crmDate:$config->dateformatDatetime}\n                      {else}\n                        {$field.value}\n                      {/if}\n                    </td>\n                  </tr>\n                {/foreach}\n              {/foreach}\n            {/if}\n          </table>\n        </td>\n      </tr>\n    </table>\n</body>\n</html>\n',1,814,'case_activity',1,0,0,NULL),
 (2,'Cases - Send Copy of an Activity','{if !empty($idHash)}[case #{$idHash}]{/if} {$activitySubject}\n','','<!DOCTYPE html PUBLIC \"-//W3C//DTD XHTML 1.0 Transitional//EN\" \"http://www.w3.org/TR/xhtml1/DTD/xhtml1-transitional.dtd\">\n<html xmlns=\"http://www.w3.org/1999/xhtml\">\n<head>\n <meta http-equiv=\"Content-Type\" content=\"text/html; charset=UTF-8\" />\n <title></title>\n</head>\n<body>\n\n  {capture assign=headerStyle}colspan=\"2\" style=\"text-align: left; padding: 4px; border-bottom: 1px solid #999; background-color: #eee;\"{/capture}\n  {capture assign=labelStyle}style=\"padding: 4px; border-bottom: 1px solid #999; background-color: #f7f7f7;\"{/capture}\n  {capture assign=valueStyle}style=\"padding: 4px; border-bottom: 1px solid #999;\"{/capture}\n\n    <!-- BEGIN HEADER -->\n      {* To modify content in this section, you can edit the Custom Token named \"Message Header\". See also: https://docs.civicrm.org/user/en/latest/email/message-templates/#modifying-system-workflow-message-templates *}\n      {site.message_header}\n    <!-- END HEADER -->\n\n    <!-- BEGIN CONTENT -->\n\n    <table id=\"crm-event_receipt\" style=\"font-family: Arial, Verdana, sans-serif; text-align: left; width:100%; max-width:700px; padding:0; margin:0; border:0px;\">\n      <tr>\n        <td>\n          <table style=\"border: 1px solid #999; margin: 1em 0em 1em; border-collapse: collapse; width:100%;\">\n            <tr>\n              <th {$headerStyle}>\n                {ts}Activity Summary{/ts} - {activity.activity_type_id:label}\n              </th>\n            </tr>\n            {if !empty($isCaseActivity)}\n              <tr>\n                <td {$labelStyle}>\n                  {ts}Your Case Role(s){/ts}\n                </td>\n                <td {$valueStyle}>\n                  {$contact.role|default:\'\'}\n                </td>\n              </tr>\n              {if !empty($manageCaseURL)}\n                <tr>\n                  <td colspan=\"2\" {$valueStyle}>\n                    <a href=\"{$manageCaseURL}\" title=\"{ts}Manage Case{/ts}\">{ts}Manage Case{/ts}</a>\n                  </td>\n                </tr>\n              {/if}\n            {/if}\n            {if !empty($editActURL)}\n              <tr>\n                <td colspan=\"2\" {$valueStyle}>\n                  <a href=\"{$editActURL}\" title=\"{ts}Edit activity{/ts}\">{ts}Edit activity{/ts}</a>\n                </td>\n              </tr>\n            {/if}\n            {if !empty($viewActURL)}\n              <tr>\n                <td colspan=\"2\" {$valueStyle}>\n                  <a href=\"{$viewActURL}\" title=\"{ts}View activity{/ts}\">{ts}View activity{/ts}</a>\n                </td>\n              </tr>\n            {/if}\n            {foreach from=$activity.fields item=field}\n              <tr>\n                <td {$labelStyle}>\n                  {$field.label}\n                </td>\n                <td {$valueStyle}>\n                  {if $field.type eq \'Date\'}\n                    {$field.value|crmDate:$config->dateformatDatetime}\n                  {else}\n                    {$field.value}\n                  {/if}\n                </td>\n              </tr>\n            {/foreach}\n\n            {if !empty($activity.customGroups)}\n              {foreach from=$activity.customGroups key=customGroupName item=customGroup}\n                <tr>\n                  <th {$headerStyle}>\n                    {$customGroupName}\n                  </th>\n                </tr>\n                {foreach from=$customGroup item=field}\n                  <tr>\n                    <td {$labelStyle}>\n                      {$field.label}\n                    </td>\n                    <td {$valueStyle}>\n                      {if $field.type eq \'Date\'}\n                        {$field.value|crmDate:$config->dateformatDatetime}\n                      {else}\n                        {$field.value}\n                      {/if}\n                    </td>\n                  </tr>\n                {/foreach}\n              {/foreach}\n            {/if}\n          </table>\n        </td>\n      </tr>\n    </table>\n</body>\n</html>\n',1,814,'case_activity',0,1,0,NULL),
 (3,'Contributions - Duplicate Organization Alert','{ts}CiviContribute Alert: Possible Duplicate Contact Record{/ts} - {contact.display_name}\n','','<!DOCTYPE html PUBLIC \"-//W3C//DTD XHTML 1.0 Transitional//EN\" \"http://www.w3.org/TR/xhtml1/DTD/xhtml1-transitional.dtd\">\n<html xmlns=\"http://www.w3.org/1999/xhtml\">\n<head>\n <meta http-equiv=\"Content-Type\" content=\"text/html; charset=UTF-8\" />\n <title></title>\n</head>\n<body>\n\n{capture assign=headerStyle}colspan=\"2\" style=\"text-align: left; padding: 4px; border-bottom: 1px solid #999; background-color: #eee;\"{/capture}\n{capture assign=labelStyle}style=\"padding: 4px; border-bottom: 1px solid #999; background-color: #f7f7f7;\"{/capture}\n{capture assign=valueStyle}style=\"padding: 4px; border-bottom: 1px solid #999;\"{/capture}\n\n  <!-- BEGIN HEADER -->\n    {* To modify content in this section, you can edit the Custom Token named \"Message Header\". See also: https://docs.civicrm.org/user/en/latest/email/message-templates/#modifying-system-workflow-message-templates *}\n    {site.message_header}\n  <!-- END HEADER -->\n\n  <!-- BEGIN CONTENT -->\n\n  <table id=\"crm-event_receipt\" style=\"font-family: Arial, Verdana, sans-serif; text-align: left; width:100%; max-width:700px; padding:0; margin:0; border:0px;\">\n  <tr>\n   <td>\n    <p>{ts}A contribution / membership signup was made on behalf of the organization listed below.{/ts}</p>\n    <p>{ts}The information provided matched multiple existing database records based on the configured Duplicate Matching Rules for your site.{/ts}</p>\n   </td>\n  </tr>\n  <tr>\n   <td>\n    <table style=\"border: 1px solid #999; margin: 1em 0em 1em; border-collapse: collapse; width:100%;\">\n     <tr>\n      <td {$labelStyle}>\n       {ts}Organization Name{/ts}\n      </td>\n      <td {$valueStyle}>\n       {$onBehalfName}\n      </td>\n     </tr>\n     <tr>\n      <td {$labelStyle}>\n       {ts}Organization Email{/ts}\n      </td>\n      <td {$valueStyle}>\n       {$onBehalfEmail}\n      </td>\n     </tr>\n     <tr>\n      <td {$labelStyle}>\n       {ts}Organization Contact ID{/ts}\n      </td>\n      <td {$valueStyle}>\n       {$onBehalfID}\n      </td>\n     </tr>\n    </table>\n   </td>\n  </tr>\n  <tr>\n   <td>\n    <p>{ts}If you think this may be a duplicate contact which should be merged with an existing record - Go to \"Contacts >> Manage Duplicates\". Use the strict rule for Organizations to find the potential duplicates and merge them if appropriate.{/ts}</p>\n   </td>\n  </tr>\n  {if $receiptMessage}\n   <tr>\n    <td>\n     <table style=\"border: 1px solid #999; margin: 1em 0em 1em; border-collapse: collapse; width:100%;\">\n      <tr>\n       <th {$headerStyle}>\n        {ts}Copy of Contribution Receipt{/ts}\n       </th>\n      </tr>\n      <tr>\n       <td colspan=\"2\" {$valueStyle}>\n        {* FIXME: the below is most probably not HTML-ised *}\n        {$receiptMessage}\n       </td>\n      </tr>\n     </table>\n    </td>\n   </tr>\n  {/if}\n </table>\n</body>\n</html>\n',1,815,'contribution_dupalert',1,0,0,NULL),
 (4,'Contributions - Duplicate Organization Alert','{ts}CiviContribute Alert: Possible Duplicate Contact Record{/ts} - {contact.display_name}\n','','<!DOCTYPE html PUBLIC \"-//W3C//DTD XHTML 1.0 Transitional//EN\" \"http://www.w3.org/TR/xhtml1/DTD/xhtml1-transitional.dtd\">\n<html xmlns=\"http://www.w3.org/1999/xhtml\">\n<head>\n <meta http-equiv=\"Content-Type\" content=\"text/html; charset=UTF-8\" />\n <title></title>\n</head>\n<body>\n\n{capture assign=headerStyle}colspan=\"2\" style=\"text-align: left; padding: 4px; border-bottom: 1px solid #999; background-color: #eee;\"{/capture}\n{capture assign=labelStyle}style=\"padding: 4px; border-bottom: 1px solid #999; background-color: #f7f7f7;\"{/capture}\n{capture assign=valueStyle}style=\"padding: 4px; border-bottom: 1px solid #999;\"{/capture}\n\n  <!-- BEGIN HEADER -->\n    {* To modify content in this section, you can edit the Custom Token named \"Message Header\". See also: https://docs.civicrm.org/user/en/latest/email/message-templates/#modifying-system-workflow-message-templates *}\n    {site.message_header}\n  <!-- END HEADER -->\n\n  <!-- BEGIN CONTENT -->\n\n  <table id=\"crm-event_receipt\" style=\"font-family: Arial, Verdana, sans-serif; text-align: left; width:100%; max-width:700px; padding:0; margin:0; border:0px;\">\n  <tr>\n   <td>\n    <p>{ts}A contribution / membership signup was made on behalf of the organization listed below.{/ts}</p>\n    <p>{ts}The information provided matched multiple existing database records based on the configured Duplicate Matching Rules for your site.{/ts}</p>\n   </td>\n  </tr>\n  <tr>\n   <td>\n    <table style=\"border: 1px solid #999; margin: 1em 0em 1em; border-collapse: collapse; width:100%;\">\n     <tr>\n      <td {$labelStyle}>\n       {ts}Organization Name{/ts}\n      </td>\n      <td {$valueStyle}>\n       {$onBehalfName}\n      </td>\n     </tr>\n     <tr>\n      <td {$labelStyle}>\n       {ts}Organization Email{/ts}\n      </td>\n      <td {$valueStyle}>\n       {$onBehalfEmail}\n      </td>\n     </tr>\n     <tr>\n      <td {$labelStyle}>\n       {ts}Organization Contact ID{/ts}\n      </td>\n      <td {$valueStyle}>\n       {$onBehalfID}\n      </td>\n     </tr>\n    </table>\n   </td>\n  </tr>\n  <tr>\n   <td>\n    <p>{ts}If you think this may be a duplicate contact which should be merged with an existing record - Go to \"Contacts >> Manage Duplicates\". Use the strict rule for Organizations to find the potential duplicates and merge them if appropriate.{/ts}</p>\n   </td>\n  </tr>\n  {if $receiptMessage}\n   <tr>\n    <td>\n     <table style=\"border: 1px solid #999; margin: 1em 0em 1em; border-collapse: collapse; width:100%;\">\n      <tr>\n       <th {$headerStyle}>\n        {ts}Copy of Contribution Receipt{/ts}\n       </th>\n      </tr>\n      <tr>\n       <td colspan=\"2\" {$valueStyle}>\n        {* FIXME: the below is most probably not HTML-ised *}\n        {$receiptMessage}\n       </td>\n      </tr>\n     </table>\n    </td>\n   </tr>\n  {/if}\n </table>\n</body>\n</html>\n',1,815,'contribution_dupalert',0,1,0,NULL),
 (5,'Contributions - Receipt (off-line)','{ts}Contribution Receipt{/ts} - {contact.display_name}\n','','<!DOCTYPE html PUBLIC \"-//W3C//DTD XHTML 1.0 Transitional//EN\" \"http://www.w3.org/TR/xhtml1/DTD/xhtml1-transitional.dtd\">\n<html xmlns=\"http://www.w3.org/1999/xhtml\">\n<head>\n <meta http-equiv=\"Content-Type\" content=\"text/html; charset=UTF-8\" />\n <title></title>\n</head>\n<body>\n\n{capture assign=headerStyle}colspan=\"2\" style=\"text-align: left; padding: 4px; border-bottom: 1px solid #999; background-color: #eee;\"{/capture}\n{capture assign=labelStyle}style=\"padding: 4px; border-bottom: 1px solid #999; background-color: #f7f7f7;\"{/capture}\n{capture assign=valueStyle}style=\"padding: 4px; border-bottom: 1px solid #999;\"{/capture}\n\n  <!-- BEGIN HEADER -->\n    {* To modify content in this section, you can edit the Custom Token named \"Message Header\". See also: https://docs.civicrm.org/user/en/latest/email/message-templates/#modifying-system-workflow-message-templates *}\n    {site.message_header}\n  <!-- END HEADER -->\n\n  <!-- BEGIN CONTENT -->\n\n  <table id=\"crm-event_receipt\" style=\"font-family: Arial, Verdana, sans-serif; text-align: left; width:100%; max-width:700px; padding:0; margin:0; border:0px;\">\n  <tr>\n   <td>\n    {assign var=\"greeting\" value=\"{contact.email_greeting_display}\"}{if $greeting}<p>{$greeting},</p>{/if}\n      <p>\n        {if {contribution.contribution_page_id.receipt_text|boolean}}{contribution.contribution_page_id.receipt_text}\n        {elseif {contribution.paid_amount|boolean}}{ts}Below you will find a receipt for this contribution.{/ts}{/if}\n      </p>\n   </td>\n  </tr>\n  <tr>\n   <td>\n    <table style=\"border: 1px solid #999; margin: 1em 0em 1em; border-collapse: collapse; width:100%;\">\n     <tr>\n      <th {$headerStyle}>\n       {ts}Contribution Information{/ts}\n      </th>\n     </tr>\n     <tr>\n      <td {$labelStyle}>\n       {ts}Contributor Name{/ts}\n      </td>\n      <td {$valueStyle}>\n       {contact.display_name}\n      </td>\n     </tr>\n     <tr>\n      {if \'{contribution.financial_type_id}\'}\n        <td {$labelStyle}>\n         {ts}Financial Type{/ts}\n        </td>\n        <td {$valueStyle}>\n         {contribution.financial_type_id:label}\n        </td>\n      {/if}\n     </tr>\n\n     {if $isShowLineItems}\n       <tr>\n        <td colspan=\"2\" {$valueStyle}>\n         <table>\n          <tr>\n           <th>{ts}Item{/ts}</th>\n           <th>{ts}Qty{/ts}</th>\n           <th>{ts}Each{/ts}</th>\n           {if $isShowTax && {contribution.tax_amount|boolean}}\n             <th>{ts}Subtotal{/ts}</th>\n             <th>{ts}Tax Rate{/ts}</th>\n             <th>{ts}Tax Amount{/ts}</th>\n           {/if}\n           <th>{ts}Total{/ts}</th>\n          </tr>\n          {foreach from=$lineItems item=line}\n           <tr>\n            <td>\n              {$line.title}\n            </td>\n            <td>\n             {$line.qty}\n            </td>\n            <td>\n             {$line.unit_price|crmMoney:\'{contribution.currency}\'}\n            </td>\n            {if $isShowTax && {contribution.tax_amount|boolean}}\n              <td>\n                {$line.line_total|crmMoney:\'{contribution.currency}\'}\n              </td>\n              {if $line.tax_rate || $line.tax_amount != \"\"}\n                <td>\n                  {$line.tax_rate|string_format:\"%.2f\"}%\n                </td>\n                <td>\n                  {$line.tax_amount|crmMoney:\'{contribution.currency}\'}\n                </td>\n              {else}\n                <td></td>\n                <td></td>\n              {/if}\n            {/if}\n            <td>\n             {$line.line_total_inclusive|crmMoney:\'{contribution.currency}\'}\n            </td>\n           </tr>\n          {/foreach}\n         </table>\n        </td>\n       </tr>\n\n     {/if}\n     {if $isShowTax && {contribution.tax_amount|boolean}}\n       <tr>\n         <td {$labelStyle}>\n           {ts} Amount before Tax : {/ts}\n         </td>\n         <td {$valueStyle}>\n           {contribution.tax_exclusive_amount}\n         </td>\n       </tr>\n\n       {foreach from=$taxRateBreakdown item=taxDetail key=taxRate}\n         <tr>\n          <td>{if $taxRate == 0}{ts}No{/ts} {$taxTerm}{else}{$taxTerm} {$taxDetail.percentage}%{/if}</td>\n          <td>{$taxDetail.amount|crmMoney:\'{contribution.currency}\'}</td>\n        </tr>\n      {/foreach}\n     {/if}\n\n     {if $isShowTax}\n      <tr>\n        <td {$labelStyle}>\n          {ts}Total Tax Amount{/ts}\n        </td>\n        <td {$valueStyle}>\n          {contribution.tax_amount}\n        </td>\n      </tr>\n     {/if}\n\n     <tr>\n      <td {$labelStyle}>\n       {ts}Total Amount{/ts}\n      </td>\n      <td {$valueStyle}>\n        {contribution.total_amount}\n      </td>\n     </tr>\n\n     {if \'{contribution.receive_date}\'}\n       <tr>\n       <td {$labelStyle}>\n        {ts}Contribution Date{/ts}\n       </td>\n       <td {$valueStyle}>\n         {contribution.receive_date|crmDate:\"shortdate\"}\n       </td>\n      </tr>\n     {/if}\n\n      {if \'{contribution.receipt_date}\'}\n      <tr>\n       <td {$labelStyle}>\n        {ts}Receipt Date{/ts}\n       </td>\n       <td {$valueStyle}>\n         {contribution.receipt_date|crmDate:\"shortdate\"}\n       </td>\n      </tr>\n     {/if}\n\n     {if {contribution.payment_instrument_id|boolean} && {contribution.paid_amount|boolean}}\n      <tr>\n       <td {$labelStyle}>\n        {ts}Paid By{/ts}\n       </td>\n       <td {$valueStyle}>\n         {contribution.payment_instrument_id:label}\n       </td>\n      </tr>\n      {if \'{contribution.check_number}\'}\n       <tr>\n        <td {$labelStyle}>\n         {ts}Check Number{/ts}\n        </td>\n        <td {$valueStyle}>\n          {contribution.check_number}\n        </td>\n       </tr>\n      {/if}\n     {/if}\n\n     {if \'{contribution.trxn_id}\'}\n      <tr>\n       <td {$labelStyle}>\n        {ts}Transaction ID{/ts}\n       </td>\n       <td {$valueStyle}>\n         {contribution.trxn_id}\n       </td>\n      </tr>\n     {/if}\n\n     {if !empty($ccContribution)}\n      <tr>\n       <th {$headerStyle}>\n        {ts}Billing Name and Address{/ts}\n       </th>\n      </tr>\n      <tr>\n       <td colspan=\"2\" {$valueStyle}>\n        {$billingName}<br />\n        {$address|nl2br}\n       </td>\n      </tr>\n      <tr>\n       <th {$headerStyle}>\n        {ts}Credit Card Information{/ts}\n       </th>\n      </tr>\n      <tr>\n       <td colspan=\"2\" {$valueStyle}>\n        {$credit_card_type}<br />\n        {$credit_card_number}<br />\n        {ts}Expires{/ts}: {$credit_card_exp_date|truncate:7:\'\'|crmDate}\n       </td>\n      </tr>\n     {/if}\n\n     {if !empty($softCreditTypes) and !empty($softCredits)}\n      {foreach from=$softCreditTypes item=softCreditType key=n}\n       <tr>\n        <th {$headerStyle}>\n         {$softCreditType}\n        </th>\n       </tr>\n       {foreach from=$softCredits.$n item=value key=label}\n         <tr>\n          <td {$labelStyle}>\n           {$label}\n          </td>\n          <td {$valueStyle}>\n           {$value}\n          </td>\n         </tr>\n        {/foreach}\n       {/foreach}\n     {/if}\n\n     {if !empty($customGroup)}\n      {foreach from=$customGroup item=value key=customName}\n       <tr>\n        <th {$headerStyle}>\n         {$customName}\n        </th>\n       </tr>\n       {foreach from=$value item=v key=n}\n        <tr>\n         <td {$labelStyle}>\n          {$n}\n         </td>\n         <td {$valueStyle}>\n          {$v}\n         </td>\n        </tr>\n       {/foreach}\n      {/foreach}\n     {/if}\n\n     {if !empty($formValues.product_name)}\n      <tr>\n       <th {$headerStyle}>\n        {ts}Premium Information{/ts}\n       </th>\n      </tr>\n      <tr>\n       <td colspan=\"2\" {$labelStyle}>\n        {$formValues.product_name}\n       </td>\n      </tr>\n      {if $formValues.product_option}\n       <tr>\n        <td {$labelStyle}>\n         {ts}Option{/ts}\n        </td>\n        <td {$valueStyle}>\n         {$formValues.product_option}\n        </td>\n       </tr>\n      {/if}\n      {if $formValues.product_sku}\n       <tr>\n        <td {$labelStyle}>\n         {ts}SKU{/ts}\n        </td>\n        <td {$valueStyle}>\n         {$formValues.product_sku}\n        </td>\n       </tr>\n      {/if}\n      {if !empty($fulfilled_date)}\n       <tr>\n        <td {$labelStyle}>\n         {ts}Sent{/ts}\n        </td>\n        <td {$valueStyle}>\n         {$fulfilled_date|truncate:10:\'\'|crmDate}\n        </td>\n       </tr>\n      {/if}\n     {/if}\n\n    </table>\n   </td>\n  </tr>\n\n </table>\n\n</body>\n</html>\n',1,816,'contribution_offline_receipt',1,0,0,NULL),
 (6,'Contributions - Receipt (off-line)','{ts}Contribution Receipt{/ts} - {contact.display_name}\n','','<!DOCTYPE html PUBLIC \"-//W3C//DTD XHTML 1.0 Transitional//EN\" \"http://www.w3.org/TR/xhtml1/DTD/xhtml1-transitional.dtd\">\n<html xmlns=\"http://www.w3.org/1999/xhtml\">\n<head>\n <meta http-equiv=\"Content-Type\" content=\"text/html; charset=UTF-8\" />\n <title></title>\n</head>\n<body>\n\n{capture assign=headerStyle}colspan=\"2\" style=\"text-align: left; padding: 4px; border-bottom: 1px solid #999; background-color: #eee;\"{/capture}\n{capture assign=labelStyle}style=\"padding: 4px; border-bottom: 1px solid #999; background-color: #f7f7f7;\"{/capture}\n{capture assign=valueStyle}style=\"padding: 4px; border-bottom: 1px solid #999;\"{/capture}\n\n  <!-- BEGIN HEADER -->\n    {* To modify content in this section, you can edit the Custom Token named \"Message Header\". See also: https://docs.civicrm.org/user/en/latest/email/message-templates/#modifying-system-workflow-message-templates *}\n    {site.message_header}\n  <!-- END HEADER -->\n\n  <!-- BEGIN CONTENT -->\n\n  <table id=\"crm-event_receipt\" style=\"font-family: Arial, Verdana, sans-serif; text-align: left; width:100%; max-width:700px; padding:0; margin:0; border:0px;\">\n  <tr>\n   <td>\n    {assign var=\"greeting\" value=\"{contact.email_greeting_display}\"}{if $greeting}<p>{$greeting},</p>{/if}\n      <p>\n        {if {contribution.contribution_page_id.receipt_text|boolean}}{contribution.contribution_page_id.receipt_text}\n        {elseif {contribution.paid_amount|boolean}}{ts}Below you will find a receipt for this contribution.{/ts}{/if}\n      </p>\n   </td>\n  </tr>\n  <tr>\n   <td>\n    <table style=\"border: 1px solid #999; margin: 1em 0em 1em; border-collapse: collapse; width:100%;\">\n     <tr>\n      <th {$headerStyle}>\n       {ts}Contribution Information{/ts}\n      </th>\n     </tr>\n     <tr>\n      <td {$labelStyle}>\n       {ts}Contributor Name{/ts}\n      </td>\n      <td {$valueStyle}>\n       {contact.display_name}\n      </td>\n     </tr>\n     <tr>\n      {if \'{contribution.financial_type_id}\'}\n        <td {$labelStyle}>\n         {ts}Financial Type{/ts}\n        </td>\n        <td {$valueStyle}>\n         {contribution.financial_type_id:label}\n        </td>\n      {/if}\n     </tr>\n\n     {if $isShowLineItems}\n       <tr>\n        <td colspan=\"2\" {$valueStyle}>\n         <table>\n          <tr>\n           <th>{ts}Item{/ts}</th>\n           <th>{ts}Qty{/ts}</th>\n           <th>{ts}Each{/ts}</th>\n           {if $isShowTax && {contribution.tax_amount|boolean}}\n             <th>{ts}Subtotal{/ts}</th>\n             <th>{ts}Tax Rate{/ts}</th>\n             <th>{ts}Tax Amount{/ts}</th>\n           {/if}\n           <th>{ts}Total{/ts}</th>\n          </tr>\n          {foreach from=$lineItems item=line}\n           <tr>\n            <td>\n              {$line.title}\n            </td>\n            <td>\n             {$line.qty}\n            </td>\n            <td>\n             {$line.unit_price|crmMoney:\'{contribution.currency}\'}\n            </td>\n            {if $isShowTax && {contribution.tax_amount|boolean}}\n              <td>\n                {$line.line_total|crmMoney:\'{contribution.currency}\'}\n              </td>\n              {if $line.tax_rate || $line.tax_amount != \"\"}\n                <td>\n                  {$line.tax_rate|string_format:\"%.2f\"}%\n                </td>\n                <td>\n                  {$line.tax_amount|crmMoney:\'{contribution.currency}\'}\n                </td>\n              {else}\n                <td></td>\n                <td></td>\n              {/if}\n            {/if}\n            <td>\n             {$line.line_total_inclusive|crmMoney:\'{contribution.currency}\'}\n            </td>\n           </tr>\n          {/foreach}\n         </table>\n        </td>\n       </tr>\n\n     {/if}\n     {if $isShowTax && {contribution.tax_amount|boolean}}\n       <tr>\n         <td {$labelStyle}>\n           {ts} Amount before Tax : {/ts}\n         </td>\n         <td {$valueStyle}>\n           {contribution.tax_exclusive_amount}\n         </td>\n       </tr>\n\n       {foreach from=$taxRateBreakdown item=taxDetail key=taxRate}\n         <tr>\n          <td>{if $taxRate == 0}{ts}No{/ts} {$taxTerm}{else}{$taxTerm} {$taxDetail.percentage}%{/if}</td>\n          <td>{$taxDetail.amount|crmMoney:\'{contribution.currency}\'}</td>\n        </tr>\n      {/foreach}\n     {/if}\n\n     {if $isShowTax}\n      <tr>\n        <td {$labelStyle}>\n          {ts}Total Tax Amount{/ts}\n        </td>\n        <td {$valueStyle}>\n          {contribution.tax_amount}\n        </td>\n      </tr>\n     {/if}\n\n     <tr>\n      <td {$labelStyle}>\n       {ts}Total Amount{/ts}\n      </td>\n      <td {$valueStyle}>\n        {contribution.total_amount}\n      </td>\n     </tr>\n\n     {if \'{contribution.receive_date}\'}\n       <tr>\n       <td {$labelStyle}>\n        {ts}Contribution Date{/ts}\n       </td>\n       <td {$valueStyle}>\n         {contribution.receive_date|crmDate:\"shortdate\"}\n       </td>\n      </tr>\n     {/if}\n\n      {if \'{contribution.receipt_date}\'}\n      <tr>\n       <td {$labelStyle}>\n        {ts}Receipt Date{/ts}\n       </td>\n       <td {$valueStyle}>\n         {contribution.receipt_date|crmDate:\"shortdate\"}\n       </td>\n      </tr>\n     {/if}\n\n     {if {contribution.payment_instrument_id|boolean} && {contribution.paid_amount|boolean}}\n      <tr>\n       <td {$labelStyle}>\n        {ts}Paid By{/ts}\n       </td>\n       <td {$valueStyle}>\n         {contribution.payment_instrument_id:label}\n       </td>\n      </tr>\n      {if \'{contribution.check_number}\'}\n       <tr>\n        <td {$labelStyle}>\n         {ts}Check Number{/ts}\n        </td>\n        <td {$valueStyle}>\n          {contribution.check_number}\n        </td>\n       </tr>\n      {/if}\n     {/if}\n\n     {if \'{contribution.trxn_id}\'}\n      <tr>\n       <td {$labelStyle}>\n        {ts}Transaction ID{/ts}\n       </td>\n       <td {$valueStyle}>\n         {contribution.trxn_id}\n       </td>\n      </tr>\n     {/if}\n\n     {if !empty($ccContribution)}\n      <tr>\n       <th {$headerStyle}>\n        {ts}Billing Name and Address{/ts}\n       </th>\n      </tr>\n      <tr>\n       <td colspan=\"2\" {$valueStyle}>\n        {$billingName}<br />\n        {$address|nl2br}\n       </td>\n      </tr>\n      <tr>\n       <th {$headerStyle}>\n        {ts}Credit Card Information{/ts}\n       </th>\n      </tr>\n      <tr>\n       <td colspan=\"2\" {$valueStyle}>\n        {$credit_card_type}<br />\n        {$credit_card_number}<br />\n        {ts}Expires{/ts}: {$credit_card_exp_date|truncate:7:\'\'|crmDate}\n       </td>\n      </tr>\n     {/if}\n\n     {if !empty($softCreditTypes) and !empty($softCredits)}\n      {foreach from=$softCreditTypes item=softCreditType key=n}\n       <tr>\n        <th {$headerStyle}>\n         {$softCreditType}\n        </th>\n       </tr>\n       {foreach from=$softCredits.$n item=value key=label}\n         <tr>\n          <td {$labelStyle}>\n           {$label}\n          </td>\n          <td {$valueStyle}>\n           {$value}\n          </td>\n         </tr>\n        {/foreach}\n       {/foreach}\n     {/if}\n\n     {if !empty($customGroup)}\n      {foreach from=$customGroup item=value key=customName}\n       <tr>\n        <th {$headerStyle}>\n         {$customName}\n        </th>\n       </tr>\n       {foreach from=$value item=v key=n}\n        <tr>\n         <td {$labelStyle}>\n          {$n}\n         </td>\n         <td {$valueStyle}>\n          {$v}\n         </td>\n        </tr>\n       {/foreach}\n      {/foreach}\n     {/if}\n\n     {if !empty($formValues.product_name)}\n      <tr>\n       <th {$headerStyle}>\n        {ts}Premium Information{/ts}\n       </th>\n      </tr>\n      <tr>\n       <td colspan=\"2\" {$labelStyle}>\n        {$formValues.product_name}\n       </td>\n      </tr>\n      {if $formValues.product_option}\n       <tr>\n        <td {$labelStyle}>\n         {ts}Option{/ts}\n        </td>\n        <td {$valueStyle}>\n         {$formValues.product_option}\n        </td>\n       </tr>\n      {/if}\n      {if $formValues.product_sku}\n       <tr>\n        <td {$labelStyle}>\n         {ts}SKU{/ts}\n        </td>\n        <td {$valueStyle}>\n         {$formValues.product_sku}\n        </td>\n       </tr>\n      {/if}\n      {if !empty($fulfilled_date)}\n       <tr>\n        <td {$labelStyle}>\n         {ts}Sent{/ts}\n        </td>\n        <td {$valueStyle}>\n         {$fulfilled_date|truncate:10:\'\'|crmDate}\n        </td>\n       </tr>\n      {/if}\n     {/if}\n\n    </table>\n   </td>\n  </tr>\n\n </table>\n\n</body>\n</html>\n',1,816,'contribution_offline_receipt',0,1,0,NULL),
 (7,'Contributions - Receipt (on-line)','{if \'{contribution.contribution_status_id:name}\' === \'Pending\'}{ts}Invoice{/ts}{else}{ts}Receipt{/ts}{/if} - {$title} - {contact.display_name}\n','','<!DOCTYPE html PUBLIC \"-//W3C//DTD XHTML 1.0 Transitional//EN\" \"http://www.w3.org/TR/xhtml1/DTD/xhtml1-transitional.dtd\">\n<html xmlns=\"http://www.w3.org/1999/xhtml\">\n<head>\n <meta http-equiv=\"Content-Type\" content=\"text/html; charset=UTF-8\" />\n <title></title>\n</head>\n<body>\n\n{capture assign=headerStyle}colspan=\"2\" style=\"text-align: left; padding: 4px; border-bottom: 1px solid #999; background-color: #eee;\"{/capture}\n{capture assign=labelStyle}style=\"padding: 4px; border-bottom: 1px solid #999; background-color: #f7f7f7;\"{/capture}\n{capture assign=valueStyle}style=\"padding: 4px; border-bottom: 1px solid #999;\"{/capture}\n\n  <!-- BEGIN HEADER -->\n    {* To modify content in this section, you can edit the Custom Token named \"Message Header\". See also: https://docs.civicrm.org/user/en/latest/email/message-templates/#modifying-system-workflow-message-templates *}\n    {site.message_header}\n  <!-- END HEADER -->\n\n  <!-- BEGIN CONTENT -->\n\n  <table id=\"crm-event_receipt\" style=\"font-family: Arial, Verdana, sans-serif; text-align: left; width:100%; max-width:700px; padding:0; margin:0; border:0px;\">\n  <tr>\n   <td>\n     {assign var=\"greeting\" value=\"{contact.email_greeting_display}\"}{if $greeting}<p>{$greeting},</p>{/if}\n     {if $userText}\n       <p>{$userText}</p>\n     {elseif {contribution.contribution_page_id.receipt_text|boolean}}\n       <p>{contribution.contribution_page_id.receipt_text}</p>\n     {/if}\n\n    {if $is_pay_later}\n     <p>{$pay_later_receipt}</p> {* FIXME: this might be text rather than HTML *}\n    {/if}\n\n   </td>\n  </tr>\n</table>\n<table style=\"width:100%; max-width:500px; border: 1px solid #999; margin: 1em 0em 1em; border-collapse: collapse;\">\n  {if {contribution.total_amount|boolean}}\n    <tr>\n      <th {$headerStyle}>\n        {ts}Contribution Information{/ts}\n      </th>\n    </tr>\n\n    {if $isShowLineItems}\n      <tr>\n        <td colspan=\"2\" {$valueStyle}>\n          <table>\n            <tr>\n              <th>{ts}Item{/ts}</th>\n              <th>{ts}Qty{/ts}</th>\n              <th>{ts}Each{/ts}</th>\n              {if $isShowTax && {contribution.tax_amount|boolean}}\n                <th>{ts}Subtotal{/ts}</th>\n                <th>{ts}Tax Rate{/ts}</th>\n                <th>{ts}Tax Amount{/ts}</th>\n              {/if}\n              <th>{ts}Total{/ts}</th>\n            </tr>\n            {foreach from=$lineItems item=line}\n              <tr>\n                <td>{$line.title}</td>\n                <td>{$line.qty}</td>\n                <td>{$line.unit_price|crmMoney:$currency}</td>\n                {if $isShowTax && {contribution.tax_amount|boolean}}\n                  <td>{$line.line_total|crmMoney:$currency}</td>\n                  {if $line.tax_rate || $line.tax_amount != \"\"}\n                    <td>{$line.tax_rate|string_format:\"%.2f\"}%</td>\n                    <td>{$line.tax_amount|crmMoney:$currency}</td>\n                  {else}\n                    <td></td>\n                    <td></td>\n                  {/if}\n                {/if}\n                <td>\n                  {$line.line_total_inclusive|crmMoney:$currency}\n                </td>\n              </tr>\n            {/foreach}\n          </table>\n        </td>\n      </tr>\n\n      {if $isShowTax && {contribution.tax_amount|boolean}}\n        <tr>\n          <td {$labelStyle}>\n            {ts} Amount before Tax : {/ts}\n          </td>\n          <td {$valueStyle}>\n            {contribution.tax_exclusive_amount}\n          </td>\n        </tr>\n\n        {foreach from=$taxRateBreakdown item=taxDetail key=taxRate}\n          <tr>\n            <td>{if $taxRate == 0}{ts}No{/ts} {$taxTerm}{else}{$taxTerm} {$taxDetail.percentage}%{/if}</td>\n            <td>{$taxDetail.amount|crmMoney:\'{contribution.currency}\'}</td>\n          </tr>\n        {/foreach}\n\n      {/if}\n      {if $isShowTax}\n        <tr>\n          <td {$labelStyle}>\n            {ts}Total Tax{/ts}\n          </td>\n          <td {$valueStyle}>\n            {contribution.tax_amount}\n          </td>\n        </tr>\n      {/if}\n      <tr>\n        <td {$labelStyle}>\n          {ts}Total Amount{/ts}\n        </td>\n        <td {$valueStyle}>\n          {contribution.total_amount}\n        </td>\n      </tr>\n    {else}\n      {if {contribution.tax_amount|boolean}}\n        <tr>\n          <td {$labelStyle}>\n            {ts}Total Tax Amount{/ts}\n          </td>\n          <td {$valueStyle}>\n            {contribution.tax_amount}\n          </td>\n         </tr>\n       {/if}\n       <tr>\n        <td {$labelStyle}>\n         {ts}Amount{/ts}\n        </td>\n        <td {$valueStyle}>\n         {contribution.total_amount} {if \'{contribution.amount_level}\'} - {contribution.amount_level}{/if}\n        </td>\n       </tr>\n\n      {/if}\n\n  {/if}\n\n\n     {if !empty($receive_date)}\n      <tr>\n       <td {$labelStyle}>\n        {ts}Date{/ts}\n       </td>\n       <td {$valueStyle}>\n        {$receive_date|crmDate}\n       </td>\n      </tr>\n     {/if}\n\n     {if {contribution.trxn_id|boolean}}\n      <tr>\n       <td {$labelStyle}>\n        {ts}Transaction #{/ts}\n       </td>\n       <td {$valueStyle}>\n         {contribution.trxn_id}\n       </td>\n      </tr>\n     {/if}\n\n    {if !empty($is_recur)}\n      <tr>\n        <td  colspan=\"2\" {$labelStyle}>\n          {ts}This is a recurring contribution.{/ts}\n          {if $cancelSubscriptionUrl}\n            {ts 1=$cancelSubscriptionUrl}You can cancel future contributions by <a href=\"%1\">visiting this web page</a>.{/ts}\n          {/if}\n        </td>\n      </tr>\n      {if $updateSubscriptionBillingUrl}\n        <tr>\n          <td colspan=\"2\" {$labelStyle}>\n            {ts 1=$updateSubscriptionBillingUrl}You can update billing details for this recurring contribution by <a href=\"%1\">visiting this web page</a>.{/ts}\n          </td>\n        </tr>\n      {/if}\n      {if $updateSubscriptionUrl}\n        <tr>\n          <td colspan=\"2\" {$labelStyle}>\n            {ts 1=$updateSubscriptionUrl}You can update recurring contribution amount or change the number of installments for this recurring contribution by <a href=\"%1\">visiting this web page</a>.{/ts}\n          </td>\n        </tr>\n      {/if}\n    {/if}\n\n     {if $honor_block_is_active}\n      <tr>\n       <th {$headerStyle}>\n        {$soft_credit_type}\n       </th>\n      </tr>\n      {foreach from=$honoreeProfile item=value key=label}\n        <tr>\n         <td {$labelStyle}>\n          {$label}\n         </td>\n         <td {$valueStyle}>\n          {$value}\n         </td>\n        </tr>\n      {/foreach}\n      {elseif !empty($softCreditTypes) and !empty($softCredits)}\n      {foreach from=$softCreditTypes item=softCreditType key=n}\n       <tr>\n        <th {$headerStyle}>\n         {$softCreditType}\n        </th>\n       </tr>\n       {foreach from=$softCredits.$n item=value key=label}\n         <tr>\n          <td {$labelStyle}>\n           {$label}\n          </td>\n          <td {$valueStyle}>\n           {$value}\n          </td>\n         </tr>\n        {/foreach}\n       {/foreach}\n     {/if}\n\n     {if !empty($pcpBlock)}\n      <tr>\n       <th {$headerStyle}>\n        {ts}Personal Campaign Page{/ts}\n       </th>\n      </tr>\n      <tr>\n       <td {$labelStyle}>\n        {ts}Display In Honor Roll{/ts}\n       </td>\n       <td {$valueStyle}>\n        {if $pcp_display_in_roll}{ts}Yes{/ts}{else}{ts}No{/ts}{/if}\n       </td>\n      </tr>\n      {if $pcp_roll_nickname}\n       <tr>\n        <td {$labelStyle}>\n         {ts}Nickname{/ts}\n        </td>\n        <td {$valueStyle}>\n         {$pcp_roll_nickname}\n        </td>\n       </tr>\n      {/if}\n      {if $pcp_personal_note}\n       <tr>\n        <td {$labelStyle}>\n         {ts}Personal Note{/ts}\n        </td>\n        <td {$valueStyle}>\n         {$pcp_personal_note}\n        </td>\n       </tr>\n      {/if}\n     {/if}\n\n     {if !empty($onBehalfProfile)}\n      <tr>\n       <th {$headerStyle}>\n        {$onBehalfProfile_grouptitle}\n       </th>\n      </tr>\n      {foreach from=$onBehalfProfile item=onBehalfValue key=onBehalfName}\n        <tr>\n         <td {$labelStyle}>\n          {$onBehalfName}\n         </td>\n         <td {$valueStyle}>\n          {$onBehalfValue}\n         </td>\n        </tr>\n      {/foreach}\n     {/if}\n\n     {if {contribution.contribution_page_id.is_share|boolean}}\n      <tr>\n        <td colspan=\"2\" {$valueStyle}>\n            {capture assign=contributionUrl}{crmURL p=\'civicrm/contribute/transact\' q=\"reset=1&id={contribution.contribution_page_id}\" a=true fe=1 h=1}{/capture}\n            {include file=\"CRM/common/SocialNetwork.tpl\" emailMode=true url=$contributionUrl title=$title pageURL=$contributionUrl}\n        </td>\n      </tr>\n     {/if}\n\n     {if !empty($billingName)}\n       <tr>\n        <th {$headerStyle}>\n         {ts}Billing Name and Address{/ts}\n        </th>\n       </tr>\n       <tr>\n        <td colspan=\"2\" {$valueStyle}>\n         {$billingName}<br />\n         {$address|nl2br}<br />\n         {$email}\n        </td>\n       </tr>\n     {elseif !empty($email)}\n       <tr>\n        <th {$headerStyle}>\n         {ts}Registered Email{/ts}\n        </th>\n       </tr>\n       <tr>\n        <td colspan=\"2\" {$valueStyle}>\n         {$email}\n        </td>\n       </tr>\n     {/if}\n\n     {if !empty($credit_card_type)}\n      <tr>\n       <th {$headerStyle}>\n        {ts}Credit Card Information{/ts}\n       </th>\n      </tr>\n      <tr>\n       <td colspan=\"2\" {$valueStyle}>\n        {$credit_card_type}<br />\n        {$credit_card_number}<br />\n        {ts}Expires{/ts}: {$credit_card_exp_date|truncate:7:\'\'|crmDate}<br />\n       </td>\n      </tr>\n     {/if}\n\n     {if !empty($selectPremium)}\n      <tr>\n       <th {$headerStyle}>\n        {ts}Premium Information{/ts}\n       </th>\n      </tr>\n      <tr>\n       <td colspan=\"2\" {$labelStyle}>\n        {$product_name}\n       </td>\n      </tr>\n      {if $option}\n       <tr>\n        <td {$labelStyle}>\n         {ts}Option{/ts}\n        </td>\n        <td {$valueStyle}>\n         {$option}\n        </td>\n       </tr>\n      {/if}\n      {if $sku}\n       <tr>\n        <td {$labelStyle}>\n         {ts}SKU{/ts}\n        </td>\n        <td {$valueStyle}>\n         {$sku}\n        </td>\n       </tr>\n      {/if}\n      {if $start_date}\n       <tr>\n        <td {$labelStyle}>\n         {ts}Start Date{/ts}\n        </td>\n        <td {$valueStyle}>\n         {$start_date|crmDate}\n        </td>\n       </tr>\n      {/if}\n      {if $end_date}\n       <tr>\n        <td {$labelStyle}>\n         {ts}End Date{/ts}\n        </td>\n        <td {$valueStyle}>\n         {$end_date|crmDate}\n        </td>\n       </tr>\n      {/if}\n      {if !empty($contact_email) OR !empty($contact_phone)}\n       <tr>\n        <td colspan=\"2\" {$valueStyle}>\n         <p>{ts}For information about this premium, contact:{/ts}</p>\n         {if !empty($contact_email)}\n          <p>{$contact_email}</p>\n         {/if}\n         {if !empty($contact_phone)}\n          <p>{$contact_phone}</p>\n         {/if}\n        </td>\n       </tr>\n      {/if}\n      {if $is_deductible AND !empty($price)}\n        <tr>\n         <td colspan=\"2\" {$valueStyle}>\n          <p>{ts 1=$price|crmMoney:$currency}The value of this premium is %1. This may affect the amount of the tax deduction you can claim. Consult your tax advisor for more information.{/ts}</p>\n         </td>\n        </tr>\n      {/if}\n     {/if}\n\n     {if !empty($customPre)}\n      <tr>\n       <th {$headerStyle}>\n        {$customPre_grouptitle}\n       </th>\n      </tr>\n      {foreach from=$customPre item=customValue key=customName}\n        <tr>\n         <td {$labelStyle}>\n          {$customName}\n         </td>\n         <td {$valueStyle}>\n          {$customValue}\n         </td>\n        </tr>\n      {/foreach}\n     {/if}\n\n     {if !empty($customPost)}\n      <tr>\n       <th {$headerStyle}>\n        {$customPost_grouptitle}\n       </th>\n      </tr>\n      {foreach from=$customPost item=customValue key=customName}\n        <tr>\n         <td {$labelStyle}>\n          {$customName}\n         </td>\n         <td {$valueStyle}>\n          {$customValue}\n         </td>\n        </tr>\n      {/foreach}\n     {/if}\n\n  </table>\n\n</body>\n</html>\n',1,817,'contribution_online_receipt',1,0,0,NULL),
 (8,'Contributions - Receipt (on-line)','{if \'{contribution.contribution_status_id:name}\' === \'Pending\'}{ts}Invoice{/ts}{else}{ts}Receipt{/ts}{/if} - {$title} - {contact.display_name}\n','','<!DOCTYPE html PUBLIC \"-//W3C//DTD XHTML 1.0 Transitional//EN\" \"http://www.w3.org/TR/xhtml1/DTD/xhtml1-transitional.dtd\">\n<html xmlns=\"http://www.w3.org/1999/xhtml\">\n<head>\n <meta http-equiv=\"Content-Type\" content=\"text/html; charset=UTF-8\" />\n <title></title>\n</head>\n<body>\n\n{capture assign=headerStyle}colspan=\"2\" style=\"text-align: left; padding: 4px; border-bottom: 1px solid #999; background-color: #eee;\"{/capture}\n{capture assign=labelStyle}style=\"padding: 4px; border-bottom: 1px solid #999; background-color: #f7f7f7;\"{/capture}\n{capture assign=valueStyle}style=\"padding: 4px; border-bottom: 1px solid #999;\"{/capture}\n\n  <!-- BEGIN HEADER -->\n    {* To modify content in this section, you can edit the Custom Token named \"Message Header\". See also: https://docs.civicrm.org/user/en/latest/email/message-templates/#modifying-system-workflow-message-templates *}\n    {site.message_header}\n  <!-- END HEADER -->\n\n  <!-- BEGIN CONTENT -->\n\n  <table id=\"crm-event_receipt\" style=\"font-family: Arial, Verdana, sans-serif; text-align: left; width:100%; max-width:700px; padding:0; margin:0; border:0px;\">\n  <tr>\n   <td>\n     {assign var=\"greeting\" value=\"{contact.email_greeting_display}\"}{if $greeting}<p>{$greeting},</p>{/if}\n     {if $userText}\n       <p>{$userText}</p>\n     {elseif {contribution.contribution_page_id.receipt_text|boolean}}\n       <p>{contribution.contribution_page_id.receipt_text}</p>\n     {/if}\n\n    {if $is_pay_later}\n     <p>{$pay_later_receipt}</p> {* FIXME: this might be text rather than HTML *}\n    {/if}\n\n   </td>\n  </tr>\n</table>\n<table style=\"width:100%; max-width:500px; border: 1px solid #999; margin: 1em 0em 1em; border-collapse: collapse;\">\n  {if {contribution.total_amount|boolean}}\n    <tr>\n      <th {$headerStyle}>\n        {ts}Contribution Information{/ts}\n      </th>\n    </tr>\n\n    {if $isShowLineItems}\n      <tr>\n        <td colspan=\"2\" {$valueStyle}>\n          <table>\n            <tr>\n              <th>{ts}Item{/ts}</th>\n              <th>{ts}Qty{/ts}</th>\n              <th>{ts}Each{/ts}</th>\n              {if $isShowTax && {contribution.tax_amount|boolean}}\n                <th>{ts}Subtotal{/ts}</th>\n                <th>{ts}Tax Rate{/ts}</th>\n                <th>{ts}Tax Amount{/ts}</th>\n              {/if}\n              <th>{ts}Total{/ts}</th>\n            </tr>\n            {foreach from=$lineItems item=line}\n              <tr>\n                <td>{$line.title}</td>\n                <td>{$line.qty}</td>\n                <td>{$line.unit_price|crmMoney:$currency}</td>\n                {if $isShowTax && {contribution.tax_amount|boolean}}\n                  <td>{$line.line_total|crmMoney:$currency}</td>\n                  {if $line.tax_rate || $line.tax_amount != \"\"}\n                    <td>{$line.tax_rate|string_format:\"%.2f\"}%</td>\n                    <td>{$line.tax_amount|crmMoney:$currency}</td>\n                  {else}\n                    <td></td>\n                    <td></td>\n                  {/if}\n                {/if}\n                <td>\n                  {$line.line_total_inclusive|crmMoney:$currency}\n                </td>\n              </tr>\n            {/foreach}\n          </table>\n        </td>\n      </tr>\n\n      {if $isShowTax && {contribution.tax_amount|boolean}}\n        <tr>\n          <td {$labelStyle}>\n            {ts} Amount before Tax : {/ts}\n          </td>\n          <td {$valueStyle}>\n            {contribution.tax_exclusive_amount}\n          </td>\n        </tr>\n\n        {foreach from=$taxRateBreakdown item=taxDetail key=taxRate}\n          <tr>\n            <td>{if $taxRate == 0}{ts}No{/ts} {$taxTerm}{else}{$taxTerm} {$taxDetail.percentage}%{/if}</td>\n            <td>{$taxDetail.amount|crmMoney:\'{contribution.currency}\'}</td>\n          </tr>\n        {/foreach}\n\n      {/if}\n      {if $isShowTax}\n        <tr>\n          <td {$labelStyle}>\n            {ts}Total Tax{/ts}\n          </td>\n          <td {$valueStyle}>\n            {contribution.tax_amount}\n          </td>\n        </tr>\n      {/if}\n      <tr>\n        <td {$labelStyle}>\n          {ts}Total Amount{/ts}\n        </td>\n        <td {$valueStyle}>\n          {contribution.total_amount}\n        </td>\n      </tr>\n    {else}\n      {if {contribution.tax_amount|boolean}}\n        <tr>\n          <td {$labelStyle}>\n            {ts}Total Tax Amount{/ts}\n          </td>\n          <td {$valueStyle}>\n            {contribution.tax_amount}\n          </td>\n         </tr>\n       {/if}\n       <tr>\n        <td {$labelStyle}>\n         {ts}Amount{/ts}\n        </td>\n        <td {$valueStyle}>\n         {contribution.total_amount} {if \'{contribution.amount_level}\'} - {contribution.amount_level}{/if}\n        </td>\n       </tr>\n\n      {/if}\n\n  {/if}\n\n\n     {if !empty($receive_date)}\n      <tr>\n       <td {$labelStyle}>\n        {ts}Date{/ts}\n       </td>\n       <td {$valueStyle}>\n        {$receive_date|crmDate}\n       </td>\n      </tr>\n     {/if}\n\n     {if {contribution.trxn_id|boolean}}\n      <tr>\n       <td {$labelStyle}>\n        {ts}Transaction #{/ts}\n       </td>\n       <td {$valueStyle}>\n         {contribution.trxn_id}\n       </td>\n      </tr>\n     {/if}\n\n    {if !empty($is_recur)}\n      <tr>\n        <td  colspan=\"2\" {$labelStyle}>\n          {ts}This is a recurring contribution.{/ts}\n          {if $cancelSubscriptionUrl}\n            {ts 1=$cancelSubscriptionUrl}You can cancel future contributions by <a href=\"%1\">visiting this web page</a>.{/ts}\n          {/if}\n        </td>\n      </tr>\n      {if $updateSubscriptionBillingUrl}\n        <tr>\n          <td colspan=\"2\" {$labelStyle}>\n            {ts 1=$updateSubscriptionBillingUrl}You can update billing details for this recurring contribution by <a href=\"%1\">visiting this web page</a>.{/ts}\n          </td>\n        </tr>\n      {/if}\n      {if $updateSubscriptionUrl}\n        <tr>\n          <td colspan=\"2\" {$labelStyle}>\n            {ts 1=$updateSubscriptionUrl}You can update recurring contribution amount or change the number of installments for this recurring contribution by <a href=\"%1\">visiting this web page</a>.{/ts}\n          </td>\n        </tr>\n      {/if}\n    {/if}\n\n     {if $honor_block_is_active}\n      <tr>\n       <th {$headerStyle}>\n        {$soft_credit_type}\n       </th>\n      </tr>\n      {foreach from=$honoreeProfile item=value key=label}\n        <tr>\n         <td {$labelStyle}>\n          {$label}\n         </td>\n         <td {$valueStyle}>\n          {$value}\n         </td>\n        </tr>\n      {/foreach}\n      {elseif !empty($softCreditTypes) and !empty($softCredits)}\n      {foreach from=$softCreditTypes item=softCreditType key=n}\n       <tr>\n        <th {$headerStyle}>\n         {$softCreditType}\n        </th>\n       </tr>\n       {foreach from=$softCredits.$n item=value key=label}\n         <tr>\n          <td {$labelStyle}>\n           {$label}\n          </td>\n          <td {$valueStyle}>\n           {$value}\n          </td>\n         </tr>\n        {/foreach}\n       {/foreach}\n     {/if}\n\n     {if !empty($pcpBlock)}\n      <tr>\n       <th {$headerStyle}>\n        {ts}Personal Campaign Page{/ts}\n       </th>\n      </tr>\n      <tr>\n       <td {$labelStyle}>\n        {ts}Display In Honor Roll{/ts}\n       </td>\n       <td {$valueStyle}>\n        {if $pcp_display_in_roll}{ts}Yes{/ts}{else}{ts}No{/ts}{/if}\n       </td>\n      </tr>\n      {if $pcp_roll_nickname}\n       <tr>\n        <td {$labelStyle}>\n         {ts}Nickname{/ts}\n        </td>\n        <td {$valueStyle}>\n         {$pcp_roll_nickname}\n        </td>\n       </tr>\n      {/if}\n      {if $pcp_personal_note}\n       <tr>\n        <td {$labelStyle}>\n         {ts}Personal Note{/ts}\n        </td>\n        <td {$valueStyle}>\n         {$pcp_personal_note}\n        </td>\n       </tr>\n      {/if}\n     {/if}\n\n     {if !empty($onBehalfProfile)}\n      <tr>\n       <th {$headerStyle}>\n        {$onBehalfProfile_grouptitle}\n       </th>\n      </tr>\n      {foreach from=$onBehalfProfile item=onBehalfValue key=onBehalfName}\n        <tr>\n         <td {$labelStyle}>\n          {$onBehalfName}\n         </td>\n         <td {$valueStyle}>\n          {$onBehalfValue}\n         </td>\n        </tr>\n      {/foreach}\n     {/if}\n\n     {if {contribution.contribution_page_id.is_share|boolean}}\n      <tr>\n        <td colspan=\"2\" {$valueStyle}>\n            {capture assign=contributionUrl}{crmURL p=\'civicrm/contribute/transact\' q=\"reset=1&id={contribution.contribution_page_id}\" a=true fe=1 h=1}{/capture}\n            {include file=\"CRM/common/SocialNetwork.tpl\" emailMode=true url=$contributionUrl title=$title pageURL=$contributionUrl}\n        </td>\n      </tr>\n     {/if}\n\n     {if !empty($billingName)}\n       <tr>\n        <th {$headerStyle}>\n         {ts}Billing Name and Address{/ts}\n        </th>\n       </tr>\n       <tr>\n        <td colspan=\"2\" {$valueStyle}>\n         {$billingName}<br />\n         {$address|nl2br}<br />\n         {$email}\n        </td>\n       </tr>\n     {elseif !empty($email)}\n       <tr>\n        <th {$headerStyle}>\n         {ts}Registered Email{/ts}\n        </th>\n       </tr>\n       <tr>\n        <td colspan=\"2\" {$valueStyle}>\n         {$email}\n        </td>\n       </tr>\n     {/if}\n\n     {if !empty($credit_card_type)}\n      <tr>\n       <th {$headerStyle}>\n        {ts}Credit Card Information{/ts}\n       </th>\n      </tr>\n      <tr>\n       <td colspan=\"2\" {$valueStyle}>\n        {$credit_card_type}<br />\n        {$credit_card_number}<br />\n        {ts}Expires{/ts}: {$credit_card_exp_date|truncate:7:\'\'|crmDate}<br />\n       </td>\n      </tr>\n     {/if}\n\n     {if !empty($selectPremium)}\n      <tr>\n       <th {$headerStyle}>\n        {ts}Premium Information{/ts}\n       </th>\n      </tr>\n      <tr>\n       <td colspan=\"2\" {$labelStyle}>\n        {$product_name}\n       </td>\n      </tr>\n      {if $option}\n       <tr>\n        <td {$labelStyle}>\n         {ts}Option{/ts}\n        </td>\n        <td {$valueStyle}>\n         {$option}\n        </td>\n       </tr>\n      {/if}\n      {if $sku}\n       <tr>\n        <td {$labelStyle}>\n         {ts}SKU{/ts}\n        </td>\n        <td {$valueStyle}>\n         {$sku}\n        </td>\n       </tr>\n      {/if}\n      {if $start_date}\n       <tr>\n        <td {$labelStyle}>\n         {ts}Start Date{/ts}\n        </td>\n        <td {$valueStyle}>\n         {$start_date|crmDate}\n        </td>\n       </tr>\n      {/if}\n      {if $end_date}\n       <tr>\n        <td {$labelStyle}>\n         {ts}End Date{/ts}\n        </td>\n        <td {$valueStyle}>\n         {$end_date|crmDate}\n        </td>\n       </tr>\n      {/if}\n      {if !empty($contact_email) OR !empty($contact_phone)}\n       <tr>\n        <td colspan=\"2\" {$valueStyle}>\n         <p>{ts}For information about this premium, contact:{/ts}</p>\n         {if !empty($contact_email)}\n          <p>{$contact_email}</p>\n         {/if}\n         {if !empty($contact_phone)}\n          <p>{$contact_phone}</p>\n         {/if}\n        </td>\n       </tr>\n      {/if}\n      {if $is_deductible AND !empty($price)}\n        <tr>\n         <td colspan=\"2\" {$valueStyle}>\n          <p>{ts 1=$price|crmMoney:$currency}The value of this premium is %1. This may affect the amount of the tax deduction you can claim. Consult your tax advisor for more information.{/ts}</p>\n         </td>\n        </tr>\n      {/if}\n     {/if}\n\n     {if !empty($customPre)}\n      <tr>\n       <th {$headerStyle}>\n        {$customPre_grouptitle}\n       </th>\n      </tr>\n      {foreach from=$customPre item=customValue key=customName}\n        <tr>\n         <td {$labelStyle}>\n          {$customName}\n         </td>\n         <td {$valueStyle}>\n          {$customValue}\n         </td>\n        </tr>\n      {/foreach}\n     {/if}\n\n     {if !empty($customPost)}\n      <tr>\n       <th {$headerStyle}>\n        {$customPost_grouptitle}\n       </th>\n      </tr>\n      {foreach from=$customPost item=customValue key=customName}\n        <tr>\n         <td {$labelStyle}>\n          {$customName}\n         </td>\n         <td {$valueStyle}>\n          {$customValue}\n         </td>\n        </tr>\n      {/foreach}\n     {/if}\n\n  </table>\n\n</body>\n</html>\n',1,817,'contribution_online_receipt',0,1,0,NULL),
 (9,'Contributions - Invoice','{if $title}\n  {if $component}\n    {if $component == \'event\'}\n      {ts 1=$title}Event Registration Invoice: %1{/ts}\n    {else}\n      {ts 1=$title}Contribution Invoice: %1{/ts}\n    {/if}\n  {/if}\n{else}\n  {ts}Invoice{/ts}\n{/if}\n - {contact.display_name}\n','','<!DOCTYPE html PUBLIC \"-//W3C//DTD XHTML 1.0 Transitional//EN\" \"http://www.w3.org/TR/xhtml1/DTD/xhtml1-transitional.dtd\">\n<html xmlns=\"http://www.w3.org/1999/xhtml\">\n  <head>\n    <meta http-equiv=\"Content-Type\" content=\"text/html; charset=UTF-8\" />\n      <title></title>\n  </head>\n  <body>\n  <div style=\"padding-top:100px;margin-right:50px;border-style: none;\">\n    {if $config->empoweredBy}\n      <table style=\"margin-top:5px;padding-bottom:50px;\" cellpadding=\"5\" cellspacing=\"0\">\n        <tr>\n          <td><img src=\"{domain.empowered_by_civicrm_image_url}\" height=\"34px\" width=\"99px\"></td>\n        </tr>\n      </table>\n    {/if}\n    <table style=\"font-family: Arial, Verdana, sans-serif;\" width=\"100%\" height=\"100\" border=\"0\" cellpadding=\"5\" cellspacing=\"0\">\n      {if $userText}\n        <tr>\n          <td><font size=\"1\" colspan=\"3\">{$userText}</font></td>\n        </tr>\n      {/if}\n      <tr>\n        <td width=\"30%\"><b><font size=\"4\" align=\"center\">{ts}INVOICE{/ts}</font></b></td>\n        <td width=\"50%\" valign=\"bottom\"><b><font size=\"1\" align=\"center\">{ts}Invoice Date:{/ts}</font></b></td>\n        <td valign=\"bottom\" style=\"white-space: nowrap\"><b><font size=\"1\" align=\"right\">{domain.name}</font></b></td>\n      </tr>\n      <tr>\n        <td><font size=\"1\" align=\"center\">{contact.display_name}{if \'{contact.current_employer}\'} ({contact.current_employer}){/if}</font></td>\n        <td><font size=\"1\" align=\"right\">{contribution.receive_date|crmDate:\"Full\"}</font></td>\n        <td style=\"white-space: nowrap\"><font size=\"1\" align=\"right\">\n          {domain.street_address}\n          {domain.supplemental_address_1}\n        </font></td>\n      </tr>\n      <tr>\n        <td><font size=\"1\" align=\"center\">{contact.address_billing.street_address} {contact.address_billing.supplemental_address_1}</font></td>\n        <td><b><font size=\"1\" align=\"right\">{ts}Invoice Number:{/ts}</font></b></td>\n        <td><font size=\"1\" align=\"right\">\n          {domain.supplemental_address_2}\n          {domain.state_province_id:label}\n        </font></td>\n      </tr>\n      <tr>\n        <td><font size=\"1\" align=\"center\">{contact.address_billing.supplemental_address_2} {contact.address_billing.state_province_id:abbr}</font></td>\n        <td><font size=\"1\" align=\"right\">{contribution.invoice_number}</font></td>\n        <td style=\"white-space: nowrap\"><font size=\"1\" align=\"right\">\n          {domain.city}\n          {domain.postal_code}\n        </font></td>\n      </tr>\n      <tr>\n        <td><font size=\"1\" align=\"right\">{contact.address_billing.city}  {contact.address_billing.postal_code}</font></td>\n        <td height=\"10\"><b><font size=\"1\" align=\"right\">{ts}Reference:{/ts}</font></b></td>\n        <td><font size=\"1\" align=\"right\">{domain.country_id:label}</font></td>\n      </tr>\n      <tr>\n        <td><font size=\"1\" align=\"right\"> {contact.address_billing.country_id:label}</font></td>\n        <td><font size=\"1\" align=\"right\">{contribution.source}</font></td>\n        <td valign=\"top\" style=\"white-space: nowrap\"><font size=\"1\" align=\"right\">{domain.email}</font> </td>\n      </tr>\n      <tr>\n        <td></td>\n        <td></td>\n        <td valign=\"top\"><font size=\"1\" align=\"right\">{domain.phone}</font> </td>\n      </tr>\n    </table>\n\n    <table style=\"padding-top:75px;font-family: Arial, Verdana, sans-serif;\" width=\"100%\" border=\"0\" cellpadding=\"5\" cellspacing=\"0\">\n      <tr>\n        <th style=\"text-align:left;font-weight:bold;width:100%\"><font size=\"1\">{ts}Description{/ts}</font></th>\n        <th style=\"text-align:right;font-weight:bold;white-space: nowrap\"><font size=\"1\">{ts}Quantity{/ts}</font></th>\n        <th style=\"text-align:right;font-weight:bold;white-space: nowrap\"><font size=\"1\">{ts}Unit Price{/ts}</font></th>\n        <th style=\"text-align:right;font-weight:bold;white-space: nowrap\"><font size=\"1\">{domain.tax_term}</font></th>\n        <th style=\"text-align:right;font-weight:bold;white-space: nowrap\"><font size=\"1\">{ts 1=\'{contribution.currency}\'}Amount %1{/ts}</font></th>\n      </tr>\n      {foreach from=$lineItems item=line}\n        <tr>\n          <td style=\"text-align:left;nowrap\"><font size=\"1\">\n            {$line.title}\n          </font></td>\n          <td style=\"text-align:right;\"><font size=\"1\">{$line.qty}</font></td>\n          <td style=\"text-align:right;\"><font size=\"1\">{$line.unit_price|crmMoney:$currency}</font></td>\n            {if $line.tax_amount != \'\'}\n              <td style=\"text-align:right;\"><font size=\"1\">{if $line.tax_rate}{$line.tax_rate|crmNumberFormat}%{/if}</font></td>\n            {else}\n              <td style=\"text-align:right;\"><font size=\"1\">{if \'{domain.tax_term}\'}{ts 1=\'{domain.tax_term}\'}-{/ts}{/if}</font></td>\n            {/if}\n          <td style=\"text-align:right;\"><font size=\"1\">{$line.line_total|crmMoney:\'{contribution.currency}\'}</font></td>\n        </tr>\n      {/foreach}\n      <tr>\n        <td colspan=\"3\"></td>\n        <td style=\"text-align:right;\"><font size=\"1\">{ts}Sub Total{/ts}</font></td>\n        <td style=\"text-align:right;\"><font size=\"1\">{contribution.tax_exclusive_amount}</font></td>\n      </tr>\n      {foreach from=$taxRateBreakdown item=taxDetail key=taxRate}\n        {if $taxRate != 0}\n          <tr>\n            <td colspan=\"3\"></td>\n            <td style=\"text-align:right;white-space: nowrap\"><font size=\"1\">{if \'{domain.tax_term}\'}{ts 1=\'{domain.tax_term}\' 2=$taxRate|crmNumberFormat}TOTAL %1 %2%{/ts}{/if}</font></td>\n            <td style=\"text-align:right\"><font size=\"1\" align=\"right\">{$taxDetail.amount|crmMoney:\'{contribution.currency}\'}</font> </td>\n          </tr>\n        {/if}\n      {/foreach}\n      <tr>\n        <td colspan=\"3\"></td>\n        <td style=\"text-align:right;white-space: nowrap\"><b><font size=\"1\">{ts 1=\'{contribution.currency}\'}TOTAL %1{/ts}</font></b></td>\n        <td style=\"text-align:right;\"><font size=\"1\">{contribution.total_amount}</font></td>\n      </tr>\n      <tr>\n        <td colspan=\"3\"></td>\n        <td style=\"text-align:right;white-space: nowrap\"><font size=\"1\">\n          {if \'{contribution.contribution_status_id:name}\' == \'Refunded\'}\n            {ts}Amount Credited{/ts}\n          {else}\n            {ts}Amount Paid{/ts}\n          {/if}\n        </font></td>\n        <td style=\"text-align:right;\"><font size=\"1\">{contribution.paid_amount}</font></td>\n      </tr>\n      <tr>\n        <td colspan=\"3\"></td>\n        <td colspan=\"2\"><hr></hr></td>\n      </tr>\n      <tr>\n        <td colspan=\"3\"></td>\n        <td style=\"text-align:right;white-space: nowrap\" ><b><font size=\"1\">{ts}AMOUNT DUE:{/ts}</font></b></td>\n        <td style=\"text-align:right;\"><b><font size=\"1\">{contribution.balance_amount}</font></b></td>\n      </tr>\n      <tr>\n        <td colspan=\"5\"></td>\n      </tr>\n      {if \'{contribution.contribution_status_id:name}\' == \'Pending\' && \'{contribution.is_pay_later}\' == 1}\n        <tr>\n          <td colspan=\"3\"><b><font size=\"1\" align=\"center\">{ts 1=$dueDate}DUE DATE: %1{/ts}</font></b></td>\n          <td colspan=\"2\"></td>\n        </tr>\n      {/if}\n    </table>\n\n    {if \'{contribution.contribution_status_id:name}\' == \'Pending\' && \'{contribution.is_pay_later}\' == 1}\n      <table style=\"margin-top:5px;\" width=\"100%\" border=\"0\" cellpadding=\"0\" cellspacing=\"0\">\n        <tr>\n          <td><img src=\"{$resourceBase}/i/contribute/cut_line.png\" height=\"15\"></td>\n        </tr>\n      </table>\n\n      <table style=\"margin-top:5px;font-family: Arial, Verdana, sans-serif\" width=\"100%\" border=\"0\" cellpadding=\"5\" cellspacing=\"0\" id=\"desc\">\n        <tr>\n          <td width=\"60%\"><b><font size=\"4\" align=\"right\">{ts}PAYMENT ADVICE{/ts}</font></b><br/><br/>\n            <font size=\"1\" align=\"left\"><b>{ts}To:{/ts}</b><div style=\"width:24em;word-wrap:break-word;\">\n              {domain.name}<br />\n              {domain.street_address} {domain.supplemental_address_1}<br />\n              {domain.supplemental_address_2} {domain.state_province_id:label}<br />\n              {domain.city} {domain.postal_code}<br />\n              {domain.country_id:label}<br />\n              {domain.email}</div>\n              {domain.phone}<br />\n            </font>\n            <br/><br/><font size=\"1\" align=\"left\">{$notes}</font>\n          </td>\n          <td width=\"40%\">\n            <table cellpadding=\"5\" cellspacing=\"0\"  width=\"100%\" border=\"0\">\n              <tr>\n                <td width=\"100%\"><font size=\"1\" align=\"right\" style=\"font-weight:bold;\">{ts}Customer:{/ts}</font></td>\n                <td style=\"white-space: nowrap\"><font size=\"1\" align=\"right\">{contact.display_name}</font></td>\n              </tr>\n              <tr>\n                <td><font size=\"1\" align=\"right\" style=\"font-weight:bold;\">{ts}Invoice Number:{/ts}</font></td>\n                <td><font size=\"1\" align=\"right\">{contribution.invoice_number}</font></td>\n              </tr>\n              <tr><td colspan=\"5\" style=\"color:#F5F5F5;\"><hr></td></tr>\n              {if {contribution.is_pay_later|boolean}}\n                <tr>\n                  <td><font size=\"1\" align=\"right\" style=\"font-weight:bold;\">{ts}Amount Due:{/ts}</font></td>\n                  <td><font size=\"1\" align=\"right\" style=\"font-weight:bold;\">{contribution.total_amount}</font></td>\n                </tr>\n              {else}\n                <tr>\n                  <td><font size=\"1\" align=\"right\" style=\"font-weight:bold;\">{ts}Amount Due:{/ts}</font></td>\n                  <td><font size=\"1\" align=\"right\" style=\"font-weight:bold;\">{contribution.paid_amount}</font></td>\n                </tr>\n              {/if}\n              <tr>\n                <td><font size=\"1\" align=\"right\" style=\"font-weight:bold;\">{ts}Due Date:{/ts}</font></td>\n                <td><font size=\"1\" align=\"right\">{$dueDate}</font></td>\n              </tr>\n              <tr>\n                <td colspan=\"5\" style=\"color:#F5F5F5;\"><hr></td>\n              </tr>\n            </table>\n          </td>\n        </tr>\n      </table>\n    {/if}\n\n    {if \'{contribution.contribution_status_id:name}\' === \'Refunded\' || \'{contribution.contribution_status_id:name}\' === \'Cancelled\'}\n    {if $config->empoweredBy}\n      <table style=\"margin-top:2px;padding-left:7px;page-break-before: always;\">\n        <tr>\n          <td><img src=\"{$resourceBase}/i/civi99.png\" height=\"34px\" width=\"99px\"></td>\n        </tr>\n      </table>\n    {/if}\n\n    <table style=\"font-family: Arial, Verdana, sans-serif\" width=\"100%\" height=\"100\" border=\"0\" cellpadding=\"5\" cellspacing=\"5\">\n      <tr>\n        <td style=\"padding-left:15px;\"><b><font size=\"4\" align=\"center\">{ts}CREDIT NOTE{/ts}</font></b></td>\n        <td style=\"padding-left:30px;\"><b><font size=\"1\" align=\"right\">{ts}Date:{/ts}</font></b></td>\n        <td><font size=\"1\" align=\"right\">{domain.name}</font></td>\n      </tr>\n      <tr>\n        <td style=\"padding-left:17px;\"><font size=\"1\" align=\"center\">{contact.display_name}{if \'{contact.current_employer}\'} ({contact.current_employer}){/if}</font></td>\n        <td style=\"padding-left:30px;\"><font size=\"1\" align=\"right\">{contribution.receive_date|crmDate:\"Full\"}</font></td>\n        <td><font size=\"1\" align=\"right\">\n          {domain.street_address}\n          {domain.supplemental_address_1}\n         </font></td>\n      </tr>\n      <tr>\n        <td style=\"padding-left:17px;\"><font size=\"1\" align=\"center\">{contact.address_billing.street_address}   {contact.address_billing.supplemental_address_1}</font></td>\n        <td style=\"padding-left:30px;\"><b><font size=\"1\" align=\"right\">{ts}Credit Note Number:{/ts}</font></b></td>\n        <td><font size=\"1\" align=\"right\">\n          {domain.supplemental_address_2}\n          {domain.state_province_id:label}\n        </font></td>\n      </tr>\n      <tr>\n        <td style=\"padding-left:17px;\"><font size=\"1\" align=\"center\">{contact.address_billing.supplemental_address_2} {contact.address_billing.state_province_id:abbr}</font></td>\n        <td style=\"padding-left:30px;\"><font size=\"1\" align=\"right\">{contribution.creditnote_id}</font></td>\n        <td><font size=\"1\" align=\"right\">\n          {domain.city}\n          {domain.postal_code}\n        </font></td>\n      </tr>\n      <tr>\n        <td style=\"padding-left:17px;\"><font size=\"1\" align=\"right\">{contact.address_billing.city}  {contact.address_billing.postal_code}</font></td>\n        <td height=\"10\" style=\"padding-left:30px;\"><b><font size=\"1\" align=\"right\">{ts}Reference:{/ts}</font></b></td>\n        <td><font size=\"1\" align=\"right\">\n          {domain.country_id:label}\n        </font></td>\n      </tr>\n      <tr>\n        <td></td>\n        <td style=\"padding-left:30px;\"><font size=\"1\" align=\"right\">{contribution.source}</font></td>\n        <td><font size=\"1\" align=\"right\">\n          {domain.email}\n        </font></td>\n      </tr>\n      <tr>\n        <td></td>\n        <td></td>\n        <td><font size=\"1\" align=\"right\">\n          {domain.phone}\n        </font></td>\n      </tr>\n    </table>\n\n    <table style=\"margin-top:75px;font-family: Arial, Verdana, sans-serif\" width=\"100%\" border=\"0\" cellpadding=\"5\" cellspacing=\"5\" id=\"desc\">\n      <tr>\n        <td colspan=\"2\">\n          <table>\n            <tr>\n              <th style=\"padding-right:28px;text-align:left;font-weight:bold;width:200px;\"><font size=\"1\">{ts}Description{/ts}</font></th>\n              <th style=\"padding-left:28px;text-align:right;font-weight:bold;\"><font size=\"1\">{ts}Quantity{/ts}</font></th>\n              <th style=\"padding-left:28px;text-align:right;font-weight:bold;\"><font size=\"1\">{ts}Unit Price{/ts}</font></th>\n              <th style=\"padding-left:28px;text-align:right;font-weight:bold;\"><font size=\"1\">{domain.tax_term}</font></th>\n              <th style=\"padding-left:28px;text-align:right;font-weight:bold;\"><font size=\"1\">{ts 1=\"{contribution.currency}\"}Amount %1{/ts}</font></th>\n            </tr>\n            {foreach from=$lineItems item=line key=index}\n              <tr><td colspan=\"5\"><hr {if $index == 0}size=\"3\" style=\"color:#000;\"{else}style=\"color:#F5F5F5;\"{/if}></hr></td></tr>\n              <tr>\n                <td style =\"text-align:left;\"  ><font size=\"1\">\n                  {$line.title}\n                </font></td>\n                <td style=\"padding-left:28px;text-align:right;\"><font size=\"1\">{$line.qty}</font></td>\n                <td style=\"padding-left:28px;text-align:right;\"><font size=\"1\">{$line.unit_price|crmMoney:\'{contribution.currency}\'}</font></td>\n                {if $line.tax_amount != \'\'}\n                  <td style=\"padding-left:28px;text-align:right;\"><font size=\"1\">{if $line.tax_rate}{$line.tax_rate|crmNumberFormat}%{/if}</font></td>\n                {else}\n                  <td style=\"padding-left:28px;text-align:right\"><font size=\"1\">{if \'{domain.tax_term}\'}{ts 1=\'{domain.tax_term}\'}No %1{/ts}{/if}</font></td>\n                {/if}\n                <td style=\"padding-left:28px;text-align:right;\"><font size=\"1\">{$line.line_total|crmMoney:\'{contribution.currency}\'}</font></td>\n              </tr>\n            {/foreach}\n            <tr><td colspan=\"5\" style=\"color:#F5F5F5;\"><hr></hr></td></tr>\n            <tr>\n              <td colspan=\"3\"></td>\n              <td style=\"padding-left:28px;text-align:right;\"><font size=\"1\">{ts}Sub Total{/ts}</font></td>\n              <td style=\"padding-left:28px;text-align:right;\"><font size=\"1\">{contribution.tax_exclusive_amount}</font></td>\n            </tr>\n            {foreach from=$taxRateBreakdown item=taxDetail key=taxRate}\n                {if $taxRate != 0}\n                  <tr>\n                    <td colspan=\"3\"></td>\n                    <td style=\"padding-left:28px;text-align:right;\"><font size=\"1\">{if \'{domain.tax_term}\'}{ts 1=\'{domain.tax_term}\' 2=$taxRate|crmNumberFormat}TOTAL %1 %2%{/ts}{/if}</font></td>\n                    <td style=\"padding-left:28px;text-align:right;\"><font size=\"1\" align=\"right\">{$taxDetail.amount|crmMoney:\'{contribution.currency}\'}</font> </td>\n                  </tr>\n                {/if}\n              {/foreach}\n            <tr>\n              <td colspan=\"3\"></td>\n              <td colspan=\"2\"><hr></hr></td>\n            </tr>\n            <tr>\n              <td colspan=\"3\"></td>\n              <td style=\"padding-left:28px;text-align:right;\"><b><font size=\"1\">{ts 1=\'{contribution.currency}\'}TOTAL %1{/ts}</font></b></td>\n              <td style=\"padding-left:28px;text-align:right;\"><font size=\"1\">{contribution.total_amount}</font></td>\n            </tr>\n            {if !\'{contribution.is_pay_later|boolean}\'}\n              <tr>\n                <td colspan=\"3\"></td>\n                <td style=\"padding-left:28px;text-align:right;\"><font size=\"1\">{ts}LESS Credit to invoice(s){/ts}</font></td>\n                <td style=\"padding-left:28px;text-align:right;\"><font size=\"1\">{contribution.total_amount}</font></td>\n              </tr>\n              <tr>\n                <td colspan=\"3\"></td>\n                <td colspan=\"2\"><hr></hr></td>\n              </tr>\n              <tr>\n                <td colspan=\"3\"></td>\n                <td style=\"padding-left:28px;text-align:right;\"><b><font size=\"1\">{ts}REMAINING CREDIT{/ts}</font></b></td>\n                <td style=\"padding-left:28px;text-align:right;\"><b><font size=\"1\">{contribution.balance_amount}</font></b></td>\n                <td style=\"padding-left:28px;\"><font size=\"1\" align=\"right\"></font></td>\n              </tr>\n            {/if}\n            <br/><br/><br/>\n            <tr>\n              <td colspan=\"3\"></td>\n            </tr>\n            <tr>\n              <td></td>\n              <td colspan=\"3\"></td>\n            </tr>\n          </table>\n        </td>\n      </tr>\n    </table>\n\n    <table width=\"100%\" style=\"margin-top:5px;padding-right:45px;\">\n      <tr>\n        <td><img src=\"{$resourceBase}/i/contribute/cut_line.png\" height=\"15\" width=\"100%\"></td>\n      </tr>\n    </table>\n\n    <table style=\"margin-top:6px;font-family: Arial, Verdana, sans-serif\" width=\"100%\" border=\"0\" cellpadding=\"5\" cellspacing=\"5\" id=\"desc\">\n      <tr>\n        <td width=\"60%\"><font size=\"4\" align=\"right\"><b>{ts}CREDIT ADVICE{/ts}</b><br/><br /><div style=\"font-size:10px;max-width:300px;\">{ts}Please do not pay on this advice. Deduct the amount of this Credit Note from your next payment to us{/ts}</div><br/></font></td>\n        <td width=\"40%\">\n          <table align=\"right\">\n            <tr>\n              <td colspan=\"2\"></td>\n              <td><font size=\"1\" align=\"right\" style=\"font-weight:bold;\">{ts}Customer:{/ts}</font></td>\n              <td><font size=\"1\" align=\"right\">{contact.display_name}</font></td>\n            </tr>\n            <tr>\n              <td colspan=\"2\"></td>\n              <td><font size=\"1\" align=\"right\" style=\"font-weight:bold;\">{ts}Credit Note#:{/ts}</font></td>\n              <td><font size=\"1\" align=\"right\">{contribution.creditnote_id}</font></td>\n            </tr>\n            <tr><td colspan=\"5\"style=\"color:#F5F5F5;\"><hr></hr></td></tr>\n            <tr>\n              <td colspan=\"2\"></td>\n              <td><font size=\"1\" align=\"right\" style=\"font-weight:bold;\">{ts}Credit Amount:{/ts}</font></td>\n              <td width=\'50px\'><font size=\"1\" align=\"right\" style=\"font-weight:bold;\">{contribution.total_amount}</font></td>\n            </tr>\n          </table>\n        </td>\n      </tr>\n    </table>\n  {/if}\n\n  </div>\n  </body>\n</html>\n',1,818,'contribution_invoice_receipt',1,0,0,NULL),
 (10,'Contributions - Invoice','{if $title}\n  {if $component}\n    {if $component == \'event\'}\n      {ts 1=$title}Event Registration Invoice: %1{/ts}\n    {else}\n      {ts 1=$title}Contribution Invoice: %1{/ts}\n    {/if}\n  {/if}\n{else}\n  {ts}Invoice{/ts}\n{/if}\n - {contact.display_name}\n','','<!DOCTYPE html PUBLIC \"-//W3C//DTD XHTML 1.0 Transitional//EN\" \"http://www.w3.org/TR/xhtml1/DTD/xhtml1-transitional.dtd\">\n<html xmlns=\"http://www.w3.org/1999/xhtml\">\n  <head>\n    <meta http-equiv=\"Content-Type\" content=\"text/html; charset=UTF-8\" />\n      <title></title>\n  </head>\n  <body>\n  <div style=\"padding-top:100px;margin-right:50px;border-style: none;\">\n    {if $config->empoweredBy}\n      <table style=\"margin-top:5px;padding-bottom:50px;\" cellpadding=\"5\" cellspacing=\"0\">\n        <tr>\n          <td><img src=\"{domain.empowered_by_civicrm_image_url}\" height=\"34px\" width=\"99px\"></td>\n        </tr>\n      </table>\n    {/if}\n    <table style=\"font-family: Arial, Verdana, sans-serif;\" width=\"100%\" height=\"100\" border=\"0\" cellpadding=\"5\" cellspacing=\"0\">\n      {if $userText}\n        <tr>\n          <td><font size=\"1\" colspan=\"3\">{$userText}</font></td>\n        </tr>\n      {/if}\n      <tr>\n        <td width=\"30%\"><b><font size=\"4\" align=\"center\">{ts}INVOICE{/ts}</font></b></td>\n        <td width=\"50%\" valign=\"bottom\"><b><font size=\"1\" align=\"center\">{ts}Invoice Date:{/ts}</font></b></td>\n        <td valign=\"bottom\" style=\"white-space: nowrap\"><b><font size=\"1\" align=\"right\">{domain.name}</font></b></td>\n      </tr>\n      <tr>\n        <td><font size=\"1\" align=\"center\">{contact.display_name}{if \'{contact.current_employer}\'} ({contact.current_employer}){/if}</font></td>\n        <td><font size=\"1\" align=\"right\">{contribution.receive_date|crmDate:\"Full\"}</font></td>\n        <td style=\"white-space: nowrap\"><font size=\"1\" align=\"right\">\n          {domain.street_address}\n          {domain.supplemental_address_1}\n        </font></td>\n      </tr>\n      <tr>\n        <td><font size=\"1\" align=\"center\">{contact.address_billing.street_address} {contact.address_billing.supplemental_address_1}</font></td>\n        <td><b><font size=\"1\" align=\"right\">{ts}Invoice Number:{/ts}</font></b></td>\n        <td><font size=\"1\" align=\"right\">\n          {domain.supplemental_address_2}\n          {domain.state_province_id:label}\n        </font></td>\n      </tr>\n      <tr>\n        <td><font size=\"1\" align=\"center\">{contact.address_billing.supplemental_address_2} {contact.address_billing.state_province_id:abbr}</font></td>\n        <td><font size=\"1\" align=\"right\">{contribution.invoice_number}</font></td>\n        <td style=\"white-space: nowrap\"><font size=\"1\" align=\"right\">\n          {domain.city}\n          {domain.postal_code}\n        </font></td>\n      </tr>\n      <tr>\n        <td><font size=\"1\" align=\"right\">{contact.address_billing.city}  {contact.address_billing.postal_code}</font></td>\n        <td height=\"10\"><b><font size=\"1\" align=\"right\">{ts}Reference:{/ts}</font></b></td>\n        <td><font size=\"1\" align=\"right\">{domain.country_id:label}</font></td>\n      </tr>\n      <tr>\n        <td><font size=\"1\" align=\"right\"> {contact.address_billing.country_id:label}</font></td>\n        <td><font size=\"1\" align=\"right\">{contribution.source}</font></td>\n        <td valign=\"top\" style=\"white-space: nowrap\"><font size=\"1\" align=\"right\">{domain.email}</font> </td>\n      </tr>\n      <tr>\n        <td></td>\n        <td></td>\n        <td valign=\"top\"><font size=\"1\" align=\"right\">{domain.phone}</font> </td>\n      </tr>\n    </table>\n\n    <table style=\"padding-top:75px;font-family: Arial, Verdana, sans-serif;\" width=\"100%\" border=\"0\" cellpadding=\"5\" cellspacing=\"0\">\n      <tr>\n        <th style=\"text-align:left;font-weight:bold;width:100%\"><font size=\"1\">{ts}Description{/ts}</font></th>\n        <th style=\"text-align:right;font-weight:bold;white-space: nowrap\"><font size=\"1\">{ts}Quantity{/ts}</font></th>\n        <th style=\"text-align:right;font-weight:bold;white-space: nowrap\"><font size=\"1\">{ts}Unit Price{/ts}</font></th>\n        <th style=\"text-align:right;font-weight:bold;white-space: nowrap\"><font size=\"1\">{domain.tax_term}</font></th>\n        <th style=\"text-align:right;font-weight:bold;white-space: nowrap\"><font size=\"1\">{ts 1=\'{contribution.currency}\'}Amount %1{/ts}</font></th>\n      </tr>\n      {foreach from=$lineItems item=line}\n        <tr>\n          <td style=\"text-align:left;nowrap\"><font size=\"1\">\n            {$line.title}\n          </font></td>\n          <td style=\"text-align:right;\"><font size=\"1\">{$line.qty}</font></td>\n          <td style=\"text-align:right;\"><font size=\"1\">{$line.unit_price|crmMoney:$currency}</font></td>\n            {if $line.tax_amount != \'\'}\n              <td style=\"text-align:right;\"><font size=\"1\">{if $line.tax_rate}{$line.tax_rate|crmNumberFormat}%{/if}</font></td>\n            {else}\n              <td style=\"text-align:right;\"><font size=\"1\">{if \'{domain.tax_term}\'}{ts 1=\'{domain.tax_term}\'}-{/ts}{/if}</font></td>\n            {/if}\n          <td style=\"text-align:right;\"><font size=\"1\">{$line.line_total|crmMoney:\'{contribution.currency}\'}</font></td>\n        </tr>\n      {/foreach}\n      <tr>\n        <td colspan=\"3\"></td>\n        <td style=\"text-align:right;\"><font size=\"1\">{ts}Sub Total{/ts}</font></td>\n        <td style=\"text-align:right;\"><font size=\"1\">{contribution.tax_exclusive_amount}</font></td>\n      </tr>\n      {foreach from=$taxRateBreakdown item=taxDetail key=taxRate}\n        {if $taxRate != 0}\n          <tr>\n            <td colspan=\"3\"></td>\n            <td style=\"text-align:right;white-space: nowrap\"><font size=\"1\">{if \'{domain.tax_term}\'}{ts 1=\'{domain.tax_term}\' 2=$taxRate|crmNumberFormat}TOTAL %1 %2%{/ts}{/if}</font></td>\n            <td style=\"text-align:right\"><font size=\"1\" align=\"right\">{$taxDetail.amount|crmMoney:\'{contribution.currency}\'}</font> </td>\n          </tr>\n        {/if}\n      {/foreach}\n      <tr>\n        <td colspan=\"3\"></td>\n        <td style=\"text-align:right;white-space: nowrap\"><b><font size=\"1\">{ts 1=\'{contribution.currency}\'}TOTAL %1{/ts}</font></b></td>\n        <td style=\"text-align:right;\"><font size=\"1\">{contribution.total_amount}</font></td>\n      </tr>\n      <tr>\n        <td colspan=\"3\"></td>\n        <td style=\"text-align:right;white-space: nowrap\"><font size=\"1\">\n          {if \'{contribution.contribution_status_id:name}\' == \'Refunded\'}\n            {ts}Amount Credited{/ts}\n          {else}\n            {ts}Amount Paid{/ts}\n          {/if}\n        </font></td>\n        <td style=\"text-align:right;\"><font size=\"1\">{contribution.paid_amount}</font></td>\n      </tr>\n      <tr>\n        <td colspan=\"3\"></td>\n        <td colspan=\"2\"><hr></hr></td>\n      </tr>\n      <tr>\n        <td colspan=\"3\"></td>\n        <td style=\"text-align:right;white-space: nowrap\" ><b><font size=\"1\">{ts}AMOUNT DUE:{/ts}</font></b></td>\n        <td style=\"text-align:right;\"><b><font size=\"1\">{contribution.balance_amount}</font></b></td>\n      </tr>\n      <tr>\n        <td colspan=\"5\"></td>\n      </tr>\n      {if \'{contribution.contribution_status_id:name}\' == \'Pending\' && \'{contribution.is_pay_later}\' == 1}\n        <tr>\n          <td colspan=\"3\"><b><font size=\"1\" align=\"center\">{ts 1=$dueDate}DUE DATE: %1{/ts}</font></b></td>\n          <td colspan=\"2\"></td>\n        </tr>\n      {/if}\n    </table>\n\n    {if \'{contribution.contribution_status_id:name}\' == \'Pending\' && \'{contribution.is_pay_later}\' == 1}\n      <table style=\"margin-top:5px;\" width=\"100%\" border=\"0\" cellpadding=\"0\" cellspacing=\"0\">\n        <tr>\n          <td><img src=\"{$resourceBase}/i/contribute/cut_line.png\" height=\"15\"></td>\n        </tr>\n      </table>\n\n      <table style=\"margin-top:5px;font-family: Arial, Verdana, sans-serif\" width=\"100%\" border=\"0\" cellpadding=\"5\" cellspacing=\"0\" id=\"desc\">\n        <tr>\n          <td width=\"60%\"><b><font size=\"4\" align=\"right\">{ts}PAYMENT ADVICE{/ts}</font></b><br/><br/>\n            <font size=\"1\" align=\"left\"><b>{ts}To:{/ts}</b><div style=\"width:24em;word-wrap:break-word;\">\n              {domain.name}<br />\n              {domain.street_address} {domain.supplemental_address_1}<br />\n              {domain.supplemental_address_2} {domain.state_province_id:label}<br />\n              {domain.city} {domain.postal_code}<br />\n              {domain.country_id:label}<br />\n              {domain.email}</div>\n              {domain.phone}<br />\n            </font>\n            <br/><br/><font size=\"1\" align=\"left\">{$notes}</font>\n          </td>\n          <td width=\"40%\">\n            <table cellpadding=\"5\" cellspacing=\"0\"  width=\"100%\" border=\"0\">\n              <tr>\n                <td width=\"100%\"><font size=\"1\" align=\"right\" style=\"font-weight:bold;\">{ts}Customer:{/ts}</font></td>\n                <td style=\"white-space: nowrap\"><font size=\"1\" align=\"right\">{contact.display_name}</font></td>\n              </tr>\n              <tr>\n                <td><font size=\"1\" align=\"right\" style=\"font-weight:bold;\">{ts}Invoice Number:{/ts}</font></td>\n                <td><font size=\"1\" align=\"right\">{contribution.invoice_number}</font></td>\n              </tr>\n              <tr><td colspan=\"5\" style=\"color:#F5F5F5;\"><hr></td></tr>\n              {if {contribution.is_pay_later|boolean}}\n                <tr>\n                  <td><font size=\"1\" align=\"right\" style=\"font-weight:bold;\">{ts}Amount Due:{/ts}</font></td>\n                  <td><font size=\"1\" align=\"right\" style=\"font-weight:bold;\">{contribution.total_amount}</font></td>\n                </tr>\n              {else}\n                <tr>\n                  <td><font size=\"1\" align=\"right\" style=\"font-weight:bold;\">{ts}Amount Due:{/ts}</font></td>\n                  <td><font size=\"1\" align=\"right\" style=\"font-weight:bold;\">{contribution.paid_amount}</font></td>\n                </tr>\n              {/if}\n              <tr>\n                <td><font size=\"1\" align=\"right\" style=\"font-weight:bold;\">{ts}Due Date:{/ts}</font></td>\n                <td><font size=\"1\" align=\"right\">{$dueDate}</font></td>\n              </tr>\n              <tr>\n                <td colspan=\"5\" style=\"color:#F5F5F5;\"><hr></td>\n              </tr>\n            </table>\n          </td>\n        </tr>\n      </table>\n    {/if}\n\n    {if \'{contribution.contribution_status_id:name}\' === \'Refunded\' || \'{contribution.contribution_status_id:name}\' === \'Cancelled\'}\n    {if $config->empoweredBy}\n      <table style=\"margin-top:2px;padding-left:7px;page-break-before: always;\">\n        <tr>\n          <td><img src=\"{$resourceBase}/i/civi99.png\" height=\"34px\" width=\"99px\"></td>\n        </tr>\n      </table>\n    {/if}\n\n    <table style=\"font-family: Arial, Verdana, sans-serif\" width=\"100%\" height=\"100\" border=\"0\" cellpadding=\"5\" cellspacing=\"5\">\n      <tr>\n        <td style=\"padding-left:15px;\"><b><font size=\"4\" align=\"center\">{ts}CREDIT NOTE{/ts}</font></b></td>\n        <td style=\"padding-left:30px;\"><b><font size=\"1\" align=\"right\">{ts}Date:{/ts}</font></b></td>\n        <td><font size=\"1\" align=\"right\">{domain.name}</font></td>\n      </tr>\n      <tr>\n        <td style=\"padding-left:17px;\"><font size=\"1\" align=\"center\">{contact.display_name}{if \'{contact.current_employer}\'} ({contact.current_employer}){/if}</font></td>\n        <td style=\"padding-left:30px;\"><font size=\"1\" align=\"right\">{contribution.receive_date|crmDate:\"Full\"}</font></td>\n        <td><font size=\"1\" align=\"right\">\n          {domain.street_address}\n          {domain.supplemental_address_1}\n         </font></td>\n      </tr>\n      <tr>\n        <td style=\"padding-left:17px;\"><font size=\"1\" align=\"center\">{contact.address_billing.street_address}   {contact.address_billing.supplemental_address_1}</font></td>\n        <td style=\"padding-left:30px;\"><b><font size=\"1\" align=\"right\">{ts}Credit Note Number:{/ts}</font></b></td>\n        <td><font size=\"1\" align=\"right\">\n          {domain.supplemental_address_2}\n          {domain.state_province_id:label}\n        </font></td>\n      </tr>\n      <tr>\n        <td style=\"padding-left:17px;\"><font size=\"1\" align=\"center\">{contact.address_billing.supplemental_address_2} {contact.address_billing.state_province_id:abbr}</font></td>\n        <td style=\"padding-left:30px;\"><font size=\"1\" align=\"right\">{contribution.creditnote_id}</font></td>\n        <td><font size=\"1\" align=\"right\">\n          {domain.city}\n          {domain.postal_code}\n        </font></td>\n      </tr>\n      <tr>\n        <td style=\"padding-left:17px;\"><font size=\"1\" align=\"right\">{contact.address_billing.city}  {contact.address_billing.postal_code}</font></td>\n        <td height=\"10\" style=\"padding-left:30px;\"><b><font size=\"1\" align=\"right\">{ts}Reference:{/ts}</font></b></td>\n        <td><font size=\"1\" align=\"right\">\n          {domain.country_id:label}\n        </font></td>\n      </tr>\n      <tr>\n        <td></td>\n        <td style=\"padding-left:30px;\"><font size=\"1\" align=\"right\">{contribution.source}</font></td>\n        <td><font size=\"1\" align=\"right\">\n          {domain.email}\n        </font></td>\n      </tr>\n      <tr>\n        <td></td>\n        <td></td>\n        <td><font size=\"1\" align=\"right\">\n          {domain.phone}\n        </font></td>\n      </tr>\n    </table>\n\n    <table style=\"margin-top:75px;font-family: Arial, Verdana, sans-serif\" width=\"100%\" border=\"0\" cellpadding=\"5\" cellspacing=\"5\" id=\"desc\">\n      <tr>\n        <td colspan=\"2\">\n          <table>\n            <tr>\n              <th style=\"padding-right:28px;text-align:left;font-weight:bold;width:200px;\"><font size=\"1\">{ts}Description{/ts}</font></th>\n              <th style=\"padding-left:28px;text-align:right;font-weight:bold;\"><font size=\"1\">{ts}Quantity{/ts}</font></th>\n              <th style=\"padding-left:28px;text-align:right;font-weight:bold;\"><font size=\"1\">{ts}Unit Price{/ts}</font></th>\n              <th style=\"padding-left:28px;text-align:right;font-weight:bold;\"><font size=\"1\">{domain.tax_term}</font></th>\n              <th style=\"padding-left:28px;text-align:right;font-weight:bold;\"><font size=\"1\">{ts 1=\"{contribution.currency}\"}Amount %1{/ts}</font></th>\n            </tr>\n            {foreach from=$lineItems item=line key=index}\n              <tr><td colspan=\"5\"><hr {if $index == 0}size=\"3\" style=\"color:#000;\"{else}style=\"color:#F5F5F5;\"{/if}></hr></td></tr>\n              <tr>\n                <td style =\"text-align:left;\"  ><font size=\"1\">\n                  {$line.title}\n                </font></td>\n                <td style=\"padding-left:28px;text-align:right;\"><font size=\"1\">{$line.qty}</font></td>\n                <td style=\"padding-left:28px;text-align:right;\"><font size=\"1\">{$line.unit_price|crmMoney:\'{contribution.currency}\'}</font></td>\n                {if $line.tax_amount != \'\'}\n                  <td style=\"padding-left:28px;text-align:right;\"><font size=\"1\">{if $line.tax_rate}{$line.tax_rate|crmNumberFormat}%{/if}</font></td>\n                {else}\n                  <td style=\"padding-left:28px;text-align:right\"><font size=\"1\">{if \'{domain.tax_term}\'}{ts 1=\'{domain.tax_term}\'}No %1{/ts}{/if}</font></td>\n                {/if}\n                <td style=\"padding-left:28px;text-align:right;\"><font size=\"1\">{$line.line_total|crmMoney:\'{contribution.currency}\'}</font></td>\n              </tr>\n            {/foreach}\n            <tr><td colspan=\"5\" style=\"color:#F5F5F5;\"><hr></hr></td></tr>\n            <tr>\n              <td colspan=\"3\"></td>\n              <td style=\"padding-left:28px;text-align:right;\"><font size=\"1\">{ts}Sub Total{/ts}</font></td>\n              <td style=\"padding-left:28px;text-align:right;\"><font size=\"1\">{contribution.tax_exclusive_amount}</font></td>\n            </tr>\n            {foreach from=$taxRateBreakdown item=taxDetail key=taxRate}\n                {if $taxRate != 0}\n                  <tr>\n                    <td colspan=\"3\"></td>\n                    <td style=\"padding-left:28px;text-align:right;\"><font size=\"1\">{if \'{domain.tax_term}\'}{ts 1=\'{domain.tax_term}\' 2=$taxRate|crmNumberFormat}TOTAL %1 %2%{/ts}{/if}</font></td>\n                    <td style=\"padding-left:28px;text-align:right;\"><font size=\"1\" align=\"right\">{$taxDetail.amount|crmMoney:\'{contribution.currency}\'}</font> </td>\n                  </tr>\n                {/if}\n              {/foreach}\n            <tr>\n              <td colspan=\"3\"></td>\n              <td colspan=\"2\"><hr></hr></td>\n            </tr>\n            <tr>\n              <td colspan=\"3\"></td>\n              <td style=\"padding-left:28px;text-align:right;\"><b><font size=\"1\">{ts 1=\'{contribution.currency}\'}TOTAL %1{/ts}</font></b></td>\n              <td style=\"padding-left:28px;text-align:right;\"><font size=\"1\">{contribution.total_amount}</font></td>\n            </tr>\n            {if !\'{contribution.is_pay_later|boolean}\'}\n              <tr>\n                <td colspan=\"3\"></td>\n                <td style=\"padding-left:28px;text-align:right;\"><font size=\"1\">{ts}LESS Credit to invoice(s){/ts}</font></td>\n                <td style=\"padding-left:28px;text-align:right;\"><font size=\"1\">{contribution.total_amount}</font></td>\n              </tr>\n              <tr>\n                <td colspan=\"3\"></td>\n                <td colspan=\"2\"><hr></hr></td>\n              </tr>\n              <tr>\n                <td colspan=\"3\"></td>\n                <td style=\"padding-left:28px;text-align:right;\"><b><font size=\"1\">{ts}REMAINING CREDIT{/ts}</font></b></td>\n                <td style=\"padding-left:28px;text-align:right;\"><b><font size=\"1\">{contribution.balance_amount}</font></b></td>\n                <td style=\"padding-left:28px;\"><font size=\"1\" align=\"right\"></font></td>\n              </tr>\n            {/if}\n            <br/><br/><br/>\n            <tr>\n              <td colspan=\"3\"></td>\n            </tr>\n            <tr>\n              <td></td>\n              <td colspan=\"3\"></td>\n            </tr>\n          </table>\n        </td>\n      </tr>\n    </table>\n\n    <table width=\"100%\" style=\"margin-top:5px;padding-right:45px;\">\n      <tr>\n        <td><img src=\"{$resourceBase}/i/contribute/cut_line.png\" height=\"15\" width=\"100%\"></td>\n      </tr>\n    </table>\n\n    <table style=\"margin-top:6px;font-family: Arial, Verdana, sans-serif\" width=\"100%\" border=\"0\" cellpadding=\"5\" cellspacing=\"5\" id=\"desc\">\n      <tr>\n        <td width=\"60%\"><font size=\"4\" align=\"right\"><b>{ts}CREDIT ADVICE{/ts}</b><br/><br /><div style=\"font-size:10px;max-width:300px;\">{ts}Please do not pay on this advice. Deduct the amount of this Credit Note from your next payment to us{/ts}</div><br/></font></td>\n        <td width=\"40%\">\n          <table align=\"right\">\n            <tr>\n              <td colspan=\"2\"></td>\n              <td><font size=\"1\" align=\"right\" style=\"font-weight:bold;\">{ts}Customer:{/ts}</font></td>\n              <td><font size=\"1\" align=\"right\">{contact.display_name}</font></td>\n            </tr>\n            <tr>\n              <td colspan=\"2\"></td>\n              <td><font size=\"1\" align=\"right\" style=\"font-weight:bold;\">{ts}Credit Note#:{/ts}</font></td>\n              <td><font size=\"1\" align=\"right\">{contribution.creditnote_id}</font></td>\n            </tr>\n            <tr><td colspan=\"5\"style=\"color:#F5F5F5;\"><hr></hr></td></tr>\n            <tr>\n              <td colspan=\"2\"></td>\n              <td><font size=\"1\" align=\"right\" style=\"font-weight:bold;\">{ts}Credit Amount:{/ts}</font></td>\n              <td width=\'50px\'><font size=\"1\" align=\"right\" style=\"font-weight:bold;\">{contribution.total_amount}</font></td>\n            </tr>\n          </table>\n        </td>\n      </tr>\n    </table>\n  {/if}\n\n  </div>\n  </body>\n</html>\n',1,818,'contribution_invoice_receipt',0,1,0,NULL),
 (11,'Contributions - Recurring Start and End Notification','{ts}Recurring Contribution Notification{/ts} - {contact.display_name}\n','','<!DOCTYPE html PUBLIC \"-//W3C//DTD XHTML 1.0 Transitional//EN\" \"http://www.w3.org/TR/xhtml1/DTD/xhtml1-transitional.dtd\">\n<html xmlns=\"http://www.w3.org/1999/xhtml\">\n<head>\n <meta http-equiv=\"Content-Type\" content=\"text/html; charset=UTF-8\" />\n <title></title>\n</head>\n<body>\n\n{capture assign=headerStyle}colspan=\"2\" style=\"text-align: left; padding: 4px; border-bottom: 1px solid #999; background-color: #eee;\"{/capture}\n{capture assign=labelStyle}style=\"padding: 4px; border-bottom: 1px solid #999; background-color: #f7f7f7;\"{/capture}\n{capture assign=valueStyle}style=\"padding: 4px; border-bottom: 1px solid #999;\"{/capture}\n\n  <!-- BEGIN HEADER -->\n    {* To modify content in this section, you can edit the Custom Token named \"Message Header\". See also: https://docs.civicrm.org/user/en/latest/email/message-templates/#modifying-system-workflow-message-templates *}\n    {site.message_header}\n  <!-- END HEADER -->\n\n  <!-- BEGIN CONTENT -->\n\n  <table id=\"crm-event_receipt\" style=\"font-family: Arial, Verdana, sans-serif; text-align: left; width:100%; max-width:700px; padding:0; margin:0; border:0px;\">\n  <tr>\n   <td>\n    {assign var=\"greeting\" value=\"{contact.email_greeting_display}\"}{if $greeting}<p>{$greeting},</p>{/if}\n   </td>\n  </tr>\n\n  <tr>\n   <td>&nbsp;</td>\n  </tr>\n\n    {if $recur_txnType eq \'START\'}\n     {if $auto_renew_membership}\n       <tr>\n        <td>\n         <p>{ts}Thanks for your auto renew membership sign-up.{/ts}</p>\n         <p>{ts 1=$recur_frequency_interval 2=$recur_frequency_unit}This membership will be automatically renewed every %1 %2(s). {/ts}</p>\n        </td>\n       </tr>\n       {if $cancelSubscriptionUrl}\n       <tr>\n         <td {$labelStyle}>\n           {ts 1=$cancelSubscriptionUrl}You can cancel the auto-renewal option by <a href=\"%1\">visiting this web page</a>.{/ts}\n         </td>\n       </tr>\n       {/if}\n       {if $updateSubscriptionBillingUrl}\n         <tr>\n          <td {$labelStyle}>\n           {ts 1=$updateSubscriptionBillingUrl}You can update billing details for this automatically renewed membership by <a href=\"%1\">visiting this web page</a>.{/ts}\n          </td>\n         </tr>\n       {/if}\n     {else}\n      <tr>\n       <td>\n        <p>{ts}Thanks for your recurring contribution sign-up.{/ts}</p>\n        <p>{ts 1=$recur_frequency_interval 2=$recur_frequency_unit}This recurring contribution will be automatically processed every %1 %2(s){/ts}{if $recur_installments}{ts 1=$recur_installments} for a total of %1 installment(s){/ts}{/if}.</p>\n        <p>{ts}Start Date{/ts}: {$recur_start_date|crmDate}</p>\n       </td>\n      </tr>\n      {if $cancelSubscriptionUrl}\n      <tr>\n        <td {$labelStyle}>\n          {ts 1=$cancelSubscriptionUrl} You can cancel the recurring contribution option by <a href=\"%1\">visiting this web page</a>.{/ts}\n        </td>\n      </tr>\n      {/if}\n      {if $updateSubscriptionBillingUrl}\n        <tr>\n          <td {$labelStyle}>\n            {ts 1=$updateSubscriptionBillingUrl}You can update billing details for this recurring contribution by <a href=\"%1\">visiting this web page</a>.{/ts}\n          </td>\n        </tr>\n      {/if}\n      {if $updateSubscriptionUrl}\n      <tr>\n        <td {$labelStyle}>\n          {ts 1=$updateSubscriptionUrl}You can update recurring contribution amount or change the number of installments details for this recurring contribution by <a href=\"%1\">visiting this web page</a>.{/ts}\n        </td>\n      </tr>\n      {/if}\n     {/if}\n\n    {elseif $recur_txnType eq \'END\'}\n\n     {if $auto_renew_membership}\n      <tr>\n       <td>\n        <p>{ts}Your auto renew membership sign-up has ended and your membership will not be automatically renewed.{/ts}</p>\n       </td>\n      </tr>\n     {else}\n      <tr>\n       <td>\n        <p>{ts}Your recurring contribution term has ended.{/ts}</p>\n        <p>{ts 1=$recur_installments}You have successfully completed %1 recurring contributions. Thank you.{/ts}</p>\n       </td>\n      </tr>\n      <tr>\n       <td>\n     <table style=\"border: 1px solid #999; margin: 1em 0em 1em; border-collapse: collapse; width:100%;\">\n      <tr>\n       <th {$headerStyle}>\n        {ts 1=$recur_installments}Interval of Subscription for %1 installment(s){/ts}\n       </th>\n      </tr>\n      <tr>\n       <td {$labelStyle}>\n        {ts}Start Date{/ts}\n       </td>\n       <td {$valueStyle}>\n        {$recur_start_date|crmDate}\n       </td>\n      </tr>\n      <tr>\n       <td {$labelStyle}>\n        {ts}End Date{/ts}\n       </td>\n       <td {$valueStyle}>\n        {$recur_end_date|crmDate}\n       </td>\n      </tr>\n     </table>\n       </td>\n      </tr>\n\n     {/if}\n    {/if}\n\n </table>\n\n</body>\n</html>\n',1,819,'contribution_recurring_notify',1,0,0,NULL),
 (12,'Contributions - Recurring Start and End Notification','{ts}Recurring Contribution Notification{/ts} - {contact.display_name}\n','','<!DOCTYPE html PUBLIC \"-//W3C//DTD XHTML 1.0 Transitional//EN\" \"http://www.w3.org/TR/xhtml1/DTD/xhtml1-transitional.dtd\">\n<html xmlns=\"http://www.w3.org/1999/xhtml\">\n<head>\n <meta http-equiv=\"Content-Type\" content=\"text/html; charset=UTF-8\" />\n <title></title>\n</head>\n<body>\n\n{capture assign=headerStyle}colspan=\"2\" style=\"text-align: left; padding: 4px; border-bottom: 1px solid #999; background-color: #eee;\"{/capture}\n{capture assign=labelStyle}style=\"padding: 4px; border-bottom: 1px solid #999; background-color: #f7f7f7;\"{/capture}\n{capture assign=valueStyle}style=\"padding: 4px; border-bottom: 1px solid #999;\"{/capture}\n\n  <!-- BEGIN HEADER -->\n    {* To modify content in this section, you can edit the Custom Token named \"Message Header\". See also: https://docs.civicrm.org/user/en/latest/email/message-templates/#modifying-system-workflow-message-templates *}\n    {site.message_header}\n  <!-- END HEADER -->\n\n  <!-- BEGIN CONTENT -->\n\n  <table id=\"crm-event_receipt\" style=\"font-family: Arial, Verdana, sans-serif; text-align: left; width:100%; max-width:700px; padding:0; margin:0; border:0px;\">\n  <tr>\n   <td>\n    {assign var=\"greeting\" value=\"{contact.email_greeting_display}\"}{if $greeting}<p>{$greeting},</p>{/if}\n   </td>\n  </tr>\n\n  <tr>\n   <td>&nbsp;</td>\n  </tr>\n\n    {if $recur_txnType eq \'START\'}\n     {if $auto_renew_membership}\n       <tr>\n        <td>\n         <p>{ts}Thanks for your auto renew membership sign-up.{/ts}</p>\n         <p>{ts 1=$recur_frequency_interval 2=$recur_frequency_unit}This membership will be automatically renewed every %1 %2(s). {/ts}</p>\n        </td>\n       </tr>\n       {if $cancelSubscriptionUrl}\n       <tr>\n         <td {$labelStyle}>\n           {ts 1=$cancelSubscriptionUrl}You can cancel the auto-renewal option by <a href=\"%1\">visiting this web page</a>.{/ts}\n         </td>\n       </tr>\n       {/if}\n       {if $updateSubscriptionBillingUrl}\n         <tr>\n          <td {$labelStyle}>\n           {ts 1=$updateSubscriptionBillingUrl}You can update billing details for this automatically renewed membership by <a href=\"%1\">visiting this web page</a>.{/ts}\n          </td>\n         </tr>\n       {/if}\n     {else}\n      <tr>\n       <td>\n        <p>{ts}Thanks for your recurring contribution sign-up.{/ts}</p>\n        <p>{ts 1=$recur_frequency_interval 2=$recur_frequency_unit}This recurring contribution will be automatically processed every %1 %2(s){/ts}{if $recur_installments}{ts 1=$recur_installments} for a total of %1 installment(s){/ts}{/if}.</p>\n        <p>{ts}Start Date{/ts}: {$recur_start_date|crmDate}</p>\n       </td>\n      </tr>\n      {if $cancelSubscriptionUrl}\n      <tr>\n        <td {$labelStyle}>\n          {ts 1=$cancelSubscriptionUrl} You can cancel the recurring contribution option by <a href=\"%1\">visiting this web page</a>.{/ts}\n        </td>\n      </tr>\n      {/if}\n      {if $updateSubscriptionBillingUrl}\n        <tr>\n          <td {$labelStyle}>\n            {ts 1=$updateSubscriptionBillingUrl}You can update billing details for this recurring contribution by <a href=\"%1\">visiting this web page</a>.{/ts}\n          </td>\n        </tr>\n      {/if}\n      {if $updateSubscriptionUrl}\n      <tr>\n        <td {$labelStyle}>\n          {ts 1=$updateSubscriptionUrl}You can update recurring contribution amount or change the number of installments details for this recurring contribution by <a href=\"%1\">visiting this web page</a>.{/ts}\n        </td>\n      </tr>\n      {/if}\n     {/if}\n\n    {elseif $recur_txnType eq \'END\'}\n\n     {if $auto_renew_membership}\n      <tr>\n       <td>\n        <p>{ts}Your auto renew membership sign-up has ended and your membership will not be automatically renewed.{/ts}</p>\n       </td>\n      </tr>\n     {else}\n      <tr>\n       <td>\n        <p>{ts}Your recurring contribution term has ended.{/ts}</p>\n        <p>{ts 1=$recur_installments}You have successfully completed %1 recurring contributions. Thank you.{/ts}</p>\n       </td>\n      </tr>\n      <tr>\n       <td>\n     <table style=\"border: 1px solid #999; margin: 1em 0em 1em; border-collapse: collapse; width:100%;\">\n      <tr>\n       <th {$headerStyle}>\n        {ts 1=$recur_installments}Interval of Subscription for %1 installment(s){/ts}\n       </th>\n      </tr>\n      <tr>\n       <td {$labelStyle}>\n        {ts}Start Date{/ts}\n       </td>\n       <td {$valueStyle}>\n        {$recur_start_date|crmDate}\n       </td>\n      </tr>\n      <tr>\n       <td {$labelStyle}>\n        {ts}End Date{/ts}\n       </td>\n       <td {$valueStyle}>\n        {$recur_end_date|crmDate}\n       </td>\n      </tr>\n     </table>\n       </td>\n      </tr>\n\n     {/if}\n    {/if}\n\n </table>\n\n</body>\n</html>\n',1,819,'contribution_recurring_notify',0,1,0,NULL),
 (13,'Contributions - Recurring Cancellation Notification','{ts}Recurring Contribution Cancellation Notification{/ts} - {contact.display_name}\n','','<!DOCTYPE html PUBLIC \"-//W3C//DTD XHTML 1.0 Transitional//EN\" \"http://www.w3.org/TR/xhtml1/DTD/xhtml1-transitional.dtd\">\n<html xmlns=\"http://www.w3.org/1999/xhtml\">\n<head>\n <meta http-equiv=\"Content-Type\" content=\"text/html; charset=UTF-8\" />\n <title></title>\n</head>\n<body>\n\n{capture assign=headerStyle}colspan=\"2\" style=\"text-align: left; padding: 4px; border-bottom: 1px solid #999; background-color: #eee;\"{/capture}\n{capture assign=labelStyle}style=\"padding: 4px; border-bottom: 1px solid #999; background-color: #f7f7f7;\"{/capture}\n{capture assign=valueStyle}style=\"padding: 4px; border-bottom: 1px solid #999;\"{/capture}\n\n  <!-- BEGIN HEADER -->\n    {* To modify content in this section, you can edit the Custom Token named \"Message Header\". See also: https://docs.civicrm.org/user/en/latest/email/message-templates/#modifying-system-workflow-message-templates *}\n    {site.message_header}\n  <!-- END HEADER -->\n\n  <!-- BEGIN CONTENT -->\n\n  <table id=\"crm-event_receipt\" style=\"font-family: Arial, Verdana, sans-serif; text-align: left; width:100%; max-width:700px; padding:0; margin:0; border:0px;\">\n  <tr>\n   <td>\n    {assign var=\"greeting\" value=\"{contact.email_greeting_display}\"}{if $greeting}<p>{$greeting},</p>{/if}\n    <p>{ts 1=$amount 2=$recur_frequency_interval 3=$recur_frequency_unit}Your recurring contribution of %1, every %2 %3 has been cancelled as requested.{/ts}</p>\n   </td>\n  </tr>\n  <tr>\n </table>\n\n</body>\n</html>\n',1,820,'contribution_recurring_cancelled',1,0,0,NULL),
 (14,'Contributions - Recurring Cancellation Notification','{ts}Recurring Contribution Cancellation Notification{/ts} - {contact.display_name}\n','','<!DOCTYPE html PUBLIC \"-//W3C//DTD XHTML 1.0 Transitional//EN\" \"http://www.w3.org/TR/xhtml1/DTD/xhtml1-transitional.dtd\">\n<html xmlns=\"http://www.w3.org/1999/xhtml\">\n<head>\n <meta http-equiv=\"Content-Type\" content=\"text/html; charset=UTF-8\" />\n <title></title>\n</head>\n<body>\n\n{capture assign=headerStyle}colspan=\"2\" style=\"text-align: left; padding: 4px; border-bottom: 1px solid #999; background-color: #eee;\"{/capture}\n{capture assign=labelStyle}style=\"padding: 4px; border-bottom: 1px solid #999; background-color: #f7f7f7;\"{/capture}\n{capture assign=valueStyle}style=\"padding: 4px; border-bottom: 1px solid #999;\"{/capture}\n\n  <!-- BEGIN HEADER -->\n    {* To modify content in this section, you can edit the Custom Token named \"Message Header\". See also: https://docs.civicrm.org/user/en/latest/email/message-templates/#modifying-system-workflow-message-templates *}\n    {site.message_header}\n  <!-- END HEADER -->\n\n  <!-- BEGIN CONTENT -->\n\n  <table id=\"crm-event_receipt\" style=\"font-family: Arial, Verdana, sans-serif; text-align: left; width:100%; max-width:700px; padding:0; margin:0; border:0px;\">\n  <tr>\n   <td>\n    {assign var=\"greeting\" value=\"{contact.email_greeting_display}\"}{if $greeting}<p>{$greeting},</p>{/if}\n    <p>{ts 1=$amount 2=$recur_frequency_interval 3=$recur_frequency_unit}Your recurring contribution of %1, every %2 %3 has been cancelled as requested.{/ts}</p>\n   </td>\n  </tr>\n  <tr>\n </table>\n\n</body>\n</html>\n',1,820,'contribution_recurring_cancelled',0,1,0,NULL),
 (15,'Contributions - Recurring Billing Updates','{ts}Recurring Contribution Billing Updates{/ts} - {contact.display_name}\n','','<!DOCTYPE html PUBLIC \"-//W3C//DTD XHTML 1.0 Transitional//EN\" \"http://www.w3.org/TR/xhtml1/DTD/xhtml1-transitional.dtd\">\n<html xmlns=\"http://www.w3.org/1999/xhtml\">\n<head>\n <meta http-equiv=\"Content-Type\" content=\"text/html; charset=UTF-8\" />\n <title></title>\n</head>\n<body>\n\n{capture assign=headerStyle}colspan=\"2\" style=\"text-align: left; padding: 4px; border-bottom: 1px solid #999; background-color: #eee;\"{/capture}\n{capture assign=labelStyle}style=\"padding: 4px; border-bottom: 1px solid #999; background-color: #f7f7f7;\"{/capture}\n{capture assign=valueStyle}style=\"padding: 4px; border-bottom: 1px solid #999;\"{/capture}\n\n  <!-- BEGIN HEADER -->\n    {* To modify content in this section, you can edit the Custom Token named \"Message Header\". See also: https://docs.civicrm.org/user/en/latest/email/message-templates/#modifying-system-workflow-message-templates *}\n    {site.message_header}\n  <!-- END HEADER -->\n\n  <!-- BEGIN CONTENT -->\n\n  <table id=\"crm-event_receipt\" style=\"font-family: Arial, Verdana, sans-serif; text-align: left; width:100%; max-width:700px; padding:0; margin:0; border:0px;\">\n  <tr>\n   <td>\n    {assign var=\"greeting\" value=\"{contact.email_greeting_display}\"}{if $greeting}<p>{$greeting},</p>{/if}\n    <p>{ts 1=$amount 2=$recur_frequency_interval 3=$recur_frequency_unit}Billing details for your recurring contribution of %1, every %2 %3 have been updated.{/ts}</p>\n   </td>\n  </tr>\n  <tr>\n </table>\n\n  <table style=\"width:100%; max-width:500px; border: 1px solid #999; margin: 1em 0em 1em; border-collapse: collapse;\">\n    <tr>\n        <th {$headerStyle}>\n         {ts}Billing Name and Address{/ts}\n        </th>\n       </tr>\n       <tr>\n        <td colspan=\"2\" {$valueStyle}>\n         {$billingName}<br />\n         {$address|nl2br}<br />\n         {$email}\n        </td>\n       </tr>\n        <tr>\n       <th {$headerStyle}>\n        {ts}Credit Card Information{/ts}\n       </th>\n      </tr>\n      <tr>\n       <td colspan=\"2\" {$valueStyle}>\n        {$credit_card_type}<br />\n        {$credit_card_number}<br />\n        {ts}Expires{/ts}: {$credit_card_exp_date|truncate:7:\'\'|crmDate}<br />\n       </td>\n      </tr>\n      <tr>\n        <td {$labelStyle}>\n            {ts 1=$receipt_from_email}If you have questions please contact us at %1{/ts}\n        </td>\n       </tr>\n  </table>\n\n</body>\n</html>\n',1,821,'contribution_recurring_billing',1,0,0,NULL),
 (16,'Contributions - Recurring Billing Updates','{ts}Recurring Contribution Billing Updates{/ts} - {contact.display_name}\n','','<!DOCTYPE html PUBLIC \"-//W3C//DTD XHTML 1.0 Transitional//EN\" \"http://www.w3.org/TR/xhtml1/DTD/xhtml1-transitional.dtd\">\n<html xmlns=\"http://www.w3.org/1999/xhtml\">\n<head>\n <meta http-equiv=\"Content-Type\" content=\"text/html; charset=UTF-8\" />\n <title></title>\n</head>\n<body>\n\n{capture assign=headerStyle}colspan=\"2\" style=\"text-align: left; padding: 4px; border-bottom: 1px solid #999; background-color: #eee;\"{/capture}\n{capture assign=labelStyle}style=\"padding: 4px; border-bottom: 1px solid #999; background-color: #f7f7f7;\"{/capture}\n{capture assign=valueStyle}style=\"padding: 4px; border-bottom: 1px solid #999;\"{/capture}\n\n  <!-- BEGIN HEADER -->\n    {* To modify content in this section, you can edit the Custom Token named \"Message Header\". See also: https://docs.civicrm.org/user/en/latest/email/message-templates/#modifying-system-workflow-message-templates *}\n    {site.message_header}\n  <!-- END HEADER -->\n\n  <!-- BEGIN CONTENT -->\n\n  <table id=\"crm-event_receipt\" style=\"font-family: Arial, Verdana, sans-serif; text-align: left; width:100%; max-width:700px; padding:0; margin:0; border:0px;\">\n  <tr>\n   <td>\n    {assign var=\"greeting\" value=\"{contact.email_greeting_display}\"}{if $greeting}<p>{$greeting},</p>{/if}\n    <p>{ts 1=$amount 2=$recur_frequency_interval 3=$recur_frequency_unit}Billing details for your recurring contribution of %1, every %2 %3 have been updated.{/ts}</p>\n   </td>\n  </tr>\n  <tr>\n </table>\n\n  <table style=\"width:100%; max-width:500px; border: 1px solid #999; margin: 1em 0em 1em; border-collapse: collapse;\">\n    <tr>\n        <th {$headerStyle}>\n         {ts}Billing Name and Address{/ts}\n        </th>\n       </tr>\n       <tr>\n        <td colspan=\"2\" {$valueStyle}>\n         {$billingName}<br />\n         {$address|nl2br}<br />\n         {$email}\n        </td>\n       </tr>\n        <tr>\n       <th {$headerStyle}>\n        {ts}Credit Card Information{/ts}\n       </th>\n      </tr>\n      <tr>\n       <td colspan=\"2\" {$valueStyle}>\n        {$credit_card_type}<br />\n        {$credit_card_number}<br />\n        {ts}Expires{/ts}: {$credit_card_exp_date|truncate:7:\'\'|crmDate}<br />\n       </td>\n      </tr>\n      <tr>\n        <td {$labelStyle}>\n            {ts 1=$receipt_from_email}If you have questions please contact us at %1{/ts}\n        </td>\n       </tr>\n  </table>\n\n</body>\n</html>\n',1,821,'contribution_recurring_billing',0,1,0,NULL),
 (17,'Contributions - Recurring Updates','{ts}Recurring Contribution Update Notification{/ts} - {contact.display_name}\n','','<!DOCTYPE html PUBLIC \"-//W3C//DTD XHTML 1.0 Transitional//EN\" \"http://www.w3.org/TR/xhtml1/DTD/xhtml1-transitional.dtd\">\n<html xmlns=\"http://www.w3.org/1999/xhtml\">\n<head>\n <meta http-equiv=\"Content-Type\" content=\"text/html; charset=UTF-8\" />\n <title></title>\n</head>\n<body>\n\n{capture assign=headerStyle}colspan=\"2\" style=\"text-align: left; padding: 4px; border-bottom: 1px solid #999; background-color: #eee;\"{/capture}\n{capture assign=labelStyle}style=\"padding: 4px; border-bottom: 1px solid #999; background-color: #f7f7f7;\"{/capture}\n{capture assign=valueStyle}style=\"padding: 4px; border-bottom: 1px solid #999;\"{/capture}\n\n  <!-- BEGIN HEADER -->\n    {* To modify content in this section, you can edit the Custom Token named \"Message Header\". See also: https://docs.civicrm.org/user/en/latest/email/message-templates/#modifying-system-workflow-message-templates *}\n    {site.message_header}\n  <!-- END HEADER -->\n\n  <!-- BEGIN CONTENT -->\n\n  <table id=\"crm-event_receipt\" style=\"font-family: Arial, Verdana, sans-serif; text-align: left; width:100%; max-width:700px; padding:0; margin:0; border:0px;\">\n  <tr>\n   <td>\n    {assign var=\"greeting\" value=\"{contact.email_greeting_display}\"}{if $greeting}<p>{$greeting},</p>{/if}\n    <p>{ts}Your recurring contribution has been updated as requested:{/ts}\n    <p>{ts 1=$amount 2=$recur_frequency_interval 3=$recur_frequency_unit}Recurring contribution is for %1, every %2 %3(s){/ts}{if $installments}{ts 1=$installments} for %1 installments{/ts}{/if}.</p>\n\n    <p>{ts 1=$receipt_from_email}If you have questions please contact us at %1.{/ts}</p>\n   </td>\n  </tr>\n  <tr>\n </table>\n\n</body>\n</html>\n',1,822,'contribution_recurring_edit',1,0,0,NULL),
 (18,'Contributions - Recurring Updates','{ts}Recurring Contribution Update Notification{/ts} - {contact.display_name}\n','','<!DOCTYPE html PUBLIC \"-//W3C//DTD XHTML 1.0 Transitional//EN\" \"http://www.w3.org/TR/xhtml1/DTD/xhtml1-transitional.dtd\">\n<html xmlns=\"http://www.w3.org/1999/xhtml\">\n<head>\n <meta http-equiv=\"Content-Type\" content=\"text/html; charset=UTF-8\" />\n <title></title>\n</head>\n<body>\n\n{capture assign=headerStyle}colspan=\"2\" style=\"text-align: left; padding: 4px; border-bottom: 1px solid #999; background-color: #eee;\"{/capture}\n{capture assign=labelStyle}style=\"padding: 4px; border-bottom: 1px solid #999; background-color: #f7f7f7;\"{/capture}\n{capture assign=valueStyle}style=\"padding: 4px; border-bottom: 1px solid #999;\"{/capture}\n\n  <!-- BEGIN HEADER -->\n    {* To modify content in this section, you can edit the Custom Token named \"Message Header\". See also: https://docs.civicrm.org/user/en/latest/email/message-templates/#modifying-system-workflow-message-templates *}\n    {site.message_header}\n  <!-- END HEADER -->\n\n  <!-- BEGIN CONTENT -->\n\n  <table id=\"crm-event_receipt\" style=\"font-family: Arial, Verdana, sans-serif; text-align: left; width:100%; max-width:700px; padding:0; margin:0; border:0px;\">\n  <tr>\n   <td>\n    {assign var=\"greeting\" value=\"{contact.email_greeting_display}\"}{if $greeting}<p>{$greeting},</p>{/if}\n    <p>{ts}Your recurring contribution has been updated as requested:{/ts}\n    <p>{ts 1=$amount 2=$recur_frequency_interval 3=$recur_frequency_unit}Recurring contribution is for %1, every %2 %3(s){/ts}{if $installments}{ts 1=$installments} for %1 installments{/ts}{/if}.</p>\n\n    <p>{ts 1=$receipt_from_email}If you have questions please contact us at %1.{/ts}</p>\n   </td>\n  </tr>\n  <tr>\n </table>\n\n</body>\n</html>\n',1,822,'contribution_recurring_edit',0,1,0,NULL),
 (19,'Personal Campaign Pages - Admin Notification','{ts}Personal Campaign Page Notification{/ts} - {contact.display_name}\n','','<!DOCTYPE html PUBLIC \"-//W3C//DTD XHTML 1.0 Transitional//EN\" \"http://www.w3.org/TR/xhtml1/DTD/xhtml1-transitional.dtd\">\n<html xmlns=\"http://www.w3.org/1999/xhtml\">\n<head>\n <meta http-equiv=\"Content-Type\" content=\"text/html; charset=UTF-8\" />\n <title></title>\n</head>\n<body>\n\n{capture assign=headerStyle}colspan=\"2\" style=\"text-align: left; padding: 4px; border-bottom: 1px solid #999; background-color: #eee;\"{/capture}\n{capture assign=labelStyle}style=\"padding: 4px; border-bottom: 1px solid #999; background-color: #f7f7f7;\"{/capture}\n{capture assign=valueStyle}style=\"padding: 4px; border-bottom: 1px solid #999;\"{/capture}\n{capture assign=pcpURL}{crmURL p=\"civicrm/pcp/info\" q=\"reset=1&id=`$pcpId`\" h=0 a=1 fe=1}{/capture}\n\n  <!-- BEGIN HEADER -->\n    {* To modify content in this section, you can edit the Custom Token named \"Message Header\". See also: https://docs.civicrm.org/user/en/latest/email/message-templates/#modifying-system-workflow-message-templates *}\n    {site.message_header}\n  <!-- END HEADER -->\n\n  <!-- BEGIN CONTENT -->\n\n  <table id=\"crm-event_receipt\" style=\"font-family: Arial, Verdana, sans-serif; text-align: left; width:100%; max-width:700px; padding:0; margin:0; border:0px;\">\n  <tr>\n   <td>\n    <table style=\"border: 1px solid #999; margin: 1em 0em 1em; border-collapse: collapse; width:100%;\">\n     <tr>\n      <th {$headerStyle}>\n       {ts}Personal Campaign Page Notification{/ts}\n      </th>\n     </tr>\n     <tr>\n      <td {$labelStyle}>\n       {ts}Action{/ts}:\n      </td>\n      <td {$valueStyle}>\n       {if $mode EQ \'Update\'}\n        {ts}Updated personal campaign page{/ts}\n       {else}\n        {ts}New personal campaign page{/ts}\n       {/if}\n      </td>\n     </tr>\n     <tr>\n      <td {$labelStyle}>\n       {ts}Personal Campaign Page Title{/ts}\n      </td>\n      <td {$valueStyle}>\n       {$pcpTitle}\n      </td>\n     </tr>\n     <tr>\n      <td {$labelStyle}>\n       {ts}Current Status{/ts}\n      </td>\n      <td {$valueStyle}>\n       {$pcpStatus}\n      </td>\n     </tr>\n\n     <tr>\n      <td {$labelStyle}>\n       <a href=\"{$pcpURL}\">{ts}View Page{/ts}</a>\n      </td>\n      <td></td>\n     </tr>\n     <tr>\n      <td {$labelStyle}>\n       {ts}Supporter{/ts}\n      </td>\n      <td {$valueStyle}>\n       <a href=\"{$supporterUrl}\">{$supporterName}</a>\n      </td>\n     </tr>\n     <tr>\n      <td {$labelStyle}>\n       {ts}Linked to Contribution Page{/ts}\n      </td>\n      <td {$valueStyle}>\n       <a href=\"{$contribPageUrl}\">{$contribPageTitle}</a>\n      </td>\n     </tr>\n     <tr>\n      <td {$labelStyle}>\n       <a href=\"{$managePCPUrl}\">{ts}Manage Personal Campaign Pages{/ts}</a>\n      </td>\n      <td></td>\n     </tr>\n\n    </table>\n   </td>\n  </tr>\n </table>\n\n</body>\n</html>\n',1,823,'pcp_notify',1,0,0,NULL),
 (20,'Personal Campaign Pages - Admin Notification','{ts}Personal Campaign Page Notification{/ts} - {contact.display_name}\n','','<!DOCTYPE html PUBLIC \"-//W3C//DTD XHTML 1.0 Transitional//EN\" \"http://www.w3.org/TR/xhtml1/DTD/xhtml1-transitional.dtd\">\n<html xmlns=\"http://www.w3.org/1999/xhtml\">\n<head>\n <meta http-equiv=\"Content-Type\" content=\"text/html; charset=UTF-8\" />\n <title></title>\n</head>\n<body>\n\n{capture assign=headerStyle}colspan=\"2\" style=\"text-align: left; padding: 4px; border-bottom: 1px solid #999; background-color: #eee;\"{/capture}\n{capture assign=labelStyle}style=\"padding: 4px; border-bottom: 1px solid #999; background-color: #f7f7f7;\"{/capture}\n{capture assign=valueStyle}style=\"padding: 4px; border-bottom: 1px solid #999;\"{/capture}\n{capture assign=pcpURL}{crmURL p=\"civicrm/pcp/info\" q=\"reset=1&id=`$pcpId`\" h=0 a=1 fe=1}{/capture}\n\n  <!-- BEGIN HEADER -->\n    {* To modify content in this section, you can edit the Custom Token named \"Message Header\". See also: https://docs.civicrm.org/user/en/latest/email/message-templates/#modifying-system-workflow-message-templates *}\n    {site.message_header}\n  <!-- END HEADER -->\n\n  <!-- BEGIN CONTENT -->\n\n  <table id=\"crm-event_receipt\" style=\"font-family: Arial, Verdana, sans-serif; text-align: left; width:100%; max-width:700px; padding:0; margin:0; border:0px;\">\n  <tr>\n   <td>\n    <table style=\"border: 1px solid #999; margin: 1em 0em 1em; border-collapse: collapse; width:100%;\">\n     <tr>\n      <th {$headerStyle}>\n       {ts}Personal Campaign Page Notification{/ts}\n      </th>\n     </tr>\n     <tr>\n      <td {$labelStyle}>\n       {ts}Action{/ts}:\n      </td>\n      <td {$valueStyle}>\n       {if $mode EQ \'Update\'}\n        {ts}Updated personal campaign page{/ts}\n       {else}\n        {ts}New personal campaign page{/ts}\n       {/if}\n      </td>\n     </tr>\n     <tr>\n      <td {$labelStyle}>\n       {ts}Personal Campaign Page Title{/ts}\n      </td>\n      <td {$valueStyle}>\n       {$pcpTitle}\n      </td>\n     </tr>\n     <tr>\n      <td {$labelStyle}>\n       {ts}Current Status{/ts}\n      </td>\n      <td {$valueStyle}>\n       {$pcpStatus}\n      </td>\n     </tr>\n\n     <tr>\n      <td {$labelStyle}>\n       <a href=\"{$pcpURL}\">{ts}View Page{/ts}</a>\n      </td>\n      <td></td>\n     </tr>\n     <tr>\n      <td {$labelStyle}>\n       {ts}Supporter{/ts}\n      </td>\n      <td {$valueStyle}>\n       <a href=\"{$supporterUrl}\">{$supporterName}</a>\n      </td>\n     </tr>\n     <tr>\n      <td {$labelStyle}>\n       {ts}Linked to Contribution Page{/ts}\n      </td>\n      <td {$valueStyle}>\n       <a href=\"{$contribPageUrl}\">{$contribPageTitle}</a>\n      </td>\n     </tr>\n     <tr>\n      <td {$labelStyle}>\n       <a href=\"{$managePCPUrl}\">{ts}Manage Personal Campaign Pages{/ts}</a>\n      </td>\n      <td></td>\n     </tr>\n\n    </table>\n   </td>\n  </tr>\n </table>\n\n</body>\n</html>\n',1,823,'pcp_notify',0,1,0,NULL),
 (21,'Personal Campaign Pages - Supporter Status Change Notification','{ts 1=$contribPageTitle}Your Personal Campaign Page for %1{/ts} - {contact.display_name}\n','','<!DOCTYPE html PUBLIC \"-//W3C//DTD XHTML 1.0 Transitional//EN\" \"http://www.w3.org/TR/xhtml1/DTD/xhtml1-transitional.dtd\">\n<html xmlns=\"http://www.w3.org/1999/xhtml\">\n<head>\n <meta http-equiv=\"Content-Type\" content=\"text/html; charset=UTF-8\" />\n <title></title>\n</head>\n<body>\n\n  <!-- BEGIN HEADER -->\n    {* To modify content in this section, you can edit the Custom Token named \"Message Header\". See also: https://docs.civicrm.org/user/en/latest/email/message-templates/#modifying-system-workflow-message-templates *}\n    {site.message_header}\n  <!-- END HEADER -->\n\n  <!-- BEGIN CONTENT -->\n\n  <table id=\"crm-event_receipt\" style=\"font-family: Arial, Verdana, sans-serif; text-align: left; width:100%; max-width:700px; padding:0; margin:0; border:0px;\">\n  <tr>\n   <td>\n\n    <h1>{ts}Your Personal Campaign Page{/ts}</h1>\n\n    {if $pcpStatus eq \'Approved\'}\n\n     <p>{ts}Your personal campaign page has been approved and is now live.{/ts}</p>\n     <p>{ts}Whenever you want to preview, update or promote your page{/ts}:</p>\n     <ol>\n      <li><a href=\"{$loginUrl}\">{ts}Login to your account{/ts}</a></li>\n      <li><a href=\"{$pcpInfoURL}\">{ts}Go to your page{/ts}</a></li>\n     </ol>\n     <p>{ts}When you view your campaign page WHILE LOGGED IN, the page includes links to edit your page, tell friends, and update your contact info.{/ts}</p>\n\n     {if $isTellFriendEnabled}\n      <p><a href=\"{$pcpTellFriendURL}\">{ts}After logging in, you can use this form to promote your fundraising page{/ts}</a></p>\n     {/if}\n\n     {if $pcpNotifyEmailAddress}\n      <p>{ts}Questions? Send email to{/ts}: {$pcpNotifyEmailAddress}</p>\n     {/if}\n\n    {elseif $pcpStatus eq \'Not Approved\'}\n\n     <p>{ts}Your personal campaign page has been reviewed. There were some issues with the content which prevented us from approving the page. We are sorry for any inconvenience.{/ts}</p>\n     {if $pcpNotifyEmailAddress}\n      <p>{ts}Please contact our site administrator for more information{/ts}: {$pcpNotifyEmailAddress}</p>\n     {/if}\n\n    {/if}\n\n   </td>\n  </tr>\n\n </table>\n\n</body>\n</html>\n',1,824,'pcp_status_change',1,0,0,NULL),
 (22,'Personal Campaign Pages - Supporter Status Change Notification','{ts 1=$contribPageTitle}Your Personal Campaign Page for %1{/ts} - {contact.display_name}\n','','<!DOCTYPE html PUBLIC \"-//W3C//DTD XHTML 1.0 Transitional//EN\" \"http://www.w3.org/TR/xhtml1/DTD/xhtml1-transitional.dtd\">\n<html xmlns=\"http://www.w3.org/1999/xhtml\">\n<head>\n <meta http-equiv=\"Content-Type\" content=\"text/html; charset=UTF-8\" />\n <title></title>\n</head>\n<body>\n\n  <!-- BEGIN HEADER -->\n    {* To modify content in this section, you can edit the Custom Token named \"Message Header\". See also: https://docs.civicrm.org/user/en/latest/email/message-templates/#modifying-system-workflow-message-templates *}\n    {site.message_header}\n  <!-- END HEADER -->\n\n  <!-- BEGIN CONTENT -->\n\n  <table id=\"crm-event_receipt\" style=\"font-family: Arial, Verdana, sans-serif; text-align: left; width:100%; max-width:700px; padding:0; margin:0; border:0px;\">\n  <tr>\n   <td>\n\n    <h1>{ts}Your Personal Campaign Page{/ts}</h1>\n\n    {if $pcpStatus eq \'Approved\'}\n\n     <p>{ts}Your personal campaign page has been approved and is now live.{/ts}</p>\n     <p>{ts}Whenever you want to preview, update or promote your page{/ts}:</p>\n     <ol>\n      <li><a href=\"{$loginUrl}\">{ts}Login to your account{/ts}</a></li>\n      <li><a href=\"{$pcpInfoURL}\">{ts}Go to your page{/ts}</a></li>\n     </ol>\n     <p>{ts}When you view your campaign page WHILE LOGGED IN, the page includes links to edit your page, tell friends, and update your contact info.{/ts}</p>\n\n     {if $isTellFriendEnabled}\n      <p><a href=\"{$pcpTellFriendURL}\">{ts}After logging in, you can use this form to promote your fundraising page{/ts}</a></p>\n     {/if}\n\n     {if $pcpNotifyEmailAddress}\n      <p>{ts}Questions? Send email to{/ts}: {$pcpNotifyEmailAddress}</p>\n     {/if}\n\n    {elseif $pcpStatus eq \'Not Approved\'}\n\n     <p>{ts}Your personal campaign page has been reviewed. There were some issues with the content which prevented us from approving the page. We are sorry for any inconvenience.{/ts}</p>\n     {if $pcpNotifyEmailAddress}\n      <p>{ts}Please contact our site administrator for more information{/ts}: {$pcpNotifyEmailAddress}</p>\n     {/if}\n\n    {/if}\n\n   </td>\n  </tr>\n\n </table>\n\n</body>\n</html>\n',1,824,'pcp_status_change',0,1,0,NULL),
 (23,'Personal Campaign Pages - Supporter Welcome','{ts 1=$contribPageTitle}Your Personal Campaign Page for %1{/ts} - {contact.display_name}\n','','<!DOCTYPE html PUBLIC \"-//W3C//DTD XHTML 1.0 Transitional//EN\" \"http://www.w3.org/TR/xhtml1/DTD/xhtml1-transitional.dtd\">\n<html xmlns=\"http://www.w3.org/1999/xhtml\">\n<head>\n <meta http-equiv=\"Content-Type\" content=\"text/html; charset=UTF-8\" />\n <title></title>\n</head>\n<body>\n\n{capture assign=headerStyle}colspan=\"2\" style=\"text-align: left; padding: 4px; border-bottom: 1px solid #999; background-color: #eee;\"{/capture}\n{capture assign=labelStyle}style=\"padding: 4px; border-bottom: 1px solid #999; background-color: #f7f7f7;\"{/capture}\n{capture assign=valueStyle}style=\"padding: 4px; border-bottom: 1px solid #999;\"{/capture}\n\n  <!-- BEGIN HEADER -->\n    {* To modify content in this section, you can edit the Custom Token named \"Message Header\". See also: https://docs.civicrm.org/user/en/latest/email/message-templates/#modifying-system-workflow-message-templates *}\n    {site.message_header}\n  <!-- END HEADER -->\n\n  <!-- BEGIN CONTENT -->\n\n  <table id=\"crm-event_receipt\" style=\"font-family: Arial, Verdana, sans-serif; text-align: left; width:100%; max-width:700px; padding:0; margin:0; border:0px;\">\n  <tr>\n   <td>\n    {assign var=\"greeting\" value=\"{contact.email_greeting_display}\"}{if $greeting}<p>{$greeting},</p>{/if}\n    <p>{ts 1=\"$contribPageTitle\"}Thanks for creating a personal campaign page in support of %1.{/ts}</p>\n   </td>\n  </tr>\n\n  {if $pcpStatus eq \'Approved\'}\n\n    <tr>\n     <td>\n      <table style=\"border: 1px solid #999; margin: 1em 0em 1em; border-collapse: collapse; width:100%;\">\n       <tr>\n        <th {$headerStyle}>\n         {ts}Promoting Your Page{/ts}\n        </th>\n       </tr>\n       <tr>\n        <td colspan=\"2\" {$valueStyle}>\n         {if $isTellFriendEnabled}\n          <p>{ts}You can begin your fundraising efforts using our \"Tell a Friend\" form{/ts}:</p>\n          <ol>\n           <li><a href=\"{$loginUrl}\">{ts}Login to your account{/ts}</a></li>\n           <li><a href=\"{$pcpTellFriendURL}\">{ts}Click this link and follow the prompts{/ts}</a></li>\n          </ol>\n         {else}\n          <p>{ts}Send email to family, friends and colleagues with a personal message about this campaign.{/ts} {ts}Include this link to your fundraising page in your emails{/ts}: {$pcpInfoURL}</p>\n         {/if}\n        </td>\n       </tr>\n       <tr>\n        <th {$headerStyle}>\n         {ts}Managing Your Page{/ts}\n        </th>\n       <tr>\n        <td colspan=\"2\" {$valueStyle}>\n         <p>{ts}Whenever you want to preview, update or promote your page{/ts}:</p>\n         <ol>\n          <li><a href=\"{$loginUrl}\">{ts}Login to your account{/ts}</a></li>\n          <li><a href=\"{$pcpInfoURL}\">{ts}Go to your page{/ts}</a></li>\n         </ol>\n         <p>{ts}When you view your campaign page WHILE LOGGED IN, the page includes links to edit your page, tell friends, and update your contact info.{/ts}</p>\n        </td>\n       </tr>\n       </tr>\n      </table>\n     </td>\n    </tr>\n\n   {elseif $pcpStatus EQ \'Waiting Review\'}\n\n    <tr>\n     <td>\n      <p>{ts}Your page requires administrator review before you can begin your fundraising efforts.{/ts}</p>\n      <p>{ts}A notification email has been sent to the site administrator, and you will receive another notification from them as soon as the review process is complete.{/ts}</p>\n      <p>{ts}You can still preview your page prior to approval{/ts}:</p>\n      <ol>\n       <li><a href=\"{$loginUrl}\">{ts}Login to your account{/ts}</a></li>\n       <li><a href=\"{$pcpInfoURL}\">{ts}Click this link{/ts}</a></li>\n      </ol>\n     </td>\n    </tr>\n\n   {/if}\n\n   {if $pcpNotifyEmailAddress}\n    <tr>\n     <td>\n      <p>{ts}Questions? Send email to{/ts}: {$pcpNotifyEmailAddress}</p>\n     </td>\n    </tr>\n   {/if}\n\n </table>\n\n</body>\n</html>\n',1,825,'pcp_supporter_notify',1,0,0,NULL),
 (24,'Personal Campaign Pages - Supporter Welcome','{ts 1=$contribPageTitle}Your Personal Campaign Page for %1{/ts} - {contact.display_name}\n','','<!DOCTYPE html PUBLIC \"-//W3C//DTD XHTML 1.0 Transitional//EN\" \"http://www.w3.org/TR/xhtml1/DTD/xhtml1-transitional.dtd\">\n<html xmlns=\"http://www.w3.org/1999/xhtml\">\n<head>\n <meta http-equiv=\"Content-Type\" content=\"text/html; charset=UTF-8\" />\n <title></title>\n</head>\n<body>\n\n{capture assign=headerStyle}colspan=\"2\" style=\"text-align: left; padding: 4px; border-bottom: 1px solid #999; background-color: #eee;\"{/capture}\n{capture assign=labelStyle}style=\"padding: 4px; border-bottom: 1px solid #999; background-color: #f7f7f7;\"{/capture}\n{capture assign=valueStyle}style=\"padding: 4px; border-bottom: 1px solid #999;\"{/capture}\n\n  <!-- BEGIN HEADER -->\n    {* To modify content in this section, you can edit the Custom Token named \"Message Header\". See also: https://docs.civicrm.org/user/en/latest/email/message-templates/#modifying-system-workflow-message-templates *}\n    {site.message_header}\n  <!-- END HEADER -->\n\n  <!-- BEGIN CONTENT -->\n\n  <table id=\"crm-event_receipt\" style=\"font-family: Arial, Verdana, sans-serif; text-align: left; width:100%; max-width:700px; padding:0; margin:0; border:0px;\">\n  <tr>\n   <td>\n    {assign var=\"greeting\" value=\"{contact.email_greeting_display}\"}{if $greeting}<p>{$greeting},</p>{/if}\n    <p>{ts 1=\"$contribPageTitle\"}Thanks for creating a personal campaign page in support of %1.{/ts}</p>\n   </td>\n  </tr>\n\n  {if $pcpStatus eq \'Approved\'}\n\n    <tr>\n     <td>\n      <table style=\"border: 1px solid #999; margin: 1em 0em 1em; border-collapse: collapse; width:100%;\">\n       <tr>\n        <th {$headerStyle}>\n         {ts}Promoting Your Page{/ts}\n        </th>\n       </tr>\n       <tr>\n        <td colspan=\"2\" {$valueStyle}>\n         {if $isTellFriendEnabled}\n          <p>{ts}You can begin your fundraising efforts using our \"Tell a Friend\" form{/ts}:</p>\n          <ol>\n           <li><a href=\"{$loginUrl}\">{ts}Login to your account{/ts}</a></li>\n           <li><a href=\"{$pcpTellFriendURL}\">{ts}Click this link and follow the prompts{/ts}</a></li>\n          </ol>\n         {else}\n          <p>{ts}Send email to family, friends and colleagues with a personal message about this campaign.{/ts} {ts}Include this link to your fundraising page in your emails{/ts}: {$pcpInfoURL}</p>\n         {/if}\n        </td>\n       </tr>\n       <tr>\n        <th {$headerStyle}>\n         {ts}Managing Your Page{/ts}\n        </th>\n       <tr>\n        <td colspan=\"2\" {$valueStyle}>\n         <p>{ts}Whenever you want to preview, update or promote your page{/ts}:</p>\n         <ol>\n          <li><a href=\"{$loginUrl}\">{ts}Login to your account{/ts}</a></li>\n          <li><a href=\"{$pcpInfoURL}\">{ts}Go to your page{/ts}</a></li>\n         </ol>\n         <p>{ts}When you view your campaign page WHILE LOGGED IN, the page includes links to edit your page, tell friends, and update your contact info.{/ts}</p>\n        </td>\n       </tr>\n       </tr>\n      </table>\n     </td>\n    </tr>\n\n   {elseif $pcpStatus EQ \'Waiting Review\'}\n\n    <tr>\n     <td>\n      <p>{ts}Your page requires administrator review before you can begin your fundraising efforts.{/ts}</p>\n      <p>{ts}A notification email has been sent to the site administrator, and you will receive another notification from them as soon as the review process is complete.{/ts}</p>\n      <p>{ts}You can still preview your page prior to approval{/ts}:</p>\n      <ol>\n       <li><a href=\"{$loginUrl}\">{ts}Login to your account{/ts}</a></li>\n       <li><a href=\"{$pcpInfoURL}\">{ts}Click this link{/ts}</a></li>\n      </ol>\n     </td>\n    </tr>\n\n   {/if}\n\n   {if $pcpNotifyEmailAddress}\n    <tr>\n     <td>\n      <p>{ts}Questions? Send email to{/ts}: {$pcpNotifyEmailAddress}</p>\n     </td>\n    </tr>\n   {/if}\n\n </table>\n\n</body>\n</html>\n',1,825,'pcp_supporter_notify',0,1,0,NULL),
 (25,'Personal Campaign Pages - Owner Notification','{ts}Someone has just donated to your personal campaign page{/ts} - {contact.display_name}\n','','<!DOCTYPE html PUBLIC \"-//W3C//DTD XHTML 1.0 Transitional//EN\" \"http://www.w3.org/TR/xhtml1/DTD/xhtml1-transitional.dtd\">\n<html xmlns=\"http://www.w3.org/1999/xhtml\">\n<head>\n <meta http-equiv=\"Content-Type\" content=\"text/html; charset=UTF-8\" />\n <title></title>\n</head>\n<body>\n\n{capture assign=headerStyle}colspan=\"2\" style=\"text-align: left; padding: 4px; border-bottom: 1px solid #999; background-color: #eee;\"{/capture}\n{capture assign=labelStyle}style=\"padding: 4px; border-bottom: 1px solid #999; background-color: #f7f7f7;\"{/capture}\n{capture assign=valueStyle}style=\"padding: 4px; border-bottom: 1px solid #999;\"{/capture}\n\n  {assign var=\"greeting\" value=\"{contact.email_greeting_display}\"}{if $greeting}<p>{$greeting},</p>{/if}\n  <p>{ts}You have received a donation at your personal page{/ts}: <a href=\"{$pcpInfoURL}\">{$page_title}</a></p>\n  <p>{ts}Your fundraising total has been updated.{/ts}<br/>\n    {ts}The donor\'s information is listed below.  You can choose to contact them and convey your thanks if you wish.{/ts} <br/>\n    {if $is_honor_roll_enabled}\n      {ts}The donor\'s name has been added to your honor roll unless they asked not to be included.{/ts}<br/>\n    {/if}\n  </p>\n  <table id=\"crm-event_receipt\" style=\"font-family: Arial, Verdana, sans-serif; text-align: left; width:100%; max-width:700px; padding:0; margin:0; border:0px;\">\n    <tr><td>{ts}Contribution Date{/ts}:</td><td> {$receive_date|crmDate}</td></tr>\n    <tr><td>{ts}Amount{/ts}:</td><td> {$total_amount|crmMoney:$currency}</td></tr>\n    <tr><td>{ts}Name{/ts}:</td><td> {$donors_display_name}</td></tr>\n    <tr><td>{ts}Email{/ts}:</td><td> {$donors_email}</td></tr>\n  </table>\n</body>\n</html>\n',1,826,'pcp_owner_notify',1,0,0,NULL),
 (26,'Personal Campaign Pages - Owner Notification','{ts}Someone has just donated to your personal campaign page{/ts} - {contact.display_name}\n','','<!DOCTYPE html PUBLIC \"-//W3C//DTD XHTML 1.0 Transitional//EN\" \"http://www.w3.org/TR/xhtml1/DTD/xhtml1-transitional.dtd\">\n<html xmlns=\"http://www.w3.org/1999/xhtml\">\n<head>\n <meta http-equiv=\"Content-Type\" content=\"text/html; charset=UTF-8\" />\n <title></title>\n</head>\n<body>\n\n{capture assign=headerStyle}colspan=\"2\" style=\"text-align: left; padding: 4px; border-bottom: 1px solid #999; background-color: #eee;\"{/capture}\n{capture assign=labelStyle}style=\"padding: 4px; border-bottom: 1px solid #999; background-color: #f7f7f7;\"{/capture}\n{capture assign=valueStyle}style=\"padding: 4px; border-bottom: 1px solid #999;\"{/capture}\n\n  {assign var=\"greeting\" value=\"{contact.email_greeting_display}\"}{if $greeting}<p>{$greeting},</p>{/if}\n  <p>{ts}You have received a donation at your personal page{/ts}: <a href=\"{$pcpInfoURL}\">{$page_title}</a></p>\n  <p>{ts}Your fundraising total has been updated.{/ts}<br/>\n    {ts}The donor\'s information is listed below.  You can choose to contact them and convey your thanks if you wish.{/ts} <br/>\n    {if $is_honor_roll_enabled}\n      {ts}The donor\'s name has been added to your honor roll unless they asked not to be included.{/ts}<br/>\n    {/if}\n  </p>\n  <table id=\"crm-event_receipt\" style=\"font-family: Arial, Verdana, sans-serif; text-align: left; width:100%; max-width:700px; padding:0; margin:0; border:0px;\">\n    <tr><td>{ts}Contribution Date{/ts}:</td><td> {$receive_date|crmDate}</td></tr>\n    <tr><td>{ts}Amount{/ts}:</td><td> {$total_amount|crmMoney:$currency}</td></tr>\n    <tr><td>{ts}Name{/ts}:</td><td> {$donors_display_name}</td></tr>\n    <tr><td>{ts}Email{/ts}:</td><td> {$donors_email}</td></tr>\n  </table>\n</body>\n</html>\n',1,826,'pcp_owner_notify',0,1,0,NULL),
 (27,'Additional Payment Receipt or Refund Notification','{if {financial_trxn.total_amount|raw} < 0}{ts}Refund Notification{/ts}{else}{ts}Payment Receipt{/ts}{/if}{if {event.title|boolean}} - {event.title}{/if} - {contact.display_name}\n','','<!DOCTYPE html PUBLIC \"-//W3C//DTD XHTML 1.0 Transitional//EN\" \"http://www.w3.org/TR/xhtml1/DTD/xhtml1-transitional.dtd\">\n<html xmlns=\"http://www.w3.org/1999/xhtml\">\n<head>\n <meta http-equiv=\"Content-Type\" content=\"text/html; charset=UTF-8\" />\n <title></title>\n</head>\n<body>\n\n{capture assign=headerStyle}colspan=\"2\" style=\"text-align: left; padding: 4px; border-bottom: 1px solid #999; background-color: #eee;\"{/capture}\n{capture assign=labelStyle}style=\"padding: 4px; border-bottom: 1px solid #999; background-color: #f7f7f7;\"{/capture}\n{capture assign=valueStyle}style=\"padding: 4px; border-bottom: 1px solid #999;\"{/capture}\n{capture assign=emptyBlockStyle}style=\"padding: 10px; border-bottom: 1px solid #999;background-color: #f7f7f7;\"{/capture}\n{capture assign=emptyBlockValueStyle}style=\"padding: 10px; border-bottom: 1px solid #999;\"{/capture}\n\n  <!-- BEGIN HEADER -->\n    {* To modify content in this section, you can edit the Custom Token named \"Message Header\". See also: https://docs.civicrm.org/user/en/latest/email/message-templates/#modifying-system-workflow-message-templates *}\n    {site.message_header}\n  <!-- END HEADER -->\n\n  <!-- BEGIN CONTENT -->\n\n  <table id=\"crm-event_receipt\" style=\"font-family: Arial, Verdana, sans-serif; text-align: left; width:100%; max-width:700px; padding:0; margin:0; border:0px;\">\n  <tr>\n    <td>\n      {assign var=\"greeting\" value=\"{contact.email_greeting_display}\"}{if $greeting}<p>{$greeting},</p>{/if}\n      {if {financial_trxn.total_amount|raw} < 0}\n        <p>{ts}A refund has been issued based on changes in your registration selections.{/ts}</p>\n      {else}\n        <p>{ts}Below you will find a receipt for this payment.{/ts}</p>\n        {if !{contribution.balance_amount|boolean}}\n          <p>{ts}Thank you for completing this contribution.{/ts}</p>\n        {/if}\n      {/if}\n    </td>\n  </tr>\n  <tr>\n   <td>\n    <table style=\"border: 1px solid #999; margin: 1em 0em 1em; border-collapse: collapse; width:100%;\">\n      {if {financial_trxn.total_amount|raw} < 0}\n      <tr>\n        <th {$headerStyle}>{ts}Refund Details{/ts}</th>\n      </tr>\n      <tr>\n        <td {$labelStyle}>\n        {ts}This Refund Amount{/ts}\n        </td>\n        <td {$valueStyle}>\n          {financial_trxn.total_amount}\n        </td>\n      </tr>\n    {else}\n      <tr>\n        <th {$headerStyle}>{ts}Payment Details{/ts}</th>\n      </tr>\n      <tr>\n        <td {$labelStyle}>\n        {ts}This Payment Amount{/ts}\n        </td>\n        <td {$valueStyle}>\n        {financial_trxn.total_amount}\n        </td>\n      </tr>\n    {/if}\n    {if {financial_trxn.trxn_date|boolean}}\n      <tr>\n        <td {$labelStyle}>\n        {ts}Transaction Date{/ts}\n        </td>\n        <td {$valueStyle}>\n         {financial_trxn.trxn_date}\n        </td>\n      </tr>\n    {/if}\n    {if {financial_trxn.trxn_id|boolean}}\n      <tr>\n        <td {$labelStyle}>\n        {ts}Transaction #{/ts}\n        </td>\n        <td {$valueStyle}>\n          {financial_trxn.trxn_id}\n        </td>\n      </tr>\n    {/if}\n    {if {financial_trxn.payment_instrument_id|boolean}}\n      <tr>\n        <td {$labelStyle}>\n        {ts}Paid By{/ts}\n        </td>\n        <td {$valueStyle}>\n          {financial_trxn.payment_instrument_id:label}\n        </td>\n      </tr>\n    {/if}\n    {if {financial_trxn.check_number|boolean}}\n      <tr>\n        <td {$labelStyle}>\n        {ts}Check Number{/ts}\n        </td>\n        <td {$valueStyle}>\n          {financial_trxn.check_number}\n        </td>\n      </tr>\n    {/if}\n\n  <tr>\n    <th {$headerStyle}>{ts}Contribution Details{/ts}</th>\n  </tr>\n  {if {contribution.total_amount|boolean}}\n  <tr>\n    <td {$labelStyle}>\n      {ts}Total Fee{/ts}\n    </td>\n    <td {$valueStyle}>\n      {contribution.total_amount}\n    </td>\n  </tr>\n  {/if}\n  {if {contribution.paid_amount|boolean}}\n  <tr>\n    <td {$labelStyle}>\n      {ts}Total Paid{/ts}\n    </td>\n    <td {$valueStyle}>\n      {contribution.paid_amount}\n    </td>\n  </tr>\n  {/if}\n  {if {contribution.balance_amount|boolean}}\n  <tr>\n    <td {$labelStyle}>\n      {ts}Balance Owed{/ts}\n    </td>\n    <td {$valueStyle}>\n      {contribution.balance_amount}\n    </td>\n  </tr>\n  {/if}\n  </table>\n\n  </td>\n  </tr>\n    <tr>\n      <td>\n  <table style=\"border: 1px solid #999; margin: 1em 0em 1em; border-collapse: collapse; width:100%;\">\n    {if {contribution.address_id.display|boolean}}\n        <tr>\n          <th {$headerStyle}>\n              {ts}Billing Name and Address{/ts}\n          </th>\n        </tr>\n        <tr>\n          <td colspan=\"2\" {$valueStyle}>\n              {contribution.address_id.name}<br/>\n              {contribution.address_id.display}\n          </td>\n        </tr>\n      {/if}\n    {if {financial_trxn.pan_truncation|boolean}}\n      <tr>\n        <th {$headerStyle}>\n          {ts}Credit Card Information{/ts}\n        </th>\n      </tr>\n      <tr>\n        <td colspan=\"2\" {$valueStyle}>\n          {financial_trxn.card_type_id:label}<br />\n          ************{financial_trxn.pan_truncation}<br />\n        </td>\n      </tr>\n    {/if}\n    {if {event.id|boolean}}\n      <tr>\n        <th {$headerStyle}>\n          {ts}Event Information and Location{/ts}\n        </th>\n      </tr>\n      <tr>\n        <td colspan=\"2\" {$valueStyle}>\n          {event.event_title}<br />\n          {event.start_date|crmDate}{if {event.end_date|boolean}}-{if \'{event.end_date|crmDate:\"%Y%m%d\"}\' === \'{event.start_date|crmDate:\"%Y%m%d\"}\'}{event.end_date|crmDate:\"Time\"}{else}{event.end_date}{/if}{/if}\n        </td>\n      </tr>\n\n      {if {event.is_show_location|boolean}}\n            <tr>\n              <td colspan=\"2\" {$valueStyle}>\n                  {event.location}\n              </td>\n            </tr>\n          {/if}\n          {if {event.loc_block_id.phone_id.phone|boolean} || {event.loc_block_id.email_id.email|boolean}}\n            <tr>\n              <td colspan=\"2\" {$labelStyle}>\n                  {ts}Event Contacts:{/ts}\n              </td>\n            </tr>\n\n             {if {event.loc_block_id.phone_id.phone|boolean}}\n            <tr>\n              <td {$labelStyle}>\n                  {if {event.loc_block_id.phone_id.phone_type_id|boolean}}\n                      {event.loc_block_id.phone_id.phone_type_id:label}\n                  {else}\n                      {ts}Phone{/ts}\n                  {/if}\n              </td>\n              <td {$valueStyle}>\n                  {event.loc_block_id.phone_id.phone} {if {event.loc_block_id.phone_id.phone_ext|boolean}}&nbsp;{ts}ext.{/ts} {event.loc_block_id.phone_id.phone_ext}{/if}\n              </td>\n            </tr>\n          {/if}\n             {if {event.loc_block_id.phone_2_id.phone|boolean}}\n            <tr>\n              <td {$labelStyle}>\n                  {if {event.loc_block_id.phone_2_id.phone_type_id|boolean}}\n                      {event.loc_block_id.phone_2_id.phone_type_id:label}\n                  {else}\n                      {ts}Phone{/ts}\n                  {/if}\n              </td>\n              <td {$valueStyle}>\n                  {event.loc_block_id.phone_2_id.phone} {if {event.loc_block_id.phone_2_id.phone_ext|boolean}}&nbsp;{ts}ext.{/ts} {event.loc_block_id.phone_2_id.phone_ext}{/if}\n              </td>\n            </tr>\n          {/if}\n\n              {if {event.loc_block_id.email_id.email|boolean}}\n            <tr>\n              <td {$labelStyle}>\n                  {ts}Email{/ts}\n              </td>\n              <td {$valueStyle}>\n                  {event.loc_block_id.email_id.email}\n              </td>\n            </tr>\n          {/if}\n\n              {if {event.loc_block_id.email_2_id.email|boolean}}\n                <tr>\n                  <td {$labelStyle}>\n                      {ts}Email{/ts}\n                  </td>\n                  <td {$valueStyle}>\n                      {event.loc_block_id.email_2_id.email}\n                  </td>\n                </tr>\n              {/if}\n            {/if}\n\n          {/if}\n        </table>\n      </td>\n    </tr>\n  </table>\n </body>\n</html>\n',1,827,'payment_or_refund_notification',1,0,0,NULL),
 (28,'Additional Payment Receipt or Refund Notification','{if {financial_trxn.total_amount|raw} < 0}{ts}Refund Notification{/ts}{else}{ts}Payment Receipt{/ts}{/if}{if {event.title|boolean}} - {event.title}{/if} - {contact.display_name}\n','','<!DOCTYPE html PUBLIC \"-//W3C//DTD XHTML 1.0 Transitional//EN\" \"http://www.w3.org/TR/xhtml1/DTD/xhtml1-transitional.dtd\">\n<html xmlns=\"http://www.w3.org/1999/xhtml\">\n<head>\n <meta http-equiv=\"Content-Type\" content=\"text/html; charset=UTF-8\" />\n <title></title>\n</head>\n<body>\n\n{capture assign=headerStyle}colspan=\"2\" style=\"text-align: left; padding: 4px; border-bottom: 1px solid #999; background-color: #eee;\"{/capture}\n{capture assign=labelStyle}style=\"padding: 4px; border-bottom: 1px solid #999; background-color: #f7f7f7;\"{/capture}\n{capture assign=valueStyle}style=\"padding: 4px; border-bottom: 1px solid #999;\"{/capture}\n{capture assign=emptyBlockStyle}style=\"padding: 10px; border-bottom: 1px solid #999;background-color: #f7f7f7;\"{/capture}\n{capture assign=emptyBlockValueStyle}style=\"padding: 10px; border-bottom: 1px solid #999;\"{/capture}\n\n  <!-- BEGIN HEADER -->\n    {* To modify content in this section, you can edit the Custom Token named \"Message Header\". See also: https://docs.civicrm.org/user/en/latest/email/message-templates/#modifying-system-workflow-message-templates *}\n    {site.message_header}\n  <!-- END HEADER -->\n\n  <!-- BEGIN CONTENT -->\n\n  <table id=\"crm-event_receipt\" style=\"font-family: Arial, Verdana, sans-serif; text-align: left; width:100%; max-width:700px; padding:0; margin:0; border:0px;\">\n  <tr>\n    <td>\n      {assign var=\"greeting\" value=\"{contact.email_greeting_display}\"}{if $greeting}<p>{$greeting},</p>{/if}\n      {if {financial_trxn.total_amount|raw} < 0}\n        <p>{ts}A refund has been issued based on changes in your registration selections.{/ts}</p>\n      {else}\n        <p>{ts}Below you will find a receipt for this payment.{/ts}</p>\n        {if !{contribution.balance_amount|boolean}}\n          <p>{ts}Thank you for completing this contribution.{/ts}</p>\n        {/if}\n      {/if}\n    </td>\n  </tr>\n  <tr>\n   <td>\n    <table style=\"border: 1px solid #999; margin: 1em 0em 1em; border-collapse: collapse; width:100%;\">\n      {if {financial_trxn.total_amount|raw} < 0}\n      <tr>\n        <th {$headerStyle}>{ts}Refund Details{/ts}</th>\n      </tr>\n      <tr>\n        <td {$labelStyle}>\n        {ts}This Refund Amount{/ts}\n        </td>\n        <td {$valueStyle}>\n          {financial_trxn.total_amount}\n        </td>\n      </tr>\n    {else}\n      <tr>\n        <th {$headerStyle}>{ts}Payment Details{/ts}</th>\n      </tr>\n      <tr>\n        <td {$labelStyle}>\n        {ts}This Payment Amount{/ts}\n        </td>\n        <td {$valueStyle}>\n        {financial_trxn.total_amount}\n        </td>\n      </tr>\n    {/if}\n    {if {financial_trxn.trxn_date|boolean}}\n      <tr>\n        <td {$labelStyle}>\n        {ts}Transaction Date{/ts}\n        </td>\n        <td {$valueStyle}>\n         {financial_trxn.trxn_date}\n        </td>\n      </tr>\n    {/if}\n    {if {financial_trxn.trxn_id|boolean}}\n      <tr>\n        <td {$labelStyle}>\n        {ts}Transaction #{/ts}\n        </td>\n        <td {$valueStyle}>\n          {financial_trxn.trxn_id}\n        </td>\n      </tr>\n    {/if}\n    {if {financial_trxn.payment_instrument_id|boolean}}\n      <tr>\n        <td {$labelStyle}>\n        {ts}Paid By{/ts}\n        </td>\n        <td {$valueStyle}>\n          {financial_trxn.payment_instrument_id:label}\n        </td>\n      </tr>\n    {/if}\n    {if {financial_trxn.check_number|boolean}}\n      <tr>\n        <td {$labelStyle}>\n        {ts}Check Number{/ts}\n        </td>\n        <td {$valueStyle}>\n          {financial_trxn.check_number}\n        </td>\n      </tr>\n    {/if}\n\n  <tr>\n    <th {$headerStyle}>{ts}Contribution Details{/ts}</th>\n  </tr>\n  {if {contribution.total_amount|boolean}}\n  <tr>\n    <td {$labelStyle}>\n      {ts}Total Fee{/ts}\n    </td>\n    <td {$valueStyle}>\n      {contribution.total_amount}\n    </td>\n  </tr>\n  {/if}\n  {if {contribution.paid_amount|boolean}}\n  <tr>\n    <td {$labelStyle}>\n      {ts}Total Paid{/ts}\n    </td>\n    <td {$valueStyle}>\n      {contribution.paid_amount}\n    </td>\n  </tr>\n  {/if}\n  {if {contribution.balance_amount|boolean}}\n  <tr>\n    <td {$labelStyle}>\n      {ts}Balance Owed{/ts}\n    </td>\n    <td {$valueStyle}>\n      {contribution.balance_amount}\n    </td>\n  </tr>\n  {/if}\n  </table>\n\n  </td>\n  </tr>\n    <tr>\n      <td>\n  <table style=\"border: 1px solid #999; margin: 1em 0em 1em; border-collapse: collapse; width:100%;\">\n    {if {contribution.address_id.display|boolean}}\n        <tr>\n          <th {$headerStyle}>\n              {ts}Billing Name and Address{/ts}\n          </th>\n        </tr>\n        <tr>\n          <td colspan=\"2\" {$valueStyle}>\n              {contribution.address_id.name}<br/>\n              {contribution.address_id.display}\n          </td>\n        </tr>\n      {/if}\n    {if {financial_trxn.pan_truncation|boolean}}\n      <tr>\n        <th {$headerStyle}>\n          {ts}Credit Card Information{/ts}\n        </th>\n      </tr>\n      <tr>\n        <td colspan=\"2\" {$valueStyle}>\n          {financial_trxn.card_type_id:label}<br />\n          ************{financial_trxn.pan_truncation}<br />\n        </td>\n      </tr>\n    {/if}\n    {if {event.id|boolean}}\n      <tr>\n        <th {$headerStyle}>\n          {ts}Event Information and Location{/ts}\n        </th>\n      </tr>\n      <tr>\n        <td colspan=\"2\" {$valueStyle}>\n          {event.event_title}<br />\n          {event.start_date|crmDate}{if {event.end_date|boolean}}-{if \'{event.end_date|crmDate:\"%Y%m%d\"}\' === \'{event.start_date|crmDate:\"%Y%m%d\"}\'}{event.end_date|crmDate:\"Time\"}{else}{event.end_date}{/if}{/if}\n        </td>\n      </tr>\n\n      {if {event.is_show_location|boolean}}\n            <tr>\n              <td colspan=\"2\" {$valueStyle}>\n                  {event.location}\n              </td>\n            </tr>\n          {/if}\n          {if {event.loc_block_id.phone_id.phone|boolean} || {event.loc_block_id.email_id.email|boolean}}\n            <tr>\n              <td colspan=\"2\" {$labelStyle}>\n                  {ts}Event Contacts:{/ts}\n              </td>\n            </tr>\n\n             {if {event.loc_block_id.phone_id.phone|boolean}}\n            <tr>\n              <td {$labelStyle}>\n                  {if {event.loc_block_id.phone_id.phone_type_id|boolean}}\n                      {event.loc_block_id.phone_id.phone_type_id:label}\n                  {else}\n                      {ts}Phone{/ts}\n                  {/if}\n              </td>\n              <td {$valueStyle}>\n                  {event.loc_block_id.phone_id.phone} {if {event.loc_block_id.phone_id.phone_ext|boolean}}&nbsp;{ts}ext.{/ts} {event.loc_block_id.phone_id.phone_ext}{/if}\n              </td>\n            </tr>\n          {/if}\n             {if {event.loc_block_id.phone_2_id.phone|boolean}}\n            <tr>\n              <td {$labelStyle}>\n                  {if {event.loc_block_id.phone_2_id.phone_type_id|boolean}}\n                      {event.loc_block_id.phone_2_id.phone_type_id:label}\n                  {else}\n                      {ts}Phone{/ts}\n                  {/if}\n              </td>\n              <td {$valueStyle}>\n                  {event.loc_block_id.phone_2_id.phone} {if {event.loc_block_id.phone_2_id.phone_ext|boolean}}&nbsp;{ts}ext.{/ts} {event.loc_block_id.phone_2_id.phone_ext}{/if}\n              </td>\n            </tr>\n          {/if}\n\n              {if {event.loc_block_id.email_id.email|boolean}}\n            <tr>\n              <td {$labelStyle}>\n                  {ts}Email{/ts}\n              </td>\n              <td {$valueStyle}>\n                  {event.loc_block_id.email_id.email}\n              </td>\n            </tr>\n          {/if}\n\n              {if {event.loc_block_id.email_2_id.email|boolean}}\n                <tr>\n                  <td {$labelStyle}>\n                      {ts}Email{/ts}\n                  </td>\n                  <td {$valueStyle}>\n                      {event.loc_block_id.email_2_id.email}\n                  </td>\n                </tr>\n              {/if}\n            {/if}\n\n          {/if}\n        </table>\n      </td>\n    </tr>\n  </table>\n </body>\n</html>\n',1,827,'payment_or_refund_notification',0,1,0,NULL),
 (29,'Events - Registration Confirmation and Receipt (off-line)','{ts}Event Confirmation{/ts} - {event.title} - {contact.display_name}\n','','<!DOCTYPE html PUBLIC \"-//W3C//DTD XHTML 1.0 Transitional//EN\" \"http://www.w3.org/TR/xhtml1/DTD/xhtml1-transitional.dtd\">\n<html xmlns=\"http://www.w3.org/1999/xhtml\">\n<head>\n  <meta http-equiv=\"Content-Type\" content=\"text/html; charset=UTF-8\"/>\n  <title></title>\n</head>\n<body>\n\n{capture assign=headerStyle}colspan=\"2\" style=\"text-align: left; padding: 4px; border-bottom: 1px solid #999; background-color: #eee;\"{/capture}\n{capture assign=labelStyle}style=\"padding: 4px; border-bottom: 1px solid #999; background-color: #f7f7f7;\"{/capture}\n{capture assign=valueStyle}style=\"padding: 4px; border-bottom: 1px solid #999;\"{/capture}\n{capture assign=tdfirstStyle}style=\"width: 180px; padding-bottom: 15px;\"{/capture}\n{capture assign=tdStyle}style=\"width: 100px;\"{/capture}\n{capture assign=participantTotalStyle}style=\"margin: 0.5em 0 0.5em;padding: 0.5em;background-color: #999999;font-weight: bold;color: #FAFAFA;border-radius: 2px;\"{/capture}\n\n  <!-- BEGIN HEADER -->\n    {* To modify content in this section, you can edit the Custom Token named \"Message Header\". See also: https://docs.civicrm.org/user/en/latest/email/message-templates/#modifying-system-workflow-message-templates *}\n    {site.message_header}\n  <!-- END HEADER -->\n\n  <!-- BEGIN CONTENT -->\n\n  <table id=\"crm-event_receipt\" style=\"font-family: Arial, Verdana, sans-serif; text-align: left; width:100%; max-width:700px; padding:0; margin:0; border:0px;\">\n  <tr>\n   <td>\n    {assign var=\"greeting\" value=\"{contact.email_greeting_display}\"}{if $greeting}<p>{$greeting},</p>{/if}\n\n    {if $userText}\n     <p>{$userText}</p>\n    {/if}\n\n    {if !empty($isOnWaitlist)}\n      <p>{ts}You have been added to the WAIT LIST for this event.{/ts}</p>\n      <p>{ts}If space becomes available you will receive an email with a link to a web page where you can complete your registration.{/ts}</p>\n    {elseif !empty($isRequireApproval)}\n      <p>{ts}Your registration has been submitted.{/ts}</p>\n      <p>{ts}Once your registration has been reviewed, you will receive an email with a link to a web page where you can complete the registration process.{/ts}</p>\n    {elseif {contribution.is_pay_later|boolean} && {contribution.balance_amount|boolean}}\n     <p>{event.pay_later_receipt}</p> {* FIXME: this might be text rather than HTML *}\n    {/if}\n\n   </td>\n  </tr>\n  <tr>\n   <td>\n    <table style=\"border: 1px solid #999; margin: 1em 0em 1em; border-collapse: collapse; width:100%;\">\n     <tr>\n      <th {$headerStyle}>\n       {ts}Event Information and Location{/ts}\n      </th>\n     </tr>\n     <tr>\n      <td colspan=\"2\" {$valueStyle}>\n       {event.title}<br />\n       {event.start_date|crmDate}{if {event.end_date|boolean}}-{if \'{event.end_date|crmDate:\"%Y%m%d\"}\' === \'{event.start_date|crmDate:\"%Y%m%d\"}\'}{event.end_date|crmDate:\"Time\"}{else}{event.end_date}{/if}{/if}\n      </td>\n     </tr>\n\n     {if {event.is_show_location|boolean}}\n      <tr>\n       <td colspan=\"2\" {$valueStyle}>\n         {event.location}\n       </td>\n      </tr>\n     {/if}\n\n     {if {event.loc_block_id.phone_id.phone|boolean} || {event.loc_block_id.email_id.email|boolean}}\n       <tr>\n         <td colspan=\"2\" {$labelStyle}>\n           {ts}Event Contacts:{/ts}\n         </td>\n       </tr>\n\n       {if {event.loc_block_id.phone_id.phone|boolean}}\n         <tr>\n           <td {$labelStyle}>\n             {if {event.loc_block_id.phone_id.phone_type_id|boolean}}\n               {event.loc_block_id.phone_id.phone_type_id:label}\n             {else}\n               {ts}Phone{/ts}\n             {/if}\n           </td>\n         <td {$valueStyle}>\n          {event.loc_block_id.phone_id.phone} {if {event.loc_block_id.phone_id.phone_ext|boolean}}&nbsp;{ts}ext.{/ts} {event.loc_block_id.phone_id.phone_ext}{/if}\n         </td>\n        </tr>\n       {/if}\n       {if {event.loc_block_id.phone_2_id.phone|boolean}}\n         <tr>\n           <td {$labelStyle}>\n             {if {event.loc_block_id.phone_2_id.phone_type_id|boolean}}\n               {event.loc_block_id.phone_2_id.phone_type_id:label}\n             {else}\n               {ts}Phone{/ts}\n             {/if}\n           </td>\n           <td {$valueStyle}>\n             {event.loc_block_id.phone_2_id.phone} {if {event.loc_block_id.phone_2_id.phone_ext|boolean}}&nbsp;{ts}ext.{/ts} {event.loc_block_id.phone_2_id.phone_ext}{/if}\n           </td>\n         </tr>\n       {/if}\n\n       {if {event.loc_block_id.email_id.email|boolean}}\n        <tr>\n         <td {$labelStyle}>\n          {ts}Email{/ts}\n         </td>\n         <td {$valueStyle}>\n           {event.loc_block_id.email_id.email}\n         </td>\n        </tr>\n       {/if}\n\n       {if {event.loc_block_id.email_2_id.email|boolean}}\n         <tr>\n           <td {$labelStyle}>\n             {ts}Email{/ts}\n           </td>\n           <td {$valueStyle}>\n               {event.loc_block_id.email_2_id.email}\n           </td>\n         </tr>\n       {/if}\n     {/if}\n\n     {if {event.is_public|boolean} and {event.is_show_calendar_links|boolean}}\n      <tr>\n       <td colspan=\"2\" {$valueStyle}>\n        {capture assign=icalFeed}{crmURL p=\'civicrm/event/ical\' q=\"reset=1&id={event.id}\" h=0 a=1 fe=1}{/capture}\n        <a href=\"{$icalFeed}\">{ts}Download iCalendar entry for this event.{/ts}</a>\n       </td>\n      </tr>\n      <tr>\n       <td colspan=\"2\" {$valueStyle}>\n        {capture assign=gCalendar}{crmURL p=\'civicrm/event/ical\' q=\"gCalendar=1&reset=1&id={event.id}\" h=0 a=1 fe=1}{/capture}\n         <a href=\"{$gCalendar}\">{ts}Add event to Google Calendar{/ts}</a>\n       </td>\n      </tr>\n     {/if}\n\n     {if {contact.email_primary.email|boolean}}\n      <tr>\n       <th {$headerStyle}>\n        {ts}Registered Email{/ts}\n       </th>\n      </tr>\n      <tr>\n       <td colspan=\"2\" {$valueStyle}>\n         {contact.email_primary.email}\n       </td>\n      </tr>\n     {/if}\n\n\n     {if {event.is_monetary|boolean}}\n      <tr>\n        <th {$headerStyle}>\n            {event.fee_label}\n        </th>\n      </tr>\n        {if $isShowLineItems}\n          {foreach from=$participants key=index item=currentParticipant}\n            {if $isPrimary || {participant.id} === $currentParticipant.id}\n              {if $isPrimary && ($participants|@count > 1)} {* Header for multi participant registration cases. *}\n                <tr>\n                  <td colspan=\"2\" {$labelStyle}>\n                    {$currentParticipant.contact.display_name}\n                  </td>\n                </tr>\n              {/if}\n              <tr>\n                <td colspan=\"2\" {$valueStyle}>\n                  <table>\n                    <tr>\n                      <th>{ts}Item{/ts}</th>\n                      <th>{ts}Qty{/ts}</th>\n                      <th>{ts}Each{/ts}</th>\n                      {if $isShowTax && {contribution.tax_amount|boolean}}\n                        <th>{ts}Subtotal{/ts}</th>\n                        <th>{ts}Tax Rate{/ts}</th>\n                        <th>{ts}Tax Amount{/ts}</th>\n                      {/if}\n                      <th>{ts}Total{/ts}</th>\n                        {if $isShowParticipantCount}\n                          <th>{ts}Total Participants{/ts}</th>\n                        {/if}\n                    </tr>\n                    {foreach from=$currentParticipant.line_items item=line}\n                      <tr>\n                        <td {$tdfirstStyle}>{$line.title}</td>\n                        <td {$tdStyle} align=\"middle\">{$line.qty}</td>\n                        <td {$tdStyle}>{$line.unit_price|crmMoney:$currency}</td>\n                          {if $isShowTax && {contribution.tax_amount|boolean}}\n                            <td>{$line.line_total|crmMoney:$currency}</td>\n                            {if $line.tax_rate || $line.tax_amount != \"\"}\n                              <td>{$line.tax_rate|string_format:\"%.2f\"}%</td>\n                              <td>{$line.tax_amount|crmMoney:$currency}</td>\n                            {else}\n                              <td></td>\n                              <td></td>\n                            {/if}\n                          {/if}\n                        <td {$tdStyle}>\n                            {$line.line_total_inclusive|crmMoney:$currency}\n                        </td>\n                        {if $isShowParticipantCount}\n                          <td {$tdStyle}>{$line.participant_count}</td>\n                        {/if}\n                      </tr>\n                    {/foreach}\n                    {if $isShowTax && $isPrimary && ($participants|@count > 1)}\n                      <tr {$participantTotalStyle}>\n                        <td colspan=3>{ts 1=$currentParticipant.contact.display_name}Total for %1{/ts}</td>\n                        <td colspan=2>{$currentParticipant.totals.total_amount_exclusive|crmMoney}</td>\n                        <td colspan=1>{$currentParticipant.totals.tax_amount|crmMoney}</td>\n                        <td colspan=2>{$currentParticipant.totals.total_amount_inclusive|crmMoney}</td>\n                      </tr>\n                    {/if}\n                  </table>\n                </td>\n              </tr>\n            {/if}\n          {/foreach}\n        {/if}\n        {if !$isShowLineItems}\n          {foreach from=$participants key=index item=currentParticipant}\n            {if $isPrimary || {participant.id} === $currentParticipant.id}\n              {foreach from=$currentParticipant.line_items key=index item=currentLineItem}\n                <tr>\n                  <td {$valueStyle}>\n                    {$currentLineItem.label}{if $isPrimary && ($participants|@count > 1)} - {$currentParticipant.contact.display_name}{/if}\n                  </td>\n                  <td {$valueStyle}>\n                    {$currentLineItem.line_total|crmMoney:$currency}\n                  </td>\n                </tr>\n              {/foreach}\n            {/if}\n          {/foreach}\n       {/if}\n        {if $isShowTax && {contribution.tax_amount|boolean}}\n          <tr>\n            <td {$labelStyle}>\n                {ts}Amount Before Tax:{/ts}\n            </td>\n            <td {$valueStyle}>\n                {if $isPrimary}{contribution.tax_exclusive_amount}{else}{$participant.totals.total_amount_exclusive|crmMoney}{/if}\n            </td>\n          </tr>\n          {if !$isPrimary}\n            {* Use the participant specific tax rate breakdown *}\n            {assign var=taxRateBreakdown value=$participant.tax_rate_breakdown}\n          {/if}\n          {foreach from=$taxRateBreakdown item=taxDetail key=taxRate}\n            <tr>\n              <td {$labelStyle}>{if $taxRate == 0}{ts}No{/ts} {$taxTerm}{else}{$taxTerm} {$taxDetail.percentage}%{/if}</td>\n              <td {$valueStyle}>{$taxDetail.amount|crmMoney:\'{contribution.currency}\'}</td>\n            </tr>\n          {/foreach}\n        {/if}\n        {if $isShowTax && {contribution.tax_amount|boolean}}\n          <tr>\n            <td {$labelStyle}>\n              {ts}Total Tax Amount{/ts}\n            </td>\n            <td {$valueStyle}>\n              {if $isPrimary}{contribution.tax_amount}{else}{$participant.totals.tax_amount|crmMoney}{/if}\n            </td>\n          </tr>\n        {/if}\n        {if $isPrimary}\n          <tr>\n            <td {$labelStyle}>\n              {ts}Total Amount{/ts}\n            </td>\n            <td {$valueStyle}>\n              {contribution.total_amount}\n            </td>\n          </tr>\n          {if {contribution.balance_amount|boolean} && {contribution.paid_amount|boolean}}\n            <tr>\n              <td {$labelStyle}>{ts}Total Paid{/ts}</td>\n              <td {$valueStyle}>\n                {contribution.paid_amount|crmMoney}\n              </td>\n            </tr>\n            <tr>\n              <td {$labelStyle}>{ts}Balance{/ts}</td>\n              <td {$valueStyle}>{contribution.balance_amount}</td>\n            </tr>\n          {/if}\n          {if $isShowParticipantCount}\n            <tr>\n              <td {$labelStyle}>{ts}Total Participants{/ts}</td>\n              <td {$valueStyle}>{$line.participant_count}</td>\n            </tr>\n          {/if}\n          {if {contribution.is_pay_later|boolean} && {contribution.balance_amount|boolean} && {event.pay_later_receipt|boolean}}\n            <tr>\n              <td colspan=\"2\" {$labelStyle}>\n                {event.pay_later_receipt}\n              </td>\n            </tr>\n          {/if}\n\n          {if {participant.register_date|boolean}}\n            <tr>\n              <td {$labelStyle}>\n                {ts}Registration Date{/ts}\n              </td>\n              <td {$valueStyle}>\n                {participant.register_date}\n              </td>\n            </tr>\n          {/if}\n\n          {if {contribution.receive_date|boolean}}\n            <tr>\n              <td {$labelStyle}>\n                  {ts}Transaction Date{/ts}\n              </td>\n              <td {$valueStyle}>\n                {contribution.receive_date}\n              </td>\n            </tr>\n          {/if}\n\n          {if {contribution.financial_type_id|boolean}}\n            <tr>\n              <td {$labelStyle}>\n                  {ts}Financial Type{/ts}\n              </td>\n              <td {$valueStyle}>\n                {contribution.financial_type_id:label}\n              </td>\n            </tr>\n          {/if}\n\n          {if {contribution.trxn_id|boolean}}\n            <tr>\n              <td {$labelStyle}>\n                  {ts}Transaction #{/ts}\n              </td>\n              <td {$valueStyle}>\n                {contribution.trxn_id}\n              </td>\n            </tr>\n          {/if}\n\n          {if {contribution.payment_instrument_id|boolean} && {contribution.paid_amount|boolean}}\n            <tr>\n              <td {$labelStyle}>\n                  {ts}Paid By{/ts}\n              </td>\n              <td {$valueStyle}>\n                  {contribution.payment_instrument_id:label}\n              </td>\n            </tr>\n          {/if}\n\n          {if {contribution.check_number|boolean}}\n            <tr>\n              <td {$labelStyle}>\n                  {ts}Check Number{/ts}\n              </td>\n              <td {$valueStyle}>\n                {contribution.check_number}\n              </td>\n            </tr>\n          {/if}\n\n          {if {contribution.address_id.display|boolean}}\n            <tr>\n              <th {$headerStyle}>\n                {ts}Billing Name and Address{/ts}\n              </th>\n            </tr>\n            <tr>\n              <td colspan=\"2\" {$valueStyle}>\n                {contribution.address_id.name}<br/>\n                {contribution.address_id.display}\n              </td>\n            </tr>\n          {/if}\n\n          {if !empty($credit_card_type)}\n            <tr>\n              <th {$headerStyle}>\n                {ts}Credit Card Information{/ts}\n              </th>\n            </tr>\n            <tr>\n              <td colspan=\"2\" {$valueStyle}>\n                {$credit_card_type}<br/>\n                {$credit_card_number}<br/>\n              </td>\n            </tr>\n          {/if}\n        {/if}\n     {/if} {* End of conditional section for Paid events *}\n\n     {if !empty($customGroup)}\n      {foreach from=$customGroup item=value key=customName}\n       <tr>\n        <th {$headerStyle}>\n         {$customName}\n        </th>\n       </tr>\n       {foreach from=$value item=v key=n}\n        <tr>\n         <td {$labelStyle}>\n          {$n}\n         </td>\n         <td {$valueStyle}>\n          {$v}\n         </td>\n        </tr>\n       {/foreach}\n      {/foreach}\n     {/if}\n\n    </table>\n   </td>\n  </tr>\n\n </table>\n\n</body>\n</html>\n',1,828,'event_offline_receipt',1,0,0,NULL),
 (30,'Events - Registration Confirmation and Receipt (off-line)','{ts}Event Confirmation{/ts} - {event.title} - {contact.display_name}\n','','<!DOCTYPE html PUBLIC \"-//W3C//DTD XHTML 1.0 Transitional//EN\" \"http://www.w3.org/TR/xhtml1/DTD/xhtml1-transitional.dtd\">\n<html xmlns=\"http://www.w3.org/1999/xhtml\">\n<head>\n  <meta http-equiv=\"Content-Type\" content=\"text/html; charset=UTF-8\"/>\n  <title></title>\n</head>\n<body>\n\n{capture assign=headerStyle}colspan=\"2\" style=\"text-align: left; padding: 4px; border-bottom: 1px solid #999; background-color: #eee;\"{/capture}\n{capture assign=labelStyle}style=\"padding: 4px; border-bottom: 1px solid #999; background-color: #f7f7f7;\"{/capture}\n{capture assign=valueStyle}style=\"padding: 4px; border-bottom: 1px solid #999;\"{/capture}\n{capture assign=tdfirstStyle}style=\"width: 180px; padding-bottom: 15px;\"{/capture}\n{capture assign=tdStyle}style=\"width: 100px;\"{/capture}\n{capture assign=participantTotalStyle}style=\"margin: 0.5em 0 0.5em;padding: 0.5em;background-color: #999999;font-weight: bold;color: #FAFAFA;border-radius: 2px;\"{/capture}\n\n  <!-- BEGIN HEADER -->\n    {* To modify content in this section, you can edit the Custom Token named \"Message Header\". See also: https://docs.civicrm.org/user/en/latest/email/message-templates/#modifying-system-workflow-message-templates *}\n    {site.message_header}\n  <!-- END HEADER -->\n\n  <!-- BEGIN CONTENT -->\n\n  <table id=\"crm-event_receipt\" style=\"font-family: Arial, Verdana, sans-serif; text-align: left; width:100%; max-width:700px; padding:0; margin:0; border:0px;\">\n  <tr>\n   <td>\n    {assign var=\"greeting\" value=\"{contact.email_greeting_display}\"}{if $greeting}<p>{$greeting},</p>{/if}\n\n    {if $userText}\n     <p>{$userText}</p>\n    {/if}\n\n    {if !empty($isOnWaitlist)}\n      <p>{ts}You have been added to the WAIT LIST for this event.{/ts}</p>\n      <p>{ts}If space becomes available you will receive an email with a link to a web page where you can complete your registration.{/ts}</p>\n    {elseif !empty($isRequireApproval)}\n      <p>{ts}Your registration has been submitted.{/ts}</p>\n      <p>{ts}Once your registration has been reviewed, you will receive an email with a link to a web page where you can complete the registration process.{/ts}</p>\n    {elseif {contribution.is_pay_later|boolean} && {contribution.balance_amount|boolean}}\n     <p>{event.pay_later_receipt}</p> {* FIXME: this might be text rather than HTML *}\n    {/if}\n\n   </td>\n  </tr>\n  <tr>\n   <td>\n    <table style=\"border: 1px solid #999; margin: 1em 0em 1em; border-collapse: collapse; width:100%;\">\n     <tr>\n      <th {$headerStyle}>\n       {ts}Event Information and Location{/ts}\n      </th>\n     </tr>\n     <tr>\n      <td colspan=\"2\" {$valueStyle}>\n       {event.title}<br />\n       {event.start_date|crmDate}{if {event.end_date|boolean}}-{if \'{event.end_date|crmDate:\"%Y%m%d\"}\' === \'{event.start_date|crmDate:\"%Y%m%d\"}\'}{event.end_date|crmDate:\"Time\"}{else}{event.end_date}{/if}{/if}\n      </td>\n     </tr>\n\n     {if {event.is_show_location|boolean}}\n      <tr>\n       <td colspan=\"2\" {$valueStyle}>\n         {event.location}\n       </td>\n      </tr>\n     {/if}\n\n     {if {event.loc_block_id.phone_id.phone|boolean} || {event.loc_block_id.email_id.email|boolean}}\n       <tr>\n         <td colspan=\"2\" {$labelStyle}>\n           {ts}Event Contacts:{/ts}\n         </td>\n       </tr>\n\n       {if {event.loc_block_id.phone_id.phone|boolean}}\n         <tr>\n           <td {$labelStyle}>\n             {if {event.loc_block_id.phone_id.phone_type_id|boolean}}\n               {event.loc_block_id.phone_id.phone_type_id:label}\n             {else}\n               {ts}Phone{/ts}\n             {/if}\n           </td>\n         <td {$valueStyle}>\n          {event.loc_block_id.phone_id.phone} {if {event.loc_block_id.phone_id.phone_ext|boolean}}&nbsp;{ts}ext.{/ts} {event.loc_block_id.phone_id.phone_ext}{/if}\n         </td>\n        </tr>\n       {/if}\n       {if {event.loc_block_id.phone_2_id.phone|boolean}}\n         <tr>\n           <td {$labelStyle}>\n             {if {event.loc_block_id.phone_2_id.phone_type_id|boolean}}\n               {event.loc_block_id.phone_2_id.phone_type_id:label}\n             {else}\n               {ts}Phone{/ts}\n             {/if}\n           </td>\n           <td {$valueStyle}>\n             {event.loc_block_id.phone_2_id.phone} {if {event.loc_block_id.phone_2_id.phone_ext|boolean}}&nbsp;{ts}ext.{/ts} {event.loc_block_id.phone_2_id.phone_ext}{/if}\n           </td>\n         </tr>\n       {/if}\n\n       {if {event.loc_block_id.email_id.email|boolean}}\n        <tr>\n         <td {$labelStyle}>\n          {ts}Email{/ts}\n         </td>\n         <td {$valueStyle}>\n           {event.loc_block_id.email_id.email}\n         </td>\n        </tr>\n       {/if}\n\n       {if {event.loc_block_id.email_2_id.email|boolean}}\n         <tr>\n           <td {$labelStyle}>\n             {ts}Email{/ts}\n           </td>\n           <td {$valueStyle}>\n               {event.loc_block_id.email_2_id.email}\n           </td>\n         </tr>\n       {/if}\n     {/if}\n\n     {if {event.is_public|boolean} and {event.is_show_calendar_links|boolean}}\n      <tr>\n       <td colspan=\"2\" {$valueStyle}>\n        {capture assign=icalFeed}{crmURL p=\'civicrm/event/ical\' q=\"reset=1&id={event.id}\" h=0 a=1 fe=1}{/capture}\n        <a href=\"{$icalFeed}\">{ts}Download iCalendar entry for this event.{/ts}</a>\n       </td>\n      </tr>\n      <tr>\n       <td colspan=\"2\" {$valueStyle}>\n        {capture assign=gCalendar}{crmURL p=\'civicrm/event/ical\' q=\"gCalendar=1&reset=1&id={event.id}\" h=0 a=1 fe=1}{/capture}\n         <a href=\"{$gCalendar}\">{ts}Add event to Google Calendar{/ts}</a>\n       </td>\n      </tr>\n     {/if}\n\n     {if {contact.email_primary.email|boolean}}\n      <tr>\n       <th {$headerStyle}>\n        {ts}Registered Email{/ts}\n       </th>\n      </tr>\n      <tr>\n       <td colspan=\"2\" {$valueStyle}>\n         {contact.email_primary.email}\n       </td>\n      </tr>\n     {/if}\n\n\n     {if {event.is_monetary|boolean}}\n      <tr>\n        <th {$headerStyle}>\n            {event.fee_label}\n        </th>\n      </tr>\n        {if $isShowLineItems}\n          {foreach from=$participants key=index item=currentParticipant}\n            {if $isPrimary || {participant.id} === $currentParticipant.id}\n              {if $isPrimary && ($participants|@count > 1)} {* Header for multi participant registration cases. *}\n                <tr>\n                  <td colspan=\"2\" {$labelStyle}>\n                    {$currentParticipant.contact.display_name}\n                  </td>\n                </tr>\n              {/if}\n              <tr>\n                <td colspan=\"2\" {$valueStyle}>\n                  <table>\n                    <tr>\n                      <th>{ts}Item{/ts}</th>\n                      <th>{ts}Qty{/ts}</th>\n                      <th>{ts}Each{/ts}</th>\n                      {if $isShowTax && {contribution.tax_amount|boolean}}\n                        <th>{ts}Subtotal{/ts}</th>\n                        <th>{ts}Tax Rate{/ts}</th>\n                        <th>{ts}Tax Amount{/ts}</th>\n                      {/if}\n                      <th>{ts}Total{/ts}</th>\n                        {if $isShowParticipantCount}\n                          <th>{ts}Total Participants{/ts}</th>\n                        {/if}\n                    </tr>\n                    {foreach from=$currentParticipant.line_items item=line}\n                      <tr>\n                        <td {$tdfirstStyle}>{$line.title}</td>\n                        <td {$tdStyle} align=\"middle\">{$line.qty}</td>\n                        <td {$tdStyle}>{$line.unit_price|crmMoney:$currency}</td>\n                          {if $isShowTax && {contribution.tax_amount|boolean}}\n                            <td>{$line.line_total|crmMoney:$currency}</td>\n                            {if $line.tax_rate || $line.tax_amount != \"\"}\n                              <td>{$line.tax_rate|string_format:\"%.2f\"}%</td>\n                              <td>{$line.tax_amount|crmMoney:$currency}</td>\n                            {else}\n                              <td></td>\n                              <td></td>\n                            {/if}\n                          {/if}\n                        <td {$tdStyle}>\n                            {$line.line_total_inclusive|crmMoney:$currency}\n                        </td>\n                        {if $isShowParticipantCount}\n                          <td {$tdStyle}>{$line.participant_count}</td>\n                        {/if}\n                      </tr>\n                    {/foreach}\n                    {if $isShowTax && $isPrimary && ($participants|@count > 1)}\n                      <tr {$participantTotalStyle}>\n                        <td colspan=3>{ts 1=$currentParticipant.contact.display_name}Total for %1{/ts}</td>\n                        <td colspan=2>{$currentParticipant.totals.total_amount_exclusive|crmMoney}</td>\n                        <td colspan=1>{$currentParticipant.totals.tax_amount|crmMoney}</td>\n                        <td colspan=2>{$currentParticipant.totals.total_amount_inclusive|crmMoney}</td>\n                      </tr>\n                    {/if}\n                  </table>\n                </td>\n              </tr>\n            {/if}\n          {/foreach}\n        {/if}\n        {if !$isShowLineItems}\n          {foreach from=$participants key=index item=currentParticipant}\n            {if $isPrimary || {participant.id} === $currentParticipant.id}\n              {foreach from=$currentParticipant.line_items key=index item=currentLineItem}\n                <tr>\n                  <td {$valueStyle}>\n                    {$currentLineItem.label}{if $isPrimary && ($participants|@count > 1)} - {$currentParticipant.contact.display_name}{/if}\n                  </td>\n                  <td {$valueStyle}>\n                    {$currentLineItem.line_total|crmMoney:$currency}\n                  </td>\n                </tr>\n              {/foreach}\n            {/if}\n          {/foreach}\n       {/if}\n        {if $isShowTax && {contribution.tax_amount|boolean}}\n          <tr>\n            <td {$labelStyle}>\n                {ts}Amount Before Tax:{/ts}\n            </td>\n            <td {$valueStyle}>\n                {if $isPrimary}{contribution.tax_exclusive_amount}{else}{$participant.totals.total_amount_exclusive|crmMoney}{/if}\n            </td>\n          </tr>\n          {if !$isPrimary}\n            {* Use the participant specific tax rate breakdown *}\n            {assign var=taxRateBreakdown value=$participant.tax_rate_breakdown}\n          {/if}\n          {foreach from=$taxRateBreakdown item=taxDetail key=taxRate}\n            <tr>\n              <td {$labelStyle}>{if $taxRate == 0}{ts}No{/ts} {$taxTerm}{else}{$taxTerm} {$taxDetail.percentage}%{/if}</td>\n              <td {$valueStyle}>{$taxDetail.amount|crmMoney:\'{contribution.currency}\'}</td>\n            </tr>\n          {/foreach}\n        {/if}\n        {if $isShowTax && {contribution.tax_amount|boolean}}\n          <tr>\n            <td {$labelStyle}>\n              {ts}Total Tax Amount{/ts}\n            </td>\n            <td {$valueStyle}>\n              {if $isPrimary}{contribution.tax_amount}{else}{$participant.totals.tax_amount|crmMoney}{/if}\n            </td>\n          </tr>\n        {/if}\n        {if $isPrimary}\n          <tr>\n            <td {$labelStyle}>\n              {ts}Total Amount{/ts}\n            </td>\n            <td {$valueStyle}>\n              {contribution.total_amount}\n            </td>\n          </tr>\n          {if {contribution.balance_amount|boolean} && {contribution.paid_amount|boolean}}\n            <tr>\n              <td {$labelStyle}>{ts}Total Paid{/ts}</td>\n              <td {$valueStyle}>\n                {contribution.paid_amount|crmMoney}\n              </td>\n            </tr>\n            <tr>\n              <td {$labelStyle}>{ts}Balance{/ts}</td>\n              <td {$valueStyle}>{contribution.balance_amount}</td>\n            </tr>\n          {/if}\n          {if $isShowParticipantCount}\n            <tr>\n              <td {$labelStyle}>{ts}Total Participants{/ts}</td>\n              <td {$valueStyle}>{$line.participant_count}</td>\n            </tr>\n          {/if}\n          {if {contribution.is_pay_later|boolean} && {contribution.balance_amount|boolean} && {event.pay_later_receipt|boolean}}\n            <tr>\n              <td colspan=\"2\" {$labelStyle}>\n                {event.pay_later_receipt}\n              </td>\n            </tr>\n          {/if}\n\n          {if {participant.register_date|boolean}}\n            <tr>\n              <td {$labelStyle}>\n                {ts}Registration Date{/ts}\n              </td>\n              <td {$valueStyle}>\n                {participant.register_date}\n              </td>\n            </tr>\n          {/if}\n\n          {if {contribution.receive_date|boolean}}\n            <tr>\n              <td {$labelStyle}>\n                  {ts}Transaction Date{/ts}\n              </td>\n              <td {$valueStyle}>\n                {contribution.receive_date}\n              </td>\n            </tr>\n          {/if}\n\n          {if {contribution.financial_type_id|boolean}}\n            <tr>\n              <td {$labelStyle}>\n                  {ts}Financial Type{/ts}\n              </td>\n              <td {$valueStyle}>\n                {contribution.financial_type_id:label}\n              </td>\n            </tr>\n          {/if}\n\n          {if {contribution.trxn_id|boolean}}\n            <tr>\n              <td {$labelStyle}>\n                  {ts}Transaction #{/ts}\n              </td>\n              <td {$valueStyle}>\n                {contribution.trxn_id}\n              </td>\n            </tr>\n          {/if}\n\n          {if {contribution.payment_instrument_id|boolean} && {contribution.paid_amount|boolean}}\n            <tr>\n              <td {$labelStyle}>\n                  {ts}Paid By{/ts}\n              </td>\n              <td {$valueStyle}>\n                  {contribution.payment_instrument_id:label}\n              </td>\n            </tr>\n          {/if}\n\n          {if {contribution.check_number|boolean}}\n            <tr>\n              <td {$labelStyle}>\n                  {ts}Check Number{/ts}\n              </td>\n              <td {$valueStyle}>\n                {contribution.check_number}\n              </td>\n            </tr>\n          {/if}\n\n          {if {contribution.address_id.display|boolean}}\n            <tr>\n              <th {$headerStyle}>\n                {ts}Billing Name and Address{/ts}\n              </th>\n            </tr>\n            <tr>\n              <td colspan=\"2\" {$valueStyle}>\n                {contribution.address_id.name}<br/>\n                {contribution.address_id.display}\n              </td>\n            </tr>\n          {/if}\n\n          {if !empty($credit_card_type)}\n            <tr>\n              <th {$headerStyle}>\n                {ts}Credit Card Information{/ts}\n              </th>\n            </tr>\n            <tr>\n              <td colspan=\"2\" {$valueStyle}>\n                {$credit_card_type}<br/>\n                {$credit_card_number}<br/>\n              </td>\n            </tr>\n          {/if}\n        {/if}\n     {/if} {* End of conditional section for Paid events *}\n\n     {if !empty($customGroup)}\n      {foreach from=$customGroup item=value key=customName}\n       <tr>\n        <th {$headerStyle}>\n         {$customName}\n        </th>\n       </tr>\n       {foreach from=$value item=v key=n}\n        <tr>\n         <td {$labelStyle}>\n          {$n}\n         </td>\n         <td {$valueStyle}>\n          {$v}\n         </td>\n        </tr>\n       {/foreach}\n      {/foreach}\n     {/if}\n\n    </table>\n   </td>\n  </tr>\n\n </table>\n\n</body>\n</html>\n',1,828,'event_offline_receipt',0,1,0,NULL),
 (31,'Events - Registration Confirmation and Receipt (on-line)','{if !empty($isOnWaitlist)}{ts}Wait List Confirmation{/ts}{elseif !empty($isRequireApproval)}{ts}Registration Request Confirmation{/ts}{else}{ts}Registration Confirmation{/ts}{/if} - {event.title} - {contact.display_name}\n','','<!DOCTYPE html PUBLIC \"-//W3C//DTD XHTML 1.0 Transitional//EN\" \"http://www.w3.org/TR/xhtml1/DTD/xhtml1-transitional.dtd\">\n<html xmlns=\"http://www.w3.org/1999/xhtml\">\n<head>\n  <meta http-equiv=\"Content-Type\" content=\"text/html; charset=UTF-8\"/>\n  <title></title>\n</head>\n<body>\n\n{capture assign=headerStyle}colspan=\"2\" style=\"text-align: left; padding: 4px; border-bottom: 1px solid #999; background-color: #eee;\"{/capture}\n{capture assign=labelStyle}style=\"padding: 4px; border-bottom: 1px solid #999; background-color: #f7f7f7;\"{/capture}\n{capture assign=valueStyle}style=\"padding: 4px; border-bottom: 1px solid #999;\"{/capture}\n{capture assign=tdfirstStyle}style=\"width: 180px; padding-bottom: 15px;\"{/capture}\n{capture assign=tdStyle}style=\"width: 100px;\"{/capture}\n{capture assign=participantTotalStyle}style=\"margin: 0.5em 0 0.5em;padding: 0.5em;background-color: #999999;font-weight: bold;color: #FAFAFA;border-radius: 2px;\"{/capture}\n\n  <!-- BEGIN HEADER -->\n    {* To modify content in this section, you can edit the Custom Token named \"Message Header\". See also: https://docs.civicrm.org/user/en/latest/email/message-templates/#modifying-system-workflow-message-templates *}\n    {site.message_header}\n  <!-- END HEADER -->\n\n  <!-- BEGIN CONTENT -->\n\n  <table id=\"crm-event_receipt\" style=\"font-family: Arial, Verdana, sans-serif; text-align: left; width:100%; max-width:700px; padding:0; margin:0; border:0px;\">\n  <tr>\n    <td>\n      {assign var=\"greeting\" value=\"{contact.email_greeting_display}\"}{if $greeting}<p>{$greeting},</p>{/if}\n      {if {event.confirm_email_text|boolean} AND (empty($isOnWaitlist) AND empty($isRequireApproval))}\n        <p>{event.confirm_email_text}</p>\n      {else}\n        <p>{ts}Thank you for your registration.{/ts}\n            {if $participant_status}{ts 1=$participant_status}This is a confirmation that your registration has been received and your status has been updated to <strong>%1</strong>.{/ts}\n            {else}\n              {if $isOnWaitlist}{ts}This is a confirmation that your registration has been received and your status has been updated to <strong>waitlisted</strong>.{/ts}\n              {else}{ts}This is a confirmation that your registration has been received and your status has been updated to <strong>registered<strong>.{/ts}\n              {/if}\n            {/if}\n        </p>\n      {/if}\n\n      {if !empty($isOnWaitlist)}\n          <p>{ts}You have been added to the WAIT LIST for this event.{/ts}</p>\n            {if $isPrimary}\n              <p>{ts}If space becomes available you will receive an email with a link to a web page where you can complete your registration.{/ts}</p>\n            {/if}\n        {elseif !empty($isRequireApproval)}\n          <p>{ts}Your registration has been submitted.{/ts}</p>\n          {if $isPrimary}\n            <p>{ts}Once your registration has been reviewed, you will receive an email with a link to a web page where you can complete the registration process.{/ts}</p>\n          {/if}\n        {elseif {contribution.is_pay_later|boolean} && {contribution.balance_amount|boolean} && $isPrimary}\n          <p>{if {event.pay_later_receipt|boolean}}{event.pay_later_receipt}{/if}</p>\n        {/if}\n    </td>\n  </tr>\n  <tr>\n    <td>\n      <table style=\"width:100%; max-width:700px; border: 1px solid #999; margin: 1em 0em 1em; border-collapse: collapse;\">\n        <tr>\n          <th {$headerStyle}>\n            {ts}Event Information and Location{/ts}\n          </th>\n        </tr>\n        <tr>\n          <td colspan=\"2\" {$valueStyle}>\n            {event.title}<br/>\n            {event.start_date|crmDate:\"%A\"} {event.start_date|crmDate}{if {event.end_date|boolean}}-{if \'{event.end_date|crmDate:\"%Y%m%d\"}\' === \'{event.start_date|crmDate:\"%Y%m%d\"}\'}{event.end_date|crmDate:\"Time\"}{else}{event.end_date|crmDate:\"%A\"} {event.end_date|crmDate}{/if}{/if}\n          </td>\n        </tr>\n\n        {if {event.is_show_location|boolean}}\n          <tr>\n            <td colspan=\"2\" {$valueStyle}>\n              {event.location}\n            </td>\n          </tr>\n        {/if}\n\n        {if {event.loc_block_id.phone_id.phone|boolean} || {event.loc_block_id.email_id.email|boolean}}\n          <tr>\n            <td colspan=\"2\" {$labelStyle}>\n              {ts}Event Contacts:{/ts}\n            </td>\n          </tr>\n\n          {if {event.loc_block_id.phone_id.phone|boolean}}\n            <tr>\n              <td {$labelStyle}>\n                  {if {event.loc_block_id.phone_id.phone_type_id|boolean}}\n                      {event.loc_block_id.phone_id.phone_type_id:label}\n                  {else}\n                      {ts}Phone{/ts}\n                  {/if}\n              </td>\n              <td {$valueStyle}>\n                  {event.loc_block_id.phone_id.phone} {if {event.loc_block_id.phone_id.phone_ext|boolean}}&nbsp;{ts}ext.{/ts} {event.loc_block_id.phone_id.phone_ext}{/if}\n              </td>\n            </tr>\n          {/if}\n          {if {event.loc_block_id.phone_2_id.phone|boolean}}\n            <tr>\n              <td {$labelStyle}>\n                  {if {event.loc_block_id.phone_2_id.phone_type_id|boolean}}\n                      {event.loc_block_id.phone_2_id.phone_type_id:label}\n                  {else}\n                      {ts}Phone{/ts}\n                  {/if}\n              </td>\n              <td {$valueStyle}>\n                  {event.loc_block_id.phone_2_id.phone} {if {event.loc_block_id.phone_2_id.phone_ext|boolean}}&nbsp;{ts}ext.{/ts} {event.loc_block_id.phone_2_id.phone_ext}{/if}\n              </td>\n            </tr>\n          {/if}\n          {if {event.loc_block_id.email_id.email|boolean}}\n            <tr>\n              <td {$labelStyle}>\n                {ts}Email{/ts}\n              </td>\n              <td {$valueStyle}>\n                {event.loc_block_id.email_id.email}\n              </td>\n            </tr>\n          {/if}\n          {if {event.loc_block_id.email_2_id.email|boolean}}\n            <tr>\n              <td {$labelStyle}>\n                {ts}Email{/ts}\n              </td>\n              <td {$valueStyle}>\n                {event.loc_block_id.email_2_id.email}\n              </td>\n            </tr>\n          {/if}\n        {/if}\n\n        {if {event.is_public|boolean} and {event.is_show_calendar_links|boolean}}\n          <tr>\n            <td colspan=\"2\" {$valueStyle}>\n              {capture assign=icalFeed}{crmURL p=\'civicrm/event/ical\' q=\"reset=1&id={event.id}\" h=0 a=1 fe=1}{/capture}\n              <a href=\"{$icalFeed}\">{ts}Download iCalendar entry for this event.{/ts}</a>\n            </td>\n          </tr>\n          <tr>\n            <td colspan=\"2\" {$valueStyle}>\n              {capture assign=gCalendar}{crmURL p=\'civicrm/event/ical\' q=\"gCalendar=1&reset=1&id={event.id}\" h=0 a=1 fe=1}{/capture}\n              <a href=\"{$gCalendar}\">{ts}Add event to Google Calendar{/ts}</a>\n            </td>\n          </tr>\n        {/if}\n\n        {if {event.is_share|boolean}}\n          <tr>\n            <td colspan=\"2\" {$valueStyle}>\n              {capture assign=eventUrl}{crmURL p=\'civicrm/event/info\' q=\"id={event.id}&reset=1\" a=true fe=1 h=1}{/capture}\n              {include file=\"CRM/common/SocialNetwork.tpl\" emailMode=true url=$eventUrl pageURL=$eventUrl title=\'{event.title}\'}\n            </td>\n          </tr>\n        {/if}\n        {if !empty($payer.name)}\n          <tr>\n            <th {$headerStyle}>\n              {ts}You were registered by:{/ts}\n            </th>\n          </tr>\n          <tr>\n            <td colspan=\"2\" {$valueStyle}>\n              {$payer.name}\n            </td>\n          </tr>\n        {/if}\n        {if {event.is_monetary|boolean} and empty($isRequireApproval)}\n          <tr>\n            <th {$headerStyle}>\n              {event.fee_label}\n            </th>\n          </tr>\n            {if $isShowLineItems}\n              {foreach from=$participants key=index item=currentParticipant}\n                {if $isPrimary || {participant.id} === $currentParticipant.id}\n                  {if $isPrimary && ($participants|@count > 1)} {* Header for multi participant registration cases. *}\n                    <tr>\n                      <td colspan=\"2\" {$labelStyle}>\n                        {$currentParticipant.contact.display_name}\n                      </td>\n                    </tr>\n                  {/if}\n                  <tr>\n                    <td colspan=\"2\" {$valueStyle}>\n                      <table>\n                        <tr>\n                          <th>{ts}Item{/ts}</th>\n                          <th>{ts}Qty{/ts}</th>\n                          <th>{ts}Each{/ts}</th>\n                          {if $isShowTax && {contribution.tax_amount|boolean}}\n                              <th>{ts}Subtotal{/ts}</th>\n                              <th>{ts}Tax Rate{/ts}</th>\n                              <th>{ts}Tax Amount{/ts}</th>\n                            {/if}\n                          <th>{ts}Total{/ts}</th>\n                          {if $isShowParticipantCount}\n                            <th>{ts}Total Participants{/ts}</th>\n                          {/if}\n                        </tr>\n                        {foreach from=$currentParticipant.line_items item=line}\n                          <tr>\n                            <td {$tdfirstStyle}>{$line.title}</td>\n                            <td {$tdStyle} align=\"middle\">{$line.qty}</td>\n                            <td {$tdStyle}>{$line.unit_price|crmMoney:$currency}</td>\n                            {if $isShowTax && {contribution.tax_amount|boolean}}\n                              <td>{$line.line_total|crmMoney:$currency}</td>\n                              {if $line.tax_rate || $line.tax_amount != \"\"}\n                                <td>{$line.tax_rate|string_format:\"%.2f\"}%</td>\n                                <td>{$line.tax_amount|crmMoney:$currency}</td>\n                              {else}\n                                <td></td>\n                                <td></td>\n                              {/if}\n                            {/if}\n                            <td {$tdStyle}>\n                              {$line.line_total_inclusive|crmMoney:$currency}\n                            </td>\n                            {if $isShowParticipantCount}\n                              <td {$tdStyle}>{$line.participant_count}</td>\n                            {/if}\n                          </tr>\n                        {/foreach}\n                        {if $isShowTax && $isPrimary && ($participants|@count > 1)}\n                          <tr {$participantTotalStyle}>\n                            <td colspan=3>{ts 1=$currentParticipant.contact.display_name}Total for %1{/ts}</td>\n                            <td colspan=2>{$currentParticipant.totals.total_amount_exclusive|crmMoney}</td>\n                            <td colspan=1>{$currentParticipant.totals.tax_amount|crmMoney}</td>\n                            <td colspan=2>{$currentParticipant.totals.total_amount_inclusive|crmMoney}</td>\n                          </tr>\n                        {/if}\n                      </table>\n                    </td>\n                  </tr>\n                {/if}\n              {/foreach}\n            {/if}\n            {if !$isShowLineItems}\n              {foreach from=$participants key=index item=currentParticipant}\n                {if $isPrimary || {participant.id} === $currentParticipant.id}\n                  {foreach from=$currentParticipant.line_items key=index item=currentLineItem}\n                  <tr>\n                    <td {$valueStyle}>\n                      {$currentLineItem.label}{if $isPrimary && ($participants|@count > 1)} - {$currentParticipant.contact.display_name}{/if}\n                    </td>\n                    <td {$valueStyle}>\n                      {$currentLineItem.line_total|crmMoney:$currency}\n                    </td>\n                  </tr>\n                  {/foreach}\n                {/if}\n              {/foreach}\n            {/if}\n            {if $isShowTax && {contribution.tax_amount|boolean}}\n              <tr>\n                <td {$labelStyle}>\n                  {ts}Amount Before Tax:{/ts}\n                </td>\n                <td {$valueStyle}>\n                  {if $isPrimary}{contribution.tax_exclusive_amount}{else}{$participant.totals.total_amount_exclusive|crmMoney}{/if}\n                </td>\n              </tr>\n              {if !$isPrimary}\n                {* Use the participant specific tax rate breakdown *}\n                {assign var=taxRateBreakdown value=$participant.tax_rate_breakdown}\n              {/if}\n              {foreach from=$taxRateBreakdown item=taxDetail key=taxRate}\n                <tr>\n                  <td {$labelStyle}>{if $taxRate == 0}{ts}No{/ts} {$taxTerm}{else}{$taxTerm} {$taxDetail.percentage}%{/if}</td>\n                  <td {$valueStyle}>{$taxDetail.amount|crmMoney:\'{contribution.currency}\'}</td>\n                </tr>\n              {/foreach}\n              <tr>\n                <td {$labelStyle}>\n                    {ts}Total Tax Amount{/ts}\n                </td>\n                <td {$valueStyle}>\n                    {if $isPrimary}{contribution.tax_amount}{else}{$participant.totals.tax_amount|crmMoney}{/if}\n                </td>\n              </tr>\n            {/if}\n            {if $isPrimary}\n              <tr>\n                <td {$labelStyle}>\n                  {ts}Total Amount{/ts}\n                </td>\n                <td {$valueStyle}>\n                  {contribution.total_amount} {if !empty($hookDiscount.message)}({$hookDiscount.message}){/if}\n                </td>\n              </tr>\n              {if $isShowParticipantCount}\n                <tr>\n                  <td {$labelStyle}>\n                    {ts}Total Participants{/ts}</td>\n                  <td {$valueStyle}>\n                    {$participantCount}\n                  </td>\n                </tr>\n              {/if}\n\n              {if {participant.register_date|boolean}}\n                <tr>\n                  <td {$labelStyle}>\n                    {ts}Registration Date{/ts}\n                  </td>\n                  <td {$valueStyle}>\n                    {participant.register_date}\n                  </td>\n                </tr>\n              {/if}\n\n              {if {contribution.receive_date|boolean}}\n                <tr>\n                  <td {$labelStyle}>\n                    {ts}Transaction Date{/ts}\n                  </td>\n                  <td {$valueStyle}>\n                    {contribution.receive_date}\n                  </td>\n                </tr>\n              {/if}\n\n              {if {contribution.financial_type_id|boolean}}\n                <tr>\n                  <td {$labelStyle}>\n                    {ts}Financial Type{/ts}\n                  </td>\n                  <td {$valueStyle}>\n                    {contribution.financial_type_id:label}\n                  </td>\n                </tr>\n              {/if}\n\n              {if {contribution.trxn_id|boolean}}\n                <tr>\n                  <td {$labelStyle}>\n                    {ts}Transaction #{/ts}\n                  </td>\n                  <td {$valueStyle}>\n                    {contribution.trxn_id}\n                  </td>\n                </tr>\n              {/if}\n\n              {if {contribution.payment_instrument_id|boolean} && {contribution.paid_amount|boolean}}\n                <tr>\n                  <td {$labelStyle}>\n                    {ts}Paid By{/ts}\n                  </td>\n                  <td {$valueStyle}>\n                    {contribution.payment_instrument_id:label}\n                  </td>\n                </tr>\n              {/if}\n\n              {if {contribution.check_number|boolean}}\n                <tr>\n                  <td {$labelStyle}>\n                    {ts}Check Number{/ts}\n                  </td>\n                  <td {$valueStyle}>\n                    {contribution.check_number}\n                  </td>\n                </tr>\n              {/if}\n\n              {if {contribution.address_id.display|boolean}}\n                <tr>\n                  <th {$headerStyle}>\n                    {ts}Billing Name and Address{/ts}\n                  </th>\n                </tr>\n                <tr>\n                  <td colspan=\"2\" {$valueStyle}>\n                    {contribution.address_id.name}<br/>\n                    {contribution.address_id.display}\n                  </td>\n                </tr>\n              {/if}\n\n              {if !empty($credit_card_type)}\n                <tr>\n                  <th {$headerStyle}>\n                    {ts}Credit Card Information{/ts}\n                  </th>\n                </tr>\n                <tr>\n                  <td colspan=\"2\" {$valueStyle}>\n                    {$credit_card_type}<br/>\n                    {$credit_card_number}<br/>\n                    {ts}Expires{/ts}: {$credit_card_exp_date|truncate:7:\'\'|crmDate}\n                  </td>\n                </tr>\n              {/if}\n            {/if}\n\n          {/if} {* End of conditional section for Paid events *}\n\n        {if !empty($customPre)}\n          {foreach from=$customPre item=customPr key=i}\n            <tr>\n              <th {$headerStyle}>{$customPre_grouptitle.$i}</th>\n            </tr>\n            {foreach from=$customPr item=customValue key=customName}\n              <tr>\n                <td {$labelStyle}>{$customName}</td>\n                <td {$valueStyle}>{$customValue}</td>\n              </tr>\n            {/foreach}\n          {/foreach}\n        {/if}\n\n        {if !empty($customPost)}\n          {foreach from=$customPost item=customPos key=j}\n            <tr>\n              <th {$headerStyle}>{$customPost_grouptitle.$j}</th>\n            </tr>\n            {foreach from=$customPos item=customValue key=customName}\n              <tr>\n                <td {$labelStyle}>{$customName}</td>\n                <td {$valueStyle}>{$customValue}</td>\n              </tr>\n            {/foreach}\n          {/foreach}\n        {/if}\n\n        {if !empty($customProfile)}\n          {foreach from=$customProfile.profile item=eachParticipant key=participantID}\n            <tr>\n              <th {$headerStyle}>{ts 1=$participantID+2}Participant %1{/ts} </th>\n            </tr>\n            {foreach from=$eachParticipant item=eachProfile key=pid}\n              <tr>\n                <th {$headerStyle}>{$customProfile.title.$pid}</th>\n              </tr>\n              {foreach from=$eachProfile item=val key=field}\n                <tr>\n                  {foreach from=$val item=v key=f}\n                    <td {$labelStyle}>{$field}</td>\n                    <td {$valueStyle}>{$v}</td>\n                  {/foreach}\n                </tr>\n              {/foreach}\n            {/foreach}\n          {/foreach}\n        {/if}\n\n      </table>\n      {if {event.allow_selfcancelxfer|boolean}}\n        <tr>\n          <td colspan=\"2\" {$valueStyle}>\n            {capture assign=selfservice_preposition}{if {event.selfcancelxfer_time|boolean} && {event.selfcancelxfer_time} > 0}{ts}before{/ts}{else}{ts}after{/ts}{/if}{/capture}\n            {ts 1=\"{event.selfcancelxfer_time}\" 2=\"$selfservice_preposition\"}You may transfer your registration to another participant or cancel your registration up to %1 hours %2 the event.{/ts}\n            {if {contribution.paid_amount|boolean}}{ts}Cancellations are not refundable.{/ts}{/if}<br/>\n            {capture assign=selfService}{crmURL p=\'civicrm/event/selfsvcupdate\' q=\"reset=1&pid={participant.id}&{contact.checksum}\"  h=0 a=1 fe=1}{/capture}\n            <a href=\"{$selfService}\">{ts}Click here to transfer or cancel your registration.{/ts}</a>\n          </td>\n        </tr>\n      {/if}\n </table>\n\n</body>\n</html>\n',1,829,'event_online_receipt',1,0,0,NULL),
 (32,'Events - Registration Confirmation and Receipt (on-line)','{if !empty($isOnWaitlist)}{ts}Wait List Confirmation{/ts}{elseif !empty($isRequireApproval)}{ts}Registration Request Confirmation{/ts}{else}{ts}Registration Confirmation{/ts}{/if} - {event.title} - {contact.display_name}\n','','<!DOCTYPE html PUBLIC \"-//W3C//DTD XHTML 1.0 Transitional//EN\" \"http://www.w3.org/TR/xhtml1/DTD/xhtml1-transitional.dtd\">\n<html xmlns=\"http://www.w3.org/1999/xhtml\">\n<head>\n  <meta http-equiv=\"Content-Type\" content=\"text/html; charset=UTF-8\"/>\n  <title></title>\n</head>\n<body>\n\n{capture assign=headerStyle}colspan=\"2\" style=\"text-align: left; padding: 4px; border-bottom: 1px solid #999; background-color: #eee;\"{/capture}\n{capture assign=labelStyle}style=\"padding: 4px; border-bottom: 1px solid #999; background-color: #f7f7f7;\"{/capture}\n{capture assign=valueStyle}style=\"padding: 4px; border-bottom: 1px solid #999;\"{/capture}\n{capture assign=tdfirstStyle}style=\"width: 180px; padding-bottom: 15px;\"{/capture}\n{capture assign=tdStyle}style=\"width: 100px;\"{/capture}\n{capture assign=participantTotalStyle}style=\"margin: 0.5em 0 0.5em;padding: 0.5em;background-color: #999999;font-weight: bold;color: #FAFAFA;border-radius: 2px;\"{/capture}\n\n  <!-- BEGIN HEADER -->\n    {* To modify content in this section, you can edit the Custom Token named \"Message Header\". See also: https://docs.civicrm.org/user/en/latest/email/message-templates/#modifying-system-workflow-message-templates *}\n    {site.message_header}\n  <!-- END HEADER -->\n\n  <!-- BEGIN CONTENT -->\n\n  <table id=\"crm-event_receipt\" style=\"font-family: Arial, Verdana, sans-serif; text-align: left; width:100%; max-width:700px; padding:0; margin:0; border:0px;\">\n  <tr>\n    <td>\n      {assign var=\"greeting\" value=\"{contact.email_greeting_display}\"}{if $greeting}<p>{$greeting},</p>{/if}\n      {if {event.confirm_email_text|boolean} AND (empty($isOnWaitlist) AND empty($isRequireApproval))}\n        <p>{event.confirm_email_text}</p>\n      {else}\n        <p>{ts}Thank you for your registration.{/ts}\n            {if $participant_status}{ts 1=$participant_status}This is a confirmation that your registration has been received and your status has been updated to <strong>%1</strong>.{/ts}\n            {else}\n              {if $isOnWaitlist}{ts}This is a confirmation that your registration has been received and your status has been updated to <strong>waitlisted</strong>.{/ts}\n              {else}{ts}This is a confirmation that your registration has been received and your status has been updated to <strong>registered<strong>.{/ts}\n              {/if}\n            {/if}\n        </p>\n      {/if}\n\n      {if !empty($isOnWaitlist)}\n          <p>{ts}You have been added to the WAIT LIST for this event.{/ts}</p>\n            {if $isPrimary}\n              <p>{ts}If space becomes available you will receive an email with a link to a web page where you can complete your registration.{/ts}</p>\n            {/if}\n        {elseif !empty($isRequireApproval)}\n          <p>{ts}Your registration has been submitted.{/ts}</p>\n          {if $isPrimary}\n            <p>{ts}Once your registration has been reviewed, you will receive an email with a link to a web page where you can complete the registration process.{/ts}</p>\n          {/if}\n        {elseif {contribution.is_pay_later|boolean} && {contribution.balance_amount|boolean} && $isPrimary}\n          <p>{if {event.pay_later_receipt|boolean}}{event.pay_later_receipt}{/if}</p>\n        {/if}\n    </td>\n  </tr>\n  <tr>\n    <td>\n      <table style=\"width:100%; max-width:700px; border: 1px solid #999; margin: 1em 0em 1em; border-collapse: collapse;\">\n        <tr>\n          <th {$headerStyle}>\n            {ts}Event Information and Location{/ts}\n          </th>\n        </tr>\n        <tr>\n          <td colspan=\"2\" {$valueStyle}>\n            {event.title}<br/>\n            {event.start_date|crmDate:\"%A\"} {event.start_date|crmDate}{if {event.end_date|boolean}}-{if \'{event.end_date|crmDate:\"%Y%m%d\"}\' === \'{event.start_date|crmDate:\"%Y%m%d\"}\'}{event.end_date|crmDate:\"Time\"}{else}{event.end_date|crmDate:\"%A\"} {event.end_date|crmDate}{/if}{/if}\n          </td>\n        </tr>\n\n        {if {event.is_show_location|boolean}}\n          <tr>\n            <td colspan=\"2\" {$valueStyle}>\n              {event.location}\n            </td>\n          </tr>\n        {/if}\n\n        {if {event.loc_block_id.phone_id.phone|boolean} || {event.loc_block_id.email_id.email|boolean}}\n          <tr>\n            <td colspan=\"2\" {$labelStyle}>\n              {ts}Event Contacts:{/ts}\n            </td>\n          </tr>\n\n          {if {event.loc_block_id.phone_id.phone|boolean}}\n            <tr>\n              <td {$labelStyle}>\n                  {if {event.loc_block_id.phone_id.phone_type_id|boolean}}\n                      {event.loc_block_id.phone_id.phone_type_id:label}\n                  {else}\n                      {ts}Phone{/ts}\n                  {/if}\n              </td>\n              <td {$valueStyle}>\n                  {event.loc_block_id.phone_id.phone} {if {event.loc_block_id.phone_id.phone_ext|boolean}}&nbsp;{ts}ext.{/ts} {event.loc_block_id.phone_id.phone_ext}{/if}\n              </td>\n            </tr>\n          {/if}\n          {if {event.loc_block_id.phone_2_id.phone|boolean}}\n            <tr>\n              <td {$labelStyle}>\n                  {if {event.loc_block_id.phone_2_id.phone_type_id|boolean}}\n                      {event.loc_block_id.phone_2_id.phone_type_id:label}\n                  {else}\n                      {ts}Phone{/ts}\n                  {/if}\n              </td>\n              <td {$valueStyle}>\n                  {event.loc_block_id.phone_2_id.phone} {if {event.loc_block_id.phone_2_id.phone_ext|boolean}}&nbsp;{ts}ext.{/ts} {event.loc_block_id.phone_2_id.phone_ext}{/if}\n              </td>\n            </tr>\n          {/if}\n          {if {event.loc_block_id.email_id.email|boolean}}\n            <tr>\n              <td {$labelStyle}>\n                {ts}Email{/ts}\n              </td>\n              <td {$valueStyle}>\n                {event.loc_block_id.email_id.email}\n              </td>\n            </tr>\n          {/if}\n          {if {event.loc_block_id.email_2_id.email|boolean}}\n            <tr>\n              <td {$labelStyle}>\n                {ts}Email{/ts}\n              </td>\n              <td {$valueStyle}>\n                {event.loc_block_id.email_2_id.email}\n              </td>\n            </tr>\n          {/if}\n        {/if}\n\n        {if {event.is_public|boolean} and {event.is_show_calendar_links|boolean}}\n          <tr>\n            <td colspan=\"2\" {$valueStyle}>\n              {capture assign=icalFeed}{crmURL p=\'civicrm/event/ical\' q=\"reset=1&id={event.id}\" h=0 a=1 fe=1}{/capture}\n              <a href=\"{$icalFeed}\">{ts}Download iCalendar entry for this event.{/ts}</a>\n            </td>\n          </tr>\n          <tr>\n            <td colspan=\"2\" {$valueStyle}>\n              {capture assign=gCalendar}{crmURL p=\'civicrm/event/ical\' q=\"gCalendar=1&reset=1&id={event.id}\" h=0 a=1 fe=1}{/capture}\n              <a href=\"{$gCalendar}\">{ts}Add event to Google Calendar{/ts}</a>\n            </td>\n          </tr>\n        {/if}\n\n        {if {event.is_share|boolean}}\n          <tr>\n            <td colspan=\"2\" {$valueStyle}>\n              {capture assign=eventUrl}{crmURL p=\'civicrm/event/info\' q=\"id={event.id}&reset=1\" a=true fe=1 h=1}{/capture}\n              {include file=\"CRM/common/SocialNetwork.tpl\" emailMode=true url=$eventUrl pageURL=$eventUrl title=\'{event.title}\'}\n            </td>\n          </tr>\n        {/if}\n        {if !empty($payer.name)}\n          <tr>\n            <th {$headerStyle}>\n              {ts}You were registered by:{/ts}\n            </th>\n          </tr>\n          <tr>\n            <td colspan=\"2\" {$valueStyle}>\n              {$payer.name}\n            </td>\n          </tr>\n        {/if}\n        {if {event.is_monetary|boolean} and empty($isRequireApproval)}\n          <tr>\n            <th {$headerStyle}>\n              {event.fee_label}\n            </th>\n          </tr>\n            {if $isShowLineItems}\n              {foreach from=$participants key=index item=currentParticipant}\n                {if $isPrimary || {participant.id} === $currentParticipant.id}\n                  {if $isPrimary && ($participants|@count > 1)} {* Header for multi participant registration cases. *}\n                    <tr>\n                      <td colspan=\"2\" {$labelStyle}>\n                        {$currentParticipant.contact.display_name}\n                      </td>\n                    </tr>\n                  {/if}\n                  <tr>\n                    <td colspan=\"2\" {$valueStyle}>\n                      <table>\n                        <tr>\n                          <th>{ts}Item{/ts}</th>\n                          <th>{ts}Qty{/ts}</th>\n                          <th>{ts}Each{/ts}</th>\n                          {if $isShowTax && {contribution.tax_amount|boolean}}\n                              <th>{ts}Subtotal{/ts}</th>\n                              <th>{ts}Tax Rate{/ts}</th>\n                              <th>{ts}Tax Amount{/ts}</th>\n                            {/if}\n                          <th>{ts}Total{/ts}</th>\n                          {if $isShowParticipantCount}\n                            <th>{ts}Total Participants{/ts}</th>\n                          {/if}\n                        </tr>\n                        {foreach from=$currentParticipant.line_items item=line}\n                          <tr>\n                            <td {$tdfirstStyle}>{$line.title}</td>\n                            <td {$tdStyle} align=\"middle\">{$line.qty}</td>\n                            <td {$tdStyle}>{$line.unit_price|crmMoney:$currency}</td>\n                            {if $isShowTax && {contribution.tax_amount|boolean}}\n                              <td>{$line.line_total|crmMoney:$currency}</td>\n                              {if $line.tax_rate || $line.tax_amount != \"\"}\n                                <td>{$line.tax_rate|string_format:\"%.2f\"}%</td>\n                                <td>{$line.tax_amount|crmMoney:$currency}</td>\n                              {else}\n                                <td></td>\n                                <td></td>\n                              {/if}\n                            {/if}\n                            <td {$tdStyle}>\n                              {$line.line_total_inclusive|crmMoney:$currency}\n                            </td>\n                            {if $isShowParticipantCount}\n                              <td {$tdStyle}>{$line.participant_count}</td>\n                            {/if}\n                          </tr>\n                        {/foreach}\n                        {if $isShowTax && $isPrimary && ($participants|@count > 1)}\n                          <tr {$participantTotalStyle}>\n                            <td colspan=3>{ts 1=$currentParticipant.contact.display_name}Total for %1{/ts}</td>\n                            <td colspan=2>{$currentParticipant.totals.total_amount_exclusive|crmMoney}</td>\n                            <td colspan=1>{$currentParticipant.totals.tax_amount|crmMoney}</td>\n                            <td colspan=2>{$currentParticipant.totals.total_amount_inclusive|crmMoney}</td>\n                          </tr>\n                        {/if}\n                      </table>\n                    </td>\n                  </tr>\n                {/if}\n              {/foreach}\n            {/if}\n            {if !$isShowLineItems}\n              {foreach from=$participants key=index item=currentParticipant}\n                {if $isPrimary || {participant.id} === $currentParticipant.id}\n                  {foreach from=$currentParticipant.line_items key=index item=currentLineItem}\n                  <tr>\n                    <td {$valueStyle}>\n                      {$currentLineItem.label}{if $isPrimary && ($participants|@count > 1)} - {$currentParticipant.contact.display_name}{/if}\n                    </td>\n                    <td {$valueStyle}>\n                      {$currentLineItem.line_total|crmMoney:$currency}\n                    </td>\n                  </tr>\n                  {/foreach}\n                {/if}\n              {/foreach}\n            {/if}\n            {if $isShowTax && {contribution.tax_amount|boolean}}\n              <tr>\n                <td {$labelStyle}>\n                  {ts}Amount Before Tax:{/ts}\n                </td>\n                <td {$valueStyle}>\n                  {if $isPrimary}{contribution.tax_exclusive_amount}{else}{$participant.totals.total_amount_exclusive|crmMoney}{/if}\n                </td>\n              </tr>\n              {if !$isPrimary}\n                {* Use the participant specific tax rate breakdown *}\n                {assign var=taxRateBreakdown value=$participant.tax_rate_breakdown}\n              {/if}\n              {foreach from=$taxRateBreakdown item=taxDetail key=taxRate}\n                <tr>\n                  <td {$labelStyle}>{if $taxRate == 0}{ts}No{/ts} {$taxTerm}{else}{$taxTerm} {$taxDetail.percentage}%{/if}</td>\n                  <td {$valueStyle}>{$taxDetail.amount|crmMoney:\'{contribution.currency}\'}</td>\n                </tr>\n              {/foreach}\n              <tr>\n                <td {$labelStyle}>\n                    {ts}Total Tax Amount{/ts}\n                </td>\n                <td {$valueStyle}>\n                    {if $isPrimary}{contribution.tax_amount}{else}{$participant.totals.tax_amount|crmMoney}{/if}\n                </td>\n              </tr>\n            {/if}\n            {if $isPrimary}\n              <tr>\n                <td {$labelStyle}>\n                  {ts}Total Amount{/ts}\n                </td>\n                <td {$valueStyle}>\n                  {contribution.total_amount} {if !empty($hookDiscount.message)}({$hookDiscount.message}){/if}\n                </td>\n              </tr>\n              {if $isShowParticipantCount}\n                <tr>\n                  <td {$labelStyle}>\n                    {ts}Total Participants{/ts}</td>\n                  <td {$valueStyle}>\n                    {$participantCount}\n                  </td>\n                </tr>\n              {/if}\n\n              {if {participant.register_date|boolean}}\n                <tr>\n                  <td {$labelStyle}>\n                    {ts}Registration Date{/ts}\n                  </td>\n                  <td {$valueStyle}>\n                    {participant.register_date}\n                  </td>\n                </tr>\n              {/if}\n\n              {if {contribution.receive_date|boolean}}\n                <tr>\n                  <td {$labelStyle}>\n                    {ts}Transaction Date{/ts}\n                  </td>\n                  <td {$valueStyle}>\n                    {contribution.receive_date}\n                  </td>\n                </tr>\n              {/if}\n\n              {if {contribution.financial_type_id|boolean}}\n                <tr>\n                  <td {$labelStyle}>\n                    {ts}Financial Type{/ts}\n                  </td>\n                  <td {$valueStyle}>\n                    {contribution.financial_type_id:label}\n                  </td>\n                </tr>\n              {/if}\n\n              {if {contribution.trxn_id|boolean}}\n                <tr>\n                  <td {$labelStyle}>\n                    {ts}Transaction #{/ts}\n                  </td>\n                  <td {$valueStyle}>\n                    {contribution.trxn_id}\n                  </td>\n                </tr>\n              {/if}\n\n              {if {contribution.payment_instrument_id|boolean} && {contribution.paid_amount|boolean}}\n                <tr>\n                  <td {$labelStyle}>\n                    {ts}Paid By{/ts}\n                  </td>\n                  <td {$valueStyle}>\n                    {contribution.payment_instrument_id:label}\n                  </td>\n                </tr>\n              {/if}\n\n              {if {contribution.check_number|boolean}}\n                <tr>\n                  <td {$labelStyle}>\n                    {ts}Check Number{/ts}\n                  </td>\n                  <td {$valueStyle}>\n                    {contribution.check_number}\n                  </td>\n                </tr>\n              {/if}\n\n              {if {contribution.address_id.display|boolean}}\n                <tr>\n                  <th {$headerStyle}>\n                    {ts}Billing Name and Address{/ts}\n                  </th>\n                </tr>\n                <tr>\n                  <td colspan=\"2\" {$valueStyle}>\n                    {contribution.address_id.name}<br/>\n                    {contribution.address_id.display}\n                  </td>\n                </tr>\n              {/if}\n\n              {if !empty($credit_card_type)}\n                <tr>\n                  <th {$headerStyle}>\n                    {ts}Credit Card Information{/ts}\n                  </th>\n                </tr>\n                <tr>\n                  <td colspan=\"2\" {$valueStyle}>\n                    {$credit_card_type}<br/>\n                    {$credit_card_number}<br/>\n                    {ts}Expires{/ts}: {$credit_card_exp_date|truncate:7:\'\'|crmDate}\n                  </td>\n                </tr>\n              {/if}\n            {/if}\n\n          {/if} {* End of conditional section for Paid events *}\n\n        {if !empty($customPre)}\n          {foreach from=$customPre item=customPr key=i}\n            <tr>\n              <th {$headerStyle}>{$customPre_grouptitle.$i}</th>\n            </tr>\n            {foreach from=$customPr item=customValue key=customName}\n              <tr>\n                <td {$labelStyle}>{$customName}</td>\n                <td {$valueStyle}>{$customValue}</td>\n              </tr>\n            {/foreach}\n          {/foreach}\n        {/if}\n\n        {if !empty($customPost)}\n          {foreach from=$customPost item=customPos key=j}\n            <tr>\n              <th {$headerStyle}>{$customPost_grouptitle.$j}</th>\n            </tr>\n            {foreach from=$customPos item=customValue key=customName}\n              <tr>\n                <td {$labelStyle}>{$customName}</td>\n                <td {$valueStyle}>{$customValue}</td>\n              </tr>\n            {/foreach}\n          {/foreach}\n        {/if}\n\n        {if !empty($customProfile)}\n          {foreach from=$customProfile.profile item=eachParticipant key=participantID}\n            <tr>\n              <th {$headerStyle}>{ts 1=$participantID+2}Participant %1{/ts} </th>\n            </tr>\n            {foreach from=$eachParticipant item=eachProfile key=pid}\n              <tr>\n                <th {$headerStyle}>{$customProfile.title.$pid}</th>\n              </tr>\n              {foreach from=$eachProfile item=val key=field}\n                <tr>\n                  {foreach from=$val item=v key=f}\n                    <td {$labelStyle}>{$field}</td>\n                    <td {$valueStyle}>{$v}</td>\n                  {/foreach}\n                </tr>\n              {/foreach}\n            {/foreach}\n          {/foreach}\n        {/if}\n\n      </table>\n      {if {event.allow_selfcancelxfer|boolean}}\n        <tr>\n          <td colspan=\"2\" {$valueStyle}>\n            {capture assign=selfservice_preposition}{if {event.selfcancelxfer_time|boolean} && {event.selfcancelxfer_time} > 0}{ts}before{/ts}{else}{ts}after{/ts}{/if}{/capture}\n            {ts 1=\"{event.selfcancelxfer_time}\" 2=\"$selfservice_preposition\"}You may transfer your registration to another participant or cancel your registration up to %1 hours %2 the event.{/ts}\n            {if {contribution.paid_amount|boolean}}{ts}Cancellations are not refundable.{/ts}{/if}<br/>\n            {capture assign=selfService}{crmURL p=\'civicrm/event/selfsvcupdate\' q=\"reset=1&pid={participant.id}&{contact.checksum}\"  h=0 a=1 fe=1}{/capture}\n            <a href=\"{$selfService}\">{ts}Click here to transfer or cancel your registration.{/ts}</a>\n          </td>\n        </tr>\n      {/if}\n </table>\n\n</body>\n</html>\n',1,829,'event_online_receipt',0,1,0,NULL),
 (33,'Events - Registration Cancellation Notice','{ts 1=\"{event.title}\"}Event Registration Cancelled for %1{/ts} - {contact.display_name}\n','','<!DOCTYPE html PUBLIC \"-//W3C//DTD XHTML 1.0 Transitional//EN\" \"http://www.w3.org/TR/xhtml1/DTD/xhtml1-transitional.dtd\">\n<html xmlns=\"http://www.w3.org/1999/xhtml\">\n<head>\n <meta http-equiv=\"Content-Type\" content=\"text/html; charset=UTF-8\" />\n <title></title>\n</head>\n<body>\n\n{capture assign=headerStyle}colspan=\"2\" style=\"text-align: left; padding: 4px; border-bottom: 1px solid #999; background-color: #eee;\"{/capture}\n{capture assign=labelStyle}style=\"padding: 4px; border-bottom: 1px solid #999; background-color: #f7f7f7;\"{/capture}\n{capture assign=valueStyle}style=\"padding: 4px; border-bottom: 1px solid #999;\"{/capture}\n\n  <!-- BEGIN HEADER -->\n    {* To modify content in this section, you can edit the Custom Token named \"Message Header\". See also: https://docs.civicrm.org/user/en/latest/email/message-templates/#modifying-system-workflow-message-templates *}\n    {site.message_header}\n  <!-- END HEADER -->\n\n  <!-- BEGIN CONTENT -->\n\n  <table id=\"crm-event_receipt\" style=\"font-family: Arial, Verdana, sans-serif; text-align: left; width:100%; max-width:700px; padding:0; margin:0; border:0px;\">\n  <tr>\n   <td>\n    {assign var=\"greeting\" value=\"{contact.email_greeting_display}\"}{if $greeting}<p>{$greeting},</p>{/if}\n    <p>{ts}Your Event Registration has been cancelled.{/ts}</p>\n   </td>\n  </tr>\n  <tr>\n   <td>\n    <table style=\"border: 1px solid #999; margin: 1em 0em 1em; border-collapse: collapse; width:100%;\">\n     <tr>\n      <th {$headerStyle}>\n       {ts}Event Information and Location{/ts}\n      </th>\n     </tr>\n     <tr>\n      <td colspan=\"2\" {$valueStyle}>\n       {event.title}<br />\n       {event.start_date|crmDate:\"%A\"} {event.start_date|crmDate}{if {event.end_date|boolean}}-{if \'{event.end_date|crmDate:\"%Y%m%d\"}\' === \'{event.start_date|crmDate:\"%Y%m%d\"}\'}{event.end_date|crmDate:\"Time\"}{else}{event.end_date|crmDate:\"%A\"} {event.end_date|crmDate}{/if}{/if}\n      </td>\n     </tr>\n    {if {event.is_show_location|boolean}}\n        <tr>\n          <td colspan=\"2\" {$valueStyle}>\n            {event.location}\n          </td>\n        </tr>\n      {/if}\n\n    {if {event.loc_block_id.phone_id.phone|boolean} || {event.loc_block_id.email_id.email|boolean}}\n        <tr>\n          <td colspan=\"2\" {$labelStyle}>\n            {ts}Event Contacts:{/ts}\n          </td>\n        </tr>\n\n        {if {event.loc_block_id.phone_id.phone|boolean}}\n          <tr>\n            <td {$labelStyle}>\n              {if {event.loc_block_id.phone_id.phone_type_id|boolean}}\n                {event.loc_block_id.phone_id.phone_type_id:label}\n              {else}\n                {ts}Phone{/ts}\n              {/if}\n            </td>\n            <td {$valueStyle}>\n              {event.loc_block_id.phone_id.phone} {if {event.loc_block_id.phone_id.phone_ext|boolean}}&nbsp;{ts}ext.{/ts} {event.loc_block_id.phone_id.phone_ext}{/if}\n            </td>\n          </tr>\n        {/if}\n        {if {event.loc_block_id.phone_2_id.phone|boolean}}\n          <tr>\n            <td {$labelStyle}>\n              {if {event.loc_block_id.phone_2_id.phone_type_id|boolean}}\n                {event.loc_block_id.phone_2_id.phone_type_id:label}\n              {else}\n                {ts}Phone{/ts}\n              {/if}\n            </td>\n            <td {$valueStyle}>\n              {event.loc_block_id.phone_2_id.phone} {if {event.loc_block_id.phone_2_id.phone_ext|boolean}}&nbsp;{ts}ext.{/ts} {event.loc_block_id.phone_2_id.phone_ext}{/if}\n            </td>\n          </tr>\n        {/if}\n\n        {if {event.loc_block_id.email_id.email|boolean}}\n          <tr>\n            <td {$labelStyle}>\n              {ts}Email{/ts}\n            </td>\n            <td {$valueStyle}>\n              {event.loc_block_id.email_id.email}\n            </td>\n          </tr>\n        {/if}\n\n        {if {event.loc_block_id.email_2_id.email|boolean}}\n          <tr>\n            <td {$labelStyle}>\n              {ts}Email{/ts}\n            </td>\n            <td {$valueStyle}>\n              {event.loc_block_id.email_2_id.email}\n            </td>\n          </tr>\n        {/if}\n      {/if}\n\n    {if \'{contact.email}\'}\n      <tr>\n       <th {$headerStyle}>\n        {ts}Registered Email{/ts}\n       </th>\n      </tr>\n      <tr>\n       <td colspan=\"2\" {$valueStyle}>\n        {contact.email}\n       </td>\n      </tr>\n     {/if}\n\n     {if !empty(\'{participant.register_date}\')}\n      <tr>\n       <td {$labelStyle}>\n        {ts}Registration Date{/ts}\n       </td>\n       <td {$valueStyle}>\n        {participant.register_date}\n       </td>\n      </tr>\n     {/if}\n\n    </table>\n   </td>\n  </tr>\n\n  <tr>\n   <td>\n    <p>{ts 1=\'{domain.phone}\' 2=\'{domain.email}\'}Please contact us at %1 or send email to %2 if you have questions.{/ts}</p>\n   </td>\n  </tr>\n\n </table>\n\n</body>\n</html>\n',1,830,'participant_cancelled',1,0,0,NULL),
 (34,'Events - Registration Cancellation Notice','{ts 1=\"{event.title}\"}Event Registration Cancelled for %1{/ts} - {contact.display_name}\n','','<!DOCTYPE html PUBLIC \"-//W3C//DTD XHTML 1.0 Transitional//EN\" \"http://www.w3.org/TR/xhtml1/DTD/xhtml1-transitional.dtd\">\n<html xmlns=\"http://www.w3.org/1999/xhtml\">\n<head>\n <meta http-equiv=\"Content-Type\" content=\"text/html; charset=UTF-8\" />\n <title></title>\n</head>\n<body>\n\n{capture assign=headerStyle}colspan=\"2\" style=\"text-align: left; padding: 4px; border-bottom: 1px solid #999; background-color: #eee;\"{/capture}\n{capture assign=labelStyle}style=\"padding: 4px; border-bottom: 1px solid #999; background-color: #f7f7f7;\"{/capture}\n{capture assign=valueStyle}style=\"padding: 4px; border-bottom: 1px solid #999;\"{/capture}\n\n  <!-- BEGIN HEADER -->\n    {* To modify content in this section, you can edit the Custom Token named \"Message Header\". See also: https://docs.civicrm.org/user/en/latest/email/message-templates/#modifying-system-workflow-message-templates *}\n    {site.message_header}\n  <!-- END HEADER -->\n\n  <!-- BEGIN CONTENT -->\n\n  <table id=\"crm-event_receipt\" style=\"font-family: Arial, Verdana, sans-serif; text-align: left; width:100%; max-width:700px; padding:0; margin:0; border:0px;\">\n  <tr>\n   <td>\n    {assign var=\"greeting\" value=\"{contact.email_greeting_display}\"}{if $greeting}<p>{$greeting},</p>{/if}\n    <p>{ts}Your Event Registration has been cancelled.{/ts}</p>\n   </td>\n  </tr>\n  <tr>\n   <td>\n    <table style=\"border: 1px solid #999; margin: 1em 0em 1em; border-collapse: collapse; width:100%;\">\n     <tr>\n      <th {$headerStyle}>\n       {ts}Event Information and Location{/ts}\n      </th>\n     </tr>\n     <tr>\n      <td colspan=\"2\" {$valueStyle}>\n       {event.title}<br />\n       {event.start_date|crmDate:\"%A\"} {event.start_date|crmDate}{if {event.end_date|boolean}}-{if \'{event.end_date|crmDate:\"%Y%m%d\"}\' === \'{event.start_date|crmDate:\"%Y%m%d\"}\'}{event.end_date|crmDate:\"Time\"}{else}{event.end_date|crmDate:\"%A\"} {event.end_date|crmDate}{/if}{/if}\n      </td>\n     </tr>\n    {if {event.is_show_location|boolean}}\n        <tr>\n          <td colspan=\"2\" {$valueStyle}>\n            {event.location}\n          </td>\n        </tr>\n      {/if}\n\n    {if {event.loc_block_id.phone_id.phone|boolean} || {event.loc_block_id.email_id.email|boolean}}\n        <tr>\n          <td colspan=\"2\" {$labelStyle}>\n            {ts}Event Contacts:{/ts}\n          </td>\n        </tr>\n\n        {if {event.loc_block_id.phone_id.phone|boolean}}\n          <tr>\n            <td {$labelStyle}>\n              {if {event.loc_block_id.phone_id.phone_type_id|boolean}}\n                {event.loc_block_id.phone_id.phone_type_id:label}\n              {else}\n                {ts}Phone{/ts}\n              {/if}\n            </td>\n            <td {$valueStyle}>\n              {event.loc_block_id.phone_id.phone} {if {event.loc_block_id.phone_id.phone_ext|boolean}}&nbsp;{ts}ext.{/ts} {event.loc_block_id.phone_id.phone_ext}{/if}\n            </td>\n          </tr>\n        {/if}\n        {if {event.loc_block_id.phone_2_id.phone|boolean}}\n          <tr>\n            <td {$labelStyle}>\n              {if {event.loc_block_id.phone_2_id.phone_type_id|boolean}}\n                {event.loc_block_id.phone_2_id.phone_type_id:label}\n              {else}\n                {ts}Phone{/ts}\n              {/if}\n            </td>\n            <td {$valueStyle}>\n              {event.loc_block_id.phone_2_id.phone} {if {event.loc_block_id.phone_2_id.phone_ext|boolean}}&nbsp;{ts}ext.{/ts} {event.loc_block_id.phone_2_id.phone_ext}{/if}\n            </td>\n          </tr>\n        {/if}\n\n        {if {event.loc_block_id.email_id.email|boolean}}\n          <tr>\n            <td {$labelStyle}>\n              {ts}Email{/ts}\n            </td>\n            <td {$valueStyle}>\n              {event.loc_block_id.email_id.email}\n            </td>\n          </tr>\n        {/if}\n\n        {if {event.loc_block_id.email_2_id.email|boolean}}\n          <tr>\n            <td {$labelStyle}>\n              {ts}Email{/ts}\n            </td>\n            <td {$valueStyle}>\n              {event.loc_block_id.email_2_id.email}\n            </td>\n          </tr>\n        {/if}\n      {/if}\n\n    {if \'{contact.email}\'}\n      <tr>\n       <th {$headerStyle}>\n        {ts}Registered Email{/ts}\n       </th>\n      </tr>\n      <tr>\n       <td colspan=\"2\" {$valueStyle}>\n        {contact.email}\n       </td>\n      </tr>\n     {/if}\n\n     {if !empty(\'{participant.register_date}\')}\n      <tr>\n       <td {$labelStyle}>\n        {ts}Registration Date{/ts}\n       </td>\n       <td {$valueStyle}>\n        {participant.register_date}\n       </td>\n      </tr>\n     {/if}\n\n    </table>\n   </td>\n  </tr>\n\n  <tr>\n   <td>\n    <p>{ts 1=\'{domain.phone}\' 2=\'{domain.email}\'}Please contact us at %1 or send email to %2 if you have questions.{/ts}</p>\n   </td>\n  </tr>\n\n </table>\n\n</body>\n</html>\n',1,830,'participant_cancelled',0,1,0,NULL),
 (35,'Events - Registration Confirmation Invite','{ts 1=$event.event_title}Confirm your registration for %1{/ts} - {contact.display_name}\n','','<!DOCTYPE html PUBLIC \"-//W3C//DTD XHTML 1.0 Transitional//EN\" \"http://www.w3.org/TR/xhtml1/DTD/xhtml1-transitional.dtd\">\n<html xmlns=\"http://www.w3.org/1999/xhtml\">\n<head>\n <meta http-equiv=\"Content-Type\" content=\"text/html; charset=UTF-8\" />\n <title></title>\n</head>\n<body>\n\n{capture assign=headerStyle}colspan=\"2\" style=\"text-align: left; padding: 4px; border-bottom: 1px solid #999; background-color: #eee;\"{/capture}\n{capture assign=labelStyle}style=\"padding: 4px; border-bottom: 1px solid #999; background-color: #f7f7f7;\"{/capture}\n{capture assign=valueStyle}style=\"padding: 4px; border-bottom: 1px solid #999;\"{/capture}\n\n  <!-- BEGIN HEADER -->\n    {* To modify content in this section, you can edit the Custom Token named \"Message Header\". See also: https://docs.civicrm.org/user/en/latest/email/message-templates/#modifying-system-workflow-message-templates *}\n    {site.message_header}\n  <!-- END HEADER -->\n\n  <!-- BEGIN CONTENT -->\n\n  <table id=\"crm-event_receipt\" style=\"font-family: Arial, Verdana, sans-serif; text-align: left; width:100%; max-width:700px; padding:0; margin:0; border:0px;\">\n  <tr>\n   <td>\n    {assign var=\"greeting\" value=\"{contact.email_greeting_display}\"}{if $greeting}<p>{$greeting},</p>{/if}\n    <p>{ts}This is an invitation to complete your registration that was initially waitlisted.{/ts}</p>\n   </td>\n  </tr>\n  {if !$isAdditional and {participant.id|boolean}}\n   <tr>\n    <th {$headerStyle}>\n     {ts}Confirm Your Registration{/ts}\n    </th>\n   </tr>\n   <tr>\n    <td colspan=\"2\" {$valueStyle}>\n     {capture assign=confirmUrl}{crmURL p=\'civicrm/event/confirm\' q=\"reset=1&participantId={participant.id}&cs=`$checksumValue`\" a=true h=0 fe=1}{/capture}\n     <a href=\"{$confirmUrl}\">{ts}Click here to confirm and complete your registration{/ts}</a>\n    </td>\n   </tr>\n  {/if}\n  {if {event.allow_selfcancelxfer|boolean}}\n  {ts}This event allows for{/ts}\n  {capture assign=selfService}{crmURL p=\'civicrm/event/selfsvcupdate\' q=\"reset=1&pid={participant.id}&{contact.checksum}\" h=0 a=1 fe=1}{/capture}\n       <a href=\"{$selfService}\"> {ts}self service cancel or transfer{/ts}</a>\n  {/if}\n\n  <tr>\n   <td>\n    <table style=\"border: 1px solid #999; margin: 1em 0em 1em; border-collapse: collapse; width:100%;\">\n     <tr>\n      <th {$headerStyle}>\n       {ts}Event Information and Location{/ts}\n      </th>\n     </tr>\n     <tr>\n      <td colspan=\"2\" {$valueStyle}>\n       {event.title}<br />\n       {event.start_date|crmDate:\"%A\"} {event.start_date|crmDate}{if {event.end_date|boolean}}-{if \'{event.end_date|crmDate:\"%Y%m%d\"}\' === \'{event.start_date|crmDate:\"%Y%m%d\"}\'}{event.end_date|crmDate:\"Time\"}{else}{event.end_date|crmDate:\"%A\"} {event.end_date|crmDate}{/if}{/if}\n      </td>\n     </tr>\n     {if {event.is_show_location|boolean}}\n        <tr>\n          <td colspan=\"2\" {$valueStyle}>\n            {event.location}\n          </td>\n        </tr>\n      {/if}\n\n     {if {event.loc_block_id.phone_id.phone|boolean} || {event.loc_block_id.email_id.email|boolean}}\n        <tr>\n          <td colspan=\"2\" {$labelStyle}>\n            {ts}Event Contacts:{/ts}\n          </td>\n        </tr>\n\n        {if {event.loc_block_id.phone_id.phone|boolean}}\n          <tr>\n            <td {$labelStyle}>\n              {if {event.loc_block_id.phone_id.phone_type_id|boolean}}\n                {event.loc_block_id.phone_id.phone_type_id:label}\n              {else}\n                {ts}Phone{/ts}\n              {/if}\n            </td>\n            <td {$valueStyle}>\n              {event.loc_block_id.phone_id.phone} {if {event.loc_block_id.phone_id.phone_ext|boolean}}&nbsp;{ts}ext.{/ts} {event.loc_block_id.phone_id.phone_ext}{/if}\n            </td>\n          </tr>\n        {/if}\n        {if {event.loc_block_id.phone_2_id.phone|boolean}}\n          <tr>\n            <td {$labelStyle}>\n              {if {event.loc_block_id.phone_2_id.phone_type_id|boolean}}\n                {event.loc_block_id.phone_2_id.phone_type_id:label}\n              {else}\n                {ts}Phone{/ts}\n              {/if}\n            </td>\n            <td {$valueStyle}>\n              {event.loc_block_id.phone_2_id.phone} {if {event.loc_block_id.phone_2_id.phone_ext|boolean}}&nbsp;{ts}ext.{/ts} {event.loc_block_id.phone_2_id.phone_ext}{/if}\n            </td>\n          </tr>\n        {/if}\n\n        {if {event.loc_block_id.email_id.email|boolean}}\n          <tr>\n            <td {$labelStyle}>\n              {ts}Email{/ts}\n            </td>\n            <td {$valueStyle}>\n              {event.loc_block_id.email_id.email}\n            </td>\n          </tr>\n        {/if}\n\n        {if {event.loc_block_id.email_2_id.email|boolean}}\n          <tr>\n            <td {$labelStyle}>\n              {ts}Email{/ts}\n            </td>\n            <td {$valueStyle}>\n              {event.loc_block_id.email_2_id.email}\n            </td>\n          </tr>\n        {/if}\n      {/if}\n\n     {if {event.is_public|boolean}}\n     <tr>\n       <td colspan=\"2\" {$valueStyle}>\n           {capture assign=icalFeed}{crmURL p=\'civicrm/event/ical\' q=\"reset=1&id={event.id}\" h=0 a=1 fe=1}{/capture}\n         <a href=\"{$icalFeed}\">{ts}Download iCalendar entry for this event.{/ts}</a>\n       </td>\n     </tr>\n     <tr>\n       <td colspan=\"2\" {$valueStyle}>\n           {capture assign=gCalendar}{crmURL p=\'civicrm/event/ical\' q=\"gCalendar=1&reset=1&id={event.id}\" h=0 a=1 fe=1}{/capture}\n         <a href=\"{$gCalendar}\">{ts}Add event to Google Calendar{/ts}</a>\n       </td>\n     </tr>\n     {/if}\n\n     {if \'{contact.email}\'}\n      <tr>\n       <th {$headerStyle}>\n        {ts}Registered Email{/ts}\n       </th>\n      </tr>\n      <tr>\n       <td colspan=\"2\" {$valueStyle}>\n        {contact.email}\n       </td>\n      </tr>\n     {/if}\n\n     {if {participant.register_date|boolean}}\n      <tr>\n       <td {$labelStyle}>\n        {ts}Registration Date{/ts}\n       </td>\n       <td {$valueStyle}>\n         {participant.register_date}\n       </td>\n      </tr>\n     {/if}\n\n    </table>\n   </td>\n  </tr>\n  {if {event.allow_selfcancelxfer|boolean}}\n   <tr>\n     <td colspan=\"2\" {$valueStyle}>\n       {ts 1=$selfcancelxfer_time 2=$selfservice_preposition}You may transfer your registration to another participant or cancel your registration up to %1 hours %2 the event.{/ts}<br />\n         {capture assign=selfService}{crmURL p=\'civicrm/event/selfsvcupdate\' q=\"reset=1&pid={participant.id}&{contact.checksum}\"  h=0 a=1 fe=1}{/capture}\n       <a href=\"{$selfService}\">{ts}Click here to transfer or cancel your registration.{/ts}</a>\n     </td>\n   </tr>\n  {/if}\n  <tr>\n   <td colspan=\"2\" {$valueStyle}>\n    <p>{ts 1=\'{domain.phone}\' 2=\'{domain.email}\'}Please contact us at %1 or send email to %2 if you have questions.{/ts}</p>\n   </td>\n  </tr>\n\n </table>\n\n</body>\n</html>\n',1,831,'participant_confirm',1,0,0,NULL),
 (36,'Events - Registration Confirmation Invite','{ts 1=$event.event_title}Confirm your registration for %1{/ts} - {contact.display_name}\n','','<!DOCTYPE html PUBLIC \"-//W3C//DTD XHTML 1.0 Transitional//EN\" \"http://www.w3.org/TR/xhtml1/DTD/xhtml1-transitional.dtd\">\n<html xmlns=\"http://www.w3.org/1999/xhtml\">\n<head>\n <meta http-equiv=\"Content-Type\" content=\"text/html; charset=UTF-8\" />\n <title></title>\n</head>\n<body>\n\n{capture assign=headerStyle}colspan=\"2\" style=\"text-align: left; padding: 4px; border-bottom: 1px solid #999; background-color: #eee;\"{/capture}\n{capture assign=labelStyle}style=\"padding: 4px; border-bottom: 1px solid #999; background-color: #f7f7f7;\"{/capture}\n{capture assign=valueStyle}style=\"padding: 4px; border-bottom: 1px solid #999;\"{/capture}\n\n  <!-- BEGIN HEADER -->\n    {* To modify content in this section, you can edit the Custom Token named \"Message Header\". See also: https://docs.civicrm.org/user/en/latest/email/message-templates/#modifying-system-workflow-message-templates *}\n    {site.message_header}\n  <!-- END HEADER -->\n\n  <!-- BEGIN CONTENT -->\n\n  <table id=\"crm-event_receipt\" style=\"font-family: Arial, Verdana, sans-serif; text-align: left; width:100%; max-width:700px; padding:0; margin:0; border:0px;\">\n  <tr>\n   <td>\n    {assign var=\"greeting\" value=\"{contact.email_greeting_display}\"}{if $greeting}<p>{$greeting},</p>{/if}\n    <p>{ts}This is an invitation to complete your registration that was initially waitlisted.{/ts}</p>\n   </td>\n  </tr>\n  {if !$isAdditional and {participant.id|boolean}}\n   <tr>\n    <th {$headerStyle}>\n     {ts}Confirm Your Registration{/ts}\n    </th>\n   </tr>\n   <tr>\n    <td colspan=\"2\" {$valueStyle}>\n     {capture assign=confirmUrl}{crmURL p=\'civicrm/event/confirm\' q=\"reset=1&participantId={participant.id}&cs=`$checksumValue`\" a=true h=0 fe=1}{/capture}\n     <a href=\"{$confirmUrl}\">{ts}Click here to confirm and complete your registration{/ts}</a>\n    </td>\n   </tr>\n  {/if}\n  {if {event.allow_selfcancelxfer|boolean}}\n  {ts}This event allows for{/ts}\n  {capture assign=selfService}{crmURL p=\'civicrm/event/selfsvcupdate\' q=\"reset=1&pid={participant.id}&{contact.checksum}\" h=0 a=1 fe=1}{/capture}\n       <a href=\"{$selfService}\"> {ts}self service cancel or transfer{/ts}</a>\n  {/if}\n\n  <tr>\n   <td>\n    <table style=\"border: 1px solid #999; margin: 1em 0em 1em; border-collapse: collapse; width:100%;\">\n     <tr>\n      <th {$headerStyle}>\n       {ts}Event Information and Location{/ts}\n      </th>\n     </tr>\n     <tr>\n      <td colspan=\"2\" {$valueStyle}>\n       {event.title}<br />\n       {event.start_date|crmDate:\"%A\"} {event.start_date|crmDate}{if {event.end_date|boolean}}-{if \'{event.end_date|crmDate:\"%Y%m%d\"}\' === \'{event.start_date|crmDate:\"%Y%m%d\"}\'}{event.end_date|crmDate:\"Time\"}{else}{event.end_date|crmDate:\"%A\"} {event.end_date|crmDate}{/if}{/if}\n      </td>\n     </tr>\n     {if {event.is_show_location|boolean}}\n        <tr>\n          <td colspan=\"2\" {$valueStyle}>\n            {event.location}\n          </td>\n        </tr>\n      {/if}\n\n     {if {event.loc_block_id.phone_id.phone|boolean} || {event.loc_block_id.email_id.email|boolean}}\n        <tr>\n          <td colspan=\"2\" {$labelStyle}>\n            {ts}Event Contacts:{/ts}\n          </td>\n        </tr>\n\n        {if {event.loc_block_id.phone_id.phone|boolean}}\n          <tr>\n            <td {$labelStyle}>\n              {if {event.loc_block_id.phone_id.phone_type_id|boolean}}\n                {event.loc_block_id.phone_id.phone_type_id:label}\n              {else}\n                {ts}Phone{/ts}\n              {/if}\n            </td>\n            <td {$valueStyle}>\n              {event.loc_block_id.phone_id.phone} {if {event.loc_block_id.phone_id.phone_ext|boolean}}&nbsp;{ts}ext.{/ts} {event.loc_block_id.phone_id.phone_ext}{/if}\n            </td>\n          </tr>\n        {/if}\n        {if {event.loc_block_id.phone_2_id.phone|boolean}}\n          <tr>\n            <td {$labelStyle}>\n              {if {event.loc_block_id.phone_2_id.phone_type_id|boolean}}\n                {event.loc_block_id.phone_2_id.phone_type_id:label}\n              {else}\n                {ts}Phone{/ts}\n              {/if}\n            </td>\n            <td {$valueStyle}>\n              {event.loc_block_id.phone_2_id.phone} {if {event.loc_block_id.phone_2_id.phone_ext|boolean}}&nbsp;{ts}ext.{/ts} {event.loc_block_id.phone_2_id.phone_ext}{/if}\n            </td>\n          </tr>\n        {/if}\n\n        {if {event.loc_block_id.email_id.email|boolean}}\n          <tr>\n            <td {$labelStyle}>\n              {ts}Email{/ts}\n            </td>\n            <td {$valueStyle}>\n              {event.loc_block_id.email_id.email}\n            </td>\n          </tr>\n        {/if}\n\n        {if {event.loc_block_id.email_2_id.email|boolean}}\n          <tr>\n            <td {$labelStyle}>\n              {ts}Email{/ts}\n            </td>\n            <td {$valueStyle}>\n              {event.loc_block_id.email_2_id.email}\n            </td>\n          </tr>\n        {/if}\n      {/if}\n\n     {if {event.is_public|boolean}}\n     <tr>\n       <td colspan=\"2\" {$valueStyle}>\n           {capture assign=icalFeed}{crmURL p=\'civicrm/event/ical\' q=\"reset=1&id={event.id}\" h=0 a=1 fe=1}{/capture}\n         <a href=\"{$icalFeed}\">{ts}Download iCalendar entry for this event.{/ts}</a>\n       </td>\n     </tr>\n     <tr>\n       <td colspan=\"2\" {$valueStyle}>\n           {capture assign=gCalendar}{crmURL p=\'civicrm/event/ical\' q=\"gCalendar=1&reset=1&id={event.id}\" h=0 a=1 fe=1}{/capture}\n         <a href=\"{$gCalendar}\">{ts}Add event to Google Calendar{/ts}</a>\n       </td>\n     </tr>\n     {/if}\n\n     {if \'{contact.email}\'}\n      <tr>\n       <th {$headerStyle}>\n        {ts}Registered Email{/ts}\n       </th>\n      </tr>\n      <tr>\n       <td colspan=\"2\" {$valueStyle}>\n        {contact.email}\n       </td>\n      </tr>\n     {/if}\n\n     {if {participant.register_date|boolean}}\n      <tr>\n       <td {$labelStyle}>\n        {ts}Registration Date{/ts}\n       </td>\n       <td {$valueStyle}>\n         {participant.register_date}\n       </td>\n      </tr>\n     {/if}\n\n    </table>\n   </td>\n  </tr>\n  {if {event.allow_selfcancelxfer|boolean}}\n   <tr>\n     <td colspan=\"2\" {$valueStyle}>\n       {ts 1=$selfcancelxfer_time 2=$selfservice_preposition}You may transfer your registration to another participant or cancel your registration up to %1 hours %2 the event.{/ts}<br />\n         {capture assign=selfService}{crmURL p=\'civicrm/event/selfsvcupdate\' q=\"reset=1&pid={participant.id}&{contact.checksum}\"  h=0 a=1 fe=1}{/capture}\n       <a href=\"{$selfService}\">{ts}Click here to transfer or cancel your registration.{/ts}</a>\n     </td>\n   </tr>\n  {/if}\n  <tr>\n   <td colspan=\"2\" {$valueStyle}>\n    <p>{ts 1=\'{domain.phone}\' 2=\'{domain.email}\'}Please contact us at %1 or send email to %2 if you have questions.{/ts}</p>\n   </td>\n  </tr>\n\n </table>\n\n</body>\n</html>\n',1,831,'participant_confirm',0,1,0,NULL),
 (37,'Events - Pending Registration Expiration Notice','{ts 1=$event.event_title}Event registration has expired for %1{/ts} - {contact.display_name}\n','','<!DOCTYPE html PUBLIC \"-//W3C//DTD XHTML 1.0 Transitional//EN\" \"http://www.w3.org/TR/xhtml1/DTD/xhtml1-transitional.dtd\">\n<html xmlns=\"http://www.w3.org/1999/xhtml\">\n<head>\n <meta http-equiv=\"Content-Type\" content=\"text/html; charset=UTF-8\" />\n <title></title>\n</head>\n<body>\n\n{capture assign=headerStyle}colspan=\"2\" style=\"text-align: left; padding: 4px; border-bottom: 1px solid #999; background-color: #eee;\"{/capture}\n{capture assign=labelStyle}style=\"padding: 4px; border-bottom: 1px solid #999; background-color: #f7f7f7;\"{/capture}\n{capture assign=valueStyle}style=\"padding: 4px; border-bottom: 1px solid #999;\"{/capture}\n\n  <!-- BEGIN HEADER -->\n    {* To modify content in this section, you can edit the Custom Token named \"Message Header\". See also: https://docs.civicrm.org/user/en/latest/email/message-templates/#modifying-system-workflow-message-templates *}\n    {site.message_header}\n  <!-- END HEADER -->\n\n  <!-- BEGIN CONTENT -->\n\n  <table id=\"crm-event_receipt\" style=\"font-family: Arial, Verdana, sans-serif; text-align: left; width:100%; max-width:700px; padding:0; margin:0; border:0px;\">\n  <tr>\n   <td>\n    {assign var=\"greeting\" value=\"{contact.email_greeting_display}\"}{if $greeting}<p>{$greeting},</p>{/if}\n    <p>{ts 1=\"{event.title}\"}Your pending event registration for %1 has expired\nbecause you did not confirm your registration.{/ts}</p>\n    <p>{ts 1=\'{domain.phone}\' 2=\'{domain.email}\'}Please contact us at %1 or send email to %2 if you have questions\nor want to inquire about reinstating your registration for this event.{/ts}</p>\n   </td>\n  </tr>\n  <tr>\n   <td>\n    <table style=\"border: 1px solid #999; margin: 1em 0em 1em; border-collapse: collapse; width:100%;\">\n     <tr>\n      <th {$headerStyle}>\n       {ts}Event Information and Location{/ts}\n      </th>\n     </tr>\n     <tr>\n      <td colspan=\"2\" {$valueStyle}>\n       {event.title}<br />\n       {event.start_date|crmDate:\"%A\"} {event.start_date|crmDate}{if {event.end_date|boolean}}-{if \'{event.end_date|crmDate:\"%Y%m%d\"}\' === \'{event.start_date|crmDate:\"%Y%m%d\"}\'}{event.end_date|crmDate:\"Time\"}{else}{event.end_date|crmDate:\"%A\"} {event.end_date|crmDate}{/if}{/if}\n      </td>\n     </tr>\n    {if {event.is_show_location|boolean}}\n        <tr>\n          <td colspan=\"2\" {$valueStyle}>\n            {event.location}\n          </td>\n        </tr>\n      {/if}\n\n    {if {event.loc_block_id.phone_id.phone|boolean} || {event.loc_block_id.email_id.email|boolean}}\n        <tr>\n          <td colspan=\"2\" {$labelStyle}>\n            {ts}Event Contacts:{/ts}\n          </td>\n        </tr>\n\n        {if {event.loc_block_id.phone_id.phone|boolean}}\n          <tr>\n            <td {$labelStyle}>\n              {if {event.loc_block_id.phone_id.phone_type_id|boolean}}\n                {event.loc_block_id.phone_id.phone_type_id:label}\n              {else}\n                {ts}Phone{/ts}\n              {/if}\n            </td>\n            <td {$valueStyle}>\n              {event.loc_block_id.phone_id.phone} {if {event.loc_block_id.phone_id.phone_ext|boolean}}&nbsp;{ts}ext.{/ts} {event.loc_block_id.phone_id.phone_ext}{/if}\n            </td>\n          </tr>\n        {/if}\n        {if {event.loc_block_id.phone_2_id.phone|boolean}}\n          <tr>\n            <td {$labelStyle}>\n              {if {event.loc_block_id.phone_2_id.phone_type_id|boolean}}\n                {event.loc_block_id.phone_2_id.phone_type_id:label}\n              {else}\n                {ts}Phone{/ts}\n              {/if}\n            </td>\n            <td {$valueStyle}>\n              {event.loc_block_id.phone_2_id.phone} {if {event.loc_block_id.phone_2_id.phone_ext|boolean}}&nbsp;{ts}ext.{/ts} {event.loc_block_id.phone_2_id.phone_ext}{/if}\n            </td>\n          </tr>\n        {/if}\n\n        {if {event.loc_block_id.email_id.email|boolean}}\n          <tr>\n            <td {$labelStyle}>\n              {ts}Email{/ts}\n            </td>\n            <td {$valueStyle}>\n              {event.loc_block_id.email_id.email}\n            </td>\n          </tr>\n        {/if}\n\n        {if {event.loc_block_id.email_2_id.email|boolean}}\n          <tr>\n            <td {$labelStyle}>\n              {ts}Email{/ts}\n            </td>\n            <td {$valueStyle}>\n              {event.loc_block_id.email_2_id.email}\n            </td>\n          </tr>\n        {/if}\n      {/if}\n\n    {if {participant.register_date|boolean}}\n      <tr>\n       <td {$labelStyle}>\n        {ts}Registration Date{/ts}\n       </td>\n       <td {$valueStyle}>\n        {participant.register_date}\n       </td>\n      </tr>\n     {/if}\n\n    </table>\n   </td>\n  </tr>\n\n  <tr>\n   <td>\n    <p>{ts 1=\'{domain.phone}\' 2=\'{domain.email}\'}Please contact us at %1 or send email to %2 if you have questions.{/ts}</p>\n   </td>\n  </tr>\n\n </table>\n\n</body>\n</html>\n',1,832,'participant_expired',1,0,0,NULL),
 (38,'Events - Pending Registration Expiration Notice','{ts 1=$event.event_title}Event registration has expired for %1{/ts} - {contact.display_name}\n','','<!DOCTYPE html PUBLIC \"-//W3C//DTD XHTML 1.0 Transitional//EN\" \"http://www.w3.org/TR/xhtml1/DTD/xhtml1-transitional.dtd\">\n<html xmlns=\"http://www.w3.org/1999/xhtml\">\n<head>\n <meta http-equiv=\"Content-Type\" content=\"text/html; charset=UTF-8\" />\n <title></title>\n</head>\n<body>\n\n{capture assign=headerStyle}colspan=\"2\" style=\"text-align: left; padding: 4px; border-bottom: 1px solid #999; background-color: #eee;\"{/capture}\n{capture assign=labelStyle}style=\"padding: 4px; border-bottom: 1px solid #999; background-color: #f7f7f7;\"{/capture}\n{capture assign=valueStyle}style=\"padding: 4px; border-bottom: 1px solid #999;\"{/capture}\n\n  <!-- BEGIN HEADER -->\n    {* To modify content in this section, you can edit the Custom Token named \"Message Header\". See also: https://docs.civicrm.org/user/en/latest/email/message-templates/#modifying-system-workflow-message-templates *}\n    {site.message_header}\n  <!-- END HEADER -->\n\n  <!-- BEGIN CONTENT -->\n\n  <table id=\"crm-event_receipt\" style=\"font-family: Arial, Verdana, sans-serif; text-align: left; width:100%; max-width:700px; padding:0; margin:0; border:0px;\">\n  <tr>\n   <td>\n    {assign var=\"greeting\" value=\"{contact.email_greeting_display}\"}{if $greeting}<p>{$greeting},</p>{/if}\n    <p>{ts 1=\"{event.title}\"}Your pending event registration for %1 has expired\nbecause you did not confirm your registration.{/ts}</p>\n    <p>{ts 1=\'{domain.phone}\' 2=\'{domain.email}\'}Please contact us at %1 or send email to %2 if you have questions\nor want to inquire about reinstating your registration for this event.{/ts}</p>\n   </td>\n  </tr>\n  <tr>\n   <td>\n    <table style=\"border: 1px solid #999; margin: 1em 0em 1em; border-collapse: collapse; width:100%;\">\n     <tr>\n      <th {$headerStyle}>\n       {ts}Event Information and Location{/ts}\n      </th>\n     </tr>\n     <tr>\n      <td colspan=\"2\" {$valueStyle}>\n       {event.title}<br />\n       {event.start_date|crmDate:\"%A\"} {event.start_date|crmDate}{if {event.end_date|boolean}}-{if \'{event.end_date|crmDate:\"%Y%m%d\"}\' === \'{event.start_date|crmDate:\"%Y%m%d\"}\'}{event.end_date|crmDate:\"Time\"}{else}{event.end_date|crmDate:\"%A\"} {event.end_date|crmDate}{/if}{/if}\n      </td>\n     </tr>\n    {if {event.is_show_location|boolean}}\n        <tr>\n          <td colspan=\"2\" {$valueStyle}>\n            {event.location}\n          </td>\n        </tr>\n      {/if}\n\n    {if {event.loc_block_id.phone_id.phone|boolean} || {event.loc_block_id.email_id.email|boolean}}\n        <tr>\n          <td colspan=\"2\" {$labelStyle}>\n            {ts}Event Contacts:{/ts}\n          </td>\n        </tr>\n\n        {if {event.loc_block_id.phone_id.phone|boolean}}\n          <tr>\n            <td {$labelStyle}>\n              {if {event.loc_block_id.phone_id.phone_type_id|boolean}}\n                {event.loc_block_id.phone_id.phone_type_id:label}\n              {else}\n                {ts}Phone{/ts}\n              {/if}\n            </td>\n            <td {$valueStyle}>\n              {event.loc_block_id.phone_id.phone} {if {event.loc_block_id.phone_id.phone_ext|boolean}}&nbsp;{ts}ext.{/ts} {event.loc_block_id.phone_id.phone_ext}{/if}\n            </td>\n          </tr>\n        {/if}\n        {if {event.loc_block_id.phone_2_id.phone|boolean}}\n          <tr>\n            <td {$labelStyle}>\n              {if {event.loc_block_id.phone_2_id.phone_type_id|boolean}}\n                {event.loc_block_id.phone_2_id.phone_type_id:label}\n              {else}\n                {ts}Phone{/ts}\n              {/if}\n            </td>\n            <td {$valueStyle}>\n              {event.loc_block_id.phone_2_id.phone} {if {event.loc_block_id.phone_2_id.phone_ext|boolean}}&nbsp;{ts}ext.{/ts} {event.loc_block_id.phone_2_id.phone_ext}{/if}\n            </td>\n          </tr>\n        {/if}\n\n        {if {event.loc_block_id.email_id.email|boolean}}\n          <tr>\n            <td {$labelStyle}>\n              {ts}Email{/ts}\n            </td>\n            <td {$valueStyle}>\n              {event.loc_block_id.email_id.email}\n            </td>\n          </tr>\n        {/if}\n\n        {if {event.loc_block_id.email_2_id.email|boolean}}\n          <tr>\n            <td {$labelStyle}>\n              {ts}Email{/ts}\n            </td>\n            <td {$valueStyle}>\n              {event.loc_block_id.email_2_id.email}\n            </td>\n          </tr>\n        {/if}\n      {/if}\n\n    {if {participant.register_date|boolean}}\n      <tr>\n       <td {$labelStyle}>\n        {ts}Registration Date{/ts}\n       </td>\n       <td {$valueStyle}>\n        {participant.register_date}\n       </td>\n      </tr>\n     {/if}\n\n    </table>\n   </td>\n  </tr>\n\n  <tr>\n   <td>\n    <p>{ts 1=\'{domain.phone}\' 2=\'{domain.email}\'}Please contact us at %1 or send email to %2 if you have questions.{/ts}</p>\n   </td>\n  </tr>\n\n </table>\n\n</body>\n</html>\n',1,832,'participant_expired',0,1,0,NULL),
 (39,'Events - Registration Transferred Notice','{ts 1=$event.event_title}Event Registration Transferred for %1{/ts} - {contact.display_name}\n','','<!DOCTYPE html PUBLIC \"-//W3C//DTD XHTML 1.0 Transitional//EN\" \"http://www.w3.org/TR/xhtml1/DTD/xhtml1-transitional.dtd\">\n<html xmlns=\"http://www.w3.org/1999/xhtml\">\n<head>\n <meta http-equiv=\"Content-Type\" content=\"text/html; charset=UTF-8\" />\n <title></title>\n</head>\n<body>\n\n{capture assign=headerStyle}colspan=\"2\" style=\"text-align: left; padding: 4px; border-bottom: 1px solid #999; background-color: #eee;\"{/capture}\n{capture assign=labelStyle}style=\"padding: 4px; border-bottom: 1px solid #999; background-color: #f7f7f7;\"{/capture}\n{capture assign=valueStyle}style=\"padding: 4px; border-bottom: 1px solid #999;\"{/capture}\n\n  <!-- BEGIN HEADER -->\n    {* To modify content in this section, you can edit the Custom Token named \"Message Header\". See also: https://docs.civicrm.org/user/en/latest/email/message-templates/#modifying-system-workflow-message-templates *}\n    {site.message_header}\n  <!-- END HEADER -->\n\n  <!-- BEGIN CONTENT -->\n\n  <table id=\"crm-event_receipt\" style=\"font-family: Arial, Verdana, sans-serif; text-align: left; width:100%; max-width:700px; padding:0; margin:0; border:0px;\">\n  <tr>\n   <td>\n    {assign var=\"greeting\" value=\"{contact.email_greeting_display}\"}{if $greeting}<p>{$greeting},</p>{/if}\n    <p>{ts 1=$to_participant}Your Event Registration has been Transferred to %1.{/ts}</p>\n   </td>\n  </tr>\n  <tr>\n   <td>\n    <table style=\"border: 1px solid #999; margin: 1em 0em 1em; border-collapse: collapse; width:100%;\">\n     <tr>\n      <th {$headerStyle}>\n       {ts}Event Information and Location{/ts}\n      </th>\n     </tr>\n     <tr>\n      <td colspan=\"2\" {$valueStyle}>\n       {event.title}<br />\n       {event.start_date|crmDate:\"%A\"} {event.start_date|crmDate}{if {event.end_date|boolean}}-{if \'{event.end_date|crmDate:\"%Y%m%d\"}\' === \'{event.start_date|crmDate:\"%Y%m%d\"}\'}{event.end_date|crmDate:\"Time\"}{else}{event.end_date|crmDate:\"%A\"} {event.end_date|crmDate}{/if}{/if}\n      </td>\n     </tr>\n     {if {event.is_show_location|boolean}}\n        <tr>\n          <td colspan=\"2\" {$valueStyle}>\n            {event.location}\n          </td>\n        </tr>\n      {/if}\n\n     {if {event.loc_block_id.phone_id.phone|boolean} || {event.loc_block_id.email_id.email|boolean}}\n        <tr>\n          <td colspan=\"2\" {$labelStyle}>\n            {ts}Event Contacts:{/ts}\n          </td>\n        </tr>\n\n        {if {event.loc_block_id.phone_id.phone|boolean}}\n          <tr>\n            <td {$labelStyle}>\n              {if {event.loc_block_id.phone_id.phone_type_id|boolean}}\n                {event.loc_block_id.phone_id.phone_type_id:label}\n              {else}\n                {ts}Phone{/ts}\n              {/if}\n            </td>\n            <td {$valueStyle}>\n              {event.loc_block_id.phone_id.phone} {if {event.loc_block_id.phone_id.phone_ext|boolean}}&nbsp;{ts}ext.{/ts} {event.loc_block_id.phone_id.phone_ext}{/if}\n            </td>\n          </tr>\n        {/if}\n        {if {event.loc_block_id.phone_2_id.phone|boolean}}\n          <tr>\n            <td {$labelStyle}>\n              {if {event.loc_block_id.phone_2_id.phone_type_id|boolean}}\n                {event.loc_block_id.phone_2_id.phone_type_id:label}\n              {else}\n                {ts}Phone{/ts}\n              {/if}\n            </td>\n            <td {$valueStyle}>\n              {event.loc_block_id.phone_2_id.phone} {if {event.loc_block_id.phone_2_id.phone_ext|boolean}}&nbsp;{ts}ext.{/ts} {event.loc_block_id.phone_2_id.phone_ext}{/if}\n            </td>\n          </tr>\n        {/if}\n\n        {if {event.loc_block_id.email_id.email|boolean}}\n          <tr>\n            <td {$labelStyle}>\n              {ts}Email{/ts}\n            </td>\n            <td {$valueStyle}>\n              {event.loc_block_id.email_id.email}\n            </td>\n          </tr>\n        {/if}\n\n        {if {event.loc_block_id.email_2_id.email|boolean}}\n          <tr>\n            <td {$labelStyle}>\n              {ts}Email{/ts}\n            </td>\n            <td {$valueStyle}>\n              {event.loc_block_id.email_2_id.email}\n            </td>\n          </tr>\n        {/if}\n      {/if}\n\n     {if \'{contact.email}\'}\n      <tr>\n       <th {$headerStyle}>\n        {ts}Registered Email{/ts}\n       </th>\n      </tr>\n      <tr>\n       <td colspan=\"2\" {$valueStyle}>\n        {contact.email}\n       </td>\n      </tr>\n     {/if}\n\n      {if {participant.register_date|boolean}}\n      <tr>\n       <td {$labelStyle}>\n        {ts}Registration Date{/ts}\n       </td>\n       <td {$valueStyle}>\n        {participant.register_date}\n       </td>\n      </tr>\n     {/if}\n\n    </table>\n   </td>\n  </tr>\n\n  <tr>\n   <td>\n    <p>{ts 1=\'{domain.phone}\' 2=\'{domain.email}\'}Please contact us at %1 or send email to %2 if you have questions.{/ts}</p>\n   </td>\n  </tr>\n\n </table>\n\n</body>\n</html>\n',1,833,'participant_transferred',1,0,0,NULL),
 (40,'Events - Registration Transferred Notice','{ts 1=$event.event_title}Event Registration Transferred for %1{/ts} - {contact.display_name}\n','','<!DOCTYPE html PUBLIC \"-//W3C//DTD XHTML 1.0 Transitional//EN\" \"http://www.w3.org/TR/xhtml1/DTD/xhtml1-transitional.dtd\">\n<html xmlns=\"http://www.w3.org/1999/xhtml\">\n<head>\n <meta http-equiv=\"Content-Type\" content=\"text/html; charset=UTF-8\" />\n <title></title>\n</head>\n<body>\n\n{capture assign=headerStyle}colspan=\"2\" style=\"text-align: left; padding: 4px; border-bottom: 1px solid #999; background-color: #eee;\"{/capture}\n{capture assign=labelStyle}style=\"padding: 4px; border-bottom: 1px solid #999; background-color: #f7f7f7;\"{/capture}\n{capture assign=valueStyle}style=\"padding: 4px; border-bottom: 1px solid #999;\"{/capture}\n\n  <!-- BEGIN HEADER -->\n    {* To modify content in this section, you can edit the Custom Token named \"Message Header\". See also: https://docs.civicrm.org/user/en/latest/email/message-templates/#modifying-system-workflow-message-templates *}\n    {site.message_header}\n  <!-- END HEADER -->\n\n  <!-- BEGIN CONTENT -->\n\n  <table id=\"crm-event_receipt\" style=\"font-family: Arial, Verdana, sans-serif; text-align: left; width:100%; max-width:700px; padding:0; margin:0; border:0px;\">\n  <tr>\n   <td>\n    {assign var=\"greeting\" value=\"{contact.email_greeting_display}\"}{if $greeting}<p>{$greeting},</p>{/if}\n    <p>{ts 1=$to_participant}Your Event Registration has been Transferred to %1.{/ts}</p>\n   </td>\n  </tr>\n  <tr>\n   <td>\n    <table style=\"border: 1px solid #999; margin: 1em 0em 1em; border-collapse: collapse; width:100%;\">\n     <tr>\n      <th {$headerStyle}>\n       {ts}Event Information and Location{/ts}\n      </th>\n     </tr>\n     <tr>\n      <td colspan=\"2\" {$valueStyle}>\n       {event.title}<br />\n       {event.start_date|crmDate:\"%A\"} {event.start_date|crmDate}{if {event.end_date|boolean}}-{if \'{event.end_date|crmDate:\"%Y%m%d\"}\' === \'{event.start_date|crmDate:\"%Y%m%d\"}\'}{event.end_date|crmDate:\"Time\"}{else}{event.end_date|crmDate:\"%A\"} {event.end_date|crmDate}{/if}{/if}\n      </td>\n     </tr>\n     {if {event.is_show_location|boolean}}\n        <tr>\n          <td colspan=\"2\" {$valueStyle}>\n            {event.location}\n          </td>\n        </tr>\n      {/if}\n\n     {if {event.loc_block_id.phone_id.phone|boolean} || {event.loc_block_id.email_id.email|boolean}}\n        <tr>\n          <td colspan=\"2\" {$labelStyle}>\n            {ts}Event Contacts:{/ts}\n          </td>\n        </tr>\n\n        {if {event.loc_block_id.phone_id.phone|boolean}}\n          <tr>\n            <td {$labelStyle}>\n              {if {event.loc_block_id.phone_id.phone_type_id|boolean}}\n                {event.loc_block_id.phone_id.phone_type_id:label}\n              {else}\n                {ts}Phone{/ts}\n              {/if}\n            </td>\n            <td {$valueStyle}>\n              {event.loc_block_id.phone_id.phone} {if {event.loc_block_id.phone_id.phone_ext|boolean}}&nbsp;{ts}ext.{/ts} {event.loc_block_id.phone_id.phone_ext}{/if}\n            </td>\n          </tr>\n        {/if}\n        {if {event.loc_block_id.phone_2_id.phone|boolean}}\n          <tr>\n            <td {$labelStyle}>\n              {if {event.loc_block_id.phone_2_id.phone_type_id|boolean}}\n                {event.loc_block_id.phone_2_id.phone_type_id:label}\n              {else}\n                {ts}Phone{/ts}\n              {/if}\n            </td>\n            <td {$valueStyle}>\n              {event.loc_block_id.phone_2_id.phone} {if {event.loc_block_id.phone_2_id.phone_ext|boolean}}&nbsp;{ts}ext.{/ts} {event.loc_block_id.phone_2_id.phone_ext}{/if}\n            </td>\n          </tr>\n        {/if}\n\n        {if {event.loc_block_id.email_id.email|boolean}}\n          <tr>\n            <td {$labelStyle}>\n              {ts}Email{/ts}\n            </td>\n            <td {$valueStyle}>\n              {event.loc_block_id.email_id.email}\n            </td>\n          </tr>\n        {/if}\n\n        {if {event.loc_block_id.email_2_id.email|boolean}}\n          <tr>\n            <td {$labelStyle}>\n              {ts}Email{/ts}\n            </td>\n            <td {$valueStyle}>\n              {event.loc_block_id.email_2_id.email}\n            </td>\n          </tr>\n        {/if}\n      {/if}\n\n     {if \'{contact.email}\'}\n      <tr>\n       <th {$headerStyle}>\n        {ts}Registered Email{/ts}\n       </th>\n      </tr>\n      <tr>\n       <td colspan=\"2\" {$valueStyle}>\n        {contact.email}\n       </td>\n      </tr>\n     {/if}\n\n      {if {participant.register_date|boolean}}\n      <tr>\n       <td {$labelStyle}>\n        {ts}Registration Date{/ts}\n       </td>\n       <td {$valueStyle}>\n        {participant.register_date}\n       </td>\n      </tr>\n     {/if}\n\n    </table>\n   </td>\n  </tr>\n\n  <tr>\n   <td>\n    <p>{ts 1=\'{domain.phone}\' 2=\'{domain.email}\'}Please contact us at %1 or send email to %2 if you have questions.{/ts}</p>\n   </td>\n  </tr>\n\n </table>\n\n</body>\n</html>\n',1,833,'participant_transferred',0,1,0,NULL),
 (41,'Tell-a-Friend Email','{ts 1=$senderContactName 2=$title}%1 wants you to know about %2{/ts}\n','','<!DOCTYPE html PUBLIC \"-//W3C//DTD XHTML 1.0 Transitional//EN\" \"http://www.w3.org/TR/xhtml1/DTD/xhtml1-transitional.dtd\">\n<html xmlns=\"http://www.w3.org/1999/xhtml\">\n<head>\n <meta http-equiv=\"Content-Type\" content=\"text/html; charset=UTF-8\" />\n <title></title>\n</head>\n<body>\n\n{capture assign=headerStyle}colspan=\"2\" style=\"text-align: left; padding: 4px; border-bottom: 1px solid #999; background-color: #eee;\"{/capture}\n{capture assign=labelStyle}style=\"padding: 4px; border-bottom: 1px solid #999; background-color: #f7f7f7;\"{/capture}\n{capture assign=valueStyle}style=\"padding: 4px; border-bottom: 1px solid #999;\"{/capture}\n\n  <!-- BEGIN HEADER -->\n    {* To modify content in this section, you can edit the Custom Token named \"Message Header\". See also: https://docs.civicrm.org/user/en/latest/email/message-templates/#modifying-system-workflow-message-templates *}\n    {site.message_header}\n  <!-- END HEADER -->\n\n  <!-- BEGIN CONTENT -->\n\n  <table id=\"crm-event_receipt\" style=\"font-family: Arial, Verdana, sans-serif; text-align: left; width:100%; max-width:700px; padding:0; margin:0; border:0px;\">\n  <tr>\n   <td>\n    <p>{$senderMessage}</p>\n    {if $generalLink}\n     <p><a href=\"{$generalLink}\">{ts}More information{/ts}</a></p>\n    {/if}\n    {if $contribute}\n     <p><a href=\"{$pageURL}\">{ts}Make a contribution{/ts}</a></p>\n    {/if}\n    {if $event}\n     <p><a href=\"{$pageURL}\">{ts}Find out more about this event{/ts}</a></p>\n    {/if}\n   </td>\n  </tr>\n </table>\n\n</body>\n</html>\n',1,834,'friend',1,0,0,NULL),
 (42,'Tell-a-Friend Email','{ts 1=$senderContactName 2=$title}%1 wants you to know about %2{/ts}\n','','<!DOCTYPE html PUBLIC \"-//W3C//DTD XHTML 1.0 Transitional//EN\" \"http://www.w3.org/TR/xhtml1/DTD/xhtml1-transitional.dtd\">\n<html xmlns=\"http://www.w3.org/1999/xhtml\">\n<head>\n <meta http-equiv=\"Content-Type\" content=\"text/html; charset=UTF-8\" />\n <title></title>\n</head>\n<body>\n\n{capture assign=headerStyle}colspan=\"2\" style=\"text-align: left; padding: 4px; border-bottom: 1px solid #999; background-color: #eee;\"{/capture}\n{capture assign=labelStyle}style=\"padding: 4px; border-bottom: 1px solid #999; background-color: #f7f7f7;\"{/capture}\n{capture assign=valueStyle}style=\"padding: 4px; border-bottom: 1px solid #999;\"{/capture}\n\n  <!-- BEGIN HEADER -->\n    {* To modify content in this section, you can edit the Custom Token named \"Message Header\". See also: https://docs.civicrm.org/user/en/latest/email/message-templates/#modifying-system-workflow-message-templates *}\n    {site.message_header}\n  <!-- END HEADER -->\n\n  <!-- BEGIN CONTENT -->\n\n  <table id=\"crm-event_receipt\" style=\"font-family: Arial, Verdana, sans-serif; text-align: left; width:100%; max-width:700px; padding:0; margin:0; border:0px;\">\n  <tr>\n   <td>\n    <p>{$senderMessage}</p>\n    {if $generalLink}\n     <p><a href=\"{$generalLink}\">{ts}More information{/ts}</a></p>\n    {/if}\n    {if $contribute}\n     <p><a href=\"{$pageURL}\">{ts}Make a contribution{/ts}</a></p>\n    {/if}\n    {if $event}\n     <p><a href=\"{$pageURL}\">{ts}Find out more about this event{/ts}</a></p>\n    {/if}\n   </td>\n  </tr>\n </table>\n\n</body>\n</html>\n',1,834,'friend',0,1,0,NULL),
 (43,'Memberships - Signup and Renewal Receipts (off-line)','{if $receiptType EQ \'membership signup\'}\n{ts}Membership Confirmation and Receipt{/ts}\n{elseif $receiptType EQ \'membership renewal\'}\n{ts}Membership Renewal Confirmation and Receipt{/ts}\n{/if} - {contact.display_name}\n','','<!DOCTYPE html PUBLIC \"-//W3C//DTD XHTML 1.0 Transitional//EN\"\n        \"http://www.w3.org/TR/xhtml1/DTD/xhtml1-transitional.dtd\">\n<html xmlns=\"http://www.w3.org/1999/xhtml\">\n<head>\n  <meta http-equiv=\"Content-Type\" content=\"text/html; charset=UTF-8\"/>\n  <title></title>\n</head>\n<body>\n\n{capture assign=headerStyle}colspan=\"2\" style=\"text-align: left; padding: 4px; border-bottom: 1px solid #999; background-color: #eee;\"{/capture}\n{capture assign=labelStyle}style=\"padding: 4px; border-bottom: 1px solid #999; background-color: #f7f7f7;\"{/capture}\n{capture assign=valueStyle}style=\"padding: 4px; border-bottom: 1px solid #999;\"{/capture}\n\n    <!-- BEGIN HEADER -->\n      {* To modify content in this section, you can edit the Custom Token named \"Message Header\". See also: https://docs.civicrm.org/user/en/latest/email/message-templates/#modifying-system-workflow-message-templates *}\n      {site.message_header}\n    <!-- END HEADER -->\n\n    <!-- BEGIN CONTENT -->\n\n    <table id=\"crm-membership_receipt\" style=\"font-family: Arial, Verdana, sans-serif; text-align: left; width:100%; max-width:700px; padding:0; margin:0; border:0px;\">\n    <tr>\n      <td>\n        {assign var=\"greeting\" value=\"{contact.email_greeting_display}\"}{if $greeting}<p>{$greeting},</p>{/if}\n        {if $userText}\n          <p>{$userText}</p>\n        {else}\n          <p>{ts}Thank you for this contribution.{/ts}</p>\n        {/if}\n      </td>\n    </tr>\n    <tr>\n      <td>\n        <table style=\"border: 1px solid #999; margin: 1em 0em 1em; border-collapse: collapse; width:100%;\">\n          {if !$isShowLineItems}\n            <tr>\n              <th {$headerStyle}>\n                {ts}Membership Information{/ts}\n              </th>\n            </tr>\n            <tr>\n              <td {$labelStyle}>\n                {ts}Membership Type{/ts}\n              </td>\n              <td {$valueStyle}>\n                {membership.membership_type_id:name}\n              </td>\n            </tr>\n          {/if}\n          {if \'{membership.status_id:name}\' !== \'Cancelled\'}\n            {if !$isShowLineItems}\n              <tr>\n                <td {$labelStyle}>\n                  {ts}Membership Start Date{/ts}\n                </td>\n                <td {$valueStyle}>\n                  {membership.start_date|crmDate:\"Full\"}\n                </td>\n              </tr>\n              <tr>\n                <td {$labelStyle}>\n                  {ts}Membership Expiration Date{/ts}\n                </td>\n                <td {$valueStyle}>\n                    {membership.end_date|crmDate:\"Full\"}\n                </td>\n              </tr>\n            {/if}\n            {if {contribution.total_amount|boolean}}\n              <tr>\n                <th {$headerStyle}>\n                  {ts}Membership Fee{/ts}\n                </th>\n              </tr>\n              {if {contribution.financial_type_id|boolean}}\n                <tr>\n                  <td {$labelStyle}>\n                    {ts}Financial Type{/ts}\n                  </td>\n                  <td {$valueStyle}>\n                    {contribution.financial_type_id:label}\n                  </td>\n                </tr>\n              {/if}\n\n              {if $isShowLineItems}\n                  <tr>\n                    <td colspan=\"2\" {$valueStyle}>\n                      <table>\n                        <tr>\n                          <th>{ts}Item{/ts}</th>\n                          <th>{ts}Fee{/ts}</th>\n                          {if $isShowTax && {contribution.tax_amount|boolean}}\n                            <th>{ts}SubTotal{/ts}</th>\n                            <th>{ts}Tax Rate{/ts}</th>\n                            <th>{ts}Tax Amount{/ts}</th>\n                            <th>{ts}Total{/ts}</th>\n                          {/if}\n                          <th>{ts}Membership Start Date{/ts}</th>\n                          <th>{ts}Membership Expiration Date{/ts}</th>\n                        </tr>\n                        {foreach from=$lineItems item=line}\n                          <tr>\n                            <td>{$line.title}</td>\n                            <td>\n                              {$line.line_total|crmMoney}\n                            </td>\n                            {if $isShowTax && {contribution.tax_amount|boolean}}\n                              <td>\n                                {$line.line_total|crmMoney:\'{contribution.currency}\'}\n                              </td>\n                              {if $line.tax_rate || $line.tax_amount != \"\"}\n                                <td>\n                                  {$line.tax_rate|string_format:\"%.2f\"}%\n                                </td>\n                                <td>\n                                  {$line.tax_amount|crmMoney:\'{contribution.currency}\'}\n                                </td>\n                              {else}\n                                <td></td>\n                                <td></td>\n                              {/if}\n                              <td>\n                                {$line.line_total_inclusive|crmMoney:\'{contribution.currency}\'}\n                              </td>\n                            {/if}\n                            <td>\n                              {$line.membership.start_date|crmDate:\"Full\"}\n                            </td>\n                            <td>\n                              {$line.membership.end_date|crmDate:\"Full\"}\n                            </td>\n                          </tr>\n                        {/foreach}\n                      </table>\n                    </td>\n                  </tr>\n\n                {if $isShowTax && {contribution.tax_amount|boolean}}\n                  <tr>\n                    <td {$labelStyle}>\n                        {ts}Amount Before Tax:{/ts}\n                    </td>\n                    <td {$valueStyle}>\n                        {contribution.tax_exclusive_amount}\n                    </td>\n                  </tr>\n                  {foreach from=$taxRateBreakdown item=taxDetail key=taxRate}\n                    <tr>\n                      <td {$labelStyle}>{if $taxRate == 0}{ts}No{/ts} {$taxTerm}{else} {$taxTerm} {$taxDetail.percentage}%{/if}</td>\n                      <td {$valueStyle}>{$taxDetail.amount|crmMoney:\'{contribution.currency}\'}</td>\n                    </tr>\n                  {/foreach}\n                {/if}\n              {/if}\n              {if {contribution.tax_amount|boolean}}\n                <tr>\n                  <td {$labelStyle}>\n                    {ts}Total Tax Amount{/ts}\n                  </td>\n                  <td {$valueStyle}>\n                    {contribution.tax_amount}\n                  </td>\n                </tr>\n              {/if}\n              <tr>\n                <td {$labelStyle}>\n                  {ts}Amount{/ts}\n                </td>\n                <td {$valueStyle}>\n                  {contribution.total_amount}\n                </td>\n              </tr>\n              {if {contribution.receive_date|boolean}}\n                <tr>\n                  <td {$labelStyle}>\n                    {ts}Contribution Date{/ts}\n                  </td>\n                  <td {$valueStyle}>\n                    {contribution.receive_date}\n                  </td>\n                </tr>\n              {/if}\n              {if {contribution.payment_instrument_id|boolean} && {contribution.paid_amount|boolean}}\n                <tr>\n                  <td {$labelStyle}>\n                    {ts}Paid By{/ts}\n                  </td>\n                  <td {$valueStyle}>\n                      {contribution.payment_instrument_id:label}\n                  </td>\n                </tr>\n                {if {contribution.check_number|boolean}}\n                  <tr>\n                    <td {$labelStyle}>\n                      {ts}Check Number{/ts}\n                    </td>\n                    <td {$valueStyle}>\n                      {contribution.check_number}\n                    </td>\n                  </tr>\n                {/if}\n              {/if}\n            {/if}\n          {/if}\n        </table>\n      </td>\n    </tr>\n\n    {if !empty($isPrimary)}\n      <tr>\n        <td>\n          <table style=\"border: 1px solid #999; margin: 1em 0em 1em; border-collapse: collapse; width:100%;\">\n\n            {if !empty($billingName)}\n              <tr>\n                <th {$headerStyle}>\n                  {ts}Billing Name and Address{/ts}\n                </th>\n              </tr>\n              <tr>\n                <td {$labelStyle}>\n                  {$billingName}<br/>\n                  {$address}\n                </td>\n              </tr>\n            {/if}\n\n            {if !empty($credit_card_type)}\n              <tr>\n                <th {$headerStyle}>\n                  {ts}Credit Card Information{/ts}\n                </th>\n              </tr>\n              <tr>\n                <td {$valueStyle}>\n                  {$credit_card_type}<br/>\n                  {$credit_card_number}\n                </td>\n              </tr>\n              <tr>\n                <td {$labelStyle}>\n                  {ts}Expires{/ts}\n                </td>\n                <td {$valueStyle}>\n                  {$credit_card_exp_date|truncate:7:\'\'|crmDate}\n                </td>\n              </tr>\n            {/if}\n\n          </table>\n        </td>\n      </tr>\n    {/if}\n\n    {if !empty($customValues)}\n      <tr>\n        <td>\n          <table style=\"border: 1px solid #999; margin: 1em 0em 1em; border-collapse: collapse; width:100%;\">\n            <tr>\n              <th {$headerStyle}>\n                {ts}Membership Options{/ts}\n              </th>\n            </tr>\n            {foreach from=$customValues item=value key=customName}\n              <tr>\n                <td {$labelStyle}>\n                  {$customName}\n                </td>\n                <td {$valueStyle}>\n                  {$value}\n                </td>\n              </tr>\n            {/foreach}\n          </table>\n        </td>\n      </tr>\n    {/if}\n\n  </table>\n\n</body>\n</html>\n',1,835,'membership_offline_receipt',1,0,0,NULL),
 (44,'Memberships - Signup and Renewal Receipts (off-line)','{if $receiptType EQ \'membership signup\'}\n{ts}Membership Confirmation and Receipt{/ts}\n{elseif $receiptType EQ \'membership renewal\'}\n{ts}Membership Renewal Confirmation and Receipt{/ts}\n{/if} - {contact.display_name}\n','','<!DOCTYPE html PUBLIC \"-//W3C//DTD XHTML 1.0 Transitional//EN\"\n        \"http://www.w3.org/TR/xhtml1/DTD/xhtml1-transitional.dtd\">\n<html xmlns=\"http://www.w3.org/1999/xhtml\">\n<head>\n  <meta http-equiv=\"Content-Type\" content=\"text/html; charset=UTF-8\"/>\n  <title></title>\n</head>\n<body>\n\n{capture assign=headerStyle}colspan=\"2\" style=\"text-align: left; padding: 4px; border-bottom: 1px solid #999; background-color: #eee;\"{/capture}\n{capture assign=labelStyle}style=\"padding: 4px; border-bottom: 1px solid #999; background-color: #f7f7f7;\"{/capture}\n{capture assign=valueStyle}style=\"padding: 4px; border-bottom: 1px solid #999;\"{/capture}\n\n    <!-- BEGIN HEADER -->\n      {* To modify content in this section, you can edit the Custom Token named \"Message Header\". See also: https://docs.civicrm.org/user/en/latest/email/message-templates/#modifying-system-workflow-message-templates *}\n      {site.message_header}\n    <!-- END HEADER -->\n\n    <!-- BEGIN CONTENT -->\n\n    <table id=\"crm-membership_receipt\" style=\"font-family: Arial, Verdana, sans-serif; text-align: left; width:100%; max-width:700px; padding:0; margin:0; border:0px;\">\n    <tr>\n      <td>\n        {assign var=\"greeting\" value=\"{contact.email_greeting_display}\"}{if $greeting}<p>{$greeting},</p>{/if}\n        {if $userText}\n          <p>{$userText}</p>\n        {else}\n          <p>{ts}Thank you for this contribution.{/ts}</p>\n        {/if}\n      </td>\n    </tr>\n    <tr>\n      <td>\n        <table style=\"border: 1px solid #999; margin: 1em 0em 1em; border-collapse: collapse; width:100%;\">\n          {if !$isShowLineItems}\n            <tr>\n              <th {$headerStyle}>\n                {ts}Membership Information{/ts}\n              </th>\n            </tr>\n            <tr>\n              <td {$labelStyle}>\n                {ts}Membership Type{/ts}\n              </td>\n              <td {$valueStyle}>\n                {membership.membership_type_id:name}\n              </td>\n            </tr>\n          {/if}\n          {if \'{membership.status_id:name}\' !== \'Cancelled\'}\n            {if !$isShowLineItems}\n              <tr>\n                <td {$labelStyle}>\n                  {ts}Membership Start Date{/ts}\n                </td>\n                <td {$valueStyle}>\n                  {membership.start_date|crmDate:\"Full\"}\n                </td>\n              </tr>\n              <tr>\n                <td {$labelStyle}>\n                  {ts}Membership Expiration Date{/ts}\n                </td>\n                <td {$valueStyle}>\n                    {membership.end_date|crmDate:\"Full\"}\n                </td>\n              </tr>\n            {/if}\n            {if {contribution.total_amount|boolean}}\n              <tr>\n                <th {$headerStyle}>\n                  {ts}Membership Fee{/ts}\n                </th>\n              </tr>\n              {if {contribution.financial_type_id|boolean}}\n                <tr>\n                  <td {$labelStyle}>\n                    {ts}Financial Type{/ts}\n                  </td>\n                  <td {$valueStyle}>\n                    {contribution.financial_type_id:label}\n                  </td>\n                </tr>\n              {/if}\n\n              {if $isShowLineItems}\n                  <tr>\n                    <td colspan=\"2\" {$valueStyle}>\n                      <table>\n                        <tr>\n                          <th>{ts}Item{/ts}</th>\n                          <th>{ts}Fee{/ts}</th>\n                          {if $isShowTax && {contribution.tax_amount|boolean}}\n                            <th>{ts}SubTotal{/ts}</th>\n                            <th>{ts}Tax Rate{/ts}</th>\n                            <th>{ts}Tax Amount{/ts}</th>\n                            <th>{ts}Total{/ts}</th>\n                          {/if}\n                          <th>{ts}Membership Start Date{/ts}</th>\n                          <th>{ts}Membership Expiration Date{/ts}</th>\n                        </tr>\n                        {foreach from=$lineItems item=line}\n                          <tr>\n                            <td>{$line.title}</td>\n                            <td>\n                              {$line.line_total|crmMoney}\n                            </td>\n                            {if $isShowTax && {contribution.tax_amount|boolean}}\n                              <td>\n                                {$line.line_total|crmMoney:\'{contribution.currency}\'}\n                              </td>\n                              {if $line.tax_rate || $line.tax_amount != \"\"}\n                                <td>\n                                  {$line.tax_rate|string_format:\"%.2f\"}%\n                                </td>\n                                <td>\n                                  {$line.tax_amount|crmMoney:\'{contribution.currency}\'}\n                                </td>\n                              {else}\n                                <td></td>\n                                <td></td>\n                              {/if}\n                              <td>\n                                {$line.line_total_inclusive|crmMoney:\'{contribution.currency}\'}\n                              </td>\n                            {/if}\n                            <td>\n                              {$line.membership.start_date|crmDate:\"Full\"}\n                            </td>\n                            <td>\n                              {$line.membership.end_date|crmDate:\"Full\"}\n                            </td>\n                          </tr>\n                        {/foreach}\n                      </table>\n                    </td>\n                  </tr>\n\n                {if $isShowTax && {contribution.tax_amount|boolean}}\n                  <tr>\n                    <td {$labelStyle}>\n                        {ts}Amount Before Tax:{/ts}\n                    </td>\n                    <td {$valueStyle}>\n                        {contribution.tax_exclusive_amount}\n                    </td>\n                  </tr>\n                  {foreach from=$taxRateBreakdown item=taxDetail key=taxRate}\n                    <tr>\n                      <td {$labelStyle}>{if $taxRate == 0}{ts}No{/ts} {$taxTerm}{else} {$taxTerm} {$taxDetail.percentage}%{/if}</td>\n                      <td {$valueStyle}>{$taxDetail.amount|crmMoney:\'{contribution.currency}\'}</td>\n                    </tr>\n                  {/foreach}\n                {/if}\n              {/if}\n              {if {contribution.tax_amount|boolean}}\n                <tr>\n                  <td {$labelStyle}>\n                    {ts}Total Tax Amount{/ts}\n                  </td>\n                  <td {$valueStyle}>\n                    {contribution.tax_amount}\n                  </td>\n                </tr>\n              {/if}\n              <tr>\n                <td {$labelStyle}>\n                  {ts}Amount{/ts}\n                </td>\n                <td {$valueStyle}>\n                  {contribution.total_amount}\n                </td>\n              </tr>\n              {if {contribution.receive_date|boolean}}\n                <tr>\n                  <td {$labelStyle}>\n                    {ts}Contribution Date{/ts}\n                  </td>\n                  <td {$valueStyle}>\n                    {contribution.receive_date}\n                  </td>\n                </tr>\n              {/if}\n              {if {contribution.payment_instrument_id|boolean} && {contribution.paid_amount|boolean}}\n                <tr>\n                  <td {$labelStyle}>\n                    {ts}Paid By{/ts}\n                  </td>\n                  <td {$valueStyle}>\n                      {contribution.payment_instrument_id:label}\n                  </td>\n                </tr>\n                {if {contribution.check_number|boolean}}\n                  <tr>\n                    <td {$labelStyle}>\n                      {ts}Check Number{/ts}\n                    </td>\n                    <td {$valueStyle}>\n                      {contribution.check_number}\n                    </td>\n                  </tr>\n                {/if}\n              {/if}\n            {/if}\n          {/if}\n        </table>\n      </td>\n    </tr>\n\n    {if !empty($isPrimary)}\n      <tr>\n        <td>\n          <table style=\"border: 1px solid #999; margin: 1em 0em 1em; border-collapse: collapse; width:100%;\">\n\n            {if !empty($billingName)}\n              <tr>\n                <th {$headerStyle}>\n                  {ts}Billing Name and Address{/ts}\n                </th>\n              </tr>\n              <tr>\n                <td {$labelStyle}>\n                  {$billingName}<br/>\n                  {$address}\n                </td>\n              </tr>\n            {/if}\n\n            {if !empty($credit_card_type)}\n              <tr>\n                <th {$headerStyle}>\n                  {ts}Credit Card Information{/ts}\n                </th>\n              </tr>\n              <tr>\n                <td {$valueStyle}>\n                  {$credit_card_type}<br/>\n                  {$credit_card_number}\n                </td>\n              </tr>\n              <tr>\n                <td {$labelStyle}>\n                  {ts}Expires{/ts}\n                </td>\n                <td {$valueStyle}>\n                  {$credit_card_exp_date|truncate:7:\'\'|crmDate}\n                </td>\n              </tr>\n            {/if}\n\n          </table>\n        </td>\n      </tr>\n    {/if}\n\n    {if !empty($customValues)}\n      <tr>\n        <td>\n          <table style=\"border: 1px solid #999; margin: 1em 0em 1em; border-collapse: collapse; width:100%;\">\n            <tr>\n              <th {$headerStyle}>\n                {ts}Membership Options{/ts}\n              </th>\n            </tr>\n            {foreach from=$customValues item=value key=customName}\n              <tr>\n                <td {$labelStyle}>\n                  {$customName}\n                </td>\n                <td {$valueStyle}>\n                  {$value}\n                </td>\n              </tr>\n            {/foreach}\n          </table>\n        </td>\n      </tr>\n    {/if}\n\n  </table>\n\n</body>\n</html>\n',1,835,'membership_offline_receipt',0,1,0,NULL),
 (45,'Memberships - Receipt (on-line)','{if \'{contribution.contribution_status_id:name}\' === \'Pending\'}{ts}Invoice{/ts}{else}{ts}Receipt{/ts}{/if} - {contribution.contribution_page_id.frontend_title} - {contact.display_name}\n','','<!DOCTYPE html PUBLIC \"-//W3C//DTD XHTML 1.0 Transitional//EN\" \"http://www.w3.org/TR/xhtml1/DTD/xhtml1-transitional.dtd\">\n<html xmlns=\"http://www.w3.org/1999/xhtml\">\n<head>\n <meta http-equiv=\"Content-Type\" content=\"text/html; charset=UTF-8\" />\n <title></title>\n</head>\n<body>\n\n{capture assign=headerStyle}colspan=\"2\" style=\"text-align: left; padding: 4px; border-bottom: 1px solid #999; background-color: #eee;\"{/capture}\n{capture assign=labelStyle}style=\"padding: 4px; border-bottom: 1px solid #999; background-color: #f7f7f7;\"{/capture}\n{capture assign=valueStyle}style=\"padding: 4px; border-bottom: 1px solid #999;\"{/capture}\n\n  <!-- BEGIN HEADER -->\n    {* To modify content in this section, you can edit the Custom Token named \"Message Header\". See also: https://docs.civicrm.org/user/en/latest/email/message-templates/#modifying-system-workflow-message-templates *}\n    {site.message_header}\n  <!-- END HEADER -->\n\n  <!-- BEGIN CONTENT -->\n\n  <table id=\"crm-event_receipt\" style=\"font-family: Arial, Verdana, sans-serif; text-align: left; width:100%; max-width:700px; padding:0; margin:0; border:0px;\">\n  <tr>\n   <td>\n     {assign var=\"greeting\" value=\"{contact.email_greeting_display}\"}{if $greeting}<p>{$greeting},</p>{/if}\n     {if $userText}\n       <p>{$userText}</p>\n     {elseif {contribution.contribution_page_id.receipt_text|boolean}}\n       <p>{contribution.contribution_page_id.receipt_text}</p>\n     {/if}\n    {if {contribution.balance_amount|boolean} && {contribution.is_pay_later|boolean}}\n      <p>{contribution.contribution_page_id.pay_later_receipt}</p>\n    {/if}\n\n   </td>\n  </tr>\n  </table>\n  <table style=\"width:100%; max-width:500px; border: 1px solid #999; margin: 1em 0em 1em; border-collapse: collapse;\">\n    {if {membership.id|boolean} && !$isShowLineItems}\n      <tr>\n       <th {$headerStyle}>\n        {ts}Membership Information{/ts}\n       </th>\n      </tr>\n      <tr>\n       <td {$labelStyle}>\n        {ts}Membership Type{/ts}\n       </td>\n       <td {$valueStyle}>\n         {ts}{membership.membership_type_id:label}{/ts}\n       </td>\n      </tr>\n      {if {membership.start_date|boolean}}\n       <tr>\n        <td {$labelStyle}>\n         {ts}Membership Start Date{/ts}\n        </td>\n        <td {$valueStyle}>\n          {membership.start_date}\n        </td>\n       </tr>\n      {/if}\n      {if {membership.end_date|boolean}}\n       <tr>\n        <td {$labelStyle}>\n         {ts}Membership Expiration Date{/ts}\n        </td>\n        <td {$valueStyle}>\n          {membership.end_date}\n        </td>\n       </tr>\n      {/if}\n    {/if}\n    {if {contribution.total_amount|boolean}}\n      <tr>\n        <th {$headerStyle}>{ts}Membership Fee{/ts}</th>\n      </tr>\n\n      {if !$isShowLineItems && {contribution.total_amount|boolean}}\n        {foreach from=$lineItems item=line}\n          <tr>\n            <td {$labelStyle}>\n              {if $line.membership_type_id}\n                {ts 1=\"{membership.membership_type_id:label}\"}%1 Membership{/ts}\n              {else}\n                {ts}Contribution Amount{/ts}\n              {/if}\n            </td>\n            <td {$valueStyle}>\n              {$line.line_total_inclusive|crmMoney:\'{contribution.currency}\'}\n            </td>\n          </tr>\n        {/foreach}\n      {elseif $isShowLineItems}\n        <tr>\n          <td colspan=\"2\" {$valueStyle}>\n            <table>\n              <tr>\n                <th>{ts}Item{/ts}</th>\n                <th>{ts}Fee{/ts}</th>\n                {if $isShowTax && {contribution.tax_amount|boolean}}\n                  <th>{ts}SubTotal{/ts}</th>\n                  <th>{ts}Tax Rate{/ts}</th>\n                  <th>{ts}Tax Amount{/ts}</th>\n                  <th>{ts}Total{/ts}</th>\n                {/if}\n                <th>{ts}Membership Start Date{/ts}</th>\n                <th>{ts}Membership Expiration Date{/ts}</th>\n              </tr>\n              {foreach from=$lineItems item=line}\n                <tr>\n                  <td>{$line.title}</td>\n                  <td>\n                    {$line.line_total|crmMoney}\n                  </td>\n                  {if $isShowTax && {contribution.tax_amount|boolean}}\n                    <td>\n                      {$line.line_total|crmMoney:\'{contribution.currency}\'}\n                    </td>\n                    {if $line.tax_rate || $line.tax_amount != \"\"}\n                      <td>\n                        {$line.tax_rate|string_format:\"%.2f\"}%\n                      </td>\n                      <td>\n                        {$line.tax_amount|crmMoney:\'{contribution.currency}\'}\n                      </td>\n                    {else}\n                      <td></td>\n                      <td></td>\n                    {/if}\n                    <td>\n                      {$line.line_total_inclusive|crmMoney:\'{contribution.currency}\'}\n                    </td>\n                  {/if}\n                  <td>\n                    {$line.membership.start_date|crmDate:\"Full\"}\n                  </td>\n                  <td>\n                    {$line.membership.end_date|crmDate:\"Full\"}\n                  </td>\n                </tr>\n              {/foreach}\n            </table>\n          </td>\n        </tr>\n\n        {if $isShowTax && {contribution.tax_amount|boolean}}\n          <tr>\n            <td {$labelStyle}>\n                {ts}Amount Before Tax:{/ts}\n            </td>\n            <td {$valueStyle}>\n                {contribution.tax_exclusive_amount}\n            </td>\n          </tr>\n          {foreach from=$taxRateBreakdown item=taxDetail key=taxRate}\n            <tr>\n              <td {$labelStyle}>{if $taxRate == 0}{ts}No{/ts} {$taxTerm}{else} {$taxTerm} {$taxDetail.percentage}%{/if}</td>\n              <td {$valueStyle}>{$taxDetail.amount|crmMoney:\'{contribution.currency}\'}</td>\n            </tr>\n          {/foreach}\n        {/if}\n      {/if}\n      <tr>\n        <td {$labelStyle}>\n            {ts}Amount{/ts}\n        </td>\n        <td {$valueStyle}>\n            {contribution.total_amount}\n        </td>\n      </tr>\n    {/if}\n\n    {if {contribution.receive_date|boolean}}\n      <tr>\n        <td {$labelStyle}>\n          {ts}Date{/ts}\n        </td>\n        <td {$valueStyle}>\n          {contribution.receive_date}\n        </td>\n      </tr>\n    {/if}\n\n    {if {contribution.trxn_id|boolean}}\n      <tr>\n       <td {$labelStyle}>\n        {ts}Transaction #{/ts}\n       </td>\n       <td {$valueStyle}>\n         {contribution.trxn_id}\n       </td>\n      </tr>\n    {/if}\n\n    {if {contribution.contribution_recur_id|boolean}}\n      <tr>\n        <td colspan=\"2\" {$labelStyle}>\n          {ts}This membership will be renewed automatically.{/ts}\n          {if $cancelSubscriptionUrl}\n            {ts 1=$cancelSubscriptionUrl}You can cancel the auto-renewal option by <a href=\"%1\">visiting this web page</a>.{/ts}\n          {/if}\n        </td>\n      </tr>\n      {if $updateSubscriptionBillingUrl}\n        <tr>\n          <td colspan=\"2\" {$labelStyle}>\n            {ts 1=$updateSubscriptionBillingUrl}You can update billing details for this automatically renewed membership by <a href=\"%1\">visiting this web page</a>.{/ts}\n          </td>\n        </tr>\n      {/if}\n    {/if}\n\n    {if $honor_block_is_active}\n      <tr>\n        <th {$headerStyle}>\n          {$soft_credit_type}\n        </th>\n      </tr>\n      {foreach from=$honoreeProfile item=value key=label}\n        <tr>\n          <td {$labelStyle}>\n            {$label}\n          </td>\n          <td {$valueStyle}>\n            {$value}\n          </td>\n        </tr>\n      {/foreach}\n    {/if}\n\n    {if !empty($pcpBlock)}\n      <tr>\n        <th {$headerStyle}>\n          {ts}Personal Campaign Page{/ts}\n        </th>\n      </tr>\n      <tr>\n        <td {$labelStyle}>\n          {ts}Display In Honor Roll{/ts}\n        </td>\n        <td {$valueStyle}>\n          {if $pcp_display_in_roll}{ts}Yes{/ts}{else}{ts}No{/ts}{/if}\n        </td>\n      </tr>\n      {if $pcp_roll_nickname}\n        <tr>\n          <td {$labelStyle}>\n            {ts}Nickname{/ts}\n          </td>\n          <td {$valueStyle}>\n            {$pcp_roll_nickname}\n          </td>\n        </tr>\n      {/if}\n      {if $pcp_personal_note}\n        <tr>\n          <td {$labelStyle}>\n            {ts}Personal Note{/ts}\n          </td>\n          <td {$valueStyle}>\n            {$pcp_personal_note}\n          </td>\n        </tr>\n      {/if}\n    {/if}\n\n    {if !empty($onBehalfProfile)}\n      <tr>\n        <th {$headerStyle}>\n          {$onBehalfProfile_grouptitle}\n        </th>\n      </tr>\n      {foreach from=$onBehalfProfile item=onBehalfValue key=onBehalfName}\n        <tr>\n          <td {$labelStyle}>\n            {$onBehalfName}\n          </td>\n          <td {$valueStyle}>\n            {$onBehalfValue}\n          </td>\n        </tr>\n      {/foreach}\n    {/if}\n\n    {if {contribution.address_id.display|boolean}}\n      <tr>\n        <th {$headerStyle}>\n          {ts}Billing Name and Address{/ts}\n        </th>\n      </tr>\n      <tr>\n        <td colspan=\"2\" {$valueStyle}>\n          {contribution.address_id.name}<br/>\n          {contribution.address_id.display}\n        </td>\n      </tr>\n    {/if}\n    {if {contact.email_primary.email|boolean}}\n      <tr>\n        <th {$headerStyle}>\n          {ts}Registered Email{/ts}\n        </th>\n      </tr>\n      <tr>\n        <td colspan=\"2\" {$valueStyle}>\n          {contact.email_primary.email}\n        </td>\n      </tr>\n    {/if}\n\n    {if !empty($credit_card_type)}\n      <tr>\n        <th {$headerStyle}>\n          {ts}Credit Card Information{/ts}\n         </th>\n      </tr>\n      <tr>\n        <td colspan=\"2\" {$valueStyle}>\n          {$credit_card_type}<br />\n          {$credit_card_number}<br />\n          {ts}Expires{/ts}: {$credit_card_exp_date|truncate:7:\'\'|crmDate}<br />\n        </td>\n      </tr>\n    {/if}\n\n    {if !empty($selectPremium)}\n      <tr>\n        <th {$headerStyle}>\n          {ts}Premium Information{/ts}\n        </th>\n      </tr>\n      <tr>\n        <td colspan=\"2\" {$labelStyle}>\n          {$product_name}\n        </td>\n      </tr>\n      {if $option}\n        <tr>\n          <td {$labelStyle}>\n            {ts}Option{/ts}\n          </td>\n          <td {$valueStyle}>\n            {$option}\n          </td>\n        </tr>\n      {/if}\n      {if $sku}\n        <tr>\n          <td {$labelStyle}>\n            {ts}SKU{/ts}\n          </td>\n          <td {$valueStyle}>\n            {$sku}\n          </td>\n        </tr>\n      {/if}\n      {if $start_date}\n        <tr>\n          <td {$labelStyle}>\n            {ts}Start Date{/ts}\n          </td>\n          <td {$valueStyle}>\n            {$start_date|crmDate}\n          </td>\n        </tr>\n      {/if}\n      {if $end_date}\n        <tr>\n          <td {$labelStyle}>\n            {ts}End Date{/ts}\n          </td>\n          <td {$valueStyle}>\n            {$end_date|crmDate}\n          </td>\n        </tr>\n      {/if}\n      {if !empty($contact_email) OR !empty($contact_phone)}\n        <tr>\n          <td colspan=\"2\" {$valueStyle}>\n            <p>{ts}For information about this premium, contact:{/ts}</p>\n            {if !empty($contact_email)}\n              <p>{$contact_email}</p>\n            {/if}\n            {if !empty($contact_phone)}\n              <p>{$contact_phone}</p>\n            {/if}\n          </td>\n        </tr>\n      {/if}\n      {if $is_deductible AND !empty($price)}\n        <tr>\n          <td colspan=\"2\" {$valueStyle}>\n            <p>{ts 1=$price|crmMoney}The value of this premium is %1. This may affect the amount of the tax deduction you can claim. Consult your tax advisor for more information.{/ts}</p>\n         </td>\n        </tr>\n      {/if}\n    {/if}\n\n    {if !empty($customPre)}\n      <tr>\n       <th {$headerStyle}>\n         {$customPre_grouptitle}\n       </th>\n      </tr>\n      {foreach from=$customPre item=customValue key=customName}\n        <tr>\n          <td {$labelStyle}>\n            {$customName}\n          </td>\n          <td {$valueStyle}>\n            {$customValue}\n          </td>\n        </tr>\n      {/foreach}\n    {/if}\n\n    {if !empty($customPost)}\n      <tr>\n        <th {$headerStyle}>\n          {$customPost_grouptitle}\n        </th>\n      </tr>\n      {foreach from=$customPost item=customValue key=customName}\n        <tr>\n          <td {$labelStyle}>\n            {$customName}\n          </td>\n          <td {$valueStyle}>\n            {$customValue}\n          </td>\n        </tr>\n      {/foreach}\n    {/if}\n\n  </table>\n\n</body>\n</html>\n',1,836,'membership_online_receipt',1,0,0,NULL),
 (46,'Memberships - Receipt (on-line)','{if \'{contribution.contribution_status_id:name}\' === \'Pending\'}{ts}Invoice{/ts}{else}{ts}Receipt{/ts}{/if} - {contribution.contribution_page_id.frontend_title} - {contact.display_name}\n','','<!DOCTYPE html PUBLIC \"-//W3C//DTD XHTML 1.0 Transitional//EN\" \"http://www.w3.org/TR/xhtml1/DTD/xhtml1-transitional.dtd\">\n<html xmlns=\"http://www.w3.org/1999/xhtml\">\n<head>\n <meta http-equiv=\"Content-Type\" content=\"text/html; charset=UTF-8\" />\n <title></title>\n</head>\n<body>\n\n{capture assign=headerStyle}colspan=\"2\" style=\"text-align: left; padding: 4px; border-bottom: 1px solid #999; background-color: #eee;\"{/capture}\n{capture assign=labelStyle}style=\"padding: 4px; border-bottom: 1px solid #999; background-color: #f7f7f7;\"{/capture}\n{capture assign=valueStyle}style=\"padding: 4px; border-bottom: 1px solid #999;\"{/capture}\n\n  <!-- BEGIN HEADER -->\n    {* To modify content in this section, you can edit the Custom Token named \"Message Header\". See also: https://docs.civicrm.org/user/en/latest/email/message-templates/#modifying-system-workflow-message-templates *}\n    {site.message_header}\n  <!-- END HEADER -->\n\n  <!-- BEGIN CONTENT -->\n\n  <table id=\"crm-event_receipt\" style=\"font-family: Arial, Verdana, sans-serif; text-align: left; width:100%; max-width:700px; padding:0; margin:0; border:0px;\">\n  <tr>\n   <td>\n     {assign var=\"greeting\" value=\"{contact.email_greeting_display}\"}{if $greeting}<p>{$greeting},</p>{/if}\n     {if $userText}\n       <p>{$userText}</p>\n     {elseif {contribution.contribution_page_id.receipt_text|boolean}}\n       <p>{contribution.contribution_page_id.receipt_text}</p>\n     {/if}\n    {if {contribution.balance_amount|boolean} && {contribution.is_pay_later|boolean}}\n      <p>{contribution.contribution_page_id.pay_later_receipt}</p>\n    {/if}\n\n   </td>\n  </tr>\n  </table>\n  <table style=\"width:100%; max-width:500px; border: 1px solid #999; margin: 1em 0em 1em; border-collapse: collapse;\">\n    {if {membership.id|boolean} && !$isShowLineItems}\n      <tr>\n       <th {$headerStyle}>\n        {ts}Membership Information{/ts}\n       </th>\n      </tr>\n      <tr>\n       <td {$labelStyle}>\n        {ts}Membership Type{/ts}\n       </td>\n       <td {$valueStyle}>\n         {ts}{membership.membership_type_id:label}{/ts}\n       </td>\n      </tr>\n      {if {membership.start_date|boolean}}\n       <tr>\n        <td {$labelStyle}>\n         {ts}Membership Start Date{/ts}\n        </td>\n        <td {$valueStyle}>\n          {membership.start_date}\n        </td>\n       </tr>\n      {/if}\n      {if {membership.end_date|boolean}}\n       <tr>\n        <td {$labelStyle}>\n         {ts}Membership Expiration Date{/ts}\n        </td>\n        <td {$valueStyle}>\n          {membership.end_date}\n        </td>\n       </tr>\n      {/if}\n    {/if}\n    {if {contribution.total_amount|boolean}}\n      <tr>\n        <th {$headerStyle}>{ts}Membership Fee{/ts}</th>\n      </tr>\n\n      {if !$isShowLineItems && {contribution.total_amount|boolean}}\n        {foreach from=$lineItems item=line}\n          <tr>\n            <td {$labelStyle}>\n              {if $line.membership_type_id}\n                {ts 1=\"{membership.membership_type_id:label}\"}%1 Membership{/ts}\n              {else}\n                {ts}Contribution Amount{/ts}\n              {/if}\n            </td>\n            <td {$valueStyle}>\n              {$line.line_total_inclusive|crmMoney:\'{contribution.currency}\'}\n            </td>\n          </tr>\n        {/foreach}\n      {elseif $isShowLineItems}\n        <tr>\n          <td colspan=\"2\" {$valueStyle}>\n            <table>\n              <tr>\n                <th>{ts}Item{/ts}</th>\n                <th>{ts}Fee{/ts}</th>\n                {if $isShowTax && {contribution.tax_amount|boolean}}\n                  <th>{ts}SubTotal{/ts}</th>\n                  <th>{ts}Tax Rate{/ts}</th>\n                  <th>{ts}Tax Amount{/ts}</th>\n                  <th>{ts}Total{/ts}</th>\n                {/if}\n                <th>{ts}Membership Start Date{/ts}</th>\n                <th>{ts}Membership Expiration Date{/ts}</th>\n              </tr>\n              {foreach from=$lineItems item=line}\n                <tr>\n                  <td>{$line.title}</td>\n                  <td>\n                    {$line.line_total|crmMoney}\n                  </td>\n                  {if $isShowTax && {contribution.tax_amount|boolean}}\n                    <td>\n                      {$line.line_total|crmMoney:\'{contribution.currency}\'}\n                    </td>\n                    {if $line.tax_rate || $line.tax_amount != \"\"}\n                      <td>\n                        {$line.tax_rate|string_format:\"%.2f\"}%\n                      </td>\n                      <td>\n                        {$line.tax_amount|crmMoney:\'{contribution.currency}\'}\n                      </td>\n                    {else}\n                      <td></td>\n                      <td></td>\n                    {/if}\n                    <td>\n                      {$line.line_total_inclusive|crmMoney:\'{contribution.currency}\'}\n                    </td>\n                  {/if}\n                  <td>\n                    {$line.membership.start_date|crmDate:\"Full\"}\n                  </td>\n                  <td>\n                    {$line.membership.end_date|crmDate:\"Full\"}\n                  </td>\n                </tr>\n              {/foreach}\n            </table>\n          </td>\n        </tr>\n\n        {if $isShowTax && {contribution.tax_amount|boolean}}\n          <tr>\n            <td {$labelStyle}>\n                {ts}Amount Before Tax:{/ts}\n            </td>\n            <td {$valueStyle}>\n                {contribution.tax_exclusive_amount}\n            </td>\n          </tr>\n          {foreach from=$taxRateBreakdown item=taxDetail key=taxRate}\n            <tr>\n              <td {$labelStyle}>{if $taxRate == 0}{ts}No{/ts} {$taxTerm}{else} {$taxTerm} {$taxDetail.percentage}%{/if}</td>\n              <td {$valueStyle}>{$taxDetail.amount|crmMoney:\'{contribution.currency}\'}</td>\n            </tr>\n          {/foreach}\n        {/if}\n      {/if}\n      <tr>\n        <td {$labelStyle}>\n            {ts}Amount{/ts}\n        </td>\n        <td {$valueStyle}>\n            {contribution.total_amount}\n        </td>\n      </tr>\n    {/if}\n\n    {if {contribution.receive_date|boolean}}\n      <tr>\n        <td {$labelStyle}>\n          {ts}Date{/ts}\n        </td>\n        <td {$valueStyle}>\n          {contribution.receive_date}\n        </td>\n      </tr>\n    {/if}\n\n    {if {contribution.trxn_id|boolean}}\n      <tr>\n       <td {$labelStyle}>\n        {ts}Transaction #{/ts}\n       </td>\n       <td {$valueStyle}>\n         {contribution.trxn_id}\n       </td>\n      </tr>\n    {/if}\n\n    {if {contribution.contribution_recur_id|boolean}}\n      <tr>\n        <td colspan=\"2\" {$labelStyle}>\n          {ts}This membership will be renewed automatically.{/ts}\n          {if $cancelSubscriptionUrl}\n            {ts 1=$cancelSubscriptionUrl}You can cancel the auto-renewal option by <a href=\"%1\">visiting this web page</a>.{/ts}\n          {/if}\n        </td>\n      </tr>\n      {if $updateSubscriptionBillingUrl}\n        <tr>\n          <td colspan=\"2\" {$labelStyle}>\n            {ts 1=$updateSubscriptionBillingUrl}You can update billing details for this automatically renewed membership by <a href=\"%1\">visiting this web page</a>.{/ts}\n          </td>\n        </tr>\n      {/if}\n    {/if}\n\n    {if $honor_block_is_active}\n      <tr>\n        <th {$headerStyle}>\n          {$soft_credit_type}\n        </th>\n      </tr>\n      {foreach from=$honoreeProfile item=value key=label}\n        <tr>\n          <td {$labelStyle}>\n            {$label}\n          </td>\n          <td {$valueStyle}>\n            {$value}\n          </td>\n        </tr>\n      {/foreach}\n    {/if}\n\n    {if !empty($pcpBlock)}\n      <tr>\n        <th {$headerStyle}>\n          {ts}Personal Campaign Page{/ts}\n        </th>\n      </tr>\n      <tr>\n        <td {$labelStyle}>\n          {ts}Display In Honor Roll{/ts}\n        </td>\n        <td {$valueStyle}>\n          {if $pcp_display_in_roll}{ts}Yes{/ts}{else}{ts}No{/ts}{/if}\n        </td>\n      </tr>\n      {if $pcp_roll_nickname}\n        <tr>\n          <td {$labelStyle}>\n            {ts}Nickname{/ts}\n          </td>\n          <td {$valueStyle}>\n            {$pcp_roll_nickname}\n          </td>\n        </tr>\n      {/if}\n      {if $pcp_personal_note}\n        <tr>\n          <td {$labelStyle}>\n            {ts}Personal Note{/ts}\n          </td>\n          <td {$valueStyle}>\n            {$pcp_personal_note}\n          </td>\n        </tr>\n      {/if}\n    {/if}\n\n    {if !empty($onBehalfProfile)}\n      <tr>\n        <th {$headerStyle}>\n          {$onBehalfProfile_grouptitle}\n        </th>\n      </tr>\n      {foreach from=$onBehalfProfile item=onBehalfValue key=onBehalfName}\n        <tr>\n          <td {$labelStyle}>\n            {$onBehalfName}\n          </td>\n          <td {$valueStyle}>\n            {$onBehalfValue}\n          </td>\n        </tr>\n      {/foreach}\n    {/if}\n\n    {if {contribution.address_id.display|boolean}}\n      <tr>\n        <th {$headerStyle}>\n          {ts}Billing Name and Address{/ts}\n        </th>\n      </tr>\n      <tr>\n        <td colspan=\"2\" {$valueStyle}>\n          {contribution.address_id.name}<br/>\n          {contribution.address_id.display}\n        </td>\n      </tr>\n    {/if}\n    {if {contact.email_primary.email|boolean}}\n      <tr>\n        <th {$headerStyle}>\n          {ts}Registered Email{/ts}\n        </th>\n      </tr>\n      <tr>\n        <td colspan=\"2\" {$valueStyle}>\n          {contact.email_primary.email}\n        </td>\n      </tr>\n    {/if}\n\n    {if !empty($credit_card_type)}\n      <tr>\n        <th {$headerStyle}>\n          {ts}Credit Card Information{/ts}\n         </th>\n      </tr>\n      <tr>\n        <td colspan=\"2\" {$valueStyle}>\n          {$credit_card_type}<br />\n          {$credit_card_number}<br />\n          {ts}Expires{/ts}: {$credit_card_exp_date|truncate:7:\'\'|crmDate}<br />\n        </td>\n      </tr>\n    {/if}\n\n    {if !empty($selectPremium)}\n      <tr>\n        <th {$headerStyle}>\n          {ts}Premium Information{/ts}\n        </th>\n      </tr>\n      <tr>\n        <td colspan=\"2\" {$labelStyle}>\n          {$product_name}\n        </td>\n      </tr>\n      {if $option}\n        <tr>\n          <td {$labelStyle}>\n            {ts}Option{/ts}\n          </td>\n          <td {$valueStyle}>\n            {$option}\n          </td>\n        </tr>\n      {/if}\n      {if $sku}\n        <tr>\n          <td {$labelStyle}>\n            {ts}SKU{/ts}\n          </td>\n          <td {$valueStyle}>\n            {$sku}\n          </td>\n        </tr>\n      {/if}\n      {if $start_date}\n        <tr>\n          <td {$labelStyle}>\n            {ts}Start Date{/ts}\n          </td>\n          <td {$valueStyle}>\n            {$start_date|crmDate}\n          </td>\n        </tr>\n      {/if}\n      {if $end_date}\n        <tr>\n          <td {$labelStyle}>\n            {ts}End Date{/ts}\n          </td>\n          <td {$valueStyle}>\n            {$end_date|crmDate}\n          </td>\n        </tr>\n      {/if}\n      {if !empty($contact_email) OR !empty($contact_phone)}\n        <tr>\n          <td colspan=\"2\" {$valueStyle}>\n            <p>{ts}For information about this premium, contact:{/ts}</p>\n            {if !empty($contact_email)}\n              <p>{$contact_email}</p>\n            {/if}\n            {if !empty($contact_phone)}\n              <p>{$contact_phone}</p>\n            {/if}\n          </td>\n        </tr>\n      {/if}\n      {if $is_deductible AND !empty($price)}\n        <tr>\n          <td colspan=\"2\" {$valueStyle}>\n            <p>{ts 1=$price|crmMoney}The value of this premium is %1. This may affect the amount of the tax deduction you can claim. Consult your tax advisor for more information.{/ts}</p>\n         </td>\n        </tr>\n      {/if}\n    {/if}\n\n    {if !empty($customPre)}\n      <tr>\n       <th {$headerStyle}>\n         {$customPre_grouptitle}\n       </th>\n      </tr>\n      {foreach from=$customPre item=customValue key=customName}\n        <tr>\n          <td {$labelStyle}>\n            {$customName}\n          </td>\n          <td {$valueStyle}>\n            {$customValue}\n          </td>\n        </tr>\n      {/foreach}\n    {/if}\n\n    {if !empty($customPost)}\n      <tr>\n        <th {$headerStyle}>\n          {$customPost_grouptitle}\n        </th>\n      </tr>\n      {foreach from=$customPost item=customValue key=customName}\n        <tr>\n          <td {$labelStyle}>\n            {$customName}\n          </td>\n          <td {$valueStyle}>\n            {$customValue}\n          </td>\n        </tr>\n      {/foreach}\n    {/if}\n\n  </table>\n\n</body>\n</html>\n',1,836,'membership_online_receipt',0,1,0,NULL),
 (47,'Memberships - Auto-renew Cancellation Notification','{ts}Autorenew Membership Cancellation Notification{/ts} - {contact.display_name}\n','','<!DOCTYPE html PUBLIC \"-//W3C//DTD XHTML 1.0 Transitional//EN\" \"http://www.w3.org/TR/xhtml1/DTD/xhtml1-transitional.dtd\">\n<html xmlns=\"http://www.w3.org/1999/xhtml\">\n<head>\n <meta http-equiv=\"Content-Type\" content=\"text/html; charset=UTF-8\" />\n <title></title>\n</head>\n<body>\n\n{capture assign=headerStyle}colspan=\"2\" style=\"text-align: left; padding: 4px; border-bottom: 1px solid #999; background-color: #eee;\"{/capture}\n{capture assign=labelStyle}style=\"padding: 4px; border-bottom: 1px solid #999; background-color: #f7f7f7;\"{/capture}\n{capture assign=valueStyle}style=\"padding: 4px; border-bottom: 1px solid #999;\"{/capture}\n\n  <!-- BEGIN HEADER -->\n    {* To modify content in this section, you can edit the Custom Token named \"Message Header\". See also: https://docs.civicrm.org/user/en/latest/email/message-templates/#modifying-system-workflow-message-templates *}\n    {site.message_header}\n  <!-- END HEADER -->\n\n  <!-- BEGIN CONTENT -->\n\n  <table id=\"crm-event_receipt\" style=\"font-family: Arial, Verdana, sans-serif; text-align: left; width:100%; max-width:700px; padding:0; margin:0; border:0px;\">\n  <tr>\n   <td>\n    {assign var=\"greeting\" value=\"{contact.email_greeting_display}\"}{if $greeting}<p>{$greeting},</p>{/if}\n    <p>{ts 1=$membershipType}The automatic renewal of your %1 membership has been cancelled as requested. This does not affect the status of your membership - you will receive a separate notification when your membership is up for renewal.{/ts}</p>\n\n   </td>\n  </tr>\n </table>\n <table style=\"width:100%; max-width:500px; border: 1px solid #999; margin: 1em 0em 1em; border-collapse: collapse;\">\n\n      <tr>\n       <th {$headerStyle}>\n        {ts}Membership Information{/ts}\n       </th>\n      </tr>\n      <tr>\n       <td {$labelStyle}>\n        {ts}Membership Status{/ts}\n       </td>\n       <td {$valueStyle}>\n        {$membership_status}\n       </td>\n      </tr>\n      {if $mem_start_date}\n       <tr>\n        <td {$labelStyle}>\n         {ts}Membership Start Date{/ts}\n        </td>\n        <td {$valueStyle}>\n         {$mem_start_date|crmDate}\n        </td>\n       </tr>\n      {/if}\n      {if $mem_end_date}\n       <tr>\n        <td {$labelStyle}>\n         {ts}Membership Expiration Date{/ts}\n        </td>\n        <td {$valueStyle}>\n          {$mem_end_date|crmDate}\n        </td>\n       </tr>\n      {/if}\n\n </table>\n\n</body>\n</html>\n',1,837,'membership_autorenew_cancelled',1,0,0,NULL),
 (48,'Memberships - Auto-renew Cancellation Notification','{ts}Autorenew Membership Cancellation Notification{/ts} - {contact.display_name}\n','','<!DOCTYPE html PUBLIC \"-//W3C//DTD XHTML 1.0 Transitional//EN\" \"http://www.w3.org/TR/xhtml1/DTD/xhtml1-transitional.dtd\">\n<html xmlns=\"http://www.w3.org/1999/xhtml\">\n<head>\n <meta http-equiv=\"Content-Type\" content=\"text/html; charset=UTF-8\" />\n <title></title>\n</head>\n<body>\n\n{capture assign=headerStyle}colspan=\"2\" style=\"text-align: left; padding: 4px; border-bottom: 1px solid #999; background-color: #eee;\"{/capture}\n{capture assign=labelStyle}style=\"padding: 4px; border-bottom: 1px solid #999; background-color: #f7f7f7;\"{/capture}\n{capture assign=valueStyle}style=\"padding: 4px; border-bottom: 1px solid #999;\"{/capture}\n\n  <!-- BEGIN HEADER -->\n    {* To modify content in this section, you can edit the Custom Token named \"Message Header\". See also: https://docs.civicrm.org/user/en/latest/email/message-templates/#modifying-system-workflow-message-templates *}\n    {site.message_header}\n  <!-- END HEADER -->\n\n  <!-- BEGIN CONTENT -->\n\n  <table id=\"crm-event_receipt\" style=\"font-family: Arial, Verdana, sans-serif; text-align: left; width:100%; max-width:700px; padding:0; margin:0; border:0px;\">\n  <tr>\n   <td>\n    {assign var=\"greeting\" value=\"{contact.email_greeting_display}\"}{if $greeting}<p>{$greeting},</p>{/if}\n    <p>{ts 1=$membershipType}The automatic renewal of your %1 membership has been cancelled as requested. This does not affect the status of your membership - you will receive a separate notification when your membership is up for renewal.{/ts}</p>\n\n   </td>\n  </tr>\n </table>\n <table style=\"width:100%; max-width:500px; border: 1px solid #999; margin: 1em 0em 1em; border-collapse: collapse;\">\n\n      <tr>\n       <th {$headerStyle}>\n        {ts}Membership Information{/ts}\n       </th>\n      </tr>\n      <tr>\n       <td {$labelStyle}>\n        {ts}Membership Status{/ts}\n       </td>\n       <td {$valueStyle}>\n        {$membership_status}\n       </td>\n      </tr>\n      {if $mem_start_date}\n       <tr>\n        <td {$labelStyle}>\n         {ts}Membership Start Date{/ts}\n        </td>\n        <td {$valueStyle}>\n         {$mem_start_date|crmDate}\n        </td>\n       </tr>\n      {/if}\n      {if $mem_end_date}\n       <tr>\n        <td {$labelStyle}>\n         {ts}Membership Expiration Date{/ts}\n        </td>\n        <td {$valueStyle}>\n          {$mem_end_date|crmDate}\n        </td>\n       </tr>\n      {/if}\n\n </table>\n\n</body>\n</html>\n',1,837,'membership_autorenew_cancelled',0,1,0,NULL),
 (49,'Memberships - Auto-renew Billing Updates','{ts}Membership Autorenewal Billing Updates{/ts} - {contact.display_name}\n','','<!DOCTYPE html PUBLIC \"-//W3C//DTD XHTML 1.0 Transitional//EN\" \"http://www.w3.org/TR/xhtml1/DTD/xhtml1-transitional.dtd\">\n<html xmlns=\"http://www.w3.org/1999/xhtml\">\n<head>\n <meta http-equiv=\"Content-Type\" content=\"text/html; charset=UTF-8\" />\n <title></title>\n</head>\n<body>\n\n{capture assign=headerStyle}colspan=\"2\" style=\"text-align: left; padding: 4px; border-bottom: 1px solid #999; background-color: #eee;\"{/capture}\n{capture assign=labelStyle}style=\"padding: 4px; border-bottom: 1px solid #999; background-color: #f7f7f7;\"{/capture}\n{capture assign=valueStyle}style=\"padding: 4px; border-bottom: 1px solid #999;\"{/capture}\n\n  <!-- BEGIN HEADER -->\n    {* To modify content in this section, you can edit the Custom Token named \"Message Header\". See also: https://docs.civicrm.org/user/en/latest/email/message-templates/#modifying-system-workflow-message-templates *}\n    {site.message_header}\n  <!-- END HEADER -->\n\n  <!-- BEGIN CONTENT -->\n\n  <table id=\"crm-event_receipt\" style=\"font-family: Arial, Verdana, sans-serif; text-align: left; width:100%; max-width:700px; padding:0; margin:0; border:0px;\">\n  <tr>\n   <td>\n    {assign var=\"greeting\" value=\"{contact.email_greeting_display}\"}{if $greeting}<p>{$greeting},</p>{/if}\n    <p>{ts 1=$membershipType}Billing details for your automatically renewed %1 membership have been updated.{/ts}</p>\n   </td>\n  </tr>\n  <tr>\n </table>\n\n  <table style=\"width:100%; max-width:500px; border: 1px solid #999; margin: 1em 0em 1em; border-collapse: collapse;\">\n   <tr>\n        <th {$headerStyle}>\n         {ts}Billing Name and Address{/ts}\n        </th>\n       </tr>\n       <tr>\n        <td colspan=\"2\" {$valueStyle}>\n         {$billingName}<br />\n         {$address|nl2br}<br />\n         {$email}\n        </td>\n       </tr>\n        <tr>\n       <th {$headerStyle}>\n        {ts}Credit Card Information{/ts}\n       </th>\n      </tr>\n      <tr>\n       <td colspan=\"2\" {$valueStyle}>\n        {$credit_card_type}<br />\n        {$credit_card_number}<br />\n        {ts}Expires{/ts}: {$credit_card_exp_date|truncate:7:\'\'|crmDate}<br />\n       </td>\n      </tr>\n      <tr>\n        <td {$labelStyle}>\n         {ts 1=$receipt_from_email}If you have questions please contact us at %1{/ts}\n        </td>\n      </tr>\n\n  </table>\n\n</body>\n</html>\n',1,838,'membership_autorenew_billing',1,0,0,NULL),
 (50,'Memberships - Auto-renew Billing Updates','{ts}Membership Autorenewal Billing Updates{/ts} - {contact.display_name}\n','','<!DOCTYPE html PUBLIC \"-//W3C//DTD XHTML 1.0 Transitional//EN\" \"http://www.w3.org/TR/xhtml1/DTD/xhtml1-transitional.dtd\">\n<html xmlns=\"http://www.w3.org/1999/xhtml\">\n<head>\n <meta http-equiv=\"Content-Type\" content=\"text/html; charset=UTF-8\" />\n <title></title>\n</head>\n<body>\n\n{capture assign=headerStyle}colspan=\"2\" style=\"text-align: left; padding: 4px; border-bottom: 1px solid #999; background-color: #eee;\"{/capture}\n{capture assign=labelStyle}style=\"padding: 4px; border-bottom: 1px solid #999; background-color: #f7f7f7;\"{/capture}\n{capture assign=valueStyle}style=\"padding: 4px; border-bottom: 1px solid #999;\"{/capture}\n\n  <!-- BEGIN HEADER -->\n    {* To modify content in this section, you can edit the Custom Token named \"Message Header\". See also: https://docs.civicrm.org/user/en/latest/email/message-templates/#modifying-system-workflow-message-templates *}\n    {site.message_header}\n  <!-- END HEADER -->\n\n  <!-- BEGIN CONTENT -->\n\n  <table id=\"crm-event_receipt\" style=\"font-family: Arial, Verdana, sans-serif; text-align: left; width:100%; max-width:700px; padding:0; margin:0; border:0px;\">\n  <tr>\n   <td>\n    {assign var=\"greeting\" value=\"{contact.email_greeting_display}\"}{if $greeting}<p>{$greeting},</p>{/if}\n    <p>{ts 1=$membershipType}Billing details for your automatically renewed %1 membership have been updated.{/ts}</p>\n   </td>\n  </tr>\n  <tr>\n </table>\n\n  <table style=\"width:100%; max-width:500px; border: 1px solid #999; margin: 1em 0em 1em; border-collapse: collapse;\">\n   <tr>\n        <th {$headerStyle}>\n         {ts}Billing Name and Address{/ts}\n        </th>\n       </tr>\n       <tr>\n        <td colspan=\"2\" {$valueStyle}>\n         {$billingName}<br />\n         {$address|nl2br}<br />\n         {$email}\n        </td>\n       </tr>\n        <tr>\n       <th {$headerStyle}>\n        {ts}Credit Card Information{/ts}\n       </th>\n      </tr>\n      <tr>\n       <td colspan=\"2\" {$valueStyle}>\n        {$credit_card_type}<br />\n        {$credit_card_number}<br />\n        {ts}Expires{/ts}: {$credit_card_exp_date|truncate:7:\'\'|crmDate}<br />\n       </td>\n      </tr>\n      <tr>\n        <td {$labelStyle}>\n         {ts 1=$receipt_from_email}If you have questions please contact us at %1{/ts}\n        </td>\n      </tr>\n\n  </table>\n\n</body>\n</html>\n',1,838,'membership_autorenew_billing',0,1,0,NULL),
 (51,'Test-drive - Receipt Header','[TEST]\n','',' <table id=\"crm-event_receipt_test\" style=\"font-family: Arial, Verdana, sans-serif; text-align: left; width:100%; max-width:700px; padding:0; margin:0; border:0px;\">\n  <tr>\n   <td>\n    <p>{ts}Test-drive Email / Receipt{/ts}</p>\n    <p>{ts}This is a test-drive email. No live financial transaction has occurred.{/ts}</p>\n   </td>\n  </tr>\n </table>\n',1,839,'test_preview',1,0,0,NULL),
 (52,'Test-drive - Receipt Header','[TEST]\n','',' <table id=\"crm-event_receipt_test\" style=\"font-family: Arial, Verdana, sans-serif; text-align: left; width:100%; max-width:700px; padding:0; margin:0; border:0px;\">\n  <tr>\n   <td>\n    <p>{ts}Test-drive Email / Receipt{/ts}</p>\n    <p>{ts}This is a test-drive email. No live financial transaction has occurred.{/ts}</p>\n   </td>\n  </tr>\n </table>\n',1,839,'test_preview',0,1,0,NULL),
 (53,'Pledges - Acknowledgement','{ts}Thank you for your Pledge{/ts} - {contact.display_name}\n','','<!DOCTYPE html PUBLIC \"-//W3C//DTD XHTML 1.0 Transitional//EN\" \"http://www.w3.org/TR/xhtml1/DTD/xhtml1-transitional.dtd\">\n<html xmlns=\"http://www.w3.org/1999/xhtml\">\n<head>\n <meta http-equiv=\"Content-Type\" content=\"text/html; charset=UTF-8\" />\n <title></title>\n</head>\n<body>\n\n{capture assign=headerStyle}colspan=\"2\" style=\"text-align: left; padding: 4px; border-bottom: 1px solid #999; background-color: #eee;\"{/capture}\n{capture assign=labelStyle}style=\"padding: 4px; border-bottom: 1px solid #999; background-color: #f7f7f7;\"{/capture}\n{capture assign=valueStyle}style=\"padding: 4px; border-bottom: 1px solid #999;\"{/capture}\n\n  <!-- BEGIN HEADER -->\n    {* To modify content in this section, you can edit the Custom Token named \"Message Header\". See also: https://docs.civicrm.org/user/en/latest/email/message-templates/#modifying-system-workflow-message-templates *}\n    {site.message_header}\n  <!-- END HEADER -->\n\n  <!-- BEGIN CONTENT -->\n\n  <table id=\"crm-event_receipt\" style=\"font-family: Arial, Verdana, sans-serif; text-align: left; width:100%; max-width:700px; padding:0; margin:0; border:0px;\">\n  <tr>\n   <td>\n    {assign var=\"greeting\" value=\"{contact.email_greeting_display}\"}{if $greeting}<p>{$greeting},</p>{/if}\n    <p>{ts}Thank you for your generous pledge.{/ts}</p>\n   </td>\n  </tr>\n  <tr>\n   <td>\n    <table style=\"border: 1px solid #999; margin: 1em 0em 1em; border-collapse: collapse; width:100%;\">\n     <tr>\n      <th {$headerStyle}>\n       {ts}Pledge Information{/ts}\n      </th>\n     </tr>\n     <tr>\n      <td {$labelStyle}>\n       {ts}Pledge Received{/ts}\n      </td>\n      <td {$valueStyle}>\n       {$create_date|truncate:10:\'\'|crmDate}\n      </td>\n     </tr>\n     <tr>\n      <td {$labelStyle}>\n       {ts}Total Pledge Amount{/ts}\n      </td>\n      <td {$valueStyle}>\n       {$total_pledge_amount|crmMoney:$currency}\n      </td>\n     </tr>\n     <tr>\n      <th {$headerStyle}>\n       {ts}Payment Schedule{/ts}\n      </th>\n     </tr>\n     <tr>\n      <td colspan=\"2\" {$valueStyle}>\n       <p>{ts 1=$scheduled_amount|crmMoney:$currency 2=$frequency_interval 3=$frequency_unit 4=$installments}%1 every %2 %3 for %4 installments.{/ts}</p>\n\n       {if $frequency_day}\n        <p>{ts 1=$frequency_day 2=$frequency_unit}Payments are due on day %1 of the %2.{/ts}</p>\n       {/if}\n      </td>\n     </tr>\n\n     {if $payments}\n      {assign var=\"count\" value=1}\n      {foreach from=$payments item=payment}\n       <tr>\n        <td {$labelStyle}>\n         {ts 1=$count}Payment %1{/ts}\n        </td>\n        <td {$valueStyle}>\n         {$payment.amount|crmMoney:$currency} {if $payment.status eq 1}{ts}paid{/ts} {$payment.receive_date|truncate:10:\'\'|crmDate}{else}{ts}due{/ts} {$payment.due_date|truncate:10:\'\'|crmDate}{/if}\n        </td>\n       </tr>\n       {assign var=\"count\" value=$count+1}\n      {/foreach}\n     {/if}\n\n     <tr>\n      <td colspan=\"2\" {$valueStyle}>\n       <p>{ts 1=\'{domain.phone}\' 2=\'{domain.email}\'}Please contact us at %1 or send email to %2 if you have questions\nor need to modify your payment schedule.{/ts}</p>\n      </td>\n     </tr>\n\n     {if $customGroup}\n      {foreach from=$customGroup item=value key=customName}\n       <tr>\n        <th {$headerStyle}>\n         {$customName}\n        </th>\n       </tr>\n       {foreach from=$value item=v key=n}\n        <tr>\n         <td {$labelStyle}>\n          {$n}\n         </td>\n         <td {$valueStyle}>\n          {$v}\n         </td>\n        </tr>\n       {/foreach}\n      {/foreach}\n     {/if}\n\n    </table>\n   </td>\n  </tr>\n\n </table>\n\n</body>\n</html>\n',1,840,'pledge_acknowledge',1,0,0,NULL),
 (54,'Pledges - Acknowledgement','{ts}Thank you for your Pledge{/ts} - {contact.display_name}\n','','<!DOCTYPE html PUBLIC \"-//W3C//DTD XHTML 1.0 Transitional//EN\" \"http://www.w3.org/TR/xhtml1/DTD/xhtml1-transitional.dtd\">\n<html xmlns=\"http://www.w3.org/1999/xhtml\">\n<head>\n <meta http-equiv=\"Content-Type\" content=\"text/html; charset=UTF-8\" />\n <title></title>\n</head>\n<body>\n\n{capture assign=headerStyle}colspan=\"2\" style=\"text-align: left; padding: 4px; border-bottom: 1px solid #999; background-color: #eee;\"{/capture}\n{capture assign=labelStyle}style=\"padding: 4px; border-bottom: 1px solid #999; background-color: #f7f7f7;\"{/capture}\n{capture assign=valueStyle}style=\"padding: 4px; border-bottom: 1px solid #999;\"{/capture}\n\n  <!-- BEGIN HEADER -->\n    {* To modify content in this section, you can edit the Custom Token named \"Message Header\". See also: https://docs.civicrm.org/user/en/latest/email/message-templates/#modifying-system-workflow-message-templates *}\n    {site.message_header}\n  <!-- END HEADER -->\n\n  <!-- BEGIN CONTENT -->\n\n  <table id=\"crm-event_receipt\" style=\"font-family: Arial, Verdana, sans-serif; text-align: left; width:100%; max-width:700px; padding:0; margin:0; border:0px;\">\n  <tr>\n   <td>\n    {assign var=\"greeting\" value=\"{contact.email_greeting_display}\"}{if $greeting}<p>{$greeting},</p>{/if}\n    <p>{ts}Thank you for your generous pledge.{/ts}</p>\n   </td>\n  </tr>\n  <tr>\n   <td>\n    <table style=\"border: 1px solid #999; margin: 1em 0em 1em; border-collapse: collapse; width:100%;\">\n     <tr>\n      <th {$headerStyle}>\n       {ts}Pledge Information{/ts}\n      </th>\n     </tr>\n     <tr>\n      <td {$labelStyle}>\n       {ts}Pledge Received{/ts}\n      </td>\n      <td {$valueStyle}>\n       {$create_date|truncate:10:\'\'|crmDate}\n      </td>\n     </tr>\n     <tr>\n      <td {$labelStyle}>\n       {ts}Total Pledge Amount{/ts}\n      </td>\n      <td {$valueStyle}>\n       {$total_pledge_amount|crmMoney:$currency}\n      </td>\n     </tr>\n     <tr>\n      <th {$headerStyle}>\n       {ts}Payment Schedule{/ts}\n      </th>\n     </tr>\n     <tr>\n      <td colspan=\"2\" {$valueStyle}>\n       <p>{ts 1=$scheduled_amount|crmMoney:$currency 2=$frequency_interval 3=$frequency_unit 4=$installments}%1 every %2 %3 for %4 installments.{/ts}</p>\n\n       {if $frequency_day}\n        <p>{ts 1=$frequency_day 2=$frequency_unit}Payments are due on day %1 of the %2.{/ts}</p>\n       {/if}\n      </td>\n     </tr>\n\n     {if $payments}\n      {assign var=\"count\" value=1}\n      {foreach from=$payments item=payment}\n       <tr>\n        <td {$labelStyle}>\n         {ts 1=$count}Payment %1{/ts}\n        </td>\n        <td {$valueStyle}>\n         {$payment.amount|crmMoney:$currency} {if $payment.status eq 1}{ts}paid{/ts} {$payment.receive_date|truncate:10:\'\'|crmDate}{else}{ts}due{/ts} {$payment.due_date|truncate:10:\'\'|crmDate}{/if}\n        </td>\n       </tr>\n       {assign var=\"count\" value=$count+1}\n      {/foreach}\n     {/if}\n\n     <tr>\n      <td colspan=\"2\" {$valueStyle}>\n       <p>{ts 1=\'{domain.phone}\' 2=\'{domain.email}\'}Please contact us at %1 or send email to %2 if you have questions\nor need to modify your payment schedule.{/ts}</p>\n      </td>\n     </tr>\n\n     {if $customGroup}\n      {foreach from=$customGroup item=value key=customName}\n       <tr>\n        <th {$headerStyle}>\n         {$customName}\n        </th>\n       </tr>\n       {foreach from=$value item=v key=n}\n        <tr>\n         <td {$labelStyle}>\n          {$n}\n         </td>\n         <td {$valueStyle}>\n          {$v}\n         </td>\n        </tr>\n       {/foreach}\n      {/foreach}\n     {/if}\n\n    </table>\n   </td>\n  </tr>\n\n </table>\n\n</body>\n</html>\n',1,840,'pledge_acknowledge',0,1,0,NULL),
 (55,'Pledges - Payment Reminder','{ts}Pledge Payment Reminder{/ts} - {contact.display_name}\n','','<!DOCTYPE html PUBLIC \"-//W3C//DTD XHTML 1.0 Transitional//EN\" \"http://www.w3.org/TR/xhtml1/DTD/xhtml1-transitional.dtd\">\n<html xmlns=\"http://www.w3.org/1999/xhtml\">\n<head>\n <meta http-equiv=\"Content-Type\" content=\"text/html; charset=UTF-8\" />\n <title></title>\n</head>\n<body>\n\n{capture assign=headerStyle}colspan=\"2\" style=\"text-align: left; padding: 4px; border-bottom: 1px solid #999; background-color: #eee;\"{/capture}\n{capture assign=labelStyle}style=\"padding: 4px; border-bottom: 1px solid #999; background-color: #f7f7f7;\"{/capture}\n{capture assign=valueStyle}style=\"padding: 4px; border-bottom: 1px solid #999;\"{/capture}\n\n  <!-- BEGIN HEADER -->\n    {* To modify content in this section, you can edit the Custom Token named \"Message Header\". See also: https://docs.civicrm.org/user/en/latest/email/message-templates/#modifying-system-workflow-message-templates *}\n    {site.message_header}\n  <!-- END HEADER -->\n\n  <!-- BEGIN CONTENT -->\n\n  <table id=\"crm-event_receipt\" style=\"font-family: Arial, Verdana, sans-serif; text-align: left; width:100%; max-width:700px; padding:0; margin:0; border:0px;\">\n  <tr>\n   <td>\n    {assign var=\"greeting\" value=\"{contact.email_greeting_display}\"}{if $greeting}<p>{$greeting},</p>{/if}\n    <p>{ts 1=$next_payment|truncate:10:\'\'|crmDate}This is a reminder that the next payment on your pledge is due on %1.{/ts}</p>\n   </td>\n  </tr>\n  <tr>\n   <td>\n    <table style=\"border: 1px solid #999; margin: 1em 0em 1em; border-collapse: collapse; width:100%;\">\n     <tr>\n      <th {$headerStyle}>\n       {ts}Payment Due{/ts}\n      </th>\n     </tr>\n     <tr>\n      <td {$labelStyle}>\n       {ts}Amount Due{/ts}\n      </td>\n      <td {$valueStyle}>\n       {$amount_due|crmMoney:$currency}\n      </td>\n     </tr>\n    </table>\n   </td>\n  </tr>\n\n  <tr>\n   <td>\n    {if $contribution_page_id}\n     {capture assign=contributionUrl}{crmURL p=\'civicrm/contribute/transact\' q=\"reset=1&id=`$contribution_page_id`&cid=`{contact.id}`&pledgeId=`$pledge_id`&cs=`$checksumValue`\" a=true h=0 fe=1}{/capture}\n     <p><a href=\"{$contributionUrl}\">{ts}Go to a web page where you can make your payment online{/ts}</a></p>\n    {else}\n     <p>{ts}Please mail your payment to{/ts}: {domain.address}</p>\n    {/if}\n   </td>\n  </tr>\n\n  <tr>\n   <td>\n    <table style=\"border: 1px solid #999; margin: 1em 0em 1em; border-collapse: collapse; width:100%;\">\n     <tr>\n      <th {$headerStyle}>\n       {ts}Pledge Information{/ts}\n      </th>\n     </tr>\n     <tr>\n      <td {$labelStyle}>\n       {ts}Pledge Received{/ts}\n      </td>\n      <td {$valueStyle}>\n       {$create_date|truncate:10:\'\'|crmDate}\n      </td>\n     </tr>\n     <tr>\n      <td {$labelStyle}>\n       {ts}Total Pledge Amount{/ts}\n      </td>\n      <td {$valueStyle}>\n       {$amount|crmMoney:$currency}\n      </td>\n     </tr>\n     <tr>\n      <td {$labelStyle}>\n       {ts}Total Paid{/ts}\n      </td>\n      <td {$valueStyle}>\n       {$amount_paid|crmMoney:$currency}\n      </td>\n     </tr>\n    </table>\n   </td>\n  </tr>\n\n  <tr>\n   <td>\n    <p>{ts 1=\'{domain.phone}\' 2=\'{domain.email}\'}Please contact us at %1 or send email to %2 if you have questions\nor need to modify your payment schedule.{/ts}</p>\n    <p>{ts}Thank you for your generous support.{/ts}</p>\n   </td>\n  </tr>\n\n </table>\n\n</body>\n</html>\n',1,841,'pledge_reminder',1,0,0,NULL),
 (56,'Pledges - Payment Reminder','{ts}Pledge Payment Reminder{/ts} - {contact.display_name}\n','','<!DOCTYPE html PUBLIC \"-//W3C//DTD XHTML 1.0 Transitional//EN\" \"http://www.w3.org/TR/xhtml1/DTD/xhtml1-transitional.dtd\">\n<html xmlns=\"http://www.w3.org/1999/xhtml\">\n<head>\n <meta http-equiv=\"Content-Type\" content=\"text/html; charset=UTF-8\" />\n <title></title>\n</head>\n<body>\n\n{capture assign=headerStyle}colspan=\"2\" style=\"text-align: left; padding: 4px; border-bottom: 1px solid #999; background-color: #eee;\"{/capture}\n{capture assign=labelStyle}style=\"padding: 4px; border-bottom: 1px solid #999; background-color: #f7f7f7;\"{/capture}\n{capture assign=valueStyle}style=\"padding: 4px; border-bottom: 1px solid #999;\"{/capture}\n\n  <!-- BEGIN HEADER -->\n    {* To modify content in this section, you can edit the Custom Token named \"Message Header\". See also: https://docs.civicrm.org/user/en/latest/email/message-templates/#modifying-system-workflow-message-templates *}\n    {site.message_header}\n  <!-- END HEADER -->\n\n  <!-- BEGIN CONTENT -->\n\n  <table id=\"crm-event_receipt\" style=\"font-family: Arial, Verdana, sans-serif; text-align: left; width:100%; max-width:700px; padding:0; margin:0; border:0px;\">\n  <tr>\n   <td>\n    {assign var=\"greeting\" value=\"{contact.email_greeting_display}\"}{if $greeting}<p>{$greeting},</p>{/if}\n    <p>{ts 1=$next_payment|truncate:10:\'\'|crmDate}This is a reminder that the next payment on your pledge is due on %1.{/ts}</p>\n   </td>\n  </tr>\n  <tr>\n   <td>\n    <table style=\"border: 1px solid #999; margin: 1em 0em 1em; border-collapse: collapse; width:100%;\">\n     <tr>\n      <th {$headerStyle}>\n       {ts}Payment Due{/ts}\n      </th>\n     </tr>\n     <tr>\n      <td {$labelStyle}>\n       {ts}Amount Due{/ts}\n      </td>\n      <td {$valueStyle}>\n       {$amount_due|crmMoney:$currency}\n      </td>\n     </tr>\n    </table>\n   </td>\n  </tr>\n\n  <tr>\n   <td>\n    {if $contribution_page_id}\n     {capture assign=contributionUrl}{crmURL p=\'civicrm/contribute/transact\' q=\"reset=1&id=`$contribution_page_id`&cid=`{contact.id}`&pledgeId=`$pledge_id`&cs=`$checksumValue`\" a=true h=0 fe=1}{/capture}\n     <p><a href=\"{$contributionUrl}\">{ts}Go to a web page where you can make your payment online{/ts}</a></p>\n    {else}\n     <p>{ts}Please mail your payment to{/ts}: {domain.address}</p>\n    {/if}\n   </td>\n  </tr>\n\n  <tr>\n   <td>\n    <table style=\"border: 1px solid #999; margin: 1em 0em 1em; border-collapse: collapse; width:100%;\">\n     <tr>\n      <th {$headerStyle}>\n       {ts}Pledge Information{/ts}\n      </th>\n     </tr>\n     <tr>\n      <td {$labelStyle}>\n       {ts}Pledge Received{/ts}\n      </td>\n      <td {$valueStyle}>\n       {$create_date|truncate:10:\'\'|crmDate}\n      </td>\n     </tr>\n     <tr>\n      <td {$labelStyle}>\n       {ts}Total Pledge Amount{/ts}\n      </td>\n      <td {$valueStyle}>\n       {$amount|crmMoney:$currency}\n      </td>\n     </tr>\n     <tr>\n      <td {$labelStyle}>\n       {ts}Total Paid{/ts}\n      </td>\n      <td {$valueStyle}>\n       {$amount_paid|crmMoney:$currency}\n      </td>\n     </tr>\n    </table>\n   </td>\n  </tr>\n\n  <tr>\n   <td>\n    <p>{ts 1=\'{domain.phone}\' 2=\'{domain.email}\'}Please contact us at %1 or send email to %2 if you have questions\nor need to modify your payment schedule.{/ts}</p>\n    <p>{ts}Thank you for your generous support.{/ts}</p>\n   </td>\n  </tr>\n\n </table>\n\n</body>\n</html>\n',1,841,'pledge_reminder',0,1,0,NULL),
 (57,'Profiles - Admin Notification','{$grouptitle} {ts 1=$userDisplayName}Submitted by %1{/ts} - {contact.display_name}\n','','<!DOCTYPE html PUBLIC \"-//W3C//DTD XHTML 1.0 Transitional//EN\" \"http://www.w3.org/TR/xhtml1/DTD/xhtml1-transitional.dtd\">\n<html xmlns=\"http://www.w3.org/1999/xhtml\">\n<head>\n <meta http-equiv=\"Content-Type\" content=\"text/html; charset=UTF-8\" />\n <title></title>\n</head>\n<body>\n\n{capture assign=headerStyle}colspan=\"2\" style=\"text-align: left; padding: 4px; border-bottom: 1px solid #999; background-color: #eee;\"{/capture}\n{capture assign=labelStyle}style=\"padding: 4px; border-bottom: 1px solid #999; background-color: #f7f7f7;\"{/capture}\n{capture assign=valueStyle}style=\"padding: 4px; border-bottom: 1px solid #999;\"{/capture}\n\n  <!-- BEGIN HEADER -->\n    {* To modify content in this section, you can edit the Custom Token named \"Message Header\". See also: https://docs.civicrm.org/user/en/latest/email/message-templates/#modifying-system-workflow-message-templates *}\n    {site.message_header}\n  <!-- END HEADER -->\n\n  <!-- BEGIN CONTENT -->\n\n  <table id=\"crm-event_receipt\" style=\"font-family: Arial, Verdana, sans-serif; text-align: left; width:100%; max-width:700px; padding:0; margin:0; border:0px;\">\n  <tr>\n   <td>\n    <table style=\"border: 1px solid #999; margin: 1em 0em 1em; border-collapse: collapse; width:100%;\">\n     <tr>\n      <td {$labelStyle}>\n       {ts}Submitted For{/ts}\n      </td>\n      <td {$valueStyle}>\n       {contact.display_name}\n      </td>\n     </tr>\n     <tr>\n      <td {$labelStyle}>\n       {ts}Date{/ts}\n      </td>\n      <td {$valueStyle}>\n       {domain.now|crmDate:\"Full\"}\n      </td>\n     </tr>\n     <tr>\n      <td {$labelStyle}>\n       {ts}Contact Summary{/ts}\n      </td>\n      <td {$valueStyle}>\n       {$contactLink}\n      </td>\n     </tr>\n\n     <tr>\n      <th {$headerStyle}>\n       {$grouptitle}\n      </th>\n     </tr>\n\n     {foreach from=$values item=value key=valueName}\n      <tr>\n       <td {$labelStyle}>\n        {$valueName}\n       </td>\n       <td {$valueStyle}>\n        {$value}\n       </td>\n      </tr>\n     {/foreach}\n    </table>\n   </td>\n  </tr>\n\n </table>\n\n</body>\n</html>\n',1,842,'uf_notify',1,0,0,NULL),
 (58,'Profiles - Admin Notification','{$grouptitle} {ts 1=$userDisplayName}Submitted by %1{/ts} - {contact.display_name}\n','','<!DOCTYPE html PUBLIC \"-//W3C//DTD XHTML 1.0 Transitional//EN\" \"http://www.w3.org/TR/xhtml1/DTD/xhtml1-transitional.dtd\">\n<html xmlns=\"http://www.w3.org/1999/xhtml\">\n<head>\n <meta http-equiv=\"Content-Type\" content=\"text/html; charset=UTF-8\" />\n <title></title>\n</head>\n<body>\n\n{capture assign=headerStyle}colspan=\"2\" style=\"text-align: left; padding: 4px; border-bottom: 1px solid #999; background-color: #eee;\"{/capture}\n{capture assign=labelStyle}style=\"padding: 4px; border-bottom: 1px solid #999; background-color: #f7f7f7;\"{/capture}\n{capture assign=valueStyle}style=\"padding: 4px; border-bottom: 1px solid #999;\"{/capture}\n\n  <!-- BEGIN HEADER -->\n    {* To modify content in this section, you can edit the Custom Token named \"Message Header\". See also: https://docs.civicrm.org/user/en/latest/email/message-templates/#modifying-system-workflow-message-templates *}\n    {site.message_header}\n  <!-- END HEADER -->\n\n  <!-- BEGIN CONTENT -->\n\n  <table id=\"crm-event_receipt\" style=\"font-family: Arial, Verdana, sans-serif; text-align: left; width:100%; max-width:700px; padding:0; margin:0; border:0px;\">\n  <tr>\n   <td>\n    <table style=\"border: 1px solid #999; margin: 1em 0em 1em; border-collapse: collapse; width:100%;\">\n     <tr>\n      <td {$labelStyle}>\n       {ts}Submitted For{/ts}\n      </td>\n      <td {$valueStyle}>\n       {contact.display_name}\n      </td>\n     </tr>\n     <tr>\n      <td {$labelStyle}>\n       {ts}Date{/ts}\n      </td>\n      <td {$valueStyle}>\n       {domain.now|crmDate:\"Full\"}\n      </td>\n     </tr>\n     <tr>\n      <td {$labelStyle}>\n       {ts}Contact Summary{/ts}\n      </td>\n      <td {$valueStyle}>\n       {$contactLink}\n      </td>\n     </tr>\n\n     <tr>\n      <th {$headerStyle}>\n       {$grouptitle}\n      </th>\n     </tr>\n\n     {foreach from=$values item=value key=valueName}\n      <tr>\n       <td {$labelStyle}>\n        {$valueName}\n       </td>\n       <td {$valueStyle}>\n        {$value}\n       </td>\n      </tr>\n     {/foreach}\n    </table>\n   </td>\n  </tr>\n\n </table>\n\n</body>\n</html>\n',1,842,'uf_notify',0,1,0,NULL),
 (59,'Petition - signature added','Thank you for signing {survey.title} - {contact.display_name}\n','','{assign var=\"greeting\" value=\"{contact.email_greeting_display}\"}{if $greeting}<p>{$greeting},</p>{/if}\n\n<p>Thank you for signing {survey.title}.</p>\n\n{capture assign=petitionURL}{crmURL p=\'civicrm/petition/sign\' q=\"sid={survey.id}\" a=1 fe=1 h=1}{/capture}\n{include file=\"CRM/common/SocialNetwork.tpl\" url=$petitionURL title=\'{survey.title}\' pageURL=$petitionURL petition_id=\'{survey.id}\' noscript=true emailMode=true}\n',1,843,'petition_sign',1,0,0,NULL),
 (60,'Petition - signature added','Thank you for signing {survey.title} - {contact.display_name}\n','','{assign var=\"greeting\" value=\"{contact.email_greeting_display}\"}{if $greeting}<p>{$greeting},</p>{/if}\n\n<p>Thank you for signing {survey.title}.</p>\n\n{capture assign=petitionURL}{crmURL p=\'civicrm/petition/sign\' q=\"sid={survey.id}\" a=1 fe=1 h=1}{/capture}\n{include file=\"CRM/common/SocialNetwork.tpl\" url=$petitionURL title=\'{survey.title}\' pageURL=$petitionURL petition_id=\'{survey.id}\' noscript=true emailMode=true}\n',1,843,'petition_sign',0,1,0,NULL),
 (61,'Petition - need verification','Confirmation of signature needed for {$petition.title} - {contact.display_name}\n','','{assign var=\"greeting\" value=\"{contact.email_greeting_display}\"}{if $greeting}<p>{$greeting},</p>{/if}\n\n<p>Thank you for signing {$petition.title}.</p>\n\n<p>In order to <b>complete your signature</b>, we must confirm your e-mail.\n<br />\nPlease do so by visiting the following web page by clicking\non the link below or pasting the link into your browser.\n<br /><br />\nEmail confirmation page: <a href=\"{$petition.confirmUrl}\">{$petition.confirmUrl}</a></p>\n\n<p>If you did not sign this petition, please ignore this message.</p>\n',1,844,'petition_confirmation_needed',1,0,0,NULL),
 (62,'Petition - need verification','Confirmation of signature needed for {$petition.title} - {contact.display_name}\n','','{assign var=\"greeting\" value=\"{contact.email_greeting_display}\"}{if $greeting}<p>{$greeting},</p>{/if}\n\n<p>Thank you for signing {$petition.title}.</p>\n\n<p>In order to <b>complete your signature</b>, we must confirm your e-mail.\n<br />\nPlease do so by visiting the following web page by clicking\non the link below or pasting the link into your browser.\n<br /><br />\nEmail confirmation page: <a href=\"{$petition.confirmUrl}\">{$petition.confirmUrl}</a></p>\n\n<p>If you did not sign this petition, please ignore this message.</p>\n',1,844,'petition_confirmation_needed',0,1,0,NULL),
 (63,'Sample CiviMail Newsletter Template','Sample CiviMail Newsletter','','<!DOCTYPE html PUBLIC \"-//W3C//DTD XHTML 1.0 Transitional//EN\" \"http://www.w3.org/TR/xhtml1/DTD/xhtml1-transitional.dtd\">\n<html xmlns=\"http://www.w3.org/1999/xhtml\">\n<head>\n <meta http-equiv=\"Content-Type\" content=\"text/html; charset=UTF-8\" />\n <title></title>\n</head>\n<body>\n\n<table width=612 cellpadding=0 cellspacing=0 bgcolor=\"#ffffff\">\n  <tr>\n    <td colspan=\"2\" bgcolor=\"#ffffff\" valign=\"middle\" >\n      <table border=\"0\" cellpadding=\"0\" cellspacing=\"0\" >\n        <tr>\n          <td>\n          <a href=\"https://civicrm.org\"><img src=\"https://civicrm.org/sites/civicrm.org/files/top-logo_2.png\" border=0 alt=\"Replace this logo with the URL to your own\"></a>\n          </td>\n          <td>&nbsp; &nbsp;</td>\n          <td>\n          <a href=\"https://civicrm.org\" style=\"text-decoration: none;\"><font size=5 face=\"Arial, Verdana, sans-serif\" color=\"#8bc539\">Your Newsletter Title</font></a>\n          </td>\n        </tr>\n      </table>\n    </td>\n  </tr>\n  <tr>\n    <td valign=\"top\" width=\"70%\">\n      <!-- left column -->\n      <table cellpadding=\"10\" cellspacing=\"0\" border=\"0\">\n      <tr>\n        <td style=\"font-family: Arial, Verdana, sans-serif; font-size: 12px;\" >\n        <font face=\"Arial, Verdana, sans-serif\" size=\"2\" >\n        Greetings {contact.display_name},\n        <br /><br />\n        This is a sample template designed to help you get started creating and sending your own CiviMail messages. This template uses an HTML layout that is generally compatible with the wide variety of email clients that your recipients might be using (e.g. Gmail, Outlook, Yahoo, etc.).\n        <br /><br />You can select this \"Sample CiviMail Newsletter Template\" from the \"Use Template\" drop-down in Step 3 of creating a mailing, and customize it to your needs. Then check the \"Save as New Template\" box on the bottom the page to save your customized version for use in future mailings.\n        <br /><br />The logo you use must be uploaded to your server.  Copy and paste the URL path to the logo into the &lt;img src= tag in the HTML at the top.  Click \"Source\" or the Image button if you are using the text editor.\n        <br /><br />\n        Edit the color of the links and headers using the color button or by editing the HTML.\n        <br /><br />\n        Your newsletter message and donation appeal can go here.  Click the link button to <a href=\"#\">create links</a> - remember to use a fully qualified URL starting with http:// in all your links!\n        <br /><br />\n        To use CiviMail:\n        <ul>\n          <li><a href=\"http://book.civicrm.org/user/advanced-configuration/email-system-configuration/\">Configure your Email System</a>.</li>\n          <li>Make sure your web hosting provider allows outgoing bulk mail, and see if they have a restriction on quantity.  If they don\'t allow bulk mail, consider <a href=\"https://civicrm.org/providers/hosting\">finding a new host</a>.</li>\n        </ul>\n        Sincerely,\n        <br /><br />\n        Your Team\n        <br /><br />\n        </font>\n        </td>\n      </tr>\n      </table>\n    </td>\n\n    <td valign=\"top\" width=\"30%\" bgcolor=\"#ffffff\" style=\"border: 1px solid #056085;\">\n      <!-- right column -->\n      <table cellpadding=10 cellspacing=0 border=0>\n      <tr>\n        <td bgcolor=\"#056085\"><font face=\"Arial, Verdana, sans-serif\" size=\"4\" color=\"#ffffff\">News and Events</font></td>\n      </tr>\n      <tr>\n        <td style=\"color: #000; font-family: Arial, Verdana, sans-serif; font-size: 12px;\" >\n        <font face=\"Arial, Verdana, sans-serif\" size=\"2\" >\n        <font color=\"#056085\"><strong>Featured Events</strong> </font><br />\n        Fundraising Dinner<br />\n        Training Meeting<br />\n        Board of Directors Annual Meeting<br />\n\n        <br /><br />\n        <font color=\"#056085\"><strong>Community Events</strong></font><br />\n        Bake Sale<br />\n        Charity Auction<br />\n        Art Exhibit<br />\n\n        <br /><br />\n        <font color=\"#056085\"><strong>Important Dates</strong></font><br />\n        Tuesday August 27<br />\n        Wednesday September 8<br />\n        Thursday September 29<br />\n        Saturday October 1<br />\n        Sunday October 20<br />\n        </font>\n        </td>\n      </tr>\n      </table>\n    </td>\n  </tr>\n\n  <tr>\n    <td colspan=\"2\">\n      <table cellpadding=\"10\" cellspacing=\"0\" border=\"0\">\n      <tr>\n        <td>\n        <font face=\"Arial, Verdana, sans-serif\" size=\"2\" >\n        <font color=\"#7dc857\"><strong>Helpful Tips</strong></font>\n        <br /><br />\n        <font color=\"#3b5187\">Tokens</font><br />\n        Click \"Insert Tokens\" to dynamically insert names, addresses, and other contact data of your recipients.\n        <br /><br />\n        <font color=\"#3b5187\">Plain Text Version</font><br />\n        Some people refuse HTML emails altogether.  We recommend sending a plain-text version of your important communications to accommodate them.  Luckily, CiviCRM accommodates for this!  Just click \"Plain Text\" and copy and paste in some text.  Line breaks (carriage returns) and fully qualified URLs like http://www.example.com are all you get, no HTML here!\n        <br /><br />\n        <font color=\"#3b5187\">Play by the Rules</font><br />\n        The address of the sender is required by the Can Spam Act law.  This is an available token called domain.address.  An unsubscribe or opt-out link is also required.  There are several available tokens for this. <em>{action.optOutUrl}</em> creates a link for recipients to click if they want to opt out of receiving  emails from your organization. <em>{action.unsubscribeUrl}</em> creates a link to unsubscribe from the specific mailing list used to send this message. Click on \"Insert Tokens\" to find these and look for tokens named \"Domain\" or \"Unsubscribe\".  This sample template includes both required tokens at the bottom of the message. You can also configure a default Mailing Footer containing these tokens.\n        <br /><br />\n        <font color=\"#3b5187\">Composing Offline</font><br />\n        If you prefer to compose an HTML email offline in your own text editor, you can upload this HTML content into CiviMail or simply click \"Source\" and then copy and paste the HTML in.\n        <br /><br />\n        <font color=\"#3b5187\">Images</font><br />\n        Most email clients these days (Outlook, Gmail, etc) block image loading by default.  This is to protect their users from annoying or harmful email.  Not much we can do about this, so encourage recipients to add you to their contacts or \"whitelist\".  Also use images sparingly, do not rely on images to convey vital information, and always use HTML \"alt\" tags which describe the image content.\n        </td>\n      </tr>\n      </table>\n    </td>\n  </tr>\n  <tr>\n    <td colspan=\"2\" style=\"color: #000; font-family: Arial, Verdana, sans-serif; font-size: 10px;\">\n      <font face=\"Arial, Verdana, sans-serif\" size=\"2\" >\n      <hr />\n      <a href=\"{action.unsubscribeUrl}\" title=\"click to unsubscribe\">Click here</a> to unsubscribe from this mailing list.<br /><br />\n      Our mailing address is:<br />\n      {domain.address}\n    </td>\n  </tr>\n  </table>\n\n</body>\n</html>\n',1,NULL,NULL,1,0,0,NULL),
 (64,'Sample Responsive Design Newsletter - Single Column Template','Sample Responsive Design Newsletter - Single Column','','<html xmlns=\"http://www.w3.org/1999/xhtml\">\n<meta content=\"text/html; charset=utf-8\" http-equiv=\"Content-Type\" />\n  <meta content=\"width=device-width, initial-scale=1.0\" name=\"viewport\" />\n  <title></title>\n\n  <style type=\"text/css\">\n    {literal}\n    /* Client-specific Styles */\n    #outlook a {padding:0;} /* Force Outlook to provide a \"view in browser\" menu link. */\n    body{width:100% !important; -webkit-text-size-adjust:100%; -ms-text-size-adjust:100%; margin:0; padding:0;}\n\n    /* Prevent Webkit and Windows Mobile platforms from changing default font sizes, while not breaking desktop design. */\n    .ExternalClass {width:100%;} /* Force Hotmail to display emails at full width */\n    .ExternalClass, .ExternalClass p, .ExternalClass span, .ExternalClass font, .ExternalClass td, .ExternalClass div {line-height: 100%;} /* Force Hotmail to display normal line spacing. */\n    #backgroundTable {margin:0; padding:0; width:100% !important; line-height: 100% !important;}\n    img {outline:none; text-decoration:none;border:none; -ms-interpolation-mode: bicubic;}\n    a img {border:none;}\n    .image_fix {display:block;}\n    p {margin: 0px 0px !important;}\n    table td {border-collapse: collapse;}\n    table { border-collapse:collapse; mso-table-lspace:0pt; mso-table-rspace:0pt; }\n    a {text-decoration: none;text-decoration:none;}\n\n    /*STYLES*/\n    table[class=full] { width: 100%; clear: both; }\n\n    /*IPAD STYLES*/\n    @media only screen and (max-width: 640px) {\n    a[href^=\"tel\"], a[href^=\"sms\"] {text-decoration: none;color:#136388;pointer-events: none;cursor: default;}\n    .mobile_link a[href^=\"tel\"], .mobile_link a[href^=\"sms\"] {text-decoration: default;color:#136388;pointer-events: auto;cursor: default;}\n    table[class=devicewidth] {width: 440px!important;text-align:center!important;}\n    table[class=devicewidthmob] {width: 416px!important;text-align:center!important;}\n    table[class=devicewidthinner] {width: 416px!important;text-align:center!important;}\n    img[class=banner] {width: 440px!important;auto!important;}\n    img[class=col2img] {width: 440px!important;height:auto!important;}\n    table[class=\"cols3inner\"] {width: 100px!important;}\n    table[class=\"col3img\"] {width: 131px!important;}\n    img[class=\"col3img\"] {width: 131px!important;height: auto!important;}\n    table[class=\"removeMobile\"]{width:10px!important;}\n    img[class=\"blog\"] {width: 440px!important;height: auto!important;}\n    }\n\n    /*IPHONE STYLES*/\n    @media only screen and (max-width: 480px) {\n    a[href^=\"tel\"], a[href^=\"sms\"] {text-decoration: none;color: #136388;pointer-events: none;cursor: default;}\n    .mobile_link a[href^=\"tel\"], .mobile_link a[href^=\"sms\"] {text-decoration: none;color:#136388;pointer-events: auto;cursor: default;}\n\n    table[class=devicewidth] {width: 280px!important;text-align:center!important;}\n    table[class=devicewidthmob] {width: 260px!important;text-align:center!important;}\n    table[class=devicewidthinner] {width: 260px!important;text-align:center!important;}\n    img[class=banner] {width: 280px!important;height:100px!important;}\n    img[class=col2img] {width: 280px!important;height:auto!important;}\n    table[class=\"cols3inner\"] {width: 260px!important;}\n    img[class=\"col3img\"] {width: 280px!important;height: auto!important;}\n    table[class=\"col3img\"] {width: 280px!important;}\n    img[class=\"blog\"] {width: 280px!important;auto!important;}\n    td[class=\"padding-top-right15\"]{padding:15px 15px 0 0 !important;}\n    td[class=\"padding-right15\"]{padding-right:15px !important;}\n    }\n\n    @media only screen and (max-device-width: 800px)\n    {td[class=\"padding-top-right15\"]{padding:15px 15px 0 0 !important;}\n    td[class=\"padding-right15\"]{padding-right:15px !important;}}\n    @media only screen and (max-device-width: 769px) {\n    .devicewidthmob {font-size:16px;}\n    }\n\n    @media only screen and (max-width: 640px) {\n    .desktop-spacer {display:none !important;}\n }\n  {/literal}\n  </style>\n\n<body>\n  <!-- Start of preheader --><!-- Start of preheader -->\n  <table bgcolor=\"#89c66b\" border=\"0\" cellpadding=\"0\" cellspacing=\"0\" id=\"backgroundTable\" width=\"100%\">\n  	<tbody>\n  		<tr>\n  			<td>\n  			<table align=\"center\" border=\"0\" cellpadding=\"0\" cellspacing=\"0\" class=\"devicewidth\" width=\"650\">\n  				<tbody>\n  					<tr>\n  						<td width=\"100%\">\n  						<table align=\"center\" border=\"0\" cellpadding=\"0\" cellspacing=\"0\" class=\"devicewidth\" width=\"650\">\n  							<tbody><!-- Spacing -->\n  								<tr>\n  									<td height=\"20\" width=\"100%\">&nbsp;</td>\n  								</tr>\n  								<!-- Spacing -->\n  								<tr>\n  									<td>\n  									<table align=\"left\" border=\"0\" cellpadding=\"0\" cellspacing=\"0\" class=\"devicewidthinner\" width=\"310\">\n  										<tbody>\n  											<tr>\n  												<td align=\"left\" style=\"font-family: Helvetica, arial, sans-serif; font-size: 16px; line-height:120%; color: #f8f8f8;padding-left:15px; padding-bottom:5px;\" valign=\"middle\">Organization or Program Name Here</td>\n  											</tr>\n  										</tbody>\n  									</table>\n\n  									<table align=\"right\" border=\"0\" cellpadding=\"0\" cellspacing=\"0\" class=\"emhide\" width=\"310\">\n  										<tbody>\n  											<tr>\n                          <td align=\"right\" style=\"font-family: Helvetica, arial, sans-serif; font-size: 16px;color: #f8f8f8;padding-right:15px; text-align:right;\" valign=\"middle\">Month and Year</td>\n  											</tr>\n  										</tbody>\n  									</table>\n  									</td>\n  								</tr>\n  								<!-- Spacing -->\n  								<tr>\n  									<td height=\"20\" width=\"100%\">&nbsp;</td>\n  								</tr>\n  								<!-- Spacing -->\n  							</tbody>\n  						</table>\n  						</td>\n  					</tr>\n  				</tbody>\n  			</table>\n  			</td>\n  		</tr>\n  	</tbody>\n  </table>\n  <!-- End of main-banner-->\n\n  <table bgcolor=\"#d8d8d8\" border=\"0\" cellpadding=\"0\" cellspacing=\"0\" id=\"backgroundTable\" st-sortable=\"left-image\" width=\"100%\">\n  	<tbody>\n  		<tr>\n  			<td>\n  			<table align=\"center\" border=\"0\" cellpadding=\"0\" cellspacing=\"0\" class=\"devicewidth\" width=\"650\">\n  				<tbody>\n  					<tr>\n  						<td width=\"100%\">\n  						<table align=\"center\" bgcolor=\"#ffffff\" border=\"0\" cellpadding=\"0\" cellspacing=\"0\" class=\"devicewidth\" width=\"650\">\n  							<tbody><!-- Spacing -->\n  								<tr>\n  									<td height=\"20\" width=\"100%\">\n  									<table align=\"center\" border=\"0\" cellpadding=\"2\" cellspacing=\"0\" width=\"93%\">\n  										<tbody>\n  											<tr>\n                          <td rowspan=\"2\" style=\"padding-top:10px; padding-bottom:10px;\" width=\"38%\"><img src=\"https://civicrm.org/sites/default/files/civicrm/custom/images/civicrm-logo-transparent.png\" alt=\"Replace with your own logo\" width=\"220\" border=\"0\" /></td>\n  												<td align=\"right\" width=\"62%\">\n  												<h6 class=\"collapse\">&nbsp;</h6>\n  												</td>\n  											</tr>\n  											<tr>\n  												<td align=\"right\">\n  												<h5 style=\"font-family: Gill Sans, Gill Sans MT, Myriad Pro, DejaVu Sans Condensed, Helvetica, Arial, sans-serif; color:#136388;\">&nbsp;</h5>\n  												</td>\n  											</tr>\n  										</tbody>\n  									</table>\n  									</td>\n  								</tr>\n  								<tr>\n  									<td>\n  									<table align=\"center\" border=\"0\" cellpadding=\"0\" cellspacing=\"0\" class=\"devicewidth\" width=\"650\">\n  										<tbody>\n  											<tr>\n  												<td width=\"100%\">\n  												<table align=\"center\" bgcolor=\"#ffffff\" border=\"0\" cellpadding=\"0\" cellspacing=\"0\" class=\"devicewidth\" width=\"650\">\n  													<tbody><!-- /Spacing -->\n  														<tr>\n  															<td style=\"font-family: Helvetica, arial, sans-serif; font-size: 23px; color:#f8f8f8; text-align:left; line-height: 32px; padding:5px 15px; background-color:#136388;\">Headline Here</td>\n  														</tr>\n  														<!-- Spacing -->\n  														<tr>\n  															<td>\n  															<table align=\"center\" border=\"0\" cellpadding=\"0\" cellspacing=\"0\" class=\"devicewidthinner\" width=\"650\">\n  																<tbody><!-- hero story -->\n  																	<tr>\n  																		<td align=\"center\" class=\"devicewidthinner\" width=\"100%\">\n  																		<div class=\"imgpop\"><a href=\"#\"><img alt=\"\" border=\"0\" class=\"blog\" height=\"auto\" src=\"https://civicrm.org/sites/default/files/civicrm/custom/images/650x396.png\" style=\"display:block; border:none; outline:none; text-decoration:none; padding:0; line-height:0;\" width=\"650\" /></a></div>\n  																		</td>\n  																	</tr>\n  																	<!-- /hero image --><!-- Spacing -->\n  																	<tr>\n  																		<td height=\"15\" style=\"font-size:1px; line-height:1px; mso-line-height-rule: exactly;\" width=\"100%\">&nbsp;</td>\n  																	</tr>\n  																	<!-- /Spacing -->\n  																	<tr>\n  																		<td style=\"font-family: Helvetica, arial, sans-serif; font-size: 18px;  text-align:left; line-height: 26px; padding:0 15px; color:#89c66b;\"><a href=\"#\" style=\"color:#89c66b;\">Your Heading Here</a></td>\n  																	</tr>\n  																	<!-- Spacing -->\n  																	<tr>\n  																		<td height=\"15\" style=\"font-size:1px; line-height:1px; mso-line-height-rule: exactly;\" width=\"100%\">&nbsp;</td>\n  																	</tr>\n  																	<!-- /Spacing --><!-- content -->\n  																	<tr>\n  																		<td style=\"padding:0 15px;\">\n  																		<p style=\"font-family: Helvetica, arial, sans-serif; font-size: 16px; color: #7a6e67; text-align:left; line-height: 26px; padding-bottom:10px;\">{contact.email_greeting_display},																		</p>\n  																		<p style=\"font-family: Helvetica, arial, sans-serif; font-size: 16px; color: #7a6e67; text-align:left; line-height: 26px; padding-bottom:10px;\"><span class=\"padding-right15\" style=\"font-family: Helvetica, arial, sans-serif; font-size: 14px; color: #7a6e67; text-align:left; line-height: 24px;\">Replace with your text and images, and remember to link the facebook and twitter links in the footer to your pages. Have fun!</span></p>\n  																		</td>\n  																	</tr>\n  																	<tr>\n  																		<td class=\"padding-right15\" style=\"font-family: Helvetica, arial, sans-serif; font-size: 16px; font-weight:bold; color: #333333; text-align:left;line-height: 24px; padding-top:10px; padding-left:15px;\"><a href=\"#\" style=\"color:#136388;text-decoration:none;font-weight:bold;\" target=\"_blank\" title=\"read more\">Read More</a></td>\n  																	</tr>\n  																	<!-- /button --><!-- Spacing -->\n  																	<tr>\n  																		<td height=\"20\" style=\"font-size:1px; line-height:1px; mso-line-height-rule: exactly;\">&nbsp;</td>\n  																	</tr>\n  																	<!-- Spacing --><!-- end of content -->\n  																</tbody>\n  															</table>\n  															</td>\n  														</tr>\n  													</tbody>\n  												</table>\n  												</td>\n  											</tr>\n  										</tbody>\n  									</table>\n  									</td>\n  								</tr>\n  							</tbody>\n  						</table>\n  						</td>\n  					</tr>\n  				</tbody>\n  			</table>\n  			</td>\n  		</tr>\n  	</tbody>\n  </table>\n  <!-- end of hero image and story --><!-- story 1 -->\n\n  <table bgcolor=\"#d8d8d8\" border=\"0\" cellpadding=\"0\" cellspacing=\"0\" id=\"backgroundTable\" st-sortable=\"left-image\" width=\"100%\">\n  	<tbody>\n  		<tr>\n  			<td>\n  			<table align=\"center\" border=\"0\" cellpadding=\"0\" cellspacing=\"0\" class=\"devicewidth\" width=\"650\">\n  				<tbody>\n  					<tr>\n  						<td width=\"100%\">\n  						<table align=\"center\" bgcolor=\"#ffffff\" border=\"0\" cellpadding=\"0\" cellspacing=\"0\" class=\"devicewidth\" width=\"650\">\n  							<tbody><!-- Spacing -->\n  								<tr>\n  									<td>\n  									<table align=\"center\" border=\"0\" cellpadding=\"0\" cellspacing=\"0\" class=\"devicewidth\" width=\"650\">\n  										<tbody>\n  											<tr>\n  												<td width=\"100%\">\n  												<table align=\"center\" bgcolor=\"#ffffff\" border=\"0\" cellpadding=\"0\" cellspacing=\"0\" class=\"devicewidth\" width=\"650\">\n  													<tbody>\n  														<tr>\n  															<td>\n  															<table align=\"center\" border=\"0\" cellpadding=\"0\" cellspacing=\"0\" class=\"devicewidthinner\" width=\"650\">\n  																<tbody><!-- image -->\n  																	<tr>\n  																		<td align=\"center\" class=\"devicewidthinner\" width=\"100%\">\n  																		<div class=\"imgpop\"><a href=\"#\" target=\"_blank\"><img alt=\"\" border=\"0\" class=\"blog\" height=\"250\" src=\"https://civicrm.org/sites/default/files/civicrm/custom/images/banner-image-650-250.png\" style=\"display:block; border:none; outline:none; text-decoration:none; padding:0; line-height:0;\" width=\"650\" /></a></div>\n  																		</td>\n  																	</tr>\n  																	<!-- /image --><!-- Spacing -->\n  																	<tr>\n  																		<td height=\"15\" style=\"font-size:1px; line-height:1px; mso-line-height-rule: exactly;\" width=\"100%\">&nbsp;</td>\n  																	</tr>\n  																	<!-- /Spacing -->\n  																	<tr>\n  																		<td style=\"font-family: Helvetica, arial, sans-serif; font-size: 18px;  text-align:left; line-height: 26px; padding:0 15px;\"><a href=\"#\" style=\"color:#89c66b;\">Your Heading  Here</a></td>\n  																	</tr>\n  																	<!-- Spacing -->\n  																	<tr>\n  																		<td height=\"15\" style=\"font-size:1px; line-height:1px; mso-line-height-rule: exactly;\" width=\"100%\">&nbsp;</td>\n  																	</tr>\n  																	<!-- /Spacing --><!-- content -->\n  																	<tr>\n  																		<td style=\"padding:0 15px;\">\n  																		<p style=\"font-family: Helvetica, arial, sans-serif; font-size: 16px; color: #7a6e67; text-align:left; line-height: 26px; padding-bottom:10px;\">Lorem ipsum dolor sit amet, consectetur adipisicing elit, sed do eiusmod tempor incididunt ut labore et dolore magna </p>\n  																		</td>\n  																	</tr>\n  																	<tr>\n  																		<td class=\"padding-right15\" style=\"font-family: Helvetica, arial, sans-serif; font-size: 16px; font-weight:bold; color: #333333; text-align:left;line-height: 24px; padding-top:10px; padding-left:15px;\"><a href=\"#\" style=\"color:#136388;text-decoration:none;font-weight:bold;\" target=\"_blank\" title=\"read more\">Read More</a></td>\n  																	</tr>\n  																	<!-- /button --><!-- Spacing -->\n  																	<tr>\n  																		<td height=\"20\" style=\"font-size:1px; line-height:1px; mso-line-height-rule: exactly;\">&nbsp;</td>\n  																	</tr>\n  																	<!-- Spacing --><!-- end of content -->\n  																</tbody>\n  															</table>\n  															</td>\n  														</tr>\n  													</tbody>\n  												</table>\n  												</td>\n  											</tr>\n  										</tbody>\n  									</table>\n  									</td>\n  								</tr>\n  							</tbody>\n  						</table>\n  						</td>\n  					</tr>\n  				</tbody>\n  			</table>\n  			</td>\n  		</tr>\n  	</tbody>\n  </table>\n  <!-- /story 2--><!-- banner1 -->\n\n  <table bgcolor=\"#d8d8d8\" border=\"0\" cellpadding=\"0\" cellspacing=\"0\" id=\"backgroundTable\" st-sortable=\"left-image\" width=\"100%\">\n  	<tbody>\n  		<tr>\n  			<td>\n  			<table align=\"center\" border=\"0\" cellpadding=\"0\" cellspacing=\"0\" class=\"devicewidth\" width=\"650\">\n  				<tbody>\n  					<tr>\n  						<td width=\"100%\">\n  						<table align=\"center\" bgcolor=\"#ffffff\" border=\"0\" cellpadding=\"0\" cellspacing=\"0\" class=\"devicewidth\" width=\"650\">\n  							<tbody><!-- Spacing -->\n  								<tr>\n  									<td>\n  									<table align=\"center\" border=\"0\" cellpadding=\"0\" cellspacing=\"0\" class=\"devicewidth\" width=\"650\">\n  										<tbody>\n  											<tr>\n  												<td width=\"100%\">\n  												<table align=\"center\" bgcolor=\"#89c66b\" border=\"0\" cellpadding=\"0\" cellspacing=\"0\" class=\"devicewidth\" width=\"650\">\n  													<tbody>\n  														<tr>\n  															<td>\n  															<table align=\"center\" border=\"0\" cellpadding=\"0\" cellspacing=\"0\" class=\"devicewidthinner\" width=\"650\">\n  																<tbody><!-- image -->\n  																	<tr>\n  																		<td align=\"center\" class=\"devicewidthinner\" width=\"100%\">\n  																		<div class=\"imgpop\"><a href=\"#\" target=\"_blank\"><img alt=\"\" border=\"0\" class=\"blog\" height=\"auto\" src=\"https://civicrm.org/sites/default/files/civicrm/custom/images/banner-image-650-250.png\" style=\"display:block; border:none; outline:none; text-decoration:none; padding:0; line-height:0;\" width=\"650\" /></a></div>\n  																		</td>\n  																	</tr>\n  																	<!-- /image --><!-- content --><!-- Spacing -->\n  																	<tr>\n  																		<td height=\"15\" style=\"font-size:1px; line-height:1px; mso-line-height-rule: exactly;\" width=\"100%\">&nbsp;</td>\n  																	</tr>\n  																	<!-- /Spacing -->\n  																	<tr>\n  																		<td style=\"padding:15px;\">\n  																		<p style=\"font-family: Helvetica, arial, sans-serif; font-size: 16px; color: #f0f0f0; text-align:left; line-height: 26px; padding-bottom:10px;\">Lorem ipsum dolor sit amet, consectetur adipisicing elit, sed do eiusmod tempor incididunt ut labore et dolore magna </p>\n  																		</td>\n  																	</tr>\n  																	<!-- /button --><!-- white button -->\n  																	<!-- /button --><!-- Spacing --><!-- end of content -->\n  																</tbody>\n  															</table>\n  															</td>\n  														</tr>\n  													</tbody>\n  												</table>\n  												</td>\n  											</tr>\n  										</tbody>\n  									</table>\n  									</td>\n  								</tr>\n  							</tbody>\n  						</table>\n  						</td>\n  					</tr>\n  				</tbody>\n  			</table>\n  			</td>\n  		</tr>\n  	</tbody>\n  </table>\n  <!-- /banner 1--><!-- banner 2 -->\n\n  <table bgcolor=\"#d8d8d8\" border=\"0\" cellpadding=\"0\" cellspacing=\"0\" id=\"backgroundTable\" st-sortable=\"left-image\" width=\"100%\">\n  	<tbody>\n  		<tr>\n  			<td>\n  			<table align=\"center\" border=\"0\" cellpadding=\"0\" cellspacing=\"0\" class=\"devicewidth\" width=\"650\">\n  				<tbody>\n  					<tr>\n  						<td width=\"100%\">\n  						<table align=\"center\" bgcolor=\"#ffffff\" border=\"0\" cellpadding=\"0\" cellspacing=\"0\" class=\"devicewidth\" width=\"650\">\n  							<tbody><!-- Spacing -->\n  								<tr>\n  									<td>\n  									<table align=\"center\" border=\"0\" cellpadding=\"0\" cellspacing=\"0\" class=\"devicewidth\" width=\"650\">\n  										<tbody>\n  											<tr>\n  												<td width=\"100%\">\n  												<table align=\"center\" bgcolor=\"#136388\" border=\"0\" cellpadding=\"0\" cellspacing=\"0\" class=\"devicewidth\" width=\"650\">\n  													<tbody>\n  														<tr>\n  															<td>\n  															<table align=\"center\" border=\"0\" cellpadding=\"0\" cellspacing=\"0\" class=\"devicewidthinner\" width=\"650\">\n  																<tbody><!-- image -->\n  																	<tr>\n  																		<td align=\"center\" class=\"devicewidthinner\" width=\"100%\">\n  																		<div class=\"imgpop\"><a href=\"#\" target=\"_blank\"><img alt=\"\" border=\"0\" class=\"blog\" height=\"auto\" src=\"https://civicrm.org/sites/default/files/civicrm/custom/images/banner-image-650-250.png\" style=\"display:block; border:none; outline:none; text-decoration:none; padding:0; line-height:0;\" width=\"650\" /></a></div>\n  																		</td>\n  																	</tr>\n  																	<!-- /image --><!-- content --><!-- Spacing -->\n  																	<tr>\n  																		<td height=\"15\" style=\"font-size:1px; line-height:1px; mso-line-height-rule: exactly;\" width=\"100%\">&nbsp;</td>\n  																	</tr>\n  																	<!-- /Spacing -->\n  																	<tr>\n  																		<td style=\"padding: 15px;\">\n  																		<p style=\"font-family: Helvetica, arial, sans-serif; font-size: 16px; color: #f0f0f0; text-align:left; line-height: 26px; padding-bottom:10px;\">Remember to link the facebook and twitter links below to your pages!</p>\n  																		</td>\n  																	</tr>\n  																	<!-- /button --><!-- white button -->\n  																	<tr>\n  																		<td class=\"padding-right15\" style=\"font-family: Helvetica, arial, sans-serif; font-size: 16px; font-weight:bold; color: #333333; text-align:left;line-height: 24px; padding-top:10px; padding-bottom:10px; padding-left:15px;\"><a href=\"#\" style=\"color:#ffffff;text-decoration:none;font-weight:bold;\" target=\"_blank\" title=\"read more\">Read More</a></td>\n  																	</tr>\n  																	<!-- /button --><!-- Spacing --><!-- end of content -->\n  																</tbody>\n  															</table>\n  															</td>\n  														</tr>\n  													</tbody>\n  												</table>\n  												</td>\n  											</tr>\n  										</tbody>\n  									</table>\n  									</td>\n  								</tr>\n  							</tbody>\n  						</table>\n  						</td>\n  					</tr>\n  				</tbody>\n  			</table>\n  			</td>\n  		</tr>\n  	</tbody>\n  </table>\n  <!-- /banner2 --><!-- footer -->\n\n  <table bgcolor=\"#d8d8d8\" border=\"0\" cellpadding=\"0\" cellspacing=\"0\" id=\"backgroundTable\" st-sortable=\"footer\" width=\"100%\">\n  	<tbody>\n  		<tr>\n  			<td>\n  			<table align=\"center\" border=\"0\" cellpadding=\"0\" cellspacing=\"0\" class=\"devicewidth\" width=\"650\">\n  				<tbody>\n  					<tr>\n  						<td width=\"100%\">\n  						<table align=\"center\" bgcolor=\"#89c66b\"  border=\"0\" cellpadding=\"0\" cellspacing=\"0\" class=\"devicewidth\" width=\"650\">\n  							<tbody><!-- Spacing -->\n  								<tr>\n  									<td height=\"10\" style=\"font-size:1px; line-height:1px; mso-line-height-rule: exactly;\">&nbsp;</td>\n  								</tr>\n  								<!-- Spacing -->\n  								<tr>\n  									<td><!-- logo -->\n  									<table align=\"left\" border=\"0\" cellpadding=\"0\" cellspacing=\"0\" width=\"250\">\n  										<tbody>\n  											<tr>\n  												<td width=\"20\">&nbsp;</td>\n  												<td align=\"left\" height=\"40\" width=\"250\"><span style=\"font-family: Helvetica, arial, sans-serif; font-size: 13px; text-align:left; line-height: 26px; padding-bottom:10px;\"><a href=\"{action.unsubscribeUrl}\" style=\"color: #f0f0f0; \">Unsubscribe | </a><a href=\"{action.subscribeUrl}\"  style=\"color: #f0f0f0;\">Subscribe |</a> <a href=\"{action.optOutUrl}\" style=\"color: #f0f0f0;\">Opt out</a></span></td>\n  											</tr>\n  											<tr>\n  												<td width=\"20\">&nbsp;</td>\n  												<td align=\"left\" height=\"40\" width=\"250\"><span style=\"font-family: Helvetica, arial, sans-serif; font-size: 13px; text-align:left; line-height: 26px; padding-bottom:10px; color: #f0f0f0;\">{domain.address}</span></td>\n  											</tr>\n  										</tbody>\n  									</table>\n  									<!-- end of logo --><!-- start of social icons -->\n\n  									<table align=\"right\" border=\"0\" cellpadding=\"0\" cellspacing=\"0\" height=\"40\" vaalign=\"middle\" width=\"60\">\n  										<tbody>\n  											<tr>\n  												<td align=\"left\" height=\"22\" width=\"22\">\n  												<div class=\"imgpop\"><a href=\"#\" target=\"_blank\"><img alt=\"\" border=\"0\" height=\"22\" src=\"https://civicrm.org/sites/default/files/civicrm/custom/images/facebook.png\" style=\"display:block; border:none; outline:none; text-decoration:none;\" width=\"22\" /> </a></div>\n  												</td>\n  												<td align=\"left\" style=\"font-size:1px; line-height:1px;\" width=\"10\">&nbsp;</td>\n  												<td align=\"right\" height=\"22\" width=\"22\">\n  												<div class=\"imgpop\"><a href=\"#\" target=\"_blank\"><img alt=\"\" border=\"0\" height=\"22\" src=\"https://civicrm.org/sites/default/files/civicrm/custom/images/twitter.png\" style=\"display:block; border:none; outline:none; text-decoration:none;\" width=\"22\" /> </a></div>\n  												</td>\n  												<td align=\"left\" style=\"font-size:1px; line-height:1px;\" width=\"20\">&nbsp;</td>\n  											</tr>\n  										</tbody>\n  									</table>\n  									<!-- end of social icons --></td>\n  								</tr>\n  								<!-- Spacing -->\n  								<tr>\n  									<td height=\"10\" style=\"font-size:1px; line-height:1px; mso-line-height-rule: exactly;\">&nbsp;</td>\n  								</tr>\n  								<!-- Spacing -->\n  							</tbody>\n  						</table>\n  						</td>\n  					</tr>\n  				</tbody>\n  			</table>\n  			</td>\n  		</tr>\n  	</tbody>\n  </table>\n\n</body>\n</html>\n',1,NULL,NULL,1,0,0,NULL),
 (65,'Sample Responsive Design Newsletter - Two Column Template','Sample Responsive Design Newsletter - Two Column','','<html xmlns=\"http://www.w3.org/1999/xhtml\">\n  <meta content=\"text/html; charset=utf-8\" http-equiv=\"Content-Type\" />\n  <meta content=\"width=device-width, initial-scale=1.0\" name=\"viewport\" />\n  <title></title>\n  <style type=\"text/css\">\n     {literal}\n     img {height: auto !important;}\n     /* Client-specific Styles */\n     #outlook a {padding:0;} /* Force Outlook to provide a \"view in browser\" menu link. */\n     body{width:100% !important; -webkit-text-size-adjust:100%; -ms-text-size-adjust:100%; margin:0; padding:0;}\n\n     /* Prevent Webkit and Windows Mobile platforms from changing default font sizes, while not breaking desktop design. */\n     .ExternalClass {width:100%;} /* Force Hotmail to display emails at full width */\n     .ExternalClass, .ExternalClass p, .ExternalClass span, .ExternalClass font, .ExternalClass td, .ExternalClass div {line-height: 100%;} /* Force Hotmail to display normal line spacing. */\n     #backgroundTable {margin:0; padding:0; width:100% !important; line-height: 100% !important;}\n     img {outline:none; text-decoration:none;border:none; -ms-interpolation-mode: bicubic;}\n     a img {border:none;}\n     .image_fix {display:block;}\n     p {margin: 0px 0px !important;}\n     table td {border-collapse: collapse;}\n     table { border-collapse:collapse; mso-table-lspace:0pt; mso-table-rspace:0pt; }\n     a {/*color: #33b9ff;*/text-decoration: none;text-decoration:none!important;}\n\n\n     /*STYLES*/\n     table[class=full] { width: 100%; clear: both; }\n\n     /*IPAD STYLES*/\n     @media only screen and (max-width: 640px) {\n     a[href^=\"tel\"], a[href^=\"sms\"] {text-decoration: none;color: #0a8cce;pointer-events: none;cursor: default;}\n     .mobile_link a[href^=\"tel\"], .mobile_link a[href^=\"sms\"] {text-decoration: default;color: #0a8cce !important;pointer-events: auto;cursor: default;}\n     table[class=devicewidth] {width: 440px!important;text-align:center!important;}\n     table[class=devicewidthmob] {width: 414px!important;text-align:center!important;}\n     table[class=devicewidthinner] {width: 414px!important;text-align:center!important;}\n     img[class=banner] {width: 440px!important;auto!important;}\n     img[class=col2img] {width: 440px!important;height:auto!important;}\n     table[class=\"cols3inner\"] {width: 100px!important;}\n     table[class=\"col3img\"] {width: 131px!important;}\n     img[class=\"col3img\"] {width: 131px!important;height: auto!important;}\n     table[class=\"removeMobile\"]{width:10px!important;}\n     img[class=\"blog\"] {width: 440px!important;height: auto!important;}\n     }\n\n     /*IPHONE STYLES*/\n     @media only screen and (max-width: 480px) {\n     a[href^=\"tel\"], a[href^=\"sms\"] {text-decoration: none;color: #0a8cce;pointer-events: none;cursor: default;}\n     .mobile_link a[href^=\"tel\"], .mobile_link a[href^=\"sms\"] {text-decoration: default;color: #0a8cce !important; pointer-events: auto;cursor: default;}\n     table[class=devicewidth] {width: 280px!important;text-align:center!important;}\n     table[class=devicewidthmob] {width: 260px!important;text-align:center!important;}\n     table[class=devicewidthinner] {width: 260px!important;text-align:center!important;}\n     img[class=banner] {width: 280px!important;height:100px!important;}\n     img[class=col2img] {width: 280px!important;height:auto!important;}\n     table[class=\"cols3inner\"] {width: 260px!important;}\n     img[class=\"col3img\"] {width: 280px!important;height: auto!important;}\n     table[class=\"col3img\"] {width: 280px!important;}\n     img[class=\"blog\"] {width: 280px!important;auto!important;}\n     td[class=\"padding-top-right15\"]{padding:15px 15px 0 0 !important;}\n     td[class=\"padding-right15\"]{padding-right:15px !important;}\n     }\n\n     @media only screen and (max-device-width: 800px)\n     {td[class=\"padding-top-right15\"]{padding:15px 15px 0 0 !important;}\n     td[class=\"padding-right15\"]{padding-right:15px !important;}}\n     @media only screen and (max-device-width: 769px) {.devicewidthmob {font-size:14px;}}\n\n     @media only screen and (max-width: 640px) {.desktop-spacer {display:none !important;}\n	   }\n     {/literal}\n  </style>\n  <body>\n    <!-- Start of preheader --><!-- Start of preheader -->\n    <table bgcolor=\"#0B4151\" border=\"0\" cellpadding=\"0\" cellspacing=\"0\" id=\"backgroundTable\" width=\"100%\">\n    	<tbody>\n    		<tr>\n    			<td>\n    			<table align=\"center\" border=\"0\" cellpadding=\"0\" cellspacing=\"0\" class=\"devicewidth\" width=\"700\">\n    				<tbody>\n    					<tr>\n    						<td width=\"100%\">\n    						<table align=\"center\" border=\"0\" cellpadding=\"0\" cellspacing=\"0\" class=\"devicewidth\" width=\"700\">\n    							<tbody><!-- Spacing -->\n    								<tr>\n    									<td height=\"20\" width=\"100%\">&nbsp;</td>\n    								</tr>\n    								<!-- Spacing -->\n    								<tr>\n    									<td>\n    									<table align=\"left\" border=\"0\" cellpadding=\"0\" cellspacing=\"0\" class=\"devicewidthinner\" width=\"360\">\n    										<tbody>\n    											<tr>\n    												<td align=\"left\" style=\"font-family: Helvetica, arial, sans-serif; font-size: 14px; line-height:120%; color: #f8f8f8;padding-left:15px;\" valign=\"middle\">Organization or Program Name Here</td>\n    											</tr>\n    										</tbody>\n    									</table>\n\n    									<table align=\"right\" border=\"0\" cellpadding=\"0\" cellspacing=\"0\" class=\"emhide\" width=\"320\">\n    										<tbody>\n    											<tr>\n    												<td align=\"right\" style=\"font-family: Helvetica, arial, sans-serif; font-size: 16px;color: #f8f8f8;padding-right:15px;\" valign=\"middle\">Month Year</td>\n    											</tr>\n    										</tbody>\n    									</table>\n    									</td>\n    								</tr>\n    								<!-- Spacing -->\n    								<tr>\n    									<td height=\"20\" width=\"100%\">&nbsp;</td>\n    								</tr>\n    								<!-- Spacing -->\n    							</tbody>\n    						</table>\n    						</td>\n    					</tr>\n    				</tbody>\n    			</table>\n    			</td>\n    		</tr>\n    	</tbody>\n    </table>\n    <!-- End of preheader --><!-- start of logo -->\n\n    <table bgcolor=\"#d8d8d8\" border=\"0\" cellpadding=\"0\" cellspacing=\"0\" id=\"backgroundTable\" st-sortable=\"left-image\" width=\"100%\">\n    	<tbody>\n    		<tr>\n    			<td>\n    			<table align=\"center\" border=\"0\" cellpadding=\"0\" cellspacing=\"0\" class=\"devicewidthmob\" width=\"700\">\n    				<tbody>\n    					<tr>\n    						<td width=\"100%\">\n    						<table align=\"center\" bgcolor=\"#ffffff\" border=\"0\" cellpadding=\"0\" cellspacing=\"0\" class=\"devicewidth\" width=\"700\">\n    							<tbody><!-- Spacing -->\n    								<tr>\n    									<td height=\"20\" width=\"100%\">\n    									<table align=\"center\" border=\"0\" cellpadding=\"2\" cellspacing=\"0\" width=\"93%\">\n    										<tbody>\n    											<tr>\n                             <td rowspan=\"2\" width=\"330\"><a href=\"#\"> <div class=\"imgpop\"><img src=\"https://civicrm.org/sites/default/files/civicrm/custom/images/civicrm-logo-transparent.png\" alt=\"Replace with your own logo\" width=\"220\" border=\"0\" style=\"display:block;\"/></div></a></td>\n                            <td align=\"right\" >\n    												<h6 class=\"collapse\">&nbsp;</h6>\n    												</td>\n    											</tr>\n    											<tr>\n    												<td align=\"right\">\n\n    												</td>\n    											</tr>\n    										</tbody>\n    									</table>\n    									</td>\n    								</tr>\n\n    							</tbody>\n    						</table>\n    						</td>\n    					</tr>\n    				</tbody>\n    			</table>\n    			</td>\n    		</tr>\n    	</tbody>\n    </table>\n    <!-- end of logo --> <!-- hero story 1 -->\n\n    <table bgcolor=\"#d8d8d8\" border=\"0\" cellpadding=\"0\" cellspacing=\"0\" id=\"backgroundTable\" st-sortable=\"left-image\" width=\"101%\">\n    	<tbody>\n    		<tr>\n    			<td>\n    			<table align=\"center\" border=\"0\" cellpadding=\"0\" cellspacing=\"0\" class=\"devicewidth\" width=\"700\">\n    				<tbody>\n    					<tr>\n    						<td width=\"100%\">\n    						<table align=\"center\" bgcolor=\"#f8f8f8\" border=\"0\" cellpadding=\"0\" cellspacing=\"0\" class=\"devicewidth\" width=\"700\">\n    							<tbody>\n    								<tr>\n    									<td>\n    									<table align=\"center\" border=\"0\" cellpadding=\"0\" cellspacing=\"0\" class=\"devicewidth\" width=\"700\">\n    										<tbody>\n    											<tr>\n    												<td width=\"100%\">\n    												<table align=\"center\" bgcolor=\"#f8f8f8\" border=\"0\" cellpadding=\"0\" cellspacing=\"0\" class=\"devicewidth\" width=\"700\">\n    													<tbody><!-- /Spacing -->\n    														<tr>\n    															<td style=\"font-family: Helvetica, arial, sans-serif; font-size: 24px; color:#f8f8f8; text-align:left; line-height: 26px; padding:5px 15px; background-color: #80C457\">Hero Story Heading</td>\n    														</tr>\n    														<!-- Spacing -->\n    														<tr>\n    															<td>\n    															<table align=\"center\" border=\"0\" cellpadding=\"0\" cellspacing=\"0\" class=\"devicewidthinner\" width=\"700\">\n    																<tbody><!-- image -->\n    																	<tr>\n    																		<td align=\"center\" class=\"devicewidthinner\" width=\"100%\">\n    																		<div class=\"imgpop\"><a href=\"#\" target=\"_blank\"><img alt=\"\" border=\"0\" class=\"blog\" height=\"396\" src=\"https://civicrm.org/sites/default/files/civicrm/custom/images/700x396.png\" style=\"display:block; border:none; outline:none; text-decoration:none; padding:0; line-height:0;\" width=\"700\" /></a></div>\n    																		</td>\n    																	</tr>\n    																	<!-- /image --><!-- Spacing -->\n    																	<tr>\n    																		<td height=\"15\" style=\"font-size:1px; line-height:1px; mso-line-height-rule: exactly;\" width=\"100%\">&nbsp;</td>\n    																	</tr>\n    																	<!-- /Spacing --><!-- hero story -->\n    																	<tr>\n    																		<td style=\"font-family: Helvetica, arial, sans-serif; font-size: 18px;  text-align:left; line-height: 26px; padding:0 15px;\"><a href=\"#\" style=\"color:#076187; text-decoration:none; \" target=\"_blank\">Subheading Here</a></td>\n    																	</tr>\n    																	<!-- Spacing -->\n    																	<tr>\n    																		<td height=\"15\" style=\"font-size:1px; line-height:1px; mso-line-height-rule: exactly;\" width=\"100%\">&nbsp;</td>\n    																	</tr><!-- /Spacing -->\n    																	<tr>\n    																		<td style=\"font-family: Helvetica, arial, sans-serif; font-size: 14px; color: #7a6e67; text-align:left; line-height: 26px; padding:0 15px;\"><span class=\"padding-right15\" style=\"font-family: Helvetica, arial, sans-serif; font-size: 14px; color: #7a6e67; text-align:left; line-height: 24px;\">Replace with your text and images, and remember to link the facebook and twitter links in the footer to your pages. Have fun!</span></td>\n    																	</tr>\n\n    <!-- Spacing -->\n    																	<tr>\n    																		<td height=\"15\" style=\"font-size:1px; line-height:1px; mso-line-height-rule: exactly;\" width=\"100%\">&nbsp;</td>\n    																	</tr><!-- /Spacing -->\n\n              <!-- /Spacing --><!-- /hero story -->\n\n    																	<!-- Spacing -->                                                            <!-- Spacing -->\n\n\n\n    																	<!-- Spacing --><!-- end of content -->\n    																</tbody>\n    															</table>\n    															</td>\n    														</tr>\n    													</tbody>\n    												</table>\n    												</td>\n    											</tr>\n    										</tbody>\n    									</table>\n    									</td>\n    								</tr>\n    								<!-- Section Heading -->\n    								<tr>\n    									<td style=\"font-family: Helvetica, arial, sans-serif; font-size: 24px; color:#f8f8f8; text-align:left; line-height: 26px; padding:5px 15px; background-color: #80C457\">Section Heading Here</td>\n    								</tr>\n    								<!-- /Section Heading -->\n    							</tbody>\n    						</table>\n    						</td>\n    					</tr>\n    				</tbody>\n    			</table>\n    			</td>\n    		</tr>\n    	</tbody>\n    </table>\n    <!-- /hero story 1 --><!-- story one -->\n\n    <table bgcolor=\"#d8d8d8\" border=\"0\" cellpadding=\"0\" cellspacing=\"0\" id=\"backgroundTable\" st-sortable=\"left-image\" width=\"100%\">\n    	<tbody>\n    		<tr>\n    			<td>\n    			<table align=\"center\" border=\"0\" cellpadding=\"0\" cellspacing=\"0\" class=\"devicewidth\" width=\"700\">\n    				<tbody>\n    					<tr>\n    						<td width=\"100%\">\n    						<table align=\"center\" bgcolor=\"#ffffff\" border=\"0\" cellpadding=\"0\" cellspacing=\"0\" class=\"devicewidth\" width=\"700\">\n    							<tbody><!-- Spacing -->\n    								<tr>\n    									<td class=\"desktop-spacer\" height=\"20\" style=\"font-size:1px; line-height:1px; mso-line-height-rule: exactly;\">&nbsp;</td>\n    								</tr>\n    								<!-- Spacing -->\n    								<tr>\n    									<td>\n    									<table align=\"center\" border=\"0\" cellpadding=\"0\" cellspacing=\"0\" class=\"devicewidth\" width=\"660\">\n    										<tbody>\n    											<tr>\n    												<td><!-- Start of left column -->\n    												<table align=\"left\" border=\"0\" cellpadding=\"0\" cellspacing=\"0\" class=\"devicewidth\" width=\"330\">\n    													<tbody><!-- image -->\n    														<tr>\n    															<td align=\"center\" class=\"devicewidth\" height=\"150\" valign=\"top\" width=\"330\"><a href=\"#\"><img alt=\"\" border=\"0\" class=\"col2img\" src=\"https://civicrm.org/sites/default/files/civicrm/custom/images/330x150.png\" style=\"display:block; border:none; outline:none; text-decoration:none; display:block;\" width=\"330\" /></a></td>\n    														</tr>\n    														<!-- /image -->\n    													</tbody>\n    												</table>\n    												<!-- end of left column --><!-- spacing for mobile devices-->\n\n    												<table align=\"left\" border=\"0\" cellpadding=\"0\" cellspacing=\"0\" class=\"mobilespacing\">\n    													<tbody>\n    														<tr>\n    															<td height=\"15\" style=\"font-size:1px; line-height:1px; mso-line-height-rule: exactly;\" width=\"100%\">&nbsp;</td>\n    														</tr>\n    													</tbody>\n    												</table>\n    												<!-- end of for mobile devices--><!-- start of right column -->\n\n    												<table align=\"right\" border=\"0\" cellpadding=\"0\" cellspacing=\"0\" class=\"devicewidthmob\" width=\"310\">\n    													<tbody>\n    														<tr>\n    															<td class=\"padding-top-right15\" style=\"font-family: Helvetica, arial, sans-serif; font-size: 18px; text-align:left; line-height: 24px;\"><a href=\"#\" style=\"color:#076187; text-decoration:none; \" target=\"_blank\">Heading Here</a><a href=\"#\" style=\"color:#076187; text-decoration:none;\" target=\"_blank\" title=\"CiviCRM helps keep the City Beautiful Movementgoing strong\"></a></td>\n    														</tr>\n    														<!-- end of title --><!-- Spacing -->\n    														<tr>\n    															<td height=\"15\" style=\"font-size:1px; line-height:1px; mso-line-height-rule: exactly;\" width=\"100%\">&nbsp;</td>\n    														</tr>\n    														<!-- /Spacing --><!-- content -->\n    														<tr>\n    															<td class=\"padding-right15\" style=\"font-family: Helvetica, arial, sans-serif; font-size: 14px; color: #7a6e67; text-align:left; line-height: 24px;\"><span class=\"padding-right15\" style=\"font-family: Helvetica, arial, sans-serif; font-size: 14px; color: #7a6e67; text-align:left; line-height: 24px;\">Lorem ipsum dolor sit amet, consectetur adipisicing elit, sed do eiusmod\n                                                                tempor incididunt ut labore et dolore magna </span></td>\n    														</tr>\n    														<tr>\n    															<td class=\"padding-right15\" style=\"font-family: Helvetica, arial, sans-serif; font-size: 14px; font-weight:bold; color: #333333; text-align:left;line-height: 24px; padding-top:10px;\"><a href=\"#\" style=\"color:#80C457;text-decoration:none;font-weight:bold;\" target=\"_blank\" title=\"CiviCRM helps keep the City Beautiful Movementgoing strong\">Read More</a></td>\n    														</tr>\n    														<!-- /button --><!-- end of content -->\n    													</tbody>\n    												</table>\n    												<!-- end of right column --></td>\n    											</tr>\n    										</tbody>\n    									</table>\n    									</td>\n    								</tr>\n    								<!-- Spacing -->\n    								<tr>\n    									<td height=\"20\" style=\"font-size:1px; line-height:1px; mso-line-height-rule: exactly;\">&nbsp;</td>\n    								</tr>\n    							</tbody>\n    						</table>\n    						</td>\n    					</tr>\n    				</tbody>\n    			</table>\n    			</td>\n    		</tr>\n    	</tbody>\n    </table>\n    <!-- /story one -->\n    <!-- story two -->\n\n    <table bgcolor=\"#d8d8d8\" border=\"0\" cellpadding=\"0\" cellspacing=\"0\" id=\"backgroundTable\" st-sortable=\"left-image\" width=\"100%\">\n    	<tbody>\n    		<tr>\n    			<td>\n    			<table align=\"center\" border=\"0\" cellpadding=\"0\" cellspacing=\"0\" class=\"devicewidth\" width=\"700\">\n    				<tbody>\n    					<tr>\n    						<td width=\"100%\">\n    						<table align=\"center\" bgcolor=\"#ffffff\" border=\"0\" cellpadding=\"0\" cellspacing=\"0\" class=\"devicewidth\" width=\"700\">\n    							<tbody><!-- Spacing -->\n    								<tr>\n    									<td bgcolor=\"#076187\" height=\"0\" style=\"font-size:1px; line-height:1px; mso-line-height-rule: exactly;\">&nbsp;</td>\n    								</tr>\n    								<!-- Spacing --><!-- Spacing -->\n    								<tr>\n    									<td class=\"desktop-spacer\" height=\"20\" style=\"font-size:1px; line-height:1px; mso-line-height-rule: exactly;\">&nbsp;</td>\n    								</tr>\n    								<!-- Spacing -->\n    								<tr>\n    									<td>\n    									<table align=\"center\" border=\"0\" cellpadding=\"0\" cellspacing=\"0\" class=\"devicewidth\" width=\"660\">\n    										<tbody>\n    											<tr>\n    												<td><!-- Start of left column -->\n    												<table align=\"left\" border=\"0\" cellpadding=\"0\" cellspacing=\"0\" class=\"devicewidth\" width=\"330\">\n    													<tbody><!-- image -->\n    														<tr>\n    															<td align=\"center\" class=\"devicewidth\" height=\"150\" valign=\"top\" width=\"330\"><a href=\"#\"><img alt=\"\" border=\"0\" class=\"col2img\" src=\"https://civicrm.org/sites/default/files/civicrm/custom/images/330x150.png\" style=\"display:block; border:none; outline:none; text-decoration:none; display:block;\" width=\"330\" /></a></td>\n    														</tr>\n    														<!-- /image -->\n    													</tbody>\n    												</table>\n    												<!-- end of left column --><!-- spacing for mobile devices-->\n\n    												<table align=\"left\" border=\"0\" cellpadding=\"0\" cellspacing=\"0\" class=\"mobilespacing\">\n    													<tbody>\n    														<tr>\n    															<td height=\"15\" style=\"font-size:1px; line-height:1px; mso-line-height-rule: exactly;\" width=\"100%\">&nbsp;</td>\n    														</tr>\n    													</tbody>\n    												</table>\n    												<!-- end of for mobile devices--><!-- start of right column -->\n\n    												<table align=\"right\" border=\"0\" cellpadding=\"0\" cellspacing=\"0\" class=\"devicewidthmob\" width=\"310\">\n    													<tbody>\n    														<tr>\n    															<td class=\"padding-top-right15\" style=\"font-family: Helvetica, arial, sans-serif; font-size: 18px; text-align:left; line-height: 24px;\"><a href=\"#\" style=\"color:#076187; text-decoration:none; \" target=\"_blank\">Heading Here</a><a href=\"#\" style=\"color:#076187; text-decoration:none;\" target=\"_blank\" title=\"How CiviCRM will take Tribodar Eco Learning Center to another level\"></a></td>\n    														</tr>\n    														<!-- end of title --><!-- Spacing -->\n    														<tr>\n    															<td height=\"15\" style=\"font-size:1px; line-height:1px; mso-line-height-rule: exactly;\" width=\"100%\">&nbsp;</td>\n    														</tr>\n    														<!-- /Spacing --><!-- content -->\n    														<tr>\n    															<td class=\"padding-right15\" style=\"font-family: Helvetica, arial, sans-serif; font-size: 14px; color: #7a6e67; text-align:left; line-height: 24px;\"><span class=\"padding-right15\" style=\"font-family: Helvetica, arial, sans-serif; font-size: 14px; color: #7a6e67; text-align:left; line-height: 24px;\">Lorem ipsum dolor sit amet, consectetur adipisicing elit, sed do eiusmod\n                                                                tempor incididunt ut labore et dolore magna </span></td>\n    														</tr>\n    														<tr>\n    															<td class=\"padding-right15\" style=\"font-family: Helvetica, arial, sans-serif; font-size: 14px; font-weight:bold; color: #333333; text-align:left;line-height: 24px; padding-top:10px;\"><a href=\"#\" style=\"color:#80C457;text-decoration:none;font-weight:bold;\" target=\"_blank\" title=\"How CiviCRM will take Tribodar Eco Learning Center to another level\">Read More</a></td>\n    														</tr>\n    														<!-- /button --><!-- end of content -->\n    													</tbody>\n    												</table>\n    												<!-- end of right column --></td>\n    											</tr>\n    										</tbody>\n    									</table>\n    									</td>\n    								</tr>\n    								<!-- Spacing -->\n    								<tr>\n    									<td height=\"20\" style=\"font-size:1px; line-height:1px; mso-line-height-rule: exactly;\">&nbsp;</td>\n    								</tr>\n    							</tbody>\n    						</table>\n    						</td>\n    					</tr>\n    				</tbody>\n    			</table>\n    			</td>\n    		</tr>\n    	</tbody>\n    </table>\n    <!-- /story two --><!-- story three -->\n\n    <table bgcolor=\"#d8d8d8\" border=\"0\" cellpadding=\"0\" cellspacing=\"0\" id=\"backgroundTable\" st-sortable=\"left-image\" width=\"100%\">\n    	<tbody>\n    		<tr>\n    			<td>\n    			<table align=\"center\" border=\"0\" cellpadding=\"0\" cellspacing=\"0\" class=\"devicewidth\" width=\"700\">\n    				<tbody>\n    					<tr>\n    						<td width=\"100%\">\n    						<table align=\"center\" bgcolor=\"#ffffff\" border=\"0\" cellpadding=\"0\" cellspacing=\"0\" class=\"devicewidth\" width=\"700\">\n    							<tbody><!-- Spacing -->\n    								<tr>\n    									<td bgcolor=\"#076187\" height=\"0\" style=\"font-size:1px; line-height:1px; mso-line-height-rule: exactly;\">&nbsp;</td>\n    								</tr>\n    								<!-- Spacing --><!-- Spacing -->\n    								<tr>\n    									<td height=\"20\" class=\"desktop-spacer\" style=\"font-size:1px; line-height:1px; mso-line-height-rule: exactly;\">&nbsp;</td>\n    								</tr>\n    								<!-- Spacing -->\n    								<tr>\n    									<td>\n    									<table align=\"center\" border=\"0\" cellpadding=\"0\" cellspacing=\"0\" class=\"devicewidth\" width=\"660\">\n    										<tbody>\n    											<tr>\n    												<td><!-- Start of left column -->\n    												<table align=\"left\" border=\"0\" cellpadding=\"0\" cellspacing=\"0\" class=\"devicewidth\" width=\"330\">\n    													<tbody><!-- image -->\n    														<tr>\n    															<td align=\"center\" class=\"devicewidth\" height=\"150\" valign=\"top\" width=\"330\"><a href=\"#\"><img alt=\"\" border=\"0\" class=\"col2img\" src=\"https://civicrm.org/sites/default/files/civicrm/custom/images/330x150.png\" style=\"display:block; border:none; outline:none; text-decoration:none; display:block;\" width=\"330\" /></a></td>\n    														</tr>\n    														<!-- /image -->\n    													</tbody>\n    												</table>\n    												<!-- end of left column --><!-- spacing for mobile devices-->\n\n    												<table align=\"left\" border=\"0\" cellpadding=\"0\" cellspacing=\"0\" class=\"mobilespacing\">\n    													<tbody>\n    														<tr>\n    															<td height=\"15\" style=\"font-size:1px; line-height:1px; mso-line-height-rule: exactly;\" width=\"100%\">&nbsp;</td>\n    														</tr>\n    													</tbody>\n    												</table>\n    												<!-- end of for mobile devices--><!-- start of right column -->\n\n    												<table align=\"right\" border=\"0\" cellpadding=\"0\" cellspacing=\"0\" class=\"devicewidthmob\" width=\"310\">\n    													<tbody>\n    														<tr>\n    															<td class=\"padding-top-right15\" style=\"font-family: Helvetica, arial, sans-serif; font-size: 18px;  text-align:left; line-height: 24px;\"><a href=\"#\" style=\"color:#076187; text-decoration:none; \" target=\"_blank\">Heading Here</a><a href=\"#\" style=\"color:#076187; text-decoration:none;\" target=\"_blank\" title=\"CiviCRM provides a soup-to-nuts open-source solution for Friends of the San Pedro River\"></a></td>\n    														</tr>\n    														<!-- end of title --><!-- Spacing -->\n    														<tr>\n    															<td height=\"15\" style=\"font-size:1px; line-height:1px; mso-line-height-rule: exactly;\" width=\"100%\">&nbsp;</td>\n    														</tr>\n    														<!-- /Spacing --><!-- content -->\n    														<tr>\n    															<td class=\"padding-right15\" style=\"font-family: Helvetica, arial, sans-serif; font-size: 14px; color: #7a6e67; text-align:left; line-height: 24px;\"><span class=\"padding-right15\" style=\"font-family: Helvetica, arial, sans-serif; font-size: 14px; color: #7a6e67; text-align:left; line-height: 24px;\">Lorem ipsum dolor sit amet, consectetur adipisicing elit, sed do eiusmod\n                                                                tempor incididunt ut labore et dolore magna </span></td>\n    														</tr>\n    														<tr>\n    															<td style=\"font-family: Helvetica, arial, sans-serif; font-size: 14px; font-weight:bold; color: #333333; text-align:left;line-height: 24px; padding-top:10px;\"><a href=\"#\" style=\"color:#80C457;text-decoration:none;font-weight:bold;\" target=\"_blank\" title=\"CiviCRM provides a soup-to-nuts open-source solution for Friends of the San Pedro River\">Read More</a></td>\n    														</tr>\n    														<!-- /button --><!-- end of content -->\n    													</tbody>\n    												</table>\n    												<!-- end of right column --></td>\n    											</tr>\n    										</tbody>\n    									</table>\n    									</td>\n    								</tr>\n    								<!-- Spacing -->\n    								<tr>\n    									<td height=\"20\" style=\"font-size:1px; line-height:1px; mso-line-height-rule: exactly;\">&nbsp;</td>\n    								</tr>\n    								<!-- Spacing -->\n    							</tbody>\n    						</table>\n    						</td>\n    					</tr>\n    				</tbody>\n    			</table>\n    			</td>\n    		</tr>\n    	</tbody>\n    </table>\n    <!-- /story three -->\n\n\n\n\n\n    <!-- story four -->\n    <table bgcolor=\"#d8d8d8\" border=\"0\" cellpadding=\"0\" cellspacing=\"0\" id=\"backgroundTable\" st-sortable=\"left-image\" width=\"100%\">\n    	<tbody>\n    		<tr>\n    			<td>\n    			<table align=\"center\" border=\"0\" cellpadding=\"0\" cellspacing=\"0\" class=\"devicewidth\" width=\"700\">\n    				<tbody>\n    					<tr>\n    						<td width=\"100%\">\n    						<table align=\"center\" bgcolor=\"#ffffff\" border=\"0\" cellpadding=\"0\" cellspacing=\"0\" class=\"devicewidth\" width=\"700\">\n    							<tbody>\n                                <!-- Spacing -->\n    								<tr>\n    									<td bgcolor=\"#076187\" height=\"0\" style=\"font-size:1px; line-height:1px; mso-line-height-rule: exactly;\">&nbsp;</td>\n    								</tr>\n    								<!-- Spacing -->\n                                <!-- Spacing -->\n    								<tr>\n    									<td class=\"desktop-spacer\" height=\"20\" style=\"font-size:1px; line-height:1px; mso-line-height-rule: exactly;\">&nbsp;</td>\n    								</tr>\n    								<!-- Spacing -->\n    								<tr>\n    									<td>\n    									<table align=\"center\" border=\"0\" cellpadding=\"0\" cellspacing=\"0\" class=\"devicewidth\" width=\"660\">\n    										<tbody>\n    											<tr>\n    												<td><!-- Start of left column -->\n    												<table align=\"left\" border=\"0\" cellpadding=\"0\" cellspacing=\"0\" class=\"devicewidth\" width=\"330\">\n    													<tbody><!-- image -->\n    														<tr>\n    															<td align=\"center\" class=\"devicewidth\" height=\"150\" valign=\"top\" width=\"330\"><a href=\"#\"><img alt=\"\" border=\"0\" class=\"col2img\" src=\"https://civicrm.org/sites/default/files/civicrm/custom/images/330x150.png\" style=\"display:block; border:none; outline:none; text-decoration:none; display:block;\" width=\"330\" /></a></td>\n    														</tr>\n    														<!-- /image -->\n    													</tbody>\n    												</table>\n    												<!-- end of left column --><!-- spacing for mobile devices-->\n\n    												<table align=\"left\" border=\"0\" cellpadding=\"0\" cellspacing=\"0\" class=\"mobilespacing\">\n    													<tbody>\n    														<tr>\n    															<td height=\"15\" style=\"font-size:1px; line-height:1px; mso-line-height-rule: exactly;\" width=\"100%\">&nbsp;</td>\n    														</tr>\n    													</tbody>\n    												</table>\n    												<!-- end of for mobile devices--><!-- start of right column -->\n\n    												<table align=\"right\" border=\"0\" cellpadding=\"0\" cellspacing=\"0\" class=\"devicewidthmob\" width=\"310\">\n    													<tbody>\n    														<tr>\n    															<td class=\"padding-top-right15\" style=\"font-family: Helvetica, arial, sans-serif; font-size: 18px;text-align:left; line-height: 24px;\"><a href=\"#\" style=\"color:#076187; text-decoration:none; \" target=\"_blank\">Heading Here</a><a href=\"#\" style=\"color:#076187; text-decoration:none;\" target=\"_blank\" title=\"Google Summer of Code\"></a></td>\n    														</tr>\n    														<!-- end of title --><!-- Spacing -->\n    														<tr>\n    															<td height=\"15\" style=\"font-size:1px; line-height:1px; mso-line-height-rule: exactly;\" width=\"100%\">&nbsp;</td>\n    														</tr>\n    														<!-- /Spacing --><!-- content -->\n    														<tr>\n    															<td class=\"padding-right15\" style=\"font-family: Helvetica, arial, sans-serif; font-size: 14px; color: #7a6e67; text-align:left; line-height: 24px;\"><span class=\"padding-right15\" style=\"font-family: Helvetica, arial, sans-serif; font-size: 14px; color: #7a6e67; text-align:left; line-height: 24px;\">Lorem ipsum dolor sit amet, consectetur adipisicing elit, sed do eiusmod\n                                                                tempor incididunt ut labore et dolore magna </span></td>\n    														</tr>\n    														<tr>\n    															<td style=\"font-family: Helvetica, arial, sans-serif; font-size: 14px; font-weight:bold; color: #333333; text-align:left;line-height: 24px; padding-top:10px;\"><a href=\"#\" style=\"color:#80C457;text-decoration:none;font-weight:bold;\" target=\"_blank\" title=\"Google Summer of Code\">Read More</a></td>\n    														</tr>\n    														<!-- /button --><!-- end of content -->\n    													</tbody>\n    												</table>\n    												<!-- end of right column --></td>\n    											</tr>\n    										</tbody>\n    									</table>\n    									</td>\n    								</tr>\n    								<!-- Spacing -->\n    								<tr>\n                       <td height=\"15\" style=\"font-size:1px; line-height:1px; mso-line-height-rule: exactly;\" width=\"100%\">&nbsp;</td>\n                    </tr>\n                    <!-- /Spacing -->\n                    <tr>\n                      <td style=\"padding: 15px;\">\n                      <p style=\"font-family: Helvetica, arial, sans-serif; font-size: 16px; color:#076187; text-align:left; line-height: 26px; padding-bottom:10px;\">Remember to link the facebook and twitter links below to your pages!</p>\n                      </td>\n    								</tr>\n    								<!-- Spacing -->\n    							</tbody>\n    						</table>\n    						</td>\n    					</tr>\n    				</tbody>\n    			</table>\n    			</td>\n    		</tr>\n    	</tbody>\n    </table>\n    <!-- /story four -->\n\n    <!-- footer -->\n\n    <!-- End of footer --><!-- Start of postfooter -->\n    <table bgcolor=\"#d8d8d8\" border=\"0\" cellpadding=\"0\" cellspacing=\"0\" id=\"backgroundTable\" st-sortable=\"footer\" width=\"100%\">\n    	<tbody>\n    		<tr>\n    			<td>\n    			<table align=\"center\" border=\"0\" cellpadding=\"0\" cellspacing=\"0\" class=\"devicewidth\" width=\"700\">\n            <tbody>\n              <tr>\n                <td width=\"100%\">\n                  <table align=\"center\" bgcolor=\"#89c66b\" border=\"0\" cellpadding=\"0\" cellspacing=\"0\" class=\"devicewidth\" width=\"700\">\n    				        <tbody><!-- Spacing -->\n    					        <tr>\n                        <td height=\"10\" style=\"font-size:1px; line-height:1px; mso-line-height-rule: exactly;\">&nbsp;</td>\n    					        </tr>\n    					        <!-- Spacing -->\n    					        <tr>\n                        <td><!-- logo -->\n                        <table align=\"left\" border=\"0\" cellpadding=\"0\" cellspacing=\"0\" width=\"250\">\n            							<tbody>\n            								<tr>\n                               <td width=\"20\">&nbsp;</td>\n                              <td align=\"left\" height=\"40\" width=\"250\"><span style=\"font-family: Helvetica, arial, sans-serif; font-size: 13px; text-align:left; line-height: 26px; padding-bottom:10px;\"><a href=\"{action.unsubscribeUrl}\" style=\"color: #f0f0f0;\">Unsubscribe | </a><a href=\"{action.subscribeUrl}\" style=\"color: #f0f0f0;\">Subscribe |</a> <a href=\"{action.optOutUrl}\" style=\"color: #f0f0f0;\">Opt out</a></span></td>\n                            </tr>\n      											<tr>\n      												<td width=\"20\">&nbsp;</td>\n      												<td align=\"left\" height=\"40\" width=\"250\"><span style=\"font-family: Helvetica, arial, sans-serif; font-size: 13px; text-align:left; line-height: 26px; padding-bottom:10px; color: #f0f0f0;\">{domain.address}</span></td>\n      											</tr>\n                          </tbody>\n                        </table>\n                        <!-- end of logo --><!-- start of social icons -->\n      									<table align=\"right\" border=\"0\" cellpadding=\"0\" cellspacing=\"0\" height=\"40\" vaalign=\"middle\" width=\"60\">\n      										<tbody>\n      											<tr>\n      												<td align=\"left\" height=\"22\" width=\"22\">\n                                <div class=\"imgpop\"><a href=\"#\" target=\"_blank\"><img alt=\"\" border=\"0\" height=\"22\" src=\"https://civicrm.org/sites/default/files/civicrm/custom/images/facebook.png\" style=\"display:block; border:none; outline:none; text-decoration:none;\" width=\"22\" /> </a></div>      											  </td>\n      												<td align=\"left\" style=\"font-size:1px; line-height:1px;\" width=\"10\">&nbsp;</td>\n      												<td align=\"right\" height=\"22\" width=\"22\">\n      												<div class=\"imgpop\"><a href=\"#\" target=\"_blank\"><img alt=\"\" border=\"0\" height=\"22\" src=\"https://civicrm.org/sites/default/files/civicrm/custom/images/twitter.png\" style=\"display:block; border:none; outline:none; text-decoration:none;\" width=\"22\" /> </a></div>\n      												</td>\n      												<td align=\"left\" style=\"font-size:1px; line-height:1px;\" width=\"20\">&nbsp;</td>\n      											</tr>\n      										</tbody>\n      									</table>\n    									<!-- end of social icons --></td>\n    								</tr>\n    								<!-- Spacing -->\n    								<tr>\n    									<td height=\"10\" style=\"font-size:1px; line-height:1px; mso-line-height-rule: exactly;\">&nbsp;</td>\n    								</tr>\n    								<!-- Spacing -->\n    								<tr>\n    									<td bgcolor=\"#80C457\" height=\"10\" width=\"100%\">&nbsp;</td>\n    								</tr>\n    								<!-- Spacing -->\n    							</tbody>\n    						</table>\n    						</td>\n    					</tr>\n    				</tbody>\n    			</table>\n    			</td>\n    		</tr>\n    	</tbody>\n    </table>\n    <!-- End of footer -->\n  </body>\n</html>\n',1,NULL,NULL,1,0,0,NULL);
/*!40000 ALTER TABLE `civicrm_msg_template` ENABLE KEYS */;
UNLOCK TABLES;

--
-- Dumping data for table `civicrm_navigation`
--

LOCK TABLES `civicrm_navigation` WRITE;
/*!40000 ALTER TABLE `civicrm_navigation` DISABLE KEYS */;
INSERT INTO `civicrm_navigation` (`id`, `domain_id`, `label`, `name`, `url`, `icon`, `permission`, `permission_operator`, `parent_id`, `is_active`, `has_separator`, `weight`) VALUES
 (1,1,'Home','Home','civicrm/dashboard?reset=1',NULL,NULL,'',NULL,1,NULL,0),
 (2,1,'Search','Search',NULL,'crm-i fa-search',NULL,'',NULL,1,NULL,10),
 (3,1,'Find Contacts','Find Contacts','civicrm/contact/search?reset=1',NULL,NULL,'',2,1,NULL,1),
 (4,1,'Advanced Search','Advanced Search','civicrm/contact/search/advanced?reset=1',NULL,NULL,'',2,1,NULL,2),
 (5,1,'Full-text Search','Full-text Search','civicrm/contact/search/custom?csid=15&reset=1',NULL,NULL,'',2,1,NULL,3),
 (6,1,'Find Cases','Find Cases','civicrm/case/search?reset=1',NULL,'access my cases and activities,access all cases and activities','OR',2,1,NULL,5),
 (7,1,'Find Contributions','Find Contributions','civicrm/contribute/search?reset=1',NULL,'access CiviContribute','',2,1,NULL,6),
 (8,1,'Find Mailings','Find Mailings','civicrm/mailing?reset=1',NULL,'access CiviMail','',2,1,NULL,7),
 (9,1,'Find Memberships','Find Memberships','civicrm/member/search?reset=1',NULL,'access CiviMember','',2,1,NULL,8),
 (10,1,'Find Participants','Find Participants','civicrm/event/search?reset=1',NULL,'access CiviEvent','',2,1,NULL,9),
 (11,1,'Find Pledges','Find Pledges','civicrm/pledge/search?reset=1',NULL,'access CiviPledge','',2,1,NULL,10),
 (12,1,'Find Activities','Find Activities','civicrm/activity/search?reset=1',NULL,NULL,'',2,1,1,11),
 (13,1,'Contacts','Contacts',NULL,'crm-i fa-address-book-o',NULL,'',NULL,1,NULL,20),
 (14,1,'New Individual','New Individual','civicrm/contact/add?reset=1&ct=Individual',NULL,'add contacts','',13,1,NULL,1),
 (15,1,'New Household','New Household','civicrm/contact/add?reset=1&ct=Household',NULL,'add contacts','',13,1,NULL,2),
 (16,1,'New Organization','New Organization','civicrm/contact/add?reset=1&ct=Organization',NULL,'add contacts','',13,1,1,3),
 (17,1,'Contact Reports','Contact Reports','civicrm/report/list?compid=99&reset=1',NULL,'access CiviReport','',13,1,1,4),
 (18,1,'New Activity','New Activity','civicrm/activity?reset=1&action=add&context=standalone',NULL,NULL,'',13,1,NULL,5),
 (19,1,'New Email','New Email','civicrm/activity/email/add?atype=3&action=add&reset=1&context=standalone',NULL,NULL,'',13,1,1,6),
 (20,1,'Import Contacts','Import Contacts','civicrm/import/contact?reset=1',NULL,'import contacts','',13,1,NULL,7),
 (21,1,'Import Activities','Import Activities','civicrm/import/activity?reset=1',NULL,'import contacts','',13,1,NULL,8),
 (22,1,'Import Custom Data','Import MultiValued Custom','civicrm/import/custom?reset=1',NULL,'import contacts','',13,1,1,9),
 (23,1,'New Group','New Group','civicrm/group/add?reset=1',NULL,'edit groups','',13,0,NULL,10),
 (24,1,'Manage Groups','Manage Groups','civicrm/group?reset=1',NULL,'access CiviCRM','',13,1,1,11),
 (25,1,'Manage Tags','Manage Tags (Categories)','civicrm/tag?reset=1',NULL,'manage tags','',13,1,1,12),
 (26,1,'Manage Duplicates','Manage Duplicates','civicrm/contact/deduperules?reset=1',NULL,'administer dedupe rules,merge duplicate contacts','OR',13,1,NULL,13),
 (27,1,'Contributions','Contributions',NULL,'crm-i fa-credit-card','access CiviContribute','',NULL,1,NULL,30),
 (28,1,'Dashboard','Dashboard','civicrm/contribute?reset=1',NULL,'access CiviContribute','',27,1,NULL,1),
 (29,1,'New Contribution','New Contribution','civicrm/contribute/add?reset=1&action=add&context=standalone',NULL,'access CiviContribute,edit contributions','AND',27,1,NULL,2),
 (30,1,'Find Contributions','Find Contributions','civicrm/contribute/search?reset=1',NULL,'access CiviContribute','',27,1,NULL,3),
 (31,1,'Contribution Reports','Contribution Reports','civicrm/report/list?compid=2&reset=1',NULL,'access CiviContribute','',27,1,1,4),
 (32,1,'Import Contributions','Import Contributions','civicrm/import/contribution?reset=1',NULL,'access CiviContribute,edit contributions','AND',27,1,1,5),
 (33,1,'Batch Data Entry','Batch Data Entry','civicrm/batch?reset=1',NULL,'access CiviContribute','',27,1,NULL,7),
 (34,1,'Pledges','Pledges',NULL,NULL,'access CiviPledge','',27,1,1,6),
 (35,1,'Accounting Batches','Accounting Batches',NULL,NULL,'view own manual batches,view all manual batches','OR',27,1,1,8),
 (36,1,'Dashboard','Dashboard','civicrm/pledge?reset=1',NULL,'access CiviPledge','',34,1,NULL,1),
 (37,1,'New Pledge','New Pledge','civicrm/pledge/add?reset=1&action=add&context=standalone',NULL,'access CiviPledge,edit pledges','AND',34,1,NULL,2),
 (38,1,'Find Pledges','Find Pledges','civicrm/pledge/search?reset=1',NULL,'access CiviPledge','',34,1,NULL,3),
 (39,1,'Pledge Reports','Pledge Reports','civicrm/report/list?compid=6&reset=1',NULL,'access CiviPledge','',34,1,0,4),
 (40,1,'New Contribution Page','New Contribution Page','civicrm/admin/contribute/add?reset=1&action=add',NULL,'access CiviContribute,administer CiviCRM','AND',27,0,NULL,9),
 (41,1,'Manage Contribution Pages','Manage Contribution Pages','civicrm/admin/contribute?reset=1',NULL,'access CiviContribute,administer CiviCRM','AND',27,1,1,10),
 (42,1,'Personal Campaign Pages','Personal Campaign Pages','civicrm/admin/pcp?reset=1&page_type=contribute',NULL,'access CiviContribute,administer CiviCRM','AND',27,1,NULL,11),
 (43,1,'Premiums (Thank-you Gifts)','Premiums','civicrm/admin/contribute/managePremiums?reset=1',NULL,'access CiviContribute,administer CiviCRM','AND',27,1,1,12),
 (44,1,'New Price Set','New Price Set','civicrm/admin/price/edit?reset=1&action=add',NULL,'access CiviContribute,administer CiviCRM','AND',27,0,NULL,13),
 (45,1,'Manage Price Sets','Manage Price Sets','civicrm/admin/price?reset=1',NULL,'access CiviContribute,administer CiviCRM','AND',27,1,1,14),
 (46,1,'New Batch','New Batch','civicrm/financial/batch?reset=1&action=add',NULL,'create manual batch','AND',35,1,NULL,1),
 (47,1,'Open Batches','Open Batches','civicrm/financial/financialbatches?reset=1&batchStatus=1',NULL,'view own manual batches,view all manual batches','OR',35,1,NULL,2),
 (48,1,'Closed Batches','Closed Batches','civicrm/financial/financialbatches?reset=1&batchStatus=2',NULL,'view own manual batches,view all manual batches','OR',35,1,NULL,3),
 (49,1,'Exported Batches','Exported Batches','civicrm/financial/financialbatches?reset=1&batchStatus=5',NULL,'view own manual batches,view all manual batches','OR',35,1,NULL,4),
 (50,1,'Events','Events',NULL,'crm-i fa-calendar','access CiviEvent','',NULL,1,NULL,40),
 (51,1,'Dashboard','CiviEvent Dashboard','civicrm/event?reset=1',NULL,'access CiviEvent','',50,1,NULL,1),
 (52,1,'Register Event Participant','Register Event Participant','civicrm/participant/add?reset=1&action=add&context=standalone',NULL,'access CiviEvent,edit event participants','AND',50,1,NULL,2),
 (53,1,'Find Participants','Find Participants','civicrm/event/search?reset=1',NULL,'access CiviEvent','',50,1,NULL,3),
 (54,1,'Event Reports','Event Reports','civicrm/report/list?compid=1&reset=1',NULL,'access CiviEvent','',50,1,1,4),
 (55,1,'Import Participants','Import Participants','civicrm/import/participant?reset=1',NULL,'access CiviEvent,edit event participants','AND',50,1,1,5),
 (56,1,'New Event','New Event','civicrm/event/add?reset=1&action=add',NULL,'access CiviEvent,edit all events','AND',50,0,NULL,6),
 (57,1,'Manage Events','Manage Events','civicrm/event/manage?reset=1',NULL,'access CiviEvent,edit all events','AND',50,1,1,7),
 (58,1,'Personal Campaign Pages','Personal Campaign Pages','civicrm/admin/pcp?reset=1&page_type=event',NULL,'access CiviEvent,administer CiviCRM','AND',50,1,1,8),
 (59,1,'Event Templates','Event Templates','civicrm/admin/eventTemplate?reset=1',NULL,'access CiviEvent,edit all events','AND',50,1,1,9),
 (60,1,'New Price Set','New Price Set','civicrm/admin/price/edit?reset=1&action=add',NULL,'access CiviEvent,edit all events','AND',50,0,NULL,10),
 (61,1,'Manage Price Sets','Manage Price Sets','civicrm/admin/price?reset=1',NULL,'access CiviEvent,edit all events','AND',50,1,NULL,11),
 (62,1,'Mailings','Mailings',NULL,'crm-i fa-envelope-o','access CiviMail,create mailings,approve mailings,schedule mailings,send SMS','OR',NULL,1,NULL,50),
 (63,1,'New Mailing','New Mailing','civicrm/mailing/send?reset=1',NULL,'access CiviMail,create mailings','OR',62,1,NULL,1),
 (64,1,'Draft Mailings','Draft and Unscheduled Mailings','civicrm/mailing/browse/unscheduled?reset=1&scheduled=false',NULL,'access CiviMail,create mailings,schedule mailings','OR',62,1,NULL,2),
 (65,1,'Sent Mailings','Scheduled and Sent Mailings','civicrm/mailing/browse/scheduled?reset=1&scheduled=true',NULL,'access CiviMail,approve mailings,create mailings,schedule mailings','OR',62,1,NULL,3),
 (66,1,'Archived Mailings','Archived Mailings','civicrm/mailing/browse/archived?reset=1',NULL,'access CiviMail,create mailings','OR',62,1,NULL,4),
 (67,1,'Mailing Reports','Mailing Reports','civicrm/report/list?compid=4&reset=1',NULL,'access CiviMail','',62,1,1,5),
 (68,1,'Headers, Footers, and Automated Messages','Headers, Footers, and Automated Messages','civicrm/admin/component?reset=1',NULL,'access CiviMail,administer CiviCRM','AND',62,1,NULL,6),
 (69,1,'Message Templates','Message Templates','civicrm/admin/messageTemplates?reset=1',NULL,'edit message templates,edit user-driven message templates,edit system workflow message templates','OR',62,1,NULL,7),
 (70,1,'From Email Addresses','From Email Addresses','civicrm/admin/options/from_email_address?reset=1',NULL,'administer CiviCRM','',62,1,1,8),
 (71,1,'New SMS','New SMS','civicrm/sms/send?reset=1',NULL,'send SMS',NULL,62,1,NULL,9),
 (72,1,'Find Mass SMS','Find Mass SMS','civicrm/mailing/browse?reset=1&sms=1',NULL,'send SMS',NULL,62,1,1,10),
 (73,1,'New A/B Test','New A/B Test','civicrm/a/#/abtest/new',NULL,'access CiviMail','',62,1,NULL,15),
 (74,1,'Manage A/B Tests','Manage A/B Tests','civicrm/a/#/abtest',NULL,'access CiviMail','',62,1,1,16),
 (75,1,'Memberships','Memberships',NULL,'crm-i fa-id-badge','access CiviMember','',NULL,1,NULL,60),
 (76,1,'Dashboard','Dashboard','civicrm/member?reset=1',NULL,'access CiviMember','',75,1,NULL,1),
 (77,1,'New Membership','New Membership','civicrm/member/add?reset=1&action=add&context=standalone',NULL,'access CiviMember,edit memberships','AND',75,0,NULL,2),
 (78,1,'Find Memberships','Find Memberships','civicrm/member/search?reset=1',NULL,'access CiviMember','',75,1,NULL,3),
 (79,1,'Membership Reports','Membership Reports','civicrm/report/list?compid=3&reset=1',NULL,'access CiviMember','',75,1,1,4),
 (80,1,'Batch Data Entry','Batch Data Entry','civicrm/batch?reset=1',NULL,'access CiviContribute','',75,1,NULL,5),
 (81,1,'Import Memberships','Import Members','civicrm/import/membership?reset=1',NULL,'access CiviMember,edit memberships','AND',75,1,1,6),
 (82,1,'New Price Set','New Price Set','civicrm/admin/price/edit?reset=1&action=add',NULL,'access CiviMember,administer CiviCRM','AND',75,0,NULL,7),
 (83,1,'Manage Price Sets','Manage Price Sets','civicrm/admin/price?reset=1',NULL,'access CiviMember,administer CiviCRM','AND',75,1,NULL,8),
 (84,1,'Campaigns','Campaigns',NULL,'crm-i fa-bullhorn','interview campaign contacts,release campaign contacts,reserve campaign contacts,manage campaign,administer CiviCampaign,gotv campaign contacts','OR',NULL,1,NULL,70),
 (85,1,'New Campaign','New Campaign','civicrm/campaign/add?reset=1',NULL,'manage campaign,administer CiviCampaign','OR',84,1,NULL,2),
 (86,1,'New Survey','New Survey','civicrm/survey/add?reset=1',NULL,'manage campaign,administer CiviCampaign','OR',84,1,NULL,3),
 (87,1,'New Petition','New Petition','civicrm/petition/add?reset=1',NULL,'manage campaign,administer CiviCampaign','OR',84,1,NULL,4),
 (88,1,'Reserve Respondents','Reserve Respondents','civicrm/survey/search?reset=1&op=reserve',NULL,'administer CiviCampaign,manage campaign,reserve campaign contacts','OR',84,1,NULL,5),
 (89,1,'Interview Respondents','Interview Respondents','civicrm/survey/search?reset=1&op=interview',NULL,'administer CiviCampaign,manage campaign,interview campaign contacts','OR',84,1,NULL,6),
 (90,1,'Release Respondents','Release Respondents','civicrm/survey/search?reset=1&op=release',NULL,'administer CiviCampaign,manage campaign,release campaign contacts','OR',84,1,NULL,7),
 (91,1,'Campaign Reports','Campaign Reports','civicrm/report/list?compid=9&reset=1',NULL,'interview campaign contacts,release campaign contacts,reserve campaign contacts,manage campaign,administer CiviCampaign,gotv campaign contacts','OR',84,1,1,8),
 (92,1,'Conduct Survey','Conduct Survey','civicrm/campaign/vote?reset=1',NULL,'administer CiviCampaign,manage campaign,reserve campaign contacts,interview campaign contacts','OR',84,1,NULL,9),
 (93,1,'GOTV (Voter Tracking)','Voter Listing','civicrm/campaign/gotv?reset=1',NULL,'administer CiviCampaign,manage campaign,release campaign contacts,gotv campaign contacts','OR',84,1,NULL,10),
 (94,1,'Cases','Cases',NULL,'crm-i fa-folder-open-o','access my cases and activities,access all cases and activities','OR',NULL,1,NULL,80),
 (95,1,'Dashboard','Dashboard','civicrm/case?reset=1',NULL,'access my cases and activities,access all cases and activities','OR',94,1,NULL,1),
 (96,1,'New Case','New Case','civicrm/case/add?reset=1&action=add&atype=13&context=standalone',NULL,'add cases,access all cases and activities','OR',94,1,NULL,2),
 (97,1,'Find Cases','Find Cases','civicrm/case/search?reset=1',NULL,'access my cases and activities,access all cases and activities','OR',94,1,1,3),
 (98,1,'Case Reports','Case Reports','civicrm/report/list?compid=7&reset=1',NULL,'access my cases and activities,access all cases and activities,administer CiviCase','OR',94,1,0,4),
 (99,1,'Administer','Administer',NULL,'crm-i fa-gears','administer CiviCRM','',NULL,1,NULL,100),
 (100,1,'Administration Console','Administration Console','civicrm/admin?reset=1',NULL,'administer CiviCRM','',99,1,NULL,1),
 (101,1,'System Status','System Status','civicrm/a/#/status',NULL,'administer CiviCRM','',100,1,NULL,0),
 (102,1,'Configuration Checklist','Configuration Checklist','civicrm/admin/configtask?reset=1',NULL,'administer CiviCRM','',100,1,NULL,1),
 (103,1,'Customize Data and Screens','Customize Data and Screens',NULL,NULL,'administer CiviCRM','',99,1,NULL,3),
 (104,1,'Custom Fields','Custom Fields','civicrm/admin/custom/group?reset=1',NULL,'administer CiviCRM','',103,1,NULL,1),
 (105,1,'Profiles','Profiles','civicrm/admin/uf/group?reset=1',NULL,'administer CiviCRM','',103,1,NULL,2),
 (106,1,'Tags','Tags (Categories)','civicrm/tag?reset=1',NULL,'administer CiviCRM','',103,1,NULL,3),
 (107,1,'Activity Types','Activity Types','civicrm/admin/options/activity_type?reset=1',NULL,'administer CiviCRM','',103,1,NULL,4),
 (108,1,'Relationship Types','Relationship Types','civicrm/admin/reltype?reset=1',NULL,'administer CiviCRM','',103,1,NULL,5),
 (109,1,'Contact Types','Contact Types','civicrm/admin/options/subtype?reset=1',NULL,'administer CiviCRM','',103,1,NULL,6),
 (110,1,'Display Preferences','Display Preferences','civicrm/admin/setting/preferences/display?reset=1',NULL,'administer CiviCRM','',103,1,NULL,9),
 (111,1,'Search Preferences','Search Preferences','civicrm/admin/setting/search?reset=1',NULL,'administer CiviCRM','',103,1,NULL,10),
 (112,1,'Date Preferences','Date Preferences','civicrm/admin/setting/preferences/date?reset=1',NULL,'administer CiviCRM','',103,1,NULL,11),
 (113,1,'Navigation Menu','Navigation Menu','civicrm/admin/menu?reset=1',NULL,'administer CiviCRM','',103,1,NULL,12),
 (114,1,'Word Replacements','Word Replacements','civicrm/admin/options/wordreplacements?reset=1',NULL,'administer CiviCRM','',103,1,NULL,13),
 (115,1,'Dropdown Options','Dropdown Options','civicrm/admin/options?action=browse&reset=1',NULL,'administer CiviCRM','',103,1,NULL,8),
 (116,1,'Gender Options','Gender Options','civicrm/admin/options/gender?reset=1',NULL,'administer CiviCRM','',115,1,NULL,1),
 (117,1,'Individual Prefixes (Ms, Mr...)','Individual Prefixes (Ms, Mr...)','civicrm/admin/options/individual_prefix?reset=1',NULL,'administer CiviCRM','',115,1,NULL,2),
 (118,1,'Individual Suffixes (Jr, Sr...)','Individual Suffixes (Jr, Sr...)','civicrm/admin/options/individual_suffix?reset=1',NULL,'administer CiviCRM','',115,1,NULL,3),
 (119,1,'Instant Messenger Services','Instant Messenger Services','civicrm/admin/options/instant_messenger_service?reset=1',NULL,'administer CiviCRM','',115,1,NULL,4),
 (120,1,'Location Types (Home, Work...)','Location Types (Home, Work...)','civicrm/admin/locationType?reset=1',NULL,'administer CiviCRM','',115,1,NULL,5),
 (121,1,'Mobile Phone Providers','Mobile Phone Providers','civicrm/admin/options/mobile_provider?reset=1',NULL,'administer CiviCRM','',115,1,NULL,6),
 (122,1,'Phone Types','Phone Types','civicrm/admin/options/phone_type?reset=1',NULL,'administer CiviCRM','',115,1,NULL,7),
 (123,1,'Website Types','Website Types','civicrm/admin/options/website_type?reset=1',NULL,'administer CiviCRM','',115,1,NULL,8),
 (124,1,'Communications','Communications',NULL,NULL,'administer CiviCRM','',99,1,NULL,4),
 (125,1,'Organization Address and Contact Info','Organization Address and Contact Info','civicrm/admin/domain?action=update&reset=1',NULL,'administer CiviCRM','',124,1,NULL,1),
 (126,1,'FROM Email Addresses','FROM Email Addresses','civicrm/admin/options/from_email_address?reset=1',NULL,'administer CiviCRM','',124,1,NULL,2),
 (127,1,'Message Templates','Message Templates','civicrm/admin/messageTemplates?reset=1',NULL,'administer CiviCRM','',124,1,NULL,3),
 (128,1,'Schedule Reminders','Schedule Reminders','civicrm/admin/scheduleReminders?reset=1',NULL,'administer CiviCRM','',124,1,NULL,4),
 (129,1,'Preferred Communication Methods','Preferred Communication Methods','civicrm/admin/options/preferred_communication_method?reset=1',NULL,'administer CiviCRM','',124,1,NULL,5),
 (130,1,'Label Formats','Label Formats','civicrm/admin/labelFormats?reset=1',NULL,'administer CiviCRM','',124,1,NULL,6),
 (131,1,'Print Page (PDF) Formats','Print Page (PDF) Formats','civicrm/admin/pdfFormats?reset=1',NULL,'administer CiviCRM','',124,1,NULL,7),
 (132,1,'Communication Style Options','Communication Style Options','civicrm/admin/options/communication_style?reset=1',NULL,'administer CiviCRM','',124,1,NULL,8),
 (133,1,'Email Greeting Formats','Email Greeting Formats','civicrm/admin/options/email_greeting?reset=1',NULL,'administer CiviCRM','',124,1,NULL,9),
 (134,1,'Postal Greeting Formats','Postal Greeting Formats','civicrm/admin/options/postal_greeting?reset=1',NULL,'administer CiviCRM','',124,1,NULL,10),
 (135,1,'Addressee Formats','Addressee Formats','civicrm/admin/options/addressee?reset=1',NULL,'administer CiviCRM','',124,1,NULL,11),
 (136,1,'Localization','Localization',NULL,NULL,'administer CiviCRM','',99,1,NULL,6),
 (137,1,'Languages, Currency, Locations','Languages, Currency, Locations','civicrm/admin/setting/localization?reset=1',NULL,'administer CiviCRM','',136,1,NULL,1),
 (138,1,'Address Settings','Address Settings','civicrm/admin/setting/preferences/address?reset=1',NULL,'administer CiviCRM','',136,1,NULL,2),
 (139,1,'Date Formats','Date Formats','civicrm/admin/setting/date?reset=1',NULL,'administer CiviCRM','',136,1,NULL,3),
 (140,1,'Preferred Language Options','Preferred Language Options','civicrm/admin/options/languages?reset=1',NULL,'administer CiviCRM','',136,1,NULL,4),
 (141,1,'Users and Permissions','Users and Permissions',NULL,NULL,'administer CiviCRM','',99,1,NULL,7),
 (142,1,'Access Control Lists','Permissions (Access Control)','civicrm/admin/access?reset=1',NULL,'administer CiviCRM','',141,1,NULL,5),
 (143,1,'Synchronize Users to Contacts','Synchronize Users to Contacts','civicrm/admin/synchUser?reset=1',NULL,'administer CiviCRM','',141,1,NULL,10),
 (144,1,'System Settings','System Settings',NULL,NULL,'administer CiviCRM','',99,1,NULL,8),
 (145,1,'Components','Enable Components','civicrm/admin/setting/component?reset=1',NULL,'administer CiviCRM','',144,1,NULL,1),
 (146,1,'Extensions','Manage Extensions','civicrm/admin/extensions?reset=1',NULL,'administer CiviCRM','',144,1,1,3),
 (147,1,'Cleanup Caches and Update Paths','Cleanup Caches and Update Paths','civicrm/admin/setting/updateConfigBackend?reset=1',NULL,'administer CiviCRM','',144,1,NULL,4),
 (148,1,'CMS Database Integration','CMS Integration','civicrm/admin/setting/uf?reset=1',NULL,'administer CiviCRM','',144,1,NULL,5),
 (149,1,'Debugging and Error Handling','Debugging and Error Handling','civicrm/admin/setting/debug?reset=1',NULL,'administer CiviCRM','',144,1,NULL,6),
 (150,1,'Directories','Directories','civicrm/admin/setting/path?reset=1',NULL,'administer CiviCRM','',144,1,NULL,7),
 (151,1,'Import/Export Mappings','Import/Export Mappings','civicrm/admin/mapping?reset=1',NULL,'administer CiviCRM','',144,1,NULL,8),
 (152,1,'Mapping and Geocoding','Mapping and Geocoding','civicrm/admin/setting/mapping?reset=1',NULL,'administer CiviCRM','',144,1,NULL,9),
 (153,1,'Misc (Undelete, PDFs, Limits, Logging, etc.)','misc_admin_settings','civicrm/admin/setting/misc?reset=1',NULL,'administer CiviCRM','',144,1,NULL,10),
 (154,1,'Multi Site Settings','Multi Site Settings','civicrm/admin/setting/preferences/multisite?reset=1',NULL,'administer CiviCRM','',144,1,NULL,11),
 (155,1,'Option Groups','Option Groups','civicrm/admin/options?reset=1',NULL,'administer CiviCRM','',144,1,NULL,12),
 (156,1,'Outbound Email (SMTP/Sendmail)','Outbound Email','civicrm/admin/setting/smtp?reset=1',NULL,'administer CiviCRM','',144,1,NULL,13),
 (157,1,'Payment Processors','Payment Processors','civicrm/admin/paymentProcessor?reset=1',NULL,'administer CiviCRM','',144,1,NULL,14),
 (158,1,'Resource URLs','Resource URLs','civicrm/admin/setting/url?reset=1',NULL,'administer CiviCRM','',144,1,NULL,15),
 (159,1,'Safe File Extensions','Safe File Extensions','civicrm/admin/options/safe_file_extension?reset=1',NULL,'administer CiviCRM','',144,1,NULL,16),
 (160,1,'Scheduled Jobs','Scheduled Jobs','civicrm/admin/job?reset=1',NULL,'administer CiviCRM','',144,1,NULL,17),
 (161,1,'SMS Providers','SMS Providers','civicrm/admin/sms/provider?reset=1',NULL,'administer CiviCRM','',144,1,NULL,18),
 (162,1,'CiviCampaign','CiviCampaign',NULL,NULL,'administer CiviCampaign,administer CiviCRM','AND',99,1,NULL,9),
 (163,1,'Survey Types','Survey Types','civicrm/admin/campaign/surveyType?reset=1',NULL,'administer CiviCampaign','',162,1,NULL,1),
 (164,1,'Campaign Types','Campaign Types','civicrm/admin/options/campaign_type?reset=1',NULL,'administer CiviCampaign','',162,1,NULL,2),
 (165,1,'Campaign Status','Campaign Status','civicrm/admin/options/campaign_status?reset=1',NULL,'administer CiviCampaign','',162,1,NULL,3),
 (166,1,'Engagement Index','Engagement Index','civicrm/admin/options/engagement_index?reset=1',NULL,'administer CiviCampaign','',162,1,NULL,4),
 (167,1,'CiviCampaign Component Settings','CiviCampaign Component Settings','civicrm/admin/setting/preferences/campaign?reset=1',NULL,'administer CiviCampaign','',162,1,NULL,5),
 (168,1,'CiviCase','CiviCase',NULL,NULL,'administer CiviCase',NULL,99,1,NULL,10),
 (169,1,'CiviCase Settings','CiviCase Settings','civicrm/admin/setting/case?reset=1',NULL,'administer CiviCase',NULL,168,1,NULL,1),
 (170,1,'Case Types','Case Types','civicrm/a/#/caseType',NULL,'administer CiviCase',NULL,168,1,NULL,2),
 (171,1,'Redaction Rules','Redaction Rules','civicrm/admin/options/redaction_rule?reset=1',NULL,'administer CiviCase',NULL,168,1,NULL,3),
 (172,1,'Case Statuses','Case Statuses','civicrm/admin/options/case_status?reset=1',NULL,'administer CiviCase',NULL,168,1,NULL,4),
 (173,1,'Encounter Medium','Encounter Medium','civicrm/admin/options/encounter_medium?reset=1',NULL,'administer CiviCase',NULL,168,1,NULL,5),
 (174,1,'CiviContribute','CiviContribute',NULL,NULL,'access CiviContribute,administer CiviCRM','AND',99,1,NULL,11),
 (175,1,'New Contribution Page','New Contribution Page','civicrm/admin/contribute?reset=1&action=add',NULL,'access CiviContribute,administer CiviCRM','AND',174,1,NULL,6),
 (176,1,'Manage Contribution Pages','Manage Contribution Pages','civicrm/admin/contribute?reset=1',NULL,'access CiviContribute,administer CiviCRM','AND',174,1,1,7),
 (177,1,'Personal Campaign Pages','Personal Campaign Pages','civicrm/admin/pcp?reset=1&page_type=contribute',NULL,'access CiviContribute,administer CiviCRM','AND',174,1,NULL,8),
 (178,1,'Premiums (Thank-you Gifts)','Premiums','civicrm/admin/contribute/managePremiums?reset=1',NULL,'access CiviContribute,administer CiviCRM','AND',174,1,1,9),
 (179,1,'Financial Types','Financial Types','civicrm/admin/financial/financialType?reset=1',NULL,'access CiviContribute,administer CiviCRM','AND',174,1,NULL,10),
 (180,1,'Financial Accounts','Financial Accounts','civicrm/admin/financial/financialAccount?reset=1',NULL,'access CiviContribute,administer CiviCRM','AND',174,1,NULL,11),
 (181,1,'Payment Methods','Payment Instruments','civicrm/admin/options/payment_instrument?reset=1',NULL,'access CiviContribute,administer CiviCRM','AND',174,1,NULL,12),
 (182,1,'Accepted Credit Cards','Accepted Credit Cards','civicrm/admin/options/accept_creditcard?reset=1',NULL,'access CiviContribute,administer CiviCRM','AND',174,1,NULL,13),
 (183,1,'Soft Credit Types','Soft Credit Types','civicrm/admin/options/soft_credit_type?reset=1',NULL,'access CiviContribute,administer CiviCRM','AND',174,1,1,14),
 (184,1,'New Price Set','New Price Set','civicrm/admin/price/edit?reset=1&action=add',NULL,'access CiviContribute,administer CiviCRM','AND',174,0,NULL,15),
 (185,1,'Manage Price Sets','Manage Price Sets','civicrm/admin/price?reset=1',NULL,'access CiviContribute,administer CiviCRM','AND',174,1,NULL,16),
 (186,1,'Payment Processors','Payment Processors','civicrm/admin/paymentProcessor?reset=1',NULL,'administer CiviCRM','',174,1,NULL,17),
 (187,1,'CiviContribute Component Settings','CiviContribute Component Settings','civicrm/admin/setting/preferences/contribute?reset=1',NULL,'administer CiviCRM','',174,1,NULL,18),
 (188,1,'CiviEvent','CiviEvent',NULL,NULL,'access CiviEvent,administer CiviCRM','AND',99,1,NULL,12),
 (189,1,'New Event','New Event','civicrm/event/add?reset=1&action=add',NULL,'access CiviEvent,administer CiviCRM','AND',188,1,NULL,1),
 (190,1,'Manage Events','Manage Events','civicrm/event/manage?reset=1',NULL,'access CiviEvent,administer CiviCRM','AND',188,1,1,2),
 (191,1,'Personal Campaign Pages','Personal Campaign Pages','civicrm/admin/pcp?reset=1&page_type=event',NULL,'access CiviEvent,administer CiviCRM','AND',188,1,1,3),
 (192,1,'Event Templates','Event Templates','civicrm/admin/eventTemplate?reset=1',NULL,'access CiviEvent,administer CiviCRM','AND',188,1,1,4),
 (193,1,'New Price Set','New Price Set','civicrm/admin/price/edit?reset=1&action=add',NULL,'access CiviEvent,administer CiviCRM','AND',188,0,NULL,5),
 (194,1,'Manage Price Sets','Manage Price Sets','civicrm/admin/price?reset=1',NULL,'access CiviEvent,administer CiviCRM','AND',188,1,1,6),
 (195,1,'Event Types','Event Types','civicrm/admin/options/event_type?reset=1',NULL,'access CiviEvent,administer CiviCRM','AND',188,1,NULL,7),
 (196,1,'Participant Statuses','Participant Statuses','civicrm/admin/participant_status?reset=1',NULL,'access CiviEvent,administer CiviCRM','AND',188,1,NULL,8),
 (197,1,'Participant Roles','Participant Roles','civicrm/admin/options/participant_role?reset=1',NULL,'access CiviEvent,administer CiviCRM','AND',188,1,NULL,9),
 (198,1,'Participant Listing Options','Participant Listing Options','civicrm/admin/options/participant_listing?reset=1',NULL,'access CiviEvent,administer CiviCRM','AND',188,1,NULL,10),
 (199,1,'Event Name Badge Layouts','Event Name Badge Layouts','civicrm/admin/badgelayout?reset=1',NULL,'access CiviEvent,administer CiviCRM','AND',188,1,NULL,11),
 (200,1,'Payment Processors','Payment Processors','civicrm/admin/paymentProcessor?reset=1',NULL,'administer CiviCRM','',188,1,NULL,12),
 (201,1,'CiviEvent Component Settings','CiviEvent Component Settings','civicrm/admin/setting/preferences/event?reset=1',NULL,'access CiviEvent,administer CiviCRM','AND',188,1,NULL,13),
 (202,1,'CiviMail','CiviMail',NULL,NULL,'access CiviMail,administer CiviCRM','AND',99,1,NULL,14),
 (203,1,'Headers, Footers, and Automated Messages','Headers, Footers, and Automated Messages','civicrm/admin/component?reset=1',NULL,'access CiviMail,administer CiviCRM','AND',202,1,NULL,1),
 (204,1,'Message Templates','Message Templates','civicrm/admin/messageTemplates?reset=1',NULL,'administer CiviCRM','',202,1,NULL,2),
 (205,1,'From Email Addresses','From Email Addresses','civicrm/admin/options/from_email_address?reset=1',NULL,'administer CiviCRM','',202,1,NULL,3),
 (206,1,'Mail Accounts','Mail Accounts','civicrm/admin/mailSettings?reset=1',NULL,'access CiviMail,administer CiviCRM','AND',202,1,NULL,4),
 (207,1,'Mailer Settings','Mailer Settings','civicrm/admin/mail?reset=1',NULL,'access CiviMail,administer CiviCRM','AND',202,1,NULL,5),
 (208,1,'CiviMail Component Settings','CiviMail Component Settings','civicrm/admin/setting/preferences/mailing?reset=1',NULL,'access CiviMail,administer CiviCRM','AND',202,1,NULL,6),
 (209,1,'CiviMember','CiviMember',NULL,NULL,'access CiviMember,administer CiviCRM','AND',99,1,NULL,15),
 (210,1,'Membership Types','Membership Types','civicrm/admin/member/membershipType?reset=1',NULL,'access CiviMember,administer CiviCRM','AND',209,1,NULL,1),
 (211,1,'Membership Status Rules','Membership Status Rules','civicrm/admin/member/membershipStatus?reset=1',NULL,'access CiviMember,administer CiviCRM','AND',209,1,1,2),
 (212,1,'New Price Set','New Price Set','civicrm/admin/price/edit?reset=1&action=add',NULL,'access CiviMember,administer CiviCRM','AND',209,1,NULL,3),
 (213,1,'Manage Price Sets','Manage Price Sets','civicrm/admin/price?reset=1',NULL,'access CiviMember,administer CiviCRM','AND',209,1,NULL,4),
 (214,1,'CiviMember Component Settings','CiviMember Component Settings','civicrm/admin/setting/preferences/member?reset=1',NULL,'access CiviMember,administer CiviCRM','AND',209,1,NULL,5),
 (215,1,'CiviReport','CiviReport',NULL,NULL,'access CiviReport,administer CiviCRM','AND',99,1,NULL,16),
 (216,1,'All Reports','All Reports','civicrm/report/list?reset=1',NULL,'access CiviReport','',215,1,NULL,1),
 (217,1,'Create New Report from Template','Create New Report from Template','civicrm/admin/report/template/list?reset=1',NULL,'administer Reports','',215,1,NULL,2),
 (218,1,'Manage Templates','Manage Templates','civicrm/admin/report/options/report_template?reset=1',NULL,'administer Reports','',215,1,NULL,3),
 (219,1,'Register Report','Register Report','civicrm/admin/report/register?reset=1',NULL,'administer Reports','',215,1,NULL,4),
 (220,1,'Support','Support',NULL,'crm-i fa-life-ring',NULL,'',NULL,1,NULL,110),
 (221,1,'User Guide','User Guide','https://docs.civicrm.org/user/?src=iam',NULL,NULL,'AND',220,1,NULL,1),
 (222,1,'Get Help','Get Help','https://civicrm.org/help?src=iam',NULL,NULL,'AND',220,1,NULL,2),
 (223,1,'About CiviCRM','About CiviCRM','https://civicrm.org/about?src=iam',NULL,NULL,'AND',220,1,1,3),
 (224,1,'Register Your Site','Register Your Site','https://civicrm.org/register-your-site?src=iam&sid={sid}',NULL,NULL,'AND',220,1,NULL,4),
 (225,1,'Join CiviCRM','Join CiviCRM','https://civicrm.org/become-a-member?src=iam&sid={sid}',NULL,NULL,'AND',220,1,NULL,5),
 (226,1,'Developer','Developer',NULL,NULL,'administer CiviCRM','',220,1,1,6),
 (227,1,'Api Explorer v3','API Explorer','civicrm/api3',NULL,'administer CiviCRM','',226,1,NULL,1),
 (228,1,'Api Explorer v4','Api Explorer v4','civicrm/api4#/explorer',NULL,'administer CiviCRM','',226,1,NULL,2),
 (229,1,'Developer Docs','Developer Docs','https://civicrm.org/developer-documentation?src=iam',NULL,'administer CiviCRM','',226,1,NULL,3),
 (230,1,'Reports','Reports',NULL,'crm-i fa-bar-chart','access CiviReport','',NULL,1,NULL,95),
 (231,1,'Contact Reports','Contact Reports','civicrm/report/list?compid=99&reset=1',NULL,'access CiviReport','',230,1,0,1),
 (232,1,'Contribution Reports','Contribution Reports','civicrm/report/list?compid=2&reset=1',NULL,'access CiviContribute','',230,1,0,2),
 (233,1,'Pledge Reports','Pledge Reports','civicrm/report/list?compid=6&reset=1',NULL,'access CiviPledge','',230,1,0,3),
 (234,1,'Event Reports','Event Reports','civicrm/report/list?compid=1&reset=1',NULL,'access CiviEvent','',230,1,0,4),
 (235,1,'Mailing Reports','Mailing Reports','civicrm/report/list?compid=4&reset=1',NULL,'access CiviMail','',230,1,0,5),
 (236,1,'Membership Reports','Membership Reports','civicrm/report/list?compid=3&reset=1',NULL,'access CiviMember','',230,1,0,6),
 (237,1,'Campaign Reports','Campaign Reports','civicrm/report/list?compid=9&reset=1',NULL,'interview campaign contacts,release campaign contacts,reserve campaign contacts,manage campaign,administer CiviCampaign,gotv campaign contacts','OR',230,1,0,7),
 (238,1,'Case Reports','Case Reports','civicrm/report/list?compid=7&reset=1',NULL,'access my cases and activities,access all cases and activities,administer CiviCase','OR',230,1,0,8),
 (239,1,'All Reports','All Reports','civicrm/report/list?reset=1',NULL,'access CiviReport','',230,1,1,10),
 (240,1,'My Reports','My Reports','civicrm/report/list?myreports=1&reset=1',NULL,'access CiviReport','',230,1,1,11),
 (241,1,'New Student','New Student','civicrm/contact/add?ct=Individual&cst=Student&reset=1',NULL,'add contacts','',14,1,NULL,1),
 (242,1,'New Parent','New Parent','civicrm/contact/add?ct=Individual&cst=Parent&reset=1',NULL,'add contacts','',14,1,NULL,2),
 (243,1,'New Staff','New Staff','civicrm/contact/add?ct=Individual&cst=Staff&reset=1',NULL,'add contacts','',14,1,NULL,3),
 (244,1,'New Team','New Team','civicrm/contact/add?ct=Organization&cst=Team&reset=1',NULL,'add contacts','',16,1,NULL,1),
 (245,1,'New Sponsor','New Sponsor','civicrm/contact/add?ct=Organization&cst=Sponsor&reset=1',NULL,'add contacts','',16,1,NULL,2);
/*!40000 ALTER TABLE `civicrm_navigation` ENABLE KEYS */;
UNLOCK TABLES;

--
-- Dumping data for table `civicrm_note`
--

LOCK TABLES `civicrm_note` WRITE;
/*!40000 ALTER TABLE `civicrm_note` DISABLE KEYS */;
INSERT INTO `civicrm_note` (`id`, `entity_table`, `entity_id`, `note`, `contact_id`, `note_date`, `created_date`, `modified_date`, `subject`, `privacy`) VALUES
 (1,'civicrm_contact',86,'Arrange for cricket match with Sunil Gavaskar',1,'2024-06-23 22:14:50','2024-06-23 22:14:50','2023-07-05 09:55:50',NULL,'0'),
 (2,'civicrm_contact',190,'Invite members for the Steve Prefontaine 10k dream run',1,'2024-06-23 22:14:50','2024-06-23 22:14:50','2024-04-02 14:47:32',NULL,'0'),
 (3,'civicrm_contact',163,'Contact the Commissioner of Charities',1,'2024-06-23 22:14:50','2024-06-23 22:14:50','2023-12-27 03:57:51',NULL,'0'),
 (4,'civicrm_contact',201,'Get the registration done for NGO status',1,'2024-06-23 22:14:50','2024-06-23 22:14:50','2023-12-08 02:54:31',NULL,'0'),
 (5,'civicrm_contact',81,'Invite members for the Steve Prefontaine 10k dream run',1,'2024-06-23 22:14:50','2024-06-23 22:14:50','2024-06-15 12:16:41',NULL,'0'),
 (6,'civicrm_contact',108,'Arrange collection of funds from members',1,'2024-06-23 22:14:50','2024-06-23 22:14:50','2023-12-14 18:21:58',NULL,'0'),
 (7,'civicrm_contact',158,'Contact the Commissioner of Charities',1,'2024-06-23 22:14:50','2024-06-23 22:14:50','2024-04-29 22:23:28',NULL,'0'),
 (8,'civicrm_contact',27,'Arrange for cricket match with Sunil Gavaskar',1,'2024-06-23 22:14:50','2024-06-23 22:14:50','2023-08-24 10:12:21',NULL,'0'),
 (9,'civicrm_contact',134,'Contact the Commissioner of Charities',1,'2024-06-23 22:14:50','2024-06-23 22:14:50','2024-01-21 00:20:14',NULL,'0'),
 (10,'civicrm_contact',118,'Arrange collection of funds from members',1,'2024-06-23 22:14:50','2024-06-23 22:14:50','2024-05-24 08:25:35',NULL,'0'),
 (11,'civicrm_contact',180,'Chart out route map for next 10k run',1,'2024-06-23 22:14:50','2024-06-23 22:14:50','2024-04-15 05:06:01',NULL,'0'),
 (12,'civicrm_contact',179,'Contact the Commissioner of Charities',1,'2024-06-23 22:14:50','2024-06-23 22:14:50','2023-08-23 09:43:19',NULL,'0'),
 (13,'civicrm_contact',4,'Connect for presentation',1,'2024-06-23 22:14:50','2024-06-23 22:14:50','2024-01-22 20:04:08',NULL,'0'),
 (14,'civicrm_contact',4,'Connect for presentation',1,'2024-06-23 22:14:50','2024-06-23 22:14:50','2023-11-04 12:38:46',NULL,'0'),
 (15,'civicrm_contact',94,'Contact the Commissioner of Charities',1,'2024-06-23 22:14:50','2024-06-23 22:14:50','2024-04-06 03:11:57',NULL,'0'),
 (16,'civicrm_contact',151,'Organize the Terry Fox run',1,'2024-06-23 22:14:50','2024-06-23 22:14:50','2024-01-13 12:35:47',NULL,'0'),
 (17,'civicrm_contact',6,'Send newsletter for April 2005',1,'2024-06-23 22:14:50','2024-06-23 22:14:50','2024-05-08 05:59:46',NULL,'0'),
 (18,'civicrm_contact',13,'Chart out route map for next 10k run',1,'2024-06-23 22:14:50','2024-06-23 22:14:50','2024-04-23 04:06:55',NULL,'0'),
 (19,'civicrm_contact',191,'Contact the Commissioner of Charities',1,'2024-06-23 22:14:50','2024-06-23 22:14:50','2023-10-04 17:45:06',NULL,'0'),
 (20,'civicrm_contact',195,'Chart out route map for next 10k run',1,'2024-06-23 22:14:50','2024-06-23 22:14:50','2023-08-04 07:51:52',NULL,'0');
/*!40000 ALTER TABLE `civicrm_note` ENABLE KEYS */;
UNLOCK TABLES;

--
-- Dumping data for table `civicrm_openid`
--

LOCK TABLES `civicrm_openid` WRITE;
/*!40000 ALTER TABLE `civicrm_openid` DISABLE KEYS */;
/*!40000 ALTER TABLE `civicrm_openid` ENABLE KEYS */;
UNLOCK TABLES;

--
-- Dumping data for table `civicrm_option_group`
--

LOCK TABLES `civicrm_option_group` WRITE;
/*!40000 ALTER TABLE `civicrm_option_group` DISABLE KEYS */;
INSERT INTO `civicrm_option_group` (`id`, `name`, `title`, `description`, `data_type`, `is_reserved`, `is_active`, `is_locked`, `option_value_fields`) VALUES
 (1,'preferred_communication_method','Preferred Communication Method',NULL,NULL,1,1,0,'name,label,description'),
 (2,'activity_type','Activity Type','Activities track interactions with contacts. Some activity types are reserved for use by automated processes, others can be freely configured.','Integer',1,1,0,'name,label,description,icon'),
 (3,'gender','Gender','CiviCRM is pre-configured with standard options for individual gender (Male, Female, Other). Modify these options as needed for your installation.','Integer',1,1,0,'name,label,description'),
 (4,'instant_messenger_service','Instant Messenger (IM) screen-names','Commonly-used messaging apps are listed here. Administrators may define as many additional providers as needed.',NULL,1,1,0,'name,label,description'),
 (5,'mobile_provider','Mobile Phone Providers','When recording mobile phone numbers for contacts, it may be useful to include the Mobile Phone Service Provider (e.g. Cingular, Sprint, etc.). CiviCRM is installed with the most commonly encountered service providers. Administrators may define as many additional providers as needed.',NULL,1,1,0,'name,label,description'),
 (6,'individual_prefix','Individual contact prefixes','CiviCRM is pre-configured with standard options for individual contact prefixes (Ms., Mr., Dr. etc.). Customize these options and add new ones as needed for your installation.',NULL,1,1,0,'name,label,description'),
 (7,'individual_suffix','Individual contact suffixes','CiviCRM is pre-configured with standard options for individual contact name suffixes (Jr., Sr., II etc.). Customize these options and add new ones as needed for your installation.',NULL,1,1,0,'name,label,description'),
 (8,'acl_role','ACL Role',NULL,NULL,1,1,0,'name,label,description'),
 (9,'accept_creditcard','Accepted Credit Cards','The following credit card options will be offered to contributors using Online Contribution pages. You will need to verify which cards are accepted by your chosen Payment Processor and update these entries accordingly.IMPORTANT: These options do not control credit card/payment method choices for sites and/or contributors using the PayPal Express service (e.g. where billing information is collected on the Payment Processor\\\'s website).',NULL,1,1,0,'name,label,description'),
 (10,'payment_instrument','Payment Methods','You may choose to record the payment method used for each contribution and fee. Reserved payment methods are required - you may modify their labels but they can not be deleted (e.g. Check, Credit Card, Debit Card). If your site requires additional payment methods, you can add them here. You can associate each payment method with a Financial Account which specifies where the payment is going (e.g. a bank account for checks and cash).','Integer',1,1,0,'name,label,description'),
 (11,'contribution_status','Contribution Status',NULL,NULL,1,1,1,'name,label,description'),
 (12,'pcp_status','PCP Status',NULL,NULL,1,1,1,'name,label,description'),
 (13,'pcp_owner_notify','PCP owner notifications',NULL,NULL,1,1,1,'name,label,description'),
 (14,'participant_role','Participant Role','Define participant roles for events here (e.g. Attendee, Host, Speaker...). You can then assign roles and search for participants by role.','Integer',1,1,0,'name,label,description'),
 (15,'event_type','Event Type','Use Event Types to categorize your events. Event feeds can be filtered by Event Type and participant searches can use Event Type as a criteria.','Integer',1,1,0,'name,label,description'),
 (16,'contact_view_options','Contact View Options',NULL,NULL,1,1,1,'name,label,description'),
 (17,'contact_smart_group_display','Contact Smart Group View Options',NULL,NULL,1,1,1,'name,label,description'),
 (18,'contact_edit_options','Contact Edit Options',NULL,NULL,1,1,1,'name,label,description'),
 (19,'advanced_search_options','Advanced Search Options',NULL,NULL,1,1,1,'name,label,description'),
 (20,'user_dashboard_options','User Dashboard Options',NULL,NULL,1,1,1,'name,label,description'),
 (21,'address_options','Addressing Options',NULL,NULL,1,1,0,'name,label,description'),
 (22,'group_type','Group Type',NULL,NULL,1,1,0,'name,label,description'),
 (23,'custom_search','Custom Search',NULL,NULL,1,1,0,'name,label,description'),
 (24,'activity_status','Activity Status',NULL,'Integer',1,1,0,'name,label,description,color'),
 (25,'case_type','Case Type',NULL,NULL,1,1,0,'name,label,description'),
 (26,'case_status','Case Status',NULL,NULL,1,1,0,'name,label,description,color'),
 (27,'participant_listing','Participant Listing',NULL,NULL,1,1,0,'name,label,description'),
 (28,'safe_file_extension','Safe File Extension',NULL,NULL,1,1,0,'name,label,description'),
 (29,'from_email_address','From Email Address','By default, CiviCRM uses the primary email address of the logged in user as the FROM address when sending emails to contacts. However, you can use this page to define one or more general Email Addresses that can be selected as an alternative. EXAMPLE: \"Client Services\" <clientservices@example.org>.',NULL,1,1,0,'name,label,description'),
 (30,'mapping_type','Mapping Type',NULL,NULL,1,1,1,'name,label,description'),
 (31,'wysiwyg_editor','WYSIWYG Editor',NULL,NULL,1,1,0,'name,label,description'),
 (32,'recur_frequency_units','Recurring Frequency Units',NULL,NULL,1,1,0,'name,label,description'),
 (33,'phone_type','Phone Type',NULL,NULL,1,1,0,'name,label,description'),
 (34,'custom_data_type','Custom Data Type',NULL,NULL,1,1,0,'name,label,description'),
 (35,'visibility','Visibility',NULL,NULL,1,1,0,'name,label,description'),
 (36,'mail_protocol','Mail Protocol',NULL,NULL,1,1,0,'name,label,description'),
 (37,'priority','Priority',NULL,NULL,1,1,0,'name,label,description'),
 (38,'redaction_rule','Redaction Rule',NULL,NULL,1,1,0,'name,label,description'),
 (39,'report_template','Report Template',NULL,NULL,1,1,0,'name,label,description'),
 (40,'email_greeting','Email Greeting Type',NULL,NULL,1,1,0,'name,label,description'),
 (41,'postal_greeting','Postal Greeting Type',NULL,NULL,1,1,0,'name,label,description'),
 (42,'addressee','Addressee Type',NULL,NULL,1,1,0,'name,label,description'),
 (43,'contact_autocomplete_options','Autocomplete Contact Search',NULL,NULL,1,1,1,'name,label,description'),
 (44,'contact_reference_options','Contact Reference Autocomplete Options',NULL,NULL,1,1,1,'name,label,description'),
 (45,'website_type','Website Type',NULL,NULL,1,1,0,'name,label,description'),
 (46,'tag_used_for','Tag Used For',NULL,NULL,1,1,1,'name,label,description'),
 (47,'note_used_for','Note Used For',NULL,NULL,1,1,1,'name,label,description'),
 (48,'currencies_enabled','Currencies Enabled',NULL,NULL,1,1,0,'name,label,description'),
 (49,'event_badge','Event Name Badge',NULL,NULL,1,1,0,'name,label,description'),
 (50,'note_privacy','Privacy levels for notes',NULL,NULL,1,1,0,'name,label,description'),
 (51,'campaign_type','Campaign Type',NULL,NULL,1,1,0,'name,label,description'),
 (52,'campaign_status','Campaign Status',NULL,NULL,1,1,0,'name,label,description'),
 (53,'system_extensions','CiviCRM Extensions',NULL,NULL,1,1,0,'name,label,description'),
 (54,'mail_approval_status','CiviMail Approval Status',NULL,NULL,1,1,0,'name,label,description'),
 (55,'engagement_index','Engagement Index',NULL,NULL,1,1,0,'name,label,description'),
 (56,'cg_extend_objects','Objects a custom group extends to',NULL,NULL,1,1,0,'name,label,description'),
 (57,'paper_size','Paper Size',NULL,NULL,1,1,0,'name,label,description'),
 (58,'pdf_format','PDF Page Format',NULL,NULL,1,1,0,'name,label,description'),
 (59,'label_format','Mailing Label Format',NULL,NULL,1,1,0,'name,label,description'),
 (60,'activity_contacts','Activity Contacts',NULL,NULL,1,1,1,'name,label,description'),
 (61,'account_relationship','Account Relationship',NULL,NULL,1,1,0,'name,label,description'),
 (62,'event_contacts','Event Recipients',NULL,NULL,1,1,0,'name,label,description'),
 (63,'conference_slot','Conference Slot',NULL,NULL,1,1,0,'name,label,description'),
 (64,'batch_type','Batch Type',NULL,NULL,1,1,1,'name,label,description'),
 (65,'batch_mode','Batch Mode',NULL,NULL,1,1,1,'name,label,description'),
 (66,'batch_status','Batch Status',NULL,NULL,1,1,1,'name,label,description'),
 (67,'sms_api_type','Api Type',NULL,NULL,1,1,0,'name,label,description'),
 (68,'sms_provider_name','Sms Provider Internal Name',NULL,NULL,1,1,0,'name,label,description'),
 (69,'auto_renew_options','Auto Renew Options',NULL,NULL,1,1,1,'name,label,description'),
 (70,'financial_account_type','Financial Account Type',NULL,NULL,1,1,0,'name,label,description'),
 (71,'financial_item_status','Financial Item Status',NULL,NULL,1,1,1,'name,label,description'),
 (72,'label_type','Label Type',NULL,NULL,1,1,0,'name,label,description'),
 (73,'name_badge','Name Badge Format',NULL,NULL,1,1,0,'name,label,description'),
 (74,'communication_style','Communication Style',NULL,NULL,1,1,0,'name,label,description'),
 (75,'msg_mode','Message Mode',NULL,NULL,1,1,0,'name,label,description'),
 (76,'contact_date_reminder_options','Contact Date Reminder Options',NULL,NULL,1,1,1,'name,label,description'),
 (77,'wysiwyg_presets','WYSIWYG Editor Presets',NULL,NULL,1,1,0,'name,label,description'),
 (78,'relative_date_filters','Relative Date Filters',NULL,NULL,1,1,0,'name,label,description'),
 (79,'pledge_status','Pledge Status',NULL,NULL,1,1,1,'name,label,description'),
 (80,'contribution_recur_status','Recurring Contribution Status',NULL,NULL,1,1,1,'name,label,description'),
 (81,'environment','Environment',NULL,NULL,1,1,0,'name,label,description'),
 (82,'activity_default_assignee','Activity default assignee',NULL,NULL,1,1,0,'name,label,description'),
 (83,'entity_batch_extends','Entity Batch Extends',NULL,NULL,1,1,0,'name,label,description'),
 (84,'file_type','File Type',NULL,'Integer',1,1,0,'name,label,description'),
 (85,'languages','Languages','List of Languages',NULL,1,1,0,'name,label,description'),
 (86,'encounter_medium','Encounter Medium','Encounter medium for case activities (e.g. In Person, By Phone, etc.)',NULL,1,1,0,'name,label,description'),
 (87,'msg_tpl_workflow_case','Message Template Workflow for Cases','Message Template Workflow for Cases',NULL,1,1,0,'name,label,description'),
 (88,'msg_tpl_workflow_contribution','Message Template Workflow for Contributions','Message Template Workflow for Contributions',NULL,1,1,0,'name,label,description'),
 (89,'msg_tpl_workflow_event','Message Template Workflow for Events','Message Template Workflow for Events',NULL,1,1,0,'name,label,description'),
 (90,'msg_tpl_workflow_friend','Message Template Workflow for Tell-a-Friend','Message Template Workflow for Tell-a-Friend',NULL,1,1,0,'name,label,description'),
 (91,'msg_tpl_workflow_membership','Message Template Workflow for Memberships','Message Template Workflow for Memberships',NULL,1,1,0,'name,label,description'),
 (92,'msg_tpl_workflow_meta','Message Template Workflow for Meta Templates','Message Template Workflow for Meta Templates',NULL,1,1,0,'name,label,description'),
 (93,'msg_tpl_workflow_pledge','Message Template Workflow for Pledges','Message Template Workflow for Pledges',NULL,1,1,0,'name,label,description'),
 (94,'msg_tpl_workflow_uf','Message Template Workflow for Profiles','Message Template Workflow for Profiles',NULL,1,1,0,'name,label,description'),
 (95,'msg_tpl_workflow_petition','Message Template Workflow for Petition','Message Template Workflow for Petition',NULL,1,1,0,'name,label,description'),
 (96,'soft_credit_type','Soft Credit Types',NULL,NULL,1,1,0,'name,label,description'),
 (97,'recent_items_providers','Recent Items Providers',NULL,NULL,1,1,0,'name,label,description');
/*!40000 ALTER TABLE `civicrm_option_group` ENABLE KEYS */;
UNLOCK TABLES;

--
-- Dumping data for table `civicrm_option_value`
--

LOCK TABLES `civicrm_option_value` WRITE;
/*!40000 ALTER TABLE `civicrm_option_value` DISABLE KEYS */;
INSERT INTO `civicrm_option_value` (`id`, `option_group_id`, `label`, `value`, `name`, `grouping`, `filter`, `is_default`, `weight`, `description`, `is_optgroup`, `is_reserved`, `is_active`, `component_id`, `domain_id`, `visibility_id`, `icon`, `color`) VALUES
 (1,1,'Phone','1','Phone',NULL,0,0,1,NULL,0,0,1,NULL,NULL,NULL,NULL,NULL),
 (2,1,'Email','2','Email',NULL,0,0,2,NULL,0,0,1,NULL,NULL,NULL,NULL,NULL),
 (3,1,'Postal Mail','3','Postal Mail',NULL,0,0,3,NULL,0,0,1,NULL,NULL,NULL,NULL,NULL),
 (4,1,'SMS','4','SMS',NULL,0,0,4,NULL,0,0,1,NULL,NULL,NULL,NULL,NULL),
 (5,1,'Fax','5','Fax',NULL,0,0,5,NULL,0,0,1,NULL,NULL,NULL,NULL,NULL),
 (6,2,'Meeting','1','Meeting',NULL,0,0,1,NULL,0,1,1,NULL,NULL,NULL,'fa-slideshare',NULL),
 (7,2,'Phone Call','2','Phone Call',NULL,0,0,2,NULL,0,1,1,NULL,NULL,NULL,'fa-phone',NULL),
 (8,2,'Email','3','Email',NULL,1,0,3,'Email sent.',0,1,1,NULL,NULL,NULL,'fa-envelope-o',NULL),
 (9,2,'Outbound SMS','4','SMS',NULL,1,0,4,'Text message (SMS) sent.',0,1,1,NULL,NULL,NULL,'fa-mobile',NULL),
 (10,2,'Event Registration','5','Event Registration',NULL,1,0,5,'Online or offline event registration.',0,1,1,1,NULL,NULL,NULL,NULL),
 (11,2,'Contribution','6','Contribution',NULL,1,0,6,'Online or offline contribution.',0,1,1,2,NULL,NULL,NULL,NULL),
 (12,2,'Membership Signup','7','Membership Signup',NULL,1,0,7,'Online or offline membership signup.',0,1,1,3,NULL,NULL,NULL,NULL),
 (13,2,'Membership Renewal','8','Membership Renewal',NULL,1,0,8,'Online or offline membership renewal.',0,1,1,3,NULL,NULL,NULL,NULL),
 (14,2,'Tell a Friend','9','Tell a Friend',NULL,1,0,9,'Send information about a contribution campaign or event to a friend.',0,1,1,NULL,NULL,NULL,NULL,NULL),
 (15,2,'Pledge Acknowledgment','10','Pledge Acknowledgment',NULL,1,0,10,'Send Pledge Acknowledgment.',0,1,1,6,NULL,NULL,NULL,NULL),
 (16,2,'Pledge Reminder','11','Pledge Reminder',NULL,1,0,11,'Send Pledge Reminder.',0,1,1,6,NULL,NULL,NULL,NULL),
 (17,2,'Inbound Email','12','Inbound Email',NULL,1,0,12,'Inbound Email.',0,1,1,NULL,NULL,NULL,NULL,NULL),
 (18,2,'Open Case','13','Open Case',NULL,0,0,13,'',0,1,1,7,NULL,NULL,'fa-folder-open-o',NULL),
 (19,2,'Follow up','14','Follow up',NULL,0,0,14,'',0,1,1,7,NULL,NULL,'fa-share-square-o',NULL),
 (20,2,'Change Case Type','15','Change Case Type',NULL,0,0,15,'',0,1,1,7,NULL,NULL,'fa-random',NULL),
 (21,2,'Change Case Status','16','Change Case Status',NULL,0,0,16,'',0,1,1,7,NULL,NULL,'fa-pencil-square-o',NULL),
 (22,2,'Change Case Subject','53','Change Case Subject',NULL,0,0,53,'',0,1,1,7,NULL,NULL,'fa-pencil-square-o',NULL),
 (23,2,'Change Custom Data','33','Change Custom Data',NULL,0,0,33,'',0,1,1,7,NULL,NULL,'fa-table',NULL),
 (24,2,'Membership Renewal Reminder','17','Membership Renewal Reminder',NULL,1,0,17,'offline membership renewal reminder.',0,1,1,3,NULL,NULL,NULL,NULL),
 (25,2,'Change Case Start Date','18','Change Case Start Date',NULL,0,0,18,'',0,1,1,7,NULL,NULL,'fa-calendar',NULL),
 (26,2,'Bulk Email','19','Bulk Email',NULL,1,0,19,'Bulk Email Sent.',0,1,1,NULL,NULL,NULL,NULL,NULL),
 (27,2,'Assign Case Role','20','Assign Case Role',NULL,0,0,20,'',0,1,1,7,NULL,NULL,'fa-user-plus',NULL),
 (28,2,'Remove Case Role','21','Remove Case Role',NULL,0,0,21,'',0,1,1,7,NULL,NULL,'fa-user-times',NULL),
 (29,2,'Print/Merge Document','22','Print PDF Letter',NULL,0,0,22,'Export letters and other printable documents.',0,1,1,NULL,NULL,NULL,'fa-file-pdf-o',NULL),
 (30,2,'Merge Case','23','Merge Case',NULL,0,0,23,'',0,1,1,7,NULL,NULL,'fa-compress',NULL),
 (31,2,'Reassigned Case','24','Reassigned Case',NULL,0,0,24,'',0,1,1,7,NULL,NULL,'fa-user-circle-o',NULL),
 (32,2,'Link Cases','25','Link Cases',NULL,0,0,25,'',0,1,1,7,NULL,NULL,'fa-link',NULL),
 (33,2,'Change Case Tags','26','Change Case Tags',NULL,0,0,26,'',0,1,1,7,NULL,NULL,'fa-tags',NULL),
 (34,2,'Add Client To Case','27','Add Client To Case',NULL,0,0,26,'',0,1,1,7,NULL,NULL,'fa-users',NULL),
 (35,2,'Survey','28','Survey',NULL,0,0,27,'',0,1,1,9,NULL,NULL,NULL,NULL),
 (36,2,'Canvass','29','Canvass',NULL,0,0,28,'',0,1,1,9,NULL,NULL,NULL,NULL),
 (37,2,'PhoneBank','30','PhoneBank',NULL,0,0,29,'',0,1,1,9,NULL,NULL,NULL,NULL),
 (38,2,'WalkList','31','WalkList',NULL,0,0,30,'',0,1,1,9,NULL,NULL,NULL,NULL),
 (39,2,'Petition Signature','32','Petition',NULL,0,0,31,'',0,1,1,9,NULL,NULL,NULL,NULL),
 (40,2,'Mass SMS','34','Mass SMS',NULL,1,0,34,'Mass SMS',0,1,1,NULL,NULL,NULL,NULL,NULL),
 (41,2,'Change Membership Status','35','Change Membership Status',NULL,1,0,35,'Change Membership Status.',0,1,1,3,NULL,NULL,NULL,NULL),
 (42,2,'Change Membership Type','36','Change Membership Type',NULL,1,0,36,'Change Membership Type.',0,1,1,3,NULL,NULL,NULL,NULL),
 (43,2,'Cancel Recurring Contribution','37','Cancel Recurring Contribution',NULL,1,0,37,'',0,1,1,2,NULL,NULL,NULL,NULL),
 (44,2,'Update Recurring Contribution Billing Details','38','Update Recurring Contribution Billing Details',NULL,1,0,38,'',0,1,1,2,NULL,NULL,NULL,NULL),
 (45,2,'Update Recurring Contribution','39','Update Recurring Contribution',NULL,1,0,39,'',0,1,1,2,NULL,NULL,NULL,NULL),
 (46,2,'Reminder Sent','40','Reminder Sent',NULL,1,0,40,'',0,1,1,NULL,NULL,NULL,NULL,NULL),
 (47,2,'Export Accounting Batch','41','Export Accounting Batch',NULL,1,0,41,'Export Accounting Batch',0,1,1,2,NULL,NULL,NULL,NULL),
 (48,2,'SMS delivery','44','SMS delivery',NULL,1,0,44,'SMS delivery',0,1,1,NULL,NULL,NULL,NULL,NULL),
 (49,2,'Inbound SMS','45','Inbound SMS',NULL,1,0,45,'Inbound SMS',0,1,1,NULL,NULL,NULL,NULL,NULL),
 (50,2,'Payment','46','Payment',NULL,1,0,46,'Additional payment recorded for event or membership fee.',0,1,1,2,NULL,NULL,NULL,NULL),
 (51,2,'Refund','47','Refund',NULL,1,0,47,'Refund recorded for event or membership fee.',0,1,1,2,NULL,NULL,NULL,NULL),
 (52,2,'Change Registration','48','Change Registration',NULL,1,0,48,'Changes to an existing event registration.',0,1,1,1,NULL,NULL,NULL,NULL),
 (53,2,'Downloaded Invoice','49','Downloaded Invoice',NULL,1,0,49,'Downloaded Invoice.',0,1,1,NULL,NULL,NULL,NULL,NULL),
 (54,2,'Emailed Invoice','50','Emailed Invoice',NULL,1,0,50,'Emailed Invoice.',0,1,1,NULL,NULL,NULL,NULL,NULL),
 (55,2,'Contact Merged','51','Contact Merged',NULL,1,0,51,'Contact Merged',0,1,1,NULL,NULL,NULL,NULL,NULL),
 (56,2,'Contact Deleted by Merge','52','Contact Deleted by Merge',NULL,1,0,52,'Contact was merged into another contact',0,1,1,NULL,NULL,NULL,NULL,NULL),
 (57,2,'Failed Payment','54','Failed Payment',NULL,1,0,54,'Failed Payment',0,1,1,2,NULL,NULL,NULL,NULL),
 (58,2,'Case Client was removed from Case','55','Case Client Removed',NULL,0,0,55,'Case client was removed from a case',0,0,1,7,NULL,NULL,'fa-trash',NULL),
 (59,3,'Female','1','Female',NULL,0,0,1,NULL,0,0,1,NULL,NULL,NULL,NULL,NULL),
 (60,3,'Male','2','Male',NULL,0,0,2,NULL,0,0,1,NULL,NULL,NULL,NULL,NULL),
 (61,3,'Other','3','Other',NULL,0,0,3,NULL,0,0,1,NULL,NULL,NULL,NULL,NULL),
 (62,4,'Yahoo','1','Yahoo',NULL,0,NULL,1,NULL,0,0,1,NULL,NULL,NULL,NULL,NULL),
 (63,4,'MSN','2','Msn',NULL,0,NULL,2,NULL,0,0,1,NULL,NULL,NULL,NULL,NULL),
 (64,4,'AIM','3','Aim',NULL,0,NULL,3,NULL,0,0,1,NULL,NULL,NULL,NULL,NULL),
 (65,4,'GTalk','4','Gtalk',NULL,0,NULL,4,NULL,0,0,1,NULL,NULL,NULL,NULL,NULL),
 (66,4,'Jabber','5','Jabber',NULL,0,NULL,5,NULL,0,0,1,NULL,NULL,NULL,NULL,NULL),
 (67,4,'Skype','6','Skype',NULL,0,NULL,6,NULL,0,0,1,NULL,NULL,NULL,NULL,NULL),
 (68,5,'Sprint','1','Sprint',NULL,0,0,1,NULL,0,0,1,NULL,NULL,NULL,NULL,NULL),
 (69,5,'Verizon','2','Verizon',NULL,0,0,2,NULL,0,0,1,NULL,NULL,NULL,NULL,NULL),
 (70,5,'Cingular','3','Cingular',NULL,0,0,3,NULL,0,0,1,NULL,NULL,NULL,NULL,NULL),
 (71,6,'Mrs.','1','Mrs.',NULL,0,0,1,NULL,0,0,1,NULL,NULL,NULL,NULL,NULL),
 (72,6,'Ms.','2','Ms.',NULL,0,0,2,NULL,0,0,1,NULL,NULL,NULL,NULL,NULL),
 (73,6,'Mr.','3','Mr.',NULL,0,0,3,NULL,0,0,1,NULL,NULL,NULL,NULL,NULL),
 (74,6,'Dr.','4','Dr.',NULL,0,0,4,NULL,0,0,1,NULL,NULL,NULL,NULL,NULL),
 (75,7,'Jr.','1','Jr.',NULL,0,0,1,NULL,0,0,1,NULL,NULL,NULL,NULL,NULL),
 (76,7,'Sr.','2','Sr.',NULL,0,0,2,NULL,0,0,1,NULL,NULL,NULL,NULL,NULL),
 (77,7,'II','3','II',NULL,0,0,3,NULL,0,0,1,NULL,NULL,NULL,NULL,NULL),
 (78,7,'III','4','III',NULL,0,0,4,NULL,0,0,1,NULL,NULL,NULL,NULL,NULL),
 (79,7,'IV','5','IV',NULL,0,0,5,NULL,0,0,1,NULL,NULL,NULL,NULL,NULL),
 (80,7,'V','6','V',NULL,0,0,6,NULL,0,0,1,NULL,NULL,NULL,NULL,NULL),
 (81,7,'VI','7','VI',NULL,0,0,7,NULL,0,0,1,NULL,NULL,NULL,NULL,NULL),
 (82,7,'VII','8','VII',NULL,0,0,8,NULL,0,0,1,NULL,NULL,NULL,NULL,NULL),
 (83,8,'Everyone','0','Everyone',NULL,0,0,1,NULL,0,1,1,NULL,NULL,NULL,NULL,NULL),
 (84,8,'Administrator','1','Admin',NULL,0,0,2,NULL,0,0,1,NULL,NULL,NULL,NULL,NULL),
 (85,8,'Authenticated','2','Auth',NULL,0,0,3,NULL,0,1,1,NULL,NULL,NULL,NULL,NULL),
 (86,9,'Visa','1','Visa',NULL,0,0,1,NULL,0,0,1,NULL,NULL,NULL,NULL,NULL),
 (87,9,'MasterCard','2','MasterCard',NULL,0,0,2,NULL,0,0,1,NULL,NULL,NULL,NULL,NULL),
 (88,9,'Amex','3','Amex',NULL,0,0,3,NULL,0,0,1,NULL,NULL,NULL,NULL,NULL),
 (89,9,'Discover','4','Discover',NULL,0,0,4,NULL,0,0,1,NULL,NULL,NULL,NULL,NULL),
 (90,10,'Credit Card','1','Credit Card',NULL,0,0,1,NULL,0,1,1,NULL,NULL,NULL,NULL,NULL),
 (91,10,'Debit Card','2','Debit Card',NULL,0,0,2,NULL,0,1,1,NULL,NULL,NULL,NULL,NULL),
 (92,10,'Cash','3','Cash',NULL,0,0,3,NULL,0,0,1,NULL,NULL,NULL,NULL,NULL),
 (93,10,'Check','4','Check',NULL,0,1,4,NULL,0,1,1,NULL,NULL,NULL,NULL,NULL),
 (94,10,'EFT','5','EFT',NULL,0,0,5,NULL,0,0,1,NULL,NULL,NULL,NULL,NULL),
 (95,11,'Completed','1','Completed',NULL,0,0,1,NULL,0,1,1,NULL,NULL,NULL,NULL,NULL),
 (96,11,'Pending','2','Pending',NULL,0,0,2,NULL,0,1,1,NULL,NULL,NULL,NULL,NULL),
 (97,11,'Cancelled','3','Cancelled',NULL,0,0,3,NULL,0,1,1,NULL,NULL,NULL,NULL,NULL),
 (98,11,'Failed','4','Failed',NULL,0,0,4,NULL,0,1,1,NULL,NULL,NULL,NULL,NULL),
 (99,11,'Refunded','7','Refunded',NULL,0,0,7,NULL,0,1,1,NULL,NULL,NULL,NULL,NULL),
 (100,11,'Partially paid','8','Partially paid',NULL,0,0,8,NULL,0,1,1,NULL,NULL,NULL,NULL,NULL),
 (101,11,'Pending refund','9','Pending refund',NULL,0,0,9,NULL,0,1,1,NULL,NULL,NULL,NULL,NULL),
 (102,11,'Chargeback','10','Chargeback',NULL,0,0,10,NULL,0,1,1,NULL,NULL,NULL,NULL,NULL),
 (103,11,'Template','11','Template',NULL,0,0,11,'Status for contribution records which represent a template for a recurring contribution rather than an actual contribution. This status is transitional, to ensure that said contributions don\\\'t appear in reports. The is_template field is the preferred way to find and filter these contributions.',0,1,1,NULL,NULL,NULL,NULL,NULL),
 (104,12,'Waiting Review','1','Waiting Review',NULL,0,0,1,NULL,0,1,1,NULL,NULL,NULL,NULL,NULL),
 (105,12,'Approved','2','Approved',NULL,0,0,2,NULL,0,1,1,NULL,NULL,NULL,NULL,NULL),
 (106,12,'Not Approved','3','Not Approved',NULL,0,0,3,NULL,0,1,1,NULL,NULL,NULL,NULL,NULL),
 (107,13,'Owner chooses whether to receive notifications','1','owner_chooses',NULL,0,1,1,NULL,0,1,1,NULL,NULL,NULL,NULL,NULL),
 (108,13,'Notifications are sent to ALL owners','2','all_owners',NULL,0,0,2,NULL,0,1,1,NULL,NULL,NULL,NULL,NULL),
 (109,13,'Notifications are NOT available','3','no_notifications',NULL,0,0,3,NULL,0,1,1,NULL,NULL,NULL,NULL,NULL),
 (110,14,'Attendee','1','Attendee',NULL,1,0,1,NULL,0,0,1,NULL,NULL,NULL,NULL,NULL),
 (111,14,'Volunteer','2','Volunteer',NULL,1,0,2,NULL,0,0,1,NULL,NULL,NULL,NULL,NULL),
 (112,14,'Host','3','Host',NULL,1,0,3,NULL,0,0,1,NULL,NULL,NULL,NULL,NULL),
 (113,14,'Speaker','4','Speaker',NULL,1,0,4,NULL,0,0,1,NULL,NULL,NULL,NULL,NULL),
 (114,15,'Conference','1','Conference',NULL,0,0,1,NULL,0,0,1,NULL,NULL,NULL,NULL,NULL),
 (115,15,'Exhibition','2','Exhibition',NULL,0,0,2,NULL,0,0,1,NULL,NULL,NULL,NULL,NULL),
 (116,15,'Fundraiser','3','Fundraiser',NULL,0,0,3,NULL,0,0,1,NULL,NULL,NULL,NULL,NULL),
 (117,15,'Meeting','4','Meeting',NULL,0,0,4,NULL,0,0,1,NULL,NULL,NULL,NULL,NULL),
 (118,15,'Performance','5','Performance',NULL,0,0,5,NULL,0,0,1,NULL,NULL,NULL,NULL,NULL),
 (119,15,'Workshop','6','Workshop',NULL,0,0,6,NULL,0,0,1,NULL,NULL,NULL,NULL,NULL),
 (120,16,'Activities','1','activity',NULL,0,0,1,NULL,0,0,1,NULL,NULL,NULL,NULL,NULL),
 (121,16,'Relationships','2','rel',NULL,0,0,2,NULL,0,0,1,NULL,NULL,NULL,NULL,NULL),
 (122,16,'Groups','3','group',NULL,0,0,3,NULL,0,0,1,NULL,NULL,NULL,NULL,NULL),
 (123,16,'Notes','4','note',NULL,0,0,4,NULL,0,0,1,NULL,NULL,NULL,NULL,NULL),
 (124,16,'Tags','5','tag',NULL,0,0,5,NULL,0,0,1,NULL,NULL,NULL,NULL,NULL),
 (125,16,'Change Log','6','log',NULL,0,0,6,NULL,0,0,1,NULL,NULL,NULL,NULL,NULL),
 (126,16,'Contributions','7','CiviContribute',NULL,0,0,7,NULL,0,0,1,NULL,NULL,NULL,NULL,NULL),
 (127,16,'Memberships','8','CiviMember',NULL,0,0,8,NULL,0,0,1,NULL,NULL,NULL,NULL,NULL),
 (128,16,'Events','9','CiviEvent',NULL,0,0,9,NULL,0,0,1,NULL,NULL,NULL,NULL,NULL),
 (129,16,'Cases','10','CiviCase',NULL,0,0,10,NULL,0,0,1,NULL,NULL,NULL,NULL,NULL),
 (130,16,'Pledges','13','CiviPledge',NULL,0,0,13,NULL,0,0,1,NULL,NULL,NULL,NULL,NULL),
 (131,16,'Mailings','14','CiviMail',NULL,0,0,14,NULL,0,0,1,NULL,NULL,NULL,NULL,NULL),
 (132,17,'Show Smart Groups on Demand','1','showondemand',NULL,0,0,1,NULL,0,0,1,NULL,NULL,NULL,NULL,NULL),
 (133,17,'Always Show Smart Groups','2','alwaysshow',NULL,0,0,2,NULL,0,0,1,NULL,NULL,NULL,NULL,NULL),
 (134,17,'Hide Smart Groups','3','hide',NULL,0,0,3,NULL,0,0,1,NULL,NULL,NULL,NULL,NULL),
 (135,18,'Custom Data','1','CustomData',NULL,0,0,1,NULL,0,0,1,NULL,NULL,NULL,NULL,NULL),
 (136,18,'Address','2','Address',NULL,0,0,2,NULL,0,0,1,NULL,NULL,NULL,NULL,NULL),
 (137,18,'Communication Preferences','3','CommunicationPreferences',NULL,0,0,3,NULL,0,0,1,NULL,NULL,NULL,NULL,NULL),
 (138,18,'Notes','4','Notes',NULL,0,0,4,NULL,0,0,1,NULL,NULL,NULL,NULL,NULL),
 (139,18,'Demographics','5','Demographics',NULL,0,0,5,NULL,0,0,1,NULL,NULL,NULL,NULL,NULL),
 (140,18,'Tags and Groups','6','TagsAndGroups',NULL,0,0,6,NULL,0,0,1,NULL,NULL,NULL,NULL,NULL),
 (141,18,'Email','7','Email',NULL,1,0,7,NULL,0,0,1,NULL,NULL,NULL,NULL,NULL),
 (142,18,'Phone','8','Phone',NULL,1,0,8,NULL,0,0,1,NULL,NULL,NULL,NULL,NULL),
 (143,18,'Instant Messenger','9','IM',NULL,1,0,9,NULL,0,0,1,NULL,NULL,NULL,NULL,NULL),
 (144,18,'Open ID','10','OpenID',NULL,1,0,10,NULL,0,0,1,NULL,NULL,NULL,NULL,NULL),
 (145,18,'Website','11','Website',NULL,1,0,11,NULL,0,0,1,NULL,NULL,NULL,NULL,NULL),
 (146,18,'Prefix','12','Prefix',NULL,2,0,12,NULL,0,0,1,NULL,NULL,NULL,NULL,NULL),
 (147,18,'Formal Title','13','Formal Title',NULL,2,0,13,NULL,0,0,1,NULL,NULL,NULL,NULL,NULL),
 (148,18,'First Name','14','First Name',NULL,2,0,14,NULL,0,0,1,NULL,NULL,NULL,NULL,NULL),
 (149,18,'Middle Name','15','Middle Name',NULL,2,0,15,NULL,0,0,1,NULL,NULL,NULL,NULL,NULL),
 (150,18,'Last Name','16','Last Name',NULL,2,0,16,NULL,0,0,1,NULL,NULL,NULL,NULL,NULL),
 (151,18,'Suffix','17','Suffix',NULL,2,0,17,NULL,0,0,1,NULL,NULL,NULL,NULL,NULL),
 (152,19,'Address Fields','1','location',NULL,0,0,1,NULL,0,0,1,NULL,NULL,NULL,NULL,NULL),
 (153,19,'Custom Fields','2','custom',NULL,0,0,2,NULL,0,0,1,NULL,NULL,NULL,NULL,NULL),
 (154,19,'Activities','3','activity',NULL,0,0,4,NULL,0,0,1,NULL,NULL,NULL,NULL,NULL),
 (155,19,'Relationships','4','relationship',NULL,0,0,5,NULL,0,0,1,NULL,NULL,NULL,NULL,NULL),
 (156,19,'Notes','5','notes',NULL,0,0,6,NULL,0,0,1,NULL,NULL,NULL,NULL,NULL),
 (157,19,'Change Log','6','changeLog',NULL,0,0,7,NULL,0,0,1,NULL,NULL,NULL,NULL,NULL),
 (158,19,'Contributions','7','CiviContribute',NULL,0,0,8,NULL,0,0,1,NULL,NULL,NULL,NULL,NULL),
 (159,19,'Memberships','8','CiviMember',NULL,0,0,9,NULL,0,0,1,NULL,NULL,NULL,NULL,NULL),
 (160,19,'Events','9','CiviEvent',NULL,0,0,10,NULL,0,0,1,NULL,NULL,NULL,NULL,NULL),
 (161,19,'Cases','10','CiviCase',NULL,0,0,11,NULL,0,0,1,NULL,NULL,NULL,NULL,NULL),
 (162,19,'Demographics','13','demographics',NULL,0,0,15,NULL,0,0,1,NULL,NULL,NULL,NULL,NULL),
 (163,19,'Pledges','15','CiviPledge',NULL,0,0,17,NULL,0,0,1,NULL,NULL,NULL,NULL,NULL),
 (164,19,'Contact Type','16','contactType',NULL,0,0,18,NULL,0,0,1,NULL,NULL,NULL,NULL,NULL),
 (165,19,'Groups','17','groups',NULL,0,0,19,NULL,0,0,1,NULL,NULL,NULL,NULL,NULL),
 (166,19,'Tags','18','tags',NULL,0,0,20,NULL,0,0,1,NULL,NULL,NULL,NULL,NULL),
 (167,19,'Mailing','19','CiviMail',NULL,0,0,21,NULL,0,0,1,NULL,NULL,NULL,NULL,NULL),
 (168,20,'Groups','1','Groups',NULL,0,0,1,NULL,0,0,1,NULL,NULL,NULL,NULL,NULL),
 (169,20,'Contributions','2','CiviContribute',NULL,0,0,2,NULL,0,0,1,NULL,NULL,NULL,NULL,NULL),
 (170,20,'Memberships','3','CiviMember',NULL,0,0,3,NULL,0,0,1,NULL,NULL,NULL,NULL,NULL),
 (171,20,'Events','4','CiviEvent',NULL,0,0,4,NULL,0,0,1,NULL,NULL,NULL,NULL,NULL),
 (172,20,'My Contacts / Organizations','5','Permissioned Orgs',NULL,0,0,5,NULL,0,0,1,NULL,NULL,NULL,NULL,NULL),
 (173,20,'Pledges','7','CiviPledge',NULL,0,0,7,NULL,0,0,1,NULL,NULL,NULL,NULL,NULL),
 (174,20,'Personal Campaign Pages','8','PCP',NULL,0,0,8,NULL,0,0,1,NULL,NULL,NULL,NULL,NULL),
 (175,20,'Assigned Activities','9','Assigned Activities',NULL,0,0,9,NULL,0,0,1,NULL,NULL,NULL,NULL,NULL),
 (176,20,'Invoices / Credit Notes','10','Invoices / Credit Notes',NULL,0,0,10,NULL,0,0,1,NULL,NULL,NULL,NULL,NULL),
 (177,21,'Street Address','1','street_address',NULL,0,0,1,NULL,0,0,1,NULL,NULL,NULL,NULL,NULL),
 (178,21,'Supplemental Address 1','2','supplemental_address_1',NULL,0,0,2,NULL,0,0,1,NULL,NULL,NULL,NULL,NULL),
 (179,21,'Supplemental Address 2','3','supplemental_address_2',NULL,0,0,3,NULL,0,0,1,NULL,NULL,NULL,NULL,NULL),
 (180,21,'Supplemental Address 3','4','supplemental_address_3',NULL,0,0,4,NULL,0,0,1,NULL,NULL,NULL,NULL,NULL),
 (181,21,'City','5','city',NULL,0,0,5,NULL,0,0,1,NULL,NULL,NULL,NULL,NULL),
 (182,21,'Postal Code','6','postal_code',NULL,0,0,6,NULL,0,0,1,NULL,NULL,NULL,NULL,NULL),
 (183,21,'Postal Code Suffix','7','postal_code_suffix',NULL,0,0,7,NULL,0,0,1,NULL,NULL,NULL,NULL,NULL),
 (184,21,'County','8','county',NULL,0,0,8,NULL,0,0,1,NULL,NULL,NULL,NULL,NULL),
 (185,21,'State/Province','9','state_province',NULL,0,0,9,NULL,0,0,1,NULL,NULL,NULL,NULL,NULL),
 (186,21,'Country','10','country',NULL,0,0,10,NULL,0,0,1,NULL,NULL,NULL,NULL,NULL),
 (187,21,'Latitude','11','geo_code_1',NULL,0,0,11,NULL,0,0,1,NULL,NULL,NULL,NULL,NULL),
 (188,21,'Longitude','12','geo_code_2',NULL,0,0,12,NULL,0,0,1,NULL,NULL,NULL,NULL,NULL),
 (189,21,'Address Name','13','address_name',NULL,0,0,13,NULL,0,0,1,NULL,NULL,NULL,NULL,NULL),
 (190,21,'Street Address Parsing','14','street_address_parsing',NULL,0,0,14,NULL,0,0,1,NULL,NULL,NULL,NULL,NULL),
 (191,22,'Access Control','1','Access Control',NULL,0,0,1,NULL,0,1,1,NULL,NULL,NULL,NULL,NULL),
 (192,22,'Mailing List','2','Mailing List',NULL,0,0,2,NULL,0,1,1,NULL,NULL,NULL,NULL,NULL),
 (193,23,'CRM_Contact_Form_Search_Custom_Sample','1','CRM_Contact_Form_Search_Custom_Sample',NULL,0,0,1,'Household Name and State',0,0,1,NULL,NULL,NULL,NULL,NULL),
 (194,23,'CRM_Contact_Form_Search_Custom_ContributionAggregate','2','CRM_Contact_Form_Search_Custom_ContributionAggregate',NULL,0,0,2,'Contribution Aggregate',0,0,1,NULL,NULL,NULL,NULL,NULL),
 (195,23,'CRM_Contact_Form_Search_Custom_Group','4','CRM_Contact_Form_Search_Custom_Group',NULL,0,0,4,'Include / Exclude Search',0,0,1,NULL,NULL,NULL,NULL,NULL),
 (196,23,'CRM_Contact_Form_Search_Custom_PostalMailing','5','CRM_Contact_Form_Search_Custom_PostalMailing',NULL,0,0,5,'Postal Mailing',0,0,1,NULL,NULL,NULL,NULL,NULL),
 (197,23,'CRM_Contact_Form_Search_Custom_Proximity','6','CRM_Contact_Form_Search_Custom_Proximity',NULL,0,0,6,'Proximity Search',0,0,1,NULL,NULL,NULL,NULL,NULL),
 (198,23,'CRM_Contact_Form_Search_Custom_EventAggregate','7','CRM_Contact_Form_Search_Custom_EventAggregate',NULL,0,0,7,'Event Aggregate',0,0,1,NULL,NULL,NULL,NULL,NULL),
 (199,23,'CRM_Contact_Form_Search_Custom_ActivitySearch','8','CRM_Contact_Form_Search_Custom_ActivitySearch',NULL,0,0,8,'Activity Search',0,0,0,NULL,NULL,NULL,NULL,NULL),
 (200,23,'CRM_Contact_Form_Search_Custom_PriceSet','9','CRM_Contact_Form_Search_Custom_PriceSet',NULL,0,0,9,'Price Set Details for Event Participants',0,0,1,NULL,NULL,NULL,NULL,NULL),
 (201,23,'CRM_Contact_Form_Search_Custom_ZipCodeRange','10','CRM_Contact_Form_Search_Custom_ZipCodeRange',NULL,0,0,10,'Zip Code Range',0,0,1,NULL,NULL,NULL,NULL,NULL),
 (202,23,'CRM_Contact_Form_Search_Custom_DateAdded','11','CRM_Contact_Form_Search_Custom_DateAdded',NULL,0,0,11,'Date Added to CiviCRM',0,0,1,NULL,NULL,NULL,NULL,NULL),
 (203,23,'CRM_Contact_Form_Search_Custom_MultipleValues','12','CRM_Contact_Form_Search_Custom_MultipleValues',NULL,0,0,12,'Custom Group Multiple Values Listing',0,0,1,NULL,NULL,NULL,NULL,NULL),
 (204,23,'CRM_Contact_Form_Search_Custom_ContribSYBNT','13','CRM_Contact_Form_Search_Custom_ContribSYBNT',NULL,0,0,13,'Contributions made in Year X and not Year Y',0,0,1,NULL,NULL,NULL,NULL,NULL),
 (205,23,'CRM_Contact_Form_Search_Custom_TagContributions','14','CRM_Contact_Form_Search_Custom_TagContributions',NULL,0,0,14,'Find Contribution Amounts by Tag',0,0,1,NULL,NULL,NULL,NULL,NULL),
 (206,23,'CRM_Contact_Form_Search_Custom_FullText','15','CRM_Contact_Form_Search_Custom_FullText',NULL,0,0,15,'Full-text Search',0,0,1,NULL,NULL,NULL,NULL,NULL),
 (207,24,'Scheduled','1','Scheduled',NULL,0,1,1,NULL,0,1,1,NULL,NULL,NULL,NULL,NULL),
 (208,24,'Completed','2','Completed',NULL,1,0,2,NULL,0,1,1,NULL,NULL,NULL,NULL,NULL),
 (209,24,'Cancelled','3','Cancelled',NULL,2,0,3,NULL,0,1,1,NULL,NULL,NULL,NULL,NULL),
 (210,24,'Left Message','4','Left Message',NULL,0,0,4,NULL,0,0,1,NULL,NULL,NULL,NULL,NULL),
 (211,24,'Unreachable','5','Unreachable',NULL,2,0,5,NULL,0,0,1,NULL,NULL,NULL,NULL,NULL),
 (212,24,'Not Required','6','Not Required',NULL,2,0,6,NULL,0,0,1,NULL,NULL,NULL,NULL,NULL),
 (213,24,'Available','7','Available',NULL,0,0,7,NULL,0,0,1,NULL,NULL,NULL,NULL,NULL),
 (214,24,'No-show','8','No_show',NULL,2,0,8,NULL,0,0,1,NULL,NULL,NULL,NULL,NULL),
 (215,26,'Ongoing','1','Open','Opened',0,1,1,NULL,0,1,1,NULL,NULL,NULL,NULL,NULL),
 (216,26,'Resolved','2','Closed','Closed',0,0,2,NULL,0,1,1,NULL,NULL,NULL,NULL,NULL),
 (217,26,'Urgent','3','Urgent','Opened',0,0,3,NULL,0,0,1,NULL,NULL,NULL,NULL,NULL),
 (218,27,'Name Only','1','Name Only',NULL,0,0,1,'CRM_Event_Page_ParticipantListing_Name',0,1,1,NULL,NULL,NULL,NULL,NULL),
 (219,27,'Name and Email','2','Name and Email',NULL,0,0,2,'CRM_Event_Page_ParticipantListing_NameAndEmail',0,1,1,NULL,NULL,NULL,NULL,NULL),
 (220,27,'Name, Status and Register Date','3','Name, Status and Register Date',NULL,0,0,3,'CRM_Event_Page_ParticipantListing_NameStatusAndDate',0,1,1,NULL,NULL,NULL,NULL,NULL),
 (221,28,'jpg','1','jpg',NULL,0,0,1,NULL,0,0,1,NULL,NULL,NULL,NULL,NULL),
 (222,28,'jpeg','2','jpeg',NULL,0,0,2,NULL,0,0,1,NULL,NULL,NULL,NULL,NULL),
 (223,28,'png','3','png',NULL,0,0,3,NULL,0,0,1,NULL,NULL,NULL,NULL,NULL),
 (224,28,'gif','4','gif',NULL,0,0,4,NULL,0,0,1,NULL,NULL,NULL,NULL,NULL),
 (225,28,'txt','5','txt',NULL,0,0,5,NULL,0,0,1,NULL,NULL,NULL,NULL,NULL),
 (226,28,'pdf','6','pdf',NULL,0,0,6,NULL,0,0,1,NULL,NULL,NULL,NULL,NULL),
 (227,28,'doc','7','doc',NULL,0,0,7,NULL,0,0,1,NULL,NULL,NULL,NULL,NULL),
 (228,28,'xls','8','xls',NULL,0,0,8,NULL,0,0,1,NULL,NULL,NULL,NULL,NULL),
 (229,28,'rtf','9','rtf',NULL,0,0,9,NULL,0,0,1,NULL,NULL,NULL,NULL,NULL),
 (230,28,'csv','10','csv',NULL,0,0,10,NULL,0,0,1,NULL,NULL,NULL,NULL,NULL),
 (231,28,'ppt','11','ppt',NULL,0,0,11,NULL,0,0,1,NULL,NULL,NULL,NULL,NULL),
 (232,28,'docx','12','docx',NULL,0,0,12,NULL,0,0,1,NULL,NULL,NULL,NULL,NULL),
 (233,28,'xlsx','13','xlsx',NULL,0,0,13,NULL,0,0,1,NULL,NULL,NULL,NULL,NULL),
 (234,28,'odt','14','odt',NULL,0,0,14,NULL,0,0,1,NULL,NULL,NULL,NULL,NULL),
 (235,28,'ics','15','ics',NULL,0,0,15,NULL,0,0,1,NULL,NULL,NULL,NULL,NULL),
 (236,28,'pptx','16','pptx',NULL,0,0,16,NULL,0,0,1,NULL,NULL,NULL,NULL,NULL),
 (237,29,'\"FIXME\" <info@EXAMPLE.ORG>','1','\"FIXME\" <info@EXAMPLE.ORG>',NULL,0,1,1,'Default domain email address and from name.',0,0,1,NULL,1,NULL,NULL,NULL),
 (238,30,'Search Builder','1','Search Builder',NULL,0,0,1,NULL,0,1,1,NULL,NULL,NULL,NULL,NULL),
 (239,30,'Import Contact','2','Import Contact',NULL,0,0,2,NULL,0,1,1,NULL,NULL,NULL,NULL,NULL),
 (240,30,'Import Activity','3','Import Activity',NULL,0,0,3,NULL,0,1,1,NULL,NULL,NULL,NULL,NULL),
 (241,30,'Import Contribution','4','Import Contribution',NULL,0,0,4,NULL,0,1,1,NULL,NULL,NULL,NULL,NULL),
 (242,30,'Import Membership','5','Import Membership',NULL,0,0,5,NULL,0,1,1,NULL,NULL,NULL,NULL,NULL),
 (243,30,'Import Participant','6','Import Participant',NULL,0,0,6,NULL,0,1,1,NULL,NULL,NULL,NULL,NULL),
 (244,30,'Export Contact','7','Export Contact',NULL,0,0,7,NULL,0,1,1,NULL,NULL,NULL,NULL,NULL),
 (245,30,'Export Contribution','8','Export Contribution',NULL,0,0,8,NULL,0,1,1,NULL,NULL,NULL,NULL,NULL),
 (246,30,'Export Membership','9','Export Membership',NULL,0,0,9,NULL,0,1,1,NULL,NULL,NULL,NULL,NULL),
 (247,30,'Export Participant','10','Export Participant',NULL,0,0,10,NULL,0,1,1,NULL,NULL,NULL,NULL,NULL),
 (248,30,'Export Pledge','11','Export Pledge',NULL,0,0,11,NULL,0,1,1,NULL,NULL,NULL,NULL,NULL),
 (249,30,'Export Case','12','Export Case',NULL,0,0,12,NULL,0,1,1,NULL,NULL,NULL,NULL,NULL),
 (250,30,'Export Activity','14','Export Activity',NULL,0,0,14,NULL,0,1,1,NULL,NULL,NULL,NULL,NULL),
 (251,31,'Textarea','1','Textarea',NULL,0,0,1,NULL,0,1,1,NULL,NULL,NULL,NULL,NULL),
 (252,31,'CKEditor 4','2','CKEditor',NULL,0,0,2,NULL,0,1,1,NULL,NULL,NULL,NULL,NULL),
 (253,32,'day','day','day',NULL,0,0,1,NULL,0,1,1,NULL,NULL,NULL,NULL,NULL),
 (254,32,'week','week','week',NULL,0,0,2,NULL,0,1,1,NULL,NULL,NULL,NULL,NULL),
 (255,32,'month','month','month',NULL,0,0,3,NULL,0,1,1,NULL,NULL,NULL,NULL,NULL),
 (256,32,'year','year','year',NULL,0,0,4,NULL,0,1,1,NULL,NULL,NULL,NULL,NULL),
 (257,33,'Phone','1','Phone',NULL,0,0,1,NULL,0,0,1,NULL,NULL,NULL,NULL,NULL),
 (258,33,'Mobile','2','Mobile',NULL,0,0,2,NULL,0,0,1,NULL,NULL,NULL,NULL,NULL),
 (259,33,'Fax','3','Fax',NULL,0,0,3,NULL,0,0,1,NULL,NULL,NULL,NULL,NULL),
 (260,33,'Pager','4','Pager',NULL,0,0,4,NULL,0,0,1,NULL,NULL,NULL,NULL,NULL),
 (261,33,'Voicemail','5','Voicemail',NULL,0,0,5,NULL,0,0,1,NULL,NULL,NULL,NULL,NULL),
 (262,34,'Role','1','ParticipantRole','role_id',0,0,1,NULL,0,0,1,NULL,NULL,NULL,NULL,NULL),
 (263,34,'Event Name','2','ParticipantEventName','event_id',0,0,2,NULL,0,0,1,NULL,NULL,NULL,NULL,NULL),
 (264,34,'Event Type','3','ParticipantEventType','event_id.event_type_id',0,0,3,NULL,0,0,1,NULL,NULL,NULL,NULL,NULL),
 (265,35,'Public','1','public',NULL,0,0,1,NULL,0,0,1,NULL,NULL,NULL,NULL,NULL),
 (266,35,'Admin','2','admin',NULL,0,0,2,NULL,0,0,1,NULL,NULL,NULL,NULL,NULL),
 (267,36,'IMAP','1','IMAP',NULL,0,0,1,NULL,0,0,1,NULL,NULL,NULL,NULL,NULL),
 (268,36,'Maildir','2','Maildir',NULL,0,0,2,NULL,0,0,1,NULL,NULL,NULL,NULL,NULL),
 (269,36,'POP3','3','POP3',NULL,0,0,3,NULL,0,0,1,NULL,NULL,NULL,NULL,NULL),
 (270,36,'Localdir','4','Localdir',NULL,0,0,4,NULL,0,0,1,NULL,NULL,NULL,NULL,NULL),
 (271,37,'Urgent','1','Urgent',NULL,0,0,1,NULL,0,0,1,NULL,NULL,NULL,NULL,NULL),
 (272,37,'Normal','2','Normal',NULL,0,0,2,NULL,0,0,1,NULL,NULL,NULL,NULL,NULL),
 (273,37,'Low','3','Low',NULL,0,0,3,NULL,0,0,1,NULL,NULL,NULL,NULL,NULL),
 (274,38,'Vancouver','city_','city_',NULL,0,0,1,NULL,0,0,0,NULL,NULL,NULL,NULL,NULL),
 (275,38,'/(19|20)(\\d{2})-(\\d{1,2})-(\\d{1,2})/','date_','date_',NULL,1,0,2,NULL,0,0,0,NULL,NULL,NULL,NULL,NULL),
 (276,39,'Constituent Report (Summary)','contact/summary','CRM_Report_Form_Contact_Summary',NULL,0,0,1,'Provides a list of address and telephone information for constituent records in your system.',0,0,1,NULL,NULL,NULL,NULL,NULL),
 (277,39,'Constituent Report (Detail)','contact/detail','CRM_Report_Form_Contact_Detail',NULL,0,0,2,'Provides contact-related information on contributions, memberships, events and activities.',0,0,1,NULL,NULL,NULL,NULL,NULL),
 (278,39,'Activity Details Report','activity','CRM_Report_Form_Activity',NULL,0,0,3,'Provides a list of constituent activity including activity statistics for one/all contacts during a given date range(required)',0,0,1,NULL,NULL,NULL,NULL,NULL),
 (279,39,'Walk / Phone List Report','walklist','CRM_Report_Form_Walklist_Walklist',NULL,0,0,4,'Provides a detailed report for your walk/phonelist for targeted contacts',0,0,0,NULL,NULL,NULL,NULL,NULL),
 (280,39,'Current Employer Report','contact/currentEmployer','CRM_Report_Form_Contact_CurrentEmployer',NULL,0,0,5,'Provides detail list of employer employee relationships along with employment details Ex Join Date',0,0,1,NULL,NULL,NULL,NULL,NULL),
 (281,39,'Contribution Summary Report','contribute/summary','CRM_Report_Form_Contribute_Summary',NULL,0,0,6,'Groups and totals contributions by criteria including contact, time period, financial type, contributor location, etc.',0,0,1,2,NULL,NULL,NULL,NULL),
 (282,39,'Contribution Detail Report','contribute/detail','CRM_Report_Form_Contribute_Detail',NULL,0,0,7,'Lists specific contributions by criteria including contact, time period, financial type, contributor location, etc. Contribution summary report points to this report for contribution details.',0,0,1,2,NULL,NULL,NULL,NULL),
 (283,39,'Repeat Contributions Report','contribute/repeat','CRM_Report_Form_Contribute_Repeat',NULL,0,0,8,'Given two date ranges, shows contacts who contributed in both the date ranges with the amount contributed in each and the percentage increase / decrease.',0,0,1,2,NULL,NULL,NULL,NULL),
 (284,39,'Contributions by Organization Report','contribute/organizationSummary','CRM_Report_Form_Contribute_OrganizationSummary',NULL,0,0,9,'Displays a detailed list of contributions grouped by organization, which includes contributions made by employees for the organisation.',0,0,1,2,NULL,NULL,NULL,NULL),
 (285,39,'Contributions by Household Report','contribute/householdSummary','CRM_Report_Form_Contribute_HouseholdSummary',NULL,0,0,10,'Displays a detailed list of contributions grouped by household which includes contributions made by members of the household.',0,0,1,2,NULL,NULL,NULL,NULL),
 (286,39,'Top Donors Report','contribute/topDonor','CRM_Report_Form_Contribute_TopDonor',NULL,0,0,11,'Provides a list of the top donors during a time period you define. You can include as many donors as you want (for example, top 100 of your donors).',0,0,1,2,NULL,NULL,NULL,NULL),
 (287,39,'SYBUNT Report','contribute/sybunt','CRM_Report_Form_Contribute_Sybunt',NULL,0,0,12,'SYBUNT means some year(s) but not this year. Provides a list of constituents who donated at some time in the history of your organization but did not donate during the time period you specify.',0,0,1,2,NULL,NULL,NULL,NULL),
 (288,39,'LYBUNT Report','contribute/lybunt','CRM_Report_Form_Contribute_Lybunt',NULL,0,0,13,'LYBUNT means last year but not this year. Provides a list of constituents who donated last year but did not donate during the time period you specify as the current year.',0,0,1,2,NULL,NULL,NULL,NULL),
 (289,39,'Soft Credit Report','contribute/softcredit','CRM_Report_Form_Contribute_SoftCredit',NULL,0,0,14,'Shows contributions made by contacts that have been soft-credited to other contacts.',0,0,1,2,NULL,NULL,NULL,NULL),
 (290,39,'Membership Report (Summary)','member/summary','CRM_Report_Form_Member_Summary',NULL,0,0,15,'Provides a summary of memberships by type and Member Since.',0,0,1,3,NULL,NULL,NULL,NULL),
 (291,39,'Membership Report (Detail)','member/detail','CRM_Report_Form_Member_Detail',NULL,0,0,16,'Provides a list of members along with their membership status and membership details (Member Since, Membership Start Date, Membership Expiration Date). Can also display contributions (payments) associated with each membership.',0,0,1,3,NULL,NULL,NULL,NULL),
 (292,39,'Membership Report (Lapsed)','member/lapse','CRM_Report_Form_Member_Lapse',NULL,0,0,17,'Provides a list of memberships that lapsed or will lapse before the date you specify.',0,0,1,3,NULL,NULL,NULL,NULL),
 (293,39,'Event Participant Report (List)','event/participantListing','CRM_Report_Form_Event_ParticipantListing',NULL,0,0,18,'Provides lists of participants for an event.',0,0,1,1,NULL,NULL,NULL,NULL),
 (294,39,'Event Income Report (Summary)','event/summary','CRM_Report_Form_Event_Summary',NULL,0,0,19,'Provides an overview of event income. You can include key information such as event ID, registration, attendance, and income generated to help you determine the success of an event.',0,0,1,1,NULL,NULL,NULL,NULL),
 (295,39,'Event Income Report (Detail)','event/income','CRM_Report_Form_Event_Income',NULL,0,0,20,'Helps you to analyze the income generated by an event. The report can include details by participant type, status and payment method.',0,0,1,1,NULL,NULL,NULL,NULL),
 (296,39,'Pledge Detail Report','pledge/detail','CRM_Report_Form_Pledge_Detail',NULL,0,0,21,'List of pledges including amount pledged, pledge status, next payment date, balance due, total amount paid etc.',0,0,1,6,NULL,NULL,NULL,NULL),
 (297,39,'Pledged but not Paid Report','pledge/pbnp','CRM_Report_Form_Pledge_Pbnp',NULL,0,0,22,'Pledged but not Paid Report',0,0,1,6,NULL,NULL,NULL,NULL),
 (298,39,'Relationship Report','contact/relationship','CRM_Report_Form_Contact_Relationship',NULL,0,0,23,'Relationship Report',0,0,1,NULL,NULL,NULL,NULL,NULL),
 (299,39,'Case Summary Report','case/summary','CRM_Report_Form_Case_Summary',NULL,0,0,24,'Provides a summary of cases and their duration by date range, status, staff member and / or case role.',0,0,1,7,NULL,NULL,NULL,NULL),
 (300,39,'Case Time Spent Report','case/timespent','CRM_Report_Form_Case_TimeSpent',NULL,0,0,25,'Aggregates time spent on case and / or non-case activities by activity type and contact.',0,0,1,7,NULL,NULL,NULL,NULL),
 (301,39,'Contact Demographics Report','case/demographics','CRM_Report_Form_Case_Demographics',NULL,0,0,26,'Demographic breakdown for case clients (and or non-case contacts) in your database. Includes custom contact fields.',0,0,1,7,NULL,NULL,NULL,NULL),
 (302,39,'Database Log Report','contact/log','CRM_Report_Form_Contact_Log',NULL,0,0,27,'Log of contact and activity records created or updated in a given date range.',0,0,1,NULL,NULL,NULL,NULL,NULL),
 (303,39,'Activity Summary Report','activitySummary','CRM_Report_Form_ActivitySummary',NULL,0,0,28,'Shows activity statistics by type / date',0,0,1,NULL,NULL,NULL,NULL,NULL),
 (304,39,'Bookkeeping Transactions Report','contribute/bookkeeping','CRM_Report_Form_Contribute_Bookkeeping',NULL,0,0,29,'Shows Bookkeeping Transactions Report',0,0,1,2,NULL,NULL,NULL,NULL),
 (305,39,'Participant list Count Report','event/participantlist','CRM_Report_Form_Event_ParticipantListCount',NULL,0,0,31,'Shows the Participant list with Participant Count.',0,0,1,1,NULL,NULL,NULL,NULL),
 (306,39,'Income Count Summary Report','event/incomesummary','CRM_Report_Form_Event_IncomeCountSummary',NULL,0,0,32,'Shows the Income Summary of events with Count.',0,0,1,1,NULL,NULL,NULL,NULL),
 (307,39,'Case Detail Report','case/detail','CRM_Report_Form_Case_Detail',NULL,0,0,33,'Case Details',0,0,1,7,NULL,NULL,NULL,NULL),
 (308,39,'Mail Bounce Report','Mailing/bounce','CRM_Report_Form_Mailing_Bounce',NULL,0,0,34,'Bounce Report for mailings',0,0,1,4,NULL,NULL,NULL,NULL),
 (309,39,'Mail Summary Report','Mailing/summary','CRM_Report_Form_Mailing_Summary',NULL,0,0,35,'Summary statistics for mailings',0,0,1,4,NULL,NULL,NULL,NULL),
 (310,39,'Mail Opened Report','Mailing/opened','CRM_Report_Form_Mailing_Opened',NULL,0,0,36,'Display contacts who opened emails from a mailing',0,0,1,4,NULL,NULL,NULL,NULL),
 (311,39,'Mail Click-Through Report','Mailing/clicks','CRM_Report_Form_Mailing_Clicks',NULL,0,0,37,'Display clicks from each mailing',0,0,1,4,NULL,NULL,NULL,NULL),
 (312,39,'Contact Logging Report (Summary)','logging/contact/summary','CRM_Report_Form_Contact_LoggingSummary',NULL,0,0,38,'Contact modification report for the logging infrastructure (summary).',0,0,0,NULL,NULL,NULL,NULL,NULL),
 (313,39,'Contact Logging Report (Detail)','logging/contact/detail','CRM_Report_Form_Contact_LoggingDetail',NULL,0,0,39,'Contact modification report for the logging infrastructure (detail).',0,0,0,NULL,NULL,NULL,NULL,NULL),
 (314,39,'Survey Report (Detail)','survey/detail','CRM_Report_Form_Campaign_SurveyDetails',NULL,0,0,43,'Detailed report for canvassing, phone-banking, walk lists or other surveys.',0,0,1,9,NULL,NULL,NULL,NULL),
 (315,39,'Personal Campaign Page Report','contribute/pcp','CRM_Report_Form_Contribute_PCP',NULL,0,0,44,'Summarizes amount raised and number of contributors for each Personal Campaign Page.',0,0,1,2,NULL,NULL,NULL,NULL),
 (316,39,'Pledge Summary Report','pledge/summary','CRM_Report_Form_Pledge_Summary',NULL,0,0,45,'Groups and totals pledges by criteria including contact, time period, pledge status, location, etc.',0,0,1,6,NULL,NULL,NULL,NULL),
 (317,39,'Contribution Aggregate by Relationship','contribute/history','CRM_Report_Form_Contribute_History',NULL,0,0,46,'List contact\'s donation history, grouped by year, along with contributions attributed to any of the contact\'s related contacts.',0,0,1,2,NULL,NULL,NULL,NULL),
 (318,39,'Mail Detail Report','mailing/detail','CRM_Report_Form_Mailing_Detail',NULL,0,0,47,'Provides reporting on Intended and Successful Deliveries, Unsubscribes and Opt-outs, Replies and Forwards.',0,0,1,4,NULL,NULL,NULL,NULL),
 (319,39,'Contribution and Membership Details','member/contributionDetail','CRM_Report_Form_Member_ContributionDetail',NULL,0,0,48,'Contribution details for any type of contribution, plus associated membership information for contributions which are in payment for memberships.',0,0,1,3,NULL,NULL,NULL,NULL),
 (320,39,'Recurring Contributions Report','contribute/recur','CRM_Report_Form_Contribute_Recur',NULL,0,0,49,'Provides information about the status of recurring contributions',0,0,1,2,NULL,NULL,NULL,NULL),
 (321,39,'Recurring Contributions Summary','contribute/recursummary','CRM_Report_Form_Contribute_RecurSummary',NULL,0,0,49,'Provides simple summary for each payment instrument for which there are recurring contributions (e.g. Credit Card, Standing Order, Direct Debit, etc., NULL), showing within a given date range.',0,0,1,2,NULL,NULL,NULL,NULL),
 (322,39,'Deferred Revenue Details','contribute/deferredrevenue','CRM_Report_Form_Contribute_DeferredRevenue',NULL,0,0,50,'Deferred Revenue Details Report',0,0,1,2,NULL,NULL,NULL,NULL),
 (323,40,'Dear {contact.first_name}','1','Dear {contact.first_name}',NULL,1,1,1,NULL,0,0,1,NULL,NULL,NULL,NULL,NULL),
 (324,40,'Dear {contact.prefix_id:label} {contact.first_name} {contact.last_name}','2','Dear {contact.prefix_id:label} {contact.first_name} {contact.last_name}',NULL,1,0,2,NULL,0,0,1,NULL,NULL,NULL,NULL,NULL),
 (325,40,'Dear {contact.prefix_id:label} {contact.last_name}','3','Dear {contact.prefix_id:label} {contact.last_name}',NULL,1,0,3,NULL,0,0,1,NULL,NULL,NULL,NULL,NULL),
 (326,40,'Customized','4','Customized',NULL,0,0,4,NULL,0,1,1,NULL,NULL,NULL,NULL,NULL),
 (327,40,'Dear {contact.household_name}','5','Dear {contact.household_name}',NULL,2,1,5,NULL,0,0,1,NULL,NULL,NULL,NULL,NULL),
 (328,41,'Dear {contact.first_name}','1','Dear {contact.first_name}',NULL,1,1,1,NULL,0,0,1,NULL,NULL,NULL,NULL,NULL),
 (329,41,'Dear {contact.prefix_id:label} {contact.first_name} {contact.last_name}','2','Dear {contact.prefix_id:label} {contact.first_name} {contact.last_name}',NULL,1,0,2,NULL,0,0,1,NULL,NULL,NULL,NULL,NULL),
 (330,41,'Dear {contact.prefix_id:label} {contact.last_name}','3','Dear {contact.prefix_id:label} {contact.last_name}',NULL,1,0,3,NULL,0,0,1,NULL,NULL,NULL,NULL,NULL),
 (331,41,'Customized','4','Customized',NULL,0,0,4,NULL,0,1,1,NULL,NULL,NULL,NULL,NULL),
 (332,41,'Dear {contact.household_name}','5','Dear {contact.household_name}',NULL,2,1,5,NULL,0,0,1,NULL,NULL,NULL,NULL,NULL),
 (333,42,'{contact.prefix_id:label}{ }{contact.first_name}{ }{contact.middle_name}{ }{contact.last_name}{ }{contact.suffix_id:label}','1','{contact.prefix_id:label}{ }{contact.first_name}{ }{contact.middle_name}{ }{contact.last_name}{ }{contact.suffix_id:label}',NULL,1,1,1,NULL,0,0,1,NULL,NULL,NULL,NULL,NULL),
 (334,42,'{contact.household_name}','2','{contact.household_name}',NULL,2,1,2,NULL,0,0,1,NULL,NULL,NULL,NULL,NULL),
 (335,42,'{contact.organization_name}','3','{contact.organization_name}',NULL,3,1,3,NULL,0,0,1,NULL,NULL,NULL,NULL,NULL),
 (336,42,'Customized','4','Customized',NULL,0,0,4,NULL,0,1,1,NULL,NULL,NULL,NULL,NULL),
 (337,43,'Email Address','2','email',NULL,0,0,2,NULL,0,0,1,NULL,NULL,NULL,NULL,NULL),
 (338,43,'Phone','3','phone',NULL,0,0,3,NULL,0,0,1,NULL,NULL,NULL,NULL,NULL),
 (339,43,'Street Address','4','street_address',NULL,0,0,4,NULL,0,0,1,NULL,NULL,NULL,NULL,NULL),
 (340,43,'City','5','city',NULL,0,0,5,NULL,0,0,1,NULL,NULL,NULL,NULL,NULL),
 (341,43,'State/Province','6','state_province',NULL,0,0,6,NULL,0,0,1,NULL,NULL,NULL,NULL,NULL),
 (342,43,'Country','7','country',NULL,0,0,7,NULL,0,0,1,NULL,NULL,NULL,NULL,NULL),
 (343,43,'Postal Code','8','postal_code',NULL,0,0,8,NULL,0,0,1,NULL,NULL,NULL,NULL,NULL),
 (344,44,'Email Address','2','email',NULL,0,0,2,NULL,0,0,1,NULL,NULL,NULL,NULL,NULL),
 (345,44,'Phone','3','phone',NULL,0,0,3,NULL,0,0,1,NULL,NULL,NULL,NULL,NULL),
 (346,44,'Street Address','4','street_address',NULL,0,0,4,NULL,0,0,1,NULL,NULL,NULL,NULL,NULL),
 (347,44,'City','5','city',NULL,0,0,5,NULL,0,0,1,NULL,NULL,NULL,NULL,NULL),
 (348,44,'State/Province','6','state_province',NULL,0,0,6,NULL,0,0,1,NULL,NULL,NULL,NULL,NULL),
 (349,44,'Country','7','country',NULL,0,0,7,NULL,0,0,1,NULL,NULL,NULL,NULL,NULL),
 (350,44,'Postal Code','8','postal_code',NULL,0,0,8,NULL,0,0,1,NULL,NULL,NULL,NULL,NULL),
 (351,45,'Work','1','Work',NULL,0,1,1,NULL,0,0,1,NULL,NULL,NULL,NULL,NULL),
 (352,45,'Main','2','Main',NULL,0,0,2,NULL,0,0,1,NULL,NULL,NULL,NULL,NULL),
 (353,45,'Facebook','3','Facebook',NULL,0,0,3,NULL,0,0,1,NULL,NULL,NULL,NULL,NULL),
 (354,45,'Instagram','5','Instagram',NULL,0,0,5,NULL,0,0,1,NULL,NULL,NULL,NULL,NULL),
 (355,45,'LinkedIn','6','LinkedIn',NULL,0,0,6,NULL,0,0,1,NULL,NULL,NULL,NULL,NULL),
 (356,45,'MySpace','7','MySpace',NULL,0,0,7,NULL,0,0,1,NULL,NULL,NULL,NULL,NULL),
 (357,45,'Pinterest','8','Pinterest',NULL,0,0,8,NULL,0,0,1,NULL,NULL,NULL,NULL,NULL),
 (358,45,'SnapChat','9','SnapChat',NULL,0,0,9,NULL,0,0,1,NULL,NULL,NULL,NULL,NULL),
 (359,45,'Tumblr','10','Tumblr',NULL,0,0,10,NULL,0,0,1,NULL,NULL,NULL,NULL,NULL),
 (360,45,'Twitter','11','Twitter',NULL,0,0,11,NULL,0,0,1,NULL,NULL,NULL,NULL,NULL),
 (361,45,'Vine','12','Vine ',NULL,0,0,12,NULL,0,0,1,NULL,NULL,NULL,NULL,NULL),
 (362,46,'Contacts','civicrm_contact','Contact',NULL,0,0,1,NULL,0,0,1,NULL,NULL,NULL,NULL,NULL),
 (363,46,'Activities','civicrm_activity','Activity',NULL,0,0,2,NULL,0,0,1,NULL,NULL,NULL,NULL,NULL),
 (364,46,'Cases','civicrm_case','Case',NULL,0,0,3,NULL,0,0,1,NULL,NULL,NULL,NULL,NULL),
 (365,46,'Attachments','civicrm_file','File',NULL,0,0,4,NULL,0,0,1,NULL,NULL,NULL,NULL,NULL),
 (366,47,'Contacts','civicrm_contact','Contact',NULL,0,0,1,NULL,0,0,1,NULL,NULL,NULL,NULL,NULL),
 (367,47,'Relationships','civicrm_relationship','Relationship',NULL,0,0,2,NULL,0,0,1,NULL,NULL,NULL,NULL,NULL),
 (368,47,'Participants','civicrm_participant','Participant',NULL,0,0,3,NULL,0,0,1,NULL,NULL,NULL,NULL,NULL),
 (369,47,'Contributions','civicrm_contribution','Contribution',NULL,0,0,4,NULL,0,0,1,NULL,NULL,NULL,NULL,NULL),
 (370,47,'Notes','civicrm_note','Note',NULL,0,0,5,NULL,0,0,1,NULL,NULL,NULL,NULL,NULL),
 (371,48,'USD ($)','USD','USD',NULL,0,1,1,NULL,0,0,1,NULL,NULL,NULL,NULL,NULL),
 (372,48,'CAD ($)','CAD','CAD',NULL,0,0,2,NULL,0,0,1,NULL,NULL,NULL,NULL,NULL),
 (373,48,'EUR ()','EUR','EUR',NULL,0,0,3,NULL,0,0,1,NULL,NULL,NULL,NULL,NULL),
 (374,48,'GBP ()','GBP','GBP',NULL,0,0,4,NULL,0,0,1,NULL,NULL,NULL,NULL,NULL),
 (375,48,'JPY ()','JPY','JPY',NULL,0,0,5,NULL,0,0,1,NULL,NULL,NULL,NULL,NULL),
 (376,49,'Name Only','1','CRM_Event_Badge_Simple',NULL,0,0,1,'Simple Event Name Badge',0,1,1,NULL,NULL,NULL,NULL,NULL),
 (377,49,'Name Tent','2','CRM_Event_Badge_NameTent',NULL,0,0,2,'Name Tent',0,1,1,NULL,NULL,NULL,NULL,NULL),
 (378,49,'With Logo','3','CRM_Event_Badge_Logo',NULL,0,0,3,'You can set your own background image',0,1,1,NULL,NULL,NULL,NULL,NULL),
 (379,49,'5395 with Logo','4','CRM_Event_Badge_Logo5395',NULL,0,0,4,'Avery 5395 compatible labels with logo (4 up by 2, 59.2mm x 85.7mm)',0,1,1,NULL,NULL,NULL,NULL,NULL),
 (380,50,'None','0','None',NULL,0,1,1,NULL,0,1,1,NULL,NULL,NULL,NULL,NULL),
 (381,50,'Author Only','1','Author Only',NULL,0,0,2,NULL,0,1,1,NULL,NULL,NULL,NULL,NULL),
 (382,51,'Direct Mail','1','Direct Mail',NULL,0,0,1,NULL,0,0,1,NULL,NULL,NULL,NULL,NULL),
 (383,51,'Referral Program','2','Referral Program',NULL,0,0,1,NULL,0,0,1,NULL,NULL,NULL,NULL,NULL),
 (384,51,'Constituent Engagement','3','Constituent Engagement',NULL,0,0,1,NULL,0,0,1,NULL,NULL,NULL,NULL,NULL),
 (385,52,'Planned','1','Planned',NULL,0,0,1,NULL,0,0,1,NULL,NULL,NULL,NULL,NULL),
 (386,52,'In Progress','2','In Progress',NULL,0,0,1,NULL,0,0,1,NULL,NULL,NULL,NULL,NULL),
 (387,52,'Completed','3','Completed',NULL,0,0,1,NULL,0,0,1,NULL,NULL,NULL,NULL,NULL),
 (388,52,'Cancelled','4','Cancelled',NULL,0,0,1,NULL,0,0,1,NULL,NULL,NULL,NULL,NULL),
 (389,54,'Approved','1','Approved',NULL,0,1,1,NULL,0,1,1,4,1,NULL,NULL,NULL),
 (390,54,'Rejected','2','Rejected',NULL,0,0,2,NULL,0,1,1,4,1,NULL,NULL,NULL),
 (391,54,'None','3','None',NULL,0,0,3,NULL,0,1,1,4,1,NULL,NULL,NULL),
 (392,55,'1','1','1',NULL,0,0,1,NULL,0,0,1,NULL,NULL,NULL,NULL,NULL),
 (393,55,'2','2','2',NULL,0,0,2,NULL,0,0,1,NULL,NULL,NULL,NULL,NULL),
 (394,55,'3','3','3',NULL,0,0,3,NULL,0,0,1,NULL,NULL,NULL,NULL,NULL),
 (395,55,'4','4','4',NULL,0,0,4,NULL,0,0,1,NULL,NULL,NULL,NULL,NULL),
 (396,55,'5','5','5',NULL,0,0,5,NULL,0,0,1,NULL,NULL,NULL,NULL,NULL),
 (397,56,'Survey','Survey','civicrm_survey',NULL,0,0,1,NULL,0,0,1,NULL,NULL,NULL,NULL,NULL),
 (398,56,'Cases','Case','civicrm_case','case_type_id',0,0,2,NULL,0,0,1,NULL,NULL,NULL,NULL,NULL),
 (399,57,'Letter','{\"metric\":\"in\",\"width\":8.5,\"height\":11}','letter',NULL,NULL,1,1,NULL,0,0,1,NULL,NULL,NULL,NULL,NULL),
 (400,57,'Legal','{\"metric\":\"in\",\"width\":8.5,\"height\":14}','legal',NULL,NULL,0,2,NULL,0,0,1,NULL,NULL,NULL,NULL,NULL),
 (401,57,'Ledger','{\"metric\":\"in\",\"width\":17,\"height\":11}','ledger',NULL,NULL,0,3,NULL,0,0,1,NULL,NULL,NULL,NULL,NULL),
 (402,57,'Tabloid','{\"metric\":\"in\",\"width\":11,\"height\":17}','tabloid',NULL,NULL,0,4,NULL,0,0,1,NULL,NULL,NULL,NULL,NULL),
 (403,57,'Executive','{\"metric\":\"in\",\"width\":7.25,\"height\":10.5}','executive',NULL,NULL,0,5,NULL,0,0,1,NULL,NULL,NULL,NULL,NULL),
 (404,57,'Folio','{\"metric\":\"in\",\"width\":8.5,\"height\":13}','folio',NULL,NULL,0,6,NULL,0,0,1,NULL,NULL,NULL,NULL,NULL),
 (405,57,'Envelope #9','{\"metric\":\"pt\",\"width\":638.93,\"height\":278.93}','envelope-9',NULL,NULL,0,7,NULL,0,0,1,NULL,NULL,NULL,NULL,NULL),
 (406,57,'Envelope #10','{\"metric\":\"pt\",\"width\":684,\"height\":297}','envelope-10',NULL,NULL,0,8,NULL,0,0,1,NULL,NULL,NULL,NULL,NULL),
 (407,57,'Envelope #11','{\"metric\":\"pt\",\"width\":747,\"height\":324}','envelope-11',NULL,NULL,0,9,NULL,0,0,1,NULL,NULL,NULL,NULL,NULL),
 (408,57,'Envelope #12','{\"metric\":\"pt\",\"width\":792,\"height\":342}','envelope-12',NULL,NULL,0,10,NULL,0,0,1,NULL,NULL,NULL,NULL,NULL),
 (409,57,'Envelope #14','{\"metric\":\"pt\",\"width\":828,\"height\":360}','envelope-14',NULL,NULL,0,11,NULL,0,0,1,NULL,NULL,NULL,NULL,NULL),
 (410,57,'Envelope ISO B4','{\"metric\":\"pt\",\"width\":1000.63,\"height\":708.66}','envelope-b4',NULL,NULL,0,12,NULL,0,0,1,NULL,NULL,NULL,NULL,NULL),
 (411,57,'Envelope ISO B5','{\"metric\":\"pt\",\"width\":708.66,\"height\":498.9}','envelope-b5',NULL,NULL,0,13,NULL,0,0,1,NULL,NULL,NULL,NULL,NULL),
 (412,57,'Envelope ISO B6','{\"metric\":\"pt\",\"width\":498.9,\"height\":354.33}','envelope-b6',NULL,NULL,0,14,NULL,0,0,1,NULL,NULL,NULL,NULL,NULL),
 (413,57,'Envelope ISO C3','{\"metric\":\"pt\",\"width\":1298.27,\"height\":918.42}','envelope-c3',NULL,NULL,0,15,NULL,0,0,1,NULL,NULL,NULL,NULL,NULL),
 (414,57,'Envelope ISO C4','{\"metric\":\"pt\",\"width\":918.42,\"height\":649.13}','envelope-c4',NULL,NULL,0,16,NULL,0,0,1,NULL,NULL,NULL,NULL,NULL),
 (415,57,'Envelope ISO C5','{\"metric\":\"pt\",\"width\":649.13,\"height\":459.21}','envelope-c5',NULL,NULL,0,17,NULL,0,0,1,NULL,NULL,NULL,NULL,NULL),
 (416,57,'Envelope ISO C6','{\"metric\":\"pt\",\"width\":459.21,\"height\":323.15}','envelope-c6',NULL,NULL,0,18,NULL,0,0,1,NULL,NULL,NULL,NULL,NULL),
 (417,57,'Envelope ISO DL','{\"metric\":\"pt\",\"width\":623.622,\"height\":311.811}','envelope-dl',NULL,NULL,0,19,NULL,0,0,1,NULL,NULL,NULL,NULL,NULL),
 (418,57,'ISO A0','{\"metric\":\"pt\",\"width\":2383.94,\"height\":3370.39}','a0',NULL,NULL,0,20,NULL,0,0,1,NULL,NULL,NULL,NULL,NULL),
 (419,57,'ISO A1','{\"metric\":\"pt\",\"width\":1683.78,\"height\":2383.94}','a1',NULL,NULL,0,21,NULL,0,0,1,NULL,NULL,NULL,NULL,NULL),
 (420,57,'ISO A2','{\"metric\":\"pt\",\"width\":1190.55,\"height\":1683.78}','a2',NULL,NULL,0,22,NULL,0,0,1,NULL,NULL,NULL,NULL,NULL),
 (421,57,'ISO A3','{\"metric\":\"pt\",\"width\":841.89,\"height\":1190.55}','a3',NULL,NULL,0,23,NULL,0,0,1,NULL,NULL,NULL,NULL,NULL),
 (422,57,'ISO A4','{\"metric\":\"pt\",\"width\":595.28,\"height\":841.89}','a4',NULL,NULL,0,24,NULL,0,0,1,NULL,NULL,NULL,NULL,NULL),
 (423,57,'ISO A5','{\"metric\":\"pt\",\"width\":419.53,\"height\":595.28}','a5',NULL,NULL,0,25,NULL,0,0,1,NULL,NULL,NULL,NULL,NULL),
 (424,57,'ISO A6','{\"metric\":\"pt\",\"width\":297.64,\"height\":419.53}','a6',NULL,NULL,0,26,NULL,0,0,1,NULL,NULL,NULL,NULL,NULL),
 (425,57,'ISO A7','{\"metric\":\"pt\",\"width\":209.76,\"height\":297.64}','a7',NULL,NULL,0,27,NULL,0,0,1,NULL,NULL,NULL,NULL,NULL),
 (426,57,'ISO A8','{\"metric\":\"pt\",\"width\":147.4,\"height\":209.76}','a8',NULL,NULL,0,28,NULL,0,0,1,NULL,NULL,NULL,NULL,NULL),
 (427,57,'ISO A9','{\"metric\":\"pt\",\"width\":104.88,\"height\":147.4}','a9',NULL,NULL,0,29,NULL,0,0,1,NULL,NULL,NULL,NULL,NULL),
 (428,57,'ISO A10','{\"metric\":\"pt\",\"width\":73.7,\"height\":104.88}','a10',NULL,NULL,0,30,NULL,0,0,1,NULL,NULL,NULL,NULL,NULL),
 (429,57,'ISO B0','{\"metric\":\"pt\",\"width\":2834.65,\"height\":4008.19}','b0',NULL,NULL,0,31,NULL,0,0,1,NULL,NULL,NULL,NULL,NULL),
 (430,57,'ISO B1','{\"metric\":\"pt\",\"width\":2004.09,\"height\":2834.65}','b1',NULL,NULL,0,32,NULL,0,0,1,NULL,NULL,NULL,NULL,NULL),
 (431,57,'ISO B2','{\"metric\":\"pt\",\"width\":1417.32,\"height\":2004.09}','b2',NULL,NULL,0,33,NULL,0,0,1,NULL,NULL,NULL,NULL,NULL),
 (432,57,'ISO B3','{\"metric\":\"pt\",\"width\":1000.63,\"height\":1417.32}','b3',NULL,NULL,0,34,NULL,0,0,1,NULL,NULL,NULL,NULL,NULL),
 (433,57,'ISO B4','{\"metric\":\"pt\",\"width\":708.66,\"height\":1000.63}','b4',NULL,NULL,0,35,NULL,0,0,1,NULL,NULL,NULL,NULL,NULL),
 (434,57,'ISO B5','{\"metric\":\"pt\",\"width\":498.9,\"height\":708.66}','b5',NULL,NULL,0,36,NULL,0,0,1,NULL,NULL,NULL,NULL,NULL),
 (435,57,'ISO B6','{\"metric\":\"pt\",\"width\":354.33,\"height\":498.9}','b6',NULL,NULL,0,37,NULL,0,0,1,NULL,NULL,NULL,NULL,NULL),
 (436,57,'ISO B7','{\"metric\":\"pt\",\"width\":249.45,\"height\":354.33}','b7',NULL,NULL,0,38,NULL,0,0,1,NULL,NULL,NULL,NULL,NULL),
 (437,57,'ISO B8','{\"metric\":\"pt\",\"width\":175.75,\"height\":249.45}','b8',NULL,NULL,0,39,NULL,0,0,1,NULL,NULL,NULL,NULL,NULL),
 (438,57,'ISO B9','{\"metric\":\"pt\",\"width\":124.72,\"height\":175.75}','b9',NULL,NULL,0,40,NULL,0,0,1,NULL,NULL,NULL,NULL,NULL),
 (439,57,'ISO B10','{\"metric\":\"pt\",\"width\":87.87,\"height\":124.72}','b10',NULL,NULL,0,41,NULL,0,0,1,NULL,NULL,NULL,NULL,NULL),
 (440,57,'ISO C0','{\"metric\":\"pt\",\"width\":2599.37,\"height\":3676.54}','c0',NULL,NULL,0,42,NULL,0,0,1,NULL,NULL,NULL,NULL,NULL),
 (441,57,'ISO C1','{\"metric\":\"pt\",\"width\":1836.85,\"height\":2599.37}','c1',NULL,NULL,0,43,NULL,0,0,1,NULL,NULL,NULL,NULL,NULL),
 (442,57,'ISO C2','{\"metric\":\"pt\",\"width\":1298.27,\"height\":1836.85}','c2',NULL,NULL,0,44,NULL,0,0,1,NULL,NULL,NULL,NULL,NULL),
 (443,57,'ISO C3','{\"metric\":\"pt\",\"width\":918.43,\"height\":1298.27}','c3',NULL,NULL,0,45,NULL,0,0,1,NULL,NULL,NULL,NULL,NULL),
 (444,57,'ISO C4','{\"metric\":\"pt\",\"width\":649.13,\"height\":918.43}','c4',NULL,NULL,0,46,NULL,0,0,1,NULL,NULL,NULL,NULL,NULL),
 (445,57,'ISO C5','{\"metric\":\"pt\",\"width\":459.21,\"height\":649.13}','c5',NULL,NULL,0,47,NULL,0,0,1,NULL,NULL,NULL,NULL,NULL),
 (446,57,'ISO C6','{\"metric\":\"pt\",\"width\":323.15,\"height\":459.21}','c6',NULL,NULL,0,48,NULL,0,0,1,NULL,NULL,NULL,NULL,NULL),
 (447,57,'ISO C7','{\"metric\":\"pt\",\"width\":229.61,\"height\":323.15}','c7',NULL,NULL,0,49,NULL,0,0,1,NULL,NULL,NULL,NULL,NULL),
 (448,57,'ISO C8','{\"metric\":\"pt\",\"width\":161.57,\"height\":229.61}','c8',NULL,NULL,0,50,NULL,0,0,1,NULL,NULL,NULL,NULL,NULL),
 (449,57,'ISO C9','{\"metric\":\"pt\",\"width\":113.39,\"height\":161.57}','c9',NULL,NULL,0,51,NULL,0,0,1,NULL,NULL,NULL,NULL,NULL),
 (450,57,'ISO C10','{\"metric\":\"pt\",\"width\":79.37,\"height\":113.39}','c10',NULL,NULL,0,52,NULL,0,0,1,NULL,NULL,NULL,NULL,NULL),
 (451,57,'ISO RA0','{\"metric\":\"pt\",\"width\":2437.8,\"height\":3458.27}','ra0',NULL,NULL,0,53,NULL,0,0,1,NULL,NULL,NULL,NULL,NULL),
 (452,57,'ISO RA1','{\"metric\":\"pt\",\"width\":1729.13,\"height\":2437.8}','ra1',NULL,NULL,0,54,NULL,0,0,1,NULL,NULL,NULL,NULL,NULL),
 (453,57,'ISO RA2','{\"metric\":\"pt\",\"width\":1218.9,\"height\":1729.13}','ra2',NULL,NULL,0,55,NULL,0,0,1,NULL,NULL,NULL,NULL,NULL),
 (454,57,'ISO RA3','{\"metric\":\"pt\",\"width\":864.57,\"height\":1218.9}','ra3',NULL,NULL,0,56,NULL,0,0,1,NULL,NULL,NULL,NULL,NULL),
 (455,57,'ISO RA4','{\"metric\":\"pt\",\"width\":609.45,\"height\":864.57}','ra4',NULL,NULL,0,57,NULL,0,0,1,NULL,NULL,NULL,NULL,NULL),
 (456,57,'ISO SRA0','{\"metric\":\"pt\",\"width\":2551.18,\"height\":3628.35}','sra0',NULL,NULL,0,58,NULL,0,0,1,NULL,NULL,NULL,NULL,NULL),
 (457,57,'ISO SRA1','{\"metric\":\"pt\",\"width\":1814.17,\"height\":2551.18}','sra1',NULL,NULL,0,59,NULL,0,0,1,NULL,NULL,NULL,NULL,NULL),
 (458,57,'ISO SRA2','{\"metric\":\"pt\",\"width\":1275.59,\"height\":1814.17}','sra2',NULL,NULL,0,60,NULL,0,0,1,NULL,NULL,NULL,NULL,NULL),
 (459,57,'ISO SRA3','{\"metric\":\"pt\",\"width\":907.09,\"height\":1275.59}','sra3',NULL,NULL,0,61,NULL,0,0,1,NULL,NULL,NULL,NULL,NULL),
 (460,57,'ISO SRA4','{\"metric\":\"pt\",\"width\":637.8,\"height\":907.09}','sra4',NULL,NULL,0,62,NULL,0,0,1,NULL,NULL,NULL,NULL,NULL),
 (461,58,'Invoice PDF Format','{\"metric\":\"px\",\"margin_top\":10,\"margin_bottom\":0,\"margin_left\":65,\"margin_right\":0}','default_invoice_pdf_format',NULL,0,0,1,NULL,0,1,1,NULL,NULL,NULL,NULL,NULL),
 (462,59,'Avery 3475','{\"paper-size\":\"a4\",\"orientation\":\"portrait\",\"font-name\":\"dejavusans\",\"font-size\":10,\"font-style\":\"\",\"metric\":\"mm\",\"lMargin\":0,\"tMargin\":5,\"NX\":3,\"NY\":8,\"SpaceX\":0,\"SpaceY\":0,\"width\":70,\"height\":36,\"lPadding\":5.08,\"tPadding\":5.08}','3475','Avery',NULL,0,1,NULL,0,1,1,NULL,NULL,NULL,NULL,NULL),
 (463,59,'Avery 5160','{\"paper-size\":\"letter\",\"orientation\":\"portrait\",\"font-name\":\"dejavusans\",\"font-size\":8,\"font-style\":\"\",\"metric\":\"in\",\"lMargin\":0.21975,\"tMargin\":0.5,\"NX\":3,\"NY\":10,\"SpaceX\":0.14,\"SpaceY\":0,\"width\":2.5935,\"height\":1,\"lPadding\":0.20,\"tPadding\":0.20}','5160','Avery',NULL,0,2,NULL,0,1,1,NULL,NULL,NULL,NULL,NULL),
 (464,59,'Avery 5161','{\"paper-size\":\"letter\",\"orientation\":\"portrait\",\"font-name\":\"dejavusans\",\"font-size\":8,\"font-style\":\"\",\"metric\":\"in\",\"lMargin\":0.175,\"tMargin\":0.5,\"NX\":2,\"NY\":10,\"SpaceX\":0.15625,\"SpaceY\":0,\"width\":4,\"height\":1,\"lPadding\":0.20,\"tPadding\":0.20}','5161','Avery',NULL,0,3,NULL,0,1,1,NULL,NULL,NULL,NULL,NULL),
 (465,59,'Avery 5162','{\"paper-size\":\"letter\",\"orientation\":\"portrait\",\"font-name\":\"dejavusans\",\"font-size\":8,\"font-style\":\"\",\"metric\":\"in\",\"lMargin\":0.1525,\"tMargin\":0.88,\"NX\":2,\"NY\":7,\"SpaceX\":0.195,\"SpaceY\":0,\"width\":4,\"height\":1.33,\"lPadding\":0.20,\"tPadding\":0.20}','5162','Avery',NULL,0,4,NULL,0,1,1,NULL,NULL,NULL,NULL,NULL),
 (466,59,'Avery 5163','{\"paper-size\":\"letter\",\"orientation\":\"portrait\",\"font-name\":\"dejavusans\",\"font-size\":8,\"font-style\":\"\",\"metric\":\"in\",\"lMargin\":0.18,\"tMargin\":0.5,\"NX\":2,\"NY\":5,\"SpaceX\":0.14,\"SpaceY\":0,\"width\":4,\"height\":2,\"lPadding\":0.20,\"tPadding\":0.20}','5163','Avery',NULL,0,5,NULL,0,1,1,NULL,NULL,NULL,NULL,NULL),
 (467,59,'Avery 5164','{\"paper-size\":\"letter\",\"orientation\":\"portrait\",\"font-name\":\"dejavusans\",\"font-size\":12,\"font-style\":\"\",\"metric\":\"in\",\"lMargin\":0.156,\"tMargin\":0.5,\"NX\":2,\"NY\":3,\"SpaceX\":0.1875,\"SpaceY\":0,\"width\":4,\"height\":3.33,\"lPadding\":0.20,\"tPadding\":0.20}','5164','Avery',NULL,0,6,NULL,0,1,1,NULL,NULL,NULL,NULL,NULL),
 (468,59,'Avery 8600','{\"paper-size\":\"letter\",\"orientation\":\"portrait\",\"font-name\":\"dejavusans\",\"font-size\":8,\"font-style\":\"\",\"metric\":\"mm\",\"lMargin\":7.1,\"tMargin\":19,\"NX\":3,\"NY\":10,\"SpaceX\":9.5,\"SpaceY\":3.1,\"width\":66.6,\"height\":25.4,\"lPadding\":5.08,\"tPadding\":5.08}','8600','Avery',NULL,0,7,NULL,0,1,1,NULL,NULL,NULL,NULL,NULL),
 (469,59,'Avery L7160','{\"paper-size\":\"a4\",\"orientation\":\"portrait\",\"font-name\":\"dejavusans\",\"font-size\":9,\"font-style\":\"\",\"metric\":\"in\",\"lMargin\":0.28,\"tMargin\":0.6,\"NX\":3,\"NY\":7,\"SpaceX\":0.1,\"SpaceY\":0,\"width\":2.5,\"height\":1.5,\"lPadding\":0.20,\"tPadding\":0.20}','L7160','Avery',NULL,0,8,NULL,0,1,1,NULL,NULL,NULL,NULL,NULL),
 (470,59,'Avery L7161','{\"paper-size\":\"a4\",\"orientation\":\"portrait\",\"font-name\":\"dejavusans\",\"font-size\":9,\"font-style\":\"\",\"metric\":\"in\",\"lMargin\":0.28,\"tMargin\":0.35,\"NX\":3,\"NY\":6,\"SpaceX\":0.1,\"SpaceY\":0,\"width\":2.5,\"height\":1.83,\"lPadding\":0.20,\"tPadding\":0.20}','L7161','Avery',NULL,0,9,NULL,0,1,1,NULL,NULL,NULL,NULL,NULL),
 (471,59,'Avery L7162','{\"paper-size\":\"a4\",\"orientation\":\"portrait\",\"font-name\":\"dejavusans\",\"font-size\":9,\"font-style\":\"\",\"metric\":\"in\",\"lMargin\":0.18,\"tMargin\":0.51,\"NX\":2,\"NY\":8,\"SpaceX\":0.1,\"SpaceY\":0,\"width\":3.9,\"height\":1.33,\"lPadding\":0.20,\"tPadding\":0.20}','L7162','Avery',NULL,0,10,NULL,0,1,1,NULL,NULL,NULL,NULL,NULL),
 (472,59,'Avery L7163','{\"paper-size\":\"a4\",\"orientation\":\"portrait\",\"font-name\":\"dejavusans\",\"font-size\":9,\"font-style\":\"\",\"metric\":\"in\",\"lMargin\":0.18,\"tMargin\":0.6,\"NX\":2,\"NY\":7,\"SpaceX\":0.1,\"SpaceY\":0,\"width\":3.9,\"height\":1.5,\"lPadding\":0.20,\"tPadding\":0.20}','L7163','Avery',NULL,0,11,NULL,0,1,1,NULL,NULL,NULL,NULL,NULL),
 (473,60,'Activity Assignees','1','Activity Assignees',NULL,0,0,3,NULL,0,0,1,NULL,NULL,NULL,NULL,NULL),
 (474,60,'Activity Source','2','Activity Source',NULL,0,0,2,NULL,0,0,1,NULL,NULL,NULL,NULL,NULL),
 (475,60,'Activity Targets','3','Activity Targets',NULL,0,0,1,NULL,0,0,1,NULL,NULL,NULL,NULL,NULL),
 (476,61,'Income Account is','1','Income Account is',NULL,0,1,1,'Income Account is',0,1,1,2,NULL,NULL,NULL,NULL),
 (477,61,'Credit/Contra Revenue Account is','2','Credit/Contra Revenue Account is',NULL,0,0,2,'Credit/Contra Revenue Account is',0,1,1,2,NULL,NULL,NULL,NULL),
 (478,61,'Accounts Receivable Account is','3','Accounts Receivable Account is',NULL,0,0,3,'Accounts Receivable Account is',0,1,1,2,NULL,NULL,NULL,NULL),
 (479,61,'Credit Liability Account is','4','Credit Liability Account is',NULL,0,0,4,'Credit Liability Account is',0,1,0,2,NULL,NULL,NULL,NULL),
 (480,61,'Expense Account is','5','Expense Account is',NULL,0,0,5,'Expense Account is',0,1,1,2,NULL,NULL,NULL,NULL),
 (481,61,'Asset Account is','6','Asset Account is',NULL,0,0,6,'Asset Account is',0,1,1,2,NULL,NULL,NULL,NULL),
 (482,61,'Cost of Sales Account is','7','Cost of Sales Account is',NULL,0,0,7,'Cost of Sales Account is',0,1,1,2,NULL,NULL,NULL,NULL),
 (483,61,'Premiums Inventory Account is','8','Premiums Inventory Account is',NULL,0,0,8,'Premiums Inventory Account is',0,1,1,2,NULL,NULL,NULL,NULL),
 (484,61,'Discounts Account is','9','Discounts Account is',NULL,0,0,9,'Discounts Account is',0,1,1,2,NULL,NULL,NULL,NULL),
 (485,61,'Sales Tax Account is','10','Sales Tax Account is',NULL,0,0,10,'Sales Tax Account is',0,1,1,2,NULL,NULL,NULL,NULL),
 (486,61,'Chargeback Account is','11','Chargeback Account is',NULL,0,0,11,'Chargeback Account is',0,1,1,2,NULL,NULL,NULL,NULL),
 (487,61,'Deferred Revenue Account is','12','Deferred Revenue Account is',NULL,0,0,12,'Deferred Revenue Account is',0,1,1,2,NULL,NULL,NULL,NULL),
 (488,62,'Participant Role','1','participant_role',NULL,0,0,1,NULL,0,0,1,NULL,NULL,NULL,NULL,NULL),
 (489,63,'Morning Sessions','1','Morning Sessions',NULL,0,0,1,NULL,0,0,1,NULL,NULL,NULL,NULL,NULL),
 (490,63,'Evening Sessions','2','Evening Sessions',NULL,0,0,2,NULL,0,0,1,NULL,NULL,NULL,NULL,NULL),
 (491,64,'Contribution','1','Contribution',NULL,0,0,1,NULL,0,0,1,NULL,NULL,NULL,NULL,NULL),
 (492,64,'Membership','2','Membership',NULL,0,0,2,NULL,0,0,1,NULL,NULL,NULL,NULL,NULL),
 (493,64,'Pledge Payment','3','Pledge Payment',NULL,0,0,3,NULL,0,0,1,NULL,NULL,NULL,NULL,NULL),
 (494,65,'Manual Batch','1','Manual Batch',NULL,0,0,1,'Manual Batch',0,1,1,2,NULL,NULL,NULL,NULL),
 (495,65,'Automatic Batch','2','Automatic Batch',NULL,0,0,2,'Automatic Batch',0,1,1,2,NULL,NULL,NULL,NULL),
 (496,66,'Open','1','Open',NULL,0,0,1,NULL,0,0,1,NULL,NULL,NULL,NULL,NULL),
 (497,66,'Closed','2','Closed',NULL,0,0,2,NULL,0,0,1,NULL,NULL,NULL,NULL,NULL),
 (498,66,'Data Entry','3','Data Entry',NULL,0,0,3,NULL,0,0,1,NULL,NULL,NULL,NULL,NULL),
 (499,66,'Reopened','4','Reopened',NULL,0,0,4,NULL,0,0,1,NULL,NULL,NULL,NULL,NULL),
 (500,66,'Exported','5','Exported',NULL,0,0,5,NULL,0,0,1,NULL,NULL,NULL,NULL,NULL),
 (501,67,'http','1','http',NULL,NULL,0,1,NULL,0,1,1,NULL,NULL,NULL,NULL,NULL),
 (502,67,'xml','2','xml',NULL,NULL,0,2,NULL,0,1,1,NULL,NULL,NULL,NULL,NULL),
 (503,67,'smtp','3','smtp',NULL,NULL,0,3,NULL,0,1,1,NULL,NULL,NULL,NULL,NULL),
 (504,69,'Renewal Reminder (non-auto-renew memberships only)','1','Renewal Reminder (non-auto-renew memberships only)',NULL,0,NULL,1,NULL,0,0,1,NULL,NULL,NULL,NULL,NULL),
 (505,69,'Auto-renew Memberships Only','2','Auto-renew Memberships Only',NULL,0,NULL,2,NULL,0,0,1,NULL,NULL,NULL,NULL,NULL),
 (506,69,'Reminder for Both','3','Reminder for Both',NULL,0,NULL,3,NULL,0,0,1,NULL,NULL,NULL,NULL,NULL),
 (507,70,'Asset','1','Asset',NULL,0,0,1,'Things you own',0,1,1,2,NULL,NULL,NULL,NULL),
 (508,70,'Liability','2','Liability',NULL,0,0,2,'Things you owe, like a grant still to be disbursed',0,1,1,2,NULL,NULL,NULL,NULL),
 (509,70,'Revenue','3','Revenue',NULL,0,1,3,'Income from contributions and sales of tickets and memberships',0,1,1,2,NULL,NULL,NULL,NULL),
 (510,70,'Cost of Sales','4','Cost of Sales',NULL,0,0,4,'Costs incurred to get revenue, e.g. premiums for donations, dinner for a fundraising dinner ticket',0,1,1,2,NULL,NULL,NULL,NULL),
 (511,70,'Expenses','5','Expenses',NULL,0,0,5,'Things that are paid for that are consumable, e.g. grants disbursed',0,1,1,2,NULL,NULL,NULL,NULL),
 (512,71,'Paid','1','Paid',NULL,0,0,1,'Paid',0,1,1,2,NULL,NULL,NULL,NULL),
 (513,71,'Unpaid','3','Unpaid',NULL,0,0,1,'Unpaid',0,1,1,2,NULL,NULL,NULL,NULL),
 (514,71,'Partially paid','2','Partially paid',NULL,0,0,2,'Partially paid',0,1,1,2,NULL,NULL,NULL,NULL),
 (515,72,'Event Badge','1','Event Badge',NULL,0,NULL,1,NULL,0,0,1,NULL,NULL,NULL,NULL,NULL),
 (516,73,'Avery 5395','{\"name\":\"Avery 5395\",\"paper-size\":\"a4\",\"metric\":\"mm\",\"lMargin\":15,\"tMargin\":26,\"NX\":2,\"NY\":4,\"SpaceX\":10,\"SpaceY\":5,\"width\":83,\"height\":57,\"font-size\":12,\"orientation\":\"portrait\",\"font-name\":\"helvetica\",\"font-style\":\"\",\"lPadding\":3,\"tPadding\":3}','Avery 5395',NULL,0,0,1,NULL,0,0,1,NULL,NULL,NULL,NULL,NULL),
 (517,73,'A6 Badge Portrait 150x106','{\"paper-size\":\"a4\",\"orientation\":\"landscape\",\"font-name\":\"times\",\"font-size\":6,\"font-style\":\"\",\"NX\":2,\"NY\":1,\"metric\":\"mm\",\"lMargin\":25,\"tMargin\":27,\"SpaceX\":0,\"SpaceY\":35,\"width\":106,\"height\":150,\"lPadding\":5,\"tPadding\":5}','A6 Badge Portrait 150x106',NULL,0,0,2,NULL,0,0,1,NULL,NULL,NULL,NULL,NULL),
 (518,73,'Fattorini Name Badge 100x65','{\"paper-size\":\"a4\",\"orientation\":\"portrait\",\"font-name\":\"times\",\"font-size\":6,\"font-style\":\"\",\"NX\":2,\"NY\":4,\"metric\":\"mm\",\"lMargin\":6,\"tMargin\":19,\"SpaceX\":0,\"SpaceY\":0,\"width\":100,\"height\":65,\"lPadding\":0,\"tPadding\":0}','Fattorini Name Badge 100x65',NULL,0,0,3,NULL,0,0,1,NULL,NULL,NULL,NULL,NULL),
 (519,73,'Hanging Badge 3-3/4\" x 4-3\"/4','{\"paper-size\":\"a4\",\"orientation\":\"portrait\",\"font-name\":\"times\",\"font-size\":6,\"font-style\":\"\",\"NX\":2,\"NY\":2,\"metric\":\"mm\",\"lMargin\":10,\"tMargin\":28,\"SpaceX\":0,\"SpaceY\":0,\"width\":96,\"height\":121,\"lPadding\":5,\"tPadding\":5}','Hanging Badge 3-3/4\" x 4-3\"/4',NULL,0,0,4,NULL,0,0,1,NULL,NULL,NULL,NULL,NULL),
 (520,74,'Formal','1','formal',NULL,0,1,1,NULL,0,0,1,NULL,NULL,NULL,NULL,NULL),
 (521,74,'Familiar','2','familiar',NULL,0,0,2,NULL,0,0,1,NULL,NULL,NULL,NULL,NULL),
 (522,75,'Email','Email','Email',NULL,0,1,1,NULL,0,1,1,NULL,NULL,NULL,NULL,NULL),
 (523,75,'SMS','SMS','SMS',NULL,0,0,2,NULL,0,1,1,NULL,NULL,NULL,NULL,NULL),
 (524,75,'User Preference','User_Preference','User Preference',NULL,0,0,3,NULL,0,1,1,NULL,NULL,NULL,NULL,NULL),
 (525,76,'Actual date only','1','Actual date only',NULL,NULL,0,1,NULL,0,1,1,NULL,NULL,NULL,NULL,NULL),
 (526,76,'Each anniversary','2','Each anniversary',NULL,NULL,0,2,NULL,0,1,1,NULL,NULL,NULL,NULL,NULL),
 (527,77,'Default','1','default',NULL,NULL,1,1,NULL,0,1,1,NULL,NULL,NULL,NULL,NULL),
 (528,77,'CiviMail','2','civimail',NULL,NULL,0,2,NULL,0,1,1,4,NULL,NULL,NULL,NULL),
 (529,77,'CiviEvent','3','civievent',NULL,NULL,0,3,NULL,0,1,1,1,NULL,NULL,NULL,NULL),
 (530,78,'Today','this.day','this.day',NULL,NULL,0,1,NULL,0,0,1,NULL,NULL,NULL,NULL,NULL),
 (531,78,'This week','this.week','this.week',NULL,NULL,0,2,NULL,0,0,1,NULL,NULL,NULL,NULL,NULL),
 (532,78,'This calendar month','this.month','this.month',NULL,NULL,0,3,NULL,0,0,1,NULL,NULL,NULL,NULL,NULL),
 (533,78,'This quarter','this.quarter','this.quarter',NULL,NULL,0,4,NULL,0,0,1,NULL,NULL,NULL,NULL,NULL),
 (534,78,'This fiscal year','this.fiscal_year','this.fiscal_year',NULL,NULL,0,5,NULL,0,0,1,NULL,NULL,NULL,NULL,NULL),
 (535,78,'This calendar year','this.year','this.year',NULL,NULL,0,6,NULL,0,0,1,NULL,NULL,NULL,NULL,NULL),
 (536,78,'Yesterday','previous.day','previous.day',NULL,NULL,0,7,NULL,0,0,1,NULL,NULL,NULL,NULL,NULL),
 (537,78,'Previous week','previous.week','previous.week',NULL,NULL,0,8,NULL,0,0,1,NULL,NULL,NULL,NULL,NULL),
 (538,78,'Previous calendar month','previous.month','previous.month',NULL,NULL,0,9,NULL,0,0,1,NULL,NULL,NULL,NULL,NULL),
 (539,78,'Previous quarter','previous.quarter','previous.quarter',NULL,NULL,0,10,NULL,0,0,1,NULL,NULL,NULL,NULL,NULL),
 (540,78,'Previous fiscal year','previous.fiscal_year','previous.fiscal_year',NULL,NULL,0,11,NULL,0,0,1,NULL,NULL,NULL,NULL,NULL),
 (541,78,'Previous calendar year','previous.year','previous.year',NULL,NULL,0,12,NULL,0,0,1,NULL,NULL,NULL,NULL,NULL),
 (542,78,'Last 7 days including today','ending.week','ending.week',NULL,NULL,0,13,NULL,0,0,1,NULL,NULL,NULL,NULL,NULL),
 (543,78,'Last 30 days including today','ending_30.day','ending.month',NULL,NULL,0,14,NULL,0,0,1,NULL,NULL,NULL,NULL,NULL),
 (544,78,'Last 60 days including today','ending_60.day','ending_2.month',NULL,NULL,0,15,NULL,0,0,1,NULL,NULL,NULL,NULL,NULL),
 (545,78,'Last 90 days including today','ending_90.day','ending.quarter',NULL,NULL,0,16,NULL,0,0,1,NULL,NULL,NULL,NULL,NULL),
 (546,78,'Last 12 months including today','ending.year','ending.year',NULL,NULL,0,17,NULL,0,0,1,NULL,NULL,NULL,NULL,NULL),
 (547,78,'Last 2 years including today','ending_2.year','ending_2.year',NULL,NULL,0,18,NULL,0,0,1,NULL,NULL,NULL,NULL,NULL),
 (548,78,'Last 3 years including today','ending_3.year','ending_3.year',NULL,NULL,0,19,NULL,0,0,1,NULL,NULL,NULL,NULL,NULL),
 (549,78,'Tomorrow','starting.day','starting.day',NULL,NULL,0,20,NULL,0,0,1,NULL,NULL,NULL,NULL,NULL),
 (550,78,'Next week','next.week','next.week',NULL,NULL,0,21,NULL,0,0,1,NULL,NULL,NULL,NULL,NULL),
 (551,78,'Next calendar month','next.month','next.month',NULL,NULL,0,22,NULL,0,0,1,NULL,NULL,NULL,NULL,NULL),
 (552,78,'Next quarter','next.quarter','next.quarter',NULL,NULL,0,23,NULL,0,0,1,NULL,NULL,NULL,NULL,NULL),
 (553,78,'Next fiscal year','next.fiscal_year','next.fiscal_year',NULL,NULL,0,24,NULL,0,0,1,NULL,NULL,NULL,NULL,NULL),
 (554,78,'Next calendar year','next.year','next.year',NULL,NULL,0,25,NULL,0,0,1,NULL,NULL,NULL,NULL,NULL),
 (555,78,'Next 7 days including today','starting.week','starting.week',NULL,NULL,0,26,NULL,0,0,1,NULL,NULL,NULL,NULL,NULL),
 (556,78,'Next 30 days including today','starting.month','starting.month',NULL,NULL,0,27,NULL,0,0,1,NULL,NULL,NULL,NULL,NULL),
 (557,78,'Next 60 days including today','starting_2.month','starting_2.month',NULL,NULL,0,28,NULL,0,0,1,NULL,NULL,NULL,NULL,NULL),
 (558,78,'Next 90 days including today','starting.quarter','starting.quarter',NULL,NULL,0,29,NULL,0,0,1,NULL,NULL,NULL,NULL,NULL),
 (559,78,'Next 12 months including today','starting.year','starting.year',NULL,NULL,0,30,NULL,0,0,1,NULL,NULL,NULL,NULL,NULL),
 (560,78,'Current week to-date','current.week','current.week',NULL,NULL,0,31,NULL,0,0,1,NULL,NULL,NULL,NULL,NULL),
 (561,78,'Current calendar month to-date','current.month','current.month',NULL,NULL,0,32,NULL,0,0,1,NULL,NULL,NULL,NULL,NULL),
 (562,78,'Current quarter to-date','current.quarter','current.quarter',NULL,NULL,0,33,NULL,0,0,1,NULL,NULL,NULL,NULL,NULL),
 (563,78,'Current calendar year to-date','current.year','current.year',NULL,NULL,0,34,NULL,0,0,1,NULL,NULL,NULL,NULL,NULL),
 (564,78,'To end of yesterday','earlier.day','earlier.day',NULL,NULL,0,35,NULL,0,0,1,NULL,NULL,NULL,NULL,NULL),
 (565,78,'To end of previous week','earlier.week','earlier.week',NULL,NULL,0,36,NULL,0,0,1,NULL,NULL,NULL,NULL,NULL),
 (566,78,'To end of previous calendar month','earlier.month','earlier.month',NULL,NULL,0,37,NULL,0,0,1,NULL,NULL,NULL,NULL,NULL),
 (567,78,'To end of previous quarter','earlier.quarter','earlier.quarter',NULL,NULL,0,38,NULL,0,0,1,NULL,NULL,NULL,NULL,NULL),
 (568,78,'To end of previous calendar year','earlier.year','earlier.year',NULL,NULL,0,39,NULL,0,0,1,NULL,NULL,NULL,NULL,NULL),
 (569,78,'From start of current day','greater.day','greater.day',NULL,NULL,0,40,NULL,0,0,1,NULL,NULL,NULL,NULL,NULL),
 (570,78,'From start of current week','greater.week','greater.week',NULL,NULL,0,41,NULL,0,0,1,NULL,NULL,NULL,NULL,NULL),
 (571,78,'From start of current calendar month','greater.month','greater.month',NULL,NULL,0,42,NULL,0,0,1,NULL,NULL,NULL,NULL,NULL),
 (572,78,'From start of current quarter','greater.quarter','greater.quarter',NULL,NULL,0,43,NULL,0,0,1,NULL,NULL,NULL,NULL,NULL),
 (573,78,'From start of current calendar year','greater.year','greater.year',NULL,NULL,0,44,NULL,0,0,1,NULL,NULL,NULL,NULL,NULL),
 (574,78,'To end of current week','less.week','less.week',NULL,NULL,0,45,NULL,0,0,1,NULL,NULL,NULL,NULL,NULL),
 (575,78,'To end of current calendar month','less.month','less.month',NULL,NULL,0,46,NULL,0,0,1,NULL,NULL,NULL,NULL,NULL),
 (576,78,'To end of current quarter','less.quarter','less.quarter',NULL,NULL,0,47,NULL,0,0,1,NULL,NULL,NULL,NULL,NULL),
 (577,78,'To end of current calendar year','less.year','less.year',NULL,NULL,0,48,NULL,0,0,1,NULL,NULL,NULL,NULL,NULL),
 (578,78,'Previous 2 days','previous_2.day','previous_2.day',NULL,NULL,0,49,NULL,0,0,1,NULL,NULL,NULL,NULL,NULL),
 (579,78,'Previous 2 weeks','previous_2.week','previous_2.week',NULL,NULL,0,50,NULL,0,0,1,NULL,NULL,NULL,NULL,NULL),
 (580,78,'Previous 2 calendar months','previous_2.month','previous_2.month',NULL,NULL,0,51,NULL,0,0,1,NULL,NULL,NULL,NULL,NULL),
 (581,78,'Previous 2 quarters','previous_2.quarter','previous_2.quarter',NULL,NULL,0,52,NULL,0,0,1,NULL,NULL,NULL,NULL,NULL),
 (582,78,'Previous 2 calendar years','previous_2.year','previous_2.year',NULL,NULL,0,53,NULL,0,0,1,NULL,NULL,NULL,NULL,NULL),
 (583,78,'Previous 2 fiscal years','previous_2.fiscal_year','previous_2.fiscal_year',NULL,NULL,0,54,NULL,0,0,1,NULL,NULL,NULL,NULL,NULL),
 (584,78,'Day prior to yesterday','previous_before.day','previous_before.day',NULL,NULL,0,55,NULL,0,0,1,NULL,NULL,NULL,NULL,NULL),
 (585,78,'Week prior to previous week','previous_before.week','previous_before.week',NULL,NULL,0,56,NULL,0,0,1,NULL,NULL,NULL,NULL,NULL),
 (586,78,'Month prior to previous calendar month','previous_before.month','previous_before.month',NULL,NULL,NULL,57,NULL,0,0,1,NULL,NULL,NULL,NULL,NULL),
 (587,78,'Quarter prior to previous quarter','previous_before.quarter','previous_before.quarter',NULL,NULL,0,58,NULL,0,0,1,NULL,NULL,NULL,NULL,NULL),
 (588,78,'Year prior to previous calendar year','previous_before.year','previous_before.year',NULL,NULL,0,59,NULL,0,0,1,NULL,NULL,NULL,NULL,NULL),
 (589,78,'Fiscal year prior to previous fiscal year','previous_before.fiscal_year','previous_before.fiscal_year',NULL,NULL,0,60,NULL,0,0,1,NULL,NULL,NULL,NULL,NULL),
 (590,78,'From end of previous week','greater_previous.week','greater_previous.week',NULL,NULL,0,61,NULL,0,0,1,NULL,NULL,NULL,NULL,NULL),
 (591,78,'From end of previous calendar month','greater_previous.month','greater_previous.month',NULL,NULL,0,62,NULL,0,0,1,NULL,NULL,NULL,NULL,NULL),
 (592,78,'From end of previous quarter','greater_previous.quarter','greater_previous.quarter',NULL,NULL,0,63,NULL,0,0,1,NULL,NULL,NULL,NULL,NULL),
 (593,78,'From end of previous calendar year','greater_previous.year','greater_previous.year',NULL,NULL,0,64,NULL,0,0,1,NULL,NULL,NULL,NULL,NULL),
 (594,79,'Completed','1','Completed',NULL,0,0,1,NULL,0,1,1,NULL,NULL,NULL,NULL,NULL),
 (595,79,'Pending','2','Pending',NULL,0,0,2,NULL,0,1,1,NULL,NULL,NULL,NULL,NULL),
 (596,79,'Cancelled','3','Cancelled',NULL,0,0,3,NULL,0,1,1,NULL,NULL,NULL,NULL,NULL),
 (597,79,'In Progress','5','In Progress',NULL,0,0,4,NULL,0,1,1,NULL,NULL,NULL,NULL,NULL),
 (598,79,'Overdue','6','Overdue',NULL,0,0,5,NULL,0,1,1,NULL,NULL,NULL,NULL,NULL),
 (599,80,'Completed','1','Completed',NULL,0,0,1,NULL,0,1,1,NULL,NULL,NULL,NULL,NULL),
 (600,80,'Pending','2','Pending',NULL,0,0,2,NULL,0,1,1,NULL,NULL,NULL,NULL,NULL),
 (601,80,'Cancelled','3','Cancelled',NULL,0,0,3,NULL,0,1,1,NULL,NULL,NULL,NULL,NULL),
 (602,80,'Failed','4','Failed',NULL,0,0,4,NULL,0,1,1,NULL,NULL,NULL,NULL,NULL),
 (603,80,'In Progress','5','In Progress',NULL,0,0,5,NULL,0,1,1,NULL,NULL,NULL,NULL,NULL),
 (604,80,'Overdue','6','Overdue',NULL,0,0,6,NULL,0,1,1,NULL,NULL,NULL,NULL,NULL),
 (605,80,'Processing','7','Processing',NULL,0,0,7,NULL,0,1,1,NULL,NULL,NULL,NULL,NULL),
 (606,80,'Failing','8','Failing',NULL,0,0,8,NULL,0,1,1,NULL,NULL,NULL,NULL,NULL),
 (607,81,'Production','Production','Production',NULL,NULL,1,1,'Production Environment',0,1,1,NULL,NULL,NULL,NULL,NULL),
 (608,81,'Staging','Staging','Staging',NULL,NULL,0,2,'Staging Environment',0,1,1,NULL,NULL,NULL,NULL,NULL),
 (609,81,'Development','Development','Development',NULL,NULL,0,3,'Development Environment',0,1,1,NULL,NULL,NULL,NULL,NULL),
 (610,82,'None','1','NONE',NULL,0,1,1,NULL,0,0,1,NULL,NULL,NULL,NULL,NULL),
 (611,82,'By relationship to case client','2','BY_RELATIONSHIP',NULL,0,0,1,NULL,0,0,1,NULL,NULL,NULL,NULL,NULL),
 (612,82,'Specific contact','3','SPECIFIC_CONTACT',NULL,0,0,1,NULL,0,0,1,NULL,NULL,NULL,NULL,NULL),
 (613,82,'User creating the case','4','USER_CREATING_THE_CASE',NULL,0,0,1,NULL,0,0,1,NULL,NULL,NULL,NULL,NULL),
 (614,83,'Financial Transactions','civicrm_financial_trxn','civicrm_financial_trxn',NULL,0,1,1,NULL,0,0,1,2,NULL,NULL,NULL,NULL),
 (615,85,'Abkhaz','ab','ab_GE',NULL,0,0,1,NULL,0,0,0,NULL,NULL,NULL,NULL,NULL),
 (616,85,'Afar','aa','aa_ET',NULL,0,0,2,NULL,0,0,0,NULL,NULL,NULL,NULL,NULL),
 (617,85,'Afrikaans','af','af_ZA',NULL,0,0,3,NULL,0,0,1,NULL,NULL,NULL,NULL,NULL),
 (618,85,'Akan','ak','ak_GH',NULL,0,0,4,NULL,0,0,0,NULL,NULL,NULL,NULL,NULL),
 (619,85,'Albanian','sq','sq_AL',NULL,0,0,5,NULL,0,0,1,NULL,NULL,NULL,NULL,NULL),
 (620,85,'Amharic','am','am_ET',NULL,0,0,6,NULL,0,0,0,NULL,NULL,NULL,NULL,NULL),
 (621,85,'Arabic','ar','ar_EG',NULL,0,0,7,NULL,0,0,1,NULL,NULL,NULL,NULL,NULL),
 (622,85,'Aragonese','an','an_ES',NULL,0,0,8,NULL,0,0,0,NULL,NULL,NULL,NULL,NULL),
 (623,85,'Armenian','hy','hy_AM',NULL,0,0,9,NULL,0,0,0,NULL,NULL,NULL,NULL,NULL),
 (624,85,'Assamese','as','as_IN',NULL,0,0,10,NULL,0,0,0,NULL,NULL,NULL,NULL,NULL),
 (625,85,'Avaric','av','av_RU',NULL,0,0,11,NULL,0,0,0,NULL,NULL,NULL,NULL,NULL),
 (626,85,'Avestan','ae','ae_XX',NULL,0,0,12,NULL,0,0,0,NULL,NULL,NULL,NULL,NULL),
 (627,85,'Aymara','ay','ay_BO',NULL,0,0,13,NULL,0,0,0,NULL,NULL,NULL,NULL,NULL),
 (628,85,'Azerbaijani','az','az_AZ',NULL,0,0,14,NULL,0,0,0,NULL,NULL,NULL,NULL,NULL),
 (629,85,'Bambara','bm','bm_ML',NULL,0,0,15,NULL,0,0,0,NULL,NULL,NULL,NULL,NULL),
 (630,85,'Bashkir','ba','ba_RU',NULL,0,0,16,NULL,0,0,0,NULL,NULL,NULL,NULL,NULL),
 (631,85,'Basque','eu','eu_ES',NULL,0,0,17,NULL,0,0,0,NULL,NULL,NULL,NULL,NULL),
 (632,85,'Belarusian','be','be_BY',NULL,0,0,18,NULL,0,0,0,NULL,NULL,NULL,NULL,NULL),
 (633,85,'Bengali','bn','bn_BD',NULL,0,0,19,NULL,0,0,0,NULL,NULL,NULL,NULL,NULL),
 (634,85,'Bihari','bh','bh_IN',NULL,0,0,20,NULL,0,0,0,NULL,NULL,NULL,NULL,NULL),
 (635,85,'Bislama','bi','bi_VU',NULL,0,0,21,NULL,0,0,0,NULL,NULL,NULL,NULL,NULL),
 (636,85,'Bosnian','bs','bs_BA',NULL,0,0,22,NULL,0,0,0,NULL,NULL,NULL,NULL,NULL),
 (637,85,'Breton','br','br_FR',NULL,0,0,23,NULL,0,0,0,NULL,NULL,NULL,NULL,NULL),
 (638,85,'Bulgarian','bg','bg_BG',NULL,0,0,24,NULL,0,0,1,NULL,NULL,NULL,NULL,NULL),
 (639,85,'Burmese','my','my_MM',NULL,0,0,25,NULL,0,0,0,NULL,NULL,NULL,NULL,NULL),
 (640,85,'Catalan; Valencian','ca','ca_ES',NULL,0,0,26,NULL,0,0,1,NULL,NULL,NULL,NULL,NULL),
 (641,85,'Chamorro','ch','ch_GU',NULL,0,0,27,NULL,0,0,0,NULL,NULL,NULL,NULL,NULL),
 (642,85,'Chechen','ce','ce_RU',NULL,0,0,28,NULL,0,0,0,NULL,NULL,NULL,NULL,NULL),
 (643,85,'Chichewa; Chewa; Nyanja','ny','ny_MW',NULL,0,0,29,NULL,0,0,0,NULL,NULL,NULL,NULL,NULL),
 (644,85,'Chinese (China)','zh','zh_CN',NULL,0,0,30,NULL,0,0,1,NULL,NULL,NULL,NULL,NULL),
 (645,85,'Chinese (Taiwan)','zh','zh_TW',NULL,0,0,31,NULL,0,0,1,NULL,NULL,NULL,NULL,NULL),
 (646,85,'Chuvash','cv','cv_RU',NULL,0,0,32,NULL,0,0,0,NULL,NULL,NULL,NULL,NULL),
 (647,85,'Cornish','kw','kw_GB',NULL,0,0,33,NULL,0,0,0,NULL,NULL,NULL,NULL,NULL),
 (648,85,'Corsican','co','co_FR',NULL,0,0,34,NULL,0,0,0,NULL,NULL,NULL,NULL,NULL),
 (649,85,'Cree','cr','cr_CA',NULL,0,0,35,NULL,0,0,0,NULL,NULL,NULL,NULL,NULL),
 (650,85,'Croatian','hr','hr_HR',NULL,0,0,36,NULL,0,0,1,NULL,NULL,NULL,NULL,NULL),
 (651,85,'Czech','cs','cs_CZ',NULL,0,0,37,NULL,0,0,1,NULL,NULL,NULL,NULL,NULL),
 (652,85,'Danish','da','da_DK',NULL,0,0,38,NULL,0,0,1,NULL,NULL,NULL,NULL,NULL),
 (653,85,'Divehi; Dhivehi; Maldivian;','dv','dv_MV',NULL,0,0,39,NULL,0,0,0,NULL,NULL,NULL,NULL,NULL),
 (654,85,'Dutch (Netherlands)','nl','nl_NL',NULL,0,0,40,NULL,0,0,1,NULL,NULL,NULL,NULL,NULL),
 (655,85,'Dutch (Belgium)','nl','nl_BE',NULL,0,0,41,NULL,0,0,1,NULL,NULL,NULL,NULL,NULL),
 (656,85,'Dzongkha','dz','dz_BT',NULL,0,0,42,NULL,0,0,0,NULL,NULL,NULL,NULL,NULL),
 (657,85,'English (Australia)','en','en_AU',NULL,0,0,43,NULL,0,0,1,NULL,NULL,NULL,NULL,NULL),
 (658,85,'English (Canada)','en','en_CA',NULL,0,0,44,NULL,0,0,1,NULL,NULL,NULL,NULL,NULL),
 (659,85,'English (United Kingdom)','en','en_GB',NULL,0,0,45,NULL,0,0,1,NULL,NULL,NULL,NULL,NULL),
 (660,85,'English (United States)','en','en_US',NULL,0,1,46,NULL,0,0,1,NULL,NULL,NULL,NULL,NULL),
 (661,85,'Esperanto','eo','eo_XX',NULL,0,0,47,NULL,0,0,0,NULL,NULL,NULL,NULL,NULL),
 (662,85,'Estonian','et','et_EE',NULL,0,0,48,NULL,0,0,1,NULL,NULL,NULL,NULL,NULL),
 (663,85,'Ewe','ee','ee_GH',NULL,0,0,49,NULL,0,0,0,NULL,NULL,NULL,NULL,NULL),
 (664,85,'Faroese','fo','fo_FO',NULL,0,0,50,NULL,0,0,0,NULL,NULL,NULL,NULL,NULL),
 (665,85,'Fijian','fj','fj_FJ',NULL,0,0,51,NULL,0,0,0,NULL,NULL,NULL,NULL,NULL),
 (666,85,'Finnish','fi','fi_FI',NULL,0,0,52,NULL,0,0,1,NULL,NULL,NULL,NULL,NULL),
 (667,85,'French (Canada)','fr','fr_CA',NULL,0,0,53,NULL,0,0,1,NULL,NULL,NULL,NULL,NULL),
 (668,85,'French (France)','fr','fr_FR',NULL,0,0,54,NULL,0,0,1,NULL,NULL,NULL,NULL,NULL),
 (669,85,'Fula; Fulah; Pulaar; Pular','ff','ff_SN',NULL,0,0,55,NULL,0,0,0,NULL,NULL,NULL,NULL,NULL),
 (670,85,'Galician','gl','gl_ES',NULL,0,0,56,NULL,0,0,0,NULL,NULL,NULL,NULL,NULL),
 (671,85,'Georgian','ka','ka_GE',NULL,0,0,57,NULL,0,0,0,NULL,NULL,NULL,NULL,NULL),
 (672,85,'German','de','de_DE',NULL,0,0,58,NULL,0,0,1,NULL,NULL,NULL,NULL,NULL),
 (673,85,'German (Swiss)','de','de_CH',NULL,0,0,59,NULL,0,0,1,NULL,NULL,NULL,NULL,NULL),
 (674,85,'Greek, Modern','el','el_GR',NULL,0,0,60,NULL,0,0,1,NULL,NULL,NULL,NULL,NULL),
 (675,85,'Guarani','gn','gn_PY',NULL,0,0,61,NULL,0,0,0,NULL,NULL,NULL,NULL,NULL),
 (676,85,'Gujarati','gu','gu_IN',NULL,0,0,62,NULL,0,0,0,NULL,NULL,NULL,NULL,NULL),
 (677,85,'Haitian; Haitian Creole','ht','ht_HT',NULL,0,0,63,NULL,0,0,0,NULL,NULL,NULL,NULL,NULL),
 (678,85,'Hausa','ha','ha_NG',NULL,0,0,64,NULL,0,0,0,NULL,NULL,NULL,NULL,NULL),
 (679,85,'Hebrew (modern)','he','he_IL',NULL,0,0,65,NULL,0,0,1,NULL,NULL,NULL,NULL,NULL),
 (680,85,'Herero','hz','hz_NA',NULL,0,0,66,NULL,0,0,0,NULL,NULL,NULL,NULL,NULL),
 (681,85,'Hindi','hi','hi_IN',NULL,0,0,67,NULL,0,0,1,NULL,NULL,NULL,NULL,NULL),
 (682,85,'Hiri Motu','ho','ho_PG',NULL,0,0,68,NULL,0,0,0,NULL,NULL,NULL,NULL,NULL),
 (683,85,'Hungarian','hu','hu_HU',NULL,0,0,69,NULL,0,0,1,NULL,NULL,NULL,NULL,NULL),
 (684,85,'Interlingua','ia','ia_XX',NULL,0,0,70,NULL,0,0,0,NULL,NULL,NULL,NULL,NULL),
 (685,85,'Indonesian','id','id_ID',NULL,0,0,71,NULL,0,0,1,NULL,NULL,NULL,NULL,NULL),
 (686,85,'Interlingue','ie','ie_XX',NULL,0,0,72,NULL,0,0,0,NULL,NULL,NULL,NULL,NULL),
 (687,85,'Irish','ga','ga_IE',NULL,0,0,73,NULL,0,0,0,NULL,NULL,NULL,NULL,NULL),
 (688,85,'Igbo','ig','ig_NG',NULL,0,0,74,NULL,0,0,0,NULL,NULL,NULL,NULL,NULL),
 (689,85,'Inupiaq','ik','ik_US',NULL,0,0,75,NULL,0,0,0,NULL,NULL,NULL,NULL,NULL),
 (690,85,'Ido','io','io_XX',NULL,0,0,76,NULL,0,0,0,NULL,NULL,NULL,NULL,NULL),
 (691,85,'Icelandic','is','is_IS',NULL,0,0,77,NULL,0,0,0,NULL,NULL,NULL,NULL,NULL),
 (692,85,'Italian','it','it_IT',NULL,0,0,78,NULL,0,0,1,NULL,NULL,NULL,NULL,NULL),
 (693,85,'Inuktitut','iu','iu_CA',NULL,0,0,79,NULL,0,0,0,NULL,NULL,NULL,NULL,NULL),
 (694,85,'Japanese','ja','ja_JP',NULL,0,0,80,NULL,0,0,1,NULL,NULL,NULL,NULL,NULL),
 (695,85,'Javanese','jv','jv_ID',NULL,0,0,81,NULL,0,0,0,NULL,NULL,NULL,NULL,NULL),
 (696,85,'Kalaallisut, Greenlandic','kl','kl_GL',NULL,0,0,82,NULL,0,0,0,NULL,NULL,NULL,NULL,NULL),
 (697,85,'Kannada','kn','kn_IN',NULL,0,0,83,NULL,0,0,0,NULL,NULL,NULL,NULL,NULL),
 (698,85,'Kanuri','kr','kr_NE',NULL,0,0,84,NULL,0,0,0,NULL,NULL,NULL,NULL,NULL),
 (699,85,'Kashmiri','ks','ks_IN',NULL,0,0,85,NULL,0,0,0,NULL,NULL,NULL,NULL,NULL),
 (700,85,'Kazakh','kk','kk_KZ',NULL,0,0,86,NULL,0,0,0,NULL,NULL,NULL,NULL,NULL),
 (701,85,'Khmer','km','km_KH',NULL,0,0,87,NULL,0,0,1,NULL,NULL,NULL,NULL,NULL),
 (702,85,'Kikuyu, Gikuyu','ki','ki_KE',NULL,0,0,88,NULL,0,0,0,NULL,NULL,NULL,NULL,NULL),
 (703,85,'Kinyarwanda','rw','rw_RW',NULL,0,0,89,NULL,0,0,0,NULL,NULL,NULL,NULL,NULL),
 (704,85,'Kirghiz, Kyrgyz','ky','ky_KG',NULL,0,0,90,NULL,0,0,0,NULL,NULL,NULL,NULL,NULL),
 (705,85,'Komi','kv','kv_RU',NULL,0,0,91,NULL,0,0,0,NULL,NULL,NULL,NULL,NULL),
 (706,85,'Kongo','kg','kg_CD',NULL,0,0,92,NULL,0,0,0,NULL,NULL,NULL,NULL,NULL),
 (707,85,'Korean','ko','ko_KR',NULL,0,0,93,NULL,0,0,0,NULL,NULL,NULL,NULL,NULL),
 (708,85,'Kurdish','ku','ku_IQ',NULL,0,0,94,NULL,0,0,0,NULL,NULL,NULL,NULL,NULL),
 (709,85,'Kwanyama, Kuanyama','kj','kj_NA',NULL,0,0,95,NULL,0,0,0,NULL,NULL,NULL,NULL,NULL),
 (710,85,'Latin','la','la_VA',NULL,0,0,96,NULL,0,0,0,NULL,NULL,NULL,NULL,NULL),
 (711,85,'Luxembourgish, Letzeburgesch','lb','lb_LU',NULL,0,0,97,NULL,0,0,0,NULL,NULL,NULL,NULL,NULL),
 (712,85,'Luganda','lg','lg_UG',NULL,0,0,98,NULL,0,0,0,NULL,NULL,NULL,NULL,NULL),
 (713,85,'Limburgish, Limburgan, Limburger','li','li_NL',NULL,0,0,99,NULL,0,0,0,NULL,NULL,NULL,NULL,NULL),
 (714,85,'Lingala','ln','ln_CD',NULL,0,0,100,NULL,0,0,0,NULL,NULL,NULL,NULL,NULL),
 (715,85,'Lao','lo','lo_LA',NULL,0,0,101,NULL,0,0,0,NULL,NULL,NULL,NULL,NULL),
 (716,85,'Lithuanian','lt','lt_LT',NULL,0,0,102,NULL,0,0,1,NULL,NULL,NULL,NULL,NULL),
 (717,85,'Luba-Katanga','lu','lu_CD',NULL,0,0,103,NULL,0,0,0,NULL,NULL,NULL,NULL,NULL),
 (718,85,'Latvian','lv','lv_LV',NULL,0,0,104,NULL,0,0,0,NULL,NULL,NULL,NULL,NULL),
 (719,85,'Manx','gv','gv_IM',NULL,0,0,105,NULL,0,0,0,NULL,NULL,NULL,NULL,NULL),
 (720,85,'Macedonian','mk','mk_MK',NULL,0,0,106,NULL,0,0,0,NULL,NULL,NULL,NULL,NULL),
 (721,85,'Malagasy','mg','mg_MG',NULL,0,0,107,NULL,0,0,0,NULL,NULL,NULL,NULL,NULL),
 (722,85,'Malay','ms','ms_MY',NULL,0,0,108,NULL,0,0,0,NULL,NULL,NULL,NULL,NULL),
 (723,85,'Malayalam','ml','ml_IN',NULL,0,0,109,NULL,0,0,0,NULL,NULL,NULL,NULL,NULL),
 (724,85,'Maltese','mt','mt_MT',NULL,0,0,110,NULL,0,0,0,NULL,NULL,NULL,NULL,NULL),
 (725,85,'Mori','mi','mi_NZ',NULL,0,0,111,NULL,0,0,0,NULL,NULL,NULL,NULL,NULL),
 (726,85,'Marathi','mr','mr_IN',NULL,0,0,112,NULL,0,0,0,NULL,NULL,NULL,NULL,NULL),
 (727,85,'Marshallese','mh','mh_MH',NULL,0,0,113,NULL,0,0,0,NULL,NULL,NULL,NULL,NULL),
 (728,85,'Mongolian','mn','mn_MN',NULL,0,0,114,NULL,0,0,0,NULL,NULL,NULL,NULL,NULL),
 (729,85,'Nauru','na','na_NR',NULL,0,0,115,NULL,0,0,0,NULL,NULL,NULL,NULL,NULL),
 (730,85,'Navajo, Navaho','nv','nv_US',NULL,0,0,116,NULL,0,0,0,NULL,NULL,NULL,NULL,NULL),
 (731,85,'Norwegian Bokml','nb','nb_NO',NULL,0,0,117,NULL,0,0,1,NULL,NULL,NULL,NULL,NULL),
 (732,85,'North Ndebele','nd','nd_ZW',NULL,0,0,118,NULL,0,0,0,NULL,NULL,NULL,NULL,NULL),
 (733,85,'Nepali','ne','ne_NP',NULL,0,0,119,NULL,0,0,0,NULL,NULL,NULL,NULL,NULL),
 (734,85,'Ndonga','ng','ng_NA',NULL,0,0,120,NULL,0,0,0,NULL,NULL,NULL,NULL,NULL),
 (735,85,'Norwegian Nynorsk','nn','nn_NO',NULL,0,0,121,NULL,0,0,0,NULL,NULL,NULL,NULL,NULL),
 (736,85,'Norwegian','no','no_NO',NULL,0,0,122,NULL,0,0,0,NULL,NULL,NULL,NULL,NULL),
 (737,85,'Nuosu','ii','ii_CN',NULL,0,0,123,NULL,0,0,0,NULL,NULL,NULL,NULL,NULL),
 (738,85,'South Ndebele','nr','nr_ZA',NULL,0,0,124,NULL,0,0,0,NULL,NULL,NULL,NULL,NULL),
 (739,85,'Occitan (after 1500)','oc','oc_FR',NULL,0,0,125,NULL,0,0,0,NULL,NULL,NULL,NULL,NULL),
 (740,85,'Ojibwa','oj','oj_CA',NULL,0,0,126,NULL,0,0,0,NULL,NULL,NULL,NULL,NULL),
 (741,85,'Old Church Slavonic, Church Slavic, Church Slavonic, Old Bulgarian, Old Slavonic','cu','cu_BG',NULL,0,0,127,NULL,0,0,0,NULL,NULL,NULL,NULL,NULL),
 (742,85,'Oromo','om','om_ET',NULL,0,0,128,NULL,0,0,0,NULL,NULL,NULL,NULL,NULL),
 (743,85,'Oriya','or','or_IN',NULL,0,0,129,NULL,0,0,0,NULL,NULL,NULL,NULL,NULL),
 (744,85,'Ossetian, Ossetic','os','os_GE',NULL,0,0,130,NULL,0,0,0,NULL,NULL,NULL,NULL,NULL),
 (745,85,'Panjabi, Punjabi','pa','pa_IN',NULL,0,0,131,NULL,0,0,0,NULL,NULL,NULL,NULL,NULL),
 (746,85,'Pali','pi','pi_KH',NULL,0,0,132,NULL,0,0,0,NULL,NULL,NULL,NULL,NULL),
 (747,85,'Persian (Iran)','fa','fa_IR',NULL,0,0,133,NULL,0,0,1,NULL,NULL,NULL,NULL,NULL),
 (748,85,'Polish','pl','pl_PL',NULL,0,0,134,NULL,0,0,1,NULL,NULL,NULL,NULL,NULL),
 (749,85,'Pashto, Pushto','ps','ps_AF',NULL,0,0,135,NULL,0,0,0,NULL,NULL,NULL,NULL,NULL),
 (750,85,'Portuguese (Brazil)','pt','pt_BR',NULL,0,0,136,NULL,0,0,1,NULL,NULL,NULL,NULL,NULL),
 (751,85,'Portuguese (Portugal)','pt','pt_PT',NULL,0,0,137,NULL,0,0,1,NULL,NULL,NULL,NULL,NULL),
 (752,85,'Quechua','qu','qu_PE',NULL,0,0,138,NULL,0,0,0,NULL,NULL,NULL,NULL,NULL),
 (753,85,'Romansh','rm','rm_CH',NULL,0,0,139,NULL,0,0,0,NULL,NULL,NULL,NULL,NULL),
 (754,85,'Kirundi','rn','rn_BI',NULL,0,0,140,NULL,0,0,0,NULL,NULL,NULL,NULL,NULL),
 (755,85,'Romanian, Moldavian, Moldovan','ro','ro_RO',NULL,0,0,141,NULL,0,0,1,NULL,NULL,NULL,NULL,NULL),
 (756,85,'Russian','ru','ru_RU',NULL,0,0,142,NULL,0,0,1,NULL,NULL,NULL,NULL,NULL),
 (757,85,'Sanskrit','sa','sa_IN',NULL,0,0,143,NULL,0,0,0,NULL,NULL,NULL,NULL,NULL),
 (758,85,'Sardinian','sc','sc_IT',NULL,0,0,144,NULL,0,0,0,NULL,NULL,NULL,NULL,NULL),
 (759,85,'Sindhi','sd','sd_IN',NULL,0,0,145,NULL,0,0,0,NULL,NULL,NULL,NULL,NULL),
 (760,85,'Northern Sami','se','se_NO',NULL,0,0,146,NULL,0,0,0,NULL,NULL,NULL,NULL,NULL),
 (761,85,'Samoan','sm','sm_WS',NULL,0,0,147,NULL,0,0,0,NULL,NULL,NULL,NULL,NULL),
 (762,85,'Sango','sg','sg_CF',NULL,0,0,148,NULL,0,0,0,NULL,NULL,NULL,NULL,NULL),
 (763,85,'Serbian','sr','sr_RS',NULL,0,0,149,NULL,0,0,1,NULL,NULL,NULL,NULL,NULL),
 (764,85,'Scottish Gaelic; Gaelic','gd','gd_GB',NULL,0,0,150,NULL,0,0,0,NULL,NULL,NULL,NULL,NULL),
 (765,85,'Shona','sn','sn_ZW',NULL,0,0,151,NULL,0,0,0,NULL,NULL,NULL,NULL,NULL),
 (766,85,'Sinhala, Sinhalese','si','si_LK',NULL,0,0,152,NULL,0,0,0,NULL,NULL,NULL,NULL,NULL),
 (767,85,'Slovak','sk','sk_SK',NULL,0,0,153,NULL,0,0,1,NULL,NULL,NULL,NULL,NULL),
 (768,85,'Slovene','sl','sl_SI',NULL,0,0,154,NULL,0,0,1,NULL,NULL,NULL,NULL,NULL),
 (769,85,'Somali','so','so_SO',NULL,0,0,155,NULL,0,0,0,NULL,NULL,NULL,NULL,NULL),
 (770,85,'Southern Sotho','st','st_ZA',NULL,0,0,156,NULL,0,0,0,NULL,NULL,NULL,NULL,NULL),
 (771,85,'Spanish; Castilian (Spain)','es','es_ES',NULL,0,0,157,NULL,0,0,1,NULL,NULL,NULL,NULL,NULL),
 (772,85,'Spanish; Castilian (Mexico)','es','es_MX',NULL,0,0,158,NULL,0,0,1,NULL,NULL,NULL,NULL,NULL),
 (773,85,'Spanish; Castilian (Puerto Rico)','es','es_PR',NULL,0,0,159,NULL,0,0,1,NULL,NULL,NULL,NULL,NULL),
 (774,85,'Sundanese','su','su_ID',NULL,0,0,160,NULL,0,0,0,NULL,NULL,NULL,NULL,NULL),
 (775,85,'Swahili','sw','sw_TZ',NULL,0,0,161,NULL,0,0,0,NULL,NULL,NULL,NULL,NULL),
 (776,85,'Swati','ss','ss_ZA',NULL,0,0,162,NULL,0,0,0,NULL,NULL,NULL,NULL,NULL),
 (777,85,'Swedish','sv','sv_SE',NULL,0,0,163,NULL,0,0,1,NULL,NULL,NULL,NULL,NULL),
 (778,85,'Tamil','ta','ta_IN',NULL,0,0,164,NULL,0,0,0,NULL,NULL,NULL,NULL,NULL),
 (779,85,'Telugu','te','te_IN',NULL,0,0,165,NULL,0,0,1,NULL,NULL,NULL,NULL,NULL),
 (780,85,'Tajik','tg','tg_TJ',NULL,0,0,166,NULL,0,0,0,NULL,NULL,NULL,NULL,NULL),
 (781,85,'Thai','th','th_TH',NULL,0,0,167,NULL,0,0,1,NULL,NULL,NULL,NULL,NULL),
 (782,85,'Tigrinya','ti','ti_ET',NULL,0,0,168,NULL,0,0,0,NULL,NULL,NULL,NULL,NULL),
 (783,85,'Tibetan Standard, Tibetan, Central','bo','bo_CN',NULL,0,0,169,NULL,0,0,0,NULL,NULL,NULL,NULL,NULL),
 (784,85,'Turkmen','tk','tk_TM',NULL,0,0,170,NULL,0,0,0,NULL,NULL,NULL,NULL,NULL),
 (785,85,'Tagalog','tl','tl_PH',NULL,0,0,171,NULL,0,0,0,NULL,NULL,NULL,NULL,NULL),
 (786,85,'Tswana','tn','tn_ZA',NULL,0,0,172,NULL,0,0,0,NULL,NULL,NULL,NULL,NULL),
 (787,85,'Tonga (Tonga Islands)','to','to_TO',NULL,0,0,173,NULL,0,0,0,NULL,NULL,NULL,NULL,NULL),
 (788,85,'Turkish','tr','tr_TR',NULL,0,0,174,NULL,0,0,1,NULL,NULL,NULL,NULL,NULL),
 (789,85,'Tsonga','ts','ts_ZA',NULL,0,0,175,NULL,0,0,0,NULL,NULL,NULL,NULL,NULL),
 (790,85,'Tatar','tt','tt_RU',NULL,0,0,176,NULL,0,0,0,NULL,NULL,NULL,NULL,NULL),
 (791,85,'Twi','tw','tw_GH',NULL,0,0,177,NULL,0,0,0,NULL,NULL,NULL,NULL,NULL),
 (792,85,'Tahitian','ty','ty_PF',NULL,0,0,178,NULL,0,0,0,NULL,NULL,NULL,NULL,NULL),
 (793,85,'Uighur, Uyghur','ug','ug_CN',NULL,0,0,179,NULL,0,0,0,NULL,NULL,NULL,NULL,NULL),
 (794,85,'Ukrainian','uk','uk_UA',NULL,0,0,180,NULL,0,0,1,NULL,NULL,NULL,NULL,NULL),
 (795,85,'Urdu','ur','ur_PK',NULL,0,0,181,NULL,0,0,0,NULL,NULL,NULL,NULL,NULL),
 (796,85,'Uzbek','uz','uz_UZ',NULL,0,0,182,NULL,0,0,0,NULL,NULL,NULL,NULL,NULL),
 (797,85,'Venda','ve','ve_ZA',NULL,0,0,183,NULL,0,0,0,NULL,NULL,NULL,NULL,NULL),
 (798,85,'Vietnamese','vi','vi_VN',NULL,0,0,184,NULL,0,0,1,NULL,NULL,NULL,NULL,NULL),
 (799,85,'Volapk','vo','vo_XX',NULL,0,0,185,NULL,0,0,0,NULL,NULL,NULL,NULL,NULL),
 (800,85,'Walloon','wa','wa_BE',NULL,0,0,186,NULL,0,0,0,NULL,NULL,NULL,NULL,NULL),
 (801,85,'Welsh','cy','cy_GB',NULL,0,0,187,NULL,0,0,0,NULL,NULL,NULL,NULL,NULL),
 (802,85,'Wolof','wo','wo_SN',NULL,0,0,188,NULL,0,0,0,NULL,NULL,NULL,NULL,NULL),
 (803,85,'Western Frisian','fy','fy_NL',NULL,0,0,189,NULL,0,0,0,NULL,NULL,NULL,NULL,NULL),
 (804,85,'Xhosa','xh','xh_ZA',NULL,0,0,190,NULL,0,0,0,NULL,NULL,NULL,NULL,NULL),
 (805,85,'Yiddish','yi','yi_US',NULL,0,0,191,NULL,0,0,0,NULL,NULL,NULL,NULL,NULL),
 (806,85,'Yoruba','yo','yo_NG',NULL,0,0,192,NULL,0,0,0,NULL,NULL,NULL,NULL,NULL),
 (807,85,'Zhuang, Chuang','za','za_CN',NULL,0,0,193,NULL,0,0,0,NULL,NULL,NULL,NULL,NULL),
 (808,85,'Zulu','zu','zu_ZA',NULL,0,0,194,NULL,0,0,0,NULL,NULL,NULL,NULL,NULL),
 (809,86,'In Person','1','in_person',NULL,0,0,1,NULL,0,1,1,NULL,NULL,NULL,NULL,NULL),
 (810,86,'Phone','2','phone',NULL,0,1,2,NULL,0,1,1,NULL,NULL,NULL,NULL,NULL),
 (811,86,'Email','3','email',NULL,0,0,3,NULL,0,1,1,NULL,NULL,NULL,NULL,NULL),
 (812,86,'Fax','4','fax',NULL,0,0,4,NULL,0,1,1,NULL,NULL,NULL,NULL,NULL),
 (813,86,'Letter Mail','5','letter_mail',NULL,0,0,5,NULL,0,1,1,NULL,NULL,NULL,NULL,NULL),
 (814,87,'Cases - Send Copy of an Activity','1','case_activity',NULL,0,0,1,NULL,0,0,1,NULL,NULL,NULL,NULL,NULL),
 (815,88,'Contributions - Duplicate Organization Alert','1','contribution_dupalert',NULL,0,0,1,NULL,0,0,1,NULL,NULL,NULL,NULL,NULL),
 (816,88,'Contributions - Receipt (off-line)','2','contribution_offline_receipt',NULL,0,0,2,NULL,0,0,1,NULL,NULL,NULL,NULL,NULL),
 (817,88,'Contributions - Receipt (on-line)','3','contribution_online_receipt',NULL,0,0,3,NULL,0,0,1,NULL,NULL,NULL,NULL,NULL),
 (818,88,'Contributions - Invoice','4','contribution_invoice_receipt',NULL,0,0,4,NULL,0,0,1,NULL,NULL,NULL,NULL,NULL),
 (819,88,'Contributions - Recurring Start and End Notification','5','contribution_recurring_notify',NULL,0,0,5,NULL,0,0,1,NULL,NULL,NULL,NULL,NULL),
 (820,88,'Contributions - Recurring Cancellation Notification','6','contribution_recurring_cancelled',NULL,0,0,6,NULL,0,0,1,NULL,NULL,NULL,NULL,NULL),
 (821,88,'Contributions - Recurring Billing Updates','7','contribution_recurring_billing',NULL,0,0,7,NULL,0,0,1,NULL,NULL,NULL,NULL,NULL),
 (822,88,'Contributions - Recurring Updates','8','contribution_recurring_edit',NULL,0,0,8,NULL,0,0,1,NULL,NULL,NULL,NULL,NULL),
 (823,88,'Personal Campaign Pages - Admin Notification','9','pcp_notify',NULL,0,0,9,NULL,0,0,1,NULL,NULL,NULL,NULL,NULL),
 (824,88,'Personal Campaign Pages - Supporter Status Change Notification','10','pcp_status_change',NULL,0,0,10,NULL,0,0,1,NULL,NULL,NULL,NULL,NULL),
 (825,88,'Personal Campaign Pages - Supporter Welcome','11','pcp_supporter_notify',NULL,0,0,11,NULL,0,0,1,NULL,NULL,NULL,NULL,NULL),
 (826,88,'Personal Campaign Pages - Owner Notification','12','pcp_owner_notify',NULL,0,0,12,NULL,0,0,1,NULL,NULL,NULL,NULL,NULL),
 (827,88,'Additional Payment Receipt or Refund Notification','13','payment_or_refund_notification',NULL,0,0,13,NULL,0,0,1,NULL,NULL,NULL,NULL,NULL),
 (828,89,'Events - Registration Confirmation and Receipt (off-line)','1','event_offline_receipt',NULL,0,0,1,NULL,0,0,1,NULL,NULL,NULL,NULL,NULL),
 (829,89,'Events - Registration Confirmation and Receipt (on-line)','2','event_online_receipt',NULL,0,0,2,NULL,0,0,1,NULL,NULL,NULL,NULL,NULL),
 (830,89,'Events - Registration Cancellation Notice','4','participant_cancelled',NULL,0,0,4,NULL,0,0,1,NULL,NULL,NULL,NULL,NULL),
 (831,89,'Events - Registration Confirmation Invite','5','participant_confirm',NULL,0,0,5,NULL,0,0,1,NULL,NULL,NULL,NULL,NULL),
 (832,89,'Events - Pending Registration Expiration Notice','6','participant_expired',NULL,0,0,6,NULL,0,0,1,NULL,NULL,NULL,NULL,NULL),
 (833,89,'Events - Registration Transferred Notice','7','participant_transferred',NULL,0,0,7,NULL,0,0,1,NULL,NULL,NULL,NULL,NULL),
 (834,90,'Tell-a-Friend Email','1','friend',NULL,0,0,1,NULL,0,0,1,NULL,NULL,NULL,NULL,NULL),
 (835,91,'Memberships - Signup and Renewal Receipts (off-line)','1','membership_offline_receipt',NULL,0,0,1,NULL,0,0,1,NULL,NULL,NULL,NULL,NULL),
 (836,91,'Memberships - Receipt (on-line)','2','membership_online_receipt',NULL,0,0,2,NULL,0,0,1,NULL,NULL,NULL,NULL,NULL),
 (837,91,'Memberships - Auto-renew Cancellation Notification','3','membership_autorenew_cancelled',NULL,0,0,3,NULL,0,0,1,NULL,NULL,NULL,NULL,NULL),
 (838,91,'Memberships - Auto-renew Billing Updates','4','membership_autorenew_billing',NULL,0,0,4,NULL,0,0,1,NULL,NULL,NULL,NULL,NULL),
 (839,92,'Test-drive - Receipt Header','1','test_preview',NULL,0,0,1,NULL,0,0,1,NULL,NULL,NULL,NULL,NULL),
 (840,93,'Pledges - Acknowledgement','1','pledge_acknowledge',NULL,0,0,1,NULL,0,0,1,NULL,NULL,NULL,NULL,NULL),
 (841,93,'Pledges - Payment Reminder','2','pledge_reminder',NULL,0,0,2,NULL,0,0,1,NULL,NULL,NULL,NULL,NULL),
 (842,94,'Profiles - Admin Notification','1','uf_notify',NULL,0,0,1,NULL,0,0,1,NULL,NULL,NULL,NULL,NULL),
 (843,95,'Petition - signature added','1','petition_sign',NULL,0,0,1,NULL,0,0,1,NULL,NULL,NULL,NULL,NULL),
 (844,95,'Petition - need verification','2','petition_confirmation_needed',NULL,0,0,2,NULL,0,0,1,NULL,NULL,NULL,NULL,NULL),
 (845,96,'In Honor of','1','in_honor_of',NULL,0,0,1,NULL,0,1,1,NULL,NULL,NULL,NULL,NULL),
 (846,96,'In Memory of','2','in_memory_of',NULL,0,0,2,NULL,0,1,1,NULL,NULL,NULL,NULL,NULL),
 (847,96,'Solicited','3','solicited',NULL,0,1,3,NULL,0,1,1,NULL,NULL,NULL,NULL,NULL),
 (848,96,'Household','4','household',NULL,0,0,4,NULL,0,0,1,NULL,NULL,NULL,NULL,NULL),
 (849,96,'Workplace Giving','5','workplace',NULL,0,0,5,NULL,0,0,1,NULL,NULL,NULL,NULL,NULL),
 (850,96,'Foundation Affiliate','6','foundation_affiliate',NULL,0,0,6,NULL,0,0,1,NULL,NULL,NULL,NULL,NULL),
 (851,96,'3rd-party Service','7','3rd-party_service',NULL,0,0,7,NULL,0,0,1,NULL,NULL,NULL,NULL,NULL),
 (852,96,'Donor-advised Fund','8','donor-advised_fund',NULL,0,0,8,NULL,0,0,1,NULL,NULL,NULL,NULL,NULL),
 (853,96,'Matched Gift','9','matched_gift',NULL,0,0,9,NULL,0,0,1,NULL,NULL,NULL,NULL,NULL),
 (854,96,'Personal Campaign Page','10','pcp',NULL,0,0,10,NULL,0,1,1,NULL,NULL,NULL,NULL,NULL),
 (855,96,'Gift','11','gift',NULL,0,0,11,NULL,0,1,1,NULL,NULL,NULL,NULL,NULL),
 (856,97,'Contacts','Contact','Contact',NULL,NULL,0,1,'',0,1,1,NULL,NULL,NULL,NULL,NULL),
 (857,97,'Relationships','Relationship','Relationship',NULL,NULL,0,1,'',0,1,1,NULL,NULL,NULL,NULL,NULL),
 (858,97,'Activities','Activity','Activity',NULL,NULL,0,1,'',0,1,1,NULL,NULL,NULL,NULL,NULL),
 (859,97,'Notes','Note','Note',NULL,NULL,0,1,'',0,1,1,NULL,NULL,NULL,NULL,NULL),
 (860,97,'Groups','Group','Group',NULL,NULL,0,1,'',0,1,1,NULL,NULL,NULL,NULL,NULL),
 (861,97,'Cases','Case','Case',NULL,NULL,0,1,'',0,1,1,NULL,NULL,NULL,NULL,NULL),
 (862,97,'Contributions','Contribution','Contribution',NULL,NULL,0,1,'',0,1,1,NULL,NULL,NULL,NULL,NULL),
 (863,97,'Participants','Participant','Participant',NULL,NULL,0,1,'',0,1,1,NULL,NULL,NULL,NULL,NULL),
 (864,97,'Memberships','Membership','Membership',NULL,NULL,0,1,'',0,1,1,NULL,NULL,NULL,NULL,NULL),
 (865,97,'Pledges','Pledge','Pledge',NULL,NULL,0,1,'',0,1,1,NULL,NULL,NULL,NULL,NULL),
 (866,97,'Events','Event','Event',NULL,NULL,0,1,'',0,1,1,NULL,NULL,NULL,NULL,NULL),
 (867,97,'Campaigns','Campaign','Campaign',NULL,NULL,0,1,'',0,1,1,NULL,NULL,NULL,NULL,NULL),
 (868,2,'Interview','56','Interview',NULL,0,NULL,56,'Conduct a phone or in person interview.',0,0,1,NULL,NULL,NULL,'fa-comment-o',NULL),
 (869,8,'Advisory Board','3','Advisory Board',NULL,0,0,4,NULL,0,0,1,NULL,NULL,NULL,NULL,NULL);
/*!40000 ALTER TABLE `civicrm_option_value` ENABLE KEYS */;
UNLOCK TABLES;

--
-- Dumping data for table `civicrm_participant`
--

LOCK TABLES `civicrm_participant` WRITE;
/*!40000 ALTER TABLE `civicrm_participant` DISABLE KEYS */;
INSERT INTO `civicrm_participant` (`id`, `contact_id`, `event_id`, `status_id`, `role_id`, `register_date`, `source`, `fee_level`, `is_test`, `is_pay_later`, `fee_amount`, `registered_by_id`, `discount_id`, `fee_currency`, `campaign_id`, `discount_amount`, `cart_id`, `must_wait`, `transferred_to_contact_id`, `created_id`) VALUES
 (1,119,1,1,'1','2009-01-21 00:00:00','Check','Single',0,0,50.00,NULL,NULL,'USD',NULL,NULL,NULL,NULL,NULL,NULL),
 (2,153,2,2,'2','2008-05-07 00:00:00','Credit Card','Soprano',0,0,50.00,NULL,NULL,'USD',NULL,NULL,NULL,NULL,NULL,NULL),
 (3,48,3,3,'3','2008-05-05 00:00:00','Credit Card','Tiny-tots (ages 5-8)',0,0,800.00,NULL,NULL,'USD',NULL,NULL,NULL,NULL,NULL,NULL),
 (4,36,1,4,'4','2008-10-21 00:00:00','Direct Transfer','Single',0,0,50.00,NULL,NULL,'USD',NULL,NULL,NULL,NULL,NULL,NULL),
 (5,27,2,1,'1','2008-01-10 00:00:00','Check','Soprano',0,0,50.00,NULL,NULL,'USD',NULL,NULL,NULL,NULL,NULL,NULL),
 (6,28,3,2,'2','2008-03-05 00:00:00','Direct Transfer','Tiny-tots (ages 5-8)',0,0,800.00,NULL,NULL,'USD',NULL,NULL,NULL,NULL,NULL,NULL),
 (7,186,1,3,'3','2009-07-21 00:00:00','Direct Transfer','Single',0,0,50.00,NULL,NULL,'USD',NULL,NULL,NULL,NULL,NULL,NULL),
 (8,14,2,4,'4','2009-03-07 00:00:00','Credit Card','Soprano',0,0,50.00,NULL,NULL,'USD',NULL,NULL,NULL,NULL,NULL,NULL),
 (9,33,3,1,'1','2008-02-05 00:00:00','Direct Transfer','Tiny-tots (ages 5-8)',0,0,800.00,NULL,NULL,'USD',NULL,NULL,NULL,NULL,NULL,NULL),
 (10,52,1,2,'2','2008-02-01 00:00:00','Check','Single',0,0,50.00,NULL,NULL,'USD',NULL,NULL,NULL,NULL,NULL,NULL),
 (11,81,2,3,'3','2009-01-10 00:00:00','Direct Transfer','Soprano',0,0,50.00,NULL,NULL,'USD',NULL,NULL,NULL,NULL,NULL,NULL),
 (12,149,3,4,'4','2009-03-06 00:00:00','Credit Card','Tiny-tots (ages 5-8)',0,0,800.00,NULL,NULL,'USD',NULL,NULL,NULL,NULL,NULL,NULL),
 (13,51,1,1,'2','2008-06-04 00:00:00','Credit Card','Single',0,0,50.00,NULL,NULL,'USD',NULL,NULL,NULL,NULL,NULL,NULL),
 (14,155,2,2,'3','2008-01-10 00:00:00','Direct Transfer','Soprano',0,0,50.00,NULL,NULL,'USD',NULL,NULL,NULL,NULL,NULL,NULL),
 (15,43,3,4,'1','2008-07-04 00:00:00','Check','Tiny-tots (ages 5-8)',0,0,800.00,NULL,NULL,'USD',NULL,NULL,NULL,NULL,NULL,NULL),
 (16,162,1,4,'2','2009-01-21 00:00:00','Credit Card','Single',0,0,50.00,NULL,NULL,'USD',NULL,NULL,NULL,NULL,NULL,NULL),
 (17,17,2,2,'3','2008-01-10 00:00:00','Credit Card','Soprano',0,0,50.00,NULL,NULL,'USD',NULL,NULL,NULL,NULL,NULL,NULL),
 (18,102,3,3,'1','2009-03-05 00:00:00','Credit Card','Tiny-tots (ages 5-8)',0,0,800.00,NULL,NULL,'USD',NULL,NULL,NULL,NULL,NULL,NULL),
 (19,175,1,2,'1','2008-10-21 00:00:00','Direct Transfer','Single',0,0,50.00,NULL,NULL,'USD',NULL,NULL,NULL,NULL,NULL,NULL),
 (20,127,2,4,'1','2009-01-10 00:00:00','Credit Card','Soprano',0,0,50.00,NULL,NULL,'USD',NULL,NULL,NULL,NULL,NULL,NULL),
 (21,19,3,1,'4','2008-03-25 00:00:00','Check','Tiny-tots (ages 5-8)',0,0,800.00,NULL,NULL,'USD',NULL,NULL,NULL,NULL,NULL,NULL),
 (22,151,1,2,'3','2009-10-21 00:00:00','Direct Transfer','Single',0,0,50.00,NULL,NULL,'USD',NULL,NULL,NULL,NULL,NULL,NULL),
 (23,174,2,4,'1','2008-01-10 00:00:00','Direct Transfer','Soprano',0,0,50.00,NULL,NULL,'USD',NULL,NULL,NULL,NULL,NULL,NULL),
 (24,6,3,3,'1','2008-03-11 00:00:00','Credit Card','Tiny-tots (ages 5-8)',0,0,800.00,NULL,NULL,'USD',NULL,NULL,NULL,NULL,NULL,NULL),
 (25,111,3,2,'2','2008-04-05 00:00:00','Direct Transfer','Tiny-tots (ages 5-8)',0,0,800.00,NULL,NULL,'USD',NULL,NULL,NULL,NULL,NULL,NULL),
 (26,147,1,1,'1','2009-01-21 00:00:00','Check','Single',0,0,50.00,NULL,NULL,'USD',NULL,NULL,NULL,NULL,NULL,NULL),
 (27,128,2,2,'2','2008-05-07 00:00:00','Credit Card','Soprano',0,0,50.00,NULL,NULL,'USD',NULL,NULL,NULL,NULL,NULL,NULL),
 (28,113,3,3,'3','2009-12-12 00:00:00','Direct Transfer','Tiny-tots (ages 5-8)',0,0,800.00,NULL,NULL,'USD',NULL,NULL,NULL,NULL,NULL,NULL),
 (29,142,1,4,'4','2009-12-13 00:00:00','Credit Card','Single',0,0,50.00,NULL,NULL,'USD',NULL,NULL,NULL,NULL,NULL,NULL),
 (30,114,2,1,'1','2009-12-14 00:00:00','Direct Transfer','Soprano',0,0,50.00,NULL,NULL,'USD',NULL,NULL,NULL,NULL,NULL,NULL),
 (31,67,3,2,'2','2009-12-15 00:00:00','Credit Card','Tiny-tots (ages 5-8)',0,0,800.00,NULL,NULL,'USD',NULL,NULL,NULL,NULL,NULL,NULL),
 (32,2,1,3,'3','2009-07-21 00:00:00','Check','Single',0,0,50.00,NULL,NULL,'USD',NULL,NULL,NULL,NULL,NULL,NULL),
 (33,50,2,4,'4','2009-03-07 00:00:00','Direct Transfer','Soprano',0,0,50.00,NULL,NULL,'USD',NULL,NULL,NULL,NULL,NULL,NULL),
 (34,34,3,1,'1','2009-12-15 00:00:00','Credit Card','Tiny-tots (ages 5-8)',0,0,800.00,NULL,NULL,'USD',NULL,NULL,NULL,NULL,NULL,NULL),
 (35,71,1,2,'2','2009-12-13 00:00:00','Direct Transfer','Single',0,0,50.00,NULL,NULL,'USD',NULL,NULL,NULL,NULL,NULL,NULL),
 (36,192,2,3,'3','2009-01-10 00:00:00','Direct Transfer','Soprano',0,0,50.00,NULL,NULL,'USD',NULL,NULL,NULL,NULL,NULL,NULL),
 (37,16,3,4,'4','2009-03-06 00:00:00','Check','Tiny-tots (ages 5-8)',0,0,800.00,NULL,NULL,'USD',NULL,NULL,NULL,NULL,NULL,NULL),
 (38,90,1,1,'2','2009-12-13 00:00:00','Direct Transfer','Single',0,0,50.00,NULL,NULL,'USD',NULL,NULL,NULL,NULL,NULL,NULL),
 (39,152,2,2,'3','2008-01-10 00:00:00','Direct Transfer','Soprano',0,0,50.00,NULL,NULL,'USD',NULL,NULL,NULL,NULL,NULL,NULL),
 (40,146,3,4,'1','2009-12-14 00:00:00','Credit Card','Tiny-tots (ages 5-8)',0,0,800.00,NULL,NULL,'USD',NULL,NULL,NULL,NULL,NULL,NULL),
 (41,98,1,4,'2','2009-01-21 00:00:00','Credit Card','Single',0,0,50.00,NULL,NULL,'USD',NULL,NULL,NULL,NULL,NULL,NULL),
 (42,74,2,2,'3','2009-12-15 00:00:00','Credit Card','Soprano',0,0,50.00,NULL,NULL,'USD',NULL,NULL,NULL,NULL,NULL,NULL),
 (43,195,3,3,'1','2009-03-05 00:00:00','Credit Card','Tiny-tots (ages 5-8)',0,0,800.00,NULL,NULL,'USD',NULL,NULL,NULL,NULL,NULL,NULL),
 (44,120,1,2,'1','2009-12-13 00:00:00','Direct Transfer','Single',0,0,50.00,NULL,NULL,'USD',NULL,NULL,NULL,NULL,NULL,NULL),
 (45,10,2,4,'1','2009-01-10 00:00:00','Direct Transfer','Soprano',0,0,50.00,NULL,NULL,'USD',NULL,NULL,NULL,NULL,NULL,NULL),
 (46,161,3,1,'4','2009-12-13 00:00:00','Check','Tiny-tots (ages 5-8)',0,0,800.00,NULL,NULL,'USD',NULL,NULL,NULL,NULL,NULL,NULL),
 (47,171,1,2,'3','2009-10-21 00:00:00','Credit Card','Single',0,0,50.00,NULL,NULL,'USD',NULL,NULL,NULL,NULL,NULL,NULL),
 (48,122,2,4,'1','2009-12-10 00:00:00','Credit Card','Soprano',0,0,50.00,NULL,NULL,'USD',NULL,NULL,NULL,NULL,NULL,NULL),
 (49,160,3,3,'1','2009-03-11 00:00:00','Credit Card','Tiny-tots (ages 5-8)',0,0,800.00,NULL,NULL,'USD',NULL,NULL,NULL,NULL,NULL,NULL),
 (50,76,3,2,'2','2009-04-05 00:00:00','Check','Tiny-tots (ages 5-8)',0,0,800.00,NULL,NULL,'USD',NULL,NULL,NULL,NULL,NULL,NULL);
/*!40000 ALTER TABLE `civicrm_participant` ENABLE KEYS */;
UNLOCK TABLES;

--
-- Dumping data for table `civicrm_participant_payment`
--

LOCK TABLES `civicrm_participant_payment` WRITE;
/*!40000 ALTER TABLE `civicrm_participant_payment` DISABLE KEYS */;
INSERT INTO `civicrm_participant_payment` (`id`, `participant_id`, `contribution_id`) VALUES
 (1,32,63),
 (2,24,64),
 (3,45,65),
 (4,8,66),
 (5,37,67),
 (6,17,68),
 (7,21,69),
 (8,5,70),
 (9,6,71),
 (10,9,72),
 (11,34,73),
 (12,4,74),
 (13,15,75),
 (14,3,76),
 (15,33,77),
 (16,13,78),
 (17,10,79),
 (18,31,80),
 (19,35,81),
 (20,42,82),
 (21,50,83),
 (22,11,84),
 (23,38,85),
 (24,41,86),
 (25,18,87),
 (26,25,88),
 (27,28,89),
 (28,30,90),
 (29,1,91),
 (30,44,92),
 (31,48,93),
 (32,20,94),
 (33,27,95),
 (34,29,96),
 (35,40,97),
 (36,26,98),
 (37,12,99),
 (38,22,100),
 (39,39,101),
 (40,2,102),
 (41,14,103),
 (42,49,104),
 (43,46,105),
 (44,16,106),
 (45,47,107),
 (46,23,108),
 (47,19,109),
 (48,7,110),
 (49,36,111),
 (50,43,112);
/*!40000 ALTER TABLE `civicrm_participant_payment` ENABLE KEYS */;
UNLOCK TABLES;

--
-- Dumping data for table `civicrm_participant_status_type`
--

LOCK TABLES `civicrm_participant_status_type` WRITE;
/*!40000 ALTER TABLE `civicrm_participant_status_type` DISABLE KEYS */;
INSERT INTO `civicrm_participant_status_type` (`id`, `name`, `label`, `class`, `is_reserved`, `is_active`, `is_counted`, `weight`, `visibility_id`) VALUES
 (1,'Registered','Registered','Positive',1,1,1,1,1),
 (2,'Attended','Attended','Positive',0,1,1,2,2),
 (3,'No-show','No-show','Negative',0,1,0,3,2),
 (4,'Cancelled','Cancelled','Negative',1,1,0,4,2),
 (5,'Pending from pay later','Pending (pay later)','Pending',1,1,1,5,2),
 (6,'Pending from incomplete transaction','Pending (incomplete transaction)','Pending',1,1,0,6,2),
 (7,'On waitlist','On waitlist','Waiting',1,0,0,7,2),
 (8,'Awaiting approval','Awaiting approval','Waiting',1,0,1,8,2),
 (9,'Pending from waitlist','Pending from waitlist','Pending',1,0,1,9,2),
 (10,'Pending from approval','Pending from approval','Pending',1,0,1,10,2),
 (11,'Rejected','Rejected','Negative',1,0,0,11,2),
 (12,'Expired','Expired','Negative',1,1,0,12,2),
 (13,'Pending in cart','Pending in cart','Pending',1,1,0,13,2),
 (14,'Partially paid','Partially paid','Positive',1,1,1,14,2),
 (15,'Pending refund','Pending refund','Positive',1,1,1,15,2),
 (16,'Transferred','Transferred','Negative',1,1,0,16,2);
/*!40000 ALTER TABLE `civicrm_participant_status_type` ENABLE KEYS */;
UNLOCK TABLES;

--
-- Dumping data for table `civicrm_payment_processor`
--

LOCK TABLES `civicrm_payment_processor` WRITE;
/*!40000 ALTER TABLE `civicrm_payment_processor` DISABLE KEYS */;
/*!40000 ALTER TABLE `civicrm_payment_processor` ENABLE KEYS */;
UNLOCK TABLES;

--
-- Dumping data for table `civicrm_payment_processor_type`
--

LOCK TABLES `civicrm_payment_processor_type` WRITE;
/*!40000 ALTER TABLE `civicrm_payment_processor_type` DISABLE KEYS */;
INSERT INTO `civicrm_payment_processor_type` (`id`, `name`, `title`, `description`, `is_active`, `is_default`, `user_name_label`, `password_label`, `signature_label`, `subject_label`, `class_name`, `url_site_default`, `url_api_default`, `url_recur_default`, `url_button_default`, `url_site_test_default`, `url_api_test_default`, `url_recur_test_default`, `url_button_test_default`, `billing_mode`, `is_recur`, `payment_type`, `payment_instrument_id`) VALUES
 (1,'PayPal_Standard','PayPal - Website Payments Standard',NULL,1,0,'Merchant Account Email',NULL,NULL,NULL,'Payment_PayPalImpl','https://www.paypal.com/',NULL,'https://www.paypal.com/',NULL,'https://www.sandbox.paypal.com/',NULL,'https://www.sandbox.paypal.com/',NULL,4,1,1,1),
 (2,'PayPal','PayPal - Website Payments Pro',NULL,1,0,'User Name','Password','Signature',NULL,'Payment_PayPalImpl','https://www.paypal.com/','https://api-3t.paypal.com/','https://www.paypal.com/','https://www.paypal.com/en_US/i/btn/btn_xpressCheckout.gif','https://www.sandbox.paypal.com/','https://api-3t.sandbox.paypal.com/','https://www.sandbox.paypal.com/','https://www.paypal.com/en_US/i/btn/btn_xpressCheckout.gif',3,1,1,1),
 (3,'PayPal_Express','PayPal - Express',NULL,1,0,'User Name','Password','Signature',NULL,'Payment_PayPalImpl','https://www.paypal.com/','https://api-3t.paypal.com/',NULL,'https://www.paypal.com/en_US/i/btn/btn_xpressCheckout.gif','https://www.sandbox.paypal.com/','https://api-3t.sandbox.paypal.com/',NULL,'https://www.paypal.com/en_US/i/btn/btn_xpressCheckout.gif',2,1,1,1),
 (4,'AuthNet','Authorize.Net',NULL,1,0,'API Login','Payment Key','MD5 Hash',NULL,'Payment_AuthorizeNet','https://secure2.authorize.net/gateway/transact.dll',NULL,'https://api2.authorize.net/xml/v1/request.api',NULL,'https://test.authorize.net/gateway/transact.dll',NULL,'https://apitest.authorize.net/xml/v1/request.api',NULL,1,1,1,1),
 (5,'PayJunction','PayJunction',NULL,0,0,'User Name','Password',NULL,NULL,'Payment_PayJunction','https://payjunction.com/quick_link',NULL,NULL,NULL,'https://www.payjunctionlabs.com/quick_link',NULL,NULL,NULL,1,1,1,1),
 (6,'Dummy','Dummy Payment Processor',NULL,1,1,'User Name',NULL,NULL,NULL,'Payment_Dummy',NULL,NULL,NULL,NULL,NULL,NULL,NULL,NULL,1,1,1,1),
 (7,'Realex','Realex Payment',NULL,0,0,'Merchant ID','Password',NULL,'Account','Payment_Realex','https://epage.payandshop.com/epage.cgi',NULL,NULL,NULL,'https://epage.payandshop.com/epage-remote.cgi',NULL,NULL,NULL,1,0,1,1),
 (8,'FirstData','FirstData (aka linkpoint)','FirstData (aka linkpoint)',0,0,'Store name','certificate path',NULL,NULL,'Payment_FirstData','https://secure.linkpt.net',NULL,NULL,NULL,'https://staging.linkpt.net',NULL,NULL,NULL,1,0,1,1);
/*!40000 ALTER TABLE `civicrm_payment_processor_type` ENABLE KEYS */;
UNLOCK TABLES;

--
-- Dumping data for table `civicrm_payment_token`
--

LOCK TABLES `civicrm_payment_token` WRITE;
/*!40000 ALTER TABLE `civicrm_payment_token` DISABLE KEYS */;
/*!40000 ALTER TABLE `civicrm_payment_token` ENABLE KEYS */;
UNLOCK TABLES;

--
-- Dumping data for table `civicrm_pcp`
--

LOCK TABLES `civicrm_pcp` WRITE;
/*!40000 ALTER TABLE `civicrm_pcp` DISABLE KEYS */;
INSERT INTO `civicrm_pcp` (`id`, `contact_id`, `status_id`, `title`, `intro_text`, `page_text`, `donate_link_text`, `page_id`, `page_type`, `pcp_block_id`, `is_thermometer`, `is_honor_roll`, `goal_amount`, `currency`, `is_active`, `is_notify`) VALUES
 (1,200,2,'My Personal Civi Fundraiser','I\'m on a mission to get all my friends and family to help support my favorite open-source civic sector CRM.','<p>Friends and family - please help build much needed infrastructure for the civic sector by supporting my personal campaign!</p>\r\n<p><a href=\"https://civicrm.org\">You can learn more about CiviCRM here</a>.</p>\r\n<p>Then click the <strong>Contribute Now</strong> button to go to our easy-to-use online contribution form.</p>','Contribute Now',1,'contribute',1,1,1,5000.00,'USD',1,1);
/*!40000 ALTER TABLE `civicrm_pcp` ENABLE KEYS */;
UNLOCK TABLES;

--
-- Dumping data for table `civicrm_pcp_block`
--

LOCK TABLES `civicrm_pcp_block` WRITE;
/*!40000 ALTER TABLE `civicrm_pcp_block` DISABLE KEYS */;
INSERT INTO `civicrm_pcp_block` (`id`, `entity_table`, `entity_id`, `target_entity_type`, `target_entity_id`, `supporter_profile_id`, `owner_notify_id`, `is_approval_needed`, `is_tellfriend_enabled`, `tellfriend_limit`, `link_text`, `is_active`, `notify_email`) VALUES
 (1,'civicrm_contribution_page',1,'contribute',1,2,1,1,1,5,'Create your own Personal Campaign Page!',1,NULL);
/*!40000 ALTER TABLE `civicrm_pcp_block` ENABLE KEYS */;
UNLOCK TABLES;

--
-- Dumping data for table `civicrm_phone`
--

LOCK TABLES `civicrm_phone` WRITE;
/*!40000 ALTER TABLE `civicrm_phone` DISABLE KEYS */;
INSERT INTO `civicrm_phone` (`id`, `contact_id`, `location_type_id`, `is_primary`, `is_billing`, `mobile_provider_id`, `phone`, `phone_ext`, `phone_numeric`, `phone_type_id`) VALUES
 (1,171,1,1,0,NULL,'(685) 350-9807',NULL,'6853509807',1),
 (2,33,1,1,0,NULL,'(462) 452-7722',NULL,'4624527722',1),
 (3,13,1,1,0,NULL,'497-5360',NULL,'4975360',1),
 (4,132,1,1,0,NULL,'210-6333',NULL,'2106333',2),
 (5,132,1,0,0,NULL,'809-7442',NULL,'8097442',2),
 (6,18,1,1,0,NULL,'609-6988',NULL,'6096988',1),
 (7,18,1,0,0,NULL,'(323) 810-3647',NULL,'3238103647',1),
 (8,181,1,1,0,NULL,'(388) 584-1779',NULL,'3885841779',1),
 (9,104,1,1,0,NULL,'(477) 688-2156',NULL,'4776882156',1),
 (10,104,1,0,0,NULL,'(405) 491-7713',NULL,'4054917713',2),
 (11,53,1,1,0,NULL,'765-5344',NULL,'7655344',1),
 (12,53,1,0,0,NULL,'(378) 546-2014',NULL,'3785462014',1),
 (13,174,1,1,0,NULL,'(445) 546-8834',NULL,'4455468834',2),
 (14,174,1,0,0,NULL,'261-7171',NULL,'2617171',1),
 (15,27,1,1,0,NULL,'298-7087',NULL,'2987087',2),
 (16,193,1,1,0,NULL,'751-4418',NULL,'7514418',2),
 (17,193,1,0,0,NULL,'(819) 759-6667',NULL,'8197596667',2),
 (18,100,1,1,0,NULL,'(762) 610-8124',NULL,'7626108124',2),
 (19,100,1,0,0,NULL,'(335) 730-2899',NULL,'3357302899',2),
 (20,102,1,1,0,NULL,'(811) 351-4618',NULL,'8113514618',1),
 (21,102,1,0,0,NULL,'364-6643',NULL,'3646643',1),
 (22,141,1,1,0,NULL,'(328) 658-8492',NULL,'3286588492',2),
 (23,83,1,1,0,NULL,'(358) 286-7243',NULL,'3582867243',2),
 (24,83,1,0,0,NULL,'(375) 415-6794',NULL,'3754156794',2),
 (25,162,1,1,0,NULL,'228-4986',NULL,'2284986',1),
 (26,196,1,1,0,NULL,'811-7706',NULL,'8117706',2),
 (27,92,1,1,0,NULL,'(424) 624-3617',NULL,'4246243617',1),
 (28,92,1,0,0,NULL,'(342) 416-2348',NULL,'3424162348',2),
 (29,12,1,1,0,NULL,'(766) 791-6401',NULL,'7667916401',2),
 (30,12,1,0,0,NULL,'(500) 847-3512',NULL,'5008473512',1),
 (31,40,1,1,0,NULL,'(466) 279-2636',NULL,'4662792636',2),
 (32,85,1,1,0,NULL,'(291) 811-1766',NULL,'2918111766',2),
 (33,81,1,1,0,NULL,'311-4687',NULL,'3114687',1),
 (34,124,1,1,0,NULL,'(628) 742-5197',NULL,'6287425197',1),
 (35,194,1,1,0,NULL,'(468) 690-2634',NULL,'4686902634',2),
 (36,194,1,0,0,NULL,'536-8061',NULL,'5368061',2),
 (37,32,1,1,0,NULL,'(750) 337-3495',NULL,'7503373495',1),
 (38,75,1,1,0,NULL,'230-6244',NULL,'2306244',2),
 (39,75,1,0,0,NULL,'898-4439',NULL,'8984439',1),
 (40,11,1,1,0,NULL,'458-3196',NULL,'4583196',1),
 (41,11,1,0,0,NULL,'(505) 827-5648',NULL,'5058275648',2),
 (42,177,1,1,0,NULL,'(386) 396-2286',NULL,'3863962286',1),
 (43,50,1,1,0,NULL,'873-1718',NULL,'8731718',1),
 (44,14,1,1,0,NULL,'234-8127',NULL,'2348127',1),
 (45,140,1,1,0,NULL,'(337) 578-1248',NULL,'3375781248',2),
 (46,70,1,1,0,NULL,'(608) 308-3184',NULL,'6083083184',1),
 (47,97,1,1,0,NULL,'247-6079',NULL,'2476079',2),
 (48,97,1,0,0,NULL,'379-6182',NULL,'3796182',1),
 (49,186,1,1,0,NULL,'(244) 886-6777',NULL,'2448866777',1),
 (50,186,1,0,0,NULL,'(344) 834-8530',NULL,'3448348530',1),
 (51,95,1,1,0,NULL,'420-8235',NULL,'4208235',1),
 (52,161,1,1,0,NULL,'(750) 898-8985',NULL,'7508988985',2),
 (53,161,1,0,0,NULL,'(699) 528-3293',NULL,'6995283293',1),
 (54,199,1,1,0,NULL,'459-3266',NULL,'4593266',2),
 (55,199,1,0,0,NULL,'414-4087',NULL,'4144087',2),
 (56,28,1,1,0,NULL,'410-8861',NULL,'4108861',2),
 (57,180,1,1,0,NULL,'889-7846',NULL,'8897846',2),
 (58,131,1,1,0,NULL,'(227) 401-1968',NULL,'2274011968',1),
 (59,137,1,1,0,NULL,'539-4961',NULL,'5394961',2),
 (60,123,1,1,0,NULL,'(770) 668-2141',NULL,'7706682141',2),
 (61,198,1,1,0,NULL,'469-2963',NULL,'4692963',2),
 (62,67,1,1,0,NULL,'236-2693',NULL,'2362693',1),
 (63,67,1,0,0,NULL,'750-4851',NULL,'7504851',1),
 (64,189,1,1,0,NULL,'(530) 709-2250',NULL,'5307092250',2),
 (65,87,1,1,0,NULL,'575-4413',NULL,'5754413',2),
 (66,87,1,0,0,NULL,'828-1178',NULL,'8281178',2),
 (67,69,1,1,0,NULL,'833-2773',NULL,'8332773',1),
 (68,47,1,1,0,NULL,'(526) 523-5370',NULL,'5265235370',2),
 (69,142,1,1,0,NULL,'(779) 648-1937',NULL,'7796481937',2),
 (70,184,1,1,0,NULL,'(665) 543-2440',NULL,'6655432440',1),
 (71,4,1,1,0,NULL,'(318) 441-3957',NULL,'3184413957',1),
 (72,182,1,1,0,NULL,'(569) 889-8959',NULL,'5698898959',1),
 (73,182,1,0,0,NULL,'(870) 237-7240',NULL,'8702377240',2),
 (74,163,1,1,0,NULL,'845-4240',NULL,'8454240',2),
 (75,128,1,1,0,NULL,'316-6323',NULL,'3166323',2),
 (76,128,1,0,0,NULL,'(295) 295-9109',NULL,'2952959109',1),
 (77,129,1,1,0,NULL,'(719) 519-3480',NULL,'7195193480',2),
 (78,129,1,0,0,NULL,'288-2295',NULL,'2882295',2),
 (79,34,1,1,0,NULL,'255-4761',NULL,'2554761',1),
 (80,130,1,1,0,NULL,'(402) 530-4354',NULL,'4025304354',1),
 (81,117,1,1,0,NULL,'(478) 815-1789',NULL,'4788151789',2),
 (82,41,1,1,0,NULL,'611-7945',NULL,'6117945',1),
 (83,41,1,0,0,NULL,'817-7658',NULL,'8177658',1),
 (84,127,1,1,0,NULL,'(237) 503-7018',NULL,'2375037018',1),
 (85,127,1,0,0,NULL,'338-5440',NULL,'3385440',2),
 (86,191,1,1,0,NULL,'733-2161',NULL,'7332161',1),
 (87,191,1,0,0,NULL,'868-3049',NULL,'8683049',2),
 (88,136,1,1,0,NULL,'318-8554',NULL,'3188554',2),
 (89,136,1,0,0,NULL,'486-6006',NULL,'4866006',2),
 (90,57,1,1,0,NULL,'801-7579',NULL,'8017579',1),
 (91,167,1,1,0,NULL,'493-2139',NULL,'4932139',2),
 (92,39,1,1,0,NULL,'807-7652',NULL,'8077652',2),
 (93,39,1,0,0,NULL,'(237) 420-5621',NULL,'2374205621',1),
 (94,15,1,1,0,NULL,'(896) 238-6868',NULL,'8962386868',2),
 (95,15,1,0,0,NULL,'(723) 425-4274',NULL,'7234254274',1),
 (96,115,1,1,0,NULL,'542-8375',NULL,'5428375',1),
 (97,113,1,1,0,NULL,'(824) 439-3571',NULL,'8244393571',2),
 (98,60,1,1,0,NULL,'771-4887',NULL,'7714887',2),
 (99,74,1,1,0,NULL,'(528) 490-8289',NULL,'5284908289',1),
 (100,76,1,1,0,NULL,'(637) 516-7899',NULL,'6375167899',1),
 (101,86,1,1,0,NULL,'(304) 714-3879',NULL,'3047143879',2),
 (102,116,1,1,0,NULL,'270-6031',NULL,'2706031',2),
 (103,116,1,0,0,NULL,'(658) 661-8616',NULL,'6586618616',2),
 (104,121,1,1,0,NULL,'(570) 696-2481',NULL,'5706962481',2),
 (105,55,1,1,0,NULL,'340-9728',NULL,'3409728',2),
 (106,55,1,0,0,NULL,'(764) 811-6845',NULL,'7648116845',2),
 (107,151,1,1,0,NULL,'(879) 767-9140',NULL,'8797679140',1),
 (108,148,1,1,0,NULL,'(450) 642-7753',NULL,'4506427753',2),
 (109,148,1,0,0,NULL,'572-7228',NULL,'5727228',1),
 (110,31,1,1,0,NULL,'534-1652',NULL,'5341652',2),
 (111,31,1,0,0,NULL,'807-1722',NULL,'8071722',2),
 (112,58,1,1,0,NULL,'(564) 240-3068',NULL,'5642403068',2),
 (113,58,1,0,0,NULL,'(864) 849-9530',NULL,'8648499530',1),
 (114,84,1,1,0,NULL,'701-8729',NULL,'7018729',1),
 (115,77,1,1,0,NULL,'746-8207',NULL,'7468207',1),
 (116,23,1,1,0,NULL,'294-7641',NULL,'2947641',2),
 (117,23,1,0,0,NULL,'(736) 766-8375',NULL,'7367668375',2),
 (118,91,1,1,0,NULL,'(622) 839-5975',NULL,'6228395975',1),
 (119,110,1,1,0,NULL,'262-8904',NULL,'2628904',2),
 (120,173,1,1,0,NULL,'205-6264',NULL,'2056264',2),
 (121,173,1,0,0,NULL,'334-5128',NULL,'3345128',1),
 (122,138,1,1,0,NULL,'299-5598',NULL,'2995598',1),
 (123,51,1,1,0,NULL,'311-3828',NULL,'3113828',1),
 (124,51,1,0,0,NULL,'816-3996',NULL,'8163996',1),
 (125,29,1,1,0,NULL,'(721) 514-7049',NULL,'7215147049',1),
 (126,29,1,0,0,NULL,'429-7206',NULL,'4297206',2),
 (127,26,1,1,0,NULL,'(335) 454-8484',NULL,'3354548484',1),
 (128,26,1,0,0,NULL,'244-1366',NULL,'2441366',2),
 (129,119,1,1,0,NULL,'668-4522',NULL,'6684522',1),
 (130,133,1,1,0,NULL,'380-3809',NULL,'3803809',2),
 (131,133,1,0,0,NULL,'(406) 882-5639',NULL,'4068825639',2),
 (132,150,1,1,0,NULL,'(667) 675-4696',NULL,'6676754696',2),
 (133,150,1,0,0,NULL,'572-7676',NULL,'5727676',2),
 (134,170,1,1,0,NULL,'371-3394',NULL,'3713394',2),
 (135,170,1,0,0,NULL,'(475) 546-4914',NULL,'4755464914',1),
 (136,7,1,1,0,NULL,'(332) 678-7374',NULL,'3326787374',2),
 (137,7,1,0,0,NULL,'(494) 369-5337',NULL,'4943695337',1),
 (138,68,1,1,0,NULL,'(441) 736-1804',NULL,'4417361804',1),
 (139,68,1,0,0,NULL,'504-1204',NULL,'5041204',1),
 (140,96,1,1,0,NULL,'(360) 596-5455',NULL,'3605965455',2),
 (141,112,1,1,0,NULL,'(320) 548-7947',NULL,'3205487947',2),
 (142,112,1,0,0,NULL,'(250) 462-4745',NULL,'2504624745',2),
 (143,172,1,1,0,NULL,'(285) 605-1453',NULL,'2856051453',1),
 (144,172,1,0,0,NULL,'606-7088',NULL,'6067088',2),
 (145,105,1,1,0,NULL,'(571) 396-1124',NULL,'5713961124',2),
 (146,105,1,0,0,NULL,'(800) 876-4056',NULL,'8008764056',2),
 (147,192,1,1,0,NULL,'(292) 657-4494',NULL,'2926574494',2),
 (148,192,1,0,0,NULL,'(762) 233-8757',NULL,'7622338757',1),
 (149,176,1,1,0,NULL,'331-4459',NULL,'3314459',2),
 (150,73,1,1,0,NULL,'(877) 316-7005',NULL,'8773167005',1),
 (151,63,1,1,0,NULL,'862-1255',NULL,'8621255',2),
 (152,63,1,0,0,NULL,'666-8563',NULL,'6668563',1),
 (153,107,1,1,0,NULL,'(619) 482-9927',NULL,'6194829927',1),
 (154,107,1,0,0,NULL,'432-7408',NULL,'4327408',1),
 (155,106,1,1,0,NULL,'466-1885',NULL,'4661885',1),
 (156,155,1,1,0,NULL,'372-9656',NULL,'3729656',2),
 (157,201,1,1,0,NULL,'565-7280',NULL,'5657280',1),
 (158,187,1,1,0,NULL,'318-9641',NULL,'3189641',1),
 (159,54,1,1,0,NULL,'(830) 270-7597',NULL,'8302707597',2),
 (160,54,1,0,0,NULL,'391-7396',NULL,'3917396',2),
 (161,149,1,1,0,NULL,'(674) 790-8013',NULL,'6747908013',2),
 (162,NULL,1,0,0,NULL,'204 222-1000',NULL,'2042221000',1),
 (163,NULL,1,0,0,NULL,'204 223-1000',NULL,'2042231000',1),
 (164,NULL,1,0,0,NULL,'303 323-1000',NULL,'3033231000',1);
/*!40000 ALTER TABLE `civicrm_phone` ENABLE KEYS */;
UNLOCK TABLES;

--
-- Dumping data for table `civicrm_pledge`
--

LOCK TABLES `civicrm_pledge` WRITE;
/*!40000 ALTER TABLE `civicrm_pledge` DISABLE KEYS */;
INSERT INTO `civicrm_pledge` (`id`, `contact_id`, `financial_type_id`, `contribution_page_id`, `amount`, `original_installment_amount`, `currency`, `frequency_unit`, `frequency_interval`, `frequency_day`, `installments`, `start_date`, `create_date`, `acknowledge_date`, `modified_date`, `cancel_date`, `end_date`, `max_reminders`, `initial_reminder_day`, `additional_reminder_day`, `status_id`, `is_test`, `campaign_id`) VALUES
 (1,71,1,1,500.00,500.00,'USD','month',1,1,1,'2009-07-01 00:00:00','2009-06-26 00:00:00',NULL,NULL,NULL,'2009-07-01 00:00:00',1,5,5,1,0,NULL),
 (2,43,1,1,800.00,200.00,'USD','month',3,1,4,'2009-07-01 00:00:00','2009-06-23 00:00:00','2009-06-23 00:00:00',NULL,NULL,'2009-04-01 10:11:40',1,5,5,5,0,NULL),
 (3,32,1,1,600.00,200.00,'USD','month',1,1,3,'2009-10-01 00:00:00','2009-09-14 00:00:00','2009-09-14 00:00:00',NULL,NULL,'2009-12-01 00:00:00',1,5,5,5,0,NULL);
/*!40000 ALTER TABLE `civicrm_pledge` ENABLE KEYS */;
UNLOCK TABLES;

--
-- Dumping data for table `civicrm_pledge_block`
--

LOCK TABLES `civicrm_pledge_block` WRITE;
/*!40000 ALTER TABLE `civicrm_pledge_block` DISABLE KEYS */;
INSERT INTO `civicrm_pledge_block` (`id`, `entity_table`, `entity_id`, `pledge_frequency_unit`, `is_pledge_interval`, `max_reminders`, `initial_reminder_day`, `additional_reminder_day`, `pledge_start_date`, `is_pledge_start_date_visible`, `is_pledge_start_date_editable`) VALUES
 (1,'civicrm_contribution_page',3,'weekmonthyear',1,1,5,5,NULL,0,0);
/*!40000 ALTER TABLE `civicrm_pledge_block` ENABLE KEYS */;
UNLOCK TABLES;

--
-- Dumping data for table `civicrm_pledge_payment`
--

LOCK TABLES `civicrm_pledge_payment` WRITE;
/*!40000 ALTER TABLE `civicrm_pledge_payment` DISABLE KEYS */;
INSERT INTO `civicrm_pledge_payment` (`id`, `pledge_id`, `contribution_id`, `scheduled_amount`, `actual_amount`, `currency`, `scheduled_date`, `reminder_date`, `reminder_count`, `status_id`) VALUES
 (1,1,10,500.00,500.00,'USD','2009-07-01 00:00:00',NULL,0,1),
 (2,2,11,200.00,200.00,'USD','2009-07-01 00:00:00',NULL,0,1),
 (3,2,NULL,200.00,NULL,'USD','2009-10-01 00:00:00',NULL,0,2),
 (4,2,NULL,200.00,NULL,'USD','2009-01-01 00:00:00',NULL,0,2),
 (5,2,NULL,200.00,NULL,'USD','2009-04-01 00:00:00',NULL,0,2),
 (6,3,12,200.00,200.00,'USD','2009-10-01 00:00:00',NULL,0,1),
 (7,3,13,200.00,200.00,'USD','2009-11-01 00:00:00','2009-10-28 00:00:00',1,1),
 (8,3,NULL,200.00,NULL,'USD','2009-12-01 00:00:00',NULL,0,2);
/*!40000 ALTER TABLE `civicrm_pledge_payment` ENABLE KEYS */;
UNLOCK TABLES;

--
-- Dumping data for table `civicrm_preferences_date`
--

LOCK TABLES `civicrm_preferences_date` WRITE;
/*!40000 ALTER TABLE `civicrm_preferences_date` DISABLE KEYS */;
INSERT INTO `civicrm_preferences_date` (`id`, `name`, `description`, `start`, `end`, `date_format`, `time_format`) VALUES
 (1,'activityDate','Date for relationships. activities. contributions: receive, receipt, cancel. membership: join, start, renew. case: start, end.',20,10,'',''),
 (2,'activityDateTime','Date and time for activity: scheduled. participant: registered.',20,10,'','1'),
 (3,'birth','Birth and deceased dates. Only year, month and day fields are supported.',100,0,'',''),
 (4,'creditCard','Month and year only for credit card expiration.',0,10,'m Y',''),
 (5,'custom','Uses date range passed in by form field. Can pass in a posix date part parameter. Start and end offsets defined here are ignored.',20,20,'',''),
 (6,'mailing','Date and time. Used for scheduling mailings.',0,1,'',''),
 (7,'searchDate','Used in search forms.',20,20,'','');
/*!40000 ALTER TABLE `civicrm_preferences_date` ENABLE KEYS */;
UNLOCK TABLES;

--
-- Dumping data for table `civicrm_premiums`
--

LOCK TABLES `civicrm_premiums` WRITE;
/*!40000 ALTER TABLE `civicrm_premiums` DISABLE KEYS */;
INSERT INTO `civicrm_premiums` (`id`, `entity_table`, `entity_id`, `premiums_active`, `premiums_intro_title`, `premiums_intro_text`, `premiums_contact_email`, `premiums_contact_phone`, `premiums_display_min_contribution`, `premiums_nothankyou_label`, `premiums_nothankyou_position`) VALUES
 (1,'civicrm_contribution_page',1,1,'Thank-you Gifts','We appreciate your support and invite you to choose from the exciting collection of thank-you gifts below. Minimum contribution amounts for each selection are included in the descriptions. (NOTE: These gifts are shown as examples only. No gifts will be sent to donors.)','premiums@example.org',NULL,1,'No thank-you',1);
/*!40000 ALTER TABLE `civicrm_premiums` ENABLE KEYS */;
UNLOCK TABLES;

--
-- Dumping data for table `civicrm_premiums_product`
--

LOCK TABLES `civicrm_premiums_product` WRITE;
/*!40000 ALTER TABLE `civicrm_premiums_product` DISABLE KEYS */;
INSERT INTO `civicrm_premiums_product` (`id`, `premiums_id`, `product_id`, `weight`, `financial_type_id`) VALUES
 (1,1,1,1,NULL);
/*!40000 ALTER TABLE `civicrm_premiums_product` ENABLE KEYS */;
UNLOCK TABLES;

--
-- Dumping data for table `civicrm_prevnext_cache`
--

LOCK TABLES `civicrm_prevnext_cache` WRITE;
/*!40000 ALTER TABLE `civicrm_prevnext_cache` DISABLE KEYS */;
/*!40000 ALTER TABLE `civicrm_prevnext_cache` ENABLE KEYS */;
UNLOCK TABLES;

--
-- Dumping data for table `civicrm_price_field`
--

LOCK TABLES `civicrm_price_field` WRITE;
/*!40000 ALTER TABLE `civicrm_price_field` DISABLE KEYS */;
INSERT INTO `civicrm_price_field` (`id`, `price_set_id`, `name`, `label`, `html_type`, `is_enter_qty`, `help_pre`, `help_post`, `weight`, `is_display_amounts`, `options_per_line`, `is_active`, `is_required`, `active_on`, `expire_on`, `javascript`, `visibility_id`) VALUES
 (1,1,'contribution_amount','Contribution Amount','Text',0,NULL,NULL,1,1,1,1,1,NULL,NULL,NULL,1),
 (2,3,'contribution_amount','Contribution Amount','Radio',0,NULL,NULL,2,1,1,1,0,NULL,NULL,NULL,1),
 (3,3,'other_amount','Additional Amount','Text',0,NULL,NULL,3,0,1,1,0,NULL,NULL,NULL,1),
 (4,2,'1','Membership Amount','Radio',0,NULL,NULL,1,1,1,1,1,NULL,NULL,NULL,1),
 (5,4,'membership_amount','Membership','Radio',0,NULL,NULL,1,1,1,1,1,NULL,NULL,NULL,1),
 (6,5,'other_amount','Contribution Amount','Text',0,NULL,NULL,3,0,1,1,1,NULL,NULL,NULL,1),
 (7,6,'tournament_fees','Tournament Fees','Radio',0,NULL,NULL,1,1,1,1,1,NULL,NULL,NULL,1),
 (8,7,'dinner_contribution','Dinner Contribution','Radio',0,NULL,NULL,1,1,1,1,1,NULL,NULL,NULL,1),
 (9,8,'festival_fee','Festival Fee','Radio',0,NULL,NULL,1,1,1,1,1,NULL,NULL,NULL,1);
/*!40000 ALTER TABLE `civicrm_price_field` ENABLE KEYS */;
UNLOCK TABLES;

--
-- Dumping data for table `civicrm_price_field_value`
--

LOCK TABLES `civicrm_price_field_value` WRITE;
/*!40000 ALTER TABLE `civicrm_price_field_value` DISABLE KEYS */;
INSERT INTO `civicrm_price_field_value` (`id`, `price_field_id`, `name`, `label`, `description`, `help_pre`, `help_post`, `amount`, `count`, `max_value`, `weight`, `membership_type_id`, `membership_num_terms`, `is_default`, `is_active`, `financial_type_id`, `non_deductible_amount`, `visibility_id`) VALUES
 (1,1,'contribution_amount','Contribution Amount',NULL,NULL,NULL,1.000000000,NULL,NULL,1,NULL,NULL,0,1,1,0.00,1),
 (2,2,'friend','Friend',NULL,NULL,NULL,1.000000000,NULL,NULL,1,NULL,NULL,0,1,1,0.00,1),
 (3,2,'supporter','Supporter',NULL,NULL,NULL,5.000000000,NULL,NULL,2,NULL,NULL,0,1,1,0.00,1),
 (4,2,'booster','Booster',NULL,NULL,NULL,10.000000000,NULL,NULL,3,NULL,NULL,1,1,1,0.00,1),
 (5,2,'sustainer','Sustainer',NULL,NULL,NULL,50.000000000,NULL,NULL,4,NULL,NULL,0,1,1,0.00,1),
 (6,3,'other_amount','Other Amount',NULL,NULL,NULL,1.000000000,NULL,NULL,3,NULL,NULL,0,1,1,0.00,1),
 (7,4,'general','General','Regular annual membership.',NULL,NULL,100.000000000,NULL,NULL,1,1,NULL,0,1,2,0.00,1),
 (8,4,'student','Student','Discount membership for full-time students.',NULL,NULL,50.000000000,NULL,NULL,2,2,NULL,0,1,2,0.00,1),
 (9,4,'lifetime','Lifetime','Lifetime membership.',NULL,NULL,1200.000000000,NULL,NULL,3,3,NULL,0,1,2,0.00,1),
 (10,5,'General','General',NULL,NULL,NULL,100.000000000,NULL,NULL,1,1,NULL,1,1,2,0.00,1),
 (11,5,'Student','Student',NULL,NULL,NULL,50.000000000,NULL,NULL,1,2,NULL,0,1,2,0.00,1),
 (12,6,'other_amount','Contribution Amount',NULL,NULL,NULL,1.000000000,NULL,NULL,1,NULL,NULL,0,1,1,0.00,1),
 (13,7,'tiny_tots__ages_5_8_','Tiny-tots (ages 5-8)',NULL,NULL,NULL,800.000000000,NULL,NULL,1,NULL,NULL,1,1,4,0.00,1),
 (14,7,'junior_Stars__ages_9_12_','Junior Stars (ages 9-12)',NULL,NULL,NULL,1000.000000000,NULL,NULL,2,NULL,NULL,0,1,4,0.00,1),
 (15,7,'super_Stars__ages_13_18_','Super Stars (ages 13-18)',NULL,NULL,NULL,1500.000000000,NULL,NULL,3,NULL,NULL,0,1,4,0.00,1),
 (16,8,'single','Single',NULL,NULL,NULL,50.000000000,NULL,NULL,1,NULL,NULL,1,1,4,0.00,1),
 (17,8,'couple','Couple',NULL,NULL,NULL,100.000000000,NULL,NULL,2,NULL,NULL,0,1,4,0.00,1),
 (18,8,'family','Family',NULL,NULL,NULL,200.000000000,NULL,NULL,3,NULL,NULL,0,1,4,0.00,1),
 (19,9,'bass','Bass',NULL,NULL,NULL,25.000000000,NULL,NULL,1,NULL,NULL,1,1,2,0.00,1),
 (20,9,'tenor','Tenor',NULL,NULL,NULL,40.000000000,NULL,NULL,2,NULL,NULL,0,1,2,0.00,1),
 (21,9,'soprano','Soprano',NULL,NULL,NULL,50.000000000,NULL,NULL,3,NULL,NULL,0,1,2,0.00,1);
/*!40000 ALTER TABLE `civicrm_price_field_value` ENABLE KEYS */;
UNLOCK TABLES;

--
-- Dumping data for table `civicrm_price_set`
--

LOCK TABLES `civicrm_price_set` WRITE;
/*!40000 ALTER TABLE `civicrm_price_set` DISABLE KEYS */;
INSERT INTO `civicrm_price_set` (`id`, `domain_id`, `name`, `title`, `is_active`, `help_pre`, `help_post`, `javascript`, `extends`, `financial_type_id`, `is_quick_config`, `is_reserved`, `min_amount`) VALUES
 (1,NULL,'default_contribution_amount','Contribution Amount',1,NULL,NULL,NULL,'2',NULL,1,1,0.00),
 (2,NULL,'default_membership_type_amount','Membership Amount',1,NULL,NULL,NULL,'3',2,1,1,0.00),
 (3,NULL,'help_support_civicrm_amount','Help Support CiviCRM!',1,NULL,NULL,NULL,'2',1,0,0,0.00),
 (4,NULL,'member_signup_and_renewal','Member Signup and Renewal',1,NULL,NULL,NULL,'3',2,1,0,0.00),
 (5,NULL,'pledge_for_civicrm','Pledge for CiviCRM!',1,NULL,NULL,NULL,'2',NULL,1,0,0.00),
 (6,NULL,'rain_forest_cup_youth_soccer_tournament','Rain-forest Cup Youth Soccer Tournament',1,NULL,NULL,NULL,'1',3,1,0,0.00),
 (7,NULL,'fall_fundraiser_dinner','Fall Fundraiser Dinner',1,NULL,NULL,NULL,'1',3,1,0,0.00),
 (8,NULL,'summer_solstice_festival_day_concert','Summer Solstice Festival Day Concert',1,NULL,NULL,NULL,'1',3,0,0,0.00);
/*!40000 ALTER TABLE `civicrm_price_set` ENABLE KEYS */;
UNLOCK TABLES;

--
-- Dumping data for table `civicrm_price_set_entity`
--

LOCK TABLES `civicrm_price_set_entity` WRITE;
/*!40000 ALTER TABLE `civicrm_price_set_entity` DISABLE KEYS */;
INSERT INTO `civicrm_price_set_entity` (`id`, `entity_table`, `entity_id`, `price_set_id`) VALUES
 (1,'civicrm_contribution_page',1,3),
 (2,'civicrm_contribution_page',2,4),
 (3,'civicrm_contribution_page',3,5),
 (4,'civicrm_event',3,6),
 (5,'civicrm_event',1,7),
 (6,'civicrm_event',2,8);
/*!40000 ALTER TABLE `civicrm_price_set_entity` ENABLE KEYS */;
UNLOCK TABLES;

--
-- Dumping data for table `civicrm_print_label`
--

LOCK TABLES `civicrm_print_label` WRITE;
/*!40000 ALTER TABLE `civicrm_print_label` DISABLE KEYS */;
INSERT INTO `civicrm_print_label` (`id`, `title`, `name`, `description`, `label_format_name`, `label_type_id`, `data`, `is_default`, `is_active`, `is_reserved`, `created_id`) VALUES
 (1,'Annual Conference Hanging Badge (Avery 5395)','Annual_Conference_Hanging_Badge','For our annual conference','Avery 5395',1,'{\"title\":\"Annual Conference Hanging Badge (Avery 5395)\",\"label_format_name\":\"Avery 5395\",\"description\":\"For our annual conference\",\"token\":{\"1\":\"{event.title}\",\"2\":\"{contact.display_name}\",\"3\":\"{contact.current_employer}\",\"4\":\"{event.start_date|crmDate:\\\"%B %E%f\\\"}\"},\"font_name\":{\"1\":\"dejavusans\",\"2\":\"dejavusans\",\"3\":\"dejavusans\",\"4\":\"dejavusans\"},\"font_size\":{\"1\":\"9\",\"2\":\"20\",\"3\":\"15\",\"4\":\"9\"},\"font_style\":{\"1\":\"\",\"2\":\"\",\"3\":\"\",\"4\":\"\"},\"text_alignment\":{\"1\":\"L\",\"2\":\"C\",\"3\":\"C\",\"4\":\"R\"},\"barcode_type\":\"barcode\",\"barcode_alignment\":\"R\",\"image_1\":\"\",\"image_2\":\"\",\"is_default\":\"1\",\"is_active\":\"1\",\"is_reserved\":\"1\",\"_qf_default\":\"Layout:next\",\"_qf_Layout_refresh\":\"Save and Preview\"}',1,1,1,NULL);
/*!40000 ALTER TABLE `civicrm_print_label` ENABLE KEYS */;
UNLOCK TABLES;

--
-- Dumping data for table `civicrm_product`
--

LOCK TABLES `civicrm_product` WRITE;
/*!40000 ALTER TABLE `civicrm_product` DISABLE KEYS */;
INSERT INTO `civicrm_product` (`id`, `name`, `description`, `sku`, `options`, `image`, `thumbnail`, `price`, `currency`, `financial_type_id`, `min_contribution`, `cost`, `is_active`, `period_type`, `fixed_period_start_day`, `duration_unit`, `duration_interval`, `frequency_unit`, `frequency_interval`) VALUES
 (1,'Coffee Mug','This heavy-duty mug is great for home or office, coffee or tea or hot chocolate. Show your support to family, friends and colleagues. Choose from three great colors.','MUG-101','White, Black, Green',NULL,NULL,12.50,'USD',NULL,5.00,NULL,1,NULL,NULL,NULL,NULL,NULL,NULL);
/*!40000 ALTER TABLE `civicrm_product` ENABLE KEYS */;
UNLOCK TABLES;

--
-- Dumping data for table `civicrm_queue`
--

LOCK TABLES `civicrm_queue` WRITE;
/*!40000 ALTER TABLE `civicrm_queue` DISABLE KEYS */;
/*!40000 ALTER TABLE `civicrm_queue` ENABLE KEYS */;
UNLOCK TABLES;

--
-- Dumping data for table `civicrm_queue_item`
--

LOCK TABLES `civicrm_queue_item` WRITE;
/*!40000 ALTER TABLE `civicrm_queue_item` DISABLE KEYS */;
/*!40000 ALTER TABLE `civicrm_queue_item` ENABLE KEYS */;
UNLOCK TABLES;

--
-- Dumping data for table `civicrm_recurring_entity`
--

LOCK TABLES `civicrm_recurring_entity` WRITE;
/*!40000 ALTER TABLE `civicrm_recurring_entity` DISABLE KEYS */;
/*!40000 ALTER TABLE `civicrm_recurring_entity` ENABLE KEYS */;
UNLOCK TABLES;

--
-- Dumping data for table `civicrm_relationship`
--

LOCK TABLES `civicrm_relationship` WRITE;
/*!40000 ALTER TABLE `civicrm_relationship` DISABLE KEYS */;
INSERT INTO `civicrm_relationship` (`id`, `contact_id_a`, `contact_id_b`, `relationship_type_id`, `start_date`, `end_date`, `is_active`, `description`, `is_permission_a_b`, `is_permission_b_a`, `case_id`, `created_date`, `modified_date`) VALUES
 (1,117,197,1,NULL,NULL,1,NULL,0,0,NULL,'2024-06-23 22:14:49','2024-06-23 22:14:49'),
 (2,41,197,1,NULL,NULL,1,NULL,0,0,NULL,'2024-06-23 22:14:49','2024-06-23 22:14:49'),
 (3,117,130,1,NULL,NULL,1,NULL,0,0,NULL,'2024-06-23 22:14:49','2024-06-23 22:14:49'),
 (4,41,130,1,NULL,NULL,1,NULL,0,0,NULL,'2024-06-23 22:14:49','2024-06-23 22:14:49'),
 (5,41,117,4,NULL,NULL,1,NULL,0,0,NULL,'2024-06-23 22:14:49','2024-06-23 22:14:49'),
 (6,130,118,8,NULL,NULL,1,NULL,0,0,NULL,'2024-06-23 22:14:49','2024-06-23 22:14:49'),
 (7,117,118,8,NULL,NULL,1,NULL,0,0,NULL,'2024-06-23 22:14:49','2024-06-23 22:14:49'),
 (8,41,118,8,NULL,NULL,1,NULL,0,0,NULL,'2024-06-23 22:14:49','2024-06-23 22:14:49'),
 (9,197,118,7,NULL,NULL,1,NULL,0,0,NULL,'2024-06-23 22:14:49','2024-06-23 22:14:49'),
 (10,130,197,2,NULL,NULL,1,NULL,0,0,NULL,'2024-06-23 22:14:49','2024-06-23 22:14:49'),
 (11,136,127,1,NULL,NULL,1,NULL,0,0,NULL,'2024-06-23 22:14:49','2024-06-23 22:14:49'),
 (12,57,127,1,NULL,NULL,1,NULL,0,0,NULL,'2024-06-23 22:14:49','2024-06-23 22:14:49'),
 (13,136,191,1,NULL,NULL,1,NULL,0,0,NULL,'2024-06-23 22:14:49','2024-06-23 22:14:49'),
 (14,57,191,1,NULL,NULL,1,NULL,0,0,NULL,'2024-06-23 22:14:49','2024-06-23 22:14:49'),
 (15,57,136,4,NULL,NULL,1,NULL,0,0,NULL,'2024-06-23 22:14:49','2024-06-23 22:14:49'),
 (16,191,125,8,NULL,NULL,1,NULL,0,0,NULL,'2024-06-23 22:14:49','2024-06-23 22:14:49'),
 (17,136,125,8,NULL,NULL,1,NULL,0,0,NULL,'2024-06-23 22:14:49','2024-06-23 22:14:49'),
 (18,57,125,8,NULL,NULL,1,NULL,0,0,NULL,'2024-06-23 22:14:49','2024-06-23 22:14:49'),
 (19,127,125,7,NULL,NULL,1,NULL,0,0,NULL,'2024-06-23 22:14:49','2024-06-23 22:14:49'),
 (20,191,127,2,NULL,NULL,1,NULL,0,0,NULL,'2024-06-23 22:14:49','2024-06-23 22:14:49'),
 (21,39,167,1,NULL,NULL,1,NULL,0,0,NULL,'2024-06-23 22:14:49','2024-06-23 22:14:49'),
 (22,15,167,1,NULL,NULL,1,NULL,0,0,NULL,'2024-06-23 22:14:49','2024-06-23 22:14:49'),
 (23,39,108,1,NULL,NULL,1,NULL,0,0,NULL,'2024-06-23 22:14:49','2024-06-23 22:14:49'),
 (24,15,108,1,NULL,NULL,1,NULL,0,0,NULL,'2024-06-23 22:14:49','2024-06-23 22:14:49'),
 (25,15,39,4,NULL,NULL,1,NULL,0,0,NULL,'2024-06-23 22:14:49','2024-06-23 22:14:49'),
 (26,108,114,8,NULL,NULL,1,NULL,0,0,NULL,'2024-06-23 22:14:49','2024-06-23 22:14:49'),
 (27,39,114,8,NULL,NULL,1,NULL,0,0,NULL,'2024-06-23 22:14:49','2024-06-23 22:14:49'),
 (28,15,114,8,NULL,NULL,1,NULL,0,0,NULL,'2024-06-23 22:14:49','2024-06-23 22:14:49'),
 (29,167,114,7,NULL,NULL,1,NULL,0,0,NULL,'2024-06-23 22:14:49','2024-06-23 22:14:49'),
 (30,108,167,2,NULL,NULL,1,NULL,0,0,NULL,'2024-06-23 22:14:49','2024-06-23 22:14:49'),
 (31,113,144,1,NULL,NULL,1,NULL,0,0,NULL,'2024-06-23 22:14:49','2024-06-23 22:14:49'),
 (32,60,144,1,NULL,NULL,1,NULL,0,0,NULL,'2024-06-23 22:14:49','2024-06-23 22:14:49'),
 (33,113,115,1,NULL,NULL,1,NULL,0,0,NULL,'2024-06-23 22:14:49','2024-06-23 22:14:49'),
 (34,60,115,1,NULL,NULL,1,NULL,0,0,NULL,'2024-06-23 22:14:49','2024-06-23 22:14:49'),
 (35,60,113,4,NULL,NULL,1,NULL,0,0,NULL,'2024-06-23 22:14:49','2024-06-23 22:14:49'),
 (36,115,48,8,NULL,NULL,1,NULL,0,0,NULL,'2024-06-23 22:14:49','2024-06-23 22:14:49'),
 (37,113,48,8,NULL,NULL,1,NULL,0,0,NULL,'2024-06-23 22:14:49','2024-06-23 22:14:49'),
 (38,60,48,8,NULL,NULL,1,NULL,0,0,NULL,'2024-06-23 22:14:49','2024-06-23 22:14:49'),
 (39,144,48,7,NULL,NULL,1,NULL,0,0,NULL,'2024-06-23 22:14:49','2024-06-23 22:14:49'),
 (40,115,144,2,NULL,NULL,1,NULL,0,0,NULL,'2024-06-23 22:14:49','2024-06-23 22:14:49'),
 (41,76,74,1,NULL,NULL,1,NULL,0,0,NULL,'2024-06-23 22:14:49','2024-06-23 22:14:49'),
 (42,86,74,1,NULL,NULL,1,NULL,0,0,NULL,'2024-06-23 22:14:49','2024-06-23 22:14:49'),
 (43,76,183,1,NULL,NULL,1,NULL,0,0,NULL,'2024-06-23 22:14:49','2024-06-23 22:14:49'),
 (44,86,183,1,NULL,NULL,1,NULL,0,0,NULL,'2024-06-23 22:14:49','2024-06-23 22:14:49'),
 (45,86,76,4,NULL,NULL,1,NULL,0,0,NULL,'2024-06-23 22:14:49','2024-06-23 22:14:49'),
 (46,183,43,8,NULL,NULL,1,NULL,0,0,NULL,'2024-06-23 22:14:49','2024-06-23 22:14:49'),
 (47,76,43,8,NULL,NULL,1,NULL,0,0,NULL,'2024-06-23 22:14:49','2024-06-23 22:14:49'),
 (48,86,43,8,NULL,NULL,1,NULL,0,0,NULL,'2024-06-23 22:14:49','2024-06-23 22:14:49'),
 (49,74,43,7,NULL,NULL,1,NULL,0,0,NULL,'2024-06-23 22:14:49','2024-06-23 22:14:49'),
 (50,183,74,2,NULL,NULL,1,NULL,0,0,NULL,'2024-06-23 22:14:49','2024-06-23 22:14:49'),
 (51,120,109,1,NULL,NULL,1,NULL,0,0,NULL,'2024-06-23 22:14:49','2024-06-23 22:14:49'),
 (52,59,109,1,NULL,NULL,1,NULL,0,0,NULL,'2024-06-23 22:14:49','2024-06-23 22:14:49'),
 (53,120,116,1,NULL,NULL,1,NULL,0,0,NULL,'2024-06-23 22:14:49','2024-06-23 22:14:49'),
 (54,59,116,1,NULL,NULL,1,NULL,0,0,NULL,'2024-06-23 22:14:49','2024-06-23 22:14:49'),
 (55,59,120,4,NULL,NULL,1,NULL,0,0,NULL,'2024-06-23 22:14:49','2024-06-23 22:14:49'),
 (56,116,145,8,NULL,NULL,1,NULL,0,0,NULL,'2024-06-23 22:14:49','2024-06-23 22:14:49'),
 (57,120,145,8,NULL,NULL,1,NULL,0,0,NULL,'2024-06-23 22:14:49','2024-06-23 22:14:49'),
 (58,59,145,8,NULL,NULL,1,NULL,0,0,NULL,'2024-06-23 22:14:49','2024-06-23 22:14:49'),
 (59,109,145,7,NULL,NULL,1,NULL,0,0,NULL,'2024-06-23 22:14:49','2024-06-23 22:14:49'),
 (60,116,109,2,NULL,NULL,1,NULL,0,0,NULL,'2024-06-23 22:14:49','2024-06-23 22:14:49'),
 (61,151,121,1,NULL,NULL,1,NULL,0,0,NULL,'2024-06-23 22:14:49','2024-06-23 22:14:49'),
 (62,156,121,1,NULL,NULL,1,NULL,0,0,NULL,'2024-06-23 22:14:49','2024-06-23 22:14:49'),
 (63,151,55,1,NULL,NULL,1,NULL,0,0,NULL,'2024-06-23 22:14:49','2024-06-23 22:14:49'),
 (64,156,55,1,NULL,NULL,1,NULL,0,0,NULL,'2024-06-23 22:14:49','2024-06-23 22:14:49'),
 (65,156,151,4,NULL,NULL,1,NULL,0,0,NULL,'2024-06-23 22:14:49','2024-06-23 22:14:49'),
 (66,55,88,8,NULL,NULL,1,NULL,0,0,NULL,'2024-06-23 22:14:49','2024-06-23 22:14:49'),
 (67,151,88,8,NULL,NULL,1,NULL,0,0,NULL,'2024-06-23 22:14:49','2024-06-23 22:14:49'),
 (68,156,88,8,NULL,NULL,1,NULL,0,0,NULL,'2024-06-23 22:14:49','2024-06-23 22:14:49'),
 (69,121,88,7,NULL,NULL,0,NULL,0,0,NULL,'2024-06-23 22:14:49','2024-06-23 22:14:49'),
 (70,55,121,2,NULL,NULL,0,NULL,0,0,NULL,'2024-06-23 22:14:49','2024-06-23 22:14:49'),
 (71,58,148,1,NULL,NULL,1,NULL,0,0,NULL,'2024-06-23 22:14:49','2024-06-23 22:14:49'),
 (72,84,148,1,NULL,NULL,1,NULL,0,0,NULL,'2024-06-23 22:14:49','2024-06-23 22:14:49'),
 (73,58,31,1,NULL,NULL,1,NULL,0,0,NULL,'2024-06-23 22:14:49','2024-06-23 22:14:49'),
 (74,84,31,1,NULL,NULL,1,NULL,0,0,NULL,'2024-06-23 22:14:49','2024-06-23 22:14:49'),
 (75,84,58,4,NULL,NULL,1,NULL,0,0,NULL,'2024-06-23 22:14:49','2024-06-23 22:14:49'),
 (76,31,49,8,NULL,NULL,1,NULL,0,0,NULL,'2024-06-23 22:14:49','2024-06-23 22:14:49'),
 (77,58,49,8,NULL,NULL,1,NULL,0,0,NULL,'2024-06-23 22:14:49','2024-06-23 22:14:49'),
 (78,84,49,8,NULL,NULL,1,NULL,0,0,NULL,'2024-06-23 22:14:49','2024-06-23 22:14:49'),
 (79,148,49,7,NULL,NULL,0,NULL,0,0,NULL,'2024-06-23 22:14:49','2024-06-23 22:14:49'),
 (80,31,148,2,NULL,NULL,0,NULL,0,0,NULL,'2024-06-23 22:14:49','2024-06-23 22:14:49'),
 (81,91,77,1,NULL,NULL,1,NULL,0,0,NULL,'2024-06-23 22:14:49','2024-06-23 22:14:49'),
 (82,19,77,1,NULL,NULL,1,NULL,0,0,NULL,'2024-06-23 22:14:49','2024-06-23 22:14:49'),
 (83,91,23,1,NULL,NULL,1,NULL,0,0,NULL,'2024-06-23 22:14:49','2024-06-23 22:14:49'),
 (84,19,23,1,NULL,NULL,1,NULL,0,0,NULL,'2024-06-23 22:14:49','2024-06-23 22:14:49'),
 (85,19,91,4,NULL,NULL,1,NULL,0,0,NULL,'2024-06-23 22:14:49','2024-06-23 22:14:49'),
 (86,23,30,8,NULL,NULL,1,NULL,0,0,NULL,'2024-06-23 22:14:49','2024-06-23 22:14:49'),
 (87,91,30,8,NULL,NULL,1,NULL,0,0,NULL,'2024-06-23 22:14:49','2024-06-23 22:14:49'),
 (88,19,30,8,NULL,NULL,1,NULL,0,0,NULL,'2024-06-23 22:14:49','2024-06-23 22:14:49'),
 (89,77,30,7,NULL,NULL,1,NULL,0,0,NULL,'2024-06-23 22:14:49','2024-06-23 22:14:49'),
 (90,23,77,2,NULL,NULL,1,NULL,0,0,NULL,'2024-06-23 22:14:49','2024-06-23 22:14:49'),
 (91,138,110,1,NULL,NULL,1,NULL,0,0,NULL,'2024-06-23 22:14:49','2024-06-23 22:14:49'),
 (92,159,110,1,NULL,NULL,1,NULL,0,0,NULL,'2024-06-23 22:14:49','2024-06-23 22:14:49'),
 (93,138,173,1,NULL,NULL,1,NULL,0,0,NULL,'2024-06-23 22:14:49','2024-06-23 22:14:49'),
 (94,159,173,1,NULL,NULL,1,NULL,0,0,NULL,'2024-06-23 22:14:49','2024-06-23 22:14:49'),
 (95,159,138,4,NULL,NULL,1,NULL,0,0,NULL,'2024-06-23 22:14:49','2024-06-23 22:14:49'),
 (96,173,72,8,NULL,NULL,1,NULL,0,0,NULL,'2024-06-23 22:14:49','2024-06-23 22:14:49'),
 (97,138,72,8,NULL,NULL,1,NULL,0,0,NULL,'2024-06-23 22:14:49','2024-06-23 22:14:49'),
 (98,159,72,8,NULL,NULL,1,NULL,0,0,NULL,'2024-06-23 22:14:49','2024-06-23 22:14:49'),
 (99,110,72,7,NULL,NULL,0,NULL,0,0,NULL,'2024-06-23 22:14:49','2024-06-23 22:14:49'),
 (100,173,110,2,NULL,NULL,0,NULL,0,0,NULL,'2024-06-23 22:14:49','2024-06-23 22:14:49'),
 (101,61,51,1,NULL,NULL,1,NULL,0,0,NULL,'2024-06-23 22:14:49','2024-06-23 22:14:49'),
 (102,94,51,1,NULL,NULL,1,NULL,0,0,NULL,'2024-06-23 22:14:49','2024-06-23 22:14:49'),
 (103,61,9,1,NULL,NULL,1,NULL,0,0,NULL,'2024-06-23 22:14:49','2024-06-23 22:14:49'),
 (104,94,9,1,NULL,NULL,1,NULL,0,0,NULL,'2024-06-23 22:14:49','2024-06-23 22:14:49'),
 (105,94,61,4,NULL,NULL,1,NULL,0,0,NULL,'2024-06-23 22:14:49','2024-06-23 22:14:49'),
 (106,9,62,8,NULL,NULL,1,NULL,0,0,NULL,'2024-06-23 22:14:49','2024-06-23 22:14:49'),
 (107,61,62,8,NULL,NULL,1,NULL,0,0,NULL,'2024-06-23 22:14:49','2024-06-23 22:14:49'),
 (108,94,62,8,NULL,NULL,1,NULL,0,0,NULL,'2024-06-23 22:14:49','2024-06-23 22:14:49'),
 (109,51,62,7,NULL,NULL,1,NULL,0,0,NULL,'2024-06-23 22:14:49','2024-06-23 22:14:49'),
 (110,9,51,2,NULL,NULL,1,NULL,0,0,NULL,'2024-06-23 22:14:49','2024-06-23 22:14:49'),
 (111,119,29,1,NULL,NULL,1,NULL,0,0,NULL,'2024-06-23 22:14:49','2024-06-23 22:14:49'),
 (112,133,29,1,NULL,NULL,1,NULL,0,0,NULL,'2024-06-23 22:14:49','2024-06-23 22:14:49'),
 (113,119,26,1,NULL,NULL,1,NULL,0,0,NULL,'2024-06-23 22:14:49','2024-06-23 22:14:49'),
 (114,133,26,1,NULL,NULL,1,NULL,0,0,NULL,'2024-06-23 22:14:49','2024-06-23 22:14:49'),
 (115,133,119,4,NULL,NULL,1,NULL,0,0,NULL,'2024-06-23 22:14:49','2024-06-23 22:14:49'),
 (116,26,188,8,NULL,NULL,1,NULL,0,0,NULL,'2024-06-23 22:14:49','2024-06-23 22:14:49'),
 (117,119,188,8,NULL,NULL,1,NULL,0,0,NULL,'2024-06-23 22:14:49','2024-06-23 22:14:49'),
 (118,133,188,8,NULL,NULL,1,NULL,0,0,NULL,'2024-06-23 22:14:49','2024-06-23 22:14:49'),
 (119,29,188,7,NULL,NULL,1,NULL,0,0,NULL,'2024-06-23 22:14:49','2024-06-23 22:14:49'),
 (120,26,29,2,NULL,NULL,1,NULL,0,0,NULL,'2024-06-23 22:14:49','2024-06-23 22:14:49'),
 (121,80,150,1,NULL,NULL,1,NULL,0,0,NULL,'2024-06-23 22:14:49','2024-06-23 22:14:49'),
 (122,143,150,1,NULL,NULL,1,NULL,0,0,NULL,'2024-06-23 22:14:49','2024-06-23 22:14:49'),
 (123,80,170,1,NULL,NULL,1,NULL,0,0,NULL,'2024-06-23 22:14:49','2024-06-23 22:14:49'),
 (124,143,170,1,NULL,NULL,1,NULL,0,0,NULL,'2024-06-23 22:14:49','2024-06-23 22:14:49'),
 (125,143,80,4,NULL,NULL,1,NULL,0,0,NULL,'2024-06-23 22:14:49','2024-06-23 22:14:49'),
 (126,170,16,8,NULL,NULL,1,NULL,0,0,NULL,'2024-06-23 22:14:49','2024-06-23 22:14:49'),
 (127,80,16,8,NULL,NULL,1,NULL,0,0,NULL,'2024-06-23 22:14:49','2024-06-23 22:14:49'),
 (128,143,16,8,NULL,NULL,1,NULL,0,0,NULL,'2024-06-23 22:14:49','2024-06-23 22:14:49'),
 (129,150,16,7,NULL,NULL,1,NULL,0,0,NULL,'2024-06-23 22:14:49','2024-06-23 22:14:49'),
 (130,170,150,2,NULL,NULL,1,NULL,0,0,NULL,'2024-06-23 22:14:49','2024-06-23 22:14:49'),
 (131,25,44,1,NULL,NULL,1,NULL,0,0,NULL,'2024-06-23 22:14:49','2024-06-23 22:14:49'),
 (132,68,44,1,NULL,NULL,1,NULL,0,0,NULL,'2024-06-23 22:14:49','2024-06-23 22:14:49'),
 (133,25,7,1,NULL,NULL,1,NULL,0,0,NULL,'2024-06-23 22:14:49','2024-06-23 22:14:49'),
 (134,68,7,1,NULL,NULL,1,NULL,0,0,NULL,'2024-06-23 22:14:49','2024-06-23 22:14:49'),
 (135,68,25,4,NULL,NULL,1,NULL,0,0,NULL,'2024-06-23 22:14:49','2024-06-23 22:14:49'),
 (136,7,103,8,NULL,NULL,1,NULL,0,0,NULL,'2024-06-23 22:14:49','2024-06-23 22:14:49'),
 (137,25,103,8,NULL,NULL,1,NULL,0,0,NULL,'2024-06-23 22:14:49','2024-06-23 22:14:49'),
 (138,68,103,8,NULL,NULL,1,NULL,0,0,NULL,'2024-06-23 22:14:49','2024-06-23 22:14:49'),
 (139,44,103,7,NULL,NULL,1,NULL,0,0,NULL,'2024-06-23 22:14:49','2024-06-23 22:14:49'),
 (140,7,44,2,NULL,NULL,1,NULL,0,0,NULL,'2024-06-23 22:14:49','2024-06-23 22:14:49'),
 (141,172,96,1,NULL,NULL,1,NULL,0,0,NULL,'2024-06-23 22:14:49','2024-06-23 22:14:49'),
 (142,105,96,1,NULL,NULL,1,NULL,0,0,NULL,'2024-06-23 22:14:49','2024-06-23 22:14:49'),
 (143,172,112,1,NULL,NULL,1,NULL,0,0,NULL,'2024-06-23 22:14:49','2024-06-23 22:14:49'),
 (144,105,112,1,NULL,NULL,1,NULL,0,0,NULL,'2024-06-23 22:14:49','2024-06-23 22:14:49'),
 (145,105,172,4,NULL,NULL,1,NULL,0,0,NULL,'2024-06-23 22:14:49','2024-06-23 22:14:49'),
 (146,112,93,8,NULL,NULL,1,NULL,0,0,NULL,'2024-06-23 22:14:49','2024-06-23 22:14:49'),
 (147,172,93,8,NULL,NULL,1,NULL,0,0,NULL,'2024-06-23 22:14:49','2024-06-23 22:14:49'),
 (148,105,93,8,NULL,NULL,1,NULL,0,0,NULL,'2024-06-23 22:14:49','2024-06-23 22:14:49'),
 (149,96,93,7,NULL,NULL,0,NULL,0,0,NULL,'2024-06-23 22:14:49','2024-06-23 22:14:49'),
 (150,112,96,2,NULL,NULL,0,NULL,0,0,NULL,'2024-06-23 22:14:49','2024-06-23 22:14:49'),
 (151,73,192,1,NULL,NULL,1,NULL,0,0,NULL,'2024-06-23 22:14:49','2024-06-23 22:14:49'),
 (152,63,192,1,NULL,NULL,1,NULL,0,0,NULL,'2024-06-23 22:14:49','2024-06-23 22:14:49'),
 (153,73,176,1,NULL,NULL,1,NULL,0,0,NULL,'2024-06-23 22:14:49','2024-06-23 22:14:49'),
 (154,63,176,1,NULL,NULL,1,NULL,0,0,NULL,'2024-06-23 22:14:49','2024-06-23 22:14:49'),
 (155,63,73,4,NULL,NULL,1,NULL,0,0,NULL,'2024-06-23 22:14:49','2024-06-23 22:14:49'),
 (156,176,22,8,NULL,NULL,1,NULL,0,0,NULL,'2024-06-23 22:14:49','2024-06-23 22:14:49'),
 (157,73,22,8,NULL,NULL,1,NULL,0,0,NULL,'2024-06-23 22:14:49','2024-06-23 22:14:49'),
 (158,63,22,8,NULL,NULL,1,NULL,0,0,NULL,'2024-06-23 22:14:49','2024-06-23 22:14:49'),
 (159,192,22,7,NULL,NULL,1,NULL,0,0,NULL,'2024-06-23 22:14:49','2024-06-23 22:14:49'),
 (160,176,192,2,NULL,NULL,1,NULL,0,0,NULL,'2024-06-23 22:14:49','2024-06-23 22:14:49'),
 (161,45,8,1,NULL,NULL,1,NULL,0,0,NULL,'2024-06-23 22:14:49','2024-06-23 22:14:49'),
 (162,107,8,1,NULL,NULL,1,NULL,0,0,NULL,'2024-06-23 22:14:49','2024-06-23 22:14:49'),
 (163,45,158,1,NULL,NULL,1,NULL,0,0,NULL,'2024-06-23 22:14:49','2024-06-23 22:14:49'),
 (164,107,158,1,NULL,NULL,1,NULL,0,0,NULL,'2024-06-23 22:14:49','2024-06-23 22:14:49'),
 (165,107,45,4,NULL,NULL,1,NULL,0,0,NULL,'2024-06-23 22:14:49','2024-06-23 22:14:49'),
 (166,158,195,8,NULL,NULL,1,NULL,0,0,NULL,'2024-06-23 22:14:49','2024-06-23 22:14:49'),
 (167,45,195,8,NULL,NULL,1,NULL,0,0,NULL,'2024-06-23 22:14:49','2024-06-23 22:14:49'),
 (168,107,195,8,NULL,NULL,1,NULL,0,0,NULL,'2024-06-23 22:14:49','2024-06-23 22:14:49'),
 (169,8,195,7,NULL,NULL,1,NULL,0,0,NULL,'2024-06-23 22:14:49','2024-06-23 22:14:49'),
 (170,158,8,2,NULL,NULL,1,NULL,0,0,NULL,'2024-06-23 22:14:49','2024-06-23 22:14:49'),
 (171,155,99,1,NULL,NULL,1,NULL,0,0,NULL,'2024-06-23 22:14:49','2024-06-23 22:14:49'),
 (172,98,99,1,NULL,NULL,1,NULL,0,0,NULL,'2024-06-23 22:14:49','2024-06-23 22:14:49'),
 (173,155,106,1,NULL,NULL,1,NULL,0,0,NULL,'2024-06-23 22:14:49','2024-06-23 22:14:49'),
 (174,98,106,1,NULL,NULL,1,NULL,0,0,NULL,'2024-06-23 22:14:49','2024-06-23 22:14:49'),
 (175,98,155,4,NULL,NULL,1,NULL,0,0,NULL,'2024-06-23 22:14:49','2024-06-23 22:14:49'),
 (176,106,169,8,NULL,NULL,1,NULL,0,0,NULL,'2024-06-23 22:14:49','2024-06-23 22:14:49'),
 (177,155,169,8,NULL,NULL,1,NULL,0,0,NULL,'2024-06-23 22:14:49','2024-06-23 22:14:49'),
 (178,98,169,8,NULL,NULL,1,NULL,0,0,NULL,'2024-06-23 22:14:49','2024-06-23 22:14:49'),
 (179,99,169,7,NULL,NULL,1,NULL,0,0,NULL,'2024-06-23 22:14:49','2024-06-23 22:14:49'),
 (180,106,99,2,NULL,NULL,1,NULL,0,0,NULL,'2024-06-23 22:14:49','2024-06-23 22:14:49'),
 (181,3,37,1,NULL,NULL,1,NULL,0,0,NULL,'2024-06-23 22:14:49','2024-06-23 22:14:49'),
 (182,201,37,1,NULL,NULL,1,NULL,0,0,NULL,'2024-06-23 22:14:49','2024-06-23 22:14:49'),
 (183,3,66,1,NULL,NULL,1,NULL,0,0,NULL,'2024-06-23 22:14:49','2024-06-23 22:14:49'),
 (184,201,66,1,NULL,NULL,1,NULL,0,0,NULL,'2024-06-23 22:14:49','2024-06-23 22:14:49'),
 (185,201,3,4,NULL,NULL,1,NULL,0,0,NULL,'2024-06-23 22:14:49','2024-06-23 22:14:49'),
 (186,66,185,8,NULL,NULL,1,NULL,0,0,NULL,'2024-06-23 22:14:49','2024-06-23 22:14:49'),
 (187,3,185,8,NULL,NULL,1,NULL,0,0,NULL,'2024-06-23 22:14:49','2024-06-23 22:14:49'),
 (188,201,185,8,NULL,NULL,1,NULL,0,0,NULL,'2024-06-23 22:14:49','2024-06-23 22:14:49'),
 (189,37,185,7,NULL,NULL,0,NULL,0,0,NULL,'2024-06-23 22:14:49','2024-06-23 22:14:49'),
 (190,66,37,2,NULL,NULL,0,NULL,0,0,NULL,'2024-06-23 22:14:49','2024-06-23 22:14:49'),
 (191,54,65,1,NULL,NULL,1,NULL,0,0,NULL,'2024-06-23 22:14:49','2024-06-23 22:14:49'),
 (192,149,65,1,NULL,NULL,1,NULL,0,0,NULL,'2024-06-23 22:14:49','2024-06-23 22:14:49'),
 (193,54,187,1,NULL,NULL,1,NULL,0,0,NULL,'2024-06-23 22:14:49','2024-06-23 22:14:49'),
 (194,149,187,1,NULL,NULL,1,NULL,0,0,NULL,'2024-06-23 22:14:49','2024-06-23 22:14:49'),
 (195,149,54,4,NULL,NULL,1,NULL,0,0,NULL,'2024-06-23 22:14:49','2024-06-23 22:14:49'),
 (196,187,164,8,NULL,NULL,1,NULL,0,0,NULL,'2024-06-23 22:14:49','2024-06-23 22:14:49'),
 (197,54,164,8,NULL,NULL,1,NULL,0,0,NULL,'2024-06-23 22:14:49','2024-06-23 22:14:49'),
 (198,149,164,8,NULL,NULL,1,NULL,0,0,NULL,'2024-06-23 22:14:49','2024-06-23 22:14:49'),
 (199,65,164,7,NULL,NULL,1,NULL,0,0,NULL,'2024-06-23 22:14:49','2024-06-23 22:14:49'),
 (200,187,65,2,NULL,NULL,1,NULL,0,0,NULL,'2024-06-23 22:14:49','2024-06-23 22:14:49'),
 (201,124,5,5,NULL,NULL,1,NULL,0,0,NULL,'2024-06-23 22:14:49','2024-06-23 22:14:49'),
 (202,170,10,5,NULL,NULL,1,NULL,0,0,NULL,'2024-06-23 22:14:49','2024-06-23 22:14:49'),
 (203,130,21,5,NULL,NULL,1,NULL,0,0,NULL,'2024-06-23 22:14:49','2024-06-23 22:14:49'),
 (204,67,36,5,NULL,NULL,1,NULL,0,0,NULL,'2024-06-23 22:14:49','2024-06-23 22:14:49'),
 (205,181,38,5,NULL,NULL,1,NULL,0,0,NULL,'2024-06-23 22:14:49','2024-06-23 22:14:49'),
 (206,116,56,5,NULL,NULL,1,NULL,0,0,NULL,'2024-06-23 22:14:49','2024-06-23 22:14:49'),
 (207,154,79,5,NULL,NULL,1,NULL,0,0,NULL,'2024-06-23 22:14:49','2024-06-23 22:14:49'),
 (208,85,90,5,NULL,NULL,1,NULL,0,0,NULL,'2024-06-23 22:14:49','2024-06-23 22:14:49'),
 (209,151,101,5,NULL,NULL,1,NULL,0,0,NULL,'2024-06-23 22:14:49','2024-06-23 22:14:49'),
 (210,69,111,5,NULL,NULL,1,NULL,0,0,NULL,'2024-06-23 22:14:49','2024-06-23 22:14:49'),
 (211,129,122,5,NULL,NULL,1,NULL,0,0,NULL,'2024-06-23 22:14:49','2024-06-23 22:14:49'),
 (212,66,134,5,NULL,NULL,1,NULL,0,0,NULL,'2024-06-23 22:14:49','2024-06-23 22:14:49'),
 (213,35,135,5,NULL,NULL,1,NULL,0,0,NULL,'2024-06-23 22:14:49','2024-06-23 22:14:49'),
 (214,25,157,5,NULL,NULL,1,NULL,0,0,NULL,'2024-06-23 22:14:49','2024-06-23 22:14:49'),
 (215,139,160,5,NULL,NULL,1,NULL,0,0,NULL,'2024-06-23 22:14:49','2024-06-23 22:14:49'),
 (216,6,190,5,NULL,NULL,1,NULL,0,0,NULL,'2024-06-23 22:14:49','2024-06-23 22:14:49');
/*!40000 ALTER TABLE `civicrm_relationship` ENABLE KEYS */;
UNLOCK TABLES;

--
-- Dumping data for table `civicrm_relationship_cache`
--

LOCK TABLES `civicrm_relationship_cache` WRITE;
/*!40000 ALTER TABLE `civicrm_relationship_cache` DISABLE KEYS */;
INSERT INTO `civicrm_relationship_cache` (`id`, `relationship_id`, `relationship_type_id`, `orientation`, `near_contact_id`, `near_relation`, `far_contact_id`, `far_relation`, `is_active`, `start_date`, `end_date`, `case_id`) VALUES
 (1,1,1,'a_b',117,'Child of',197,'Parent of',1,NULL,NULL,NULL),
 (2,1,1,'b_a',197,'Parent of',117,'Child of',1,NULL,NULL,NULL),
 (3,2,1,'a_b',41,'Child of',197,'Parent of',1,NULL,NULL,NULL),
 (4,2,1,'b_a',197,'Parent of',41,'Child of',1,NULL,NULL,NULL),
 (5,3,1,'a_b',117,'Child of',130,'Parent of',1,NULL,NULL,NULL),
 (6,3,1,'b_a',130,'Parent of',117,'Child of',1,NULL,NULL,NULL),
 (7,4,1,'a_b',41,'Child of',130,'Parent of',1,NULL,NULL,NULL),
 (8,4,1,'b_a',130,'Parent of',41,'Child of',1,NULL,NULL,NULL),
 (9,5,4,'a_b',41,'Sibling of',117,'Sibling of',1,NULL,NULL,NULL),
 (10,5,4,'b_a',117,'Sibling of',41,'Sibling of',1,NULL,NULL,NULL),
 (11,6,8,'a_b',130,'Household Member of',118,'Household Member is',1,NULL,NULL,NULL),
 (12,6,8,'b_a',118,'Household Member is',130,'Household Member of',1,NULL,NULL,NULL),
 (13,7,8,'a_b',117,'Household Member of',118,'Household Member is',1,NULL,NULL,NULL),
 (14,7,8,'b_a',118,'Household Member is',117,'Household Member of',1,NULL,NULL,NULL),
 (15,8,8,'a_b',41,'Household Member of',118,'Household Member is',1,NULL,NULL,NULL),
 (16,8,8,'b_a',118,'Household Member is',41,'Household Member of',1,NULL,NULL,NULL),
 (17,9,7,'a_b',197,'Head of Household for',118,'Head of Household is',1,NULL,NULL,NULL),
 (18,9,7,'b_a',118,'Head of Household is',197,'Head of Household for',1,NULL,NULL,NULL),
 (19,10,2,'a_b',130,'Spouse of',197,'Spouse of',1,NULL,NULL,NULL),
 (20,10,2,'b_a',197,'Spouse of',130,'Spouse of',1,NULL,NULL,NULL),
 (21,11,1,'a_b',136,'Child of',127,'Parent of',1,NULL,NULL,NULL),
 (22,11,1,'b_a',127,'Parent of',136,'Child of',1,NULL,NULL,NULL),
 (23,12,1,'a_b',57,'Child of',127,'Parent of',1,NULL,NULL,NULL),
 (24,12,1,'b_a',127,'Parent of',57,'Child of',1,NULL,NULL,NULL),
 (25,13,1,'a_b',136,'Child of',191,'Parent of',1,NULL,NULL,NULL),
 (26,13,1,'b_a',191,'Parent of',136,'Child of',1,NULL,NULL,NULL),
 (27,14,1,'a_b',57,'Child of',191,'Parent of',1,NULL,NULL,NULL),
 (28,14,1,'b_a',191,'Parent of',57,'Child of',1,NULL,NULL,NULL),
 (29,15,4,'a_b',57,'Sibling of',136,'Sibling of',1,NULL,NULL,NULL),
 (30,15,4,'b_a',136,'Sibling of',57,'Sibling of',1,NULL,NULL,NULL),
 (31,16,8,'a_b',191,'Household Member of',125,'Household Member is',1,NULL,NULL,NULL),
 (32,16,8,'b_a',125,'Household Member is',191,'Household Member of',1,NULL,NULL,NULL),
 (33,17,8,'a_b',136,'Household Member of',125,'Household Member is',1,NULL,NULL,NULL),
 (34,17,8,'b_a',125,'Household Member is',136,'Household Member of',1,NULL,NULL,NULL),
 (35,18,8,'a_b',57,'Household Member of',125,'Household Member is',1,NULL,NULL,NULL),
 (36,18,8,'b_a',125,'Household Member is',57,'Household Member of',1,NULL,NULL,NULL),
 (37,19,7,'a_b',127,'Head of Household for',125,'Head of Household is',1,NULL,NULL,NULL),
 (38,19,7,'b_a',125,'Head of Household is',127,'Head of Household for',1,NULL,NULL,NULL),
 (39,20,2,'a_b',191,'Spouse of',127,'Spouse of',1,NULL,NULL,NULL),
 (40,20,2,'b_a',127,'Spouse of',191,'Spouse of',1,NULL,NULL,NULL),
 (41,21,1,'a_b',39,'Child of',167,'Parent of',1,NULL,NULL,NULL),
 (42,21,1,'b_a',167,'Parent of',39,'Child of',1,NULL,NULL,NULL),
 (43,22,1,'a_b',15,'Child of',167,'Parent of',1,NULL,NULL,NULL),
 (44,22,1,'b_a',167,'Parent of',15,'Child of',1,NULL,NULL,NULL),
 (45,23,1,'a_b',39,'Child of',108,'Parent of',1,NULL,NULL,NULL),
 (46,23,1,'b_a',108,'Parent of',39,'Child of',1,NULL,NULL,NULL),
 (47,24,1,'a_b',15,'Child of',108,'Parent of',1,NULL,NULL,NULL),
 (48,24,1,'b_a',108,'Parent of',15,'Child of',1,NULL,NULL,NULL),
 (49,25,4,'a_b',15,'Sibling of',39,'Sibling of',1,NULL,NULL,NULL),
 (50,25,4,'b_a',39,'Sibling of',15,'Sibling of',1,NULL,NULL,NULL),
 (51,26,8,'a_b',108,'Household Member of',114,'Household Member is',1,NULL,NULL,NULL),
 (52,26,8,'b_a',114,'Household Member is',108,'Household Member of',1,NULL,NULL,NULL),
 (53,27,8,'a_b',39,'Household Member of',114,'Household Member is',1,NULL,NULL,NULL),
 (54,27,8,'b_a',114,'Household Member is',39,'Household Member of',1,NULL,NULL,NULL),
 (55,28,8,'a_b',15,'Household Member of',114,'Household Member is',1,NULL,NULL,NULL),
 (56,28,8,'b_a',114,'Household Member is',15,'Household Member of',1,NULL,NULL,NULL),
 (57,29,7,'a_b',167,'Head of Household for',114,'Head of Household is',1,NULL,NULL,NULL),
 (58,29,7,'b_a',114,'Head of Household is',167,'Head of Household for',1,NULL,NULL,NULL),
 (59,30,2,'a_b',108,'Spouse of',167,'Spouse of',1,NULL,NULL,NULL),
 (60,30,2,'b_a',167,'Spouse of',108,'Spouse of',1,NULL,NULL,NULL),
 (61,31,1,'a_b',113,'Child of',144,'Parent of',1,NULL,NULL,NULL),
 (62,31,1,'b_a',144,'Parent of',113,'Child of',1,NULL,NULL,NULL),
 (63,32,1,'a_b',60,'Child of',144,'Parent of',1,NULL,NULL,NULL),
 (64,32,1,'b_a',144,'Parent of',60,'Child of',1,NULL,NULL,NULL),
 (65,33,1,'a_b',113,'Child of',115,'Parent of',1,NULL,NULL,NULL),
 (66,33,1,'b_a',115,'Parent of',113,'Child of',1,NULL,NULL,NULL),
 (67,34,1,'a_b',60,'Child of',115,'Parent of',1,NULL,NULL,NULL),
 (68,34,1,'b_a',115,'Parent of',60,'Child of',1,NULL,NULL,NULL),
 (69,35,4,'a_b',60,'Sibling of',113,'Sibling of',1,NULL,NULL,NULL),
 (70,35,4,'b_a',113,'Sibling of',60,'Sibling of',1,NULL,NULL,NULL),
 (71,36,8,'a_b',115,'Household Member of',48,'Household Member is',1,NULL,NULL,NULL),
 (72,36,8,'b_a',48,'Household Member is',115,'Household Member of',1,NULL,NULL,NULL),
 (73,37,8,'a_b',113,'Household Member of',48,'Household Member is',1,NULL,NULL,NULL),
 (74,37,8,'b_a',48,'Household Member is',113,'Household Member of',1,NULL,NULL,NULL),
 (75,38,8,'a_b',60,'Household Member of',48,'Household Member is',1,NULL,NULL,NULL),
 (76,38,8,'b_a',48,'Household Member is',60,'Household Member of',1,NULL,NULL,NULL),
 (77,39,7,'a_b',144,'Head of Household for',48,'Head of Household is',1,NULL,NULL,NULL),
 (78,39,7,'b_a',48,'Head of Household is',144,'Head of Household for',1,NULL,NULL,NULL),
 (79,40,2,'a_b',115,'Spouse of',144,'Spouse of',1,NULL,NULL,NULL),
 (80,40,2,'b_a',144,'Spouse of',115,'Spouse of',1,NULL,NULL,NULL),
 (81,41,1,'a_b',76,'Child of',74,'Parent of',1,NULL,NULL,NULL),
 (82,41,1,'b_a',74,'Parent of',76,'Child of',1,NULL,NULL,NULL),
 (83,42,1,'a_b',86,'Child of',74,'Parent of',1,NULL,NULL,NULL),
 (84,42,1,'b_a',74,'Parent of',86,'Child of',1,NULL,NULL,NULL),
 (85,43,1,'a_b',76,'Child of',183,'Parent of',1,NULL,NULL,NULL),
 (86,43,1,'b_a',183,'Parent of',76,'Child of',1,NULL,NULL,NULL),
 (87,44,1,'a_b',86,'Child of',183,'Parent of',1,NULL,NULL,NULL),
 (88,44,1,'b_a',183,'Parent of',86,'Child of',1,NULL,NULL,NULL),
 (89,45,4,'a_b',86,'Sibling of',76,'Sibling of',1,NULL,NULL,NULL),
 (90,45,4,'b_a',76,'Sibling of',86,'Sibling of',1,NULL,NULL,NULL),
 (91,46,8,'a_b',183,'Household Member of',43,'Household Member is',1,NULL,NULL,NULL),
 (92,46,8,'b_a',43,'Household Member is',183,'Household Member of',1,NULL,NULL,NULL),
 (93,47,8,'a_b',76,'Household Member of',43,'Household Member is',1,NULL,NULL,NULL),
 (94,47,8,'b_a',43,'Household Member is',76,'Household Member of',1,NULL,NULL,NULL),
 (95,48,8,'a_b',86,'Household Member of',43,'Household Member is',1,NULL,NULL,NULL),
 (96,48,8,'b_a',43,'Household Member is',86,'Household Member of',1,NULL,NULL,NULL),
 (97,49,7,'a_b',74,'Head of Household for',43,'Head of Household is',1,NULL,NULL,NULL),
 (98,49,7,'b_a',43,'Head of Household is',74,'Head of Household for',1,NULL,NULL,NULL),
 (99,50,2,'a_b',183,'Spouse of',74,'Spouse of',1,NULL,NULL,NULL),
 (100,50,2,'b_a',74,'Spouse of',183,'Spouse of',1,NULL,NULL,NULL),
 (101,51,1,'a_b',120,'Child of',109,'Parent of',1,NULL,NULL,NULL),
 (102,51,1,'b_a',109,'Parent of',120,'Child of',1,NULL,NULL,NULL),
 (103,52,1,'a_b',59,'Child of',109,'Parent of',1,NULL,NULL,NULL),
 (104,52,1,'b_a',109,'Parent of',59,'Child of',1,NULL,NULL,NULL),
 (105,53,1,'a_b',120,'Child of',116,'Parent of',1,NULL,NULL,NULL),
 (106,53,1,'b_a',116,'Parent of',120,'Child of',1,NULL,NULL,NULL),
 (107,54,1,'a_b',59,'Child of',116,'Parent of',1,NULL,NULL,NULL),
 (108,54,1,'b_a',116,'Parent of',59,'Child of',1,NULL,NULL,NULL),
 (109,55,4,'a_b',59,'Sibling of',120,'Sibling of',1,NULL,NULL,NULL),
 (110,55,4,'b_a',120,'Sibling of',59,'Sibling of',1,NULL,NULL,NULL),
 (111,56,8,'a_b',116,'Household Member of',145,'Household Member is',1,NULL,NULL,NULL),
 (112,56,8,'b_a',145,'Household Member is',116,'Household Member of',1,NULL,NULL,NULL),
 (113,57,8,'a_b',120,'Household Member of',145,'Household Member is',1,NULL,NULL,NULL),
 (114,57,8,'b_a',145,'Household Member is',120,'Household Member of',1,NULL,NULL,NULL),
 (115,58,8,'a_b',59,'Household Member of',145,'Household Member is',1,NULL,NULL,NULL),
 (116,58,8,'b_a',145,'Household Member is',59,'Household Member of',1,NULL,NULL,NULL),
 (117,59,7,'a_b',109,'Head of Household for',145,'Head of Household is',1,NULL,NULL,NULL),
 (118,59,7,'b_a',145,'Head of Household is',109,'Head of Household for',1,NULL,NULL,NULL),
 (119,60,2,'a_b',116,'Spouse of',109,'Spouse of',1,NULL,NULL,NULL),
 (120,60,2,'b_a',109,'Spouse of',116,'Spouse of',1,NULL,NULL,NULL),
 (121,61,1,'a_b',151,'Child of',121,'Parent of',1,NULL,NULL,NULL),
 (122,61,1,'b_a',121,'Parent of',151,'Child of',1,NULL,NULL,NULL),
 (123,62,1,'a_b',156,'Child of',121,'Parent of',1,NULL,NULL,NULL),
 (124,62,1,'b_a',121,'Parent of',156,'Child of',1,NULL,NULL,NULL),
 (125,63,1,'a_b',151,'Child of',55,'Parent of',1,NULL,NULL,NULL),
 (126,63,1,'b_a',55,'Parent of',151,'Child of',1,NULL,NULL,NULL),
 (127,64,1,'a_b',156,'Child of',55,'Parent of',1,NULL,NULL,NULL),
 (128,64,1,'b_a',55,'Parent of',156,'Child of',1,NULL,NULL,NULL),
 (129,65,4,'a_b',156,'Sibling of',151,'Sibling of',1,NULL,NULL,NULL),
 (130,65,4,'b_a',151,'Sibling of',156,'Sibling of',1,NULL,NULL,NULL),
 (131,66,8,'a_b',55,'Household Member of',88,'Household Member is',1,NULL,NULL,NULL),
 (132,66,8,'b_a',88,'Household Member is',55,'Household Member of',1,NULL,NULL,NULL),
 (133,67,8,'a_b',151,'Household Member of',88,'Household Member is',1,NULL,NULL,NULL),
 (134,67,8,'b_a',88,'Household Member is',151,'Household Member of',1,NULL,NULL,NULL),
 (135,68,8,'a_b',156,'Household Member of',88,'Household Member is',1,NULL,NULL,NULL),
 (136,68,8,'b_a',88,'Household Member is',156,'Household Member of',1,NULL,NULL,NULL),
 (137,69,7,'a_b',121,'Head of Household for',88,'Head of Household is',0,NULL,NULL,NULL),
 (138,69,7,'b_a',88,'Head of Household is',121,'Head of Household for',0,NULL,NULL,NULL),
 (139,70,2,'a_b',55,'Spouse of',121,'Spouse of',0,NULL,NULL,NULL),
 (140,70,2,'b_a',121,'Spouse of',55,'Spouse of',0,NULL,NULL,NULL),
 (141,71,1,'a_b',58,'Child of',148,'Parent of',1,NULL,NULL,NULL),
 (142,71,1,'b_a',148,'Parent of',58,'Child of',1,NULL,NULL,NULL),
 (143,72,1,'a_b',84,'Child of',148,'Parent of',1,NULL,NULL,NULL),
 (144,72,1,'b_a',148,'Parent of',84,'Child of',1,NULL,NULL,NULL),
 (145,73,1,'a_b',58,'Child of',31,'Parent of',1,NULL,NULL,NULL),
 (146,73,1,'b_a',31,'Parent of',58,'Child of',1,NULL,NULL,NULL),
 (147,74,1,'a_b',84,'Child of',31,'Parent of',1,NULL,NULL,NULL),
 (148,74,1,'b_a',31,'Parent of',84,'Child of',1,NULL,NULL,NULL),
 (149,75,4,'a_b',84,'Sibling of',58,'Sibling of',1,NULL,NULL,NULL),
 (150,75,4,'b_a',58,'Sibling of',84,'Sibling of',1,NULL,NULL,NULL),
 (151,76,8,'a_b',31,'Household Member of',49,'Household Member is',1,NULL,NULL,NULL),
 (152,76,8,'b_a',49,'Household Member is',31,'Household Member of',1,NULL,NULL,NULL),
 (153,77,8,'a_b',58,'Household Member of',49,'Household Member is',1,NULL,NULL,NULL),
 (154,77,8,'b_a',49,'Household Member is',58,'Household Member of',1,NULL,NULL,NULL),
 (155,78,8,'a_b',84,'Household Member of',49,'Household Member is',1,NULL,NULL,NULL),
 (156,78,8,'b_a',49,'Household Member is',84,'Household Member of',1,NULL,NULL,NULL),
 (157,79,7,'a_b',148,'Head of Household for',49,'Head of Household is',0,NULL,NULL,NULL),
 (158,79,7,'b_a',49,'Head of Household is',148,'Head of Household for',0,NULL,NULL,NULL),
 (159,80,2,'a_b',31,'Spouse of',148,'Spouse of',0,NULL,NULL,NULL),
 (160,80,2,'b_a',148,'Spouse of',31,'Spouse of',0,NULL,NULL,NULL),
 (161,81,1,'a_b',91,'Child of',77,'Parent of',1,NULL,NULL,NULL),
 (162,81,1,'b_a',77,'Parent of',91,'Child of',1,NULL,NULL,NULL),
 (163,82,1,'a_b',19,'Child of',77,'Parent of',1,NULL,NULL,NULL),
 (164,82,1,'b_a',77,'Parent of',19,'Child of',1,NULL,NULL,NULL),
 (165,83,1,'a_b',91,'Child of',23,'Parent of',1,NULL,NULL,NULL),
 (166,83,1,'b_a',23,'Parent of',91,'Child of',1,NULL,NULL,NULL),
 (167,84,1,'a_b',19,'Child of',23,'Parent of',1,NULL,NULL,NULL),
 (168,84,1,'b_a',23,'Parent of',19,'Child of',1,NULL,NULL,NULL),
 (169,85,4,'a_b',19,'Sibling of',91,'Sibling of',1,NULL,NULL,NULL),
 (170,85,4,'b_a',91,'Sibling of',19,'Sibling of',1,NULL,NULL,NULL),
 (171,86,8,'a_b',23,'Household Member of',30,'Household Member is',1,NULL,NULL,NULL),
 (172,86,8,'b_a',30,'Household Member is',23,'Household Member of',1,NULL,NULL,NULL),
 (173,87,8,'a_b',91,'Household Member of',30,'Household Member is',1,NULL,NULL,NULL),
 (174,87,8,'b_a',30,'Household Member is',91,'Household Member of',1,NULL,NULL,NULL),
 (175,88,8,'a_b',19,'Household Member of',30,'Household Member is',1,NULL,NULL,NULL),
 (176,88,8,'b_a',30,'Household Member is',19,'Household Member of',1,NULL,NULL,NULL),
 (177,89,7,'a_b',77,'Head of Household for',30,'Head of Household is',1,NULL,NULL,NULL),
 (178,89,7,'b_a',30,'Head of Household is',77,'Head of Household for',1,NULL,NULL,NULL),
 (179,90,2,'a_b',23,'Spouse of',77,'Spouse of',1,NULL,NULL,NULL),
 (180,90,2,'b_a',77,'Spouse of',23,'Spouse of',1,NULL,NULL,NULL),
 (181,91,1,'a_b',138,'Child of',110,'Parent of',1,NULL,NULL,NULL),
 (182,91,1,'b_a',110,'Parent of',138,'Child of',1,NULL,NULL,NULL),
 (183,92,1,'a_b',159,'Child of',110,'Parent of',1,NULL,NULL,NULL),
 (184,92,1,'b_a',110,'Parent of',159,'Child of',1,NULL,NULL,NULL),
 (185,93,1,'a_b',138,'Child of',173,'Parent of',1,NULL,NULL,NULL),
 (186,93,1,'b_a',173,'Parent of',138,'Child of',1,NULL,NULL,NULL),
 (187,94,1,'a_b',159,'Child of',173,'Parent of',1,NULL,NULL,NULL),
 (188,94,1,'b_a',173,'Parent of',159,'Child of',1,NULL,NULL,NULL),
 (189,95,4,'a_b',159,'Sibling of',138,'Sibling of',1,NULL,NULL,NULL),
 (190,95,4,'b_a',138,'Sibling of',159,'Sibling of',1,NULL,NULL,NULL),
 (191,96,8,'a_b',173,'Household Member of',72,'Household Member is',1,NULL,NULL,NULL),
 (192,96,8,'b_a',72,'Household Member is',173,'Household Member of',1,NULL,NULL,NULL),
 (193,97,8,'a_b',138,'Household Member of',72,'Household Member is',1,NULL,NULL,NULL),
 (194,97,8,'b_a',72,'Household Member is',138,'Household Member of',1,NULL,NULL,NULL),
 (195,98,8,'a_b',159,'Household Member of',72,'Household Member is',1,NULL,NULL,NULL),
 (196,98,8,'b_a',72,'Household Member is',159,'Household Member of',1,NULL,NULL,NULL),
 (197,99,7,'a_b',110,'Head of Household for',72,'Head of Household is',0,NULL,NULL,NULL),
 (198,99,7,'b_a',72,'Head of Household is',110,'Head of Household for',0,NULL,NULL,NULL),
 (199,100,2,'a_b',173,'Spouse of',110,'Spouse of',0,NULL,NULL,NULL),
 (200,100,2,'b_a',110,'Spouse of',173,'Spouse of',0,NULL,NULL,NULL),
 (201,101,1,'a_b',61,'Child of',51,'Parent of',1,NULL,NULL,NULL),
 (202,101,1,'b_a',51,'Parent of',61,'Child of',1,NULL,NULL,NULL),
 (203,102,1,'a_b',94,'Child of',51,'Parent of',1,NULL,NULL,NULL),
 (204,102,1,'b_a',51,'Parent of',94,'Child of',1,NULL,NULL,NULL),
 (205,103,1,'a_b',61,'Child of',9,'Parent of',1,NULL,NULL,NULL),
 (206,103,1,'b_a',9,'Parent of',61,'Child of',1,NULL,NULL,NULL),
 (207,104,1,'a_b',94,'Child of',9,'Parent of',1,NULL,NULL,NULL),
 (208,104,1,'b_a',9,'Parent of',94,'Child of',1,NULL,NULL,NULL),
 (209,105,4,'a_b',94,'Sibling of',61,'Sibling of',1,NULL,NULL,NULL),
 (210,105,4,'b_a',61,'Sibling of',94,'Sibling of',1,NULL,NULL,NULL),
 (211,106,8,'a_b',9,'Household Member of',62,'Household Member is',1,NULL,NULL,NULL),
 (212,106,8,'b_a',62,'Household Member is',9,'Household Member of',1,NULL,NULL,NULL),
 (213,107,8,'a_b',61,'Household Member of',62,'Household Member is',1,NULL,NULL,NULL),
 (214,107,8,'b_a',62,'Household Member is',61,'Household Member of',1,NULL,NULL,NULL),
 (215,108,8,'a_b',94,'Household Member of',62,'Household Member is',1,NULL,NULL,NULL),
 (216,108,8,'b_a',62,'Household Member is',94,'Household Member of',1,NULL,NULL,NULL),
 (217,109,7,'a_b',51,'Head of Household for',62,'Head of Household is',1,NULL,NULL,NULL),
 (218,109,7,'b_a',62,'Head of Household is',51,'Head of Household for',1,NULL,NULL,NULL),
 (219,110,2,'a_b',9,'Spouse of',51,'Spouse of',1,NULL,NULL,NULL),
 (220,110,2,'b_a',51,'Spouse of',9,'Spouse of',1,NULL,NULL,NULL),
 (221,111,1,'a_b',119,'Child of',29,'Parent of',1,NULL,NULL,NULL),
 (222,111,1,'b_a',29,'Parent of',119,'Child of',1,NULL,NULL,NULL),
 (223,112,1,'a_b',133,'Child of',29,'Parent of',1,NULL,NULL,NULL),
 (224,112,1,'b_a',29,'Parent of',133,'Child of',1,NULL,NULL,NULL),
 (225,113,1,'a_b',119,'Child of',26,'Parent of',1,NULL,NULL,NULL),
 (226,113,1,'b_a',26,'Parent of',119,'Child of',1,NULL,NULL,NULL),
 (227,114,1,'a_b',133,'Child of',26,'Parent of',1,NULL,NULL,NULL),
 (228,114,1,'b_a',26,'Parent of',133,'Child of',1,NULL,NULL,NULL),
 (229,115,4,'a_b',133,'Sibling of',119,'Sibling of',1,NULL,NULL,NULL),
 (230,115,4,'b_a',119,'Sibling of',133,'Sibling of',1,NULL,NULL,NULL),
 (231,116,8,'a_b',26,'Household Member of',188,'Household Member is',1,NULL,NULL,NULL),
 (232,116,8,'b_a',188,'Household Member is',26,'Household Member of',1,NULL,NULL,NULL),
 (233,117,8,'a_b',119,'Household Member of',188,'Household Member is',1,NULL,NULL,NULL),
 (234,117,8,'b_a',188,'Household Member is',119,'Household Member of',1,NULL,NULL,NULL),
 (235,118,8,'a_b',133,'Household Member of',188,'Household Member is',1,NULL,NULL,NULL),
 (236,118,8,'b_a',188,'Household Member is',133,'Household Member of',1,NULL,NULL,NULL),
 (237,119,7,'a_b',29,'Head of Household for',188,'Head of Household is',1,NULL,NULL,NULL),
 (238,119,7,'b_a',188,'Head of Household is',29,'Head of Household for',1,NULL,NULL,NULL),
 (239,120,2,'a_b',26,'Spouse of',29,'Spouse of',1,NULL,NULL,NULL),
 (240,120,2,'b_a',29,'Spouse of',26,'Spouse of',1,NULL,NULL,NULL),
 (241,121,1,'a_b',80,'Child of',150,'Parent of',1,NULL,NULL,NULL),
 (242,121,1,'b_a',150,'Parent of',80,'Child of',1,NULL,NULL,NULL),
 (243,122,1,'a_b',143,'Child of',150,'Parent of',1,NULL,NULL,NULL),
 (244,122,1,'b_a',150,'Parent of',143,'Child of',1,NULL,NULL,NULL),
 (245,123,1,'a_b',80,'Child of',170,'Parent of',1,NULL,NULL,NULL),
 (246,123,1,'b_a',170,'Parent of',80,'Child of',1,NULL,NULL,NULL),
 (247,124,1,'a_b',143,'Child of',170,'Parent of',1,NULL,NULL,NULL),
 (248,124,1,'b_a',170,'Parent of',143,'Child of',1,NULL,NULL,NULL),
 (249,125,4,'a_b',143,'Sibling of',80,'Sibling of',1,NULL,NULL,NULL),
 (250,125,4,'b_a',80,'Sibling of',143,'Sibling of',1,NULL,NULL,NULL),
 (251,126,8,'a_b',170,'Household Member of',16,'Household Member is',1,NULL,NULL,NULL),
 (252,126,8,'b_a',16,'Household Member is',170,'Household Member of',1,NULL,NULL,NULL),
 (253,127,8,'a_b',80,'Household Member of',16,'Household Member is',1,NULL,NULL,NULL),
 (254,127,8,'b_a',16,'Household Member is',80,'Household Member of',1,NULL,NULL,NULL),
 (255,128,8,'a_b',143,'Household Member of',16,'Household Member is',1,NULL,NULL,NULL),
 (256,128,8,'b_a',16,'Household Member is',143,'Household Member of',1,NULL,NULL,NULL),
 (257,129,7,'a_b',150,'Head of Household for',16,'Head of Household is',1,NULL,NULL,NULL),
 (258,129,7,'b_a',16,'Head of Household is',150,'Head of Household for',1,NULL,NULL,NULL),
 (259,130,2,'a_b',170,'Spouse of',150,'Spouse of',1,NULL,NULL,NULL),
 (260,130,2,'b_a',150,'Spouse of',170,'Spouse of',1,NULL,NULL,NULL),
 (261,131,1,'a_b',25,'Child of',44,'Parent of',1,NULL,NULL,NULL),
 (262,131,1,'b_a',44,'Parent of',25,'Child of',1,NULL,NULL,NULL),
 (263,132,1,'a_b',68,'Child of',44,'Parent of',1,NULL,NULL,NULL),
 (264,132,1,'b_a',44,'Parent of',68,'Child of',1,NULL,NULL,NULL),
 (265,133,1,'a_b',25,'Child of',7,'Parent of',1,NULL,NULL,NULL),
 (266,133,1,'b_a',7,'Parent of',25,'Child of',1,NULL,NULL,NULL),
 (267,134,1,'a_b',68,'Child of',7,'Parent of',1,NULL,NULL,NULL),
 (268,134,1,'b_a',7,'Parent of',68,'Child of',1,NULL,NULL,NULL),
 (269,135,4,'a_b',68,'Sibling of',25,'Sibling of',1,NULL,NULL,NULL),
 (270,135,4,'b_a',25,'Sibling of',68,'Sibling of',1,NULL,NULL,NULL),
 (271,136,8,'a_b',7,'Household Member of',103,'Household Member is',1,NULL,NULL,NULL),
 (272,136,8,'b_a',103,'Household Member is',7,'Household Member of',1,NULL,NULL,NULL),
 (273,137,8,'a_b',25,'Household Member of',103,'Household Member is',1,NULL,NULL,NULL),
 (274,137,8,'b_a',103,'Household Member is',25,'Household Member of',1,NULL,NULL,NULL),
 (275,138,8,'a_b',68,'Household Member of',103,'Household Member is',1,NULL,NULL,NULL),
 (276,138,8,'b_a',103,'Household Member is',68,'Household Member of',1,NULL,NULL,NULL),
 (277,139,7,'a_b',44,'Head of Household for',103,'Head of Household is',1,NULL,NULL,NULL),
 (278,139,7,'b_a',103,'Head of Household is',44,'Head of Household for',1,NULL,NULL,NULL),
 (279,140,2,'a_b',7,'Spouse of',44,'Spouse of',1,NULL,NULL,NULL),
 (280,140,2,'b_a',44,'Spouse of',7,'Spouse of',1,NULL,NULL,NULL),
 (281,141,1,'a_b',172,'Child of',96,'Parent of',1,NULL,NULL,NULL),
 (282,141,1,'b_a',96,'Parent of',172,'Child of',1,NULL,NULL,NULL),
 (283,142,1,'a_b',105,'Child of',96,'Parent of',1,NULL,NULL,NULL),
 (284,142,1,'b_a',96,'Parent of',105,'Child of',1,NULL,NULL,NULL),
 (285,143,1,'a_b',172,'Child of',112,'Parent of',1,NULL,NULL,NULL),
 (286,143,1,'b_a',112,'Parent of',172,'Child of',1,NULL,NULL,NULL),
 (287,144,1,'a_b',105,'Child of',112,'Parent of',1,NULL,NULL,NULL),
 (288,144,1,'b_a',112,'Parent of',105,'Child of',1,NULL,NULL,NULL),
 (289,145,4,'a_b',105,'Sibling of',172,'Sibling of',1,NULL,NULL,NULL),
 (290,145,4,'b_a',172,'Sibling of',105,'Sibling of',1,NULL,NULL,NULL),
 (291,146,8,'a_b',112,'Household Member of',93,'Household Member is',1,NULL,NULL,NULL),
 (292,146,8,'b_a',93,'Household Member is',112,'Household Member of',1,NULL,NULL,NULL),
 (293,147,8,'a_b',172,'Household Member of',93,'Household Member is',1,NULL,NULL,NULL),
 (294,147,8,'b_a',93,'Household Member is',172,'Household Member of',1,NULL,NULL,NULL),
 (295,148,8,'a_b',105,'Household Member of',93,'Household Member is',1,NULL,NULL,NULL),
 (296,148,8,'b_a',93,'Household Member is',105,'Household Member of',1,NULL,NULL,NULL),
 (297,149,7,'a_b',96,'Head of Household for',93,'Head of Household is',0,NULL,NULL,NULL),
 (298,149,7,'b_a',93,'Head of Household is',96,'Head of Household for',0,NULL,NULL,NULL),
 (299,150,2,'a_b',112,'Spouse of',96,'Spouse of',0,NULL,NULL,NULL),
 (300,150,2,'b_a',96,'Spouse of',112,'Spouse of',0,NULL,NULL,NULL),
 (301,151,1,'a_b',73,'Child of',192,'Parent of',1,NULL,NULL,NULL),
 (302,151,1,'b_a',192,'Parent of',73,'Child of',1,NULL,NULL,NULL),
 (303,152,1,'a_b',63,'Child of',192,'Parent of',1,NULL,NULL,NULL),
 (304,152,1,'b_a',192,'Parent of',63,'Child of',1,NULL,NULL,NULL),
 (305,153,1,'a_b',73,'Child of',176,'Parent of',1,NULL,NULL,NULL),
 (306,153,1,'b_a',176,'Parent of',73,'Child of',1,NULL,NULL,NULL),
 (307,154,1,'a_b',63,'Child of',176,'Parent of',1,NULL,NULL,NULL),
 (308,154,1,'b_a',176,'Parent of',63,'Child of',1,NULL,NULL,NULL),
 (309,155,4,'a_b',63,'Sibling of',73,'Sibling of',1,NULL,NULL,NULL),
 (310,155,4,'b_a',73,'Sibling of',63,'Sibling of',1,NULL,NULL,NULL),
 (311,156,8,'a_b',176,'Household Member of',22,'Household Member is',1,NULL,NULL,NULL),
 (312,156,8,'b_a',22,'Household Member is',176,'Household Member of',1,NULL,NULL,NULL),
 (313,157,8,'a_b',73,'Household Member of',22,'Household Member is',1,NULL,NULL,NULL),
 (314,157,8,'b_a',22,'Household Member is',73,'Household Member of',1,NULL,NULL,NULL),
 (315,158,8,'a_b',63,'Household Member of',22,'Household Member is',1,NULL,NULL,NULL),
 (316,158,8,'b_a',22,'Household Member is',63,'Household Member of',1,NULL,NULL,NULL),
 (317,159,7,'a_b',192,'Head of Household for',22,'Head of Household is',1,NULL,NULL,NULL),
 (318,159,7,'b_a',22,'Head of Household is',192,'Head of Household for',1,NULL,NULL,NULL),
 (319,160,2,'a_b',176,'Spouse of',192,'Spouse of',1,NULL,NULL,NULL),
 (320,160,2,'b_a',192,'Spouse of',176,'Spouse of',1,NULL,NULL,NULL),
 (321,161,1,'a_b',45,'Child of',8,'Parent of',1,NULL,NULL,NULL),
 (322,161,1,'b_a',8,'Parent of',45,'Child of',1,NULL,NULL,NULL),
 (323,162,1,'a_b',107,'Child of',8,'Parent of',1,NULL,NULL,NULL),
 (324,162,1,'b_a',8,'Parent of',107,'Child of',1,NULL,NULL,NULL),
 (325,163,1,'a_b',45,'Child of',158,'Parent of',1,NULL,NULL,NULL),
 (326,163,1,'b_a',158,'Parent of',45,'Child of',1,NULL,NULL,NULL),
 (327,164,1,'a_b',107,'Child of',158,'Parent of',1,NULL,NULL,NULL),
 (328,164,1,'b_a',158,'Parent of',107,'Child of',1,NULL,NULL,NULL),
 (329,165,4,'a_b',107,'Sibling of',45,'Sibling of',1,NULL,NULL,NULL),
 (330,165,4,'b_a',45,'Sibling of',107,'Sibling of',1,NULL,NULL,NULL),
 (331,166,8,'a_b',158,'Household Member of',195,'Household Member is',1,NULL,NULL,NULL),
 (332,166,8,'b_a',195,'Household Member is',158,'Household Member of',1,NULL,NULL,NULL),
 (333,167,8,'a_b',45,'Household Member of',195,'Household Member is',1,NULL,NULL,NULL),
 (334,167,8,'b_a',195,'Household Member is',45,'Household Member of',1,NULL,NULL,NULL),
 (335,168,8,'a_b',107,'Household Member of',195,'Household Member is',1,NULL,NULL,NULL),
 (336,168,8,'b_a',195,'Household Member is',107,'Household Member of',1,NULL,NULL,NULL),
 (337,169,7,'a_b',8,'Head of Household for',195,'Head of Household is',1,NULL,NULL,NULL),
 (338,169,7,'b_a',195,'Head of Household is',8,'Head of Household for',1,NULL,NULL,NULL),
 (339,170,2,'a_b',158,'Spouse of',8,'Spouse of',1,NULL,NULL,NULL),
 (340,170,2,'b_a',8,'Spouse of',158,'Spouse of',1,NULL,NULL,NULL),
 (341,171,1,'a_b',155,'Child of',99,'Parent of',1,NULL,NULL,NULL),
 (342,171,1,'b_a',99,'Parent of',155,'Child of',1,NULL,NULL,NULL),
 (343,172,1,'a_b',98,'Child of',99,'Parent of',1,NULL,NULL,NULL),
 (344,172,1,'b_a',99,'Parent of',98,'Child of',1,NULL,NULL,NULL),
 (345,173,1,'a_b',155,'Child of',106,'Parent of',1,NULL,NULL,NULL),
 (346,173,1,'b_a',106,'Parent of',155,'Child of',1,NULL,NULL,NULL),
 (347,174,1,'a_b',98,'Child of',106,'Parent of',1,NULL,NULL,NULL),
 (348,174,1,'b_a',106,'Parent of',98,'Child of',1,NULL,NULL,NULL),
 (349,175,4,'a_b',98,'Sibling of',155,'Sibling of',1,NULL,NULL,NULL),
 (350,175,4,'b_a',155,'Sibling of',98,'Sibling of',1,NULL,NULL,NULL),
 (351,176,8,'a_b',106,'Household Member of',169,'Household Member is',1,NULL,NULL,NULL),
 (352,176,8,'b_a',169,'Household Member is',106,'Household Member of',1,NULL,NULL,NULL),
 (353,177,8,'a_b',155,'Household Member of',169,'Household Member is',1,NULL,NULL,NULL),
 (354,177,8,'b_a',169,'Household Member is',155,'Household Member of',1,NULL,NULL,NULL),
 (355,178,8,'a_b',98,'Household Member of',169,'Household Member is',1,NULL,NULL,NULL),
 (356,178,8,'b_a',169,'Household Member is',98,'Household Member of',1,NULL,NULL,NULL),
 (357,179,7,'a_b',99,'Head of Household for',169,'Head of Household is',1,NULL,NULL,NULL),
 (358,179,7,'b_a',169,'Head of Household is',99,'Head of Household for',1,NULL,NULL,NULL),
 (359,180,2,'a_b',106,'Spouse of',99,'Spouse of',1,NULL,NULL,NULL),
 (360,180,2,'b_a',99,'Spouse of',106,'Spouse of',1,NULL,NULL,NULL),
 (361,181,1,'a_b',3,'Child of',37,'Parent of',1,NULL,NULL,NULL),
 (362,181,1,'b_a',37,'Parent of',3,'Child of',1,NULL,NULL,NULL),
 (363,182,1,'a_b',201,'Child of',37,'Parent of',1,NULL,NULL,NULL),
 (364,182,1,'b_a',37,'Parent of',201,'Child of',1,NULL,NULL,NULL),
 (365,183,1,'a_b',3,'Child of',66,'Parent of',1,NULL,NULL,NULL),
 (366,183,1,'b_a',66,'Parent of',3,'Child of',1,NULL,NULL,NULL),
 (367,184,1,'a_b',201,'Child of',66,'Parent of',1,NULL,NULL,NULL),
 (368,184,1,'b_a',66,'Parent of',201,'Child of',1,NULL,NULL,NULL),
 (369,185,4,'a_b',201,'Sibling of',3,'Sibling of',1,NULL,NULL,NULL),
 (370,185,4,'b_a',3,'Sibling of',201,'Sibling of',1,NULL,NULL,NULL),
 (371,186,8,'a_b',66,'Household Member of',185,'Household Member is',1,NULL,NULL,NULL),
 (372,186,8,'b_a',185,'Household Member is',66,'Household Member of',1,NULL,NULL,NULL),
 (373,187,8,'a_b',3,'Household Member of',185,'Household Member is',1,NULL,NULL,NULL),
 (374,187,8,'b_a',185,'Household Member is',3,'Household Member of',1,NULL,NULL,NULL),
 (375,188,8,'a_b',201,'Household Member of',185,'Household Member is',1,NULL,NULL,NULL),
 (376,188,8,'b_a',185,'Household Member is',201,'Household Member of',1,NULL,NULL,NULL),
 (377,189,7,'a_b',37,'Head of Household for',185,'Head of Household is',0,NULL,NULL,NULL),
 (378,189,7,'b_a',185,'Head of Household is',37,'Head of Household for',0,NULL,NULL,NULL),
 (379,190,2,'a_b',66,'Spouse of',37,'Spouse of',0,NULL,NULL,NULL),
 (380,190,2,'b_a',37,'Spouse of',66,'Spouse of',0,NULL,NULL,NULL),
 (381,191,1,'a_b',54,'Child of',65,'Parent of',1,NULL,NULL,NULL),
 (382,191,1,'b_a',65,'Parent of',54,'Child of',1,NULL,NULL,NULL),
 (383,192,1,'a_b',149,'Child of',65,'Parent of',1,NULL,NULL,NULL),
 (384,192,1,'b_a',65,'Parent of',149,'Child of',1,NULL,NULL,NULL),
 (385,193,1,'a_b',54,'Child of',187,'Parent of',1,NULL,NULL,NULL),
 (386,193,1,'b_a',187,'Parent of',54,'Child of',1,NULL,NULL,NULL),
 (387,194,1,'a_b',149,'Child of',187,'Parent of',1,NULL,NULL,NULL),
 (388,194,1,'b_a',187,'Parent of',149,'Child of',1,NULL,NULL,NULL),
 (389,195,4,'a_b',149,'Sibling of',54,'Sibling of',1,NULL,NULL,NULL),
 (390,195,4,'b_a',54,'Sibling of',149,'Sibling of',1,NULL,NULL,NULL),
 (391,196,8,'a_b',187,'Household Member of',164,'Household Member is',1,NULL,NULL,NULL),
 (392,196,8,'b_a',164,'Household Member is',187,'Household Member of',1,NULL,NULL,NULL),
 (393,197,8,'a_b',54,'Household Member of',164,'Household Member is',1,NULL,NULL,NULL),
 (394,197,8,'b_a',164,'Household Member is',54,'Household Member of',1,NULL,NULL,NULL),
 (395,198,8,'a_b',149,'Household Member of',164,'Household Member is',1,NULL,NULL,NULL),
 (396,198,8,'b_a',164,'Household Member is',149,'Household Member of',1,NULL,NULL,NULL),
 (397,199,7,'a_b',65,'Head of Household for',164,'Head of Household is',1,NULL,NULL,NULL),
 (398,199,7,'b_a',164,'Head of Household is',65,'Head of Household for',1,NULL,NULL,NULL),
 (399,200,2,'a_b',187,'Spouse of',65,'Spouse of',1,NULL,NULL,NULL),
 (400,200,2,'b_a',65,'Spouse of',187,'Spouse of',1,NULL,NULL,NULL),
 (401,201,5,'a_b',124,'Employee of',5,'Employer of',1,NULL,NULL,NULL),
 (402,201,5,'b_a',5,'Employer of',124,'Employee of',1,NULL,NULL,NULL),
 (403,202,5,'a_b',170,'Employee of',10,'Employer of',1,NULL,NULL,NULL),
 (404,202,5,'b_a',10,'Employer of',170,'Employee of',1,NULL,NULL,NULL),
 (405,203,5,'a_b',130,'Employee of',21,'Employer of',1,NULL,NULL,NULL),
 (406,203,5,'b_a',21,'Employer of',130,'Employee of',1,NULL,NULL,NULL),
 (407,204,5,'a_b',67,'Employee of',36,'Employer of',1,NULL,NULL,NULL),
 (408,204,5,'b_a',36,'Employer of',67,'Employee of',1,NULL,NULL,NULL),
 (409,205,5,'a_b',181,'Employee of',38,'Employer of',1,NULL,NULL,NULL),
 (410,205,5,'b_a',38,'Employer of',181,'Employee of',1,NULL,NULL,NULL),
 (411,206,5,'a_b',116,'Employee of',56,'Employer of',1,NULL,NULL,NULL),
 (412,206,5,'b_a',56,'Employer of',116,'Employee of',1,NULL,NULL,NULL),
 (413,207,5,'a_b',154,'Employee of',79,'Employer of',1,NULL,NULL,NULL),
 (414,207,5,'b_a',79,'Employer of',154,'Employee of',1,NULL,NULL,NULL),
 (415,208,5,'a_b',85,'Employee of',90,'Employer of',1,NULL,NULL,NULL),
 (416,208,5,'b_a',90,'Employer of',85,'Employee of',1,NULL,NULL,NULL),
 (417,209,5,'a_b',151,'Employee of',101,'Employer of',1,NULL,NULL,NULL),
 (418,209,5,'b_a',101,'Employer of',151,'Employee of',1,NULL,NULL,NULL),
 (419,210,5,'a_b',69,'Employee of',111,'Employer of',1,NULL,NULL,NULL),
 (420,210,5,'b_a',111,'Employer of',69,'Employee of',1,NULL,NULL,NULL),
 (421,211,5,'a_b',129,'Employee of',122,'Employer of',1,NULL,NULL,NULL),
 (422,211,5,'b_a',122,'Employer of',129,'Employee of',1,NULL,NULL,NULL),
 (423,212,5,'a_b',66,'Employee of',134,'Employer of',1,NULL,NULL,NULL),
 (424,212,5,'b_a',134,'Employer of',66,'Employee of',1,NULL,NULL,NULL),
 (425,213,5,'a_b',35,'Employee of',135,'Employer of',1,NULL,NULL,NULL),
 (426,213,5,'b_a',135,'Employer of',35,'Employee of',1,NULL,NULL,NULL),
 (427,214,5,'a_b',25,'Employee of',157,'Employer of',1,NULL,NULL,NULL),
 (428,214,5,'b_a',157,'Employer of',25,'Employee of',1,NULL,NULL,NULL),
 (429,215,5,'a_b',139,'Employee of',160,'Employer of',1,NULL,NULL,NULL),
 (430,215,5,'b_a',160,'Employer of',139,'Employee of',1,NULL,NULL,NULL),
 (431,216,5,'a_b',6,'Employee of',190,'Employer of',1,NULL,NULL,NULL),
 (432,216,5,'b_a',190,'Employer of',6,'Employee of',1,NULL,NULL,NULL);
/*!40000 ALTER TABLE `civicrm_relationship_cache` ENABLE KEYS */;
UNLOCK TABLES;

--
-- Dumping data for table `civicrm_relationship_type`
--

LOCK TABLES `civicrm_relationship_type` WRITE;
/*!40000 ALTER TABLE `civicrm_relationship_type` DISABLE KEYS */;
INSERT INTO `civicrm_relationship_type` (`id`, `name_a_b`, `label_a_b`, `name_b_a`, `label_b_a`, `description`, `contact_type_a`, `contact_type_b`, `contact_sub_type_a`, `contact_sub_type_b`, `is_reserved`, `is_active`) VALUES
 (1,'Child of','Child of','Parent of','Parent of','Parent/child relationship.','Individual','Individual',NULL,NULL,0,1),
 (2,'Spouse of','Spouse of','Spouse of','Spouse of','Spousal relationship.','Individual','Individual',NULL,NULL,0,1),
 (3,'Partner of','Partner of','Partner of','Partner of','Partner relationship.','Individual','Individual',NULL,NULL,0,1),
 (4,'Sibling of','Sibling of','Sibling of','Sibling of','Sibling relationship.','Individual','Individual',NULL,NULL,0,1),
 (5,'Employee of','Employee of','Employer of','Employer of','Employment relationship.','Individual','Organization',NULL,NULL,1,1),
 (6,'Volunteer for','Volunteer for','Volunteer is','Volunteer is','Volunteer relationship.','Individual','Organization',NULL,NULL,0,1),
 (7,'Head of Household for','Head of Household for','Head of Household is','Head of Household is','Head of household.','Individual','Household',NULL,NULL,1,1),
 (8,'Household Member of','Household Member of','Household Member is','Household Member is','Household membership.','Individual','Household',NULL,NULL,1,1),
 (9,'Case Coordinator is','Case Coordinator is','Case Coordinator','Case Coordinator','Case Coordinator','Individual','Individual',NULL,NULL,0,1),
 (10,'Supervised by','Supervised by','Supervisor','Supervisor','Immediate workplace supervisor','Individual','Individual',NULL,NULL,0,1);
/*!40000 ALTER TABLE `civicrm_relationship_type` ENABLE KEYS */;
UNLOCK TABLES;

--
-- Dumping data for table `civicrm_report_instance`
--

LOCK TABLES `civicrm_report_instance` WRITE;
/*!40000 ALTER TABLE `civicrm_report_instance` DISABLE KEYS */;
INSERT INTO `civicrm_report_instance` (`id`, `domain_id`, `title`, `report_id`, `name`, `args`, `description`, `permission`, `grouprole`, `form_values`, `is_active`, `created_id`, `owner_id`, `email_subject`, `email_to`, `email_cc`, `header`, `footer`, `navigation_id`, `drilldown_id`, `is_reserved`) VALUES
 (1,1,'Constituent Summary','contact/summary',NULL,NULL,'Provides a list of address and telephone information for constituent records in your system.','view all contacts',NULL,'a:31:{s:6:\"fields\";a:4:{s:9:\"sort_name\";s:1:\"1\";s:14:\"street_address\";s:1:\"1\";s:4:\"city\";s:1:\"1\";s:10:\"country_id\";s:1:\"1\";}s:12:\"sort_name_op\";s:3:\"has\";s:15:\"sort_name_value\";s:0:\"\";s:9:\"source_op\";s:3:\"has\";s:12:\"source_value\";s:0:\"\";s:6:\"id_min\";s:0:\"\";s:6:\"id_max\";s:0:\"\";s:5:\"id_op\";s:3:\"lte\";s:8:\"id_value\";s:0:\"\";s:13:\"country_id_op\";s:2:\"in\";s:16:\"country_id_value\";a:0:{}s:20:\"state_province_id_op\";s:2:\"in\";s:23:\"state_province_id_value\";a:0:{}s:6:\"gid_op\";s:2:\"in\";s:9:\"gid_value\";a:0:{}s:8:\"tagid_op\";s:2:\"in\";s:11:\"tagid_value\";a:0:{}s:11:\"custom_1_op\";s:2:\"in\";s:14:\"custom_1_value\";a:0:{}s:11:\"custom_2_op\";s:2:\"in\";s:14:\"custom_2_value\";a:0:{}s:17:\"custom_3_relative\";s:1:\"0\";s:13:\"custom_3_from\";s:0:\"\";s:11:\"custom_3_to\";s:0:\"\";s:11:\"description\";s:92:\"Provides a list of address and telephone information for constituent records in your system.\";s:13:\"email_subject\";s:0:\"\";s:8:\"email_to\";s:0:\"\";s:8:\"email_cc\";s:0:\"\";s:10:\"permission\";s:17:\"view all contacts\";s:6:\"groups\";s:0:\"\";s:9:\"domain_id\";i:1;}',1,NULL,NULL,NULL,NULL,NULL,NULL,NULL,NULL,NULL,0),
 (2,1,'Constituent Detail','contact/detail',NULL,NULL,'Provides contact-related information on contributions, memberships, events and activities.','view all contacts',NULL,'a:25:{s:6:\"fields\";a:30:{s:9:\"sort_name\";s:1:\"1\";s:10:\"country_id\";s:1:\"1\";s:15:\"contribution_id\";s:1:\"1\";s:12:\"total_amount\";s:1:\"1\";s:17:\"financial_type_id\";s:1:\"1\";s:12:\"receive_date\";s:1:\"1\";s:22:\"contribution_status_id\";s:1:\"1\";s:13:\"membership_id\";s:1:\"1\";s:18:\"membership_type_id\";s:1:\"1\";s:21:\"membership_start_date\";s:1:\"1\";s:19:\"membership_end_date\";s:1:\"1\";s:20:\"membership_status_id\";s:1:\"1\";s:14:\"participant_id\";s:1:\"1\";s:8:\"event_id\";s:1:\"1\";s:21:\"participant_status_id\";s:1:\"1\";s:7:\"role_id\";s:1:\"1\";s:25:\"participant_register_date\";s:1:\"1\";s:9:\"fee_level\";s:1:\"1\";s:10:\"fee_amount\";s:1:\"1\";s:15:\"relationship_id\";s:1:\"1\";s:20:\"relationship_type_id\";s:1:\"1\";s:12:\"contact_id_b\";s:1:\"1\";s:2:\"id\";s:1:\"1\";s:16:\"activity_type_id\";s:1:\"1\";s:7:\"subject\";s:1:\"1\";s:17:\"source_contact_id\";s:1:\"1\";s:18:\"activity_date_time\";s:1:\"1\";s:18:\"activity_status_id\";s:1:\"1\";s:17:\"target_contact_id\";s:1:\"1\";s:19:\"assignee_contact_id\";s:1:\"1\";}s:6:\"id_min\";s:0:\"\";s:6:\"id_max\";s:0:\"\";s:5:\"id_op\";s:3:\"lte\";s:8:\"id_value\";s:0:\"\";s:12:\"sort_name_op\";s:3:\"has\";s:15:\"sort_name_value\";s:0:\"\";s:6:\"gid_op\";s:2:\"in\";s:9:\"gid_value\";a:0:{}s:8:\"tagid_op\";s:2:\"in\";s:11:\"tagid_value\";a:0:{}s:11:\"custom_1_op\";s:2:\"in\";s:14:\"custom_1_value\";a:0:{}s:11:\"custom_2_op\";s:2:\"in\";s:14:\"custom_2_value\";a:0:{}s:17:\"custom_3_relative\";s:1:\"0\";s:13:\"custom_3_from\";s:0:\"\";s:11:\"custom_3_to\";s:0:\"\";s:11:\"description\";s:90:\"Provides contact-related information on contributions, memberships, events and activities.\";s:13:\"email_subject\";s:0:\"\";s:8:\"email_to\";s:0:\"\";s:8:\"email_cc\";s:0:\"\";s:10:\"permission\";s:17:\"view all contacts\";s:6:\"groups\";s:0:\"\";s:9:\"domain_id\";i:1;}',1,NULL,NULL,NULL,NULL,NULL,NULL,NULL,NULL,NULL,0),
 (3,1,'Activity Details','activity',NULL,NULL,'Provides a list of constituent activity including activity statistics for one/all contacts during a given date range(required)','view all contacts',NULL,'a:26:{s:6:\"fields\";a:6:{s:16:\"contact_assignee\";s:1:\"1\";s:14:\"contact_target\";s:1:\"1\";s:16:\"activity_type_id\";s:1:\"1\";s:16:\"activity_subject\";s:1:\"1\";s:18:\"activity_date_time\";s:1:\"1\";s:9:\"status_id\";s:1:\"1\";}s:17:\"contact_source_op\";s:3:\"has\";s:20:\"contact_source_value\";s:0:\"\";s:19:\"contact_assignee_op\";s:3:\"has\";s:22:\"contact_assignee_value\";s:0:\"\";s:17:\"contact_target_op\";s:3:\"has\";s:20:\"contact_target_value\";s:0:\"\";s:15:\"current_user_op\";s:2:\"eq\";s:18:\"current_user_value\";s:1:\"0\";s:27:\"activity_date_time_relative\";s:10:\"this.month\";s:23:\"activity_date_time_from\";s:0:\"\";s:21:\"activity_date_time_to\";s:0:\"\";s:19:\"activity_subject_op\";s:3:\"has\";s:22:\"activity_subject_value\";s:0:\"\";s:19:\"activity_type_id_op\";s:2:\"in\";s:22:\"activity_type_id_value\";a:0:{}s:12:\"status_id_op\";s:2:\"in\";s:15:\"status_id_value\";a:0:{}s:11:\"description\";s:126:\"Provides a list of constituent activity including activity statistics for one/all contacts during a given date range(required)\";s:13:\"email_subject\";s:0:\"\";s:8:\"email_to\";s:0:\"\";s:8:\"email_cc\";s:0:\"\";s:10:\"permission\";s:17:\"view all contacts\";s:6:\"groups\";s:0:\"\";s:9:\"group_bys\";N;s:9:\"domain_id\";i:1;}',1,NULL,NULL,NULL,NULL,NULL,NULL,NULL,NULL,NULL,0),
 (4,1,'Current Employers','contact/currentEmployer',NULL,NULL,'Provides detail list of employer employee relationships along with employment details.','view all contacts',NULL,'a:33:{s:6:\"fields\";a:5:{s:17:\"organization_name\";s:1:\"1\";s:9:\"sort_name\";s:1:\"1\";s:9:\"job_title\";s:1:\"1\";s:10:\"start_date\";s:1:\"1\";s:5:\"email\";s:1:\"1\";}s:20:\"organization_name_op\";s:3:\"has\";s:23:\"organization_name_value\";s:0:\"\";s:12:\"sort_name_op\";s:3:\"has\";s:15:\"sort_name_value\";s:0:\"\";s:6:\"id_min\";s:0:\"\";s:6:\"id_max\";s:0:\"\";s:5:\"id_op\";s:3:\"lte\";s:8:\"id_value\";s:0:\"\";s:19:\"start_date_relative\";s:1:\"0\";s:15:\"start_date_from\";s:0:\"\";s:13:\"start_date_to\";s:0:\"\";s:13:\"country_id_op\";s:2:\"in\";s:16:\"country_id_value\";a:0:{}s:20:\"state_province_id_op\";s:2:\"in\";s:23:\"state_province_id_value\";a:0:{}s:6:\"gid_op\";s:2:\"in\";s:9:\"gid_value\";a:0:{}s:8:\"tagid_op\";s:2:\"in\";s:11:\"tagid_value\";a:0:{}s:11:\"custom_1_op\";s:2:\"in\";s:14:\"custom_1_value\";a:0:{}s:11:\"custom_2_op\";s:2:\"in\";s:14:\"custom_2_value\";a:0:{}s:17:\"custom_3_relative\";s:1:\"0\";s:13:\"custom_3_from\";s:0:\"\";s:11:\"custom_3_to\";s:0:\"\";s:11:\"description\";s:98:\"Provides detail list of employer employee relationships along with employment details Ex Join Date\";s:13:\"email_subject\";s:0:\"\";s:8:\"email_to\";s:0:\"\";s:8:\"email_cc\";s:0:\"\";s:10:\"permission\";s:17:\"view all contacts\";s:9:\"domain_id\";i:1;}',1,NULL,NULL,NULL,NULL,NULL,NULL,NULL,NULL,NULL,0),
 (5,1,'Relationships','contact/relationship',NULL,NULL,'Gives relationship details between two contacts','view all contacts',NULL,'a:28:{s:6:\"fields\";a:4:{s:11:\"sort_name_a\";s:1:\"1\";s:11:\"sort_name_b\";s:1:\"1\";s:9:\"label_a_b\";s:1:\"1\";s:9:\"label_b_a\";s:1:\"1\";}s:14:\"sort_name_a_op\";s:3:\"has\";s:17:\"sort_name_a_value\";s:0:\"\";s:14:\"sort_name_b_op\";s:3:\"has\";s:17:\"sort_name_b_value\";s:0:\"\";s:17:\"contact_type_a_op\";s:2:\"in\";s:20:\"contact_type_a_value\";a:0:{}s:17:\"contact_type_b_op\";s:2:\"in\";s:20:\"contact_type_b_value\";a:0:{}s:12:\"is_active_op\";s:2:\"eq\";s:15:\"is_active_value\";s:0:\"\";s:23:\"relationship_type_id_op\";s:2:\"eq\";s:26:\"relationship_type_id_value\";s:0:\"\";s:13:\"country_id_op\";s:2:\"in\";s:16:\"country_id_value\";a:0:{}s:20:\"state_province_id_op\";s:2:\"in\";s:23:\"state_province_id_value\";a:0:{}s:6:\"gid_op\";s:2:\"in\";s:9:\"gid_value\";a:0:{}s:8:\"tagid_op\";s:2:\"in\";s:11:\"tagid_value\";a:0:{}s:11:\"description\";s:19:\"Relationship Report\";s:13:\"email_subject\";s:0:\"\";s:8:\"email_to\";s:0:\"\";s:8:\"email_cc\";s:0:\"\";s:10:\"permission\";s:17:\"view all contacts\";s:6:\"groups\";s:0:\"\";s:9:\"domain_id\";i:1;}',1,NULL,NULL,NULL,NULL,NULL,NULL,NULL,NULL,NULL,0),
 (6,1,'Activity Summary','activitySummary',NULL,NULL,'Shows activity statistics by type / date','view all contacts',NULL,'a:26:{s:6:\"fields\";a:4:{s:16:\"activity_type_id\";s:1:\"1\";s:9:\"status_id\";s:1:\"1\";s:8:\"duration\";s:1:\"1\";s:2:\"id\";s:1:\"1\";}s:12:\"sort_name_op\";s:3:\"has\";s:15:\"sort_name_value\";s:0:\"\";s:27:\"activity_date_time_relative\";s:0:\"\";s:23:\"activity_date_time_from\";s:0:\"\";s:21:\"activity_date_time_to\";s:0:\"\";s:19:\"activity_type_id_op\";s:2:\"in\";s:22:\"activity_type_id_value\";a:0:{}s:12:\"status_id_op\";s:2:\"in\";s:15:\"status_id_value\";a:0:{}s:14:\"priority_id_op\";s:2:\"in\";s:17:\"priority_id_value\";a:0:{}s:6:\"gid_op\";s:2:\"in\";s:9:\"gid_value\";a:0:{}s:9:\"group_bys\";a:2:{s:16:\"activity_type_id\";s:1:\"1\";s:9:\"status_id\";s:1:\"1\";}s:14:\"group_bys_freq\";a:1:{s:18:\"activity_date_time\";s:5:\"MONTH\";}s:9:\"order_bys\";a:1:{i:1;a:2:{s:6:\"column\";s:16:\"activity_type_id\";s:5:\"order\";s:3:\"ASC\";}}s:11:\"description\";s:40:\"Shows activity statistics by type / date\";s:13:\"email_subject\";s:0:\"\";s:8:\"email_to\";s:0:\"\";s:8:\"email_cc\";s:0:\"\";s:9:\"row_count\";s:0:\"\";s:10:\"permission\";s:17:\"view all contacts\";s:9:\"parent_id\";s:0:\"\";s:6:\"groups\";s:0:\"\";s:11:\"instance_id\";N;}',1,NULL,NULL,NULL,NULL,NULL,NULL,NULL,NULL,NULL,0),
 (7,1,'Contribution Summary','contribute/summary',NULL,NULL,'Groups and totals contributions by criteria including contact, time period, contribution type, contributor location, etc.','access CiviContribute',NULL,'a:42:{s:6:\"fields\";a:1:{s:12:\"total_amount\";s:1:\"1\";}s:13:\"country_id_op\";s:2:\"in\";s:16:\"country_id_value\";a:0:{}s:20:\"state_province_id_op\";s:2:\"in\";s:23:\"state_province_id_value\";a:0:{}s:21:\"receive_date_relative\";s:1:\"0\";s:17:\"receive_date_from\";s:0:\"\";s:15:\"receive_date_to\";s:0:\"\";s:25:\"contribution_status_id_op\";s:2:\"in\";s:28:\"contribution_status_id_value\";a:1:{i:0;s:1:\"1\";}s:20:\"financial_type_id_op\";s:2:\"in\";s:23:\"financial_type_id_value\";a:0:{}s:16:\"total_amount_min\";s:0:\"\";s:16:\"total_amount_max\";s:0:\"\";s:15:\"total_amount_op\";s:3:\"lte\";s:18:\"total_amount_value\";s:0:\"\";s:13:\"total_sum_min\";s:0:\"\";s:13:\"total_sum_max\";s:0:\"\";s:12:\"total_sum_op\";s:3:\"lte\";s:15:\"total_sum_value\";s:0:\"\";s:15:\"total_count_min\";s:0:\"\";s:15:\"total_count_max\";s:0:\"\";s:14:\"total_count_op\";s:3:\"lte\";s:17:\"total_count_value\";s:0:\"\";s:13:\"total_avg_min\";s:0:\"\";s:13:\"total_avg_max\";s:0:\"\";s:12:\"total_avg_op\";s:3:\"lte\";s:15:\"total_avg_value\";s:0:\"\";s:6:\"gid_op\";s:2:\"in\";s:9:\"gid_value\";a:0:{}s:8:\"tagid_op\";s:2:\"in\";s:11:\"tagid_value\";a:0:{}s:9:\"group_bys\";a:1:{s:12:\"receive_date\";s:1:\"1\";}s:14:\"group_bys_freq\";a:1:{s:12:\"receive_date\";s:5:\"MONTH\";}s:11:\"description\";s:80:\"Shows contribution statistics by month / week / year .. country / state .. type.\";s:13:\"email_subject\";s:0:\"\";s:8:\"email_to\";s:0:\"\";s:8:\"email_cc\";s:0:\"\";s:10:\"permission\";s:21:\"access CiviContribute\";s:6:\"groups\";s:0:\"\";s:6:\"charts\";s:0:\"\";s:9:\"domain_id\";i:1;}',1,NULL,NULL,NULL,NULL,NULL,NULL,NULL,NULL,NULL,0),
 (8,1,'Contribution Details','contribute/detail',NULL,NULL,'Lists specific contributions by criteria including contact, time period, contribution type, contributor location, etc. Contribution summary report points to this report for contribution details.','access CiviContribute',NULL,'a:56:{s:6:\"fields\";a:7:{s:9:\"sort_name\";s:1:\"1\";s:5:\"email\";s:1:\"1\";s:5:\"phone\";s:1:\"1\";s:17:\"financial_type_id\";s:1:\"1\";s:12:\"receive_date\";s:1:\"1\";s:12:\"total_amount\";s:1:\"1\";s:10:\"country_id\";s:1:\"1\";}s:12:\"sort_name_op\";s:3:\"has\";s:15:\"sort_name_value\";s:0:\"\";s:6:\"id_min\";s:0:\"\";s:6:\"id_max\";s:0:\"\";s:5:\"id_op\";s:3:\"lte\";s:8:\"id_value\";s:0:\"\";s:21:\"receive_date_relative\";s:0:\"\";s:17:\"receive_date_from\";s:0:\"\";s:15:\"receive_date_to\";s:0:\"\";s:20:\"financial_type_id_op\";s:2:\"in\";s:23:\"financial_type_id_value\";a:0:{}s:24:\"payment_instrument_id_op\";s:2:\"in\";s:27:\"payment_instrument_id_value\";a:0:{}s:25:\"contribution_status_id_op\";s:2:\"in\";s:28:\"contribution_status_id_value\";a:1:{i:0;s:1:\"1\";}s:16:\"total_amount_min\";s:0:\"\";s:16:\"total_amount_max\";s:0:\"\";s:15:\"total_amount_op\";s:3:\"lte\";s:18:\"total_amount_value\";s:0:\"\";s:6:\"gid_op\";s:2:\"in\";s:9:\"gid_value\";a:0:{}s:13:\"ordinality_op\";s:2:\"in\";s:16:\"ordinality_value\";a:0:{}s:7:\"note_op\";s:3:\"has\";s:10:\"note_value\";s:0:\"\";s:17:\"street_number_min\";s:0:\"\";s:17:\"street_number_max\";s:0:\"\";s:16:\"street_number_op\";s:3:\"lte\";s:19:\"street_number_value\";s:0:\"\";s:14:\"street_name_op\";s:3:\"has\";s:17:\"street_name_value\";s:0:\"\";s:15:\"postal_code_min\";s:0:\"\";s:15:\"postal_code_max\";s:0:\"\";s:14:\"postal_code_op\";s:3:\"lte\";s:17:\"postal_code_value\";s:0:\"\";s:7:\"city_op\";s:3:\"has\";s:10:\"city_value\";s:0:\"\";s:12:\"county_id_op\";s:2:\"in\";s:15:\"county_id_value\";a:0:{}s:20:\"state_province_id_op\";s:2:\"in\";s:23:\"state_province_id_value\";a:0:{}s:13:\"country_id_op\";s:2:\"in\";s:16:\"country_id_value\";a:0:{}s:8:\"tagid_op\";s:2:\"in\";s:11:\"tagid_value\";a:0:{}s:9:\"order_bys\";a:1:{i:1;a:2:{s:6:\"column\";s:9:\"sort_name\";s:5:\"order\";s:3:\"ASC\";}}s:11:\"description\";s:194:\"Lists specific contributions by criteria including contact, time period, contribution type, contributor location, etc. Contribution summary report points to this report for contribution details.\";s:13:\"email_subject\";s:0:\"\";s:8:\"email_to\";s:0:\"\";s:8:\"email_cc\";s:0:\"\";s:10:\"permission\";s:21:\"access CiviContribute\";s:9:\"parent_id\";s:0:\"\";s:6:\"groups\";s:0:\"\";s:9:\"domain_id\";i:1;s:11:\"is_reserved\";b:0;}',1,NULL,NULL,NULL,NULL,NULL,NULL,NULL,NULL,NULL,0),
 (9,1,'Repeat Contributions','contribute/repeat',NULL,NULL,'Given two date ranges, shows contacts who contributed in both the date ranges with the amount contributed in each and the percentage increase / decrease.','access CiviContribute',NULL,'a:29:{s:6:\"fields\";a:3:{s:9:\"sort_name\";s:1:\"1\";s:13:\"total_amount1\";s:1:\"1\";s:13:\"total_amount2\";s:1:\"1\";}s:22:\"receive_date1_relative\";s:13:\"previous.year\";s:18:\"receive_date1_from\";s:0:\"\";s:16:\"receive_date1_to\";s:0:\"\";s:22:\"receive_date2_relative\";s:9:\"this.year\";s:18:\"receive_date2_from\";s:0:\"\";s:16:\"receive_date2_to\";s:0:\"\";s:17:\"total_amount1_min\";s:0:\"\";s:17:\"total_amount1_max\";s:0:\"\";s:16:\"total_amount1_op\";s:3:\"lte\";s:19:\"total_amount1_value\";s:0:\"\";s:17:\"total_amount2_min\";s:0:\"\";s:17:\"total_amount2_max\";s:0:\"\";s:16:\"total_amount2_op\";s:3:\"lte\";s:19:\"total_amount2_value\";s:0:\"\";s:25:\"contribution_status_id_op\";s:2:\"in\";s:28:\"contribution_status_id_value\";a:1:{i:0;s:1:\"1\";}s:6:\"gid_op\";s:2:\"in\";s:9:\"gid_value\";a:0:{}s:8:\"tagid_op\";s:2:\"in\";s:11:\"tagid_value\";a:0:{}s:9:\"group_bys\";a:1:{s:2:\"id\";s:1:\"1\";}s:11:\"description\";s:140:\"Given two date ranges, shows contacts (and their contributions) who contributed in both the date ranges with percentage increase / decrease.\";s:13:\"email_subject\";s:0:\"\";s:8:\"email_to\";s:0:\"\";s:8:\"email_cc\";s:0:\"\";s:10:\"permission\";s:21:\"access CiviContribute\";s:6:\"groups\";s:0:\"\";s:9:\"domain_id\";i:1;}',1,NULL,NULL,NULL,NULL,NULL,NULL,NULL,NULL,NULL,0),
 (10,1,'SYBUNT (some year but not this year)','contribute/sybunt',NULL,NULL,'Some year(s) but not this year. Provides a list of constituents who donated at some time in the history of your organization but did not donate during the time period you specify.','access CiviContribute',NULL,'a:16:{s:6:\"fields\";a:3:{s:9:\"sort_name\";s:1:\"1\";s:5:\"email\";s:1:\"1\";s:5:\"phone\";s:1:\"1\";}s:12:\"sort_name_op\";s:3:\"has\";s:15:\"sort_name_value\";s:0:\"\";s:25:\"contribution_status_id_op\";s:2:\"in\";s:28:\"contribution_status_id_value\";a:1:{i:0;s:1:\"1\";}s:6:\"gid_op\";s:2:\"in\";s:9:\"gid_value\";a:0:{}s:8:\"tagid_op\";s:2:\"in\";s:11:\"tagid_value\";a:0:{}s:11:\"description\";s:179:\"Some year(s) but not this year. Provides a list of constituents who donated at some time in the history of your organization but did not donate during the time period you specify.\";s:13:\"email_subject\";s:0:\"\";s:8:\"email_to\";s:0:\"\";s:8:\"email_cc\";s:0:\"\";s:10:\"permission\";s:21:\"access CiviContribute\";s:6:\"charts\";s:0:\"\";s:9:\"domain_id\";i:1;}',1,NULL,NULL,NULL,NULL,NULL,NULL,NULL,NULL,NULL,0),
 (11,1,'LYBUNT (last year but not this year)','contribute/lybunt',NULL,NULL,'Last year but not this year. Provides a list of constituents who donated last year but did not donate during the time period you specify as the current year.','access CiviContribute',NULL,'a:17:{s:6:\"fields\";a:5:{s:9:\"sort_name\";s:1:\"1\";s:5:\"email\";s:1:\"1\";s:5:\"phone\";s:1:\"1\";s:22:\"last_year_total_amount\";s:1:\"1\";s:23:\"civicrm_life_time_total\";s:1:\"1\";}s:12:\"sort_name_op\";s:3:\"has\";s:15:\"sort_name_value\";s:0:\"\";s:25:\"contribution_status_id_op\";s:2:\"in\";s:28:\"contribution_status_id_value\";a:1:{i:0;s:1:\"1\";}s:6:\"gid_op\";s:2:\"in\";s:9:\"gid_value\";a:0:{}s:8:\"tagid_op\";s:2:\"in\";s:11:\"tagid_value\";a:0:{}s:11:\"description\";s:157:\"Last year but not this year. Provides a list of constituents who donated last year but did not donate during the time period you specify as the current year.\";s:13:\"email_subject\";s:0:\"\";s:8:\"email_to\";s:0:\"\";s:8:\"email_cc\";s:0:\"\";s:10:\"permission\";s:21:\"access CiviContribute\";s:6:\"groups\";s:0:\"\";s:6:\"charts\";s:0:\"\";s:9:\"domain_id\";i:1;}',1,NULL,NULL,NULL,NULL,NULL,NULL,NULL,NULL,NULL,0),
 (12,1,'Contributions by Organization','contribute/organizationSummary',NULL,NULL,'Displays a detailed list of contributions grouped by organization, which includes contributions made by employees for the organisation.','access CiviContribute',NULL,'a:20:{s:6:\"fields\";a:5:{s:17:\"organization_name\";s:1:\"1\";s:9:\"sort_name\";s:1:\"1\";s:12:\"total_amount\";s:1:\"1\";s:22:\"contribution_status_id\";s:1:\"1\";s:12:\"receive_date\";s:1:\"1\";}s:20:\"organization_name_op\";s:3:\"has\";s:23:\"organization_name_value\";s:0:\"\";s:23:\"relationship_type_id_op\";s:2:\"eq\";s:26:\"relationship_type_id_value\";s:5:\"4_b_a\";s:21:\"receive_date_relative\";s:1:\"0\";s:17:\"receive_date_from\";s:0:\"\";s:15:\"receive_date_to\";s:0:\"\";s:16:\"total_amount_min\";s:0:\"\";s:16:\"total_amount_max\";s:0:\"\";s:15:\"total_amount_op\";s:3:\"lte\";s:18:\"total_amount_value\";s:0:\"\";s:25:\"contribution_status_id_op\";s:2:\"in\";s:28:\"contribution_status_id_value\";a:1:{i:0;s:1:\"1\";}s:11:\"description\";s:193:\"Displays a detailed contribution report for Organization relationships with contributors, as to if contribution done was  from an employee of some organization or from that Organization itself.\";s:13:\"email_subject\";s:0:\"\";s:8:\"email_to\";s:0:\"\";s:8:\"email_cc\";s:0:\"\";s:10:\"permission\";s:21:\"access CiviContribute\";s:9:\"domain_id\";i:1;}',1,NULL,NULL,NULL,NULL,NULL,NULL,NULL,NULL,NULL,0),
 (13,1,'Contributions by Household','contribute/householdSummary',NULL,NULL,'Displays a detailed list of contributions grouped by household which includes contributions made by members of the household.','access CiviContribute',NULL,'a:21:{s:6:\"fields\";a:5:{s:14:\"household_name\";s:1:\"1\";s:9:\"sort_name\";s:1:\"1\";s:12:\"total_amount\";s:1:\"1\";s:22:\"contribution_status_id\";s:1:\"1\";s:12:\"receive_date\";s:1:\"1\";}s:17:\"household_name_op\";s:3:\"has\";s:20:\"household_name_value\";s:0:\"\";s:23:\"relationship_type_id_op\";s:2:\"eq\";s:26:\"relationship_type_id_value\";s:5:\"6_b_a\";s:21:\"receive_date_relative\";s:1:\"0\";s:17:\"receive_date_from\";s:0:\"\";s:15:\"receive_date_to\";s:0:\"\";s:16:\"total_amount_min\";s:0:\"\";s:16:\"total_amount_max\";s:0:\"\";s:15:\"total_amount_op\";s:3:\"lte\";s:18:\"total_amount_value\";s:0:\"\";s:25:\"contribution_status_id_op\";s:2:\"in\";s:28:\"contribution_status_id_value\";a:1:{i:0;s:1:\"1\";}s:11:\"description\";s:213:\"Provides a detailed report for Contributions made by contributors(Or Household itself) who are having a relationship with household (For ex a Contributor is Head of Household for some household or is a member of.)\";s:13:\"email_subject\";s:0:\"\";s:8:\"email_to\";s:0:\"\";s:8:\"email_cc\";s:0:\"\";s:10:\"permission\";s:21:\"access CiviContribute\";s:6:\"groups\";s:0:\"\";s:9:\"domain_id\";i:1;}',1,NULL,NULL,NULL,NULL,NULL,NULL,NULL,NULL,NULL,0),
 (14,1,'Top Donors','contribute/topDonor',NULL,NULL,'Provides a list of the top donors during a time period you define. You can include as many donors as you want (for example, top 100 of your donors).','access CiviContribute',NULL,'a:20:{s:6:\"fields\";a:2:{s:12:\"display_name\";s:1:\"1\";s:12:\"total_amount\";s:1:\"1\";}s:21:\"receive_date_relative\";s:9:\"this.year\";s:17:\"receive_date_from\";s:0:\"\";s:15:\"receive_date_to\";s:0:\"\";s:15:\"total_range_min\";s:0:\"\";s:15:\"total_range_max\";s:0:\"\";s:14:\"total_range_op\";s:2:\"eq\";s:17:\"total_range_value\";s:0:\"\";s:20:\"financial_type_id_op\";s:2:\"in\";s:23:\"financial_type_id_value\";a:0:{}s:25:\"contribution_status_id_op\";s:2:\"in\";s:28:\"contribution_status_id_value\";a:1:{i:0;s:1:\"1\";}s:6:\"gid_op\";s:2:\"in\";s:9:\"gid_value\";a:0:{}s:11:\"description\";s:148:\"Provides a list of the top donors during a time period you define. You can include as many donors as you want (for example, top 100 of your donors).\";s:13:\"email_subject\";s:0:\"\";s:8:\"email_to\";s:0:\"\";s:8:\"email_cc\";s:0:\"\";s:10:\"permission\";s:21:\"access CiviContribute\";s:6:\"groups\";s:0:\"\";}',1,NULL,NULL,NULL,NULL,NULL,NULL,NULL,NULL,NULL,0),
 (15,1,'Soft Credits','contribute/softcredit',NULL,NULL,'Shows contributions made by contacts that have been soft-credited to other contacts.','access CiviContribute',NULL,'a:23:{s:6:\"fields\";a:5:{s:21:\"display_name_creditor\";s:1:\"1\";s:24:\"display_name_constituent\";s:1:\"1\";s:14:\"email_creditor\";s:1:\"1\";s:14:\"phone_creditor\";s:1:\"1\";s:6:\"amount\";s:1:\"1\";}s:5:\"id_op\";s:2:\"in\";s:8:\"id_value\";a:0:{}s:21:\"receive_date_relative\";s:1:\"0\";s:17:\"receive_date_from\";s:0:\"\";s:15:\"receive_date_to\";s:0:\"\";s:25:\"contribution_status_id_op\";s:2:\"in\";s:28:\"contribution_status_id_value\";a:1:{i:0;s:1:\"1\";}s:10:\"amount_min\";s:0:\"\";s:10:\"amount_max\";s:0:\"\";s:9:\"amount_op\";s:3:\"lte\";s:12:\"amount_value\";s:0:\"\";s:6:\"gid_op\";s:2:\"in\";s:9:\"gid_value\";a:0:{}s:8:\"tagid_op\";s:2:\"in\";s:11:\"tagid_value\";a:0:{}s:11:\"description\";s:20:\"Soft Credit details.\";s:13:\"email_subject\";s:0:\"\";s:8:\"email_to\";s:0:\"\";s:8:\"email_cc\";s:0:\"\";s:10:\"permission\";s:21:\"access CiviContribute\";s:6:\"groups\";s:0:\"\";s:9:\"domain_id\";i:1;}',1,NULL,NULL,NULL,NULL,NULL,NULL,NULL,NULL,NULL,0),
 (16,1,'Contribution Aggregate by Relationship','contribute/history',NULL,NULL,'List contact\'s donation history, grouped by year, along with contributions attributed to any of the contact\'s related contacts.','access CiviContribute',NULL,'a:41:{s:6:\"fields\";a:7:{s:9:\"sort_name\";s:1:\"1\";s:20:\"relationship_type_id\";s:1:\"1\";s:17:\"civicrm_upto_2009\";s:1:\"1\";i:2010;s:1:\"1\";i:2011;s:1:\"1\";i:2012;s:1:\"1\";i:2013;s:1:\"1\";}s:12:\"sort_name_op\";s:3:\"has\";s:15:\"sort_name_value\";s:0:\"\";s:6:\"id_min\";s:0:\"\";s:6:\"id_max\";s:0:\"\";s:5:\"id_op\";s:3:\"lte\";s:8:\"id_value\";s:0:\"\";s:23:\"relationship_type_id_op\";s:2:\"in\";s:26:\"relationship_type_id_value\";a:0:{}s:12:\"this_year_op\";s:2:\"eq\";s:15:\"this_year_value\";s:0:\"\";s:13:\"other_year_op\";s:2:\"eq\";s:16:\"other_year_value\";s:0:\"\";s:21:\"receive_date_relative\";s:0:\"\";s:17:\"receive_date_from\";s:0:\"\";s:15:\"receive_date_to\";s:0:\"\";s:25:\"contribution_status_id_op\";s:2:\"in\";s:28:\"contribution_status_id_value\";a:1:{i:0;s:1:\"1\";}s:20:\"financial_type_id_op\";s:2:\"in\";s:23:\"financial_type_id_value\";a:0:{}s:16:\"total_amount_min\";s:0:\"\";s:16:\"total_amount_max\";s:0:\"\";s:15:\"total_amount_op\";s:3:\"lte\";s:18:\"total_amount_value\";s:0:\"\";s:13:\"total_sum_min\";s:0:\"\";s:13:\"total_sum_max\";s:0:\"\";s:12:\"total_sum_op\";s:3:\"lte\";s:15:\"total_sum_value\";s:0:\"\";s:6:\"gid_op\";s:2:\"in\";s:9:\"gid_value\";a:0:{}s:8:\"tagid_op\";s:2:\"in\";s:11:\"tagid_value\";a:0:{}s:11:\"description\";s:127:\"List contact\'s donation history, grouped by year, along with contributions attributed to any of the contact\'s related contacts.\";s:13:\"email_subject\";s:0:\"\";s:8:\"email_to\";s:0:\"\";s:8:\"email_cc\";s:0:\"\";s:10:\"permission\";s:21:\"access CiviContribute\";s:9:\"parent_id\";s:0:\"\";s:6:\"groups\";s:0:\"\";s:9:\"domain_id\";i:1;s:11:\"is_reserved\";b:0;}',1,NULL,NULL,NULL,NULL,NULL,NULL,NULL,NULL,NULL,0),
 (17,1,'Personal Campaign Page Summary','contribute/pcp',NULL,NULL,'Summarizes amount raised and number of contributors for each Personal Campaign Page.','access CiviContribute',NULL,'a:22:{s:6:\"fields\";a:8:{s:9:\"sort_name\";s:1:\"1\";s:10:\"page_title\";s:1:\"1\";s:5:\"title\";s:1:\"1\";s:11:\"goal_amount\";s:1:\"1\";s:8:\"amount_1\";s:1:\"1\";s:8:\"amount_2\";s:1:\"1\";s:7:\"soft_id\";s:1:\"1\";s:12:\"receive_date\";s:1:\"1\";}s:12:\"sort_name_op\";s:3:\"has\";s:15:\"sort_name_value\";s:0:\"\";s:6:\"id_min\";s:0:\"\";s:6:\"id_max\";s:0:\"\";s:5:\"id_op\";s:3:\"lte\";s:8:\"id_value\";s:0:\"\";s:13:\"page_title_op\";s:3:\"has\";s:16:\"page_title_value\";s:0:\"\";s:8:\"title_op\";s:3:\"has\";s:11:\"title_value\";s:0:\"\";s:12:\"amount_2_min\";s:0:\"\";s:12:\"amount_2_max\";s:0:\"\";s:11:\"amount_2_op\";s:3:\"lte\";s:14:\"amount_2_value\";s:0:\"\";s:11:\"description\";s:35:\"Shows Personal Campaign Page Report\";s:13:\"email_subject\";s:0:\"\";s:8:\"email_to\";s:0:\"\";s:8:\"email_cc\";s:0:\"\";s:10:\"permission\";s:21:\"access CiviContribute\";s:6:\"groups\";s:0:\"\";s:9:\"domain_id\";i:1;}',1,NULL,NULL,NULL,NULL,NULL,NULL,NULL,NULL,NULL,0),
 (18,1,'Pledge Detail','pledge/detail',NULL,NULL,'List of pledges including amount pledged, pledge status, next payment date, balance due, total amount paid etc.','access CiviPledge',NULL,'a:27:{s:6:\"fields\";a:4:{s:9:\"sort_name\";s:1:\"1\";s:10:\"country_id\";s:1:\"1\";s:6:\"amount\";s:1:\"1\";s:9:\"status_id\";s:1:\"1\";}s:12:\"sort_name_op\";s:3:\"has\";s:15:\"sort_name_value\";s:0:\"\";s:6:\"id_min\";s:0:\"\";s:6:\"id_max\";s:0:\"\";s:5:\"id_op\";s:3:\"lte\";s:8:\"id_value\";s:0:\"\";s:27:\"pledge_create_date_relative\";s:1:\"0\";s:23:\"pledge_create_date_from\";s:0:\"\";s:21:\"pledge_create_date_to\";s:0:\"\";s:17:\"pledge_amount_min\";s:0:\"\";s:17:\"pledge_amount_max\";s:0:\"\";s:16:\"pledge_amount_op\";s:3:\"lte\";s:19:\"pledge_amount_value\";s:0:\"\";s:6:\"sid_op\";s:2:\"in\";s:9:\"sid_value\";a:0:{}s:6:\"gid_op\";s:2:\"in\";s:9:\"gid_value\";a:0:{}s:8:\"tagid_op\";s:2:\"in\";s:11:\"tagid_value\";a:0:{}s:11:\"description\";s:13:\"Pledge Report\";s:13:\"email_subject\";s:0:\"\";s:8:\"email_to\";s:0:\"\";s:8:\"email_cc\";s:0:\"\";s:10:\"permission\";s:17:\"access CiviPledge\";s:6:\"groups\";s:0:\"\";s:9:\"domain_id\";i:1;}',1,NULL,NULL,NULL,NULL,NULL,NULL,NULL,NULL,NULL,0),
 (19,1,'Pledged But not Paid','pledge/pbnp',NULL,NULL,'Pledged but not Paid Report','access CiviPledge',NULL,'a:17:{s:6:\"fields\";a:5:{s:9:\"sort_name\";s:1:\"1\";s:18:\"pledge_create_date\";s:1:\"1\";s:6:\"amount\";s:1:\"1\";s:14:\"scheduled_date\";s:1:\"1\";s:10:\"country_id\";s:1:\"1\";}s:27:\"pledge_create_date_relative\";s:1:\"0\";s:23:\"pledge_create_date_from\";s:0:\"\";s:21:\"pledge_create_date_to\";s:0:\"\";s:20:\"financial_type_id_op\";s:2:\"in\";s:23:\"financial_type_id_value\";a:0:{}s:6:\"gid_op\";s:2:\"in\";s:9:\"gid_value\";a:0:{}s:8:\"tagid_op\";s:2:\"in\";s:11:\"tagid_value\";a:0:{}s:11:\"description\";s:27:\"Pledged but not Paid Report\";s:13:\"email_subject\";s:0:\"\";s:8:\"email_to\";s:0:\"\";s:8:\"email_cc\";s:0:\"\";s:10:\"permission\";s:17:\"access CiviPledge\";s:6:\"groups\";s:0:\"\";s:9:\"domain_id\";i:1;}',1,NULL,NULL,NULL,NULL,NULL,NULL,NULL,NULL,NULL,0),
 (20,1,'Bookkeeping Transactions','contribute/bookkeeping',NULL,NULL,'Provides transaction details for all contributions and payments, including Transaction #, Invoice ID, Payment Instrument and Check #.','access CiviContribute',NULL,'a:40:{s:6:\"fields\";a:12:{s:9:\"sort_name\";s:1:\"1\";s:21:\"debit_accounting_code\";s:1:\"1\";s:22:\"credit_accounting_code\";s:1:\"1\";s:17:\"financial_type_id\";s:1:\"1\";s:12:\"receive_date\";s:1:\"1\";s:22:\"contribution_status_id\";s:1:\"1\";s:2:\"id\";s:1:\"1\";s:12:\"check_number\";s:1:\"1\";s:21:\"payment_instrument_id\";s:1:\"1\";s:9:\"trxn_date\";s:1:\"1\";s:7:\"trxn_id\";s:1:\"1\";s:6:\"amount\";s:1:\"1\";}s:12:\"sort_name_op\";s:3:\"has\";s:15:\"sort_name_value\";s:0:\"\";s:6:\"id_min\";s:0:\"\";s:6:\"id_max\";s:0:\"\";s:5:\"id_op\";s:3:\"lte\";s:8:\"id_value\";s:0:\"\";s:24:\"debit_accounting_code_op\";s:2:\"in\";s:27:\"debit_accounting_code_value\";a:0:{}s:25:\"credit_accounting_code_op\";s:2:\"in\";s:28:\"credit_accounting_code_value\";a:0:{}s:13:\"debit_name_op\";s:2:\"in\";s:16:\"debit_name_value\";a:0:{}s:14:\"credit_name_op\";s:2:\"in\";s:17:\"credit_name_value\";a:0:{}s:20:\"financial_type_id_op\";s:2:\"in\";s:23:\"financial_type_id_value\";a:0:{}s:21:\"receive_date_relative\";s:1:\"0\";s:17:\"receive_date_from\";s:0:\"\";s:15:\"receive_date_to\";s:0:\"\";s:25:\"contribution_status_id_op\";s:2:\"in\";s:28:\"contribution_status_id_value\";a:1:{i:0;s:1:\"1\";}s:24:\"payment_instrument_id_op\";s:2:\"in\";s:27:\"payment_instrument_id_value\";a:0:{}s:18:\"trxn_date_relative\";s:1:\"0\";s:14:\"trxn_date_from\";s:0:\"\";s:12:\"trxn_date_to\";s:0:\"\";s:10:\"amount_min\";s:0:\"\";s:10:\"amount_max\";s:0:\"\";s:9:\"amount_op\";s:3:\"lte\";s:12:\"amount_value\";s:0:\"\";s:11:\"description\";s:133:\"Provides transaction details for all contributions and payments, including Transaction #, Invoice ID, Payment Instrument and Check #.\";s:13:\"email_subject\";s:0:\"\";s:8:\"email_to\";s:0:\"\";s:8:\"email_cc\";s:0:\"\";s:10:\"permission\";s:21:\"access CiviContribute\";s:9:\"parent_id\";s:0:\"\";s:6:\"groups\";s:0:\"\";s:9:\"domain_id\";i:1;s:11:\"is_reserved\";b:0;}',1,NULL,NULL,NULL,NULL,NULL,NULL,NULL,NULL,NULL,0),
 (21,1,'Recurring Contributions','contribute/recur',NULL,NULL,'Provides information about the status of recurring contributions','access CiviContribute',NULL,'a:39:{s:6:\"fields\";a:7:{s:9:\"sort_name\";s:1:\"1\";s:6:\"amount\";s:1:\"1\";s:22:\"contribution_status_id\";s:1:\"1\";s:18:\"frequency_interval\";s:1:\"1\";s:14:\"frequency_unit\";s:1:\"1\";s:12:\"installments\";s:1:\"1\";s:8:\"end_date\";s:1:\"1\";}s:25:\"contribution_status_id_op\";s:2:\"in\";s:28:\"contribution_status_id_value\";a:1:{i:0;s:1:\"5\";}s:11:\"currency_op\";s:2:\"in\";s:14:\"currency_value\";a:0:{}s:20:\"financial_type_id_op\";s:2:\"in\";s:23:\"financial_type_id_value\";a:0:{}s:17:\"frequency_unit_op\";s:2:\"in\";s:20:\"frequency_unit_value\";a:0:{}s:22:\"frequency_interval_min\";s:0:\"\";s:22:\"frequency_interval_max\";s:0:\"\";s:21:\"frequency_interval_op\";s:3:\"lte\";s:24:\"frequency_interval_value\";s:0:\"\";s:16:\"installments_min\";s:0:\"\";s:16:\"installments_max\";s:0:\"\";s:15:\"installments_op\";s:3:\"lte\";s:18:\"installments_value\";s:0:\"\";s:19:\"start_date_relative\";s:0:\"\";s:15:\"start_date_from\";s:0:\"\";s:13:\"start_date_to\";s:0:\"\";s:37:\"next_sched_contribution_date_relative\";s:0:\"\";s:33:\"next_sched_contribution_date_from\";s:0:\"\";s:31:\"next_sched_contribution_date_to\";s:0:\"\";s:17:\"end_date_relative\";s:0:\"\";s:13:\"end_date_from\";s:0:\"\";s:11:\"end_date_to\";s:0:\"\";s:28:\"calculated_end_date_relative\";s:0:\"\";s:24:\"calculated_end_date_from\";s:0:\"\";s:22:\"calculated_end_date_to\";s:0:\"\";s:9:\"order_bys\";a:1:{i:1;a:1:{s:6:\"column\";s:1:\"-\";}}s:11:\"description\";s:41:\"Shows all pending recurring contributions\";s:13:\"email_subject\";s:0:\"\";s:8:\"email_to\";s:0:\"\";s:8:\"email_cc\";s:0:\"\";s:9:\"row_count\";s:0:\"\";s:14:\"addToDashboard\";s:1:\"1\";s:10:\"permission\";s:21:\"access CiviContribute\";s:9:\"parent_id\";s:0:\"\";s:11:\"instance_id\";N;}',1,NULL,NULL,NULL,NULL,NULL,NULL,NULL,NULL,NULL,0),
 (22,1,'Membership Summary','member/summary',NULL,NULL,'Provides a summary of memberships by Type and Member Since.','access CiviMember',NULL,'a:18:{s:6:\"fields\";a:2:{s:18:\"membership_type_id\";s:1:\"1\";s:12:\"total_amount\";s:1:\"1\";}s:29:\"membership_join_date_relative\";s:1:\"0\";s:25:\"membership_join_date_from\";s:0:\"\";s:23:\"membership_join_date_to\";s:0:\"\";s:21:\"membership_type_id_op\";s:2:\"in\";s:24:\"membership_type_id_value\";a:0:{}s:12:\"status_id_op\";s:2:\"in\";s:15:\"status_id_value\";a:0:{}s:25:\"contribution_status_id_op\";s:2:\"in\";s:28:\"contribution_status_id_value\";a:0:{}s:9:\"group_bys\";a:2:{s:9:\"join_date\";s:1:\"1\";s:18:\"membership_type_id\";s:1:\"1\";}s:14:\"group_bys_freq\";a:1:{s:9:\"join_date\";s:5:\"MONTH\";}s:11:\"description\";s:59:\"Provides a summary of memberships by Type and Member Since.\";s:13:\"email_subject\";s:0:\"\";s:8:\"email_to\";s:0:\"\";s:8:\"email_cc\";s:0:\"\";s:10:\"permission\";s:17:\"access CiviMember\";s:9:\"domain_id\";i:1;}',1,NULL,NULL,NULL,NULL,NULL,NULL,NULL,NULL,NULL,0),
 (23,1,'Membership Details','member/detail',NULL,NULL,'Provides a list of members along with their Membership Status and membership details (Member Since, Membership Start Date, Membership Expiration Date). Can also display contributions (payments) associated with each membership.','access CiviMember',NULL,'a:28:{s:6:\"fields\";a:5:{s:9:\"sort_name\";s:1:\"1\";s:18:\"membership_type_id\";s:1:\"1\";s:21:\"membership_start_date\";s:1:\"1\";s:19:\"membership_end_date\";s:1:\"1\";s:4:\"name\";s:1:\"1\";}s:12:\"sort_name_op\";s:3:\"has\";s:15:\"sort_name_value\";s:0:\"\";s:6:\"id_min\";s:0:\"\";s:6:\"id_max\";s:0:\"\";s:5:\"id_op\";s:3:\"lte\";s:8:\"id_value\";s:0:\"\";s:29:\"membership_join_date_relative\";s:1:\"0\";s:25:\"membership_join_date_from\";s:0:\"\";s:23:\"membership_join_date_to\";s:0:\"\";s:23:\"owner_membership_id_min\";s:0:\"\";s:23:\"owner_membership_id_max\";s:0:\"\";s:22:\"owner_membership_id_op\";s:3:\"lte\";s:25:\"owner_membership_id_value\";s:0:\"\";s:6:\"tid_op\";s:2:\"in\";s:9:\"tid_value\";a:0:{}s:6:\"sid_op\";s:2:\"in\";s:9:\"sid_value\";a:0:{}s:6:\"gid_op\";s:2:\"in\";s:9:\"gid_value\";a:0:{}s:8:\"tagid_op\";s:2:\"in\";s:11:\"tagid_value\";a:0:{}s:11:\"description\";s:151:\"Provides a list of members along with their Membership Status and membership details (Member Since, Membership Start Date, Membership Expiration Date).\";s:13:\"email_subject\";s:0:\"\";s:8:\"email_to\";s:0:\"\";s:8:\"email_cc\";s:0:\"\";s:10:\"permission\";s:17:\"access CiviMember\";s:9:\"domain_id\";i:1;}',1,NULL,NULL,NULL,NULL,NULL,NULL,NULL,NULL,NULL,0),
 (24,1,'Contribution and Membership Details','member/contributionDetail',NULL,NULL,'Contribution details for any type of contribution, plus associated membership information for contributions which are in payment for memberships.','access CiviMember',NULL,'a:67:{s:6:\"fields\";a:12:{s:9:\"sort_name\";s:1:\"1\";s:5:\"email\";s:1:\"1\";s:5:\"phone\";s:1:\"1\";s:17:\"financial_type_id\";s:1:\"1\";s:12:\"receive_date\";s:1:\"1\";s:12:\"total_amount\";s:1:\"1\";s:18:\"membership_type_id\";s:1:\"1\";s:21:\"membership_start_date\";s:1:\"1\";s:19:\"membership_end_date\";s:1:\"1\";s:9:\"join_date\";s:1:\"1\";s:22:\"membership_status_name\";s:1:\"1\";s:10:\"country_id\";s:1:\"1\";}s:12:\"sort_name_op\";s:3:\"has\";s:15:\"sort_name_value\";s:0:\"\";s:6:\"id_min\";s:0:\"\";s:6:\"id_max\";s:0:\"\";s:5:\"id_op\";s:3:\"lte\";s:8:\"id_value\";s:0:\"\";s:21:\"receive_date_relative\";s:1:\"0\";s:17:\"receive_date_from\";s:0:\"\";s:15:\"receive_date_to\";s:0:\"\";s:20:\"financial_type_id_op\";s:2:\"in\";s:23:\"financial_type_id_value\";a:0:{}s:24:\"payment_instrument_id_op\";s:2:\"in\";s:27:\"payment_instrument_id_value\";a:0:{}s:25:\"contribution_status_id_op\";s:2:\"in\";s:28:\"contribution_status_id_value\";a:0:{}s:16:\"total_amount_min\";s:0:\"\";s:16:\"total_amount_max\";s:0:\"\";s:15:\"total_amount_op\";s:3:\"lte\";s:18:\"total_amount_value\";s:0:\"\";s:6:\"gid_op\";s:2:\"in\";s:9:\"gid_value\";a:0:{}s:13:\"ordinality_op\";s:2:\"in\";s:16:\"ordinality_value\";a:0:{}s:29:\"membership_join_date_relative\";s:1:\"0\";s:25:\"membership_join_date_from\";s:0:\"\";s:23:\"membership_join_date_to\";s:0:\"\";s:30:\"membership_start_date_relative\";s:1:\"0\";s:26:\"membership_start_date_from\";s:0:\"\";s:24:\"membership_start_date_to\";s:0:\"\";s:28:\"membership_end_date_relative\";s:1:\"0\";s:24:\"membership_end_date_from\";s:0:\"\";s:22:\"membership_end_date_to\";s:0:\"\";s:23:\"owner_membership_id_min\";s:0:\"\";s:23:\"owner_membership_id_max\";s:0:\"\";s:22:\"owner_membership_id_op\";s:3:\"lte\";s:25:\"owner_membership_id_value\";s:0:\"\";s:6:\"tid_op\";s:2:\"in\";s:9:\"tid_value\";a:0:{}s:6:\"sid_op\";s:2:\"in\";s:9:\"sid_value\";a:0:{}s:17:\"street_number_min\";s:0:\"\";s:17:\"street_number_max\";s:0:\"\";s:16:\"street_number_op\";s:3:\"lte\";s:19:\"street_number_value\";s:0:\"\";s:14:\"street_name_op\";s:3:\"has\";s:17:\"street_name_value\";s:0:\"\";s:15:\"postal_code_min\";s:0:\"\";s:15:\"postal_code_max\";s:0:\"\";s:14:\"postal_code_op\";s:3:\"lte\";s:17:\"postal_code_value\";s:0:\"\";s:7:\"city_op\";s:3:\"has\";s:10:\"city_value\";s:0:\"\";s:12:\"county_id_op\";s:2:\"in\";s:15:\"county_id_value\";a:0:{}s:20:\"state_province_id_op\";s:2:\"in\";s:23:\"state_province_id_value\";a:0:{}s:13:\"country_id_op\";s:2:\"in\";s:16:\"country_id_value\";a:0:{}s:8:\"tagid_op\";s:2:\"in\";s:11:\"tagid_value\";a:0:{}s:11:\"description\";s:35:\"Contribution and Membership Details\";s:13:\"email_subject\";s:0:\"\";s:8:\"email_to\";s:0:\"\";s:8:\"email_cc\";s:0:\"\";s:10:\"permission\";s:1:\"0\";s:9:\"domain_id\";i:1;}{s:6:\"fields\";a:12:{s:9:\"sort_name\";s:1:\"1\";s:5:\"email\";s:1:\"1\";s:5:\"phone\";s:1:\"1\";s:17:\"financial_type_id\";s:1:\"1\";s:12:\"receive_date\";s:1:\"1\";s:12:\"total_amount\";s:1:\"1\";s:18:\"membership_type_id\";s:1:\"1\";s:21:\"membership_start_date\";s:1:\"1\";s:19:\"membership_end_date\";s:1:\"1\";s:9:\"join_date\";s:1:\"1\";s:22:\"membership_status_name\";s:1:\"1\";s:10:\"country_id\";s:1:\"1\";}s:12:\"sort_name_op\";s:3:\"has\";s:15:\"sort_name_value\";s:0:\"\";s:6:\"id_min\";s:0:\"\";s:6:\"id_max\";s:0:\"\";s:5:\"id_op\";s:3:\"lte\";s:8:\"id_value\";s:0:\"\";s:21:\"receive_date_relative\";s:1:\"0\";s:17:\"receive_date_from\";s:0:\"\";s:15:\"receive_date_to\";s:0:\"\";s:20:\"financial_type_id_op\";s:2:\"in\";s:23:\"financial_type_id_value\";a:0:{}s:24:\"payment_instrument_id_op\";s:2:\"in\";s:27:\"payment_instrument_id_value\";a:0:{}s:25:\"contribution_status_id_op\";s:2:\"in\";s:28:\"contribution_status_id_value\";a:0:{}s:16:\"total_amount_min\";s:0:\"\";s:16:\"total_amount_max\";s:0:\"\";s:15:\"total_amount_op\";s:3:\"lte\";s:18:\"total_amount_value\";s:0:\"\";s:6:\"gid_op\";s:2:\"in\";s:9:\"gid_value\";a:0:{}s:13:\"ordinality_op\";s:2:\"in\";s:16:\"ordinality_value\";a:0:{}s:29:\"membership_join_date_relative\";s:1:\"0\";s:25:\"membership_join_date_from\";s:0:\"\";s:23:\"membership_join_date_to\";s:0:\"\";s:30:\"membership_start_date_relative\";s:1:\"0\";s:26:\"membership_start_date_from\";s:0:\"\";s:24:\"membership_start_date_to\";s:0:\"\";s:28:\"membership_end_date_relative\";s:1:\"0\";s:24:\"membership_end_date_from\";s:0:\"\";s:22:\"membership_end_date_to\";s:0:\"\";s:23:\"owner_membership_id_min\";s:0:\"\";s:23:\"owner_membership_id_max\";s:0:\"\";s:22:\"owner_membership_id_op\";s:3:\"lte\";s:25:\"owner_membership_id_value\";s:0:\"\";s:6:\"tid_op\";s:2:\"in\";s:9:\"tid_value\";a:0:{}s:6:\"sid_op\";s:2:\"in\";s:9:\"sid_value\";a:0:{}s:17:\"street_number_min\";s:0:\"\";s:17:\"street_number_max\";s:0:\"\";s:16:\"street_number_op\";s:3:\"lte\";s:19:\"street_number_value\";s:0:\"\";s:14:\"street_name_op\";s:3:\"has\";s:17:\"street_name_value\";s:0:\"\";s:15:\"postal_code_min\";s:0:\"\";s:15:\"postal_code_max\";s:0:\"\";s:14:\"postal_code_op\";s:3:\"lte\";s:17:\"postal_code_value\";s:0:\"\";s:7:\"city_op\";s:3:\"has\";s:10:\"city_value\";s:0:\"\";s:12:\"county_id_op\";s:2:\"in\";s:15:\"county_id_value\";a:0:{}s:20:\"state_province_id_op\";s:2:\"in\";s:23:\"state_province_id_value\";a:0:{}s:13:\"country_id_op\";s:2:\"in\";s:16:\"country_id_value\";a:0:{}s:8:\"tagid_op\";s:2:\"in\";s:11:\"tagid_value\";a:0:{}s:11:\"description\";s:35:\"Contribution and Membership Details\";s:13:\"email_subject\";s:0:\"\";s:8:\"email_to\";s:0:\"\";s:8:\"email_cc\";s:0:\"\";s:10:\"permission\";s:17:\"access CiviMember\";s:9:\"domain_id\";i:1;}',1,NULL,NULL,NULL,NULL,NULL,NULL,NULL,NULL,NULL,0),
 (25,1,'Lapsed Memberships','member/lapse',NULL,NULL,'Provides a list of memberships that have lapsed or will lapse by the date you specify.','access CiviMember',NULL,'a:16:{s:6:\"fields\";a:5:{s:9:\"sort_name\";s:1:\"1\";s:18:\"membership_type_id\";s:1:\"1\";s:19:\"membership_end_date\";s:1:\"1\";s:4:\"name\";s:1:\"1\";s:10:\"country_id\";s:1:\"1\";}s:6:\"tid_op\";s:2:\"in\";s:9:\"tid_value\";a:0:{}s:28:\"membership_end_date_relative\";s:1:\"0\";s:24:\"membership_end_date_from\";s:0:\"\";s:22:\"membership_end_date_to\";s:0:\"\";s:6:\"gid_op\";s:2:\"in\";s:9:\"gid_value\";a:0:{}s:8:\"tagid_op\";s:2:\"in\";s:11:\"tagid_value\";a:0:{}s:11:\"description\";s:85:\"Provides a list of memberships that lapsed or will lapse before the date you specify.\";s:13:\"email_subject\";s:0:\"\";s:8:\"email_to\";s:0:\"\";s:8:\"email_cc\";s:0:\"\";s:10:\"permission\";s:17:\"access CiviMember\";s:9:\"domain_id\";i:1;}',1,NULL,NULL,NULL,NULL,NULL,NULL,NULL,NULL,NULL,0),
 (26,1,'Event Participants List','event/participantListing',NULL,NULL,'Provides lists of participants for an event.','access CiviEvent',NULL,'a:27:{s:6:\"fields\";a:4:{s:9:\"sort_name\";s:1:\"1\";s:8:\"event_id\";s:1:\"1\";s:9:\"status_id\";s:1:\"1\";s:7:\"role_id\";s:1:\"1\";}s:12:\"sort_name_op\";s:3:\"has\";s:15:\"sort_name_value\";s:0:\"\";s:8:\"email_op\";s:3:\"has\";s:11:\"email_value\";s:0:\"\";s:11:\"event_id_op\";s:2:\"in\";s:14:\"event_id_value\";a:0:{}s:6:\"sid_op\";s:2:\"in\";s:9:\"sid_value\";a:0:{}s:6:\"rid_op\";s:2:\"in\";s:9:\"rid_value\";a:0:{}s:34:\"participant_register_date_relative\";s:1:\"0\";s:30:\"participant_register_date_from\";s:0:\"\";s:28:\"participant_register_date_to\";s:0:\"\";s:6:\"eid_op\";s:2:\"in\";s:9:\"eid_value\";a:0:{}s:11:\"custom_4_op\";s:2:\"in\";s:14:\"custom_4_value\";a:0:{}s:16:\"blank_column_end\";s:0:\"\";s:11:\"description\";s:44:\"Provides lists of participants for an event.\";s:13:\"email_subject\";s:0:\"\";s:8:\"email_to\";s:0:\"\";s:8:\"email_cc\";s:0:\"\";s:10:\"permission\";s:16:\"access CiviEvent\";s:6:\"groups\";s:0:\"\";s:7:\"options\";N;s:9:\"domain_id\";i:1;}',1,NULL,NULL,NULL,NULL,NULL,NULL,NULL,NULL,NULL,0),
 (27,1,'Event Income Summary','event/summary',NULL,NULL,'Provides an overview of event income. You can include key information such as event ID, registration, attendance, and income generated to help you determine the success of an event.','access CiviEvent',NULL,'a:18:{s:6:\"fields\";a:2:{s:5:\"title\";s:1:\"1\";s:13:\"event_type_id\";s:1:\"1\";}s:5:\"id_op\";s:2:\"in\";s:8:\"id_value\";a:0:{}s:16:\"event_type_id_op\";s:2:\"in\";s:19:\"event_type_id_value\";a:0:{}s:25:\"event_start_date_relative\";s:1:\"0\";s:21:\"event_start_date_from\";s:0:\"\";s:19:\"event_start_date_to\";s:0:\"\";s:23:\"event_end_date_relative\";s:1:\"0\";s:19:\"event_end_date_from\";s:0:\"\";s:17:\"event_end_date_to\";s:0:\"\";s:11:\"description\";s:181:\"Provides an overview of event income. You can include key information such as event ID, registration, attendance, and income generated to help you determine the success of an event.\";s:13:\"email_subject\";s:0:\"\";s:8:\"email_to\";s:0:\"\";s:8:\"email_cc\";s:0:\"\";s:10:\"permission\";s:16:\"access CiviEvent\";s:6:\"charts\";s:0:\"\";s:9:\"domain_id\";i:1;}',1,NULL,NULL,NULL,NULL,NULL,NULL,NULL,NULL,NULL,0),
 (28,1,'Event Income Details','event/income',NULL,NULL,'Helps you to analyze the income generated by an event. The report can include details by participant type, status and payment method.','access CiviEvent',NULL,'a:7:{s:5:\"id_op\";s:2:\"in\";s:8:\"id_value\";N;s:11:\"description\";s:133:\"Helps you to analyze the income generated by an event. The report can include details by participant type, status and payment method.\";s:13:\"email_subject\";s:0:\"\";s:8:\"email_to\";s:0:\"\";s:8:\"email_cc\";s:0:\"\";s:10:\"permission\";s:16:\"access CiviEvent\";}',1,NULL,NULL,NULL,NULL,NULL,NULL,NULL,NULL,NULL,0),
 (29,1,'Attendee List','event/participantListing',NULL,NULL,'Provides lists of event attendees.','access CiviEvent',NULL,'a:27:{s:6:\"fields\";a:4:{s:9:\"sort_name\";s:1:\"1\";s:8:\"event_id\";s:1:\"1\";s:9:\"status_id\";s:1:\"1\";s:7:\"role_id\";s:1:\"1\";}s:12:\"sort_name_op\";s:3:\"has\";s:15:\"sort_name_value\";s:0:\"\";s:8:\"email_op\";s:3:\"has\";s:11:\"email_value\";s:0:\"\";s:11:\"event_id_op\";s:2:\"in\";s:14:\"event_id_value\";a:0:{}s:6:\"sid_op\";s:2:\"in\";s:9:\"sid_value\";a:0:{}s:6:\"rid_op\";s:2:\"in\";s:9:\"rid_value\";a:0:{}s:34:\"participant_register_date_relative\";s:1:\"0\";s:30:\"participant_register_date_from\";s:0:\"\";s:28:\"participant_register_date_to\";s:0:\"\";s:6:\"eid_op\";s:2:\"in\";s:9:\"eid_value\";a:0:{}s:11:\"custom_4_op\";s:2:\"in\";s:14:\"custom_4_value\";a:0:{}s:16:\"blank_column_end\";s:0:\"\";s:11:\"description\";s:44:\"Provides lists of participants for an event.\";s:13:\"email_subject\";s:0:\"\";s:8:\"email_to\";s:0:\"\";s:8:\"email_cc\";s:0:\"\";s:10:\"permission\";s:16:\"access CiviEvent\";s:6:\"groups\";s:0:\"\";s:7:\"options\";N;s:9:\"domain_id\";i:1;}',1,NULL,NULL,NULL,NULL,NULL,NULL,NULL,NULL,NULL,0),
 (30,1,'Mail Bounces','Mailing/bounce',NULL,NULL,'Bounce Report for mailings','access CiviMail',NULL,'a:33:{s:6:\"fields\";a:5:{s:2:\"id\";s:1:\"1\";s:10:\"first_name\";s:1:\"1\";s:9:\"last_name\";s:1:\"1\";s:11:\"bounce_name\";s:1:\"1\";s:5:\"email\";s:1:\"1\";}s:12:\"sort_name_op\";s:3:\"has\";s:15:\"sort_name_value\";s:0:\"\";s:9:\"source_op\";s:3:\"has\";s:12:\"source_value\";s:0:\"\";s:6:\"id_min\";s:0:\"\";s:6:\"id_max\";s:0:\"\";s:5:\"id_op\";s:3:\"lte\";s:8:\"id_value\";s:0:\"\";s:15:\"mailing_name_op\";s:2:\"in\";s:18:\"mailing_name_value\";a:0:{}s:19:\"bounce_type_name_op\";s:2:\"eq\";s:22:\"bounce_type_name_value\";s:0:\"\";s:6:\"gid_op\";s:2:\"in\";s:9:\"gid_value\";a:0:{}s:8:\"tagid_op\";s:2:\"in\";s:11:\"tagid_value\";a:0:{}s:11:\"custom_1_op\";s:2:\"in\";s:14:\"custom_1_value\";a:0:{}s:11:\"custom_2_op\";s:2:\"in\";s:14:\"custom_2_value\";a:0:{}s:17:\"custom_3_relative\";s:1:\"0\";s:13:\"custom_3_from\";s:0:\"\";s:11:\"custom_3_to\";s:0:\"\";s:9:\"order_bys\";a:1:{i:1;a:1:{s:6:\"column\";s:1:\"-\";}}s:11:\"description\";s:26:\"Bounce Report for mailings\";s:13:\"email_subject\";s:0:\"\";s:8:\"email_to\";s:0:\"\";s:8:\"email_cc\";s:0:\"\";s:10:\"permission\";s:15:\"access CiviMail\";s:6:\"groups\";s:0:\"\";s:6:\"charts\";s:0:\"\";s:9:\"domain_id\";i:1;}',1,NULL,NULL,NULL,NULL,NULL,NULL,NULL,NULL,NULL,0),
 (31,1,'Mailing Summary','Mailing/summary',NULL,NULL,'Summary statistics for mailings','access CiviMail',NULL,'a:25:{s:6:\"fields\";a:5:{s:4:\"name\";s:1:\"1\";s:11:\"queue_count\";s:1:\"1\";s:15:\"delivered_count\";s:1:\"1\";s:12:\"bounce_count\";s:1:\"1\";s:17:\"unique_open_count\";s:1:\"1\";}s:15:\"is_completed_op\";s:2:\"eq\";s:18:\"is_completed_value\";s:1:\"1\";s:15:\"mailing_name_op\";s:2:\"in\";s:18:\"mailing_name_value\";a:0:{}s:9:\"status_op\";s:3:\"has\";s:12:\"status_value\";s:8:\"Complete\";s:11:\"is_test_min\";s:0:\"\";s:11:\"is_test_max\";s:0:\"\";s:10:\"is_test_op\";s:3:\"lte\";s:13:\"is_test_value\";s:1:\"0\";s:19:\"start_date_relative\";s:9:\"this.year\";s:15:\"start_date_from\";s:0:\"\";s:13:\"start_date_to\";s:0:\"\";s:17:\"end_date_relative\";s:9:\"this.year\";s:13:\"end_date_from\";s:0:\"\";s:11:\"end_date_to\";s:0:\"\";s:11:\"description\";s:31:\"Summary statistics for mailings\";s:13:\"email_subject\";s:0:\"\";s:8:\"email_to\";s:0:\"\";s:8:\"email_cc\";s:0:\"\";s:10:\"permission\";s:15:\"access CiviMail\";s:6:\"groups\";s:0:\"\";s:6:\"charts\";s:0:\"\";s:9:\"domain_id\";i:1;}',1,NULL,NULL,NULL,NULL,NULL,NULL,NULL,NULL,NULL,0),
 (32,1,'Mail Opened','Mailing/opened',NULL,NULL,'Display contacts who opened emails from a mailing','access CiviMail',NULL,'a:31:{s:6:\"fields\";a:5:{s:2:\"id\";s:1:\"1\";s:10:\"first_name\";s:1:\"1\";s:9:\"last_name\";s:1:\"1\";s:12:\"mailing_name\";s:1:\"1\";s:5:\"email\";s:1:\"1\";}s:12:\"sort_name_op\";s:3:\"has\";s:15:\"sort_name_value\";s:0:\"\";s:9:\"source_op\";s:3:\"has\";s:12:\"source_value\";s:0:\"\";s:6:\"id_min\";s:0:\"\";s:6:\"id_max\";s:0:\"\";s:5:\"id_op\";s:3:\"lte\";s:8:\"id_value\";s:0:\"\";s:15:\"mailing_name_op\";s:2:\"in\";s:18:\"mailing_name_value\";a:0:{}s:6:\"gid_op\";s:2:\"in\";s:9:\"gid_value\";a:0:{}s:8:\"tagid_op\";s:2:\"in\";s:11:\"tagid_value\";a:0:{}s:11:\"custom_1_op\";s:2:\"in\";s:14:\"custom_1_value\";a:0:{}s:11:\"custom_2_op\";s:2:\"in\";s:14:\"custom_2_value\";a:0:{}s:17:\"custom_3_relative\";s:1:\"0\";s:13:\"custom_3_from\";s:0:\"\";s:11:\"custom_3_to\";s:0:\"\";s:9:\"order_bys\";a:1:{i:1;a:1:{s:6:\"column\";s:1:\"-\";}}s:11:\"description\";s:49:\"Display contacts who opened emails from a mailing\";s:13:\"email_subject\";s:0:\"\";s:8:\"email_to\";s:0:\"\";s:8:\"email_cc\";s:0:\"\";s:10:\"permission\";s:15:\"access CiviMail\";s:6:\"groups\";s:0:\"\";s:6:\"charts\";s:0:\"\";s:9:\"domain_id\";i:1;}',1,NULL,NULL,NULL,NULL,NULL,NULL,NULL,NULL,NULL,0),
 (33,1,'Mail Clickthroughs','Mailing/clicks',NULL,NULL,'Display clicks from each mailing','access CiviMail',NULL,'a:31:{s:6:\"fields\";a:6:{s:2:\"id\";s:1:\"1\";s:10:\"first_name\";s:1:\"1\";s:9:\"last_name\";s:1:\"1\";s:12:\"mailing_name\";s:1:\"1\";s:5:\"email\";s:1:\"1\";s:3:\"url\";s:1:\"1\";}s:12:\"sort_name_op\";s:3:\"has\";s:15:\"sort_name_value\";s:0:\"\";s:9:\"source_op\";s:3:\"has\";s:12:\"source_value\";s:0:\"\";s:6:\"id_min\";s:0:\"\";s:6:\"id_max\";s:0:\"\";s:5:\"id_op\";s:3:\"lte\";s:8:\"id_value\";s:0:\"\";s:15:\"mailing_name_op\";s:2:\"in\";s:18:\"mailing_name_value\";a:0:{}s:6:\"gid_op\";s:2:\"in\";s:9:\"gid_value\";a:0:{}s:8:\"tagid_op\";s:2:\"in\";s:11:\"tagid_value\";a:0:{}s:11:\"custom_1_op\";s:2:\"in\";s:14:\"custom_1_value\";a:0:{}s:11:\"custom_2_op\";s:2:\"in\";s:14:\"custom_2_value\";a:0:{}s:17:\"custom_3_relative\";s:1:\"0\";s:13:\"custom_3_from\";s:0:\"\";s:11:\"custom_3_to\";s:0:\"\";s:9:\"order_bys\";a:1:{i:1;a:1:{s:6:\"column\";s:1:\"-\";}}s:11:\"description\";s:32:\"Display clicks from each mailing\";s:13:\"email_subject\";s:0:\"\";s:8:\"email_to\";s:0:\"\";s:8:\"email_cc\";s:0:\"\";s:10:\"permission\";s:15:\"access CiviMail\";s:6:\"groups\";s:0:\"\";s:6:\"charts\";s:0:\"\";s:9:\"domain_id\";i:1;}',1,NULL,NULL,NULL,NULL,NULL,NULL,NULL,NULL,NULL,0),
 (34,1,'Mailing Details','mailing/detail',NULL,NULL,'Provides reporting on Intended and Successful Deliveries, Unsubscribes and Opt-outs, Replies and Forwards.','access CiviMail',NULL,'a:30:{s:6:\"fields\";a:6:{s:9:\"sort_name\";s:1:\"1\";s:12:\"mailing_name\";s:1:\"1\";s:11:\"delivery_id\";s:1:\"1\";s:14:\"unsubscribe_id\";s:1:\"1\";s:9:\"optout_id\";s:1:\"1\";s:5:\"email\";s:1:\"1\";}s:12:\"sort_name_op\";s:3:\"has\";s:15:\"sort_name_value\";s:0:\"\";s:6:\"id_min\";s:0:\"\";s:6:\"id_max\";s:0:\"\";s:5:\"id_op\";s:3:\"lte\";s:8:\"id_value\";s:0:\"\";s:13:\"mailing_id_op\";s:2:\"in\";s:16:\"mailing_id_value\";a:0:{}s:18:\"delivery_status_op\";s:2:\"eq\";s:21:\"delivery_status_value\";s:0:\"\";s:18:\"is_unsubscribed_op\";s:2:\"eq\";s:21:\"is_unsubscribed_value\";s:0:\"\";s:12:\"is_optout_op\";s:2:\"eq\";s:15:\"is_optout_value\";s:0:\"\";s:13:\"is_replied_op\";s:2:\"eq\";s:16:\"is_replied_value\";s:0:\"\";s:15:\"is_forwarded_op\";s:2:\"eq\";s:18:\"is_forwarded_value\";s:0:\"\";s:6:\"gid_op\";s:2:\"in\";s:9:\"gid_value\";a:0:{}s:9:\"order_bys\";a:1:{i:1;a:2:{s:6:\"column\";s:9:\"sort_name\";s:5:\"order\";s:3:\"ASC\";}}s:11:\"description\";s:21:\"Mailing Detail Report\";s:13:\"email_subject\";s:0:\"\";s:8:\"email_to\";s:0:\"\";s:8:\"email_cc\";s:0:\"\";s:10:\"permission\";s:15:\"access CiviMail\";s:9:\"parent_id\";s:0:\"\";s:6:\"groups\";s:0:\"\";s:9:\"domain_id\";i:1;}',1,NULL,NULL,NULL,NULL,NULL,NULL,NULL,NULL,NULL,0),
 (35,1,'Survey Details','survey/detail',NULL,NULL,'Detailed report for canvassing, phone-banking, walk lists or other surveys.','access CiviReport',NULL,'a:39:{s:6:\"fields\";a:2:{s:9:\"sort_name\";s:1:\"1\";s:6:\"result\";s:1:\"1\";}s:22:\"assignee_contact_id_op\";s:2:\"eq\";s:25:\"assignee_contact_id_value\";s:0:\"\";s:12:\"sort_name_op\";s:3:\"has\";s:15:\"sort_name_value\";s:0:\"\";s:17:\"street_number_min\";s:0:\"\";s:17:\"street_number_max\";s:0:\"\";s:16:\"street_number_op\";s:3:\"lte\";s:19:\"street_number_value\";s:0:\"\";s:14:\"street_name_op\";s:3:\"has\";s:17:\"street_name_value\";s:0:\"\";s:15:\"postal_code_min\";s:0:\"\";s:15:\"postal_code_max\";s:0:\"\";s:14:\"postal_code_op\";s:3:\"lte\";s:17:\"postal_code_value\";s:0:\"\";s:7:\"city_op\";s:3:\"has\";s:10:\"city_value\";s:0:\"\";s:20:\"state_province_id_op\";s:2:\"in\";s:23:\"state_province_id_value\";a:0:{}s:13:\"country_id_op\";s:2:\"in\";s:16:\"country_id_value\";a:0:{}s:12:\"survey_id_op\";s:2:\"in\";s:15:\"survey_id_value\";a:0:{}s:12:\"status_id_op\";s:2:\"eq\";s:15:\"status_id_value\";s:1:\"1\";s:11:\"custom_1_op\";s:2:\"in\";s:14:\"custom_1_value\";a:0:{}s:11:\"custom_2_op\";s:2:\"in\";s:14:\"custom_2_value\";a:0:{}s:17:\"custom_3_relative\";s:1:\"0\";s:13:\"custom_3_from\";s:0:\"\";s:11:\"custom_3_to\";s:0:\"\";s:11:\"description\";s:75:\"Detailed report for canvassing, phone-banking, walk lists or other surveys.\";s:13:\"email_subject\";s:0:\"\";s:8:\"email_to\";s:0:\"\";s:8:\"email_cc\";s:0:\"\";s:10:\"permission\";s:17:\"access CiviReport\";s:6:\"groups\";s:0:\"\";s:9:\"domain_id\";i:1;}',1,NULL,NULL,NULL,NULL,NULL,NULL,NULL,NULL,NULL,0);
/*!40000 ALTER TABLE `civicrm_report_instance` ENABLE KEYS */;
UNLOCK TABLES;

--
-- Dumping data for table `civicrm_saved_search`
--

LOCK TABLES `civicrm_saved_search` WRITE;
/*!40000 ALTER TABLE `civicrm_saved_search` DISABLE KEYS */;
INSERT INTO `civicrm_saved_search` (`id`, `name`, `label`, `form_values`, `mapping_id`, `search_custom_id`, `api_entity`, `api_params`, `created_id`, `modified_id`, `expires_date`, `created_date`, `modified_date`, `description`) VALUES
 (1,'Administer_Campaigns','Administer Campaigns',NULL,NULL,NULL,'Campaign','{\"version\":4,\"select\":[\"id\",\"title\",\"description\",\"is_active\",\"start_date\",\"end_date\",\"campaign_type_id:label\",\"status_id:label\"],\"orderBy\":[],\"where\":[],\"groupBy\":[],\"join\":[],\"having\":[]}',NULL,NULL,NULL,'2024-06-23 22:14:47','2024-06-23 22:14:47',NULL),
 (2,'Administer_Petitions','Administer Petitions',NULL,NULL,NULL,'Survey','{\"version\":4,\"select\":[\"id\",\"title\",\"campaign_id:label\",\"is_active\",\"is_default\"],\"orderBy\":[],\"where\":[[\"activity_type_id:name\",\"=\",\"Petition\"]],\"groupBy\":[],\"join\":[],\"having\":[]}',NULL,NULL,NULL,'2024-06-23 22:14:47','2024-06-23 22:14:47',NULL),
 (3,'Administer_Survey_Options','Administer Survey Options',NULL,NULL,NULL,'OptionValue','{\"version\":4,\"select\":[\"label\",\"value\",\"filter\"],\"orderBy\":[],\"where\":[],\"groupBy\":[],\"join\":[],\"having\":[]}',NULL,NULL,NULL,'2024-06-23 22:14:47','2024-06-23 22:14:47',NULL),
 (4,'Administer_Surveys','Administer Surveys',NULL,NULL,NULL,'Survey','{\"version\":4,\"select\":[\"id\",\"title\",\"campaign_id:label\",\"activity_type_id:label\",\"release_frequency\",\"default_number_of_contacts\",\"max_number_of_contacts\",\"is_active\",\"is_default\",\"result_id:label\"],\"orderBy\":[],\"where\":[[\"activity_type_id:name\",\"!=\",\"Petition\"]],\"groupBy\":[],\"join\":[],\"having\":[]}',NULL,NULL,NULL,'2024-06-23 22:14:47','2024-06-23 22:14:47',NULL),
 (5,'Email_Bounce_History','Email Bounce History',NULL,NULL,NULL,'MailingEventBounce','{\"version\":4,\"select\":[\"time_stamp\",\"bounce_type_id:label\",\"bounce_reason\",\"MailingEventBounce_MailingEventQueue_event_queue_id_01_MailingEventQueue_MailingJob_job_id_01_MailingJob_Mailing_mailing_id_01.name\"],\"orderBy\":[],\"where\":[],\"groupBy\":[],\"join\":[[\"MailingEventQueue AS MailingEventBounce_MailingEventQueue_event_queue_id_01\",\"INNER\",[\"event_queue_id\",\"=\",\"MailingEventBounce_MailingEventQueue_event_queue_id_01.id\"]],[\"MailingJob AS MailingEventBounce_MailingEventQueue_event_queue_id_01_MailingEventQueue_MailingJob_job_id_01\",\"INNER\",[\"MailingEventBounce_MailingEventQueue_event_queue_id_01.job_id\",\"=\",\"MailingEventBounce_MailingEventQueue_event_queue_id_01_MailingEventQueue_MailingJob_job_id_01.id\"]],[\"Mailing AS MailingEventBounce_MailingEventQueue_event_queue_id_01_MailingEventQueue_MailingJob_job_id_01_MailingJob_Mailing_mailing_id_01\",\"INNER\",[\"MailingEventBounce_MailingEventQueue_event_queue_id_01_MailingEventQueue_MailingJob_job_id_01.mailing_id\",\"=\",\"MailingEventBounce_MailingEventQueue_event_queue_id_01_MailingEventQueue_MailingJob_job_id_01_MailingJob_Mailing_mailing_id_01.id\"]]],\"having\":[]}',NULL,NULL,NULL,'2024-06-23 22:14:47','2024-06-23 22:14:47',NULL),
 (6,'My_imports','My imports',NULL,NULL,NULL,'UserJob','{\"version\":4,\"select\":[\"id\",\"created_date\",\"expires_date\",\"start_date\",\"end_date\",\"status_id:label\",\"job_type:label\"],\"orderBy\":[],\"where\":[[\"created_id\",\"=\",\"user_contact_id\"],[\"is_template\",\"=\",false],[\"is_current\",\"=\",true]],\"groupBy\":[],\"join\":[],\"having\":[]}',NULL,NULL,NULL,'2024-06-23 22:14:47','2024-06-23 22:14:47',NULL),
 (7,'Import_Templates','Import Templates',NULL,NULL,NULL,'UserJob','{\"version\":4,\"select\":[\"id\",\"created_id.display_name\",\"name\",\"created_date\",\"job_type:label\"],\"orderBy\":[],\"where\":[[\"is_template\",\"=\",true]],\"groupBy\":[],\"join\":[],\"having\":[]}',NULL,NULL,NULL,'2024-06-23 22:14:47','2024-06-23 22:14:47','Available import templates'),
 (8,'all_imports','Imports',NULL,NULL,NULL,'UserJob','{\"version\":4,\"select\":[\"id\",\"created_id.display_name\",\"created_date\",\"job_type:label\",\"start_date\",\"end_date\",\"expires_date\",\"status_id:label\"],\"orderBy\":[],\"where\":[[\"is_template\",\"=\",false],[\"is_current\",\"=\",true]],\"groupBy\":[],\"join\":[],\"having\":[]}',NULL,NULL,NULL,'2024-06-23 22:14:47','2024-06-23 22:14:47',NULL),
 (9,'Contact_Summary_Notes','Contact Summary Notes',NULL,NULL,NULL,'Note','{\"version\":4,\"select\":[\"id\",\"subject\",\"note\",\"note_date\",\"modified_date\",\"contact_id.sort_name\",\"GROUP_CONCAT(UNIQUE Note_EntityFile_File_01.file_name) AS GROUP_CONCAT_Note_EntityFile_File_01_file_name\",\"COUNT(Note_Note_entity_id_01.id) AS COUNT_Note_Note_entity_id_01_id\"],\"orderBy\":[],\"where\":[],\"groupBy\":[\"id\"],\"join\":[[\"File AS Note_EntityFile_File_01\",\"LEFT\",\"EntityFile\",[\"id\",\"=\",\"Note_EntityFile_File_01.entity_id\"],[\"Note_EntityFile_File_01.entity_table\",\"=\",\"\'civicrm_note\'\"]],[\"Note AS Note_Note_entity_id_01\",\"LEFT\",[\"id\",\"=\",\"Note_Note_entity_id_01.entity_id\"],[\"Note_Note_entity_id_01.entity_table\",\"=\",\"\'civicrm_note\'\"]]],\"having\":[]}',NULL,NULL,NULL,'2024-06-23 22:14:47','2024-06-23 22:14:47',NULL),
 (10,'Contact_Summary_Relationships','Contact Summary Relationships',NULL,NULL,NULL,'RelationshipCache','{\"version\":4,\"select\":[\"near_relation:label\",\"RelationshipCache_Contact_far_contact_id_01.display_name\",\"start_date\",\"end_date\",\"RelationshipCache_Contact_far_contact_id_01.address_primary.city\",\"RelationshipCache_Contact_far_contact_id_01.address_primary.state_province_id:label\",\"RelationshipCache_Contact_far_contact_id_01.email_primary.email\",\"RelationshipCache_Contact_far_contact_id_01.phone_primary.phone\",\"permission_near_to_far:label\",\"permission_far_to_near:label\",\"is_active\"],\"orderBy\":[],\"where\":[[\"RelationshipCache_Contact_far_contact_id_01.is_deleted\",\"=\",false]],\"groupBy\":[],\"join\":[[\"Contact AS RelationshipCache_Contact_far_contact_id_01\",\"LEFT\",[\"far_contact_id\",\"=\",\"RelationshipCache_Contact_far_contact_id_01.id\"]]],\"having\":[]}',NULL,NULL,NULL,'2024-06-23 22:14:47','2024-06-23 22:14:47',NULL),
 (11,'Administer_Site_Tokens','Administer Site Tokens',NULL,NULL,NULL,'SiteToken','{\"version\":4,\"select\":[\"id\",\"is_active\",\"name\",\"label\",\"is_reserved\"],\"orderBy\":[],\"where\":[[\"domain_id:name\",\"=\",\"current_domain\"]],\"groupBy\":[],\"join\":[],\"having\":[]}',NULL,NULL,NULL,'2024-06-23 22:14:47','2024-06-23 22:14:47',NULL);
/*!40000 ALTER TABLE `civicrm_saved_search` ENABLE KEYS */;
UNLOCK TABLES;

--
-- Dumping data for table `civicrm_setting`
--

LOCK TABLES `civicrm_setting` WRITE;
/*!40000 ALTER TABLE `civicrm_setting` DISABLE KEYS */;
/*!40000 ALTER TABLE `civicrm_setting` ENABLE KEYS */;
UNLOCK TABLES;

--
-- Dumping data for table `civicrm_site_token`
--

LOCK TABLES `civicrm_site_token` WRITE;
/*!40000 ALTER TABLE `civicrm_site_token` DISABLE KEYS */;
/*!40000 ALTER TABLE `civicrm_site_token` ENABLE KEYS */;
UNLOCK TABLES;

--
-- Dumping data for table `civicrm_sms_provider`
--

LOCK TABLES `civicrm_sms_provider` WRITE;
/*!40000 ALTER TABLE `civicrm_sms_provider` DISABLE KEYS */;
/*!40000 ALTER TABLE `civicrm_sms_provider` ENABLE KEYS */;
UNLOCK TABLES;

--
-- Dumping data for table `civicrm_state_province`
--

LOCK TABLES `civicrm_state_province` WRITE;
/*!40000 ALTER TABLE `civicrm_state_province` DISABLE KEYS */;
INSERT INTO `civicrm_state_province` (`id`, `name`, `abbreviation`, `country_id`, `is_active`) VALUES
 (1000,'Alabama','AL',1228,1),
 (1001,'Alaska','AK',1228,1),
 (1002,'Arizona','AZ',1228,1),
 (1003,'Arkansas','AR',1228,1),
 (1004,'California','CA',1228,1),
 (1005,'Colorado','CO',1228,1),
 (1006,'Connecticut','CT',1228,1),
 (1007,'Delaware','DE',1228,1),
 (1008,'Florida','FL',1228,1),
 (1009,'Georgia','GA',1228,1),
 (1010,'Hawaii','HI',1228,1),
 (1011,'Idaho','ID',1228,1),
 (1012,'Illinois','IL',1228,1),
 (1013,'Indiana','IN',1228,1),
 (1014,'Iowa','IA',1228,1),
 (1015,'Kansas','KS',1228,1),
 (1016,'Kentucky','KY',1228,1),
 (1017,'Louisiana','LA',1228,1),
 (1018,'Maine','ME',1228,1),
 (1019,'Maryland','MD',1228,1),
 (1020,'Massachusetts','MA',1228,1),
 (1021,'Michigan','MI',1228,1),
 (1022,'Minnesota','MN',1228,1),
 (1023,'Mississippi','MS',1228,1),
 (1024,'Missouri','MO',1228,1),
 (1025,'Montana','MT',1228,1),
 (1026,'Nebraska','NE',1228,1),
 (1027,'Nevada','NV',1228,1),
 (1028,'New Hampshire','NH',1228,1),
 (1029,'New Jersey','NJ',1228,1),
 (1030,'New Mexico','NM',1228,1),
 (1031,'New York','NY',1228,1),
 (1032,'North Carolina','NC',1228,1),
 (1033,'North Dakota','ND',1228,1),
 (1034,'Ohio','OH',1228,1),
 (1035,'Oklahoma','OK',1228,1),
 (1036,'Oregon','OR',1228,1),
 (1037,'Pennsylvania','PA',1228,1),
 (1038,'Rhode Island','RI',1228,1),
 (1039,'South Carolina','SC',1228,1),
 (1040,'South Dakota','SD',1228,1),
 (1041,'Tennessee','TN',1228,1),
 (1042,'Texas','TX',1228,1),
 (1043,'Utah','UT',1228,1),
 (1044,'Vermont','VT',1228,1),
 (1045,'Virginia','VA',1228,1),
 (1046,'Washington','WA',1228,1),
 (1047,'West Virginia','WV',1228,1),
 (1048,'Wisconsin','WI',1228,1),
 (1049,'Wyoming','WY',1228,1),
 (1050,'District of Columbia','DC',1228,1),
 (1051,'American Samoa','AS',1228,1),
 (1052,'Guam','GU',1228,1),
 (1053,'Northern Mariana Islands','MP',1228,1),
 (1054,'Puerto Rico','PR',1228,1),
 (1055,'Virgin Islands','VI',1228,1),
 (1056,'United States Minor Outlying Islands','UM',1228,1),
 (1057,'Armed Forces Europe','AE',1228,1),
 (1058,'Armed Forces Americas','AA',1228,1),
 (1059,'Armed Forces Pacific','AP',1228,1),
 (1060,'Alberta','AB',1039,1),
 (1061,'British Columbia','BC',1039,1),
 (1062,'Manitoba','MB',1039,1),
 (1063,'New Brunswick','NB',1039,1),
 (1064,'Newfoundland and Labrador','NL',1039,1),
 (1065,'Northwest Territories','NT',1039,1),
 (1066,'Nova Scotia','NS',1039,1),
 (1067,'Nunavut','NU',1039,1),
 (1068,'Ontario','ON',1039,1),
 (1069,'Prince Edward Island','PE',1039,1),
 (1070,'Quebec','QC',1039,1),
 (1071,'Saskatchewan','SK',1039,1),
 (1072,'Yukon Territory','YT',1039,1),
 (1073,'Maharashtra','MH',1101,1),
 (1074,'Karnataka','KA',1101,1),
 (1075,'Andhra Pradesh','AP',1101,1),
 (1076,'Arunachal Pradesh','AR',1101,1),
 (1077,'Assam','AS',1101,1),
 (1078,'Bihar','BR',1101,1),
 (1079,'Chhattisgarh','CG',1101,1),
 (1080,'Goa','GA',1101,1),
 (1081,'Gujarat','GJ',1101,1),
 (1082,'Haryana','HR',1101,1),
 (1083,'Himachal Pradesh','HP',1101,1),
 (1084,'Jammu and Kashmir','JK',1101,1),
 (1085,'Jharkhand','JH',1101,1),
 (1086,'Kerala','KL',1101,1),
 (1087,'Madhya Pradesh','MP',1101,1),
 (1088,'Manipur','MN',1101,1),
 (1089,'Meghalaya','ML',1101,1),
 (1090,'Mizoram','MZ',1101,1),
 (1091,'Nagaland','NL',1101,1),
 (1092,'Orissa','OR',1101,1),
 (1093,'Punjab','PB',1101,1),
 (1094,'Rajasthan','RJ',1101,1),
 (1095,'Sikkim','SK',1101,1),
 (1096,'Tamil Nadu','TN',1101,1),
 (1097,'Tripura','TR',1101,1),
 (1098,'Uttarakhand','UT',1101,1),
 (1099,'Uttar Pradesh','UP',1101,1),
 (1100,'West Bengal','WB',1101,1),
 (1101,'Andaman and Nicobar Islands','AN',1101,1),
 (1102,'Delhi','DL',1101,1),
 (1103,'Lakshadweep','LD',1101,1),
 (1104,'Pondicherry','PY',1101,1),
 (1105,'Telangana','TG',1101,1),
 (1106,'Ddra and Nagar Haveli and Damn and Diu','DH',1101,1),
 (1107,'Ladkh','LA',1101,1),
 (1108,'Chandigarh','CH',1101,1),
 (1109,'mazowieckie','MZ',1172,1),
 (1110,'pomorskie','PM',1172,1),
 (1111,'dolnolskie','DS',1172,1),
 (1112,'kujawsko-pomorskie','KP',1172,1),
 (1113,'lubelskie','LU',1172,1),
 (1114,'lubuskie','LB',1172,1),
 (1115,'dzkie','LD',1172,1),
 (1116,'maopolskie','MA',1172,1),
 (1117,'opolskie','OP',1172,1),
 (1118,'podkarpackie','PK',1172,1),
 (1119,'podlaskie','PD',1172,1),
 (1120,'lskie','SL',1172,1),
 (1121,'witokrzyskie','SK',1172,1),
 (1122,'warmisko-mazurskie','WN',1172,1),
 (1123,'wielkopolskie','WP',1172,1),
 (1124,'zachodniopomorskie','ZP',1172,1),
 (1125,'Abu Zaby','AZ',1225,1),
 (1126,'\'Ajman','AJ',1225,1),
 (1127,'Al Fujayrah','FU',1225,1),
 (1128,'Ash Shariqah','SH',1225,1),
 (1129,'Dubayy','DU',1225,1),
 (1130,'Ra\'s al Khaymah','RK',1225,1),
 (1131,'Dac Lac','33',1233,1),
 (1132,'Umm al Qaywayn','UQ',1225,1),
 (1133,'Badakhshan','BDS',1001,1),
 (1134,'Badghis','BDG',1001,1),
 (1135,'Baghlan','BGL',1001,1),
 (1136,'Balkh','BAL',1001,1),
 (1137,'Bamian','BAM',1001,1),
 (1138,'Farah','FRA',1001,1),
 (1139,'Faryab','FYB',1001,1),
 (1140,'Ghazni','GHA',1001,1),
 (1141,'Ghowr','GHO',1001,1),
 (1142,'Helmand','HEL',1001,1),
 (1143,'Herat','HER',1001,1),
 (1144,'Jowzjan','JOW',1001,1),
 (1145,'Kabul','KAB',1001,1),
 (1146,'Kandahar','KAN',1001,1),
 (1147,'Kapisa','KAP',1001,1),
 (1148,'Khowst','KHO',1001,1),
 (1149,'Konar','KNR',1001,1),
 (1150,'Kondoz','KDZ',1001,1),
 (1151,'Laghman','LAG',1001,1),
 (1152,'Lowgar','LOW',1001,1),
 (1153,'Nangrahar','NAN',1001,1),
 (1154,'Nimruz','NIM',1001,1),
 (1155,'Nurestan','NUR',1001,1),
 (1156,'Oruzgan','ORU',1001,1),
 (1157,'Paktia','PIA',1001,1),
 (1158,'Paktika','PKA',1001,1),
 (1159,'Parwan','PAR',1001,1),
 (1160,'Samangan','SAM',1001,1),
 (1161,'Sar-e Pol','SAR',1001,1),
 (1162,'Takhar','TAK',1001,1),
 (1163,'Wardak','WAR',1001,1),
 (1164,'Zabol','ZAB',1001,1),
 (1165,'Berat','BR',1002,1),
 (1166,'Bulqiz','BU',1002,1),
 (1167,'Delvin','DL',1002,1),
 (1168,'Devoll','DV',1002,1),
 (1169,'Dibr','DI',1002,1),
 (1170,'Durrs','DR',1002,1),
 (1171,'Elbasan','EL',1002,1),
 (1172,'Fier','FR',1002,1),
 (1173,'Gramsh','GR',1002,1),
 (1174,'Gjirokastr','GJ',1002,1),
 (1175,'Has','HA',1002,1),
 (1176,'Kavaj','KA',1002,1),
 (1177,'Kolonj','ER',1002,1),
 (1178,'Kor','KO',1002,1),
 (1179,'Kruj','KR',1002,1),
 (1180,'Kuov','KC',1002,1),
 (1181,'Kuks','KU',1002,1),
 (1182,'Kurbin','KB',1002,1),
 (1183,'Lezh','LE',1002,1),
 (1184,'Librazhd','LB',1002,1),
 (1185,'Lushnj','LU',1002,1),
 (1186,'Malsi e Madhe','MM',1002,1),
 (1187,'Mallakastr','MK',1002,1),
 (1188,'Mat','MT',1002,1),
 (1189,'Mirdit','MR',1002,1),
 (1190,'Peqin','PQ',1002,1),
 (1191,'Prmet','PR',1002,1),
 (1192,'Pogradec','PG',1002,1),
 (1193,'Puk','PU',1002,1),
 (1194,'Sarand','SR',1002,1),
 (1195,'Skrapar','SK',1002,1),
 (1196,'Shkodr','SH',1002,1),
 (1197,'Tepelen','TE',1002,1),
 (1198,'Tiran','TR',1002,1),
 (1199,'Tropoj','TP',1002,1),
 (1200,'Vlor','VL',1002,1),
 (1201,'Erevan','ER',1011,1),
 (1202,'Aragacotn','AG',1011,1),
 (1203,'Ararat','AR',1011,1),
 (1204,'Armavir','AV',1011,1),
 (1205,'Gegarkunik\'','GR',1011,1),
 (1206,'Kotayk\'','KT',1011,1),
 (1207,'Lory','LO',1011,1),
 (1208,'Sirak','SH',1011,1),
 (1209,'Syunik\'','SU',1011,1),
 (1210,'Tavus','TV',1011,1),
 (1211,'Vayoc Jor','VD',1011,1),
 (1212,'Andorra la Vella','07',1005,1),
 (1213,'Canillo','02',1005,1),
 (1214,'Encamp','03',1005,1),
 (1215,'Escaldes-Engordany','08',1005,1),
 (1216,'La Massana','04',1005,1),
 (1217,'Ordino','05',1005,1),
 (1218,'Sant Julia de Loria','06',1005,1),
 (1219,'Bengo','BGO',1006,1),
 (1220,'Benguela','BGU',1006,1),
 (1221,'Bie','BIE',1006,1),
 (1222,'Cabinda','CAB',1006,1),
 (1223,'Cuando-Cubango','CCU',1006,1),
 (1224,'Cuanza Norte','CNO',1006,1),
 (1225,'Cuanza Sul','CUS',1006,1),
 (1226,'Cunene','CNN',1006,1),
 (1227,'Huambo','HUA',1006,1),
 (1228,'Huila','HUI',1006,1),
 (1229,'Luanda','LUA',1006,1),
 (1230,'Lunda Norte','LNO',1006,1),
 (1231,'Lunda Sul','LSU',1006,1),
 (1232,'Malange','MAL',1006,1),
 (1233,'Moxico','MOX',1006,1),
 (1234,'Namibe','NAM',1006,1),
 (1235,'Uige','UIG',1006,1),
 (1236,'Zaire','ZAI',1006,1),
 (1237,'Saint George','03',1009,1),
 (1238,'Saint John','04',1009,1),
 (1239,'Saint Mary','05',1009,1),
 (1240,'Saint Paul','06',1009,1),
 (1241,'Saint Peter','07',1009,1),
 (1242,'Saint Philip','08',1009,1),
 (1243,'Barbuda','10',1009,1),
 (1244,'Redonda','11',1009,1),
 (1245,'Capital federal','C',1010,1),
 (1246,'Buenos Aires','B',1010,1),
 (1247,'Catamarca','K',1010,1),
 (1248,'Cordoba','X',1010,1),
 (1249,'Corrientes','W',1010,1),
 (1250,'Chaco','H',1010,1),
 (1251,'Chubut','U',1010,1),
 (1252,'Entre Rios','E',1010,1),
 (1253,'Formosa','P',1010,1),
 (1254,'Jujuy','Y',1010,1),
 (1255,'La Pampa','L',1010,1),
 (1256,'Mendoza','M',1010,1),
 (1257,'Misiones','N',1010,1),
 (1258,'Neuquen','Q',1010,1),
 (1259,'Rio Negro','R',1010,1),
 (1260,'Salta','A',1010,1),
 (1261,'San Juan','J',1010,1),
 (1262,'San Luis','D',1010,1),
 (1263,'Santa Cruz','Z',1010,1),
 (1264,'Santa Fe','S',1010,1),
 (1265,'Santiago del Estero','G',1010,1),
 (1266,'Tierra del Fuego','V',1010,1),
 (1267,'Tucuman','T',1010,1),
 (1268,'La Rioja','F',1010,1),
 (1269,'Burgenland','1',1014,1),
 (1270,'Krnten','2',1014,1),
 (1271,'Niedersterreich','3',1014,1),
 (1272,'Obersterreich','4',1014,1),
 (1273,'Salzburg','5',1014,1),
 (1274,'Steiermark','6',1014,1),
 (1275,'Tirol','7',1014,1),
 (1276,'Vorarlberg','8',1014,1),
 (1277,'Wien','9',1014,1),
 (1278,'Australian Antarctic Territory','AAT',1008,1),
 (1279,'Australian Capital Territory','ACT',1013,1),
 (1280,'Northern Territory','NT',1013,1),
 (1281,'New South Wales','NSW',1013,1),
 (1282,'Queensland','QLD',1013,1),
 (1283,'South Australia','SA',1013,1),
 (1284,'Tasmania','TAS',1013,1),
 (1285,'Victoria','VIC',1013,1),
 (1286,'Western Australia','WA',1013,1),
 (1287,'Naxcivan','NX',1015,1),
 (1288,'Ali Bayramli','AB',1015,1),
 (1289,'Baki','BA',1015,1),
 (1290,'Ganca','GA',1015,1),
 (1291,'Lankaran','LA',1015,1),
 (1292,'Mingacevir','MI',1015,1),
 (1293,'Naftalan','NA',1015,1),
 (1294,'Saki','SA',1015,1),
 (1295,'Sumqayit','SM',1015,1),
 (1296,'Susa','SS',1015,1),
 (1297,'Xankandi','XA',1015,1),
 (1298,'Yevlax','YE',1015,1),
 (1299,'Abseron','ABS',1015,1),
 (1300,'Agcabadi','AGC',1015,1),
 (1301,'Agdam','AGM',1015,1),
 (1302,'Agdas','AGS',1015,1),
 (1303,'Agstafa','AGA',1015,1),
 (1304,'Agsu','AGU',1015,1),
 (1305,'Astara','AST',1015,1),
 (1306,'Babak','BAB',1015,1),
 (1307,'Balakan','BAL',1015,1),
 (1308,'Barda','BAR',1015,1),
 (1309,'Beylagan','BEY',1015,1),
 (1310,'Bilasuvar','BIL',1015,1),
 (1311,'Cabrayll','CAB',1015,1),
 (1312,'Calilabad','CAL',1015,1),
 (1313,'Culfa','CUL',1015,1),
 (1314,'Daskasan','DAS',1015,1),
 (1315,'Davaci','DAV',1015,1),
 (1316,'Fuzuli','FUZ',1015,1),
 (1317,'Gadabay','GAD',1015,1),
 (1318,'Goranboy','GOR',1015,1),
 (1319,'Goycay','GOY',1015,1),
 (1320,'Haciqabul','HAC',1015,1),
 (1321,'Imisli','IMI',1015,1),
 (1322,'Ismayilli','ISM',1015,1),
 (1323,'Kalbacar','KAL',1015,1),
 (1324,'Kurdamir','KUR',1015,1),
 (1325,'Lacin','LAC',1015,1),
 (1326,'Lerik','LER',1015,1),
 (1327,'Masalli','MAS',1015,1),
 (1328,'Neftcala','NEF',1015,1),
 (1329,'Oguz','OGU',1015,1),
 (1330,'Ordubad','ORD',1015,1),
 (1331,'Qabala','QAB',1015,1),
 (1332,'Qax','QAX',1015,1),
 (1333,'Qazax','QAZ',1015,1),
 (1334,'Qobustan','QOB',1015,1),
 (1335,'Quba','QBA',1015,1),
 (1336,'Qubadli','QBI',1015,1),
 (1337,'Qusar','QUS',1015,1),
 (1338,'Saatli','SAT',1015,1),
 (1339,'Sabirabad','SAB',1015,1),
 (1340,'Sadarak','SAD',1015,1),
 (1341,'Sahbuz','SAH',1015,1),
 (1342,'Salyan','SAL',1015,1),
 (1343,'Samaxi','SMI',1015,1),
 (1344,'Samkir','SKR',1015,1),
 (1345,'Samux','SMX',1015,1),
 (1346,'Sarur','SAR',1015,1),
 (1347,'Siyazan','SIY',1015,1),
 (1348,'Tartar','TAR',1015,1),
 (1349,'Tovuz','TOV',1015,1),
 (1350,'Ucar','UCA',1015,1),
 (1351,'Xacmaz','XAC',1015,1),
 (1352,'Xanlar','XAN',1015,1),
 (1353,'Xizi','XIZ',1015,1),
 (1354,'Xocali','XCI',1015,1),
 (1355,'Xocavand','XVD',1015,1),
 (1356,'Yardimli','YAR',1015,1),
 (1357,'Zangilan','ZAN',1015,1),
 (1358,'Zaqatala','ZAQ',1015,1),
 (1359,'Zardab','ZAR',1015,1),
 (1360,'Federacija Bosna i Hercegovina','BIH',1026,1),
 (1361,'Republika Srpska','SRP',1026,1),
 (1362,'Bagerhat zila','05',1017,1),
 (1363,'Bandarban zila','01',1017,1),
 (1364,'Barguna zila','02',1017,1),
 (1365,'Barisal zila','06',1017,1),
 (1366,'Bhola zila','07',1017,1),
 (1367,'Bogra zila','03',1017,1),
 (1368,'Brahmanbaria zila','04',1017,1),
 (1369,'Chandpur zila','09',1017,1),
 (1370,'Chittagong zila','10',1017,1),
 (1371,'Chuadanga zila','12',1017,1),
 (1372,'Comilla zila','08',1017,1),
 (1373,'Cox\'s Bazar zila','11',1017,1),
 (1374,'Dhaka zila','13',1017,1),
 (1375,'Dinajpur zila','14',1017,1),
 (1376,'Faridpur zila','15',1017,1),
 (1377,'Feni zila','16',1017,1),
 (1378,'Gaibandha zila','19',1017,1),
 (1379,'Gazipur zila','18',1017,1),
 (1380,'Gopalganj zila','17',1017,1),
 (1381,'Habiganj zila','20',1017,1),
 (1382,'Jaipurhat zila','24',1017,1),
 (1383,'Jamalpur zila','21',1017,1),
 (1384,'Jessore zila','22',1017,1),
 (1385,'Jhalakati zila','25',1017,1),
 (1386,'Jhenaidah zila','23',1017,1),
 (1387,'Khagrachari zila','29',1017,1),
 (1388,'Khulna zila','27',1017,1),
 (1389,'Kishorganj zila','26',1017,1),
 (1390,'Kurigram zila','28',1017,1),
 (1391,'Kushtia zila','30',1017,1),
 (1392,'Lakshmipur zila','31',1017,1),
 (1393,'Lalmonirhat zila','32',1017,1),
 (1394,'Madaripur zila','36',1017,1),
 (1395,'Magura zila','37',1017,1),
 (1396,'Manikganj zila','33',1017,1),
 (1397,'Meherpur zila','39',1017,1),
 (1398,'Moulvibazar zila','38',1017,1),
 (1399,'Munshiganj zila','35',1017,1),
 (1400,'Mymensingh zila','34',1017,1),
 (1401,'Naogaon zila','48',1017,1),
 (1402,'Narail zila','43',1017,1),
 (1403,'Narayanganj zila','40',1017,1),
 (1404,'Narsingdi zila','42',1017,1),
 (1405,'Natore zila','44',1017,1),
 (1406,'Nawabganj zila','45',1017,1),
 (1407,'Netrakona zila','41',1017,1),
 (1408,'Nilphamari zila','46',1017,1),
 (1409,'Noakhali zila','47',1017,1),
 (1410,'Pabna zila','49',1017,1),
 (1411,'Panchagarh zila','52',1017,1),
 (1412,'Patuakhali zila','51',1017,1),
 (1413,'Pirojpur zila','50',1017,1),
 (1414,'Rajbari zila','53',1017,1),
 (1415,'Rajshahi zila','54',1017,1),
 (1416,'Rangamati zila','56',1017,1),
 (1417,'Rangpur zila','55',1017,1),
 (1418,'Satkhira zila','58',1017,1),
 (1419,'Shariatpur zila','62',1017,1),
 (1420,'Sherpur zila','57',1017,1),
 (1421,'Sirajganj zila','59',1017,1),
 (1422,'Sunamganj zila','61',1017,1),
 (1423,'Sylhet zila','60',1017,1),
 (1424,'Tangail zila','63',1017,1),
 (1425,'Thakurgaon zila','64',1017,1),
 (1426,'Christ Church','01',1018,1),
 (1427,'Saint Andrew','02',1018,1),
 (1428,'Saint George','03',1018,1),
 (1429,'Saint James','04',1018,1),
 (1430,'Saint John','05',1018,1),
 (1431,'Saint Joseph','06',1018,1),
 (1432,'Saint Lucy','07',1018,1),
 (1433,'Saint Michael','08',1018,1),
 (1434,'Saint Peter','09',1018,1),
 (1435,'Saint Philip','10',1018,1),
 (1436,'Saint Thomas','11',1018,1),
 (1437,'Brussels','BRU',1020,1),
 (1438,'Antwerpen','VAN',1020,1),
 (1439,'Brabant Wallon','WBR',1020,1),
 (1440,'Hainaut','WHT',1020,1),
 (1441,'Liege','WLG',1020,1),
 (1442,'Limburg','VLI',1020,1),
 (1443,'Luxembourg','WLX',1020,1),
 (1444,'Namur','WNA',1020,1),
 (1445,'Oost-Vlaanderen','VOV',1020,1),
 (1446,'Vlaams-Brabant','VBR',1020,1),
 (1447,'West-Vlaanderen','VWV',1020,1),
 (1448,'Devonshire','DEV',1023,1),
 (1449,'Hamilton Parish','HAM',1023,1),
 (1450,'City of Hamilton','HA',1023,1),
 (1451,'Paget','PAG',1023,1),
 (1452,'Pembroke','PEM',1023,1),
 (1453,'Town of St. George','SG',1023,1),
 (1454,'Saint George\'s','SGE',1023,1),
 (1455,'Sandys','SAN',1023,1),
 (1456,'Smiths','SMI',1023,1),
 (1457,'Southampton','SOU',1023,1),
 (1458,'Warwick','WAR',1023,1),
 (1459,'Bale','BAL',1034,1),
 (1460,'Bam','BAM',1034,1),
 (1461,'Banwa','BAN',1034,1),
 (1462,'Bazega','BAZ',1034,1),
 (1463,'Bougouriba','BGR',1034,1),
 (1464,'Boulgou','BLG',1034,1),
 (1465,'Boulkiemde','BLK',1034,1),
 (1466,'Comoe','COM',1034,1),
 (1467,'Ganzourgou','GAN',1034,1),
 (1468,'Gnagna','GNA',1034,1),
 (1469,'Gourma','GOU',1034,1),
 (1470,'Houet','HOU',1034,1),
 (1471,'Ioba','IOB',1034,1),
 (1472,'Kadiogo','KAD',1034,1),
 (1473,'Kenedougou','KEN',1034,1),
 (1474,'Komondjari','KMD',1034,1),
 (1475,'Kompienga','KMP',1034,1),
 (1476,'Kossi','KOS',1034,1),
 (1477,'Koulpulogo','KOP',1034,1),
 (1478,'Kouritenga','KOT',1034,1),
 (1479,'Kourweogo','KOW',1034,1),
 (1480,'Leraba','LER',1034,1),
 (1481,'Loroum','LOR',1034,1),
 (1482,'Mouhoun','MOU',1034,1),
 (1483,'Nahouri','NAO',1034,1),
 (1484,'Namentenga','NAM',1034,1),
 (1485,'Nayala','NAY',1034,1),
 (1486,'Noumbiel','NOU',1034,1),
 (1487,'Oubritenga','OUB',1034,1),
 (1488,'Oudalan','OUD',1034,1),
 (1489,'Passore','PAS',1034,1),
 (1490,'Poni','PON',1034,1),
 (1491,'Sanguie','SNG',1034,1),
 (1492,'Sanmatenga','SMT',1034,1),
 (1493,'Seno','SEN',1034,1),
 (1494,'Siasili','SIS',1034,1),
 (1495,'Soum','SOM',1034,1),
 (1496,'Sourou','SOR',1034,1),
 (1497,'Tapoa','TAP',1034,1),
 (1498,'Tui','TUI',1034,1),
 (1499,'Yagha','YAG',1034,1),
 (1500,'Yatenga','YAT',1034,1),
 (1501,'Ziro','ZIR',1034,1),
 (1502,'Zondoma','ZON',1034,1),
 (1503,'Zoundweogo','ZOU',1034,1),
 (1504,'Blagoevgrad','01',1033,1),
 (1505,'Burgas','02',1033,1),
 (1506,'Dobrich','08',1033,1),
 (1507,'Gabrovo','07',1033,1),
 (1508,'Haskovo','26',1033,1),
 (1509,'Yambol','28',1033,1),
 (1510,'Kardzhali','09',1033,1),
 (1511,'Kyustendil','10',1033,1),
 (1512,'Lovech','11',1033,1),
 (1513,'Montana','12',1033,1),
 (1514,'Pazardzhik','13',1033,1),
 (1515,'Pernik','14',1033,1),
 (1516,'Pleven','15',1033,1),
 (1517,'Plovdiv','16',1033,1),
 (1518,'Razgrad','17',1033,1),
 (1519,'Ruse','18',1033,1),
 (1520,'Silistra','19',1033,1),
 (1521,'Sliven','20',1033,1),
 (1522,'Smolyan','21',1033,1),
 (1523,'Sofia','23',1033,1),
 (1524,'Stara Zagora','24',1033,1),
 (1525,'Shumen','27',1033,1),
 (1526,'Targovishte','25',1033,1),
 (1527,'Varna','03',1033,1),
 (1528,'Veliko Tarnovo','04',1033,1),
 (1529,'Vidin','05',1033,1),
 (1530,'Vratsa','06',1033,1),
 (1531,'Al Hadd','01',1016,1),
 (1532,'Al Manamah','03',1016,1),
 (1533,'Al Mintaqah al Gharbiyah','10',1016,1),
 (1534,'Al Mintagah al Wusta','07',1016,1),
 (1535,'Al Mintaqah ash Shamaliyah','05',1016,1),
 (1536,'Al Muharraq','02',1016,1),
 (1537,'Ar Rifa','09',1016,1),
 (1538,'Jidd Hafs','04',1016,1),
 (1539,'Madluat Jamad','12',1016,1),
 (1540,'Madluat Isa','08',1016,1),
 (1541,'Mintaqat Juzur tawar','11',1016,1),
 (1542,'Sitrah','06',1016,1),
 (1543,'Bubanza','BB',1036,1),
 (1544,'Bujumbura','BJ',1036,1),
 (1545,'Bururi','BR',1036,1),
 (1546,'Cankuzo','CA',1036,1),
 (1547,'Cibitoke','CI',1036,1),
 (1548,'Gitega','GI',1036,1),
 (1549,'Karuzi','KR',1036,1),
 (1550,'Kayanza','KY',1036,1),
 (1551,'Makamba','MA',1036,1),
 (1552,'Muramvya','MU',1036,1),
 (1553,'Mwaro','MW',1036,1),
 (1554,'Ngozi','NG',1036,1),
 (1555,'Rutana','RT',1036,1),
 (1556,'Ruyigi','RY',1036,1),
 (1557,'Alibori','AL',1022,1),
 (1558,'Atakora','AK',1022,1),
 (1559,'Atlantique','AQ',1022,1),
 (1560,'Borgou','BO',1022,1),
 (1561,'Collines','CO',1022,1),
 (1562,'Donga','DO',1022,1),
 (1563,'Kouffo','KO',1022,1),
 (1564,'Littoral','LI',1022,1),
 (1565,'Mono','MO',1022,1),
 (1566,'Oueme','OU',1022,1),
 (1567,'Plateau','PL',1022,1),
 (1568,'Zou','ZO',1022,1),
 (1569,'Belait','BE',1032,1),
 (1570,'Brunei-Muara','BM',1032,1),
 (1571,'Temburong','TE',1032,1),
 (1572,'Tutong','TU',1032,1),
 (1573,'Cochabamba','C',1025,1),
 (1574,'Chuquisaca','H',1025,1),
 (1575,'El Beni','B',1025,1),
 (1576,'La Paz','L',1025,1),
 (1577,'Oruro','O',1025,1),
 (1578,'Pando','N',1025,1),
 (1579,'Potosi','P',1025,1),
 (1580,'Tarija','T',1025,1),
 (1581,'Acre','AC',1029,1),
 (1582,'Alagoas','AL',1029,1),
 (1583,'Amazonas','AM',1029,1),
 (1584,'Amapa','AP',1029,1),
 (1585,'Bahia','BA',1029,1),
 (1586,'Ceara','CE',1029,1),
 (1587,'Distrito Federal','DF',1029,1),
 (1588,'Espirito Santo','ES',1029,1),
 (1589,'Goias','GO',1029,1),
 (1590,'Maranhao','MA',1029,1),
 (1591,'Minas Gerais','MG',1029,1),
 (1592,'Mato Grosso do Sul','MS',1029,1),
 (1593,'Mato Grosso','MT',1029,1),
 (1594,'Para','PA',1029,1),
 (1595,'Paraiba','PB',1029,1),
 (1596,'Pernambuco','PE',1029,1),
 (1597,'Piaui','PI',1029,1),
 (1598,'Parana','PR',1029,1),
 (1599,'Rio de Janeiro','RJ',1029,1),
 (1600,'Rio Grande do Norte','RN',1029,1),
 (1601,'Rondonia','RO',1029,1),
 (1602,'Roraima','RR',1029,1),
 (1603,'Rio Grande do Sul','RS',1029,1),
 (1604,'Santa Catarina','SC',1029,1),
 (1605,'Sergipe','SE',1029,1),
 (1606,'Sao Paulo','SP',1029,1),
 (1607,'Tocantins','TO',1029,1),
 (1608,'Acklins and Crooked Islands','AC',1212,1),
 (1609,'Bimini','BI',1212,1),
 (1610,'Cat Island','CI',1212,1),
 (1611,'Exuma','EX',1212,1),
 (1612,'Inagua','IN',1212,1),
 (1613,'Long Island','LI',1212,1),
 (1614,'Mayaguana','MG',1212,1),
 (1615,'New Providence','NP',1212,1),
 (1616,'Ragged Island','RI',1212,1),
 (1617,'Abaco Islands','AB',1212,1),
 (1618,'Andros Island','AN',1212,1),
 (1619,'Berry Islands','BR',1212,1),
 (1620,'Eleuthera','EL',1212,1),
 (1621,'Grand Bahama','GB',1212,1),
 (1622,'Rum Cay','RC',1212,1),
 (1623,'San Salvador Island','SS',1212,1),
 (1624,'Bumthang','33',1024,1),
 (1625,'Chhukha','12',1024,1),
 (1626,'Dagana','22',1024,1),
 (1627,'Gasa','GA',1024,1),
 (1628,'Ha','13',1024,1),
 (1629,'Lhuentse','44',1024,1),
 (1630,'Monggar','42',1024,1),
 (1631,'Paro','11',1024,1),
 (1632,'Pemagatshel','43',1024,1),
 (1633,'Punakha','23',1024,1),
 (1634,'Samdrup Jongkha','45',1024,1),
 (1635,'Samtee','14',1024,1),
 (1636,'Sarpang','31',1024,1),
 (1637,'Thimphu','15',1024,1),
 (1638,'Trashigang','41',1024,1),
 (1639,'Trashi Yangtse','TY',1024,1),
 (1640,'Trongsa','32',1024,1),
 (1641,'Tsirang','21',1024,1),
 (1642,'Wangdue Phodrang','24',1024,1),
 (1643,'Zhemgang','34',1024,1),
 (1644,'Central','CE',1027,1),
 (1645,'Ghanzi','GH',1027,1),
 (1646,'Kgalagadi','KG',1027,1),
 (1647,'Kgatleng','KL',1027,1),
 (1648,'Kweneng','KW',1027,1),
 (1649,'Ngamiland','NG',1027,1),
 (1650,'North-East','NE',1027,1),
 (1651,'North-West','NW',1027,1),
 (1652,'South-East','SE',1027,1),
 (1653,'Southern','SO',1027,1),
 (1654,'Brsckaja voblasc\'','BR',1019,1),
 (1655,'Homel\'skaja voblasc\'','HO',1019,1),
 (1656,'Hrodzenskaja voblasc\'','HR',1019,1),
 (1657,'Mahiluskaja voblasc\'','MA',1019,1),
 (1658,'Minskaja voblasc\'','MI',1019,1),
 (1659,'Vicebskaja voblasc\'','VI',1019,1),
 (1660,'Belize','BZ',1021,1),
 (1661,'Cayo','CY',1021,1),
 (1662,'Corozal','CZL',1021,1),
 (1663,'Orange Walk','OW',1021,1),
 (1664,'Stann Creek','SC',1021,1),
 (1665,'Toledo','TOL',1021,1),
 (1666,'Kinshasa','KN',1050,1),
 (1667,'Equateur','EQ',1050,1),
 (1668,'Kasai-Oriental','KE',1050,1),
 (1669,'Maniema','MA',1050,1),
 (1670,'Nord-Kivu','NK',1050,1),
 (1671,'Sud-Kivu','SK',1050,1),
 (1672,'Bangui','BGF',1042,1),
 (1673,'Bamingui-Bangoran','BB',1042,1),
 (1674,'Basse-Kotto','BK',1042,1),
 (1675,'Haute-Kotto','HK',1042,1),
 (1676,'Haut-Mbomou','HM',1042,1),
 (1677,'Kemo','KG',1042,1),
 (1678,'Lobaye','LB',1042,1),
 (1679,'Mambere-Kadei','HS',1042,1),
 (1680,'Mbomou','MB',1042,1),
 (1681,'Nana-Grebizi','KB',1042,1),
 (1682,'Nana-Mambere','NM',1042,1),
 (1683,'Ombella-Mpoko','MP',1042,1),
 (1684,'Ouaka','UK',1042,1),
 (1685,'Ouham','AC',1042,1),
 (1686,'Ouham-Pende','OP',1042,1),
 (1687,'Sangha-Mbaere','SE',1042,1),
 (1688,'Vakaga','VR',1042,1),
 (1689,'Kongo central','01',1050,1),
 (1690,'Kwango','02',1050,1),
 (1691,'Kwilu','03',1050,1),
 (1692,'Mai-Ndombe','04',1050,1),
 (1693,'Kasai','05',1050,1),
 (1694,'Lulua','06',1050,1),
 (1695,'Lomami','07',1050,1),
 (1696,'Sankuru','08',1050,1),
 (1697,'Ituri','09',1050,1),
 (1698,'Haut-Uele','10',1050,1),
 (1699,'Tshopo','11',1050,1),
 (1700,'Bas-Uele','12',1050,1),
 (1701,'Nord-Ubangi','13',1050,1),
 (1702,'Mongala','14',1050,1),
 (1703,'Sud-Ubangi','15',1050,1),
 (1704,'Tshuapa','16',1050,1),
 (1705,'Haut-Lomami','17',1050,1),
 (1706,'Lualaba','18',1050,1),
 (1707,'Haut-Katanga','19',1050,1),
 (1708,'Tanganyika','20',1050,1),
 (1709,'Brazzaville','BZV',1051,1),
 (1710,'Bouenza','11',1051,1),
 (1711,'Cuvette','8',1051,1),
 (1712,'Cuvette-Ouest','15',1051,1),
 (1713,'Kouilou','5',1051,1),
 (1714,'Lekoumou','2',1051,1),
 (1715,'Likouala','7',1051,1),
 (1716,'Niari','9',1051,1),
 (1717,'Plateaux','14',1051,1),
 (1718,'Pool','12',1051,1),
 (1719,'Sangha','13',1051,1),
 (1720,'Estuaire','01',1080,1),
 (1721,'Haut-Ogoou','02',1080,1),
 (1722,'Moyen-Ogoou','03',1080,1),
 (1723,'Ngouni','04',1080,1),
 (1724,'Nyanga','05',1080,1),
 (1725,'Ogoou-Ivindo','06',1080,1),
 (1726,'Ogoou-Lolo','07',1080,1),
 (1727,'Ogoou-Maritime','08',1080,1),
 (1728,'Woleu-Ntem','09',1080,1),
 (1729,'Aargau','AG',1205,1),
 (1730,'Appenzell Innerrhoden','AI',1205,1),
 (1731,'Appenzell Ausserrhoden','AR',1205,1),
 (1732,'Bern','BE',1205,1),
 (1733,'Basel-Landschaft','BL',1205,1),
 (1734,'Basel-Stadt','BS',1205,1),
 (1735,'Fribourg','FR',1205,1),
 (1736,'Geneva','GE',1205,1),
 (1737,'Glarus','GL',1205,1),
 (1738,'Graubunden','GR',1205,1),
 (1739,'Jura','JU',1205,1),
 (1740,'Luzern','LU',1205,1),
 (1741,'Neuchatel','NE',1205,1),
 (1742,'Nidwalden','NW',1205,1),
 (1743,'Obwalden','OW',1205,1),
 (1744,'Sankt Gallen','SG',1205,1),
 (1745,'Schaffhausen','SH',1205,1),
 (1746,'Solothurn','SO',1205,1),
 (1747,'Schwyz','SZ',1205,1),
 (1748,'Thurgau','TG',1205,1),
 (1749,'Ticino','TI',1205,1),
 (1750,'Uri','UR',1205,1),
 (1751,'Vaud','VD',1205,1),
 (1752,'Valais','VS',1205,1),
 (1753,'Zug','ZG',1205,1),
 (1754,'Zurich','ZH',1205,1),
 (1755,'18 Montagnes','06',1054,1),
 (1756,'Agnebi','16',1054,1),
 (1757,'Bas-Sassandra','09',1054,1),
 (1758,'Denguele','10',1054,1),
 (1759,'Haut-Sassandra','02',1054,1),
 (1760,'Lacs','07',1054,1),
 (1761,'Lagunes','01',1054,1),
 (1762,'Marahoue','12',1054,1),
 (1763,'Moyen-Comoe','05',1054,1),
 (1764,'Nzi-Comoe','11',1054,1),
 (1765,'Savanes','03',1054,1),
 (1766,'Sud-Bandama','15',1054,1),
 (1767,'Sud-Comoe','13',1054,1),
 (1768,'Vallee du Bandama','04',1054,1),
 (1769,'Worodouqou','14',1054,1),
 (1770,'Zanzan','08',1054,1),
 (1771,'Aisen del General Carlos Ibanez del Campo','AI',1044,1),
 (1772,'Antofagasta','AN',1044,1),
 (1773,'Araucania','AR',1044,1),
 (1774,'Atacama','AT',1044,1),
 (1775,'Bio-Bio','BI',1044,1),
 (1776,'Coquimbo','CO',1044,1),
 (1777,'Libertador General Bernardo O\'Higgins','LI',1044,1),
 (1778,'Los Lagos','LL',1044,1),
 (1779,'Magallanes','MA',1044,1),
 (1780,'Maule','ML',1044,1),
 (1781,'Santiago Metropolitan','SM',1044,1),
 (1782,'Tarapaca','TA',1044,1),
 (1783,'Valparaiso','VS',1044,1),
 (1784,'Los Rios','LR',1044,1),
 (1785,'Arica y Parinacota','AP',1044,1),
 (1786,'Adamaoua','AD',1038,1),
 (1787,'Centre','CE',1038,1),
 (1788,'East','ES',1038,1),
 (1789,'Far North','EN',1038,1),
 (1790,'North','NO',1038,1),
 (1791,'South','SW',1038,1),
 (1792,'South-West','SW',1038,1),
 (1793,'West','OU',1038,1),
 (1794,'Littoral','LT',1038,1),
 (1795,'Nord-Ouest','NW',1038,1),
 (1796,'Beijing','11',1045,1),
 (1797,'Chongqing','50',1045,1),
 (1798,'Shanghai','31',1045,1),
 (1799,'Tianjin','12',1045,1),
 (1800,'Anhui','34',1045,1),
 (1801,'Fujian','35',1045,1),
 (1802,'Gansu','62',1045,1),
 (1803,'Guangdong','44',1045,1),
 (1804,'Guizhou','52',1045,1),
 (1805,'Hainan','46',1045,1),
 (1806,'Hebei','13',1045,1),
 (1807,'Heilongjiang','23',1045,1),
 (1808,'Henan','41',1045,1),
 (1809,'Hubei','42',1045,1),
 (1810,'Hunan','43',1045,1),
 (1811,'Jiangsu','32',1045,1),
 (1812,'Jiangxi','36',1045,1),
 (1813,'Jilin','22',1045,1),
 (1814,'Liaoning','21',1045,1),
 (1815,'Qinghai','63',1045,1),
 (1816,'Shaanxi','61',1045,1),
 (1817,'Shandong','37',1045,1),
 (1818,'Shanxi','14',1045,1),
 (1819,'Sichuan','51',1045,1),
 (1820,'Taiwan','71',1045,1),
 (1821,'Yunnan','53',1045,1),
 (1822,'Zhejiang','33',1045,1),
 (1823,'Guangxi','45',1045,1),
 (1824,'Neia Mongol (mn)','15',1045,1),
 (1825,'Xinjiang','65',1045,1),
 (1826,'Xizang','54',1045,1),
 (1827,'Hong Kong','91',1045,1),
 (1828,'Macau','92',1045,1),
 (1829,'Yinchuan','YN',1045,1),
 (1830,'Shizuishan','SZ',1045,1),
 (1831,'Wuzhong','WZ',1045,1),
 (1832,'Guyuan','GY',1045,1),
 (1833,'Zhongwei','ZW',1045,1),
 (1834,'Distrito Capital de Bogot','DC',1048,1),
 (1835,'Amazonea','AMA',1048,1),
 (1836,'Antioquia','ANT',1048,1),
 (1837,'Arauca','ARA',1048,1),
 (1838,'Atlntico','ATL',1048,1),
 (1839,'Bolvar','BOL',1048,1),
 (1840,'Boyac','BOY',1048,1),
 (1841,'Caldea','CAL',1048,1),
 (1842,'Caquet','CAQ',1048,1),
 (1843,'Casanare','CAS',1048,1),
 (1844,'Cauca','CAU',1048,1),
 (1845,'Cesar','CES',1048,1),
 (1846,'Crdoba','COR',1048,1),
 (1847,'Cundinamarca','CUN',1048,1),
 (1848,'Choc','CHO',1048,1),
 (1849,'Guaina','GUA',1048,1),
 (1850,'Guaviare','GUV',1048,1),
 (1851,'La Guajira','LAG',1048,1),
 (1852,'Magdalena','MAG',1048,1),
 (1853,'Meta','MET',1048,1),
 (1854,'Nario','NAR',1048,1),
 (1855,'Norte de Santander','NSA',1048,1),
 (1856,'Putumayo','PUT',1048,1),
 (1857,'Quindio','QUI',1048,1),
 (1858,'Risaralda','RIS',1048,1),
 (1859,'San Andrs, Providencia y Santa Catalina','SAP',1048,1),
 (1860,'Santander','SAN',1048,1),
 (1861,'Sucre','SUC',1048,1),
 (1862,'Tolima','TOL',1048,1),
 (1863,'Valle del Cauca','VAC',1048,1),
 (1864,'Vaups','VAU',1048,1),
 (1865,'Vichada','VID',1048,1),
 (1866,'Huila','HUI',1048,1),
 (1867,'Alajuela','A',1053,1),
 (1868,'Cartago','C',1053,1),
 (1869,'Guanacaste','G',1053,1),
 (1870,'Heredia','H',1053,1),
 (1871,'Limon','L',1053,1),
 (1872,'Puntarenas','P',1053,1),
 (1873,'San Jose','SJ',1053,1),
 (1874,'Camagey','09',1056,1),
 (1875,'Ciego de `vila','08',1056,1),
 (1876,'Cienfuegos','06',1056,1),
 (1877,'Ciudad de La Habana','03',1056,1),
 (1878,'Granma','12',1056,1),
 (1879,'Guantanamo','14',1056,1),
 (1880,'Holquin','11',1056,1),
 (1881,'La Habana','02',1056,1),
 (1882,'Las Tunas','10',1056,1),
 (1883,'Matanzas','04',1056,1),
 (1884,'Pinar del Rio','01',1056,1),
 (1885,'Sancti Spiritus','07',1056,1),
 (1886,'Santiago de Cuba','13',1056,1),
 (1887,'Villa Clara','05',1056,1),
 (1888,'Isla de la Juventud','99',1056,1),
 (1889,'Pinar del Roo','PR',1056,1),
 (1890,'Ciego de Avila','CA',1056,1),
 (1891,'Camagoey','CG',1056,1),
 (1892,'Holgun','HO',1056,1),
 (1893,'Sancti Spritus','SS',1056,1),
 (1894,'Municipio Especial Isla de la Juventud','IJ',1056,1),
 (1895,'Boa Vista','BV',1040,1),
 (1896,'Brava','BR',1040,1),
 (1897,'Calheta de Sao Miguel','CS',1040,1),
 (1898,'Fogo','FO',1040,1),
 (1899,'Maio','MA',1040,1),
 (1900,'Mosteiros','MO',1040,1),
 (1901,'Paul','PA',1040,1),
 (1902,'Porto Novo','PN',1040,1),
 (1903,'Praia','PR',1040,1),
 (1904,'Ribeira Grande','RG',1040,1),
 (1905,'Sal','SL',1040,1),
 (1906,'Sao Domingos','SD',1040,1),
 (1907,'Sao Filipe','SF',1040,1),
 (1908,'Sao Nicolau','SN',1040,1),
 (1909,'Sao Vicente','SV',1040,1),
 (1910,'Tarrafal','TA',1040,1),
 (1911,'Ammochostos Magusa','04',1057,1),
 (1912,'Keryneia','06',1057,1),
 (1913,'Larnaka','03',1057,1),
 (1914,'Lefkosia','01',1057,1),
 (1915,'Lemesos','02',1057,1),
 (1916,'Pafos','05',1057,1),
 (1917,'Jihoesk kraj','JC',1058,1),
 (1918,'Jihomoravsk kraj','JM',1058,1),
 (1919,'Karlovarsk kraj','KA',1058,1),
 (1920,'Krlovhradeck kraj','KR',1058,1),
 (1921,'Libereck kraj','LI',1058,1),
 (1922,'Moravskoslezsk kraj','MO',1058,1),
 (1923,'Olomouck kraj','OL',1058,1),
 (1924,'Pardubick kraj','PA',1058,1),
 (1925,'Plzesk kraj','PL',1058,1),
 (1926,'Praha, hlavn msto','PR',1058,1),
 (1927,'Stedoesk kraj','ST',1058,1),
 (1928,'steck kraj','US',1058,1),
 (1929,'Vysoina','VY',1058,1),
 (1930,'Zlnsk kraj','ZL',1058,1),
 (1931,'Abkhazia','AB',1081,1),
 (1932,'Adjara','AJ',1081,1),
 (1933,'Tbilisi','TB',1081,1),
 (1934,'Guria','GU',1081,1),
 (1935,'Imereti','IM',1081,1),
 (1936,'Kakheti','KA',1081,1),
 (1937,'Kvemo Kartli','KK',1081,1),
 (1938,'Mtskheta-Mtianeti','MM',1081,1),
 (1939,'Racha-Lechkhumi and Kvemo Svaneti','RL',1081,1),
 (1940,'Samegrelo-Zemo Svaneti','SZ',1081,1),
 (1941,'Samtskhe-Javakheti','SJ',1081,1),
 (1942,'Shida Kartli','SK',1081,1),
 (1943,'Baden-Wrttemberg','BW',1082,1),
 (1944,'Bayern','BY',1082,1),
 (1945,'Bremen','HB',1082,1),
 (1946,'Hamburg','HH',1082,1),
 (1947,'Hessen','HE',1082,1),
 (1948,'Niedersachsen','NI',1082,1),
 (1949,'Nordrhein-Westfalen','NW',1082,1),
 (1950,'Rheinland-Pfalz','RP',1082,1),
 (1951,'Saarland','SL',1082,1),
 (1952,'Schleswig-Holstein','SH',1082,1),
 (1953,'Berlin','BE',1082,1),
 (1954,'Brandenburg','BB',1082,1),
 (1955,'Mecklenburg-Vorpommern','MV',1082,1),
 (1956,'Sachsen','SN',1082,1),
 (1957,'Sachsen-Anhalt','ST',1082,1),
 (1958,'Thringen','TH',1082,1),
 (1959,'Ali Sabiah','AS',1060,1),
 (1960,'Dikhil','DI',1060,1),
 (1961,'Djibouti','DJ',1060,1),
 (1962,'Obock','OB',1060,1),
 (1963,'Tadjoura','TA',1060,1),
 (1964,'Frederiksberg','147',1059,1),
 (1965,'Copenhagen City','101',1059,1),
 (1966,'Copenhagen','015',1059,1),
 (1967,'Frederiksborg','020',1059,1),
 (1968,'Roskilde','025',1059,1),
 (1969,'Vestsjlland','030',1059,1),
 (1970,'Storstrm','035',1059,1),
 (1971,'Bornholm','040',1059,1),
 (1972,'Fyn','042',1059,1),
 (1973,'South Jutland','050',1059,1),
 (1974,'Ribe','055',1059,1),
 (1975,'Vejle','060',1059,1),
 (1976,'Ringkjbing','065',1059,1),
 (1977,'rhus','070',1059,1),
 (1978,'Viborg','076',1059,1),
 (1979,'North Jutland','080',1059,1),
 (1980,'Distrito Nacional (Santo Domingo)','01',1062,1),
 (1981,'Azua','02',1062,1),
 (1982,'Bahoruco','03',1062,1),
 (1983,'Barahona','04',1062,1),
 (1984,'Dajabn','05',1062,1),
 (1985,'Duarte','06',1062,1),
 (1986,'El Seybo [El Seibo]','08',1062,1),
 (1987,'Espaillat','09',1062,1),
 (1988,'Hato Mayor','30',1062,1),
 (1989,'Independencia','10',1062,1),
 (1990,'La Altagracia','11',1062,1),
 (1991,'La Estrelleta [Elias Pina]','07',1062,1),
 (1992,'La Romana','12',1062,1),
 (1993,'La Vega','13',1062,1),
 (1994,'Maroia Trinidad Snchez','14',1062,1),
 (1995,'Monseor Nouel','28',1062,1),
 (1996,'Monte Cristi','15',1062,1),
 (1997,'Monte Plata','29',1062,1),
 (1998,'Pedernales','16',1062,1),
 (1999,'Peravia','17',1062,1),
 (2000,'Puerto Plata','18',1062,1),
 (2001,'Salcedo','19',1062,1),
 (2002,'Saman','20',1062,1),
 (2003,'San Cristbal','21',1062,1),
 (2004,'San Pedro de Macors','23',1062,1),
 (2005,'Snchez Ramrez','24',1062,1),
 (2006,'Santiago','25',1062,1),
 (2007,'Santiago Rodrguez','26',1062,1),
 (2008,'Valverde','27',1062,1),
 (2009,'Adrar','01',1003,1),
 (2010,'Ain Defla','44',1003,1),
 (2011,'Ain Tmouchent','46',1003,1),
 (2012,'Alger','16',1003,1),
 (2013,'Annaba','23',1003,1),
 (2014,'Batna','05',1003,1),
 (2015,'Bechar','08',1003,1),
 (2016,'Bejaia','06',1003,1),
 (2017,'Biskra','07',1003,1),
 (2018,'Blida','09',1003,1),
 (2019,'Bordj Bou Arreridj','34',1003,1),
 (2020,'Bouira','10',1003,1),
 (2021,'Boumerdes','35',1003,1),
 (2022,'Chlef','02',1003,1),
 (2023,'Constantine','25',1003,1),
 (2024,'Djelfa','17',1003,1),
 (2025,'El Bayadh','32',1003,1),
 (2026,'El Oued','39',1003,1),
 (2027,'El Tarf','36',1003,1),
 (2028,'Ghardaia','47',1003,1),
 (2029,'Guelma','24',1003,1),
 (2030,'Illizi','33',1003,1),
 (2031,'Jijel','18',1003,1),
 (2032,'Khenchela','40',1003,1),
 (2033,'Laghouat','03',1003,1),
 (2034,'Mascara','29',1003,1),
 (2035,'Medea','26',1003,1),
 (2036,'Mila','43',1003,1),
 (2037,'Mostaganem','27',1003,1),
 (2038,'Msila','28',1003,1),
 (2039,'Naama','45',1003,1),
 (2040,'Oran','31',1003,1),
 (2041,'Ouargla','30',1003,1),
 (2042,'Oum el Bouaghi','04',1003,1),
 (2043,'Relizane','48',1003,1),
 (2044,'Saida','20',1003,1),
 (2045,'Setif','19',1003,1),
 (2046,'Sidi Bel Abbes','22',1003,1),
 (2047,'Skikda','21',1003,1),
 (2048,'Souk Ahras','41',1003,1),
 (2049,'Tamanghasset','11',1003,1),
 (2050,'Tebessa','12',1003,1),
 (2051,'Tiaret','14',1003,1),
 (2052,'Tindouf','37',1003,1),
 (2053,'Tipaza','42',1003,1),
 (2054,'Tissemsilt','38',1003,1),
 (2055,'Tizi Ouzou','15',1003,1),
 (2056,'Tlemcen','13',1003,1),
 (2057,'Azuay','A',1064,1),
 (2058,'Bolivar','B',1064,1),
 (2059,'Canar','F',1064,1),
 (2060,'Carchi','C',1064,1),
 (2061,'Cotopaxi','X',1064,1),
 (2062,'Chimborazo','H',1064,1),
 (2063,'El Oro','O',1064,1),
 (2064,'Esmeraldas','E',1064,1),
 (2065,'Galapagos','W',1064,1),
 (2066,'Guayas','G',1064,1),
 (2067,'Imbabura','I',1064,1),
 (2068,'Loja','L',1064,1),
 (2069,'Los Rios','R',1064,1),
 (2070,'Manabi','M',1064,1),
 (2071,'Morona-Santiago','S',1064,1),
 (2072,'Napo','N',1064,1),
 (2073,'Orellana','D',1064,1),
 (2074,'Pastaza','Y',1064,1),
 (2075,'Pichincha','P',1064,1),
 (2076,'Sucumbios','U',1064,1),
 (2077,'Tungurahua','T',1064,1),
 (2078,'Zamora-Chinchipe','Z',1064,1),
 (2079,'Harjumaa','37',1069,1),
 (2080,'Hiiumaa','39',1069,1),
 (2081,'Ida-Virumaa','44',1069,1),
 (2082,'Jgevamaa','49',1069,1),
 (2083,'Jrvamaa','51',1069,1),
 (2084,'Lnemaa','57',1069,1),
 (2085,'Lne-Virumaa','59',1069,1),
 (2086,'Plvamaa','65',1069,1),
 (2087,'Prnumaa','67',1069,1),
 (2088,'Raplamaa','70',1069,1),
 (2089,'Saaremaa','74',1069,1),
 (2090,'Tartumaa','7B',1069,1),
 (2091,'Valgamaa','82',1069,1),
 (2092,'Viljandimaa','84',1069,1),
 (2093,'Vrumaa','86',1069,1),
 (2094,'Ad Daqahllyah','DK',1065,1),
 (2095,'Al Bahr al Ahmar','BA',1065,1),
 (2096,'Al Buhayrah','BH',1065,1),
 (2097,'Al Fayym','FYM',1065,1),
 (2098,'Al Gharbiyah','GH',1065,1),
 (2099,'Al Iskandarlyah','ALX',1065,1),
 (2100,'Al Isma illyah','IS',1065,1),
 (2101,'Al Jizah','GZ',1065,1),
 (2102,'Al Minuflyah','MNF',1065,1),
 (2103,'Al Minya','MN',1065,1),
 (2104,'Al Qahirah','C',1065,1),
 (2105,'Al Qalyublyah','KB',1065,1),
 (2106,'Al Wadi al Jadid','WAD',1065,1),
 (2107,'Ash Sharqiyah','SHR',1065,1),
 (2108,'As Suways','SUZ',1065,1),
 (2109,'Aswan','ASN',1065,1),
 (2110,'Asyut','AST',1065,1),
 (2111,'Bani Suwayf','BNS',1065,1),
 (2112,'Bur Sa\'id','PTS',1065,1),
 (2113,'Dumyat','DT',1065,1),
 (2114,'Janub Sina\'','JS',1065,1),
 (2115,'Kafr ash Shaykh','KFS',1065,1),
 (2116,'Matruh','MT',1065,1),
 (2117,'Qina','KN',1065,1),
 (2118,'Shamal Sina\'','SIN',1065,1),
 (2119,'Suhaj','SHG',1065,1),
 (2120,'Anseba','AN',1068,1),
 (2121,'Debub','DU',1068,1),
 (2122,'Debubawi Keyih Bahri [Debub-Keih-Bahri]','DK',1068,1),
 (2123,'Gash-Barka','GB',1068,1),
 (2124,'Maakel [Maekel]','MA',1068,1),
 (2125,'Semenawi Keyih Bahri [Semien-Keih-Bahri]','SK',1068,1),
 (2126,'lava','VI',1198,1),
 (2127,'Albacete','AB',1198,1),
 (2128,'Alicante','A',1198,1),
 (2129,'Almera','AL',1198,1),
 (2130,'Asturias','O',1198,1),
 (2131,'vila','AV',1198,1),
 (2132,'Badajoz','BA',1198,1),
 (2133,'Baleares','PM',1198,1),
 (2134,'Barcelona','B',1198,1),
 (2135,'Burgos','BU',1198,1),
 (2136,'Cceres','CC',1198,1),
 (2137,'Cdiz','CA',1198,1),
 (2138,'Cantabria','S',1198,1),
 (2139,'Castelln','CS',1198,1),
 (2140,'Ciudad Real','CR',1198,1),
 (2141,'Cuenca','CU',1198,1),
 (2142,'Girona [Gerona]','GE',1198,1),
 (2143,'Granada','GR',1198,1),
 (2144,'Guadalajara','GU',1198,1),
 (2145,'Guipzcoa','SS',1198,1),
 (2146,'Huelva','H',1198,1),
 (2147,'Huesca','HU',1198,1),
 (2148,'Jan','J',1198,1),
 (2149,'La Corua','C',1198,1),
 (2150,'La Rioja','LO',1198,1),
 (2151,'Las Palmas','GC',1198,1),
 (2152,'Len','LE',1198,1),
 (2153,'Lleida [Lrida]','L',1198,1),
 (2154,'Lugo','LU',1198,1),
 (2155,'Madrid','M',1198,1),
 (2156,'Mlaga','MA',1198,1),
 (2157,'Murcia','MU',1198,1),
 (2158,'Navarra','NA',1198,1),
 (2159,'Ourense','OR',1198,1),
 (2160,'Palencia','P',1198,1),
 (2161,'Pontevedra','PO',1198,1),
 (2162,'Salamanca','SA',1198,1),
 (2163,'Santa Cruz de Tenerife','TF',1198,1),
 (2164,'Segovia','SG',1198,1),
 (2165,'Sevilla','SE',1198,1),
 (2166,'Soria','SO',1198,1),
 (2167,'Tarragona','T',1198,1),
 (2168,'Teruel','TE',1198,1),
 (2169,'Valencia','V',1198,1),
 (2170,'Valladolid','VA',1198,1),
 (2171,'Vizcaya','BI',1198,1),
 (2172,'Zamora','ZA',1198,1),
 (2173,'Zaragoza','Z',1198,1),
 (2174,'Ceuta','CE',1198,1),
 (2175,'Melilla','ML',1198,1),
 (2176,'Toledo','TO',1198,1),
 (2177,'Crdoba','CO',1198,1),
 (2178,'Addis Ababa','AA',1070,1),
 (2179,'Dire Dawa','DD',1070,1),
 (2180,'Afar','AF',1070,1),
 (2181,'Amara','AM',1070,1),
 (2182,'Benshangul-Gumaz','BE',1070,1),
 (2183,'Gambela Peoples','GA',1070,1),
 (2184,'Harari People','HA',1070,1),
 (2185,'Oromia','OR',1070,1),
 (2186,'Somali','SO',1070,1),
 (2187,'Southern Nations, Nationalities and Peoples','SN',1070,1),
 (2188,'Tigrai','TI',1070,1),
 (2189,'Eastern','E',1074,1),
 (2190,'Northern','N',1074,1),
 (2191,'Western','W',1074,1),
 (2192,'Rotuma','R',1074,1),
 (2193,'Central','C',1074,1),
 (2194,'Chuuk','TRK',1141,1),
 (2195,'Kosrae','KSA',1141,1),
 (2196,'Pohnpei','PNI',1141,1),
 (2197,'Yap','YAP',1141,1),
 (2198,'Ain','01',1076,1),
 (2199,'Aisne','02',1076,1),
 (2200,'Allier','03',1076,1),
 (2201,'Alpes-de-Haute-Provence','04',1076,1),
 (2202,'Alpes-Maritimes','06',1076,1),
 (2203,'Ardche','07',1076,1),
 (2204,'Ardennes','08',1076,1),
 (2205,'Arige','09',1076,1),
 (2206,'Aube','10',1076,1),
 (2207,'Aude','11',1076,1),
 (2208,'Aveyron','12',1076,1),
 (2209,'Bas-Rhin','67',1076,1),
 (2210,'Bouches-du-Rhne','13',1076,1),
 (2211,'Calvados','14',1076,1),
 (2212,'Cantal','15',1076,1),
 (2213,'Charente','16',1076,1),
 (2214,'Charente-Maritime','17',1076,1),
 (2215,'Cher','18',1076,1),
 (2216,'Corrze','19',1076,1),
 (2217,'Corse-du-Sud','20A',1076,1),
 (2218,'Cte-d\'Or','21',1076,1),
 (2219,'Ctes-d\'Armor','22',1076,1),
 (2220,'Creuse','23',1076,1),
 (2221,'Deux-Svres','79',1076,1),
 (2222,'Dordogne','24',1076,1),
 (2223,'Doubs','25',1076,1),
 (2224,'Drme','26',1076,1),
 (2225,'Essonne','91',1076,1),
 (2226,'Eure','27',1076,1),
 (2227,'Eure-et-Loir','28',1076,1),
 (2228,'Finistre','29',1076,1),
 (2229,'Gard','30',1076,1),
 (2230,'Gers','32',1076,1),
 (2231,'Gironde','33',1076,1),
 (2232,'Haut-Rhin','68',1076,1),
 (2233,'Haute-Corse','20B',1076,1),
 (2234,'Haute-Garonne','31',1076,1),
 (2235,'Haute-Loire','43',1076,1),
 (2236,'Haute-Sane','70',1076,1),
 (2237,'Haute-Savoie','74',1076,1),
 (2238,'Haute-Vienne','87',1076,1),
 (2239,'Hautes-Alpes','05',1076,1),
 (2240,'Hautes-Pyrnes','65',1076,1),
 (2241,'Hauts-de-Seine','92',1076,1),
 (2242,'Hrault','34',1076,1),
 (2243,'Indre','36',1076,1),
 (2244,'Ille-et-Vilaine','35',1076,1),
 (2245,'Indre-et-Loire','37',1076,1),
 (2246,'Isre','38',1076,1),
 (2247,'Landes','40',1076,1),
 (2248,'Loir-et-Cher','41',1076,1),
 (2249,'Loire','42',1076,1),
 (2250,'Loire-Atlantique','44',1076,1),
 (2251,'Loiret','45',1076,1),
 (2252,'Lot','46',1076,1),
 (2253,'Lot-et-Garonne','47',1076,1),
 (2254,'Lozre','48',1076,1),
 (2255,'Maine-et-Loire','49',1076,1),
 (2256,'Manche','50',1076,1),
 (2257,'Marne','51',1076,1),
 (2258,'Mayenne','53',1076,1),
 (2259,'Meurthe-et-Moselle','54',1076,1),
 (2260,'Meuse','55',1076,1),
 (2261,'Morbihan','56',1076,1),
 (2262,'Moselle','57',1076,1),
 (2263,'Nivre','58',1076,1),
 (2264,'Nord','59',1076,1),
 (2265,'Oise','60',1076,1),
 (2266,'Orne','61',1076,1),
 (2267,'Paris','75',1076,1),
 (2268,'Pas-de-Calais','62',1076,1),
 (2269,'Puy-de-Dme','63',1076,1),
 (2270,'Pyrnes-Atlantiques','64',1076,1),
 (2271,'Pyrnes-Orientales','66',1076,1),
 (2272,'Rhne','69',1076,1),
 (2273,'Sane-et-Loire','71',1076,1),
 (2274,'Sarthe','72',1076,1),
 (2275,'Savoie','73',1076,1),
 (2276,'Seine-et-Marne','77',1076,1),
 (2277,'Seine-Maritime','76',1076,1),
 (2278,'Seine-Saint-Denis','93',1076,1),
 (2279,'Somme','80',1076,1),
 (2280,'Tarn','81',1076,1),
 (2281,'Tarn-et-Garonne','82',1076,1),
 (2282,'Val d\'Oise','95',1076,1),
 (2283,'Territoire de Belfort','90',1076,1),
 (2284,'Val-de-Marne','94',1076,1),
 (2285,'Var','83',1076,1),
 (2286,'Vaucluse','84',1076,1),
 (2287,'Vende','85',1076,1),
 (2288,'Vienne','86',1076,1),
 (2289,'Vosges','88',1076,1),
 (2290,'Yonne','89',1076,1),
 (2291,'Yvelines','78',1076,1),
 (2292,'Guadeloupe','GP',1076,1),
 (2293,'Martinique','MQ',1076,1),
 (2294,'Guyane','GF',1076,1),
 (2295,'La Runion','RE',1076,1),
 (2296,'Mayotte','YT',1076,1),
 (2297,'Wallis-et-Futuna','WF',1076,1),
 (2298,'Nouvelle-Caldonie','NC',1076,1),
 (2299,'Haute-Marne','52',1076,1),
 (2300,'Jura','39',1076,1),
 (2301,'Aberdeen City','ABE',1226,1),
 (2302,'Aberdeenshire','ABD',1226,1),
 (2303,'Angus','ANS',1226,1),
 (2304,'Co Antrim','ANT',1226,1),
 (2305,'Argyll and Bute','AGB',1226,1),
 (2306,'Co Armagh','ARM',1226,1),
 (2307,'Bedfordshire','BDF',1226,1),
 (2308,'Blaenau Gwent','BGW',1226,1),
 (2309,'Bristol, City of','BST',1226,1),
 (2310,'Buckinghamshire','BKM',1226,1),
 (2311,'Cambridgeshire','CAM',1226,1),
 (2312,'Cheshire','CHS',1226,1),
 (2313,'Clackmannanshire','CLK',1226,1),
 (2314,'Cornwall','CON',1226,1),
 (2315,'Cumbria','CMA',1226,1),
 (2316,'Derbyshire','DBY',1226,1),
 (2317,'Co Londonderry','DRY',1226,1),
 (2318,'Devon','DEV',1226,1),
 (2319,'Dorset','DOR',1226,1),
 (2320,'Co Down','DOW',1226,1),
 (2321,'Dumfries and Galloway','DGY',1226,1),
 (2322,'Dundee City','DND',1226,1),
 (2323,'County Durham','DUR',1226,1),
 (2324,'East Ayrshire','EAY',1226,1),
 (2325,'East Dunbartonshire','EDU',1226,1),
 (2326,'East Lothian','ELN',1226,1),
 (2327,'East Renfrewshire','ERW',1226,1),
 (2328,'East Riding of Yorkshire','ERY',1226,1),
 (2329,'East Sussex','ESX',1226,1),
 (2330,'Edinburgh, City of','EDH',1226,1),
 (2331,'Na h-Eileanan Siar','ELS',1226,1),
 (2332,'Essex','ESS',1226,1),
 (2333,'Falkirk','FAL',1226,1),
 (2334,'Co Fermanagh','FER',1226,1),
 (2335,'Fife','FIF',1226,1),
 (2336,'Glasgow City','GLG',1226,1),
 (2337,'Gloucestershire','GLS',1226,1),
 (2338,'Gwynedd','GWN',1226,1),
 (2339,'Hampshire','HAM',1226,1),
 (2340,'Herefordshire','HEF',1226,1),
 (2341,'Hertfordshire','HRT',1226,1),
 (2342,'Highland','HED',1226,1),
 (2343,'Inverclyde','IVC',1226,1),
 (2344,'Isle of Wight','IOW',1226,1),
 (2345,'Kent','KEN',1226,1),
 (2346,'Lancashire','LAN',1226,1),
 (2347,'Leicestershire','LEC',1226,1),
 (2348,'Lincolnshire','LIN',1226,1),
 (2349,'Midlothian','MLN',1226,1),
 (2350,'Moray','MRY',1226,1),
 (2351,'Norfolk','NFK',1226,1),
 (2352,'North Ayrshire','NAY',1226,1),
 (2353,'North Lanarkshire','NLK',1226,1),
 (2354,'North Yorkshire','NYK',1226,1),
 (2355,'Northamptonshire','NTH',1226,1),
 (2356,'Northumberland','NBL',1226,1),
 (2357,'Nottinghamshire','NTT',1226,1),
 (2358,'Oldham','OLD',1226,1),
 (2359,'Omagh','OMH',1226,1),
 (2360,'Orkney Islands','ORR',1226,1),
 (2361,'Oxfordshire','OXF',1226,1),
 (2362,'Perth and Kinross','PKN',1226,1),
 (2363,'Powys','POW',1226,1),
 (2364,'Renfrewshire','RFW',1226,1),
 (2365,'Rutland','RUT',1226,1),
 (2366,'Scottish Borders','SCB',1226,1),
 (2367,'Shetland Islands','ZET',1226,1),
 (2368,'Shropshire','SHR',1226,1),
 (2369,'Somerset','SOM',1226,1),
 (2370,'South Ayrshire','SAY',1226,1),
 (2371,'South Gloucestershire','SGC',1226,1),
 (2372,'South Lanarkshire','SLK',1226,1),
 (2373,'Staffordshire','STS',1226,1),
 (2374,'Stirling','STG',1226,1),
 (2375,'Suffolk','SFK',1226,1),
 (2376,'Surrey','SRY',1226,1),
 (2377,'Vale of Glamorgan, The','VGL',1226,1),
 (2378,'Warwickshire','WAR',1226,1),
 (2379,'West Dunbartonshire','WDU',1226,1),
 (2380,'West Lothian','WLN',1226,1),
 (2381,'West Sussex','WSX',1226,1),
 (2382,'Wiltshire','WIL',1226,1),
 (2383,'Worcestershire','WOR',1226,1),
 (2384,'Antrim and Newtownabbey','ANN',1226,1),
 (2385,'Ards and North Down','AND',1226,1),
 (2386,'Armagh City, Banbridge and Craigavon','ABC',1226,1),
 (2387,'Belfast','BFS',1226,1),
 (2388,'Causeway Coast and Glens','CCG',1226,1),
 (2389,'Derry City and Strabane','DRS',1226,1),
 (2390,'Fermanagh and Omagh','FMO',1226,1),
 (2391,'Lisburn and Castlereagh','LBC',1226,1),
 (2392,'Mid and East Antrim','MEA',1226,1),
 (2393,'Mid Ulster','MUL',1226,1),
 (2394,'Newry, Mourne and Down','NMD',1226,1),
 (2395,'Bridgend','BGE',1226,1),
 (2396,'Caerphilly','CAY',1226,1),
 (2397,'Cardiff','CRF',1226,1),
 (2398,'Carmarthenshire','CMN',1226,1),
 (2399,'Ceredigion','CGN',1226,1),
 (2400,'Conwy','CWY',1226,1),
 (2401,'Denbighshire','DEN',1226,1),
 (2402,'Flintshire','FLN',1226,1),
 (2403,'Isle of Anglesey','AGY',1226,1),
 (2404,'Merthyr Tydfil','MTY',1226,1),
 (2405,'Neath Port Talbot','NTL',1226,1),
 (2406,'Newport','NWP',1226,1),
 (2407,'Pembrokeshire','PEM',1226,1),
 (2408,'Rhondda, Cynon, Taff','RCT',1226,1),
 (2409,'Swansea','SWA',1226,1),
 (2410,'Torfaen','TOF',1226,1),
 (2411,'Wrexham','WRX',1226,1),
 (2412,'Monmouthshire','MON',1226,1),
 (2413,'Tyne and Wear','TWR',1226,1),
 (2414,'Greater Manchester','GTM',1226,1),
 (2415,'Co Tyrone','TYR',1226,1),
 (2416,'West Yorkshire','WYK',1226,1),
 (2417,'South Yorkshire','SYK',1226,1),
 (2418,'Merseyside','MSY',1226,1),
 (2419,'Berkshire','BRK',1226,1),
 (2420,'West Midlands','WMD',1226,1),
 (2421,'West Glamorgan','WGM',1226,1),
 (2422,'London','LON',1226,1),
 (2423,'Clwyd','CWD',1226,1),
 (2424,'South Glamorgan','SGM',1226,1),
 (2425,'Ashanti','AH',1083,1),
 (2426,'Brong-Ahafo','BA',1083,1),
 (2427,'Greater Accra','AA',1083,1),
 (2428,'Upper East','UE',1083,1),
 (2429,'Upper West','UW',1083,1),
 (2430,'Volta','TV',1083,1),
 (2431,'Central','CP',1083,1),
 (2432,'Eastern','EP',1083,1),
 (2433,'Northern','NP',1083,1),
 (2434,'Western','WP',1083,1),
 (2435,'Banjul','B',1213,1),
 (2436,'Lower River','L',1213,1),
 (2437,'MacCarthy Island','M',1213,1),
 (2438,'North Bank','N',1213,1),
 (2439,'Upper River','U',1213,1),
 (2440,'Beyla','BE',1091,1),
 (2441,'Boffa','BF',1091,1),
 (2442,'Boke','BK',1091,1),
 (2443,'Coyah','CO',1091,1),
 (2444,'Dabola','DB',1091,1),
 (2445,'Dalaba','DL',1091,1),
 (2446,'Dinguiraye','DI',1091,1),
 (2447,'Dubreka','DU',1091,1),
 (2448,'Faranah','FA',1091,1),
 (2449,'Forecariah','FO',1091,1),
 (2450,'Fria','FR',1091,1),
 (2451,'Gaoual','GA',1091,1),
 (2452,'Guekedou','GU',1091,1),
 (2453,'Kankan','KA',1091,1),
 (2454,'Kerouane','KE',1091,1),
 (2455,'Kindia','KD',1091,1),
 (2456,'Kissidougou','KS',1091,1),
 (2457,'Koubia','KB',1091,1),
 (2458,'Koundara','KN',1091,1),
 (2459,'Kouroussa','KO',1091,1),
 (2460,'Labe','LA',1091,1),
 (2461,'Lelouma','LE',1091,1),
 (2462,'Lola','LO',1091,1),
 (2463,'Macenta','MC',1091,1),
 (2464,'Mali','ML',1091,1),
 (2465,'Mamou','MM',1091,1),
 (2466,'Mandiana','MD',1091,1),
 (2467,'Nzerekore','NZ',1091,1),
 (2468,'Pita','PI',1091,1),
 (2469,'Siguiri','SI',1091,1),
 (2470,'Telimele','TE',1091,1),
 (2471,'Tougue','TO',1091,1),
 (2472,'Yomou','YO',1091,1),
 (2473,'Region Continental','C',1067,1),
 (2474,'Region Insular','I',1067,1),
 (2475,'Annobon','AN',1067,1),
 (2476,'Bioko Norte','BN',1067,1),
 (2477,'Bioko Sur','BS',1067,1),
 (2478,'Centro Sur','CS',1067,1),
 (2479,'Kie-Ntem','KN',1067,1),
 (2480,'Litoral','LI',1067,1),
 (2481,'Wele-Nzas','WN',1067,1),
 (2482,'Achaa','13',1085,1),
 (2483,'Aitolia-Akarnania','01',1085,1),
 (2484,'Argolis','11',1085,1),
 (2485,'Arkadia','12',1085,1),
 (2486,'Arta','31',1085,1),
 (2487,'Attiki','A1',1085,1),
 (2488,'Chalkidiki','64',1085,1),
 (2489,'Chania','94',1085,1),
 (2490,'Chios','85',1085,1),
 (2491,'Dodekanisos','81',1085,1),
 (2492,'Drama','52',1085,1),
 (2493,'Evros','71',1085,1),
 (2494,'Evrytania','05',1085,1),
 (2495,'Evvoia','04',1085,1),
 (2496,'Florina','63',1085,1),
 (2497,'Fokis','07',1085,1),
 (2498,'Fthiotis','06',1085,1),
 (2499,'Grevena','51',1085,1),
 (2500,'Ileia','14',1085,1),
 (2501,'Imathia','53',1085,1),
 (2502,'Ioannina','33',1085,1),
 (2503,'Irakleion','91',1085,1),
 (2504,'Karditsa','41',1085,1),
 (2505,'Kastoria','56',1085,1),
 (2506,'Kavalla','55',1085,1),
 (2507,'Kefallinia','23',1085,1),
 (2508,'Kerkyra','22',1085,1),
 (2509,'Kilkis','57',1085,1),
 (2510,'Korinthia','15',1085,1),
 (2511,'Kozani','58',1085,1),
 (2512,'Kyklades','82',1085,1),
 (2513,'Lakonia','16',1085,1),
 (2514,'Larisa','42',1085,1),
 (2515,'Lasithion','92',1085,1),
 (2516,'Lefkas','24',1085,1),
 (2517,'Lesvos','83',1085,1),
 (2518,'Magnisia','43',1085,1),
 (2519,'Messinia','17',1085,1),
 (2520,'Pella','59',1085,1),
 (2521,'Preveza','34',1085,1),
 (2522,'Rethymnon','93',1085,1),
 (2523,'Rodopi','73',1085,1),
 (2524,'Samos','84',1085,1),
 (2525,'Serrai','62',1085,1),
 (2526,'Thesprotia','32',1085,1),
 (2527,'Thessaloniki','54',1085,1),
 (2528,'Trikala','44',1085,1),
 (2529,'Voiotia','03',1085,1),
 (2530,'Xanthi','72',1085,1),
 (2531,'Zakynthos','21',1085,1),
 (2532,'Agio Oros','69',1085,1),
 (2533,'Pieria','61',1085,1),
 (2534,'Alta Verapaz','AV',1090,1),
 (2535,'Baja Verapaz','BV',1090,1),
 (2536,'Chimaltenango','CM',1090,1),
 (2537,'Chiquimula','CQ',1090,1),
 (2538,'El Progreso','PR',1090,1),
 (2539,'Escuintla','ES',1090,1),
 (2540,'Guatemala','GU',1090,1),
 (2541,'Huehuetenango','HU',1090,1),
 (2542,'Izabal','IZ',1090,1),
 (2543,'Jalapa','JA',1090,1),
 (2544,'Jutiapa','JU',1090,1),
 (2545,'Peten','PE',1090,1),
 (2546,'Quetzaltenango','QZ',1090,1),
 (2547,'Quiche','QC',1090,1),
 (2548,'Retalhuleu','RE',1090,1),
 (2549,'Sacatepequez','SA',1090,1),
 (2550,'San Marcos','SM',1090,1),
 (2551,'Santa Rosa','SR',1090,1),
 (2552,'Solol','SO',1090,1),
 (2553,'Suchitepequez','SU',1090,1),
 (2554,'Totonicapan','TO',1090,1),
 (2555,'Zacapa','ZA',1090,1),
 (2556,'Bissau','BS',1092,1),
 (2557,'Bafata','BA',1092,1),
 (2558,'Biombo','BM',1092,1),
 (2559,'Bolama','BL',1092,1),
 (2560,'Cacheu','CA',1092,1),
 (2561,'Gabu','GA',1092,1),
 (2562,'Oio','OI',1092,1),
 (2563,'Quloara','QU',1092,1),
 (2564,'Tombali S','TO',1092,1),
 (2565,'Barima-Waini','BA',1093,1),
 (2566,'Cuyuni-Mazaruni','CU',1093,1),
 (2567,'Demerara-Mahaica','DE',1093,1),
 (2568,'East Berbice-Corentyne','EB',1093,1),
 (2569,'Essequibo Islands-West Demerara','ES',1093,1),
 (2570,'Mahaica-Berbice','MA',1093,1),
 (2571,'Pomeroon-Supenaam','PM',1093,1),
 (2572,'Potaro-Siparuni','PT',1093,1),
 (2573,'Upper Demerara-Berbice','UD',1093,1),
 (2574,'Upper Takutu-Upper Essequibo','UT',1093,1),
 (2575,'Atlantida','AT',1097,1),
 (2576,'Colon','CL',1097,1),
 (2577,'Comayagua','CM',1097,1),
 (2578,'Copan','CP',1097,1),
 (2579,'Cortes','CR',1097,1),
 (2580,'Choluteca','CH',1097,1),
 (2581,'El Paraiso','EP',1097,1),
 (2582,'Francisco Morazan','FM',1097,1),
 (2583,'Gracias a Dios','GD',1097,1),
 (2584,'Intibuca','IN',1097,1),
 (2585,'Islas de la Bahia','IB',1097,1),
 (2586,'Lempira','LE',1097,1),
 (2587,'Ocotepeque','OC',1097,1),
 (2588,'Olancho','OL',1097,1),
 (2589,'Santa Barbara','SB',1097,1),
 (2590,'Valle','VA',1097,1),
 (2591,'Yoro','YO',1097,1),
 (2592,'La Paz','LP',1097,1),
 (2593,'Bjelovarsko-bilogorska zupanija','07',1055,1),
 (2594,'Brodsko-posavska zupanija','12',1055,1),
 (2595,'Dubrovacko-neretvanska zupanija','19',1055,1),
 (2596,'Istarska zupanija','18',1055,1),
 (2597,'Karlovacka zupanija','04',1055,1),
 (2598,'Koprivnickco-krizevacka zupanija','06',1055,1),
 (2599,'Krapinako-zagorska zupanija','02',1055,1),
 (2600,'Licko-senjska zupanija','09',1055,1),
 (2601,'Medimurska zupanija','20',1055,1),
 (2602,'Osjecko-baranjska zupanija','14',1055,1),
 (2603,'Pozesko-slavonska zupanija','11',1055,1),
 (2604,'Primorsko-goranska zupanija','08',1055,1),
 (2605,'Sisacko-moelavacka Iupanija','03',1055,1),
 (2606,'Splitako-dalmatinska zupanija','17',1055,1),
 (2607,'Sibenako-kninska zupanija','15',1055,1),
 (2608,'Varaidinska zupanija','05',1055,1),
 (2609,'VirovitiEko-podravska zupanija','10',1055,1),
 (2610,'VuRovarako-srijemska zupanija','16',1055,1),
 (2611,'Zadaraka','13',1055,1),
 (2612,'Zagrebacka zupanija','01',1055,1),
 (2613,'Grande-Anse','GA',1094,1),
 (2614,'Nord-Est','NE',1094,1),
 (2615,'Nord-Ouest','NO',1094,1),
 (2616,'Ouest','OU',1094,1),
 (2617,'Sud','SD',1094,1),
 (2618,'Sud-Est','SE',1094,1),
 (2619,'Artibonite','AR',1094,1),
 (2620,'Centre','CE',1094,1),
 (2621,'Nippes','NI',1094,1),
 (2622,'Nord','ND',1094,1),
 (2623,'Budapest','BU',1099,1),
 (2624,'Bcs-Kiskun','BK',1099,1),
 (2625,'Baranya','BA',1099,1),
 (2626,'Bks','BE',1099,1),
 (2627,'Borsod-Abaj-Zempln','BZ',1099,1),
 (2628,'Csongrd','CS',1099,1),
 (2629,'Fejr','FE',1099,1),
 (2630,'Gyr-Moson-Sopron','GS',1099,1),
 (2631,'Hajdu-Bihar','HB',1099,1),
 (2632,'Heves','HE',1099,1),
 (2633,'Jsz-Nagykun-Szolnok','JN',1099,1),
 (2634,'Komrom-Esztergom','KE',1099,1),
 (2635,'Nogrd','NO',1099,1),
 (2636,'Pest','PE',1099,1),
 (2637,'Somogy','SO',1099,1),
 (2638,'Szabolcs-Szatmr-Bereg','SZ',1099,1),
 (2639,'Tolna','TO',1099,1),
 (2640,'Vas','VA',1099,1),
 (2641,'Veszprm','VE',1099,1),
 (2642,'Zala','ZA',1099,1),
 (2643,'Bkscsaba','BC',1099,1),
 (2644,'Debrecen','DE',1099,1),
 (2645,'Dunajvros','DU',1099,1),
 (2646,'Eger','EG',1099,1),
 (2647,'Gyr','GY',1099,1),
 (2648,'Hdmezvsrhely','HV',1099,1),
 (2649,'Kaposvr','KV',1099,1),
 (2650,'Kecskemt','KM',1099,1),
 (2651,'Miskolc','MI',1099,1),
 (2652,'Nagykanizsa','NK',1099,1),
 (2653,'Nyiregyhza','NY',1099,1),
 (2654,'Pcs','PS',1099,1),
 (2655,'Salgtarjn','ST',1099,1),
 (2656,'Sopron','SN',1099,1),
 (2657,'Szeged','SD',1099,1),
 (2658,'Szkesfehrvr','SF',1099,1),
 (2659,'Szekszrd','SS',1099,1),
 (2660,'Szolnok','SK',1099,1),
 (2661,'Szombathely','SH',1099,1),
 (2662,'Tatabnya','TB',1099,1),
 (2663,'Zalaegerszeg','ZE',1099,1),
 (2664,'Bali','BA',1102,1),
 (2665,'Kepulauan Bangka Belitung','BB',1102,1),
 (2666,'Banten','BT',1102,1),
 (2667,'Bengkulu','BE',1102,1),
 (2668,'Gorontalo','GO',1102,1),
 (2669,'Papua Barat','PB',1102,1),
 (2670,'Jambi','JA',1102,1),
 (2671,'Jawa Barat','JB',1102,1),
 (2672,'Jawa Tengah','JT',1102,1),
 (2673,'Jawa Timur','JI',1102,1),
 (2674,'Kalimantan Barat','KB',1102,1),
 (2675,'Kalimantan Timur','KI',1102,1),
 (2676,'Kalimantan Selatan','KS',1102,1),
 (2677,'Kepulauan Riau','KR',1102,1),
 (2678,'Lampung','LA',1102,1),
 (2679,'Maluku','MA',1102,1),
 (2680,'Maluku Utara','MU',1102,1),
 (2681,'Nusa Tenggara Barat','NB',1102,1),
 (2682,'Nusa Tenggara Timur','NT',1102,1),
 (2683,'Papua','PA',1102,1),
 (2684,'Riau','RI',1102,1),
 (2685,'Sulawesi Selatan','SN',1102,1),
 (2686,'Sulawesi Tengah','ST',1102,1),
 (2687,'Sulawesi Tenggara','SG',1102,1),
 (2688,'Sulawesi Utara','SA',1102,1),
 (2689,'Sumatra Barat','SB',1102,1),
 (2690,'Sumatra Selatan','SS',1102,1),
 (2691,'Sumatera Utara','SU',1102,1),
 (2692,'DKI Jakarta','JK',1102,1),
 (2693,'Aceh','AC',1102,1),
 (2694,'DI Yogyakarta','YO',1102,1),
 (2695,'Kalimantan Tengah','KT',1102,1),
 (2696,'Sulawesi Barat','SR',1102,1),
 (2697,'Kalimantan Utara','KU',1102,1),
 (2698,'Cork','C',1105,1),
 (2699,'Clare','CE',1105,1),
 (2700,'Cavan','CN',1105,1),
 (2701,'Carlow','CW',1105,1),
 (2702,'Dublin','D',1105,1),
 (2703,'Donegal','DL',1105,1),
 (2704,'Galway','G',1105,1),
 (2705,'Kildare','KE',1105,1),
 (2706,'Kilkenny','KK',1105,1),
 (2707,'Kerry','KY',1105,1),
 (2708,'Longford','LD',1105,1),
 (2709,'Louth','LH',1105,1),
 (2710,'Limerick','LK',1105,1),
 (2711,'Leitrim','LM',1105,1),
 (2712,'Laois','LS',1105,1),
 (2713,'Meath','MH',1105,1),
 (2714,'Monaghan','MN',1105,1),
 (2715,'Mayo','MO',1105,1),
 (2716,'Offaly','OY',1105,1),
 (2717,'Roscommon','RN',1105,1),
 (2718,'Sligo','SO',1105,1),
 (2719,'Tipperary','TA',1105,1),
 (2720,'Waterford','WD',1105,1),
 (2721,'Westmeath','WH',1105,1),
 (2722,'Wicklow','WW',1105,1),
 (2723,'Wexford','WX',1105,1),
 (2724,'HaDarom','D',1106,1),
 (2725,'HaMerkaz','M',1106,1),
 (2726,'HaZafon','Z',1106,1),
 (2727,'Haifa','HA',1106,1),
 (2728,'Tel-Aviv','TA',1106,1),
 (2729,'Jerusalem','JM',1106,1),
 (2730,'Al Anbar','AN',1104,1),
 (2731,'Al Ba,rah','BA',1104,1),
 (2732,'Al Muthanna','MU',1104,1),
 (2733,'Al Qadisiyah','QA',1104,1),
 (2734,'An Najef','NA',1104,1),
 (2735,'Arbil','AR',1104,1),
 (2736,'As Sulaymaniyah','SW',1104,1),
 (2737,'At Ta\'mim','TS',1104,1),
 (2738,'Babil','BB',1104,1),
 (2739,'Baghdad','BG',1104,1),
 (2740,'Dahuk','DA',1104,1),
 (2741,'Dhi Qar','DQ',1104,1),
 (2742,'Diyala','DI',1104,1),
 (2743,'Karbala\'','KA',1104,1),
 (2744,'Maysan','MA',1104,1),
 (2745,'Ninawa','NI',1104,1),
 (2746,'Salah ad Din','SD',1104,1),
 (2747,'Wasit','WA',1104,1),
 (2748,'Ardabil','03',1103,1),
 (2749,'Azarbayjan-e Gharbi','02',1103,1),
 (2750,'Azarbayjan-e Sharqi','01',1103,1),
 (2751,'Bushehr','06',1103,1),
 (2752,'Chahar Mahall va Bakhtiari','08',1103,1),
 (2753,'Esfahan','04',1103,1),
 (2754,'Fars','14',1103,1),
 (2755,'Gilan','19',1103,1),
 (2756,'Golestan','27',1103,1),
 (2757,'Hamadan','24',1103,1),
 (2758,'Hormozgan','23',1103,1),
 (2759,'Iiam','05',1103,1),
 (2760,'Kerman','15',1103,1),
 (2761,'Kermanshah','17',1103,1),
 (2762,'Khorasan','09',1103,1),
 (2763,'Khuzestan','10',1103,1),
 (2764,'Kohjiluyeh va Buyer Ahmad','18',1103,1),
 (2765,'Kordestan','16',1103,1),
 (2766,'Lorestan','20',1103,1),
 (2767,'Markazi','22',1103,1),
 (2768,'Mazandaran','21',1103,1),
 (2769,'Qazvin','28',1103,1),
 (2770,'Qom','26',1103,1),
 (2771,'Semnan','12',1103,1),
 (2772,'Sistan va Baluchestan','13',1103,1),
 (2773,'Tehran','07',1103,1),
 (2774,'Yazd','25',1103,1),
 (2775,'Zanjan','11',1103,1),
 (2776,'Austurland','7',1100,1),
 (2777,'Hofuoborgarsvaeoi utan Reykjavikur','1',1100,1),
 (2778,'Norourland eystra','6',1100,1),
 (2779,'Norourland vestra','5',1100,1),
 (2780,'Reykjavik','0',1100,1),
 (2781,'Suourland','8',1100,1),
 (2782,'Suournes','2',1100,1),
 (2783,'Vestfirolr','4',1100,1),
 (2784,'Vesturland','3',1100,1),
 (2785,'Agrigento','AG',1107,1),
 (2786,'Alessandria','AL',1107,1),
 (2787,'Ancona','AN',1107,1),
 (2788,'Aosta','AO',1107,1),
 (2789,'Arezzo','AR',1107,1),
 (2790,'Ascoli Piceno','AP',1107,1),
 (2791,'Asti','AT',1107,1),
 (2792,'Avellino','AV',1107,1),
 (2793,'Bari','BA',1107,1),
 (2794,'Belluno','BL',1107,1),
 (2795,'Benevento','BN',1107,1),
 (2796,'Bergamo','BG',1107,1),
 (2797,'Biella','BI',1107,1),
 (2798,'Bologna','BO',1107,1),
 (2799,'Bolzano','BZ',1107,1),
 (2800,'Brescia','BS',1107,1),
 (2801,'Brindisi','BR',1107,1),
 (2802,'Cagliari','CA',1107,1),
 (2803,'Caltanissetta','CL',1107,1),
 (2804,'Campobasso','CB',1107,1),
 (2805,'Caserta','CE',1107,1),
 (2806,'Catania','CT',1107,1),
 (2807,'Catanzaro','CZ',1107,1),
 (2808,'Chieti','CH',1107,1),
 (2809,'Como','CO',1107,1),
 (2810,'Cosenza','CS',1107,1),
 (2811,'Cremona','CR',1107,1),
 (2812,'Crotone','KR',1107,1),
 (2813,'Cuneo','CN',1107,1),
 (2814,'Enna','EN',1107,1),
 (2815,'Ferrara','FE',1107,1),
 (2816,'Firenze','FI',1107,1),
 (2817,'Foggia','FG',1107,1),
 (2818,'Forl-Cesena','FC',1107,1),
 (2819,'Frosinone','FR',1107,1),
 (2820,'Genova','GE',1107,1),
 (2821,'Gorizia','GO',1107,1),
 (2822,'Grosseto','GR',1107,1),
 (2823,'Imperia','IM',1107,1),
 (2824,'Isernia','IS',1107,1),
 (2825,'L\'Aquila','AQ',1107,1),
 (2826,'La Spezia','SP',1107,1),
 (2827,'Latina','LT',1107,1),
 (2828,'Lecce','LE',1107,1),
 (2829,'Lecco','LC',1107,1),
 (2830,'Livorno','LI',1107,1),
 (2831,'Lodi','LO',1107,1),
 (2832,'Lucca','LU',1107,1),
 (2833,'Macerata','MC',1107,1),
 (2834,'Mantova','MN',1107,1),
 (2835,'Massa-Carrara','MS',1107,1),
 (2836,'Matera','MT',1107,1),
 (2837,'Messina','ME',1107,1),
 (2838,'Milano','MI',1107,1),
 (2839,'Modena','MO',1107,1),
 (2840,'Napoli','NA',1107,1),
 (2841,'Novara','NO',1107,1),
 (2842,'Nuoro','NU',1107,1),
 (2843,'Oristano','OR',1107,1),
 (2844,'Padova','PD',1107,1),
 (2845,'Palermo','PA',1107,1),
 (2846,'Parma','PR',1107,1),
 (2847,'Pavia','PV',1107,1),
 (2848,'Perugia','PG',1107,1),
 (2849,'Pesaro e Urbino','PU',1107,1),
 (2850,'Pescara','PE',1107,1),
 (2851,'Piacenza','PC',1107,1),
 (2852,'Pisa','PI',1107,1),
 (2853,'Pistoia','PT',1107,1),
 (2854,'Pordenone','PN',1107,1),
 (2855,'Potenza','PZ',1107,1),
 (2856,'Prato','PO',1107,1),
 (2857,'Ragusa','RG',1107,1),
 (2858,'Ravenna','RA',1107,1),
 (2859,'Reggio Calabria','RC',1107,1),
 (2860,'Reggio Emilia','RE',1107,1),
 (2861,'Rieti','RI',1107,1),
 (2862,'Rimini','RN',1107,1),
 (2863,'Roma','RM',1107,1),
 (2864,'Rovigo','RO',1107,1),
 (2865,'Salerno','SA',1107,1),
 (2866,'Sassari','SS',1107,1),
 (2867,'Savona','SV',1107,1),
 (2868,'Siena','SI',1107,1),
 (2869,'Siracusa','SR',1107,1),
 (2870,'Sondrio','SO',1107,1),
 (2871,'Taranto','TA',1107,1),
 (2872,'Teramo','TE',1107,1),
 (2873,'Terni','TR',1107,1),
 (2874,'Torino','TO',1107,1),
 (2875,'Trapani','TP',1107,1),
 (2876,'Trento','TN',1107,1),
 (2877,'Treviso','TV',1107,1),
 (2878,'Trieste','TS',1107,1),
 (2879,'Udine','UD',1107,1),
 (2880,'Varese','VA',1107,1),
 (2881,'Venezia','VE',1107,1),
 (2882,'Verbano-Cusio-Ossola','VB',1107,1),
 (2883,'Vercelli','VC',1107,1),
 (2884,'Verona','VR',1107,1),
 (2885,'Vibo Valentia','VV',1107,1),
 (2886,'Vicenza','VI',1107,1),
 (2887,'Viterbo','VT',1107,1),
 (2888,'Barletta-Andria-Trani','BT',1107,1),
 (2889,'Fermo','FM',1107,1),
 (2890,'Monza e Brianza','MB',1107,1),
 (2891,'Carbonia-Iglesias','CI',1107,1),
 (2892,'Olbia-Tempio','OT',1107,1),
 (2893,'Medio Campidano','VS',1107,1),
 (2894,'Ogliastra','OG',1107,1),
 (2895,'Aichi','23',1109,1),
 (2896,'Akita','05',1109,1),
 (2897,'Aomori','02',1109,1),
 (2898,'Chiba','12',1109,1),
 (2899,'Ehime','38',1109,1),
 (2900,'Fukui','18',1109,1),
 (2901,'Fukuoka','40',1109,1),
 (2902,'Fukusima','07',1109,1),
 (2903,'Gifu','21',1109,1),
 (2904,'Gunma','10',1109,1),
 (2905,'Hiroshima','34',1109,1),
 (2906,'Hokkaido','01',1109,1),
 (2907,'Hyogo','28',1109,1),
 (2908,'Ibaraki','08',1109,1),
 (2909,'Ishikawa','17',1109,1),
 (2910,'Iwate','03',1109,1),
 (2911,'Kagawa','37',1109,1),
 (2912,'Kagoshima','46',1109,1),
 (2913,'Kanagawa','14',1109,1),
 (2914,'Kochi','39',1109,1),
 (2915,'Kumamoto','43',1109,1),
 (2916,'Kyoto','26',1109,1),
 (2917,'Mie','24',1109,1),
 (2918,'Miyagi','04',1109,1),
 (2919,'Miyazaki','45',1109,1),
 (2920,'Nagano','20',1109,1),
 (2921,'Nagasaki','42',1109,1),
 (2922,'Nara','29',1109,1),
 (2923,'Niigata','15',1109,1),
 (2924,'Oita','44',1109,1),
 (2925,'Okayama','33',1109,1),
 (2926,'Okinawa','47',1109,1),
 (2927,'Osaka','27',1109,1),
 (2928,'Saga','41',1109,1),
 (2929,'Saitama','11',1109,1),
 (2930,'Shiga','25',1109,1),
 (2931,'Shimane','32',1109,1),
 (2932,'Shizuoka','22',1109,1),
 (2933,'Tochigi','09',1109,1),
 (2934,'Tokushima','36',1109,1),
 (2935,'Tokyo','13',1109,1),
 (2936,'Tottori','31',1109,1),
 (2937,'Toyama','16',1109,1),
 (2938,'Wakayama','30',1109,1),
 (2939,'Yamagata','06',1109,1),
 (2940,'Yamaguchi','35',1109,1),
 (2941,'Yamanashi','19',1109,1),
 (2942,'Clarendon','CN',1108,1),
 (2943,'Hanover','HR',1108,1),
 (2944,'Kingston','KN',1108,1),
 (2945,'Portland','PD',1108,1),
 (2946,'Saint Andrew','AW',1108,1),
 (2947,'Saint Ann','AN',1108,1),
 (2948,'Saint Catherine','CE',1108,1),
 (2949,'Saint Elizabeth','EH',1108,1),
 (2950,'Saint James','JS',1108,1),
 (2951,'Saint Mary','MY',1108,1),
 (2952,'Saint Thomas','TS',1108,1),
 (2953,'Trelawny','TY',1108,1),
 (2954,'Westmoreland','WD',1108,1),
 (2955,'Ajln','AJ',1110,1),
 (2956,'Al \'Aqaba','AQ',1110,1),
 (2957,'Al Balqa\'','BA',1110,1),
 (2958,'Al Karak','KA',1110,1),
 (2959,'Al Mafraq','MA',1110,1),
 (2960,'Amman','AM',1110,1),
 (2961,'At Tafilah','AT',1110,1),
 (2962,'Az Zarga','AZ',1110,1),
 (2963,'Irbid','JR',1110,1),
 (2964,'Jarash','JA',1110,1),
 (2965,'Ma\'an','MN',1110,1),
 (2966,'Madaba','MD',1110,1),
 (2967,'Baringo','01',1112,1),
 (2968,'Bomet','02',1112,1),
 (2969,'Bungoma','03',1112,1),
 (2970,'Busia','04',1112,1),
 (2971,'Elgeyo/Marakwet','05',1112,1),
 (2972,'Embu','06',1112,1),
 (2973,'Garissa','07',1112,1),
 (2974,'Homa Bay','08',1112,1),
 (2975,'Isiolo','09',1112,1),
 (2976,'Kajiado','10',1112,1),
 (2977,'Kakamega','11',1112,1),
 (2978,'Kericho','12',1112,1),
 (2979,'Kiambu','13',1112,1),
 (2980,'Kilifi','14',1112,1),
 (2981,'Kirinyaga','15',1112,1),
 (2982,'Kisii','16',1112,1),
 (2983,'Kisumu','17',1112,1),
 (2984,'Kitui','18',1112,1),
 (2985,'Kwale','19',1112,1),
 (2986,'Laikipia','20',1112,1),
 (2987,'Lamu','21',1112,1),
 (2988,'Machakos','22',1112,1),
 (2989,'Makueni','23',1112,1),
 (2990,'Mandera','24',1112,1),
 (2991,'Marsabit','25',1112,1),
 (2992,'Meru','26',1112,1),
 (2993,'Migori','27',1112,1),
 (2994,'Mombasa','28',1112,1),
 (2995,'Murang\'a','29',1112,1),
 (2996,'Nairobi City','30',1112,1),
 (2997,'Nakuru','31',1112,1),
 (2998,'Nandi','32',1112,1),
 (2999,'Narok','33',1112,1),
 (3000,'Nyamira','34',1112,1),
 (3001,'Nyandarua','35',1112,1),
 (3002,'Nyeri','36',1112,1),
 (3003,'Samburu','37',1112,1),
 (3004,'Siaya','38',1112,1),
 (3005,'Taita/Taveta','39',1112,1),
 (3006,'Tana River','40',1112,1),
 (3007,'Tharaka-Nithi','41',1112,1),
 (3008,'Trans Nzoia','42',1112,1),
 (3009,'Turkana','43',1112,1),
 (3010,'Uasin Gishu','44',1112,1),
 (3011,'Vihiga','45',1112,1),
 (3012,'Wajir','46',1112,1),
 (3013,'West Pokot','47',1112,1),
 (3014,'Bishkek','GB',1117,1),
 (3015,'Batken','B',1117,1),
 (3016,'Chu','C',1117,1),
 (3017,'Jalal-Abad','J',1117,1),
 (3018,'Naryn','N',1117,1),
 (3019,'Osh','O',1117,1),
 (3020,'Talas','T',1117,1),
 (3021,'Ysyk-Kol','Y',1117,1),
 (3022,'Krong Kaeb','23',1037,1),
 (3023,'Krong Pailin','24',1037,1),
 (3024,'Xrong Preah Sihanouk','18',1037,1),
 (3025,'Phnom Penh','12',1037,1),
 (3026,'Baat Dambang','2',1037,1),
 (3027,'Banteay Mean Chey','1',1037,1),
 (3028,'Rampong Chaam','3',1037,1),
 (3029,'Kampong Chhnang','4',1037,1),
 (3030,'Kampong Spueu','5',1037,1),
 (3031,'Kampong Thum','6',1037,1),
 (3032,'Kampot','7',1037,1),
 (3033,'Kandaal','8',1037,1),
 (3034,'Kach Kong','9',1037,1),
 (3035,'Krachoh','10',1037,1),
 (3036,'Mondol Kiri','11',1037,1),
 (3037,'Otdar Mean Chey','22',1037,1),
 (3038,'Pousaat','15',1037,1),
 (3039,'Preah Vihear','13',1037,1),
 (3040,'Prey Veaeng','14',1037,1),
 (3041,'Rotanak Kiri','16',1037,1),
 (3042,'Siem Reab','17',1037,1),
 (3043,'Stueng Traeng','19',1037,1),
 (3044,'Svaay Rieng','20',1037,1),
 (3045,'Taakaev','21',1037,1),
 (3046,'Gilbert Islands','G',1113,1),
 (3047,'Line Islands','L',1113,1),
 (3048,'Phoenix Islands','P',1113,1),
 (3049,'Anjouan Ndzouani','A',1049,1),
 (3050,'Grande Comore Ngazidja','G',1049,1),
 (3051,'Moheli Moili','M',1049,1),
 (3052,'Kaesong-si','KAE',1114,1),
 (3053,'Nampo-si','NAM',1114,1),
 (3054,'Pyongyang-ai','PYO',1114,1),
 (3055,'Chagang-do','CHA',1114,1),
 (3056,'Hamgyongbuk-do','HAB',1114,1),
 (3057,'Hamgyongnam-do','HAN',1114,1),
 (3058,'Hwanghaebuk-do','HWB',1114,1),
 (3059,'Hwanghaenam-do','HWN',1114,1),
 (3060,'Kangwon-do','KAN',1114,1),
 (3061,'Pyonganbuk-do','PYB',1114,1),
 (3062,'Pyongannam-do','PYN',1114,1),
 (3063,'Yanggang-do','YAN',1114,1),
 (3064,'Najin Sonbong-si','NAJ',1114,1),
 (3065,'Seoul Teugbyeolsi','11',1115,1),
 (3066,'Busan Gwang\'yeogsi','26',1115,1),
 (3067,'Daegu Gwang\'yeogsi','27',1115,1),
 (3068,'Daejeon Gwang\'yeogsi','30',1115,1),
 (3069,'Gwangju Gwang\'yeogsi','29',1115,1),
 (3070,'Incheon Gwang\'yeogsi','28',1115,1),
 (3071,'Ulsan Gwang\'yeogsi','31',1115,1),
 (3072,'Chungcheongbugdo','43',1115,1),
 (3073,'Chungcheongnamdo','44',1115,1),
 (3074,'Gang\'weondo','42',1115,1),
 (3075,'Gyeonggido','41',1115,1),
 (3076,'Gyeongsangbugdo','47',1115,1),
 (3077,'Gyeongsangnamdo','48',1115,1),
 (3078,'Jejudo','49',1115,1),
 (3079,'Jeonrabugdo','45',1115,1),
 (3080,'Jeonranamdo','46',1115,1),
 (3081,'Sejong','50',1115,1),
 (3082,'Al Ahmadi','AH',1116,1),
 (3083,'Al Farwanlyah','FA',1116,1),
 (3084,'Al Jahrah','JA',1116,1),
 (3085,'Al Kuwayt','KU',1116,1),
 (3086,'Hawalli','HA',1116,1),
 (3087,'Almaty','ALA',1111,1),
 (3088,'Astana','AST',1111,1),
 (3089,'Almaty oblysy','ALM',1111,1),
 (3090,'Aqmola oblysy','AKM',1111,1),
 (3091,'Aqtobe oblysy','AKT',1111,1),
 (3092,'Atyrau oblyfiy','ATY',1111,1),
 (3093,'Batys Quzaqstan oblysy','ZAP',1111,1),
 (3094,'Mangghystau oblysy','MAN',1111,1),
 (3095,'Ongtustik Quzaqstan oblysy','YUZ',1111,1),
 (3096,'Pavlodar oblysy','PAV',1111,1),
 (3097,'Qaraghandy oblysy','KAR',1111,1),
 (3098,'Qostanay oblysy','KUS',1111,1),
 (3099,'Qyzylorda oblysy','KZY',1111,1),
 (3100,'Shyghys Quzaqstan oblysy','VOS',1111,1),
 (3101,'Soltustik Quzaqstan oblysy','SEV',1111,1),
 (3102,'Zhambyl oblysy Zhambylskaya oblast\'','ZHA',1111,1),
 (3103,'Vientiane','VT',1118,1),
 (3104,'Attapu','AT',1118,1),
 (3105,'Bokeo','BK',1118,1),
 (3106,'Bolikhamxai','BL',1118,1),
 (3107,'Champasak','CH',1118,1),
 (3108,'Houaphan','HO',1118,1),
 (3109,'Khammouan','KH',1118,1),
 (3110,'Louang Namtha','LM',1118,1),
 (3111,'Louangphabang','LP',1118,1),
 (3112,'Oudomxai','OU',1118,1),
 (3113,'Phongsali','PH',1118,1),
 (3114,'Salavan','SL',1118,1),
 (3115,'Savannakhet','SV',1118,1),
 (3116,'Xaignabouli','XA',1118,1),
 (3117,'Xiasomboun','XN',1118,1),
 (3118,'Xekong','XE',1118,1),
 (3119,'Xiangkhoang','XI',1118,1),
 (3120,'Beirut','BA',1120,1),
 (3121,'Beqaa','BI',1120,1),
 (3122,'Mount Lebanon','JL',1120,1),
 (3123,'North Lebanon','AS',1120,1),
 (3124,'South Lebanon','JA',1120,1),
 (3125,'Nabatieh','NA',1120,1),
 (3126,'Ampara','52',1199,1),
 (3127,'Anuradhapura','71',1199,1),
 (3128,'Badulla','81',1199,1),
 (3129,'Batticaloa','51',1199,1),
 (3130,'Colombo','11',1199,1),
 (3131,'Galle','31',1199,1),
 (3132,'Gampaha','12',1199,1),
 (3133,'Hambantota','33',1199,1),
 (3134,'Jaffna','41',1199,1),
 (3135,'Kalutara','13',1199,1),
 (3136,'Kandy','21',1199,1),
 (3137,'Kegalla','92',1199,1),
 (3138,'Kilinochchi','42',1199,1),
 (3139,'Kurunegala','61',1199,1),
 (3140,'Mannar','43',1199,1),
 (3141,'Matale','22',1199,1),
 (3142,'Matara','32',1199,1),
 (3143,'Monaragala','82',1199,1),
 (3144,'Mullaittivu','45',1199,1),
 (3145,'Nuwara Eliya','23',1199,1),
 (3146,'Polonnaruwa','72',1199,1),
 (3147,'Puttalum','62',1199,1),
 (3148,'Ratnapura','91',1199,1),
 (3149,'Trincomalee','53',1199,1),
 (3150,'VavunLya','44',1199,1),
 (3151,'Bomi','BM',1122,1),
 (3152,'Bong','BG',1122,1),
 (3153,'Grand Basaa','GB',1122,1),
 (3154,'Grand Cape Mount','CM',1122,1),
 (3155,'Grand Gedeh','GG',1122,1),
 (3156,'Grand Kru','GK',1122,1),
 (3157,'Lofa','LO',1122,1),
 (3158,'Margibi','MG',1122,1),
 (3159,'Maryland','MY',1122,1),
 (3160,'Montserrado','MO',1122,1),
 (3161,'Nimba','NI',1122,1),
 (3162,'Rivercess','RI',1122,1),
 (3163,'Sinoe','SI',1122,1),
 (3164,'Berea','D',1121,1),
 (3165,'Butha-Buthe','B',1121,1),
 (3166,'Leribe','C',1121,1),
 (3167,'Mafeteng','E',1121,1),
 (3168,'Maseru','A',1121,1),
 (3169,'Mohale\'s Hoek','F',1121,1),
 (3170,'Mokhotlong','J',1121,1),
 (3171,'Qacha\'s Nek','H',1121,1),
 (3172,'Quthing','G',1121,1),
 (3173,'Thaba-Tseka','K',1121,1),
 (3174,'Alytaus Apskritis','AL',1125,1),
 (3175,'Kauno Apskritis','KU',1125,1),
 (3176,'Klaipdos Apskritis','KL',1125,1),
 (3177,'Marijampols Apskritis','MR',1125,1),
 (3178,'Panevio Apskritis','PN',1125,1),
 (3179,'iauli Apskritis','SA',1125,1),
 (3180,'Taurags Apskritis','TA',1125,1),
 (3181,'Teli Apskritis','TE',1125,1),
 (3182,'Utenos Apskritis','UT',1125,1),
 (3183,'Vilniaus Apskritis','VL',1125,1),
 (3184,'Luxembourg','LU',1126,1),
 (3185,'Diekirch','DI',1126,1),
 (3186,'Grevenmacher','GR',1126,1),
 (3187,'Capellen','CA',1126,1),
 (3188,'Clervaux','CL',1126,1),
 (3189,'Echternach','EC',1126,1),
 (3190,'Esch-sur-Alzette','ES',1126,1),
 (3191,'Mersch','ME',1126,1),
 (3192,'Redange-sur-Attert','RD',1126,1),
 (3193,'Remich','RM',1126,1),
 (3194,'Vianden','VD',1126,1),
 (3195,'Wiltz','WI',1126,1),
 (3196,'Daugavpils','DGV',1119,1),
 (3197,'Jelgava','JEL',1119,1),
 (3198,'Jrmala','JUR',1119,1),
 (3199,'Liepja','LPX',1119,1),
 (3200,'Rzekne','REZ',1119,1),
 (3201,'Rga','RIX',1119,1),
 (3202,'Ventspils','VEN',1119,1),
 (3203,'Aizkraukles novads','002',1119,1),
 (3204,'Jaunjelgavas novads','038',1119,1),
 (3205,'Paviu novads','072',1119,1),
 (3206,'Kokneses novads','046',1119,1),
 (3207,'Neretas novads','065',1119,1),
 (3208,'Skrveru novads','092',1119,1),
 (3209,'Alksnes novads','007',1119,1),
 (3210,'Apes novads','009',1119,1),
 (3211,'Balvu novads','015',1119,1),
 (3212,'Viakas novads','108',1119,1),
 (3213,'Baltinavas novads','014',1119,1),
 (3214,'Rugju novads','082',1119,1),
 (3215,'Bauskas novads','016',1119,1),
 (3216,'Iecavas novads','034',1119,1),
 (3217,'Rundles novads','083',1119,1),
 (3218,'Vecumnieku novads','105',1119,1),
 (3219,'Csu novads','022',1119,1),
 (3220,'Lgatnes novads','055',1119,1),
 (3221,'Amatas novads','008',1119,1),
 (3222,'Jaunpiebalgas novads','039',1119,1),
 (3223,'Priekuu novads','075',1119,1),
 (3224,'Prgaujas novads','070',1119,1),
 (3225,'Raunas novads','076',1119,1),
 (3226,'Vecpiebalgas novads','104',1119,1),
 (3227,'Daugavpils novads','025',1119,1),
 (3228,'Ilkstes novads','036',1119,1),
 (3229,'Dobeles novads','026',1119,1),
 (3230,'Auces novads','010',1119,1),
 (3231,'Trvetes novads','098',1119,1),
 (3232,'Gulbenes novads','033',1119,1),
 (3233,'Jelgavas novads','041',1119,1),
 (3234,'Ozolnieku novads','069',1119,1),
 (3235,'Jkabpils novads','042',1119,1),
 (3236,'Aknstes novads','004',1119,1),
 (3237,'Viestes novads','107',1119,1),
 (3238,'Krustpils novads','049',1119,1),
 (3239,'Salas novads','085',1119,1),
 (3240,'Krslavas novads','047',1119,1),
 (3241,'Dagdas novads','024',1119,1),
 (3242,'Aglonas novads','001',1119,1),
 (3243,'Kuldgas novads','050',1119,1),
 (3244,'Skrundas novads','093',1119,1),
 (3245,'Alsungas novads','006',1119,1),
 (3246,'Aizputes novads','003',1119,1),
 (3247,'Durbes novads','028',1119,1),
 (3248,'Grobias novads','032',1119,1),
 (3249,'Pvilostas novads','071',1119,1),
 (3250,'Priekules novads','074',1119,1),
 (3251,'Ncas novads','066',1119,1),
 (3252,'Rucavas novads','081',1119,1),
 (3253,'Vaiodes novads','100',1119,1),
 (3254,'Limbau novads','054',1119,1),
 (3255,'Alojas novads','005',1119,1),
 (3256,'Salacgrvas novads','086',1119,1),
 (3257,'Ludzas novads','058',1119,1),
 (3258,'Krsavas novads','044',1119,1),
 (3259,'Zilupes novads','110',1119,1),
 (3260,'Ciblas novads','023',1119,1),
 (3261,'Madonas novads','059',1119,1),
 (3262,'Cesvaines novads','021',1119,1),
 (3263,'Lubnas novads','057',1119,1),
 (3264,'Varaknu novads','102',1119,1),
 (3265,'rgu novads','030',1119,1),
 (3266,'Ogres novads','067',1119,1),
 (3267,'Ikiles novads','035',1119,1),
 (3268,'eguma novads','051',1119,1),
 (3269,'Lielvrdes novads','053',1119,1),
 (3270,'Preiu novads','073',1119,1),
 (3271,'Lvnu novads','056',1119,1),
 (3272,'Riebiu novads','078',1119,1),
 (3273,'Vrkavas novads','103',1119,1),
 (3274,'Rzeknes novads','077',1119,1),
 (3275,'Vinu novads','109',1119,1),
 (3276,'Baldones novads','013',1119,1),
 (3277,'ekavas novads','052',1119,1),
 (3278,'Olaines novads','068',1119,1),
 (3279,'Salaspils novads','087',1119,1),
 (3280,'Saulkrastu novads','089',1119,1),
 (3281,'Siguldas novads','091',1119,1),
 (3282,'Inukalna novads','037',1119,1),
 (3283,'dau novads','011',1119,1),
 (3284,'Babtes novads','012',1119,1),
 (3285,'Carnikavas novads','020',1119,1),
 (3286,'Garkalnes novads','031',1119,1),
 (3287,'Krimuldas novads','048',1119,1),
 (3288,'Mlpils novads','061',1119,1),
 (3289,'Mrupes novads','062',1119,1),
 (3290,'Ropau novads','080',1119,1),
 (3291,'Sjas novads','090',1119,1),
 (3292,'Stopiu novads','095',1119,1),
 (3293,'Saldus novads','088',1119,1),
 (3294,'Brocnu novads','018',1119,1),
 (3295,'Talsu novads','097',1119,1),
 (3296,'Dundagas novads','027',1119,1),
 (3297,'Mrsraga novads','063',1119,1),
 (3298,'Rojas novads','079',1119,1),
 (3299,'Tukuma novads','099',1119,1),
 (3300,'Kandavas novads','043',1119,1),
 (3301,'Engures novads','029',1119,1),
 (3302,'Jaunpils novads','040',1119,1),
 (3303,'Valkas novads','101',1119,1),
 (3304,'Smiltenes novads','094',1119,1),
 (3305,'Strenu novads','096',1119,1),
 (3306,'Kocnu novads','045',1119,1),
 (3307,'Mazsalacas novads','060',1119,1),
 (3308,'Rjienas novads','084',1119,1),
 (3309,'Bevernas novads','017',1119,1),
 (3310,'Burtnieku novads','019',1119,1),
 (3311,'Nauknu novads','064',1119,1),
 (3312,'Ventspils novads','106',1119,1),
 (3313,'Jkabpils','JKB',1119,1),
 (3314,'Valmiera','VMR',1119,1),
 (3315,'Ajdbiy','AJ',1123,1),
 (3316,'Al Bunn','BU',1123,1),
 (3317,'Al Hizm al Akhdar','HZ',1123,1),
 (3318,'Al Jabal al Akhdar','JA',1123,1),
 (3319,'Al Jifrah','JI',1123,1),
 (3320,'Al Jufrah','JU',1123,1),
 (3321,'Al Kufrah','KF',1123,1),
 (3322,'Al Marj','MJ',1123,1),
 (3323,'Al Marqab','MB',1123,1),
 (3324,'Al Qarn','QT',1123,1),
 (3325,'Al Qubbah','QB',1123,1),
 (3326,'Al Whah','WA',1123,1),
 (3327,'An Nuqa al Khams','NQ',1123,1),
 (3328,'Ash Shi\'','SH',1123,1),
 (3329,'Az Zwiyah','ZA',1123,1),
 (3330,'Banghz','BA',1123,1),
 (3331,'Ban Wald','BW',1123,1),
 (3332,'Darnah','DR',1123,1),
 (3333,'Ghadmis','GD',1123,1),
 (3334,'Gharyn','GR',1123,1),
 (3335,'Ght','GT',1123,1),
 (3336,'Jaghbb','JB',1123,1),
 (3337,'Mirtah','MI',1123,1),
 (3338,'Mizdah','MZ',1123,1),
 (3339,'Murzuq','MQ',1123,1),
 (3340,'Nlt','NL',1123,1),
 (3341,'Sabh','SB',1123,1),
 (3342,'abrtah urmn','SS',1123,1),
 (3343,'Surt','SR',1123,1),
 (3344,'Tjr\' wa an Nawh al Arbh','TN',1123,1),
 (3345,'arbulus','TB',1123,1),
 (3346,'Tarhnah-Masalltah','TM',1123,1),
 (3347,'Wd al hayt','WD',1123,1),
 (3348,'Yafran-Jd','YJ',1123,1),
 (3349,'Agadir','AGD',1146,1),
 (3350,'At Baha','BAH',1146,1),
 (3351,'At Melloul','MEL',1146,1),
 (3352,'Al Haouz','HAO',1146,1),
 (3353,'Al Hocema','HOC',1146,1),
 (3354,'Assa-Zag','ASZ',1146,1),
 (3355,'Azilal','AZI',1146,1),
 (3356,'Beni Mellal','BEM',1146,1),
 (3357,'Ben Sllmane','BES',1146,1),
 (3358,'Berkane','BER',1146,1),
 (3359,'Boujdour','BOD',1146,1),
 (3360,'Boulemane','BOM',1146,1),
 (3361,'Casablanca  [Dar el Beda]','CAS',1146,1),
 (3362,'Chefchaouene','CHE',1146,1),
 (3363,'Chichaoua','CHI',1146,1),
 (3364,'El Hajeb','HAJ',1146,1),
 (3365,'El Jadida','JDI',1146,1),
 (3366,'Errachidia','ERR',1146,1),
 (3367,'Essaouira','ESI',1146,1),
 (3368,'Es Smara','ESM',1146,1),
 (3369,'Fs','FES',1146,1),
 (3370,'Figuig','FIG',1146,1),
 (3371,'Guelmim','GUE',1146,1),
 (3372,'Ifrane','IFR',1146,1),
 (3373,'Jerada','JRA',1146,1),
 (3374,'Kelaat Sraghna','KES',1146,1),
 (3375,'Knitra','KEN',1146,1),
 (3376,'Khemisaet','KHE',1146,1),
 (3377,'Khenifra','KHN',1146,1),
 (3378,'Khouribga','KHO',1146,1),
 (3379,'Layoune (EH)','LAA',1146,1),
 (3380,'Larache','LAP',1146,1),
 (3381,'Marrakech','MAR',1146,1),
 (3382,'Meknss','MEK',1146,1),
 (3383,'Nador','NAD',1146,1),
 (3384,'Ouarzazate','OUA',1146,1),
 (3385,'Oued ed Dahab (EH)','OUD',1146,1),
 (3386,'Oujda','OUJ',1146,1),
 (3387,'Rabat-Sal','RBA',1146,1),
 (3388,'Safi','SAF',1146,1),
 (3389,'Sefrou','SEF',1146,1),
 (3390,'Settat','SET',1146,1),
 (3391,'Sidl Kacem','SIK',1146,1),
 (3392,'Tanger','TNG',1146,1),
 (3393,'Tan-Tan','TNT',1146,1),
 (3394,'Taounate','TAO',1146,1),
 (3395,'Taroudannt','TAR',1146,1),
 (3396,'Tata','TAT',1146,1),
 (3397,'Taza','TAZ',1146,1),
 (3398,'Ttouan','TET',1146,1),
 (3399,'Tiznit','TIZ',1146,1),
 (3400,'Gagauzia, Unitate Teritoriala Autonoma','GA',1142,1),
 (3401,'Chisinau','CU',1142,1),
 (3402,'Stinga Nistrului, unitatea teritoriala din','SN',1142,1),
 (3403,'Balti','BA',1142,1),
 (3404,'Cahul','CA',1142,1),
 (3405,'Edinet','ED',1142,1),
 (3406,'Lapusna','LA',1142,1),
 (3407,'Orhei','OR',1142,1),
 (3408,'Soroca','SO',1142,1),
 (3409,'Taraclia','TA',1142,1),
 (3410,'Tighina [Bender]','TI',1142,1),
 (3411,'Ungheni','UN',1142,1),
 (3412,'Antananarivo','T',1129,1),
 (3413,'Antsiranana','D',1129,1),
 (3414,'Fianarantsoa','F',1129,1),
 (3415,'Mahajanga','M',1129,1),
 (3416,'Toamasina','A',1129,1),
 (3417,'Toliara','U',1129,1),
 (3418,'Ailinglapalap','ALL',1135,1),
 (3419,'Ailuk','ALK',1135,1),
 (3420,'Arno','ARN',1135,1),
 (3421,'Aur','AUR',1135,1),
 (3422,'Ebon','EBO',1135,1),
 (3423,'Eniwetok','ENI',1135,1),
 (3424,'Jaluit','JAL',1135,1),
 (3425,'Kili','KIL',1135,1),
 (3426,'Kwajalein','KWA',1135,1),
 (3427,'Lae','LAE',1135,1),
 (3428,'Lib','LIB',1135,1),
 (3429,'Likiep','LIK',1135,1),
 (3430,'Majuro','MAJ',1135,1),
 (3431,'Maloelap','MAL',1135,1),
 (3432,'Mejit','MEJ',1135,1),
 (3433,'Mili','MIL',1135,1),
 (3434,'Namorik','NMK',1135,1),
 (3435,'Namu','NMU',1135,1),
 (3436,'Rongelap','RON',1135,1),
 (3437,'Ujae','UJA',1135,1),
 (3438,'Ujelang','UJL',1135,1),
 (3439,'Utirik','UTI',1135,1),
 (3440,'Wotho','WTN',1135,1),
 (3441,'Wotje','WTJ',1135,1),
 (3442,'Bamako','BK0',1133,1),
 (3443,'Gao','7',1133,1),
 (3444,'Kayes','1',1133,1),
 (3445,'Kidal','8',1133,1),
 (3446,'Xoulikoro','2',1133,1),
 (3447,'Mopti','5',1133,1),
 (3448,'S69ou','4',1133,1),
 (3449,'Sikasso','3',1133,1),
 (3450,'Tombouctou','6',1133,1),
 (3451,'Ayeyarwady','07',1035,1),
 (3452,'Bago','02',1035,1),
 (3453,'Magway','03',1035,1),
 (3454,'Mandalay','04',1035,1),
 (3455,'Sagaing','01',1035,1),
 (3456,'Tanintharyi','05',1035,1),
 (3457,'Yangon','06',1035,1),
 (3458,'Chin','14',1035,1),
 (3459,'Kachin','11',1035,1),
 (3460,'Kayah','12',1035,1),
 (3461,'Kayin','13',1035,1),
 (3462,'Mon','15',1035,1),
 (3463,'Rakhine','16',1035,1),
 (3464,'Shan','17',1035,1),
 (3465,'Ulaanbaatar','1',1144,1),
 (3466,'Arhangay','073',1144,1),
 (3467,'Bayanhongor','069',1144,1),
 (3468,'Bayan-Olgiy','071',1144,1),
 (3469,'Bulgan','067',1144,1),
 (3470,'Darhan uul','037',1144,1),
 (3471,'Dornod','061',1144,1),
 (3472,'Dornogov,','063',1144,1),
 (3473,'DundgovL','059',1144,1),
 (3474,'Dzavhan','057',1144,1),
 (3475,'Govi-Altay','065',1144,1),
 (3476,'Govi-Smber','064',1144,1),
 (3477,'Hentiy','039',1144,1),
 (3478,'Hovd','043',1144,1),
 (3479,'Hovsgol','041',1144,1),
 (3480,'Omnogovi','053',1144,1),
 (3481,'Orhon','035',1144,1),
 (3482,'Ovorhangay','055',1144,1),
 (3483,'Selenge','049',1144,1),
 (3484,'Shbaatar','051',1144,1),
 (3485,'Tov','047',1144,1),
 (3486,'Uvs','046',1144,1),
 (3487,'Nouakchott','NKC',1137,1),
 (3488,'Assaba','03',1137,1),
 (3489,'Brakna','05',1137,1),
 (3490,'Dakhlet Nouadhibou','08',1137,1),
 (3491,'Gorgol','04',1137,1),
 (3492,'Guidimaka','10',1137,1),
 (3493,'Hodh ech Chargui','01',1137,1),
 (3494,'Hodh el Charbi','02',1137,1),
 (3495,'Inchiri','12',1137,1),
 (3496,'Tagant','09',1137,1),
 (3497,'Tiris Zemmour','11',1137,1),
 (3498,'Trarza','06',1137,1),
 (3499,'Beau Bassin-Rose Hill','BR',1138,1),
 (3500,'Curepipe','CU',1138,1),
 (3501,'Port Louis','PU',1138,1),
 (3502,'Quatre Bornes','QB',1138,1),
 (3503,'Vacosa-Phoenix','VP',1138,1),
 (3504,'Black River','BL',1138,1),
 (3505,'Flacq','FL',1138,1),
 (3506,'Grand Port','GP',1138,1),
 (3507,'Moka','MO',1138,1),
 (3508,'Pamplemousses','PA',1138,1),
 (3509,'Plaines Wilhems','PW',1138,1),
 (3510,'Riviere du Rempart','RP',1138,1),
 (3511,'Savanne','SA',1138,1),
 (3512,'Agalega Islands','AG',1138,1),
 (3513,'Cargados Carajos Shoals','CC',1138,1),
 (3514,'Rodrigues Island','RO',1138,1),
 (3515,'Male','MLE',1132,1),
 (3516,'Alif','02',1132,1),
 (3517,'Baa','20',1132,1),
 (3518,'Dhaalu','17',1132,1),
 (3519,'Faafu','14',1132,1),
 (3520,'Gaaf Alif','27',1132,1),
 (3521,'Gaefu Dhaalu','28',1132,1),
 (3522,'Gnaviyani','29',1132,1),
 (3523,'Haa Alif','07',1132,1),
 (3524,'Haa Dhaalu','23',1132,1),
 (3525,'Kaafu','26',1132,1),
 (3526,'Laamu','05',1132,1),
 (3527,'Lhaviyani','03',1132,1),
 (3528,'Meemu','12',1132,1),
 (3529,'Noonu','25',1132,1),
 (3530,'Raa','13',1132,1),
 (3531,'Seenu','01',1132,1),
 (3532,'Shaviyani','24',1132,1),
 (3533,'Thaa','08',1132,1),
 (3534,'Vaavu','04',1132,1),
 (3535,'Balaka','BA',1130,1),
 (3536,'Blantyre','BL',1130,1),
 (3537,'Chikwawa','CK',1130,1),
 (3538,'Chiradzulu','CR',1130,1),
 (3539,'Chitipa','CT',1130,1),
 (3540,'Dedza','DE',1130,1),
 (3541,'Dowa','DO',1130,1),
 (3542,'Karonga','KR',1130,1),
 (3543,'Kasungu','KS',1130,1),
 (3544,'Likoma Island','LK',1130,1),
 (3545,'Lilongwe','LI',1130,1),
 (3546,'Machinga','MH',1130,1),
 (3547,'Mangochi','MG',1130,1),
 (3548,'Mchinji','MC',1130,1),
 (3549,'Mulanje','MU',1130,1),
 (3550,'Mwanza','MW',1130,1),
 (3551,'Mzimba','MZ',1130,1),
 (3552,'Nkhata Bay','NB',1130,1),
 (3553,'Nkhotakota','NK',1130,1),
 (3554,'Nsanje','NS',1130,1),
 (3555,'Ntcheu','NU',1130,1),
 (3556,'Ntchisi','NI',1130,1),
 (3557,'Phalomba','PH',1130,1),
 (3558,'Rumphi','RU',1130,1),
 (3559,'Salima','SA',1130,1),
 (3560,'Thyolo','TH',1130,1),
 (3561,'Zomba','ZO',1130,1),
 (3562,'Aguascalientes','AGU',1140,1),
 (3563,'Baja California','BCN',1140,1),
 (3564,'Baja California Sur','BCS',1140,1),
 (3565,'Campeche','CAM',1140,1),
 (3566,'Coahuila','COA',1140,1),
 (3567,'Colima','COL',1140,1),
 (3568,'Chiapas','CHP',1140,1),
 (3569,'Chihuahua','CHH',1140,1),
 (3570,'Durango','DUR',1140,1),
 (3571,'Guanajuato','GUA',1140,1),
 (3572,'Guerrero','GRO',1140,1),
 (3573,'Hidalgo','HID',1140,1),
 (3574,'Jalisco','JAL',1140,1),
 (3575,'Mexico','MEX',1140,1),
 (3576,'Michoacin','MIC',1140,1),
 (3577,'Morelos','MOR',1140,1),
 (3578,'Nayarit','NAY',1140,1),
 (3579,'Nuevo Leon','NLE',1140,1),
 (3580,'Oaxaca','OAX',1140,1),
 (3581,'Puebla','PUE',1140,1),
 (3582,'Queretaro','QUE',1140,1),
 (3583,'Quintana Roo','ROO',1140,1),
 (3584,'San Luis Potosi','SLP',1140,1),
 (3585,'Sinaloa','SIN',1140,1),
 (3586,'Sonora','SON',1140,1),
 (3587,'Tabasco','TAB',1140,1),
 (3588,'Tamaulipas','TAM',1140,1),
 (3589,'Tlaxcala','TLA',1140,1),
 (3590,'Veracruz','VER',1140,1),
 (3591,'Yucatan','YUC',1140,1),
 (3592,'Zacatecas','ZAC',1140,1),
 (3593,'Distrito Federal','DIF',1140,1),
 (3594,'Wilayah Persekutuan Kuala Lumpur','14',1131,1),
 (3595,'Wilayah Persekutuan Labuan','15',1131,1),
 (3596,'Wilayah Persekutuan Putrajaya','16',1131,1),
 (3597,'Johor','01',1131,1),
 (3598,'Kedah','02',1131,1),
 (3599,'Kelantan','03',1131,1),
 (3600,'Melaka','04',1131,1),
 (3601,'Negeri Sembilan','05',1131,1),
 (3602,'Pahang','06',1131,1),
 (3603,'Perak','08',1131,1),
 (3604,'Perlis','09',1131,1),
 (3605,'Pulau Pinang','07',1131,1),
 (3606,'Sabah','12',1131,1),
 (3607,'Sarawak','13',1131,1),
 (3608,'Selangor','10',1131,1),
 (3609,'Terengganu','11',1131,1),
 (3610,'Maputo','MPM',1147,1),
 (3611,'Cabo Delgado','P',1147,1),
 (3612,'Gaza','G',1147,1),
 (3613,'Inhambane','I',1147,1),
 (3614,'Manica','B',1147,1),
 (3615,'Numpula','N',1147,1),
 (3616,'Niaaea','A',1147,1),
 (3617,'Sofala','S',1147,1),
 (3618,'Tete','T',1147,1),
 (3619,'Zambezia','Q',1147,1),
 (3620,'Caprivi','CA',1148,1),
 (3621,'Erongo','ER',1148,1),
 (3622,'Hardap','HA',1148,1),
 (3623,'Karas','KA',1148,1),
 (3624,'Khomas','KH',1148,1),
 (3625,'Kunene','KU',1148,1),
 (3626,'Ohangwena','OW',1148,1),
 (3627,'Okavango','OK',1148,1),
 (3628,'Omaheke','OH',1148,1),
 (3629,'Omusati','OS',1148,1),
 (3630,'Oshana','ON',1148,1),
 (3631,'Oshikoto','OT',1148,1),
 (3632,'Otjozondjupa','OD',1148,1),
 (3633,'Niamey','8',1156,1),
 (3634,'Agadez','1',1156,1),
 (3635,'Diffa','2',1156,1),
 (3636,'Dosso','3',1156,1),
 (3637,'Maradi','4',1156,1),
 (3638,'Tahoua','S',1156,1),
 (3639,'Tillaberi','6',1156,1),
 (3640,'Zinder','7',1156,1),
 (3641,'Abuja Federal Capital Territory','FC',1157,1),
 (3642,'Abia','AB',1157,1),
 (3643,'Adamawa','AD',1157,1),
 (3644,'Akwa Ibom','AK',1157,1),
 (3645,'Anambra','AN',1157,1),
 (3646,'Bauchi','BA',1157,1),
 (3647,'Bayelsa','BY',1157,1),
 (3648,'Benue','BE',1157,1),
 (3649,'Borno','BO',1157,1),
 (3650,'Cross River','CR',1157,1),
 (3651,'Delta','DE',1157,1),
 (3652,'Ebonyi','EB',1157,1),
 (3653,'Edo','ED',1157,1),
 (3654,'Ekiti','EK',1157,1),
 (3655,'Enugu','EN',1157,1),
 (3656,'Gombe','GO',1157,1),
 (3657,'Imo','IM',1157,1),
 (3658,'Jigawa','JI',1157,1),
 (3659,'Kaduna','KD',1157,1),
 (3660,'Kano','KN',1157,1),
 (3661,'Katsina','KT',1157,1),
 (3662,'Kebbi','KE',1157,1),
 (3663,'Kogi','KO',1157,1),
 (3664,'Kwara','KW',1157,1),
 (3665,'Lagos','LA',1157,1),
 (3666,'Nassarawa','NA',1157,1),
 (3667,'Niger','NI',1157,1),
 (3668,'Ogun','OG',1157,1),
 (3669,'Ondo','ON',1157,1),
 (3670,'Osun','OS',1157,1),
 (3671,'Oyo','OY',1157,1),
 (3672,'Rivers','RI',1157,1),
 (3673,'Sokoto','SO',1157,1),
 (3674,'Taraba','TA',1157,1),
 (3675,'Yobe','YO',1157,1),
 (3676,'Zamfara','ZA',1157,1),
 (3677,'Plateau','PL',1157,1),
 (3678,'Boaco','BO',1155,1),
 (3679,'Carazo','CA',1155,1),
 (3680,'Chinandega','CI',1155,1),
 (3681,'Chontales','CO',1155,1),
 (3682,'Esteli','ES',1155,1),
 (3683,'Jinotega','JI',1155,1),
 (3684,'Leon','LE',1155,1),
 (3685,'Madriz','MD',1155,1),
 (3686,'Managua','MN',1155,1),
 (3687,'Masaya','MS',1155,1),
 (3688,'Matagalpa','MT',1155,1),
 (3689,'Nueva Segovia','NS',1155,1),
 (3690,'Rio San Juan','SJ',1155,1),
 (3691,'Rivas','RI',1155,1),
 (3692,'Atlantico Norte','AN',1155,1),
 (3693,'Atlantico Sur','AS',1155,1),
 (3694,'Drente','DR',1152,1),
 (3695,'Flevoland','FL',1152,1),
 (3696,'Friesland','FR',1152,1),
 (3697,'Gelderland','GL',1152,1),
 (3698,'Groningen','GR',1152,1),
 (3699,'Noord-Brabant','NB',1152,1),
 (3700,'Noord-Holland','NH',1152,1),
 (3701,'Overijssel','OV',1152,1),
 (3702,'Utrecht','UT',1152,1),
 (3703,'Zuid-Holland','ZH',1152,1),
 (3704,'Zeeland','ZL',1152,1),
 (3705,'Akershus','02',1161,1),
 (3706,'Aust-Agder','09',1161,1),
 (3707,'Buskerud','06',1161,1),
 (3708,'Finnmark','20',1161,1),
 (3709,'Hedmark','04',1161,1),
 (3710,'Mre og Romsdal','15',1161,1),
 (3711,'Nordland','18',1161,1),
 (3712,'Nord-Trndelag','17',1161,1),
 (3713,'Oppland','05',1161,1),
 (3714,'Oslo','03',1161,1),
 (3715,'Rogaland','11',1161,1),
 (3716,'Sr-Trndelag','16',1161,1),
 (3717,'Telemark','06',1161,1),
 (3718,'Troms','19',1161,1),
 (3719,'Vest-Agder','10',1161,1),
 (3720,'Vestfold','07',1161,1),
 (3721,'Vestland','46',1161,1),
 (3722,'stfold','01',1161,1),
 (3723,'Jan Mayen','22',1161,1),
 (3724,'Svalbard','21',1161,1),
 (3725,'Auckland','AUK',1154,1),
 (3726,'Bay of Plenty','BOP',1154,1),
 (3727,'Canterbury','CAN',1154,1),
 (3728,'Gisborne','GIS',1154,1),
 (3729,'Hawkes Bay','HKB',1154,1),
 (3730,'Manawatu-Wanganui','MWT',1154,1),
 (3731,'Marlborough','MBH',1154,1),
 (3732,'Nelson','NSN',1154,1),
 (3733,'Northland','NTL',1154,1),
 (3734,'Otago','OTA',1154,1),
 (3735,'Southland','STL',1154,1),
 (3736,'Taranaki','TKI',1154,1),
 (3737,'Tasman','TAS',1154,1),
 (3738,'Waikato','WKO',1154,1),
 (3739,'Wellington','WGN',1154,1),
 (3740,'West Coast','WTC',1154,1),
 (3741,'Ad Dakhillyah','DA',1162,1),
 (3742,'Al Batinah','BA',1162,1),
 (3743,'Al Janblyah','JA',1162,1),
 (3744,'Al Wusta','WU',1162,1),
 (3745,'Ash Sharqlyah','SH',1162,1),
 (3746,'Az Zahirah','ZA',1162,1),
 (3747,'Masqat','MA',1162,1),
 (3748,'Musandam','MU',1162,1),
 (3749,'Jenin','_A',1165,1),
 (3750,'Tubas','_B',1165,1),
 (3751,'Tulkarm','_C',1165,1),
 (3752,'Nablus','_D',1165,1),
 (3753,'Qalqilya','_E',1165,1),
 (3754,'Salfit','_F',1165,1),
 (3755,'Ramallah and Al-Bireh','_G',1165,1),
 (3756,'Jericho','_H',1165,1),
 (3757,'Jerusalem','_I',1165,1),
 (3758,'Bethlehem','_J',1165,1),
 (3759,'Hebron','_K',1165,1),
 (3760,'North Gaza','_L',1165,1),
 (3761,'Gaza','_M',1165,1),
 (3762,'Deir el-Balah','_N',1165,1),
 (3763,'Khan Yunis','_O',1165,1),
 (3764,'Rafah','_P',1165,1),
 (3765,'Bocas del Toro','1',1166,1),
 (3766,'Cocle','2',1166,1),
 (3767,'Chiriqui','4',1166,1),
 (3768,'Darien','5',1166,1),
 (3769,'Herrera','6',1166,1),
 (3770,'Loa Santoa','7',1166,1),
 (3771,'Panama','8',1166,1),
 (3772,'Veraguas','9',1166,1),
 (3773,'Comarca de San Blas','Q',1166,1),
 (3774,'El Callao','CAL',1169,1),
 (3775,'Ancash','ANC',1169,1),
 (3776,'Apurimac','APU',1169,1),
 (3777,'Arequipa','ARE',1169,1),
 (3778,'Ayacucho','AYA',1169,1),
 (3779,'Cajamarca','CAJ',1169,1),
 (3780,'Cuzco','CUS',1169,1),
 (3781,'Huancavelica','HUV',1169,1),
 (3782,'Huanuco','HUC',1169,1),
 (3783,'Ica','ICA',1169,1),
 (3784,'Junin','JUN',1169,1),
 (3785,'La Libertad','LAL',1169,1),
 (3786,'Lambayeque','LAM',1169,1),
 (3787,'Lima','LIM',1169,1),
 (3788,'Loreto','LOR',1169,1),
 (3789,'Madre de Dios','MDD',1169,1),
 (3790,'Moquegua','MOQ',1169,1),
 (3791,'Pasco','PAS',1169,1),
 (3792,'Piura','PIU',1169,1),
 (3793,'Puno','PUN',1169,1),
 (3794,'San Martin','SAM',1169,1),
 (3795,'Tacna','TAC',1169,1),
 (3796,'Tumbes','TUM',1169,1),
 (3797,'Ucayali','UCA',1169,1),
 (3798,'Amazonas','AMA',1169,1),
 (3799,'National Capital District (Port Moresby)','NCD',1167,1),
 (3800,'Chimbu','CPK',1167,1),
 (3801,'Eastern Highlands','EHG',1167,1),
 (3802,'East New Britain','EBR',1167,1),
 (3803,'East Sepik','ESW',1167,1),
 (3804,'Enga','EPW',1167,1),
 (3805,'Gulf','GPK',1167,1),
 (3806,'Madang','MPM',1167,1),
 (3807,'Manus','MRL',1167,1),
 (3808,'Milne Bay','MBA',1167,1),
 (3809,'Morobe','MPL',1167,1),
 (3810,'New Ireland','NIK',1167,1),
 (3811,'North Solomons','NSA',1167,1),
 (3812,'Santaun','SAN',1167,1),
 (3813,'Southern Highlands','SHM',1167,1),
 (3814,'Western Highlands','WHM',1167,1),
 (3815,'West New Britain','WBK',1167,1),
 (3816,'Abra','ABR',1170,1),
 (3817,'Agusan del Norte','AGN',1170,1),
 (3818,'Agusan del Sur','AGS',1170,1),
 (3819,'Aklan','AKL',1170,1),
 (3820,'Albay','ALB',1170,1),
 (3821,'Antique','ANT',1170,1),
 (3822,'Apayao','APA',1170,1),
 (3823,'Aurora','AUR',1170,1),
 (3824,'Basilan','BAS',1170,1),
 (3825,'Bataan','BAN',1170,1),
 (3826,'Batanes','BTN',1170,1),
 (3827,'Batangas','BTG',1170,1),
 (3828,'Benguet','BEN',1170,1),
 (3829,'Biliran','BIL',1170,1),
 (3830,'Bohol','BOH',1170,1),
 (3831,'Bukidnon','BUK',1170,1),
 (3832,'Bulacan','BUL',1170,1),
 (3833,'Cagayan','CAG',1170,1),
 (3834,'Camarines Norte','CAN',1170,1),
 (3835,'Camarines Sur','CAS',1170,1),
 (3836,'Camiguin','CAM',1170,1),
 (3837,'Capiz','CAP',1170,1),
 (3838,'Catanduanes','CAT',1170,1),
 (3839,'Cavite','CAV',1170,1),
 (3840,'Cebu','CEB',1170,1),
 (3841,'Davao de Oro','COM',1170,1),
 (3842,'Davao del Norte','DAV',1170,1),
 (3843,'Davao del Sur','DAS',1170,1),
 (3844,'Davao Oriental','DAO',1170,1),
 (3845,'Eastern Samar','EAS',1170,1),
 (3846,'Guimaras','GUI',1170,1),
 (3847,'Ifugao','IFU',1170,1),
 (3848,'Ilocos Norte','ILN',1170,1),
 (3849,'Ilocos Sur','ILS',1170,1),
 (3850,'Iloilo','ILI',1170,1),
 (3851,'Isabela','ISA',1170,1),
 (3852,'Kalinga','KAL',1170,1),
 (3853,'Laguna','LAG',1170,1),
 (3854,'Lanao del Norte','LAN',1170,1),
 (3855,'Lanao del Sur','LAS',1170,1),
 (3856,'La Union','LUN',1170,1),
 (3857,'Leyte','LEY',1170,1),
 (3858,'Maguindanao','MAG',1170,1),
 (3859,'Marinduque','MAD',1170,1),
 (3860,'Masbate','MAS',1170,1),
 (3861,'Mindoro Occidental','MDC',1170,1),
 (3862,'Mindoro Oriental','MDR',1170,1),
 (3863,'Misamis Occidental','MSC',1170,1),
 (3864,'Misamis Oriental','MSR',1170,1),
 (3865,'Mountain Province','MOU',1170,1),
 (3866,'Negroe Occidental','NEC',1170,1),
 (3867,'Negros Oriental','NER',1170,1),
 (3868,'Cotabato','NCO',1170,1),
 (3869,'Northern Samar','NSA',1170,1),
 (3870,'Nueva Ecija','NUE',1170,1),
 (3871,'Nueva Vizcaya','NUV',1170,1),
 (3872,'Palawan','PLW',1170,1),
 (3873,'Pampanga','PAM',1170,1),
 (3874,'Pangasinan','PAN',1170,1),
 (3875,'Quezon','QUE',1170,1),
 (3876,'Quirino','QUI',1170,1),
 (3877,'Rizal','RIZ',1170,1),
 (3878,'Romblon','ROM',1170,1),
 (3879,'Sarangani','SAR',1170,1),
 (3880,'Siquijor','SIG',1170,1),
 (3881,'Sorsogon','SOR',1170,1),
 (3882,'South Cotabato','SCO',1170,1),
 (3883,'Southern Leyte','SLE',1170,1),
 (3884,'Sultan Kudarat','SUK',1170,1),
 (3885,'Sulu','SLU',1170,1),
 (3886,'Surigao del Norte','SUN',1170,1),
 (3887,'Surigao del Sur','SUR',1170,1),
 (3888,'Tarlac','TAR',1170,1),
 (3889,'Tawi-Tawi','TAW',1170,1),
 (3890,'Western Samar','WSA',1170,1),
 (3891,'Zambales','ZMB',1170,1),
 (3892,'Zamboanga del Norte','ZAN',1170,1),
 (3893,'Zamboanga del Sur','ZAS',1170,1),
 (3894,'Zamboanga Sibiguey','ZSI',1170,1),
 (3895,'Dinagat Islands','DIN',1170,1),
 (3896,'Metropolitan Manila','MNL',1170,1),
 (3897,'Islamabad Federal Capital Area','IS',1163,1),
 (3898,'Baluchistan','BA',1163,1),
 (3899,'Khyber Pakhtun Khawa','NW',1163,1),
 (3900,'Sindh','SD',1163,1),
 (3901,'Federally Administered Tribal Areas','TA',1163,1),
 (3902,'Azad Kashmir','JK',1163,1),
 (3903,'Gilgit-Baltistan','NA',1163,1),
 (3904,'Punjab','PB',1163,1),
 (3905,'Aveiro','01',1173,1),
 (3906,'Beja','02',1173,1),
 (3907,'Braga','03',1173,1),
 (3908,'Bragana','04',1173,1),
 (3909,'Castelo Branco','05',1173,1),
 (3910,'Coimbra','06',1173,1),
 (3911,'vora','07',1173,1),
 (3912,'Faro','08',1173,1),
 (3913,'Guarda','09',1173,1),
 (3914,'Leiria','10',1173,1),
 (3915,'Lisboa','11',1173,1),
 (3916,'Portalegre','12',1173,1),
 (3917,'Porto','13',1173,1),
 (3918,'Santarm','14',1173,1),
 (3919,'Setbal','15',1173,1),
 (3920,'Viana do Castelo','16',1173,1),
 (3921,'Vila Real','17',1173,1),
 (3922,'Viseu','18',1173,1),
 (3923,'Regio Autnoma dos Aores','20',1173,1),
 (3924,'Regio Autnoma da Madeira','30',1173,1),
 (3925,'Asuncion','ASU',1168,1),
 (3926,'Alto Paraguay','16',1168,1),
 (3927,'Alto Parana','10',1168,1),
 (3928,'Amambay','13',1168,1),
 (3929,'Boqueron','19',1168,1),
 (3930,'Caeguazu','5',1168,1),
 (3931,'Caazapl','6',1168,1),
 (3932,'Canindeyu','14',1168,1),
 (3933,'Concepcion','1',1168,1),
 (3934,'Cordillera','3',1168,1),
 (3935,'Guaira','4',1168,1),
 (3936,'Itapua','7',1168,1),
 (3937,'Miaiones','8',1168,1),
 (3938,'Neembucu','12',1168,1),
 (3939,'Paraguari','9',1168,1),
 (3940,'Presidente Hayes','15',1168,1),
 (3941,'San Pedro','2',1168,1),
 (3942,'Ad Dawhah','DA',1175,1),
 (3943,'Al Ghuwayriyah','GH',1175,1),
 (3944,'Al Jumayliyah','JU',1175,1),
 (3945,'Al Khawr','KH',1175,1),
 (3946,'Al Wakrah','WA',1175,1),
 (3947,'Ar Rayyan','RA',1175,1),
 (3948,'Jariyan al Batnah','JB',1175,1),
 (3949,'Madinat ash Shamal','MS',1175,1),
 (3950,'Umm Salal','US',1175,1),
 (3951,'Bucuresti','B',1176,1),
 (3952,'Alba','AB',1176,1),
 (3953,'Arad','AR',1176,1),
 (3954,'Arge','AG',1176,1),
 (3955,'Bacu','BC',1176,1),
 (3956,'Bihor','BH',1176,1),
 (3957,'Bistria-Nsud','BN',1176,1),
 (3958,'Botoani','BT',1176,1),
 (3959,'Braov','BV',1176,1),
 (3960,'Brila','BR',1176,1),
 (3961,'Buzu','BZ',1176,1),
 (3962,'Cara-Severin','CS',1176,1),
 (3963,'Clrai','CL',1176,1),
 (3964,'Cluj','CJ',1176,1),
 (3965,'Constana','CT',1176,1),
 (3966,'Covasna','CV',1176,1),
 (3967,'Dmbovia','DB',1176,1),
 (3968,'Dolj','DJ',1176,1),
 (3969,'Galai','GL',1176,1),
 (3970,'Giurgiu','GR',1176,1),
 (3971,'Gorj','GJ',1176,1),
 (3972,'Harghita','HR',1176,1),
 (3973,'Hunedoara','HD',1176,1),
 (3974,'Ialomia','IL',1176,1),
 (3975,'Iai','IS',1176,1),
 (3976,'Ilfov','IF',1176,1),
 (3977,'Maramure','MM',1176,1),
 (3978,'Mehedini','MH',1176,1),
 (3979,'Mure','MS',1176,1),
 (3980,'Neam','NT',1176,1),
 (3981,'Olt','OT',1176,1),
 (3982,'Prahova','PH',1176,1),
 (3983,'Satu Mare','SM',1176,1),
 (3984,'Slaj','SJ',1176,1),
 (3985,'Sibiu','SB',1176,1),
 (3986,'Suceava','SV',1176,1),
 (3987,'Teleorman','TR',1176,1),
 (3988,'Timi','TM',1176,1),
 (3989,'Tulcea','TL',1176,1),
 (3990,'Vaslui','VS',1176,1),
 (3991,'Vlcea','VL',1176,1),
 (3992,'Vrancea','VN',1176,1),
 (3993,'Adygeya, Respublika','AD',1177,1),
 (3994,'Altay, Respublika','AL',1177,1),
 (3995,'Bashkortostan, Respublika','BA',1177,1),
 (3996,'Buryatiya, Respublika','BU',1177,1),
 (3997,'Chechenskaya Respublika','CE',1177,1),
 (3998,'Chuvashskaya Respublika','CU',1177,1),
 (3999,'Dagestan, Respublika','DA',1177,1),
 (4000,'Ingushskaya Respublika','IN',1177,1),
 (4001,'Kabardino-Balkarskaya','KB',1177,1),
 (4002,'Kalmykiya, Respublika','KL',1177,1),
 (4003,'Karachayevo-Cherkesskaya Respublika','KC',1177,1),
 (4004,'Kareliya, Respublika','KR',1177,1),
 (4005,'Khakasiya, Respublika','KK',1177,1),
 (4006,'Komi, Respublika','KO',1177,1),
 (4007,'Mariy El, Respublika','ME',1177,1),
 (4008,'Mordoviya, Respublika','MO',1177,1),
 (4009,'Sakha, Respublika [Yakutiya]','SA',1177,1),
 (4010,'Severnaya Osetiya, Respublika','SE',1177,1),
 (4011,'Tatarstan, Respublika','TA',1177,1),
 (4012,'Tyva, Respublika [Tuva]','TY',1177,1),
 (4013,'Udmurtskaya Respublika','UD',1177,1),
 (4014,'Altayskiy kray','ALT',1177,1),
 (4015,'Khabarovskiy kray','KHA',1177,1),
 (4016,'Krasnodarskiy kray','KDA',1177,1),
 (4017,'Krasnoyarskiy kray','KYA',1177,1),
 (4018,'Primorskiy kray','PRI',1177,1),
 (4019,'Stavropol\'skiy kray','STA',1177,1),
 (4020,'Amurskaya oblast\'','AMU',1177,1),
 (4021,'Arkhangel\'skaya oblast\'','ARK',1177,1),
 (4022,'Astrakhanskaya oblast\'','AST',1177,1),
 (4023,'Belgorodskaya oblast\'','BEL',1177,1),
 (4024,'Bryanskaya oblast\'','BRY',1177,1),
 (4025,'Chelyabinskaya oblast\'','CHE',1177,1),
 (4026,'Zabaykalsky Krai\'','ZSK',1177,1),
 (4027,'Irkutskaya oblast\'','IRK',1177,1),
 (4028,'Ivanovskaya oblast\'','IVA',1177,1),
 (4029,'Kaliningradskaya oblast\'','KGD',1177,1),
 (4030,'Kaluzhskaya oblast\'','KLU',1177,1),
 (4031,'Kamchatka Krai\'','KAM',1177,1),
 (4032,'Kemerovskaya oblast\'','KEM',1177,1),
 (4033,'Kirovskaya oblast\'','KIR',1177,1),
 (4034,'Kostromskaya oblast\'','KOS',1177,1),
 (4035,'Kurganskaya oblast\'','KGN',1177,1),
 (4036,'Kurskaya oblast\'','KRS',1177,1),
 (4037,'Leningradskaya oblast\'','LEN',1177,1),
 (4038,'Lipetskaya oblast\'','LIP',1177,1),
 (4039,'Magadanskaya oblast\'','MAG',1177,1),
 (4040,'Moskovskaya oblast\'','MOS',1177,1),
 (4041,'Murmanskaya oblast\'','MUR',1177,1),
 (4042,'Nizhegorodskaya oblast\'','NIZ',1177,1),
 (4043,'Novgorodskaya oblast\'','NGR',1177,1),
 (4044,'Novosibirskaya oblast\'','NVS',1177,1),
 (4045,'Omskaya oblast\'','OMS',1177,1),
 (4046,'Orenburgskaya oblast\'','ORE',1177,1),
 (4047,'Orlovskaya oblast\'','ORL',1177,1),
 (4048,'Penzenskaya oblast\'','PNZ',1177,1),
 (4049,'Perm krai\'','PEK',1177,1),
 (4050,'Pskovskaya oblast\'','PSK',1177,1),
 (4051,'Rostovskaya oblast\'','ROS',1177,1),
 (4052,'Ryazanskaya oblast\'','RYA',1177,1),
 (4053,'Sakhalinskaya oblast\'','SAK',1177,1),
 (4054,'Samarskaya oblast\'','SAM',1177,1),
 (4055,'Saratovskaya oblast\'','SAR',1177,1),
 (4056,'Smolenskaya oblast\'','SMO',1177,1),
 (4057,'Sverdlovskaya oblast\'','SVE',1177,1),
 (4058,'Tambovskaya oblast\'','TAM',1177,1),
 (4059,'Tomskaya oblast\'','TOM',1177,1),
 (4060,'Tul\'skaya oblast\'','TUL',1177,1),
 (4061,'Tverskaya oblast\'','TVE',1177,1),
 (4062,'Tyumenskaya oblast\'','TYU',1177,1),
 (4063,'Ul\'yanovskaya oblast\'','ULY',1177,1),
 (4064,'Vladimirskaya oblast\'','VLA',1177,1),
 (4065,'Volgogradskaya oblast\'','VGG',1177,1),
 (4066,'Vologodskaya oblast\'','VLG',1177,1),
 (4067,'Voronezhskaya oblast\'','VOR',1177,1),
 (4068,'Yaroslavskaya oblast\'','YAR',1177,1),
 (4069,'Moskva','MOW',1177,1),
 (4070,'Sankt-Peterburg','SPE',1177,1),
 (4071,'Yevreyskaya avtonomnaya oblast\'','YEV',1177,1),
 (4072,'Chukotskiy avtonomnyy okrug','CHU',1177,1),
 (4073,'Khanty-Mansiyskiy avtonomnyy okrug','KHM',1177,1),
 (4074,'Nenetskiy avtonomnyy okrug','NEN',1177,1),
 (4075,'Yamalo-Nenetskiy avtonomnyy okrug','YAN',1177,1),
 (4076,'Butare','C',1178,1),
 (4077,'Byumba','I',1178,1),
 (4078,'Cyangugu','E',1178,1),
 (4079,'Gikongoro','D',1178,1),
 (4080,'Gisenyi','G',1178,1),
 (4081,'Gitarama','B',1178,1),
 (4082,'Kibungo','J',1178,1),
 (4083,'Kibuye','F',1178,1),
 (4084,'Kigali-Rural Kigali y\' Icyaro','K',1178,1),
 (4085,'Kigali-Ville Kigali Ngari','L',1178,1),
 (4086,'Mutara','M',1178,1),
 (4087,'Ruhengeri','H',1178,1),
 (4088,'Saint Kitts','K',1181,1),
 (4089,'Nevis','N',1181,1),
 (4090,'Al Bahah','11',1187,1),
 (4091,'Al Hudud Ash Shamaliyah','08',1187,1),
 (4092,'Al Jawf','12',1187,1),
 (4093,'Al Madinah','03',1187,1),
 (4094,'Al Qasim','05',1187,1),
 (4095,'Ar Riyad','01',1187,1),
 (4096,'Asir','14',1187,1),
 (4097,'Ha\'il','06',1187,1),
 (4098,'Jlzan','09',1187,1),
 (4099,'Makkah','02',1187,1),
 (4100,'Najran','10',1187,1),
 (4101,'Tabuk','07',1187,1),
 (4102,'Ash Sharqiyah','04',1187,1),
 (4103,'Capital Territory (Honiara)','CT',1194,1),
 (4104,'Guadalcanal','GU',1194,1),
 (4105,'Isabel','IS',1194,1),
 (4106,'Makira','MK',1194,1),
 (4107,'Malaita','ML',1194,1),
 (4108,'Temotu','TE',1194,1),
 (4109,'A\'ali an Nil','23',1200,1),
 (4110,'Al Bah al Ahmar','26',1200,1),
 (4111,'Al Buhayrat','18',1200,1),
 (4112,'Al Jazirah','07',1200,1),
 (4113,'Al Khartum','03',1200,1),
 (4114,'Al Qadarif','06',1200,1),
 (4115,'Al Wahdah','22',1200,1),
 (4116,'An Nil','04',1200,1),
 (4117,'An Nil al Abyaq','08',1200,1),
 (4118,'An Nil al Azraq','24',1200,1),
 (4119,'Ash Shamallyah','01',1200,1),
 (4120,'Bahr al Jabal','17',1200,1),
 (4121,'Gharb al Istiwa\'iyah','16',1200,1),
 (4122,'Gharb Ba~r al Ghazal','14',1200,1),
 (4123,'Gharb Darfur','12',1200,1),
 (4124,'Gharb Kurdufan','10',1200,1),
 (4125,'Janub Darfur','11',1200,1),
 (4126,'Janub Rurdufan','13',1200,1),
 (4127,'Jnqall','20',1200,1),
 (4128,'Kassala','05',1200,1),
 (4129,'Shamal Batr al Ghazal','15',1200,1),
 (4130,'Shamal Darfur','02',1200,1),
 (4131,'Shamal Kurdufan','09',1200,1),
 (4132,'Sharq al Istiwa\'iyah','19',1200,1),
 (4133,'Sinnar','25',1200,1),
 (4134,'Warab','21',1200,1),
 (4135,'Blekinge ln','K',1204,1),
 (4136,'Dalarnas ln','W',1204,1),
 (4137,'Gotlands ln','I',1204,1),
 (4138,'Gvleborgs ln','X',1204,1),
 (4139,'Hallands ln','N',1204,1),
 (4140,'Jmtlands ln','Z',1204,1),
 (4141,'Jnkopings ln','F',1204,1),
 (4142,'Kalmar ln','H',1204,1),
 (4143,'Kronobergs ln','G',1204,1),
 (4144,'Norrbottens ln','BD',1204,1),
 (4145,'Skne ln','M',1204,1),
 (4146,'Stockholms ln','AB',1204,1),
 (4147,'Sdermanlands ln','D',1204,1),
 (4148,'Uppsala ln','C',1204,1),
 (4149,'Vrmlands ln','S',1204,1),
 (4150,'Vsterbottens ln','AC',1204,1),
 (4151,'Vsternorrlands ln','Y',1204,1),
 (4152,'Vstmanlands ln','U',1204,1),
 (4153,'Vstra Gtalands ln','Q',1204,1),
 (4154,'rebro ln','T',1204,1),
 (4155,'stergtlands ln','E',1204,1),
 (4156,'Saint Helena','SH',1180,1),
 (4157,'Ascension','AC',1180,1),
 (4158,'Tristan da Cunha','TA',1180,1),
 (4159,'Ajdovina','001',1193,1),
 (4160,'Beltinci','002',1193,1),
 (4161,'Benedikt','148',1193,1),
 (4162,'Bistrica ob Sotli','149',1193,1),
 (4163,'Bled','003',1193,1),
 (4164,'Bloke','150',1193,1),
 (4165,'Bohinj','004',1193,1),
 (4166,'Borovnica','005',1193,1),
 (4167,'Bovec','006',1193,1),
 (4168,'Braslove','151',1193,1),
 (4169,'Brda','007',1193,1),
 (4170,'Brezovica','008',1193,1),
 (4171,'Breice','009',1193,1),
 (4172,'Cankova','152',1193,1),
 (4173,'Celje','011',1193,1),
 (4174,'Cerklje na Gorenjskem','012',1193,1),
 (4175,'Cerknica','013',1193,1),
 (4176,'Cerkno','014',1193,1),
 (4177,'Cerkvenjak','153',1193,1),
 (4178,'renovci','015',1193,1),
 (4179,'rna na Korokem','016',1193,1),
 (4180,'rnomelj','017',1193,1),
 (4181,'Destrnik','018',1193,1),
 (4182,'Divaa','019',1193,1),
 (4183,'Dobje','154',1193,1),
 (4184,'Dobrepolje','020',1193,1),
 (4185,'Dobrna','155',1193,1),
 (4186,'Dobrova-Polhov Gradec','021',1193,1),
 (4187,'Dobrovnik','156',1193,1),
 (4188,'Dol pri Ljubljani','022',1193,1),
 (4189,'Dolenjske Toplice','157',1193,1),
 (4190,'Domale','023',1193,1),
 (4191,'Dornava','024',1193,1),
 (4192,'Dravograd','025',1193,1),
 (4193,'Duplek','026',1193,1),
 (4194,'Gorenja vas-Poljane','027',1193,1),
 (4195,'Gorinica','028',1193,1),
 (4196,'Gornja Radgona','029',1193,1),
 (4197,'Gornji Grad','030',1193,1),
 (4198,'Gornji Petrovci','031',1193,1),
 (4199,'Grad','158',1193,1),
 (4200,'Grosuplje','032',1193,1),
 (4201,'Hajdina','159',1193,1),
 (4202,'Hoe-Slivnica','160',1193,1),
 (4203,'Hodo','161',1193,1),
 (4204,'Horjul','162',1193,1),
 (4205,'Hrastnik','034',1193,1),
 (4206,'Hrpelje-Kozina','035',1193,1),
 (4207,'Idrija','036',1193,1),
 (4208,'Ig','037',1193,1),
 (4209,'Ilirska Bistrica','038',1193,1),
 (4210,'Ivanna Gorica','039',1193,1),
 (4211,'Izola','040',1193,1),
 (4212,'Jesenice','041',1193,1),
 (4213,'Jezersko','163',1193,1),
 (4214,'Jurinci','042',1193,1),
 (4215,'Kamnik','043',1193,1),
 (4216,'Kanal','044',1193,1),
 (4217,'Kidrievo','045',1193,1),
 (4218,'Kobarid','046',1193,1),
 (4219,'Kobilje','047',1193,1),
 (4220,'Koevje','048',1193,1),
 (4221,'Komen','049',1193,1),
 (4222,'Komenda','164',1193,1),
 (4223,'Koper','050',1193,1),
 (4224,'Kostel','165',1193,1),
 (4225,'Kozje','051',1193,1),
 (4226,'Kranj','052',1193,1),
 (4227,'Kranjska Gora','053',1193,1),
 (4228,'Krievci','166',1193,1),
 (4229,'Krko','054',1193,1),
 (4230,'Kungota','055',1193,1),
 (4231,'Kuzma','056',1193,1),
 (4232,'Lako','057',1193,1),
 (4233,'Lenart','058',1193,1),
 (4234,'Lendava','059',1193,1),
 (4235,'Litija','060',1193,1),
 (4236,'Ljubljana','061',1193,1),
 (4237,'Ljubno','062',1193,1),
 (4238,'Ljutomer','063',1193,1),
 (4239,'Logatec','064',1193,1),
 (4240,'Loka dolina','065',1193,1),
 (4241,'Loki Potok','066',1193,1),
 (4242,'Lovrenc na Pohorju','167',1193,1),
 (4243,'Lue','067',1193,1),
 (4244,'Lukovica','068',1193,1),
 (4245,'Majperk','069',1193,1),
 (4246,'Maribor','070',1193,1),
 (4247,'Markovci','168',1193,1),
 (4248,'Medvode','071',1193,1),
 (4249,'Menge','072',1193,1),
 (4250,'Metlika','073',1193,1),
 (4251,'Meica','074',1193,1),
 (4252,'Miklav na Dravskem polju','169',1193,1),
 (4253,'Miren-Kostanjevica','075',1193,1),
 (4254,'Mirna Pe','170',1193,1),
 (4255,'Mislinja','076',1193,1),
 (4256,'Morave','077',1193,1),
 (4257,'Moravske Toplice','078',1193,1),
 (4258,'Mozirje','079',1193,1),
 (4259,'Murska Sobota','080',1193,1),
 (4260,'Muta','081',1193,1),
 (4261,'Naklo','082',1193,1),
 (4262,'Nazarje','083',1193,1),
 (4263,'Nova Gorica','084',1193,1),
 (4264,'Novo mesto','085',1193,1),
 (4265,'Sveta Ana','181',1193,1),
 (4266,'Sveti Andra v Slovenskih goricah','182',1193,1),
 (4267,'Sveti Jurij','116',1193,1),
 (4268,'alovci','033',1193,1),
 (4269,'empeter-Vrtojba','183',1193,1),
 (4270,'enur','117',1193,1),
 (4271,'entilj','118',1193,1),
 (4272,'entjernej','119',1193,1),
 (4273,'entjur','120',1193,1),
 (4274,'kocjan','121',1193,1),
 (4275,'kofja Loka','122',1193,1),
 (4276,'kofljica','123',1193,1),
 (4277,'marje pri Jelah','124',1193,1),
 (4278,'martno ob Paki','125',1193,1),
 (4279,'martno pri Litiji','194',1193,1),
 (4280,'otanj','126',1193,1),
 (4281,'tore','127',1193,1),
 (4282,'Tabor','184',1193,1),
 (4283,'Tiina','010',1193,1),
 (4284,'Tolmin','128',1193,1),
 (4285,'Trbovlje','129',1193,1),
 (4286,'Trebnje','130',1193,1),
 (4287,'Trnovska vas','185',1193,1),
 (4288,'Tri','131',1193,1),
 (4289,'Trzin','186',1193,1),
 (4290,'Turnie','132',1193,1),
 (4291,'Velenje','133',1193,1),
 (4292,'Velika Polana','187',1193,1),
 (4293,'Velike Lae','134',1193,1),
 (4294,'Verej','188',1193,1),
 (4295,'Videm','135',1193,1),
 (4296,'Vipava','136',1193,1),
 (4297,'Vitanje','137',1193,1),
 (4298,'Vojnik','138',1193,1),
 (4299,'Vransko','189',1193,1),
 (4300,'Vrhnika','140',1193,1),
 (4301,'Vuzenica','141',1193,1),
 (4302,'Zagorje ob Savi','142',1193,1),
 (4303,'Zavr','143',1193,1),
 (4304,'Zree','144',1193,1),
 (4305,'alec','190',1193,1),
 (4306,'elezniki','146',1193,1),
 (4307,'etale','191',1193,1),
 (4308,'iri','147',1193,1),
 (4309,'irovnica','192',1193,1),
 (4310,'uemberk','193',1193,1),
 (4311,'Ankaran','86',1193,1),
 (4312,'Apae','87',1193,1),
 (4313,'Cirkulane','88',1193,1),
 (4314,'Gorje','89',1193,1),
 (4315,'Kostanjevica na Krki','90',1193,1),
 (4316,'Log-Dragomer','91',1193,1),
 (4317,'Makole','92',1193,1),
 (4318,'Mirna','93',1193,1),
 (4319,'Mokronog-Trebelno','94',1193,1),
 (4320,'Odranci','95',1193,1),
 (4321,'Oplotnica','96',1193,1),
 (4322,'Ormo','97',1193,1),
 (4323,'Osilnica','98',1193,1),
 (4324,'Pesnica','99',1193,1),
 (4325,'Piran','100',1193,1),
 (4326,'Pivka','101',1193,1),
 (4327,'Podetrtek','102',1193,1),
 (4328,'Podlehnik','103',1193,1),
 (4329,'Podvelka','104',1193,1),
 (4330,'Poljane','105',1193,1),
 (4331,'Polzela','106',1193,1),
 (4332,'Postojna','107',1193,1),
 (4333,'Prebold','108',1193,1),
 (4334,'Preddvor','109',1193,1),
 (4335,'Prevalje','110',1193,1),
 (4336,'Ptuj','111',1193,1),
 (4337,'Puconci','112',1193,1),
 (4338,'Rae-Fram','113',1193,1),
 (4339,'Radee','114',1193,1),
 (4340,'Radenci','115',1193,1),
 (4341,'Radlje ob Dravi','139',1193,1),
 (4342,'Radovljica','145',1193,1),
 (4343,'Ravne na Korokem','171',1193,1),
 (4344,'Razkrije','172',1193,1),
 (4345,'Reica ob Savinji','173',1193,1),
 (4346,'Rene-Vogrsko','174',1193,1),
 (4347,'Ribnica','175',1193,1),
 (4348,'Ribnica na Pohorju','176',1193,1),
 (4349,'Rogaka Slatina','177',1193,1),
 (4350,'Rogaovci','178',1193,1),
 (4351,'Rogatec','179',1193,1),
 (4352,'Rue','180',1193,1),
 (4353,'Selnica ob Dravi','195',1193,1),
 (4354,'Semi','196',1193,1),
 (4355,'entrupert','197',1193,1),
 (4356,'Sevnica','198',1193,1),
 (4357,'Seana','199',1193,1),
 (4358,'Slovenj Gradec','200',1193,1),
 (4359,'Slovenska Bistrica','201',1193,1),
 (4360,'Slovenske Konjice','202',1193,1),
 (4361,'marjeke Toplice','203',1193,1),
 (4362,'Sodraica','204',1193,1),
 (4363,'Solava','205',1193,1),
 (4364,'Sredie ob Dravi','206',1193,1),
 (4365,'Stare','207',1193,1),
 (4366,'Straa','208',1193,1),
 (4367,'Sveta Trojica v Slovenskih goricah','209',1193,1),
 (4368,'Sveti Jurij v Slovenskih goricah','210',1193,1),
 (4369,'Sveti Toma','211',1193,1),
 (4370,'Vodice','212',1193,1),
 (4371,'Banskobystrick kraj','BC',1192,1),
 (4372,'Bratislavsk kraj','BL',1192,1),
 (4373,'Koick kraj','KI',1192,1),
 (4374,'Nitriansky kraj','NJ',1192,1),
 (4375,'Preovsk kraj','PV',1192,1),
 (4376,'Treniansky kraj','TC',1192,1),
 (4377,'Trnavsk kraj','TA',1192,1),
 (4378,'ilinsk kraj','ZI',1192,1),
 (4379,'Western Area (Freetown)','W',1190,1),
 (4380,'Eastern','E',1190,1),
 (4381,'Northern','N',1190,1),
 (4382,'Southern','S',1190,1),
 (4383,'Dakar','DK',1188,1),
 (4384,'Diourbel','DB',1188,1),
 (4385,'Fatick','FK',1188,1),
 (4386,'Kaolack','KL',1188,1),
 (4387,'Kolda','KD',1188,1),
 (4388,'Louga','LG',1188,1),
 (4389,'Matam','MT',1188,1),
 (4390,'Saint-Louis','SL',1188,1),
 (4391,'Tambacounda','TC',1188,1),
 (4392,'Thies','TH',1188,1),
 (4393,'Ziguinchor','ZG',1188,1),
 (4394,'Awdal','AW',1195,1),
 (4395,'Bakool','BK',1195,1),
 (4396,'Banaadir','BN',1195,1),
 (4397,'Bay','BY',1195,1),
 (4398,'Galguduud','GA',1195,1),
 (4399,'Gedo','GE',1195,1),
 (4400,'Hiirsan','HI',1195,1),
 (4401,'Jubbada Dhexe','JD',1195,1),
 (4402,'Jubbada Hoose','JH',1195,1),
 (4403,'Mudug','MU',1195,1),
 (4404,'Nugaal','NU',1195,1),
 (4405,'Saneag','SA',1195,1),
 (4406,'Shabeellaha Dhexe','SD',1195,1),
 (4407,'Shabeellaha Hoose','SH',1195,1),
 (4408,'Sool','SO',1195,1),
 (4409,'Togdheer','TO',1195,1),
 (4410,'Woqooyi Galbeed','WO',1195,1),
 (4411,'Brokopondo','BR',1201,1),
 (4412,'Commewijne','CM',1201,1),
 (4413,'Coronie','CR',1201,1),
 (4414,'Marowijne','MA',1201,1),
 (4415,'Nickerie','NI',1201,1),
 (4416,'Paramaribo','PM',1201,1),
 (4417,'Saramacca','SA',1201,1),
 (4418,'Sipaliwini','SI',1201,1),
 (4419,'Wanica','WA',1201,1),
 (4420,'Principe','P',1207,1),
 (4421,'Sao Tome','S',1207,1),
 (4422,'Ahuachapan','AH',1066,1),
 (4423,'Cabanas','CA',1066,1),
 (4424,'Cuscatlan','CU',1066,1),
 (4425,'Chalatenango','CH',1066,1),
 (4426,'Morazan','MO',1066,1),
 (4427,'San Miguel','SM',1066,1),
 (4428,'San Salvador','SS',1066,1),
 (4429,'Santa Ana','SA',1066,1),
 (4430,'San Vicente','SV',1066,1),
 (4431,'Sonsonate','SO',1066,1),
 (4432,'Usulutan','US',1066,1),
 (4433,'La Libertad','LI',1066,1),
 (4434,'La Paz','PA',1066,1),
 (4435,'La Union','UN',1066,1),
 (4436,'Al Hasakah','HA',1206,1),
 (4437,'Al Ladhiqiyah','LA',1206,1),
 (4438,'Al Qunaytirah','QU',1206,1),
 (4439,'Ar Raqqah','RA',1206,1),
 (4440,'As Suwayda\'','SU',1206,1),
 (4441,'Dar\'a','DR',1206,1),
 (4442,'Dayr az Zawr','DY',1206,1),
 (4443,'Dimashq','DI',1206,1),
 (4444,'Halab','HL',1206,1),
 (4445,'Hamah','HM',1206,1),
 (4446,'Jim\'','HI',1206,1),
 (4447,'Idlib','ID',1206,1),
 (4448,'Rif Dimashq','RD',1206,1),
 (4449,'Tarts','TA',1206,1),
 (4450,'Hhohho','HH',1203,1),
 (4451,'Lubombo','LU',1203,1),
 (4452,'Manzini','MA',1203,1),
 (4453,'Shiselweni','SH',1203,1),
 (4454,'Batha','BA',1043,1),
 (4455,'Biltine','BI',1043,1),
 (4456,'Borkou-Ennedi-Tibesti','BET',1043,1),
 (4457,'Chari-Baguirmi','CB',1043,1),
 (4458,'Guera','GR',1043,1),
 (4459,'Kanem','KA',1043,1),
 (4460,'Lac','LC',1043,1),
 (4461,'Logone-Occidental','LO',1043,1),
 (4462,'Logone-Oriental','LR',1043,1),
 (4463,'Mayo-Kebbi','MK',1043,1),
 (4464,'Moyen-Chari','MC',1043,1),
 (4465,'Ouaddai','OD',1043,1),
 (4466,'Salamat','SA',1043,1),
 (4467,'Tandjile','TA',1043,1),
 (4468,'Kara','K',1214,1),
 (4469,'Maritime (Region)','M',1214,1),
 (4470,'Savannes','S',1214,1),
 (4471,'Krung Thep Maha Nakhon Bangkok','10',1211,1),
 (4472,'Phatthaya','S',1211,1),
 (4473,'Amnat Charoen','37',1211,1),
 (4474,'Ang Thong','15',1211,1),
 (4475,'Buri Ram','31',1211,1),
 (4476,'Chachoengsao','24',1211,1),
 (4477,'Chai Nat','18',1211,1),
 (4478,'Chaiyaphum','36',1211,1),
 (4479,'Chanthaburi','22',1211,1),
 (4480,'Chiang Mai','50',1211,1),
 (4481,'Chiang Rai','57',1211,1),
 (4482,'Chon Buri','20',1211,1),
 (4483,'Chumphon','86',1211,1),
 (4484,'Kalasin','46',1211,1),
 (4485,'Kamphasng Phet','62',1211,1),
 (4486,'Kanchanaburi','71',1211,1),
 (4487,'Khon Kaen','40',1211,1),
 (4488,'Krabi','81',1211,1),
 (4489,'Lampang','52',1211,1),
 (4490,'Lamphun','51',1211,1),
 (4491,'Loei','42',1211,1),
 (4492,'Lop Buri','16',1211,1),
 (4493,'Mae Hong Son','58',1211,1),
 (4494,'Maha Sarakham','44',1211,1),
 (4495,'Mukdahan','49',1211,1),
 (4496,'Nakhon Nayok','26',1211,1),
 (4497,'Nakhon Pathom','73',1211,1),
 (4498,'Nakhon Phanom','48',1211,1),
 (4499,'Nakhon Ratchasima','30',1211,1),
 (4500,'Nakhon Sawan','60',1211,1),
 (4501,'Nakhon Si Thammarat','80',1211,1),
 (4502,'Nan','55',1211,1),
 (4503,'Narathiwat','96',1211,1),
 (4504,'Nong Bua Lam Phu','39',1211,1),
 (4505,'Nong Khai','43',1211,1),
 (4506,'Nonthaburi','12',1211,1),
 (4507,'Pathum Thani','13',1211,1),
 (4508,'Pattani','94',1211,1),
 (4509,'Phangnga','82',1211,1),
 (4510,'Phatthalung','93',1211,1),
 (4511,'Phayao','56',1211,1),
 (4512,'Phetchabun','67',1211,1),
 (4513,'Phetchaburi','76',1211,1),
 (4514,'Phichit','66',1211,1),
 (4515,'Phitsanulok','65',1211,1),
 (4516,'Phrae','54',1211,1),
 (4517,'Phra Nakhon Si Ayutthaya','14',1211,1),
 (4518,'Phuket','83',1211,1),
 (4519,'Prachin Buri','25',1211,1),
 (4520,'Prachuap Khiri Khan','77',1211,1),
 (4521,'Ranong','85',1211,1),
 (4522,'Ratchaburi','70',1211,1),
 (4523,'Rayong','21',1211,1),
 (4524,'Roi Et','45',1211,1),
 (4525,'Sa Kaeo','27',1211,1),
 (4526,'Sakon Nakhon','47',1211,1),
 (4527,'Samut Prakan','11',1211,1),
 (4528,'Samut Sakhon','74',1211,1),
 (4529,'Samut Songkhram','75',1211,1),
 (4530,'Saraburi','19',1211,1),
 (4531,'Satun','91',1211,1),
 (4532,'Sing Buri','17',1211,1),
 (4533,'Si Sa Ket','33',1211,1),
 (4534,'Songkhla','90',1211,1),
 (4535,'Sukhothai','64',1211,1),
 (4536,'Suphan Buri','72',1211,1),
 (4537,'Surat Thani','84',1211,1),
 (4538,'Surin','32',1211,1),
 (4539,'Tak','63',1211,1),
 (4540,'Trang','92',1211,1),
 (4541,'Trat','23',1211,1),
 (4542,'Ubon Ratchathani','34',1211,1),
 (4543,'Udon Thani','41',1211,1),
 (4544,'Uthai Thani','61',1211,1),
 (4545,'Uttaradit','53',1211,1),
 (4546,'Yala','95',1211,1),
 (4547,'Yasothon','35',1211,1),
 (4548,'Sughd','SU',1209,1),
 (4549,'Khatlon','KT',1209,1),
 (4550,'Gorno-Badakhshan','GB',1209,1),
 (4551,'Dushanbe','DU',1209,1),
 (4552,'Nohiyahoi Tobei Jumhur','RA',1209,1),
 (4553,'Ahal','A',1220,1),
 (4554,'Balkan','B',1220,1),
 (4555,'Dasoguz','D',1220,1),
 (4556,'Lebap','L',1220,1),
 (4557,'Mary','M',1220,1),
 (4558,'Bja','31',1218,1),
 (4559,'Ben Arous','13',1218,1),
 (4560,'Bizerte','23',1218,1),
 (4561,'Gabs','81',1218,1),
 (4562,'Gafsa','71',1218,1),
 (4563,'Jendouba','32',1218,1),
 (4564,'Kairouan','41',1218,1),
 (4565,'Rasserine','42',1218,1),
 (4566,'Kebili','73',1218,1),
 (4567,'L\'Ariana','12',1218,1),
 (4568,'Le Ref','33',1218,1),
 (4569,'Mahdia','53',1218,1),
 (4570,'La Manouba','14',1218,1),
 (4571,'Medenine','82',1218,1),
 (4572,'Moneatir','52',1218,1),
 (4573,'Naboul','21',1218,1),
 (4574,'Sfax','61',1218,1),
 (4575,'Sidi Bouxid','43',1218,1),
 (4576,'Siliana','34',1218,1),
 (4577,'Sousse','51',1218,1),
 (4578,'Tataouine','83',1218,1),
 (4579,'Tozeur','72',1218,1),
 (4580,'Tunis','11',1218,1),
 (4581,'Zaghouan','22',1218,1),
 (4582,'Adana','01',1219,1),
 (4583,'Ad yaman','02',1219,1),
 (4584,'Afyon','03',1219,1),
 (4585,'Ag r','04',1219,1),
 (4586,'Aksaray','68',1219,1),
 (4587,'Amasya','05',1219,1),
 (4588,'Ankara','06',1219,1),
 (4589,'Antalya','07',1219,1),
 (4590,'Ardahan','75',1219,1),
 (4591,'Artvin','08',1219,1),
 (4592,'Aydin','09',1219,1),
 (4593,'Bal kesir','10',1219,1),
 (4594,'Bartin','74',1219,1),
 (4595,'Batman','72',1219,1),
 (4596,'Bayburt','69',1219,1),
 (4597,'Bilecik','11',1219,1),
 (4598,'Bingol','12',1219,1),
 (4599,'Bitlis','13',1219,1),
 (4600,'Bolu','14',1219,1),
 (4601,'Burdur','15',1219,1),
 (4602,'Bursa','16',1219,1),
 (4603,'Canakkale','17',1219,1),
 (4604,'Cankir','18',1219,1),
 (4605,'Corum','19',1219,1),
 (4606,'Denizli','20',1219,1),
 (4607,'Diyarbakir','21',1219,1),
 (4608,'Duzce','81',1219,1),
 (4609,'Edirne','22',1219,1),
 (4610,'Elazig','23',1219,1),
 (4611,'Erzincan','24',1219,1),
 (4612,'Erzurum','25',1219,1),
 (4613,'Eskis\'ehir','26',1219,1),
 (4614,'Gaziantep','27',1219,1),
 (4615,'Giresun','28',1219,1),
 (4616,'Gms\'hane','29',1219,1),
 (4617,'Hakkari','30',1219,1),
 (4618,'Hatay','31',1219,1),
 (4619,'Igidir','76',1219,1),
 (4620,'Isparta','32',1219,1),
 (4621,'Icel','33',1219,1),
 (4622,'Istanbul','34',1219,1),
 (4623,'Izmir','35',1219,1),
 (4624,'Kahramanmaras','46',1219,1),
 (4625,'Karabk','78',1219,1),
 (4626,'Karaman','70',1219,1),
 (4627,'Kars','36',1219,1),
 (4628,'Kastamonu','37',1219,1),
 (4629,'Kayseri','38',1219,1),
 (4630,'Kirikkale','71',1219,1),
 (4631,'Kirklareli','39',1219,1),
 (4632,'Kirs\'ehir','40',1219,1),
 (4633,'Kilis','79',1219,1),
 (4634,'Kocaeli','41',1219,1),
 (4635,'Konya','42',1219,1),
 (4636,'Ktahya','43',1219,1),
 (4637,'Malatya','44',1219,1),
 (4638,'Manisa','45',1219,1),
 (4639,'Mardin','47',1219,1),
 (4640,'Mugila','48',1219,1),
 (4641,'Mus','49',1219,1),
 (4642,'Nevs\'ehir','50',1219,1),
 (4643,'Nigide','51',1219,1),
 (4644,'Ordu','52',1219,1),
 (4645,'Osmaniye','80',1219,1),
 (4646,'Rize','53',1219,1),
 (4647,'Sakarya','54',1219,1),
 (4648,'Samsun','55',1219,1),
 (4649,'Siirt','56',1219,1),
 (4650,'Sinop','57',1219,1),
 (4651,'Sivas','58',1219,1),
 (4652,'S\'anliurfa','63',1219,1),
 (4653,'S\'rnak','73',1219,1),
 (4654,'Tekirdag','59',1219,1),
 (4655,'Tokat','60',1219,1),
 (4656,'Trabzon','61',1219,1),
 (4657,'Tunceli','62',1219,1),
 (4658,'Us\'ak','64',1219,1),
 (4659,'Van','65',1219,1),
 (4660,'Yalova','77',1219,1),
 (4661,'Yozgat','66',1219,1),
 (4662,'Zonguldak','67',1219,1),
 (4663,'Couva-Tabaquite-Talparo','CTT',1217,1),
 (4664,'Diego Martin','DMN',1217,1),
 (4665,'Eastern Tobago','ETO',1217,1),
 (4666,'Penal-Debe','PED',1217,1),
 (4667,'Princes Town','PRT',1217,1),
 (4668,'Rio Claro-Mayaro','RCM',1217,1),
 (4669,'Sangre Grande','SGE',1217,1),
 (4670,'San Juan-Laventille','SJL',1217,1),
 (4671,'Siparia','SIP',1217,1),
 (4672,'Tunapuna-Piarco','TUP',1217,1),
 (4673,'Western Tobago','WTO',1217,1),
 (4674,'Arima','ARI',1217,1),
 (4675,'Chaguanas','CHA',1217,1),
 (4676,'Point Fortin','PTF',1217,1),
 (4677,'Port of Spain','POS',1217,1),
 (4678,'San Fernando','SFO',1217,1),
 (4679,'Aileu','AL',1063,1),
 (4680,'Ainaro','AN',1063,1),
 (4681,'Bacucau','BA',1063,1),
 (4682,'Bobonaro','BO',1063,1),
 (4683,'Cova Lima','CO',1063,1),
 (4684,'Dili','DI',1063,1),
 (4685,'Ermera','ER',1063,1),
 (4686,'Laulem','LA',1063,1),
 (4687,'Liquica','LI',1063,1),
 (4688,'Manatuto','MT',1063,1),
 (4689,'Manafahi','MF',1063,1),
 (4690,'Oecussi','OE',1063,1),
 (4691,'Viqueque','VI',1063,1),
 (4692,'Changhua County','CHA',1208,1),
 (4693,'Chiayi County','CYQ',1208,1),
 (4694,'Hsinchu County','HSQ',1208,1),
 (4695,'Hualien County','HUA',1208,1),
 (4696,'Ilan County','ILA',1208,1),
 (4697,'Kaohsiung County','KHQ',1208,1),
 (4698,'Miaoli County','MIA',1208,1),
 (4699,'Nantou County','NAN',1208,1),
 (4700,'Penghu County','PEN',1208,1),
 (4701,'Pingtung County','PIF',1208,1),
 (4702,'Taichung County','TXQ',1208,1),
 (4703,'Tainan County','TNQ',1208,1),
 (4704,'Taipei County','TPQ',1208,1),
 (4705,'Taitung County','TTT',1208,1),
 (4706,'Taoyuan County','TAO',1208,1),
 (4707,'Yunlin County','YUN',1208,1),
 (4708,'Keelung City','KEE',1208,1),
 (4709,'Taichung City','TXG',1208,1),
 (4710,'Kaohsiung City','KHH',1208,1),
 (4711,'Taipei City','TPE',1208,1),
 (4712,'Chiayi City','CYI',1208,1),
 (4713,'Hsinchu City','HSZ',1208,1),
 (4714,'Tainan City','TNN',1208,1),
 (4715,'Arusha','01',1210,1),
 (4716,'Dar-es-Salaam','02',1210,1),
 (4717,'Dodoma','03',1210,1),
 (4718,'Iringa','04',1210,1),
 (4719,'Kagera','05',1210,1),
 (4720,'Kaskazini Pemba','06',1210,1),
 (4721,'Kaskazini Unguja','07',1210,1),
 (4722,'Xigoma','08',1210,1),
 (4723,'Kilimanjaro','09',1210,1),
 (4724,'Rusini Pemba','10',1210,1),
 (4725,'Kusini Unguja','11',1210,1),
 (4726,'Lindi','12',1210,1),
 (4727,'Manyara','26',1210,1),
 (4728,'Mara','13',1210,1),
 (4729,'Mbeya','14',1210,1),
 (4730,'Mjini Magharibi','15',1210,1),
 (4731,'Morogoro','16',1210,1),
 (4732,'Mtwara','17',1210,1),
 (4733,'Pwani','19',1210,1),
 (4734,'Rukwa','20',1210,1),
 (4735,'Ruvuma','21',1210,1),
 (4736,'Shinyanga','22',1210,1),
 (4737,'Singida','23',1210,1),
 (4738,'Tabora','24',1210,1),
 (4739,'Tanga','25',1210,1),
 (4740,'Cherkas\'ka Oblast\'','71',1224,1),
 (4741,'Chernihivs\'ka Oblast\'','74',1224,1),
 (4742,'Chernivets\'ka Oblast\'','77',1224,1),
 (4743,'Dnipropetrovs\'ka Oblast\'','12',1224,1),
 (4744,'Donets\'ka Oblast\'','14',1224,1),
 (4745,'Ivano-Frankivs\'ka Oblast\'','26',1224,1),
 (4746,'Kharkivs\'ka Oblast\'','63',1224,1),
 (4747,'Khersons\'ka Oblast\'','65',1224,1),
 (4748,'Khmel\'nyts\'ka Oblast\'','68',1224,1),
 (4749,'Kirovohrads\'ka Oblast\'','35',1224,1),
 (4750,'Kyivs\'ka Oblast\'','32',1224,1),
 (4751,'Luhans\'ka Oblast\'','09',1224,1),
 (4752,'L\'vivs\'ka Oblast\'','46',1224,1),
 (4753,'Mykolaivs\'ka Oblast\'','48',1224,1),
 (4754,'Odes \'ka Oblast\'','51',1224,1),
 (4755,'Poltavs\'ka Oblast\'','53',1224,1),
 (4756,'Rivnens\'ka Oblast\'','56',1224,1),
 (4757,'Sums \'ka Oblast\'','59',1224,1),
 (4758,'Ternopil\'s\'ka Oblast\'','61',1224,1),
 (4759,'Vinnyts\'ka Oblast\'','05',1224,1),
 (4760,'Volyos\'ka Oblast\'','07',1224,1),
 (4761,'Zakarpats\'ka Oblast\'','21',1224,1),
 (4762,'Zaporiz\'ka Oblast\'','23',1224,1),
 (4763,'Zhytomyrs\'ka Oblast\'','18',1224,1),
 (4764,'Respublika Krym','43',1224,1),
 (4765,'Kyiv','30',1224,1),
 (4766,'Sevastopol','40',1224,1),
 (4767,'Adjumani','301',1223,1),
 (4768,'Apac','302',1223,1),
 (4769,'Arua','303',1223,1),
 (4770,'Bugiri','201',1223,1),
 (4771,'Bundibugyo','401',1223,1),
 (4772,'Bushenyi','402',1223,1),
 (4773,'Busia','202',1223,1),
 (4774,'Gulu','304',1223,1),
 (4775,'Hoima','403',1223,1),
 (4776,'Iganga','203',1223,1),
 (4777,'Jinja','204',1223,1),
 (4778,'Kabale','404',1223,1),
 (4779,'Kabarole','405',1223,1),
 (4780,'Kaberamaido','213',1223,1),
 (4781,'Kalangala','101',1223,1),
 (4782,'Kampala','102',1223,1),
 (4783,'Kamuli','205',1223,1),
 (4784,'Kamwenge','413',1223,1),
 (4785,'Kanungu','414',1223,1),
 (4786,'Kapchorwa','206',1223,1),
 (4787,'Kasese','406',1223,1),
 (4788,'Katakwi','207',1223,1),
 (4789,'Kayunga','112',1223,1),
 (4790,'Kibaale','407',1223,1),
 (4791,'Kiboga','103',1223,1),
 (4792,'Kisoro','408',1223,1),
 (4793,'Kitgum','305',1223,1),
 (4794,'Kotido','306',1223,1),
 (4795,'Kumi','208',1223,1),
 (4796,'Kyenjojo','415',1223,1),
 (4797,'Lira','307',1223,1),
 (4798,'Luwero','104',1223,1),
 (4799,'Masaka','105',1223,1),
 (4800,'Masindi','409',1223,1),
 (4801,'Mayuge','214',1223,1),
 (4802,'Mbale','209',1223,1),
 (4803,'Mbarara','410',1223,1),
 (4804,'Moroto','308',1223,1),
 (4805,'Moyo','309',1223,1),
 (4806,'Mpigi','106',1223,1),
 (4807,'Mubende','107',1223,1),
 (4808,'Mukono','108',1223,1),
 (4809,'Nakapiripirit','311',1223,1),
 (4810,'Nakasongola','109',1223,1),
 (4811,'Nebbi','310',1223,1),
 (4812,'Ntungamo','411',1223,1),
 (4813,'Pader','312',1223,1),
 (4814,'Pallisa','210',1223,1),
 (4815,'Rakai','110',1223,1),
 (4816,'Rukungiri','412',1223,1),
 (4817,'Sembabule','111',1223,1),
 (4818,'Sironko','215',1223,1),
 (4819,'Soroti','211',1223,1),
 (4820,'Tororo','212',1223,1),
 (4821,'Wakiso','113',1223,1),
 (4822,'Yumbe','313',1223,1),
 (4823,'Baker Island','81',1227,1),
 (4824,'Howland Island','84',1227,1),
 (4825,'Jarvis Island','86',1227,1),
 (4826,'Johnston Atoll','67',1227,1),
 (4827,'Kingman Reef','89',1227,1),
 (4828,'Midway Islands','71',1227,1),
 (4829,'Navassa Island','76',1227,1),
 (4830,'Palmyra Atoll','95',1227,1),
 (4831,'Wake Island','79',1227,1),
 (4832,'Artigsa','AR',1229,1),
 (4833,'Canelones','CA',1229,1),
 (4834,'Cerro Largo','CL',1229,1),
 (4835,'Colonia','CO',1229,1),
 (4836,'Durazno','DU',1229,1),
 (4837,'Flores','FS',1229,1),
 (4838,'Lavalleja','LA',1229,1),
 (4839,'Maldonado','MA',1229,1),
 (4840,'Montevideo','MO',1229,1),
 (4841,'Paysandu','PA',1229,1),
 (4842,'Rivera','RV',1229,1),
 (4843,'Rocha','RO',1229,1),
 (4844,'Salto','SA',1229,1),
 (4845,'Soriano','SO',1229,1),
 (4846,'Tacuarembo','TA',1229,1),
 (4847,'Treinta y Tres','TT',1229,1),
 (4848,'Florida','FL',1229,1),
 (4849,'Rio Negro','RN',1229,1),
 (4850,'San Jose','SJ',1229,1),
 (4851,'Toshkent (city)','TK',1230,1),
 (4852,'Qoraqalpogiston Respublikasi','QR',1230,1),
 (4853,'Andijon','AN',1230,1),
 (4854,'Buxoro','BU',1230,1),
 (4855,'Farg\'ona','FA',1230,1),
 (4856,'Jizzax','JI',1230,1),
 (4857,'Khorazm','KH',1230,1),
 (4858,'Namangan','NG',1230,1),
 (4859,'Navoiy','NW',1230,1),
 (4860,'Qashqadaryo','QA',1230,1),
 (4861,'Samarqand','SA',1230,1),
 (4862,'Sirdaryo','SI',1230,1),
 (4863,'Surxondaryo','SU',1230,1),
 (4864,'Toshkent','TO',1230,1),
 (4865,'Xorazm','XO',1230,1),
 (4866,'Distrito Federal','A',1232,1),
 (4867,'Anzoategui','B',1232,1),
 (4868,'Apure','C',1232,1),
 (4869,'Aragua','D',1232,1),
 (4870,'Barinas','E',1232,1),
 (4871,'Carabobo','G',1232,1),
 (4872,'Cojedes','H',1232,1),
 (4873,'Falcon','I',1232,1),
 (4874,'Guarico','J',1232,1),
 (4875,'Lara','K',1232,1),
 (4876,'Merida','L',1232,1),
 (4877,'Miranda','M',1232,1),
 (4878,'Monagas','N',1232,1),
 (4879,'Nueva Esparta','O',1232,1),
 (4880,'Portuguesa','P',1232,1),
 (4881,'Tachira','S',1232,1),
 (4882,'Trujillo','T',1232,1),
 (4883,'Vargas','X',1232,1),
 (4884,'Yaracuy','U',1232,1),
 (4885,'Zulia','V',1232,1),
 (4886,'Delta Amacuro','Y',1232,1),
 (4887,'Dependencias Federales','W',1232,1),
 (4888,'An Giang','44',1233,1),
 (4889,'Ba Ria - Vung Tau','43',1233,1),
 (4890,'Bac Can','53',1233,1),
 (4891,'Bac Giang','54',1233,1),
 (4892,'Bac Lieu','55',1233,1),
 (4893,'Bac Ninh','56',1233,1),
 (4894,'Ben Tre','50',1233,1),
 (4895,'Binh Dinh','31',1233,1),
 (4896,'Binh Duong','57',1233,1),
 (4897,'Binh Phuoc','58',1233,1),
 (4898,'Binh Thuan','40',1233,1),
 (4899,'Ca Mau','59',1233,1),
 (4900,'Can Tho','48',1233,1),
 (4901,'Cao Bang','04',1233,1),
 (4902,'Da Nang, thanh pho','60',1233,1),
 (4903,'Dong Nai','39',1233,1),
 (4904,'Dong Thap','45',1233,1),
 (4905,'Gia Lai','30',1233,1),
 (4906,'Ha Giang','03',1233,1),
 (4907,'Ha Nam','63',1233,1),
 (4908,'Ha Noi, thu do','64',1233,1),
 (4909,'Ha Tay','15',1233,1),
 (4910,'Ha Tinh','23',1233,1),
 (4911,'Hai Duong','61',1233,1),
 (4912,'Hai Phong, thanh pho','62',1233,1),
 (4913,'Hoa Binh','14',1233,1),
 (4914,'Ho Chi Minh, thanh pho [Sai Gon]','65',1233,1),
 (4915,'Hung Yen','66',1233,1),
 (4916,'Khanh Hoa','34',1233,1),
 (4917,'Kien Giang','47',1233,1),
 (4918,'Kon Tum','28',1233,1),
 (4919,'Lai Chau','01',1233,1),
 (4920,'Lam Dong','35',1233,1),
 (4921,'Lang Son','09',1233,1),
 (4922,'Lao Cai','02',1233,1),
 (4923,'Long An','41',1233,1),
 (4924,'Nam Dinh','67',1233,1),
 (4925,'Nghe An','22',1233,1),
 (4926,'Ninh Binh','18',1233,1),
 (4927,'Ninh Thuan','36',1233,1),
 (4928,'Phu Tho','68',1233,1),
 (4929,'Phu Yen','32',1233,1),
 (4930,'Quang Binh','24',1233,1),
 (4931,'Quang Nam','27',1233,1),
 (4932,'Quang Ngai','29',1233,1),
 (4933,'Quang Ninh','13',1233,1),
 (4934,'Quang Tri','25',1233,1),
 (4935,'Soc Trang','52',1233,1),
 (4936,'Son La','05',1233,1),
 (4937,'Tay Ninh','37',1233,1),
 (4938,'Thai Binh','20',1233,1),
 (4939,'Thai Nguyen','69',1233,1),
 (4940,'Thanh Hoa','21',1233,1),
 (4941,'Thua Thien-Hue','26',1233,1),
 (4942,'Tien Giang','46',1233,1),
 (4943,'Tra Vinh','51',1233,1),
 (4944,'Tuyen Quang','07',1233,1),
 (4945,'Vinh Long','49',1233,1),
 (4946,'Vinh Phuc','70',1233,1),
 (4947,'Yen Bai','06',1233,1),
 (4948,'Malampa','MAP',1231,1),
 (4949,'Penama','PAM',1231,1),
 (4950,'Sanma','SAM',1231,1),
 (4951,'Shefa','SEE',1231,1),
 (4952,'Tafea','TAE',1231,1),
 (4953,'Torba','TOB',1231,1),
 (4954,'A\'ana','AA',1185,1),
 (4955,'Aiga-i-le-Tai','AL',1185,1),
 (4956,'Atua','AT',1185,1),
 (4957,'Fa\'aaaleleaga','FA',1185,1),
 (4958,'Gaga\'emauga','GE',1185,1),
 (4959,'Gagaifomauga','GI',1185,1),
 (4960,'Palauli','PA',1185,1),
 (4961,'Satupa\'itea','SA',1185,1),
 (4962,'Tuamasaga','TU',1185,1),
 (4963,'Va\'a-o-Fonoti','VF',1185,1),
 (4964,'Vaisigano','VS',1185,1),
 (4965,'Crna Gora','CG',1243,1),
 (4966,'Srbija','SR',1242,1),
 (4967,'Kosovo-Metohija','KM',1242,1),
 (4968,'Vojvodina','VO',1242,1),
 (4969,'Abyan','AB',1237,1),
 (4970,'Adan','AD',1237,1),
 (4971,'Ad Dali','DA',1237,1),
 (4972,'Al Bayda\'','BA',1237,1),
 (4973,'Al Hudaydah','MU',1237,1),
 (4974,'Al Mahrah','MR',1237,1),
 (4975,'Al Mahwit','MW',1237,1),
 (4976,'Amran','AM',1237,1),
 (4977,'Dhamar','DH',1237,1),
 (4978,'Hadramawt','HD',1237,1),
 (4979,'Hajjah','HJ',1237,1),
 (4980,'Ibb','IB',1237,1),
 (4981,'Lahij','LA',1237,1),
 (4982,'Ma\'rib','MA',1237,1),
 (4983,'Sa\'dah','SD',1237,1),
 (4984,'San\'a\'','SN',1237,1),
 (4985,'Shabwah','SH',1237,1),
 (4986,'Ta\'izz','TA',1237,1),
 (4987,'Eastern Cape','EC',1196,1),
 (4988,'Free State','FS',1196,1),
 (4989,'Gauteng','GT',1196,1),
 (4990,'Kwazulu-Natal','NL',1196,1),
 (4991,'Mpumalanga','MP',1196,1),
 (4992,'Northern Cape','NC',1196,1),
 (4993,'Limpopo','NP',1196,1),
 (4994,'Western Cape','WC',1196,1),
 (4995,'North West','NW',1196,1),
 (4996,'Copperbelt','08',1239,1),
 (4997,'Luapula','04',1239,1),
 (4998,'Lusaka','09',1239,1),
 (4999,'North-Western','06',1239,1),
 (5000,'Central','C',1239,1),
 (5001,'Eastern','E',1239,1),
 (5002,'Muchinga','M',1239,1),
 (5003,'Northern','N',1239,1),
 (5004,'Southern','S',1239,1),
 (5005,'Western','W',1239,1),
 (5006,'Bulawayo','BU',1240,1),
 (5007,'Harare','HA',1240,1),
 (5008,'Manicaland','MA',1240,1),
 (5009,'Mashonaland Central','MC',1240,1),
 (5010,'Mashonaland East','ME',1240,1),
 (5011,'Mashonaland West','MW',1240,1),
 (5012,'Masvingo','MV',1240,1),
 (5013,'Matabeleland North','MN',1240,1),
 (5014,'Matabeleland South','MS',1240,1),
 (5015,'Midlands','MI',1240,1),
 (5016,'South Karelia','SK',1075,1),
 (5017,'South Ostrobothnia','SO',1075,1),
 (5018,'Etel-Savo','ES',1075,1),
 (5019,'Hme','HH',1075,1),
 (5020,'It-Uusimaa','IU',1075,1),
 (5021,'Kainuu','KA',1075,1),
 (5022,'Central Ostrobothnia','CO',1075,1),
 (5023,'Central Finland','CF',1075,1),
 (5024,'Kymenlaakso','KY',1075,1),
 (5025,'Lapland','LA',1075,1),
 (5026,'Tampere Region','TR',1075,1),
 (5027,'Ostrobothnia','OB',1075,1),
 (5028,'North Karelia','NK',1075,1),
 (5029,'Northern Ostrobothnia','NO',1075,1),
 (5030,'Northern Savo','NS',1075,1),
 (5031,'Pijt-Hme','PH',1075,1),
 (5032,'Satakunta','SK',1075,1),
 (5033,'Uusimaa','UM',1075,1),
 (5034,'South-West Finland','SW',1075,1),
 (5035,'land','AL',1075,1),
 (5036,'Limburg','LI',1152,1),
 (5037,'Central and Western','CW',1098,1),
 (5038,'Eastern','EA',1098,1),
 (5039,'Southern','SO',1098,1),
 (5040,'Wan Chai','WC',1098,1),
 (5041,'Kowloon City','KC',1098,1),
 (5042,'Kwun Tong','KU',1098,1),
 (5043,'Sham Shui Po','SS',1098,1),
 (5044,'Wong Tai Sin','WT',1098,1),
 (5045,'Yau Tsim Mong','YT',1098,1),
 (5046,'Islands','IS',1098,1),
 (5047,'Kwai Tsing','KI',1098,1),
 (5048,'North','NO',1098,1),
 (5049,'Sai Kung','SK',1098,1),
 (5050,'Sha Tin','ST',1098,1),
 (5051,'Tai Po','TP',1098,1),
 (5052,'Tsuen Wan','TW',1098,1),
 (5053,'Tuen Mun','TM',1098,1),
 (5054,'Yuen Long','YL',1098,1),
 (5055,'Manchester','MR',1108,1),
 (5056,'Al Manmah (Al imah)','13',1016,1),
 (5057,'Al Janbyah','14',1016,1),
 (5058,'Al Wus','16',1016,1),
 (5059,'Ash Shamlyah','17',1016,1);
/*!40000 ALTER TABLE `civicrm_state_province` ENABLE KEYS */;
UNLOCK TABLES;

--
-- Dumping data for table `civicrm_status_pref`
--

LOCK TABLES `civicrm_status_pref` WRITE;
/*!40000 ALTER TABLE `civicrm_status_pref` DISABLE KEYS */;
/*!40000 ALTER TABLE `civicrm_status_pref` ENABLE KEYS */;
UNLOCK TABLES;

--
-- Dumping data for table `civicrm_subscription_history`
--

LOCK TABLES `civicrm_subscription_history` WRITE;
/*!40000 ALTER TABLE `civicrm_subscription_history` DISABLE KEYS */;
INSERT INTO `civicrm_subscription_history` (`id`, `contact_id`, `group_id`, `date`, `method`, `status`, `tracking`) VALUES
 (1,171,2,'2024-01-08 07:15:58','Admin','Added',NULL),
 (2,33,2,'2024-04-03 09:24:49','Admin','Added',NULL),
 (3,13,2,'2023-11-30 08:29:25','Email','Added',NULL),
 (4,200,2,'2023-07-15 20:42:37','Admin','Added',NULL),
 (5,132,2,'2024-05-10 02:37:52','Admin','Added',NULL),
 (6,18,2,'2024-05-16 09:06:43','Email','Added',NULL),
 (7,181,2,'2024-04-22 01:21:28','Admin','Added',NULL),
 (8,42,2,'2024-03-13 17:22:52','Email','Added',NULL),
 (9,104,2,'2024-03-01 18:16:12','Admin','Added',NULL),
 (10,53,2,'2023-12-21 08:06:42','Email','Added',NULL),
 (11,174,2,'2023-10-05 18:13:08','Email','Added',NULL),
 (12,27,2,'2023-11-27 04:57:42','Email','Added',NULL),
 (13,193,2,'2023-11-03 18:17:55','Admin','Added',NULL),
 (14,152,2,'2024-06-05 06:15:14','Email','Added',NULL),
 (15,6,2,'2024-03-31 03:22:50','Admin','Added',NULL),
 (16,175,2,'2024-05-02 01:12:50','Email','Added',NULL),
 (17,153,2,'2024-02-06 22:31:22','Email','Added',NULL),
 (18,100,2,'2023-09-25 06:29:55','Admin','Added',NULL),
 (19,102,2,'2023-11-09 16:28:56','Admin','Added',NULL),
 (20,147,2,'2024-03-23 11:15:00','Admin','Added',NULL),
 (21,46,2,'2024-05-08 18:36:55','Admin','Added',NULL),
 (22,141,2,'2023-08-09 01:45:19','Email','Added',NULL),
 (23,83,2,'2023-07-31 02:59:06','Email','Added',NULL),
 (24,162,2,'2023-07-28 21:26:27','Email','Added',NULL),
 (25,196,2,'2023-08-15 00:36:57','Admin','Added',NULL),
 (26,92,2,'2024-02-21 21:10:51','Admin','Added',NULL),
 (27,12,2,'2023-08-31 22:44:55','Admin','Added',NULL),
 (28,2,2,'2024-05-01 00:47:38','Admin','Added',NULL),
 (29,40,2,'2024-02-26 10:24:25','Admin','Added',NULL),
 (30,85,2,'2023-07-06 05:14:33','Admin','Added',NULL),
 (31,179,2,'2024-05-23 03:00:53','Admin','Added',NULL),
 (32,81,2,'2024-01-16 02:43:22','Admin','Added',NULL),
 (33,124,2,'2024-05-02 01:56:24','Admin','Added',NULL),
 (34,194,2,'2023-09-28 21:35:17','Email','Added',NULL),
 (35,32,2,'2024-05-12 14:28:50','Email','Added',NULL),
 (36,75,2,'2024-02-02 06:25:59','Admin','Added',NULL),
 (37,11,2,'2023-11-09 11:32:55','Email','Added',NULL),
 (38,177,2,'2024-01-14 02:19:56','Email','Added',NULL),
 (39,165,2,'2023-10-16 03:27:35','Email','Added',NULL),
 (40,50,2,'2024-01-26 04:55:57','Email','Added',NULL),
 (41,14,2,'2024-06-03 09:00:58','Admin','Added',NULL),
 (42,82,2,'2023-08-16 00:27:07','Email','Added',NULL),
 (43,140,2,'2024-01-25 02:37:29','Admin','Added',NULL),
 (44,70,2,'2024-06-12 19:08:24','Email','Added',NULL),
 (45,168,2,'2024-02-05 20:26:05','Email','Added',NULL),
 (46,97,2,'2024-05-11 05:31:54','Admin','Added',NULL),
 (47,186,2,'2024-04-13 19:38:50','Admin','Added',NULL),
 (48,52,2,'2023-07-27 13:55:22','Admin','Added',NULL),
 (49,35,2,'2023-09-03 13:34:23','Admin','Added',NULL),
 (50,95,2,'2023-10-03 07:34:14','Email','Added',NULL),
 (51,161,2,'2023-11-18 09:16:25','Admin','Added',NULL),
 (52,166,2,'2024-03-28 19:11:08','Admin','Added',NULL),
 (53,20,2,'2023-07-13 04:45:10','Email','Added',NULL),
 (54,89,2,'2024-02-28 12:37:00','Admin','Added',NULL),
 (55,24,2,'2024-01-02 13:28:31','Admin','Added',NULL),
 (56,199,2,'2023-10-02 13:51:03','Admin','Added',NULL),
 (57,139,2,'2023-08-18 14:47:35','Email','Added',NULL),
 (58,28,2,'2023-09-03 05:02:31','Email','Added',NULL),
 (59,180,2,'2023-07-14 09:49:08','Admin','Added',NULL),
 (60,131,2,'2024-05-19 01:35:34','Email','Added',NULL),
 (61,137,3,'2024-03-29 03:06:54','Admin','Added',NULL),
 (62,123,3,'2023-10-21 17:25:36','Email','Added',NULL),
 (63,198,3,'2023-11-30 22:21:40','Email','Added',NULL),
 (64,71,3,'2024-02-12 13:04:43','Admin','Added',NULL),
 (65,67,3,'2024-04-03 17:09:33','Email','Added',NULL),
 (66,189,3,'2023-07-07 11:39:39','Email','Added',NULL),
 (67,178,3,'2023-10-08 18:33:04','Email','Added',NULL),
 (68,87,3,'2023-08-29 16:02:58','Admin','Added',NULL),
 (69,69,3,'2023-08-11 18:15:05','Email','Added',NULL),
 (70,47,3,'2024-03-21 16:04:53','Email','Added',NULL),
 (71,142,3,'2023-09-18 19:58:49','Admin','Added',NULL),
 (72,184,3,'2024-03-18 13:58:16','Admin','Added',NULL),
 (73,4,3,'2024-01-13 16:38:15','Email','Added',NULL),
 (74,182,3,'2023-10-26 11:25:51','Admin','Added',NULL),
 (75,154,3,'2023-11-02 18:51:03','Email','Added',NULL),
 (76,171,4,'2024-04-05 05:20:19','Email','Added',NULL),
 (77,42,4,'2023-10-05 18:31:42','Admin','Added',NULL),
 (78,6,4,'2024-04-12 20:09:08','Email','Added',NULL),
 (79,141,4,'2023-08-24 21:32:09','Admin','Added',NULL),
 (80,40,4,'2023-08-29 01:16:40','Admin','Added',NULL),
 (81,75,4,'2023-10-25 22:54:55','Admin','Added',NULL),
 (82,140,4,'2024-02-11 08:04:00','Email','Added',NULL),
 (83,95,4,'2023-11-01 04:41:10','Admin','Added',NULL),
 (84,202,4,'2024-04-22 01:55:14','Email','Added',NULL);
/*!40000 ALTER TABLE `civicrm_subscription_history` ENABLE KEYS */;
UNLOCK TABLES;

--
-- Dumping data for table `civicrm_survey`
--

LOCK TABLES `civicrm_survey` WRITE;
/*!40000 ALTER TABLE `civicrm_survey` DISABLE KEYS */;
/*!40000 ALTER TABLE `civicrm_survey` ENABLE KEYS */;
UNLOCK TABLES;

--
-- Dumping data for table `civicrm_system_log`
--

LOCK TABLES `civicrm_system_log` WRITE;
/*!40000 ALTER TABLE `civicrm_system_log` DISABLE KEYS */;
/*!40000 ALTER TABLE `civicrm_system_log` ENABLE KEYS */;
UNLOCK TABLES;

--
-- Dumping data for table `civicrm_tag`
--

LOCK TABLES `civicrm_tag` WRITE;
/*!40000 ALTER TABLE `civicrm_tag` DISABLE KEYS */;
INSERT INTO `civicrm_tag` (`id`, `name`, `label`, `description`, `parent_id`, `is_selectable`, `is_reserved`, `is_tagset`, `used_for`, `created_id`, `color`, `created_date`) VALUES
 (1,'Non_profit','Non-profit','Any not-for-profit organization.',NULL,1,0,0,'civicrm_contact',NULL,'#0bcb21','2024-06-23 22:14:44'),
 (2,'Company','Company','For-profit organization.',NULL,1,0,0,'civicrm_contact',NULL,'#2260c3','2024-06-23 22:14:44'),
 (3,'Government_Entity','Government Entity','Any governmental entity.',NULL,1,0,0,'civicrm_contact',NULL,'#cd4b13','2024-06-23 22:14:44'),
 (4,'Major_Donor','Major Donor','High-value supporter of our organization.',NULL,1,0,0,'civicrm_contact',NULL,'#0cdae9','2024-06-23 22:14:44'),
 (5,'Volunteer','Volunteer','Active volunteers.',NULL,1,0,0,'civicrm_contact',NULL,'#f0dc00','2024-06-23 22:14:44');
/*!40000 ALTER TABLE `civicrm_tag` ENABLE KEYS */;
UNLOCK TABLES;

--
-- Dumping data for table `civicrm_tell_friend`
--

LOCK TABLES `civicrm_tell_friend` WRITE;
/*!40000 ALTER TABLE `civicrm_tell_friend` DISABLE KEYS */;
/*!40000 ALTER TABLE `civicrm_tell_friend` ENABLE KEYS */;
UNLOCK TABLES;

--
-- Dumping data for table `civicrm_timezone`
--

LOCK TABLES `civicrm_timezone` WRITE;
/*!40000 ALTER TABLE `civicrm_timezone` DISABLE KEYS */;
/*!40000 ALTER TABLE `civicrm_timezone` ENABLE KEYS */;
UNLOCK TABLES;

--
-- Dumping data for table `civicrm_translation`
--

LOCK TABLES `civicrm_translation` WRITE;
/*!40000 ALTER TABLE `civicrm_translation` DISABLE KEYS */;
/*!40000 ALTER TABLE `civicrm_translation` ENABLE KEYS */;
UNLOCK TABLES;

--
-- Dumping data for table `civicrm_uf_field`
--

LOCK TABLES `civicrm_uf_field` WRITE;
/*!40000 ALTER TABLE `civicrm_uf_field` DISABLE KEYS */;
INSERT INTO `civicrm_uf_field` (`id`, `uf_group_id`, `field_name`, `is_active`, `is_view`, `is_required`, `weight`, `help_post`, `help_pre`, `visibility`, `in_selector`, `is_searchable`, `location_type_id`, `phone_type_id`, `website_type_id`, `label`, `field_type`, `is_reserved`, `is_multi_summary`) VALUES
 (1,1,'first_name',1,0,1,1,NULL,NULL,'User and User Admin Only',0,0,NULL,NULL,NULL,'First Name','Individual',0,0),
 (2,1,'last_name',1,0,1,2,NULL,NULL,'User and User Admin Only',0,0,NULL,NULL,NULL,'Last Name','Individual',0,0),
 (3,1,'street_address',1,0,0,3,NULL,NULL,'User and User Admin Only',0,0,1,NULL,NULL,'Street Address (Home)','Contact',0,0),
 (4,1,'city',1,0,0,4,NULL,NULL,'User and User Admin Only',0,0,1,NULL,NULL,'City (Home)','Contact',0,0),
 (5,1,'postal_code',1,0,0,5,NULL,NULL,'User and User Admin Only',0,0,1,NULL,NULL,'Postal Code (Home)','Contact',0,0),
 (6,1,'country',1,0,0,6,NULL,NULL,'User and User Admin Only',0,0,1,NULL,NULL,'Country (Home)','Contact',0,0),
 (7,1,'state_province',1,0,0,7,NULL,NULL,'User and User Admin Only',0,0,1,NULL,NULL,'State (Home)','Contact',0,0),
 (8,2,'first_name',1,0,1,1,NULL,NULL,'User and User Admin Only',0,0,NULL,NULL,NULL,'First Name','Individual',0,0),
 (9,2,'last_name',1,0,1,2,NULL,NULL,'User and User Admin Only',0,0,NULL,NULL,NULL,'Last Name','Individual',0,0),
 (10,2,'email',1,0,1,3,NULL,NULL,'User and User Admin Only',0,0,NULL,NULL,NULL,'Email Address','Contact',0,0),
 (11,3,'participant_status',1,0,1,1,NULL,NULL,'User and User Admin Only',0,0,NULL,NULL,NULL,'Participant Status','Participant',1,0),
 (12,4,'first_name',1,0,1,1,NULL,NULL,'User and User Admin Only',0,0,NULL,NULL,NULL,'First Name','Individual',0,0),
 (13,4,'last_name',1,0,1,2,NULL,NULL,'User and User Admin Only',0,0,NULL,NULL,NULL,'Last Name','Individual',0,0),
 (14,4,'email',1,0,0,3,NULL,NULL,'User and User Admin Only',0,0,NULL,NULL,NULL,'Email Address','Contact',0,0),
 (15,5,'organization_name',1,0,1,2,NULL,NULL,'User and User Admin Only',0,0,NULL,NULL,NULL,'Organization Name','Organization',0,0),
 (16,5,'email',1,0,0,3,NULL,NULL,'User and User Admin Only',0,0,NULL,NULL,NULL,'Email Address','Contact',0,0),
 (17,6,'household_name',1,0,1,2,NULL,NULL,'User and User Admin Only',0,0,NULL,NULL,NULL,'Household Name','Household',0,0),
 (18,6,'email',1,0,0,3,NULL,NULL,'User and User Admin Only',0,0,NULL,NULL,NULL,'Email Address','Contact',0,0),
 (19,7,'phone',1,0,1,1,NULL,NULL,'User and User Admin Only',0,0,1,1,NULL,'Home Phone','Contact',0,0),
 (20,7,'phone',1,0,1,2,NULL,NULL,'User and User Admin Only',0,0,1,2,NULL,'Home Mobile','Contact',0,0),
 (21,7,'street_address',1,0,1,3,NULL,NULL,'User and User Admin Only',0,0,NULL,NULL,NULL,'Primary Address','Contact',0,0),
 (22,7,'city',1,0,1,4,NULL,NULL,'User and User Admin Only',0,0,NULL,NULL,NULL,'City','Contact',0,0),
 (23,7,'state_province',1,0,1,5,NULL,NULL,'User and User Admin Only',0,0,NULL,NULL,NULL,'State','Contact',0,0),
 (24,7,'postal_code',1,0,1,6,NULL,NULL,'User and User Admin Only',0,0,NULL,NULL,NULL,'Postal Code','Contact',0,0),
 (25,7,'email',1,0,1,7,NULL,NULL,'User and User Admin Only',0,0,NULL,NULL,NULL,'Primary Email','Contact',0,0),
 (26,7,'group',1,0,1,8,NULL,NULL,'User and User Admin Only',0,0,NULL,NULL,NULL,'Groups','Contact',0,0),
 (27,7,'tag',1,0,1,9,NULL,NULL,'User and User Admin Only',0,0,NULL,NULL,NULL,'Tags','Contact',0,0),
 (28,7,'gender_id',1,0,1,10,NULL,NULL,'User and User Admin Only',0,0,NULL,NULL,NULL,'Gender','Individual',0,0),
 (29,7,'birth_date',1,0,1,11,NULL,NULL,'User and User Admin Only',0,0,NULL,NULL,NULL,'Date of Birth','Individual',0,0),
 (30,8,'street_address',1,0,1,1,NULL,NULL,'User and User Admin Only',0,0,1,NULL,NULL,'Street Address (Home)','Contact',1,0),
 (31,8,'city',1,0,1,2,NULL,NULL,'User and User Admin Only',0,0,1,NULL,NULL,'City (Home)','Contact',1,0),
 (32,8,'postal_code',1,0,0,3,NULL,NULL,'User and User Admin Only',0,0,1,NULL,NULL,'Postal Code (Home)','Contact',0,0),
 (33,8,'country',1,0,0,4,NULL,NULL,'User and User Admin Only',0,0,1,NULL,NULL,'Country (Home)','Contact',0,0),
 (34,8,'state_province',1,0,0,5,NULL,NULL,'User and User Admin Only',0,0,1,NULL,NULL,'State (Home)','Contact',0,0),
 (35,9,'organization_name',1,0,1,1,NULL,NULL,'User and User Admin Only',0,0,NULL,NULL,NULL,'Organization Name','Organization',0,0),
 (36,9,'phone',1,0,1,2,NULL,NULL,'User and User Admin Only',0,0,3,1,NULL,'Phone (Main) ','Contact',0,0),
 (37,9,'email',1,0,1,3,NULL,NULL,'User and User Admin Only',0,0,3,NULL,NULL,'Email (Main) ','Contact',0,0),
 (38,9,'street_address',1,0,1,4,NULL,NULL,'User and User Admin Only',0,0,3,NULL,NULL,'Street Address','Contact',0,0),
 (39,9,'city',1,0,1,5,NULL,NULL,'User and User Admin Only',0,0,3,NULL,NULL,'City','Contact',0,0),
 (40,9,'postal_code',1,0,1,6,NULL,NULL,'User and User Admin Only',0,0,3,NULL,NULL,'Postal Code','Contact',0,0),
 (41,9,'country',1,0,1,7,NULL,NULL,'User and User Admin Only',0,0,3,NULL,NULL,'Country','Contact',0,0),
 (42,9,'state_province',1,0,1,8,NULL,NULL,'User and User Admin Only',0,0,3,NULL,NULL,'State/Province','Contact',0,0),
 (43,10,'financial_type',1,0,0,1,NULL,NULL,'User and User Admin Only',0,0,NULL,NULL,NULL,'Financial Type','Contribution',1,0),
 (44,10,'total_amount',1,0,0,2,NULL,NULL,'User and User Admin Only',0,0,NULL,NULL,NULL,'Amount','Contribution',1,0),
 (45,10,'contribution_status_id',1,0,1,3,NULL,NULL,'User and User Admin Only',0,0,NULL,NULL,NULL,'Status','Contribution',1,0),
 (46,10,'receive_date',1,0,1,4,NULL,NULL,'User and User Admin Only',0,0,NULL,NULL,NULL,'Contribution Date','Contribution',1,0),
 (47,10,'contribution_source',1,0,0,5,NULL,NULL,'User and User Admin Only',0,0,NULL,NULL,NULL,'Contribution Source','Contribution',0,0),
 (48,10,'payment_instrument',1,0,0,6,NULL,NULL,'User and User Admin Only',0,0,NULL,NULL,NULL,'Payment Method','Contribution',0,0),
 (49,10,'contribution_check_number',1,0,0,7,NULL,NULL,'User and User Admin Only',0,0,NULL,NULL,NULL,'Check Number','Contribution',0,0),
 (50,10,'send_receipt',1,0,0,8,NULL,NULL,'User and User Admin Only',0,0,NULL,NULL,NULL,'Send Receipt','Contribution',0,0),
 (51,10,'invoice_id',1,0,0,9,NULL,NULL,'User and User Admin Only',0,0,NULL,NULL,NULL,'Invoice ID','Contribution',0,0),
 (52,10,'soft_credit',1,0,0,10,NULL,NULL,'User and User Admin Only',0,0,NULL,NULL,NULL,'Soft Credit','Contribution',0,0),
 (53,10,'soft_credit_type',1,0,0,11,NULL,NULL,'User and User Admin Only',0,0,NULL,NULL,NULL,'Soft Credit Type','Contribution',0,0),
 (54,11,'membership_type',1,0,1,1,NULL,NULL,'User and User Admin Only',0,0,NULL,NULL,NULL,'Membership Type','Membership',1,0),
 (55,11,'membership_join_date',1,0,1,2,NULL,NULL,'User and User Admin Only',0,0,NULL,NULL,NULL,'Member Since','Membership',1,0),
 (56,11,'membership_start_date',1,0,0,3,NULL,NULL,'User and User Admin Only',0,0,NULL,NULL,NULL,'Start Date','Membership',1,0),
 (57,11,'membership_end_date',1,0,0,4,NULL,NULL,'User and User Admin Only',0,0,NULL,NULL,NULL,'End Date','Membership',1,0),
 (58,11,'membership_source',1,0,0,5,NULL,NULL,'User and User Admin Only',0,0,NULL,NULL,NULL,'Membership Source','Membership',0,0),
 (59,11,'send_receipt',1,0,0,6,NULL,NULL,'User and User Admin Only',0,0,NULL,NULL,NULL,'Send Receipt','Membership',0,0),
 (60,11,'financial_type',1,0,0,7,NULL,NULL,'User and User Admin Only',0,0,NULL,NULL,NULL,'Financial Type','Membership',1,0),
 (61,11,'total_amount',1,0,0,8,NULL,NULL,'User and User Admin Only',0,0,NULL,NULL,NULL,'Amount','Membership',1,0),
 (62,11,'receive_date',1,0,1,9,NULL,NULL,'User and User Admin Only',0,0,NULL,NULL,NULL,'Contribution Date','Membership',1,0),
 (63,11,'payment_instrument',1,0,0,10,NULL,NULL,'User and User Admin Only',0,0,NULL,NULL,NULL,'Payment Method','Membership',0,0),
 (64,11,'contribution_check_number',1,0,0,11,NULL,NULL,'User and User Admin Only',0,0,NULL,NULL,NULL,'Check Number','Membership',0,0),
 (65,11,'contribution_status_id',1,0,1,12,NULL,NULL,'User and User Admin Only',0,0,NULL,NULL,NULL,'Payment Status','Membership',1,0),
 (66,11,'soft_credit',1,0,0,13,NULL,NULL,'User and User Admin Only',0,0,NULL,NULL,NULL,'Soft Credit','Membership',0,0),
 (67,11,'soft_credit_type',1,0,0,14,NULL,NULL,'User and User Admin Only',0,0,NULL,NULL,NULL,'Soft Credit Type','Membership',0,0),
 (68,12,'first_name',1,0,1,1,NULL,NULL,'User and User Admin Only',0,0,NULL,NULL,NULL,'First Name','Individual',0,0),
 (69,12,'last_name',1,0,1,2,NULL,NULL,'User and User Admin Only',0,0,NULL,NULL,NULL,'Last Name','Individual',0,0),
 (70,12,'email',1,0,1,3,NULL,NULL,'User and User Admin Only',0,0,NULL,NULL,NULL,'Email Address','Contact',0,0),
 (71,13,'prefix_id',1,0,0,1,NULL,NULL,'User and User Admin Only',0,0,NULL,NULL,NULL,'Individual Prefix','Individual',1,0),
 (72,13,'first_name',1,0,1,2,NULL,NULL,'User and User Admin Only',0,0,NULL,NULL,NULL,'First Name','Individual',1,0),
 (73,13,'last_name',1,0,1,3,NULL,NULL,'User and User Admin Only',0,0,NULL,NULL,NULL,'Last Name','Individual',1,0),
 (74,13,'email',1,0,0,4,NULL,NULL,'User and User Admin Only',0,0,1,NULL,NULL,'Email Address','Contact',1,0);
/*!40000 ALTER TABLE `civicrm_uf_field` ENABLE KEYS */;
UNLOCK TABLES;

--
-- Dumping data for table `civicrm_uf_group`
--

LOCK TABLES `civicrm_uf_group` WRITE;
/*!40000 ALTER TABLE `civicrm_uf_group` DISABLE KEYS */;
INSERT INTO `civicrm_uf_group` (`id`, `name`, `is_active`, `group_type`, `title`, `frontend_title`, `description`, `help_pre`, `help_post`, `limit_listings_group_id`, `post_url`, `add_to_group_id`, `add_captcha`, `is_map`, `is_edit_link`, `is_uf_link`, `is_update_dupe`, `cancel_url`, `is_cms_user`, `notify`, `is_reserved`, `created_id`, `created_date`, `is_proximity_search`, `cancel_button_text`, `submit_button_text`, `add_cancel_button`) VALUES
 (1,'name_and_address',1,'Individual,Contact','Name and Address','Name and Address',NULL,NULL,NULL,NULL,NULL,NULL,0,0,0,0,0,NULL,0,NULL,0,NULL,NULL,0,NULL,NULL,1),
 (2,'supporter_profile',1,'Individual,Contact','Supporter Profile','Supporter Profile',NULL,NULL,'<p><strong>The information you provide will NOT be shared with any third party organisations.</strong></p><p>Thank you for getting involved in our campaign!</p>',NULL,NULL,NULL,0,0,0,0,0,NULL,2,NULL,0,NULL,NULL,0,NULL,NULL,1),
 (3,'participant_status',1,'Participant','Participant Status','Participant Status',NULL,NULL,NULL,NULL,NULL,NULL,0,0,0,0,0,NULL,0,NULL,1,NULL,NULL,0,NULL,NULL,1),
 (4,'new_individual',1,'Individual,Contact','New Individual','New Individual',NULL,NULL,NULL,NULL,NULL,NULL,0,0,0,0,0,NULL,0,NULL,1,NULL,NULL,0,NULL,NULL,1),
 (5,'new_organization',1,'Organization,Contact','New Organization','New Organization',NULL,NULL,NULL,NULL,NULL,NULL,0,0,0,0,0,NULL,0,NULL,1,NULL,NULL,0,NULL,NULL,1),
 (6,'new_household',1,'Household,Contact','New Household','New Household',NULL,NULL,NULL,NULL,NULL,NULL,0,0,0,0,0,NULL,0,NULL,1,NULL,NULL,0,NULL,NULL,1),
 (7,'summary_overlay',1,'Contact','Summary Overlay','Summary Overlay',NULL,NULL,NULL,NULL,NULL,NULL,0,0,0,0,0,NULL,0,NULL,1,NULL,NULL,0,NULL,NULL,1),
 (8,'shared_address',1,'Contact','Shared Address','Shared Address',NULL,NULL,NULL,NULL,NULL,NULL,0,0,0,0,0,NULL,0,NULL,1,NULL,NULL,0,NULL,NULL,1),
 (9,'on_behalf_organization',1,'Contact,Organization','On Behalf Of Organization','On Behalf Of Organization',NULL,NULL,NULL,NULL,NULL,NULL,0,0,0,0,0,NULL,0,NULL,1,NULL,NULL,0,NULL,NULL,1),
 (10,'contribution_batch_entry',1,'Contribution','Contribution Bulk Entry','Contribution Bulk Entry',NULL,NULL,NULL,NULL,NULL,NULL,0,0,0,0,0,NULL,0,NULL,1,NULL,NULL,0,NULL,NULL,1),
 (11,'membership_batch_entry',1,'Membership','Membership Bulk Entry','Membership Bulk Entry',NULL,NULL,NULL,NULL,NULL,NULL,0,0,0,0,0,NULL,0,NULL,1,NULL,NULL,0,NULL,NULL,1),
 (12,'event_registration',1,'Individual,Contact','Your Registration Info','Your Registration Info',NULL,NULL,NULL,NULL,NULL,NULL,0,0,0,0,0,NULL,0,NULL,0,NULL,NULL,0,NULL,NULL,1),
 (13,'honoree_individual',1,'Individual,Contact','Honoree Individual','Honoree Individual',NULL,NULL,NULL,NULL,NULL,NULL,0,0,0,0,0,NULL,0,NULL,1,NULL,NULL,0,NULL,NULL,1);
/*!40000 ALTER TABLE `civicrm_uf_group` ENABLE KEYS */;
UNLOCK TABLES;

--
-- Dumping data for table `civicrm_uf_join`
--

LOCK TABLES `civicrm_uf_join` WRITE;
/*!40000 ALTER TABLE `civicrm_uf_join` DISABLE KEYS */;
INSERT INTO `civicrm_uf_join` (`id`, `is_active`, `module`, `entity_table`, `entity_id`, `weight`, `uf_group_id`, `module_data`) VALUES
 (1,1,'User Registration',NULL,NULL,1,1,NULL),
 (2,1,'User Account',NULL,NULL,1,1,NULL),
 (3,1,'Profile',NULL,NULL,1,1,NULL),
 (4,1,'Profile',NULL,NULL,2,2,NULL),
 (5,1,'Profile',NULL,NULL,11,12,NULL),
 (6,1,'CiviEvent','civicrm_event',6,1,12,NULL),
 (7,1,'CiviEvent','civicrm_event',1,1,12,NULL),
 (8,1,'CiviEvent','civicrm_event',3,1,12,NULL),
 (9,1,'CiviEvent','civicrm_event',4,1,12,NULL),
 (10,1,'CiviEvent','civicrm_event',5,1,12,NULL),
 (11,1,'CiviEvent','civicrm_event',2,1,12,NULL);
/*!40000 ALTER TABLE `civicrm_uf_join` ENABLE KEYS */;
UNLOCK TABLES;

--
-- Dumping data for table `civicrm_uf_match`
--

LOCK TABLES `civicrm_uf_match` WRITE;
/*!40000 ALTER TABLE `civicrm_uf_match` DISABLE KEYS */;
/*!40000 ALTER TABLE `civicrm_uf_match` ENABLE KEYS */;
UNLOCK TABLES;

--
-- Dumping data for table `civicrm_user_job`
--

LOCK TABLES `civicrm_user_job` WRITE;
/*!40000 ALTER TABLE `civicrm_user_job` DISABLE KEYS */;
/*!40000 ALTER TABLE `civicrm_user_job` ENABLE KEYS */;
UNLOCK TABLES;

--
-- Dumping data for table `civicrm_website`
--

LOCK TABLES `civicrm_website` WRITE;
/*!40000 ALTER TABLE `civicrm_website` DISABLE KEYS */;
INSERT INTO `civicrm_website` (`id`, `contact_id`, `url`, `website_type_id`) VALUES
 (1,78,'http://friendsdevelopmentservices.org',1),
 (2,10,'http://localliteracypartnership.org',1),
 (3,38,'http://globaldevelopment.org',1),
 (4,160,'http://dowlenmusicfellowship.org',1),
 (5,64,'http://floridafund.org',1),
 (6,157,'http://urbanhealth.org',1),
 (7,111,'http://plattevillearts.org',1),
 (8,79,'http://gordonvilleacademy.org',1),
 (9,21,'http://creativetechnologyinitiative.org',1),
 (10,90,'http://communityassociation.org',1),
 (11,146,'http://californiapeace.org',1),
 (12,126,'http://progressivearts.org',1),
 (13,101,'http://bayactionservices.org',1),
 (14,5,'http://pinesports.org',1),
 (15,36,'http://uniteddevelopment.org',1),
 (16,122,'http://pinepartners.org',1),
 (17,135,'http://lincolnliteracy.org',1),
 (18,190,'http://localdevelopment.org',1);
/*!40000 ALTER TABLE `civicrm_website` ENABLE KEYS */;
UNLOCK TABLES;

--
-- Dumping data for table `civicrm_word_replacement`
--

LOCK TABLES `civicrm_word_replacement` WRITE;
/*!40000 ALTER TABLE `civicrm_word_replacement` DISABLE KEYS */;
/*!40000 ALTER TABLE `civicrm_word_replacement` ENABLE KEYS */;
UNLOCK TABLES;

--
-- Dumping data for table `civicrm_worldregion`
--

LOCK TABLES `civicrm_worldregion` WRITE;
/*!40000 ALTER TABLE `civicrm_worldregion` DISABLE KEYS */;
INSERT INTO `civicrm_worldregion` (`id`, `name`) VALUES
 (1,'Europe and Central Asia'),
 (2,'America South, Central, North and Caribbean'),
 (3,'Middle East and North Africa'),
 (4,'Asia-Pacific'),
 (5,'Africa West, East, Central and Southern'),
 (99,'unassigned');
/*!40000 ALTER TABLE `civicrm_worldregion` ENABLE KEYS */;
UNLOCK TABLES;
/*!40103 SET TIME_ZONE=@OLD_TIME_ZONE */;

/*!40101 SET SQL_MODE=@OLD_SQL_MODE */;
/*!40014 SET FOREIGN_KEY_CHECKS=@OLD_FOREIGN_KEY_CHECKS */;
/*!40101 SET CHARACTER_SET_CLIENT=@OLD_CHARACTER_SET_CLIENT */;
/*!40101 SET CHARACTER_SET_RESULTS=@OLD_CHARACTER_SET_RESULTS */;
/*!40101 SET COLLATION_CONNECTION=@OLD_COLLATION_CONNECTION */;
/*!40111 SET SQL_NOTES=@OLD_SQL_NOTES */;

-- Dump completed on 2024-06-23 22:14:53
-- +--------------------------------------------------------------------+
-- | Copyright CiviCRM LLC. All rights reserved.                        |
-- |                                                                    |
-- | This work is published under the GNU AGPLv3 license with some      |
-- | permitted exceptions and without any warranty. For full license    |
-- | and copyright information, see https://civicrm.org/licensing       |
-- +--------------------------------------------------------------------+


-- /*******************************************************
-- *
-- * Sample Custom Data
-- *
-- *******************************************************/

-- /*******************************************************
-- *
-- * create custom group
-- *
-- *******************************************************/
INSERT INTO `civicrm_custom_group` (`name`, `title`, `extends`, `style`, `collapse_display`, `help_pre`, `weight`, `is_active`, `table_name`, `is_multiple`)
VALUES
 ( 'constituent_information', 'Constituent Information', 'Individual', 'Inline', 1, 'Please enter additional constituent information as data becomes available for this contact.', 1, 1,'civicrm_value_constituent_information_1', 0);



-- /*******************************************************
-- *
-- * create option group for storing custom options for custom fields
-- *
-- *******************************************************/
INSERT INTO  `civicrm_option_group` (`name`, `title`, `is_reserved`, `is_active`)
VALUES
 ('custom_most_important_issue', 'Most Important Issue', 0, 1),
       ( 'custom_marital_status', 'Marital Status', 1, 1);

SELECT @option_most_id    := max(id) from civicrm_option_group where name = 'custom_most_important_issue';
SELECT @option_marital_id := max(id) from civicrm_option_group where name = 'custom_marital_status';



-- /*******************************************************
-- *
-- * create option values (custom options for custom fields)
-- *
-- *******************************************************/
INSERT INTO `civicrm_option_value` (`option_group_id`, `label`, `name`, `value`, `weight`, `is_active`, `is_default`)
  VALUES
 (@option_most_id   , 'Education', 'Education', 'Edu', 1, 1,0),
         (@option_most_id   , 'Environment', 'Environment', 'Env', 2, 1,0),
         (@option_most_id   , 'Social Justice', 'Social_Justice', 'SocJus', 3, 1,0),
         (@option_marital_id, 'Single', 'Single', 'S', 1, 1,0),
         (@option_marital_id, 'Married', 'Married', 'M', 2, 1,0),
         (@option_marital_id, 'Domestic Partner', 'Domestic_Partner', 'D', 3, 1,0),
         (@option_marital_id, 'Widowed', 'Widowed', 'W', 4, 1,0),
         (@option_marital_id, 'Other', 'Other', 'O', 5, 1,0);


-- /*******************************************************
-- *
-- * create custom field
-- *
-- *******************************************************/
INSERT INTO `civicrm_custom_field` (`custom_group_id`, `name`, `label`, `data_type`, `html_type`, `text_length`, `is_required`, `weight`, `help_post`, `is_active`, `is_view`, `is_searchable`, `options_per_line`, `column_name`, `option_group_id`, `start_date_years`, `end_date_years`, `date_format`, `time_format` )
  VALUES
 (1, 'Most_Important_Issue', 'Most Important Issue', 'String', 'Radio', 255, 0, 1, '', 1, 0, 1, NULL, 'most_important_issue_1', @option_most_id, NULL, NULL, NULL, NULL),
         (1, 'Marital_Status', 'Marital Status', 'String', 'Select', 255, 0, 2, '', 1, 0, 1, NULL, 'marital_status_2', @option_marital_id, NULL, NULL, NULL, NULL),
         (1, 'Marriage_Date', 'Marriage Date', 'Date', 'Select Date', NULL, 0, 3, '', 1, 0, 1, NULL, 'marriage_date_3', NULL, 30, 0, 'mm/dd/yy', 0);


-- /*******************************************************
-- *
-- * create table to store custom values of a custom group
-- *
-- *******************************************************/
DROP TABLE IF EXISTS `civicrm_value_constituent_information_1`;
CREATE TABLE `civicrm_value_constituent_information_1` (`id` int(10) unsigned NOT NULL auto_increment, `entity_id` int(10) unsigned NOT NULL,  `most_important_issue_1` varchar(255) default NULL,  `marital_status_2` varchar(255) default NULL, `marriage_date_3` datetime default NULL, PRIMARY KEY  (`id`), UNIQUE KEY `unique_entity_id` (`entity_id`), INDEX `INDEX_most_important_issue_1` (`most_important_issue_1`), INDEX `INDEX_marital_status_2` (`marital_status_2`), INDEX `INDEX_marriage_date_3` (`marriage_date_3`), CONSTRAINT `FK_civicrm_value_constituent_information_1_entity_id` FOREIGN KEY (`entity_id`) REFERENCES `civicrm_contact` (`id`) ON DELETE CASCADE) ENGINE=InnoDB DEFAULT CHARSET=utf8mb4 COLLATE=utf8mb4_unicode_ci ROW_FORMAT=DYNAMIC;



-- Fall Fundraiser Dinner participants custom data

INSERT INTO  `civicrm_option_group` (`name`, `title`, `is_reserved`, `is_active`)
  VALUES  ('soup_selection', 'Soup Selection', 0, 1);
SELECT @ogid := MAX(id) FROM civicrm_option_group;

INSERT INTO `civicrm_custom_group` (`name`, `title`, `extends`, `extends_entity_column_id`, `extends_entity_column_value`, `style`, `is_active`, `table_name`, `weight`)
  VALUES
 ('Food_Preference', 'Food Preference', 'Participant', 2, '1', 'Inline', 1, 'civicrm_value_food_preference_2', 2);
SELECT @cgid := MAX(id) FROM civicrm_custom_group;

INSERT INTO civicrm_custom_field ( custom_group_id, label, name, data_type, html_type, is_active, text_length, note_columns, note_rows, column_name, option_group_id, is_searchable ) VALUES  ( @cgid, 'Soup Selection', 'Soup_Selection', 'String',  'Radio',   1,  255, 60, 4, 'soup_selection_4', @ogid, 1);

INSERT INTO civicrm_option_value ( option_group_id, label, value, name, weight )
  VALUES
 ( @ogid, 'Bean Broth', 'bean', 'Bean_Broth', 1 ),
         ( @ogid, 'Chicken Combo', 'chicken', 'Chicken_Combo', 2),
         ( @ogid, 'Salmon Stew',  'salmon', 'Salmon_Stew',   3);

DROP TABLE IF EXISTS `civicrm_value_food_preference_2`;
CREATE TABLE civicrm_value_food_preference_2 ( id INT(10) UNSIGNED NOT NULL AUTO_INCREMENT COMMENT 'Default MySQL primary key', entity_id INT(10) UNSIGNED NOT NULL COMMENT 'Table that this extends', soup_selection_4 VARCHAR(255) DEFAULT NULL, PRIMARY KEY (id), UNIQUE KEY unique_entity_id (entity_id), CONSTRAINT `FK_civicrm_value_food_preference_2_entity_id` FOREIGN KEY (`entity_id`) REFERENCES `civicrm_participant` (`id`) ON DELETE CASCADE ) ENGINE=InnoDB DEFAULT CHARSET=utf8mb4 COLLATE=utf8mb4_unicode_ci ROW_FORMAT=DYNAMIC;

-- Donors custom data

INSERT INTO `civicrm_custom_group` (`name`, `title`, `extends`, `extends_entity_column_id`, `extends_entity_column_value`, `style`, `is_active`, `table_name`, `weight`)
  VALUES
 ('Donor_Information', 'Donor Information', 'Contribution', NULL, NULL, 'Inline', 1, 'civicrm_value_donor_information_3', 3);

SELECT @cgid_contribution := MAX(id) FROM civicrm_custom_group;

INSERT INTO  `civicrm_option_group` (`name`, `title`, `is_reserved`, `is_active`)
  VALUES
 ('how_long_have_you_been_a_donor', 'How long have you been a donor?', 0, 1);

SELECT @ogid_contribution := MAX(id) FROM civicrm_option_group;

INSERT INTO `civicrm_custom_field` (`custom_group_id`, `label`, `name`, `data_type`, `html_type`, `is_active`,  `text_length`,`note_columns`, `note_rows`, `column_name`, `option_group_id`) VALUES
 (@cgid_contribution, 'Known areas of interest', 'Known_areas_of_interest', 'Memo', 'TextArea', 1, 255, 60, 4, 'known_areas_of_interest_5', NULL),
 (@cgid_contribution, 'How long have you been a donor?', 'How_long_have_you_been_a_donor_', 'String', 'Radio', 1, 255, 60, 4, 'how_long_have_you_been_a_donor_6', @ogid_contribution);

INSERT INTO `civicrm_option_value` (`option_group_id`, `label`, `value`, `name`, `weight`) VALUES
 (@ogid_contribution, 'Less than 1 year', '1', 'Less_than_1_year', 1),
 (@ogid_contribution, '1-3 years', '2', '1_3_years', 2),
 (@ogid_contribution, '4-6 years', '3', '4_6_years', 3),
 (@ogid_contribution, '7-9 years', '4', '7_9_years', 4),
 (@ogid_contribution, 'More than 9 years', '5', 'More_than_9_years', 5);

DROP TABLE IF EXISTS `civicrm_value_donor_information_3`;
CREATE TABLE IF NOT EXISTS `civicrm_value_donor_information_3` ( `id` int(10) unsigned NOT NULL AUTO_INCREMENT COMMENT 'Default MySQL primary key',  `entity_id` int(10) unsigned NOT NULL COMMENT 'Table that this extends', `known_areas_of_interest_5` text COLLATE utf8mb4_unicode_ci, `how_long_have_you_been_a_donor_6` varchar(255) COLLATE utf8mb4_unicode_ci DEFAULT NULL, PRIMARY KEY (`id`), UNIQUE KEY `unique_entity_id` (`entity_id`) ) ENGINE=InnoDB DEFAULT CHARSET=utf8mb4 COLLATE=utf8mb4_unicode_ci ROW_FORMAT=DYNAMIC;
SELECT @pptype := id FROM civicrm_payment_processor_type WHERE name='Dummy';

INSERT INTO `civicrm_payment_processor` (`domain_id`, `name`, `title`, `frontend_title`, `description`, `payment_processor_type_id`, `is_active`, `is_default`, `is_test`, `user_name`, `password`, `signature`, `url_site`, `url_api`, `url_recur`, `url_button`, `subject`, `class_name`, `billing_mode`, `is_recur`, `payment_type`) VALUES
 (1, 'Test Processor', 'Test Processor', 'Test Processor', '', @pptype, 1, 1, 0, 'dummy', NULL, NULL, 'http://dummy.com', NULL, 'http://dummyrecur.com', NULL, NULL, 'Payment_Dummy', 1, 1, 1);
INSERT INTO `civicrm_payment_processor` (`domain_id`, `name`, `title`, `frontend_title`,  `description`, `payment_processor_type_id`, `is_active`, `is_default`, `is_test`, `user_name`, `password`, `signature`, `url_site`, `url_api`, `url_recur`, `url_button`, `subject`, `class_name`, `billing_mode`, `is_recur`, `payment_type`) VALUES
 (1, 'Test Processor', 'Test Processor', 'Test Processor', '', @pptype, 1, 1, 1, NULL, NULL, NULL, NULL, NULL, NULL, NULL, NULL, 'Payment_Dummy', 1, 1, 1);

SELECT @dp            := max(id) from civicrm_payment_processor where name = 'Test Processor' AND is_test = 0;
SELECT @dpTest        := max(id) from civicrm_payment_processor where name = 'Test Processor' AND is_test = 1;

INSERT INTO `civicrm_entity_financial_account` (`entity_table`, `entity_id`, `account_relationship`, `financial_account_id`) VALUES
 ('civicrm_payment_processor', @dp, 6, 12);
INSERT INTO `civicrm_entity_financial_account` (`entity_table`, `entity_id`, `account_relationship`, `financial_account_id`) VALUES
 ('civicrm_payment_processor', @dpTest, 6, 12);

UPDATE  `civicrm_contribution_page` SET payment_processor = @dp;

UPDATE  `civicrm_event` SET payment_processor = @dp;

UPDATE `civicrm_financial_trxn` SET payment_processor_id = @dp WHERE trxn_id IS NOT NULL;
