-- MySQL dump 10.13  Distrib 5.1.63, for apple-darwin11.4.0 (i386)
--
-- Host: localhost    Database: civicrm_45
-- ------------------------------------------------------
-- Server version	5.1.63-log

/*!40101 SET @OLD_CHARACTER_SET_CLIENT=@@CHARACTER_SET_CLIENT */;
/*!40101 SET @OLD_CHARACTER_SET_RESULTS=@@CHARACTER_SET_RESULTS */;
/*!40101 SET @OLD_COLLATION_CONNECTION=@@COLLATION_CONNECTION */;
/*!40101 SET NAMES utf8 */;
/*!40103 SET @OLD_TIME_ZONE=@@TIME_ZONE */;
/*!40103 SET TIME_ZONE='+00:00' */;
/*!40014 SET @OLD_UNIQUE_CHECKS=@@UNIQUE_CHECKS, UNIQUE_CHECKS=0 */;
/*!40014 SET @OLD_FOREIGN_KEY_CHECKS=@@FOREIGN_KEY_CHECKS, FOREIGN_KEY_CHECKS=0 */;
/*!40101 SET @OLD_SQL_MODE=@@SQL_MODE, SQL_MODE='NO_AUTO_VALUE_ON_ZERO' */;
/*!40111 SET @OLD_SQL_NOTES=@@SQL_NOTES, SQL_NOTES=0 */;

--
-- Dumping data for table `civicrm_acl`
--

LOCK TABLES `civicrm_acl` WRITE;
/*!40000 ALTER TABLE `civicrm_acl` DISABLE KEYS */;
INSERT INTO `civicrm_acl` (`id`, `name`, `deny`, `entity_table`, `entity_id`, `operation`, `object_table`, `object_id`, `acl_table`, `acl_id`, `is_active`) VALUES (1,'Edit All Contacts',0,'civicrm_acl_role',1,'Edit','civicrm_saved_search',0,NULL,NULL,1),(2,'Core ACL',0,'civicrm_acl_role',0,'All','access CiviMail subscribe/unsubscribe pages',NULL,NULL,NULL,1),(3,'Core ACL',0,'civicrm_acl_role',0,'All','access all custom data',NULL,NULL,NULL,1),(4,'Core ACL',0,'civicrm_acl_role',0,'All','make online contributions',NULL,NULL,NULL,1),(5,'Core ACL',0,'civicrm_acl_role',0,'All','make online pledges',NULL,NULL,NULL,1),(6,'Core ACL',0,'civicrm_acl_role',0,'All','profile listings and forms',NULL,NULL,NULL,1),(7,'Core ACL',0,'civicrm_acl_role',0,'All','view event info',NULL,NULL,NULL,1),(8,'Core ACL',0,'civicrm_acl_role',0,'All','register for events',NULL,NULL,NULL,1),(9,'Core ACL',0,'civicrm_acl_role',1,'All','access CiviCRM',NULL,NULL,NULL,1),(10,'Core ACL',0,'civicrm_acl_role',1,'All','access CiviContribute',NULL,NULL,NULL,1),(11,'Core ACL',0,'civicrm_acl_role',1,'All','access CiviEvent',NULL,NULL,NULL,1),(12,'Core ACL',0,'civicrm_acl_role',1,'All','access CiviMail',NULL,NULL,NULL,1),(13,'Core ACL',0,'civicrm_acl_role',1,'All','access CiviMail subscribe/unsubscribe pages',NULL,NULL,NULL,1),(14,'Core ACL',0,'civicrm_acl_role',1,'All','access CiviMember',NULL,NULL,NULL,1),(15,'Core ACL',0,'civicrm_acl_role',1,'All','access CiviPledge',NULL,NULL,NULL,1),(16,'Core ACL',0,'civicrm_acl_role',1,'All','administer CiviCase',NULL,NULL,NULL,1),(17,'Core ACL',0,'civicrm_acl_role',1,'All','access my cases and activities',NULL,NULL,NULL,1),(18,'Core ACL',0,'civicrm_acl_role',1,'All','access all cases and activities',NULL,NULL,NULL,1),(19,'Core ACL',0,'civicrm_acl_role',1,'All','delete in CiviCase',NULL,NULL,NULL,1),(20,'Core ACL',0,'civicrm_acl_role',1,'All','access CiviGrant',NULL,NULL,NULL,1),(21,'Core ACL',0,'civicrm_acl_role',1,'All','access Contact Dashboard',NULL,NULL,NULL,1),(22,'Core ACL',0,'civicrm_acl_role',1,'All','administer Multiple Organizations',NULL,NULL,NULL,1),(23,'Core ACL',0,'civicrm_acl_role',1,'All','delete activities',NULL,NULL,NULL,1),(24,'Core ACL',0,'civicrm_acl_role',1,'All','delete in CiviContribute',NULL,NULL,NULL,1),(25,'Core ACL',0,'civicrm_acl_role',1,'All','delete in CiviMail',NULL,NULL,NULL,1),(26,'Core ACL',0,'civicrm_acl_role',1,'All','delete in CiviPledge',NULL,NULL,NULL,1),(27,'Core ACL',0,'civicrm_acl_role',1,'All','delete contacts',NULL,NULL,NULL,1),(28,'Core ACL',0,'civicrm_acl_role',1,'All','delete in CiviEvent',NULL,NULL,NULL,1),(29,'Core ACL',0,'civicrm_acl_role',1,'All','delete in CiviMember',NULL,NULL,NULL,1),(30,'Core ACL',0,'civicrm_acl_role',1,'All','translate CiviCRM',NULL,NULL,NULL,1),(31,'Core ACL',0,'civicrm_acl_role',1,'All','edit grants',NULL,NULL,NULL,1),(32,'Core ACL',0,'civicrm_acl_role',1,'All','access all custom data',NULL,NULL,NULL,1),(33,'Core ACL',0,'civicrm_acl_role',1,'All','access uploaded files',NULL,NULL,NULL,1),(34,'Core ACL',0,'civicrm_acl_role',1,'All','add contacts',NULL,NULL,NULL,1),(35,'Core ACL',0,'civicrm_acl_role',1,'All','administer CiviCRM',NULL,NULL,NULL,1),(36,'Core ACL',0,'civicrm_acl_role',1,'All','edit all contacts',NULL,NULL,NULL,1),(37,'Core ACL',0,'civicrm_acl_role',1,'All','edit contributions',NULL,NULL,NULL,1),(38,'Core ACL',0,'civicrm_acl_role',1,'All','edit event participants',NULL,NULL,NULL,1),(39,'Core ACL',0,'civicrm_acl_role',1,'All','edit groups',NULL,NULL,NULL,1),(40,'Core ACL',0,'civicrm_acl_role',1,'All','edit memberships',NULL,NULL,NULL,1),(41,'Core ACL',0,'civicrm_acl_role',1,'All','edit pledges',NULL,NULL,NULL,1),(42,'Core ACL',0,'civicrm_acl_role',1,'All','access CiviReport',NULL,NULL,NULL,1),(43,'Core ACL',0,'civicrm_acl_role',1,'All','access Report Criteria',NULL,NULL,NULL,1),(44,'Core ACL',0,'civicrm_acl_role',1,'All','administer Reports',NULL,NULL,NULL,1),(45,'Core ACL',0,'civicrm_acl_role',1,'All','import contacts',NULL,NULL,NULL,1),(46,'Core ACL',0,'civicrm_acl_role',1,'All','make online contributions',NULL,NULL,NULL,1),(47,'Core ACL',0,'civicrm_acl_role',1,'All','make online pledges',NULL,NULL,NULL,1),(48,'Core ACL',0,'civicrm_acl_role',1,'All','profile listings and forms',NULL,NULL,NULL,1),(49,'Core ACL',0,'civicrm_acl_role',1,'All','profile create',NULL,NULL,NULL,1),(50,'Core ACL',0,'civicrm_acl_role',1,'All','profile edit',NULL,NULL,NULL,1),(51,'Core ACL',0,'civicrm_acl_role',1,'All','profile listings',NULL,NULL,NULL,1),(52,'Core ACL',0,'civicrm_acl_role',1,'All','profile view',NULL,NULL,NULL,1),(53,'Core ACL',0,'civicrm_acl_role',1,'All','register for events',NULL,NULL,NULL,1),(54,'Core ACL',0,'civicrm_acl_role',1,'All','view all activities',NULL,NULL,NULL,1),(55,'Core ACL',0,'civicrm_acl_role',1,'All','view all contacts',NULL,NULL,NULL,1),(56,'Core ACL',0,'civicrm_acl_role',1,'All','view event info',NULL,NULL,NULL,1),(57,'Core ACL',0,'civicrm_acl_role',1,'All','view event participants',NULL,NULL,NULL,1),(58,'Core ACL',0,'civicrm_acl_role',1,'All','edit all events',NULL,NULL,NULL,1),(59,'Core ACL',0,'civicrm_acl_role',2,'All','access CiviMail subscribe/unsubscribe pages',NULL,NULL,NULL,1),(60,'Core ACL',0,'civicrm_acl_role',2,'All','access all custom data',NULL,NULL,NULL,1),(61,'Core ACL',0,'civicrm_acl_role',2,'All','make online contributions',NULL,NULL,NULL,1),(62,'Core ACL',0,'civicrm_acl_role',2,'All','make online pledges',NULL,NULL,NULL,1),(63,'Core ACL',0,'civicrm_acl_role',2,'All','profile listings and forms',NULL,NULL,NULL,1),(64,'Core ACL',0,'civicrm_acl_role',2,'All','register for events',NULL,NULL,NULL,1),(65,'Core ACL',0,'civicrm_acl_role',2,'All','view event info',NULL,NULL,NULL,1);
/*!40000 ALTER TABLE `civicrm_acl` ENABLE KEYS */;
UNLOCK TABLES;

--
-- Dumping data for table `civicrm_acl_cache`
--

LOCK TABLES `civicrm_acl_cache` WRITE;
/*!40000 ALTER TABLE `civicrm_acl_cache` DISABLE KEYS */;
/*!40000 ALTER TABLE `civicrm_acl_cache` ENABLE KEYS */;
UNLOCK TABLES;

--
-- Dumping data for table `civicrm_acl_contact_cache`
--

LOCK TABLES `civicrm_acl_contact_cache` WRITE;
/*!40000 ALTER TABLE `civicrm_acl_contact_cache` DISABLE KEYS */;
/*!40000 ALTER TABLE `civicrm_acl_contact_cache` ENABLE KEYS */;
UNLOCK TABLES;

--
-- Dumping data for table `civicrm_acl_entity_role`
--

LOCK TABLES `civicrm_acl_entity_role` WRITE;
/*!40000 ALTER TABLE `civicrm_acl_entity_role` DISABLE KEYS */;
INSERT INTO `civicrm_acl_entity_role` (`id`, `acl_role_id`, `entity_table`, `entity_id`, `is_active`) VALUES (1,1,'civicrm_group',1,1);
/*!40000 ALTER TABLE `civicrm_acl_entity_role` ENABLE KEYS */;
UNLOCK TABLES;

--
-- Dumping data for table `civicrm_action_log`
--

LOCK TABLES `civicrm_action_log` WRITE;
/*!40000 ALTER TABLE `civicrm_action_log` DISABLE KEYS */;
/*!40000 ALTER TABLE `civicrm_action_log` ENABLE KEYS */;
UNLOCK TABLES;

--
-- Dumping data for table `civicrm_action_mapping`
--

LOCK TABLES `civicrm_action_mapping` WRITE;
/*!40000 ALTER TABLE `civicrm_action_mapping` DISABLE KEYS */;
INSERT INTO `civicrm_action_mapping` (`id`, `entity`, `entity_value`, `entity_value_label`, `entity_status`, `entity_status_label`, `entity_date_start`, `entity_date_end`, `entity_recipient`) VALUES (1,'civicrm_activity','activity_type','Activity Type','activity_status','Activity Status','activity_date_time',NULL,'activity_contacts'),(2,'civicrm_participant','event_type','Event Type','civicrm_participant_status_type','Participant Status','event_start_date','event_end_date','event_contacts'),(3,'civicrm_participant','civicrm_event','Event Name','civicrm_participant_status_type','Participant Status','event_start_date','event_end_date','event_contacts'),(4,'civicrm_membership','civicrm_membership_type','Membership Type','auto_renew_options','Auto Renew Options','membership_join_date','membership_end_date',NULL),(5,'civicrm_participant','event_template','Event Template','civicrm_participant_status_type','Participant Status','event_start_date','event_end_date','event_contacts');
/*!40000 ALTER TABLE `civicrm_action_mapping` ENABLE KEYS */;
UNLOCK TABLES;

--
-- Dumping data for table `civicrm_action_schedule`
--

LOCK TABLES `civicrm_action_schedule` WRITE;
/*!40000 ALTER TABLE `civicrm_action_schedule` DISABLE KEYS */;
/*!40000 ALTER TABLE `civicrm_action_schedule` ENABLE KEYS */;
UNLOCK TABLES;

--
-- Dumping data for table `civicrm_activity`
--

LOCK TABLES `civicrm_activity` WRITE;
/*!40000 ALTER TABLE `civicrm_activity` DISABLE KEYS */;
INSERT INTO `civicrm_activity` (`id`, `source_record_id`, `activity_type_id`, `subject`, `activity_date_time`, `duration`, `location`, `phone_id`, `phone_number`, `details`, `status_id`, `priority_id`, `parent_id`, `is_test`, `medium_id`, `is_auto`, `relationship_id`, `is_current_revision`, `original_id`, `result`, `is_deleted`, `campaign_id`, `engagement_level`, `weight`) VALUES (1,NULL,10,'Subject for Pledge Acknowledgment','2014-01-05 07:38:29',2,NULL,NULL,NULL,NULL,2,NULL,NULL,0,NULL,0,NULL,1,NULL,NULL,0,NULL,NULL,NULL),(2,NULL,10,'Subject for Pledge Acknowledgment','2013-06-14 01:27:46',4,NULL,NULL,NULL,NULL,2,NULL,NULL,0,NULL,0,NULL,1,NULL,NULL,0,NULL,NULL,NULL),(3,NULL,10,'Subject for Pledge Acknowledgment','2013-10-05 07:45:01',4,NULL,NULL,NULL,NULL,2,NULL,NULL,0,NULL,0,NULL,1,NULL,NULL,0,NULL,NULL,NULL),(4,NULL,8,'Subject for Membership Renewal','2013-11-28 06:19:44',3,NULL,NULL,NULL,NULL,2,NULL,NULL,0,NULL,0,NULL,1,NULL,NULL,0,NULL,NULL,NULL),(5,NULL,8,'Subject for Membership Renewal','2013-08-25 08:38:23',1,NULL,NULL,NULL,NULL,2,NULL,NULL,0,NULL,0,NULL,1,NULL,NULL,0,NULL,NULL,NULL),(6,NULL,7,'Subject for Membership Signup','2013-11-25 12:25:51',4,NULL,NULL,NULL,NULL,2,NULL,NULL,0,NULL,0,NULL,1,NULL,NULL,0,NULL,NULL,NULL),(7,NULL,7,'Subject for Membership Signup','2013-12-08 08:44:01',5,NULL,NULL,NULL,NULL,2,NULL,NULL,0,NULL,0,NULL,1,NULL,NULL,0,NULL,NULL,NULL),(8,NULL,7,'Subject for Membership Signup','2013-07-24 11:33:04',1,NULL,NULL,NULL,NULL,2,NULL,NULL,0,NULL,0,NULL,1,NULL,NULL,0,NULL,NULL,NULL),(9,NULL,9,'Subject for Tell a Friend','2013-09-17 08:58:30',4,NULL,NULL,NULL,NULL,2,NULL,NULL,0,NULL,0,NULL,1,NULL,NULL,0,NULL,NULL,NULL),(10,NULL,8,'Subject for Membership Renewal','2013-10-19 04:32:54',3,NULL,NULL,NULL,NULL,2,NULL,NULL,0,NULL,0,NULL,1,NULL,NULL,0,NULL,NULL,NULL),(11,NULL,10,'Subject for Pledge Acknowledgment','2014-02-06 10:33:25',4,NULL,NULL,NULL,NULL,2,NULL,NULL,0,NULL,0,NULL,1,NULL,NULL,0,NULL,NULL,NULL),(12,NULL,7,'Subject for Membership Signup','2014-03-11 04:38:54',4,NULL,NULL,NULL,NULL,2,NULL,NULL,0,NULL,0,NULL,1,NULL,NULL,0,NULL,NULL,NULL),(13,NULL,8,'Subject for Membership Renewal','2013-07-02 03:14:01',5,NULL,NULL,NULL,NULL,2,NULL,NULL,0,NULL,0,NULL,1,NULL,NULL,0,NULL,NULL,NULL),(14,NULL,7,'Subject for Membership Signup','2014-04-16 03:50:02',3,NULL,NULL,NULL,NULL,2,NULL,NULL,0,NULL,0,NULL,1,NULL,NULL,0,NULL,NULL,NULL),(15,NULL,9,'Subject for Tell a Friend','2013-10-19 02:57:12',5,NULL,NULL,NULL,NULL,2,NULL,NULL,0,NULL,0,NULL,1,NULL,NULL,0,NULL,NULL,NULL),(16,NULL,9,'Subject for Tell a Friend','2013-08-14 10:34:14',5,NULL,NULL,NULL,NULL,2,NULL,NULL,0,NULL,0,NULL,1,NULL,NULL,0,NULL,NULL,NULL),(17,NULL,9,'Subject for Tell a Friend','2014-01-11 01:52:50',6,NULL,NULL,NULL,NULL,2,NULL,NULL,0,NULL,0,NULL,1,NULL,NULL,0,NULL,NULL,NULL),(18,NULL,7,'Subject for Membership Signup','2013-06-28 01:54:00',2,NULL,NULL,NULL,NULL,2,NULL,NULL,0,NULL,0,NULL,1,NULL,NULL,0,NULL,NULL,NULL),(19,NULL,9,'Subject for Tell a Friend','2013-07-03 12:59:51',3,NULL,NULL,NULL,NULL,2,NULL,NULL,0,NULL,0,NULL,1,NULL,NULL,0,NULL,NULL,NULL),(20,NULL,8,'Subject for Membership Renewal','2014-02-12 07:15:15',2,NULL,NULL,NULL,NULL,2,NULL,NULL,0,NULL,0,NULL,1,NULL,NULL,0,NULL,NULL,NULL),(21,NULL,10,'Subject for Pledge Acknowledgment','2014-04-08 09:44:51',1,NULL,NULL,NULL,NULL,2,NULL,NULL,0,NULL,0,NULL,1,NULL,NULL,0,NULL,NULL,NULL),(22,NULL,9,'Subject for Tell a Friend','2014-04-14 10:04:36',5,NULL,NULL,NULL,NULL,2,NULL,NULL,0,NULL,0,NULL,1,NULL,NULL,0,NULL,NULL,NULL),(23,NULL,7,'Subject for Membership Signup','2013-09-04 10:47:43',5,NULL,NULL,NULL,NULL,2,NULL,NULL,0,NULL,0,NULL,1,NULL,NULL,0,NULL,NULL,NULL),(24,NULL,8,'Subject for Membership Renewal','2014-04-02 09:54:08',5,NULL,NULL,NULL,NULL,2,NULL,NULL,0,NULL,0,NULL,1,NULL,NULL,0,NULL,NULL,NULL),(25,NULL,10,'Subject for Pledge Acknowledgment','2014-02-10 12:22:22',2,NULL,NULL,NULL,NULL,2,NULL,NULL,0,NULL,0,NULL,1,NULL,NULL,0,NULL,NULL,NULL),(26,NULL,9,'Subject for Tell a Friend','2013-12-30 04:37:07',1,NULL,NULL,NULL,NULL,2,NULL,NULL,0,NULL,0,NULL,1,NULL,NULL,0,NULL,NULL,NULL),(27,NULL,7,'Subject for Membership Signup','2013-11-18 02:39:44',3,NULL,NULL,NULL,NULL,2,NULL,NULL,0,NULL,0,NULL,1,NULL,NULL,0,NULL,NULL,NULL),(28,NULL,10,'Subject for Pledge Acknowledgment','2014-01-11 12:01:46',3,NULL,NULL,NULL,NULL,2,NULL,NULL,0,NULL,0,NULL,1,NULL,NULL,0,NULL,NULL,NULL),(29,NULL,8,'Subject for Membership Renewal','2013-09-24 12:27:06',4,NULL,NULL,NULL,NULL,2,NULL,NULL,0,NULL,0,NULL,1,NULL,NULL,0,NULL,NULL,NULL),(30,NULL,7,'Subject for Membership Signup','2013-12-21 03:09:46',1,NULL,NULL,NULL,NULL,2,NULL,NULL,0,NULL,0,NULL,1,NULL,NULL,0,NULL,NULL,NULL),(31,NULL,10,'Subject for Pledge Acknowledgment','2013-11-23 05:49:31',1,NULL,NULL,NULL,NULL,2,NULL,NULL,0,NULL,0,NULL,1,NULL,NULL,0,NULL,NULL,NULL),(32,NULL,8,'Subject for Membership Renewal','2013-05-02 10:31:10',3,NULL,NULL,NULL,NULL,2,NULL,NULL,0,NULL,0,NULL,1,NULL,NULL,0,NULL,NULL,NULL),(33,NULL,10,'Subject for Pledge Acknowledgment','2013-07-07 09:18:40',6,NULL,NULL,NULL,NULL,2,NULL,NULL,0,NULL,0,NULL,1,NULL,NULL,0,NULL,NULL,NULL),(34,NULL,9,'Subject for Tell a Friend','2013-12-23 08:34:15',5,NULL,NULL,NULL,NULL,2,NULL,NULL,0,NULL,0,NULL,1,NULL,NULL,0,NULL,NULL,NULL),(35,NULL,7,'Subject for Membership Signup','2014-03-12 05:22:52',2,NULL,NULL,NULL,NULL,2,NULL,NULL,0,NULL,0,NULL,1,NULL,NULL,0,NULL,NULL,NULL),(36,NULL,10,'Subject for Pledge Acknowledgment','2013-10-05 10:11:18',2,NULL,NULL,NULL,NULL,2,NULL,NULL,0,NULL,0,NULL,1,NULL,NULL,0,NULL,NULL,NULL),(37,NULL,10,'Subject for Pledge Acknowledgment','2013-08-26 01:42:57',6,NULL,NULL,NULL,NULL,2,NULL,NULL,0,NULL,0,NULL,1,NULL,NULL,0,NULL,NULL,NULL),(38,NULL,7,'Subject for Membership Signup','2013-06-01 10:49:47',1,NULL,NULL,NULL,NULL,2,NULL,NULL,0,NULL,0,NULL,1,NULL,NULL,0,NULL,NULL,NULL),(39,NULL,10,'Subject for Pledge Acknowledgment','2013-07-29 10:36:16',4,NULL,NULL,NULL,NULL,2,NULL,NULL,0,NULL,0,NULL,1,NULL,NULL,0,NULL,NULL,NULL),(40,NULL,10,'Subject for Pledge Acknowledgment','2014-01-06 08:09:50',1,NULL,NULL,NULL,NULL,2,NULL,NULL,0,NULL,0,NULL,1,NULL,NULL,0,NULL,NULL,NULL),(41,NULL,7,'Subject for Membership Signup','2013-09-26 03:54:47',1,NULL,NULL,NULL,NULL,2,NULL,NULL,0,NULL,0,NULL,1,NULL,NULL,0,NULL,NULL,NULL),(42,NULL,10,'Subject for Pledge Acknowledgment','2013-05-30 09:56:20',2,NULL,NULL,NULL,NULL,2,NULL,NULL,0,NULL,0,NULL,1,NULL,NULL,0,NULL,NULL,NULL),(43,NULL,9,'Subject for Tell a Friend','2014-02-14 02:05:33',2,NULL,NULL,NULL,NULL,2,NULL,NULL,0,NULL,0,NULL,1,NULL,NULL,0,NULL,NULL,NULL),(44,NULL,10,'Subject for Pledge Acknowledgment','2013-11-07 10:57:16',1,NULL,NULL,NULL,NULL,2,NULL,NULL,0,NULL,0,NULL,1,NULL,NULL,0,NULL,NULL,NULL),(45,NULL,10,'Subject for Pledge Acknowledgment','2013-11-27 11:56:54',5,NULL,NULL,NULL,NULL,2,NULL,NULL,0,NULL,0,NULL,1,NULL,NULL,0,NULL,NULL,NULL),(46,NULL,10,'Subject for Pledge Acknowledgment','2014-03-13 02:52:56',2,NULL,NULL,NULL,NULL,2,NULL,NULL,0,NULL,0,NULL,1,NULL,NULL,0,NULL,NULL,NULL),(47,NULL,7,'Subject for Membership Signup','2013-09-24 12:08:31',3,NULL,NULL,NULL,NULL,2,NULL,NULL,0,NULL,0,NULL,1,NULL,NULL,0,NULL,NULL,NULL),(48,NULL,8,'Subject for Membership Renewal','2013-07-16 04:03:07',6,NULL,NULL,NULL,NULL,2,NULL,NULL,0,NULL,0,NULL,1,NULL,NULL,0,NULL,NULL,NULL),(49,NULL,8,'Subject for Membership Renewal','2013-10-28 12:17:15',3,NULL,NULL,NULL,NULL,2,NULL,NULL,0,NULL,0,NULL,1,NULL,NULL,0,NULL,NULL,NULL),(50,NULL,10,'Subject for Pledge Acknowledgment','2014-01-17 03:45:11',6,NULL,NULL,NULL,NULL,2,NULL,NULL,0,NULL,0,NULL,1,NULL,NULL,0,NULL,NULL,NULL),(51,NULL,8,'Subject for Membership Renewal','2013-09-19 02:53:43',3,NULL,NULL,NULL,NULL,2,NULL,NULL,0,NULL,0,NULL,1,NULL,NULL,0,NULL,NULL,NULL),(52,NULL,10,'Subject for Pledge Acknowledgment','2014-01-02 08:46:24',3,NULL,NULL,NULL,NULL,2,NULL,NULL,0,NULL,0,NULL,1,NULL,NULL,0,NULL,NULL,NULL),(53,NULL,8,'Subject for Membership Renewal','2014-03-02 12:36:02',1,NULL,NULL,NULL,NULL,2,NULL,NULL,0,NULL,0,NULL,1,NULL,NULL,0,NULL,NULL,NULL),(54,NULL,9,'Subject for Tell a Friend','2013-10-25 03:17:28',2,NULL,NULL,NULL,NULL,2,NULL,NULL,0,NULL,0,NULL,1,NULL,NULL,0,NULL,NULL,NULL),(55,NULL,7,'Subject for Membership Signup','2013-10-11 09:31:28',6,NULL,NULL,NULL,NULL,2,NULL,NULL,0,NULL,0,NULL,1,NULL,NULL,0,NULL,NULL,NULL),(56,NULL,10,'Subject for Pledge Acknowledgment','2013-11-06 04:39:53',3,NULL,NULL,NULL,NULL,2,NULL,NULL,0,NULL,0,NULL,1,NULL,NULL,0,NULL,NULL,NULL),(57,NULL,9,'Subject for Tell a Friend','2013-12-12 11:06:27',4,NULL,NULL,NULL,NULL,2,NULL,NULL,0,NULL,0,NULL,1,NULL,NULL,0,NULL,NULL,NULL),(58,NULL,8,'Subject for Membership Renewal','2013-09-17 01:30:08',1,NULL,NULL,NULL,NULL,2,NULL,NULL,0,NULL,0,NULL,1,NULL,NULL,0,NULL,NULL,NULL),(59,NULL,10,'Subject for Pledge Acknowledgment','2014-04-05 04:10:22',3,NULL,NULL,NULL,NULL,2,NULL,NULL,0,NULL,0,NULL,1,NULL,NULL,0,NULL,NULL,NULL),(60,NULL,10,'Subject for Pledge Acknowledgment','2013-07-06 11:15:58',5,NULL,NULL,NULL,NULL,2,NULL,NULL,0,NULL,0,NULL,1,NULL,NULL,0,NULL,NULL,NULL),(61,NULL,8,'Subject for Membership Renewal','2013-08-31 05:24:54',5,NULL,NULL,NULL,NULL,2,NULL,NULL,0,NULL,0,NULL,1,NULL,NULL,0,NULL,NULL,NULL),(62,NULL,9,'Subject for Tell a Friend','2013-05-12 04:10:07',3,NULL,NULL,NULL,NULL,2,NULL,NULL,0,NULL,0,NULL,1,NULL,NULL,0,NULL,NULL,NULL),(63,NULL,10,'Subject for Pledge Acknowledgment','2013-12-19 09:49:45',2,NULL,NULL,NULL,NULL,2,NULL,NULL,0,NULL,0,NULL,1,NULL,NULL,0,NULL,NULL,NULL),(64,NULL,9,'Subject for Tell a Friend','2014-02-01 07:17:24',4,NULL,NULL,NULL,NULL,2,NULL,NULL,0,NULL,0,NULL,1,NULL,NULL,0,NULL,NULL,NULL),(65,NULL,8,'Subject for Membership Renewal','2014-04-06 11:33:24',5,NULL,NULL,NULL,NULL,2,NULL,NULL,0,NULL,0,NULL,1,NULL,NULL,0,NULL,NULL,NULL),(66,NULL,7,'Subject for Membership Signup','2014-02-21 01:35:02',1,NULL,NULL,NULL,NULL,2,NULL,NULL,0,NULL,0,NULL,1,NULL,NULL,0,NULL,NULL,NULL),(67,NULL,9,'Subject for Tell a Friend','2013-07-04 09:38:26',2,NULL,NULL,NULL,NULL,2,NULL,NULL,0,NULL,0,NULL,1,NULL,NULL,0,NULL,NULL,NULL),(68,NULL,7,'Subject for Membership Signup','2014-01-15 06:03:21',5,NULL,NULL,NULL,NULL,2,NULL,NULL,0,NULL,0,NULL,1,NULL,NULL,0,NULL,NULL,NULL),(69,NULL,10,'Subject for Pledge Acknowledgment','2013-08-01 01:57:10',1,NULL,NULL,NULL,NULL,2,NULL,NULL,0,NULL,0,NULL,1,NULL,NULL,0,NULL,NULL,NULL),(70,NULL,9,'Subject for Tell a Friend','2014-01-07 10:48:05',1,NULL,NULL,NULL,NULL,2,NULL,NULL,0,NULL,0,NULL,1,NULL,NULL,0,NULL,NULL,NULL),(71,NULL,7,'Subject for Membership Signup','2014-01-14 05:20:26',4,NULL,NULL,NULL,NULL,2,NULL,NULL,0,NULL,0,NULL,1,NULL,NULL,0,NULL,NULL,NULL),(72,NULL,9,'Subject for Tell a Friend','2014-02-11 09:29:26',5,NULL,NULL,NULL,NULL,2,NULL,NULL,0,NULL,0,NULL,1,NULL,NULL,0,NULL,NULL,NULL),(73,NULL,9,'Subject for Tell a Friend','2013-06-27 06:09:54',6,NULL,NULL,NULL,NULL,2,NULL,NULL,0,NULL,0,NULL,1,NULL,NULL,0,NULL,NULL,NULL),(74,NULL,9,'Subject for Tell a Friend','2014-01-21 09:56:52',1,NULL,NULL,NULL,NULL,2,NULL,NULL,0,NULL,0,NULL,1,NULL,NULL,0,NULL,NULL,NULL),(75,NULL,8,'Subject for Membership Renewal','2013-07-18 04:12:20',4,NULL,NULL,NULL,NULL,2,NULL,NULL,0,NULL,0,NULL,1,NULL,NULL,0,NULL,NULL,NULL),(76,NULL,8,'Subject for Membership Renewal','2013-07-02 11:02:01',6,NULL,NULL,NULL,NULL,2,NULL,NULL,0,NULL,0,NULL,1,NULL,NULL,0,NULL,NULL,NULL),(77,NULL,7,'Subject for Membership Signup','2013-07-28 11:39:10',5,NULL,NULL,NULL,NULL,2,NULL,NULL,0,NULL,0,NULL,1,NULL,NULL,0,NULL,NULL,NULL),(78,NULL,7,'Subject for Membership Signup','2013-07-23 11:07:42',3,NULL,NULL,NULL,NULL,2,NULL,NULL,0,NULL,0,NULL,1,NULL,NULL,0,NULL,NULL,NULL),(79,NULL,8,'Subject for Membership Renewal','2013-05-04 06:31:41',1,NULL,NULL,NULL,NULL,2,NULL,NULL,0,NULL,0,NULL,1,NULL,NULL,0,NULL,NULL,NULL),(80,NULL,8,'Subject for Membership Renewal','2013-10-07 05:40:25',4,NULL,NULL,NULL,NULL,2,NULL,NULL,0,NULL,0,NULL,1,NULL,NULL,0,NULL,NULL,NULL),(81,NULL,9,'Subject for Tell a Friend','2013-07-01 06:01:28',3,NULL,NULL,NULL,NULL,2,NULL,NULL,0,NULL,0,NULL,1,NULL,NULL,0,NULL,NULL,NULL),(82,NULL,9,'Subject for Tell a Friend','2013-06-15 05:06:21',2,NULL,NULL,NULL,NULL,2,NULL,NULL,0,NULL,0,NULL,1,NULL,NULL,0,NULL,NULL,NULL),(83,NULL,7,'Subject for Membership Signup','2013-12-18 03:03:33',6,NULL,NULL,NULL,NULL,2,NULL,NULL,0,NULL,0,NULL,1,NULL,NULL,0,NULL,NULL,NULL),(84,NULL,9,'Subject for Tell a Friend','2013-10-01 12:19:07',6,NULL,NULL,NULL,NULL,2,NULL,NULL,0,NULL,0,NULL,1,NULL,NULL,0,NULL,NULL,NULL),(85,NULL,7,'Subject for Membership Signup','2013-08-26 08:59:35',5,NULL,NULL,NULL,NULL,2,NULL,NULL,0,NULL,0,NULL,1,NULL,NULL,0,NULL,NULL,NULL),(86,NULL,7,'Subject for Membership Signup','2013-12-10 09:25:27',2,NULL,NULL,NULL,NULL,2,NULL,NULL,0,NULL,0,NULL,1,NULL,NULL,0,NULL,NULL,NULL),(87,NULL,10,'Subject for Pledge Acknowledgment','2014-01-07 01:39:10',5,NULL,NULL,NULL,NULL,2,NULL,NULL,0,NULL,0,NULL,1,NULL,NULL,0,NULL,NULL,NULL),(88,NULL,10,'Subject for Pledge Acknowledgment','2013-07-19 03:05:31',2,NULL,NULL,NULL,NULL,2,NULL,NULL,0,NULL,0,NULL,1,NULL,NULL,0,NULL,NULL,NULL),(89,NULL,8,'Subject for Membership Renewal','2014-04-15 07:49:08',2,NULL,NULL,NULL,NULL,2,NULL,NULL,0,NULL,0,NULL,1,NULL,NULL,0,NULL,NULL,NULL),(90,NULL,7,'Subject for Membership Signup','2014-02-06 06:46:40',3,NULL,NULL,NULL,NULL,2,NULL,NULL,0,NULL,0,NULL,1,NULL,NULL,0,NULL,NULL,NULL),(91,NULL,8,'Subject for Membership Renewal','2013-08-10 10:41:03',1,NULL,NULL,NULL,NULL,2,NULL,NULL,0,NULL,0,NULL,1,NULL,NULL,0,NULL,NULL,NULL),(92,NULL,10,'Subject for Pledge Acknowledgment','2013-05-27 05:23:51',4,NULL,NULL,NULL,NULL,2,NULL,NULL,0,NULL,0,NULL,1,NULL,NULL,0,NULL,NULL,NULL),(93,NULL,7,'Subject for Membership Signup','2014-04-25 10:08:35',3,NULL,NULL,NULL,NULL,2,NULL,NULL,0,NULL,0,NULL,1,NULL,NULL,0,NULL,NULL,NULL),(94,NULL,9,'Subject for Tell a Friend','2013-11-09 09:56:23',4,NULL,NULL,NULL,NULL,2,NULL,NULL,0,NULL,0,NULL,1,NULL,NULL,0,NULL,NULL,NULL),(95,NULL,8,'Subject for Membership Renewal','2013-09-05 12:20:31',4,NULL,NULL,NULL,NULL,2,NULL,NULL,0,NULL,0,NULL,1,NULL,NULL,0,NULL,NULL,NULL),(96,NULL,10,'Subject for Pledge Acknowledgment','2013-08-05 05:04:47',3,NULL,NULL,NULL,NULL,2,NULL,NULL,0,NULL,0,NULL,1,NULL,NULL,0,NULL,NULL,NULL),(97,NULL,9,'Subject for Tell a Friend','2013-05-09 01:18:13',6,NULL,NULL,NULL,NULL,2,NULL,NULL,0,NULL,0,NULL,1,NULL,NULL,0,NULL,NULL,NULL),(98,NULL,8,'Subject for Membership Renewal','2014-01-15 03:53:14',1,NULL,NULL,NULL,NULL,2,NULL,NULL,0,NULL,0,NULL,1,NULL,NULL,0,NULL,NULL,NULL),(99,NULL,9,'Subject for Tell a Friend','2014-02-07 11:40:10',2,NULL,NULL,NULL,NULL,2,NULL,NULL,0,NULL,0,NULL,1,NULL,NULL,0,NULL,NULL,NULL),(100,NULL,10,'Subject for Pledge Acknowledgment','2014-02-26 02:01:40',4,NULL,NULL,NULL,NULL,2,NULL,NULL,0,NULL,0,NULL,1,NULL,NULL,0,NULL,NULL,NULL),(101,NULL,8,'Subject for Membership Renewal','2014-01-01 03:31:55',6,NULL,NULL,NULL,NULL,2,NULL,NULL,0,NULL,0,NULL,1,NULL,NULL,0,NULL,NULL,NULL),(102,NULL,7,'Subject for Membership Signup','2013-09-01 01:35:44',6,NULL,NULL,NULL,NULL,2,NULL,NULL,0,NULL,0,NULL,1,NULL,NULL,0,NULL,NULL,NULL),(103,NULL,9,'Subject for Tell a Friend','2013-10-06 07:40:03',5,NULL,NULL,NULL,NULL,2,NULL,NULL,0,NULL,0,NULL,1,NULL,NULL,0,NULL,NULL,NULL),(104,NULL,8,'Subject for Membership Renewal','2013-10-29 03:31:03',2,NULL,NULL,NULL,NULL,2,NULL,NULL,0,NULL,0,NULL,1,NULL,NULL,0,NULL,NULL,NULL),(105,NULL,7,'Subject for Membership Signup','2014-03-27 04:14:54',4,NULL,NULL,NULL,NULL,2,NULL,NULL,0,NULL,0,NULL,1,NULL,NULL,0,NULL,NULL,NULL),(106,NULL,9,'Subject for Tell a Friend','2013-10-29 03:37:57',1,NULL,NULL,NULL,NULL,2,NULL,NULL,0,NULL,0,NULL,1,NULL,NULL,0,NULL,NULL,NULL),(107,NULL,9,'Subject for Tell a Friend','2014-04-06 10:53:05',5,NULL,NULL,NULL,NULL,2,NULL,NULL,0,NULL,0,NULL,1,NULL,NULL,0,NULL,NULL,NULL),(108,NULL,9,'Subject for Tell a Friend','2013-05-08 10:51:35',2,NULL,NULL,NULL,NULL,2,NULL,NULL,0,NULL,0,NULL,1,NULL,NULL,0,NULL,NULL,NULL),(109,NULL,10,'Subject for Pledge Acknowledgment','2013-09-05 03:16:16',5,NULL,NULL,NULL,NULL,2,NULL,NULL,0,NULL,0,NULL,1,NULL,NULL,0,NULL,NULL,NULL),(110,NULL,7,'Subject for Membership Signup','2013-12-16 09:35:32',6,NULL,NULL,NULL,NULL,2,NULL,NULL,0,NULL,0,NULL,1,NULL,NULL,0,NULL,NULL,NULL),(111,NULL,9,'Subject for Tell a Friend','2014-04-06 04:17:43',3,NULL,NULL,NULL,NULL,2,NULL,NULL,0,NULL,0,NULL,1,NULL,NULL,0,NULL,NULL,NULL),(112,NULL,9,'Subject for Tell a Friend','2013-10-28 11:13:11',2,NULL,NULL,NULL,NULL,2,NULL,NULL,0,NULL,0,NULL,1,NULL,NULL,0,NULL,NULL,NULL),(113,NULL,7,'Subject for Membership Signup','2013-06-03 07:38:23',5,NULL,NULL,NULL,NULL,2,NULL,NULL,0,NULL,0,NULL,1,NULL,NULL,0,NULL,NULL,NULL),(114,NULL,7,'Subject for Membership Signup','2013-06-14 12:58:55',2,NULL,NULL,NULL,NULL,2,NULL,NULL,0,NULL,0,NULL,1,NULL,NULL,0,NULL,NULL,NULL),(115,NULL,10,'Subject for Pledge Acknowledgment','2013-07-14 12:34:32',5,NULL,NULL,NULL,NULL,2,NULL,NULL,0,NULL,0,NULL,1,NULL,NULL,0,NULL,NULL,NULL),(116,NULL,9,'Subject for Tell a Friend','2013-11-28 04:07:24',5,NULL,NULL,NULL,NULL,2,NULL,NULL,0,NULL,0,NULL,1,NULL,NULL,0,NULL,NULL,NULL),(117,NULL,8,'Subject for Membership Renewal','2014-04-10 08:09:35',5,NULL,NULL,NULL,NULL,2,NULL,NULL,0,NULL,0,NULL,1,NULL,NULL,0,NULL,NULL,NULL),(118,NULL,10,'Subject for Pledge Acknowledgment','2013-06-18 10:56:14',5,NULL,NULL,NULL,NULL,2,NULL,NULL,0,NULL,0,NULL,1,NULL,NULL,0,NULL,NULL,NULL),(119,NULL,9,'Subject for Tell a Friend','2013-08-05 07:14:34',6,NULL,NULL,NULL,NULL,2,NULL,NULL,0,NULL,0,NULL,1,NULL,NULL,0,NULL,NULL,NULL),(120,NULL,10,'Subject for Pledge Acknowledgment','2013-08-16 04:02:11',6,NULL,NULL,NULL,NULL,2,NULL,NULL,0,NULL,0,NULL,1,NULL,NULL,0,NULL,NULL,NULL),(121,NULL,7,'Subject for Membership Signup','2013-10-04 04:42:48',2,NULL,NULL,NULL,NULL,2,NULL,NULL,0,NULL,0,NULL,1,NULL,NULL,0,NULL,NULL,NULL),(122,NULL,7,'Subject for Membership Signup','2013-07-18 01:05:12',2,NULL,NULL,NULL,NULL,2,NULL,NULL,0,NULL,0,NULL,1,NULL,NULL,0,NULL,NULL,NULL),(123,NULL,9,'Subject for Tell a Friend','2013-07-01 01:51:03',5,NULL,NULL,NULL,NULL,2,NULL,NULL,0,NULL,0,NULL,1,NULL,NULL,0,NULL,NULL,NULL),(124,NULL,8,'Subject for Membership Renewal','2013-07-07 03:02:09',1,NULL,NULL,NULL,NULL,2,NULL,NULL,0,NULL,0,NULL,1,NULL,NULL,0,NULL,NULL,NULL),(125,NULL,10,'Subject for Pledge Acknowledgment','2013-12-31 05:12:16',6,NULL,NULL,NULL,NULL,2,NULL,NULL,0,NULL,0,NULL,1,NULL,NULL,0,NULL,NULL,NULL),(126,NULL,8,'Subject for Membership Renewal','2013-12-08 11:55:40',3,NULL,NULL,NULL,NULL,2,NULL,NULL,0,NULL,0,NULL,1,NULL,NULL,0,NULL,NULL,NULL),(127,NULL,8,'Subject for Membership Renewal','2013-11-04 09:16:15',4,NULL,NULL,NULL,NULL,2,NULL,NULL,0,NULL,0,NULL,1,NULL,NULL,0,NULL,NULL,NULL),(128,NULL,8,'Subject for Membership Renewal','2014-02-23 01:15:46',2,NULL,NULL,NULL,NULL,2,NULL,NULL,0,NULL,0,NULL,1,NULL,NULL,0,NULL,NULL,NULL),(129,NULL,8,'Subject for Membership Renewal','2013-11-11 09:16:26',2,NULL,NULL,NULL,NULL,2,NULL,NULL,0,NULL,0,NULL,1,NULL,NULL,0,NULL,NULL,NULL),(130,NULL,9,'Subject for Tell a Friend','2013-11-29 04:05:32',6,NULL,NULL,NULL,NULL,2,NULL,NULL,0,NULL,0,NULL,1,NULL,NULL,0,NULL,NULL,NULL),(131,NULL,8,'Subject for Membership Renewal','2013-11-04 02:28:34',3,NULL,NULL,NULL,NULL,2,NULL,NULL,0,NULL,0,NULL,1,NULL,NULL,0,NULL,NULL,NULL),(132,NULL,10,'Subject for Pledge Acknowledgment','2013-07-03 05:34:23',5,NULL,NULL,NULL,NULL,2,NULL,NULL,0,NULL,0,NULL,1,NULL,NULL,0,NULL,NULL,NULL),(133,NULL,9,'Subject for Tell a Friend','2013-07-16 10:19:45',3,NULL,NULL,NULL,NULL,2,NULL,NULL,0,NULL,0,NULL,1,NULL,NULL,0,NULL,NULL,NULL),(134,NULL,10,'Subject for Pledge Acknowledgment','2013-10-10 05:49:38',4,NULL,NULL,NULL,NULL,2,NULL,NULL,0,NULL,0,NULL,1,NULL,NULL,0,NULL,NULL,NULL),(135,NULL,9,'Subject for Tell a Friend','2014-01-19 08:12:23',1,NULL,NULL,NULL,NULL,2,NULL,NULL,0,NULL,0,NULL,1,NULL,NULL,0,NULL,NULL,NULL),(136,NULL,7,'Subject for Membership Signup','2014-04-23 11:58:24',5,NULL,NULL,NULL,NULL,2,NULL,NULL,0,NULL,0,NULL,1,NULL,NULL,0,NULL,NULL,NULL),(137,NULL,9,'Subject for Tell a Friend','2013-11-25 01:30:07',1,NULL,NULL,NULL,NULL,2,NULL,NULL,0,NULL,0,NULL,1,NULL,NULL,0,NULL,NULL,NULL),(138,NULL,9,'Subject for Tell a Friend','2013-05-31 03:22:17',4,NULL,NULL,NULL,NULL,2,NULL,NULL,0,NULL,0,NULL,1,NULL,NULL,0,NULL,NULL,NULL),(139,NULL,8,'Subject for Membership Renewal','2014-04-03 05:06:39',2,NULL,NULL,NULL,NULL,2,NULL,NULL,0,NULL,0,NULL,1,NULL,NULL,0,NULL,NULL,NULL),(140,NULL,9,'Subject for Tell a Friend','2014-03-23 01:16:35',3,NULL,NULL,NULL,NULL,2,NULL,NULL,0,NULL,0,NULL,1,NULL,NULL,0,NULL,NULL,NULL),(141,NULL,8,'Subject for Membership Renewal','2013-06-15 09:44:42',2,NULL,NULL,NULL,NULL,2,NULL,NULL,0,NULL,0,NULL,1,NULL,NULL,0,NULL,NULL,NULL),(142,NULL,9,'Subject for Tell a Friend','2013-08-11 02:39:31',6,NULL,NULL,NULL,NULL,2,NULL,NULL,0,NULL,0,NULL,1,NULL,NULL,0,NULL,NULL,NULL),(143,NULL,8,'Subject for Membership Renewal','2014-02-11 07:52:44',3,NULL,NULL,NULL,NULL,2,NULL,NULL,0,NULL,0,NULL,1,NULL,NULL,0,NULL,NULL,NULL),(144,NULL,10,'Subject for Pledge Acknowledgment','2013-08-15 09:02:22',4,NULL,NULL,NULL,NULL,2,NULL,NULL,0,NULL,0,NULL,1,NULL,NULL,0,NULL,NULL,NULL),(145,NULL,9,'Subject for Tell a Friend','2013-12-16 08:25:00',2,NULL,NULL,NULL,NULL,2,NULL,NULL,0,NULL,0,NULL,1,NULL,NULL,0,NULL,NULL,NULL),(146,NULL,8,'Subject for Membership Renewal','2014-03-07 09:44:49',5,NULL,NULL,NULL,NULL,2,NULL,NULL,0,NULL,0,NULL,1,NULL,NULL,0,NULL,NULL,NULL),(147,NULL,9,'Subject for Tell a Friend','2014-03-26 05:00:28',1,NULL,NULL,NULL,NULL,2,NULL,NULL,0,NULL,0,NULL,1,NULL,NULL,0,NULL,NULL,NULL),(148,NULL,8,'Subject for Membership Renewal','2014-04-20 09:10:03',3,NULL,NULL,NULL,NULL,2,NULL,NULL,0,NULL,0,NULL,1,NULL,NULL,0,NULL,NULL,NULL),(149,NULL,10,'Subject for Pledge Acknowledgment','2013-08-29 11:23:11',4,NULL,NULL,NULL,NULL,2,NULL,NULL,0,NULL,0,NULL,1,NULL,NULL,0,NULL,NULL,NULL),(150,NULL,9,'Subject for Tell a Friend','2014-01-06 12:46:59',6,NULL,NULL,NULL,NULL,2,NULL,NULL,0,NULL,0,NULL,1,NULL,NULL,0,NULL,NULL,NULL),(151,NULL,7,'Subject for Membership Signup','2014-03-22 11:41:09',6,NULL,NULL,NULL,NULL,2,NULL,NULL,0,NULL,0,NULL,1,NULL,NULL,0,NULL,NULL,NULL),(152,NULL,7,'Subject for Membership Signup','2014-02-14 10:08:45',3,NULL,NULL,NULL,NULL,2,NULL,NULL,0,NULL,0,NULL,1,NULL,NULL,0,NULL,NULL,NULL),(153,NULL,7,'Subject for Membership Signup','2013-09-14 01:28:59',2,NULL,NULL,NULL,NULL,2,NULL,NULL,0,NULL,0,NULL,1,NULL,NULL,0,NULL,NULL,NULL),(154,NULL,9,'Subject for Tell a Friend','2014-03-25 05:39:14',1,NULL,NULL,NULL,NULL,2,NULL,NULL,0,NULL,0,NULL,1,NULL,NULL,0,NULL,NULL,NULL),(155,NULL,7,'Subject for Membership Signup','2013-11-09 04:23:08',5,NULL,NULL,NULL,NULL,2,NULL,NULL,0,NULL,0,NULL,1,NULL,NULL,0,NULL,NULL,NULL),(156,NULL,10,'Subject for Pledge Acknowledgment','2014-04-25 09:36:59',1,NULL,NULL,NULL,NULL,2,NULL,NULL,0,NULL,0,NULL,1,NULL,NULL,0,NULL,NULL,NULL),(157,NULL,8,'Subject for Membership Renewal','2013-10-25 10:12:15',4,NULL,NULL,NULL,NULL,2,NULL,NULL,0,NULL,0,NULL,1,NULL,NULL,0,NULL,NULL,NULL),(158,NULL,10,'Subject for Pledge Acknowledgment','2013-11-02 10:16:08',1,NULL,NULL,NULL,NULL,2,NULL,NULL,0,NULL,0,NULL,1,NULL,NULL,0,NULL,NULL,NULL),(159,NULL,9,'Subject for Tell a Friend','2014-02-21 08:54:39',5,NULL,NULL,NULL,NULL,2,NULL,NULL,0,NULL,0,NULL,1,NULL,NULL,0,NULL,NULL,NULL),(160,NULL,8,'Subject for Membership Renewal','2013-10-12 04:50:20',2,NULL,NULL,NULL,NULL,2,NULL,NULL,0,NULL,0,NULL,1,NULL,NULL,0,NULL,NULL,NULL),(161,NULL,7,'Subject for Membership Signup','2013-05-11 06:21:34',3,NULL,NULL,NULL,NULL,2,NULL,NULL,0,NULL,0,NULL,1,NULL,NULL,0,NULL,NULL,NULL),(162,NULL,7,'Subject for Membership Signup','2013-11-29 03:12:46',3,NULL,NULL,NULL,NULL,2,NULL,NULL,0,NULL,0,NULL,1,NULL,NULL,0,NULL,NULL,NULL),(163,NULL,8,'Subject for Membership Renewal','2014-03-24 02:43:43',4,NULL,NULL,NULL,NULL,2,NULL,NULL,0,NULL,0,NULL,1,NULL,NULL,0,NULL,NULL,NULL),(164,NULL,7,'Subject for Membership Signup','2013-10-26 09:17:38',2,NULL,NULL,NULL,NULL,2,NULL,NULL,0,NULL,0,NULL,1,NULL,NULL,0,NULL,NULL,NULL),(165,NULL,10,'Subject for Pledge Acknowledgment','2014-04-12 08:59:47',1,NULL,NULL,NULL,NULL,2,NULL,NULL,0,NULL,0,NULL,1,NULL,NULL,0,NULL,NULL,NULL),(166,NULL,7,'Subject for Membership Signup','2013-10-10 08:51:17',6,NULL,NULL,NULL,NULL,2,NULL,NULL,0,NULL,0,NULL,1,NULL,NULL,0,NULL,NULL,NULL),(167,NULL,7,'Subject for Membership Signup','2014-03-10 04:52:15',5,NULL,NULL,NULL,NULL,2,NULL,NULL,0,NULL,0,NULL,1,NULL,NULL,0,NULL,NULL,NULL),(168,NULL,10,'Subject for Pledge Acknowledgment','2013-05-24 12:52:27',6,NULL,NULL,NULL,NULL,2,NULL,NULL,0,NULL,0,NULL,1,NULL,NULL,0,NULL,NULL,NULL),(169,NULL,8,'Subject for Membership Renewal','2013-10-12 02:22:25',2,NULL,NULL,NULL,NULL,2,NULL,NULL,0,NULL,0,NULL,1,NULL,NULL,0,NULL,NULL,NULL),(170,NULL,8,'Subject for Membership Renewal','2014-03-07 01:12:54',3,NULL,NULL,NULL,NULL,2,NULL,NULL,0,NULL,0,NULL,1,NULL,NULL,0,NULL,NULL,NULL),(171,NULL,7,'Subject for Membership Signup','2013-07-03 08:53:33',6,NULL,NULL,NULL,NULL,2,NULL,NULL,0,NULL,0,NULL,1,NULL,NULL,0,NULL,NULL,NULL),(172,NULL,9,'Subject for Tell a Friend','2013-09-06 12:38:51',5,NULL,NULL,NULL,NULL,2,NULL,NULL,0,NULL,0,NULL,1,NULL,NULL,0,NULL,NULL,NULL),(173,NULL,8,'Subject for Membership Renewal','2013-10-27 02:04:29',1,NULL,NULL,NULL,NULL,2,NULL,NULL,0,NULL,0,NULL,1,NULL,NULL,0,NULL,NULL,NULL),(174,NULL,10,'Subject for Pledge Acknowledgment','2014-01-28 10:29:11',2,NULL,NULL,NULL,NULL,2,NULL,NULL,0,NULL,0,NULL,1,NULL,NULL,0,NULL,NULL,NULL),(175,NULL,9,'Subject for Tell a Friend','2013-05-23 09:57:06',4,NULL,NULL,NULL,NULL,2,NULL,NULL,0,NULL,0,NULL,1,NULL,NULL,0,NULL,NULL,NULL),(176,NULL,9,'Subject for Tell a Friend','2013-09-05 12:14:45',5,NULL,NULL,NULL,NULL,2,NULL,NULL,0,NULL,0,NULL,1,NULL,NULL,0,NULL,NULL,NULL),(177,NULL,8,'Subject for Membership Renewal','2014-02-12 11:57:45',2,NULL,NULL,NULL,NULL,2,NULL,NULL,0,NULL,0,NULL,1,NULL,NULL,0,NULL,NULL,NULL),(178,NULL,9,'Subject for Tell a Friend','2013-06-03 06:19:40',5,NULL,NULL,NULL,NULL,2,NULL,NULL,0,NULL,0,NULL,1,NULL,NULL,0,NULL,NULL,NULL),(179,NULL,10,'Subject for Pledge Acknowledgment','2013-05-13 09:23:35',3,NULL,NULL,NULL,NULL,2,NULL,NULL,0,NULL,0,NULL,1,NULL,NULL,0,NULL,NULL,NULL),(180,NULL,10,'Subject for Pledge Acknowledgment','2013-11-11 08:14:46',3,NULL,NULL,NULL,NULL,2,NULL,NULL,0,NULL,0,NULL,1,NULL,NULL,0,NULL,NULL,NULL),(181,NULL,10,'Subject for Pledge Acknowledgment','2013-08-05 03:45:32',2,NULL,NULL,NULL,NULL,2,NULL,NULL,0,NULL,0,NULL,1,NULL,NULL,0,NULL,NULL,NULL),(182,NULL,9,'Subject for Tell a Friend','2013-09-17 09:31:01',3,NULL,NULL,NULL,NULL,2,NULL,NULL,0,NULL,0,NULL,1,NULL,NULL,0,NULL,NULL,NULL),(183,NULL,10,'Subject for Pledge Acknowledgment','2014-01-14 04:08:21',4,NULL,NULL,NULL,NULL,2,NULL,NULL,0,NULL,0,NULL,1,NULL,NULL,0,NULL,NULL,NULL),(184,NULL,7,'Subject for Membership Signup','2013-06-23 10:19:29',6,NULL,NULL,NULL,NULL,2,NULL,NULL,0,NULL,0,NULL,1,NULL,NULL,0,NULL,NULL,NULL),(185,NULL,8,'Subject for Membership Renewal','2014-03-07 01:10:24',1,NULL,NULL,NULL,NULL,2,NULL,NULL,0,NULL,0,NULL,1,NULL,NULL,0,NULL,NULL,NULL),(186,NULL,10,'Subject for Pledge Acknowledgment','2013-08-19 01:36:09',3,NULL,NULL,NULL,NULL,2,NULL,NULL,0,NULL,0,NULL,1,NULL,NULL,0,NULL,NULL,NULL),(187,NULL,9,'Subject for Tell a Friend','2013-05-31 10:58:38',3,NULL,NULL,NULL,NULL,2,NULL,NULL,0,NULL,0,NULL,1,NULL,NULL,0,NULL,NULL,NULL),(188,NULL,9,'Subject for Tell a Friend','2014-02-03 06:57:32',6,NULL,NULL,NULL,NULL,2,NULL,NULL,0,NULL,0,NULL,1,NULL,NULL,0,NULL,NULL,NULL),(189,NULL,9,'Subject for Tell a Friend','2013-07-27 07:32:28',1,NULL,NULL,NULL,NULL,2,NULL,NULL,0,NULL,0,NULL,1,NULL,NULL,0,NULL,NULL,NULL),(190,NULL,9,'Subject for Tell a Friend','2014-02-10 06:15:17',5,NULL,NULL,NULL,NULL,2,NULL,NULL,0,NULL,0,NULL,1,NULL,NULL,0,NULL,NULL,NULL),(191,NULL,7,'Subject for Membership Signup','2013-05-21 12:28:14',2,NULL,NULL,NULL,NULL,2,NULL,NULL,0,NULL,0,NULL,1,NULL,NULL,0,NULL,NULL,NULL),(192,NULL,9,'Subject for Tell a Friend','2013-08-28 12:42:00',1,NULL,NULL,NULL,NULL,2,NULL,NULL,0,NULL,0,NULL,1,NULL,NULL,0,NULL,NULL,NULL),(193,NULL,7,'Subject for Membership Signup','2014-01-27 12:01:19',1,NULL,NULL,NULL,NULL,2,NULL,NULL,0,NULL,0,NULL,1,NULL,NULL,0,NULL,NULL,NULL),(194,NULL,7,'Subject for Membership Signup','2014-02-28 09:59:27',1,NULL,NULL,NULL,NULL,2,NULL,NULL,0,NULL,0,NULL,1,NULL,NULL,0,NULL,NULL,NULL),(195,NULL,7,'Subject for Membership Signup','2014-03-31 10:54:11',6,NULL,NULL,NULL,NULL,2,NULL,NULL,0,NULL,0,NULL,1,NULL,NULL,0,NULL,NULL,NULL),(196,NULL,7,'Subject for Membership Signup','2013-06-21 07:23:48',5,NULL,NULL,NULL,NULL,2,NULL,NULL,0,NULL,0,NULL,1,NULL,NULL,0,NULL,NULL,NULL),(197,NULL,7,'Subject for Membership Signup','2013-07-13 09:15:25',4,NULL,NULL,NULL,NULL,2,NULL,NULL,0,NULL,0,NULL,1,NULL,NULL,0,NULL,NULL,NULL),(198,NULL,10,'Subject for Pledge Acknowledgment','2014-03-03 03:28:33',2,NULL,NULL,NULL,NULL,2,NULL,NULL,0,NULL,0,NULL,1,NULL,NULL,0,NULL,NULL,NULL),(199,NULL,7,'Subject for Membership Signup','2014-02-22 12:57:29',3,NULL,NULL,NULL,NULL,2,NULL,NULL,0,NULL,0,NULL,1,NULL,NULL,0,NULL,NULL,NULL),(200,NULL,10,'Subject for Pledge Acknowledgment','2014-03-23 10:13:57',4,NULL,NULL,NULL,NULL,2,NULL,NULL,0,NULL,0,NULL,1,NULL,NULL,0,NULL,NULL,NULL),(201,NULL,10,'Subject for Pledge Acknowledgment','2013-07-02 01:01:46',5,NULL,NULL,NULL,NULL,2,NULL,NULL,0,NULL,0,NULL,1,NULL,NULL,0,NULL,NULL,NULL),(202,NULL,8,'Subject for Membership Renewal','2013-08-03 02:26:08',2,NULL,NULL,NULL,NULL,2,NULL,NULL,0,NULL,0,NULL,1,NULL,NULL,0,NULL,NULL,NULL),(203,NULL,8,'Subject for Membership Renewal','2013-08-06 11:08:00',1,NULL,NULL,NULL,NULL,2,NULL,NULL,0,NULL,0,NULL,1,NULL,NULL,0,NULL,NULL,NULL),(204,NULL,7,'Subject for Membership Signup','2014-03-14 04:09:07',1,NULL,NULL,NULL,NULL,2,NULL,NULL,0,NULL,0,NULL,1,NULL,NULL,0,NULL,NULL,NULL),(205,NULL,7,'Subject for Membership Signup','2013-05-27 05:07:04',6,NULL,NULL,NULL,NULL,2,NULL,NULL,0,NULL,0,NULL,1,NULL,NULL,0,NULL,NULL,NULL),(206,NULL,9,'Subject for Tell a Friend','2014-01-26 04:15:50',4,NULL,NULL,NULL,NULL,2,NULL,NULL,0,NULL,0,NULL,1,NULL,NULL,0,NULL,NULL,NULL),(207,NULL,7,'Subject for Membership Signup','2013-09-21 03:54:26',2,NULL,NULL,NULL,NULL,2,NULL,NULL,0,NULL,0,NULL,1,NULL,NULL,0,NULL,NULL,NULL),(208,NULL,7,'Subject for Membership Signup','2014-02-15 12:55:55',1,NULL,NULL,NULL,NULL,2,NULL,NULL,0,NULL,0,NULL,1,NULL,NULL,0,NULL,NULL,NULL),(209,NULL,10,'Subject for Pledge Acknowledgment','2013-07-24 02:56:47',2,NULL,NULL,NULL,NULL,2,NULL,NULL,0,NULL,0,NULL,1,NULL,NULL,0,NULL,NULL,NULL),(210,NULL,8,'Subject for Membership Renewal','2013-11-17 01:42:57',3,NULL,NULL,NULL,NULL,2,NULL,NULL,0,NULL,0,NULL,1,NULL,NULL,0,NULL,NULL,NULL),(211,NULL,10,'Subject for Pledge Acknowledgment','2013-08-13 10:48:42',4,NULL,NULL,NULL,NULL,2,NULL,NULL,0,NULL,0,NULL,1,NULL,NULL,0,NULL,NULL,NULL),(212,NULL,7,'Subject for Membership Signup','2014-01-05 05:44:04',3,NULL,NULL,NULL,NULL,2,NULL,NULL,0,NULL,0,NULL,1,NULL,NULL,0,NULL,NULL,NULL),(213,NULL,7,'Subject for Membership Signup','2013-12-01 11:59:41',1,NULL,NULL,NULL,NULL,2,NULL,NULL,0,NULL,0,NULL,1,NULL,NULL,0,NULL,NULL,NULL),(214,NULL,8,'Subject for Membership Renewal','2013-10-04 12:28:13',6,NULL,NULL,NULL,NULL,2,NULL,NULL,0,NULL,0,NULL,1,NULL,NULL,0,NULL,NULL,NULL),(215,NULL,9,'Subject for Tell a Friend','2013-05-06 06:38:46',6,NULL,NULL,NULL,NULL,2,NULL,NULL,0,NULL,0,NULL,1,NULL,NULL,0,NULL,NULL,NULL),(216,NULL,7,'Subject for Membership Signup','2013-12-26 01:00:17',2,NULL,NULL,NULL,NULL,2,NULL,NULL,0,NULL,0,NULL,1,NULL,NULL,0,NULL,NULL,NULL),(217,NULL,9,'Subject for Tell a Friend','2013-07-17 12:17:56',6,NULL,NULL,NULL,NULL,2,NULL,NULL,0,NULL,0,NULL,1,NULL,NULL,0,NULL,NULL,NULL),(218,NULL,9,'Subject for Tell a Friend','2014-04-27 12:50:37',2,NULL,NULL,NULL,NULL,2,NULL,NULL,0,NULL,0,NULL,1,NULL,NULL,0,NULL,NULL,NULL),(219,NULL,7,'Subject for Membership Signup','2014-03-08 12:29:08',2,NULL,NULL,NULL,NULL,2,NULL,NULL,0,NULL,0,NULL,1,NULL,NULL,0,NULL,NULL,NULL),(220,NULL,8,'Subject for Membership Renewal','2013-07-22 05:02:46',6,NULL,NULL,NULL,NULL,2,NULL,NULL,0,NULL,0,NULL,1,NULL,NULL,0,NULL,NULL,NULL),(221,NULL,7,'Subject for Membership Signup','2014-02-08 06:00:59',1,NULL,NULL,NULL,NULL,2,NULL,NULL,0,NULL,0,NULL,1,NULL,NULL,0,NULL,NULL,NULL),(222,NULL,10,'Subject for Pledge Acknowledgment','2013-06-25 10:47:35',6,NULL,NULL,NULL,NULL,2,NULL,NULL,0,NULL,0,NULL,1,NULL,NULL,0,NULL,NULL,NULL),(223,NULL,10,'Subject for Pledge Acknowledgment','2013-05-25 01:33:26',6,NULL,NULL,NULL,NULL,2,NULL,NULL,0,NULL,0,NULL,1,NULL,NULL,0,NULL,NULL,NULL),(224,NULL,10,'Subject for Pledge Acknowledgment','2013-10-14 05:37:56',4,NULL,NULL,NULL,NULL,2,NULL,NULL,0,NULL,0,NULL,1,NULL,NULL,0,NULL,NULL,NULL),(225,NULL,10,'Subject for Pledge Acknowledgment','2013-10-16 04:06:58',1,NULL,NULL,NULL,NULL,2,NULL,NULL,0,NULL,0,NULL,1,NULL,NULL,0,NULL,NULL,NULL),(226,NULL,7,'Subject for Membership Signup','2013-11-20 06:54:42',2,NULL,NULL,NULL,NULL,2,NULL,NULL,0,NULL,0,NULL,1,NULL,NULL,0,NULL,NULL,NULL),(227,NULL,10,'Subject for Pledge Acknowledgment','2013-05-06 06:47:31',5,NULL,NULL,NULL,NULL,2,NULL,NULL,0,NULL,0,NULL,1,NULL,NULL,0,NULL,NULL,NULL),(228,NULL,7,'Subject for Membership Signup','2013-08-10 04:18:42',3,NULL,NULL,NULL,NULL,2,NULL,NULL,0,NULL,0,NULL,1,NULL,NULL,0,NULL,NULL,NULL),(229,NULL,8,'Subject for Membership Renewal','2014-04-23 10:37:56',3,NULL,NULL,NULL,NULL,2,NULL,NULL,0,NULL,0,NULL,1,NULL,NULL,0,NULL,NULL,NULL),(230,NULL,9,'Subject for Tell a Friend','2013-05-31 10:45:39',4,NULL,NULL,NULL,NULL,2,NULL,NULL,0,NULL,0,NULL,1,NULL,NULL,0,NULL,NULL,NULL),(231,NULL,7,'Subject for Membership Signup','2014-01-04 12:50:11',1,NULL,NULL,NULL,NULL,2,NULL,NULL,0,NULL,0,NULL,1,NULL,NULL,0,NULL,NULL,NULL),(232,NULL,10,'Subject for Pledge Acknowledgment','2014-03-11 05:15:24',5,NULL,NULL,NULL,NULL,2,NULL,NULL,0,NULL,0,NULL,1,NULL,NULL,0,NULL,NULL,NULL),(233,NULL,9,'Subject for Tell a Friend','2013-05-21 03:15:19',3,NULL,NULL,NULL,NULL,2,NULL,NULL,0,NULL,0,NULL,1,NULL,NULL,0,NULL,NULL,NULL),(234,NULL,7,'Subject for Membership Signup','2013-09-04 09:15:20',2,NULL,NULL,NULL,NULL,2,NULL,NULL,0,NULL,0,NULL,1,NULL,NULL,0,NULL,NULL,NULL),(235,NULL,9,'Subject for Tell a Friend','2013-08-15 02:17:42',3,NULL,NULL,NULL,NULL,2,NULL,NULL,0,NULL,0,NULL,1,NULL,NULL,0,NULL,NULL,NULL),(236,NULL,7,'Subject for Membership Signup','2013-10-16 11:28:48',5,NULL,NULL,NULL,NULL,2,NULL,NULL,0,NULL,0,NULL,1,NULL,NULL,0,NULL,NULL,NULL),(237,NULL,9,'Subject for Tell a Friend','2013-05-26 09:22:52',5,NULL,NULL,NULL,NULL,2,NULL,NULL,0,NULL,0,NULL,1,NULL,NULL,0,NULL,NULL,NULL),(238,NULL,9,'Subject for Tell a Friend','2013-10-04 04:41:28',5,NULL,NULL,NULL,NULL,2,NULL,NULL,0,NULL,0,NULL,1,NULL,NULL,0,NULL,NULL,NULL),(239,NULL,9,'Subject for Tell a Friend','2013-09-06 11:30:57',5,NULL,NULL,NULL,NULL,2,NULL,NULL,0,NULL,0,NULL,1,NULL,NULL,0,NULL,NULL,NULL),(240,NULL,8,'Subject for Membership Renewal','2014-04-05 06:12:33',2,NULL,NULL,NULL,NULL,2,NULL,NULL,0,NULL,0,NULL,1,NULL,NULL,0,NULL,NULL,NULL),(241,NULL,9,'Subject for Tell a Friend','2014-01-05 09:22:12',4,NULL,NULL,NULL,NULL,2,NULL,NULL,0,NULL,0,NULL,1,NULL,NULL,0,NULL,NULL,NULL),(242,NULL,10,'Subject for Pledge Acknowledgment','2014-04-09 08:12:30',2,NULL,NULL,NULL,NULL,2,NULL,NULL,0,NULL,0,NULL,1,NULL,NULL,0,NULL,NULL,NULL),(243,NULL,8,'Subject for Membership Renewal','2013-12-26 05:30:24',5,NULL,NULL,NULL,NULL,2,NULL,NULL,0,NULL,0,NULL,1,NULL,NULL,0,NULL,NULL,NULL),(244,NULL,9,'Subject for Tell a Friend','2014-01-27 02:55:50',3,NULL,NULL,NULL,NULL,2,NULL,NULL,0,NULL,0,NULL,1,NULL,NULL,0,NULL,NULL,NULL),(245,NULL,10,'Subject for Pledge Acknowledgment','2013-07-22 09:40:31',4,NULL,NULL,NULL,NULL,2,NULL,NULL,0,NULL,0,NULL,1,NULL,NULL,0,NULL,NULL,NULL),(246,NULL,10,'Subject for Pledge Acknowledgment','2013-10-09 02:03:49',4,NULL,NULL,NULL,NULL,2,NULL,NULL,0,NULL,0,NULL,1,NULL,NULL,0,NULL,NULL,NULL),(247,NULL,10,'Subject for Pledge Acknowledgment','2013-10-27 05:29:50',3,NULL,NULL,NULL,NULL,2,NULL,NULL,0,NULL,0,NULL,1,NULL,NULL,0,NULL,NULL,NULL),(248,NULL,8,'Subject for Membership Renewal','2014-02-27 07:19:07',4,NULL,NULL,NULL,NULL,2,NULL,NULL,0,NULL,0,NULL,1,NULL,NULL,0,NULL,NULL,NULL),(249,NULL,10,'Subject for Pledge Acknowledgment','2013-06-06 03:41:14',1,NULL,NULL,NULL,NULL,2,NULL,NULL,0,NULL,0,NULL,1,NULL,NULL,0,NULL,NULL,NULL),(250,NULL,8,'Subject for Membership Renewal','2013-11-30 02:03:58',1,NULL,NULL,NULL,NULL,2,NULL,NULL,0,NULL,0,NULL,1,NULL,NULL,0,NULL,NULL,NULL),(251,NULL,9,'Subject for Tell a Friend','2013-07-06 05:37:22',1,NULL,NULL,NULL,NULL,2,NULL,NULL,0,NULL,0,NULL,1,NULL,NULL,0,NULL,NULL,NULL),(252,NULL,10,'Subject for Pledge Acknowledgment','2013-05-14 11:46:44',4,NULL,NULL,NULL,NULL,2,NULL,NULL,0,NULL,0,NULL,1,NULL,NULL,0,NULL,NULL,NULL),(253,NULL,8,'Subject for Membership Renewal','2013-05-06 11:16:45',3,NULL,NULL,NULL,NULL,2,NULL,NULL,0,NULL,0,NULL,1,NULL,NULL,0,NULL,NULL,NULL),(254,NULL,7,'Subject for Membership Signup','2013-09-18 10:39:35',3,NULL,NULL,NULL,NULL,2,NULL,NULL,0,NULL,0,NULL,1,NULL,NULL,0,NULL,NULL,NULL),(255,NULL,10,'Subject for Pledge Acknowledgment','2013-07-04 06:05:58',2,NULL,NULL,NULL,NULL,2,NULL,NULL,0,NULL,0,NULL,1,NULL,NULL,0,NULL,NULL,NULL),(256,NULL,8,'Subject for Membership Renewal','2013-09-21 11:01:47',3,NULL,NULL,NULL,NULL,2,NULL,NULL,0,NULL,0,NULL,1,NULL,NULL,0,NULL,NULL,NULL),(257,NULL,10,'Subject for Pledge Acknowledgment','2013-09-17 08:39:20',3,NULL,NULL,NULL,NULL,2,NULL,NULL,0,NULL,0,NULL,1,NULL,NULL,0,NULL,NULL,NULL),(258,NULL,8,'Subject for Membership Renewal','2013-12-27 04:59:08',1,NULL,NULL,NULL,NULL,2,NULL,NULL,0,NULL,0,NULL,1,NULL,NULL,0,NULL,NULL,NULL),(259,NULL,9,'Subject for Tell a Friend','2013-12-06 10:50:45',4,NULL,NULL,NULL,NULL,2,NULL,NULL,0,NULL,0,NULL,1,NULL,NULL,0,NULL,NULL,NULL),(260,NULL,7,'Subject for Membership Signup','2013-07-03 11:22:19',4,NULL,NULL,NULL,NULL,2,NULL,NULL,0,NULL,0,NULL,1,NULL,NULL,0,NULL,NULL,NULL),(261,NULL,8,'Subject for Membership Renewal','2014-02-09 07:46:37',3,NULL,NULL,NULL,NULL,2,NULL,NULL,0,NULL,0,NULL,1,NULL,NULL,0,NULL,NULL,NULL),(262,NULL,7,'Subject for Membership Signup','2013-11-08 07:25:28',4,NULL,NULL,NULL,NULL,2,NULL,NULL,0,NULL,0,NULL,1,NULL,NULL,0,NULL,NULL,NULL),(263,NULL,7,'Subject for Membership Signup','2013-09-04 04:18:35',5,NULL,NULL,NULL,NULL,2,NULL,NULL,0,NULL,0,NULL,1,NULL,NULL,0,NULL,NULL,NULL),(264,NULL,8,'Subject for Membership Renewal','2013-09-21 04:49:34',6,NULL,NULL,NULL,NULL,2,NULL,NULL,0,NULL,0,NULL,1,NULL,NULL,0,NULL,NULL,NULL),(265,NULL,10,'Subject for Pledge Acknowledgment','2014-02-11 06:14:45',6,NULL,NULL,NULL,NULL,2,NULL,NULL,0,NULL,0,NULL,1,NULL,NULL,0,NULL,NULL,NULL),(266,NULL,7,'Subject for Membership Signup','2013-12-01 06:44:45',4,NULL,NULL,NULL,NULL,2,NULL,NULL,0,NULL,0,NULL,1,NULL,NULL,0,NULL,NULL,NULL),(267,NULL,9,'Subject for Tell a Friend','2013-11-05 06:56:14',2,NULL,NULL,NULL,NULL,2,NULL,NULL,0,NULL,0,NULL,1,NULL,NULL,0,NULL,NULL,NULL),(268,NULL,7,'Subject for Membership Signup','2013-09-02 12:24:58',4,NULL,NULL,NULL,NULL,2,NULL,NULL,0,NULL,0,NULL,1,NULL,NULL,0,NULL,NULL,NULL),(269,NULL,9,'Subject for Tell a Friend','2014-01-19 10:43:06',2,NULL,NULL,NULL,NULL,2,NULL,NULL,0,NULL,0,NULL,1,NULL,NULL,0,NULL,NULL,NULL),(270,NULL,8,'Subject for Membership Renewal','2014-02-03 10:00:29',1,NULL,NULL,NULL,NULL,2,NULL,NULL,0,NULL,0,NULL,1,NULL,NULL,0,NULL,NULL,NULL),(271,NULL,8,'Subject for Membership Renewal','2014-02-14 04:57:06',6,NULL,NULL,NULL,NULL,2,NULL,NULL,0,NULL,0,NULL,1,NULL,NULL,0,NULL,NULL,NULL),(272,NULL,8,'Subject for Membership Renewal','2013-07-14 05:19:56',2,NULL,NULL,NULL,NULL,2,NULL,NULL,0,NULL,0,NULL,1,NULL,NULL,0,NULL,NULL,NULL),(273,NULL,9,'Subject for Tell a Friend','2014-01-25 01:00:19',3,NULL,NULL,NULL,NULL,2,NULL,NULL,0,NULL,0,NULL,1,NULL,NULL,0,NULL,NULL,NULL),(274,NULL,8,'Subject for Membership Renewal','2013-05-16 05:57:55',1,NULL,NULL,NULL,NULL,2,NULL,NULL,0,NULL,0,NULL,1,NULL,NULL,0,NULL,NULL,NULL),(275,NULL,8,'Subject for Membership Renewal','2014-01-29 01:41:06',1,NULL,NULL,NULL,NULL,2,NULL,NULL,0,NULL,0,NULL,1,NULL,NULL,0,NULL,NULL,NULL),(276,NULL,7,'Subject for Membership Signup','2013-07-28 01:13:09',6,NULL,NULL,NULL,NULL,2,NULL,NULL,0,NULL,0,NULL,1,NULL,NULL,0,NULL,NULL,NULL),(277,NULL,7,'Subject for Membership Signup','2013-11-30 10:49:04',4,NULL,NULL,NULL,NULL,2,NULL,NULL,0,NULL,0,NULL,1,NULL,NULL,0,NULL,NULL,NULL),(278,NULL,7,'Subject for Membership Signup','2014-01-06 08:22:36',1,NULL,NULL,NULL,NULL,2,NULL,NULL,0,NULL,0,NULL,1,NULL,NULL,0,NULL,NULL,NULL),(279,NULL,7,'Subject for Membership Signup','2013-12-28 01:40:29',2,NULL,NULL,NULL,NULL,2,NULL,NULL,0,NULL,0,NULL,1,NULL,NULL,0,NULL,NULL,NULL),(280,NULL,9,'Subject for Tell a Friend','2014-01-19 01:09:40',3,NULL,NULL,NULL,NULL,2,NULL,NULL,0,NULL,0,NULL,1,NULL,NULL,0,NULL,NULL,NULL),(281,NULL,10,'Subject for Pledge Acknowledgment','2013-11-11 06:17:36',3,NULL,NULL,NULL,NULL,2,NULL,NULL,0,NULL,0,NULL,1,NULL,NULL,0,NULL,NULL,NULL),(282,NULL,7,'Subject for Membership Signup','2013-06-09 07:31:11',4,NULL,NULL,NULL,NULL,2,NULL,NULL,0,NULL,0,NULL,1,NULL,NULL,0,NULL,NULL,NULL),(283,NULL,7,'Subject for Membership Signup','2013-12-18 07:04:34',3,NULL,NULL,NULL,NULL,2,NULL,NULL,0,NULL,0,NULL,1,NULL,NULL,0,NULL,NULL,NULL),(284,NULL,7,'Subject for Membership Signup','2014-04-10 09:02:44',3,NULL,NULL,NULL,NULL,2,NULL,NULL,0,NULL,0,NULL,1,NULL,NULL,0,NULL,NULL,NULL),(285,NULL,7,'Subject for Membership Signup','2013-07-04 03:00:26',6,NULL,NULL,NULL,NULL,2,NULL,NULL,0,NULL,0,NULL,1,NULL,NULL,0,NULL,NULL,NULL),(286,NULL,10,'Subject for Pledge Acknowledgment','2013-05-20 05:13:10',5,NULL,NULL,NULL,NULL,2,NULL,NULL,0,NULL,0,NULL,1,NULL,NULL,0,NULL,NULL,NULL),(287,NULL,8,'Subject for Membership Renewal','2014-01-14 07:28:46',3,NULL,NULL,NULL,NULL,2,NULL,NULL,0,NULL,0,NULL,1,NULL,NULL,0,NULL,NULL,NULL),(288,NULL,7,'Subject for Membership Signup','2014-01-26 03:17:11',2,NULL,NULL,NULL,NULL,2,NULL,NULL,0,NULL,0,NULL,1,NULL,NULL,0,NULL,NULL,NULL),(289,NULL,10,'Subject for Pledge Acknowledgment','2013-08-08 01:14:07',6,NULL,NULL,NULL,NULL,2,NULL,NULL,0,NULL,0,NULL,1,NULL,NULL,0,NULL,NULL,NULL),(290,NULL,7,'Subject for Membership Signup','2013-10-19 12:54:57',2,NULL,NULL,NULL,NULL,2,NULL,NULL,0,NULL,0,NULL,1,NULL,NULL,0,NULL,NULL,NULL),(291,NULL,10,'Subject for Pledge Acknowledgment','2014-03-02 01:18:07',1,NULL,NULL,NULL,NULL,2,NULL,NULL,0,NULL,0,NULL,1,NULL,NULL,0,NULL,NULL,NULL),(292,NULL,9,'Subject for Tell a Friend','2013-11-27 08:53:52',2,NULL,NULL,NULL,NULL,2,NULL,NULL,0,NULL,0,NULL,1,NULL,NULL,0,NULL,NULL,NULL),(293,NULL,10,'Subject for Pledge Acknowledgment','2013-11-02 09:44:51',4,NULL,NULL,NULL,NULL,2,NULL,NULL,0,NULL,0,NULL,1,NULL,NULL,0,NULL,NULL,NULL),(294,NULL,9,'Subject for Tell a Friend','2013-10-09 04:23:00',1,NULL,NULL,NULL,NULL,2,NULL,NULL,0,NULL,0,NULL,1,NULL,NULL,0,NULL,NULL,NULL),(295,NULL,7,'Subject for Membership Signup','2013-07-27 09:13:05',4,NULL,NULL,NULL,NULL,2,NULL,NULL,0,NULL,0,NULL,1,NULL,NULL,0,NULL,NULL,NULL),(296,NULL,9,'Subject for Tell a Friend','2013-05-24 01:15:41',5,NULL,NULL,NULL,NULL,2,NULL,NULL,0,NULL,0,NULL,1,NULL,NULL,0,NULL,NULL,NULL),(297,NULL,9,'Subject for Tell a Friend','2013-07-15 03:45:51',5,NULL,NULL,NULL,NULL,2,NULL,NULL,0,NULL,0,NULL,1,NULL,NULL,0,NULL,NULL,NULL),(298,NULL,9,'Subject for Tell a Friend','2014-02-20 12:14:35',1,NULL,NULL,NULL,NULL,2,NULL,NULL,0,NULL,0,NULL,1,NULL,NULL,0,NULL,NULL,NULL),(299,NULL,7,'Subject for Membership Signup','2013-12-13 04:42:03',5,NULL,NULL,NULL,NULL,2,NULL,NULL,0,NULL,0,NULL,1,NULL,NULL,0,NULL,NULL,NULL),(300,NULL,7,'Subject for Membership Signup','2014-03-01 12:38:20',6,NULL,NULL,NULL,NULL,2,NULL,NULL,0,NULL,0,NULL,1,NULL,NULL,0,NULL,NULL,NULL),(301,NULL,10,'Subject for Pledge Acknowledgment','2013-08-09 05:31:42',3,NULL,NULL,NULL,NULL,2,NULL,NULL,0,NULL,0,NULL,1,NULL,NULL,0,NULL,NULL,NULL),(302,NULL,10,'Subject for Pledge Acknowledgment','2014-03-25 06:43:24',2,NULL,NULL,NULL,NULL,2,NULL,NULL,0,NULL,0,NULL,1,NULL,NULL,0,NULL,NULL,NULL),(303,NULL,10,'Subject for Pledge Acknowledgment','2013-12-27 01:56:40',6,NULL,NULL,NULL,NULL,2,NULL,NULL,0,NULL,0,NULL,1,NULL,NULL,0,NULL,NULL,NULL),(304,NULL,8,'Subject for Membership Renewal','2014-04-15 09:15:58',2,NULL,NULL,NULL,NULL,2,NULL,NULL,0,NULL,0,NULL,1,NULL,NULL,0,NULL,NULL,NULL),(305,NULL,7,'Subject for Membership Signup','2013-04-30 11:15:21',5,NULL,NULL,NULL,NULL,2,NULL,NULL,0,NULL,0,NULL,1,NULL,NULL,0,NULL,NULL,NULL),(306,NULL,9,'Subject for Tell a Friend','2013-09-16 07:29:37',2,NULL,NULL,NULL,NULL,2,NULL,NULL,0,NULL,0,NULL,1,NULL,NULL,0,NULL,NULL,NULL),(307,NULL,8,'Subject for Membership Renewal','2013-12-02 05:40:08',5,NULL,NULL,NULL,NULL,2,NULL,NULL,0,NULL,0,NULL,1,NULL,NULL,0,NULL,NULL,NULL),(308,NULL,9,'Subject for Tell a Friend','2013-11-16 09:02:25',1,NULL,NULL,NULL,NULL,2,NULL,NULL,0,NULL,0,NULL,1,NULL,NULL,0,NULL,NULL,NULL),(309,NULL,7,'Subject for Membership Signup','2014-01-26 04:32:59',3,NULL,NULL,NULL,NULL,2,NULL,NULL,0,NULL,0,NULL,1,NULL,NULL,0,NULL,NULL,NULL),(310,NULL,7,'Subject for Membership Signup','2013-06-10 05:45:59',5,NULL,NULL,NULL,NULL,2,NULL,NULL,0,NULL,0,NULL,1,NULL,NULL,0,NULL,NULL,NULL),(311,NULL,10,'Subject for Pledge Acknowledgment','2013-09-08 10:10:59',4,NULL,NULL,NULL,NULL,2,NULL,NULL,0,NULL,0,NULL,1,NULL,NULL,0,NULL,NULL,NULL),(312,NULL,7,'Subject for Membership Signup','2013-06-01 03:09:32',5,NULL,NULL,NULL,NULL,2,NULL,NULL,0,NULL,0,NULL,1,NULL,NULL,0,NULL,NULL,NULL),(313,NULL,7,'Subject for Membership Signup','2013-07-19 09:58:32',6,NULL,NULL,NULL,NULL,2,NULL,NULL,0,NULL,0,NULL,1,NULL,NULL,0,NULL,NULL,NULL),(314,NULL,9,'Subject for Tell a Friend','2014-04-12 04:25:12',5,NULL,NULL,NULL,NULL,2,NULL,NULL,0,NULL,0,NULL,1,NULL,NULL,0,NULL,NULL,NULL),(315,NULL,7,'Subject for Membership Signup','2013-07-18 05:18:48',6,NULL,NULL,NULL,NULL,2,NULL,NULL,0,NULL,0,NULL,1,NULL,NULL,0,NULL,NULL,NULL),(316,NULL,9,'Subject for Tell a Friend','2013-12-03 01:25:18',6,NULL,NULL,NULL,NULL,2,NULL,NULL,0,NULL,0,NULL,1,NULL,NULL,0,NULL,NULL,NULL),(317,NULL,8,'Subject for Membership Renewal','2014-01-03 02:26:30',5,NULL,NULL,NULL,NULL,2,NULL,NULL,0,NULL,0,NULL,1,NULL,NULL,0,NULL,NULL,NULL),(318,NULL,8,'Subject for Membership Renewal','2013-05-13 10:22:48',2,NULL,NULL,NULL,NULL,2,NULL,NULL,0,NULL,0,NULL,1,NULL,NULL,0,NULL,NULL,NULL),(319,NULL,7,'Subject for Membership Signup','2013-05-01 05:37:37',5,NULL,NULL,NULL,NULL,2,NULL,NULL,0,NULL,0,NULL,1,NULL,NULL,0,NULL,NULL,NULL),(320,NULL,7,'Subject for Membership Signup','2013-11-23 11:43:12',1,NULL,NULL,NULL,NULL,2,NULL,NULL,0,NULL,0,NULL,1,NULL,NULL,0,NULL,NULL,NULL),(321,NULL,10,'Subject for Pledge Acknowledgment','2013-08-25 07:19:58',5,NULL,NULL,NULL,NULL,2,NULL,NULL,0,NULL,0,NULL,1,NULL,NULL,0,NULL,NULL,NULL),(322,NULL,10,'Subject for Pledge Acknowledgment','2013-12-17 12:15:30',6,NULL,NULL,NULL,NULL,2,NULL,NULL,0,NULL,0,NULL,1,NULL,NULL,0,NULL,NULL,NULL),(323,NULL,8,'Subject for Membership Renewal','2013-11-10 08:37:40',6,NULL,NULL,NULL,NULL,2,NULL,NULL,0,NULL,0,NULL,1,NULL,NULL,0,NULL,NULL,NULL),(324,NULL,8,'Subject for Membership Renewal','2014-01-05 12:18:11',6,NULL,NULL,NULL,NULL,2,NULL,NULL,0,NULL,0,NULL,1,NULL,NULL,0,NULL,NULL,NULL),(325,NULL,9,'Subject for Tell a Friend','2013-10-30 06:44:15',6,NULL,NULL,NULL,NULL,2,NULL,NULL,0,NULL,0,NULL,1,NULL,NULL,0,NULL,NULL,NULL),(326,NULL,8,'Subject for Membership Renewal','2013-12-23 01:57:28',4,NULL,NULL,NULL,NULL,2,NULL,NULL,0,NULL,0,NULL,1,NULL,NULL,0,NULL,NULL,NULL),(327,NULL,7,'Subject for Membership Signup','2013-08-01 11:57:56',2,NULL,NULL,NULL,NULL,2,NULL,NULL,0,NULL,0,NULL,1,NULL,NULL,0,NULL,NULL,NULL),(328,NULL,7,'Subject for Membership Signup','2013-07-12 09:33:44',5,NULL,NULL,NULL,NULL,2,NULL,NULL,0,NULL,0,NULL,1,NULL,NULL,0,NULL,NULL,NULL),(329,NULL,9,'Subject for Tell a Friend','2013-11-12 10:15:30',1,NULL,NULL,NULL,NULL,2,NULL,NULL,0,NULL,0,NULL,1,NULL,NULL,0,NULL,NULL,NULL),(330,NULL,10,'Subject for Pledge Acknowledgment','2013-11-21 11:52:11',6,NULL,NULL,NULL,NULL,2,NULL,NULL,0,NULL,0,NULL,1,NULL,NULL,0,NULL,NULL,NULL),(331,NULL,7,'Subject for Membership Signup','2013-11-01 10:41:41',3,NULL,NULL,NULL,NULL,2,NULL,NULL,0,NULL,0,NULL,1,NULL,NULL,0,NULL,NULL,NULL),(332,NULL,10,'Subject for Pledge Acknowledgment','2014-02-20 03:45:58',1,NULL,NULL,NULL,NULL,2,NULL,NULL,0,NULL,0,NULL,1,NULL,NULL,0,NULL,NULL,NULL),(333,NULL,8,'Subject for Membership Renewal','2014-01-25 11:46:33',6,NULL,NULL,NULL,NULL,2,NULL,NULL,0,NULL,0,NULL,1,NULL,NULL,0,NULL,NULL,NULL),(334,NULL,8,'Subject for Membership Renewal','2013-10-25 07:42:55',5,NULL,NULL,NULL,NULL,2,NULL,NULL,0,NULL,0,NULL,1,NULL,NULL,0,NULL,NULL,NULL),(335,NULL,10,'Subject for Pledge Acknowledgment','2013-12-07 10:28:11',3,NULL,NULL,NULL,NULL,2,NULL,NULL,0,NULL,0,NULL,1,NULL,NULL,0,NULL,NULL,NULL),(336,NULL,9,'Subject for Tell a Friend','2013-10-05 10:32:38',3,NULL,NULL,NULL,NULL,2,NULL,NULL,0,NULL,0,NULL,1,NULL,NULL,0,NULL,NULL,NULL),(337,NULL,9,'Subject for Tell a Friend','2014-01-29 05:27:07',6,NULL,NULL,NULL,NULL,2,NULL,NULL,0,NULL,0,NULL,1,NULL,NULL,0,NULL,NULL,NULL),(338,NULL,10,'Subject for Pledge Acknowledgment','2014-02-12 11:15:21',6,NULL,NULL,NULL,NULL,2,NULL,NULL,0,NULL,0,NULL,1,NULL,NULL,0,NULL,NULL,NULL),(339,NULL,10,'Subject for Pledge Acknowledgment','2014-01-31 02:45:05',6,NULL,NULL,NULL,NULL,2,NULL,NULL,0,NULL,0,NULL,1,NULL,NULL,0,NULL,NULL,NULL),(340,NULL,10,'Subject for Pledge Acknowledgment','2013-11-09 03:01:16',3,NULL,NULL,NULL,NULL,2,NULL,NULL,0,NULL,0,NULL,1,NULL,NULL,0,NULL,NULL,NULL),(341,NULL,8,'Subject for Membership Renewal','2013-12-11 01:57:36',3,NULL,NULL,NULL,NULL,2,NULL,NULL,0,NULL,0,NULL,1,NULL,NULL,0,NULL,NULL,NULL),(342,NULL,7,'Subject for Membership Signup','2013-07-23 01:31:49',2,NULL,NULL,NULL,NULL,2,NULL,NULL,0,NULL,0,NULL,1,NULL,NULL,0,NULL,NULL,NULL),(343,NULL,7,'Subject for Membership Signup','2013-10-09 03:48:02',1,NULL,NULL,NULL,NULL,2,NULL,NULL,0,NULL,0,NULL,1,NULL,NULL,0,NULL,NULL,NULL),(344,NULL,8,'Subject for Membership Renewal','2013-11-05 12:59:18',1,NULL,NULL,NULL,NULL,2,NULL,NULL,0,NULL,0,NULL,1,NULL,NULL,0,NULL,NULL,NULL),(345,NULL,10,'Subject for Pledge Acknowledgment','2014-04-14 07:46:42',1,NULL,NULL,NULL,NULL,2,NULL,NULL,0,NULL,0,NULL,1,NULL,NULL,0,NULL,NULL,NULL),(346,NULL,9,'Subject for Tell a Friend','2013-05-11 05:31:54',5,NULL,NULL,NULL,NULL,2,NULL,NULL,0,NULL,0,NULL,1,NULL,NULL,0,NULL,NULL,NULL),(347,NULL,10,'Subject for Pledge Acknowledgment','2013-07-04 05:57:32',1,NULL,NULL,NULL,NULL,2,NULL,NULL,0,NULL,0,NULL,1,NULL,NULL,0,NULL,NULL,NULL),(348,NULL,10,'Subject for Pledge Acknowledgment','2013-11-21 02:39:58',6,NULL,NULL,NULL,NULL,2,NULL,NULL,0,NULL,0,NULL,1,NULL,NULL,0,NULL,NULL,NULL),(349,NULL,7,'Subject for Membership Signup','2013-10-02 07:32:23',3,NULL,NULL,NULL,NULL,2,NULL,NULL,0,NULL,0,NULL,1,NULL,NULL,0,NULL,NULL,NULL),(350,NULL,9,'Subject for Tell a Friend','2013-08-02 07:09:11',2,NULL,NULL,NULL,NULL,2,NULL,NULL,0,NULL,0,NULL,1,NULL,NULL,0,NULL,NULL,NULL),(351,NULL,9,'Subject for Tell a Friend','2013-05-05 08:30:05',2,NULL,NULL,NULL,NULL,2,NULL,NULL,0,NULL,0,NULL,1,NULL,NULL,0,NULL,NULL,NULL),(352,NULL,8,'Subject for Membership Renewal','2014-02-07 01:44:41',4,NULL,NULL,NULL,NULL,2,NULL,NULL,0,NULL,0,NULL,1,NULL,NULL,0,NULL,NULL,NULL),(353,NULL,8,'Subject for Membership Renewal','2013-10-07 05:48:45',3,NULL,NULL,NULL,NULL,2,NULL,NULL,0,NULL,0,NULL,1,NULL,NULL,0,NULL,NULL,NULL),(354,NULL,7,'Subject for Membership Signup','2013-06-05 11:47:01',4,NULL,NULL,NULL,NULL,2,NULL,NULL,0,NULL,0,NULL,1,NULL,NULL,0,NULL,NULL,NULL),(355,NULL,9,'Subject for Tell a Friend','2014-04-14 01:36:54',6,NULL,NULL,NULL,NULL,2,NULL,NULL,0,NULL,0,NULL,1,NULL,NULL,0,NULL,NULL,NULL),(356,NULL,8,'Subject for Membership Renewal','2013-12-12 05:48:11',5,NULL,NULL,NULL,NULL,2,NULL,NULL,0,NULL,0,NULL,1,NULL,NULL,0,NULL,NULL,NULL),(357,NULL,9,'Subject for Tell a Friend','2014-04-28 11:21:48',6,NULL,NULL,NULL,NULL,2,NULL,NULL,0,NULL,0,NULL,1,NULL,NULL,0,NULL,NULL,NULL),(358,NULL,10,'Subject for Pledge Acknowledgment','2013-12-15 10:45:03',6,NULL,NULL,NULL,NULL,2,NULL,NULL,0,NULL,0,NULL,1,NULL,NULL,0,NULL,NULL,NULL),(359,NULL,8,'Subject for Membership Renewal','2013-07-11 09:42:35',2,NULL,NULL,NULL,NULL,2,NULL,NULL,0,NULL,0,NULL,1,NULL,NULL,0,NULL,NULL,NULL),(360,NULL,8,'Subject for Membership Renewal','2014-01-19 02:56:11',1,NULL,NULL,NULL,NULL,2,NULL,NULL,0,NULL,0,NULL,1,NULL,NULL,0,NULL,NULL,NULL),(361,NULL,9,'Subject for Tell a Friend','2013-08-13 10:13:55',6,NULL,NULL,NULL,NULL,2,NULL,NULL,0,NULL,0,NULL,1,NULL,NULL,0,NULL,NULL,NULL),(362,NULL,9,'Subject for Tell a Friend','2013-05-07 01:44:02',3,NULL,NULL,NULL,NULL,2,NULL,NULL,0,NULL,0,NULL,1,NULL,NULL,0,NULL,NULL,NULL),(363,NULL,9,'Subject for Tell a Friend','2013-11-28 04:04:20',4,NULL,NULL,NULL,NULL,2,NULL,NULL,0,NULL,0,NULL,1,NULL,NULL,0,NULL,NULL,NULL),(364,NULL,9,'Subject for Tell a Friend','2013-10-22 04:59:56',2,NULL,NULL,NULL,NULL,2,NULL,NULL,0,NULL,0,NULL,1,NULL,NULL,0,NULL,NULL,NULL),(365,NULL,9,'Subject for Tell a Friend','2013-11-09 10:46:03',5,NULL,NULL,NULL,NULL,2,NULL,NULL,0,NULL,0,NULL,1,NULL,NULL,0,NULL,NULL,NULL),(366,NULL,9,'Subject for Tell a Friend','2013-07-20 04:59:45',3,NULL,NULL,NULL,NULL,2,NULL,NULL,0,NULL,0,NULL,1,NULL,NULL,0,NULL,NULL,NULL),(367,NULL,9,'Subject for Tell a Friend','2014-02-15 01:37:01',3,NULL,NULL,NULL,NULL,2,NULL,NULL,0,NULL,0,NULL,1,NULL,NULL,0,NULL,NULL,NULL),(368,NULL,8,'Subject for Membership Renewal','2013-07-20 08:16:41',3,NULL,NULL,NULL,NULL,2,NULL,NULL,0,NULL,0,NULL,1,NULL,NULL,0,NULL,NULL,NULL),(369,NULL,10,'Subject for Pledge Acknowledgment','2013-05-25 05:08:07',2,NULL,NULL,NULL,NULL,2,NULL,NULL,0,NULL,0,NULL,1,NULL,NULL,0,NULL,NULL,NULL),(370,NULL,7,'Subject for Membership Signup','2013-10-31 03:41:46',1,NULL,NULL,NULL,NULL,2,NULL,NULL,0,NULL,0,NULL,1,NULL,NULL,0,NULL,NULL,NULL),(371,NULL,9,'Subject for Tell a Friend','2013-05-30 11:08:19',6,NULL,NULL,NULL,NULL,2,NULL,NULL,0,NULL,0,NULL,1,NULL,NULL,0,NULL,NULL,NULL),(372,NULL,9,'Subject for Tell a Friend','2013-08-24 08:29:48',5,NULL,NULL,NULL,NULL,2,NULL,NULL,0,NULL,0,NULL,1,NULL,NULL,0,NULL,NULL,NULL),(373,NULL,9,'Subject for Tell a Friend','2013-10-14 01:06:16',4,NULL,NULL,NULL,NULL,2,NULL,NULL,0,NULL,0,NULL,1,NULL,NULL,0,NULL,NULL,NULL),(374,NULL,7,'Subject for Membership Signup','2013-06-15 08:09:57',2,NULL,NULL,NULL,NULL,2,NULL,NULL,0,NULL,0,NULL,1,NULL,NULL,0,NULL,NULL,NULL),(375,NULL,10,'Subject for Pledge Acknowledgment','2013-10-11 10:15:39',6,NULL,NULL,NULL,NULL,2,NULL,NULL,0,NULL,0,NULL,1,NULL,NULL,0,NULL,NULL,NULL),(376,NULL,9,'Subject for Tell a Friend','2014-04-16 02:43:41',5,NULL,NULL,NULL,NULL,2,NULL,NULL,0,NULL,0,NULL,1,NULL,NULL,0,NULL,NULL,NULL),(377,NULL,9,'Subject for Tell a Friend','2014-02-20 01:08:45',5,NULL,NULL,NULL,NULL,2,NULL,NULL,0,NULL,0,NULL,1,NULL,NULL,0,NULL,NULL,NULL),(378,NULL,10,'Subject for Pledge Acknowledgment','2014-03-20 05:43:37',2,NULL,NULL,NULL,NULL,2,NULL,NULL,0,NULL,0,NULL,1,NULL,NULL,0,NULL,NULL,NULL),(379,NULL,8,'Subject for Membership Renewal','2014-03-03 10:59:50',4,NULL,NULL,NULL,NULL,2,NULL,NULL,0,NULL,0,NULL,1,NULL,NULL,0,NULL,NULL,NULL),(380,NULL,9,'Subject for Tell a Friend','2013-12-03 06:56:40',6,NULL,NULL,NULL,NULL,2,NULL,NULL,0,NULL,0,NULL,1,NULL,NULL,0,NULL,NULL,NULL),(381,NULL,10,'Subject for Pledge Acknowledgment','2013-06-04 12:25:28',2,NULL,NULL,NULL,NULL,2,NULL,NULL,0,NULL,0,NULL,1,NULL,NULL,0,NULL,NULL,NULL),(382,NULL,8,'Subject for Membership Renewal','2014-01-03 03:19:39',6,NULL,NULL,NULL,NULL,2,NULL,NULL,0,NULL,0,NULL,1,NULL,NULL,0,NULL,NULL,NULL),(383,NULL,9,'Subject for Tell a Friend','2014-01-03 06:44:24',5,NULL,NULL,NULL,NULL,2,NULL,NULL,0,NULL,0,NULL,1,NULL,NULL,0,NULL,NULL,NULL),(384,NULL,10,'Subject for Pledge Acknowledgment','2013-07-16 08:08:50',4,NULL,NULL,NULL,NULL,2,NULL,NULL,0,NULL,0,NULL,1,NULL,NULL,0,NULL,NULL,NULL),(385,NULL,10,'Subject for Pledge Acknowledgment','2013-08-19 10:32:51',2,NULL,NULL,NULL,NULL,2,NULL,NULL,0,NULL,0,NULL,1,NULL,NULL,0,NULL,NULL,NULL),(386,NULL,9,'Subject for Tell a Friend','2013-05-14 12:54:53',6,NULL,NULL,NULL,NULL,2,NULL,NULL,0,NULL,0,NULL,1,NULL,NULL,0,NULL,NULL,NULL),(387,NULL,8,'Subject for Membership Renewal','2013-10-20 03:06:46',6,NULL,NULL,NULL,NULL,2,NULL,NULL,0,NULL,0,NULL,1,NULL,NULL,0,NULL,NULL,NULL),(388,NULL,7,'Subject for Membership Signup','2013-09-08 08:22:35',6,NULL,NULL,NULL,NULL,2,NULL,NULL,0,NULL,0,NULL,1,NULL,NULL,0,NULL,NULL,NULL),(389,NULL,9,'Subject for Tell a Friend','2013-11-27 06:09:26',6,NULL,NULL,NULL,NULL,2,NULL,NULL,0,NULL,0,NULL,1,NULL,NULL,0,NULL,NULL,NULL),(390,NULL,10,'Subject for Pledge Acknowledgment','2013-05-17 01:21:02',4,NULL,NULL,NULL,NULL,2,NULL,NULL,0,NULL,0,NULL,1,NULL,NULL,0,NULL,NULL,NULL),(391,NULL,8,'Subject for Membership Renewal','2014-03-22 07:50:57',2,NULL,NULL,NULL,NULL,2,NULL,NULL,0,NULL,0,NULL,1,NULL,NULL,0,NULL,NULL,NULL),(392,NULL,7,'Subject for Membership Signup','2013-09-17 09:00:39',4,NULL,NULL,NULL,NULL,2,NULL,NULL,0,NULL,0,NULL,1,NULL,NULL,0,NULL,NULL,NULL),(393,NULL,8,'Subject for Membership Renewal','2013-11-08 08:01:39',3,NULL,NULL,NULL,NULL,2,NULL,NULL,0,NULL,0,NULL,1,NULL,NULL,0,NULL,NULL,NULL),(394,NULL,9,'Subject for Tell a Friend','2014-03-22 06:51:36',5,NULL,NULL,NULL,NULL,2,NULL,NULL,0,NULL,0,NULL,1,NULL,NULL,0,NULL,NULL,NULL),(395,NULL,8,'Subject for Membership Renewal','2013-05-12 04:22:14',1,NULL,NULL,NULL,NULL,2,NULL,NULL,0,NULL,0,NULL,1,NULL,NULL,0,NULL,NULL,NULL),(396,NULL,8,'Subject for Membership Renewal','2014-01-30 07:40:27',4,NULL,NULL,NULL,NULL,2,NULL,NULL,0,NULL,0,NULL,1,NULL,NULL,0,NULL,NULL,NULL),(397,NULL,7,'Subject for Membership Signup','2014-03-27 08:02:34',4,NULL,NULL,NULL,NULL,2,NULL,NULL,0,NULL,0,NULL,1,NULL,NULL,0,NULL,NULL,NULL),(398,NULL,10,'Subject for Pledge Acknowledgment','2013-11-23 09:42:24',4,NULL,NULL,NULL,NULL,2,NULL,NULL,0,NULL,0,NULL,1,NULL,NULL,0,NULL,NULL,NULL),(399,NULL,7,'Subject for Membership Signup','2014-02-19 10:51:23',6,NULL,NULL,NULL,NULL,2,NULL,NULL,0,NULL,0,NULL,1,NULL,NULL,0,NULL,NULL,NULL),(400,NULL,10,'Subject for Pledge Acknowledgment','2013-11-08 05:32:28',5,NULL,NULL,NULL,NULL,2,NULL,NULL,0,NULL,0,NULL,1,NULL,NULL,0,NULL,NULL,NULL),(401,NULL,8,'Subject for Membership Renewal','2014-01-13 11:02:48',6,NULL,NULL,NULL,NULL,2,NULL,NULL,0,NULL,0,NULL,1,NULL,NULL,0,NULL,NULL,NULL),(402,NULL,9,'Subject for Tell a Friend','2013-06-15 09:30:23',1,NULL,NULL,NULL,NULL,2,NULL,NULL,0,NULL,0,NULL,1,NULL,NULL,0,NULL,NULL,NULL),(403,NULL,9,'Subject for Tell a Friend','2014-04-28 09:29:22',4,NULL,NULL,NULL,NULL,2,NULL,NULL,0,NULL,0,NULL,1,NULL,NULL,0,NULL,NULL,NULL),(404,NULL,10,'Subject for Pledge Acknowledgment','2013-10-17 07:43:12',6,NULL,NULL,NULL,NULL,2,NULL,NULL,0,NULL,0,NULL,1,NULL,NULL,0,NULL,NULL,NULL),(405,NULL,10,'Subject for Pledge Acknowledgment','2013-06-25 04:16:53',1,NULL,NULL,NULL,NULL,2,NULL,NULL,0,NULL,0,NULL,1,NULL,NULL,0,NULL,NULL,NULL),(406,NULL,9,'Subject for Tell a Friend','2014-02-27 01:17:37',3,NULL,NULL,NULL,NULL,2,NULL,NULL,0,NULL,0,NULL,1,NULL,NULL,0,NULL,NULL,NULL),(407,NULL,10,'Subject for Pledge Acknowledgment','2013-12-28 11:19:17',3,NULL,NULL,NULL,NULL,2,NULL,NULL,0,NULL,0,NULL,1,NULL,NULL,0,NULL,NULL,NULL),(408,NULL,10,'Subject for Pledge Acknowledgment','2013-08-11 11:16:17',4,NULL,NULL,NULL,NULL,2,NULL,NULL,0,NULL,0,NULL,1,NULL,NULL,0,NULL,NULL,NULL),(409,NULL,9,'Subject for Tell a Friend','2014-03-11 06:12:59',3,NULL,NULL,NULL,NULL,2,NULL,NULL,0,NULL,0,NULL,1,NULL,NULL,0,NULL,NULL,NULL),(410,NULL,8,'Subject for Membership Renewal','2014-03-26 03:05:47',4,NULL,NULL,NULL,NULL,2,NULL,NULL,0,NULL,0,NULL,1,NULL,NULL,0,NULL,NULL,NULL),(411,NULL,7,'Subject for Membership Signup','2013-11-19 10:10:07',3,NULL,NULL,NULL,NULL,2,NULL,NULL,0,NULL,0,NULL,1,NULL,NULL,0,NULL,NULL,NULL),(412,NULL,8,'Subject for Membership Renewal','2013-09-20 02:23:35',2,NULL,NULL,NULL,NULL,2,NULL,NULL,0,NULL,0,NULL,1,NULL,NULL,0,NULL,NULL,NULL),(413,NULL,9,'Subject for Tell a Friend','2014-03-04 10:16:35',4,NULL,NULL,NULL,NULL,2,NULL,NULL,0,NULL,0,NULL,1,NULL,NULL,0,NULL,NULL,NULL),(414,NULL,10,'Subject for Pledge Acknowledgment','2013-05-12 07:08:04',2,NULL,NULL,NULL,NULL,2,NULL,NULL,0,NULL,0,NULL,1,NULL,NULL,0,NULL,NULL,NULL),(415,NULL,7,'Subject for Membership Signup','2013-08-08 02:15:22',6,NULL,NULL,NULL,NULL,2,NULL,NULL,0,NULL,0,NULL,1,NULL,NULL,0,NULL,NULL,NULL),(416,NULL,10,'Subject for Pledge Acknowledgment','2014-02-06 09:43:04',2,NULL,NULL,NULL,NULL,2,NULL,NULL,0,NULL,0,NULL,1,NULL,NULL,0,NULL,NULL,NULL),(417,NULL,10,'Subject for Pledge Acknowledgment','2013-09-12 08:02:59',3,NULL,NULL,NULL,NULL,2,NULL,NULL,0,NULL,0,NULL,1,NULL,NULL,0,NULL,NULL,NULL),(418,NULL,9,'Subject for Tell a Friend','2013-05-06 03:31:30',1,NULL,NULL,NULL,NULL,2,NULL,NULL,0,NULL,0,NULL,1,NULL,NULL,0,NULL,NULL,NULL),(419,NULL,8,'Subject for Membership Renewal','2013-10-29 11:32:36',3,NULL,NULL,NULL,NULL,2,NULL,NULL,0,NULL,0,NULL,1,NULL,NULL,0,NULL,NULL,NULL),(420,NULL,10,'Subject for Pledge Acknowledgment','2013-07-27 05:07:15',5,NULL,NULL,NULL,NULL,2,NULL,NULL,0,NULL,0,NULL,1,NULL,NULL,0,NULL,NULL,NULL),(421,NULL,10,'Subject for Pledge Acknowledgment','2013-09-17 06:41:05',6,NULL,NULL,NULL,NULL,2,NULL,NULL,0,NULL,0,NULL,1,NULL,NULL,0,NULL,NULL,NULL),(422,NULL,9,'Subject for Tell a Friend','2013-07-16 01:09:10',3,NULL,NULL,NULL,NULL,2,NULL,NULL,0,NULL,0,NULL,1,NULL,NULL,0,NULL,NULL,NULL),(423,NULL,8,'Subject for Membership Renewal','2013-06-24 07:59:55',2,NULL,NULL,NULL,NULL,2,NULL,NULL,0,NULL,0,NULL,1,NULL,NULL,0,NULL,NULL,NULL),(424,NULL,8,'Subject for Membership Renewal','2014-03-25 12:43:10',5,NULL,NULL,NULL,NULL,2,NULL,NULL,0,NULL,0,NULL,1,NULL,NULL,0,NULL,NULL,NULL),(425,NULL,9,'Subject for Tell a Friend','2013-10-03 12:08:01',2,NULL,NULL,NULL,NULL,2,NULL,NULL,0,NULL,0,NULL,1,NULL,NULL,0,NULL,NULL,NULL),(426,NULL,7,'Subject for Membership Signup','2014-01-27 02:41:12',6,NULL,NULL,NULL,NULL,2,NULL,NULL,0,NULL,0,NULL,1,NULL,NULL,0,NULL,NULL,NULL),(427,NULL,10,'Subject for Pledge Acknowledgment','2013-11-01 05:20:37',1,NULL,NULL,NULL,NULL,2,NULL,NULL,0,NULL,0,NULL,1,NULL,NULL,0,NULL,NULL,NULL),(428,NULL,8,'Subject for Membership Renewal','2013-07-07 08:43:50',2,NULL,NULL,NULL,NULL,2,NULL,NULL,0,NULL,0,NULL,1,NULL,NULL,0,NULL,NULL,NULL),(429,NULL,7,'Subject for Membership Signup','2013-11-08 08:43:37',6,NULL,NULL,NULL,NULL,2,NULL,NULL,0,NULL,0,NULL,1,NULL,NULL,0,NULL,NULL,NULL),(430,NULL,10,'Subject for Pledge Acknowledgment','2014-03-26 11:22:26',1,NULL,NULL,NULL,NULL,2,NULL,NULL,0,NULL,0,NULL,1,NULL,NULL,0,NULL,NULL,NULL),(431,NULL,8,'Subject for Membership Renewal','2013-05-28 04:18:27',3,NULL,NULL,NULL,NULL,2,NULL,NULL,0,NULL,0,NULL,1,NULL,NULL,0,NULL,NULL,NULL),(432,NULL,8,'Subject for Membership Renewal','2013-07-30 07:00:38',6,NULL,NULL,NULL,NULL,2,NULL,NULL,0,NULL,0,NULL,1,NULL,NULL,0,NULL,NULL,NULL),(433,NULL,8,'Subject for Membership Renewal','2013-11-25 01:04:23',4,NULL,NULL,NULL,NULL,2,NULL,NULL,0,NULL,0,NULL,1,NULL,NULL,0,NULL,NULL,NULL),(434,NULL,7,'Subject for Membership Signup','2014-04-17 03:46:21',4,NULL,NULL,NULL,NULL,2,NULL,NULL,0,NULL,0,NULL,1,NULL,NULL,0,NULL,NULL,NULL),(435,NULL,9,'Subject for Tell a Friend','2013-06-23 08:38:19',2,NULL,NULL,NULL,NULL,2,NULL,NULL,0,NULL,0,NULL,1,NULL,NULL,0,NULL,NULL,NULL),(436,NULL,10,'Subject for Pledge Acknowledgment','2013-09-02 01:11:00',4,NULL,NULL,NULL,NULL,2,NULL,NULL,0,NULL,0,NULL,1,NULL,NULL,0,NULL,NULL,NULL),(437,NULL,7,'Subject for Membership Signup','2014-04-17 09:35:17',1,NULL,NULL,NULL,NULL,2,NULL,NULL,0,NULL,0,NULL,1,NULL,NULL,0,NULL,NULL,NULL),(438,NULL,8,'Subject for Membership Renewal','2014-02-06 01:14:05',3,NULL,NULL,NULL,NULL,2,NULL,NULL,0,NULL,0,NULL,1,NULL,NULL,0,NULL,NULL,NULL),(439,NULL,7,'Subject for Membership Signup','2013-09-10 04:16:31',3,NULL,NULL,NULL,NULL,2,NULL,NULL,0,NULL,0,NULL,1,NULL,NULL,0,NULL,NULL,NULL),(440,NULL,10,'Subject for Pledge Acknowledgment','2013-10-25 02:04:21',4,NULL,NULL,NULL,NULL,2,NULL,NULL,0,NULL,0,NULL,1,NULL,NULL,0,NULL,NULL,NULL),(441,NULL,8,'Subject for Membership Renewal','2013-10-04 05:18:38',6,NULL,NULL,NULL,NULL,2,NULL,NULL,0,NULL,0,NULL,1,NULL,NULL,0,NULL,NULL,NULL),(442,NULL,8,'Subject for Membership Renewal','2013-05-25 05:14:32',3,NULL,NULL,NULL,NULL,2,NULL,NULL,0,NULL,0,NULL,1,NULL,NULL,0,NULL,NULL,NULL),(443,NULL,9,'Subject for Tell a Friend','2013-11-07 05:15:21',1,NULL,NULL,NULL,NULL,2,NULL,NULL,0,NULL,0,NULL,1,NULL,NULL,0,NULL,NULL,NULL),(444,NULL,9,'Subject for Tell a Friend','2013-11-01 10:04:33',4,NULL,NULL,NULL,NULL,2,NULL,NULL,0,NULL,0,NULL,1,NULL,NULL,0,NULL,NULL,NULL),(445,NULL,9,'Subject for Tell a Friend','2013-06-20 08:51:11',1,NULL,NULL,NULL,NULL,2,NULL,NULL,0,NULL,0,NULL,1,NULL,NULL,0,NULL,NULL,NULL),(446,NULL,9,'Subject for Tell a Friend','2014-04-30 09:22:36',1,NULL,NULL,NULL,NULL,2,NULL,NULL,0,NULL,0,NULL,1,NULL,NULL,0,NULL,NULL,NULL),(447,NULL,8,'Subject for Membership Renewal','2013-10-07 07:07:55',5,NULL,NULL,NULL,NULL,2,NULL,NULL,0,NULL,0,NULL,1,NULL,NULL,0,NULL,NULL,NULL),(448,NULL,9,'Subject for Tell a Friend','2013-08-09 11:40:52',1,NULL,NULL,NULL,NULL,2,NULL,NULL,0,NULL,0,NULL,1,NULL,NULL,0,NULL,NULL,NULL),(449,NULL,7,'Subject for Membership Signup','2014-01-02 01:12:34',1,NULL,NULL,NULL,NULL,2,NULL,NULL,0,NULL,0,NULL,1,NULL,NULL,0,NULL,NULL,NULL),(450,NULL,9,'Subject for Tell a Friend','2013-07-30 03:56:22',3,NULL,NULL,NULL,NULL,2,NULL,NULL,0,NULL,0,NULL,1,NULL,NULL,0,NULL,NULL,NULL),(451,1,6,'$ 125.00-Apr 2007 Mailer 1','2010-04-11 00:00:00',NULL,NULL,NULL,NULL,NULL,2,NULL,NULL,0,NULL,0,NULL,1,NULL,NULL,0,NULL,NULL,NULL),(452,2,6,'$ 50.00-Online: Save the Penguins','2010-03-21 00:00:00',NULL,NULL,NULL,NULL,NULL,2,NULL,NULL,0,NULL,0,NULL,1,NULL,NULL,0,NULL,NULL,NULL),(453,3,6,'$ 25.00-Apr 2007 Mailer 1','2010-04-29 00:00:00',NULL,NULL,NULL,NULL,NULL,2,NULL,NULL,0,NULL,0,NULL,1,NULL,NULL,0,NULL,NULL,NULL),(454,4,6,'$ 50.00-Apr 2007 Mailer 1','2010-04-11 00:00:00',NULL,NULL,NULL,NULL,NULL,2,NULL,NULL,0,NULL,0,NULL,1,NULL,NULL,0,NULL,NULL,NULL),(455,5,6,'$ 500.00-Apr 2007 Mailer 1','2010-04-15 00:00:00',NULL,NULL,NULL,NULL,NULL,2,NULL,NULL,0,NULL,0,NULL,1,NULL,NULL,0,NULL,NULL,NULL),(456,6,6,'$ 175.00-Apr 2007 Mailer 1','2010-04-11 00:00:00',NULL,NULL,NULL,NULL,NULL,2,NULL,NULL,0,NULL,0,NULL,1,NULL,NULL,0,NULL,NULL,NULL),(457,7,6,'$ 50.00-Online: Save the Penguins','2010-03-27 00:00:00',NULL,NULL,NULL,NULL,NULL,2,NULL,NULL,0,NULL,0,NULL,1,NULL,NULL,0,NULL,NULL,NULL),(458,8,6,'$ 10.00-Online: Save the Penguins','2010-03-08 00:00:00',NULL,NULL,NULL,NULL,NULL,2,NULL,NULL,0,NULL,0,NULL,1,NULL,NULL,0,NULL,NULL,NULL),(459,9,6,'$ 250.00-Online: Save the Penguins','2010-04-22 00:00:00',NULL,NULL,NULL,NULL,NULL,2,NULL,NULL,0,NULL,0,NULL,1,NULL,NULL,0,NULL,NULL,NULL),(460,10,6,NULL,'2009-07-01 11:53:50',NULL,NULL,NULL,NULL,NULL,2,NULL,NULL,0,NULL,0,NULL,1,NULL,NULL,0,NULL,NULL,NULL),(461,11,6,NULL,'2009-07-01 12:55:41',NULL,NULL,NULL,NULL,NULL,2,NULL,NULL,0,NULL,0,NULL,1,NULL,NULL,0,NULL,NULL,NULL),(462,12,6,NULL,'2009-10-01 11:53:50',NULL,NULL,NULL,NULL,NULL,2,NULL,NULL,0,NULL,0,NULL,1,NULL,NULL,0,NULL,NULL,NULL),(463,13,6,NULL,'2009-12-01 12:55:41',NULL,NULL,NULL,NULL,NULL,2,NULL,NULL,0,NULL,0,NULL,1,NULL,NULL,0,NULL,NULL,NULL),(464,1,7,'General','2014-04-30 00:00:00',NULL,NULL,NULL,NULL,NULL,2,NULL,NULL,0,NULL,0,NULL,1,NULL,NULL,0,NULL,NULL,NULL),(465,2,7,'Student','2014-04-29 00:00:00',NULL,NULL,NULL,NULL,NULL,2,NULL,NULL,0,NULL,0,NULL,1,NULL,NULL,0,NULL,NULL,NULL),(466,3,7,'General','2014-04-28 00:00:00',NULL,NULL,NULL,NULL,NULL,2,NULL,NULL,0,NULL,0,NULL,1,NULL,NULL,0,NULL,NULL,NULL),(467,4,7,'Student','2014-04-27 00:00:00',NULL,NULL,NULL,NULL,NULL,2,NULL,NULL,0,NULL,0,NULL,1,NULL,NULL,0,NULL,NULL,NULL),(468,5,7,'General','2012-03-29 00:00:00',NULL,NULL,NULL,NULL,NULL,2,NULL,NULL,0,NULL,0,NULL,1,NULL,NULL,0,NULL,NULL,NULL),(469,6,7,'Student','2014-04-25 00:00:00',NULL,NULL,NULL,NULL,NULL,2,NULL,NULL,0,NULL,0,NULL,1,NULL,NULL,0,NULL,NULL,NULL),(470,7,7,'General','2014-04-24 00:00:00',NULL,NULL,NULL,NULL,NULL,2,NULL,NULL,0,NULL,0,NULL,1,NULL,NULL,0,NULL,NULL,NULL),(471,8,7,'Student','2014-04-23 00:00:00',NULL,NULL,NULL,NULL,NULL,2,NULL,NULL,0,NULL,0,NULL,1,NULL,NULL,0,NULL,NULL,NULL),(472,9,7,'General','2014-04-22 00:00:00',NULL,NULL,NULL,NULL,NULL,2,NULL,NULL,0,NULL,0,NULL,1,NULL,NULL,0,NULL,NULL,NULL),(473,10,7,'General','2012-02-18 00:00:00',NULL,NULL,NULL,NULL,NULL,2,NULL,NULL,0,NULL,0,NULL,1,NULL,NULL,0,NULL,NULL,NULL),(474,11,7,'Lifetime','2014-04-20 00:00:00',NULL,NULL,NULL,NULL,NULL,2,NULL,NULL,0,NULL,0,NULL,1,NULL,NULL,0,NULL,NULL,NULL),(475,12,7,'Student','2014-04-19 00:00:00',NULL,NULL,NULL,NULL,NULL,2,NULL,NULL,0,NULL,0,NULL,1,NULL,NULL,0,NULL,NULL,NULL),(476,13,7,'General','2014-04-18 00:00:00',NULL,NULL,NULL,NULL,NULL,2,NULL,NULL,0,NULL,0,NULL,1,NULL,NULL,0,NULL,NULL,NULL),(477,14,7,'Student','2014-04-17 00:00:00',NULL,NULL,NULL,NULL,NULL,2,NULL,NULL,0,NULL,0,NULL,1,NULL,NULL,0,NULL,NULL,NULL),(478,15,7,'General','2012-01-09 00:00:00',NULL,NULL,NULL,NULL,NULL,2,NULL,NULL,0,NULL,0,NULL,1,NULL,NULL,0,NULL,NULL,NULL),(479,16,7,'Student','2014-04-15 00:00:00',NULL,NULL,NULL,NULL,NULL,2,NULL,NULL,0,NULL,0,NULL,1,NULL,NULL,0,NULL,NULL,NULL),(480,17,7,'General','2014-04-14 00:00:00',NULL,NULL,NULL,NULL,NULL,2,NULL,NULL,0,NULL,0,NULL,1,NULL,NULL,0,NULL,NULL,NULL),(481,18,7,'Student','2014-04-13 00:00:00',NULL,NULL,NULL,NULL,NULL,2,NULL,NULL,0,NULL,0,NULL,1,NULL,NULL,0,NULL,NULL,NULL),(482,19,7,'General','2014-04-12 00:00:00',NULL,NULL,NULL,NULL,NULL,2,NULL,NULL,0,NULL,0,NULL,1,NULL,NULL,0,NULL,NULL,NULL),(483,20,7,'General','2011-11-30 00:00:00',NULL,NULL,NULL,NULL,NULL,2,NULL,NULL,0,NULL,0,NULL,1,NULL,NULL,0,NULL,NULL,NULL),(484,21,7,'General','2014-04-10 00:00:00',NULL,NULL,NULL,NULL,NULL,2,NULL,NULL,0,NULL,0,NULL,1,NULL,NULL,0,NULL,NULL,NULL),(485,22,7,'Lifetime','2014-04-09 00:00:00',NULL,NULL,NULL,NULL,NULL,2,NULL,NULL,0,NULL,0,NULL,1,NULL,NULL,0,NULL,NULL,NULL),(486,23,7,'General','2014-04-08 00:00:00',NULL,NULL,NULL,NULL,NULL,2,NULL,NULL,0,NULL,0,NULL,1,NULL,NULL,0,NULL,NULL,NULL),(487,24,7,'Student','2014-04-07 00:00:00',NULL,NULL,NULL,NULL,NULL,2,NULL,NULL,0,NULL,0,NULL,1,NULL,NULL,0,NULL,NULL,NULL),(488,25,7,'Student','2013-04-06 00:00:00',NULL,NULL,NULL,NULL,NULL,2,NULL,NULL,0,NULL,0,NULL,1,NULL,NULL,0,NULL,NULL,NULL),(489,26,7,'Student','2014-04-05 00:00:00',NULL,NULL,NULL,NULL,NULL,2,NULL,NULL,0,NULL,0,NULL,1,NULL,NULL,0,NULL,NULL,NULL),(490,27,7,'General','2014-04-04 00:00:00',NULL,NULL,NULL,NULL,NULL,2,NULL,NULL,0,NULL,0,NULL,1,NULL,NULL,0,NULL,NULL,NULL),(491,28,7,'Student','2014-04-03 00:00:00',NULL,NULL,NULL,NULL,NULL,2,NULL,NULL,0,NULL,0,NULL,1,NULL,NULL,0,NULL,NULL,NULL),(492,29,7,'General','2014-04-02 00:00:00',NULL,NULL,NULL,NULL,NULL,2,NULL,NULL,0,NULL,0,NULL,1,NULL,NULL,0,NULL,NULL,NULL),(493,30,7,'General','2011-09-11 00:00:00',NULL,NULL,NULL,NULL,NULL,2,NULL,NULL,0,NULL,0,NULL,1,NULL,NULL,0,NULL,NULL,NULL),(494,14,6,'$ 100.00 - General Membership: Offline signup','2014-04-30 15:09:27',NULL,NULL,NULL,NULL,'Membership Payment',2,NULL,NULL,0,NULL,0,NULL,1,NULL,NULL,0,NULL,NULL,NULL),(495,15,6,'$ 50.00 - Student Membership: Offline signup','2014-04-30 15:09:27',NULL,NULL,NULL,NULL,'Membership Payment',2,NULL,NULL,0,NULL,0,NULL,1,NULL,NULL,0,NULL,NULL,NULL),(496,16,6,'$ 100.00 - General Membership: Offline signup','2014-04-30 15:09:27',NULL,NULL,NULL,NULL,'Membership Payment',2,NULL,NULL,0,NULL,0,NULL,1,NULL,NULL,0,NULL,NULL,NULL),(497,17,6,'$ 50.00 - Student Membership: Offline signup','2014-04-30 15:09:27',NULL,NULL,NULL,NULL,'Membership Payment',2,NULL,NULL,0,NULL,0,NULL,1,NULL,NULL,0,NULL,NULL,NULL),(498,18,6,'$ 100.00 - General Membership: Offline signup','2014-04-30 15:09:27',NULL,NULL,NULL,NULL,'Membership Payment',2,NULL,NULL,0,NULL,0,NULL,1,NULL,NULL,0,NULL,NULL,NULL),(499,19,6,'$ 50.00 - Student Membership: Offline signup','2014-04-30 15:09:27',NULL,NULL,NULL,NULL,'Membership Payment',2,NULL,NULL,0,NULL,0,NULL,1,NULL,NULL,0,NULL,NULL,NULL),(500,20,6,'$ 100.00 - General Membership: Offline signup','2014-04-30 15:09:27',NULL,NULL,NULL,NULL,'Membership Payment',2,NULL,NULL,0,NULL,0,NULL,1,NULL,NULL,0,NULL,NULL,NULL),(501,21,6,'$ 50.00 - Student Membership: Offline signup','2014-04-30 15:09:27',NULL,NULL,NULL,NULL,'Membership Payment',2,NULL,NULL,0,NULL,0,NULL,1,NULL,NULL,0,NULL,NULL,NULL),(502,22,6,'$ 100.00 - General Membership: Offline signup','2014-04-30 15:09:27',NULL,NULL,NULL,NULL,'Membership Payment',2,NULL,NULL,0,NULL,0,NULL,1,NULL,NULL,0,NULL,NULL,NULL),(503,23,6,'$ 100.00 - General Membership: Offline signup','2014-04-30 15:09:27',NULL,NULL,NULL,NULL,'Membership Payment',2,NULL,NULL,0,NULL,0,NULL,1,NULL,NULL,0,NULL,NULL,NULL),(504,24,6,'$ 1200.00 - Lifetime Membership: Offline signup','2014-04-30 15:09:27',NULL,NULL,NULL,NULL,'Membership Payment',2,NULL,NULL,0,NULL,0,NULL,1,NULL,NULL,0,NULL,NULL,NULL),(505,25,6,'$ 50.00 - Student Membership: Offline signup','2014-04-30 15:09:27',NULL,NULL,NULL,NULL,'Membership Payment',2,NULL,NULL,0,NULL,0,NULL,1,NULL,NULL,0,NULL,NULL,NULL),(506,26,6,'$ 100.00 - General Membership: Offline signup','2014-04-30 15:09:27',NULL,NULL,NULL,NULL,'Membership Payment',2,NULL,NULL,0,NULL,0,NULL,1,NULL,NULL,0,NULL,NULL,NULL),(507,27,6,'$ 50.00 - Student Membership: Offline signup','2014-04-30 15:09:27',NULL,NULL,NULL,NULL,'Membership Payment',2,NULL,NULL,0,NULL,0,NULL,1,NULL,NULL,0,NULL,NULL,NULL),(508,28,6,'$ 100.00 - General Membership: Offline signup','2014-04-30 15:09:27',NULL,NULL,NULL,NULL,'Membership Payment',2,NULL,NULL,0,NULL,0,NULL,1,NULL,NULL,0,NULL,NULL,NULL),(509,29,6,'$ 50.00 - Student Membership: Offline signup','2014-04-30 15:09:27',NULL,NULL,NULL,NULL,'Membership Payment',2,NULL,NULL,0,NULL,0,NULL,1,NULL,NULL,0,NULL,NULL,NULL),(510,30,6,'$ 100.00 - General Membership: Offline signup','2014-04-30 15:09:27',NULL,NULL,NULL,NULL,'Membership Payment',2,NULL,NULL,0,NULL,0,NULL,1,NULL,NULL,0,NULL,NULL,NULL),(511,31,6,'$ 50.00 - Student Membership: Offline signup','2014-04-30 15:09:27',NULL,NULL,NULL,NULL,'Membership Payment',2,NULL,NULL,0,NULL,0,NULL,1,NULL,NULL,0,NULL,NULL,NULL),(512,32,6,'$ 100.00 - General Membership: Offline signup','2014-04-30 15:09:27',NULL,NULL,NULL,NULL,'Membership Payment',2,NULL,NULL,0,NULL,0,NULL,1,NULL,NULL,0,NULL,NULL,NULL),(513,33,6,'$ 100.00 - General Membership: Offline signup','2014-04-30 15:09:27',NULL,NULL,NULL,NULL,'Membership Payment',2,NULL,NULL,0,NULL,0,NULL,1,NULL,NULL,0,NULL,NULL,NULL),(514,34,6,'$ 100.00 - General Membership: Offline signup','2014-04-30 15:09:27',NULL,NULL,NULL,NULL,'Membership Payment',2,NULL,NULL,0,NULL,0,NULL,1,NULL,NULL,0,NULL,NULL,NULL),(515,35,6,'$ 1200.00 - Lifetime Membership: Offline signup','2014-04-30 15:09:27',NULL,NULL,NULL,NULL,'Membership Payment',2,NULL,NULL,0,NULL,0,NULL,1,NULL,NULL,0,NULL,NULL,NULL),(516,36,6,'$ 100.00 - General Membership: Offline signup','2014-04-30 15:09:27',NULL,NULL,NULL,NULL,'Membership Payment',2,NULL,NULL,0,NULL,0,NULL,1,NULL,NULL,0,NULL,NULL,NULL),(517,37,6,'$ 50.00 - Student Membership: Offline signup','2014-04-30 15:09:27',NULL,NULL,NULL,NULL,'Membership Payment',2,NULL,NULL,0,NULL,0,NULL,1,NULL,NULL,0,NULL,NULL,NULL),(518,38,6,'$ 50.00 - Student Membership: Offline signup','2014-04-30 15:09:27',NULL,NULL,NULL,NULL,'Membership Payment',2,NULL,NULL,0,NULL,0,NULL,1,NULL,NULL,0,NULL,NULL,NULL),(519,39,6,'$ 50.00 - Student Membership: Offline signup','2014-04-30 15:09:27',NULL,NULL,NULL,NULL,'Membership Payment',2,NULL,NULL,0,NULL,0,NULL,1,NULL,NULL,0,NULL,NULL,NULL),(520,40,6,'$ 100.00 - General Membership: Offline signup','2014-04-30 15:09:27',NULL,NULL,NULL,NULL,'Membership Payment',2,NULL,NULL,0,NULL,0,NULL,1,NULL,NULL,0,NULL,NULL,NULL),(521,41,6,'$ 50.00 - Student Membership: Offline signup','2014-04-30 15:09:27',NULL,NULL,NULL,NULL,'Membership Payment',2,NULL,NULL,0,NULL,0,NULL,1,NULL,NULL,0,NULL,NULL,NULL),(522,42,6,'$ 100.00 - General Membership: Offline signup','2014-04-30 15:09:27',NULL,NULL,NULL,NULL,'Membership Payment',2,NULL,NULL,0,NULL,0,NULL,1,NULL,NULL,0,NULL,NULL,NULL),(523,43,6,'$ 100.00 - General Membership: Offline signup','2014-04-30 15:09:27',NULL,NULL,NULL,NULL,'Membership Payment',2,NULL,NULL,0,NULL,0,NULL,1,NULL,NULL,0,NULL,NULL,NULL),(525,1,5,'NULL','2009-01-21 00:00:00',NULL,NULL,NULL,NULL,NULL,2,NULL,NULL,0,NULL,0,NULL,1,NULL,NULL,0,NULL,NULL,NULL),(526,2,5,'NULL','2008-05-07 00:00:00',NULL,NULL,NULL,NULL,NULL,2,NULL,NULL,0,NULL,0,NULL,1,NULL,NULL,0,NULL,NULL,NULL),(527,3,5,'NULL','2008-05-05 00:00:00',NULL,NULL,NULL,NULL,NULL,2,NULL,NULL,0,NULL,0,NULL,1,NULL,NULL,0,NULL,NULL,NULL),(528,4,5,'NULL','2008-10-21 00:00:00',NULL,NULL,NULL,NULL,NULL,2,NULL,NULL,0,NULL,0,NULL,1,NULL,NULL,0,NULL,NULL,NULL),(529,5,5,'NULL','2008-01-10 00:00:00',NULL,NULL,NULL,NULL,NULL,2,NULL,NULL,0,NULL,0,NULL,1,NULL,NULL,0,NULL,NULL,NULL),(530,6,5,'NULL','2008-03-05 00:00:00',NULL,NULL,NULL,NULL,NULL,2,NULL,NULL,0,NULL,0,NULL,1,NULL,NULL,0,NULL,NULL,NULL),(531,7,5,'NULL','2009-07-21 00:00:00',NULL,NULL,NULL,NULL,NULL,2,NULL,NULL,0,NULL,0,NULL,1,NULL,NULL,0,NULL,NULL,NULL),(532,8,5,'NULL','2009-03-07 00:00:00',NULL,NULL,NULL,NULL,NULL,2,NULL,NULL,0,NULL,0,NULL,1,NULL,NULL,0,NULL,NULL,NULL),(533,9,5,'NULL','2008-02-05 00:00:00',NULL,NULL,NULL,NULL,NULL,2,NULL,NULL,0,NULL,0,NULL,1,NULL,NULL,0,NULL,NULL,NULL),(534,10,5,'NULL','2008-02-01 00:00:00',NULL,NULL,NULL,NULL,NULL,2,NULL,NULL,0,NULL,0,NULL,1,NULL,NULL,0,NULL,NULL,NULL),(535,11,5,'NULL','2009-01-10 00:00:00',NULL,NULL,NULL,NULL,NULL,2,NULL,NULL,0,NULL,0,NULL,1,NULL,NULL,0,NULL,NULL,NULL),(536,12,5,'NULL','2009-03-06 00:00:00',NULL,NULL,NULL,NULL,NULL,2,NULL,NULL,0,NULL,0,NULL,1,NULL,NULL,0,NULL,NULL,NULL),(537,13,5,'NULL','2008-06-04 00:00:00',NULL,NULL,NULL,NULL,NULL,2,NULL,NULL,0,NULL,0,NULL,1,NULL,NULL,0,NULL,NULL,NULL),(538,14,5,'NULL','2008-01-10 00:00:00',NULL,NULL,NULL,NULL,NULL,2,NULL,NULL,0,NULL,0,NULL,1,NULL,NULL,0,NULL,NULL,NULL),(539,15,5,'NULL','2008-07-04 00:00:00',NULL,NULL,NULL,NULL,NULL,2,NULL,NULL,0,NULL,0,NULL,1,NULL,NULL,0,NULL,NULL,NULL),(540,16,5,'NULL','2009-01-21 00:00:00',NULL,NULL,NULL,NULL,NULL,2,NULL,NULL,0,NULL,0,NULL,1,NULL,NULL,0,NULL,NULL,NULL),(541,17,5,'NULL','2008-01-10 00:00:00',NULL,NULL,NULL,NULL,NULL,2,NULL,NULL,0,NULL,0,NULL,1,NULL,NULL,0,NULL,NULL,NULL),(542,18,5,'NULL','2009-03-05 00:00:00',NULL,NULL,NULL,NULL,NULL,2,NULL,NULL,0,NULL,0,NULL,1,NULL,NULL,0,NULL,NULL,NULL),(543,19,5,'NULL','2008-10-21 00:00:00',NULL,NULL,NULL,NULL,NULL,2,NULL,NULL,0,NULL,0,NULL,1,NULL,NULL,0,NULL,NULL,NULL),(544,20,5,'NULL','2009-01-10 00:00:00',NULL,NULL,NULL,NULL,NULL,2,NULL,NULL,0,NULL,0,NULL,1,NULL,NULL,0,NULL,NULL,NULL),(545,21,5,'NULL','2008-03-25 00:00:00',NULL,NULL,NULL,NULL,NULL,2,NULL,NULL,0,NULL,0,NULL,1,NULL,NULL,0,NULL,NULL,NULL),(546,22,5,'NULL','2009-10-21 00:00:00',NULL,NULL,NULL,NULL,NULL,2,NULL,NULL,0,NULL,0,NULL,1,NULL,NULL,0,NULL,NULL,NULL),(547,23,5,'NULL','2008-01-10 00:00:00',NULL,NULL,NULL,NULL,NULL,2,NULL,NULL,0,NULL,0,NULL,1,NULL,NULL,0,NULL,NULL,NULL),(548,24,5,'NULL','2008-03-11 00:00:00',NULL,NULL,NULL,NULL,NULL,2,NULL,NULL,0,NULL,0,NULL,1,NULL,NULL,0,NULL,NULL,NULL),(549,25,5,'NULL','2008-04-05 00:00:00',NULL,NULL,NULL,NULL,NULL,2,NULL,NULL,0,NULL,0,NULL,1,NULL,NULL,0,NULL,NULL,NULL),(550,26,5,'NULL','2009-01-21 00:00:00',NULL,NULL,NULL,NULL,NULL,2,NULL,NULL,0,NULL,0,NULL,1,NULL,NULL,0,NULL,NULL,NULL),(551,27,5,'NULL','2008-05-07 00:00:00',NULL,NULL,NULL,NULL,NULL,2,NULL,NULL,0,NULL,0,NULL,1,NULL,NULL,0,NULL,NULL,NULL),(552,28,5,'NULL','2009-12-12 00:00:00',NULL,NULL,NULL,NULL,NULL,2,NULL,NULL,0,NULL,0,NULL,1,NULL,NULL,0,NULL,NULL,NULL),(553,29,5,'NULL','2009-12-13 00:00:00',NULL,NULL,NULL,NULL,NULL,2,NULL,NULL,0,NULL,0,NULL,1,NULL,NULL,0,NULL,NULL,NULL),(554,30,5,'NULL','2009-12-14 00:00:00',NULL,NULL,NULL,NULL,NULL,2,NULL,NULL,0,NULL,0,NULL,1,NULL,NULL,0,NULL,NULL,NULL),(555,31,5,'NULL','2009-12-15 00:00:00',NULL,NULL,NULL,NULL,NULL,2,NULL,NULL,0,NULL,0,NULL,1,NULL,NULL,0,NULL,NULL,NULL),(556,32,5,'NULL','2009-07-21 00:00:00',NULL,NULL,NULL,NULL,NULL,2,NULL,NULL,0,NULL,0,NULL,1,NULL,NULL,0,NULL,NULL,NULL),(557,33,5,'NULL','2009-03-07 00:00:00',NULL,NULL,NULL,NULL,NULL,2,NULL,NULL,0,NULL,0,NULL,1,NULL,NULL,0,NULL,NULL,NULL),(558,34,5,'NULL','2009-12-15 00:00:00',NULL,NULL,NULL,NULL,NULL,2,NULL,NULL,0,NULL,0,NULL,1,NULL,NULL,0,NULL,NULL,NULL),(559,35,5,'NULL','2009-12-13 00:00:00',NULL,NULL,NULL,NULL,NULL,2,NULL,NULL,0,NULL,0,NULL,1,NULL,NULL,0,NULL,NULL,NULL),(560,36,5,'NULL','2009-01-10 00:00:00',NULL,NULL,NULL,NULL,NULL,2,NULL,NULL,0,NULL,0,NULL,1,NULL,NULL,0,NULL,NULL,NULL),(561,37,5,'NULL','2009-03-06 00:00:00',NULL,NULL,NULL,NULL,NULL,2,NULL,NULL,0,NULL,0,NULL,1,NULL,NULL,0,NULL,NULL,NULL),(562,38,5,'NULL','2009-12-13 00:00:00',NULL,NULL,NULL,NULL,NULL,2,NULL,NULL,0,NULL,0,NULL,1,NULL,NULL,0,NULL,NULL,NULL),(563,39,5,'NULL','2008-01-10 00:00:00',NULL,NULL,NULL,NULL,NULL,2,NULL,NULL,0,NULL,0,NULL,1,NULL,NULL,0,NULL,NULL,NULL),(564,40,5,'NULL','2009-12-14 00:00:00',NULL,NULL,NULL,NULL,NULL,2,NULL,NULL,0,NULL,0,NULL,1,NULL,NULL,0,NULL,NULL,NULL),(565,41,5,'NULL','2009-01-21 00:00:00',NULL,NULL,NULL,NULL,NULL,2,NULL,NULL,0,NULL,0,NULL,1,NULL,NULL,0,NULL,NULL,NULL),(566,42,5,'NULL','2009-12-15 00:00:00',NULL,NULL,NULL,NULL,NULL,2,NULL,NULL,0,NULL,0,NULL,1,NULL,NULL,0,NULL,NULL,NULL),(567,43,5,'NULL','2009-03-05 00:00:00',NULL,NULL,NULL,NULL,NULL,2,NULL,NULL,0,NULL,0,NULL,1,NULL,NULL,0,NULL,NULL,NULL),(568,44,5,'NULL','2009-12-13 00:00:00',NULL,NULL,NULL,NULL,NULL,2,NULL,NULL,0,NULL,0,NULL,1,NULL,NULL,0,NULL,NULL,NULL),(569,45,5,'NULL','2009-01-10 00:00:00',NULL,NULL,NULL,NULL,NULL,2,NULL,NULL,0,NULL,0,NULL,1,NULL,NULL,0,NULL,NULL,NULL),(570,46,5,'NULL','2009-12-13 00:00:00',NULL,NULL,NULL,NULL,NULL,2,NULL,NULL,0,NULL,0,NULL,1,NULL,NULL,0,NULL,NULL,NULL),(571,47,5,'NULL','2009-10-21 00:00:00',NULL,NULL,NULL,NULL,NULL,2,NULL,NULL,0,NULL,0,NULL,1,NULL,NULL,0,NULL,NULL,NULL),(572,48,5,'NULL','2009-12-10 00:00:00',NULL,NULL,NULL,NULL,NULL,2,NULL,NULL,0,NULL,0,NULL,1,NULL,NULL,0,NULL,NULL,NULL),(573,49,5,'NULL','2009-03-11 00:00:00',NULL,NULL,NULL,NULL,NULL,2,NULL,NULL,0,NULL,0,NULL,1,NULL,NULL,0,NULL,NULL,NULL),(574,50,5,'NULL','2009-04-05 00:00:00',NULL,NULL,NULL,NULL,NULL,2,NULL,NULL,0,NULL,0,NULL,1,NULL,NULL,0,NULL,NULL,NULL),(575,45,6,'$ 800.00 - Rain-forest Cup Youth Soccer Tournament : Offline registration','2014-04-30 15:09:28',NULL,NULL,NULL,NULL,'Participant',2,NULL,NULL,0,NULL,0,NULL,1,NULL,NULL,0,NULL,NULL,NULL),(576,46,6,'$ 50.00 - Fall Fundraiser Dinner : Offline registration','2014-04-30 15:09:28',NULL,NULL,NULL,NULL,'Participant',2,NULL,NULL,0,NULL,0,NULL,1,NULL,NULL,0,NULL,NULL,NULL),(577,47,6,'$ 50.00 - Summer Solstice Festival Day Concert : Offline registration','2014-04-30 15:09:28',NULL,NULL,NULL,NULL,'Participant',2,NULL,NULL,0,NULL,0,NULL,1,NULL,NULL,0,NULL,NULL,NULL),(578,48,6,'$ 50.00 - Fall Fundraiser Dinner : Offline registration','2014-04-30 15:09:28',NULL,NULL,NULL,NULL,'Participant',2,NULL,NULL,0,NULL,0,NULL,1,NULL,NULL,0,NULL,NULL,NULL),(579,49,6,'$ 800.00 - Rain-forest Cup Youth Soccer Tournament : Offline registration','2014-04-30 15:09:28',NULL,NULL,NULL,NULL,'Participant',2,NULL,NULL,0,NULL,0,NULL,1,NULL,NULL,0,NULL,NULL,NULL),(580,50,6,'$ 800.00 - Rain-forest Cup Youth Soccer Tournament : Offline registration','2014-04-30 15:09:28',NULL,NULL,NULL,NULL,'Participant',2,NULL,NULL,0,NULL,0,NULL,1,NULL,NULL,0,NULL,NULL,NULL),(581,51,6,'$ 800.00 - Rain-forest Cup Youth Soccer Tournament : Offline registration','2014-04-30 15:09:28',NULL,NULL,NULL,NULL,'Participant',2,NULL,NULL,0,NULL,0,NULL,1,NULL,NULL,0,NULL,NULL,NULL),(582,52,6,'$ 800.00 - Rain-forest Cup Youth Soccer Tournament : Offline registration','2014-04-30 15:09:28',NULL,NULL,NULL,NULL,'Participant',2,NULL,NULL,0,NULL,0,NULL,1,NULL,NULL,0,NULL,NULL,NULL),(583,53,6,'$ 800.00 - Rain-forest Cup Youth Soccer Tournament : Offline registration','2014-04-30 15:09:28',NULL,NULL,NULL,NULL,'Participant',2,NULL,NULL,0,NULL,0,NULL,1,NULL,NULL,0,NULL,NULL,NULL),(584,54,6,'$ 50.00 - Fall Fundraiser Dinner : Offline registration','2014-04-30 15:09:28',NULL,NULL,NULL,NULL,'Participant',2,NULL,NULL,0,NULL,0,NULL,1,NULL,NULL,0,NULL,NULL,NULL),(585,55,6,'$ 800.00 - Rain-forest Cup Youth Soccer Tournament : Offline registration','2014-04-30 15:09:28',NULL,NULL,NULL,NULL,'Participant',2,NULL,NULL,0,NULL,0,NULL,1,NULL,NULL,0,NULL,NULL,NULL),(586,56,6,'$ 800.00 - Rain-forest Cup Youth Soccer Tournament : Offline registration','2014-04-30 15:09:28',NULL,NULL,NULL,NULL,'Participant',2,NULL,NULL,0,NULL,0,NULL,1,NULL,NULL,0,NULL,NULL,NULL),(587,57,6,'$ 50.00 - Summer Solstice Festival Day Concert : Offline registration','2014-04-30 15:09:28',NULL,NULL,NULL,NULL,'Participant',2,NULL,NULL,0,NULL,0,NULL,1,NULL,NULL,0,NULL,NULL,NULL),(588,58,6,'$ 50.00 - Summer Solstice Festival Day Concert : Offline registration','2014-04-30 15:09:28',NULL,NULL,NULL,NULL,'Participant',2,NULL,NULL,0,NULL,0,NULL,1,NULL,NULL,0,NULL,NULL,NULL),(589,59,6,'$ 50.00 - Fall Fundraiser Dinner : Offline registration','2014-04-30 15:09:28',NULL,NULL,NULL,NULL,'Participant',2,NULL,NULL,0,NULL,0,NULL,1,NULL,NULL,0,NULL,NULL,NULL),(590,60,6,'$ 800.00 - Rain-forest Cup Youth Soccer Tournament : Offline registration','2014-04-30 15:09:28',NULL,NULL,NULL,NULL,'Participant',2,NULL,NULL,0,NULL,0,NULL,1,NULL,NULL,0,NULL,NULL,NULL),(591,61,6,'$ 50.00 - Fall Fundraiser Dinner : Offline registration','2014-04-30 15:09:28',NULL,NULL,NULL,NULL,'Participant',2,NULL,NULL,0,NULL,0,NULL,1,NULL,NULL,0,NULL,NULL,NULL),(592,62,6,'$ 800.00 - Rain-forest Cup Youth Soccer Tournament : Offline registration','2014-04-30 15:09:28',NULL,NULL,NULL,NULL,'Participant',2,NULL,NULL,0,NULL,0,NULL,1,NULL,NULL,0,NULL,NULL,NULL),(593,63,6,'$ 50.00 - Fall Fundraiser Dinner : Offline registration','2014-04-30 15:09:28',NULL,NULL,NULL,NULL,'Participant',2,NULL,NULL,0,NULL,0,NULL,1,NULL,NULL,0,NULL,NULL,NULL),(594,64,6,'$ 50.00 - Fall Fundraiser Dinner : Offline registration','2014-04-30 15:09:28',NULL,NULL,NULL,NULL,'Participant',2,NULL,NULL,0,NULL,0,NULL,1,NULL,NULL,0,NULL,NULL,NULL),(595,65,6,'$ 50.00 - Summer Solstice Festival Day Concert : Offline registration','2014-04-30 15:09:28',NULL,NULL,NULL,NULL,'Participant',2,NULL,NULL,0,NULL,0,NULL,1,NULL,NULL,0,NULL,NULL,NULL),(596,66,6,'$ 800.00 - Rain-forest Cup Youth Soccer Tournament : Offline registration','2014-04-30 15:09:28',NULL,NULL,NULL,NULL,'Participant',2,NULL,NULL,0,NULL,0,NULL,1,NULL,NULL,0,NULL,NULL,NULL),(597,67,6,'$ 50.00 - Summer Solstice Festival Day Concert : Offline registration','2014-04-30 15:09:28',NULL,NULL,NULL,NULL,'Participant',2,NULL,NULL,0,NULL,0,NULL,1,NULL,NULL,0,NULL,NULL,NULL),(598,68,6,'$ 50.00 - Summer Solstice Festival Day Concert : Offline registration','2014-04-30 15:09:28',NULL,NULL,NULL,NULL,'Participant',2,NULL,NULL,0,NULL,0,NULL,1,NULL,NULL,0,NULL,NULL,NULL),(599,69,6,'$ 800.00 - Rain-forest Cup Youth Soccer Tournament : Offline registration','2014-04-30 15:09:28',NULL,NULL,NULL,NULL,'Participant',2,NULL,NULL,0,NULL,0,NULL,1,NULL,NULL,0,NULL,NULL,NULL),(600,70,6,'$ 50.00 - Summer Solstice Festival Day Concert : Offline registration','2014-04-30 15:09:28',NULL,NULL,NULL,NULL,'Participant',2,NULL,NULL,0,NULL,0,NULL,1,NULL,NULL,0,NULL,NULL,NULL),(601,71,6,'$ 50.00 - Fall Fundraiser Dinner : Offline registration','2014-04-30 15:09:28',NULL,NULL,NULL,NULL,'Participant',2,NULL,NULL,0,NULL,0,NULL,1,NULL,NULL,0,NULL,NULL,NULL),(602,72,6,'$ 50.00 - Fall Fundraiser Dinner : Offline registration','2014-04-30 15:09:28',NULL,NULL,NULL,NULL,'Participant',2,NULL,NULL,0,NULL,0,NULL,1,NULL,NULL,0,NULL,NULL,NULL),(603,73,6,'$ 50.00 - Summer Solstice Festival Day Concert : Offline registration','2014-04-30 15:09:28',NULL,NULL,NULL,NULL,'Participant',2,NULL,NULL,0,NULL,0,NULL,1,NULL,NULL,0,NULL,NULL,NULL),(604,74,6,'$ 800.00 - Rain-forest Cup Youth Soccer Tournament : Offline registration','2014-04-30 15:09:28',NULL,NULL,NULL,NULL,'Participant',2,NULL,NULL,0,NULL,0,NULL,1,NULL,NULL,0,NULL,NULL,NULL),(605,75,6,'$ 50.00 - Summer Solstice Festival Day Concert : Offline registration','2014-04-30 15:09:28',NULL,NULL,NULL,NULL,'Participant',2,NULL,NULL,0,NULL,0,NULL,1,NULL,NULL,0,NULL,NULL,NULL),(606,76,6,'$ 50.00 - Fall Fundraiser Dinner : Offline registration','2014-04-30 15:09:28',NULL,NULL,NULL,NULL,'Participant',2,NULL,NULL,0,NULL,0,NULL,1,NULL,NULL,0,NULL,NULL,NULL),(607,77,6,'$ 800.00 - Rain-forest Cup Youth Soccer Tournament : Offline registration','2014-04-30 15:09:28',NULL,NULL,NULL,NULL,'Participant',2,NULL,NULL,0,NULL,0,NULL,1,NULL,NULL,0,NULL,NULL,NULL),(608,78,6,'$ 50.00 - Summer Solstice Festival Day Concert : Offline registration','2014-04-30 15:09:28',NULL,NULL,NULL,NULL,'Participant',2,NULL,NULL,0,NULL,0,NULL,1,NULL,NULL,0,NULL,NULL,NULL),(609,79,6,'$ 50.00 - Summer Solstice Festival Day Concert : Offline registration','2014-04-30 15:09:28',NULL,NULL,NULL,NULL,'Participant',2,NULL,NULL,0,NULL,0,NULL,1,NULL,NULL,0,NULL,NULL,NULL),(610,80,6,'$ 50.00 - Summer Solstice Festival Day Concert : Offline registration','2014-04-30 15:09:28',NULL,NULL,NULL,NULL,'Participant',2,NULL,NULL,0,NULL,0,NULL,1,NULL,NULL,0,NULL,NULL,NULL),(611,81,6,'$ 50.00 - Summer Solstice Festival Day Concert : Offline registration','2014-04-30 15:09:28',NULL,NULL,NULL,NULL,'Participant',2,NULL,NULL,0,NULL,0,NULL,1,NULL,NULL,0,NULL,NULL,NULL),(612,82,6,'$ 50.00 - Fall Fundraiser Dinner : Offline registration','2014-04-30 15:09:28',NULL,NULL,NULL,NULL,'Participant',2,NULL,NULL,0,NULL,0,NULL,1,NULL,NULL,0,NULL,NULL,NULL),(613,83,6,'$ 800.00 - Rain-forest Cup Youth Soccer Tournament : Offline registration','2014-04-30 15:09:28',NULL,NULL,NULL,NULL,'Participant',2,NULL,NULL,0,NULL,0,NULL,1,NULL,NULL,0,NULL,NULL,NULL),(614,84,6,'$ 50.00 - Fall Fundraiser Dinner : Offline registration','2014-04-30 15:09:28',NULL,NULL,NULL,NULL,'Participant',2,NULL,NULL,0,NULL,0,NULL,1,NULL,NULL,0,NULL,NULL,NULL),(615,85,6,'$ 50.00 - Summer Solstice Festival Day Concert : Offline registration','2014-04-30 15:09:28',NULL,NULL,NULL,NULL,'Participant',2,NULL,NULL,0,NULL,0,NULL,1,NULL,NULL,0,NULL,NULL,NULL),(616,86,6,'$ 800.00 - Rain-forest Cup Youth Soccer Tournament : Offline registration','2014-04-30 15:09:28',NULL,NULL,NULL,NULL,'Participant',2,NULL,NULL,0,NULL,0,NULL,1,NULL,NULL,0,NULL,NULL,NULL),(617,87,6,'$ 800.00 - Rain-forest Cup Youth Soccer Tournament : Offline registration','2014-04-30 15:09:28',NULL,NULL,NULL,NULL,'Participant',2,NULL,NULL,0,NULL,0,NULL,1,NULL,NULL,0,NULL,NULL,NULL),(618,88,6,'$ 50.00 - Fall Fundraiser Dinner : Offline registration','2014-04-30 15:09:28',NULL,NULL,NULL,NULL,'Participant',2,NULL,NULL,0,NULL,0,NULL,1,NULL,NULL,0,NULL,NULL,NULL),(619,89,6,'$ 50.00 - Fall Fundraiser Dinner : Offline registration','2014-04-30 15:09:28',NULL,NULL,NULL,NULL,'Participant',2,NULL,NULL,0,NULL,0,NULL,1,NULL,NULL,0,NULL,NULL,NULL),(620,90,6,'$ 50.00 - Fall Fundraiser Dinner : Offline registration','2014-04-30 15:09:28',NULL,NULL,NULL,NULL,'Participant',2,NULL,NULL,0,NULL,0,NULL,1,NULL,NULL,0,NULL,NULL,NULL),(621,91,6,'$ 50.00 - Summer Solstice Festival Day Concert : Offline registration','2014-04-30 15:09:28',NULL,NULL,NULL,NULL,'Participant',2,NULL,NULL,0,NULL,0,NULL,1,NULL,NULL,0,NULL,NULL,NULL),(622,92,6,'$ 50.00 - Fall Fundraiser Dinner : Offline registration','2014-04-30 15:09:28',NULL,NULL,NULL,NULL,'Participant',2,NULL,NULL,0,NULL,0,NULL,1,NULL,NULL,0,NULL,NULL,NULL),(623,93,6,'$ 50.00 - Summer Solstice Festival Day Concert : Offline registration','2014-04-30 15:09:28',NULL,NULL,NULL,NULL,'Participant',2,NULL,NULL,0,NULL,0,NULL,1,NULL,NULL,0,NULL,NULL,NULL),(624,94,6,'$ 800.00 - Rain-forest Cup Youth Soccer Tournament : Offline registration','2014-04-30 15:09:28',NULL,NULL,NULL,NULL,'Participant',2,NULL,NULL,0,NULL,0,NULL,1,NULL,NULL,0,NULL,NULL,NULL);
/*!40000 ALTER TABLE `civicrm_activity` ENABLE KEYS */;
UNLOCK TABLES;

--
-- Dumping data for table `civicrm_activity_contact`
--

LOCK TABLES `civicrm_activity_contact` WRITE;
/*!40000 ALTER TABLE `civicrm_activity_contact` DISABLE KEYS */;
INSERT INTO `civicrm_activity_contact` (`id`, `activity_id`, `contact_id`, `record_type_id`) VALUES (22,15,1,3),(115,78,1,1),(123,83,1,1),(678,446,1,3),(796,561,1,2),(415,273,2,3),(481,313,2,1),(597,389,2,3),(686,451,2,2),(1,1,3,2),(2,2,3,2),(3,3,3,2),(4,4,3,2),(5,5,3,2),(6,6,3,2),(8,7,3,2),(10,8,3,2),(12,9,3,2),(14,10,3,2),(15,11,3,2),(16,12,3,2),(18,13,3,2),(19,14,3,2),(21,15,3,2),(23,16,3,2),(25,17,3,2),(27,18,3,2),(29,19,3,2),(31,20,3,2),(32,21,3,2),(33,22,3,2),(35,23,3,2),(37,24,3,2),(38,25,3,2),(39,26,3,2),(41,27,3,2),(43,28,3,2),(44,29,3,2),(45,30,3,2),(47,31,3,2),(48,32,3,2),(49,33,3,2),(50,34,3,2),(52,35,3,2),(54,36,3,2),(55,37,3,2),(56,38,3,2),(58,39,3,2),(59,40,3,2),(60,41,3,2),(62,42,3,2),(63,43,3,2),(65,44,3,2),(66,45,3,2),(67,46,3,2),(68,47,3,2),(70,48,3,2),(71,49,3,2),(72,50,3,2),(73,51,3,2),(74,52,3,2),(75,53,3,2),(76,54,3,2),(78,55,3,2),(80,56,3,2),(81,57,3,2),(83,58,3,2),(84,59,3,2),(85,60,3,2),(86,61,3,2),(87,62,3,2),(89,63,3,2),(90,64,3,2),(92,65,3,2),(93,66,3,2),(95,67,3,2),(97,68,3,2),(99,69,3,2),(100,70,3,2),(102,71,3,2),(104,72,3,2),(106,73,3,2),(108,74,3,2),(110,75,3,2),(111,76,3,2),(112,77,3,2),(114,78,3,2),(116,79,3,2),(117,80,3,2),(118,81,3,2),(120,82,3,2),(122,83,3,2),(124,84,3,2),(126,85,3,2),(128,86,3,2),(130,87,3,2),(131,88,3,2),(132,89,3,2),(133,90,3,2),(135,91,3,2),(136,92,3,2),(137,93,3,2),(139,94,3,2),(141,95,3,2),(142,96,3,2),(143,97,3,2),(145,98,3,2),(146,99,3,2),(148,100,3,2),(149,101,3,2),(150,102,3,2),(152,103,3,2),(154,104,3,2),(155,105,3,2),(157,106,3,2),(159,107,3,2),(161,108,3,2),(163,109,3,2),(164,110,3,2),(166,111,3,2),(168,112,3,2),(170,113,3,2),(172,114,3,2),(174,115,3,2),(175,116,3,2),(176,116,3,3),(177,117,3,2),(178,118,3,2),(179,119,3,2),(181,120,3,2),(182,121,3,2),(184,122,3,2),(186,123,3,2),(188,124,3,2),(189,125,3,2),(190,126,3,2),(191,127,3,2),(192,128,3,2),(193,129,3,2),(194,130,3,2),(196,131,3,2),(197,132,3,2),(198,133,3,2),(200,134,3,2),(201,135,3,2),(203,136,3,2),(205,137,3,2),(207,138,3,2),(209,139,3,2),(210,140,3,2),(212,141,3,2),(213,142,3,2),(215,143,3,2),(216,144,3,2),(217,145,3,2),(219,146,3,2),(220,147,3,2),(222,148,3,2),(223,149,3,2),(224,150,3,2),(573,373,3,3),(781,546,3,2),(328,215,4,3),(334,218,4,3),(383,251,4,3),(571,372,4,3),(687,452,4,2),(98,68,5,1),(440,288,5,1),(647,425,5,3),(348,228,6,1),(472,308,6,3),(688,453,6,2),(714,479,7,2),(744,509,7,2),(20,14,8,1),(88,62,8,3),(94,66,8,1),(107,73,8,3),(243,161,8,1),(297,195,8,1),(689,454,8,2),(226,151,9,2),(228,152,9,2),(230,153,9,2),(232,154,9,2),(234,155,9,2),(236,156,9,2),(237,157,9,2),(238,158,9,2),(239,159,9,2),(241,160,9,2),(242,161,9,2),(244,162,9,2),(246,163,9,2),(247,164,9,2),(249,165,9,2),(250,166,9,2),(252,167,9,2),(254,168,9,2),(255,169,9,2),(256,170,9,2),(257,171,9,2),(259,172,9,2),(261,173,9,2),(262,174,9,2),(263,175,9,2),(265,176,9,2),(267,177,9,2),(268,178,9,2),(270,179,9,2),(271,180,9,2),(272,181,9,2),(273,182,9,2),(275,183,9,2),(276,184,9,2),(278,185,9,2),(279,186,9,2),(280,187,9,2),(282,188,9,2),(284,189,9,2),(286,190,9,2),(288,191,9,2),(290,192,9,2),(292,193,9,2),(294,194,9,2),(296,195,9,2),(298,196,9,2),(300,197,9,2),(302,198,9,2),(303,199,9,2),(305,200,9,2),(306,201,9,2),(307,202,9,2),(308,203,9,2),(309,204,9,2),(311,205,9,2),(313,206,9,2),(315,207,9,2),(317,208,9,2),(319,209,9,2),(320,210,9,2),(321,211,9,2),(322,212,9,2),(324,213,9,2),(326,214,9,2),(327,215,9,2),(329,216,9,2),(331,217,9,2),(333,218,9,2),(335,219,9,2),(337,220,9,2),(338,221,9,2),(340,222,9,2),(341,223,9,2),(342,224,9,2),(343,225,9,2),(344,226,9,2),(346,227,9,2),(347,228,9,2),(349,229,9,2),(350,230,9,2),(352,231,9,2),(354,232,9,2),(355,233,9,2),(357,234,9,2),(359,235,9,2),(361,236,9,2),(363,237,9,2),(365,238,9,2),(367,239,9,2),(369,240,9,2),(370,241,9,2),(372,242,9,2),(373,243,9,2),(374,244,9,2),(376,245,9,2),(377,246,9,2),(378,247,9,2),(379,248,9,2),(380,249,9,2),(381,250,9,2),(382,251,9,2),(384,252,9,2),(385,253,9,2),(386,254,9,2),(388,255,9,2),(389,256,9,2),(390,257,9,2),(391,258,9,2),(392,259,9,2),(394,260,9,2),(396,261,9,2),(397,262,9,2),(399,263,9,2),(401,264,9,2),(402,265,9,2),(403,266,9,2),(405,267,9,2),(407,268,9,2),(409,269,9,2),(411,270,9,2),(412,271,9,2),(413,272,9,2),(414,273,9,2),(416,274,9,2),(417,275,9,2),(418,276,9,2),(420,277,9,2),(422,278,9,2),(424,279,9,2),(426,280,9,2),(428,281,9,2),(429,282,9,2),(431,283,9,2),(433,284,9,2),(435,285,9,2),(437,286,9,2),(438,287,9,2),(439,288,9,2),(441,289,9,2),(442,290,9,2),(444,291,9,2),(445,292,9,2),(447,293,9,2),(448,294,9,2),(450,295,9,2),(452,296,9,2),(454,297,9,2),(456,298,9,2),(458,299,9,2),(460,300,9,2),(57,38,10,1),(467,305,10,1),(82,57,11,3),(351,230,11,3),(782,547,11,2),(214,142,12,3),(274,182,12,3),(281,187,12,3),(451,295,12,1),(604,394,12,3),(800,565,12,2),(425,279,13,1),(578,376,13,3),(221,147,14,3),(802,567,14,2),(26,17,15,3),(69,47,15,1),(79,55,15,1),(301,197,15,1),(410,269,15,3),(485,315,15,1),(625,409,15,3),(674,444,15,3),(138,93,16,1),(160,107,16,3),(353,231,16,1),(371,241,16,3),(462,301,16,2),(463,302,16,2),(464,303,16,2),(465,304,16,2),(466,305,16,2),(468,306,16,2),(470,307,16,2),(471,308,16,2),(473,309,16,2),(475,310,16,2),(477,311,16,2),(478,312,16,2),(480,313,16,2),(482,314,16,2),(484,315,16,2),(486,316,16,2),(488,317,16,2),(489,318,16,2),(490,319,16,2),(492,320,16,2),(494,321,16,2),(495,322,16,2),(496,323,16,2),(497,324,16,2),(498,325,16,2),(500,326,16,2),(501,327,16,2),(503,328,16,2),(505,329,16,2),(507,330,16,2),(508,331,16,2),(510,332,16,2),(511,333,16,2),(512,334,16,2),(513,335,16,2),(514,336,16,2),(516,337,16,2),(518,338,16,2),(519,339,16,2),(520,340,16,2),(521,341,16,2),(522,342,16,2),(525,343,16,1),(524,343,16,2),(526,344,16,2),(527,345,16,2),(528,346,16,2),(530,347,16,2),(531,348,16,2),(532,349,16,2),(534,350,16,2),(536,351,16,2),(538,352,16,2),(539,353,16,2),(540,354,16,2),(542,355,16,2),(544,356,16,2),(545,357,16,2),(547,358,16,2),(548,359,16,2),(549,360,16,2),(550,361,16,2),(552,362,16,2),(554,363,16,2),(556,364,16,2),(558,365,16,2),(560,366,16,2),(562,367,16,2),(564,368,16,2),(565,369,16,2),(566,370,16,2),(568,371,16,2),(570,372,16,2),(572,373,16,2),(574,374,16,2),(576,375,16,2),(577,376,16,2),(579,377,16,2),(581,378,16,2),(582,379,16,2),(583,380,16,2),(585,381,16,2),(586,382,16,2),(587,383,16,2),(589,384,16,2),(590,385,16,2),(591,386,16,2),(593,387,16,2),(594,388,16,2),(596,389,16,2),(598,390,16,2),(599,391,16,2),(600,392,16,2),(602,393,16,2),(603,394,16,2),(605,395,16,2),(606,396,16,2),(607,397,16,2),(609,398,16,2),(610,399,16,2),(612,400,16,2),(613,401,16,2),(614,402,16,2),(616,403,16,2),(618,404,16,2),(619,405,16,2),(620,406,16,2),(622,407,16,2),(623,408,16,2),(624,409,16,2),(626,410,16,2),(627,411,16,2),(629,412,16,2),(630,413,16,2),(632,414,16,2),(633,415,16,2),(635,416,16,2),(636,417,16,2),(637,418,16,2),(639,419,16,2),(640,420,16,2),(641,421,16,2),(642,422,16,2),(644,423,16,2),(645,424,16,2),(646,425,16,2),(648,426,16,2),(650,427,16,2),(651,428,16,2),(652,429,16,2),(654,430,16,2),(655,431,16,2),(656,432,16,2),(657,433,16,2),(658,434,16,2),(660,435,16,2),(662,436,16,2),(663,437,16,2),(665,438,16,2),(666,439,16,2),(668,440,16,2),(669,441,16,2),(670,442,16,2),(671,443,16,2),(673,444,16,2),(675,445,16,2),(677,446,16,2),(679,447,16,2),(680,448,16,2),(682,449,16,2),(684,450,16,2),(690,455,16,2),(231,153,17,1),(400,263,17,1),(592,386,17,3),(103,71,18,1),(330,216,19,1),(691,456,19,2),(360,235,20,3),(805,570,20,2),(167,111,21,3),(717,482,21,2),(747,512,21,2),(121,82,22,3),(299,196,22,1),(398,262,22,1),(555,363,22,3),(725,490,22,2),(755,520,22,2),(793,558,22,2),(455,297,23,3),(567,370,23,1),(608,397,23,1),(287,190,24,3),(339,221,25,1),(387,254,25,1),(393,259,25,3),(408,268,25,1),(491,319,26,1),(601,392,26,1),(105,72,27,3),(119,81,27,3),(515,336,27,3),(659,434,27,1),(777,542,27,2),(187,123,28,3),(368,239,28,3),(681,448,29,3),(312,205,30,1),(434,284,30,1),(529,346,30,3),(165,110,31,1),(395,260,31,1),(479,312,31,1),(701,466,31,2),(731,496,31,2),(427,280,32,3),(697,462,32,2),(698,463,32,2),(787,552,32,2),(51,34,34,3),(64,43,34,3),(77,54,34,3),(208,138,34,3),(694,459,34,2),(803,568,35,2),(61,41,37,1),(129,86,37,1),(248,164,37,1),(46,30,38,1),(204,136,38,1),(283,188,38,3),(323,212,38,1),(543,355,38,3),(199,133,40,3),(723,488,41,2),(753,518,41,2),(557,364,42,3),(696,461,43,2),(318,208,44,1),(469,306,44,3),(504,328,44,1),(780,545,44,2),(595,388,45,1),(17,12,46,1),(316,207,46,1),(218,145,47,3),(325,213,47,1),(356,233,47,3),(364,237,47,3),(225,150,48,3),(235,155,48,1),(421,277,48,1),(423,278,48,1),(474,309,48,1),(672,443,48,3),(375,244,49,3),(580,377,49,3),(443,290,50,1),(457,298,50,3),(653,429,51,1),(336,219,52,1),(553,362,52,3),(588,383,52,3),(638,418,52,3),(285,189,53,3),(446,292,53,3),(702,467,53,2),(732,497,53,2),(783,548,53,2),(36,23,54,1),(113,77,54,1),(685,450,54,3),(211,140,55,3),(523,342,55,1),(535,350,55,3),(541,354,55,1),(683,449,55,1),(487,316,56,3),(310,204,57,1),(563,367,57,3),(227,151,58,1),(493,320,58,1),(509,331,58,1),(533,349,58,1),(40,26,59,3),(304,199,59,1),(332,217,59,3),(406,267,59,3),(615,402,59,3),(643,422,59,3),(101,70,60,3),(151,102,60,1),(295,194,60,1),(432,283,60,1),(617,403,60,3),(761,526,60,2),(266,176,61,3),(569,371,61,3),(798,563,61,2),(206,137,62,3),(171,113,63,1),(183,121,64,1),(546,357,64,3),(791,556,64,2),(264,175,65,3),(42,27,66,1),(153,103,66,3),(676,445,66,3),(291,192,67,3),(705,470,67,2),(735,500,67,2),(229,152,68,1),(258,171,68,1),(269,178,68,3),(762,527,68,2),(9,7,69,1),(11,8,69,1),(202,135,69,3),(628,411,69,1),(7,6,70,1),(260,172,70,3),(461,300,70,1),(551,361,70,3),(621,406,70,3),(724,489,70,2),(754,519,70,2),(664,437,71,1),(695,460,71,2),(797,562,71,2),(34,22,72,3),(109,74,72,3),(710,475,73,2),(740,505,73,2),(436,285,74,1),(449,294,74,3),(483,314,74,3),(506,329,74,3),(584,380,74,3),(24,16,75,3),(30,19,75,3),(700,465,78,2),(730,495,78,2),(233,154,79,3),(127,85,80,1),(185,122,80,1),(240,159,80,3),(53,35,81,1),(147,99,82,3),(692,457,82,2),(125,84,83,3),(144,97,83,3),(771,536,83,2),(91,64,84,3),(366,238,84,3),(517,337,84,3),(28,18,85,1),(253,167,85,1),(775,540,85,2),(180,119,86,3),(358,234,86,1),(634,415,86,1),(140,94,87,3),(195,130,87,3),(277,184,87,1),(430,282,87,1),(559,365,87,3),(720,485,87,2),(750,515,87,2),(251,166,88,1),(362,236,88,1),(156,105,89,1),(289,191,89,1),(293,193,89,1),(499,325,89,3),(667,439,89,1),(769,534,89,2),(453,296,90,3),(537,351,90,3),(649,426,90,1),(727,492,90,2),(757,522,90,2),(770,535,90,2),(245,162,91,1),(314,206,91,3),(476,310,91,1),(575,374,91,1),(784,549,91,2),(631,413,92,3),(693,458,92,2),(134,90,93,1),(661,435,94,3),(611,399,95,1),(795,560,95,2),(173,114,96,1),(561,366,96,3),(96,67,98,3),(345,226,98,1),(419,276,98,1),(792,557,98,2),(13,9,99,3),(162,108,99,3),(404,266,99,1),(459,299,100,1),(502,327,100,1),(158,106,101,3),(169,112,101,3),(721,486,101,2),(751,516,101,2),(790,555,101,2),(764,529,102,2),(706,471,104,2),(736,501,104,2),(722,487,105,2),(752,517,105,2),(711,476,107,2),(741,506,107,2),(788,553,107,2),(763,528,108,2),(773,538,110,2),(799,564,112,2),(709,474,116,2),(739,504,116,2),(779,544,116,2),(718,483,118,2),(748,513,118,2),(699,464,124,2),(729,494,124,2),(707,472,125,2),(737,502,125,2),(712,477,128,2),(742,507,128,2),(726,491,132,2),(756,521,132,2),(728,493,133,2),(758,523,133,2),(785,550,134,2),(774,539,135,2),(716,481,136,2),(746,511,136,2),(767,532,140,2),(703,468,142,2),(733,498,142,2),(801,566,149,2),(719,484,150,2),(749,514,150,2),(715,480,154,2),(745,510,154,2),(807,572,157,2),(786,551,160,2),(704,469,163,2),(734,499,163,2),(806,571,165,2),(768,533,168,2),(766,531,170,2),(789,554,177,2),(765,530,179,2),(808,573,181,2),(778,543,182,2),(713,478,184,2),(743,508,184,2),(708,473,185,2),(738,503,185,2),(794,559,187,2),(772,537,189,2),(804,569,191,2),(760,525,193,2),(776,541,200,2),(809,574,201,2);
/*!40000 ALTER TABLE `civicrm_activity_contact` ENABLE KEYS */;
UNLOCK TABLES;

--
-- Dumping data for table `civicrm_address`
--

LOCK TABLES `civicrm_address` WRITE;
/*!40000 ALTER TABLE `civicrm_address` DISABLE KEYS */;
INSERT INTO `civicrm_address` (`id`, `contact_id`, `location_type_id`, `is_primary`, `is_billing`, `street_address`, `street_number`, `street_number_suffix`, `street_number_predirectional`, `street_name`, `street_type`, `street_number_postdirectional`, `street_unit`, `supplemental_address_1`, `supplemental_address_2`, `supplemental_address_3`, `city`, `county_id`, `state_province_id`, `postal_code_suffix`, `postal_code`, `usps_adc`, `country_id`, `geo_code_1`, `geo_code_2`, `manual_geo_code`, `timezone`, `name`, `master_id`) VALUES (1,30,1,1,0,'25E Maple Pl E',25,'E',NULL,'Maple','Pl','E',NULL,NULL,NULL,NULL,'Wheeling',1,1024,NULL,'64688',NULL,1228,39.808311,-93.37642,0,NULL,NULL,NULL),(2,128,1,1,0,'539U States Ave S',539,'U',NULL,'States','Ave','S',NULL,NULL,NULL,NULL,'Saint Louis',1,1024,NULL,'63195',NULL,1228,38.6531,-90.243462,0,NULL,NULL,NULL),(3,85,1,1,0,'792R Maple Path N',792,'R',NULL,'Maple','Path','N',NULL,NULL,NULL,NULL,'Rockport',1,1020,NULL,'01966',NULL,1228,42.659936,-70.61727,0,NULL,NULL,NULL),(4,170,1,1,0,'691L States Dr SE',691,'L',NULL,'States','Dr','SE',NULL,NULL,NULL,NULL,'Tampa',1,1008,NULL,'33602',NULL,1228,27.956149,-82.45723,0,NULL,NULL,NULL),(5,58,1,1,0,'924H Second Way E',924,'H',NULL,'Second','Way','E',NULL,NULL,NULL,NULL,'Lexington',1,1016,NULL,'40507',NULL,1228,38.047408,-84.49627,0,NULL,NULL,NULL),(6,76,1,1,0,'39D Main Way E',39,'D',NULL,'Main','Way','E',NULL,NULL,NULL,NULL,'Pueblo',1,1005,NULL,'81014',NULL,1228,38.128626,-104.552299,0,NULL,NULL,NULL),(7,116,1,1,0,'844W Beech Dr N',844,'W',NULL,'Beech','Dr','N',NULL,NULL,NULL,NULL,'Westport',1,1041,NULL,'38387',NULL,1228,35.878702,-88.27401,0,NULL,NULL,NULL),(8,73,1,1,0,'902G College Way SE',902,'G',NULL,'College','Way','SE',NULL,NULL,NULL,NULL,'Houston',1,1042,NULL,'77009',NULL,1228,29.79326,-95.36735,0,NULL,NULL,NULL),(9,37,1,1,0,'133F Second St E',133,'F',NULL,'Second','St','E',NULL,NULL,NULL,NULL,'Bryant',1,1040,NULL,'57411',NULL,1228,45.470676,-99.257022,0,NULL,NULL,NULL),(10,193,1,1,0,'897C Caulder Dr N',897,'C',NULL,'Caulder','Dr','N',NULL,NULL,NULL,NULL,'Mattawamkeag',1,1018,NULL,'04459',NULL,1228,45.518535,-68.33623,0,NULL,NULL,NULL),(11,12,1,1,0,'427C Northpoint Path SW',427,'C',NULL,'Northpoint','Path','SW',NULL,NULL,NULL,NULL,'Hartford',1,1006,NULL,'06134',NULL,1228,41.791776,-72.718832,0,NULL,NULL,NULL),(12,105,1,1,0,'730O Northpoint Ave SW',730,'O',NULL,'Northpoint','Ave','SW',NULL,NULL,NULL,NULL,'Carbon Hill',1,1000,NULL,'35549',NULL,1228,33.87798,-87.52728,0,NULL,NULL,NULL),(13,125,1,1,0,'367H College Ln E',367,'H',NULL,'College','Ln','E',NULL,NULL,NULL,NULL,'Monteagle',1,1041,NULL,'37356',NULL,1228,35.238756,-85.82911,0,NULL,NULL,NULL),(14,132,1,1,0,'643B Main Blvd W',643,'B',NULL,'Main','Blvd','W',NULL,NULL,NULL,NULL,'New Galilee',1,1037,NULL,'16141',NULL,1228,40.853014,-80.40181,0,NULL,NULL,NULL),(15,171,1,1,0,'754P Dowlen Ave SW',754,'P',NULL,'Dowlen','Ave','SW',NULL,NULL,NULL,NULL,'Le Center',1,1022,NULL,'56057',NULL,1228,44.393899,-93.72583,0,NULL,NULL,NULL),(16,178,1,1,0,'975C Martin Luther King Way NW',975,'C',NULL,'Martin Luther King','Way','NW',NULL,NULL,NULL,NULL,'Covington',1,1016,NULL,'41019',NULL,1228,38.944663,-84.520501,0,NULL,NULL,NULL),(17,179,1,1,0,'591O Dowlen St NE',591,'O',NULL,'Dowlen','St','NE',NULL,NULL,NULL,NULL,'Plant City',1,1008,NULL,'33564',NULL,1228,28.029627,-82.134741,0,NULL,NULL,NULL),(18,55,1,1,0,'570I Jackson Pl NW',570,'I',NULL,'Jackson','Pl','NW',NULL,NULL,NULL,NULL,'Monticello',1,1043,NULL,'84535',NULL,1228,37.886087,-109.30629,0,NULL,NULL,NULL),(19,173,1,1,0,'60N Northpoint Pl N',60,'N',NULL,'Northpoint','Pl','N',NULL,NULL,NULL,NULL,'Bishop Hill',1,1012,NULL,'61419',NULL,1228,41.200711,-90.11832,0,NULL,NULL,NULL),(20,126,1,1,0,'655J Green Path SW',655,'J',NULL,'Green','Path','SW',NULL,NULL,NULL,NULL,'Boston',1,1020,NULL,'02111',NULL,1228,42.349838,-71.06101,0,NULL,NULL,NULL),(21,142,1,1,0,'373B Second Rd W',373,'B',NULL,'Second','Rd','W',NULL,NULL,NULL,NULL,'Harpersfield',1,1031,NULL,'13786',NULL,1228,42.445257,-74.70189,0,NULL,NULL,NULL),(22,80,1,1,0,'907A Dowlen Ln E',907,'A',NULL,'Dowlen','Ln','E',NULL,NULL,NULL,NULL,'Ottertail',1,1022,NULL,'56571',NULL,1228,46.428432,-95.559,0,NULL,NULL,NULL),(23,109,1,1,0,'9L Woodbridge Blvd SE',9,'L',NULL,'Woodbridge','Blvd','SE',NULL,NULL,NULL,NULL,'Swannanoa',1,1032,NULL,'28778',NULL,1228,35.60243,-82.40531,0,NULL,NULL,NULL),(24,31,1,1,0,'620N Woodbridge Way SW',620,'N',NULL,'Woodbridge','Way','SW',NULL,NULL,NULL,NULL,'Memphis',1,1041,NULL,'38130',NULL,1228,35.201738,-89.971538,0,NULL,NULL,NULL),(25,113,1,1,0,'312N Beech Blvd SE',312,'N',NULL,'Beech','Blvd','SE',NULL,NULL,NULL,NULL,'Bushnell',1,1008,NULL,'33513',NULL,1228,28.663132,-82.14042,0,NULL,NULL,NULL),(26,18,1,1,0,'103U Second Path N',103,'U',NULL,'Second','Path','N',NULL,NULL,NULL,NULL,'West Falls',1,1031,NULL,'14170',NULL,1228,42.692304,-78.67147,0,NULL,NULL,NULL),(27,74,1,1,0,'626D Cadell Ln NE',626,'D',NULL,'Cadell','Ln','NE',NULL,NULL,NULL,NULL,'Saint Francisville',1,1017,NULL,'70775',NULL,1228,30.857355,-91.37308,0,NULL,NULL,NULL),(28,52,1,1,0,'427R Second Dr SW',427,'R',NULL,'Second','Dr','SW',NULL,NULL,NULL,NULL,'Bremerton',1,1046,NULL,'98310',NULL,1228,47.58675,-122.62371,0,NULL,NULL,NULL),(29,182,1,1,0,'946D Dowlen Ln E',946,'D',NULL,'Dowlen','Ln','E',NULL,NULL,NULL,NULL,'Pittsburgh',1,1037,NULL,'15251',NULL,1228,40.434436,-80.024817,0,NULL,NULL,NULL),(30,87,1,1,0,'37U Dowlen Blvd W',37,'U',NULL,'Dowlen','Blvd','W',NULL,NULL,NULL,NULL,'Largo',1,1008,NULL,'33773',NULL,1228,27.883188,-82.75633,0,NULL,NULL,NULL),(31,185,1,1,0,'352Z Pine Path E',352,'Z',NULL,'Pine','Path','E',NULL,NULL,NULL,NULL,'Warren',1,1013,NULL,'46792',NULL,1228,40.683261,-85.43218,0,NULL,NULL,NULL),(32,143,1,1,0,'873V Dowlen Blvd NW',873,'V',NULL,'Dowlen','Blvd','NW',NULL,NULL,NULL,NULL,'El Paso',1,1042,NULL,'88520',NULL,1228,31.694842,-106.299987,0,NULL,NULL,NULL),(33,42,1,1,0,'49Y Green Pl NW',49,'Y',NULL,'Green','Pl','NW',NULL,NULL,NULL,NULL,'Eliot',1,1018,NULL,'03903',NULL,1228,43.135435,-70.79348,0,NULL,NULL,NULL),(34,150,1,1,0,'69I Woodbridge Ln E',69,'I',NULL,'Woodbridge','Ln','E',NULL,NULL,NULL,NULL,'Saraland',1,1000,NULL,'36571',NULL,1228,30.831636,-88.09386,0,NULL,NULL,NULL),(35,168,1,1,0,'671N El Camino Path SE',671,'N',NULL,'El Camino','Path','SE',NULL,NULL,NULL,NULL,'Saint Louis',1,1024,NULL,'63164',NULL,1228,38.6531,-90.243462,0,NULL,NULL,NULL),(36,90,1,1,0,'874O Maple Blvd NE',874,'O',NULL,'Maple','Blvd','NE',NULL,NULL,NULL,NULL,'Upton',1,1031,NULL,'11973',NULL,1228,40.922326,-72.637078,0,NULL,NULL,NULL),(37,152,1,1,0,'864D Second Pl E',864,'D',NULL,'Second','Pl','E',NULL,NULL,NULL,NULL,'Ruthville',1,1045,NULL,'23147',NULL,1228,37.37956,-77.034752,0,NULL,NULL,NULL),(38,16,1,1,0,'887S Main Rd SE',887,'S',NULL,'Main','Rd','SE',NULL,NULL,NULL,NULL,'Edwards',1,1031,NULL,'13635',NULL,1228,44.314998,-75.26149,0,NULL,NULL,NULL),(39,157,1,1,0,'811D Green Path SE',811,'D',NULL,'Green','Path','SE',NULL,NULL,NULL,NULL,'Fresno',1,1004,NULL,'93740',NULL,1228,36.746375,-119.639658,0,NULL,NULL,NULL),(40,86,1,1,0,'252C Woodbridge Pl NE',252,'C',NULL,'Woodbridge','Pl','NE',NULL,NULL,NULL,NULL,'Hingham',1,1020,NULL,'02044',NULL,1228,41.970474,-70.701357,0,NULL,NULL,NULL),(41,181,1,1,0,'417Z Maple Way NW',417,'Z',NULL,'Maple','Way','NW',NULL,NULL,NULL,NULL,'Milbank',1,1040,NULL,'57253',NULL,1228,45.151477,-96.839235,0,NULL,NULL,NULL),(42,22,1,1,0,'493P Maple Ln SW',493,'P',NULL,'Maple','Ln','SW',NULL,NULL,NULL,NULL,'Ramsey',1,1012,NULL,'62080',NULL,1228,39.136284,-89.10348,0,NULL,NULL,NULL),(43,164,1,1,0,'389G Beech Rd NE',389,'G',NULL,'Beech','Rd','NE',NULL,NULL,NULL,NULL,'Deerwood',1,1022,NULL,'56444',NULL,1228,46.438976,-93.89064,0,NULL,NULL,NULL),(44,98,1,1,0,'155P Woodbridge Ln NW',155,'P',NULL,'Woodbridge','Ln','NW',NULL,NULL,NULL,NULL,'Taylorsville',1,1013,NULL,'47280',NULL,1228,39.296605,-85.95025,0,NULL,NULL,NULL),(45,167,1,1,0,'102L Northpoint Path NE',102,'L',NULL,'Northpoint','Path','NE',NULL,NULL,NULL,NULL,'Smyrna',1,1007,NULL,'19977',NULL,1228,39.29799,-75.59391,0,NULL,NULL,NULL),(46,43,1,1,0,'213Z College Blvd SW',213,'Z',NULL,'College','Blvd','SW',NULL,NULL,NULL,NULL,'Deerfield Beach',1,1008,NULL,'33441',NULL,1228,26.309657,-80.09541,0,NULL,NULL,NULL),(47,7,1,1,0,'70Z Bay Rd N',70,'Z',NULL,'Bay','Rd','N',NULL,NULL,NULL,NULL,'Ohio',1,1012,NULL,'61349',NULL,1228,41.543342,-89.44078,0,NULL,NULL,NULL),(48,163,1,1,0,'401V Van Ness Blvd N',401,'V',NULL,'Van Ness','Blvd','N',NULL,NULL,NULL,NULL,'West Lebanon',1,1031,NULL,'12195',NULL,1228,42.479384,-73.474809,0,NULL,NULL,NULL),(49,79,1,1,0,'238V Green Path S',238,'V',NULL,'Green','Path','S',NULL,NULL,NULL,NULL,'Douglas City',1,1004,NULL,'96024',NULL,1228,40.606673,-122.92335,0,NULL,NULL,NULL),(50,108,1,1,0,'338M Green Blvd SE',338,'M',NULL,'Green','Blvd','SE',NULL,NULL,NULL,NULL,'Smyrna',1,1007,NULL,'19977',NULL,1228,39.29799,-75.59391,0,NULL,NULL,NULL),(51,67,1,1,0,'469X Woodbridge Way W',469,'X',NULL,'Woodbridge','Way','W',NULL,NULL,NULL,NULL,'Gilman City',1,1024,NULL,'64642',NULL,1228,40.154895,-93.8395,0,NULL,NULL,NULL),(52,32,1,1,0,'594C Martin Luther King Blvd NE',594,'C',NULL,'Martin Luther King','Blvd','NE',NULL,NULL,NULL,NULL,'Saint Cloud',1,1022,NULL,'56393',NULL,1228,45.52886,-94.593338,0,NULL,NULL,NULL),(53,56,1,1,0,'442U Northpoint Dr E',442,'U',NULL,'Northpoint','Dr','E',NULL,NULL,NULL,NULL,'Wakefield',1,1045,NULL,'23888',NULL,1228,36.963354,-76.98127,0,NULL,NULL,NULL),(54,117,1,1,0,'305N Northpoint Ave SW',305,'N',NULL,'Northpoint','Ave','SW',NULL,NULL,NULL,NULL,'San Marcos',1,1004,NULL,'92078',NULL,1228,33.122029,-117.15605,0,NULL,NULL,NULL),(55,5,1,1,0,'704D College Dr S',704,'D',NULL,'College','Dr','S',NULL,NULL,NULL,NULL,'Absaraka',1,1033,NULL,'58002',NULL,1228,46.859694,-97.214587,0,NULL,NULL,NULL),(56,13,1,1,0,'669G El Camino Pl SE',669,'G',NULL,'El Camino','Pl','SE',NULL,NULL,NULL,NULL,'Lynwood',1,1004,NULL,'90262',NULL,1228,33.924642,-118.20186,0,NULL,NULL,NULL),(57,4,1,1,0,'571D Green St SW',571,'D',NULL,'Green','St','SW',NULL,NULL,NULL,NULL,'Benton',1,1048,NULL,'53803',NULL,1228,42.563769,-90.36783,0,NULL,NULL,NULL),(58,8,1,1,0,'489S Woodbridge Dr E',489,'S',NULL,'Woodbridge','Dr','E',NULL,NULL,NULL,NULL,'Mcalester',1,1035,NULL,'74501',NULL,1228,34.944399,-95.75709,0,NULL,NULL,NULL),(59,39,1,1,0,'988R Lincoln Ave SE',988,'R',NULL,'Lincoln','Ave','SE',NULL,NULL,NULL,NULL,'Carlsbad',1,1004,NULL,'92009',NULL,1228,33.097841,-117.26744,0,NULL,NULL,NULL),(60,57,1,1,0,'356F Second Way E',356,'F',NULL,'Second','Way','E',NULL,NULL,NULL,NULL,'Central Valley',1,1031,NULL,'10917',NULL,1228,41.322344,-74.12354,0,NULL,NULL,NULL),(61,83,1,1,0,'99U Van Ness Dr N',99,'U',NULL,'Van Ness','Dr','N',NULL,NULL,NULL,NULL,'East Springfield',1,1034,NULL,'43925',NULL,1228,40.450257,-80.86015,0,NULL,NULL,NULL),(62,134,1,1,0,'572G Green Ave S',572,'G',NULL,'Green','Ave','S',NULL,NULL,NULL,NULL,'Albuquerque',1,1030,NULL,'87201',NULL,1228,35.044339,-106.672872,0,NULL,NULL,NULL),(63,82,1,1,0,'931F Martin Luther King Pl NE',931,'F',NULL,'Martin Luther King','Pl','NE',NULL,NULL,NULL,NULL,'Fort Myers',1,1008,NULL,'33961',NULL,1228,26.629875,-81.857683,0,NULL,NULL,NULL),(64,112,1,1,0,'799T Green Ave W',799,'T',NULL,'Green','Ave','W',NULL,NULL,NULL,NULL,'West Warren',1,1020,NULL,'01092',NULL,1228,42.210777,-72.23904,0,NULL,NULL,NULL),(65,188,1,1,0,'356J Jackson Dr S',356,'J',NULL,'Jackson','Dr','S',NULL,NULL,NULL,NULL,'Cashiers',1,1032,NULL,'28717',NULL,1228,35.103251,-83.09538,0,NULL,NULL,NULL),(66,102,1,1,0,'286N Main Way E',286,'N',NULL,'Main','Way','E',NULL,NULL,NULL,NULL,'Longwood',1,1032,NULL,'28452',NULL,1228,33.997345,-78.5565,0,NULL,NULL,NULL),(67,14,1,1,0,'593R Lincoln Blvd W',593,'R',NULL,'Lincoln','Blvd','W',NULL,NULL,NULL,NULL,'South Jamesport',1,1031,NULL,'11970',NULL,1228,40.941363,-72.57502,0,NULL,NULL,NULL),(68,145,1,1,0,'849Y Beech Rd W',849,'Y',NULL,'Beech','Rd','W',NULL,NULL,NULL,NULL,'Mullen',1,1026,NULL,'69152',NULL,1228,42.088889,-101.09299,0,NULL,NULL,NULL),(69,72,1,1,0,'859M Cadell Path SW',859,'M',NULL,'Cadell','Path','SW',NULL,NULL,NULL,NULL,'West Bloomfield',1,1021,NULL,'48324',NULL,1228,42.595233,-83.39974,0,NULL,NULL,NULL),(70,175,1,1,0,'398O Beech St S',398,'O',NULL,'Beech','St','S',NULL,NULL,NULL,NULL,'Hartsdale',1,1031,NULL,'10530',NULL,1228,41.025114,-73.80635,0,NULL,NULL,NULL),(71,162,1,1,0,'180L Pine Blvd S',180,'L',NULL,'Pine','Blvd','S',NULL,NULL,NULL,NULL,'Ruby',1,1045,NULL,'22545',NULL,1228,38.508611,-77.542957,0,NULL,NULL,NULL),(72,93,1,1,0,'461H Cadell St W',461,'H',NULL,'Cadell','St','W',NULL,NULL,NULL,NULL,'Guayanilla',1,1056,NULL,'00656',NULL,1228,18.038866,-66.79168,0,NULL,NULL,NULL),(73,15,1,1,0,'799C Dowlen Dr SW',799,'C',NULL,'Dowlen','Dr','SW',NULL,NULL,NULL,NULL,'Ranier',1,1022,NULL,'56668',NULL,1228,48.603143,-93.29771,0,NULL,NULL,NULL),(74,194,3,1,0,'320G Bay Ave NE',320,'G',NULL,'Bay','Ave','NE',NULL,'c/o OPDC',NULL,NULL,'Allensville',1,1016,NULL,'42204',NULL,1228,36.70996,-87.07105,0,NULL,NULL,NULL),(75,10,2,1,0,'320G Bay Ave NE',320,'G',NULL,'Bay','Ave','NE',NULL,'c/o OPDC',NULL,NULL,'Allensville',1,1016,NULL,'42204',NULL,1228,36.70996,-87.07105,0,NULL,NULL,74),(76,63,3,1,0,'610L Maple Way W',610,'L',NULL,'Maple','Way','W',NULL,'Receiving',NULL,NULL,'Gallaway',1,1041,NULL,'38036',NULL,1228,35.320487,-89.6215,0,NULL,NULL,NULL),(77,91,3,1,0,'161B Main Dr W',161,'B',NULL,'Main','Dr','W',NULL,'Attn: Development',NULL,NULL,'Arjay',1,1016,NULL,'40902',NULL,1228,36.836208,-83.63388,0,NULL,NULL,NULL),(78,153,3,1,0,'767I El Camino Ln N',767,'I',NULL,'El Camino','Ln','N',NULL,'Urgent',NULL,NULL,'Louisville',1,1016,NULL,'40205',NULL,1228,38.22292,-85.68326,0,NULL,NULL,NULL),(79,121,3,1,0,'924U Second Rd SW',924,'U',NULL,'Second','Rd','SW',NULL,'Subscriptions Dept',NULL,NULL,'Clearwater',1,1008,NULL,'33764',NULL,1228,27.932797,-82.74115,0,NULL,NULL,NULL),(80,127,3,1,0,'619B Cadell Path E',619,'B',NULL,'Cadell','Path','E',NULL,'Disbursements',NULL,NULL,'Mount Jackson',1,1045,NULL,'22842',NULL,1228,38.772409,-78.69461,0,NULL,NULL,NULL),(81,33,3,1,0,'944K Lincoln Path E',944,'K',NULL,'Lincoln','Path','E',NULL,'c/o PO Plus',NULL,NULL,'Sacramento',1,1004,NULL,'94287',NULL,1228,38.377411,-121.444429,0,NULL,NULL,NULL),(82,22,2,0,0,'944K Lincoln Path E',944,'K',NULL,'Lincoln','Path','E',NULL,'c/o PO Plus',NULL,NULL,'Sacramento',1,1004,NULL,'94287',NULL,1228,38.377411,-121.444429,0,NULL,NULL,81),(83,61,3,1,0,'511G Martin Luther King Pl NW',511,'G',NULL,'Martin Luther King','Pl','NW',NULL,'Attn: Accounting',NULL,NULL,'Yulee',1,1008,NULL,'32047',NULL,1228,30.621671,-81.617754,0,NULL,NULL,NULL),(84,154,2,1,0,'511G Martin Luther King Pl NW',511,'G',NULL,'Martin Luther King','Pl','NW',NULL,'Attn: Accounting',NULL,NULL,'Yulee',1,1008,NULL,'32047',NULL,1228,30.621671,-81.617754,0,NULL,NULL,83),(85,190,3,1,0,'71H Bay Ave NW',71,'H',NULL,'Bay','Ave','NW',NULL,'Payables Dept.',NULL,NULL,'Keansburg',1,1029,NULL,'07734',NULL,1228,40.444407,-74.13298,0,NULL,NULL,NULL),(86,11,2,1,0,'71H Bay Ave NW',71,'H',NULL,'Bay','Ave','NW',NULL,'Payables Dept.',NULL,NULL,'Keansburg',1,1029,NULL,'07734',NULL,1228,40.444407,-74.13298,0,NULL,NULL,85),(87,123,3,1,0,'662A States Pl SE',662,'A',NULL,'States','Pl','SE',NULL,'Payables Dept.',NULL,NULL,'Lima',1,1034,NULL,'45806',NULL,1228,40.668448,-84.1331,0,NULL,NULL,NULL),(88,176,2,1,0,'662A States Pl SE',662,'A',NULL,'States','Pl','SE',NULL,'Payables Dept.',NULL,NULL,'Lima',1,1034,NULL,'45806',NULL,1228,40.668448,-84.1331,0,NULL,NULL,87),(89,130,3,1,0,'30D Lincoln Way W',30,'D',NULL,'Lincoln','Way','W',NULL,'c/o PO Plus',NULL,NULL,'Mission',1,1042,NULL,'78572',NULL,1228,26.234417,-98.34205,0,NULL,NULL,NULL),(90,62,2,1,0,'30D Lincoln Way W',30,'D',NULL,'Lincoln','Way','W',NULL,'c/o PO Plus',NULL,NULL,'Mission',1,1042,NULL,'78572',NULL,1228,26.234417,-98.34205,0,NULL,NULL,89),(91,137,3,1,0,'448Y Beech Dr W',448,'Y',NULL,'Beech','Dr','W',NULL,'Payables Dept.',NULL,NULL,'Mecca',1,1004,NULL,'92254',NULL,1228,33.543836,-115.99404,0,NULL,NULL,NULL),(92,120,2,1,0,'448Y Beech Dr W',448,'Y',NULL,'Beech','Dr','W',NULL,'Payables Dept.',NULL,NULL,'Mecca',1,1004,NULL,'92254',NULL,1228,33.543836,-115.99404,0,NULL,NULL,91),(93,191,3,1,0,'244C Van Ness Ln SW',244,'C',NULL,'Van Ness','Ln','SW',NULL,'Mailstop 101',NULL,NULL,'Sabetha',1,1015,NULL,'66534',NULL,1228,39.889544,-95.82289,0,NULL,NULL,NULL),(94,79,2,0,0,'244C Van Ness Ln SW',244,'C',NULL,'Van Ness','Ln','SW',NULL,'Mailstop 101',NULL,NULL,'Sabetha',1,1015,NULL,'66534',NULL,1228,39.889544,-95.82289,0,NULL,NULL,93),(95,165,3,1,0,'737I Dowlen Ln NE',737,'I',NULL,'Dowlen','Ln','NE',NULL,'Cuffe Parade',NULL,NULL,'Clermont',1,1008,NULL,'34711',NULL,1228,28.545742,-81.74805,0,NULL,NULL,NULL),(96,135,3,1,0,'440U Bay Ln SE',440,'U',NULL,'Bay','Ln','SE',NULL,'Subscriptions Dept',NULL,NULL,'Hampton',1,1009,NULL,'30228',NULL,1228,33.401827,-84.30152,0,NULL,NULL,NULL),(97,179,2,0,0,'440U Bay Ln SE',440,'U',NULL,'Bay','Ln','SE',NULL,'Subscriptions Dept',NULL,NULL,'Hampton',1,1009,NULL,'30228',NULL,1228,33.401827,-84.30152,0,NULL,NULL,96),(98,110,3,1,0,'270S College Ln SE',270,'S',NULL,'College','Ln','SE',NULL,'c/o OPDC',NULL,NULL,'Pinewood',1,1039,NULL,'29125',NULL,1228,33.71469,-80.4548,0,NULL,NULL,NULL),(99,89,3,1,0,'640H Martin Luther King Way W',640,'H',NULL,'Martin Luther King','Way','W',NULL,'Churchgate',NULL,NULL,'Solway',1,1022,NULL,'56678',NULL,1228,47.508863,-95.11397,0,NULL,NULL,NULL),(100,164,2,0,0,'640H Martin Luther King Way W',640,'H',NULL,'Martin Luther King','Way','W',NULL,'Churchgate',NULL,NULL,'Solway',1,1022,NULL,'56678',NULL,1228,47.508863,-95.11397,0,NULL,NULL,99),(101,172,3,1,0,'857Y Bay Blvd SE',857,'Y',NULL,'Bay','Blvd','SE',NULL,'Receiving',NULL,NULL,'Berlin',1,1034,NULL,'44610',NULL,1228,40.561587,-81.7981,0,NULL,NULL,NULL),(102,139,2,1,0,'857Y Bay Blvd SE',857,'Y',NULL,'Bay','Blvd','SE',NULL,'Receiving',NULL,NULL,'Berlin',1,1034,NULL,'44610',NULL,1228,40.561587,-81.7981,0,NULL,NULL,101),(103,169,3,1,0,'394U Woodbridge Path SE',394,'U',NULL,'Woodbridge','Path','SE',NULL,'Community Relations',NULL,NULL,'Stratford',1,1031,NULL,'13470',NULL,1228,43.180412,-74.66524,0,NULL,NULL,NULL),(104,85,2,0,0,'394U Woodbridge Path SE',394,'U',NULL,'Woodbridge','Path','SE',NULL,'Community Relations',NULL,NULL,'Stratford',1,1031,NULL,'13470',NULL,1228,43.180412,-74.66524,0,NULL,NULL,103),(105,122,3,1,0,'39O Woodbridge Pl SW',39,'O',NULL,'Woodbridge','Pl','SW',NULL,'Editorial Dept',NULL,NULL,'Nashville',1,1041,NULL,'37214',NULL,1228,36.166956,-86.66869,0,NULL,NULL,NULL),(106,77,2,1,0,'39O Woodbridge Pl SW',39,'O',NULL,'Woodbridge','Pl','SW',NULL,'Editorial Dept',NULL,NULL,'Nashville',1,1041,NULL,'37214',NULL,1228,36.166956,-86.66869,0,NULL,NULL,105),(107,54,1,1,0,'305N Northpoint Ave SW',305,'N',NULL,'Northpoint','Ave','SW',NULL,NULL,NULL,NULL,'San Marcos',1,1004,NULL,'92078',NULL,1228,33.122029,-117.15605,0,NULL,NULL,54),(108,40,1,1,0,'305N Northpoint Ave SW',305,'N',NULL,'Northpoint','Ave','SW',NULL,NULL,NULL,NULL,'San Marcos',1,1004,NULL,'92078',NULL,1228,33.122029,-117.15605,0,NULL,NULL,54),(109,60,1,1,0,'305N Northpoint Ave SW',305,'N',NULL,'Northpoint','Ave','SW',NULL,NULL,NULL,NULL,'San Marcos',1,1004,NULL,'92078',NULL,1228,33.122029,-117.15605,0,NULL,NULL,54),(110,56,1,0,0,'305N Northpoint Ave SW',305,'N',NULL,'Northpoint','Ave','SW',NULL,NULL,NULL,NULL,'San Marcos',1,1004,NULL,'92078',NULL,1228,33.122029,-117.15605,0,NULL,NULL,54),(111,92,1,1,0,'704D College Dr S',704,'D',NULL,'College','Dr','S',NULL,NULL,NULL,NULL,'Absaraka',1,1033,NULL,'58002',NULL,1228,46.859694,-97.214587,0,NULL,NULL,55),(112,184,1,1,0,'704D College Dr S',704,'D',NULL,'College','Dr','S',NULL,NULL,NULL,NULL,'Absaraka',1,1033,NULL,'58002',NULL,1228,46.859694,-97.214587,0,NULL,NULL,55),(113,68,1,1,0,'704D College Dr S',704,'D',NULL,'College','Dr','S',NULL,NULL,NULL,NULL,'Absaraka',1,1033,NULL,'58002',NULL,1228,46.859694,-97.214587,0,NULL,NULL,55),(114,59,1,1,0,'704D College Dr S',704,'D',NULL,'College','Dr','S',NULL,NULL,NULL,NULL,'Absaraka',1,1033,NULL,'58002',NULL,1228,46.859694,-97.214587,0,NULL,NULL,55),(115,66,1,1,0,'669G El Camino Pl SE',669,'G',NULL,'El Camino','Pl','SE',NULL,NULL,NULL,NULL,'Lynwood',1,1004,NULL,'90262',NULL,1228,33.924642,-118.20186,0,NULL,NULL,56),(116,201,1,1,0,'669G El Camino Pl SE',669,'G',NULL,'El Camino','Pl','SE',NULL,NULL,NULL,NULL,'Lynwood',1,1004,NULL,'90262',NULL,1228,33.924642,-118.20186,0,NULL,NULL,56),(117,75,1,1,0,'669G El Camino Pl SE',669,'G',NULL,'El Camino','Pl','SE',NULL,NULL,NULL,NULL,'Lynwood',1,1004,NULL,'90262',NULL,1228,33.924642,-118.20186,0,NULL,NULL,56),(118,189,1,1,0,'899R States Path W',899,'R',NULL,'States','Path','W',NULL,NULL,NULL,NULL,'Calypso',1,1032,NULL,'28325',NULL,1228,35.152512,-78.10474,0,NULL,NULL,NULL),(119,114,1,1,0,'571D Green St SW',571,'D',NULL,'Green','St','SW',NULL,NULL,NULL,NULL,'Benton',1,1048,NULL,'53803',NULL,1228,42.563769,-90.36783,0,NULL,NULL,57),(120,94,1,1,0,'571D Green St SW',571,'D',NULL,'Green','St','SW',NULL,NULL,NULL,NULL,'Benton',1,1048,NULL,'53803',NULL,1228,42.563769,-90.36783,0,NULL,NULL,57),(121,46,1,1,0,'571D Green St SW',571,'D',NULL,'Green','St','SW',NULL,NULL,NULL,NULL,'Benton',1,1048,NULL,'53803',NULL,1228,42.563769,-90.36783,0,NULL,NULL,57),(122,62,1,0,0,'571D Green St SW',571,'D',NULL,'Green','St','SW',NULL,NULL,NULL,NULL,'Benton',1,1048,NULL,'53803',NULL,1228,42.563769,-90.36783,0,NULL,NULL,57),(123,84,1,1,0,'489S Woodbridge Dr E',489,'S',NULL,'Woodbridge','Dr','E',NULL,NULL,NULL,NULL,'Mcalester',1,1035,NULL,'74501',NULL,1228,34.944399,-95.75709,0,NULL,NULL,58),(124,69,1,1,0,'489S Woodbridge Dr E',489,'S',NULL,'Woodbridge','Dr','E',NULL,NULL,NULL,NULL,'Mcalester',1,1035,NULL,'74501',NULL,1228,34.944399,-95.75709,0,NULL,NULL,58),(125,187,1,1,0,'489S Woodbridge Dr E',489,'S',NULL,'Woodbridge','Dr','E',NULL,NULL,NULL,NULL,'Mcalester',1,1035,NULL,'74501',NULL,1228,34.944399,-95.75709,0,NULL,NULL,58),(126,119,1,1,0,'417V Northpoint Blvd N',417,'V',NULL,'Northpoint','Blvd','N',NULL,NULL,NULL,NULL,'Isabella',1,1035,NULL,'73747',NULL,1228,36.221983,-98.32899,0,NULL,NULL,NULL),(127,156,1,1,0,'988R Lincoln Ave SE',988,'R',NULL,'Lincoln','Ave','SE',NULL,NULL,NULL,NULL,'Carlsbad',1,1004,NULL,'92009',NULL,1228,33.097841,-117.26744,0,NULL,NULL,59),(128,100,1,1,0,'988R Lincoln Ave SE',988,'R',NULL,'Lincoln','Ave','SE',NULL,NULL,NULL,NULL,'Carlsbad',1,1004,NULL,'92009',NULL,1228,33.097841,-117.26744,0,NULL,NULL,59),(129,50,1,1,0,'988R Lincoln Ave SE',988,'R',NULL,'Lincoln','Ave','SE',NULL,NULL,NULL,NULL,'Carlsbad',1,1004,NULL,'92009',NULL,1228,33.097841,-117.26744,0,NULL,NULL,59),(130,81,1,1,0,'509B Woodbridge Path NE',509,'B',NULL,'Woodbridge','Path','NE',NULL,NULL,NULL,NULL,'Frenchboro',1,1018,NULL,'04635',NULL,1228,44.124476,-68.34995,0,NULL,NULL,NULL),(131,120,1,0,0,'356F Second Way E',356,'F',NULL,'Second','Way','E',NULL,NULL,NULL,NULL,'Central Valley',1,1031,NULL,'10917',NULL,1228,41.322344,-74.12354,0,NULL,NULL,60),(132,25,1,1,0,'356F Second Way E',356,'F',NULL,'Second','Way','E',NULL,NULL,NULL,NULL,'Central Valley',1,1031,NULL,'10917',NULL,1228,41.322344,-74.12354,0,NULL,NULL,60),(133,101,1,1,0,'356F Second Way E',356,'F',NULL,'Second','Way','E',NULL,NULL,NULL,NULL,'Central Valley',1,1031,NULL,'10917',NULL,1228,41.322344,-74.12354,0,NULL,NULL,60),(134,29,1,1,0,'356F Second Way E',356,'F',NULL,'Second','Way','E',NULL,NULL,NULL,NULL,'Central Valley',1,1031,NULL,'10917',NULL,1228,41.322344,-74.12354,0,NULL,NULL,60),(135,23,1,1,0,'99U Van Ness Dr N',99,'U',NULL,'Van Ness','Dr','N',NULL,NULL,NULL,NULL,'East Springfield',1,1034,NULL,'43925',NULL,1228,40.450257,-80.86015,0,NULL,NULL,61),(136,124,1,1,0,'99U Van Ness Dr N',99,'U',NULL,'Van Ness','Dr','N',NULL,NULL,NULL,NULL,'East Springfield',1,1034,NULL,'43925',NULL,1228,40.450257,-80.86015,0,NULL,NULL,61),(137,111,1,1,0,'99U Van Ness Dr N',99,'U',NULL,'Van Ness','Dr','N',NULL,NULL,NULL,NULL,'East Springfield',1,1034,NULL,'43925',NULL,1228,40.450257,-80.86015,0,NULL,NULL,61),(138,70,1,1,0,'99U Van Ness Dr N',99,'U',NULL,'Van Ness','Dr','N',NULL,NULL,NULL,NULL,'East Springfield',1,1034,NULL,'43925',NULL,1228,40.450257,-80.86015,0,NULL,NULL,61),(139,133,1,1,0,'572G Green Ave S',572,'G',NULL,'Green','Ave','S',NULL,NULL,NULL,NULL,'Albuquerque',1,1030,NULL,'87201',NULL,1228,35.044339,-106.672872,0,NULL,NULL,62),(140,129,1,1,0,'572G Green Ave S',572,'G',NULL,'Green','Ave','S',NULL,NULL,NULL,NULL,'Albuquerque',1,1030,NULL,'87201',NULL,1228,35.044339,-106.672872,0,NULL,NULL,62),(141,160,1,1,0,'572G Green Ave S',572,'G',NULL,'Green','Ave','S',NULL,NULL,NULL,NULL,'Albuquerque',1,1030,NULL,'87201',NULL,1228,35.044339,-106.672872,0,NULL,NULL,62),(142,155,1,1,0,'572G Green Ave S',572,'G',NULL,'Green','Ave','S',NULL,NULL,NULL,NULL,'Albuquerque',1,1030,NULL,'87201',NULL,1228,35.044339,-106.672872,0,NULL,NULL,62),(143,147,1,1,0,'931F Martin Luther King Pl NE',931,'F',NULL,'Martin Luther King','Pl','NE',NULL,NULL,NULL,NULL,'Fort Myers',1,1008,NULL,'33961',NULL,1228,26.629875,-81.857683,0,NULL,NULL,63),(144,149,1,1,0,'931F Martin Luther King Pl NE',931,'F',NULL,'Martin Luther King','Pl','NE',NULL,NULL,NULL,NULL,'Fort Myers',1,1008,NULL,'33961',NULL,1228,26.629875,-81.857683,0,NULL,NULL,63),(145,106,1,1,0,'931F Martin Luther King Pl NE',931,'F',NULL,'Martin Luther King','Pl','NE',NULL,NULL,NULL,NULL,'Fort Myers',1,1008,NULL,'33961',NULL,1228,26.629875,-81.857683,0,NULL,NULL,63),(146,151,1,1,0,'942C College Pl W',942,'C',NULL,'College','Pl','W',NULL,NULL,NULL,NULL,'Richland',1,1024,NULL,'65556',NULL,1228,37.828549,-92.40512,0,NULL,NULL,NULL),(147,45,1,1,0,'799T Green Ave W',799,'T',NULL,'Green','Ave','W',NULL,NULL,NULL,NULL,'West Warren',1,1020,NULL,'01092',NULL,1228,42.210777,-72.23904,0,NULL,NULL,64),(148,103,1,1,0,'799T Green Ave W',799,'T',NULL,'Green','Ave','W',NULL,NULL,NULL,NULL,'West Warren',1,1020,NULL,'01092',NULL,1228,42.210777,-72.23904,0,NULL,NULL,64),(149,24,1,1,0,'799T Green Ave W',799,'T',NULL,'Green','Ave','W',NULL,NULL,NULL,NULL,'West Warren',1,1020,NULL,'01092',NULL,1228,42.210777,-72.23904,0,NULL,NULL,64),(150,176,1,0,0,'683M Beech Pl N',683,'M',NULL,'Beech','Pl','N',NULL,NULL,NULL,NULL,'Kenmore',1,1046,NULL,'98028',NULL,1228,47.75287,-122.24736,0,NULL,NULL,NULL),(151,17,1,1,0,'356J Jackson Dr S',356,'J',NULL,'Jackson','Dr','S',NULL,NULL,NULL,NULL,'Cashiers',1,1032,NULL,'28717',NULL,1228,35.103251,-83.09538,0,NULL,NULL,65),(152,154,1,0,0,'356J Jackson Dr S',356,'J',NULL,'Jackson','Dr','S',NULL,NULL,NULL,NULL,'Cashiers',1,1032,NULL,'28717',NULL,1228,35.103251,-83.09538,0,NULL,NULL,65),(153,199,1,1,0,'356J Jackson Dr S',356,'J',NULL,'Jackson','Dr','S',NULL,NULL,NULL,NULL,'Cashiers',1,1032,NULL,'28717',NULL,1228,35.103251,-83.09538,0,NULL,NULL,65),(154,198,1,1,0,'356J Jackson Dr S',356,'J',NULL,'Jackson','Dr','S',NULL,NULL,NULL,NULL,'Cashiers',1,1032,NULL,'28717',NULL,1228,35.103251,-83.09538,0,NULL,NULL,65),(155,158,1,1,0,'286N Main Way E',286,'N',NULL,'Main','Way','E',NULL,NULL,NULL,NULL,'Longwood',1,1032,NULL,'28452',NULL,1228,33.997345,-78.5565,0,NULL,NULL,66),(156,28,1,1,0,'286N Main Way E',286,'N',NULL,'Main','Way','E',NULL,NULL,NULL,NULL,'Longwood',1,1032,NULL,'28452',NULL,1228,33.997345,-78.5565,0,NULL,NULL,66),(157,44,1,1,0,'286N Main Way E',286,'N',NULL,'Main','Way','E',NULL,NULL,NULL,NULL,'Longwood',1,1032,NULL,'28452',NULL,1228,33.997345,-78.5565,0,NULL,NULL,66),(158,10,1,0,0,'286N Main Way E',286,'N',NULL,'Main','Way','E',NULL,NULL,NULL,NULL,'Longwood',1,1032,NULL,'28452',NULL,1228,33.997345,-78.5565,0,NULL,NULL,66),(159,26,1,1,0,'593R Lincoln Blvd W',593,'R',NULL,'Lincoln','Blvd','W',NULL,NULL,NULL,NULL,'South Jamesport',1,1031,NULL,'11970',NULL,1228,40.941363,-72.57502,0,NULL,NULL,67),(160,148,1,1,0,'593R Lincoln Blvd W',593,'R',NULL,'Lincoln','Blvd','W',NULL,NULL,NULL,NULL,'South Jamesport',1,1031,NULL,'11970',NULL,1228,40.941363,-72.57502,0,NULL,NULL,67),(161,47,1,1,0,'593R Lincoln Blvd W',593,'R',NULL,'Lincoln','Blvd','W',NULL,NULL,NULL,NULL,'South Jamesport',1,1031,NULL,'11970',NULL,1228,40.941363,-72.57502,0,NULL,NULL,67),(162,48,1,1,0,'593R Lincoln Blvd W',593,'R',NULL,'Lincoln','Blvd','W',NULL,NULL,NULL,NULL,'South Jamesport',1,1031,NULL,'11970',NULL,1228,40.941363,-72.57502,0,NULL,NULL,67),(163,195,1,1,0,'849Y Beech Rd W',849,'Y',NULL,'Beech','Rd','W',NULL,NULL,NULL,NULL,'Mullen',1,1026,NULL,'69152',NULL,1228,42.088889,-101.09299,0,NULL,NULL,68),(164,2,1,1,0,'849Y Beech Rd W',849,'Y',NULL,'Beech','Rd','W',NULL,NULL,NULL,NULL,'Mullen',1,1026,NULL,'69152',NULL,1228,42.088889,-101.09299,0,NULL,NULL,68),(165,180,1,1,0,'849Y Beech Rd W',849,'Y',NULL,'Beech','Rd','W',NULL,NULL,NULL,NULL,'Mullen',1,1026,NULL,'69152',NULL,1228,42.088889,-101.09299,0,NULL,NULL,68),(166,21,1,1,0,'862M Maple Dr NW',862,'M',NULL,'Maple','Dr','NW',NULL,NULL,NULL,NULL,'Newburg',1,1024,NULL,'65550',NULL,1228,37.862197,-91.93811,0,NULL,NULL,NULL),(167,78,1,1,0,'859M Cadell Path SW',859,'M',NULL,'Cadell','Path','SW',NULL,NULL,NULL,NULL,'West Bloomfield',1,1021,NULL,'48324',NULL,1228,42.595233,-83.39974,0,NULL,NULL,69),(168,3,1,1,0,'859M Cadell Path SW',859,'M',NULL,'Cadell','Path','SW',NULL,NULL,NULL,NULL,'West Bloomfield',1,1021,NULL,'48324',NULL,1228,42.595233,-83.39974,0,NULL,NULL,69),(169,9,1,1,0,'859M Cadell Path SW',859,'M',NULL,'Cadell','Path','SW',NULL,NULL,NULL,NULL,'West Bloomfield',1,1021,NULL,'48324',NULL,1228,42.595233,-83.39974,0,NULL,NULL,69),(170,34,1,1,0,'859M Cadell Path SW',859,'M',NULL,'Cadell','Path','SW',NULL,NULL,NULL,NULL,'West Bloomfield',1,1021,NULL,'48324',NULL,1228,42.595233,-83.39974,0,NULL,NULL,69),(171,139,1,0,0,'398O Beech St S',398,'O',NULL,'Beech','St','S',NULL,NULL,NULL,NULL,'Hartsdale',1,1031,NULL,'10530',NULL,1228,41.025114,-73.80635,0,NULL,NULL,70),(172,35,1,1,0,'398O Beech St S',398,'O',NULL,'Beech','St','S',NULL,NULL,NULL,NULL,'Hartsdale',1,1031,NULL,'10530',NULL,1228,41.025114,-73.80635,0,NULL,NULL,70),(173,200,1,1,0,'398O Beech St S',398,'O',NULL,'Beech','St','S',NULL,NULL,NULL,NULL,'Hartsdale',1,1031,NULL,'10530',NULL,1228,41.025114,-73.80635,0,NULL,NULL,70),(174,140,1,1,0,'398O Beech St S',398,'O',NULL,'Beech','St','S',NULL,NULL,NULL,NULL,'Hartsdale',1,1031,NULL,'10530',NULL,1228,41.025114,-73.80635,0,NULL,NULL,70),(175,51,1,1,0,'180L Pine Blvd S',180,'L',NULL,'Pine','Blvd','S',NULL,NULL,NULL,NULL,'Ruby',1,1045,NULL,'22545',NULL,1228,38.508611,-77.542957,0,NULL,NULL,71),(176,166,1,1,0,'180L Pine Blvd S',180,'L',NULL,'Pine','Blvd','S',NULL,NULL,NULL,NULL,'Ruby',1,1045,NULL,'22545',NULL,1228,38.508611,-77.542957,0,NULL,NULL,71),(177,196,1,1,0,'180L Pine Blvd S',180,'L',NULL,'Pine','Blvd','S',NULL,NULL,NULL,NULL,'Ruby',1,1045,NULL,'22545',NULL,1228,38.508611,-77.542957,0,NULL,NULL,71),(178,144,1,1,0,'180L Pine Blvd S',180,'L',NULL,'Pine','Blvd','S',NULL,NULL,NULL,NULL,'Ruby',1,1045,NULL,'22545',NULL,1228,38.508611,-77.542957,0,NULL,NULL,71),(179,197,1,1,0,'461H Cadell St W',461,'H',NULL,'Cadell','St','W',NULL,NULL,NULL,NULL,'Guayanilla',1,1056,NULL,'00656',NULL,1228,18.038866,-66.79168,0,NULL,NULL,72),(180,183,1,1,0,'461H Cadell St W',461,'H',NULL,'Cadell','St','W',NULL,NULL,NULL,NULL,'Guayanilla',1,1056,NULL,'00656',NULL,1228,18.038866,-66.79168,0,NULL,NULL,72),(181,131,1,1,0,'461H Cadell St W',461,'H',NULL,'Cadell','St','W',NULL,NULL,NULL,NULL,'Guayanilla',1,1056,NULL,'00656',NULL,1228,18.038866,-66.79168,0,NULL,NULL,72),(182,174,1,1,0,'24L Northpoint Blvd W',24,'L',NULL,'Northpoint','Blvd','W',NULL,NULL,NULL,NULL,'Carlsbad',1,1030,NULL,'88220',NULL,1228,32.408311,-104.29134,0,NULL,NULL,NULL),(183,115,1,1,0,'799C Dowlen Dr SW',799,'C',NULL,'Dowlen','Dr','SW',NULL,NULL,NULL,NULL,'Ranier',1,1022,NULL,'56668',NULL,1228,48.603143,-93.29771,0,NULL,NULL,73),(184,107,1,1,0,'799C Dowlen Dr SW',799,'C',NULL,'Dowlen','Dr','SW',NULL,NULL,NULL,NULL,'Ranier',1,1022,NULL,'56668',NULL,1228,48.603143,-93.29771,0,NULL,NULL,73),(185,186,1,1,0,'799C Dowlen Dr SW',799,'C',NULL,'Dowlen','Dr','SW',NULL,NULL,NULL,NULL,'Ranier',1,1022,NULL,'56668',NULL,1228,48.603143,-93.29771,0,NULL,NULL,73),(186,11,1,0,0,'129U El Camino Ln NE',129,'U',NULL,'El Camino','Ln','NE',NULL,NULL,NULL,NULL,'Norfolk',1,1045,NULL,'23517',NULL,1228,36.870197,-76.29271,0,NULL,NULL,NULL),(187,NULL,1,1,1,'14S El Camino Way E',14,'S',NULL,'El Camino','Way',NULL,NULL,NULL,NULL,NULL,'Collinsville',NULL,1006,NULL,'6022',NULL,1228,41.8328,-72.9253,0,NULL,NULL,NULL),(188,NULL,1,1,1,'11B Woodbridge Path SW',11,'B',NULL,'Woodbridge','Path',NULL,NULL,NULL,NULL,NULL,'Dayton',NULL,1034,NULL,'45417',NULL,1228,39.7531,-84.2471,0,NULL,NULL,NULL),(189,NULL,1,1,1,'581O Lincoln Dr SW',581,'O',NULL,'Lincoln','Dr',NULL,NULL,NULL,NULL,NULL,'Santa Fe',NULL,1030,NULL,'87594',NULL,1228,35.5212,-105.982,0,NULL,NULL,NULL);
/*!40000 ALTER TABLE `civicrm_address` ENABLE KEYS */;
UNLOCK TABLES;

--
-- Dumping data for table `civicrm_address_format`
--

LOCK TABLES `civicrm_address_format` WRITE;
/*!40000 ALTER TABLE `civicrm_address_format` DISABLE KEYS */;
/*!40000 ALTER TABLE `civicrm_address_format` ENABLE KEYS */;
UNLOCK TABLES;

--
-- Dumping data for table `civicrm_batch`
--

LOCK TABLES `civicrm_batch` WRITE;
/*!40000 ALTER TABLE `civicrm_batch` DISABLE KEYS */;
/*!40000 ALTER TABLE `civicrm_batch` ENABLE KEYS */;
UNLOCK TABLES;

--
-- Dumping data for table `civicrm_cache`
--

LOCK TABLES `civicrm_cache` WRITE;
/*!40000 ALTER TABLE `civicrm_cache` DISABLE KEYS */;
INSERT INTO `civicrm_cache` (`id`, `group_name`, `path`, `data`, `component_id`, `created_date`, `expired_date`) VALUES (1,'CiviCRM setting Spec','All','a:86:{s:32:\"address_standardization_provider\";a:12:{s:10:\"group_name\";s:19:\"Address Preferences\";s:5:\"group\";s:7:\"address\";s:4:\"name\";s:32:\"address_standardization_provider\";s:4:\"type\";s:6:\"String\";s:9:\"html_type\";s:6:\"Select\";s:7:\"default\";N;s:3:\"add\";s:3:\"4.1\";s:5:\"title\";s:33:\"Address Standardization Provider.\";s:9:\"is_domain\";i:1;s:10:\"is_contact\";i:0;s:11:\"description\";N;s:9:\"help_text\";s:486:\"CiviCRM includes an optional plugin for interfacing with the United States Postal Services (USPS) Address Standardization web service. You must register to use the USPS service at https://www.usps.com/business/webtools-address-information.htm. If you are approved, they will provide you with a User ID and the URL for the service. Plugins for other address standardization services may be available from 3rd party developers. If installed, they will be included in the drop-down below. \";}s:30:\"address_standardization_userid\";a:12:{s:10:\"group_name\";s:19:\"Address Preferences\";s:5:\"group\";s:7:\"address\";s:4:\"name\";s:30:\"address_standardization_userid\";s:4:\"type\";s:6:\"String\";s:9:\"html_type\";s:4:\"Text\";s:7:\"default\";N;s:3:\"add\";s:3:\"4.1\";s:5:\"title\";s:19:\"Web service user ID\";s:9:\"is_domain\";i:1;s:10:\"is_contact\";i:0;s:11:\"description\";N;s:9:\"help_text\";N;}s:27:\"address_standardization_url\";a:13:{s:10:\"group_name\";s:19:\"Address Preferences\";s:5:\"group\";s:7:\"address\";s:4:\"name\";s:27:\"address_standardization_url\";s:4:\"type\";s:4:\"Text\";s:9:\"html_type\";s:4:\"Text\";s:7:\"default\";N;s:3:\"add\";s:3:\"4.1\";s:5:\"title\";s:15:\"Web service url\";s:9:\"is_domain\";i:1;s:10:\"is_contact\";i:0;s:11:\"description\";N;s:9:\"help_text\";s:16:\"Web service URL.\";s:17:\"validate_callback\";s:19:\"CRM_Utils_Rule::url\";}s:15:\"tag_unconfirmed\";a:12:{s:10:\"group_name\";s:20:\"Campaign Preferences\";s:5:\"group\";s:8:\"campaign\";s:4:\"name\";s:15:\"tag_unconfirmed\";s:4:\"type\";s:6:\"String\";s:9:\"html_type\";s:4:\"Text\";s:7:\"default\";s:11:\"Unconfirmed\";s:3:\"add\";s:3:\"4.1\";s:5:\"title\";s:36:\"Tag for Unconfirmed Petition Signers\";s:9:\"is_domain\";i:1;s:10:\"is_contact\";i:0;s:11:\"description\";N;s:9:\"help_text\";s:94:\"If set, new contacts that are created when signing a petition are assigned a tag of this name.\";}s:17:\"petition_contacts\";a:12:{s:10:\"group_name\";s:20:\"Campaign Preferences\";s:5:\"group\";s:8:\"campaign\";s:4:\"name\";s:17:\"petition_contacts\";s:4:\"type\";s:6:\"String\";s:9:\"html_type\";s:4:\"Text\";s:7:\"default\";s:17:\"Petition Contacts\";s:3:\"add\";s:3:\"4.1\";s:5:\"title\";s:22:\"Petition Signers Group\";s:9:\"is_domain\";i:1;s:10:\"is_contact\";i:0;s:11:\"description\";N;s:9:\"help_text\";s:94:\"If set, new contacts that are created when signing a petition are assigned a tag of this name.\";}s:23:\"cvv_backoffice_required\";a:12:{s:10:\"group_name\";s:22:\"Contribute Preferences\";s:5:\"group\";s:10:\"contribute\";s:4:\"name\";s:23:\"cvv_backoffice_required\";s:4:\"type\";s:7:\"Boolean\";s:15:\"quick_form_type\";s:5:\"YesNo\";s:7:\"default\";s:1:\"1\";s:3:\"add\";s:3:\"4.1\";s:5:\"title\";s:28:\"CVV required for backoffice?\";s:9:\"is_domain\";i:1;s:10:\"is_contact\";i:0;s:11:\"description\";s:65:\"Is the CVV code required for back office credit card transactions\";s:9:\"help_text\";s:137:\"If set it back-office credit card transactions will required a cvv code. Leave as required unless you have a very strong reason to change\";}s:20:\"contact_view_options\";a:13:{s:10:\"group_name\";s:19:\"CiviCRM Preferences\";s:5:\"group\";s:4:\"core\";s:4:\"name\";s:20:\"contact_view_options\";s:4:\"type\";s:6:\"String\";s:9:\"html_type\";s:10:\"checkboxes\";s:14:\"pseudoconstant\";a:1:{s:15:\"optionGroupName\";s:20:\"contact_view_options\";}s:7:\"default\";s:28:\"123456789101113\";s:3:\"add\";s:3:\"4.1\";s:5:\"title\";s:16:\"Viewing Contacts\";s:9:\"is_domain\";s:1:\"1\";s:10:\"is_contact\";i:0;s:11:\"description\";N;s:9:\"help_text\";N;}s:20:\"contact_edit_options\";a:13:{s:10:\"group_name\";s:19:\"CiviCRM Preferences\";s:5:\"group\";s:4:\"core\";s:4:\"name\";s:20:\"contact_edit_options\";s:4:\"type\";s:6:\"String\";s:9:\"html_type\";s:10:\"checkboxes\";s:14:\"pseudoconstant\";a:1:{s:15:\"optionGroupName\";s:20:\"contact_edit_options\";}s:7:\"default\";s:25:\"1234567891011\";s:3:\"add\";s:3:\"4.1\";s:5:\"title\";s:16:\"Editing Contacts\";s:9:\"is_domain\";i:1;s:10:\"is_contact\";i:0;s:11:\"description\";N;s:9:\"help_text\";N;}s:23:\"advanced_search_options\";a:12:{s:10:\"group_name\";s:19:\"CiviCRM Preferences\";s:4:\"name\";s:23:\"advanced_search_options\";s:4:\"type\";s:6:\"String\";s:9:\"html_type\";s:10:\"checkboxes\";s:14:\"pseudoconstant\";a:1:{s:15:\"optionGroupName\";s:23:\"advanced_search_options\";}s:7:\"default\";s:43:\"1234567891012131516171819\";s:3:\"add\";s:3:\"4.1\";s:5:\"title\";s:14:\"Contact Search\";s:9:\"is_domain\";i:1;s:10:\"is_contact\";i:0;s:11:\"description\";N;s:9:\"help_text\";N;}s:22:\"user_dashboard_options\";a:13:{s:10:\"group_name\";s:19:\"CiviCRM Preferences\";s:5:\"group\";s:4:\"core\";s:4:\"name\";s:22:\"user_dashboard_options\";s:4:\"type\";s:6:\"String\";s:9:\"html_type\";s:10:\"checkboxes\";s:14:\"pseudoconstant\";a:1:{s:15:\"optionGroupName\";s:22:\"user_dashboard_options\";}s:7:\"default\";s:17:\"12345789\";s:3:\"add\";s:3:\"4.1\";s:5:\"title\";s:17:\"Contact Dashboard\";s:9:\"is_domain\";i:1;s:10:\"is_contact\";i:0;s:11:\"description\";N;s:9:\"help_text\";N;}s:15:\"address_options\";a:13:{s:10:\"group_name\";s:19:\"CiviCRM Preferences\";s:5:\"group\";s:4:\"core\";s:4:\"name\";s:15:\"address_options\";s:4:\"type\";s:6:\"String\";s:9:\"html_type\";s:4:\"Text\";s:14:\"pseudoconstant\";a:1:{s:15:\"optionGroupName\";s:15:\"address_options\";}s:7:\"default\";s:19:\"1245891011\";s:3:\"add\";s:3:\"4.1\";s:5:\"title\";s:18:\"Addressing Options\";s:9:\"is_domain\";i:1;s:10:\"is_contact\";i:0;s:11:\"description\";N;s:9:\"help_text\";N;}s:14:\"address_format\";a:12:{s:10:\"group_name\";s:19:\"CiviCRM Preferences\";s:5:\"group\";s:4:\"core\";s:4:\"name\";s:14:\"address_format\";s:4:\"type\";s:6:\"String\";s:9:\"html_type\";s:8:\"TextArea\";s:7:\"default\";s:198:\"{contact.address_name}\n{contact.street_address}\n{contact.supplemental_address_1}\n{contact.supplemental_address_2}\n{contact.city}{, }{contact.state_province}{ }{contact.postal_code}\n{contact.country}\";s:3:\"add\";s:3:\"4.1\";s:5:\"title\";s:14:\"Address Format\";s:9:\"is_domain\";i:1;s:10:\"is_contact\";i:0;s:11:\"description\";N;s:9:\"help_text\";N;}s:14:\"mailing_format\";a:12:{s:10:\"group_name\";s:19:\"CiviCRM Preferences\";s:5:\"group\";s:4:\"core\";s:4:\"name\";s:14:\"mailing_format\";s:4:\"type\";s:6:\"String\";s:9:\"html_type\";s:4:\"Text\";s:7:\"default\";s:195:\"{contact.addressee}\n{contact.street_address}\n{contact.supplemental_address_1}\n{contact.supplemental_address_2}\n{contact.city}{, }{contact.state_province}{ }{contact.postal_code}\n{contact.country}\";s:3:\"add\";s:3:\"4.1\";s:5:\"title\";s:14:\"Mailing Format\";s:9:\"is_domain\";i:1;s:10:\"is_contact\";i:0;s:11:\"description\";N;s:9:\"help_text\";N;}s:19:\"display_name_format\";a:12:{s:10:\"group_name\";s:19:\"CiviCRM Preferences\";s:5:\"group\";s:4:\"core\";s:4:\"name\";s:19:\"display_name_format\";s:4:\"type\";s:6:\"String\";s:9:\"html_type\";s:4:\"Text\";s:7:\"default\";s:102:\"{contact.individual_prefix}{ }{contact.first_name}{ }{contact.last_name}{ }{contact.individual_suffix}\";s:3:\"add\";s:3:\"4.1\";s:5:\"title\";s:19:\"Display Name Format\";s:9:\"is_domain\";i:1;s:10:\"is_contact\";i:0;s:11:\"description\";N;s:9:\"help_text\";N;}s:16:\"sort_name_format\";a:12:{s:10:\"group_name\";s:19:\"CiviCRM Preferences\";s:5:\"group\";s:4:\"core\";s:4:\"name\";s:16:\"sort_name_format\";s:4:\"type\";s:6:\"String\";s:9:\"html_type\";s:4:\"Text\";s:7:\"default\";s:43:\"{contact.last_name}{, }{contact.first_name}\";s:3:\"add\";s:3:\"4.1\";s:5:\"title\";N;s:9:\"is_domain\";i:1;s:10:\"is_contact\";i:0;s:11:\"description\";N;s:9:\"help_text\";N;}s:9:\"editor_id\";a:12:{s:10:\"group_name\";s:19:\"CiviCRM Preferences\";s:5:\"group\";s:4:\"core\";s:4:\"name\";s:9:\"editor_id\";s:4:\"type\";s:6:\"String\";s:9:\"html_type\";s:4:\"Text\";s:7:\"default\";N;s:3:\"add\";s:3:\"4.1\";s:5:\"title\";N;s:9:\"is_domain\";i:1;s:10:\"is_contact\";i:0;s:11:\"description\";N;s:9:\"help_text\";N;}s:26:\"contact_ajax_check_similar\";a:12:{s:10:\"group_name\";s:19:\"CiviCRM Preferences\";s:5:\"group\";s:4:\"core\";s:4:\"name\";s:26:\"contact_ajax_check_similar\";s:4:\"type\";s:6:\"String\";s:9:\"html_type\";s:4:\"Text\";s:7:\"default\";N;s:3:\"add\";s:3:\"4.1\";s:5:\"title\";N;s:9:\"is_domain\";i:1;s:10:\"is_contact\";i:0;s:11:\"description\";N;s:9:\"help_text\";N;}s:17:\"ajaxPopupsEnabled\";a:12:{s:10:\"group_name\";s:19:\"CiviCRM Preferences\";s:5:\"group\";s:4:\"core\";s:4:\"name\";s:17:\"ajaxPopupsEnabled\";s:4:\"type\";s:7:\"Boolean\";s:15:\"quick_form_type\";s:5:\"YesNo\";s:7:\"default\";i:1;s:3:\"add\";s:3:\"4.5\";s:5:\"title\";N;s:9:\"is_domain\";i:1;s:10:\"is_contact\";i:0;s:11:\"description\";N;s:9:\"help_text\";N;}s:30:\"activity_assignee_notification\";a:12:{s:10:\"group_name\";s:19:\"CiviCRM Preferences\";s:5:\"group\";s:4:\"core\";s:4:\"name\";s:30:\"activity_assignee_notification\";s:4:\"type\";s:6:\"String\";s:9:\"html_type\";s:4:\"Text\";s:7:\"default\";N;s:3:\"add\";s:3:\"4.1\";s:5:\"title\";s:25:\"Notify Activity Assignees\";s:9:\"is_domain\";i:1;s:10:\"is_contact\";i:0;s:11:\"description\";N;s:9:\"help_text\";N;}s:34:\"activity_assignee_notification_ics\";a:12:{s:10:\"group_name\";s:19:\"CiviCRM Preferences\";s:5:\"group\";s:4:\"core\";s:4:\"name\";s:34:\"activity_assignee_notification_ics\";s:4:\"type\";s:6:\"String\";s:9:\"html_type\";s:4:\"Text\";s:7:\"default\";N;s:3:\"add\";s:3:\"4.3\";s:5:\"title\";s:41:\"Include ICal Invite to Activity Assignees\";s:9:\"is_domain\";i:1;s:10:\"is_contact\";i:0;s:11:\"description\";N;s:9:\"help_text\";N;}s:28:\"contact_autocomplete_options\";a:13:{s:10:\"group_name\";s:19:\"CiviCRM Preferences\";s:5:\"group\";s:4:\"core\";s:4:\"name\";s:28:\"contact_autocomplete_options\";s:4:\"type\";s:6:\"String\";s:9:\"html_type\";s:10:\"checkboxes\";s:14:\"pseudoconstant\";a:1:{s:15:\"optionGroupName\";s:28:\"contact_autocomplete_options\";}s:7:\"default\";s:15:\"1234567\";s:3:\"add\";s:3:\"4.1\";s:5:\"title\";s:38:\"Contact Reference Autocomplete Options\";s:9:\"is_domain\";i:1;s:10:\"is_contact\";i:0;s:11:\"description\";N;s:9:\"help_text\";N;}s:25:\"contact_reference_options\";a:13:{s:10:\"group_name\";s:19:\"CiviCRM Preferences\";s:5:\"group\";s:4:\"core\";s:4:\"name\";s:25:\"contact_reference_options\";s:4:\"type\";s:6:\"String\";s:9:\"html_type\";s:10:\"checkboxes\";s:14:\"pseudoconstant\";a:1:{s:15:\"optionGroupName\";s:25:\"contact_reference_options\";}s:7:\"default\";s:15:\"1234567\";s:3:\"add\";s:3:\"4.1\";s:5:\"title\";N;s:9:\"is_domain\";i:1;s:10:\"is_contact\";i:0;s:11:\"description\";N;s:9:\"help_text\";N;}s:15:\"max_attachments\";a:16:{s:10:\"group_name\";s:19:\"CiviCRM Preferences\";s:5:\"group\";s:4:\"core\";s:4:\"name\";s:15:\"max_attachments\";s:10:\"legacy_key\";s:14:\"maxAttachments\";s:8:\"prefetch\";i:0;s:4:\"type\";s:7:\"Integer\";s:15:\"quick_form_type\";s:7:\"Element\";s:9:\"html_type\";s:4:\"text\";s:15:\"html_attributes\";a:2:{s:4:\"size\";i:2;s:9:\"maxlength\";i:8;}s:7:\"default\";i:3;s:3:\"add\";s:3:\"4.3\";s:5:\"title\";s:19:\"Maximum Attachments\";s:9:\"is_domain\";i:1;s:10:\"is_contact\";i:0;s:11:\"description\";s:93:\"Maximum number of files (documents, images, etc.) which can attached to emails or activities.\";s:9:\"help_text\";N;}s:11:\"maxFileSize\";a:16:{s:10:\"group_name\";s:19:\"CiviCRM Preferences\";s:5:\"group\";s:4:\"core\";s:4:\"name\";s:11:\"maxFileSize\";s:8:\"prefetch\";i:1;s:11:\"config_only\";i:1;s:4:\"type\";s:7:\"Integer\";s:15:\"quick_form_type\";s:7:\"Element\";s:9:\"html_type\";s:4:\"text\";s:15:\"html_attributes\";a:2:{s:4:\"size\";i:2;s:9:\"maxlength\";i:8;}s:7:\"default\";i:3;s:3:\"add\";s:3:\"4.3\";s:5:\"title\";s:25:\"Maximum File Size (in MB)\";s:9:\"is_domain\";i:1;s:10:\"is_contact\";i:0;s:11:\"description\";s:140:\"Maximum Size of file (documents, images, etc.) which can attached to emails or activities.<br />Note: php.ini should support this file size.\";s:9:\"help_text\";N;}s:16:\"contact_undelete\";a:12:{s:10:\"group_name\";s:19:\"CiviCRM Preferences\";s:5:\"group\";s:4:\"core\";s:4:\"name\";s:16:\"contact_undelete\";s:4:\"type\";s:7:\"Boolean\";s:15:\"quick_form_type\";s:5:\"YesNo\";s:7:\"default\";i:1;s:3:\"add\";s:3:\"4.3\";s:5:\"title\";s:26:\"Contact Trash and Undelete\";s:9:\"is_domain\";i:1;s:10:\"is_contact\";i:0;s:11:\"description\";s:200:\"If enabled, deleted contacts will be moved to trash (instead of being destroyed). Users with the proper permission are able to search for the deleted contacts and restore them (or delete permanently).\";s:9:\"help_text\";N;}s:24:\"allowPermDeleteFinancial\";a:12:{s:10:\"group_name\";s:19:\"CiviCRM Preferences\";s:5:\"group\";s:4:\"core\";s:4:\"name\";s:24:\"allowPermDeleteFinancial\";s:4:\"type\";s:7:\"Boolean\";s:15:\"quick_form_type\";s:5:\"YesNo\";s:7:\"default\";b:0;s:3:\"add\";s:3:\"4.3\";s:5:\"title\";s:24:\"Contact Permanent Delete\";s:9:\"is_domain\";i:1;s:10:\"is_contact\";i:0;s:11:\"description\";s:81:\"Allow Permanent Delete for contacts who are linked to live financial transactions\";s:9:\"help_text\";N;}s:12:\"versionAlert\";a:12:{s:10:\"group_name\";s:19:\"CiviCRM Preferences\";s:5:\"group\";s:4:\"core\";s:4:\"name\";s:12:\"versionAlert\";s:4:\"type\";s:7:\"Boolean\";s:15:\"quick_form_type\";s:5:\"YesNo\";s:7:\"default\";i:1;s:3:\"add\";s:3:\"4.3\";s:5:\"title\";s:18:\"New Version Alerts\";s:9:\"is_domain\";i:1;s:10:\"is_contact\";i:0;s:11:\"description\";s:212:\"Displays an on-screen alert to users with \"Administer CiviCRM\" permissions when a new version of CiviCRM is available. This setting will only work if the \"Version Check & Statistics Reporting\" setting is enabled.\";s:9:\"help_text\";N;}s:12:\"versionCheck\";a:14:{s:10:\"group_name\";s:19:\"CiviCRM Preferences\";s:5:\"group\";s:4:\"core\";s:4:\"name\";s:12:\"versionCheck\";s:8:\"prefetch\";i:1;s:11:\"config_only\";i:1;s:4:\"type\";s:7:\"Boolean\";s:15:\"quick_form_type\";s:5:\"YesNo\";s:7:\"default\";i:1;s:3:\"add\";s:3:\"4.3\";s:5:\"title\";s:36:\"Version Check & Statistics Reporting\";s:9:\"is_domain\";i:1;s:10:\"is_contact\";i:0;s:11:\"description\";s:847:\"If enabled, CiviCRM automatically checks availablity of a newer version of the software. New version alerts will be displayed on the main CiviCRM Administration page.\nWhen enabled, statistics about your CiviCRM installation are reported anonymously to the CiviCRM team to assist in prioritizing ongoing development efforts. The following information is gathered: CiviCRM version, versions of PHP, MySQL and framework (Drupal/Joomla/standalone), and default language. Counts (but no actual data) of the following record types are reported: contacts, activities, cases, relationships, contributions, contribution pages, contribution products, contribution widgets, discounts, price sets, profiles, events, participants, tell-a-friend pages, grants, mailings, memberships, membership blocks, pledges, pledge blocks and active payment processor types.\";s:9:\"help_text\";N;}s:13:\"securityAlert\";a:14:{s:10:\"group_name\";s:19:\"CiviCRM Preferences\";s:5:\"group\";s:4:\"core\";s:4:\"name\";s:12:\"versionCheck\";s:8:\"prefetch\";i:0;s:11:\"config_only\";i:0;s:4:\"type\";s:7:\"Boolean\";s:15:\"quick_form_type\";s:5:\"YesNo\";s:7:\"default\";i:1;s:3:\"add\";s:3:\"4.4\";s:5:\"title\";s:15:\"Security Alerts\";s:9:\"is_domain\";i:1;s:10:\"is_contact\";i:0;s:11:\"description\";s:122:\"If enabled, CiviCRM will automatically run checks for significant mis-configurations such as ineffective file protections.\";s:9:\"help_text\";N;}s:21:\"doNotAttachPDFReceipt\";a:14:{s:10:\"group_name\";s:19:\"CiviCRM Preferences\";s:5:\"group\";s:4:\"core\";s:4:\"name\";s:21:\"doNotAttachPDFReceipt\";s:8:\"prefetch\";i:1;s:11:\"config_only\";i:1;s:4:\"type\";s:7:\"Boolean\";s:15:\"quick_form_type\";s:5:\"YesNo\";s:7:\"default\";i:1;s:3:\"add\";s:3:\"4.3\";s:5:\"title\";s:27:\"Attach PDF copy to receipts\";s:9:\"is_domain\";i:1;s:10:\"is_contact\";i:0;s:11:\"description\";s:98:\"If enabled, CiviCRM sends PDF receipt as an attachment during event signup or online contribution.\";s:9:\"help_text\";N;}s:15:\"wkhtmltopdfPath\";a:16:{s:10:\"group_name\";s:19:\"CiviCRM Preferences\";s:5:\"group\";s:4:\"core\";s:4:\"name\";s:15:\"wkhtmltopdfPath\";s:8:\"prefetch\";i:1;s:11:\"config_only\";i:1;s:4:\"type\";s:6:\"String\";s:15:\"quick_form_type\";s:7:\"Element\";s:9:\"html_type\";s:4:\"Text\";s:15:\"html_attributes\";a:2:{s:4:\"size\";i:64;s:9:\"maxlength\";i:256;}s:7:\"default\";N;s:3:\"add\";s:3:\"4.3\";s:5:\"title\";s:30:\"Path to wkhtmltopdf executable\";s:9:\"is_domain\";i:1;s:10:\"is_contact\";i:0;s:11:\"description\";N;s:9:\"help_text\";N;}s:18:\"recaptchaPublicKey\";a:16:{s:10:\"group_name\";s:19:\"CiviCRM Preferences\";s:5:\"group\";s:4:\"core\";s:4:\"name\";s:18:\"recaptchaPublicKey\";s:8:\"prefetch\";i:1;s:11:\"config_only\";i:1;s:4:\"type\";s:6:\"String\";s:15:\"quick_form_type\";s:7:\"Element\";s:9:\"html_type\";s:4:\"Text\";s:15:\"html_attributes\";a:2:{s:4:\"size\";i:64;s:9:\"maxlength\";i:64;}s:7:\"default\";N;s:3:\"add\";s:3:\"4.3\";s:5:\"title\";s:20:\"Recaptcha Public Key\";s:9:\"is_domain\";i:1;s:10:\"is_contact\";i:0;s:11:\"description\";N;s:9:\"help_text\";N;}s:19:\"recaptchaPrivateKey\";a:16:{s:10:\"group_name\";s:19:\"CiviCRM Preferences\";s:5:\"group\";s:4:\"core\";s:4:\"name\";s:19:\"recaptchaPrivateKey\";s:8:\"prefetch\";i:1;s:11:\"config_only\";i:1;s:4:\"type\";s:6:\"String\";s:15:\"quick_form_type\";s:7:\"Element\";s:9:\"html_type\";s:4:\"Text\";s:15:\"html_attributes\";a:2:{s:4:\"size\";i:64;s:9:\"maxlength\";i:64;}s:7:\"default\";N;s:3:\"add\";s:3:\"4.3\";s:5:\"title\";s:21:\"Recaptcha Private Key\";s:9:\"is_domain\";i:1;s:10:\"is_contact\";i:0;s:11:\"description\";N;s:9:\"help_text\";N;}s:21:\"dashboardCacheTimeout\";a:16:{s:10:\"group_name\";s:19:\"CiviCRM Preferences\";s:5:\"group\";s:4:\"core\";s:4:\"name\";s:21:\"dashboardCacheTimeout\";s:8:\"prefetch\";i:1;s:11:\"config_only\";i:1;s:4:\"type\";s:7:\"Integer\";s:15:\"quick_form_type\";s:7:\"Element\";s:9:\"html_type\";s:4:\"Text\";s:15:\"html_attributes\";a:2:{s:4:\"size\";i:3;s:9:\"maxlength\";i:5;}s:7:\"default\";N;s:3:\"add\";s:3:\"4.3\";s:5:\"title\";s:23:\"Dashboard cache timeout\";s:9:\"is_domain\";i:1;s:10:\"is_contact\";i:0;s:11:\"description\";N;s:9:\"help_text\";N;}s:15:\"checksumTimeout\";a:16:{s:10:\"group_name\";s:19:\"CiviCRM Preferences\";s:5:\"group\";s:4:\"core\";s:4:\"name\";s:15:\"checksumTimeout\";s:8:\"prefetch\";i:1;s:11:\"config_only\";i:1;s:4:\"type\";s:7:\"Integer\";s:15:\"quick_form_type\";s:7:\"Element\";s:9:\"html_type\";s:4:\"Text\";s:15:\"html_attributes\";a:2:{s:4:\"size\";i:2;s:9:\"maxlength\";i:8;}s:7:\"default\";i:7;s:3:\"add\";s:3:\"4.3\";s:5:\"title\";s:17:\"Checksum Lifespan\";s:9:\"is_domain\";i:1;s:10:\"is_contact\";i:0;s:11:\"description\";N;s:9:\"help_text\";N;}s:7:\"blogUrl\";a:16:{s:10:\"group_name\";s:19:\"CiviCRM Preferences\";s:5:\"group\";s:4:\"core\";s:4:\"name\";s:7:\"blogUrl\";s:8:\"prefetch\";i:0;s:11:\"config_only\";i:0;s:4:\"type\";s:6:\"String\";s:15:\"quick_form_type\";s:7:\"Element\";s:9:\"html_type\";s:4:\"Text\";s:15:\"html_attributes\";a:2:{s:4:\"size\";i:64;s:9:\"maxlength\";i:128;}s:7:\"default\";s:9:\"*default*\";s:3:\"add\";s:3:\"4.3\";s:5:\"title\";s:13:\"Blog Feed URL\";s:9:\"is_domain\";i:1;s:10:\"is_contact\";i:0;s:11:\"description\";s:38:\"Blog feed URL used by the blog dashlet\";s:9:\"help_text\";s:68:\"Use \"*default*\" for the system default or override with a custom URL\";}s:20:\"communityMessagesUrl\";a:16:{s:10:\"group_name\";s:19:\"CiviCRM Preferences\";s:5:\"group\";s:4:\"core\";s:4:\"name\";s:20:\"communityMessagesUrl\";s:8:\"prefetch\";i:0;s:11:\"config_only\";i:1;s:4:\"type\";s:6:\"String\";s:15:\"quick_form_type\";s:7:\"Element\";s:9:\"html_type\";s:4:\"Text\";s:15:\"html_attributes\";a:2:{s:4:\"size\";i:64;s:9:\"maxlength\";i:128;}s:7:\"default\";s:9:\"*default*\";s:3:\"add\";s:3:\"4.3\";s:5:\"title\";s:22:\"Community Messages URL\";s:9:\"is_domain\";i:1;s:10:\"is_contact\";i:0;s:11:\"description\";s:44:\"Service providing CiviCRM community messages\";s:9:\"help_text\";s:68:\"Use \"*default*\" for the system default or override with a custom URL\";}s:12:\"resCacheCode\";a:16:{s:10:\"group_name\";s:19:\"CiviCRM Preferences\";s:5:\"group\";s:4:\"core\";s:4:\"name\";s:12:\"resCacheCode\";s:8:\"prefetch\";i:1;s:11:\"config_only\";i:1;s:4:\"type\";s:6:\"String\";s:15:\"quick_form_type\";s:7:\"Element\";s:9:\"html_type\";s:4:\"Text\";s:15:\"html_attributes\";a:2:{s:4:\"size\";i:16;s:9:\"maxlength\";i:16;}s:7:\"default\";N;s:3:\"add\";s:3:\"4.3\";s:5:\"title\";s:19:\"Resource Cache Code\";s:9:\"is_domain\";i:1;s:10:\"is_contact\";i:0;s:11:\"description\";s:62:\"Code appended to resource URLs (JS/CSS) to coerce HTTP caching\";s:9:\"help_text\";N;}s:9:\"verifySSL\";a:12:{s:10:\"group_name\";s:19:\"CiviCRM Preferences\";s:5:\"group\";s:4:\"core\";s:4:\"name\";s:9:\"verifySSL\";s:4:\"type\";s:7:\"Boolean\";s:15:\"quick_form_type\";s:5:\"YesNo\";s:7:\"default\";i:1;s:3:\"add\";s:3:\"4.3\";s:5:\"title\";s:0:\"\";s:9:\"is_domain\";i:1;s:10:\"is_contact\";i:0;s:11:\"description\";s:79:\"If disabled, backend HTTPS services will allow unverified, insecure connections\";s:9:\"help_text\";s:140:\"Unless you are absolutely unable to configure your server to check the SSL certificate of the remote server you should leave this set to Yes\";}s:10:\"wpBasePage\";a:14:{s:10:\"group_name\";s:19:\"CiviCRM Preferences\";s:5:\"group\";s:4:\"core\";s:4:\"name\";s:10:\"wpBasePage\";s:4:\"type\";s:6:\"String\";s:9:\"html_type\";s:4:\"text\";s:15:\"quick_form_type\";s:7:\"Element\";s:8:\"prefetch\";i:1;s:7:\"default\";s:0:\"\";s:3:\"add\";s:3:\"4.3\";s:5:\"title\";s:19:\"WordPress Base Page\";s:9:\"is_domain\";i:1;s:10:\"is_contact\";i:0;s:11:\"description\";s:54:\"If set, CiviCRM will use this setting as the base url.\";s:9:\"help_text\";s:177:\"By default, CiviCRM will generate front-facing pages using the home page at http://wp/ as its base. If you want to use a different template for CiviCRM pages, set the path here.\";}s:23:\"secondDegRelPermissions\";a:14:{s:10:\"group_name\";s:19:\"CiviCRM Preferences\";s:5:\"group\";s:4:\"core\";s:4:\"name\";s:23:\"secondDegRelPermissions\";s:8:\"prefetch\";i:1;s:11:\"config_only\";i:1;s:4:\"type\";s:7:\"Boolean\";s:15:\"quick_form_type\";s:5:\"YesNo\";s:7:\"default\";i:0;s:3:\"add\";s:3:\"4.3\";s:5:\"title\";s:44:\"Allow second-degree relationship permissions\";s:9:\"is_domain\";i:1;s:10:\"is_contact\";i:0;s:11:\"description\";s:136:\"If enabled, contacts with the permission to edit a related contact will inherit that contact\'s permission to edit other related contacts\";s:9:\"help_text\";N;}s:17:\"enable_components\";a:15:{s:10:\"group_name\";s:19:\"CiviCRM Preferences\";s:5:\"group\";s:4:\"core\";s:4:\"name\";s:17:\"enable_components\";s:4:\"type\";s:5:\"Array\";s:15:\"quick_form_type\";s:7:\"Element\";s:9:\"html_type\";s:14:\"advmultiselect\";s:15:\"html_attributes\";a:3:{s:4:\"size\";i:5;s:5:\"style\";s:11:\"width:150px\";s:5:\"class\";s:14:\"advmultiselect\";}s:7:\"default\";a:6:{i:0;s:9:\"CiviEvent\";i:1;s:14:\"CiviContribute\";i:2;s:10:\"CiviMember\";i:3;s:8:\"CiviMail\";i:4;s:10:\"CiviReport\";i:5;s:10:\"CiviPledge\";}s:3:\"add\";s:3:\"4.4\";s:5:\"title\";s:17:\"Enable Components\";s:9:\"is_domain\";s:1:\"1\";s:10:\"is_contact\";i:0;s:11:\"description\";N;s:9:\"help_text\";N;s:9:\"on_change\";a:2:{i:0;a:2:{i:0;s:13:\"CRM_Case_Info\";i:1;s:18:\"onToggleComponents\";}i:1;a:2:{i:0;s:18:\"CRM_Core_Component\";i:1;s:22:\"flushEnabledComponents\";}}}s:16:\"disable_core_css\";a:12:{s:10:\"group_name\";s:19:\"CiviCRM Preferences\";s:5:\"group\";s:4:\"core\";s:4:\"name\";s:16:\"disable_core_css\";s:4:\"type\";s:7:\"Boolean\";s:15:\"quick_form_type\";s:5:\"YesNo\";s:7:\"default\";s:1:\"0\";s:3:\"add\";s:3:\"4.4\";s:5:\"title\";s:19:\"Disable CiviCRM css\";s:9:\"is_domain\";i:1;s:10:\"is_contact\";i:0;s:11:\"description\";s:55:\"Prevent the stylesheet \"civicrm.css\" from being loaded.\";s:9:\"help_text\";N;}s:13:\"debug_enabled\";a:15:{s:10:\"group_name\";s:21:\"Developer Preferences\";s:5:\"group\";s:9:\"developer\";s:4:\"name\";s:13:\"debug_enabled\";s:11:\"config_only\";i:1;s:10:\"config_key\";s:5:\"debug\";s:4:\"type\";s:7:\"Boolean\";s:15:\"quick_form_type\";s:5:\"YesNo\";s:7:\"default\";s:1:\"0\";s:3:\"add\";s:3:\"4.3\";s:5:\"title\";s:16:\"Enable Debugging\";s:9:\"is_domain\";i:1;s:10:\"is_contact\";i:0;s:11:\"description\";s:130:\"Set this value to Yes if you want to use one of CiviCRM\'s debugging tools. This feature should NOT be enabled for production sites\";s:8:\"prefetch\";i:1;s:9:\"help_text\";s:39:\"Do not turn this on on production sites\";}s:20:\"userFrameworkLogging\";a:14:{s:10:\"group_name\";s:21:\"Developer Preferences\";s:5:\"group\";s:9:\"developer\";s:4:\"name\";s:20:\"userFrameworkLogging\";s:11:\"config_only\";i:1;s:4:\"type\";s:7:\"Boolean\";s:15:\"quick_form_type\";s:5:\"YesNo\";s:7:\"default\";s:1:\"0\";s:3:\"add\";s:3:\"4.3\";s:5:\"title\";s:30:\"Enable Drupal Watchdog Logging\";s:9:\"is_domain\";i:1;s:10:\"is_contact\";i:0;s:11:\"description\";s:102:\"Set this value to Yes if you want CiviCRM error/debugging messages to also appear in Drupal error logs\";s:8:\"prefetch\";i:1;s:9:\"help_text\";s:239:\"Set this value to Yes if you want CiviCRM error/debugging messages the appear in your CMS\' error log.\nIn the case of Drupal, this will cause all CiviCRM error messages to appear in the watchdog (assuming you have Drupal\'s watchdog enabled)\";}s:9:\"backtrace\";a:13:{s:10:\"group_name\";s:21:\"Developer Preferences\";s:5:\"group\";s:9:\"developer\";s:4:\"name\";s:9:\"backtrace\";s:11:\"config_only\";i:1;s:4:\"type\";s:7:\"Boolean\";s:15:\"quick_form_type\";s:5:\"YesNo\";s:7:\"default\";s:1:\"0\";s:3:\"add\";s:3:\"4.3\";s:5:\"title\";s:17:\"Display Backtrace\";s:9:\"is_domain\";i:1;s:10:\"is_contact\";i:0;s:11:\"description\";s:155:\"Set this value to Yes if you want to display a backtrace listing when a fatal error is encountered. This feature should NOT be enabled for production sites\";s:8:\"prefetch\";i:1;}s:18:\"fatalErrorTemplate\";a:13:{s:10:\"group_name\";s:21:\"Developer Preferences\";s:5:\"group\";s:9:\"developer\";s:4:\"name\";s:18:\"fatalErrorTemplate\";s:11:\"config_only\";i:1;s:4:\"type\";s:6:\"String\";s:15:\"quick_form_type\";s:4:\"text\";s:7:\"default\";s:20:\"CRM/common/fatal.tpl\";s:3:\"add\";s:3:\"4.3\";s:5:\"title\";s:20:\"Fatal Error Template\";s:9:\"is_domain\";i:1;s:10:\"is_contact\";i:0;s:11:\"description\";s:123:\"Enter the path and filename for a custom Smarty template if you want to define your own screen for displaying fatal errors.\";s:8:\"prefetch\";i:1;}s:17:\"fatalErrorHandler\";a:13:{s:10:\"group_name\";s:21:\"Developer Preferences\";s:5:\"group\";s:9:\"developer\";s:4:\"name\";s:17:\"fatalErrorHandler\";s:11:\"config_only\";i:1;s:4:\"type\";s:6:\"String\";s:15:\"quick_form_type\";s:4:\"text\";s:7:\"default\";s:4:\"null\";s:3:\"add\";s:3:\"4.3\";s:5:\"title\";s:19:\"Fatal Error Handler\";s:9:\"is_domain\";i:1;s:10:\"is_contact\";i:0;s:11:\"description\";s:136:\"Enter the path and class for a custom PHP error-handling function if you want to override built-in CiviCRM error handling for your site.\";s:8:\"prefetch\";i:1;}s:9:\"uploadDir\";a:13:{s:10:\"group_name\";s:21:\"Directory Preferences\";s:5:\"group\";s:9:\"directory\";s:4:\"name\";s:9:\"uploadDir\";s:4:\"type\";s:3:\"Url\";s:9:\"html_type\";s:4:\"Text\";s:7:\"default\";N;s:3:\"add\";s:3:\"4.1\";s:8:\"prefetch\";i:1;s:5:\"title\";N;s:9:\"is_domain\";i:1;s:10:\"is_contact\";i:0;s:11:\"description\";N;s:9:\"help_text\";s:94:\"If set, new contacts that are created when signing a petition are assigned a tag of this name.\";}s:14:\"imageUploadDir\";a:13:{s:10:\"group_name\";s:21:\"Directory Preferences\";s:5:\"group\";s:9:\"directory\";s:4:\"name\";s:14:\"imageUploadDir\";s:4:\"type\";s:3:\"Url\";s:9:\"html_type\";s:4:\"Text\";s:7:\"default\";N;s:3:\"add\";s:3:\"4.1\";s:8:\"prefetch\";i:1;s:5:\"title\";N;s:9:\"is_domain\";i:1;s:10:\"is_contact\";i:0;s:11:\"description\";N;s:9:\"help_text\";N;}s:19:\"customFileUploadDir\";a:13:{s:10:\"group_name\";s:21:\"Directory Preferences\";s:5:\"group\";s:9:\"directory\";s:4:\"name\";s:19:\"customFileUploadDir\";s:4:\"type\";s:3:\"Url\";s:9:\"html_type\";s:4:\"Text\";s:7:\"default\";N;s:3:\"add\";s:3:\"4.1\";s:8:\"prefetch\";i:1;s:5:\"title\";N;s:9:\"is_domain\";i:1;s:10:\"is_contact\";i:0;s:11:\"description\";N;s:9:\"help_text\";N;}s:17:\"customTemplateDir\";a:13:{s:10:\"group_name\";s:21:\"Directory Preferences\";s:5:\"group\";s:9:\"directory\";s:4:\"name\";s:17:\"customTemplateDir\";s:4:\"type\";s:3:\"Url\";s:9:\"html_type\";s:4:\"Text\";s:7:\"default\";N;s:3:\"add\";s:3:\"4.1\";s:8:\"prefetch\";i:1;s:5:\"title\";N;s:9:\"is_domain\";i:1;s:10:\"is_contact\";i:0;s:11:\"description\";N;s:9:\"help_text\";N;}s:16:\"customPHPPathDir\";a:13:{s:10:\"group_name\";s:21:\"Directory Preferences\";s:5:\"group\";s:9:\"directory\";s:4:\"name\";s:16:\"customPHPPathDir\";s:4:\"type\";s:3:\"Url\";s:9:\"html_type\";s:4:\"Text\";s:7:\"default\";N;s:3:\"add\";s:3:\"4.1\";s:8:\"prefetch\";i:1;s:5:\"title\";N;s:9:\"is_domain\";i:1;s:10:\"is_contact\";i:0;s:11:\"description\";N;s:9:\"help_text\";N;}s:13:\"extensionsDir\";a:13:{s:10:\"group_name\";s:21:\"Directory Preferences\";s:5:\"group\";s:9:\"directory\";s:4:\"name\";s:13:\"extensionsDir\";s:4:\"type\";s:3:\"Url\";s:9:\"html_type\";s:4:\"Text\";s:7:\"default\";N;s:3:\"add\";s:3:\"4.1\";s:8:\"prefetch\";i:1;s:5:\"title\";N;s:9:\"is_domain\";i:1;s:10:\"is_contact\";i:0;s:11:\"description\";N;s:9:\"help_text\";N;}s:17:\"event_enable_cart\";a:12:{s:4:\"name\";s:11:\"enable_cart\";s:10:\"group_name\";s:17:\"Event Preferences\";s:5:\"group\";s:5:\"event\";s:4:\"type\";s:6:\"String\";s:15:\"quick_form_type\";s:7:\"Element\";s:7:\"default\";i:0;s:3:\"add\";d:4.0999999999999996447286321199499070644378662109375;s:5:\"title\";s:17:\"Enable Event Cart\";s:9:\"is_domain\";i:1;s:10:\"is_contact\";i:1;s:11:\"description\";s:8:\"WRITE ME\";s:9:\"help_text\";s:8:\"WRITE ME\";}s:25:\"monetaryThousandSeparator\";a:16:{s:10:\"group_name\";s:24:\"Localization Preferences\";s:5:\"group\";s:12:\"localization\";s:4:\"name\";s:25:\"monetaryThousandSeparator\";s:8:\"prefetch\";i:1;s:11:\"config_only\";i:1;s:4:\"type\";s:6:\"String\";s:15:\"quick_form_type\";s:7:\"Element\";s:9:\"html_type\";s:4:\"text\";s:15:\"html_attributes\";a:1:{s:4:\"size\";i:2;}s:7:\"default\";s:1:\",\";s:3:\"add\";s:3:\"4.3\";s:5:\"title\";s:19:\"Thousands Separator\";s:9:\"is_domain\";i:1;s:10:\"is_contact\";i:0;s:11:\"description\";N;s:9:\"help_text\";N;}s:20:\"monetaryDecimalPoint\";a:16:{s:10:\"group_name\";s:24:\"Localization Preferences\";s:5:\"group\";s:12:\"localization\";s:4:\"name\";s:20:\"monetaryDecimalPoint\";s:8:\"prefetch\";i:1;s:11:\"config_only\";i:1;s:4:\"type\";s:6:\"String\";s:15:\"quick_form_type\";s:7:\"Element\";s:9:\"html_type\";s:4:\"text\";s:15:\"html_attributes\";a:1:{s:4:\"size\";i:2;}s:7:\"default\";s:1:\".\";s:3:\"add\";s:3:\"4.3\";s:5:\"title\";s:17:\"Decimal Delimiter\";s:9:\"is_domain\";i:1;s:10:\"is_contact\";i:0;s:11:\"description\";N;s:9:\"help_text\";N;}s:11:\"moneyformat\";a:15:{s:10:\"group_name\";s:24:\"Localization Preferences\";s:5:\"group\";s:12:\"localization\";s:4:\"name\";s:11:\"moneyformat\";s:8:\"prefetch\";i:1;s:11:\"config_only\";i:1;s:4:\"type\";s:6:\"String\";s:15:\"quick_form_type\";s:7:\"Element\";s:9:\"html_type\";s:4:\"text\";s:7:\"default\";s:5:\"%c %a\";s:3:\"add\";s:3:\"4.3\";s:5:\"title\";s:23:\"Monetary Amount Display\";s:9:\"is_domain\";i:1;s:10:\"is_contact\";i:0;s:11:\"description\";N;s:9:\"help_text\";N;}s:16:\"moneyvalueformat\";a:15:{s:10:\"group_name\";s:24:\"Localization Preferences\";s:5:\"group\";s:12:\"localization\";s:4:\"name\";s:16:\"moneyvalueformat\";s:8:\"prefetch\";i:1;s:11:\"config_only\";i:1;s:4:\"type\";s:6:\"String\";s:15:\"quick_form_type\";s:7:\"Element\";s:9:\"html_type\";s:4:\"text\";s:7:\"default\";s:3:\"%!i\";s:3:\"add\";s:3:\"4.3\";s:5:\"title\";s:23:\"Monetary Amount Display\";s:9:\"is_domain\";i:1;s:10:\"is_contact\";i:0;s:11:\"description\";N;s:9:\"help_text\";N;}s:15:\"defaultCurrency\";a:16:{s:10:\"group_name\";s:24:\"Localization Preferences\";s:5:\"group\";s:12:\"localization\";s:4:\"name\";s:15:\"defaultCurrency\";s:8:\"prefetch\";i:1;s:11:\"config_only\";i:1;s:4:\"type\";s:6:\"String\";s:15:\"quick_form_type\";s:7:\"Element\";s:9:\"html_type\";s:4:\"text\";s:15:\"html_attributes\";a:1:{s:4:\"size\";i:2;}s:7:\"default\";s:3:\"USD\";s:3:\"add\";s:3:\"4.3\";s:5:\"title\";s:16:\"Default Currency\";s:9:\"is_domain\";i:1;s:10:\"is_contact\";i:0;s:11:\"description\";s:75:\"Default currency assigned to contributions and other monetary transactions.\";s:9:\"help_text\";N;}s:21:\"defaultContactCountry\";a:16:{s:10:\"group_name\";s:24:\"Localization Preferences\";s:5:\"group\";s:12:\"localization\";s:4:\"name\";s:21:\"defaultContactCountry\";s:8:\"prefetch\";i:1;s:11:\"config_only\";i:1;s:4:\"type\";s:6:\"String\";s:15:\"quick_form_type\";s:7:\"Element\";s:9:\"html_type\";s:4:\"text\";s:15:\"html_attributes\";a:1:{s:4:\"size\";i:4;}s:7:\"default\";s:4:\"1228\";s:3:\"add\";s:3:\"4.4\";s:5:\"title\";s:15:\"Default Country\";s:9:\"is_domain\";i:1;s:10:\"is_contact\";i:0;s:11:\"description\";s:68:\"This value is selected by default when adding a new contact address.\";s:9:\"help_text\";N;}s:12:\"countryLimit\";a:16:{s:10:\"group_name\";s:24:\"Localization Preferences\";s:5:\"group\";s:12:\"localization\";s:4:\"name\";s:12:\"countryLimit\";s:8:\"prefetch\";i:1;s:11:\"config_only\";i:1;s:4:\"type\";s:5:\"Array\";s:15:\"quick_form_type\";s:7:\"Element\";s:9:\"html_type\";s:14:\"advmultiselect\";s:15:\"html_attributes\";a:3:{s:4:\"size\";i:5;s:5:\"style\";s:11:\"width:150px\";s:5:\"class\";s:14:\"advmultiselect\";}s:7:\"default\";s:4:\"null\";s:3:\"add\";s:3:\"4.3\";s:5:\"title\";s:19:\"Available Countries\";s:9:\"is_domain\";i:1;s:10:\"is_contact\";i:0;s:11:\"description\";s:0:\"\";s:9:\"help_text\";N;}s:13:\"provinceLimit\";a:16:{s:10:\"group_name\";s:24:\"Localization Preferences\";s:5:\"group\";s:12:\"localization\";s:4:\"name\";s:13:\"provinceLimit\";s:8:\"prefetch\";i:1;s:11:\"config_only\";i:1;s:4:\"type\";s:5:\"Array\";s:15:\"quick_form_type\";s:7:\"Element\";s:9:\"html_type\";s:14:\"advmultiselect\";s:15:\"html_attributes\";a:3:{s:4:\"size\";i:5;s:5:\"style\";s:11:\"width:150px\";s:5:\"class\";s:14:\"advmultiselect\";}s:7:\"default\";s:4:\"null\";s:3:\"add\";s:3:\"4.3\";s:5:\"title\";s:30:\"Available States and Provinces\";s:9:\"is_domain\";i:1;s:10:\"is_contact\";i:0;s:11:\"description\";s:0:\"\";s:9:\"help_text\";N;}s:13:\"inheritLocale\";a:14:{s:10:\"group_name\";s:24:\"Localization Preferences\";s:5:\"group\";s:12:\"localization\";s:4:\"name\";s:13:\"inheritLocale\";s:8:\"prefetch\";i:1;s:11:\"config_only\";i:1;s:4:\"type\";s:7:\"Boolean\";s:15:\"quick_form_type\";s:5:\"YesNo\";s:7:\"default\";s:1:\"0\";s:3:\"add\";s:3:\"4.3\";s:5:\"title\";s:20:\"Inherit CMS Language\";s:9:\"is_domain\";i:1;s:10:\"is_contact\";i:0;s:11:\"description\";s:0:\"\";s:9:\"help_text\";N;}s:18:\"dateformatDatetime\";a:13:{s:10:\"group_name\";s:24:\"Localization Preferences\";s:5:\"group\";s:12:\"localization\";s:4:\"name\";s:18:\"dateformatDatetime\";s:8:\"prefetch\";i:1;s:11:\"config_only\";i:1;s:4:\"type\";s:6:\"String\";s:7:\"default\";s:20:\"%B %E%f, %Y %l:%M %P\";s:3:\"add\";s:3:\"4.3\";s:5:\"title\";s:22:\"Complete Date and Time\";s:9:\"is_domain\";i:1;s:10:\"is_contact\";i:0;s:11:\"description\";s:0:\"\";s:9:\"help_text\";N;}s:14:\"dateformatFull\";a:13:{s:10:\"group_name\";s:24:\"Localization Preferences\";s:5:\"group\";s:12:\"localization\";s:4:\"name\";s:14:\"dateformatFull\";s:8:\"prefetch\";i:1;s:11:\"config_only\";i:1;s:4:\"type\";s:6:\"String\";s:7:\"default\";s:11:\"%B %E%f, %Y\";s:3:\"add\";s:3:\"4.3\";s:5:\"title\";s:13:\"Complete Date\";s:9:\"is_domain\";i:1;s:10:\"is_contact\";i:0;s:11:\"description\";s:0:\"\";s:9:\"help_text\";N;}s:17:\"dateformatPartial\";a:13:{s:10:\"group_name\";s:24:\"Localization Preferences\";s:5:\"group\";s:12:\"localization\";s:4:\"name\";s:17:\"dateformatPartial\";s:8:\"prefetch\";i:1;s:11:\"config_only\";i:1;s:4:\"type\";s:6:\"String\";s:7:\"default\";s:5:\"%B %Y\";s:3:\"add\";s:3:\"4.3\";s:5:\"title\";s:14:\"Month and Year\";s:9:\"is_domain\";i:1;s:10:\"is_contact\";i:0;s:11:\"description\";s:0:\"\";s:9:\"help_text\";N;}s:10:\"lcMessages\";a:13:{s:10:\"group_name\";s:24:\"Localization Preferences\";s:5:\"group\";s:12:\"localization\";s:4:\"name\";s:10:\"lcMessages\";s:8:\"prefetch\";i:1;s:11:\"config_only\";i:1;s:4:\"type\";s:6:\"String\";s:7:\"default\";s:5:\"en_US\";s:3:\"add\";s:3:\"4.3\";s:5:\"title\";s:16:\"Default Language\";s:9:\"is_domain\";i:1;s:10:\"is_contact\";i:0;s:11:\"description\";s:0:\"\";s:9:\"help_text\";N;}s:20:\"profile_double_optin\";a:12:{s:10:\"group_name\";s:19:\"Mailing Preferences\";s:5:\"group\";s:7:\"mailing\";s:4:\"name\";s:20:\"profile_double_optin\";s:4:\"type\";s:7:\"Integer\";s:9:\"html_type\";s:8:\"checkbox\";s:7:\"default\";i:0;s:3:\"add\";s:3:\"4.1\";s:5:\"title\";s:47:\"Enable Double Opt-in for Profile Group(s) field\";s:9:\"is_domain\";i:1;s:10:\"is_contact\";i:0;s:11:\"description\";s:189:\"When CiviMail is enabled, users who \"subscribe\" to a group from a profile Group(s) checkbox will receive a confirmation email. They must respond (opt-in) before they are added to the group.\";s:9:\"help_text\";N;}s:22:\"track_civimail_replies\";a:13:{s:10:\"group_name\";s:19:\"Mailing Preferences\";s:5:\"group\";s:7:\"mailing\";s:4:\"name\";s:22:\"track_civimail_replies\";s:4:\"type\";s:7:\"Integer\";s:9:\"html_type\";s:8:\"checkbox\";s:7:\"default\";i:0;s:3:\"add\";s:3:\"4.1\";s:5:\"title\";s:47:\"Enable Double Opt-in for Profile Group(s) field\";s:9:\"is_domain\";i:1;s:10:\"is_contact\";i:0;s:11:\"description\";s:189:\"When CiviMail is enabled, users who \"subscribe\" to a group from a profile Group(s) checkbox will receive a confirmation email. They must respond (opt-in) before they are added to the group.\";s:9:\"help_text\";N;s:17:\"validate_callback\";s:41:\"CRM_Core_BAO_Setting::validateBoolSetting\";}s:17:\"civimail_workflow\";a:12:{s:10:\"group_name\";s:19:\"Mailing Preferences\";s:5:\"group\";s:7:\"mailing\";s:4:\"name\";s:17:\"civimail_workflow\";s:4:\"type\";s:7:\"Integer\";s:9:\"html_type\";s:8:\"checkbox\";s:7:\"default\";i:0;s:3:\"add\";s:3:\"4.1\";s:5:\"title\";N;s:9:\"is_domain\";i:1;s:10:\"is_contact\";i:0;s:11:\"description\";s:189:\"When CiviMail is enabled, users who \"subscribe\" to a group from a profile Group(s) checkbox will receive a confirmation email. They must respond (opt-in) before they are added to the group.\";s:9:\"help_text\";N;}s:25:\"civimail_server_wide_lock\";a:12:{s:10:\"group_name\";s:19:\"Mailing Preferences\";s:5:\"group\";s:7:\"mailing\";s:4:\"name\";s:25:\"civimail_server_wide_lock\";s:4:\"type\";s:7:\"Integer\";s:9:\"html_type\";s:8:\"checkbox\";s:7:\"default\";i:0;s:3:\"add\";s:3:\"4.1\";s:5:\"title\";N;s:9:\"is_domain\";i:1;s:10:\"is_contact\";i:0;s:11:\"description\";N;s:9:\"help_text\";N;}s:15:\"mailing_backend\";a:12:{s:10:\"group_name\";s:19:\"Mailing Preferences\";s:5:\"group\";s:7:\"mailing\";s:4:\"name\";s:15:\"mailing_backend\";s:4:\"type\";s:5:\"Array\";s:9:\"html_type\";s:8:\"checkbox\";s:7:\"default\";i:0;s:3:\"add\";s:3:\"4.1\";s:5:\"title\";N;s:9:\"is_domain\";i:1;s:10:\"is_contact\";i:0;s:11:\"description\";N;s:9:\"help_text\";N;}s:33:\"profile_add_to_group_double_optin\";a:12:{s:10:\"group_name\";s:19:\"Mailing Preferences\";s:5:\"group\";s:7:\"mailing\";s:4:\"name\";s:33:\"profile_add_to_group_double_optin\";s:4:\"type\";s:7:\"Integer\";s:9:\"html_type\";s:8:\"checkbox\";s:7:\"default\";i:0;s:3:\"add\";s:3:\"4.1\";s:5:\"title\";s:47:\"Enable Double Opt-in for Profile Group(s) field\";s:9:\"is_domain\";i:1;s:10:\"is_contact\";i:0;s:11:\"description\";s:189:\"When CiviMail is enabled, users who \"subscribe\" to a group from a profile Group(s) checkbox will receive a confirmation email. They must respond (opt-in) before they are added to the group.\";s:9:\"help_text\";N;}s:30:\"disable_mandatory_tokens_check\";a:12:{s:10:\"group_name\";s:19:\"Mailing Preferences\";s:5:\"group\";s:7:\"mailing\";s:4:\"name\";s:30:\"disable_mandatory_tokens_check\";s:4:\"type\";s:7:\"Integer\";s:9:\"html_type\";s:8:\"checkbox\";s:7:\"default\";i:0;s:3:\"add\";s:3:\"4.4\";s:5:\"title\";s:34:\"Disable check for mandatory tokens\";s:9:\"is_domain\";i:1;s:10:\"is_contact\";i:0;s:11:\"description\";s:345:\"Don\'t check for presence of mandatory tokens (domain address; unsubscribe/opt-out) before sending mailings. WARNING: Mandatory tokens are a safe-guard which facilitate compliance with the US CAN-SPAM Act. They should only be disabled if your organization adopts other mechanisms for compliance or if your organization is not subject to CAN-SPAM.\";s:9:\"help_text\";N;}s:20:\"dedupe_email_default\";a:12:{s:10:\"group_name\";s:19:\"Mailing Preferences\";s:5:\"group\";s:7:\"mailing\";s:4:\"name\";s:20:\"dedupe_email_default\";s:4:\"type\";s:7:\"Integer\";s:9:\"html_type\";s:8:\"checkbox\";s:7:\"default\";i:1;s:3:\"add\";s:3:\"4.5\";s:5:\"title\";s:44:\"CiviMail dedupes e-mail addresses by default\";s:9:\"is_domain\";i:1;s:10:\"is_contact\";i:0;s:11:\"description\";s:79:\"Set the \"dedupe e-mail\" option when sending a new mailing to \"true\" by default.\";s:9:\"help_text\";N;}s:16:\"hash_mailing_url\";a:12:{s:10:\"group_name\";s:19:\"Mailing Preferences\";s:5:\"group\";s:7:\"mailing\";s:4:\"name\";s:16:\"hash_mailing_url\";s:4:\"type\";s:7:\"Integer\";s:9:\"html_type\";s:8:\"checkbox\";s:7:\"default\";i:0;s:3:\"add\";s:3:\"4.5\";s:5:\"title\";s:20:\"Hashed Mailing URL\'s\";s:9:\"is_domain\";i:1;s:10:\"is_contact\";i:0;s:11:\"description\";s:131:\"If enabled, a randomized hash key will be used to reference the mailing URL in the mailing.viewUrl token, instead of the mailing ID\";s:9:\"help_text\";N;}s:33:\"default_renewal_contribution_page\";a:13:{s:10:\"group_name\";s:18:\"Member Preferences\";s:5:\"group\";s:6:\"member\";s:4:\"name\";s:33:\"default_renewal_contribution_page\";s:4:\"type\";s:7:\"Integer\";s:9:\"html_type\";s:6:\"Select\";s:7:\"default\";N;s:14:\"pseudoconstant\";a:1:{s:4:\"name\";s:16:\"contributionPage\";}s:3:\"add\";s:3:\"4.1\";s:5:\"title\";s:38:\"Default online membership renewal page\";s:9:\"is_domain\";i:1;s:10:\"is_contact\";i:0;s:11:\"description\";s:348:\"If you select a default online contribution page for self-service membership renewals, a \"renew\" link pointing to that page will be displayed on the Contact Dashboard for memberships which were entered offline. You will need to ensure that the membership block for the selected online contribution page includes any currently available memberships.\";s:9:\"help_text\";N;}s:10:\"is_enabled\";a:10:{s:10:\"group_name\";s:22:\"Multi Site Preferences\";s:5:\"group\";s:9:\"multisite\";s:4:\"name\";s:10:\"is_enabled\";s:4:\"type\";s:7:\"Integer\";s:7:\"default\";N;s:3:\"add\";s:3:\"4.1\";s:9:\"is_domain\";i:1;s:10:\"is_contact\";i:0;s:11:\"description\";s:20:\"Multisite is enabled\";s:9:\"help_text\";N;}s:15:\"domain_group_id\";a:10:{s:10:\"group_name\";s:22:\"Multi Site Preferences\";s:5:\"group\";s:9:\"multisite\";s:4:\"name\";s:15:\"domain_group_id\";s:4:\"type\";s:7:\"Integer\";s:7:\"default\";N;s:3:\"add\";s:3:\"4.1\";s:9:\"is_domain\";i:1;s:10:\"is_contact\";i:0;s:11:\"description\";N;s:9:\"help_text\";N;}s:25:\"event_price_set_domain_id\";a:10:{s:10:\"group_name\";s:22:\"Multi Site Preferences\";s:5:\"group\";s:9:\"multisite\";s:4:\"name\";s:25:\"event_price_set_domain_id\";s:4:\"type\";s:7:\"Integer\";s:7:\"default\";N;s:3:\"add\";s:3:\"4.1\";s:9:\"is_domain\";i:1;s:10:\"is_contact\";i:0;s:11:\"description\";s:0:\"\";s:9:\"help_text\";N;}s:19:\"uniq_email_per_site\";a:10:{s:10:\"group_name\";s:22:\"Multi Site Preferences\";s:5:\"group\";s:9:\"multisite\";s:4:\"name\";s:19:\"uniq_email_per_site\";s:4:\"type\";s:7:\"Integer\";s:7:\"default\";N;s:3:\"add\";s:3:\"4.1\";s:9:\"is_domain\";i:1;s:10:\"is_contact\";i:0;s:11:\"description\";s:0:\"\";s:9:\"help_text\";N;}s:25:\"search_autocomplete_count\";a:15:{s:10:\"group_name\";s:18:\"Search Preferences\";s:5:\"group\";s:18:\"Search Preferences\";s:4:\"name\";s:25:\"search_autocomplete_count\";s:8:\"prefetch\";i:0;s:4:\"type\";s:7:\"Integer\";s:15:\"quick_form_type\";s:7:\"Element\";s:9:\"html_type\";s:4:\"text\";s:15:\"html_attributes\";a:2:{s:4:\"size\";i:2;s:9:\"maxlength\";i:2;}s:7:\"default\";i:10;s:3:\"add\";s:3:\"4.3\";s:5:\"title\";s:20:\"Autocomplete Results\";s:9:\"is_domain\";i:1;s:10:\"is_contact\";i:0;s:11:\"description\";s:86:\"The maximum number of contacts to show at a time when typing in an autocomplete field.\";s:9:\"help_text\";N;}s:24:\"userFrameworkResourceURL\";a:12:{s:5:\"group\";s:3:\"url\";s:10:\"group_name\";s:15:\"URL Preferences\";s:4:\"name\";s:24:\"userFrameworkResourceURL\";s:4:\"type\";s:6:\"String\";s:7:\"default\";N;s:3:\"add\";s:3:\"4.1\";s:8:\"prefetch\";i:1;s:9:\"is_domain\";i:1;s:10:\"is_contact\";i:0;s:11:\"description\";s:20:\"CiviCRM Resource URL\";s:9:\"help_text\";N;s:17:\"validate_callback\";s:19:\"CRM_Utils_Rule::url\";}s:14:\"imageUploadURL\";a:12:{s:5:\"group\";s:3:\"url\";s:10:\"group_name\";s:15:\"URL Preferences\";s:4:\"name\";s:14:\"imageUploadURL\";s:4:\"type\";s:6:\"String\";s:7:\"default\";N;s:3:\"add\";s:3:\"4.1\";s:8:\"prefetch\";i:1;s:9:\"is_domain\";i:1;s:10:\"is_contact\";i:0;s:11:\"description\";s:16:\"Image Upload URL\";s:9:\"help_text\";N;s:17:\"validate_callback\";s:19:\"CRM_Utils_Rule::url\";}s:12:\"customCSSURL\";a:12:{s:5:\"group\";s:3:\"url\";s:10:\"group_name\";s:15:\"URL Preferences\";s:4:\"name\";s:12:\"customCSSURL\";s:4:\"type\";s:6:\"String\";s:7:\"default\";N;s:3:\"add\";s:3:\"4.1\";s:8:\"prefetch\";i:1;s:9:\"is_domain\";i:1;s:10:\"is_contact\";i:0;s:11:\"description\";s:22:\"Custom CiviCRM CSS URL\";s:9:\"help_text\";N;s:17:\"validate_callback\";s:19:\"CRM_Utils_Rule::url\";}}',NULL,'2014-04-30 15:09:30',NULL),(2,'CiviCRM setting Specs','settingsMetadata___name_resCacheCode','a:1:{s:12:\"resCacheCode\";a:16:{s:10:\"group_name\";s:19:\"CiviCRM Preferences\";s:5:\"group\";s:4:\"core\";s:4:\"name\";s:12:\"resCacheCode\";s:8:\"prefetch\";i:1;s:11:\"config_only\";i:1;s:4:\"type\";s:6:\"String\";s:15:\"quick_form_type\";s:7:\"Element\";s:9:\"html_type\";s:4:\"Text\";s:15:\"html_attributes\";a:2:{s:4:\"size\";i:16;s:9:\"maxlength\";i:16;}s:7:\"default\";N;s:3:\"add\";s:3:\"4.3\";s:5:\"title\";s:19:\"Resource Cache Code\";s:9:\"is_domain\";i:1;s:10:\"is_contact\";i:0;s:11:\"description\";s:62:\"Code appended to resource URLs (JS/CSS) to coerce HTTP caching\";s:9:\"help_text\";N;}}',NULL,'2014-04-30 15:09:30',NULL),(3,'CiviCRM setting Specs','settingsMetadata__','a:86:{s:32:\"address_standardization_provider\";a:12:{s:10:\"group_name\";s:19:\"Address Preferences\";s:5:\"group\";s:7:\"address\";s:4:\"name\";s:32:\"address_standardization_provider\";s:4:\"type\";s:6:\"String\";s:9:\"html_type\";s:6:\"Select\";s:7:\"default\";N;s:3:\"add\";s:3:\"4.1\";s:5:\"title\";s:33:\"Address Standardization Provider.\";s:9:\"is_domain\";i:1;s:10:\"is_contact\";i:0;s:11:\"description\";N;s:9:\"help_text\";s:486:\"CiviCRM includes an optional plugin for interfacing with the United States Postal Services (USPS) Address Standardization web service. You must register to use the USPS service at https://www.usps.com/business/webtools-address-information.htm. If you are approved, they will provide you with a User ID and the URL for the service. Plugins for other address standardization services may be available from 3rd party developers. If installed, they will be included in the drop-down below. \";}s:30:\"address_standardization_userid\";a:12:{s:10:\"group_name\";s:19:\"Address Preferences\";s:5:\"group\";s:7:\"address\";s:4:\"name\";s:30:\"address_standardization_userid\";s:4:\"type\";s:6:\"String\";s:9:\"html_type\";s:4:\"Text\";s:7:\"default\";N;s:3:\"add\";s:3:\"4.1\";s:5:\"title\";s:19:\"Web service user ID\";s:9:\"is_domain\";i:1;s:10:\"is_contact\";i:0;s:11:\"description\";N;s:9:\"help_text\";N;}s:27:\"address_standardization_url\";a:13:{s:10:\"group_name\";s:19:\"Address Preferences\";s:5:\"group\";s:7:\"address\";s:4:\"name\";s:27:\"address_standardization_url\";s:4:\"type\";s:4:\"Text\";s:9:\"html_type\";s:4:\"Text\";s:7:\"default\";N;s:3:\"add\";s:3:\"4.1\";s:5:\"title\";s:15:\"Web service url\";s:9:\"is_domain\";i:1;s:10:\"is_contact\";i:0;s:11:\"description\";N;s:9:\"help_text\";s:16:\"Web service URL.\";s:17:\"validate_callback\";s:19:\"CRM_Utils_Rule::url\";}s:15:\"tag_unconfirmed\";a:12:{s:10:\"group_name\";s:20:\"Campaign Preferences\";s:5:\"group\";s:8:\"campaign\";s:4:\"name\";s:15:\"tag_unconfirmed\";s:4:\"type\";s:6:\"String\";s:9:\"html_type\";s:4:\"Text\";s:7:\"default\";s:11:\"Unconfirmed\";s:3:\"add\";s:3:\"4.1\";s:5:\"title\";s:36:\"Tag for Unconfirmed Petition Signers\";s:9:\"is_domain\";i:1;s:10:\"is_contact\";i:0;s:11:\"description\";N;s:9:\"help_text\";s:94:\"If set, new contacts that are created when signing a petition are assigned a tag of this name.\";}s:17:\"petition_contacts\";a:12:{s:10:\"group_name\";s:20:\"Campaign Preferences\";s:5:\"group\";s:8:\"campaign\";s:4:\"name\";s:17:\"petition_contacts\";s:4:\"type\";s:6:\"String\";s:9:\"html_type\";s:4:\"Text\";s:7:\"default\";s:17:\"Petition Contacts\";s:3:\"add\";s:3:\"4.1\";s:5:\"title\";s:22:\"Petition Signers Group\";s:9:\"is_domain\";i:1;s:10:\"is_contact\";i:0;s:11:\"description\";N;s:9:\"help_text\";s:94:\"If set, new contacts that are created when signing a petition are assigned a tag of this name.\";}s:23:\"cvv_backoffice_required\";a:12:{s:10:\"group_name\";s:22:\"Contribute Preferences\";s:5:\"group\";s:10:\"contribute\";s:4:\"name\";s:23:\"cvv_backoffice_required\";s:4:\"type\";s:7:\"Boolean\";s:15:\"quick_form_type\";s:5:\"YesNo\";s:7:\"default\";s:1:\"1\";s:3:\"add\";s:3:\"4.1\";s:5:\"title\";s:28:\"CVV required for backoffice?\";s:9:\"is_domain\";i:1;s:10:\"is_contact\";i:0;s:11:\"description\";s:65:\"Is the CVV code required for back office credit card transactions\";s:9:\"help_text\";s:137:\"If set it back-office credit card transactions will required a cvv code. Leave as required unless you have a very strong reason to change\";}s:20:\"contact_view_options\";a:13:{s:10:\"group_name\";s:19:\"CiviCRM Preferences\";s:5:\"group\";s:4:\"core\";s:4:\"name\";s:20:\"contact_view_options\";s:4:\"type\";s:6:\"String\";s:9:\"html_type\";s:10:\"checkboxes\";s:14:\"pseudoconstant\";a:1:{s:15:\"optionGroupName\";s:20:\"contact_view_options\";}s:7:\"default\";s:28:\"123456789101113\";s:3:\"add\";s:3:\"4.1\";s:5:\"title\";s:16:\"Viewing Contacts\";s:9:\"is_domain\";s:1:\"1\";s:10:\"is_contact\";i:0;s:11:\"description\";N;s:9:\"help_text\";N;}s:20:\"contact_edit_options\";a:13:{s:10:\"group_name\";s:19:\"CiviCRM Preferences\";s:5:\"group\";s:4:\"core\";s:4:\"name\";s:20:\"contact_edit_options\";s:4:\"type\";s:6:\"String\";s:9:\"html_type\";s:10:\"checkboxes\";s:14:\"pseudoconstant\";a:1:{s:15:\"optionGroupName\";s:20:\"contact_edit_options\";}s:7:\"default\";s:25:\"1234567891011\";s:3:\"add\";s:3:\"4.1\";s:5:\"title\";s:16:\"Editing Contacts\";s:9:\"is_domain\";i:1;s:10:\"is_contact\";i:0;s:11:\"description\";N;s:9:\"help_text\";N;}s:23:\"advanced_search_options\";a:12:{s:10:\"group_name\";s:19:\"CiviCRM Preferences\";s:4:\"name\";s:23:\"advanced_search_options\";s:4:\"type\";s:6:\"String\";s:9:\"html_type\";s:10:\"checkboxes\";s:14:\"pseudoconstant\";a:1:{s:15:\"optionGroupName\";s:23:\"advanced_search_options\";}s:7:\"default\";s:43:\"1234567891012131516171819\";s:3:\"add\";s:3:\"4.1\";s:5:\"title\";s:14:\"Contact Search\";s:9:\"is_domain\";i:1;s:10:\"is_contact\";i:0;s:11:\"description\";N;s:9:\"help_text\";N;}s:22:\"user_dashboard_options\";a:13:{s:10:\"group_name\";s:19:\"CiviCRM Preferences\";s:5:\"group\";s:4:\"core\";s:4:\"name\";s:22:\"user_dashboard_options\";s:4:\"type\";s:6:\"String\";s:9:\"html_type\";s:10:\"checkboxes\";s:14:\"pseudoconstant\";a:1:{s:15:\"optionGroupName\";s:22:\"user_dashboard_options\";}s:7:\"default\";s:17:\"12345789\";s:3:\"add\";s:3:\"4.1\";s:5:\"title\";s:17:\"Contact Dashboard\";s:9:\"is_domain\";i:1;s:10:\"is_contact\";i:0;s:11:\"description\";N;s:9:\"help_text\";N;}s:15:\"address_options\";a:13:{s:10:\"group_name\";s:19:\"CiviCRM Preferences\";s:5:\"group\";s:4:\"core\";s:4:\"name\";s:15:\"address_options\";s:4:\"type\";s:6:\"String\";s:9:\"html_type\";s:4:\"Text\";s:14:\"pseudoconstant\";a:1:{s:15:\"optionGroupName\";s:15:\"address_options\";}s:7:\"default\";s:19:\"1245891011\";s:3:\"add\";s:3:\"4.1\";s:5:\"title\";s:18:\"Addressing Options\";s:9:\"is_domain\";i:1;s:10:\"is_contact\";i:0;s:11:\"description\";N;s:9:\"help_text\";N;}s:14:\"address_format\";a:12:{s:10:\"group_name\";s:19:\"CiviCRM Preferences\";s:5:\"group\";s:4:\"core\";s:4:\"name\";s:14:\"address_format\";s:4:\"type\";s:6:\"String\";s:9:\"html_type\";s:8:\"TextArea\";s:7:\"default\";s:198:\"{contact.address_name}\n{contact.street_address}\n{contact.supplemental_address_1}\n{contact.supplemental_address_2}\n{contact.city}{, }{contact.state_province}{ }{contact.postal_code}\n{contact.country}\";s:3:\"add\";s:3:\"4.1\";s:5:\"title\";s:14:\"Address Format\";s:9:\"is_domain\";i:1;s:10:\"is_contact\";i:0;s:11:\"description\";N;s:9:\"help_text\";N;}s:14:\"mailing_format\";a:12:{s:10:\"group_name\";s:19:\"CiviCRM Preferences\";s:5:\"group\";s:4:\"core\";s:4:\"name\";s:14:\"mailing_format\";s:4:\"type\";s:6:\"String\";s:9:\"html_type\";s:4:\"Text\";s:7:\"default\";s:195:\"{contact.addressee}\n{contact.street_address}\n{contact.supplemental_address_1}\n{contact.supplemental_address_2}\n{contact.city}{, }{contact.state_province}{ }{contact.postal_code}\n{contact.country}\";s:3:\"add\";s:3:\"4.1\";s:5:\"title\";s:14:\"Mailing Format\";s:9:\"is_domain\";i:1;s:10:\"is_contact\";i:0;s:11:\"description\";N;s:9:\"help_text\";N;}s:19:\"display_name_format\";a:12:{s:10:\"group_name\";s:19:\"CiviCRM Preferences\";s:5:\"group\";s:4:\"core\";s:4:\"name\";s:19:\"display_name_format\";s:4:\"type\";s:6:\"String\";s:9:\"html_type\";s:4:\"Text\";s:7:\"default\";s:102:\"{contact.individual_prefix}{ }{contact.first_name}{ }{contact.last_name}{ }{contact.individual_suffix}\";s:3:\"add\";s:3:\"4.1\";s:5:\"title\";s:19:\"Display Name Format\";s:9:\"is_domain\";i:1;s:10:\"is_contact\";i:0;s:11:\"description\";N;s:9:\"help_text\";N;}s:16:\"sort_name_format\";a:12:{s:10:\"group_name\";s:19:\"CiviCRM Preferences\";s:5:\"group\";s:4:\"core\";s:4:\"name\";s:16:\"sort_name_format\";s:4:\"type\";s:6:\"String\";s:9:\"html_type\";s:4:\"Text\";s:7:\"default\";s:43:\"{contact.last_name}{, }{contact.first_name}\";s:3:\"add\";s:3:\"4.1\";s:5:\"title\";N;s:9:\"is_domain\";i:1;s:10:\"is_contact\";i:0;s:11:\"description\";N;s:9:\"help_text\";N;}s:9:\"editor_id\";a:12:{s:10:\"group_name\";s:19:\"CiviCRM Preferences\";s:5:\"group\";s:4:\"core\";s:4:\"name\";s:9:\"editor_id\";s:4:\"type\";s:6:\"String\";s:9:\"html_type\";s:4:\"Text\";s:7:\"default\";N;s:3:\"add\";s:3:\"4.1\";s:5:\"title\";N;s:9:\"is_domain\";i:1;s:10:\"is_contact\";i:0;s:11:\"description\";N;s:9:\"help_text\";N;}s:26:\"contact_ajax_check_similar\";a:12:{s:10:\"group_name\";s:19:\"CiviCRM Preferences\";s:5:\"group\";s:4:\"core\";s:4:\"name\";s:26:\"contact_ajax_check_similar\";s:4:\"type\";s:6:\"String\";s:9:\"html_type\";s:4:\"Text\";s:7:\"default\";N;s:3:\"add\";s:3:\"4.1\";s:5:\"title\";N;s:9:\"is_domain\";i:1;s:10:\"is_contact\";i:0;s:11:\"description\";N;s:9:\"help_text\";N;}s:17:\"ajaxPopupsEnabled\";a:12:{s:10:\"group_name\";s:19:\"CiviCRM Preferences\";s:5:\"group\";s:4:\"core\";s:4:\"name\";s:17:\"ajaxPopupsEnabled\";s:4:\"type\";s:7:\"Boolean\";s:15:\"quick_form_type\";s:5:\"YesNo\";s:7:\"default\";i:1;s:3:\"add\";s:3:\"4.5\";s:5:\"title\";N;s:9:\"is_domain\";i:1;s:10:\"is_contact\";i:0;s:11:\"description\";N;s:9:\"help_text\";N;}s:30:\"activity_assignee_notification\";a:12:{s:10:\"group_name\";s:19:\"CiviCRM Preferences\";s:5:\"group\";s:4:\"core\";s:4:\"name\";s:30:\"activity_assignee_notification\";s:4:\"type\";s:6:\"String\";s:9:\"html_type\";s:4:\"Text\";s:7:\"default\";N;s:3:\"add\";s:3:\"4.1\";s:5:\"title\";s:25:\"Notify Activity Assignees\";s:9:\"is_domain\";i:1;s:10:\"is_contact\";i:0;s:11:\"description\";N;s:9:\"help_text\";N;}s:34:\"activity_assignee_notification_ics\";a:12:{s:10:\"group_name\";s:19:\"CiviCRM Preferences\";s:5:\"group\";s:4:\"core\";s:4:\"name\";s:34:\"activity_assignee_notification_ics\";s:4:\"type\";s:6:\"String\";s:9:\"html_type\";s:4:\"Text\";s:7:\"default\";N;s:3:\"add\";s:3:\"4.3\";s:5:\"title\";s:41:\"Include ICal Invite to Activity Assignees\";s:9:\"is_domain\";i:1;s:10:\"is_contact\";i:0;s:11:\"description\";N;s:9:\"help_text\";N;}s:28:\"contact_autocomplete_options\";a:13:{s:10:\"group_name\";s:19:\"CiviCRM Preferences\";s:5:\"group\";s:4:\"core\";s:4:\"name\";s:28:\"contact_autocomplete_options\";s:4:\"type\";s:6:\"String\";s:9:\"html_type\";s:10:\"checkboxes\";s:14:\"pseudoconstant\";a:1:{s:15:\"optionGroupName\";s:28:\"contact_autocomplete_options\";}s:7:\"default\";s:15:\"1234567\";s:3:\"add\";s:3:\"4.1\";s:5:\"title\";s:38:\"Contact Reference Autocomplete Options\";s:9:\"is_domain\";i:1;s:10:\"is_contact\";i:0;s:11:\"description\";N;s:9:\"help_text\";N;}s:25:\"contact_reference_options\";a:13:{s:10:\"group_name\";s:19:\"CiviCRM Preferences\";s:5:\"group\";s:4:\"core\";s:4:\"name\";s:25:\"contact_reference_options\";s:4:\"type\";s:6:\"String\";s:9:\"html_type\";s:10:\"checkboxes\";s:14:\"pseudoconstant\";a:1:{s:15:\"optionGroupName\";s:25:\"contact_reference_options\";}s:7:\"default\";s:15:\"1234567\";s:3:\"add\";s:3:\"4.1\";s:5:\"title\";N;s:9:\"is_domain\";i:1;s:10:\"is_contact\";i:0;s:11:\"description\";N;s:9:\"help_text\";N;}s:15:\"max_attachments\";a:16:{s:10:\"group_name\";s:19:\"CiviCRM Preferences\";s:5:\"group\";s:4:\"core\";s:4:\"name\";s:15:\"max_attachments\";s:10:\"legacy_key\";s:14:\"maxAttachments\";s:8:\"prefetch\";i:0;s:4:\"type\";s:7:\"Integer\";s:15:\"quick_form_type\";s:7:\"Element\";s:9:\"html_type\";s:4:\"text\";s:15:\"html_attributes\";a:2:{s:4:\"size\";i:2;s:9:\"maxlength\";i:8;}s:7:\"default\";i:3;s:3:\"add\";s:3:\"4.3\";s:5:\"title\";s:19:\"Maximum Attachments\";s:9:\"is_domain\";i:1;s:10:\"is_contact\";i:0;s:11:\"description\";s:93:\"Maximum number of files (documents, images, etc.) which can attached to emails or activities.\";s:9:\"help_text\";N;}s:11:\"maxFileSize\";a:16:{s:10:\"group_name\";s:19:\"CiviCRM Preferences\";s:5:\"group\";s:4:\"core\";s:4:\"name\";s:11:\"maxFileSize\";s:8:\"prefetch\";i:1;s:11:\"config_only\";i:1;s:4:\"type\";s:7:\"Integer\";s:15:\"quick_form_type\";s:7:\"Element\";s:9:\"html_type\";s:4:\"text\";s:15:\"html_attributes\";a:2:{s:4:\"size\";i:2;s:9:\"maxlength\";i:8;}s:7:\"default\";i:3;s:3:\"add\";s:3:\"4.3\";s:5:\"title\";s:25:\"Maximum File Size (in MB)\";s:9:\"is_domain\";i:1;s:10:\"is_contact\";i:0;s:11:\"description\";s:140:\"Maximum Size of file (documents, images, etc.) which can attached to emails or activities.<br />Note: php.ini should support this file size.\";s:9:\"help_text\";N;}s:16:\"contact_undelete\";a:12:{s:10:\"group_name\";s:19:\"CiviCRM Preferences\";s:5:\"group\";s:4:\"core\";s:4:\"name\";s:16:\"contact_undelete\";s:4:\"type\";s:7:\"Boolean\";s:15:\"quick_form_type\";s:5:\"YesNo\";s:7:\"default\";i:1;s:3:\"add\";s:3:\"4.3\";s:5:\"title\";s:26:\"Contact Trash and Undelete\";s:9:\"is_domain\";i:1;s:10:\"is_contact\";i:0;s:11:\"description\";s:200:\"If enabled, deleted contacts will be moved to trash (instead of being destroyed). Users with the proper permission are able to search for the deleted contacts and restore them (or delete permanently).\";s:9:\"help_text\";N;}s:24:\"allowPermDeleteFinancial\";a:12:{s:10:\"group_name\";s:19:\"CiviCRM Preferences\";s:5:\"group\";s:4:\"core\";s:4:\"name\";s:24:\"allowPermDeleteFinancial\";s:4:\"type\";s:7:\"Boolean\";s:15:\"quick_form_type\";s:5:\"YesNo\";s:7:\"default\";b:0;s:3:\"add\";s:3:\"4.3\";s:5:\"title\";s:24:\"Contact Permanent Delete\";s:9:\"is_domain\";i:1;s:10:\"is_contact\";i:0;s:11:\"description\";s:81:\"Allow Permanent Delete for contacts who are linked to live financial transactions\";s:9:\"help_text\";N;}s:12:\"versionAlert\";a:12:{s:10:\"group_name\";s:19:\"CiviCRM Preferences\";s:5:\"group\";s:4:\"core\";s:4:\"name\";s:12:\"versionAlert\";s:4:\"type\";s:7:\"Boolean\";s:15:\"quick_form_type\";s:5:\"YesNo\";s:7:\"default\";i:1;s:3:\"add\";s:3:\"4.3\";s:5:\"title\";s:18:\"New Version Alerts\";s:9:\"is_domain\";i:1;s:10:\"is_contact\";i:0;s:11:\"description\";s:212:\"Displays an on-screen alert to users with \"Administer CiviCRM\" permissions when a new version of CiviCRM is available. This setting will only work if the \"Version Check & Statistics Reporting\" setting is enabled.\";s:9:\"help_text\";N;}s:12:\"versionCheck\";a:14:{s:10:\"group_name\";s:19:\"CiviCRM Preferences\";s:5:\"group\";s:4:\"core\";s:4:\"name\";s:12:\"versionCheck\";s:8:\"prefetch\";i:1;s:11:\"config_only\";i:1;s:4:\"type\";s:7:\"Boolean\";s:15:\"quick_form_type\";s:5:\"YesNo\";s:7:\"default\";i:1;s:3:\"add\";s:3:\"4.3\";s:5:\"title\";s:36:\"Version Check & Statistics Reporting\";s:9:\"is_domain\";i:1;s:10:\"is_contact\";i:0;s:11:\"description\";s:847:\"If enabled, CiviCRM automatically checks availablity of a newer version of the software. New version alerts will be displayed on the main CiviCRM Administration page.\nWhen enabled, statistics about your CiviCRM installation are reported anonymously to the CiviCRM team to assist in prioritizing ongoing development efforts. The following information is gathered: CiviCRM version, versions of PHP, MySQL and framework (Drupal/Joomla/standalone), and default language. Counts (but no actual data) of the following record types are reported: contacts, activities, cases, relationships, contributions, contribution pages, contribution products, contribution widgets, discounts, price sets, profiles, events, participants, tell-a-friend pages, grants, mailings, memberships, membership blocks, pledges, pledge blocks and active payment processor types.\";s:9:\"help_text\";N;}s:13:\"securityAlert\";a:14:{s:10:\"group_name\";s:19:\"CiviCRM Preferences\";s:5:\"group\";s:4:\"core\";s:4:\"name\";s:12:\"versionCheck\";s:8:\"prefetch\";i:0;s:11:\"config_only\";i:0;s:4:\"type\";s:7:\"Boolean\";s:15:\"quick_form_type\";s:5:\"YesNo\";s:7:\"default\";i:1;s:3:\"add\";s:3:\"4.4\";s:5:\"title\";s:15:\"Security Alerts\";s:9:\"is_domain\";i:1;s:10:\"is_contact\";i:0;s:11:\"description\";s:122:\"If enabled, CiviCRM will automatically run checks for significant mis-configurations such as ineffective file protections.\";s:9:\"help_text\";N;}s:21:\"doNotAttachPDFReceipt\";a:14:{s:10:\"group_name\";s:19:\"CiviCRM Preferences\";s:5:\"group\";s:4:\"core\";s:4:\"name\";s:21:\"doNotAttachPDFReceipt\";s:8:\"prefetch\";i:1;s:11:\"config_only\";i:1;s:4:\"type\";s:7:\"Boolean\";s:15:\"quick_form_type\";s:5:\"YesNo\";s:7:\"default\";i:1;s:3:\"add\";s:3:\"4.3\";s:5:\"title\";s:27:\"Attach PDF copy to receipts\";s:9:\"is_domain\";i:1;s:10:\"is_contact\";i:0;s:11:\"description\";s:98:\"If enabled, CiviCRM sends PDF receipt as an attachment during event signup or online contribution.\";s:9:\"help_text\";N;}s:15:\"wkhtmltopdfPath\";a:16:{s:10:\"group_name\";s:19:\"CiviCRM Preferences\";s:5:\"group\";s:4:\"core\";s:4:\"name\";s:15:\"wkhtmltopdfPath\";s:8:\"prefetch\";i:1;s:11:\"config_only\";i:1;s:4:\"type\";s:6:\"String\";s:15:\"quick_form_type\";s:7:\"Element\";s:9:\"html_type\";s:4:\"Text\";s:15:\"html_attributes\";a:2:{s:4:\"size\";i:64;s:9:\"maxlength\";i:256;}s:7:\"default\";N;s:3:\"add\";s:3:\"4.3\";s:5:\"title\";s:30:\"Path to wkhtmltopdf executable\";s:9:\"is_domain\";i:1;s:10:\"is_contact\";i:0;s:11:\"description\";N;s:9:\"help_text\";N;}s:18:\"recaptchaPublicKey\";a:16:{s:10:\"group_name\";s:19:\"CiviCRM Preferences\";s:5:\"group\";s:4:\"core\";s:4:\"name\";s:18:\"recaptchaPublicKey\";s:8:\"prefetch\";i:1;s:11:\"config_only\";i:1;s:4:\"type\";s:6:\"String\";s:15:\"quick_form_type\";s:7:\"Element\";s:9:\"html_type\";s:4:\"Text\";s:15:\"html_attributes\";a:2:{s:4:\"size\";i:64;s:9:\"maxlength\";i:64;}s:7:\"default\";N;s:3:\"add\";s:3:\"4.3\";s:5:\"title\";s:20:\"Recaptcha Public Key\";s:9:\"is_domain\";i:1;s:10:\"is_contact\";i:0;s:11:\"description\";N;s:9:\"help_text\";N;}s:19:\"recaptchaPrivateKey\";a:16:{s:10:\"group_name\";s:19:\"CiviCRM Preferences\";s:5:\"group\";s:4:\"core\";s:4:\"name\";s:19:\"recaptchaPrivateKey\";s:8:\"prefetch\";i:1;s:11:\"config_only\";i:1;s:4:\"type\";s:6:\"String\";s:15:\"quick_form_type\";s:7:\"Element\";s:9:\"html_type\";s:4:\"Text\";s:15:\"html_attributes\";a:2:{s:4:\"size\";i:64;s:9:\"maxlength\";i:64;}s:7:\"default\";N;s:3:\"add\";s:3:\"4.3\";s:5:\"title\";s:21:\"Recaptcha Private Key\";s:9:\"is_domain\";i:1;s:10:\"is_contact\";i:0;s:11:\"description\";N;s:9:\"help_text\";N;}s:21:\"dashboardCacheTimeout\";a:16:{s:10:\"group_name\";s:19:\"CiviCRM Preferences\";s:5:\"group\";s:4:\"core\";s:4:\"name\";s:21:\"dashboardCacheTimeout\";s:8:\"prefetch\";i:1;s:11:\"config_only\";i:1;s:4:\"type\";s:7:\"Integer\";s:15:\"quick_form_type\";s:7:\"Element\";s:9:\"html_type\";s:4:\"Text\";s:15:\"html_attributes\";a:2:{s:4:\"size\";i:3;s:9:\"maxlength\";i:5;}s:7:\"default\";N;s:3:\"add\";s:3:\"4.3\";s:5:\"title\";s:23:\"Dashboard cache timeout\";s:9:\"is_domain\";i:1;s:10:\"is_contact\";i:0;s:11:\"description\";N;s:9:\"help_text\";N;}s:15:\"checksumTimeout\";a:16:{s:10:\"group_name\";s:19:\"CiviCRM Preferences\";s:5:\"group\";s:4:\"core\";s:4:\"name\";s:15:\"checksumTimeout\";s:8:\"prefetch\";i:1;s:11:\"config_only\";i:1;s:4:\"type\";s:7:\"Integer\";s:15:\"quick_form_type\";s:7:\"Element\";s:9:\"html_type\";s:4:\"Text\";s:15:\"html_attributes\";a:2:{s:4:\"size\";i:2;s:9:\"maxlength\";i:8;}s:7:\"default\";i:7;s:3:\"add\";s:3:\"4.3\";s:5:\"title\";s:17:\"Checksum Lifespan\";s:9:\"is_domain\";i:1;s:10:\"is_contact\";i:0;s:11:\"description\";N;s:9:\"help_text\";N;}s:7:\"blogUrl\";a:16:{s:10:\"group_name\";s:19:\"CiviCRM Preferences\";s:5:\"group\";s:4:\"core\";s:4:\"name\";s:7:\"blogUrl\";s:8:\"prefetch\";i:0;s:11:\"config_only\";i:0;s:4:\"type\";s:6:\"String\";s:15:\"quick_form_type\";s:7:\"Element\";s:9:\"html_type\";s:4:\"Text\";s:15:\"html_attributes\";a:2:{s:4:\"size\";i:64;s:9:\"maxlength\";i:128;}s:7:\"default\";s:9:\"*default*\";s:3:\"add\";s:3:\"4.3\";s:5:\"title\";s:13:\"Blog Feed URL\";s:9:\"is_domain\";i:1;s:10:\"is_contact\";i:0;s:11:\"description\";s:38:\"Blog feed URL used by the blog dashlet\";s:9:\"help_text\";s:68:\"Use \"*default*\" for the system default or override with a custom URL\";}s:20:\"communityMessagesUrl\";a:16:{s:10:\"group_name\";s:19:\"CiviCRM Preferences\";s:5:\"group\";s:4:\"core\";s:4:\"name\";s:20:\"communityMessagesUrl\";s:8:\"prefetch\";i:0;s:11:\"config_only\";i:1;s:4:\"type\";s:6:\"String\";s:15:\"quick_form_type\";s:7:\"Element\";s:9:\"html_type\";s:4:\"Text\";s:15:\"html_attributes\";a:2:{s:4:\"size\";i:64;s:9:\"maxlength\";i:128;}s:7:\"default\";s:9:\"*default*\";s:3:\"add\";s:3:\"4.3\";s:5:\"title\";s:22:\"Community Messages URL\";s:9:\"is_domain\";i:1;s:10:\"is_contact\";i:0;s:11:\"description\";s:44:\"Service providing CiviCRM community messages\";s:9:\"help_text\";s:68:\"Use \"*default*\" for the system default or override with a custom URL\";}s:12:\"resCacheCode\";a:16:{s:10:\"group_name\";s:19:\"CiviCRM Preferences\";s:5:\"group\";s:4:\"core\";s:4:\"name\";s:12:\"resCacheCode\";s:8:\"prefetch\";i:1;s:11:\"config_only\";i:1;s:4:\"type\";s:6:\"String\";s:15:\"quick_form_type\";s:7:\"Element\";s:9:\"html_type\";s:4:\"Text\";s:15:\"html_attributes\";a:2:{s:4:\"size\";i:16;s:9:\"maxlength\";i:16;}s:7:\"default\";N;s:3:\"add\";s:3:\"4.3\";s:5:\"title\";s:19:\"Resource Cache Code\";s:9:\"is_domain\";i:1;s:10:\"is_contact\";i:0;s:11:\"description\";s:62:\"Code appended to resource URLs (JS/CSS) to coerce HTTP caching\";s:9:\"help_text\";N;}s:9:\"verifySSL\";a:12:{s:10:\"group_name\";s:19:\"CiviCRM Preferences\";s:5:\"group\";s:4:\"core\";s:4:\"name\";s:9:\"verifySSL\";s:4:\"type\";s:7:\"Boolean\";s:15:\"quick_form_type\";s:5:\"YesNo\";s:7:\"default\";i:1;s:3:\"add\";s:3:\"4.3\";s:5:\"title\";s:0:\"\";s:9:\"is_domain\";i:1;s:10:\"is_contact\";i:0;s:11:\"description\";s:79:\"If disabled, backend HTTPS services will allow unverified, insecure connections\";s:9:\"help_text\";s:140:\"Unless you are absolutely unable to configure your server to check the SSL certificate of the remote server you should leave this set to Yes\";}s:10:\"wpBasePage\";a:14:{s:10:\"group_name\";s:19:\"CiviCRM Preferences\";s:5:\"group\";s:4:\"core\";s:4:\"name\";s:10:\"wpBasePage\";s:4:\"type\";s:6:\"String\";s:9:\"html_type\";s:4:\"text\";s:15:\"quick_form_type\";s:7:\"Element\";s:8:\"prefetch\";i:1;s:7:\"default\";s:0:\"\";s:3:\"add\";s:3:\"4.3\";s:5:\"title\";s:19:\"WordPress Base Page\";s:9:\"is_domain\";i:1;s:10:\"is_contact\";i:0;s:11:\"description\";s:54:\"If set, CiviCRM will use this setting as the base url.\";s:9:\"help_text\";s:177:\"By default, CiviCRM will generate front-facing pages using the home page at http://wp/ as its base. If you want to use a different template for CiviCRM pages, set the path here.\";}s:23:\"secondDegRelPermissions\";a:14:{s:10:\"group_name\";s:19:\"CiviCRM Preferences\";s:5:\"group\";s:4:\"core\";s:4:\"name\";s:23:\"secondDegRelPermissions\";s:8:\"prefetch\";i:1;s:11:\"config_only\";i:1;s:4:\"type\";s:7:\"Boolean\";s:15:\"quick_form_type\";s:5:\"YesNo\";s:7:\"default\";i:0;s:3:\"add\";s:3:\"4.3\";s:5:\"title\";s:44:\"Allow second-degree relationship permissions\";s:9:\"is_domain\";i:1;s:10:\"is_contact\";i:0;s:11:\"description\";s:136:\"If enabled, contacts with the permission to edit a related contact will inherit that contact\'s permission to edit other related contacts\";s:9:\"help_text\";N;}s:17:\"enable_components\";a:15:{s:10:\"group_name\";s:19:\"CiviCRM Preferences\";s:5:\"group\";s:4:\"core\";s:4:\"name\";s:17:\"enable_components\";s:4:\"type\";s:5:\"Array\";s:15:\"quick_form_type\";s:7:\"Element\";s:9:\"html_type\";s:14:\"advmultiselect\";s:15:\"html_attributes\";a:3:{s:4:\"size\";i:5;s:5:\"style\";s:11:\"width:150px\";s:5:\"class\";s:14:\"advmultiselect\";}s:7:\"default\";a:6:{i:0;s:9:\"CiviEvent\";i:1;s:14:\"CiviContribute\";i:2;s:10:\"CiviMember\";i:3;s:8:\"CiviMail\";i:4;s:10:\"CiviReport\";i:5;s:10:\"CiviPledge\";}s:3:\"add\";s:3:\"4.4\";s:5:\"title\";s:17:\"Enable Components\";s:9:\"is_domain\";s:1:\"1\";s:10:\"is_contact\";i:0;s:11:\"description\";N;s:9:\"help_text\";N;s:9:\"on_change\";a:2:{i:0;a:2:{i:0;s:13:\"CRM_Case_Info\";i:1;s:18:\"onToggleComponents\";}i:1;a:2:{i:0;s:18:\"CRM_Core_Component\";i:1;s:22:\"flushEnabledComponents\";}}}s:16:\"disable_core_css\";a:12:{s:10:\"group_name\";s:19:\"CiviCRM Preferences\";s:5:\"group\";s:4:\"core\";s:4:\"name\";s:16:\"disable_core_css\";s:4:\"type\";s:7:\"Boolean\";s:15:\"quick_form_type\";s:5:\"YesNo\";s:7:\"default\";s:1:\"0\";s:3:\"add\";s:3:\"4.4\";s:5:\"title\";s:19:\"Disable CiviCRM css\";s:9:\"is_domain\";i:1;s:10:\"is_contact\";i:0;s:11:\"description\";s:55:\"Prevent the stylesheet \"civicrm.css\" from being loaded.\";s:9:\"help_text\";N;}s:13:\"debug_enabled\";a:15:{s:10:\"group_name\";s:21:\"Developer Preferences\";s:5:\"group\";s:9:\"developer\";s:4:\"name\";s:13:\"debug_enabled\";s:11:\"config_only\";i:1;s:10:\"config_key\";s:5:\"debug\";s:4:\"type\";s:7:\"Boolean\";s:15:\"quick_form_type\";s:5:\"YesNo\";s:7:\"default\";s:1:\"0\";s:3:\"add\";s:3:\"4.3\";s:5:\"title\";s:16:\"Enable Debugging\";s:9:\"is_domain\";i:1;s:10:\"is_contact\";i:0;s:11:\"description\";s:130:\"Set this value to Yes if you want to use one of CiviCRM\'s debugging tools. This feature should NOT be enabled for production sites\";s:8:\"prefetch\";i:1;s:9:\"help_text\";s:39:\"Do not turn this on on production sites\";}s:20:\"userFrameworkLogging\";a:14:{s:10:\"group_name\";s:21:\"Developer Preferences\";s:5:\"group\";s:9:\"developer\";s:4:\"name\";s:20:\"userFrameworkLogging\";s:11:\"config_only\";i:1;s:4:\"type\";s:7:\"Boolean\";s:15:\"quick_form_type\";s:5:\"YesNo\";s:7:\"default\";s:1:\"0\";s:3:\"add\";s:3:\"4.3\";s:5:\"title\";s:30:\"Enable Drupal Watchdog Logging\";s:9:\"is_domain\";i:1;s:10:\"is_contact\";i:0;s:11:\"description\";s:102:\"Set this value to Yes if you want CiviCRM error/debugging messages to also appear in Drupal error logs\";s:8:\"prefetch\";i:1;s:9:\"help_text\";s:239:\"Set this value to Yes if you want CiviCRM error/debugging messages the appear in your CMS\' error log.\nIn the case of Drupal, this will cause all CiviCRM error messages to appear in the watchdog (assuming you have Drupal\'s watchdog enabled)\";}s:9:\"backtrace\";a:13:{s:10:\"group_name\";s:21:\"Developer Preferences\";s:5:\"group\";s:9:\"developer\";s:4:\"name\";s:9:\"backtrace\";s:11:\"config_only\";i:1;s:4:\"type\";s:7:\"Boolean\";s:15:\"quick_form_type\";s:5:\"YesNo\";s:7:\"default\";s:1:\"0\";s:3:\"add\";s:3:\"4.3\";s:5:\"title\";s:17:\"Display Backtrace\";s:9:\"is_domain\";i:1;s:10:\"is_contact\";i:0;s:11:\"description\";s:155:\"Set this value to Yes if you want to display a backtrace listing when a fatal error is encountered. This feature should NOT be enabled for production sites\";s:8:\"prefetch\";i:1;}s:18:\"fatalErrorTemplate\";a:13:{s:10:\"group_name\";s:21:\"Developer Preferences\";s:5:\"group\";s:9:\"developer\";s:4:\"name\";s:18:\"fatalErrorTemplate\";s:11:\"config_only\";i:1;s:4:\"type\";s:6:\"String\";s:15:\"quick_form_type\";s:4:\"text\";s:7:\"default\";s:20:\"CRM/common/fatal.tpl\";s:3:\"add\";s:3:\"4.3\";s:5:\"title\";s:20:\"Fatal Error Template\";s:9:\"is_domain\";i:1;s:10:\"is_contact\";i:0;s:11:\"description\";s:123:\"Enter the path and filename for a custom Smarty template if you want to define your own screen for displaying fatal errors.\";s:8:\"prefetch\";i:1;}s:17:\"fatalErrorHandler\";a:13:{s:10:\"group_name\";s:21:\"Developer Preferences\";s:5:\"group\";s:9:\"developer\";s:4:\"name\";s:17:\"fatalErrorHandler\";s:11:\"config_only\";i:1;s:4:\"type\";s:6:\"String\";s:15:\"quick_form_type\";s:4:\"text\";s:7:\"default\";s:4:\"null\";s:3:\"add\";s:3:\"4.3\";s:5:\"title\";s:19:\"Fatal Error Handler\";s:9:\"is_domain\";i:1;s:10:\"is_contact\";i:0;s:11:\"description\";s:136:\"Enter the path and class for a custom PHP error-handling function if you want to override built-in CiviCRM error handling for your site.\";s:8:\"prefetch\";i:1;}s:9:\"uploadDir\";a:13:{s:10:\"group_name\";s:21:\"Directory Preferences\";s:5:\"group\";s:9:\"directory\";s:4:\"name\";s:9:\"uploadDir\";s:4:\"type\";s:3:\"Url\";s:9:\"html_type\";s:4:\"Text\";s:7:\"default\";N;s:3:\"add\";s:3:\"4.1\";s:8:\"prefetch\";i:1;s:5:\"title\";N;s:9:\"is_domain\";i:1;s:10:\"is_contact\";i:0;s:11:\"description\";N;s:9:\"help_text\";s:94:\"If set, new contacts that are created when signing a petition are assigned a tag of this name.\";}s:14:\"imageUploadDir\";a:13:{s:10:\"group_name\";s:21:\"Directory Preferences\";s:5:\"group\";s:9:\"directory\";s:4:\"name\";s:14:\"imageUploadDir\";s:4:\"type\";s:3:\"Url\";s:9:\"html_type\";s:4:\"Text\";s:7:\"default\";N;s:3:\"add\";s:3:\"4.1\";s:8:\"prefetch\";i:1;s:5:\"title\";N;s:9:\"is_domain\";i:1;s:10:\"is_contact\";i:0;s:11:\"description\";N;s:9:\"help_text\";N;}s:19:\"customFileUploadDir\";a:13:{s:10:\"group_name\";s:21:\"Directory Preferences\";s:5:\"group\";s:9:\"directory\";s:4:\"name\";s:19:\"customFileUploadDir\";s:4:\"type\";s:3:\"Url\";s:9:\"html_type\";s:4:\"Text\";s:7:\"default\";N;s:3:\"add\";s:3:\"4.1\";s:8:\"prefetch\";i:1;s:5:\"title\";N;s:9:\"is_domain\";i:1;s:10:\"is_contact\";i:0;s:11:\"description\";N;s:9:\"help_text\";N;}s:17:\"customTemplateDir\";a:13:{s:10:\"group_name\";s:21:\"Directory Preferences\";s:5:\"group\";s:9:\"directory\";s:4:\"name\";s:17:\"customTemplateDir\";s:4:\"type\";s:3:\"Url\";s:9:\"html_type\";s:4:\"Text\";s:7:\"default\";N;s:3:\"add\";s:3:\"4.1\";s:8:\"prefetch\";i:1;s:5:\"title\";N;s:9:\"is_domain\";i:1;s:10:\"is_contact\";i:0;s:11:\"description\";N;s:9:\"help_text\";N;}s:16:\"customPHPPathDir\";a:13:{s:10:\"group_name\";s:21:\"Directory Preferences\";s:5:\"group\";s:9:\"directory\";s:4:\"name\";s:16:\"customPHPPathDir\";s:4:\"type\";s:3:\"Url\";s:9:\"html_type\";s:4:\"Text\";s:7:\"default\";N;s:3:\"add\";s:3:\"4.1\";s:8:\"prefetch\";i:1;s:5:\"title\";N;s:9:\"is_domain\";i:1;s:10:\"is_contact\";i:0;s:11:\"description\";N;s:9:\"help_text\";N;}s:13:\"extensionsDir\";a:13:{s:10:\"group_name\";s:21:\"Directory Preferences\";s:5:\"group\";s:9:\"directory\";s:4:\"name\";s:13:\"extensionsDir\";s:4:\"type\";s:3:\"Url\";s:9:\"html_type\";s:4:\"Text\";s:7:\"default\";N;s:3:\"add\";s:3:\"4.1\";s:8:\"prefetch\";i:1;s:5:\"title\";N;s:9:\"is_domain\";i:1;s:10:\"is_contact\";i:0;s:11:\"description\";N;s:9:\"help_text\";N;}s:17:\"event_enable_cart\";a:12:{s:4:\"name\";s:11:\"enable_cart\";s:10:\"group_name\";s:17:\"Event Preferences\";s:5:\"group\";s:5:\"event\";s:4:\"type\";s:6:\"String\";s:15:\"quick_form_type\";s:7:\"Element\";s:7:\"default\";i:0;s:3:\"add\";d:4.0999999999999996447286321199499070644378662109375;s:5:\"title\";s:17:\"Enable Event Cart\";s:9:\"is_domain\";i:1;s:10:\"is_contact\";i:1;s:11:\"description\";s:8:\"WRITE ME\";s:9:\"help_text\";s:8:\"WRITE ME\";}s:25:\"monetaryThousandSeparator\";a:16:{s:10:\"group_name\";s:24:\"Localization Preferences\";s:5:\"group\";s:12:\"localization\";s:4:\"name\";s:25:\"monetaryThousandSeparator\";s:8:\"prefetch\";i:1;s:11:\"config_only\";i:1;s:4:\"type\";s:6:\"String\";s:15:\"quick_form_type\";s:7:\"Element\";s:9:\"html_type\";s:4:\"text\";s:15:\"html_attributes\";a:1:{s:4:\"size\";i:2;}s:7:\"default\";s:1:\",\";s:3:\"add\";s:3:\"4.3\";s:5:\"title\";s:19:\"Thousands Separator\";s:9:\"is_domain\";i:1;s:10:\"is_contact\";i:0;s:11:\"description\";N;s:9:\"help_text\";N;}s:20:\"monetaryDecimalPoint\";a:16:{s:10:\"group_name\";s:24:\"Localization Preferences\";s:5:\"group\";s:12:\"localization\";s:4:\"name\";s:20:\"monetaryDecimalPoint\";s:8:\"prefetch\";i:1;s:11:\"config_only\";i:1;s:4:\"type\";s:6:\"String\";s:15:\"quick_form_type\";s:7:\"Element\";s:9:\"html_type\";s:4:\"text\";s:15:\"html_attributes\";a:1:{s:4:\"size\";i:2;}s:7:\"default\";s:1:\".\";s:3:\"add\";s:3:\"4.3\";s:5:\"title\";s:17:\"Decimal Delimiter\";s:9:\"is_domain\";i:1;s:10:\"is_contact\";i:0;s:11:\"description\";N;s:9:\"help_text\";N;}s:11:\"moneyformat\";a:15:{s:10:\"group_name\";s:24:\"Localization Preferences\";s:5:\"group\";s:12:\"localization\";s:4:\"name\";s:11:\"moneyformat\";s:8:\"prefetch\";i:1;s:11:\"config_only\";i:1;s:4:\"type\";s:6:\"String\";s:15:\"quick_form_type\";s:7:\"Element\";s:9:\"html_type\";s:4:\"text\";s:7:\"default\";s:5:\"%c %a\";s:3:\"add\";s:3:\"4.3\";s:5:\"title\";s:23:\"Monetary Amount Display\";s:9:\"is_domain\";i:1;s:10:\"is_contact\";i:0;s:11:\"description\";N;s:9:\"help_text\";N;}s:16:\"moneyvalueformat\";a:15:{s:10:\"group_name\";s:24:\"Localization Preferences\";s:5:\"group\";s:12:\"localization\";s:4:\"name\";s:16:\"moneyvalueformat\";s:8:\"prefetch\";i:1;s:11:\"config_only\";i:1;s:4:\"type\";s:6:\"String\";s:15:\"quick_form_type\";s:7:\"Element\";s:9:\"html_type\";s:4:\"text\";s:7:\"default\";s:3:\"%!i\";s:3:\"add\";s:3:\"4.3\";s:5:\"title\";s:23:\"Monetary Amount Display\";s:9:\"is_domain\";i:1;s:10:\"is_contact\";i:0;s:11:\"description\";N;s:9:\"help_text\";N;}s:15:\"defaultCurrency\";a:16:{s:10:\"group_name\";s:24:\"Localization Preferences\";s:5:\"group\";s:12:\"localization\";s:4:\"name\";s:15:\"defaultCurrency\";s:8:\"prefetch\";i:1;s:11:\"config_only\";i:1;s:4:\"type\";s:6:\"String\";s:15:\"quick_form_type\";s:7:\"Element\";s:9:\"html_type\";s:4:\"text\";s:15:\"html_attributes\";a:1:{s:4:\"size\";i:2;}s:7:\"default\";s:3:\"USD\";s:3:\"add\";s:3:\"4.3\";s:5:\"title\";s:16:\"Default Currency\";s:9:\"is_domain\";i:1;s:10:\"is_contact\";i:0;s:11:\"description\";s:75:\"Default currency assigned to contributions and other monetary transactions.\";s:9:\"help_text\";N;}s:21:\"defaultContactCountry\";a:16:{s:10:\"group_name\";s:24:\"Localization Preferences\";s:5:\"group\";s:12:\"localization\";s:4:\"name\";s:21:\"defaultContactCountry\";s:8:\"prefetch\";i:1;s:11:\"config_only\";i:1;s:4:\"type\";s:6:\"String\";s:15:\"quick_form_type\";s:7:\"Element\";s:9:\"html_type\";s:4:\"text\";s:15:\"html_attributes\";a:1:{s:4:\"size\";i:4;}s:7:\"default\";s:4:\"1228\";s:3:\"add\";s:3:\"4.4\";s:5:\"title\";s:15:\"Default Country\";s:9:\"is_domain\";i:1;s:10:\"is_contact\";i:0;s:11:\"description\";s:68:\"This value is selected by default when adding a new contact address.\";s:9:\"help_text\";N;}s:12:\"countryLimit\";a:16:{s:10:\"group_name\";s:24:\"Localization Preferences\";s:5:\"group\";s:12:\"localization\";s:4:\"name\";s:12:\"countryLimit\";s:8:\"prefetch\";i:1;s:11:\"config_only\";i:1;s:4:\"type\";s:5:\"Array\";s:15:\"quick_form_type\";s:7:\"Element\";s:9:\"html_type\";s:14:\"advmultiselect\";s:15:\"html_attributes\";a:3:{s:4:\"size\";i:5;s:5:\"style\";s:11:\"width:150px\";s:5:\"class\";s:14:\"advmultiselect\";}s:7:\"default\";s:4:\"null\";s:3:\"add\";s:3:\"4.3\";s:5:\"title\";s:19:\"Available Countries\";s:9:\"is_domain\";i:1;s:10:\"is_contact\";i:0;s:11:\"description\";s:0:\"\";s:9:\"help_text\";N;}s:13:\"provinceLimit\";a:16:{s:10:\"group_name\";s:24:\"Localization Preferences\";s:5:\"group\";s:12:\"localization\";s:4:\"name\";s:13:\"provinceLimit\";s:8:\"prefetch\";i:1;s:11:\"config_only\";i:1;s:4:\"type\";s:5:\"Array\";s:15:\"quick_form_type\";s:7:\"Element\";s:9:\"html_type\";s:14:\"advmultiselect\";s:15:\"html_attributes\";a:3:{s:4:\"size\";i:5;s:5:\"style\";s:11:\"width:150px\";s:5:\"class\";s:14:\"advmultiselect\";}s:7:\"default\";s:4:\"null\";s:3:\"add\";s:3:\"4.3\";s:5:\"title\";s:30:\"Available States and Provinces\";s:9:\"is_domain\";i:1;s:10:\"is_contact\";i:0;s:11:\"description\";s:0:\"\";s:9:\"help_text\";N;}s:13:\"inheritLocale\";a:14:{s:10:\"group_name\";s:24:\"Localization Preferences\";s:5:\"group\";s:12:\"localization\";s:4:\"name\";s:13:\"inheritLocale\";s:8:\"prefetch\";i:1;s:11:\"config_only\";i:1;s:4:\"type\";s:7:\"Boolean\";s:15:\"quick_form_type\";s:5:\"YesNo\";s:7:\"default\";s:1:\"0\";s:3:\"add\";s:3:\"4.3\";s:5:\"title\";s:20:\"Inherit CMS Language\";s:9:\"is_domain\";i:1;s:10:\"is_contact\";i:0;s:11:\"description\";s:0:\"\";s:9:\"help_text\";N;}s:18:\"dateformatDatetime\";a:13:{s:10:\"group_name\";s:24:\"Localization Preferences\";s:5:\"group\";s:12:\"localization\";s:4:\"name\";s:18:\"dateformatDatetime\";s:8:\"prefetch\";i:1;s:11:\"config_only\";i:1;s:4:\"type\";s:6:\"String\";s:7:\"default\";s:20:\"%B %E%f, %Y %l:%M %P\";s:3:\"add\";s:3:\"4.3\";s:5:\"title\";s:22:\"Complete Date and Time\";s:9:\"is_domain\";i:1;s:10:\"is_contact\";i:0;s:11:\"description\";s:0:\"\";s:9:\"help_text\";N;}s:14:\"dateformatFull\";a:13:{s:10:\"group_name\";s:24:\"Localization Preferences\";s:5:\"group\";s:12:\"localization\";s:4:\"name\";s:14:\"dateformatFull\";s:8:\"prefetch\";i:1;s:11:\"config_only\";i:1;s:4:\"type\";s:6:\"String\";s:7:\"default\";s:11:\"%B %E%f, %Y\";s:3:\"add\";s:3:\"4.3\";s:5:\"title\";s:13:\"Complete Date\";s:9:\"is_domain\";i:1;s:10:\"is_contact\";i:0;s:11:\"description\";s:0:\"\";s:9:\"help_text\";N;}s:17:\"dateformatPartial\";a:13:{s:10:\"group_name\";s:24:\"Localization Preferences\";s:5:\"group\";s:12:\"localization\";s:4:\"name\";s:17:\"dateformatPartial\";s:8:\"prefetch\";i:1;s:11:\"config_only\";i:1;s:4:\"type\";s:6:\"String\";s:7:\"default\";s:5:\"%B %Y\";s:3:\"add\";s:3:\"4.3\";s:5:\"title\";s:14:\"Month and Year\";s:9:\"is_domain\";i:1;s:10:\"is_contact\";i:0;s:11:\"description\";s:0:\"\";s:9:\"help_text\";N;}s:10:\"lcMessages\";a:13:{s:10:\"group_name\";s:24:\"Localization Preferences\";s:5:\"group\";s:12:\"localization\";s:4:\"name\";s:10:\"lcMessages\";s:8:\"prefetch\";i:1;s:11:\"config_only\";i:1;s:4:\"type\";s:6:\"String\";s:7:\"default\";s:5:\"en_US\";s:3:\"add\";s:3:\"4.3\";s:5:\"title\";s:16:\"Default Language\";s:9:\"is_domain\";i:1;s:10:\"is_contact\";i:0;s:11:\"description\";s:0:\"\";s:9:\"help_text\";N;}s:20:\"profile_double_optin\";a:12:{s:10:\"group_name\";s:19:\"Mailing Preferences\";s:5:\"group\";s:7:\"mailing\";s:4:\"name\";s:20:\"profile_double_optin\";s:4:\"type\";s:7:\"Integer\";s:9:\"html_type\";s:8:\"checkbox\";s:7:\"default\";i:0;s:3:\"add\";s:3:\"4.1\";s:5:\"title\";s:47:\"Enable Double Opt-in for Profile Group(s) field\";s:9:\"is_domain\";i:1;s:10:\"is_contact\";i:0;s:11:\"description\";s:189:\"When CiviMail is enabled, users who \"subscribe\" to a group from a profile Group(s) checkbox will receive a confirmation email. They must respond (opt-in) before they are added to the group.\";s:9:\"help_text\";N;}s:22:\"track_civimail_replies\";a:13:{s:10:\"group_name\";s:19:\"Mailing Preferences\";s:5:\"group\";s:7:\"mailing\";s:4:\"name\";s:22:\"track_civimail_replies\";s:4:\"type\";s:7:\"Integer\";s:9:\"html_type\";s:8:\"checkbox\";s:7:\"default\";i:0;s:3:\"add\";s:3:\"4.1\";s:5:\"title\";s:47:\"Enable Double Opt-in for Profile Group(s) field\";s:9:\"is_domain\";i:1;s:10:\"is_contact\";i:0;s:11:\"description\";s:189:\"When CiviMail is enabled, users who \"subscribe\" to a group from a profile Group(s) checkbox will receive a confirmation email. They must respond (opt-in) before they are added to the group.\";s:9:\"help_text\";N;s:17:\"validate_callback\";s:41:\"CRM_Core_BAO_Setting::validateBoolSetting\";}s:17:\"civimail_workflow\";a:12:{s:10:\"group_name\";s:19:\"Mailing Preferences\";s:5:\"group\";s:7:\"mailing\";s:4:\"name\";s:17:\"civimail_workflow\";s:4:\"type\";s:7:\"Integer\";s:9:\"html_type\";s:8:\"checkbox\";s:7:\"default\";i:0;s:3:\"add\";s:3:\"4.1\";s:5:\"title\";N;s:9:\"is_domain\";i:1;s:10:\"is_contact\";i:0;s:11:\"description\";s:189:\"When CiviMail is enabled, users who \"subscribe\" to a group from a profile Group(s) checkbox will receive a confirmation email. They must respond (opt-in) before they are added to the group.\";s:9:\"help_text\";N;}s:25:\"civimail_server_wide_lock\";a:12:{s:10:\"group_name\";s:19:\"Mailing Preferences\";s:5:\"group\";s:7:\"mailing\";s:4:\"name\";s:25:\"civimail_server_wide_lock\";s:4:\"type\";s:7:\"Integer\";s:9:\"html_type\";s:8:\"checkbox\";s:7:\"default\";i:0;s:3:\"add\";s:3:\"4.1\";s:5:\"title\";N;s:9:\"is_domain\";i:1;s:10:\"is_contact\";i:0;s:11:\"description\";N;s:9:\"help_text\";N;}s:15:\"mailing_backend\";a:12:{s:10:\"group_name\";s:19:\"Mailing Preferences\";s:5:\"group\";s:7:\"mailing\";s:4:\"name\";s:15:\"mailing_backend\";s:4:\"type\";s:5:\"Array\";s:9:\"html_type\";s:8:\"checkbox\";s:7:\"default\";i:0;s:3:\"add\";s:3:\"4.1\";s:5:\"title\";N;s:9:\"is_domain\";i:1;s:10:\"is_contact\";i:0;s:11:\"description\";N;s:9:\"help_text\";N;}s:33:\"profile_add_to_group_double_optin\";a:12:{s:10:\"group_name\";s:19:\"Mailing Preferences\";s:5:\"group\";s:7:\"mailing\";s:4:\"name\";s:33:\"profile_add_to_group_double_optin\";s:4:\"type\";s:7:\"Integer\";s:9:\"html_type\";s:8:\"checkbox\";s:7:\"default\";i:0;s:3:\"add\";s:3:\"4.1\";s:5:\"title\";s:47:\"Enable Double Opt-in for Profile Group(s) field\";s:9:\"is_domain\";i:1;s:10:\"is_contact\";i:0;s:11:\"description\";s:189:\"When CiviMail is enabled, users who \"subscribe\" to a group from a profile Group(s) checkbox will receive a confirmation email. They must respond (opt-in) before they are added to the group.\";s:9:\"help_text\";N;}s:30:\"disable_mandatory_tokens_check\";a:12:{s:10:\"group_name\";s:19:\"Mailing Preferences\";s:5:\"group\";s:7:\"mailing\";s:4:\"name\";s:30:\"disable_mandatory_tokens_check\";s:4:\"type\";s:7:\"Integer\";s:9:\"html_type\";s:8:\"checkbox\";s:7:\"default\";i:0;s:3:\"add\";s:3:\"4.4\";s:5:\"title\";s:34:\"Disable check for mandatory tokens\";s:9:\"is_domain\";i:1;s:10:\"is_contact\";i:0;s:11:\"description\";s:345:\"Don\'t check for presence of mandatory tokens (domain address; unsubscribe/opt-out) before sending mailings. WARNING: Mandatory tokens are a safe-guard which facilitate compliance with the US CAN-SPAM Act. They should only be disabled if your organization adopts other mechanisms for compliance or if your organization is not subject to CAN-SPAM.\";s:9:\"help_text\";N;}s:20:\"dedupe_email_default\";a:12:{s:10:\"group_name\";s:19:\"Mailing Preferences\";s:5:\"group\";s:7:\"mailing\";s:4:\"name\";s:20:\"dedupe_email_default\";s:4:\"type\";s:7:\"Integer\";s:9:\"html_type\";s:8:\"checkbox\";s:7:\"default\";i:1;s:3:\"add\";s:3:\"4.5\";s:5:\"title\";s:44:\"CiviMail dedupes e-mail addresses by default\";s:9:\"is_domain\";i:1;s:10:\"is_contact\";i:0;s:11:\"description\";s:79:\"Set the \"dedupe e-mail\" option when sending a new mailing to \"true\" by default.\";s:9:\"help_text\";N;}s:16:\"hash_mailing_url\";a:12:{s:10:\"group_name\";s:19:\"Mailing Preferences\";s:5:\"group\";s:7:\"mailing\";s:4:\"name\";s:16:\"hash_mailing_url\";s:4:\"type\";s:7:\"Integer\";s:9:\"html_type\";s:8:\"checkbox\";s:7:\"default\";i:0;s:3:\"add\";s:3:\"4.5\";s:5:\"title\";s:20:\"Hashed Mailing URL\'s\";s:9:\"is_domain\";i:1;s:10:\"is_contact\";i:0;s:11:\"description\";s:131:\"If enabled, a randomized hash key will be used to reference the mailing URL in the mailing.viewUrl token, instead of the mailing ID\";s:9:\"help_text\";N;}s:33:\"default_renewal_contribution_page\";a:13:{s:10:\"group_name\";s:18:\"Member Preferences\";s:5:\"group\";s:6:\"member\";s:4:\"name\";s:33:\"default_renewal_contribution_page\";s:4:\"type\";s:7:\"Integer\";s:9:\"html_type\";s:6:\"Select\";s:7:\"default\";N;s:14:\"pseudoconstant\";a:1:{s:4:\"name\";s:16:\"contributionPage\";}s:3:\"add\";s:3:\"4.1\";s:5:\"title\";s:38:\"Default online membership renewal page\";s:9:\"is_domain\";i:1;s:10:\"is_contact\";i:0;s:11:\"description\";s:348:\"If you select a default online contribution page for self-service membership renewals, a \"renew\" link pointing to that page will be displayed on the Contact Dashboard for memberships which were entered offline. You will need to ensure that the membership block for the selected online contribution page includes any currently available memberships.\";s:9:\"help_text\";N;}s:10:\"is_enabled\";a:10:{s:10:\"group_name\";s:22:\"Multi Site Preferences\";s:5:\"group\";s:9:\"multisite\";s:4:\"name\";s:10:\"is_enabled\";s:4:\"type\";s:7:\"Integer\";s:7:\"default\";N;s:3:\"add\";s:3:\"4.1\";s:9:\"is_domain\";i:1;s:10:\"is_contact\";i:0;s:11:\"description\";s:20:\"Multisite is enabled\";s:9:\"help_text\";N;}s:15:\"domain_group_id\";a:10:{s:10:\"group_name\";s:22:\"Multi Site Preferences\";s:5:\"group\";s:9:\"multisite\";s:4:\"name\";s:15:\"domain_group_id\";s:4:\"type\";s:7:\"Integer\";s:7:\"default\";N;s:3:\"add\";s:3:\"4.1\";s:9:\"is_domain\";i:1;s:10:\"is_contact\";i:0;s:11:\"description\";N;s:9:\"help_text\";N;}s:25:\"event_price_set_domain_id\";a:10:{s:10:\"group_name\";s:22:\"Multi Site Preferences\";s:5:\"group\";s:9:\"multisite\";s:4:\"name\";s:25:\"event_price_set_domain_id\";s:4:\"type\";s:7:\"Integer\";s:7:\"default\";N;s:3:\"add\";s:3:\"4.1\";s:9:\"is_domain\";i:1;s:10:\"is_contact\";i:0;s:11:\"description\";s:0:\"\";s:9:\"help_text\";N;}s:19:\"uniq_email_per_site\";a:10:{s:10:\"group_name\";s:22:\"Multi Site Preferences\";s:5:\"group\";s:9:\"multisite\";s:4:\"name\";s:19:\"uniq_email_per_site\";s:4:\"type\";s:7:\"Integer\";s:7:\"default\";N;s:3:\"add\";s:3:\"4.1\";s:9:\"is_domain\";i:1;s:10:\"is_contact\";i:0;s:11:\"description\";s:0:\"\";s:9:\"help_text\";N;}s:25:\"search_autocomplete_count\";a:15:{s:10:\"group_name\";s:18:\"Search Preferences\";s:5:\"group\";s:18:\"Search Preferences\";s:4:\"name\";s:25:\"search_autocomplete_count\";s:8:\"prefetch\";i:0;s:4:\"type\";s:7:\"Integer\";s:15:\"quick_form_type\";s:7:\"Element\";s:9:\"html_type\";s:4:\"text\";s:15:\"html_attributes\";a:2:{s:4:\"size\";i:2;s:9:\"maxlength\";i:2;}s:7:\"default\";i:10;s:3:\"add\";s:3:\"4.3\";s:5:\"title\";s:20:\"Autocomplete Results\";s:9:\"is_domain\";i:1;s:10:\"is_contact\";i:0;s:11:\"description\";s:86:\"The maximum number of contacts to show at a time when typing in an autocomplete field.\";s:9:\"help_text\";N;}s:24:\"userFrameworkResourceURL\";a:12:{s:5:\"group\";s:3:\"url\";s:10:\"group_name\";s:15:\"URL Preferences\";s:4:\"name\";s:24:\"userFrameworkResourceURL\";s:4:\"type\";s:6:\"String\";s:7:\"default\";N;s:3:\"add\";s:3:\"4.1\";s:8:\"prefetch\";i:1;s:9:\"is_domain\";i:1;s:10:\"is_contact\";i:0;s:11:\"description\";s:20:\"CiviCRM Resource URL\";s:9:\"help_text\";N;s:17:\"validate_callback\";s:19:\"CRM_Utils_Rule::url\";}s:14:\"imageUploadURL\";a:12:{s:5:\"group\";s:3:\"url\";s:10:\"group_name\";s:15:\"URL Preferences\";s:4:\"name\";s:14:\"imageUploadURL\";s:4:\"type\";s:6:\"String\";s:7:\"default\";N;s:3:\"add\";s:3:\"4.1\";s:8:\"prefetch\";i:1;s:9:\"is_domain\";i:1;s:10:\"is_contact\";i:0;s:11:\"description\";s:16:\"Image Upload URL\";s:9:\"help_text\";N;s:17:\"validate_callback\";s:19:\"CRM_Utils_Rule::url\";}s:12:\"customCSSURL\";a:12:{s:5:\"group\";s:3:\"url\";s:10:\"group_name\";s:15:\"URL Preferences\";s:4:\"name\";s:12:\"customCSSURL\";s:4:\"type\";s:6:\"String\";s:7:\"default\";N;s:3:\"add\";s:3:\"4.1\";s:8:\"prefetch\";i:1;s:9:\"is_domain\";i:1;s:10:\"is_contact\";i:0;s:11:\"description\";s:22:\"Custom CiviCRM CSS URL\";s:9:\"help_text\";N;s:17:\"validate_callback\";s:19:\"CRM_Utils_Rule::url\";}}',NULL,'2014-04-30 15:09:30',NULL),(4,'CiviCRM setting Specs','settingsMetadata_1__name_address_standardization_provider','a:1:{s:32:\"address_standardization_provider\";a:12:{s:10:\"group_name\";s:19:\"Address Preferences\";s:5:\"group\";s:7:\"address\";s:4:\"name\";s:32:\"address_standardization_provider\";s:4:\"type\";s:6:\"String\";s:9:\"html_type\";s:6:\"Select\";s:7:\"default\";N;s:3:\"add\";s:3:\"4.1\";s:5:\"title\";s:33:\"Address Standardization Provider.\";s:9:\"is_domain\";i:1;s:10:\"is_contact\";i:0;s:11:\"description\";N;s:9:\"help_text\";s:486:\"CiviCRM includes an optional plugin for interfacing with the United States Postal Services (USPS) Address Standardization web service. You must register to use the USPS service at https://www.usps.com/business/webtools-address-information.htm. If you are approved, they will provide you with a User ID and the URL for the service. Plugins for other address standardization services may be available from 3rd party developers. If installed, they will be included in the drop-down below. \";}}',NULL,'2014-04-30 15:09:30',NULL),(5,'CiviCRM setting Specs','settingsMetadata_1__name_address_standardization_userid','a:1:{s:30:\"address_standardization_userid\";a:12:{s:10:\"group_name\";s:19:\"Address Preferences\";s:5:\"group\";s:7:\"address\";s:4:\"name\";s:30:\"address_standardization_userid\";s:4:\"type\";s:6:\"String\";s:9:\"html_type\";s:4:\"Text\";s:7:\"default\";N;s:3:\"add\";s:3:\"4.1\";s:5:\"title\";s:19:\"Web service user ID\";s:9:\"is_domain\";i:1;s:10:\"is_contact\";i:0;s:11:\"description\";N;s:9:\"help_text\";N;}}',NULL,'2014-04-30 15:09:30',NULL),(6,'CiviCRM setting Specs','settingsMetadata_1__name_address_standardization_url','a:1:{s:27:\"address_standardization_url\";a:13:{s:10:\"group_name\";s:19:\"Address Preferences\";s:5:\"group\";s:7:\"address\";s:4:\"name\";s:27:\"address_standardization_url\";s:4:\"type\";s:4:\"Text\";s:9:\"html_type\";s:4:\"Text\";s:7:\"default\";N;s:3:\"add\";s:3:\"4.1\";s:5:\"title\";s:15:\"Web service url\";s:9:\"is_domain\";i:1;s:10:\"is_contact\";i:0;s:11:\"description\";N;s:9:\"help_text\";s:16:\"Web service URL.\";s:17:\"validate_callback\";s:19:\"CRM_Utils_Rule::url\";}}',NULL,'2014-04-30 15:09:31',NULL),(7,'CiviCRM setting Specs','settingsMetadata_1__name_cvv_backoffice_required','a:1:{s:23:\"cvv_backoffice_required\";a:12:{s:10:\"group_name\";s:22:\"Contribute Preferences\";s:5:\"group\";s:10:\"contribute\";s:4:\"name\";s:23:\"cvv_backoffice_required\";s:4:\"type\";s:7:\"Boolean\";s:15:\"quick_form_type\";s:5:\"YesNo\";s:7:\"default\";s:1:\"1\";s:3:\"add\";s:3:\"4.1\";s:5:\"title\";s:28:\"CVV required for backoffice?\";s:9:\"is_domain\";i:1;s:10:\"is_contact\";i:0;s:11:\"description\";s:65:\"Is the CVV code required for back office credit card transactions\";s:9:\"help_text\";s:137:\"If set it back-office credit card transactions will required a cvv code. Leave as required unless you have a very strong reason to change\";}}',NULL,'2014-04-30 15:09:31',NULL),(8,'CiviCRM setting Specs','settingsMetadata___name_cvv_backoffice_required','a:1:{s:23:\"cvv_backoffice_required\";a:12:{s:10:\"group_name\";s:22:\"Contribute Preferences\";s:5:\"group\";s:10:\"contribute\";s:4:\"name\";s:23:\"cvv_backoffice_required\";s:4:\"type\";s:7:\"Boolean\";s:15:\"quick_form_type\";s:5:\"YesNo\";s:7:\"default\";s:1:\"1\";s:3:\"add\";s:3:\"4.1\";s:5:\"title\";s:28:\"CVV required for backoffice?\";s:9:\"is_domain\";i:1;s:10:\"is_contact\";i:0;s:11:\"description\";s:65:\"Is the CVV code required for back office credit card transactions\";s:9:\"help_text\";s:137:\"If set it back-office credit card transactions will required a cvv code. Leave as required unless you have a very strong reason to change\";}}',NULL,'2014-04-30 15:09:31',NULL),(9,'CiviCRM setting Specs','settingsMetadata_1__name_ajaxPopupsEnabled','a:1:{s:17:\"ajaxPopupsEnabled\";a:12:{s:10:\"group_name\";s:19:\"CiviCRM Preferences\";s:5:\"group\";s:4:\"core\";s:4:\"name\";s:17:\"ajaxPopupsEnabled\";s:4:\"type\";s:7:\"Boolean\";s:15:\"quick_form_type\";s:5:\"YesNo\";s:7:\"default\";i:1;s:3:\"add\";s:3:\"4.5\";s:5:\"title\";N;s:9:\"is_domain\";i:1;s:10:\"is_contact\";i:0;s:11:\"description\";N;s:9:\"help_text\";N;}}',NULL,'2014-04-30 15:09:31',NULL),(10,'CiviCRM setting Specs','settingsMetadata___name_ajaxPopupsEnabled','a:1:{s:17:\"ajaxPopupsEnabled\";a:12:{s:10:\"group_name\";s:19:\"CiviCRM Preferences\";s:5:\"group\";s:4:\"core\";s:4:\"name\";s:17:\"ajaxPopupsEnabled\";s:4:\"type\";s:7:\"Boolean\";s:15:\"quick_form_type\";s:5:\"YesNo\";s:7:\"default\";i:1;s:3:\"add\";s:3:\"4.5\";s:5:\"title\";N;s:9:\"is_domain\";i:1;s:10:\"is_contact\";i:0;s:11:\"description\";N;s:9:\"help_text\";N;}}',NULL,'2014-04-30 15:09:31',NULL),(11,'CiviCRM setting Specs','settingsMetadata_1__name_max_attachments','a:1:{s:15:\"max_attachments\";a:16:{s:10:\"group_name\";s:19:\"CiviCRM Preferences\";s:5:\"group\";s:4:\"core\";s:4:\"name\";s:15:\"max_attachments\";s:10:\"legacy_key\";s:14:\"maxAttachments\";s:8:\"prefetch\";i:0;s:4:\"type\";s:7:\"Integer\";s:15:\"quick_form_type\";s:7:\"Element\";s:9:\"html_type\";s:4:\"text\";s:15:\"html_attributes\";a:2:{s:4:\"size\";i:2;s:9:\"maxlength\";i:8;}s:7:\"default\";i:3;s:3:\"add\";s:3:\"4.3\";s:5:\"title\";s:19:\"Maximum Attachments\";s:9:\"is_domain\";i:1;s:10:\"is_contact\";i:0;s:11:\"description\";s:93:\"Maximum number of files (documents, images, etc.) which can attached to emails or activities.\";s:9:\"help_text\";N;}}',NULL,'2014-04-30 15:09:31',NULL),(12,'CiviCRM setting Specs','settingsMetadata___name_max_attachments','a:1:{s:15:\"max_attachments\";a:16:{s:10:\"group_name\";s:19:\"CiviCRM Preferences\";s:5:\"group\";s:4:\"core\";s:4:\"name\";s:15:\"max_attachments\";s:10:\"legacy_key\";s:14:\"maxAttachments\";s:8:\"prefetch\";i:0;s:4:\"type\";s:7:\"Integer\";s:15:\"quick_form_type\";s:7:\"Element\";s:9:\"html_type\";s:4:\"text\";s:15:\"html_attributes\";a:2:{s:4:\"size\";i:2;s:9:\"maxlength\";i:8;}s:7:\"default\";i:3;s:3:\"add\";s:3:\"4.3\";s:5:\"title\";s:19:\"Maximum Attachments\";s:9:\"is_domain\";i:1;s:10:\"is_contact\";i:0;s:11:\"description\";s:93:\"Maximum number of files (documents, images, etc.) which can attached to emails or activities.\";s:9:\"help_text\";N;}}',NULL,'2014-04-30 15:09:31',NULL),(13,'CiviCRM setting Specs','settingsMetadata_1__name_maxFileSize','a:1:{s:11:\"maxFileSize\";a:16:{s:10:\"group_name\";s:19:\"CiviCRM Preferences\";s:5:\"group\";s:4:\"core\";s:4:\"name\";s:11:\"maxFileSize\";s:8:\"prefetch\";i:1;s:11:\"config_only\";i:1;s:4:\"type\";s:7:\"Integer\";s:15:\"quick_form_type\";s:7:\"Element\";s:9:\"html_type\";s:4:\"text\";s:15:\"html_attributes\";a:2:{s:4:\"size\";i:2;s:9:\"maxlength\";i:8;}s:7:\"default\";i:3;s:3:\"add\";s:3:\"4.3\";s:5:\"title\";s:25:\"Maximum File Size (in MB)\";s:9:\"is_domain\";i:1;s:10:\"is_contact\";i:0;s:11:\"description\";s:140:\"Maximum Size of file (documents, images, etc.) which can attached to emails or activities.<br />Note: php.ini should support this file size.\";s:9:\"help_text\";N;}}',NULL,'2014-04-30 15:09:31',NULL),(14,'CiviCRM setting Specs','settingsMetadata_1__name_contact_undelete','a:1:{s:16:\"contact_undelete\";a:12:{s:10:\"group_name\";s:19:\"CiviCRM Preferences\";s:5:\"group\";s:4:\"core\";s:4:\"name\";s:16:\"contact_undelete\";s:4:\"type\";s:7:\"Boolean\";s:15:\"quick_form_type\";s:5:\"YesNo\";s:7:\"default\";i:1;s:3:\"add\";s:3:\"4.3\";s:5:\"title\";s:26:\"Contact Trash and Undelete\";s:9:\"is_domain\";i:1;s:10:\"is_contact\";i:0;s:11:\"description\";s:200:\"If enabled, deleted contacts will be moved to trash (instead of being destroyed). Users with the proper permission are able to search for the deleted contacts and restore them (or delete permanently).\";s:9:\"help_text\";N;}}',NULL,'2014-04-30 15:09:31',NULL),(15,'CiviCRM setting Specs','settingsMetadata___name_contact_undelete','a:1:{s:16:\"contact_undelete\";a:12:{s:10:\"group_name\";s:19:\"CiviCRM Preferences\";s:5:\"group\";s:4:\"core\";s:4:\"name\";s:16:\"contact_undelete\";s:4:\"type\";s:7:\"Boolean\";s:15:\"quick_form_type\";s:5:\"YesNo\";s:7:\"default\";i:1;s:3:\"add\";s:3:\"4.3\";s:5:\"title\";s:26:\"Contact Trash and Undelete\";s:9:\"is_domain\";i:1;s:10:\"is_contact\";i:0;s:11:\"description\";s:200:\"If enabled, deleted contacts will be moved to trash (instead of being destroyed). Users with the proper permission are able to search for the deleted contacts and restore them (or delete permanently).\";s:9:\"help_text\";N;}}',NULL,'2014-04-30 15:09:31',NULL),(16,'CiviCRM setting Specs','settingsMetadata_1__name_allowPermDeleteFinancial','a:1:{s:24:\"allowPermDeleteFinancial\";a:12:{s:10:\"group_name\";s:19:\"CiviCRM Preferences\";s:5:\"group\";s:4:\"core\";s:4:\"name\";s:24:\"allowPermDeleteFinancial\";s:4:\"type\";s:7:\"Boolean\";s:15:\"quick_form_type\";s:5:\"YesNo\";s:7:\"default\";b:0;s:3:\"add\";s:3:\"4.3\";s:5:\"title\";s:24:\"Contact Permanent Delete\";s:9:\"is_domain\";i:1;s:10:\"is_contact\";i:0;s:11:\"description\";s:81:\"Allow Permanent Delete for contacts who are linked to live financial transactions\";s:9:\"help_text\";N;}}',NULL,'2014-04-30 15:09:31',NULL),(17,'CiviCRM setting Specs','settingsMetadata___name_allowPermDeleteFinancial','a:1:{s:24:\"allowPermDeleteFinancial\";a:12:{s:10:\"group_name\";s:19:\"CiviCRM Preferences\";s:5:\"group\";s:4:\"core\";s:4:\"name\";s:24:\"allowPermDeleteFinancial\";s:4:\"type\";s:7:\"Boolean\";s:15:\"quick_form_type\";s:5:\"YesNo\";s:7:\"default\";b:0;s:3:\"add\";s:3:\"4.3\";s:5:\"title\";s:24:\"Contact Permanent Delete\";s:9:\"is_domain\";i:1;s:10:\"is_contact\";i:0;s:11:\"description\";s:81:\"Allow Permanent Delete for contacts who are linked to live financial transactions\";s:9:\"help_text\";N;}}',NULL,'2014-04-30 15:09:31',NULL),(18,'CiviCRM setting Specs','settingsMetadata_1__name_versionAlert','a:1:{s:12:\"versionAlert\";a:12:{s:10:\"group_name\";s:19:\"CiviCRM Preferences\";s:5:\"group\";s:4:\"core\";s:4:\"name\";s:12:\"versionAlert\";s:4:\"type\";s:7:\"Boolean\";s:15:\"quick_form_type\";s:5:\"YesNo\";s:7:\"default\";i:1;s:3:\"add\";s:3:\"4.3\";s:5:\"title\";s:18:\"New Version Alerts\";s:9:\"is_domain\";i:1;s:10:\"is_contact\";i:0;s:11:\"description\";s:212:\"Displays an on-screen alert to users with \"Administer CiviCRM\" permissions when a new version of CiviCRM is available. This setting will only work if the \"Version Check & Statistics Reporting\" setting is enabled.\";s:9:\"help_text\";N;}}',NULL,'2014-04-30 15:09:31',NULL),(19,'CiviCRM setting Specs','settingsMetadata___name_versionAlert','a:1:{s:12:\"versionAlert\";a:12:{s:10:\"group_name\";s:19:\"CiviCRM Preferences\";s:5:\"group\";s:4:\"core\";s:4:\"name\";s:12:\"versionAlert\";s:4:\"type\";s:7:\"Boolean\";s:15:\"quick_form_type\";s:5:\"YesNo\";s:7:\"default\";i:1;s:3:\"add\";s:3:\"4.3\";s:5:\"title\";s:18:\"New Version Alerts\";s:9:\"is_domain\";i:1;s:10:\"is_contact\";i:0;s:11:\"description\";s:212:\"Displays an on-screen alert to users with \"Administer CiviCRM\" permissions when a new version of CiviCRM is available. This setting will only work if the \"Version Check & Statistics Reporting\" setting is enabled.\";s:9:\"help_text\";N;}}',NULL,'2014-04-30 15:09:31',NULL),(20,'CiviCRM setting Specs','settingsMetadata_1__name_versionCheck','a:1:{s:12:\"versionCheck\";a:14:{s:10:\"group_name\";s:19:\"CiviCRM Preferences\";s:5:\"group\";s:4:\"core\";s:4:\"name\";s:12:\"versionCheck\";s:8:\"prefetch\";i:1;s:11:\"config_only\";i:1;s:4:\"type\";s:7:\"Boolean\";s:15:\"quick_form_type\";s:5:\"YesNo\";s:7:\"default\";i:1;s:3:\"add\";s:3:\"4.3\";s:5:\"title\";s:36:\"Version Check & Statistics Reporting\";s:9:\"is_domain\";i:1;s:10:\"is_contact\";i:0;s:11:\"description\";s:847:\"If enabled, CiviCRM automatically checks availablity of a newer version of the software. New version alerts will be displayed on the main CiviCRM Administration page.\nWhen enabled, statistics about your CiviCRM installation are reported anonymously to the CiviCRM team to assist in prioritizing ongoing development efforts. The following information is gathered: CiviCRM version, versions of PHP, MySQL and framework (Drupal/Joomla/standalone), and default language. Counts (but no actual data) of the following record types are reported: contacts, activities, cases, relationships, contributions, contribution pages, contribution products, contribution widgets, discounts, price sets, profiles, events, participants, tell-a-friend pages, grants, mailings, memberships, membership blocks, pledges, pledge blocks and active payment processor types.\";s:9:\"help_text\";N;}}',NULL,'2014-04-30 15:09:31',NULL),(21,'CiviCRM setting Specs','settingsMetadata_1__name_securityAlert','a:1:{s:13:\"securityAlert\";a:14:{s:10:\"group_name\";s:19:\"CiviCRM Preferences\";s:5:\"group\";s:4:\"core\";s:4:\"name\";s:12:\"versionCheck\";s:8:\"prefetch\";i:0;s:11:\"config_only\";i:0;s:4:\"type\";s:7:\"Boolean\";s:15:\"quick_form_type\";s:5:\"YesNo\";s:7:\"default\";i:1;s:3:\"add\";s:3:\"4.4\";s:5:\"title\";s:15:\"Security Alerts\";s:9:\"is_domain\";i:1;s:10:\"is_contact\";i:0;s:11:\"description\";s:122:\"If enabled, CiviCRM will automatically run checks for significant mis-configurations such as ineffective file protections.\";s:9:\"help_text\";N;}}',NULL,'2014-04-30 15:09:31',NULL),(22,'CiviCRM setting Specs','settingsMetadata___name_securityAlert','a:1:{s:13:\"securityAlert\";a:14:{s:10:\"group_name\";s:19:\"CiviCRM Preferences\";s:5:\"group\";s:4:\"core\";s:4:\"name\";s:12:\"versionCheck\";s:8:\"prefetch\";i:0;s:11:\"config_only\";i:0;s:4:\"type\";s:7:\"Boolean\";s:15:\"quick_form_type\";s:5:\"YesNo\";s:7:\"default\";i:1;s:3:\"add\";s:3:\"4.4\";s:5:\"title\";s:15:\"Security Alerts\";s:9:\"is_domain\";i:1;s:10:\"is_contact\";i:0;s:11:\"description\";s:122:\"If enabled, CiviCRM will automatically run checks for significant mis-configurations such as ineffective file protections.\";s:9:\"help_text\";N;}}',NULL,'2014-04-30 15:09:31',NULL),(23,'CiviCRM setting Specs','settingsMetadata_1__name_doNotAttachPDFReceipt','a:1:{s:21:\"doNotAttachPDFReceipt\";a:14:{s:10:\"group_name\";s:19:\"CiviCRM Preferences\";s:5:\"group\";s:4:\"core\";s:4:\"name\";s:21:\"doNotAttachPDFReceipt\";s:8:\"prefetch\";i:1;s:11:\"config_only\";i:1;s:4:\"type\";s:7:\"Boolean\";s:15:\"quick_form_type\";s:5:\"YesNo\";s:7:\"default\";i:1;s:3:\"add\";s:3:\"4.3\";s:5:\"title\";s:27:\"Attach PDF copy to receipts\";s:9:\"is_domain\";i:1;s:10:\"is_contact\";i:0;s:11:\"description\";s:98:\"If enabled, CiviCRM sends PDF receipt as an attachment during event signup or online contribution.\";s:9:\"help_text\";N;}}',NULL,'2014-04-30 15:09:31',NULL),(24,'CiviCRM setting Specs','settingsMetadata_1__name_wkhtmltopdfPath','a:1:{s:15:\"wkhtmltopdfPath\";a:16:{s:10:\"group_name\";s:19:\"CiviCRM Preferences\";s:5:\"group\";s:4:\"core\";s:4:\"name\";s:15:\"wkhtmltopdfPath\";s:8:\"prefetch\";i:1;s:11:\"config_only\";i:1;s:4:\"type\";s:6:\"String\";s:15:\"quick_form_type\";s:7:\"Element\";s:9:\"html_type\";s:4:\"Text\";s:15:\"html_attributes\";a:2:{s:4:\"size\";i:64;s:9:\"maxlength\";i:256;}s:7:\"default\";N;s:3:\"add\";s:3:\"4.3\";s:5:\"title\";s:30:\"Path to wkhtmltopdf executable\";s:9:\"is_domain\";i:1;s:10:\"is_contact\";i:0;s:11:\"description\";N;s:9:\"help_text\";N;}}',NULL,'2014-04-30 15:09:31',NULL),(25,'CiviCRM setting Specs','settingsMetadata_1__name_recaptchaPublicKey','a:1:{s:18:\"recaptchaPublicKey\";a:16:{s:10:\"group_name\";s:19:\"CiviCRM Preferences\";s:5:\"group\";s:4:\"core\";s:4:\"name\";s:18:\"recaptchaPublicKey\";s:8:\"prefetch\";i:1;s:11:\"config_only\";i:1;s:4:\"type\";s:6:\"String\";s:15:\"quick_form_type\";s:7:\"Element\";s:9:\"html_type\";s:4:\"Text\";s:15:\"html_attributes\";a:2:{s:4:\"size\";i:64;s:9:\"maxlength\";i:64;}s:7:\"default\";N;s:3:\"add\";s:3:\"4.3\";s:5:\"title\";s:20:\"Recaptcha Public Key\";s:9:\"is_domain\";i:1;s:10:\"is_contact\";i:0;s:11:\"description\";N;s:9:\"help_text\";N;}}',NULL,'2014-04-30 15:09:31',NULL),(26,'CiviCRM setting Specs','settingsMetadata_1__name_recaptchaPrivateKey','a:1:{s:19:\"recaptchaPrivateKey\";a:16:{s:10:\"group_name\";s:19:\"CiviCRM Preferences\";s:5:\"group\";s:4:\"core\";s:4:\"name\";s:19:\"recaptchaPrivateKey\";s:8:\"prefetch\";i:1;s:11:\"config_only\";i:1;s:4:\"type\";s:6:\"String\";s:15:\"quick_form_type\";s:7:\"Element\";s:9:\"html_type\";s:4:\"Text\";s:15:\"html_attributes\";a:2:{s:4:\"size\";i:64;s:9:\"maxlength\";i:64;}s:7:\"default\";N;s:3:\"add\";s:3:\"4.3\";s:5:\"title\";s:21:\"Recaptcha Private Key\";s:9:\"is_domain\";i:1;s:10:\"is_contact\";i:0;s:11:\"description\";N;s:9:\"help_text\";N;}}',NULL,'2014-04-30 15:09:31',NULL),(27,'CiviCRM setting Specs','settingsMetadata_1__name_dashboardCacheTimeout','a:1:{s:21:\"dashboardCacheTimeout\";a:16:{s:10:\"group_name\";s:19:\"CiviCRM Preferences\";s:5:\"group\";s:4:\"core\";s:4:\"name\";s:21:\"dashboardCacheTimeout\";s:8:\"prefetch\";i:1;s:11:\"config_only\";i:1;s:4:\"type\";s:7:\"Integer\";s:15:\"quick_form_type\";s:7:\"Element\";s:9:\"html_type\";s:4:\"Text\";s:15:\"html_attributes\";a:2:{s:4:\"size\";i:3;s:9:\"maxlength\";i:5;}s:7:\"default\";N;s:3:\"add\";s:3:\"4.3\";s:5:\"title\";s:23:\"Dashboard cache timeout\";s:9:\"is_domain\";i:1;s:10:\"is_contact\";i:0;s:11:\"description\";N;s:9:\"help_text\";N;}}',NULL,'2014-04-30 15:09:31',NULL),(28,'CiviCRM setting Specs','settingsMetadata_1__name_checksumTimeout','a:1:{s:15:\"checksumTimeout\";a:16:{s:10:\"group_name\";s:19:\"CiviCRM Preferences\";s:5:\"group\";s:4:\"core\";s:4:\"name\";s:15:\"checksumTimeout\";s:8:\"prefetch\";i:1;s:11:\"config_only\";i:1;s:4:\"type\";s:7:\"Integer\";s:15:\"quick_form_type\";s:7:\"Element\";s:9:\"html_type\";s:4:\"Text\";s:15:\"html_attributes\";a:2:{s:4:\"size\";i:2;s:9:\"maxlength\";i:8;}s:7:\"default\";i:7;s:3:\"add\";s:3:\"4.3\";s:5:\"title\";s:17:\"Checksum Lifespan\";s:9:\"is_domain\";i:1;s:10:\"is_contact\";i:0;s:11:\"description\";N;s:9:\"help_text\";N;}}',NULL,'2014-04-30 15:09:31',NULL),(29,'CiviCRM setting Specs','settingsMetadata_1__name_blogUrl','a:1:{s:7:\"blogUrl\";a:16:{s:10:\"group_name\";s:19:\"CiviCRM Preferences\";s:5:\"group\";s:4:\"core\";s:4:\"name\";s:7:\"blogUrl\";s:8:\"prefetch\";i:0;s:11:\"config_only\";i:0;s:4:\"type\";s:6:\"String\";s:15:\"quick_form_type\";s:7:\"Element\";s:9:\"html_type\";s:4:\"Text\";s:15:\"html_attributes\";a:2:{s:4:\"size\";i:64;s:9:\"maxlength\";i:128;}s:7:\"default\";s:9:\"*default*\";s:3:\"add\";s:3:\"4.3\";s:5:\"title\";s:13:\"Blog Feed URL\";s:9:\"is_domain\";i:1;s:10:\"is_contact\";i:0;s:11:\"description\";s:38:\"Blog feed URL used by the blog dashlet\";s:9:\"help_text\";s:68:\"Use \"*default*\" for the system default or override with a custom URL\";}}',NULL,'2014-04-30 15:09:31',NULL),(30,'CiviCRM setting Specs','settingsMetadata___name_blogUrl','a:1:{s:7:\"blogUrl\";a:16:{s:10:\"group_name\";s:19:\"CiviCRM Preferences\";s:5:\"group\";s:4:\"core\";s:4:\"name\";s:7:\"blogUrl\";s:8:\"prefetch\";i:0;s:11:\"config_only\";i:0;s:4:\"type\";s:6:\"String\";s:15:\"quick_form_type\";s:7:\"Element\";s:9:\"html_type\";s:4:\"Text\";s:15:\"html_attributes\";a:2:{s:4:\"size\";i:64;s:9:\"maxlength\";i:128;}s:7:\"default\";s:9:\"*default*\";s:3:\"add\";s:3:\"4.3\";s:5:\"title\";s:13:\"Blog Feed URL\";s:9:\"is_domain\";i:1;s:10:\"is_contact\";i:0;s:11:\"description\";s:38:\"Blog feed URL used by the blog dashlet\";s:9:\"help_text\";s:68:\"Use \"*default*\" for the system default or override with a custom URL\";}}',NULL,'2014-04-30 15:09:31',NULL),(31,'CiviCRM setting Specs','settingsMetadata_1__name_communityMessagesUrl','a:1:{s:20:\"communityMessagesUrl\";a:16:{s:10:\"group_name\";s:19:\"CiviCRM Preferences\";s:5:\"group\";s:4:\"core\";s:4:\"name\";s:20:\"communityMessagesUrl\";s:8:\"prefetch\";i:0;s:11:\"config_only\";i:1;s:4:\"type\";s:6:\"String\";s:15:\"quick_form_type\";s:7:\"Element\";s:9:\"html_type\";s:4:\"Text\";s:15:\"html_attributes\";a:2:{s:4:\"size\";i:64;s:9:\"maxlength\";i:128;}s:7:\"default\";s:9:\"*default*\";s:3:\"add\";s:3:\"4.3\";s:5:\"title\";s:22:\"Community Messages URL\";s:9:\"is_domain\";i:1;s:10:\"is_contact\";i:0;s:11:\"description\";s:44:\"Service providing CiviCRM community messages\";s:9:\"help_text\";s:68:\"Use \"*default*\" for the system default or override with a custom URL\";}}',NULL,'2014-04-30 15:09:31',NULL),(32,'CiviCRM setting Specs','settingsMetadata_1__name_resCacheCode','a:1:{s:12:\"resCacheCode\";a:16:{s:10:\"group_name\";s:19:\"CiviCRM Preferences\";s:5:\"group\";s:4:\"core\";s:4:\"name\";s:12:\"resCacheCode\";s:8:\"prefetch\";i:1;s:11:\"config_only\";i:1;s:4:\"type\";s:6:\"String\";s:15:\"quick_form_type\";s:7:\"Element\";s:9:\"html_type\";s:4:\"Text\";s:15:\"html_attributes\";a:2:{s:4:\"size\";i:16;s:9:\"maxlength\";i:16;}s:7:\"default\";N;s:3:\"add\";s:3:\"4.3\";s:5:\"title\";s:19:\"Resource Cache Code\";s:9:\"is_domain\";i:1;s:10:\"is_contact\";i:0;s:11:\"description\";s:62:\"Code appended to resource URLs (JS/CSS) to coerce HTTP caching\";s:9:\"help_text\";N;}}',NULL,'2014-04-30 15:09:31',NULL),(33,'CiviCRM setting Specs','settingsMetadata_1__name_verifySSL','a:1:{s:9:\"verifySSL\";a:12:{s:10:\"group_name\";s:19:\"CiviCRM Preferences\";s:5:\"group\";s:4:\"core\";s:4:\"name\";s:9:\"verifySSL\";s:4:\"type\";s:7:\"Boolean\";s:15:\"quick_form_type\";s:5:\"YesNo\";s:7:\"default\";i:1;s:3:\"add\";s:3:\"4.3\";s:5:\"title\";s:0:\"\";s:9:\"is_domain\";i:1;s:10:\"is_contact\";i:0;s:11:\"description\";s:79:\"If disabled, backend HTTPS services will allow unverified, insecure connections\";s:9:\"help_text\";s:140:\"Unless you are absolutely unable to configure your server to check the SSL certificate of the remote server you should leave this set to Yes\";}}',NULL,'2014-04-30 15:09:31',NULL),(34,'CiviCRM setting Specs','settingsMetadata___name_verifySSL','a:1:{s:9:\"verifySSL\";a:12:{s:10:\"group_name\";s:19:\"CiviCRM Preferences\";s:5:\"group\";s:4:\"core\";s:4:\"name\";s:9:\"verifySSL\";s:4:\"type\";s:7:\"Boolean\";s:15:\"quick_form_type\";s:5:\"YesNo\";s:7:\"default\";i:1;s:3:\"add\";s:3:\"4.3\";s:5:\"title\";s:0:\"\";s:9:\"is_domain\";i:1;s:10:\"is_contact\";i:0;s:11:\"description\";s:79:\"If disabled, backend HTTPS services will allow unverified, insecure connections\";s:9:\"help_text\";s:140:\"Unless you are absolutely unable to configure your server to check the SSL certificate of the remote server you should leave this set to Yes\";}}',NULL,'2014-04-30 15:09:31',NULL),(35,'CiviCRM setting Specs','settingsMetadata_1__name_wpBasePage','a:1:{s:10:\"wpBasePage\";a:14:{s:10:\"group_name\";s:19:\"CiviCRM Preferences\";s:5:\"group\";s:4:\"core\";s:4:\"name\";s:10:\"wpBasePage\";s:4:\"type\";s:6:\"String\";s:9:\"html_type\";s:4:\"text\";s:15:\"quick_form_type\";s:7:\"Element\";s:8:\"prefetch\";i:1;s:7:\"default\";s:0:\"\";s:3:\"add\";s:3:\"4.3\";s:5:\"title\";s:19:\"WordPress Base Page\";s:9:\"is_domain\";i:1;s:10:\"is_contact\";i:0;s:11:\"description\";s:54:\"If set, CiviCRM will use this setting as the base url.\";s:9:\"help_text\";s:177:\"By default, CiviCRM will generate front-facing pages using the home page at http://wp/ as its base. If you want to use a different template for CiviCRM pages, set the path here.\";}}',NULL,'2014-04-30 15:09:31',NULL),(36,'CiviCRM setting Specs','settingsMetadata_1__name_secondDegRelPermissions','a:1:{s:23:\"secondDegRelPermissions\";a:14:{s:10:\"group_name\";s:19:\"CiviCRM Preferences\";s:5:\"group\";s:4:\"core\";s:4:\"name\";s:23:\"secondDegRelPermissions\";s:8:\"prefetch\";i:1;s:11:\"config_only\";i:1;s:4:\"type\";s:7:\"Boolean\";s:15:\"quick_form_type\";s:5:\"YesNo\";s:7:\"default\";i:0;s:3:\"add\";s:3:\"4.3\";s:5:\"title\";s:44:\"Allow second-degree relationship permissions\";s:9:\"is_domain\";i:1;s:10:\"is_contact\";i:0;s:11:\"description\";s:136:\"If enabled, contacts with the permission to edit a related contact will inherit that contact\'s permission to edit other related contacts\";s:9:\"help_text\";N;}}',NULL,'2014-04-30 15:09:31',NULL),(37,'CiviCRM setting Specs','settingsMetadata_1__name_enable_components','a:1:{s:17:\"enable_components\";a:15:{s:10:\"group_name\";s:19:\"CiviCRM Preferences\";s:5:\"group\";s:4:\"core\";s:4:\"name\";s:17:\"enable_components\";s:4:\"type\";s:5:\"Array\";s:15:\"quick_form_type\";s:7:\"Element\";s:9:\"html_type\";s:14:\"advmultiselect\";s:15:\"html_attributes\";a:3:{s:4:\"size\";i:5;s:5:\"style\";s:11:\"width:150px\";s:5:\"class\";s:14:\"advmultiselect\";}s:7:\"default\";a:6:{i:0;s:9:\"CiviEvent\";i:1;s:14:\"CiviContribute\";i:2;s:10:\"CiviMember\";i:3;s:8:\"CiviMail\";i:4;s:10:\"CiviReport\";i:5;s:10:\"CiviPledge\";}s:3:\"add\";s:3:\"4.4\";s:5:\"title\";s:17:\"Enable Components\";s:9:\"is_domain\";s:1:\"1\";s:10:\"is_contact\";i:0;s:11:\"description\";N;s:9:\"help_text\";N;s:9:\"on_change\";a:2:{i:0;a:2:{i:0;s:13:\"CRM_Case_Info\";i:1;s:18:\"onToggleComponents\";}i:1;a:2:{i:0;s:18:\"CRM_Core_Component\";i:1;s:22:\"flushEnabledComponents\";}}}}',NULL,'2014-04-30 15:09:31',NULL),(38,'CiviCRM setting Specs','settingsMetadata___name_enable_components','a:1:{s:17:\"enable_components\";a:15:{s:10:\"group_name\";s:19:\"CiviCRM Preferences\";s:5:\"group\";s:4:\"core\";s:4:\"name\";s:17:\"enable_components\";s:4:\"type\";s:5:\"Array\";s:15:\"quick_form_type\";s:7:\"Element\";s:9:\"html_type\";s:14:\"advmultiselect\";s:15:\"html_attributes\";a:3:{s:4:\"size\";i:5;s:5:\"style\";s:11:\"width:150px\";s:5:\"class\";s:14:\"advmultiselect\";}s:7:\"default\";a:6:{i:0;s:9:\"CiviEvent\";i:1;s:14:\"CiviContribute\";i:2;s:10:\"CiviMember\";i:3;s:8:\"CiviMail\";i:4;s:10:\"CiviReport\";i:5;s:10:\"CiviPledge\";}s:3:\"add\";s:3:\"4.4\";s:5:\"title\";s:17:\"Enable Components\";s:9:\"is_domain\";s:1:\"1\";s:10:\"is_contact\";i:0;s:11:\"description\";N;s:9:\"help_text\";N;s:9:\"on_change\";a:2:{i:0;a:2:{i:0;s:13:\"CRM_Case_Info\";i:1;s:18:\"onToggleComponents\";}i:1;a:2:{i:0;s:18:\"CRM_Core_Component\";i:1;s:22:\"flushEnabledComponents\";}}}}',NULL,'2014-04-30 15:09:31',NULL),(39,'CiviCRM setting Specs','settingsMetadata_1__name_disable_core_css','a:1:{s:16:\"disable_core_css\";a:12:{s:10:\"group_name\";s:19:\"CiviCRM Preferences\";s:5:\"group\";s:4:\"core\";s:4:\"name\";s:16:\"disable_core_css\";s:4:\"type\";s:7:\"Boolean\";s:15:\"quick_form_type\";s:5:\"YesNo\";s:7:\"default\";s:1:\"0\";s:3:\"add\";s:3:\"4.4\";s:5:\"title\";s:19:\"Disable CiviCRM css\";s:9:\"is_domain\";i:1;s:10:\"is_contact\";i:0;s:11:\"description\";s:55:\"Prevent the stylesheet \"civicrm.css\" from being loaded.\";s:9:\"help_text\";N;}}',NULL,'2014-04-30 15:09:31',NULL),(40,'CiviCRM setting Specs','settingsMetadata___name_disable_core_css','a:1:{s:16:\"disable_core_css\";a:12:{s:10:\"group_name\";s:19:\"CiviCRM Preferences\";s:5:\"group\";s:4:\"core\";s:4:\"name\";s:16:\"disable_core_css\";s:4:\"type\";s:7:\"Boolean\";s:15:\"quick_form_type\";s:5:\"YesNo\";s:7:\"default\";s:1:\"0\";s:3:\"add\";s:3:\"4.4\";s:5:\"title\";s:19:\"Disable CiviCRM css\";s:9:\"is_domain\";i:1;s:10:\"is_contact\";i:0;s:11:\"description\";s:55:\"Prevent the stylesheet \"civicrm.css\" from being loaded.\";s:9:\"help_text\";N;}}',NULL,'2014-04-30 15:09:31',NULL),(41,'CiviCRM setting Specs','settingsMetadata_1__name_debug_enabled','a:1:{s:13:\"debug_enabled\";a:15:{s:10:\"group_name\";s:21:\"Developer Preferences\";s:5:\"group\";s:9:\"developer\";s:4:\"name\";s:13:\"debug_enabled\";s:11:\"config_only\";i:1;s:10:\"config_key\";s:5:\"debug\";s:4:\"type\";s:7:\"Boolean\";s:15:\"quick_form_type\";s:5:\"YesNo\";s:7:\"default\";s:1:\"0\";s:3:\"add\";s:3:\"4.3\";s:5:\"title\";s:16:\"Enable Debugging\";s:9:\"is_domain\";i:1;s:10:\"is_contact\";i:0;s:11:\"description\";s:130:\"Set this value to Yes if you want to use one of CiviCRM\'s debugging tools. This feature should NOT be enabled for production sites\";s:8:\"prefetch\";i:1;s:9:\"help_text\";s:39:\"Do not turn this on on production sites\";}}',NULL,'2014-04-30 15:09:31',NULL),(42,'CiviCRM setting Specs','settingsMetadata_1__name_userFrameworkLogging','a:1:{s:20:\"userFrameworkLogging\";a:14:{s:10:\"group_name\";s:21:\"Developer Preferences\";s:5:\"group\";s:9:\"developer\";s:4:\"name\";s:20:\"userFrameworkLogging\";s:11:\"config_only\";i:1;s:4:\"type\";s:7:\"Boolean\";s:15:\"quick_form_type\";s:5:\"YesNo\";s:7:\"default\";s:1:\"0\";s:3:\"add\";s:3:\"4.3\";s:5:\"title\";s:30:\"Enable Drupal Watchdog Logging\";s:9:\"is_domain\";i:1;s:10:\"is_contact\";i:0;s:11:\"description\";s:102:\"Set this value to Yes if you want CiviCRM error/debugging messages to also appear in Drupal error logs\";s:8:\"prefetch\";i:1;s:9:\"help_text\";s:239:\"Set this value to Yes if you want CiviCRM error/debugging messages the appear in your CMS\' error log.\nIn the case of Drupal, this will cause all CiviCRM error messages to appear in the watchdog (assuming you have Drupal\'s watchdog enabled)\";}}',NULL,'2014-04-30 15:09:31',NULL),(43,'CiviCRM setting Specs','settingsMetadata_1__name_backtrace','a:1:{s:9:\"backtrace\";a:13:{s:10:\"group_name\";s:21:\"Developer Preferences\";s:5:\"group\";s:9:\"developer\";s:4:\"name\";s:9:\"backtrace\";s:11:\"config_only\";i:1;s:4:\"type\";s:7:\"Boolean\";s:15:\"quick_form_type\";s:5:\"YesNo\";s:7:\"default\";s:1:\"0\";s:3:\"add\";s:3:\"4.3\";s:5:\"title\";s:17:\"Display Backtrace\";s:9:\"is_domain\";i:1;s:10:\"is_contact\";i:0;s:11:\"description\";s:155:\"Set this value to Yes if you want to display a backtrace listing when a fatal error is encountered. This feature should NOT be enabled for production sites\";s:8:\"prefetch\";i:1;}}',NULL,'2014-04-30 15:09:31',NULL),(44,'CiviCRM setting Specs','settingsMetadata_1__name_fatalErrorTemplate','a:1:{s:18:\"fatalErrorTemplate\";a:13:{s:10:\"group_name\";s:21:\"Developer Preferences\";s:5:\"group\";s:9:\"developer\";s:4:\"name\";s:18:\"fatalErrorTemplate\";s:11:\"config_only\";i:1;s:4:\"type\";s:6:\"String\";s:15:\"quick_form_type\";s:4:\"text\";s:7:\"default\";s:20:\"CRM/common/fatal.tpl\";s:3:\"add\";s:3:\"4.3\";s:5:\"title\";s:20:\"Fatal Error Template\";s:9:\"is_domain\";i:1;s:10:\"is_contact\";i:0;s:11:\"description\";s:123:\"Enter the path and filename for a custom Smarty template if you want to define your own screen for displaying fatal errors.\";s:8:\"prefetch\";i:1;}}',NULL,'2014-04-30 15:09:31',NULL),(45,'CiviCRM setting Specs','settingsMetadata_1__name_fatalErrorHandler','a:1:{s:17:\"fatalErrorHandler\";a:13:{s:10:\"group_name\";s:21:\"Developer Preferences\";s:5:\"group\";s:9:\"developer\";s:4:\"name\";s:17:\"fatalErrorHandler\";s:11:\"config_only\";i:1;s:4:\"type\";s:6:\"String\";s:15:\"quick_form_type\";s:4:\"text\";s:7:\"default\";s:4:\"null\";s:3:\"add\";s:3:\"4.3\";s:5:\"title\";s:19:\"Fatal Error Handler\";s:9:\"is_domain\";i:1;s:10:\"is_contact\";i:0;s:11:\"description\";s:136:\"Enter the path and class for a custom PHP error-handling function if you want to override built-in CiviCRM error handling for your site.\";s:8:\"prefetch\";i:1;}}',NULL,'2014-04-30 15:09:31',NULL),(46,'CiviCRM setting Specs','settingsMetadata_1__name_uploadDir','a:1:{s:9:\"uploadDir\";a:13:{s:10:\"group_name\";s:21:\"Directory Preferences\";s:5:\"group\";s:9:\"directory\";s:4:\"name\";s:9:\"uploadDir\";s:4:\"type\";s:3:\"Url\";s:9:\"html_type\";s:4:\"Text\";s:7:\"default\";N;s:3:\"add\";s:3:\"4.1\";s:8:\"prefetch\";i:1;s:5:\"title\";N;s:9:\"is_domain\";i:1;s:10:\"is_contact\";i:0;s:11:\"description\";N;s:9:\"help_text\";s:94:\"If set, new contacts that are created when signing a petition are assigned a tag of this name.\";}}',NULL,'2014-04-30 15:09:31',NULL),(47,'CiviCRM setting Specs','settingsMetadata_1__name_imageUploadDir','a:1:{s:14:\"imageUploadDir\";a:13:{s:10:\"group_name\";s:21:\"Directory Preferences\";s:5:\"group\";s:9:\"directory\";s:4:\"name\";s:14:\"imageUploadDir\";s:4:\"type\";s:3:\"Url\";s:9:\"html_type\";s:4:\"Text\";s:7:\"default\";N;s:3:\"add\";s:3:\"4.1\";s:8:\"prefetch\";i:1;s:5:\"title\";N;s:9:\"is_domain\";i:1;s:10:\"is_contact\";i:0;s:11:\"description\";N;s:9:\"help_text\";N;}}',NULL,'2014-04-30 15:09:31',NULL),(48,'CiviCRM setting Specs','settingsMetadata_1__name_customFileUploadDir','a:1:{s:19:\"customFileUploadDir\";a:13:{s:10:\"group_name\";s:21:\"Directory Preferences\";s:5:\"group\";s:9:\"directory\";s:4:\"name\";s:19:\"customFileUploadDir\";s:4:\"type\";s:3:\"Url\";s:9:\"html_type\";s:4:\"Text\";s:7:\"default\";N;s:3:\"add\";s:3:\"4.1\";s:8:\"prefetch\";i:1;s:5:\"title\";N;s:9:\"is_domain\";i:1;s:10:\"is_contact\";i:0;s:11:\"description\";N;s:9:\"help_text\";N;}}',NULL,'2014-04-30 15:09:32',NULL),(49,'CiviCRM setting Specs','settingsMetadata_1__name_customTemplateDir','a:1:{s:17:\"customTemplateDir\";a:13:{s:10:\"group_name\";s:21:\"Directory Preferences\";s:5:\"group\";s:9:\"directory\";s:4:\"name\";s:17:\"customTemplateDir\";s:4:\"type\";s:3:\"Url\";s:9:\"html_type\";s:4:\"Text\";s:7:\"default\";N;s:3:\"add\";s:3:\"4.1\";s:8:\"prefetch\";i:1;s:5:\"title\";N;s:9:\"is_domain\";i:1;s:10:\"is_contact\";i:0;s:11:\"description\";N;s:9:\"help_text\";N;}}',NULL,'2014-04-30 15:09:32',NULL),(50,'CiviCRM setting Specs','settingsMetadata_1__name_customPHPPathDir','a:1:{s:16:\"customPHPPathDir\";a:13:{s:10:\"group_name\";s:21:\"Directory Preferences\";s:5:\"group\";s:9:\"directory\";s:4:\"name\";s:16:\"customPHPPathDir\";s:4:\"type\";s:3:\"Url\";s:9:\"html_type\";s:4:\"Text\";s:7:\"default\";N;s:3:\"add\";s:3:\"4.1\";s:8:\"prefetch\";i:1;s:5:\"title\";N;s:9:\"is_domain\";i:1;s:10:\"is_contact\";i:0;s:11:\"description\";N;s:9:\"help_text\";N;}}',NULL,'2014-04-30 15:09:32',NULL),(51,'CiviCRM setting Specs','settingsMetadata_1__name_extensionsDir','a:1:{s:13:\"extensionsDir\";a:13:{s:10:\"group_name\";s:21:\"Directory Preferences\";s:5:\"group\";s:9:\"directory\";s:4:\"name\";s:13:\"extensionsDir\";s:4:\"type\";s:3:\"Url\";s:9:\"html_type\";s:4:\"Text\";s:7:\"default\";N;s:3:\"add\";s:3:\"4.1\";s:8:\"prefetch\";i:1;s:5:\"title\";N;s:9:\"is_domain\";i:1;s:10:\"is_contact\";i:0;s:11:\"description\";N;s:9:\"help_text\";N;}}',NULL,'2014-04-30 15:09:32',NULL),(52,'CiviCRM setting Specs','settingsMetadata_1__name_event_enable_cart','a:1:{s:17:\"event_enable_cart\";a:12:{s:4:\"name\";s:11:\"enable_cart\";s:10:\"group_name\";s:17:\"Event Preferences\";s:5:\"group\";s:5:\"event\";s:4:\"type\";s:6:\"String\";s:15:\"quick_form_type\";s:7:\"Element\";s:7:\"default\";i:0;s:3:\"add\";d:4.0999999999999996447286321199499070644378662109375;s:5:\"title\";s:17:\"Enable Event Cart\";s:9:\"is_domain\";i:1;s:10:\"is_contact\";i:1;s:11:\"description\";s:8:\"WRITE ME\";s:9:\"help_text\";s:8:\"WRITE ME\";}}',NULL,'2014-04-30 15:09:32',NULL),(53,'CiviCRM setting Specs','settingsMetadata___name_event_enable_cart','a:1:{s:17:\"event_enable_cart\";a:12:{s:4:\"name\";s:11:\"enable_cart\";s:10:\"group_name\";s:17:\"Event Preferences\";s:5:\"group\";s:5:\"event\";s:4:\"type\";s:6:\"String\";s:15:\"quick_form_type\";s:7:\"Element\";s:7:\"default\";i:0;s:3:\"add\";d:4.0999999999999996447286321199499070644378662109375;s:5:\"title\";s:17:\"Enable Event Cart\";s:9:\"is_domain\";i:1;s:10:\"is_contact\";i:1;s:11:\"description\";s:8:\"WRITE ME\";s:9:\"help_text\";s:8:\"WRITE ME\";}}',NULL,'2014-04-30 15:09:32',NULL),(54,'CiviCRM setting Specs','settingsMetadata_1__name_monetaryThousandSeparator','a:1:{s:25:\"monetaryThousandSeparator\";a:16:{s:10:\"group_name\";s:24:\"Localization Preferences\";s:5:\"group\";s:12:\"localization\";s:4:\"name\";s:25:\"monetaryThousandSeparator\";s:8:\"prefetch\";i:1;s:11:\"config_only\";i:1;s:4:\"type\";s:6:\"String\";s:15:\"quick_form_type\";s:7:\"Element\";s:9:\"html_type\";s:4:\"text\";s:15:\"html_attributes\";a:1:{s:4:\"size\";i:2;}s:7:\"default\";s:1:\",\";s:3:\"add\";s:3:\"4.3\";s:5:\"title\";s:19:\"Thousands Separator\";s:9:\"is_domain\";i:1;s:10:\"is_contact\";i:0;s:11:\"description\";N;s:9:\"help_text\";N;}}',NULL,'2014-04-30 15:09:32',NULL),(55,'CiviCRM setting Specs','settingsMetadata_1__name_monetaryDecimalPoint','a:1:{s:20:\"monetaryDecimalPoint\";a:16:{s:10:\"group_name\";s:24:\"Localization Preferences\";s:5:\"group\";s:12:\"localization\";s:4:\"name\";s:20:\"monetaryDecimalPoint\";s:8:\"prefetch\";i:1;s:11:\"config_only\";i:1;s:4:\"type\";s:6:\"String\";s:15:\"quick_form_type\";s:7:\"Element\";s:9:\"html_type\";s:4:\"text\";s:15:\"html_attributes\";a:1:{s:4:\"size\";i:2;}s:7:\"default\";s:1:\".\";s:3:\"add\";s:3:\"4.3\";s:5:\"title\";s:17:\"Decimal Delimiter\";s:9:\"is_domain\";i:1;s:10:\"is_contact\";i:0;s:11:\"description\";N;s:9:\"help_text\";N;}}',NULL,'2014-04-30 15:09:32',NULL),(56,'CiviCRM setting Specs','settingsMetadata_1__name_moneyformat','a:1:{s:11:\"moneyformat\";a:15:{s:10:\"group_name\";s:24:\"Localization Preferences\";s:5:\"group\";s:12:\"localization\";s:4:\"name\";s:11:\"moneyformat\";s:8:\"prefetch\";i:1;s:11:\"config_only\";i:1;s:4:\"type\";s:6:\"String\";s:15:\"quick_form_type\";s:7:\"Element\";s:9:\"html_type\";s:4:\"text\";s:7:\"default\";s:5:\"%c %a\";s:3:\"add\";s:3:\"4.3\";s:5:\"title\";s:23:\"Monetary Amount Display\";s:9:\"is_domain\";i:1;s:10:\"is_contact\";i:0;s:11:\"description\";N;s:9:\"help_text\";N;}}',NULL,'2014-04-30 15:09:32',NULL),(57,'CiviCRM setting Specs','settingsMetadata_1__name_moneyvalueformat','a:1:{s:16:\"moneyvalueformat\";a:15:{s:10:\"group_name\";s:24:\"Localization Preferences\";s:5:\"group\";s:12:\"localization\";s:4:\"name\";s:16:\"moneyvalueformat\";s:8:\"prefetch\";i:1;s:11:\"config_only\";i:1;s:4:\"type\";s:6:\"String\";s:15:\"quick_form_type\";s:7:\"Element\";s:9:\"html_type\";s:4:\"text\";s:7:\"default\";s:3:\"%!i\";s:3:\"add\";s:3:\"4.3\";s:5:\"title\";s:23:\"Monetary Amount Display\";s:9:\"is_domain\";i:1;s:10:\"is_contact\";i:0;s:11:\"description\";N;s:9:\"help_text\";N;}}',NULL,'2014-04-30 15:09:32',NULL),(58,'CiviCRM setting Specs','settingsMetadata_1__name_defaultCurrency','a:1:{s:15:\"defaultCurrency\";a:16:{s:10:\"group_name\";s:24:\"Localization Preferences\";s:5:\"group\";s:12:\"localization\";s:4:\"name\";s:15:\"defaultCurrency\";s:8:\"prefetch\";i:1;s:11:\"config_only\";i:1;s:4:\"type\";s:6:\"String\";s:15:\"quick_form_type\";s:7:\"Element\";s:9:\"html_type\";s:4:\"text\";s:15:\"html_attributes\";a:1:{s:4:\"size\";i:2;}s:7:\"default\";s:3:\"USD\";s:3:\"add\";s:3:\"4.3\";s:5:\"title\";s:16:\"Default Currency\";s:9:\"is_domain\";i:1;s:10:\"is_contact\";i:0;s:11:\"description\";s:75:\"Default currency assigned to contributions and other monetary transactions.\";s:9:\"help_text\";N;}}',NULL,'2014-04-30 15:09:32',NULL),(59,'CiviCRM setting Specs','settingsMetadata_1__name_defaultContactCountry','a:1:{s:21:\"defaultContactCountry\";a:16:{s:10:\"group_name\";s:24:\"Localization Preferences\";s:5:\"group\";s:12:\"localization\";s:4:\"name\";s:21:\"defaultContactCountry\";s:8:\"prefetch\";i:1;s:11:\"config_only\";i:1;s:4:\"type\";s:6:\"String\";s:15:\"quick_form_type\";s:7:\"Element\";s:9:\"html_type\";s:4:\"text\";s:15:\"html_attributes\";a:1:{s:4:\"size\";i:4;}s:7:\"default\";s:4:\"1228\";s:3:\"add\";s:3:\"4.4\";s:5:\"title\";s:15:\"Default Country\";s:9:\"is_domain\";i:1;s:10:\"is_contact\";i:0;s:11:\"description\";s:68:\"This value is selected by default when adding a new contact address.\";s:9:\"help_text\";N;}}',NULL,'2014-04-30 15:09:32',NULL),(60,'CiviCRM setting Specs','settingsMetadata_1__name_countryLimit','a:1:{s:12:\"countryLimit\";a:16:{s:10:\"group_name\";s:24:\"Localization Preferences\";s:5:\"group\";s:12:\"localization\";s:4:\"name\";s:12:\"countryLimit\";s:8:\"prefetch\";i:1;s:11:\"config_only\";i:1;s:4:\"type\";s:5:\"Array\";s:15:\"quick_form_type\";s:7:\"Element\";s:9:\"html_type\";s:14:\"advmultiselect\";s:15:\"html_attributes\";a:3:{s:4:\"size\";i:5;s:5:\"style\";s:11:\"width:150px\";s:5:\"class\";s:14:\"advmultiselect\";}s:7:\"default\";s:4:\"null\";s:3:\"add\";s:3:\"4.3\";s:5:\"title\";s:19:\"Available Countries\";s:9:\"is_domain\";i:1;s:10:\"is_contact\";i:0;s:11:\"description\";s:0:\"\";s:9:\"help_text\";N;}}',NULL,'2014-04-30 15:09:32',NULL),(61,'CiviCRM setting Specs','settingsMetadata_1__name_provinceLimit','a:1:{s:13:\"provinceLimit\";a:16:{s:10:\"group_name\";s:24:\"Localization Preferences\";s:5:\"group\";s:12:\"localization\";s:4:\"name\";s:13:\"provinceLimit\";s:8:\"prefetch\";i:1;s:11:\"config_only\";i:1;s:4:\"type\";s:5:\"Array\";s:15:\"quick_form_type\";s:7:\"Element\";s:9:\"html_type\";s:14:\"advmultiselect\";s:15:\"html_attributes\";a:3:{s:4:\"size\";i:5;s:5:\"style\";s:11:\"width:150px\";s:5:\"class\";s:14:\"advmultiselect\";}s:7:\"default\";s:4:\"null\";s:3:\"add\";s:3:\"4.3\";s:5:\"title\";s:30:\"Available States and Provinces\";s:9:\"is_domain\";i:1;s:10:\"is_contact\";i:0;s:11:\"description\";s:0:\"\";s:9:\"help_text\";N;}}',NULL,'2014-04-30 15:09:32',NULL),(62,'CiviCRM setting Specs','settingsMetadata_1__name_inheritLocale','a:1:{s:13:\"inheritLocale\";a:14:{s:10:\"group_name\";s:24:\"Localization Preferences\";s:5:\"group\";s:12:\"localization\";s:4:\"name\";s:13:\"inheritLocale\";s:8:\"prefetch\";i:1;s:11:\"config_only\";i:1;s:4:\"type\";s:7:\"Boolean\";s:15:\"quick_form_type\";s:5:\"YesNo\";s:7:\"default\";s:1:\"0\";s:3:\"add\";s:3:\"4.3\";s:5:\"title\";s:20:\"Inherit CMS Language\";s:9:\"is_domain\";i:1;s:10:\"is_contact\";i:0;s:11:\"description\";s:0:\"\";s:9:\"help_text\";N;}}',NULL,'2014-04-30 15:09:32',NULL),(63,'CiviCRM setting Specs','settingsMetadata_1__name_dateformatDatetime','a:1:{s:18:\"dateformatDatetime\";a:13:{s:10:\"group_name\";s:24:\"Localization Preferences\";s:5:\"group\";s:12:\"localization\";s:4:\"name\";s:18:\"dateformatDatetime\";s:8:\"prefetch\";i:1;s:11:\"config_only\";i:1;s:4:\"type\";s:6:\"String\";s:7:\"default\";s:20:\"%B %E%f, %Y %l:%M %P\";s:3:\"add\";s:3:\"4.3\";s:5:\"title\";s:22:\"Complete Date and Time\";s:9:\"is_domain\";i:1;s:10:\"is_contact\";i:0;s:11:\"description\";s:0:\"\";s:9:\"help_text\";N;}}',NULL,'2014-04-30 15:09:32',NULL),(64,'CiviCRM setting Specs','settingsMetadata_1__name_dateformatFull','a:1:{s:14:\"dateformatFull\";a:13:{s:10:\"group_name\";s:24:\"Localization Preferences\";s:5:\"group\";s:12:\"localization\";s:4:\"name\";s:14:\"dateformatFull\";s:8:\"prefetch\";i:1;s:11:\"config_only\";i:1;s:4:\"type\";s:6:\"String\";s:7:\"default\";s:11:\"%B %E%f, %Y\";s:3:\"add\";s:3:\"4.3\";s:5:\"title\";s:13:\"Complete Date\";s:9:\"is_domain\";i:1;s:10:\"is_contact\";i:0;s:11:\"description\";s:0:\"\";s:9:\"help_text\";N;}}',NULL,'2014-04-30 15:09:32',NULL),(65,'CiviCRM setting Specs','settingsMetadata_1__name_dateformatPartial','a:1:{s:17:\"dateformatPartial\";a:13:{s:10:\"group_name\";s:24:\"Localization Preferences\";s:5:\"group\";s:12:\"localization\";s:4:\"name\";s:17:\"dateformatPartial\";s:8:\"prefetch\";i:1;s:11:\"config_only\";i:1;s:4:\"type\";s:6:\"String\";s:7:\"default\";s:5:\"%B %Y\";s:3:\"add\";s:3:\"4.3\";s:5:\"title\";s:14:\"Month and Year\";s:9:\"is_domain\";i:1;s:10:\"is_contact\";i:0;s:11:\"description\";s:0:\"\";s:9:\"help_text\";N;}}',NULL,'2014-04-30 15:09:32',NULL),(66,'CiviCRM setting Specs','settingsMetadata_1__name_lcMessages','a:1:{s:10:\"lcMessages\";a:13:{s:10:\"group_name\";s:24:\"Localization Preferences\";s:5:\"group\";s:12:\"localization\";s:4:\"name\";s:10:\"lcMessages\";s:8:\"prefetch\";i:1;s:11:\"config_only\";i:1;s:4:\"type\";s:6:\"String\";s:7:\"default\";s:5:\"en_US\";s:3:\"add\";s:3:\"4.3\";s:5:\"title\";s:16:\"Default Language\";s:9:\"is_domain\";i:1;s:10:\"is_contact\";i:0;s:11:\"description\";s:0:\"\";s:9:\"help_text\";N;}}',NULL,'2014-04-30 15:09:32',NULL),(67,'CiviCRM setting Specs','settingsMetadata_1__name_disable_mandatory_tokens_check','a:1:{s:30:\"disable_mandatory_tokens_check\";a:12:{s:10:\"group_name\";s:19:\"Mailing Preferences\";s:5:\"group\";s:7:\"mailing\";s:4:\"name\";s:30:\"disable_mandatory_tokens_check\";s:4:\"type\";s:7:\"Integer\";s:9:\"html_type\";s:8:\"checkbox\";s:7:\"default\";i:0;s:3:\"add\";s:3:\"4.4\";s:5:\"title\";s:34:\"Disable check for mandatory tokens\";s:9:\"is_domain\";i:1;s:10:\"is_contact\";i:0;s:11:\"description\";s:345:\"Don\'t check for presence of mandatory tokens (domain address; unsubscribe/opt-out) before sending mailings. WARNING: Mandatory tokens are a safe-guard which facilitate compliance with the US CAN-SPAM Act. They should only be disabled if your organization adopts other mechanisms for compliance or if your organization is not subject to CAN-SPAM.\";s:9:\"help_text\";N;}}',NULL,'2014-04-30 15:09:32',NULL),(68,'CiviCRM setting Specs','settingsMetadata___name_disable_mandatory_tokens_check','a:1:{s:30:\"disable_mandatory_tokens_check\";a:12:{s:10:\"group_name\";s:19:\"Mailing Preferences\";s:5:\"group\";s:7:\"mailing\";s:4:\"name\";s:30:\"disable_mandatory_tokens_check\";s:4:\"type\";s:7:\"Integer\";s:9:\"html_type\";s:8:\"checkbox\";s:7:\"default\";i:0;s:3:\"add\";s:3:\"4.4\";s:5:\"title\";s:34:\"Disable check for mandatory tokens\";s:9:\"is_domain\";i:1;s:10:\"is_contact\";i:0;s:11:\"description\";s:345:\"Don\'t check for presence of mandatory tokens (domain address; unsubscribe/opt-out) before sending mailings. WARNING: Mandatory tokens are a safe-guard which facilitate compliance with the US CAN-SPAM Act. They should only be disabled if your organization adopts other mechanisms for compliance or if your organization is not subject to CAN-SPAM.\";s:9:\"help_text\";N;}}',NULL,'2014-04-30 15:09:32',NULL),(69,'CiviCRM setting Specs','settingsMetadata_1__name_dedupe_email_default','a:1:{s:20:\"dedupe_email_default\";a:12:{s:10:\"group_name\";s:19:\"Mailing Preferences\";s:5:\"group\";s:7:\"mailing\";s:4:\"name\";s:20:\"dedupe_email_default\";s:4:\"type\";s:7:\"Integer\";s:9:\"html_type\";s:8:\"checkbox\";s:7:\"default\";i:1;s:3:\"add\";s:3:\"4.5\";s:5:\"title\";s:44:\"CiviMail dedupes e-mail addresses by default\";s:9:\"is_domain\";i:1;s:10:\"is_contact\";i:0;s:11:\"description\";s:79:\"Set the \"dedupe e-mail\" option when sending a new mailing to \"true\" by default.\";s:9:\"help_text\";N;}}',NULL,'2014-04-30 15:09:32',NULL),(70,'CiviCRM setting Specs','settingsMetadata___name_dedupe_email_default','a:1:{s:20:\"dedupe_email_default\";a:12:{s:10:\"group_name\";s:19:\"Mailing Preferences\";s:5:\"group\";s:7:\"mailing\";s:4:\"name\";s:20:\"dedupe_email_default\";s:4:\"type\";s:7:\"Integer\";s:9:\"html_type\";s:8:\"checkbox\";s:7:\"default\";i:1;s:3:\"add\";s:3:\"4.5\";s:5:\"title\";s:44:\"CiviMail dedupes e-mail addresses by default\";s:9:\"is_domain\";i:1;s:10:\"is_contact\";i:0;s:11:\"description\";s:79:\"Set the \"dedupe e-mail\" option when sending a new mailing to \"true\" by default.\";s:9:\"help_text\";N;}}',NULL,'2014-04-30 15:09:32',NULL),(71,'CiviCRM setting Specs','settingsMetadata_1__name_hash_mailing_url','a:1:{s:16:\"hash_mailing_url\";a:12:{s:10:\"group_name\";s:19:\"Mailing Preferences\";s:5:\"group\";s:7:\"mailing\";s:4:\"name\";s:16:\"hash_mailing_url\";s:4:\"type\";s:7:\"Integer\";s:9:\"html_type\";s:8:\"checkbox\";s:7:\"default\";i:0;s:3:\"add\";s:3:\"4.5\";s:5:\"title\";s:20:\"Hashed Mailing URL\'s\";s:9:\"is_domain\";i:1;s:10:\"is_contact\";i:0;s:11:\"description\";s:131:\"If enabled, a randomized hash key will be used to reference the mailing URL in the mailing.viewUrl token, instead of the mailing ID\";s:9:\"help_text\";N;}}',NULL,'2014-04-30 15:09:32',NULL),(72,'CiviCRM setting Specs','settingsMetadata___name_hash_mailing_url','a:1:{s:16:\"hash_mailing_url\";a:12:{s:10:\"group_name\";s:19:\"Mailing Preferences\";s:5:\"group\";s:7:\"mailing\";s:4:\"name\";s:16:\"hash_mailing_url\";s:4:\"type\";s:7:\"Integer\";s:9:\"html_type\";s:8:\"checkbox\";s:7:\"default\";i:0;s:3:\"add\";s:3:\"4.5\";s:5:\"title\";s:20:\"Hashed Mailing URL\'s\";s:9:\"is_domain\";i:1;s:10:\"is_contact\";i:0;s:11:\"description\";s:131:\"If enabled, a randomized hash key will be used to reference the mailing URL in the mailing.viewUrl token, instead of the mailing ID\";s:9:\"help_text\";N;}}',NULL,'2014-04-30 15:09:32',NULL),(73,'CiviCRM setting Specs','settingsMetadata_1__name_default_renewal_contribution_page','a:1:{s:33:\"default_renewal_contribution_page\";a:13:{s:10:\"group_name\";s:18:\"Member Preferences\";s:5:\"group\";s:6:\"member\";s:4:\"name\";s:33:\"default_renewal_contribution_page\";s:4:\"type\";s:7:\"Integer\";s:9:\"html_type\";s:6:\"Select\";s:7:\"default\";N;s:14:\"pseudoconstant\";a:1:{s:4:\"name\";s:16:\"contributionPage\";}s:3:\"add\";s:3:\"4.1\";s:5:\"title\";s:38:\"Default online membership renewal page\";s:9:\"is_domain\";i:1;s:10:\"is_contact\";i:0;s:11:\"description\";s:348:\"If you select a default online contribution page for self-service membership renewals, a \"renew\" link pointing to that page will be displayed on the Contact Dashboard for memberships which were entered offline. You will need to ensure that the membership block for the selected online contribution page includes any currently available memberships.\";s:9:\"help_text\";N;}}',NULL,'2014-04-30 15:09:32',NULL),(74,'CiviCRM setting Specs','settingsMetadata_1__name_search_autocomplete_count','a:1:{s:25:\"search_autocomplete_count\";a:15:{s:10:\"group_name\";s:18:\"Search Preferences\";s:5:\"group\";s:18:\"Search Preferences\";s:4:\"name\";s:25:\"search_autocomplete_count\";s:8:\"prefetch\";i:0;s:4:\"type\";s:7:\"Integer\";s:15:\"quick_form_type\";s:7:\"Element\";s:9:\"html_type\";s:4:\"text\";s:15:\"html_attributes\";a:2:{s:4:\"size\";i:2;s:9:\"maxlength\";i:2;}s:7:\"default\";i:10;s:3:\"add\";s:3:\"4.3\";s:5:\"title\";s:20:\"Autocomplete Results\";s:9:\"is_domain\";i:1;s:10:\"is_contact\";i:0;s:11:\"description\";s:86:\"The maximum number of contacts to show at a time when typing in an autocomplete field.\";s:9:\"help_text\";N;}}',NULL,'2014-04-30 15:09:32',NULL),(75,'CiviCRM setting Specs','settingsMetadata___name_search_autocomplete_count','a:1:{s:25:\"search_autocomplete_count\";a:15:{s:10:\"group_name\";s:18:\"Search Preferences\";s:5:\"group\";s:18:\"Search Preferences\";s:4:\"name\";s:25:\"search_autocomplete_count\";s:8:\"prefetch\";i:0;s:4:\"type\";s:7:\"Integer\";s:15:\"quick_form_type\";s:7:\"Element\";s:9:\"html_type\";s:4:\"text\";s:15:\"html_attributes\";a:2:{s:4:\"size\";i:2;s:9:\"maxlength\";i:2;}s:7:\"default\";i:10;s:3:\"add\";s:3:\"4.3\";s:5:\"title\";s:20:\"Autocomplete Results\";s:9:\"is_domain\";i:1;s:10:\"is_contact\";i:0;s:11:\"description\";s:86:\"The maximum number of contacts to show at a time when typing in an autocomplete field.\";s:9:\"help_text\";N;}}',NULL,'2014-04-30 15:09:32',NULL),(76,'CiviCRM setting Specs','settingsMetadata_1__name_userFrameworkResourceURL','a:1:{s:24:\"userFrameworkResourceURL\";a:12:{s:5:\"group\";s:3:\"url\";s:10:\"group_name\";s:15:\"URL Preferences\";s:4:\"name\";s:24:\"userFrameworkResourceURL\";s:4:\"type\";s:6:\"String\";s:7:\"default\";N;s:3:\"add\";s:3:\"4.1\";s:8:\"prefetch\";i:1;s:9:\"is_domain\";i:1;s:10:\"is_contact\";i:0;s:11:\"description\";s:20:\"CiviCRM Resource URL\";s:9:\"help_text\";N;s:17:\"validate_callback\";s:19:\"CRM_Utils_Rule::url\";}}',NULL,'2014-04-30 15:09:32',NULL),(77,'CiviCRM setting Specs','settingsMetadata_1__name_imageUploadURL','a:1:{s:14:\"imageUploadURL\";a:12:{s:5:\"group\";s:3:\"url\";s:10:\"group_name\";s:15:\"URL Preferences\";s:4:\"name\";s:14:\"imageUploadURL\";s:4:\"type\";s:6:\"String\";s:7:\"default\";N;s:3:\"add\";s:3:\"4.1\";s:8:\"prefetch\";i:1;s:9:\"is_domain\";i:1;s:10:\"is_contact\";i:0;s:11:\"description\";s:16:\"Image Upload URL\";s:9:\"help_text\";N;s:17:\"validate_callback\";s:19:\"CRM_Utils_Rule::url\";}}',NULL,'2014-04-30 15:09:32',NULL),(78,'CiviCRM setting Specs','settingsMetadata_1__name_customCSSURL','a:1:{s:12:\"customCSSURL\";a:12:{s:5:\"group\";s:3:\"url\";s:10:\"group_name\";s:15:\"URL Preferences\";s:4:\"name\";s:12:\"customCSSURL\";s:4:\"type\";s:6:\"String\";s:7:\"default\";N;s:3:\"add\";s:3:\"4.1\";s:8:\"prefetch\";i:1;s:9:\"is_domain\";i:1;s:10:\"is_contact\";i:0;s:11:\"description\";s:22:\"Custom CiviCRM CSS URL\";s:9:\"help_text\";N;s:17:\"validate_callback\";s:19:\"CRM_Utils_Rule::url\";}}',NULL,'2014-04-30 15:09:32',NULL);
/*!40000 ALTER TABLE `civicrm_cache` ENABLE KEYS */;
UNLOCK TABLES;

--
-- Dumping data for table `civicrm_campaign`
--

LOCK TABLES `civicrm_campaign` WRITE;
/*!40000 ALTER TABLE `civicrm_campaign` DISABLE KEYS */;
/*!40000 ALTER TABLE `civicrm_campaign` ENABLE KEYS */;
UNLOCK TABLES;

--
-- Dumping data for table `civicrm_campaign_group`
--

LOCK TABLES `civicrm_campaign_group` WRITE;
/*!40000 ALTER TABLE `civicrm_campaign_group` DISABLE KEYS */;
/*!40000 ALTER TABLE `civicrm_campaign_group` ENABLE KEYS */;
UNLOCK TABLES;

--
-- Dumping data for table `civicrm_case`
--

LOCK TABLES `civicrm_case` WRITE;
/*!40000 ALTER TABLE `civicrm_case` DISABLE KEYS */;
/*!40000 ALTER TABLE `civicrm_case` ENABLE KEYS */;
UNLOCK TABLES;

--
-- Dumping data for table `civicrm_case_activity`
--

LOCK TABLES `civicrm_case_activity` WRITE;
/*!40000 ALTER TABLE `civicrm_case_activity` DISABLE KEYS */;
/*!40000 ALTER TABLE `civicrm_case_activity` ENABLE KEYS */;
UNLOCK TABLES;

--
-- Dumping data for table `civicrm_case_contact`
--

LOCK TABLES `civicrm_case_contact` WRITE;
/*!40000 ALTER TABLE `civicrm_case_contact` DISABLE KEYS */;
/*!40000 ALTER TABLE `civicrm_case_contact` ENABLE KEYS */;
UNLOCK TABLES;

--
-- Dumping data for table `civicrm_component`
--

LOCK TABLES `civicrm_component` WRITE;
/*!40000 ALTER TABLE `civicrm_component` DISABLE KEYS */;
INSERT INTO `civicrm_component` (`id`, `name`, `namespace`) VALUES (1,'CiviEvent','CRM_Event'),(2,'CiviContribute','CRM_Contribute'),(3,'CiviMember','CRM_Member'),(4,'CiviMail','CRM_Mailing'),(5,'CiviGrant','CRM_Grant'),(6,'CiviPledge','CRM_Pledge'),(7,'CiviCase','CRM_Case'),(8,'CiviReport','CRM_Report'),(9,'CiviCampaign','CRM_Campaign');
/*!40000 ALTER TABLE `civicrm_component` ENABLE KEYS */;
UNLOCK TABLES;

--
-- Dumping data for table `civicrm_contact`
--

LOCK TABLES `civicrm_contact` WRITE;
/*!40000 ALTER TABLE `civicrm_contact` DISABLE KEYS */;
INSERT INTO `civicrm_contact` (`id`, `contact_type`, `contact_sub_type`, `do_not_email`, `do_not_phone`, `do_not_mail`, `do_not_sms`, `do_not_trade`, `is_opt_out`, `legal_identifier`, `external_identifier`, `sort_name`, `display_name`, `nick_name`, `legal_name`, `image_URL`, `preferred_communication_method`, `preferred_language`, `preferred_mail_format`, `hash`, `api_key`, `source`, `first_name`, `middle_name`, `last_name`, `prefix_id`, `suffix_id`, `formal_title`, `communication_style_id`, `email_greeting_id`, `email_greeting_custom`, `email_greeting_display`, `postal_greeting_id`, `postal_greeting_custom`, `postal_greeting_display`, `addressee_id`, `addressee_custom`, `addressee_display`, `job_title`, `gender_id`, `birth_date`, `is_deceased`, `deceased_date`, `household_name`, `primary_contact_id`, `organization_name`, `sic_code`, `user_unique_id`, `employer_id`, `is_deleted`, `created_date`, `modified_date`) VALUES (1,'Organization',NULL,0,0,0,0,0,0,NULL,NULL,'Default Organization','Default Organization',NULL,'Default Organization',NULL,NULL,NULL,'Both',NULL,NULL,NULL,NULL,NULL,NULL,NULL,NULL,NULL,NULL,NULL,NULL,NULL,NULL,NULL,NULL,NULL,NULL,NULL,NULL,NULL,NULL,0,NULL,NULL,NULL,'Default Organization',NULL,NULL,NULL,0,NULL,'2014-04-30 22:09:17'),(2,'Individual',NULL,0,0,0,0,0,0,NULL,NULL,'Prentice-Jones, Allen','Allen Prentice-Jones',NULL,NULL,NULL,NULL,NULL,'Both','115744924',NULL,'Sample Data','Allen','G','Prentice-Jones',NULL,NULL,NULL,NULL,1,NULL,'Dear Allen',1,NULL,'Dear Allen',1,NULL,'Allen Prentice-Jones',NULL,2,'2001-08-08',0,NULL,NULL,NULL,NULL,NULL,NULL,NULL,0,NULL,'2014-04-30 22:09:23'),(3,'Individual',NULL,0,0,0,0,0,0,NULL,NULL,'Adams-Yadav, Jacob','Mr. Jacob Adams-Yadav',NULL,NULL,NULL,'1',NULL,'Both','636480331',NULL,'Sample Data','Jacob','J','Adams-Yadav',3,NULL,NULL,NULL,1,NULL,'Dear Jacob',1,NULL,'Dear Jacob',1,NULL,'Mr. Jacob Adams-Yadav',NULL,2,'1981-03-24',0,NULL,NULL,NULL,NULL,NULL,NULL,NULL,0,NULL,'2014-04-30 22:09:23'),(4,'Household',NULL,0,0,0,0,1,0,NULL,NULL,'Gonzlez family','Gonzlez family',NULL,NULL,NULL,NULL,NULL,'Both','3263723758',NULL,'Sample Data',NULL,NULL,NULL,NULL,NULL,NULL,NULL,5,NULL,'Dear Gonzlez family',5,NULL,'Dear Gonzlez family',2,NULL,'Gonzlez family',NULL,NULL,NULL,0,NULL,'Gonzlez family',NULL,NULL,NULL,NULL,NULL,0,NULL,'2014-04-30 22:09:24'),(5,'Household',NULL,0,0,0,0,0,0,NULL,NULL,'Lee family','Lee family',NULL,NULL,NULL,NULL,NULL,'Both','845831176',NULL,'Sample Data',NULL,NULL,NULL,NULL,NULL,NULL,NULL,5,NULL,'Dear Lee family',5,NULL,'Dear Lee family',2,NULL,'Lee family',NULL,NULL,NULL,0,NULL,'Lee family',NULL,NULL,NULL,NULL,NULL,0,NULL,'2014-04-30 22:09:23'),(6,'Individual',NULL,0,0,0,0,1,0,NULL,NULL,'Daz, Sharyn','Ms. Sharyn Daz',NULL,NULL,NULL,'1',NULL,'Both','4129279229',NULL,'Sample Data','Sharyn','M','Daz',2,NULL,NULL,NULL,1,NULL,'Dear Sharyn',1,NULL,'Dear Sharyn',1,NULL,'Ms. Sharyn Daz',NULL,1,'1981-08-04',0,NULL,NULL,NULL,NULL,NULL,NULL,NULL,0,NULL,'2014-04-30 22:09:22'),(7,'Individual',NULL,0,1,0,0,1,0,NULL,NULL,'jones.h.scarlet83@testing.net','jones.h.scarlet83@testing.net',NULL,NULL,NULL,NULL,NULL,'Both','2209404977',NULL,'Sample Data',NULL,NULL,NULL,NULL,NULL,NULL,NULL,1,NULL,'Dear jones.h.scarlet83@testing.net',1,NULL,'Dear jones.h.scarlet83@testing.net',1,NULL,'jones.h.scarlet83@testing.net',NULL,NULL,NULL,0,NULL,NULL,NULL,NULL,NULL,NULL,NULL,0,NULL,'2014-04-30 22:09:23'),(8,'Household',NULL,0,0,0,0,0,0,NULL,NULL,'Robertson family','Robertson family',NULL,NULL,NULL,NULL,NULL,'Both','3444393980',NULL,'Sample Data',NULL,NULL,NULL,NULL,NULL,NULL,NULL,5,NULL,'Dear Robertson family',5,NULL,'Dear Robertson family',2,NULL,'Robertson family',NULL,NULL,NULL,0,NULL,'Robertson family',NULL,NULL,NULL,NULL,NULL,0,NULL,'2014-04-30 22:09:24'),(9,'Individual',NULL,0,0,0,0,0,0,NULL,NULL,'Adams-Yadav, Lawerence','Lawerence Adams-Yadav',NULL,NULL,NULL,NULL,NULL,'Both','1179467038',NULL,'Sample Data','Lawerence','J','Adams-Yadav',NULL,NULL,NULL,NULL,1,NULL,'Dear Lawerence',1,NULL,'Dear Lawerence',1,NULL,'Lawerence Adams-Yadav',NULL,2,'1974-06-30',0,NULL,NULL,NULL,NULL,NULL,NULL,NULL,0,NULL,'2014-04-30 22:09:23'),(10,'Individual',NULL,0,0,0,0,0,0,NULL,NULL,'McReynolds, Maxwell','Maxwell McReynolds',NULL,NULL,NULL,'4',NULL,'Both','961058467',NULL,'Sample Data','Maxwell','M','McReynolds',NULL,NULL,NULL,NULL,1,NULL,'Dear Maxwell',1,NULL,'Dear Maxwell',1,NULL,'Maxwell McReynolds',NULL,2,NULL,0,NULL,NULL,NULL,'Allensville Education Center',NULL,NULL,194,0,NULL,'2014-04-30 22:09:24'),(11,'Individual',NULL,0,1,0,0,0,0,NULL,NULL,'Terry-Bachman, Irvin','Irvin Terry-Bachman III',NULL,NULL,NULL,'5',NULL,'Both','1925636421',NULL,'Sample Data','Irvin','E','Terry-Bachman',NULL,4,NULL,NULL,1,NULL,'Dear Irvin',1,NULL,'Dear Irvin',1,NULL,'Irvin Terry-Bachman III',NULL,2,'1966-02-01',1,'2013-09-14',NULL,NULL,'New Jersey Development Services',NULL,NULL,190,0,NULL,'2014-04-30 22:09:24'),(12,'Individual',NULL,0,1,0,0,1,0,NULL,NULL,'Lee, Iris','Iris Lee',NULL,NULL,NULL,NULL,NULL,'Both','3806304392',NULL,'Sample Data','Iris','Y','Lee',NULL,NULL,NULL,NULL,1,NULL,'Dear Iris',1,NULL,'Dear Iris',1,NULL,'Iris Lee',NULL,1,'1997-03-09',0,NULL,NULL,NULL,NULL,NULL,NULL,NULL,0,NULL,'2014-04-30 22:09:22'),(13,'Household',NULL,0,0,0,0,0,0,NULL,NULL,'Yadav family','Yadav family',NULL,NULL,NULL,'2',NULL,'Both','1777336212',NULL,'Sample Data',NULL,NULL,NULL,NULL,NULL,NULL,NULL,5,NULL,'Dear Yadav family',5,NULL,'Dear Yadav family',2,NULL,'Yadav family',NULL,NULL,NULL,0,NULL,'Yadav family',NULL,NULL,NULL,NULL,NULL,0,NULL,'2014-04-30 22:09:24'),(14,'Household',NULL,0,0,0,0,0,0,NULL,NULL,'Barkley family','Barkley family',NULL,NULL,NULL,'4',NULL,'Both','2888062109',NULL,'Sample Data',NULL,NULL,NULL,NULL,NULL,NULL,NULL,5,NULL,'Dear Barkley family',5,NULL,'Dear Barkley family',2,NULL,'Barkley family',NULL,NULL,NULL,0,NULL,'Barkley family',NULL,NULL,NULL,NULL,NULL,0,NULL,'2014-04-30 22:09:24'),(15,'Household',NULL,0,1,0,0,0,0,NULL,NULL,'Bachman family','Bachman family',NULL,NULL,NULL,'5',NULL,'Both','1714131215',NULL,'Sample Data',NULL,NULL,NULL,NULL,NULL,NULL,NULL,5,NULL,'Dear Bachman family',5,NULL,'Dear Bachman family',2,NULL,'Bachman family',NULL,NULL,NULL,0,NULL,'Bachman family',NULL,NULL,NULL,NULL,NULL,0,NULL,'2014-04-30 22:09:24'),(16,'Individual',NULL,0,0,0,0,0,0,NULL,NULL,'Adams, Delana','Dr. Delana Adams',NULL,NULL,NULL,'3',NULL,'Both','1694982266',NULL,'Sample Data','Delana','','Adams',4,NULL,NULL,NULL,1,NULL,'Dear Delana',1,NULL,'Dear Delana',1,NULL,'Dr. Delana Adams',NULL,1,'1968-04-12',0,NULL,NULL,NULL,NULL,NULL,NULL,NULL,0,NULL,'2014-04-30 22:09:22'),(17,'Individual',NULL,1,0,0,0,0,0,NULL,NULL,'Jacobs, Nicole','Dr. Nicole Jacobs',NULL,NULL,NULL,'5',NULL,'Both','1326511364',NULL,'Sample Data','Nicole','Y','Jacobs',4,NULL,NULL,NULL,1,NULL,'Dear Nicole',1,NULL,'Dear Nicole',1,NULL,'Dr. Nicole Jacobs',NULL,1,'1974-04-05',0,NULL,NULL,NULL,NULL,NULL,NULL,NULL,0,NULL,'2014-04-30 22:09:23'),(18,'Individual',NULL,0,0,0,0,0,0,NULL,NULL,'billyy@testmail.net','billyy@testmail.net',NULL,NULL,NULL,NULL,NULL,'Both','3310549716',NULL,'Sample Data',NULL,NULL,NULL,NULL,NULL,NULL,NULL,1,NULL,'Dear billyy@testmail.net',1,NULL,'Dear billyy@testmail.net',1,NULL,'billyy@testmail.net',NULL,NULL,NULL,0,NULL,NULL,NULL,NULL,NULL,NULL,NULL,0,NULL,'2014-04-30 22:09:22'),(19,'Individual',NULL,0,0,0,0,0,0,NULL,NULL,'np.smith@notmail.org','np.smith@notmail.org',NULL,NULL,NULL,'4',NULL,'Both','4128988192',NULL,'Sample Data',NULL,NULL,NULL,NULL,NULL,NULL,NULL,1,NULL,'Dear np.smith@notmail.org',1,NULL,'Dear np.smith@notmail.org',1,NULL,'np.smith@notmail.org',NULL,NULL,NULL,0,NULL,NULL,NULL,NULL,NULL,NULL,NULL,0,NULL,'2014-04-30 22:09:22'),(20,'Individual',NULL,0,1,0,0,0,0,NULL,NULL,'Samson, Russell','Russell Samson III',NULL,NULL,NULL,NULL,NULL,'Both','961724057',NULL,'Sample Data','Russell','K','Samson',NULL,4,NULL,NULL,1,NULL,'Dear Russell',1,NULL,'Dear Russell',1,NULL,'Russell Samson III',NULL,2,NULL,0,NULL,NULL,NULL,NULL,NULL,NULL,NULL,0,NULL,'2014-04-30 22:09:22'),(21,'Individual',NULL,0,0,0,0,0,0,NULL,NULL,'Prentice, Rodrigo','Rodrigo Prentice',NULL,NULL,NULL,NULL,NULL,'Both','300374885',NULL,'Sample Data','Rodrigo','Z','Prentice',NULL,NULL,NULL,NULL,1,NULL,'Dear Rodrigo',1,NULL,'Dear Rodrigo',1,NULL,'Rodrigo Prentice',NULL,2,'1965-04-18',0,NULL,NULL,NULL,NULL,NULL,NULL,NULL,0,NULL,'2014-04-30 22:09:23'),(22,'Individual',NULL,0,0,0,0,0,0,NULL,NULL,'Jacobs, Allan','Allan Jacobs Jr.',NULL,NULL,NULL,'5',NULL,'Both','238176924',NULL,'Sample Data','Allan','N','Jacobs',NULL,1,NULL,NULL,1,NULL,'Dear Allan',1,NULL,'Dear Allan',1,NULL,'Allan Jacobs Jr.',NULL,2,'1968-12-11',0,NULL,NULL,NULL,'Sacramento Legal School',NULL,NULL,33,0,NULL,'2014-04-30 22:09:24'),(23,'Individual',NULL,1,0,0,0,0,0,NULL,NULL,'Patel, Junko','Junko Patel',NULL,NULL,NULL,'5',NULL,'Both','3770216305',NULL,'Sample Data','Junko','A','Patel',NULL,NULL,NULL,NULL,1,NULL,'Dear Junko',1,NULL,'Dear Junko',1,NULL,'Junko Patel',NULL,1,NULL,0,NULL,NULL,NULL,NULL,NULL,NULL,NULL,0,NULL,'2014-04-30 22:09:23'),(24,'Individual',NULL,1,0,0,0,0,0,NULL,NULL,'Roberts, Laree','Laree Roberts',NULL,NULL,NULL,NULL,NULL,'Both','3314820485',NULL,'Sample Data','Laree','','Roberts',NULL,NULL,NULL,NULL,1,NULL,'Dear Laree',1,NULL,'Dear Laree',1,NULL,'Laree Roberts',NULL,1,NULL,0,NULL,NULL,NULL,NULL,NULL,NULL,NULL,0,NULL,'2014-04-30 22:09:23'),(25,'Individual',NULL,0,0,0,0,0,0,NULL,NULL,'Terry, Jed','Mr. Jed Terry Jr.',NULL,NULL,NULL,NULL,NULL,'Both','2004213447',NULL,'Sample Data','Jed','L','Terry',3,1,NULL,NULL,1,NULL,'Dear Jed',1,NULL,'Dear Jed',1,NULL,'Mr. Jed Terry Jr.',NULL,2,NULL,0,NULL,NULL,NULL,NULL,NULL,NULL,NULL,0,NULL,'2014-04-30 22:09:23'),(26,'Individual',NULL,0,0,0,0,0,0,NULL,NULL,'Barkley, Megan','Megan Barkley',NULL,NULL,NULL,'4',NULL,'Both','1340337138',NULL,'Sample Data','Megan','','Barkley',NULL,NULL,NULL,NULL,1,NULL,'Dear Megan',1,NULL,'Dear Megan',1,NULL,'Megan Barkley',NULL,NULL,'1960-01-24',0,NULL,NULL,NULL,NULL,NULL,NULL,NULL,0,NULL,'2014-04-30 22:09:23'),(27,'Individual',NULL,0,0,0,0,0,0,NULL,NULL,'vparker38@testing.com','vparker38@testing.com',NULL,NULL,NULL,'3',NULL,'Both','4114485757',NULL,'Sample Data',NULL,NULL,NULL,NULL,NULL,NULL,NULL,1,NULL,'Dear vparker38@testing.com',1,NULL,'Dear vparker38@testing.com',1,NULL,'vparker38@testing.com',NULL,NULL,NULL,0,NULL,NULL,NULL,NULL,NULL,NULL,NULL,0,NULL,'2014-04-30 22:09:22'),(28,'Individual',NULL,0,0,0,0,1,0,NULL,NULL,'McReynolds-Gonzlez, Herminia','Mrs. Herminia McReynolds-Gonzlez',NULL,NULL,NULL,NULL,NULL,'Both','1725766595',NULL,'Sample Data','Herminia','I','McReynolds-Gonzlez',1,NULL,NULL,NULL,1,NULL,'Dear Herminia',1,NULL,'Dear Herminia',1,NULL,'Mrs. Herminia McReynolds-Gonzlez',NULL,NULL,'1980-05-07',0,NULL,NULL,NULL,NULL,NULL,NULL,NULL,0,NULL,'2014-04-30 22:09:23'),(29,'Individual',NULL,0,0,0,0,0,0,NULL,NULL,'Terry, Norris','Norris Terry',NULL,NULL,NULL,NULL,NULL,'Both','3663735328',NULL,'Sample Data','Norris','','Terry',NULL,NULL,NULL,NULL,1,NULL,'Dear Norris',1,NULL,'Dear Norris',1,NULL,'Norris Terry',NULL,2,NULL,0,NULL,NULL,NULL,NULL,NULL,NULL,NULL,0,NULL,'2014-04-30 22:09:23'),(30,'Individual',NULL,0,1,0,0,0,0,NULL,NULL,'Terry, Kenny','Dr. Kenny Terry Sr.',NULL,NULL,NULL,'3',NULL,'Both','1180301319',NULL,'Sample Data','Kenny','','Terry',4,2,NULL,NULL,1,NULL,'Dear Kenny',1,NULL,'Dear Kenny',1,NULL,'Dr. Kenny Terry Sr.',NULL,2,NULL,0,NULL,NULL,NULL,'Second Sustainability Collective',NULL,NULL,121,0,NULL,'2014-04-30 22:09:24'),(31,'Individual',NULL,0,0,0,0,0,0,NULL,NULL,'Mller, Eleonor','Eleonor Mller',NULL,NULL,NULL,'5',NULL,'Both','4009103845',NULL,'Sample Data','Eleonor','L','Mller',NULL,NULL,NULL,NULL,1,NULL,'Dear Eleonor',1,NULL,'Dear Eleonor',1,NULL,'Eleonor Mller',NULL,NULL,NULL,0,NULL,NULL,NULL,NULL,NULL,NULL,NULL,0,NULL,'2014-04-30 22:09:22'),(32,'Individual',NULL,1,0,0,0,0,0,NULL,NULL,'Zope, Rolando','Rolando Zope Sr.',NULL,NULL,NULL,NULL,NULL,'Both','1046286833',NULL,'Sample Data','Rolando','','Zope',NULL,2,NULL,NULL,1,NULL,'Dear Rolando',1,NULL,'Dear Rolando',1,NULL,'Rolando Zope Sr.',NULL,2,'1961-11-22',1,'2013-05-01',NULL,NULL,NULL,NULL,NULL,NULL,0,NULL,'2014-04-30 22:09:23'),(33,'Organization',NULL,0,0,0,0,1,0,NULL,NULL,'Sacramento Legal School','Sacramento Legal School',NULL,NULL,NULL,'5',NULL,'Both','4033755784',NULL,'Sample Data',NULL,NULL,NULL,NULL,NULL,NULL,NULL,NULL,NULL,NULL,NULL,NULL,NULL,3,NULL,'Sacramento Legal School',NULL,NULL,NULL,0,NULL,NULL,22,'Sacramento Legal School',NULL,NULL,NULL,0,NULL,'2014-04-30 22:09:24'),(34,'Individual',NULL,0,0,0,0,0,0,NULL,NULL,'adams.andrew@lol.info','adams.andrew@lol.info',NULL,NULL,NULL,'3',NULL,'Both','873416172',NULL,'Sample Data',NULL,NULL,NULL,4,3,NULL,NULL,1,NULL,'Dear adams.andrew@lol.info',1,NULL,'Dear adams.andrew@lol.info',1,NULL,'adams.andrew@lol.info',NULL,NULL,NULL,0,NULL,NULL,NULL,NULL,NULL,NULL,NULL,0,NULL,'2014-04-30 22:09:23'),(35,'Individual',NULL,0,0,0,0,1,0,NULL,NULL,'bryongrant-wagner97@spamalot.co.in','bryongrant-wagner97@spamalot.co.in',NULL,NULL,NULL,'1',NULL,'Both','2291449039',NULL,'Sample Data',NULL,NULL,NULL,NULL,NULL,NULL,NULL,1,NULL,'Dear bryongrant-wagner97@spamalot.co.in',1,NULL,'Dear bryongrant-wagner97@spamalot.co.in',1,NULL,'bryongrant-wagner97@spamalot.co.in',NULL,NULL,NULL,0,NULL,NULL,NULL,NULL,NULL,NULL,NULL,0,NULL,'2014-04-30 22:09:23'),(36,'Individual',NULL,0,0,0,0,0,0,NULL,NULL,'Cooper, Delana','Delana Cooper',NULL,NULL,NULL,NULL,NULL,'Both','3587056098',NULL,'Sample Data','Delana','G','Cooper',NULL,NULL,NULL,NULL,1,NULL,'Dear Delana',1,NULL,'Dear Delana',1,NULL,'Delana Cooper',NULL,1,'1981-06-14',0,NULL,NULL,NULL,NULL,NULL,NULL,NULL,0,NULL,'2014-04-30 22:09:22'),(37,'Individual',NULL,0,0,0,0,0,0,NULL,NULL,'Wilson, Tanya','Mrs. Tanya Wilson',NULL,NULL,NULL,NULL,NULL,'Both','147078466',NULL,'Sample Data','Tanya','','Wilson',1,NULL,NULL,NULL,1,NULL,'Dear Tanya',1,NULL,'Dear Tanya',1,NULL,'Mrs. Tanya Wilson',NULL,NULL,'1984-06-14',0,NULL,NULL,NULL,NULL,NULL,NULL,NULL,0,NULL,'2014-04-30 22:09:22'),(38,'Individual',NULL,0,0,0,0,1,0,NULL,NULL,'chowski, Lincoln','Lincoln chowski',NULL,NULL,NULL,'5',NULL,'Both','4115738277',NULL,'Sample Data','Lincoln','','chowski',NULL,NULL,NULL,NULL,1,NULL,'Dear Lincoln',1,NULL,'Dear Lincoln',1,NULL,'Lincoln chowski',NULL,2,NULL,0,NULL,NULL,NULL,NULL,NULL,NULL,NULL,0,NULL,'2014-04-30 22:09:22'),(39,'Household',NULL,0,1,0,0,0,0,NULL,NULL,'Smith family','Smith family',NULL,NULL,NULL,'5',NULL,'Both','4082772645',NULL,'Sample Data',NULL,NULL,NULL,NULL,NULL,NULL,NULL,5,NULL,'Dear Smith family',5,NULL,'Dear Smith family',2,NULL,'Smith family',NULL,NULL,NULL,0,NULL,'Smith family',NULL,NULL,NULL,NULL,NULL,0,NULL,'2014-04-30 22:09:24'),(40,'Individual',NULL,1,0,0,0,0,0,NULL,NULL,'Roberts, Ashley','Mrs. Ashley Roberts',NULL,NULL,NULL,'3',NULL,'Both','4027031255',NULL,'Sample Data','Ashley','A','Roberts',1,NULL,NULL,NULL,1,NULL,'Dear Ashley',1,NULL,'Dear Ashley',1,NULL,'Mrs. Ashley Roberts',NULL,1,'1976-03-25',0,NULL,NULL,NULL,NULL,NULL,NULL,NULL,0,NULL,'2014-04-30 22:09:23'),(41,'Individual',NULL,0,0,0,0,0,0,NULL,NULL,'Jensen, Lou','Dr. Lou Jensen',NULL,NULL,NULL,NULL,NULL,'Both','707335642',NULL,'Sample Data','Lou','C','Jensen',4,NULL,NULL,NULL,1,NULL,'Dear Lou',1,NULL,'Dear Lou',1,NULL,'Dr. Lou Jensen',NULL,2,NULL,0,NULL,NULL,NULL,NULL,NULL,NULL,NULL,0,NULL,'2014-04-30 22:09:22'),(42,'Individual',NULL,0,0,0,0,0,0,NULL,NULL,'Terrell, Lou','Mr. Lou Terrell II',NULL,NULL,NULL,NULL,NULL,'Both','4250963899',NULL,'Sample Data','Lou','N','Terrell',3,3,NULL,NULL,1,NULL,'Dear Lou',1,NULL,'Dear Lou',1,NULL,'Mr. Lou Terrell II',NULL,2,NULL,0,NULL,NULL,NULL,NULL,NULL,NULL,NULL,0,NULL,'2014-04-30 22:09:22'),(43,'Individual',NULL,0,1,0,0,0,0,NULL,NULL,'Samson, Barry','Dr. Barry Samson Jr.',NULL,NULL,NULL,'4',NULL,'Both','100370241',NULL,'Sample Data','Barry','','Samson',4,1,NULL,NULL,1,NULL,'Dear Barry',1,NULL,'Dear Barry',1,NULL,'Dr. Barry Samson Jr.',NULL,2,NULL,0,NULL,NULL,NULL,NULL,NULL,NULL,NULL,0,NULL,'2014-04-30 22:09:23'),(44,'Individual',NULL,0,0,0,0,0,0,NULL,NULL,'McReynolds-Gonzlez, Brittney','Dr. Brittney McReynolds-Gonzlez',NULL,NULL,NULL,NULL,NULL,'Both','1278212856',NULL,'Sample Data','Brittney','C','McReynolds-Gonzlez',4,NULL,NULL,NULL,1,NULL,'Dear Brittney',1,NULL,'Dear Brittney',1,NULL,'Dr. Brittney McReynolds-Gonzlez',NULL,1,'1974-09-24',0,NULL,NULL,NULL,NULL,NULL,NULL,NULL,0,NULL,'2014-04-30 22:09:23'),(45,'Individual',NULL,0,0,0,0,0,0,NULL,NULL,'Zope-Roberts, Elina','Elina Zope-Roberts',NULL,NULL,NULL,'1',NULL,'Both','2755333340',NULL,'Sample Data','Elina','','Zope-Roberts',NULL,NULL,NULL,NULL,1,NULL,'Dear Elina',1,NULL,'Dear Elina',1,NULL,'Elina Zope-Roberts',NULL,1,NULL,0,NULL,NULL,NULL,NULL,NULL,NULL,NULL,0,NULL,'2014-04-30 22:09:23'),(46,'Individual',NULL,0,0,0,0,0,0,NULL,NULL,'allengonzlez52@airmail.biz','allengonzlez52@airmail.biz',NULL,NULL,NULL,'1',NULL,'Both','274693241',NULL,'Sample Data',NULL,NULL,NULL,3,NULL,NULL,NULL,1,NULL,'Dear allengonzlez52@airmail.biz',1,NULL,'Dear allengonzlez52@airmail.biz',1,NULL,'allengonzlez52@airmail.biz',NULL,NULL,NULL,0,NULL,NULL,NULL,NULL,NULL,NULL,NULL,0,NULL,'2014-04-30 22:09:23'),(47,'Individual',NULL,0,0,0,0,0,0,NULL,NULL,'barkleyj@spamalot.com','barkleyj@spamalot.com',NULL,NULL,NULL,NULL,NULL,'Both','3959599086',NULL,'Sample Data',NULL,NULL,NULL,3,NULL,NULL,NULL,1,NULL,'Dear barkleyj@spamalot.com',1,NULL,'Dear barkleyj@spamalot.com',1,NULL,'barkleyj@spamalot.com',NULL,NULL,NULL,0,NULL,NULL,NULL,'Mount Jackson Development Collective',NULL,NULL,127,0,NULL,'2014-04-30 22:09:24'),(48,'Individual',NULL,0,0,0,0,0,0,NULL,NULL,'Barkley, Allan','Allan Barkley Sr.',NULL,NULL,NULL,'3',NULL,'Both','4216235672',NULL,'Sample Data','Allan','O','Barkley',NULL,2,NULL,NULL,1,NULL,'Dear Allan',1,NULL,'Dear Allan',1,NULL,'Allan Barkley Sr.',NULL,2,NULL,0,NULL,NULL,NULL,NULL,NULL,NULL,NULL,0,NULL,'2014-04-30 22:09:23'),(49,'Individual',NULL,0,1,0,0,0,0,NULL,NULL,'Bachman, Truman','Truman Bachman Sr.',NULL,NULL,NULL,NULL,NULL,'Both','3082046682',NULL,'Sample Data','Truman','','Bachman',NULL,2,NULL,NULL,1,NULL,'Dear Truman',1,NULL,'Dear Truman',1,NULL,'Truman Bachman Sr.',NULL,2,NULL,0,NULL,NULL,NULL,NULL,NULL,NULL,NULL,0,NULL,'2014-04-30 22:09:22'),(50,'Individual',NULL,0,0,0,0,0,0,NULL,NULL,'Smith, Ivey','Ivey Smith',NULL,NULL,NULL,NULL,NULL,'Both','4175270008',NULL,'Sample Data','Ivey','','Smith',NULL,NULL,NULL,NULL,1,NULL,'Dear Ivey',1,NULL,'Dear Ivey',1,NULL,'Ivey Smith',NULL,1,NULL,0,NULL,NULL,NULL,NULL,NULL,NULL,NULL,0,NULL,'2014-04-30 22:09:23'),(51,'Individual',NULL,0,0,0,0,0,0,NULL,NULL,'Cruz, Ashley','Ms. Ashley Cruz',NULL,NULL,NULL,NULL,NULL,'Both','2056649035',NULL,'Sample Data','Ashley','H','Cruz',2,NULL,NULL,NULL,1,NULL,'Dear Ashley',1,NULL,'Dear Ashley',1,NULL,'Ms. Ashley Cruz',NULL,1,NULL,0,NULL,NULL,NULL,NULL,NULL,NULL,NULL,0,NULL,'2014-04-30 22:09:23'),(52,'Individual',NULL,0,0,0,0,0,0,NULL,NULL,'Jensen, Carlos','Carlos Jensen II',NULL,NULL,NULL,NULL,NULL,'Both','3008185857',NULL,'Sample Data','Carlos','A','Jensen',NULL,3,NULL,NULL,1,NULL,'Dear Carlos',1,NULL,'Dear Carlos',1,NULL,'Carlos Jensen II',NULL,2,NULL,0,NULL,NULL,NULL,NULL,NULL,NULL,NULL,0,NULL,'2014-04-30 22:09:22'),(53,'Individual',NULL,0,0,0,0,0,0,NULL,NULL,'Yadav, Merrie','Merrie Yadav',NULL,NULL,NULL,NULL,NULL,'Both','4091106765',NULL,'Sample Data','Merrie','','Yadav',NULL,NULL,NULL,NULL,1,NULL,'Dear Merrie',1,NULL,'Dear Merrie',1,NULL,'Merrie Yadav',NULL,NULL,NULL,1,'2013-08-04',NULL,NULL,NULL,NULL,NULL,NULL,0,NULL,'2014-04-30 22:09:22'),(54,'Individual',NULL,0,0,0,0,0,0,NULL,NULL,'Roberts, Herminia','Ms. Herminia Roberts',NULL,NULL,NULL,NULL,NULL,'Both','3243130524',NULL,'Sample Data','Herminia','','Roberts',2,NULL,NULL,NULL,1,NULL,'Dear Herminia',1,NULL,'Dear Herminia',1,NULL,'Ms. Herminia Roberts',NULL,1,NULL,0,NULL,NULL,NULL,NULL,NULL,NULL,NULL,0,NULL,'2014-04-30 22:09:23'),(55,'Individual',NULL,0,0,0,0,0,0,NULL,NULL,'Bachman, Jed','Mr. Jed Bachman',NULL,NULL,NULL,NULL,NULL,'Both','876018088',NULL,'Sample Data','Jed','V','Bachman',3,NULL,NULL,NULL,1,NULL,'Dear Jed',1,NULL,'Dear Jed',1,NULL,'Mr. Jed Bachman',NULL,2,'1955-02-02',0,NULL,NULL,NULL,NULL,NULL,NULL,NULL,0,NULL,'2014-04-30 22:09:22'),(56,'Individual',NULL,0,0,0,0,0,0,NULL,NULL,'Terrell, Kandace','Dr. Kandace Terrell',NULL,NULL,NULL,'4',NULL,'Both','3245030049',NULL,'Sample Data','Kandace','F','Terrell',4,NULL,NULL,NULL,1,NULL,'Dear Kandace',1,NULL,'Dear Kandace',1,NULL,'Dr. Kandace Terrell',NULL,1,NULL,1,'2013-11-24',NULL,NULL,NULL,NULL,NULL,NULL,0,NULL,'2014-04-30 22:09:23'),(57,'Household',NULL,0,0,0,0,0,0,NULL,NULL,'Terry family','Terry family',NULL,NULL,NULL,'3',NULL,'Both','558108751',NULL,'Sample Data',NULL,NULL,NULL,NULL,NULL,NULL,NULL,5,NULL,'Dear Terry family',5,NULL,'Dear Terry family',2,NULL,'Terry family',NULL,NULL,NULL,0,NULL,'Terry family',NULL,NULL,NULL,NULL,NULL,0,NULL,'2014-04-30 22:09:24'),(58,'Individual',NULL,0,0,0,0,0,0,NULL,NULL,'Reynolds, Ashley','Dr. Ashley Reynolds',NULL,NULL,NULL,NULL,NULL,'Both','3873693132',NULL,'Sample Data','Ashley','A','Reynolds',4,NULL,NULL,NULL,1,NULL,'Dear Ashley',1,NULL,'Dear Ashley',1,NULL,'Dr. Ashley Reynolds',NULL,2,NULL,0,NULL,NULL,NULL,NULL,NULL,NULL,NULL,0,NULL,'2014-04-30 22:09:22'),(59,'Individual',NULL,0,0,0,0,1,0,NULL,NULL,'Lee, Clint','Clint Lee III',NULL,NULL,NULL,NULL,NULL,'Both','1676794419',NULL,'Sample Data','Clint','','Lee',NULL,4,NULL,NULL,1,NULL,'Dear Clint',1,NULL,'Dear Clint',1,NULL,'Clint Lee III',NULL,2,'1944-10-06',1,'2013-12-18',NULL,NULL,NULL,NULL,NULL,NULL,0,NULL,'2014-04-30 22:09:23'),(60,'Individual',NULL,0,0,0,0,0,0,NULL,NULL,'roberts.santina@airmail.org','roberts.santina@airmail.org',NULL,NULL,NULL,'2',NULL,'Both','648495443',NULL,'Sample Data',NULL,NULL,NULL,1,NULL,NULL,NULL,1,NULL,'Dear roberts.santina@airmail.org',1,NULL,'Dear roberts.santina@airmail.org',1,NULL,'roberts.santina@airmail.org',NULL,NULL,NULL,0,NULL,NULL,NULL,NULL,NULL,NULL,NULL,0,NULL,'2014-04-30 22:09:23'),(61,'Organization',NULL,0,1,0,0,0,0,NULL,NULL,'Global Empowerment Center','Global Empowerment Center',NULL,NULL,NULL,NULL,NULL,'Both','1337798948',NULL,'Sample Data',NULL,NULL,NULL,NULL,NULL,NULL,NULL,NULL,NULL,NULL,NULL,NULL,NULL,3,NULL,'Global Empowerment Center',NULL,NULL,NULL,0,NULL,NULL,154,'Global Empowerment Center',NULL,NULL,NULL,0,NULL,'2014-04-30 22:09:24'),(62,'Individual',NULL,0,0,0,0,0,0,NULL,NULL,'Gonzlez, Ashley','Ashley Gonzlez Sr.',NULL,NULL,NULL,'1',NULL,'Both','1248338675',NULL,'Sample Data','Ashley','','Gonzlez',NULL,2,NULL,NULL,1,NULL,'Dear Ashley',1,NULL,'Dear Ashley',1,NULL,'Ashley Gonzlez Sr.',NULL,2,'1945-10-22',1,'2013-07-17',NULL,NULL,'Lincoln Environmental Solutions',NULL,NULL,130,0,NULL,'2014-04-30 22:09:24'),(63,'Organization',NULL,1,1,0,0,0,0,NULL,NULL,'Tennessee Sustainability Initiative','Tennessee Sustainability Initiative',NULL,NULL,NULL,'3',NULL,'Both','2589154704',NULL,'Sample Data',NULL,NULL,NULL,NULL,NULL,NULL,NULL,NULL,NULL,NULL,NULL,NULL,NULL,3,NULL,'Tennessee Sustainability Initiative',NULL,NULL,NULL,0,NULL,NULL,78,'Tennessee Sustainability Initiative',NULL,NULL,NULL,0,NULL,'2014-04-30 22:09:24'),(64,'Individual',NULL,0,1,0,0,0,0,NULL,NULL,'Wattson, Jacob','Jacob Wattson',NULL,NULL,NULL,NULL,NULL,'Both','3880437481',NULL,'Sample Data','Jacob','C','Wattson',NULL,NULL,NULL,NULL,1,NULL,'Dear Jacob',1,NULL,'Dear Jacob',1,NULL,'Jacob Wattson',NULL,NULL,NULL,0,NULL,NULL,NULL,NULL,NULL,NULL,NULL,0,NULL,'2014-04-30 22:09:22'),(65,'Individual',NULL,1,0,0,0,1,0,NULL,NULL,'Mller, Elizabeth','Elizabeth Mller',NULL,NULL,NULL,NULL,NULL,'Both','4256337263',NULL,'Sample Data','Elizabeth','J','Mller',NULL,NULL,NULL,NULL,1,NULL,'Dear Elizabeth',1,NULL,'Dear Elizabeth',1,NULL,'Elizabeth Mller',NULL,NULL,'1928-11-23',1,'2013-10-14',NULL,NULL,NULL,NULL,NULL,NULL,0,NULL,'2014-04-30 22:09:22'),(66,'Individual',NULL,1,0,0,0,0,0,NULL,NULL,'Yadav, Herminia','Mrs. Herminia Yadav',NULL,NULL,NULL,'5',NULL,'Both','201559464',NULL,'Sample Data','Herminia','V','Yadav',1,NULL,NULL,NULL,1,NULL,'Dear Herminia',1,NULL,'Dear Herminia',1,NULL,'Mrs. Herminia Yadav',NULL,1,'1969-08-27',0,NULL,NULL,NULL,NULL,NULL,NULL,NULL,0,NULL,'2014-04-30 22:09:23'),(67,'Individual',NULL,0,0,0,0,0,0,NULL,NULL,'Samuels, Scott','Scott Samuels',NULL,NULL,NULL,'1',NULL,'Both','3378188824',NULL,'Sample Data','Scott','','Samuels',NULL,NULL,NULL,NULL,1,NULL,'Dear Scott',1,NULL,'Dear Scott',1,NULL,'Scott Samuels',NULL,NULL,NULL,1,NULL,NULL,NULL,NULL,NULL,NULL,NULL,0,NULL,'2014-04-30 22:09:23'),(68,'Individual',NULL,0,0,0,0,0,0,NULL,NULL,'leer@airmail.co.nz','leer@airmail.co.nz',NULL,NULL,NULL,'2',NULL,'Both','1651903473',NULL,'Sample Data',NULL,NULL,NULL,NULL,1,NULL,NULL,1,NULL,'Dear leer@airmail.co.nz',1,NULL,'Dear leer@airmail.co.nz',1,NULL,'leer@airmail.co.nz',NULL,NULL,NULL,0,NULL,NULL,NULL,NULL,NULL,NULL,NULL,0,NULL,'2014-04-30 22:09:23'),(69,'Individual',NULL,0,0,0,0,1,0,NULL,NULL,'robertson.norris@mymail.biz','robertson.norris@mymail.biz',NULL,NULL,NULL,'3',NULL,'Both','1132349908',NULL,'Sample Data',NULL,NULL,NULL,NULL,4,NULL,NULL,1,NULL,'Dear robertson.norris@mymail.biz',1,NULL,'Dear robertson.norris@mymail.biz',1,NULL,'robertson.norris@mymail.biz',NULL,NULL,NULL,0,NULL,NULL,NULL,NULL,NULL,NULL,NULL,0,NULL,'2014-04-30 22:09:23'),(70,'Individual',NULL,0,1,0,0,0,0,NULL,NULL,'Patel, Jay','Dr. Jay Patel III',NULL,NULL,NULL,NULL,NULL,'Both','320192131',NULL,'Sample Data','Jay','','Patel',4,4,NULL,NULL,1,NULL,'Dear Jay',1,NULL,'Dear Jay',1,NULL,'Dr. Jay Patel III',NULL,NULL,'1968-10-26',0,NULL,NULL,NULL,NULL,NULL,NULL,NULL,0,NULL,'2014-04-30 22:09:23'),(71,'Individual',NULL,0,0,0,0,0,0,NULL,NULL,'jensen.delana@airmail.co.pl','jensen.delana@airmail.co.pl',NULL,NULL,NULL,NULL,NULL,'Both','306139526',NULL,'Sample Data',NULL,NULL,NULL,1,NULL,NULL,NULL,1,NULL,'Dear jensen.delana@airmail.co.pl',1,NULL,'Dear jensen.delana@airmail.co.pl',1,NULL,'jensen.delana@airmail.co.pl',NULL,NULL,NULL,0,NULL,NULL,NULL,NULL,NULL,NULL,NULL,0,NULL,'2014-04-30 22:09:22'),(72,'Household',NULL,0,1,0,0,0,0,NULL,NULL,'Adams-Yadav family','Adams-Yadav family',NULL,NULL,NULL,NULL,NULL,'Both','1800853018',NULL,'Sample Data',NULL,NULL,NULL,NULL,NULL,NULL,NULL,5,NULL,'Dear Adams-Yadav family',5,NULL,'Dear Adams-Yadav family',2,NULL,'Adams-Yadav family',NULL,NULL,NULL,0,NULL,'Adams-Yadav family',NULL,NULL,NULL,NULL,NULL,0,NULL,'2014-04-30 22:09:24'),(73,'Individual',NULL,1,0,0,0,1,0,NULL,NULL,'Daz, Felisha','Felisha Daz',NULL,NULL,NULL,NULL,NULL,'Both','2255534566',NULL,'Sample Data','Felisha','H','Daz',NULL,NULL,NULL,NULL,1,NULL,'Dear Felisha',1,NULL,'Dear Felisha',1,NULL,'Felisha Daz',NULL,1,'1969-10-05',0,NULL,NULL,NULL,NULL,NULL,NULL,NULL,0,NULL,'2014-04-30 22:09:22'),(74,'Individual',NULL,0,0,0,0,1,0,NULL,NULL,'Patel, Carlos','Mr. Carlos Patel',NULL,NULL,NULL,'5',NULL,'Both','2432936038',NULL,'Sample Data','Carlos','P','Patel',3,NULL,NULL,NULL,1,NULL,'Dear Carlos',1,NULL,'Dear Carlos',1,NULL,'Mr. Carlos Patel',NULL,2,NULL,0,NULL,NULL,NULL,NULL,NULL,NULL,NULL,0,NULL,'2014-04-30 22:09:22'),(75,'Individual',NULL,0,1,0,0,0,0,NULL,NULL,'Yadav, Winford','Mr. Winford Yadav',NULL,NULL,NULL,'3',NULL,'Both','3002231808',NULL,'Sample Data','Winford','Z','Yadav',3,NULL,NULL,NULL,1,NULL,'Dear Winford',1,NULL,'Dear Winford',1,NULL,'Mr. Winford Yadav',NULL,2,NULL,0,NULL,NULL,NULL,NULL,NULL,NULL,NULL,0,NULL,'2014-04-30 22:09:23'),(76,'Individual',NULL,1,0,0,0,0,0,NULL,NULL,'Deforest, Esta','Dr. Esta Deforest',NULL,NULL,NULL,'3',NULL,'Both','2058701056',NULL,'Sample Data','Esta','','Deforest',4,NULL,NULL,NULL,1,NULL,'Dear Esta',1,NULL,'Dear Esta',1,NULL,'Dr. Esta Deforest',NULL,NULL,'1949-11-26',1,'2013-06-16',NULL,NULL,NULL,NULL,NULL,NULL,0,NULL,'2014-04-30 22:09:22'),(77,'Individual',NULL,0,0,0,0,0,0,NULL,NULL,'Gonzlez, Kacey','Dr. Kacey Gonzlez',NULL,NULL,NULL,NULL,NULL,'Both','3252374889',NULL,'Sample Data','Kacey','','Gonzlez',4,NULL,NULL,NULL,1,NULL,'Dear Kacey',1,NULL,'Dear Kacey',1,NULL,'Dr. Kacey Gonzlez',NULL,1,'1992-07-22',0,NULL,NULL,NULL,'United Action Academy',NULL,NULL,122,0,NULL,'2014-04-30 22:09:24'),(78,'Individual',NULL,0,0,0,0,0,0,NULL,NULL,'Yadav, Brittney','Brittney Yadav',NULL,NULL,NULL,NULL,NULL,'Both','653356179',NULL,'Sample Data','Brittney','Z','Yadav',NULL,NULL,NULL,NULL,1,NULL,'Dear Brittney',1,NULL,'Dear Brittney',1,NULL,'Brittney Yadav',NULL,NULL,NULL,0,NULL,NULL,NULL,'Tennessee Sustainability Initiative',NULL,NULL,63,0,NULL,'2014-04-30 22:09:24'),(79,'Individual',NULL,0,0,0,0,0,0,NULL,NULL,'Nielsen, Carylon','Mrs. Carylon Nielsen',NULL,NULL,NULL,NULL,NULL,'Both','1077556196',NULL,'Sample Data','Carylon','','Nielsen',1,NULL,NULL,NULL,1,NULL,'Dear Carylon',1,NULL,'Dear Carylon',1,NULL,'Mrs. Carylon Nielsen',NULL,1,'1952-11-02',1,'2013-06-12',NULL,NULL,'Kansas Sustainability Fund',NULL,NULL,191,0,NULL,'2014-04-30 22:09:24'),(80,'Individual',NULL,1,0,0,0,1,0,NULL,NULL,'Dimitrov, Irvin','Mr. Irvin Dimitrov III',NULL,NULL,NULL,'2',NULL,'Both','3379867453',NULL,'Sample Data','Irvin','L','Dimitrov',3,4,NULL,NULL,1,NULL,'Dear Irvin',1,NULL,'Dear Irvin',1,NULL,'Mr. Irvin Dimitrov III',NULL,2,'1968-06-26',0,NULL,NULL,NULL,NULL,NULL,NULL,NULL,0,NULL,'2014-04-30 22:09:22'),(81,'Individual',NULL,0,0,0,0,0,0,NULL,NULL,'Smith, Lou','Lou Smith III',NULL,NULL,NULL,NULL,NULL,'Both','807934485',NULL,'Sample Data','Lou','R','Smith',NULL,4,NULL,NULL,1,NULL,'Dear Lou',1,NULL,'Dear Lou',1,NULL,'Lou Smith III',NULL,NULL,'1962-08-05',0,NULL,NULL,NULL,NULL,NULL,NULL,NULL,0,NULL,'2014-04-30 22:09:23'),(82,'Household',NULL,0,0,0,0,1,0,NULL,NULL,'Prentice-Lee family','Prentice-Lee family',NULL,NULL,NULL,NULL,NULL,'Both','3892164008',NULL,'Sample Data',NULL,NULL,NULL,NULL,NULL,NULL,NULL,5,NULL,'Dear Prentice-Lee family',5,NULL,'Dear Prentice-Lee family',2,NULL,'Prentice-Lee family',NULL,NULL,NULL,0,NULL,'Prentice-Lee family',NULL,NULL,NULL,NULL,NULL,0,NULL,'2014-04-30 22:09:24'),(83,'Household',NULL,0,1,0,0,0,0,NULL,NULL,'Patel family','Patel family',NULL,NULL,NULL,NULL,NULL,'Both','1669281794',NULL,'Sample Data',NULL,NULL,NULL,NULL,NULL,NULL,NULL,5,NULL,'Dear Patel family',5,NULL,'Dear Patel family',2,NULL,'Patel family',NULL,NULL,NULL,0,NULL,'Patel family',NULL,NULL,NULL,NULL,NULL,0,NULL,'2014-04-30 22:09:24'),(84,'Individual',NULL,1,0,0,0,1,0,NULL,NULL,'Robertson, Irvin','Irvin Robertson',NULL,NULL,NULL,'4',NULL,'Both','3287904826',NULL,'Sample Data','Irvin','C','Robertson',NULL,NULL,NULL,NULL,1,NULL,'Dear Irvin',1,NULL,'Dear Irvin',1,NULL,'Irvin Robertson',NULL,NULL,'1959-12-02',0,NULL,NULL,NULL,NULL,NULL,NULL,NULL,0,NULL,'2014-04-30 22:09:23'),(85,'Individual',NULL,0,0,0,0,1,0,NULL,NULL,'Olsen, Winford','Winford Olsen',NULL,NULL,NULL,NULL,NULL,'Both','2542718281',NULL,'Sample Data','Winford','Q','Olsen',NULL,NULL,NULL,NULL,1,NULL,'Dear Winford',1,NULL,'Dear Winford',1,NULL,'Winford Olsen',NULL,2,'1970-08-17',0,NULL,NULL,NULL,'Woodbridge Development Fellowship',NULL,NULL,169,0,NULL,'2014-04-30 22:09:24'),(86,'Individual',NULL,0,1,0,0,0,0,NULL,NULL,'Reynolds, Rolando','Rolando Reynolds',NULL,NULL,NULL,NULL,NULL,'Both','1271547729',NULL,'Sample Data','Rolando','N','Reynolds',NULL,NULL,NULL,NULL,1,NULL,'Dear Rolando',1,NULL,'Dear Rolando',1,NULL,'Rolando Reynolds',NULL,NULL,'1988-10-03',0,NULL,NULL,NULL,NULL,NULL,NULL,NULL,0,NULL,'2014-04-30 22:09:23'),(87,'Individual',NULL,1,0,0,0,0,0,NULL,NULL,'Olsen, Errol','Errol Olsen III',NULL,NULL,NULL,'4',NULL,'Both','42446141',NULL,'Sample Data','Errol','','Olsen',NULL,4,NULL,NULL,1,NULL,'Dear Errol',1,NULL,'Dear Errol',1,NULL,'Errol Olsen III',NULL,2,'1996-03-22',0,NULL,NULL,NULL,NULL,NULL,NULL,NULL,0,NULL,'2014-04-30 22:09:22'),(88,'Individual',NULL,0,0,0,0,0,0,NULL,NULL,'Robertson, Heidi','Heidi Robertson',NULL,NULL,NULL,'5',NULL,'Both','266812175',NULL,'Sample Data','Heidi','','Robertson',NULL,NULL,NULL,NULL,1,NULL,'Dear Heidi',1,NULL,'Dear Heidi',1,NULL,'Heidi Robertson',NULL,NULL,'1948-01-13',1,NULL,NULL,NULL,NULL,NULL,NULL,NULL,0,NULL,'2014-04-30 22:09:22'),(89,'Organization',NULL,0,0,0,0,0,0,NULL,NULL,'Rural Sustainability Solutions','Rural Sustainability Solutions',NULL,NULL,NULL,NULL,NULL,'Both','318503816',NULL,'Sample Data',NULL,NULL,NULL,NULL,NULL,NULL,NULL,NULL,NULL,NULL,NULL,NULL,NULL,3,NULL,'Rural Sustainability Solutions',NULL,NULL,NULL,0,NULL,NULL,164,'Rural Sustainability Solutions',NULL,NULL,NULL,0,NULL,'2014-04-30 22:09:24'),(90,'Individual',NULL,0,0,0,0,0,0,NULL,NULL,'Wilson, Esta','Esta Wilson',NULL,NULL,NULL,NULL,NULL,'Both','4062984803',NULL,'Sample Data','Esta','','Wilson',NULL,NULL,NULL,NULL,1,NULL,'Dear Esta',1,NULL,'Dear Esta',1,NULL,'Esta Wilson',NULL,1,'2003-06-05',0,NULL,NULL,NULL,'Global Health School',NULL,NULL,165,0,NULL,'2014-04-30 22:09:24'),(91,'Organization',NULL,0,0,0,0,1,0,NULL,NULL,'Kentucky Arts Partners','Kentucky Arts Partners',NULL,NULL,NULL,'2',NULL,'Both','1922051478',NULL,'Sample Data',NULL,NULL,NULL,NULL,NULL,NULL,NULL,NULL,NULL,NULL,NULL,NULL,NULL,3,NULL,'Kentucky Arts Partners',NULL,NULL,NULL,0,NULL,NULL,NULL,'Kentucky Arts Partners',NULL,NULL,NULL,0,NULL,'2014-04-30 22:09:24'),(92,'Individual',NULL,0,1,0,0,0,0,NULL,NULL,'lareel@fishmail.co.uk','lareel@fishmail.co.uk',NULL,NULL,NULL,NULL,NULL,'Both','291413125',NULL,'Sample Data',NULL,NULL,NULL,NULL,NULL,NULL,NULL,1,NULL,'Dear lareel@fishmail.co.uk',1,NULL,'Dear lareel@fishmail.co.uk',1,NULL,'lareel@fishmail.co.uk',NULL,NULL,NULL,0,NULL,NULL,NULL,NULL,NULL,NULL,NULL,0,NULL,'2014-04-30 22:09:23'),(93,'Household',NULL,0,0,0,0,0,0,NULL,NULL,'Yadav-Wattson family','Yadav-Wattson family',NULL,NULL,NULL,'2',NULL,'Both','107868197',NULL,'Sample Data',NULL,NULL,NULL,NULL,NULL,NULL,NULL,5,NULL,'Dear Yadav-Wattson family',5,NULL,'Dear Yadav-Wattson family',2,NULL,'Yadav-Wattson family',NULL,NULL,NULL,0,NULL,'Yadav-Wattson family',NULL,NULL,NULL,NULL,NULL,0,NULL,'2014-04-30 22:09:24'),(94,'Individual',NULL,0,0,0,0,0,0,NULL,NULL,'Gonzlez, Damaris','Damaris Gonzlez',NULL,NULL,NULL,NULL,NULL,'Both','1257732273',NULL,'Sample Data','Damaris','Q','Gonzlez',NULL,NULL,NULL,NULL,1,NULL,'Dear Damaris',1,NULL,'Dear Damaris',1,NULL,'Damaris Gonzlez',NULL,NULL,'1969-04-28',0,NULL,NULL,NULL,NULL,NULL,NULL,NULL,0,NULL,'2014-04-30 22:09:23'),(95,'Individual',NULL,0,1,0,0,0,0,NULL,NULL,'Samuels, Landon','Dr. Landon Samuels II',NULL,NULL,NULL,NULL,NULL,'Both','3997273143',NULL,'Sample Data','Landon','','Samuels',4,3,NULL,NULL,1,NULL,'Dear Landon',1,NULL,'Dear Landon',1,NULL,'Dr. Landon Samuels II',NULL,2,'1946-03-15',1,'2013-08-26',NULL,NULL,NULL,NULL,NULL,NULL,0,NULL,'2014-04-30 22:09:22'),(96,'Individual',NULL,0,0,0,0,0,0,NULL,NULL,'Terry, Juliann','Ms. Juliann Terry',NULL,NULL,NULL,'2',NULL,'Both','3154715143',NULL,'Sample Data','Juliann','N','Terry',2,NULL,NULL,NULL,1,NULL,'Dear Juliann',1,NULL,'Dear Juliann',1,NULL,'Ms. Juliann Terry',NULL,1,'1942-07-05',1,NULL,NULL,NULL,NULL,NULL,NULL,NULL,0,NULL,'2014-04-30 22:09:22'),(97,'Individual',NULL,0,1,0,0,0,0,NULL,NULL,'adams.errol71@fakemail.co.pl','adams.errol71@fakemail.co.pl',NULL,NULL,NULL,NULL,NULL,'Both','357510350',NULL,'Sample Data',NULL,NULL,NULL,NULL,1,NULL,NULL,1,NULL,'Dear adams.errol71@fakemail.co.pl',1,NULL,'Dear adams.errol71@fakemail.co.pl',1,NULL,'adams.errol71@fakemail.co.pl',NULL,NULL,NULL,0,NULL,NULL,NULL,NULL,NULL,NULL,NULL,0,NULL,'2014-04-30 22:09:22'),(98,'Individual',NULL,0,0,0,0,0,0,NULL,NULL,'Roberts, Lawerence','Lawerence Roberts III',NULL,NULL,NULL,NULL,NULL,'Both','2250722466',NULL,'Sample Data','Lawerence','M','Roberts',NULL,4,NULL,NULL,1,NULL,'Dear Lawerence',1,NULL,'Dear Lawerence',1,NULL,'Lawerence Roberts III',NULL,2,'1961-06-28',0,NULL,NULL,NULL,NULL,NULL,NULL,NULL,0,NULL,'2014-04-30 22:09:23'),(99,'Individual',NULL,0,1,0,0,1,0,NULL,NULL,'Dimitrov, Ashley','Mrs. Ashley Dimitrov',NULL,NULL,NULL,NULL,NULL,'Both','665882362',NULL,'Sample Data','Ashley','','Dimitrov',1,NULL,NULL,NULL,1,NULL,'Dear Ashley',1,NULL,'Dear Ashley',1,NULL,'Mrs. Ashley Dimitrov',NULL,1,'1957-04-14',1,'2013-11-10',NULL,NULL,'Rural Literacy Initiative',NULL,NULL,153,0,NULL,'2014-04-30 22:09:24'),(100,'Individual',NULL,0,0,0,0,0,0,NULL,NULL,'Smith, Jina','Jina Smith',NULL,NULL,NULL,NULL,NULL,'Both','227187270',NULL,'Sample Data','Jina','','Smith',NULL,NULL,NULL,NULL,1,NULL,'Dear Jina',1,NULL,'Dear Jina',1,NULL,'Jina Smith',NULL,1,'1997-04-03',0,NULL,NULL,NULL,NULL,NULL,NULL,NULL,0,NULL,'2014-04-30 22:09:23'),(101,'Individual',NULL,0,0,0,0,0,0,NULL,NULL,'terry.esta@fishmail.net','terry.esta@fishmail.net',NULL,NULL,NULL,'1',NULL,'Both','1239626380',NULL,'Sample Data',NULL,NULL,NULL,NULL,NULL,NULL,NULL,1,NULL,'Dear terry.esta@fishmail.net',1,NULL,'Dear terry.esta@fishmail.net',1,NULL,'terry.esta@fishmail.net',NULL,NULL,NULL,0,NULL,NULL,NULL,NULL,NULL,NULL,NULL,0,NULL,'2014-04-30 22:09:23'),(102,'Household',NULL,1,1,0,0,0,0,NULL,NULL,'McReynolds-Gonzlez family','McReynolds-Gonzlez family',NULL,NULL,NULL,'4',NULL,'Both','4217741819',NULL,'Sample Data',NULL,NULL,NULL,NULL,NULL,NULL,NULL,5,NULL,'Dear McReynolds-Gonzlez family',5,NULL,'Dear McReynolds-Gonzlez family',2,NULL,'McReynolds-Gonzlez family',NULL,NULL,NULL,0,NULL,'McReynolds-Gonzlez family',NULL,NULL,NULL,NULL,NULL,0,NULL,'2014-04-30 22:09:24'),(103,'Individual',NULL,0,0,0,0,1,0,NULL,NULL,'Roberts, Kiara','Kiara Roberts',NULL,NULL,NULL,NULL,NULL,'Both','2928577756',NULL,'Sample Data','Kiara','Y','Roberts',NULL,NULL,NULL,NULL,1,NULL,'Dear Kiara',1,NULL,'Dear Kiara',1,NULL,'Kiara Roberts',NULL,1,NULL,0,NULL,NULL,NULL,NULL,NULL,NULL,NULL,0,NULL,'2014-04-30 22:09:23'),(104,'Individual',NULL,1,0,0,0,1,0,NULL,NULL,'Bachman, Ivey','Ivey Bachman',NULL,NULL,NULL,'4',NULL,'Both','908900528',NULL,'Sample Data','Ivey','F','Bachman',NULL,NULL,NULL,NULL,1,NULL,'Dear Ivey',1,NULL,'Dear Ivey',1,NULL,'Ivey Bachman',NULL,1,'2002-03-24',0,NULL,NULL,NULL,NULL,NULL,NULL,NULL,0,NULL,'2014-04-30 22:09:22'),(105,'Individual',NULL,0,1,0,0,0,0,NULL,NULL,'Smith, Brittney','Ms. Brittney Smith',NULL,NULL,NULL,NULL,NULL,'Both','1142724087',NULL,'Sample Data','Brittney','S','Smith',2,NULL,NULL,NULL,1,NULL,'Dear Brittney',1,NULL,'Dear Brittney',1,NULL,'Ms. Brittney Smith',NULL,1,'1943-11-18',0,NULL,NULL,NULL,NULL,NULL,NULL,NULL,0,NULL,'2014-04-30 22:09:22'),(106,'Individual',NULL,0,0,0,0,0,0,NULL,NULL,'Prentice-Lee, Claudio','Claudio Prentice-Lee III',NULL,NULL,NULL,NULL,NULL,'Both','1712949342',NULL,'Sample Data','Claudio','R','Prentice-Lee',NULL,4,NULL,NULL,1,NULL,'Dear Claudio',1,NULL,'Dear Claudio',1,NULL,'Claudio Prentice-Lee III',NULL,2,'1982-08-09',0,NULL,NULL,NULL,NULL,NULL,NULL,NULL,0,NULL,'2014-04-30 22:09:23'),(107,'Individual',NULL,0,0,0,0,0,0,NULL,NULL,'Bachman, Omar','Omar Bachman Sr.',NULL,NULL,NULL,NULL,NULL,'Both','4035622769',NULL,'Sample Data','Omar','','Bachman',NULL,2,NULL,NULL,1,NULL,'Dear Omar',1,NULL,'Dear Omar',1,NULL,'Omar Bachman Sr.',NULL,NULL,'1976-06-09',0,NULL,NULL,NULL,NULL,NULL,NULL,NULL,0,NULL,'2014-04-30 22:09:23'),(108,'Individual',NULL,1,0,0,0,1,0,NULL,NULL,'terrellc@notmail.biz','terrellc@notmail.biz',NULL,NULL,NULL,NULL,NULL,'Both','1395652503',NULL,'Sample Data',NULL,NULL,NULL,NULL,4,NULL,NULL,1,NULL,'Dear terrellc@notmail.biz',1,NULL,'Dear terrellc@notmail.biz',1,NULL,'terrellc@notmail.biz',NULL,NULL,NULL,0,NULL,NULL,NULL,NULL,NULL,NULL,NULL,0,NULL,'2014-04-30 22:09:23'),(109,'Individual',NULL,0,0,0,0,1,0,NULL,NULL,'Prentice, Kathlyn','Kathlyn Prentice',NULL,NULL,NULL,NULL,NULL,'Both','593628883',NULL,'Sample Data','Kathlyn','','Prentice',NULL,NULL,NULL,NULL,1,NULL,'Dear Kathlyn',1,NULL,'Dear Kathlyn',1,NULL,'Kathlyn Prentice',NULL,1,'1966-01-08',0,NULL,NULL,NULL,NULL,NULL,NULL,NULL,0,NULL,'2014-04-30 22:09:22'),(110,'Organization',NULL,0,0,0,0,0,0,NULL,NULL,'Pinewood Action Association','Pinewood Action Association',NULL,NULL,NULL,'1',NULL,'Both','2312814007',NULL,'Sample Data',NULL,NULL,NULL,NULL,NULL,NULL,NULL,NULL,NULL,NULL,NULL,NULL,NULL,3,NULL,'Pinewood Action Association',NULL,NULL,NULL,0,NULL,NULL,NULL,'Pinewood Action Association',NULL,NULL,NULL,0,NULL,'2014-04-30 22:09:24'),(111,'Individual',NULL,0,0,0,0,0,0,NULL,NULL,'Patel, Allen','Allen Patel',NULL,NULL,NULL,NULL,NULL,'Both','1350110979',NULL,'Sample Data','Allen','','Patel',NULL,NULL,NULL,NULL,1,NULL,'Dear Allen',1,NULL,'Dear Allen',1,NULL,'Allen Patel',NULL,NULL,'2002-09-22',0,NULL,NULL,NULL,NULL,NULL,NULL,NULL,0,NULL,'2014-04-30 22:09:23'),(112,'Household',NULL,0,0,0,0,0,0,NULL,NULL,'Roberts family','Roberts family',NULL,NULL,NULL,'5',NULL,'Both','2097305882',NULL,'Sample Data',NULL,NULL,NULL,NULL,NULL,NULL,NULL,5,NULL,'Dear Roberts family',5,NULL,'Dear Roberts family',2,NULL,'Roberts family',NULL,NULL,NULL,0,NULL,'Roberts family',NULL,NULL,NULL,NULL,NULL,0,NULL,'2014-04-30 22:09:24'),(113,'Individual',NULL,0,0,0,0,1,0,NULL,NULL,'Jensen, Kandace','Kandace Jensen',NULL,NULL,NULL,NULL,NULL,'Both','2339972314',NULL,'Sample Data','Kandace','','Jensen',NULL,NULL,NULL,NULL,1,NULL,'Dear Kandace',1,NULL,'Dear Kandace',1,NULL,'Kandace Jensen',NULL,1,'1964-09-30',0,NULL,NULL,NULL,NULL,NULL,NULL,NULL,0,NULL,'2014-04-30 22:09:22'),(114,'Individual',NULL,0,1,0,0,1,0,NULL,NULL,'Samuels-Gonzlez, Andrew','Dr. Andrew Samuels-Gonzlez II',NULL,NULL,NULL,NULL,NULL,'Both','2639108841',NULL,'Sample Data','Andrew','P','Samuels-Gonzlez',4,3,NULL,NULL,1,NULL,'Dear Andrew',1,NULL,'Dear Andrew',1,NULL,'Dr. Andrew Samuels-Gonzlez II',NULL,NULL,'1952-07-21',0,NULL,NULL,NULL,NULL,NULL,NULL,NULL,0,NULL,'2014-04-30 22:09:23'),(115,'Individual',NULL,0,0,0,0,0,0,NULL,NULL,'Bachman, Ashley','Ashley Bachman',NULL,NULL,NULL,'5',NULL,'Both','2646692852',NULL,'Sample Data','Ashley','','Bachman',NULL,NULL,NULL,NULL,1,NULL,'Dear Ashley',1,NULL,'Dear Ashley',1,NULL,'Ashley Bachman',NULL,NULL,NULL,0,NULL,NULL,NULL,NULL,NULL,NULL,NULL,0,NULL,'2014-04-30 22:09:23'),(116,'Individual',NULL,0,0,0,0,0,0,NULL,NULL,'Jameson, Clint','Clint Jameson',NULL,NULL,NULL,NULL,NULL,'Both','3622436306',NULL,'Sample Data','Clint','','Jameson',NULL,NULL,NULL,NULL,1,NULL,'Dear Clint',1,NULL,'Dear Clint',1,NULL,'Clint Jameson',NULL,2,'1998-12-16',0,NULL,NULL,NULL,NULL,NULL,NULL,NULL,0,NULL,'2014-04-30 22:09:22'),(117,'Household',NULL,0,0,0,0,0,0,NULL,NULL,'Roberts family','Roberts family',NULL,NULL,NULL,NULL,NULL,'Both','2097305882',NULL,'Sample Data',NULL,NULL,NULL,NULL,NULL,NULL,NULL,5,NULL,'Dear Roberts family',5,NULL,'Dear Roberts family',2,NULL,'Roberts family',NULL,NULL,NULL,0,NULL,'Roberts family',NULL,NULL,NULL,NULL,NULL,0,NULL,'2014-04-30 22:09:23'),(118,'Individual',NULL,0,0,0,0,0,0,NULL,NULL,'Terry, Damaris','Ms. Damaris Terry',NULL,NULL,NULL,'3',NULL,'Both','3196256191',NULL,'Sample Data','Damaris','U','Terry',2,NULL,NULL,NULL,1,NULL,'Dear Damaris',1,NULL,'Dear Damaris',1,NULL,'Ms. Damaris Terry',NULL,1,NULL,0,NULL,NULL,NULL,NULL,NULL,NULL,NULL,0,NULL,'2014-04-30 22:09:22'),(119,'Individual',NULL,0,0,0,0,0,0,NULL,NULL,'Robertson, Lincoln','Mr. Lincoln Robertson III',NULL,NULL,NULL,'1',NULL,'Both','3170892916',NULL,'Sample Data','Lincoln','','Robertson',3,4,NULL,NULL,1,NULL,'Dear Lincoln',1,NULL,'Dear Lincoln',1,NULL,'Mr. Lincoln Robertson III',NULL,2,NULL,0,NULL,NULL,NULL,NULL,NULL,NULL,NULL,0,NULL,'2014-04-30 22:09:23'),(120,'Individual',NULL,0,0,0,0,0,0,NULL,NULL,'Terry, Betty','Ms. Betty Terry',NULL,NULL,NULL,NULL,NULL,'Both','3939845643',NULL,'Sample Data','Betty','F','Terry',2,NULL,NULL,NULL,1,NULL,'Dear Betty',1,NULL,'Dear Betty',1,NULL,'Ms. Betty Terry',NULL,1,NULL,0,NULL,NULL,NULL,'Beech Sports Alliance',NULL,NULL,137,0,NULL,'2014-04-30 22:09:24'),(121,'Organization',NULL,0,1,0,0,0,0,NULL,NULL,'Second Sustainability Collective','Second Sustainability Collective',NULL,NULL,NULL,NULL,NULL,'Both','2597015167',NULL,'Sample Data',NULL,NULL,NULL,NULL,NULL,NULL,NULL,NULL,NULL,NULL,NULL,NULL,NULL,3,NULL,'Second Sustainability Collective',NULL,NULL,NULL,0,NULL,NULL,30,'Second Sustainability Collective',NULL,NULL,NULL,0,NULL,'2014-04-30 22:09:24'),(122,'Organization',NULL,0,0,0,0,0,0,NULL,NULL,'United Action Academy','United Action Academy',NULL,NULL,NULL,'4',NULL,'Both','902994927',NULL,'Sample Data',NULL,NULL,NULL,NULL,NULL,NULL,NULL,NULL,NULL,NULL,NULL,NULL,NULL,3,NULL,'United Action Academy',NULL,NULL,NULL,0,NULL,NULL,77,'United Action Academy',NULL,NULL,NULL,0,NULL,'2014-04-30 22:09:24'),(123,'Organization',NULL,0,0,0,0,1,0,NULL,NULL,'Lima Family Fund','Lima Family Fund',NULL,NULL,NULL,NULL,NULL,'Both','1066819989',NULL,'Sample Data',NULL,NULL,NULL,NULL,NULL,NULL,NULL,NULL,NULL,NULL,NULL,NULL,NULL,3,NULL,'Lima Family Fund',NULL,NULL,NULL,0,NULL,NULL,176,'Lima Family Fund',NULL,NULL,NULL,0,NULL,'2014-04-30 22:09:24'),(124,'Individual',NULL,0,0,0,0,0,0,NULL,NULL,'Patel, Valene','Valene Patel',NULL,NULL,NULL,NULL,NULL,'Both','2428544125',NULL,'Sample Data','Valene','S','Patel',NULL,NULL,NULL,NULL,1,NULL,'Dear Valene',1,NULL,'Dear Valene',1,NULL,'Valene Patel',NULL,1,'1981-10-30',0,NULL,NULL,NULL,NULL,NULL,NULL,NULL,0,NULL,'2014-04-30 22:09:23'),(125,'Individual',NULL,1,0,0,0,0,0,NULL,NULL,'Nielsen, Kathlyn','Dr. Kathlyn Nielsen',NULL,NULL,NULL,'1',NULL,'Both','145231118',NULL,'Sample Data','Kathlyn','F','Nielsen',4,NULL,NULL,NULL,1,NULL,'Dear Kathlyn',1,NULL,'Dear Kathlyn',1,NULL,'Dr. Kathlyn Nielsen',NULL,1,'1933-07-20',1,'2014-02-23',NULL,NULL,NULL,NULL,NULL,NULL,0,NULL,'2014-04-30 22:09:22'),(126,'Individual',NULL,0,0,0,0,0,0,NULL,NULL,'Yadav, Sonny','Mr. Sonny Yadav',NULL,NULL,NULL,NULL,NULL,'Both','836709371',NULL,'Sample Data','Sonny','N','Yadav',3,NULL,NULL,NULL,1,NULL,'Dear Sonny',1,NULL,'Dear Sonny',1,NULL,'Mr. Sonny Yadav',NULL,2,'1980-07-08',0,NULL,NULL,NULL,NULL,NULL,NULL,NULL,0,NULL,'2014-04-30 22:09:22'),(127,'Organization',NULL,0,0,0,0,0,0,NULL,NULL,'Mount Jackson Development Collective','Mount Jackson Development Collective',NULL,NULL,NULL,NULL,NULL,'Both','2555298020',NULL,'Sample Data',NULL,NULL,NULL,NULL,NULL,NULL,NULL,NULL,NULL,NULL,NULL,NULL,NULL,3,NULL,'Mount Jackson Development Collective',NULL,NULL,NULL,0,NULL,NULL,47,'Mount Jackson Development Collective',NULL,NULL,NULL,0,NULL,'2014-04-30 22:09:24'),(128,'Individual',NULL,0,0,0,0,0,0,NULL,NULL,'Reynolds, Jay','Jay Reynolds',NULL,NULL,NULL,NULL,NULL,'Both','3874659678',NULL,'Sample Data','Jay','T','Reynolds',NULL,NULL,NULL,NULL,1,NULL,'Dear Jay',1,NULL,'Dear Jay',1,NULL,'Jay Reynolds',NULL,2,'1965-02-17',1,'2013-08-28',NULL,NULL,NULL,NULL,NULL,NULL,0,NULL,'2014-04-30 22:09:22'),(129,'Individual',NULL,0,0,0,0,0,0,NULL,NULL,'nielsen-terrell.delana@testmail.co.uk','nielsen-terrell.delana@testmail.co.uk',NULL,NULL,NULL,'4',NULL,'Both','2782191691',NULL,'Sample Data',NULL,NULL,NULL,NULL,NULL,NULL,NULL,1,NULL,'Dear nielsen-terrell.delana@testmail.co.uk',1,NULL,'Dear nielsen-terrell.delana@testmail.co.uk',1,NULL,'nielsen-terrell.delana@testmail.co.uk',NULL,NULL,NULL,0,NULL,NULL,NULL,NULL,NULL,NULL,NULL,0,NULL,'2014-04-30 22:09:23'),(130,'Organization',NULL,0,0,0,0,1,0,NULL,NULL,'Lincoln Environmental Solutions','Lincoln Environmental Solutions',NULL,NULL,NULL,'4',NULL,'Both','479339743',NULL,'Sample Data',NULL,NULL,NULL,NULL,NULL,NULL,NULL,NULL,NULL,NULL,NULL,NULL,NULL,3,NULL,'Lincoln Environmental Solutions',NULL,NULL,NULL,0,NULL,NULL,62,'Lincoln Environmental Solutions',NULL,NULL,NULL,0,NULL,'2014-04-30 22:09:24'),(131,'Individual',NULL,0,0,0,0,0,0,NULL,NULL,'Yadav-Wattson, Jed','Jed Yadav-Wattson',NULL,NULL,NULL,NULL,NULL,'Both','1659846013',NULL,'Sample Data','Jed','','Yadav-Wattson',NULL,NULL,NULL,NULL,1,NULL,'Dear Jed',1,NULL,'Dear Jed',1,NULL,'Jed Yadav-Wattson',NULL,2,NULL,0,NULL,NULL,NULL,NULL,NULL,NULL,NULL,0,NULL,'2014-04-30 22:09:23'),(132,'Individual',NULL,1,0,0,0,1,0,NULL,NULL,'Wilson, Truman','Truman Wilson',NULL,NULL,NULL,NULL,NULL,'Both','1537569075',NULL,'Sample Data','Truman','','Wilson',NULL,NULL,NULL,NULL,1,NULL,'Dear Truman',1,NULL,'Dear Truman',1,NULL,'Truman Wilson',NULL,NULL,NULL,0,NULL,NULL,NULL,NULL,NULL,NULL,NULL,0,NULL,'2014-04-30 22:09:22'),(133,'Individual',NULL,0,0,0,0,1,0,NULL,NULL,'Terrell, Kacey','Kacey Terrell',NULL,NULL,NULL,'3',NULL,'Both','1088955590',NULL,'Sample Data','Kacey','','Terrell',NULL,NULL,NULL,NULL,1,NULL,'Dear Kacey',1,NULL,'Dear Kacey',1,NULL,'Kacey Terrell',NULL,1,'1957-09-22',0,NULL,NULL,NULL,NULL,NULL,NULL,NULL,0,NULL,'2014-04-30 22:09:23'),(134,'Household',NULL,0,0,0,0,0,0,NULL,NULL,'Nielsen-Terrell family','Nielsen-Terrell family',NULL,NULL,NULL,NULL,NULL,'Both','2763131823',NULL,'Sample Data',NULL,NULL,NULL,NULL,NULL,NULL,NULL,5,NULL,'Dear Nielsen-Terrell family',5,NULL,'Dear Nielsen-Terrell family',2,NULL,'Nielsen-Terrell family',NULL,NULL,NULL,0,NULL,'Nielsen-Terrell family',NULL,NULL,NULL,NULL,NULL,0,NULL,'2014-04-30 22:09:24'),(135,'Organization',NULL,1,0,0,0,0,0,NULL,NULL,'Georgia Wellness Academy','Georgia Wellness Academy',NULL,NULL,NULL,NULL,NULL,'Both','1473310357',NULL,'Sample Data',NULL,NULL,NULL,NULL,NULL,NULL,NULL,NULL,NULL,NULL,NULL,NULL,NULL,3,NULL,'Georgia Wellness Academy',NULL,NULL,NULL,0,NULL,NULL,179,'Georgia Wellness Academy',NULL,NULL,NULL,0,NULL,'2014-04-30 22:09:24'),(136,'Individual',NULL,1,0,0,0,0,0,NULL,NULL,'samsonb44@fakemail.co.nz','samsonb44@fakemail.co.nz',NULL,NULL,NULL,NULL,NULL,'Both','49391361',NULL,'Sample Data',NULL,NULL,NULL,NULL,NULL,NULL,NULL,1,NULL,'Dear samsonb44@fakemail.co.nz',1,NULL,'Dear samsonb44@fakemail.co.nz',1,NULL,'samsonb44@fakemail.co.nz',NULL,NULL,NULL,0,NULL,NULL,NULL,NULL,NULL,NULL,NULL,0,NULL,'2014-04-30 22:09:22'),(137,'Organization',NULL,0,0,0,0,1,0,NULL,NULL,'Beech Sports Alliance','Beech Sports Alliance',NULL,NULL,NULL,'3',NULL,'Both','986553627',NULL,'Sample Data',NULL,NULL,NULL,NULL,NULL,NULL,NULL,NULL,NULL,NULL,NULL,NULL,NULL,3,NULL,'Beech Sports Alliance',NULL,NULL,NULL,0,NULL,NULL,120,'Beech Sports Alliance',NULL,NULL,NULL,0,NULL,'2014-04-30 22:09:24'),(138,'Individual',NULL,0,0,0,0,0,0,NULL,NULL,'Terrell, Daren','Dr. Daren Terrell',NULL,NULL,NULL,NULL,NULL,'Both','1552940951',NULL,'Sample Data','Daren','A','Terrell',4,NULL,NULL,NULL,1,NULL,'Dear Daren',1,NULL,'Dear Daren',1,NULL,'Dr. Daren Terrell',NULL,NULL,'1970-09-06',1,'2013-06-08',NULL,NULL,NULL,NULL,NULL,NULL,0,NULL,'2014-04-30 22:09:22'),(139,'Individual',NULL,0,0,0,0,0,0,NULL,NULL,'Wagner, Felisha','Dr. Felisha Wagner',NULL,NULL,NULL,'1',NULL,'Both','2346582969',NULL,'Sample Data','Felisha','W','Wagner',4,NULL,NULL,NULL,1,NULL,'Dear Felisha',1,NULL,'Dear Felisha',1,NULL,'Dr. Felisha Wagner',NULL,1,'1970-07-16',0,NULL,NULL,NULL,'Ohio Music Association',NULL,NULL,172,0,NULL,'2014-04-30 22:09:24'),(140,'Individual',NULL,0,0,0,0,1,0,NULL,NULL,'Grant, Jed','Jed Grant Sr.',NULL,NULL,NULL,NULL,NULL,'Both','2644056120',NULL,'Sample Data','Jed','G','Grant',NULL,2,NULL,NULL,1,NULL,'Dear Jed',1,NULL,'Dear Jed',1,NULL,'Jed Grant Sr.',NULL,2,NULL,0,NULL,NULL,NULL,NULL,NULL,NULL,NULL,0,NULL,'2014-04-30 22:09:23'),(141,'Individual',NULL,0,0,0,0,0,0,NULL,NULL,'Olsen, Shauna','Shauna Olsen',NULL,NULL,NULL,NULL,NULL,'Both','774481679',NULL,'Sample Data','Shauna','','Olsen',NULL,NULL,NULL,NULL,1,NULL,'Dear Shauna',1,NULL,'Dear Shauna',1,NULL,'Shauna Olsen',NULL,NULL,NULL,0,NULL,NULL,NULL,NULL,NULL,NULL,NULL,0,NULL,'2014-04-30 22:09:22'),(142,'Individual',NULL,0,0,0,0,0,0,NULL,NULL,'Gonzlez, Allan','Mr. Allan Gonzlez',NULL,NULL,NULL,'3',NULL,'Both','2514651883',NULL,'Sample Data','Allan','V','Gonzlez',3,NULL,NULL,NULL,1,NULL,'Dear Allan',1,NULL,'Dear Allan',1,NULL,'Mr. Allan Gonzlez',NULL,2,'1953-05-20',0,NULL,NULL,NULL,NULL,NULL,NULL,NULL,0,NULL,'2014-04-30 22:09:22'),(143,'Individual',NULL,1,0,0,0,0,0,NULL,NULL,'Robertson, Rebekah','Rebekah Robertson',NULL,NULL,NULL,NULL,NULL,'Both','1199774437',NULL,'Sample Data','Rebekah','','Robertson',NULL,NULL,NULL,NULL,1,NULL,'Dear Rebekah',1,NULL,'Dear Rebekah',1,NULL,'Rebekah Robertson',NULL,1,NULL,0,NULL,NULL,NULL,NULL,NULL,NULL,NULL,0,NULL,'2014-04-30 22:09:22'),(144,'Individual',NULL,0,0,0,0,0,0,NULL,NULL,'Cruz, Rodrigo','Rodrigo Cruz III',NULL,NULL,NULL,'4',NULL,'Both','1681182976',NULL,'Sample Data','Rodrigo','Q','Cruz',NULL,4,NULL,NULL,1,NULL,'Dear Rodrigo',1,NULL,'Dear Rodrigo',1,NULL,'Rodrigo Cruz III',NULL,2,'1968-01-11',0,NULL,NULL,NULL,NULL,NULL,NULL,NULL,0,NULL,'2014-04-30 22:09:23'),(145,'Household',NULL,0,0,0,0,0,0,NULL,NULL,'Prentice-Jones family','Prentice-Jones family',NULL,NULL,NULL,'5',NULL,'Both','903878557',NULL,'Sample Data',NULL,NULL,NULL,NULL,NULL,NULL,NULL,5,NULL,'Dear Prentice-Jones family',5,NULL,'Dear Prentice-Jones family',2,NULL,'Prentice-Jones family',NULL,NULL,NULL,0,NULL,'Prentice-Jones family',NULL,NULL,NULL,NULL,NULL,0,NULL,'2014-04-30 22:09:24'),(146,'Individual',NULL,0,0,0,0,0,0,NULL,NULL,'Samuels, Angelika','Dr. Angelika Samuels',NULL,NULL,NULL,NULL,NULL,'Both','3920942088',NULL,'Sample Data','Angelika','Y','Samuels',4,NULL,NULL,NULL,1,NULL,'Dear Angelika',1,NULL,'Dear Angelika',1,NULL,'Dr. Angelika Samuels',NULL,1,'1959-11-17',0,NULL,NULL,NULL,NULL,NULL,NULL,NULL,0,NULL,'2014-04-30 22:09:22'),(147,'Individual',NULL,0,0,0,0,1,0,NULL,NULL,'kathleenl@lol.co.uk','kathleenl@lol.co.uk',NULL,NULL,NULL,NULL,NULL,'Both','2457510860',NULL,'Sample Data',NULL,NULL,NULL,4,NULL,NULL,NULL,1,NULL,'Dear kathleenl@lol.co.uk',1,NULL,'Dear kathleenl@lol.co.uk',1,NULL,'kathleenl@lol.co.uk',NULL,NULL,NULL,0,NULL,NULL,NULL,NULL,NULL,NULL,NULL,0,NULL,'2014-04-30 22:09:23'),(148,'Individual',NULL,0,0,0,0,0,0,NULL,NULL,'Barkley, Betty','Betty Barkley',NULL,NULL,NULL,'3',NULL,'Both','1739915993',NULL,'Sample Data','Betty','U','Barkley',NULL,NULL,NULL,NULL,1,NULL,'Dear Betty',1,NULL,'Dear Betty',1,NULL,'Betty Barkley',NULL,1,'1968-08-06',0,NULL,NULL,NULL,NULL,NULL,NULL,NULL,0,NULL,'2014-04-30 22:09:23'),(149,'Individual',NULL,0,0,0,0,0,0,NULL,NULL,'Prentice-Lee, Toby','Toby Prentice-Lee III',NULL,NULL,NULL,NULL,NULL,'Both','2698728222',NULL,'Sample Data','Toby','N','Prentice-Lee',NULL,4,NULL,NULL,1,NULL,'Dear Toby',1,NULL,'Dear Toby',1,NULL,'Toby Prentice-Lee III',NULL,2,'1974-05-24',0,NULL,NULL,NULL,NULL,NULL,NULL,NULL,0,NULL,'2014-04-30 22:09:23'),(150,'Individual',NULL,1,0,0,0,0,0,NULL,NULL,'Wagner, Omar','Omar Wagner',NULL,NULL,NULL,NULL,NULL,'Both','372287057',NULL,'Sample Data','Omar','P','Wagner',NULL,NULL,NULL,NULL,1,NULL,'Dear Omar',1,NULL,'Dear Omar',1,NULL,'Omar Wagner',NULL,2,'1977-01-14',0,NULL,NULL,NULL,NULL,NULL,NULL,NULL,0,NULL,'2014-04-30 22:09:22'),(151,'Individual',NULL,0,0,0,0,1,0,NULL,NULL,'Prentice, Roland','Roland Prentice Jr.',NULL,NULL,NULL,NULL,NULL,'Both','3836132137',NULL,'Sample Data','Roland','M','Prentice',NULL,1,NULL,NULL,1,NULL,'Dear Roland',1,NULL,'Dear Roland',1,NULL,'Roland Prentice Jr.',NULL,2,NULL,0,NULL,NULL,NULL,NULL,NULL,NULL,NULL,0,NULL,'2014-04-30 22:09:23'),(152,'Individual',NULL,0,0,0,0,1,0,NULL,NULL,'Wilson, Herminia','Ms. Herminia Wilson',NULL,NULL,NULL,NULL,NULL,'Both','1306948243',NULL,'Sample Data','Herminia','P','Wilson',2,NULL,NULL,NULL,1,NULL,'Dear Herminia',1,NULL,'Dear Herminia',1,NULL,'Ms. Herminia Wilson',NULL,1,'1965-10-13',0,NULL,NULL,NULL,NULL,NULL,NULL,NULL,0,NULL,'2014-04-30 22:09:22'),(153,'Organization',NULL,0,0,0,0,0,0,NULL,NULL,'Rural Literacy Initiative','Rural Literacy Initiative',NULL,NULL,NULL,'1',NULL,'Both','3172733742',NULL,'Sample Data',NULL,NULL,NULL,NULL,NULL,NULL,NULL,NULL,NULL,NULL,NULL,NULL,NULL,3,NULL,'Rural Literacy Initiative',NULL,NULL,NULL,0,NULL,NULL,99,'Rural Literacy Initiative',NULL,NULL,NULL,0,NULL,'2014-04-30 22:09:24'),(154,'Individual',NULL,1,0,0,0,0,0,NULL,NULL,'elbertwilson-jacobs@sample.com','elbertwilson-jacobs@sample.com',NULL,NULL,NULL,'1',NULL,'Both','884169465',NULL,'Sample Data',NULL,NULL,NULL,NULL,NULL,NULL,NULL,1,NULL,'Dear elbertwilson-jacobs@sample.com',1,NULL,'Dear elbertwilson-jacobs@sample.com',1,NULL,'elbertwilson-jacobs@sample.com',NULL,NULL,NULL,0,NULL,NULL,NULL,'Global Empowerment Center',NULL,NULL,61,0,NULL,'2014-04-30 22:09:24'),(155,'Individual',NULL,0,0,0,0,0,0,NULL,NULL,'Nielsen, Daren','Dr. Daren Nielsen Sr.',NULL,NULL,NULL,NULL,NULL,'Both','847645612',NULL,'Sample Data','Daren','','Nielsen',4,2,NULL,NULL,1,NULL,'Dear Daren',1,NULL,'Dear Daren',1,NULL,'Dr. Daren Nielsen Sr.',NULL,NULL,NULL,1,NULL,NULL,NULL,NULL,NULL,NULL,NULL,0,NULL,'2014-04-30 22:09:23'),(156,'Individual',NULL,1,0,0,0,0,0,NULL,NULL,'felishas@mymail.co.uk','felishas@mymail.co.uk',NULL,NULL,NULL,'4',NULL,'Both','209885744',NULL,'Sample Data',NULL,NULL,NULL,NULL,NULL,NULL,NULL,1,NULL,'Dear felishas@mymail.co.uk',1,NULL,'Dear felishas@mymail.co.uk',1,NULL,'felishas@mymail.co.uk',NULL,NULL,NULL,0,NULL,NULL,NULL,NULL,NULL,NULL,NULL,0,NULL,'2014-04-30 22:09:23'),(157,'Individual',NULL,0,0,0,0,0,0,NULL,NULL,'Jameson, Margaret','Margaret Jameson',NULL,NULL,NULL,NULL,NULL,'Both','1719938872',NULL,'Sample Data','Margaret','','Jameson',NULL,NULL,NULL,NULL,1,NULL,'Dear Margaret',1,NULL,'Dear Margaret',1,NULL,'Margaret Jameson',NULL,NULL,'2003-02-06',0,NULL,NULL,NULL,NULL,NULL,NULL,NULL,0,NULL,'2014-04-30 22:09:22'),(158,'Individual',NULL,0,0,0,0,0,0,NULL,NULL,'Gonzlez, Delana','Dr. Delana Gonzlez',NULL,NULL,NULL,'4',NULL,'Both','2183632123',NULL,'Sample Data','Delana','','Gonzlez',4,NULL,NULL,NULL,1,NULL,'Dear Delana',1,NULL,'Dear Delana',1,NULL,'Dr. Delana Gonzlez',NULL,1,'1987-05-02',0,NULL,NULL,NULL,NULL,NULL,NULL,NULL,0,NULL,'2014-04-30 22:09:23'),(159,'Individual',NULL,0,0,0,0,0,0,NULL,NULL,'Wagner, Junko','Junko Wagner',NULL,NULL,NULL,'3',NULL,'Both','3731152037',NULL,'Sample Data','Junko','','Wagner',NULL,NULL,NULL,NULL,1,NULL,'Dear Junko',1,NULL,'Dear Junko',1,NULL,'Junko Wagner',NULL,1,'1964-07-30',0,NULL,NULL,NULL,NULL,NULL,NULL,NULL,0,NULL,'2014-04-30 22:09:22'),(160,'Individual',NULL,1,0,0,0,0,0,NULL,NULL,'Nielsen-Terrell, Clint','Clint Nielsen-Terrell',NULL,NULL,NULL,NULL,NULL,'Both','4113141140',NULL,'Sample Data','Clint','','Nielsen-Terrell',NULL,NULL,NULL,NULL,1,NULL,'Dear Clint',1,NULL,'Dear Clint',1,NULL,'Clint Nielsen-Terrell',NULL,2,NULL,0,NULL,NULL,NULL,NULL,NULL,NULL,NULL,0,NULL,'2014-04-30 22:09:23'),(161,'Individual',NULL,0,0,0,0,0,0,NULL,NULL,'grant.bernadette@airmail.biz','grant.bernadette@airmail.biz',NULL,NULL,NULL,'2',NULL,'Both','2488500810',NULL,'Sample Data',NULL,NULL,NULL,NULL,NULL,NULL,NULL,1,NULL,'Dear grant.bernadette@airmail.biz',1,NULL,'Dear grant.bernadette@airmail.biz',1,NULL,'grant.bernadette@airmail.biz',NULL,NULL,NULL,0,NULL,NULL,NULL,NULL,NULL,NULL,NULL,0,NULL,'2014-04-30 22:09:22'),(162,'Household',NULL,0,1,0,0,0,0,NULL,NULL,'Cruz family','Cruz family',NULL,NULL,NULL,'1',NULL,'Both','2326538497',NULL,'Sample Data',NULL,NULL,NULL,NULL,NULL,NULL,NULL,5,NULL,'Dear Cruz family',5,NULL,'Dear Cruz family',2,NULL,'Cruz family',NULL,NULL,NULL,0,NULL,'Cruz family',NULL,NULL,NULL,NULL,NULL,0,NULL,'2014-04-30 22:09:24'),(163,'Individual',NULL,1,0,0,0,0,0,NULL,NULL,'st.nielsen97@infomail.co.nz','st.nielsen97@infomail.co.nz',NULL,NULL,NULL,NULL,NULL,'Both','1022751996',NULL,'Sample Data',NULL,NULL,NULL,2,NULL,NULL,NULL,1,NULL,'Dear st.nielsen97@infomail.co.nz',1,NULL,'Dear st.nielsen97@infomail.co.nz',1,NULL,'st.nielsen97@infomail.co.nz',NULL,NULL,NULL,0,NULL,NULL,NULL,NULL,NULL,NULL,NULL,0,NULL,'2014-04-30 22:09:23'),(164,'Individual',NULL,1,0,0,0,0,0,NULL,NULL,'Nielsen, Allen','Allen Nielsen',NULL,NULL,NULL,NULL,NULL,'Both','515166843',NULL,'Sample Data','Allen','N','Nielsen',NULL,NULL,NULL,NULL,1,NULL,'Dear Allen',1,NULL,'Dear Allen',1,NULL,'Allen Nielsen',NULL,2,'1990-08-12',0,NULL,NULL,NULL,'Rural Sustainability Solutions',NULL,NULL,89,0,NULL,'2014-04-30 22:09:24'),(165,'Organization',NULL,0,0,0,0,0,0,NULL,NULL,'Global Health School','Global Health School',NULL,NULL,NULL,NULL,NULL,'Both','2553654998',NULL,'Sample Data',NULL,NULL,NULL,NULL,NULL,NULL,NULL,NULL,NULL,NULL,NULL,NULL,NULL,3,NULL,'Global Health School',NULL,NULL,NULL,0,NULL,NULL,90,'Global Health School',NULL,NULL,NULL,0,NULL,'2014-04-30 22:09:24'),(166,'Individual',NULL,0,0,0,0,0,0,NULL,NULL,'Cruz, Elizabeth','Mrs. Elizabeth Cruz',NULL,NULL,NULL,'1',NULL,'Both','2040804546',NULL,'Sample Data','Elizabeth','','Cruz',1,NULL,NULL,NULL,1,NULL,'Dear Elizabeth',1,NULL,'Dear Elizabeth',1,NULL,'Mrs. Elizabeth Cruz',NULL,1,'1991-11-30',0,NULL,NULL,NULL,NULL,NULL,NULL,NULL,0,NULL,'2014-04-30 22:09:23'),(167,'Individual',NULL,1,0,0,0,0,0,NULL,NULL,'chowskid@mymail.net','chowskid@mymail.net',NULL,NULL,NULL,'1',NULL,'Both','4115127909',NULL,'Sample Data',NULL,NULL,NULL,4,NULL,NULL,NULL,1,NULL,'Dear chowskid@mymail.net',1,NULL,'Dear chowskid@mymail.net',1,NULL,'chowskid@mymail.net',NULL,NULL,NULL,0,NULL,NULL,NULL,NULL,NULL,NULL,NULL,0,NULL,'2014-04-30 22:09:23'),(168,'Individual',NULL,0,0,0,0,0,0,NULL,NULL,'Reynolds, Brittney','Ms. Brittney Reynolds',NULL,NULL,NULL,'1',NULL,'Both','2908689139',NULL,'Sample Data','Brittney','V','Reynolds',2,NULL,NULL,NULL,1,NULL,'Dear Brittney',1,NULL,'Dear Brittney',1,NULL,'Ms. Brittney Reynolds',NULL,NULL,NULL,0,NULL,NULL,NULL,NULL,NULL,NULL,NULL,0,NULL,'2014-04-30 22:09:22'),(169,'Organization',NULL,0,0,0,0,0,0,NULL,NULL,'Woodbridge Development Fellowship','Woodbridge Development Fellowship',NULL,NULL,NULL,'4',NULL,'Both','2332217102',NULL,'Sample Data',NULL,NULL,NULL,NULL,NULL,NULL,NULL,NULL,NULL,NULL,NULL,NULL,NULL,3,NULL,'Woodbridge Development Fellowship',NULL,NULL,NULL,0,NULL,NULL,85,'Woodbridge Development Fellowship',NULL,NULL,NULL,0,NULL,'2014-04-30 22:09:24'),(170,'Individual',NULL,1,0,0,0,0,0,NULL,NULL,'Robertson, Carylon','Dr. Carylon Robertson',NULL,NULL,NULL,'4',NULL,'Both','356199954',NULL,'Sample Data','Carylon','','Robertson',4,NULL,NULL,NULL,1,NULL,'Dear Carylon',1,NULL,'Dear Carylon',1,NULL,'Dr. Carylon Robertson',NULL,NULL,'1951-12-16',0,NULL,NULL,NULL,NULL,NULL,NULL,NULL,0,NULL,'2014-04-30 22:09:22'),(171,'Individual',NULL,0,0,0,0,0,0,NULL,NULL,'Terry, Jay','Mr. Jay Terry',NULL,NULL,NULL,'5',NULL,'Both','1881110298',NULL,'Sample Data','Jay','Q','Terry',3,NULL,NULL,NULL,1,NULL,'Dear Jay',1,NULL,'Dear Jay',1,NULL,'Mr. Jay Terry',NULL,2,'1943-05-21',0,NULL,NULL,NULL,NULL,NULL,NULL,NULL,0,NULL,'2014-04-30 22:09:22'),(172,'Organization',NULL,0,0,0,0,0,0,NULL,NULL,'Ohio Music Association','Ohio Music Association',NULL,NULL,NULL,'4',NULL,'Both','1043355865',NULL,'Sample Data',NULL,NULL,NULL,NULL,NULL,NULL,NULL,NULL,NULL,NULL,NULL,NULL,NULL,3,NULL,'Ohio Music Association',NULL,NULL,NULL,0,NULL,NULL,139,'Ohio Music Association',NULL,NULL,NULL,0,NULL,'2014-04-30 22:09:24'),(173,'Individual',NULL,0,0,0,0,1,0,NULL,NULL,'Prentice, Jed','Jed Prentice',NULL,NULL,NULL,'5',NULL,'Both','737533559',NULL,'Sample Data','Jed','','Prentice',NULL,NULL,NULL,NULL,1,NULL,'Dear Jed',1,NULL,'Dear Jed',1,NULL,'Jed Prentice',NULL,2,'1939-04-19',0,NULL,NULL,NULL,NULL,NULL,NULL,NULL,0,NULL,'2014-04-30 22:09:22'),(174,'Individual',NULL,0,0,0,0,0,0,NULL,NULL,'Yadav, Omar','Omar Yadav Jr.',NULL,NULL,NULL,'5',NULL,'Both','874321976',NULL,'Sample Data','Omar','','Yadav',NULL,1,NULL,NULL,1,NULL,'Dear Omar',1,NULL,'Dear Omar',1,NULL,'Omar Yadav Jr.',NULL,2,NULL,0,NULL,NULL,NULL,NULL,NULL,NULL,NULL,0,NULL,'2014-04-30 22:09:23'),(175,'Household',NULL,0,0,0,0,0,0,NULL,NULL,'Grant-Wagner family','Grant-Wagner family',NULL,NULL,NULL,'2',NULL,'Both','1483427006',NULL,'Sample Data',NULL,NULL,NULL,NULL,NULL,NULL,NULL,5,NULL,'Dear Grant-Wagner family',5,NULL,'Dear Grant-Wagner family',2,NULL,'Grant-Wagner family',NULL,NULL,NULL,0,NULL,'Grant-Wagner family',NULL,NULL,NULL,NULL,NULL,0,NULL,'2014-04-30 22:09:24'),(176,'Individual',NULL,0,1,0,0,0,0,NULL,NULL,'Roberts, Craig','Craig Roberts',NULL,NULL,NULL,NULL,NULL,'Both','1504934188',NULL,'Sample Data','Craig','I','Roberts',NULL,NULL,NULL,NULL,1,NULL,'Dear Craig',1,NULL,'Dear Craig',1,NULL,'Craig Roberts',NULL,2,'1975-12-23',0,NULL,NULL,NULL,'Lima Family Fund',NULL,NULL,123,0,NULL,'2014-04-30 22:09:24'),(177,'Individual',NULL,0,0,0,0,0,0,NULL,NULL,'Samson, Rolando','Rolando Samson',NULL,NULL,NULL,NULL,NULL,'Both','3728356464',NULL,'Sample Data','Rolando','','Samson',NULL,NULL,NULL,NULL,1,NULL,'Dear Rolando',1,NULL,'Dear Rolando',1,NULL,'Rolando Samson',NULL,2,'1982-08-28',0,NULL,NULL,NULL,NULL,NULL,NULL,NULL,0,NULL,'2014-04-30 22:09:22'),(178,'Individual',NULL,0,0,0,0,0,0,NULL,NULL,'robertson.esta@testing.biz','robertson.esta@testing.biz',NULL,NULL,NULL,NULL,NULL,'Both','3718755948',NULL,'Sample Data',NULL,NULL,NULL,4,NULL,NULL,NULL,1,NULL,'Dear robertson.esta@testing.biz',1,NULL,'Dear robertson.esta@testing.biz',1,NULL,'robertson.esta@testing.biz',NULL,NULL,NULL,0,NULL,NULL,NULL,NULL,NULL,NULL,NULL,0,NULL,'2014-04-30 22:09:22'),(179,'Individual',NULL,0,0,0,0,0,0,NULL,NULL,'Bachman, Beula','Beula Bachman',NULL,NULL,NULL,NULL,NULL,'Both','1024437619',NULL,'Sample Data','Beula','','Bachman',NULL,NULL,NULL,NULL,1,NULL,'Dear Beula',1,NULL,'Dear Beula',1,NULL,'Beula Bachman',NULL,1,'1937-08-16',0,NULL,NULL,NULL,'Georgia Wellness Academy',NULL,NULL,135,0,NULL,'2014-04-30 22:09:24'),(180,'Individual',NULL,0,0,0,0,0,0,NULL,NULL,'Prentice-Jones, Ray','Dr. Ray Prentice-Jones Sr.',NULL,NULL,NULL,NULL,NULL,'Both','855831285',NULL,'Sample Data','Ray','','Prentice-Jones',4,2,NULL,NULL,1,NULL,'Dear Ray',1,NULL,'Dear Ray',1,NULL,'Dr. Ray Prentice-Jones Sr.',NULL,NULL,NULL,0,NULL,NULL,NULL,NULL,NULL,NULL,NULL,0,NULL,'2014-04-30 22:09:23'),(181,'Individual',NULL,1,0,0,0,0,0,NULL,NULL,'Grant, Lincoln','Mr. Lincoln Grant',NULL,NULL,NULL,'3',NULL,'Both','2133553876',NULL,'Sample Data','Lincoln','','Grant',3,NULL,NULL,NULL,1,NULL,'Dear Lincoln',1,NULL,'Dear Lincoln',1,NULL,'Mr. Lincoln Grant',NULL,NULL,'1990-12-20',0,NULL,NULL,NULL,NULL,NULL,NULL,NULL,0,NULL,'2014-04-30 22:09:23'),(182,'Individual',NULL,0,0,0,0,0,0,NULL,NULL,'Jacobs, Sanford','Dr. Sanford Jacobs III',NULL,NULL,NULL,'3',NULL,'Both','4160245943',NULL,'Sample Data','Sanford','','Jacobs',4,4,NULL,NULL,1,NULL,'Dear Sanford',1,NULL,'Dear Sanford',1,NULL,'Dr. Sanford Jacobs III',NULL,2,'1936-02-02',1,NULL,NULL,NULL,NULL,NULL,NULL,NULL,0,NULL,'2014-04-30 22:09:22'),(183,'Individual',NULL,0,0,0,0,0,0,NULL,NULL,'Yadav-Wattson, Carylon','Carylon Yadav-Wattson',NULL,NULL,NULL,'4',NULL,'Both','281328971',NULL,'Sample Data','Carylon','E','Yadav-Wattson',NULL,NULL,NULL,NULL,1,NULL,'Dear Carylon',1,NULL,'Dear Carylon',1,NULL,'Carylon Yadav-Wattson',NULL,1,'1974-11-20',0,NULL,NULL,NULL,NULL,NULL,NULL,NULL,0,NULL,'2014-04-30 22:09:23'),(184,'Individual',NULL,0,0,0,0,0,0,NULL,NULL,'Lee, Betty','Dr. Betty Lee',NULL,NULL,NULL,NULL,NULL,'Both','4193978956',NULL,'Sample Data','Betty','X','Lee',4,NULL,NULL,NULL,1,NULL,'Dear Betty',1,NULL,'Dear Betty',1,NULL,'Dr. Betty Lee',NULL,1,'1968-02-15',0,NULL,NULL,NULL,NULL,NULL,NULL,NULL,0,NULL,'2014-04-30 22:09:23'),(185,'Individual',NULL,0,0,0,0,1,0,NULL,NULL,'Deforest, Sanford','Sanford Deforest Jr.',NULL,NULL,NULL,NULL,NULL,'Both','2352735729',NULL,'Sample Data','Sanford','','Deforest',NULL,1,NULL,NULL,1,NULL,'Dear Sanford',1,NULL,'Dear Sanford',1,NULL,'Sanford Deforest Jr.',NULL,2,NULL,0,NULL,NULL,NULL,NULL,NULL,NULL,NULL,0,NULL,'2014-04-30 22:09:22'),(186,'Individual',NULL,1,0,0,0,0,0,NULL,NULL,'Bachman, Juliann','Dr. Juliann Bachman',NULL,NULL,NULL,'1',NULL,'Both','3603929563',NULL,'Sample Data','Juliann','','Bachman',4,NULL,NULL,NULL,1,NULL,'Dear Juliann',1,NULL,'Dear Juliann',1,NULL,'Dr. Juliann Bachman',NULL,1,'1993-02-06',0,NULL,NULL,NULL,NULL,NULL,NULL,NULL,0,NULL,'2014-04-30 22:09:23'),(187,'Individual',NULL,0,0,0,0,0,0,NULL,NULL,'Robertson, Irvin','Irvin Robertson',NULL,NULL,NULL,'5',NULL,'Both','3287904826',NULL,'Sample Data','Irvin','S','Robertson',NULL,NULL,NULL,NULL,1,NULL,'Dear Irvin',1,NULL,'Dear Irvin',1,NULL,'Irvin Robertson',NULL,2,'1999-05-28',0,NULL,NULL,NULL,NULL,NULL,NULL,NULL,0,NULL,'2014-04-30 22:09:23'),(188,'Household',NULL,0,0,0,0,0,0,NULL,NULL,'Wilson-Jacobs family','Wilson-Jacobs family',NULL,NULL,NULL,'2',NULL,'Both','1982354642',NULL,'Sample Data',NULL,NULL,NULL,NULL,NULL,NULL,NULL,5,NULL,'Dear Wilson-Jacobs family',5,NULL,'Dear Wilson-Jacobs family',2,NULL,'Wilson-Jacobs family',NULL,NULL,NULL,0,NULL,'Wilson-Jacobs family',NULL,NULL,NULL,NULL,NULL,0,NULL,'2014-04-30 22:09:24'),(189,'Individual',NULL,0,1,0,0,0,0,NULL,NULL,'Yadav, Omar','Mr. Omar Yadav Jr.',NULL,NULL,NULL,NULL,NULL,'Both','874321976',NULL,'Sample Data','Omar','O','Yadav',3,1,NULL,NULL,1,NULL,'Dear Omar',1,NULL,'Dear Omar',1,NULL,'Mr. Omar Yadav Jr.',NULL,2,NULL,0,NULL,NULL,NULL,NULL,NULL,NULL,NULL,0,NULL,'2014-04-30 22:09:23'),(190,'Organization',NULL,0,0,0,0,0,0,NULL,NULL,'New Jersey Development Services','New Jersey Development Services',NULL,NULL,NULL,'3',NULL,'Both','3451678630',NULL,'Sample Data',NULL,NULL,NULL,NULL,NULL,NULL,NULL,NULL,NULL,NULL,NULL,NULL,NULL,3,NULL,'New Jersey Development Services',NULL,NULL,NULL,0,NULL,NULL,11,'New Jersey Development Services',NULL,NULL,NULL,0,NULL,'2014-04-30 22:09:24'),(191,'Organization',NULL,1,0,0,0,0,0,NULL,NULL,'Kansas Sustainability Fund','Kansas Sustainability Fund',NULL,NULL,NULL,'4',NULL,'Both','1046034349',NULL,'Sample Data',NULL,NULL,NULL,NULL,NULL,NULL,NULL,NULL,NULL,NULL,NULL,NULL,NULL,3,NULL,'Kansas Sustainability Fund',NULL,NULL,NULL,0,NULL,NULL,79,'Kansas Sustainability Fund',NULL,NULL,NULL,0,NULL,'2014-04-30 22:09:24'),(192,'Individual',NULL,0,0,0,0,0,0,NULL,NULL,'alidai@airmail.co.in','alidai@airmail.co.in',NULL,NULL,NULL,'4',NULL,'Both','3019801369',NULL,'Sample Data',NULL,NULL,NULL,1,NULL,NULL,NULL,1,NULL,'Dear alidai@airmail.co.in',1,NULL,'Dear alidai@airmail.co.in',1,NULL,'alidai@airmail.co.in',NULL,NULL,NULL,0,NULL,NULL,NULL,NULL,NULL,NULL,NULL,0,NULL,'2014-04-30 22:09:22'),(193,'Individual',NULL,1,0,0,0,0,0,NULL,NULL,'Nielsen, Lawerence','Lawerence Nielsen',NULL,NULL,NULL,NULL,NULL,'Both','4276831129',NULL,'Sample Data','Lawerence','R','Nielsen',NULL,NULL,NULL,NULL,1,NULL,'Dear Lawerence',1,NULL,'Dear Lawerence',1,NULL,'Lawerence Nielsen',NULL,2,'1968-09-08',0,NULL,NULL,NULL,NULL,NULL,NULL,NULL,0,NULL,'2014-04-30 22:09:22'),(194,'Organization',NULL,0,0,0,0,0,0,NULL,NULL,'Allensville Education Center','Allensville Education Center',NULL,NULL,NULL,NULL,NULL,'Both','250836305',NULL,'Sample Data',NULL,NULL,NULL,NULL,NULL,NULL,NULL,NULL,NULL,NULL,NULL,NULL,NULL,3,NULL,'Allensville Education Center',NULL,NULL,NULL,0,NULL,NULL,10,'Allensville Education Center',NULL,NULL,NULL,0,NULL,'2014-04-30 22:09:24'),(195,'Individual',NULL,0,0,0,0,1,0,NULL,NULL,'Jones, Josefa','Dr. Josefa Jones',NULL,NULL,NULL,'1',NULL,'Both','3294876457',NULL,'Sample Data','Josefa','I','Jones',4,NULL,NULL,NULL,1,NULL,'Dear Josefa',1,NULL,'Dear Josefa',1,NULL,'Dr. Josefa Jones',NULL,1,'1974-01-04',0,NULL,NULL,NULL,NULL,NULL,NULL,NULL,0,NULL,'2014-04-30 22:09:23'),(196,'Individual',NULL,0,0,0,0,0,0,NULL,NULL,'Cruz, Brent','Mr. Brent Cruz',NULL,NULL,NULL,NULL,NULL,'Both','1602969410',NULL,'Sample Data','Brent','','Cruz',3,NULL,NULL,NULL,1,NULL,'Dear Brent',1,NULL,'Dear Brent',1,NULL,'Mr. Brent Cruz',NULL,2,NULL,0,NULL,NULL,NULL,NULL,NULL,NULL,NULL,0,NULL,'2014-04-30 22:09:23'),(197,'Individual',NULL,0,0,0,0,0,0,NULL,NULL,'Wattson, Laree','Laree Wattson',NULL,NULL,NULL,NULL,NULL,'Both','291866407',NULL,'Sample Data','Laree','','Wattson',NULL,NULL,NULL,NULL,1,NULL,'Dear Laree',1,NULL,'Dear Laree',1,NULL,'Laree Wattson',NULL,1,NULL,0,NULL,NULL,NULL,NULL,NULL,NULL,NULL,0,NULL,'2014-04-30 22:09:23'),(198,'Individual',NULL,0,1,0,0,1,0,NULL,NULL,'Wilson, Billy','Mr. Billy Wilson',NULL,NULL,NULL,'5',NULL,'Both','93183395',NULL,'Sample Data','Billy','','Wilson',3,NULL,NULL,NULL,1,NULL,'Dear Billy',1,NULL,'Dear Billy',1,NULL,'Mr. Billy Wilson',NULL,2,'1950-07-09',1,NULL,NULL,NULL,NULL,NULL,NULL,NULL,0,NULL,'2014-04-30 22:09:23'),(199,'Individual',NULL,0,0,0,0,0,0,NULL,NULL,'Wilson-Jacobs, Delana','Ms. Delana Wilson-Jacobs',NULL,NULL,NULL,'3',NULL,'Both','2918991952',NULL,'Sample Data','Delana','N','Wilson-Jacobs',2,NULL,NULL,NULL,1,NULL,'Dear Delana',1,NULL,'Dear Delana',1,NULL,'Ms. Delana Wilson-Jacobs',NULL,1,'1989-05-01',0,NULL,NULL,NULL,NULL,NULL,NULL,NULL,0,NULL,'2014-04-30 22:09:23'),(200,'Individual',NULL,0,0,0,0,0,0,NULL,NULL,'Grant-Wagner, Eleonor','Eleonor Grant-Wagner',NULL,NULL,NULL,NULL,NULL,'Both','803185199',NULL,'Sample Data','Eleonor','D','Grant-Wagner',NULL,NULL,NULL,NULL,1,NULL,'Dear Eleonor',1,NULL,'Dear Eleonor',1,NULL,'Eleonor Grant-Wagner',NULL,1,'2003-07-30',0,NULL,NULL,NULL,NULL,NULL,NULL,NULL,0,NULL,'2014-04-30 22:09:23'),(201,'Individual',NULL,1,0,0,0,0,0,NULL,NULL,'Yadav, Norris','Mr. Norris Yadav',NULL,NULL,NULL,'4',NULL,'Both','3408497299',NULL,'Sample Data','Norris','X','Yadav',3,NULL,NULL,NULL,1,NULL,'Dear Norris',1,NULL,'Dear Norris',1,NULL,'Mr. Norris Yadav',NULL,2,NULL,0,NULL,NULL,NULL,NULL,NULL,NULL,NULL,0,NULL,'2014-04-30 22:09:23');
/*!40000 ALTER TABLE `civicrm_contact` ENABLE KEYS */;
UNLOCK TABLES;

--
-- Dumping data for table `civicrm_contact_type`
--

LOCK TABLES `civicrm_contact_type` WRITE;
/*!40000 ALTER TABLE `civicrm_contact_type` DISABLE KEYS */;
INSERT INTO `civicrm_contact_type` (`id`, `name`, `label`, `description`, `image_URL`, `parent_id`, `is_active`, `is_reserved`) VALUES (1,'Individual','Individual',NULL,NULL,NULL,1,1),(2,'Household','Household',NULL,NULL,NULL,1,1),(3,'Organization','Organization',NULL,NULL,NULL,1,1),(4,'Student','Student',NULL,NULL,1,1,0),(5,'Parent','Parent',NULL,NULL,1,1,0),(6,'Staff','Staff',NULL,NULL,1,1,0),(7,'Team','Team',NULL,NULL,3,1,0),(8,'Sponsor','Sponsor',NULL,NULL,3,1,0);
/*!40000 ALTER TABLE `civicrm_contact_type` ENABLE KEYS */;
UNLOCK TABLES;

--
-- Dumping data for table `civicrm_contribution`
--

LOCK TABLES `civicrm_contribution` WRITE;
/*!40000 ALTER TABLE `civicrm_contribution` DISABLE KEYS */;
INSERT INTO `civicrm_contribution` (`id`, `contact_id`, `financial_type_id`, `contribution_page_id`, `payment_instrument_id`, `receive_date`, `non_deductible_amount`, `total_amount`, `fee_amount`, `net_amount`, `trxn_id`, `invoice_id`, `currency`, `cancel_date`, `cancel_reason`, `receipt_date`, `thankyou_date`, `source`, `amount_level`, `contribution_recur_id`, `is_test`, `is_pay_later`, `contribution_status_id`, `address_id`, `check_number`, `campaign_id`) VALUES (1,2,1,NULL,4,'2010-04-11 00:00:00','0.00','125.00',NULL,NULL,NULL,NULL,'USD',NULL,NULL,NULL,NULL,'Apr 2007 Mailer 1',NULL,NULL,0,0,1,NULL,'1041',NULL),(2,4,1,NULL,1,'2010-03-21 00:00:00','0.00','50.00',NULL,NULL,'P20901X1',NULL,'USD',NULL,NULL,NULL,NULL,'Online: Save the Penguins',NULL,NULL,0,0,1,NULL,NULL,NULL),(3,6,1,NULL,4,'2010-04-29 00:00:00','0.00','25.00',NULL,NULL,NULL,NULL,'USD',NULL,NULL,NULL,NULL,'Apr 2007 Mailer 1',NULL,NULL,0,0,1,NULL,'2095',NULL),(4,8,1,NULL,4,'2010-04-11 00:00:00','0.00','50.00',NULL,NULL,NULL,NULL,'USD',NULL,NULL,NULL,NULL,'Apr 2007 Mailer 1',NULL,NULL,0,0,1,NULL,'10552',NULL),(5,16,1,NULL,4,'2010-04-15 00:00:00','0.00','500.00',NULL,NULL,NULL,NULL,'USD',NULL,NULL,NULL,NULL,'Apr 2007 Mailer 1',NULL,NULL,0,0,1,NULL,'509',NULL),(6,19,1,NULL,4,'2010-04-11 00:00:00','0.00','175.00',NULL,NULL,NULL,NULL,'USD',NULL,NULL,NULL,NULL,'Apr 2007 Mailer 1',NULL,NULL,0,0,1,NULL,'102',NULL),(7,82,1,NULL,1,'2010-03-27 00:00:00','0.00','50.00',NULL,NULL,'P20193L2',NULL,'USD',NULL,NULL,NULL,NULL,'Online: Save the Penguins',NULL,NULL,0,0,1,NULL,NULL,NULL),(8,92,1,NULL,1,'2010-03-08 00:00:00','0.00','10.00',NULL,NULL,'P40232Y3',NULL,'USD',NULL,NULL,NULL,NULL,'Online: Help CiviCRM',NULL,NULL,0,0,1,NULL,NULL,NULL),(9,34,1,NULL,1,'2010-04-22 00:00:00','0.00','250.00',NULL,NULL,'P20193L6',NULL,'USD',NULL,NULL,NULL,NULL,'Online: Help CiviCRM',NULL,NULL,0,0,1,NULL,NULL,NULL),(10,71,1,NULL,1,'2009-07-01 11:53:50','0.00','500.00',NULL,NULL,'PL71',NULL,'USD',NULL,NULL,NULL,NULL,NULL,NULL,NULL,0,0,1,NULL,NULL,NULL),(11,43,1,NULL,1,'2009-07-01 12:55:41','0.00','200.00',NULL,NULL,'PL43II',NULL,'USD',NULL,NULL,NULL,NULL,NULL,NULL,NULL,0,0,1,NULL,NULL,NULL),(12,32,1,NULL,1,'2009-10-01 11:53:50','0.00','200.00',NULL,NULL,'PL32I',NULL,'USD',NULL,NULL,NULL,NULL,NULL,NULL,NULL,0,0,1,NULL,NULL,NULL),(13,32,1,NULL,1,'2009-12-01 12:55:41','0.00','200.00',NULL,NULL,'PL32II',NULL,'USD',NULL,NULL,NULL,NULL,NULL,NULL,NULL,0,0,1,NULL,NULL,NULL),(14,124,2,NULL,1,'2014-04-30 15:09:27','0.00','100.00',NULL,NULL,NULL,NULL,'USD',NULL,NULL,NULL,NULL,'General Membership: Offline signup',NULL,NULL,0,0,1,NULL,NULL,NULL),(15,78,2,NULL,1,'2014-04-30 15:09:27','0.00','50.00',NULL,NULL,NULL,NULL,'USD',NULL,NULL,NULL,NULL,'Student Membership: Offline signup',NULL,NULL,0,0,1,NULL,NULL,NULL),(16,31,2,NULL,1,'2014-04-30 15:09:27','0.00','100.00',NULL,NULL,NULL,NULL,'USD',NULL,NULL,NULL,NULL,'General Membership: Offline signup',NULL,NULL,0,0,1,NULL,NULL,NULL),(17,53,2,NULL,1,'2014-04-30 15:09:27','0.00','50.00',NULL,NULL,NULL,NULL,'USD',NULL,NULL,NULL,NULL,'Student Membership: Offline signup',NULL,NULL,0,0,1,NULL,NULL,NULL),(18,142,2,NULL,1,'2014-04-30 15:09:27','0.00','100.00',NULL,NULL,NULL,NULL,'USD',NULL,NULL,NULL,NULL,'General Membership: Offline signup',NULL,NULL,0,0,1,NULL,NULL,NULL),(19,163,2,NULL,1,'2014-04-30 15:09:27','0.00','50.00',NULL,NULL,NULL,NULL,'USD',NULL,NULL,NULL,NULL,'Student Membership: Offline signup',NULL,NULL,0,0,1,NULL,NULL,NULL),(20,67,2,NULL,1,'2014-04-30 15:09:27','0.00','100.00',NULL,NULL,NULL,NULL,'USD',NULL,NULL,NULL,NULL,'General Membership: Offline signup',NULL,NULL,0,0,1,NULL,NULL,NULL),(21,104,2,NULL,1,'2014-04-30 15:09:27','0.00','50.00',NULL,NULL,NULL,NULL,'USD',NULL,NULL,NULL,NULL,'Student Membership: Offline signup',NULL,NULL,0,0,1,NULL,NULL,NULL),(22,125,2,NULL,1,'2014-04-30 15:09:27','0.00','100.00',NULL,NULL,NULL,NULL,'USD',NULL,NULL,NULL,NULL,'General Membership: Offline signup',NULL,NULL,0,0,1,NULL,NULL,NULL),(23,185,2,NULL,1,'2014-04-30 15:09:27','0.00','100.00',NULL,NULL,NULL,NULL,'USD',NULL,NULL,NULL,NULL,'General Membership: Offline signup',NULL,NULL,0,0,1,NULL,NULL,NULL),(24,116,2,NULL,1,'2014-04-30 15:09:27','0.00','1200.00',NULL,NULL,NULL,NULL,'USD',NULL,NULL,NULL,NULL,'Lifetime Membership: Offline signup',NULL,NULL,0,0,1,NULL,NULL,NULL),(25,73,2,NULL,1,'2014-04-30 15:09:27','0.00','50.00',NULL,NULL,NULL,NULL,'USD',NULL,NULL,NULL,NULL,'Student Membership: Offline signup',NULL,NULL,0,0,1,NULL,NULL,NULL),(26,107,2,NULL,1,'2014-04-30 15:09:27','0.00','100.00',NULL,NULL,NULL,NULL,'USD',NULL,NULL,NULL,NULL,'General Membership: Offline signup',NULL,NULL,0,0,1,NULL,NULL,NULL),(27,128,2,NULL,1,'2014-04-30 15:09:27','0.00','50.00',NULL,NULL,NULL,NULL,'USD',NULL,NULL,NULL,NULL,'Student Membership: Offline signup',NULL,NULL,0,0,1,NULL,NULL,NULL),(28,184,2,NULL,1,'2014-04-30 15:09:27','0.00','100.00',NULL,NULL,NULL,NULL,'USD',NULL,NULL,NULL,NULL,'General Membership: Offline signup',NULL,NULL,0,0,1,NULL,NULL,NULL),(29,7,2,NULL,1,'2014-04-30 15:09:27','0.00','50.00',NULL,NULL,NULL,NULL,'USD',NULL,NULL,NULL,NULL,'Student Membership: Offline signup',NULL,NULL,0,0,1,NULL,NULL,NULL),(30,154,2,NULL,1,'2014-04-30 15:09:27','0.00','100.00',NULL,NULL,NULL,NULL,'USD',NULL,NULL,NULL,NULL,'General Membership: Offline signup',NULL,NULL,0,0,1,NULL,NULL,NULL),(31,136,2,NULL,1,'2014-04-30 15:09:27','0.00','50.00',NULL,NULL,NULL,NULL,'USD',NULL,NULL,NULL,NULL,'Student Membership: Offline signup',NULL,NULL,0,0,1,NULL,NULL,NULL),(32,21,2,NULL,1,'2014-04-30 15:09:27','0.00','100.00',NULL,NULL,NULL,NULL,'USD',NULL,NULL,NULL,NULL,'General Membership: Offline signup',NULL,NULL,0,0,1,NULL,NULL,NULL),(33,118,2,NULL,1,'2014-04-30 15:09:27','0.00','100.00',NULL,NULL,NULL,NULL,'USD',NULL,NULL,NULL,NULL,'General Membership: Offline signup',NULL,NULL,0,0,1,NULL,NULL,NULL),(34,150,2,NULL,1,'2014-04-30 15:09:27','0.00','100.00',NULL,NULL,NULL,NULL,'USD',NULL,NULL,NULL,NULL,'General Membership: Offline signup',NULL,NULL,0,0,1,NULL,NULL,NULL),(35,87,2,NULL,1,'2014-04-30 15:09:27','0.00','1200.00',NULL,NULL,NULL,NULL,'USD',NULL,NULL,NULL,NULL,'Lifetime Membership: Offline signup',NULL,NULL,0,0,1,NULL,NULL,NULL),(36,101,2,NULL,1,'2014-04-30 15:09:27','0.00','100.00',NULL,NULL,NULL,NULL,'USD',NULL,NULL,NULL,NULL,'General Membership: Offline signup',NULL,NULL,0,0,1,NULL,NULL,NULL),(37,105,2,NULL,1,'2014-04-30 15:09:27','0.00','50.00',NULL,NULL,NULL,NULL,'USD',NULL,NULL,NULL,NULL,'Student Membership: Offline signup',NULL,NULL,0,0,1,NULL,NULL,NULL),(38,41,2,NULL,1,'2014-04-30 15:09:27','0.00','50.00',NULL,NULL,NULL,NULL,'USD',NULL,NULL,NULL,NULL,'Student Membership: Offline signup',NULL,NULL,0,0,1,NULL,NULL,NULL),(39,70,2,NULL,1,'2014-04-30 15:09:27','0.00','50.00',NULL,NULL,NULL,NULL,'USD',NULL,NULL,NULL,NULL,'Student Membership: Offline signup',NULL,NULL,0,0,1,NULL,NULL,NULL),(40,22,2,NULL,1,'2014-04-30 15:09:27','0.00','100.00',NULL,NULL,NULL,NULL,'USD',NULL,NULL,NULL,NULL,'General Membership: Offline signup',NULL,NULL,0,0,1,NULL,NULL,NULL),(41,132,2,NULL,1,'2014-04-30 15:09:27','0.00','50.00',NULL,NULL,NULL,NULL,'USD',NULL,NULL,NULL,NULL,'Student Membership: Offline signup',NULL,NULL,0,0,1,NULL,NULL,NULL),(42,90,2,NULL,1,'2014-04-30 15:09:27','0.00','100.00',NULL,NULL,NULL,NULL,'USD',NULL,NULL,NULL,NULL,'General Membership: Offline signup',NULL,NULL,0,0,1,NULL,NULL,NULL),(43,133,2,NULL,1,'2014-04-30 15:09:27','0.00','100.00',NULL,NULL,NULL,NULL,'USD',NULL,NULL,NULL,NULL,'General Membership: Offline signup',NULL,NULL,0,0,1,NULL,NULL,NULL),(45,1,4,NULL,1,'2014-04-30 15:09:28','0.00','800.00',NULL,NULL,NULL,NULL,'USD',NULL,NULL,'2014-04-30 15:09:28',NULL,'Rain-forest Cup Youth Soccer Tournament : Offline registration',NULL,NULL,0,0,1,NULL,NULL,NULL),(46,3,4,NULL,1,'2014-04-30 15:09:28','0.00','50.00',NULL,NULL,NULL,NULL,'USD',NULL,NULL,'2014-04-30 15:09:28',NULL,'Fall Fundraiser Dinner : Offline registration',NULL,NULL,0,0,1,NULL,NULL,NULL),(47,11,4,NULL,1,'2014-04-30 15:09:28','0.00','50.00',NULL,NULL,NULL,NULL,'USD',NULL,NULL,'2014-04-30 15:09:28',NULL,'Summer Solstice Festival Day Concert : Offline registration',NULL,NULL,0,0,1,NULL,NULL,NULL),(48,12,4,NULL,1,'2014-04-30 15:09:28','0.00','50.00',NULL,NULL,NULL,NULL,'USD',NULL,NULL,'2014-04-30 15:09:28',NULL,'Fall Fundraiser Dinner : Offline registration',NULL,NULL,0,0,1,NULL,NULL,NULL),(49,14,4,NULL,1,'2014-04-30 15:09:28','0.00','800.00',NULL,NULL,NULL,NULL,'USD',NULL,NULL,'2014-04-30 15:09:28',NULL,'Rain-forest Cup Youth Soccer Tournament : Offline registration',NULL,NULL,0,0,1,NULL,NULL,NULL),(50,20,4,NULL,1,'2014-04-30 15:09:28','0.00','800.00',NULL,NULL,NULL,NULL,'USD',NULL,NULL,'2014-04-30 15:09:28',NULL,'Rain-forest Cup Youth Soccer Tournament : Offline registration',NULL,NULL,0,0,1,NULL,NULL,NULL),(51,22,4,NULL,1,'2014-04-30 15:09:28','0.00','800.00',NULL,NULL,NULL,NULL,'USD',NULL,NULL,'2014-04-30 15:09:28',NULL,'Rain-forest Cup Youth Soccer Tournament : Offline registration',NULL,NULL,0,0,1,NULL,NULL,NULL),(52,27,4,NULL,1,'2014-04-30 15:09:28','0.00','800.00',NULL,NULL,NULL,NULL,'USD',NULL,NULL,'2014-04-30 15:09:28',NULL,'Rain-forest Cup Youth Soccer Tournament : Offline registration',NULL,NULL,0,0,1,NULL,NULL,NULL),(53,32,4,NULL,1,'2014-04-30 15:09:28','0.00','800.00',NULL,NULL,NULL,NULL,'USD',NULL,NULL,'2014-04-30 15:09:28',NULL,'Rain-forest Cup Youth Soccer Tournament : Offline registration',NULL,NULL,0,0,1,NULL,NULL,NULL),(54,35,4,NULL,1,'2014-04-30 15:09:28','0.00','50.00',NULL,NULL,NULL,NULL,'USD',NULL,NULL,'2014-04-30 15:09:28',NULL,'Fall Fundraiser Dinner : Offline registration',NULL,NULL,0,0,1,NULL,NULL,NULL),(55,44,4,NULL,1,'2014-04-30 15:09:28','0.00','800.00',NULL,NULL,NULL,NULL,'USD',NULL,NULL,'2014-04-30 15:09:28',NULL,'Rain-forest Cup Youth Soccer Tournament : Offline registration',NULL,NULL,0,0,1,NULL,NULL,NULL),(56,53,4,NULL,1,'2014-04-30 15:09:28','0.00','800.00',NULL,NULL,NULL,NULL,'USD',NULL,NULL,'2014-04-30 15:09:28',NULL,'Rain-forest Cup Youth Soccer Tournament : Offline registration',NULL,NULL,0,0,1,NULL,NULL,NULL),(57,60,4,NULL,1,'2014-04-30 15:09:28','0.00','50.00',NULL,NULL,NULL,NULL,'USD',NULL,NULL,'2014-04-30 15:09:28',NULL,'Summer Solstice Festival Day Concert : Offline registration',NULL,NULL,0,0,1,NULL,NULL,NULL),(58,61,4,NULL,1,'2014-04-30 15:09:28','0.00','50.00',NULL,NULL,NULL,NULL,'USD',NULL,NULL,'2014-04-30 15:09:28',NULL,'Summer Solstice Festival Day Concert : Offline registration',NULL,NULL,0,0,1,NULL,NULL,NULL),(59,64,4,NULL,1,'2014-04-30 15:09:28','0.00','50.00',NULL,NULL,NULL,NULL,'USD',NULL,NULL,'2014-04-30 15:09:28',NULL,'Fall Fundraiser Dinner : Offline registration',NULL,NULL,0,0,1,NULL,NULL,NULL),(60,68,4,NULL,1,'2014-04-30 15:09:28','0.00','800.00',NULL,NULL,NULL,NULL,'USD',NULL,NULL,'2014-04-30 15:09:28',NULL,'Rain-forest Cup Youth Soccer Tournament : Offline registration',NULL,NULL,0,0,1,NULL,NULL,NULL),(61,71,4,NULL,1,'2014-04-30 15:09:28','0.00','50.00',NULL,NULL,NULL,NULL,'USD',NULL,NULL,'2014-04-30 15:09:28',NULL,'Fall Fundraiser Dinner : Offline registration',NULL,NULL,0,0,1,NULL,NULL,NULL),(62,83,4,NULL,1,'2014-04-30 15:09:28','0.00','800.00',NULL,NULL,NULL,NULL,'USD',NULL,NULL,'2014-04-30 15:09:28',NULL,'Rain-forest Cup Youth Soccer Tournament : Offline registration',NULL,NULL,0,0,1,NULL,NULL,NULL),(63,85,4,NULL,1,'2014-04-30 15:09:28','0.00','50.00',NULL,NULL,NULL,NULL,'USD',NULL,NULL,'2014-04-30 15:09:28',NULL,'Fall Fundraiser Dinner : Offline registration',NULL,NULL,0,0,1,NULL,NULL,NULL),(64,89,4,NULL,1,'2014-04-30 15:09:28','0.00','50.00',NULL,NULL,NULL,NULL,'USD',NULL,NULL,'2014-04-30 15:09:28',NULL,'Fall Fundraiser Dinner : Offline registration',NULL,NULL,0,0,1,NULL,NULL,NULL),(65,90,4,NULL,1,'2014-04-30 15:09:28','0.00','50.00',NULL,NULL,NULL,NULL,'USD',NULL,NULL,'2014-04-30 15:09:28',NULL,'Summer Solstice Festival Day Concert : Offline registration',NULL,NULL,0,0,1,NULL,NULL,NULL),(66,91,4,NULL,1,'2014-04-30 15:09:28','0.00','800.00',NULL,NULL,NULL,NULL,'USD',NULL,NULL,'2014-04-30 15:09:28',NULL,'Rain-forest Cup Youth Soccer Tournament : Offline registration',NULL,NULL,0,0,1,NULL,NULL,NULL),(67,95,4,NULL,1,'2014-04-30 15:09:28','0.00','50.00',NULL,NULL,NULL,NULL,'USD',NULL,NULL,'2014-04-30 15:09:28',NULL,'Summer Solstice Festival Day Concert : Offline registration',NULL,NULL,0,0,1,NULL,NULL,NULL),(68,98,4,NULL,1,'2014-04-30 15:09:28','0.00','50.00',NULL,NULL,NULL,NULL,'USD',NULL,NULL,'2014-04-30 15:09:28',NULL,'Summer Solstice Festival Day Concert : Offline registration',NULL,NULL,0,0,1,NULL,NULL,NULL),(69,101,4,NULL,1,'2014-04-30 15:09:28','0.00','800.00',NULL,NULL,NULL,NULL,'USD',NULL,NULL,'2014-04-30 15:09:28',NULL,'Rain-forest Cup Youth Soccer Tournament : Offline registration',NULL,NULL,0,0,1,NULL,NULL,NULL),(70,102,4,NULL,1,'2014-04-30 15:09:28','0.00','50.00',NULL,NULL,NULL,NULL,'USD',NULL,NULL,'2014-04-30 15:09:28',NULL,'Summer Solstice Festival Day Concert : Offline registration',NULL,NULL,0,0,1,NULL,NULL,NULL),(71,107,4,NULL,1,'2014-04-30 15:09:28','0.00','50.00',NULL,NULL,NULL,NULL,'USD',NULL,NULL,'2014-04-30 15:09:28',NULL,'Fall Fundraiser Dinner : Offline registration',NULL,NULL,0,0,1,NULL,NULL,NULL),(72,108,4,NULL,1,'2014-04-30 15:09:28','0.00','50.00',NULL,NULL,NULL,NULL,'USD',NULL,NULL,'2014-04-30 15:09:28',NULL,'Fall Fundraiser Dinner : Offline registration',NULL,NULL,0,0,1,NULL,NULL,NULL),(73,110,4,NULL,1,'2014-04-30 15:09:28','0.00','50.00',NULL,NULL,NULL,NULL,'USD',NULL,NULL,'2014-04-30 15:09:28',NULL,'Summer Solstice Festival Day Concert : Offline registration',NULL,NULL,0,0,1,NULL,NULL,NULL),(74,112,4,NULL,1,'2014-04-30 15:09:28','0.00','800.00',NULL,NULL,NULL,NULL,'USD',NULL,NULL,'2014-04-30 15:09:28',NULL,'Rain-forest Cup Youth Soccer Tournament : Offline registration',NULL,NULL,0,0,1,NULL,NULL,NULL),(75,116,4,NULL,1,'2014-04-30 15:09:28','0.00','50.00',NULL,NULL,NULL,NULL,'USD',NULL,NULL,'2014-04-30 15:09:28',NULL,'Summer Solstice Festival Day Concert : Offline registration',NULL,NULL,0,0,1,NULL,NULL,NULL),(76,134,4,NULL,1,'2014-04-30 15:09:28','0.00','50.00',NULL,NULL,NULL,NULL,'USD',NULL,NULL,'2014-04-30 15:09:28',NULL,'Fall Fundraiser Dinner : Offline registration',NULL,NULL,0,0,1,NULL,NULL,NULL),(77,135,4,NULL,1,'2014-04-30 15:09:28','0.00','800.00',NULL,NULL,NULL,NULL,'USD',NULL,NULL,'2014-04-30 15:09:28',NULL,'Rain-forest Cup Youth Soccer Tournament : Offline registration',NULL,NULL,0,0,1,NULL,NULL,NULL),(78,140,4,NULL,1,'2014-04-30 15:09:28','0.00','50.00',NULL,NULL,NULL,NULL,'USD',NULL,NULL,'2014-04-30 15:09:28',NULL,'Summer Solstice Festival Day Concert : Offline registration',NULL,NULL,0,0,1,NULL,NULL,NULL),(79,149,4,NULL,1,'2014-04-30 15:09:28','0.00','50.00',NULL,NULL,NULL,NULL,'USD',NULL,NULL,'2014-04-30 15:09:28',NULL,'Summer Solstice Festival Day Concert : Offline registration',NULL,NULL,0,0,1,NULL,NULL,NULL),(80,157,4,NULL,1,'2014-04-30 15:09:28','0.00','50.00',NULL,NULL,NULL,NULL,'USD',NULL,NULL,'2014-04-30 15:09:28',NULL,'Summer Solstice Festival Day Concert : Offline registration',NULL,NULL,0,0,1,NULL,NULL,NULL),(81,160,4,NULL,1,'2014-04-30 15:09:28','0.00','50.00',NULL,NULL,NULL,NULL,'USD',NULL,NULL,'2014-04-30 15:09:28',NULL,'Summer Solstice Festival Day Concert : Offline registration',NULL,NULL,0,0,1,NULL,NULL,NULL),(82,165,4,NULL,1,'2014-04-30 15:09:28','0.00','50.00',NULL,NULL,NULL,NULL,'USD',NULL,NULL,'2014-04-30 15:09:28',NULL,'Fall Fundraiser Dinner : Offline registration',NULL,NULL,0,0,1,NULL,NULL,NULL),(83,168,4,NULL,1,'2014-04-30 15:09:28','0.00','800.00',NULL,NULL,NULL,NULL,'USD',NULL,NULL,'2014-04-30 15:09:28',NULL,'Rain-forest Cup Youth Soccer Tournament : Offline registration',NULL,NULL,0,0,1,NULL,NULL,NULL),(84,170,4,NULL,1,'2014-04-30 15:09:28','0.00','50.00',NULL,NULL,NULL,NULL,'USD',NULL,NULL,'2014-04-30 15:09:28',NULL,'Fall Fundraiser Dinner : Offline registration',NULL,NULL,0,0,1,NULL,NULL,NULL),(85,177,4,NULL,1,'2014-04-30 15:09:28','0.00','50.00',NULL,NULL,NULL,NULL,'USD',NULL,NULL,'2014-04-30 15:09:28',NULL,'Summer Solstice Festival Day Concert : Offline registration',NULL,NULL,0,0,1,NULL,NULL,NULL),(86,179,4,NULL,1,'2014-04-30 15:09:28','0.00','800.00',NULL,NULL,NULL,NULL,'USD',NULL,NULL,'2014-04-30 15:09:28',NULL,'Rain-forest Cup Youth Soccer Tournament : Offline registration',NULL,NULL,0,0,1,NULL,NULL,NULL),(87,181,4,NULL,1,'2014-04-30 15:09:28','0.00','800.00',NULL,NULL,NULL,NULL,'USD',NULL,NULL,'2014-04-30 15:09:28',NULL,'Rain-forest Cup Youth Soccer Tournament : Offline registration',NULL,NULL,0,0,1,NULL,NULL,NULL),(88,182,4,NULL,1,'2014-04-30 15:09:28','0.00','50.00',NULL,NULL,NULL,NULL,'USD',NULL,NULL,'2014-04-30 15:09:28',NULL,'Fall Fundraiser Dinner : Offline registration',NULL,NULL,0,0,1,NULL,NULL,NULL),(89,187,4,NULL,1,'2014-04-30 15:09:28','0.00','50.00',NULL,NULL,NULL,NULL,'USD',NULL,NULL,'2014-04-30 15:09:28',NULL,'Fall Fundraiser Dinner : Offline registration',NULL,NULL,0,0,1,NULL,NULL,NULL),(90,189,4,NULL,1,'2014-04-30 15:09:28','0.00','50.00',NULL,NULL,NULL,NULL,'USD',NULL,NULL,'2014-04-30 15:09:28',NULL,'Fall Fundraiser Dinner : Offline registration',NULL,NULL,0,0,1,NULL,NULL,NULL),(91,191,4,NULL,1,'2014-04-30 15:09:28','0.00','50.00',NULL,NULL,NULL,NULL,'USD',NULL,NULL,'2014-04-30 15:09:28',NULL,'Summer Solstice Festival Day Concert : Offline registration',NULL,NULL,0,0,1,NULL,NULL,NULL),(92,193,4,NULL,1,'2014-04-30 15:09:28','0.00','50.00',NULL,NULL,NULL,NULL,'USD',NULL,NULL,'2014-04-30 15:09:28',NULL,'Fall Fundraiser Dinner : Offline registration',NULL,NULL,0,0,1,NULL,NULL,NULL),(93,200,4,NULL,1,'2014-04-30 15:09:28','0.00','50.00',NULL,NULL,NULL,NULL,'USD',NULL,NULL,'2014-04-30 15:09:28',NULL,'Summer Solstice Festival Day Concert : Offline registration',NULL,NULL,0,0,1,NULL,NULL,NULL),(94,201,4,NULL,1,'2014-04-30 15:09:28','0.00','800.00',NULL,NULL,NULL,NULL,'USD',NULL,NULL,'2014-04-30 15:09:28',NULL,'Rain-forest Cup Youth Soccer Tournament : Offline registration',NULL,NULL,0,0,1,NULL,NULL,NULL);
/*!40000 ALTER TABLE `civicrm_contribution` ENABLE KEYS */;
UNLOCK TABLES;

--
-- Dumping data for table `civicrm_contribution_page`
--

LOCK TABLES `civicrm_contribution_page` WRITE;
/*!40000 ALTER TABLE `civicrm_contribution_page` DISABLE KEYS */;
INSERT INTO `civicrm_contribution_page` (`id`, `title`, `intro_text`, `financial_type_id`, `payment_processor`, `is_credit_card_only`, `is_monetary`, `is_recur`, `is_confirm_enabled`, `recur_frequency_unit`, `is_recur_interval`, `is_recur_installments`, `is_pay_later`, `pay_later_text`, `pay_later_receipt`, `is_partial_payment`, `initial_amount_label`, `initial_amount_help_text`, `min_initial_amount`, `is_allow_other_amount`, `default_amount_id`, `min_amount`, `max_amount`, `goal_amount`, `thankyou_title`, `thankyou_text`, `thankyou_footer`, `is_for_organization`, `for_organization`, `is_email_receipt`, `receipt_from_name`, `receipt_from_email`, `cc_receipt`, `bcc_receipt`, `receipt_text`, `is_active`, `footer_text`, `amount_block_is_active`, `start_date`, `end_date`, `created_id`, `created_date`, `currency`, `campaign_id`, `is_share`) VALUES (1,'Help Support CiviCRM!','Do you love CiviCRM? Do you use CiviCRM? Then please support CiviCRM and Contribute NOW by trying out our new online contribution features!',1,NULL,0,1,0,1,NULL,0,0,0,NULL,NULL,0,NULL,NULL,NULL,1,137,'10.00','10000.00','100000.00','Thanks for Your Support!','<p>Thank you for your support. Your contribution will help us build even better tools.</p><p>Please tell your friends and colleagues about CiviCRM!</p>','<p><a href=http://civicrm.org>Back to CiviCRM Home Page</a></p>',0,NULL,1,'CiviCRM Fundraising Dept.','donationFake@civicrm.org','receipt@example.com','bcc@example.com','Your donation is tax deductible under IRS 501(c)(3) regulation. Our tax identification number is: 93-123-4567',1,NULL,1,NULL,NULL,NULL,NULL,'USD',NULL,1),(2,'Member Signup and Renewal','Members are the life-blood of our organization. If you\'re not already a member - please consider signing up today. You can select the membership level the fits your budget and needs below.',2,NULL,0,1,0,1,NULL,0,0,0,NULL,NULL,0,NULL,NULL,NULL,NULL,NULL,NULL,NULL,NULL,'Thanks for Your Support!','Thanks for supporting our organization with your membership. You can learn more about membership benefits from our members only page.',NULL,0,NULL,1,'Membership Department','memberships@civicrm.org',NULL,NULL,'Thanks for supporting our organization with your membership. You can learn more about membership benefits from our members only page.\r\n\r\nKeep this receipt for your records.',1,NULL,0,NULL,NULL,NULL,NULL,'USD',NULL,1),(3,'Pledge for CiviCRM!','Do you love CiviCRM? Do you use CiviCRM? Then please support CiviCRM and Pledge NOW by trying out our online contribution features!',1,NULL,0,1,0,1,NULL,0,0,0,NULL,NULL,0,NULL,NULL,NULL,1,NULL,'10.00','10000.00','100000.00','Thanks for Your Support!','<p>Thank you for your support. Your contribution will help us build even better tools like Pledge.</p><p>Please tell your friends and colleagues about CiviPledge!</p>','<p><a href=http://civicrm.org>Back to CiviCRM Home Page</a></p>',0,NULL,1,'CiviCRM Fundraising Dept.','donationFake@civicrm.org','receipt@example.com','bcc@example.com','Your donation is tax deductible under IRS 501(c)(3) regulation. Our tax identification number is: 93-123-4567',1,NULL,1,NULL,NULL,NULL,NULL,'USD',NULL,1);
/*!40000 ALTER TABLE `civicrm_contribution_page` ENABLE KEYS */;
UNLOCK TABLES;

--
-- Dumping data for table `civicrm_contribution_product`
--

LOCK TABLES `civicrm_contribution_product` WRITE;
/*!40000 ALTER TABLE `civicrm_contribution_product` DISABLE KEYS */;
/*!40000 ALTER TABLE `civicrm_contribution_product` ENABLE KEYS */;
UNLOCK TABLES;

--
-- Dumping data for table `civicrm_contribution_recur`
--

LOCK TABLES `civicrm_contribution_recur` WRITE;
/*!40000 ALTER TABLE `civicrm_contribution_recur` DISABLE KEYS */;
/*!40000 ALTER TABLE `civicrm_contribution_recur` ENABLE KEYS */;
UNLOCK TABLES;

--
-- Dumping data for table `civicrm_contribution_soft`
--

LOCK TABLES `civicrm_contribution_soft` WRITE;
/*!40000 ALTER TABLE `civicrm_contribution_soft` DISABLE KEYS */;
INSERT INTO `civicrm_contribution_soft` (`id`, `contribution_id`, `contact_id`, `amount`, `currency`, `pcp_id`, `pcp_display_in_roll`, `pcp_roll_nickname`, `pcp_personal_note`, `soft_credit_type_id`) VALUES (1,8,177,'10.00','USD',1,1,'Jones Family','Helping Hands',10),(2,9,177,'250.00','USD',1,1,'Annie and the kids','Annie Helps',10);
/*!40000 ALTER TABLE `civicrm_contribution_soft` ENABLE KEYS */;
UNLOCK TABLES;

--
-- Dumping data for table `civicrm_contribution_widget`
--

LOCK TABLES `civicrm_contribution_widget` WRITE;
/*!40000 ALTER TABLE `civicrm_contribution_widget` DISABLE KEYS */;
/*!40000 ALTER TABLE `civicrm_contribution_widget` ENABLE KEYS */;
UNLOCK TABLES;

--
-- Dumping data for table `civicrm_country`
--

LOCK TABLES `civicrm_country` WRITE;
/*!40000 ALTER TABLE `civicrm_country` DISABLE KEYS */;
INSERT INTO `civicrm_country` (`id`, `name`, `iso_code`, `country_code`, `address_format_id`, `idd_prefix`, `ndd_prefix`, `region_id`, `is_province_abbreviated`) VALUES (1001,'Afghanistan','AF',NULL,NULL,NULL,NULL,4,0),(1002,'Albania','AL',NULL,NULL,NULL,NULL,1,0),(1003,'Algeria','DZ',NULL,NULL,NULL,NULL,3,0),(1004,'American Samoa','AS',NULL,NULL,NULL,NULL,2,0),(1005,'Andorra','AD',NULL,NULL,NULL,NULL,1,0),(1006,'Angola','AO',NULL,NULL,NULL,NULL,5,0),(1007,'Anguilla','AI',NULL,NULL,NULL,NULL,2,0),(1008,'Antarctica','AQ',NULL,NULL,NULL,NULL,1,0),(1009,'Antigua and Barbuda','AG',NULL,NULL,NULL,NULL,2,0),(1010,'Argentina','AR',NULL,NULL,NULL,NULL,2,0),(1011,'Armenia','AM',NULL,NULL,NULL,NULL,1,0),(1012,'Aruba','AW',NULL,NULL,NULL,NULL,2,0),(1013,'Australia','AU',NULL,NULL,NULL,NULL,4,0),(1014,'Austria','AT',NULL,NULL,NULL,NULL,1,0),(1015,'Azerbaijan','AZ',NULL,NULL,NULL,NULL,1,0),(1016,'Bahrain','BH',NULL,NULL,NULL,NULL,3,0),(1017,'Bangladesh','BD',NULL,NULL,NULL,NULL,4,0),(1018,'Barbados','BB',NULL,NULL,NULL,NULL,4,0),(1019,'Belarus','BY',NULL,NULL,NULL,NULL,1,0),(1020,'Belgium','BE',NULL,NULL,NULL,NULL,1,0),(1021,'Belize','BZ',NULL,NULL,NULL,NULL,2,0),(1022,'Benin','BJ',NULL,NULL,NULL,NULL,5,0),(1023,'Bermuda','BM',NULL,NULL,NULL,NULL,2,0),(1024,'Bhutan','BT',NULL,NULL,NULL,NULL,4,0),(1025,'Bolivia','BO',NULL,NULL,NULL,NULL,2,0),(1026,'Bosnia and Herzegovina','BA',NULL,NULL,NULL,NULL,1,0),(1027,'Botswana','BW',NULL,NULL,NULL,NULL,5,0),(1028,'Bouvet Island','BV',NULL,NULL,NULL,NULL,1,0),(1029,'Brazil','BR',NULL,NULL,NULL,NULL,2,0),(1030,'British Indian Ocean Territory','IO',NULL,NULL,NULL,NULL,4,0),(1031,'Virgin Islands, British','VG',NULL,NULL,NULL,NULL,2,0),(1032,'Brunei Darussalam','BN',NULL,NULL,NULL,NULL,4,0),(1033,'Bulgaria','BG',NULL,NULL,NULL,NULL,1,0),(1034,'Burkina Faso','BF',NULL,NULL,NULL,NULL,5,0),(1035,'Myanmar','MM',NULL,NULL,NULL,NULL,4,0),(1036,'Burundi','BI',NULL,NULL,NULL,NULL,5,0),(1037,'Cambodia','KH',NULL,NULL,NULL,NULL,4,0),(1038,'Cameroon','CM',NULL,NULL,NULL,NULL,5,0),(1039,'Canada','CA',NULL,NULL,NULL,NULL,2,1),(1040,'Cape Verde','CV',NULL,NULL,NULL,NULL,5,0),(1041,'Cayman Islands','KY',NULL,NULL,NULL,NULL,5,0),(1042,'Central African Republic','CF',NULL,NULL,NULL,NULL,5,0),(1043,'Chad','TD',NULL,NULL,NULL,NULL,5,0),(1044,'Chile','CL',NULL,NULL,NULL,NULL,2,0),(1045,'China','CN',NULL,NULL,NULL,NULL,4,0),(1046,'Christmas Island','CX',NULL,NULL,NULL,NULL,4,0),(1047,'Cocos (Keeling) Islands','CC',NULL,NULL,NULL,NULL,4,0),(1048,'Colombia','CO',NULL,NULL,NULL,NULL,2,0),(1049,'Comoros','KM',NULL,NULL,NULL,NULL,5,0),(1050,'Congo, The Democratic Republic of the','CD',NULL,NULL,NULL,NULL,5,0),(1051,'Congo, Republic of the','CG',NULL,NULL,NULL,NULL,5,0),(1052,'Cook Islands','CK',NULL,NULL,NULL,NULL,4,0),(1053,'Costa Rica','CR',NULL,NULL,NULL,NULL,2,0),(1054,'Cte d\'Ivoire','CI',NULL,NULL,NULL,NULL,5,0),(1055,'Croatia','HR',NULL,NULL,NULL,NULL,1,0),(1056,'Cuba','CU',NULL,NULL,NULL,NULL,2,0),(1057,'Cyprus','CY',NULL,NULL,NULL,NULL,1,0),(1058,'Czech Republic','CZ',NULL,NULL,NULL,NULL,1,0),(1059,'Denmark','DK',NULL,NULL,NULL,NULL,1,0),(1060,'Djibouti','DJ',NULL,NULL,NULL,NULL,5,0),(1061,'Dominica','DM',NULL,NULL,NULL,NULL,2,0),(1062,'Dominican Republic','DO',NULL,NULL,NULL,NULL,2,0),(1063,'Timor-Leste','TL',NULL,NULL,NULL,NULL,4,0),(1064,'Ecuador','EC',NULL,NULL,NULL,NULL,2,0),(1065,'Egypt','EG',NULL,NULL,NULL,NULL,3,0),(1066,'El Salvador','SV',NULL,NULL,NULL,NULL,2,0),(1067,'Equatorial Guinea','GQ',NULL,NULL,NULL,NULL,5,0),(1068,'Eritrea','ER',NULL,NULL,NULL,NULL,5,0),(1069,'Estonia','EE',NULL,NULL,NULL,NULL,1,0),(1070,'Ethiopia','ET',NULL,NULL,NULL,NULL,5,0),(1072,'Falkland Islands (Malvinas)','FK',NULL,NULL,NULL,NULL,2,0),(1073,'Faroe Islands','FO',NULL,NULL,NULL,NULL,1,0),(1074,'Fiji','FJ',NULL,NULL,NULL,NULL,4,0),(1075,'Finland','FI',NULL,NULL,NULL,NULL,1,0),(1076,'France','FR',NULL,NULL,NULL,NULL,1,0),(1077,'French Guiana','GF',NULL,NULL,NULL,NULL,2,0),(1078,'French Polynesia','PF',NULL,NULL,NULL,NULL,4,0),(1079,'French Southern Territories','TF',NULL,NULL,NULL,NULL,1,0),(1080,'Gabon','GA',NULL,NULL,NULL,NULL,5,0),(1081,'Georgia','GE',NULL,NULL,NULL,NULL,3,0),(1082,'Germany','DE',NULL,NULL,NULL,NULL,1,0),(1083,'Ghana','GH',NULL,NULL,NULL,NULL,5,0),(1084,'Gibraltar','GI',NULL,NULL,NULL,NULL,1,0),(1085,'Greece','GR',NULL,NULL,NULL,NULL,1,0),(1086,'Greenland','GL',NULL,NULL,NULL,NULL,2,0),(1087,'Grenada','GD',NULL,NULL,NULL,NULL,2,0),(1088,'Guadeloupe','GP',NULL,NULL,NULL,NULL,2,0),(1089,'Guam','GU',NULL,NULL,NULL,NULL,4,0),(1090,'Guatemala','GT',NULL,NULL,NULL,NULL,2,0),(1091,'Guinea','GN',NULL,NULL,NULL,NULL,5,0),(1092,'Guinea-Bissau','GW',NULL,NULL,NULL,NULL,5,0),(1093,'Guyana','GY',NULL,NULL,NULL,NULL,2,0),(1094,'Haiti','HT',NULL,NULL,NULL,NULL,2,0),(1095,'Heard Island and McDonald Islands','HM',NULL,NULL,NULL,NULL,4,0),(1096,'Holy See (Vatican City State)','VA',NULL,NULL,NULL,NULL,1,0),(1097,'Honduras','HN',NULL,NULL,NULL,NULL,2,0),(1098,'Hong Kong','HK',NULL,NULL,NULL,NULL,4,0),(1099,'Hungary','HU',NULL,NULL,NULL,NULL,1,0),(1100,'Iceland','IS',NULL,NULL,NULL,NULL,1,0),(1101,'India','IN',NULL,NULL,NULL,NULL,4,0),(1102,'Indonesia','ID',NULL,NULL,NULL,NULL,4,0),(1103,'Iran, Islamic Republic of','IR',NULL,NULL,NULL,NULL,3,0),(1104,'Iraq','IQ',NULL,NULL,NULL,NULL,3,0),(1105,'Ireland','IE',NULL,NULL,NULL,NULL,1,0),(1106,'Israel','IL',NULL,NULL,NULL,NULL,3,0),(1107,'Italy','IT',NULL,NULL,NULL,NULL,1,0),(1108,'Jamaica','JM',NULL,NULL,NULL,NULL,2,0),(1109,'Japan','JP',NULL,NULL,NULL,NULL,4,0),(1110,'Jordan','JO',NULL,NULL,NULL,NULL,3,0),(1111,'Kazakhstan','KZ',NULL,NULL,NULL,NULL,1,0),(1112,'Kenya','KE',NULL,NULL,NULL,NULL,5,0),(1113,'Kiribati','KI',NULL,NULL,NULL,NULL,4,0),(1114,'Korea, Democratic People\'s Republic of','KP',NULL,NULL,NULL,NULL,4,0),(1115,'Korea, Republic of','KR',NULL,NULL,NULL,NULL,4,0),(1116,'Kuwait','KW',NULL,NULL,NULL,NULL,3,0),(1117,'Kyrgyzstan','KG',NULL,NULL,NULL,NULL,1,0),(1118,'Lao People\'s Democratic Republic','LA',NULL,NULL,NULL,NULL,4,0),(1119,'Latvia','LV',NULL,NULL,NULL,NULL,1,0),(1120,'Lebanon','LB',NULL,NULL,NULL,NULL,3,0),(1121,'Lesotho','LS',NULL,NULL,NULL,NULL,5,0),(1122,'Liberia','LR',NULL,NULL,NULL,NULL,5,0),(1123,'Libya','LY',NULL,NULL,NULL,NULL,3,0),(1124,'Liechtenstein','LI',NULL,NULL,NULL,NULL,1,0),(1125,'Lithuania','LT',NULL,NULL,NULL,NULL,1,0),(1126,'Luxembourg','LU',NULL,NULL,NULL,NULL,1,0),(1127,'Macao','MO',NULL,NULL,NULL,NULL,4,0),(1128,'Macedonia, Republic of','MK',NULL,NULL,NULL,NULL,1,0),(1129,'Madagascar','MG',NULL,NULL,NULL,NULL,5,0),(1130,'Malawi','MW',NULL,NULL,NULL,NULL,5,0),(1131,'Malaysia','MY',NULL,NULL,NULL,NULL,4,0),(1132,'Maldives','MV',NULL,NULL,NULL,NULL,4,0),(1133,'Mali','ML',NULL,NULL,NULL,NULL,5,0),(1134,'Malta','MT',NULL,NULL,NULL,NULL,1,0),(1135,'Marshall Islands','MH',NULL,NULL,NULL,NULL,4,0),(1136,'Martinique','MQ',NULL,NULL,NULL,NULL,2,0),(1137,'Mauritania','MR',NULL,NULL,NULL,NULL,5,0),(1138,'Mauritius','MU',NULL,NULL,NULL,NULL,5,0),(1139,'Mayotte','YT',NULL,NULL,NULL,NULL,5,0),(1140,'Mexico','MX',NULL,NULL,NULL,NULL,2,0),(1141,'Micronesia, Federated States of','FM',NULL,NULL,NULL,NULL,4,0),(1142,'Moldova','MD',NULL,NULL,NULL,NULL,1,0),(1143,'Monaco','MC',NULL,NULL,NULL,NULL,1,0),(1144,'Mongolia','MN',NULL,NULL,NULL,NULL,4,0),(1145,'Montserrat','MS',NULL,NULL,NULL,NULL,2,0),(1146,'Morocco','MA',NULL,NULL,NULL,NULL,3,0),(1147,'Mozambique','MZ',NULL,NULL,NULL,NULL,5,0),(1148,'Namibia','NA',NULL,NULL,NULL,NULL,5,0),(1149,'Nauru','NR',NULL,NULL,NULL,NULL,4,0),(1150,'Nepal','NP',NULL,NULL,NULL,NULL,4,0),(1152,'Netherlands','NL',NULL,NULL,NULL,NULL,1,0),(1153,'New Caledonia','NC',NULL,NULL,NULL,NULL,4,0),(1154,'New Zealand','NZ',NULL,NULL,NULL,NULL,4,0),(1155,'Nicaragua','NI',NULL,NULL,NULL,NULL,2,0),(1156,'Niger','NE',NULL,NULL,NULL,NULL,5,0),(1157,'Nigeria','NG',NULL,NULL,NULL,NULL,5,0),(1158,'Niue','NU',NULL,NULL,NULL,NULL,4,0),(1159,'Norfolk Island','NF',NULL,NULL,NULL,NULL,4,0),(1160,'Northern Mariana Islands','MP',NULL,NULL,NULL,NULL,2,0),(1161,'Norway','NO',NULL,NULL,NULL,NULL,1,0),(1162,'Oman','OM',NULL,NULL,NULL,NULL,3,0),(1163,'Pakistan','PK',NULL,NULL,NULL,NULL,4,0),(1164,'Palau','PW',NULL,NULL,NULL,NULL,4,0),(1165,'Palestinian Territory, Occupied','PS',NULL,NULL,NULL,NULL,3,0),(1166,'Panama','PA',NULL,NULL,NULL,NULL,2,0),(1167,'Papua New Guinea','PG',NULL,NULL,NULL,NULL,4,0),(1168,'Paraguay','PY',NULL,NULL,NULL,NULL,2,0),(1169,'Peru','PE',NULL,NULL,NULL,NULL,2,0),(1170,'Philippines','PH',NULL,NULL,NULL,NULL,4,0),(1171,'Pitcairn','PN',NULL,NULL,NULL,NULL,4,0),(1172,'Poland','PL',NULL,NULL,NULL,NULL,1,0),(1173,'Portugal','PT',NULL,NULL,NULL,NULL,1,0),(1174,'Puerto Rico','PR',NULL,NULL,NULL,NULL,2,0),(1175,'Qatar','QA',NULL,NULL,NULL,NULL,3,0),(1176,'Romania','RO',NULL,NULL,NULL,NULL,1,0),(1177,'Russian Federation','RU',NULL,NULL,NULL,NULL,1,0),(1178,'Rwanda','RW',NULL,NULL,NULL,NULL,5,0),(1179,'Reunion','RE',NULL,NULL,NULL,NULL,5,0),(1180,'Saint Helena','SH',NULL,NULL,NULL,NULL,5,0),(1181,'Saint Kitts and Nevis','KN',NULL,NULL,NULL,NULL,2,0),(1182,'Saint Lucia','LC',NULL,NULL,NULL,NULL,2,0),(1183,'Saint Pierre and Miquelon','PM',NULL,NULL,NULL,NULL,2,0),(1184,'Saint Vincent and the Grenadines','VC',NULL,NULL,NULL,NULL,2,0),(1185,'Samoa','WS',NULL,NULL,NULL,NULL,4,0),(1186,'San Marino','SM',NULL,NULL,NULL,NULL,1,0),(1187,'Saudi Arabia','SA',NULL,NULL,NULL,NULL,3,0),(1188,'Senegal','SN',NULL,NULL,NULL,NULL,5,0),(1189,'Seychelles','SC',NULL,NULL,NULL,NULL,5,0),(1190,'Sierra Leone','SL',NULL,NULL,NULL,NULL,5,0),(1191,'Singapore','SG',NULL,NULL,NULL,NULL,4,0),(1192,'Slovakia','SK',NULL,NULL,NULL,NULL,1,0),(1193,'Slovenia','SI',NULL,NULL,NULL,NULL,1,0),(1194,'Solomon Islands','SB',NULL,NULL,NULL,NULL,4,0),(1195,'Somalia','SO',NULL,NULL,NULL,NULL,5,0),(1196,'South Africa','ZA',NULL,NULL,NULL,NULL,5,0),(1197,'South Georgia and the South Sandwich Islands','GS',NULL,NULL,NULL,NULL,2,0),(1198,'Spain','ES',NULL,NULL,NULL,NULL,1,0),(1199,'Sri Lanka','LK',NULL,NULL,NULL,NULL,4,0),(1200,'Sudan','SD',NULL,NULL,NULL,NULL,3,0),(1201,'Suriname','SR',NULL,NULL,NULL,NULL,2,0),(1202,'Svalbard and Jan Mayen','SJ',NULL,NULL,NULL,NULL,1,0),(1203,'Swaziland','SZ',NULL,NULL,NULL,NULL,5,0),(1204,'Sweden','SE',NULL,NULL,NULL,NULL,1,0),(1205,'Switzerland','CH',NULL,NULL,NULL,NULL,1,0),(1206,'Syrian Arab Republic','SY',NULL,NULL,NULL,NULL,3,0),(1207,'Sao Tome and Principe','ST',NULL,NULL,NULL,NULL,5,0),(1208,'Taiwan','TW',NULL,NULL,NULL,NULL,4,0),(1209,'Tajikistan','TJ',NULL,NULL,NULL,NULL,3,0),(1210,'Tanzania, United Republic of','TZ',NULL,NULL,NULL,NULL,5,0),(1211,'Thailand','TH',NULL,NULL,NULL,NULL,4,0),(1212,'Bahamas','BS',NULL,NULL,NULL,NULL,2,0),(1213,'Gambia','GM',NULL,NULL,NULL,NULL,5,0),(1214,'Togo','TG',NULL,NULL,NULL,NULL,5,0),(1215,'Tokelau','TK',NULL,NULL,NULL,NULL,4,0),(1216,'Tonga','TO',NULL,NULL,NULL,NULL,4,0),(1217,'Trinidad and Tobago','TT',NULL,NULL,NULL,NULL,2,0),(1218,'Tunisia','TN',NULL,NULL,NULL,NULL,3,0),(1219,'Turkey','TR',NULL,NULL,NULL,NULL,1,0),(1220,'Turkmenistan','TM',NULL,NULL,NULL,NULL,1,0),(1221,'Turks and Caicos Islands','TC',NULL,NULL,NULL,NULL,2,0),(1222,'Tuvalu','TV',NULL,NULL,NULL,NULL,4,0),(1223,'Uganda','UG',NULL,NULL,NULL,NULL,5,0),(1224,'Ukraine','UA',NULL,NULL,NULL,NULL,1,0),(1225,'United Arab Emirates','AE',NULL,NULL,NULL,NULL,3,0),(1226,'United Kingdom','GB',NULL,NULL,NULL,NULL,1,0),(1227,'United States Minor Outlying Islands','UM',NULL,NULL,NULL,NULL,2,0),(1228,'United States','US',NULL,NULL,NULL,NULL,2,1),(1229,'Uruguay','UY',NULL,NULL,NULL,NULL,2,0),(1230,'Uzbekistan','UZ',NULL,NULL,NULL,NULL,1,0),(1231,'Vanuatu','VU',NULL,NULL,NULL,NULL,4,0),(1232,'Venezuela','VE',NULL,NULL,NULL,NULL,2,0),(1233,'Viet Nam','VN',NULL,NULL,NULL,NULL,4,0),(1234,'Virgin Islands, U.S.','VI',NULL,NULL,NULL,NULL,2,0),(1235,'Wallis and Futuna','WF',NULL,NULL,NULL,NULL,4,0),(1236,'Western Sahara','EH',NULL,NULL,NULL,NULL,3,0),(1237,'Yemen','YE',NULL,NULL,NULL,NULL,3,0),(1238,'Serbia and Montenegro','CS',NULL,NULL,NULL,NULL,1,0),(1239,'Zambia','ZM',NULL,NULL,NULL,NULL,5,0),(1240,'Zimbabwe','ZW',NULL,NULL,NULL,NULL,5,0),(1241,'land Islands','AX',NULL,NULL,NULL,NULL,1,0),(1242,'Serbia','RS',NULL,NULL,NULL,NULL,1,0),(1243,'Montenegro','ME',NULL,NULL,NULL,NULL,1,0),(1244,'Jersey','JE',NULL,NULL,NULL,NULL,99,0),(1245,'Guernsey','GG',NULL,NULL,NULL,NULL,99,0),(1246,'Isle of Man','IM',NULL,NULL,NULL,NULL,99,0),(1247,'South Sudan','SS',NULL,NULL,NULL,NULL,5,0),(1248,'Curaao','CW',NULL,NULL,NULL,NULL,2,0),(1249,'Sint Maarten (Dutch Part)','SX',NULL,NULL,NULL,NULL,2,0),(1250,'Bonaire, Saint Eustatius and Saba','BQ',NULL,NULL,NULL,NULL,2,0),(1251,'Kosovo','XK',NULL,NULL,NULL,NULL,1,0);
/*!40000 ALTER TABLE `civicrm_country` ENABLE KEYS */;
UNLOCK TABLES;

--
-- Dumping data for table `civicrm_county`
--

LOCK TABLES `civicrm_county` WRITE;
/*!40000 ALTER TABLE `civicrm_county` DISABLE KEYS */;
INSERT INTO `civicrm_county` (`id`, `name`, `abbreviation`, `state_province_id`) VALUES (1,'Alameda',NULL,1004),(2,'Contra Costa',NULL,1004),(3,'Marin',NULL,1004),(4,'San Francisco',NULL,1004),(5,'San Mateo',NULL,1004),(6,'Santa Clara',NULL,1004);
/*!40000 ALTER TABLE `civicrm_county` ENABLE KEYS */;
UNLOCK TABLES;

--
-- Dumping data for table `civicrm_currency`
--

LOCK TABLES `civicrm_currency` WRITE;
/*!40000 ALTER TABLE `civicrm_currency` DISABLE KEYS */;
INSERT INTO `civicrm_currency` (`id`, `name`, `symbol`, `numeric_code`, `full_name`) VALUES (1,'AUD','$','036','Australian Dollar'),(2,'CAD','$','124','Canadian Dollar'),(3,'EUR','','978','Euro'),(4,'GBP','','826','Pound Sterling'),(5,'ILS','','826','New Israeli Shekel'),(6,'INR','','356','Indian Rupee'),(7,'JPY','','392','Japanese Yen'),(8,'KRW','','410','South Korean Won'),(9,'LAK','','418','Lao Kip'),(10,'MNT','','496','Mongolian Tugrik'),(11,'NGN','','566','Nigerian Naira'),(12,'PLN','z','985','Polish Zoty'),(13,'THB','','764','Thai Baht'),(14,'USD','$','840','US Dollar'),(15,'VND','','704','Viet Nam Dong'),(16,'ZAR','R','710','South African Rand'),(17,'AED',NULL,'784','UAE Dirham'),(18,'AFN','','971','Afghani'),(19,'ALL','Lek','008','Albanian Lek'),(20,'AMD',NULL,'051','Armenian Dram'),(21,'ANG','','532','Netherlands Antillian Guilder'),(22,'AOA',NULL,'973','Angola Kwanza'),(23,'ARS','$','032','Argentine Peso'),(24,'AWG','','533','Aruban Guilder'),(25,'AZN','','944','Azerbaijanian Manat'),(26,'BAM','KM','977','Convertible Marks'),(27,'BBD','$','052','Barbados Dollar'),(28,'BDT',NULL,'050','Bangladeshi Taka'),(29,'BGN','','975','Bulgarian Lev'),(30,'BHD',NULL,'048','Bahraini Dinar'),(31,'BIF',NULL,'108','Burundi Franc'),(32,'BMD','$','060','Bermudian Dollar'),(33,'BND','$','096','Brunei Dollar'),(34,'BOB','$b','068','Boliviano'),(35,'BOV',NULL,'984','Bolivian Mvdol'),(36,'BRL','R$','986','Brazilian Real'),(37,'BSD','$','044','Bahamian Dollar'),(38,'BTN',NULL,'064','Bhutan Ngultrum'),(39,'BWP','P','072','Botswana Pula'),(40,'BYR','p.','974','Belarussian Rouble'),(41,'BZD','BZ$','084','Belize Dollar'),(42,'CDF',NULL,'976','Franc Congolais'),(43,'CHE',NULL,'947','WIR Euro'),(44,'CHF','CHF','756','Swiss Franc'),(45,'CHW',NULL,'948','WIR Franc'),(46,'CLF',NULL,'990','Unidades de fomento'),(47,'CLP','$','152','Chilean Peso'),(48,'CNY','','156','Chinese Yuan Renminbi'),(49,'COP','$','170','Colombian Peso'),(50,'COU',NULL,'970','Unidad de Valor Real'),(51,'CRC','','188','Costa Rican Colon'),(52,'RSD','.','941','Serbian Dinar'),(53,'CUP','','192','Cuban Peso'),(54,'CVE',NULL,'132','Cape Verde Escudo'),(55,'CYP','','196','Cyprus Pound'),(56,'CZK','K','203','Czech Koruna'),(57,'DJF',NULL,'262','Djibouti Franc'),(58,'DKK','kr','208','Danish Krone'),(59,'DOP','RD$','214','Dominican Peso'),(60,'DZD',NULL,'012','Algerian Dinar'),(62,'EGP','','818','Egyptian Pound'),(63,'ERN',NULL,'232','Eritrean Nakfa'),(64,'ETB',NULL,'230','Ethiopian Birr'),(65,'FJD','$','242','Fiji Dollar'),(66,'FKP','','238','Falkland Islands Pound'),(67,'GEL',NULL,'981','Georgian Lari'),(68,'GHC','','288','Ghanaian Cedi'),(69,'GIP','','292','Gibraltar Pound'),(70,'GMD',NULL,'270','Gambian Dalasi'),(71,'GNF',NULL,'324','Guinea Franc'),(72,'GTQ','Q','320','Guatemalan Quetzal'),(73,'GWP',NULL,'624','Guinea-Bissau Peso'),(74,'GYD','$','328','Guyana Dollar'),(75,'HKD','HK$','344','Hong Kong Dollar'),(76,'HNL','L','340','Honduran Lempira'),(77,'HRK','kn','191','Croatian Kuna'),(78,'HTG',NULL,'332','Haitian Gourde'),(79,'HUF','Ft','348','Hungarian Forint'),(80,'IDR','Rp','360','Indonesian Rupiah'),(81,'IQD',NULL,'368','Iraqi Dinar'),(82,'IRR','','364','Iranian Rial'),(83,'ISK','kr','352','Iceland Krona'),(84,'JMD','J$','388','Jamaican Dollar'),(85,'JOD',NULL,'400','Jordanian Dinar'),(86,'KES',NULL,'404','Kenyan Shilling'),(87,'KGS','','417','Kyrgyzstan Som'),(88,'KHR','','116','Cambodian Riel'),(89,'KMF',NULL,'174','Comoro Franc'),(90,'KPW','','408','North Korean Won'),(91,'KWD',NULL,'414','Kuwaiti Dinar'),(92,'KYD','$','136','Cayman Islands Dollar'),(93,'KZT','','398','Kazakhstan Tenge'),(94,'LBP','','422','Lebanese Pound'),(95,'LKR','','144','Sri Lanka Rupee'),(96,'LRD','$','430','Liberian Dollar'),(97,'LSL',NULL,'426','Lesotho Loti'),(98,'LTL','Lt','440','Lithuanian Litas'),(99,'LVL','Ls','428','Latvian Lats'),(100,'LYD',NULL,'434','Libyan Dinar'),(101,'MAD',NULL,'504','Moroccan Dirham'),(102,'MDL',NULL,'498','Moldovan Leu'),(103,'MGA',NULL,'969','Malagascy Ariary'),(104,'MKD','','807','Macedonian Denar'),(105,'MMK',NULL,'104','Myanmar Kyat'),(106,'MOP',NULL,'446','Macao Pataca'),(107,'MRO',NULL,'478','Mauritanian Ouguiya'),(108,'MTL','Lm','470','Maltese Lira'),(109,'MUR','','480','Mauritius Rupee'),(110,'MVR',NULL,'462','Maldive Rufiyaa'),(111,'MWK',NULL,'454','Malawi Kwacha'),(112,'MXN','$','484','Mexican Peso'),(113,'MXV',NULL,'979','Mexican Unidad de Inversion (UID)'),(114,'MYR','RM','458','Malaysian Ringgit'),(115,'MZN','MT','943','Mozambique Metical'),(116,'NAD','N$','516','Namibian Dollar'),(117,'NIO','C$','558','Nicaraguan Cordoba Oro'),(118,'NOK','kr','578','Norwegian Krone'),(119,'NPR','','524','Nepalese Rupee'),(120,'NZD','$','554','New Zealand Dollar'),(121,'OMR','','512','Rial Omani'),(122,'PAB','B/.','590','Panamanian Balboa'),(123,'PEN','S/.','604','Peruvian Nuevo Sol'),(124,'PGK',NULL,'598','Papua New Guinea Kina'),(125,'PHP','Php','608','Philippine Peso'),(126,'PKR','','586','Pakistan Rupee'),(127,'PYG','Gs','600','Paraguay Guarani'),(128,'QAR','','634','Qatari Rial'),(129,'ROL',NULL,'642','Romanian Old Leu'),(130,'RON','lei','946','Romanian New Leu'),(131,'RUB','','643','Russian Rouble'),(132,'RWF',NULL,'646','Rwanda Franc'),(133,'SAR','','682','Saudi Riyal'),(134,'SBD','$','090','Solomon Islands Dollar'),(135,'SCR','','690','Seychelles Rupee'),(136,'SDD',NULL,'736','Sudanese Dinar'),(137,'SEK','kr','752','Swedish Krona'),(138,'SGD','$','702','Singapore Dollar'),(139,'SHP','','654','Saint Helena Pound'),(140,'SIT',NULL,'705','Slovenian Tolar'),(141,'SKK','SIT','703','Slovak Koruna'),(142,'SLL',NULL,'694','Leone'),(143,'SOS','S','706','Somali Shilling'),(144,'SRD','$','968','Surinam Dollar'),(145,'STD',NULL,'678','So Tome and Principe Dobra'),(146,'SVC','$','222','El Salvador Colon'),(147,'SYP','','760','Syrian Pound'),(148,'SZL',NULL,'748','Swaziland Lilangeni'),(149,'TJS',NULL,'972','Tajik Somoni'),(150,'TMM',NULL,'795','Turkmenistan Manat'),(151,'TND',NULL,'788','Tunisian Dinar'),(152,'TOP',NULL,'776','Tongan Pa\'anga'),(153,'TRY','YTL','949','New Turkish Lira'),(154,'TTD','TT$','780','Trinidad and Tobago Dollar'),(155,'TWD','NT$','901','New Taiwan Dollar'),(156,'TZS',NULL,'834','Tanzanian Shilling'),(157,'UAH','','980','Ukrainian Hryvnia'),(158,'UGX',NULL,'800','Ugandan Shilling'),(159,'USN',NULL,'997','US Dollar (Next day)'),(160,'USS',NULL,'998','US Dollar (Same day)'),(161,'UYU','$U','858','Peso Uruguayo'),(162,'UZS','','860','Uzbekistan Sum'),(163,'VEF','Bs','937','Venezuela Bolivar'),(164,'VUV',NULL,'548','Vanuatu Vatu'),(165,'WST',NULL,'882','Samoan Tala'),(166,'XAF',NULL,'950','CFA Franc BEAC'),(167,'XAG',NULL,'961','Silver'),(168,'XAU',NULL,'959','Gold'),(169,'XBA',NULL,'955','Bond Markets Units European Composite Unit (EURCO)'),(170,'XBB',NULL,'956','European Monetary Unit (E.M.U.-6)'),(171,'XBC',NULL,'957','European Unit of Account 9 (E.U.A.-9)'),(172,'XBD',NULL,'958','European Unit of Account 17 (E.U.A.-17)'),(173,'XCD','$','951','East Caribbean Dollar'),(174,'XDR',NULL,'960','Special Drawing Right'),(175,'XFO',NULL,NULL,'Gold-Franc'),(176,'XFU',NULL,NULL,'UIC-Franc'),(177,'XOF',NULL,'952','CFA Franc BCEAO'),(178,'XPD',NULL,'964','Palladium'),(179,'XPF',NULL,'953','CFP Franc'),(180,'XPT',NULL,'962','Platinum'),(181,'XTS',NULL,'963','Code for testing purposes'),(182,'XXX',NULL,'999','No currency involved'),(183,'YER','','886','Yemeni Rial'),(184,'ZMK',NULL,'894','Zambian Kwacha'),(185,'ZWD','Z$','716','Zimbabwe Dollar');
/*!40000 ALTER TABLE `civicrm_currency` ENABLE KEYS */;
UNLOCK TABLES;

--
-- Dumping data for table `civicrm_custom_field`
--

LOCK TABLES `civicrm_custom_field` WRITE;
/*!40000 ALTER TABLE `civicrm_custom_field` DISABLE KEYS */;
/*!40000 ALTER TABLE `civicrm_custom_field` ENABLE KEYS */;
UNLOCK TABLES;

--
-- Dumping data for table `civicrm_custom_group`
--

LOCK TABLES `civicrm_custom_group` WRITE;
/*!40000 ALTER TABLE `civicrm_custom_group` DISABLE KEYS */;
/*!40000 ALTER TABLE `civicrm_custom_group` ENABLE KEYS */;
UNLOCK TABLES;

--
-- Dumping data for table `civicrm_dashboard`
--

LOCK TABLES `civicrm_dashboard` WRITE;
/*!40000 ALTER TABLE `civicrm_dashboard` DISABLE KEYS */;
INSERT INTO `civicrm_dashboard` (`id`, `domain_id`, `name`, `label`, `url`, `permission`, `permission_operator`, `column_no`, `is_minimized`, `fullscreen_url`, `is_fullscreen`, `is_active`, `is_reserved`, `weight`) VALUES (1,1,'blog','CiviCRM News','civicrm/dashlet/blog&reset=1&snippet=5','access CiviCRM',NULL,0,0,'civicrm/dashlet/blog&reset=1&snippet=5&context=dashletFullscreen',1,1,1,0),(2,1,'activity','Activities','civicrm/dashlet/activity&reset=1&snippet=5','access CiviCRM',NULL,0,0,'civicrm/dashlet/activity&reset=1&snippet=5&context=dashletFullscreen',1,1,1,1),(3,1,'myCases','My Cases','civicrm/dashlet/myCases&reset=1&snippet=5','access my cases and activities',NULL,0,0,'civicrm/dashlet/myCases&reset=1&snippet=5&context=dashletFullscreen',1,1,1,2),(4,1,'allCases','All Cases','civicrm/dashlet/allCases&reset=1&snippet=5','access all cases and activities',NULL,0,0,'civicrm/dashlet/allCases&reset=1&snippet=5&context=dashletFullscreen',1,1,1,3),(5,1,'casedashboard','Case Dashboard Dashlet','civicrm/dashlet/casedashboard&reset=1&snippet=5','access CiviCase',NULL,0,0,'civicrm/dashlet/casedashboard&reset=1&snippet=5&context=dashletFullscreen',1,1,1,4),(6,1,'report/6','Donor Summary','civicrm/report/instance/6&reset=1&section=1&snippet=5&charts=barChart','access CiviContribute','AND',0,0,'civicrm/report/instance/6&reset=1&section=1&snippet=5&charts=barChart&context=dashletFullscreen',1,1,0,4),(7,1,'report/13','Top Donors','civicrm/report/instance/13&reset=1&section=2&snippet=5','access CiviContribute','AND',0,0,'civicrm/report/instance/13&reset=1&section=2&snippet=5&context=dashletFullscreen',1,1,0,5),(8,1,'report/25','Event Income Summary','civicrm/report/instance/25&reset=1&section=1&snippet=5&charts=pieChart','access CiviEvent','AND',0,0,'civicrm/report/instance/25&reset=1&section=1&snippet=5&charts=pieChart&context=dashletFullscreen',1,1,0,6),(9,1,'report/20','Membership Summary','civicrm/report/instance/20&reset=1&section=2&snippet=5','access CiviMember','AND',0,0,'civicrm/report/instance/20&reset=1&section=2&snippet=5&context=dashletFullscreen',1,1,0,7);
/*!40000 ALTER TABLE `civicrm_dashboard` ENABLE KEYS */;
UNLOCK TABLES;

--
-- Dumping data for table `civicrm_dashboard_contact`
--

LOCK TABLES `civicrm_dashboard_contact` WRITE;
/*!40000 ALTER TABLE `civicrm_dashboard_contact` DISABLE KEYS */;
/*!40000 ALTER TABLE `civicrm_dashboard_contact` ENABLE KEYS */;
UNLOCK TABLES;

--
-- Dumping data for table `civicrm_dedupe_exception`
--

LOCK TABLES `civicrm_dedupe_exception` WRITE;
/*!40000 ALTER TABLE `civicrm_dedupe_exception` DISABLE KEYS */;
/*!40000 ALTER TABLE `civicrm_dedupe_exception` ENABLE KEYS */;
UNLOCK TABLES;

--
-- Dumping data for table `civicrm_dedupe_rule`
--

LOCK TABLES `civicrm_dedupe_rule` WRITE;
/*!40000 ALTER TABLE `civicrm_dedupe_rule` DISABLE KEYS */;
INSERT INTO `civicrm_dedupe_rule` (`id`, `dedupe_rule_group_id`, `rule_table`, `rule_field`, `rule_length`, `rule_weight`) VALUES (1,1,'civicrm_contact','first_name',NULL,5),(2,1,'civicrm_contact','last_name',NULL,7),(3,1,'civicrm_email','email',NULL,10),(4,2,'civicrm_contact','organization_name',NULL,10),(5,2,'civicrm_email','email',NULL,10),(6,3,'civicrm_contact','household_name',NULL,10),(7,3,'civicrm_email','email',NULL,10),(8,4,'civicrm_email','email',NULL,10),(9,5,'civicrm_contact','organization_name',NULL,10),(10,5,'civicrm_email','email',NULL,10),(11,6,'civicrm_contact','household_name',NULL,10),(12,6,'civicrm_email','email',NULL,10),(13,7,'civicrm_contact','first_name',NULL,5),(14,7,'civicrm_contact','last_name',NULL,5),(15,7,'civicrm_address','street_address',NULL,5),(16,7,'civicrm_contact','middle_name',NULL,1),(17,7,'civicrm_contact','suffix_id',NULL,1);
/*!40000 ALTER TABLE `civicrm_dedupe_rule` ENABLE KEYS */;
UNLOCK TABLES;

--
-- Dumping data for table `civicrm_dedupe_rule_group`
--

LOCK TABLES `civicrm_dedupe_rule_group` WRITE;
/*!40000 ALTER TABLE `civicrm_dedupe_rule_group` DISABLE KEYS */;
INSERT INTO `civicrm_dedupe_rule_group` (`id`, `contact_type`, `threshold`, `used`, `name`, `title`, `is_reserved`) VALUES (1,'Individual',20,'Supervised','IndividualSupervised','Name and Email (reserved)',1),(2,'Organization',10,'Supervised','OrganizationSupervised','Name and Email',0),(3,'Household',10,'Supervised','HouseholdSupervised','Name and Email',0),(4,'Individual',10,'Unsupervised','IndividualUnsupervised','Email (reserved)',1),(5,'Organization',10,'Unsupervised','OrganizationUnsupervised','Name and Email',0),(6,'Household',10,'Unsupervised','HouseholdUnsupervised','Name and Email',0),(7,'Individual',15,'General','IndividualGeneral','Name and Address (reserved)',1);
/*!40000 ALTER TABLE `civicrm_dedupe_rule_group` ENABLE KEYS */;
UNLOCK TABLES;

--
-- Dumping data for table `civicrm_discount`
--

LOCK TABLES `civicrm_discount` WRITE;
/*!40000 ALTER TABLE `civicrm_discount` DISABLE KEYS */;
/*!40000 ALTER TABLE `civicrm_discount` ENABLE KEYS */;
UNLOCK TABLES;

--
-- Dumping data for table `civicrm_domain`
--

LOCK TABLES `civicrm_domain` WRITE;
/*!40000 ALTER TABLE `civicrm_domain` DISABLE KEYS */;
INSERT INTO `civicrm_domain` (`id`, `name`, `description`, `config_backend`, `version`, `contact_id`, `locales`, `locale_custom_strings`) VALUES (1,'Default Domain Name',NULL,NULL,'4.5.alpha1',1,NULL,'a:1:{s:5:\"en_US\";a:0:{}}');
/*!40000 ALTER TABLE `civicrm_domain` ENABLE KEYS */;
UNLOCK TABLES;

--
-- Dumping data for table `civicrm_email`
--

LOCK TABLES `civicrm_email` WRITE;
/*!40000 ALTER TABLE `civicrm_email` DISABLE KEYS */;
INSERT INTO `civicrm_email` (`id`, `contact_id`, `location_type_id`, `email`, `is_primary`, `is_billing`, `on_hold`, `is_bulkmail`, `hold_date`, `reset_date`, `signature_text`, `signature_html`) VALUES (1,1,1,'fixme.domainemail@example.org',0,0,0,0,NULL,NULL,NULL,NULL),(2,104,1,'bachman.f.ivey2@spamalot.biz',1,0,0,0,NULL,NULL,NULL,NULL),(3,104,1,'iveybachman@notmail.net',0,0,0,0,NULL,NULL,NULL,NULL),(4,85,1,'olsen.q.winford@mymail.org',1,0,0,0,NULL,NULL,NULL,NULL),(5,170,1,'carylonrobertson5@infomail.net',1,0,0,0,NULL,NULL,NULL,NULL),(6,58,1,'reynolds.a.ashley@fakemail.co.uk',1,0,0,0,NULL,NULL,NULL,NULL),(7,58,1,'aa.reynolds43@spamalot.co.uk',0,0,0,0,NULL,NULL,NULL,NULL),(8,76,1,'deforest.esta97@fishmail.co.nz',1,0,0,0,NULL,NULL,NULL,NULL),(9,76,1,'estadeforest1@testing.net',0,0,0,0,NULL,NULL,NULL,NULL),(10,12,1,'iy.lee42@example.net',1,0,0,0,NULL,NULL,NULL,NULL),(11,125,1,'kf.nielsen51@example.co.in',1,0,0,0,NULL,NULL,NULL,NULL),(12,132,1,'twilson48@testing.co.nz',1,0,0,0,NULL,NULL,NULL,NULL),(13,132,1,'trumanwilson@mymail.com',0,0,0,0,NULL,NULL,NULL,NULL),(14,178,1,'robertson.esta@testing.biz',1,0,0,0,NULL,NULL,NULL,NULL),(15,19,1,'smithn@testmail.com',1,0,0,0,NULL,NULL,NULL,NULL),(16,19,1,'np.smith@notmail.org',0,0,0,0,NULL,NULL,NULL,NULL),(17,55,1,'bachman.v.jed@lol.info',1,0,0,0,NULL,NULL,NULL,NULL),(18,55,1,'jv.bachman@fakemail.net',0,0,0,0,NULL,NULL,NULL,NULL),(19,173,1,'jprentice85@fakemail.co.pl',1,0,0,0,NULL,NULL,NULL,NULL),(20,77,1,'kaceyg@testmail.co.nz',1,0,0,0,NULL,NULL,NULL,NULL),(21,141,1,'olsens@example.org',1,0,0,0,NULL,NULL,NULL,NULL),(22,141,1,'shaunao21@spamalot.biz',0,0,0,0,NULL,NULL,NULL,NULL),(23,99,1,'dimitrov.ashley26@sample.biz',1,0,0,0,NULL,NULL,NULL,NULL),(24,95,1,'samuels.landon@testmail.net',1,0,0,0,NULL,NULL,NULL,NULL),(25,95,1,'landons60@infomail.info',0,0,0,0,NULL,NULL,NULL,NULL),(26,126,1,'yadav.n.sonny@airmail.org',1,0,0,0,NULL,NULL,NULL,NULL),(27,126,1,'sn.yadav@fishmail.info',0,0,0,0,NULL,NULL,NULL,NULL),(28,161,1,'bgrant@sample.com',1,0,0,0,NULL,NULL,NULL,NULL),(29,161,1,'grant.bernadette@airmail.biz',0,0,0,0,NULL,NULL,NULL,NULL),(30,20,1,'russellsamson@airmail.co.pl',1,0,0,0,NULL,NULL,NULL,NULL),(31,20,1,'russells67@fishmail.co.in',0,0,0,0,NULL,NULL,NULL,NULL),(32,146,1,'angelikasamuels45@infomail.com',1,0,0,0,NULL,NULL,NULL,NULL),(33,118,1,'damarist37@airmail.biz',1,0,0,0,NULL,NULL,NULL,NULL),(34,118,1,'damaristerry@notmail.biz',0,0,0,0,NULL,NULL,NULL,NULL),(35,80,1,'dimitrovi3@fishmail.com',1,0,0,0,NULL,NULL,NULL,NULL),(36,80,1,'dimitrovi30@testing.biz',0,0,0,0,NULL,NULL,NULL,NULL),(37,109,1,'kathlynp37@fakemail.co.nz',1,0,0,0,NULL,NULL,NULL,NULL),(38,31,1,'mller.eleonor@mymail.org',1,0,0,0,NULL,NULL,NULL,NULL),(39,113,1,'kandacej@sample.com',1,0,0,0,NULL,NULL,NULL,NULL),(40,192,1,'alidai@airmail.co.in',1,0,0,0,NULL,NULL,NULL,NULL),(41,138,1,'terrell.a.daren@fakemail.co.pl',1,0,0,0,NULL,NULL,NULL,NULL),(42,138,1,'darent@mymail.co.pl',0,0,0,0,NULL,NULL,NULL,NULL),(43,18,1,'billyyadav@spamalot.info',1,0,0,0,NULL,NULL,NULL,NULL),(44,18,1,'billyy@testmail.net',0,0,0,0,NULL,NULL,NULL,NULL),(45,53,1,'merriey90@airmail.co.in',1,0,0,0,NULL,NULL,NULL,NULL),(46,49,1,'bachman.truman@spamalot.info',1,0,0,0,NULL,NULL,NULL,NULL),(47,49,1,'bachmant@lol.info',0,0,0,0,NULL,NULL,NULL,NULL),(48,74,1,'carlosp@lol.co.pl',1,0,0,0,NULL,NULL,NULL,NULL),(49,74,1,'carlosp@infomail.co.nz',0,0,0,0,NULL,NULL,NULL,NULL),(50,52,1,'jensen.carlos67@testing.co.pl',1,0,0,0,NULL,NULL,NULL,NULL),(51,27,1,'parkerv3@fishmail.com',1,0,0,0,NULL,NULL,NULL,NULL),(52,27,1,'vparker38@testing.com',0,0,0,0,NULL,NULL,NULL,NULL),(53,87,1,'olsene@fishmail.net',1,0,0,0,NULL,NULL,NULL,NULL),(54,65,1,'ej.mller@testmail.co.uk',1,0,0,0,NULL,NULL,NULL,NULL),(55,65,1,'elizabethmller@spamalot.info',0,0,0,0,NULL,NULL,NULL,NULL),(56,38,1,'chowski.lincoln@spamalot.biz',1,0,0,0,NULL,NULL,NULL,NULL),(57,38,1,'lchowski@lol.info',0,0,0,0,NULL,NULL,NULL,NULL),(58,143,1,'robertson.rebekah1@airmail.com',1,0,0,0,NULL,NULL,NULL,NULL),(59,143,1,'robertson.rebekah@testmail.biz',0,0,0,0,NULL,NULL,NULL,NULL),(60,97,1,'adams.errol71@fakemail.co.pl',1,0,0,0,NULL,NULL,NULL,NULL),(61,136,1,'samsonb44@fakemail.co.nz',1,0,0,0,NULL,NULL,NULL,NULL),(62,42,1,'terrelll@fakemail.co.nz',1,0,0,0,NULL,NULL,NULL,NULL),(63,168,1,'brittneyreynolds76@notmail.co.pl',1,0,0,0,NULL,NULL,NULL,NULL),(64,168,1,'brittneyreynolds@notmail.org',0,0,0,0,NULL,NULL,NULL,NULL),(65,64,1,'wattson.jacob@lol.co.pl',1,0,0,0,NULL,NULL,NULL,NULL),(66,64,1,'wattson.jacob@lol.co.nz',0,0,0,0,NULL,NULL,NULL,NULL),(67,71,1,'jensen.delana@airmail.co.pl',1,0,0,0,NULL,NULL,NULL,NULL),(68,16,1,'adams.delana@airmail.org',1,0,0,0,NULL,NULL,NULL,NULL),(69,86,1,'reynolds.rolando@fishmail.co.in',1,0,0,0,NULL,NULL,NULL,NULL),(70,181,1,'lincolng11@infomail.co.nz',1,0,0,0,NULL,NULL,NULL,NULL),(71,181,1,'grant.lincoln32@testing.com',0,0,0,0,NULL,NULL,NULL,NULL),(72,164,1,'nielsena@lol.net',1,0,0,0,NULL,NULL,NULL,NULL),(73,167,1,'delana3@spamalot.co.uk',1,0,0,0,NULL,NULL,NULL,NULL),(74,167,1,'chowskid@mymail.net',0,0,0,0,NULL,NULL,NULL,NULL),(75,43,1,'samson.barry91@testmail.info',1,0,0,0,NULL,NULL,NULL,NULL),(76,7,1,'jones.h.scarlet83@testing.net',1,0,0,0,NULL,NULL,NULL,NULL),(77,163,1,'nielsens@testing.co.uk',1,0,0,0,NULL,NULL,NULL,NULL),(78,163,1,'st.nielsen97@infomail.co.nz',0,0,0,0,NULL,NULL,NULL,NULL),(79,79,1,'carylonn7@example.co.nz',1,0,0,0,NULL,NULL,NULL,NULL),(80,79,1,'nielsen.carylon@notmail.biz',0,0,0,0,NULL,NULL,NULL,NULL),(81,108,1,'terrell.claudio20@spamalot.biz',1,0,0,0,NULL,NULL,NULL,NULL),(82,108,1,'terrellc@notmail.biz',0,0,0,0,NULL,NULL,NULL,NULL),(83,67,1,'ssamuels16@spamalot.net',1,0,0,0,NULL,NULL,NULL,NULL),(84,54,1,'herminiaroberts@fishmail.net',1,0,0,0,NULL,NULL,NULL,NULL),(85,40,1,'aa.roberts@lol.info',1,0,0,0,NULL,NULL,NULL,NULL),(86,60,1,'roberts.santina@airmail.org',1,0,0,0,NULL,NULL,NULL,NULL),(87,59,1,'lee.clint92@sample.org',1,0,0,0,NULL,NULL,NULL,NULL),(88,59,1,'lee.clint@airmail.com',0,0,0,0,NULL,NULL,NULL,NULL),(89,92,1,'lu.lee@fishmail.org',1,0,0,0,NULL,NULL,NULL,NULL),(90,92,1,'lareel@fishmail.co.uk',0,0,0,0,NULL,NULL,NULL,NULL),(91,184,1,'lee.betty76@lol.net',1,0,0,0,NULL,NULL,NULL,NULL),(92,184,1,'leeb@lol.net',0,0,0,0,NULL,NULL,NULL,NULL),(93,68,1,'rq.lee@infomail.biz',1,0,0,0,NULL,NULL,NULL,NULL),(94,68,1,'leer@airmail.co.nz',0,0,0,0,NULL,NULL,NULL,NULL),(95,62,1,'ashleyg52@testmail.net',1,0,0,0,NULL,NULL,NULL,NULL),(96,62,1,'gonzlez.ashley14@testing.info',0,0,0,0,NULL,NULL,NULL,NULL),(97,114,1,'andrewsamuels-gonzlez@spamalot.co.in',1,0,0,0,NULL,NULL,NULL,NULL),(98,46,1,'allengonzlez52@airmail.biz',1,0,0,0,NULL,NULL,NULL,NULL),(99,69,1,'robertson.norris@mymail.biz',1,0,0,0,NULL,NULL,NULL,NULL),(100,81,1,'lr.smith63@spamalot.com',1,0,0,0,NULL,NULL,NULL,NULL),(101,156,1,'smith.felisha@mymail.co.uk',1,0,0,0,NULL,NULL,NULL,NULL),(102,156,1,'felishas@mymail.co.uk',0,0,0,0,NULL,NULL,NULL,NULL),(103,100,1,'smithj@infomail.org',1,0,0,0,NULL,NULL,NULL,NULL),(104,29,1,'terryn@notmail.biz',1,0,0,0,NULL,NULL,NULL,NULL),(105,29,1,'terryn50@testing.co.nz',0,0,0,0,NULL,NULL,NULL,NULL),(106,101,1,'terrye@infomail.biz',1,0,0,0,NULL,NULL,NULL,NULL),(107,101,1,'terry.esta@fishmail.net',0,0,0,0,NULL,NULL,NULL,NULL),(108,23,1,'junkopatel@sample.co.nz',1,0,0,0,NULL,NULL,NULL,NULL),(109,23,1,'junkopatel@fishmail.co.uk',0,0,0,0,NULL,NULL,NULL,NULL),(110,111,1,'patel.allen11@spamalot.com',1,0,0,0,NULL,NULL,NULL,NULL),(111,155,1,'darennielsen@spamalot.co.uk',1,0,0,0,NULL,NULL,NULL,NULL),(112,133,1,'kaceyt@sample.info',1,0,0,0,NULL,NULL,NULL,NULL),(113,133,1,'kaceyterrell@fakemail.co.pl',0,0,0,0,NULL,NULL,NULL,NULL),(114,129,1,'nielsen-terrell.delana@testmail.co.uk',1,0,0,0,NULL,NULL,NULL,NULL),(115,160,1,'nielsen-terrellc@spamalot.info',1,0,0,0,NULL,NULL,NULL,NULL),(116,147,1,'kathleenl@lol.co.uk',1,0,0,0,NULL,NULL,NULL,NULL),(117,106,1,'prentice-leec14@testing.co.pl',1,0,0,0,NULL,NULL,NULL,NULL),(118,106,1,'claudioprentice-lee@infomail.co.pl',0,0,0,0,NULL,NULL,NULL,NULL),(119,45,1,'zope-roberts.elina32@notmail.com',1,0,0,0,NULL,NULL,NULL,NULL),(120,45,1,'elinazope-roberts2@spamalot.org',0,0,0,0,NULL,NULL,NULL,NULL),(121,103,1,'kiararoberts@airmail.info',1,0,0,0,NULL,NULL,NULL,NULL),(122,24,1,'roberts.laree60@airmail.co.nz',1,0,0,0,NULL,NULL,NULL,NULL),(123,24,1,'lroberts@spamalot.co.uk',0,0,0,0,NULL,NULL,NULL,NULL),(124,154,1,'elbertwilson-jacobs@sample.com',1,0,0,0,NULL,NULL,NULL,NULL),(125,10,1,'mcreynoldsm27@testing.co.uk',1,0,0,0,NULL,NULL,NULL,NULL),(126,28,1,'herminiam@notmail.co.in',1,0,0,0,NULL,NULL,NULL,NULL),(127,28,1,'mcreynolds-gonzlez.i.herminia1@notmail.co.pl',0,0,0,0,NULL,NULL,NULL,NULL),(128,44,1,'brittneymcreynolds-gonzlez@testing.org',1,0,0,0,NULL,NULL,NULL,NULL),(129,26,1,'barkley.megan54@infomail.co.nz',1,0,0,0,NULL,NULL,NULL,NULL),(130,26,1,'meganbarkley98@fakemail.co.uk',0,0,0,0,NULL,NULL,NULL,NULL),(131,47,1,'barkleyj@spamalot.com',1,0,0,0,NULL,NULL,NULL,NULL),(132,21,1,'rz.prentice@example.co.nz',1,0,0,0,NULL,NULL,NULL,NULL),(133,21,1,'rz.prentice@sample.co.pl',0,0,0,0,NULL,NULL,NULL,NULL),(134,195,1,'josefaj62@example.biz',1,0,0,0,NULL,NULL,NULL,NULL),(135,180,1,'rprentice-jones61@mymail.co.nz',1,0,0,0,NULL,NULL,NULL,NULL),(136,34,1,'adams.andrew@lol.info',1,0,0,0,NULL,NULL,NULL,NULL),(137,78,1,'yadav.z.brittney@airmail.com',1,0,0,0,NULL,NULL,NULL,NULL),(138,78,1,'yadavb@mymail.co.in',0,0,0,0,NULL,NULL,NULL,NULL),(139,3,1,'jacobadams-yadav71@testmail.biz',1,0,0,0,NULL,NULL,NULL,NULL),(140,140,1,'grantj65@infomail.info',1,0,0,0,NULL,NULL,NULL,NULL),(141,140,1,'grant.jed@fishmail.org',0,0,0,0,NULL,NULL,NULL,NULL),(142,35,1,'bryongrant-wagner97@spamalot.co.in',1,0,0,0,NULL,NULL,NULL,NULL),(143,200,1,'ed.grant-wagner@testmail.co.pl',1,0,0,0,NULL,NULL,NULL,NULL),(144,51,1,'ah.cruz@testmail.co.pl',1,0,0,0,NULL,NULL,NULL,NULL),(145,51,1,'cruza@mymail.info',0,0,0,0,NULL,NULL,NULL,NULL),(146,166,1,'cruz.elizabeth@airmail.co.pl',1,0,0,0,NULL,NULL,NULL,NULL),(147,174,1,'yadav.omar57@fakemail.com',1,0,0,0,NULL,NULL,NULL,NULL),(148,174,1,'yadav.omar@airmail.biz',0,0,0,0,NULL,NULL,NULL,NULL),(149,197,1,'wattson.laree10@airmail.co.pl',1,0,0,0,NULL,NULL,NULL,NULL),(150,197,1,'lwattson@infomail.net',0,0,0,0,NULL,NULL,NULL,NULL),(151,183,1,'yadav-wattson.e.carylon31@lol.info',1,0,0,0,NULL,NULL,NULL,NULL),(152,131,1,'jedy36@airmail.net',1,0,0,0,NULL,NULL,NULL,NULL),(153,107,1,'omarbachman65@testing.co.uk',1,0,0,0,NULL,NULL,NULL,NULL),(154,107,1,'bachman.omar89@notmail.co.uk',0,0,0,0,NULL,NULL,NULL,NULL),(155,186,1,'bachmanj@testing.com',1,0,0,0,NULL,NULL,NULL,NULL),(156,186,1,'juliannbachman64@infomail.co.nz',0,0,0,0,NULL,NULL,NULL,NULL),(157,63,3,'contact@tennesseeinitiative.org',1,0,0,0,NULL,NULL,NULL,NULL),(158,78,2,'yadav.z.brittney86@tennesseeinitiative.org',0,0,0,0,NULL,NULL,NULL,NULL),(159,91,3,'feedback@kentuckyartspartners.org',1,0,0,0,NULL,NULL,NULL,NULL),(160,153,3,'service@ruralinitiative.org',1,0,0,0,NULL,NULL,NULL,NULL),(161,99,2,'dimitrov.ashley63@ruralinitiative.org',0,0,0,0,NULL,NULL,NULL,NULL),(162,33,3,'info@sacramentolegal.org',1,0,0,0,NULL,NULL,NULL,NULL),(163,22,2,'jacobsa73@sacramentolegal.org',1,0,0,0,NULL,NULL,NULL,NULL),(164,61,3,'contact@globalempowerment.org',1,0,0,0,NULL,NULL,NULL,NULL),(165,154,2,'94@globalempowerment.org',0,0,0,0,NULL,NULL,NULL,NULL),(166,190,3,'feedback@njdevelopmentservices.org',1,0,0,0,NULL,NULL,NULL,NULL),(167,11,2,'terry-bachman.e.irvin@njdevelopmentservices.org',1,0,0,0,NULL,NULL,NULL,NULL),(168,123,3,'contact@limafund.org',1,0,0,0,NULL,NULL,NULL,NULL),(169,176,2,'roberts.craig@limafund.org',1,0,0,0,NULL,NULL,NULL,NULL),(170,130,3,'service@lincolnenvironmentalsolutions.org',1,0,0,0,NULL,NULL,NULL,NULL),(171,62,2,'ashleygonzlez3@lincolnenvironmentalsolutions.org',0,0,0,0,NULL,NULL,NULL,NULL),(172,137,3,'info@beechalliance.org',1,0,0,0,NULL,NULL,NULL,NULL),(173,120,2,'terryb@beechalliance.org',1,0,0,0,NULL,NULL,NULL,NULL),(174,165,3,'service@globalhealthschool.org',1,0,0,0,NULL,NULL,NULL,NULL),(175,90,2,'ewilson18@globalhealthschool.org',1,0,0,0,NULL,NULL,NULL,NULL),(176,135,3,'info@georgiawellnessacademy.org',1,0,0,0,NULL,NULL,NULL,NULL),(177,179,2,'bachman.beula@georgiawellnessacademy.org',1,0,0,0,NULL,NULL,NULL,NULL),(178,110,3,'feedback@pinewoodaction.org',1,0,0,0,NULL,NULL,NULL,NULL),(179,89,3,'service@ruralsustainability.org',1,0,0,0,NULL,NULL,NULL,NULL),(180,164,2,'allenn@ruralsustainability.org',0,0,0,0,NULL,NULL,NULL,NULL),(181,172,3,'contact@ohioassociation.org',1,0,0,0,NULL,NULL,NULL,NULL),(182,139,2,'fw.wagner34@ohioassociation.org',1,0,0,0,NULL,NULL,NULL,NULL),(183,169,3,'service@woodbridgedevelopment.org',1,0,0,0,NULL,NULL,NULL,NULL),(184,85,2,'winfordolsen@woodbridgedevelopment.org',0,0,0,0,NULL,NULL,NULL,NULL),(185,122,3,'contact@unitedactionacademy.org',1,0,0,0,NULL,NULL,NULL,NULL),(186,77,2,'kgonzlez69@unitedactionacademy.org',0,0,0,0,NULL,NULL,NULL,NULL),(187,NULL,1,'development@example.org',0,0,0,0,NULL,NULL,NULL,NULL),(188,NULL,1,'tournaments@example.org',0,0,0,0,NULL,NULL,NULL,NULL),(189,NULL,1,'celebration@example.org',0,0,0,0,NULL,NULL,NULL,NULL);
/*!40000 ALTER TABLE `civicrm_email` ENABLE KEYS */;
UNLOCK TABLES;

--
-- Dumping data for table `civicrm_entity_batch`
--

LOCK TABLES `civicrm_entity_batch` WRITE;
/*!40000 ALTER TABLE `civicrm_entity_batch` DISABLE KEYS */;
/*!40000 ALTER TABLE `civicrm_entity_batch` ENABLE KEYS */;
UNLOCK TABLES;

--
-- Dumping data for table `civicrm_entity_file`
--

LOCK TABLES `civicrm_entity_file` WRITE;
/*!40000 ALTER TABLE `civicrm_entity_file` DISABLE KEYS */;
/*!40000 ALTER TABLE `civicrm_entity_file` ENABLE KEYS */;
UNLOCK TABLES;

--
-- Dumping data for table `civicrm_entity_financial_account`
--

LOCK TABLES `civicrm_entity_financial_account` WRITE;
/*!40000 ALTER TABLE `civicrm_entity_financial_account` DISABLE KEYS */;
INSERT INTO `civicrm_entity_financial_account` (`id`, `entity_table`, `entity_id`, `account_relationship`, `financial_account_id`) VALUES (1,'civicrm_financial_type',1,1,1),(2,'civicrm_financial_type',1,5,5),(3,'civicrm_financial_type',1,3,7),(4,'civicrm_financial_type',1,7,9),(5,'civicrm_financial_type',2,1,2),(6,'civicrm_financial_type',2,5,5),(7,'civicrm_financial_type',2,3,7),(8,'civicrm_financial_type',2,7,9),(9,'civicrm_financial_type',3,1,3),(10,'civicrm_financial_type',3,5,5),(11,'civicrm_financial_type',3,3,7),(12,'civicrm_financial_type',3,7,9),(13,'civicrm_financial_type',4,5,5),(14,'civicrm_financial_type',4,3,7),(15,'civicrm_financial_type',4,1,4),(16,'civicrm_financial_type',4,7,9),(17,'civicrm_option_value',86,6,6),(18,'civicrm_option_value',87,6,6),(19,'civicrm_option_value',88,6,6),(20,'civicrm_option_value',84,6,12),(21,'civicrm_option_value',85,6,12);
/*!40000 ALTER TABLE `civicrm_entity_financial_account` ENABLE KEYS */;
UNLOCK TABLES;

--
-- Dumping data for table `civicrm_entity_financial_trxn`
--

LOCK TABLES `civicrm_entity_financial_trxn` WRITE;
/*!40000 ALTER TABLE `civicrm_entity_financial_trxn` DISABLE KEYS */;
INSERT INTO `civicrm_entity_financial_trxn` (`id`, `entity_table`, `entity_id`, `financial_trxn_id`, `amount`) VALUES (1,'civicrm_contribution',1,1,'125.00'),(2,'civicrm_financial_item',1,1,'125.00'),(3,'civicrm_contribution',2,2,'50.00'),(4,'civicrm_financial_item',2,2,'50.00'),(5,'civicrm_contribution',3,3,'25.00'),(6,'civicrm_financial_item',3,3,'25.00'),(7,'civicrm_contribution',4,4,'50.00'),(8,'civicrm_financial_item',4,4,'50.00'),(9,'civicrm_contribution',5,5,'500.00'),(10,'civicrm_financial_item',5,5,'500.00'),(11,'civicrm_contribution',6,6,'175.00'),(12,'civicrm_financial_item',6,6,'175.00'),(13,'civicrm_contribution',7,7,'50.00'),(14,'civicrm_financial_item',7,7,'50.00'),(15,'civicrm_contribution',8,8,'10.00'),(16,'civicrm_financial_item',8,8,'10.00'),(17,'civicrm_contribution',9,9,'250.00'),(18,'civicrm_financial_item',9,9,'250.00'),(19,'civicrm_contribution',10,10,'500.00'),(20,'civicrm_financial_item',10,10,'500.00'),(21,'civicrm_contribution',11,11,'200.00'),(22,'civicrm_financial_item',11,11,'200.00'),(23,'civicrm_contribution',12,12,'200.00'),(24,'civicrm_financial_item',12,12,'200.00'),(25,'civicrm_contribution',13,13,'200.00'),(26,'civicrm_financial_item',13,13,'200.00'),(27,'civicrm_contribution',14,14,'100.00'),(28,'civicrm_financial_item',14,14,'100.00'),(29,'civicrm_contribution',16,15,'100.00'),(30,'civicrm_financial_item',15,15,'100.00'),(31,'civicrm_contribution',18,16,'100.00'),(32,'civicrm_financial_item',16,16,'100.00'),(33,'civicrm_contribution',20,17,'100.00'),(34,'civicrm_financial_item',17,17,'100.00'),(35,'civicrm_contribution',22,18,'100.00'),(36,'civicrm_financial_item',18,18,'100.00'),(37,'civicrm_contribution',23,19,'100.00'),(38,'civicrm_financial_item',19,19,'100.00'),(39,'civicrm_contribution',26,20,'100.00'),(40,'civicrm_financial_item',20,20,'100.00'),(41,'civicrm_contribution',28,21,'100.00'),(42,'civicrm_financial_item',21,21,'100.00'),(43,'civicrm_contribution',30,22,'100.00'),(44,'civicrm_financial_item',22,22,'100.00'),(45,'civicrm_contribution',32,23,'100.00'),(46,'civicrm_financial_item',23,23,'100.00'),(47,'civicrm_contribution',33,24,'100.00'),(48,'civicrm_financial_item',24,24,'100.00'),(49,'civicrm_contribution',34,25,'100.00'),(50,'civicrm_financial_item',25,25,'100.00'),(51,'civicrm_contribution',36,26,'100.00'),(52,'civicrm_financial_item',26,26,'100.00'),(53,'civicrm_contribution',40,27,'100.00'),(54,'civicrm_financial_item',27,27,'100.00'),(55,'civicrm_contribution',42,28,'100.00'),(56,'civicrm_financial_item',28,28,'100.00'),(57,'civicrm_contribution',43,29,'100.00'),(58,'civicrm_financial_item',29,29,'100.00'),(59,'civicrm_contribution',15,30,'50.00'),(60,'civicrm_financial_item',30,30,'50.00'),(61,'civicrm_contribution',17,31,'50.00'),(62,'civicrm_financial_item',31,31,'50.00'),(63,'civicrm_contribution',19,32,'50.00'),(64,'civicrm_financial_item',32,32,'50.00'),(65,'civicrm_contribution',21,33,'50.00'),(66,'civicrm_financial_item',33,33,'50.00'),(67,'civicrm_contribution',25,34,'50.00'),(68,'civicrm_financial_item',34,34,'50.00'),(69,'civicrm_contribution',27,35,'50.00'),(70,'civicrm_financial_item',35,35,'50.00'),(71,'civicrm_contribution',29,36,'50.00'),(72,'civicrm_financial_item',36,36,'50.00'),(73,'civicrm_contribution',31,37,'50.00'),(74,'civicrm_financial_item',37,37,'50.00'),(75,'civicrm_contribution',37,38,'50.00'),(76,'civicrm_financial_item',38,38,'50.00'),(77,'civicrm_contribution',38,39,'50.00'),(78,'civicrm_financial_item',39,39,'50.00'),(79,'civicrm_contribution',39,40,'50.00'),(80,'civicrm_financial_item',40,40,'50.00'),(81,'civicrm_contribution',41,41,'50.00'),(82,'civicrm_financial_item',41,41,'50.00'),(83,'civicrm_contribution',24,42,'1200.00'),(84,'civicrm_financial_item',42,42,'1200.00'),(85,'civicrm_contribution',35,43,'1200.00'),(86,'civicrm_financial_item',43,43,'1200.00'),(87,'civicrm_contribution',57,44,'50.00'),(88,'civicrm_financial_item',44,44,'50.00'),(89,'civicrm_contribution',70,45,'50.00'),(90,'civicrm_financial_item',45,45,'50.00'),(91,'civicrm_contribution',78,46,'50.00'),(92,'civicrm_financial_item',46,46,'50.00'),(93,'civicrm_contribution',65,47,'50.00'),(94,'civicrm_financial_item',47,47,'50.00'),(95,'civicrm_contribution',73,48,'50.00'),(96,'civicrm_financial_item',48,48,'50.00'),(97,'civicrm_contribution',93,49,'50.00'),(98,'civicrm_financial_item',49,49,'50.00'),(99,'civicrm_contribution',75,50,'50.00'),(100,'civicrm_financial_item',50,50,'50.00'),(101,'civicrm_contribution',47,51,'50.00'),(102,'civicrm_financial_item',51,51,'50.00'),(103,'civicrm_contribution',81,52,'50.00'),(104,'civicrm_financial_item',52,52,'50.00'),(105,'civicrm_contribution',85,53,'50.00'),(106,'civicrm_financial_item',53,53,'50.00'),(107,'civicrm_contribution',68,54,'50.00'),(108,'civicrm_financial_item',54,54,'50.00'),(109,'civicrm_contribution',67,55,'50.00'),(110,'civicrm_financial_item',55,55,'50.00'),(111,'civicrm_contribution',58,56,'50.00'),(112,'civicrm_financial_item',56,56,'50.00'),(113,'civicrm_contribution',79,57,'50.00'),(114,'civicrm_financial_item',57,57,'50.00'),(115,'civicrm_contribution',91,58,'50.00'),(116,'civicrm_financial_item',58,58,'50.00'),(117,'civicrm_contribution',80,59,'50.00'),(118,'civicrm_financial_item',59,59,'50.00'),(119,'civicrm_contribution',60,60,'800.00'),(120,'civicrm_financial_item',60,60,'800.00'),(121,'civicrm_contribution',86,61,'800.00'),(122,'civicrm_financial_item',61,61,'800.00'),(123,'civicrm_contribution',83,62,'800.00'),(124,'civicrm_financial_item',62,62,'800.00'),(125,'civicrm_contribution',62,63,'800.00'),(126,'civicrm_financial_item',63,63,'800.00'),(127,'civicrm_contribution',77,64,'800.00'),(128,'civicrm_financial_item',64,64,'800.00'),(129,'civicrm_contribution',52,65,'800.00'),(130,'civicrm_financial_item',65,65,'800.00'),(131,'civicrm_contribution',55,66,'800.00'),(132,'civicrm_financial_item',66,66,'800.00'),(133,'civicrm_contribution',56,67,'800.00'),(134,'civicrm_financial_item',67,67,'800.00'),(135,'civicrm_contribution',66,68,'800.00'),(136,'civicrm_financial_item',68,68,'800.00'),(137,'civicrm_contribution',53,69,'800.00'),(138,'civicrm_financial_item',69,69,'800.00'),(139,'civicrm_contribution',69,70,'800.00'),(140,'civicrm_financial_item',70,70,'800.00'),(141,'civicrm_contribution',51,71,'800.00'),(142,'civicrm_financial_item',71,71,'800.00'),(143,'civicrm_contribution',45,72,'800.00'),(144,'civicrm_financial_item',72,72,'800.00'),(145,'civicrm_contribution',74,73,'800.00'),(146,'civicrm_financial_item',73,73,'800.00'),(147,'civicrm_contribution',49,74,'800.00'),(148,'civicrm_financial_item',74,74,'800.00'),(149,'civicrm_contribution',50,75,'800.00'),(150,'civicrm_financial_item',75,75,'800.00'),(151,'civicrm_contribution',87,76,'800.00'),(152,'civicrm_financial_item',76,76,'800.00'),(153,'civicrm_contribution',94,77,'800.00'),(154,'civicrm_financial_item',77,77,'800.00'),(155,'civicrm_contribution',92,78,'50.00'),(156,'civicrm_financial_item',78,78,'50.00'),(157,'civicrm_contribution',72,79,'50.00'),(158,'civicrm_financial_item',79,79,'50.00'),(159,'civicrm_contribution',84,80,'50.00'),(160,'civicrm_financial_item',80,80,'50.00'),(161,'civicrm_contribution',64,81,'50.00'),(162,'civicrm_financial_item',81,81,'50.00'),(163,'civicrm_contribution',90,82,'50.00'),(164,'civicrm_financial_item',82,82,'50.00'),(165,'civicrm_contribution',63,83,'50.00'),(166,'civicrm_financial_item',83,83,'50.00'),(167,'civicrm_contribution',88,84,'50.00'),(168,'civicrm_financial_item',84,84,'50.00'),(169,'civicrm_contribution',46,85,'50.00'),(170,'civicrm_financial_item',85,85,'50.00'),(171,'civicrm_contribution',76,86,'50.00'),(172,'civicrm_financial_item',86,86,'50.00'),(173,'civicrm_contribution',71,87,'50.00'),(174,'civicrm_financial_item',87,87,'50.00'),(175,'civicrm_contribution',59,88,'50.00'),(176,'civicrm_financial_item',88,88,'50.00'),(177,'civicrm_contribution',89,89,'50.00'),(178,'civicrm_financial_item',89,89,'50.00'),(179,'civicrm_contribution',61,90,'50.00'),(180,'civicrm_financial_item',90,90,'50.00'),(181,'civicrm_contribution',48,91,'50.00'),(182,'civicrm_financial_item',91,91,'50.00'),(183,'civicrm_contribution',54,92,'50.00'),(184,'civicrm_financial_item',92,92,'50.00'),(185,'civicrm_contribution',82,93,'50.00'),(186,'civicrm_financial_item',93,93,'50.00');
/*!40000 ALTER TABLE `civicrm_entity_financial_trxn` ENABLE KEYS */;
UNLOCK TABLES;

--
-- Dumping data for table `civicrm_entity_tag`
--

LOCK TABLES `civicrm_entity_tag` WRITE;
/*!40000 ALTER TABLE `civicrm_entity_tag` DISABLE KEYS */;
INSERT INTO `civicrm_entity_tag` (`id`, `entity_table`, `entity_id`, `tag_id`) VALUES (100,'civicrm_contact',2,4),(102,'civicrm_contact',3,4),(103,'civicrm_contact',3,5),(44,'civicrm_contact',6,4),(45,'civicrm_contact',6,5),(60,'civicrm_contact',7,5),(93,'civicrm_contact',10,4),(113,'civicrm_contact',11,4),(38,'civicrm_contact',18,4),(39,'civicrm_contact',18,5),(98,'civicrm_contact',21,4),(99,'civicrm_contact',21,5),(80,'civicrm_contact',25,4),(42,'civicrm_contact',27,4),(43,'civicrm_contact',27,5),(94,'civicrm_contact',28,4),(79,'civicrm_contact',29,4),(35,'civicrm_contact',31,4),(4,'civicrm_contact',33,3),(101,'civicrm_contact',34,5),(105,'civicrm_contact',35,4),(12,'civicrm_contact',36,4),(13,'civicrm_contact',36,5),(47,'civicrm_contact',38,5),(64,'civicrm_contact',40,4),(49,'civicrm_contact',42,4),(50,'civicrm_contact',42,5),(95,'civicrm_contact',48,4),(96,'civicrm_contact',48,5),(40,'civicrm_contact',49,4),(41,'civicrm_contact',52,4),(63,'civicrm_contact',56,4),(65,'civicrm_contact',59,5),(71,'civicrm_contact',62,5),(46,'civicrm_contact',65,5),(62,'civicrm_contact',67,4),(74,'civicrm_contact',69,4),(75,'civicrm_contact',69,5),(81,'civicrm_contact',70,5),(55,'civicrm_contact',71,4),(17,'civicrm_contact',73,4),(16,'civicrm_contact',76,4),(61,'civicrm_contact',79,5),(34,'civicrm_contact',80,5),(76,'civicrm_contact',81,4),(77,'civicrm_contact',81,5),(31,'civicrm_contact',88,5),(9,'civicrm_contact',89,3),(53,'civicrm_contact',90,4),(54,'civicrm_contact',90,5),(2,'civicrm_contact',91,3),(72,'civicrm_contact',94,4),(28,'civicrm_contact',95,4),(48,'civicrm_contact',97,4),(78,'civicrm_contact',100,4),(89,'civicrm_contact',103,4),(11,'civicrm_contact',104,4),(19,'civicrm_contact',105,4),(20,'civicrm_contact',105,5),(114,'civicrm_contact',107,4),(33,'civicrm_contact',118,4),(73,'civicrm_contact',119,5),(3,'civicrm_contact',121,1),(82,'civicrm_contact',124,5),(14,'civicrm_contact',128,4),(84,'civicrm_contact',129,4),(85,'civicrm_contact',129,5),(6,'civicrm_contact',130,1),(21,'civicrm_contact',132,4),(22,'civicrm_contact',132,5),(8,'civicrm_contact',135,3),(104,'civicrm_contact',140,5),(26,'civicrm_contact',141,4),(27,'civicrm_contact',141,5),(106,'civicrm_contact',144,4),(107,'civicrm_contact',144,5),(32,'civicrm_contact',146,5),(97,'civicrm_contact',148,4),(87,'civicrm_contact',149,4),(86,'civicrm_contact',151,5),(92,'civicrm_contact',154,4),(83,'civicrm_contact',155,5),(56,'civicrm_contact',157,4),(29,'civicrm_contact',159,4),(30,'civicrm_contact',159,5),(58,'civicrm_contact',164,4),(108,'civicrm_contact',166,4),(59,'civicrm_contact',167,5),(51,'civicrm_contact',168,4),(52,'civicrm_contact',168,5),(10,'civicrm_contact',169,2),(15,'civicrm_contact',170,5),(25,'civicrm_contact',173,4),(109,'civicrm_contact',174,4),(110,'civicrm_contact',174,5),(88,'civicrm_contact',176,4),(23,'civicrm_contact',178,5),(24,'civicrm_contact',179,5),(57,'civicrm_contact',181,4),(111,'civicrm_contact',183,4),(112,'civicrm_contact',183,5),(66,'civicrm_contact',184,4),(67,'civicrm_contact',189,4),(68,'civicrm_contact',189,5),(5,'civicrm_contact',190,1),(7,'civicrm_contact',191,3),(36,'civicrm_contact',192,4),(37,'civicrm_contact',192,5),(18,'civicrm_contact',193,5),(1,'civicrm_contact',194,1),(90,'civicrm_contact',198,4),(91,'civicrm_contact',198,5),(69,'civicrm_contact',201,4),(70,'civicrm_contact',201,5);
/*!40000 ALTER TABLE `civicrm_entity_tag` ENABLE KEYS */;
UNLOCK TABLES;

--
-- Dumping data for table `civicrm_event`
--

LOCK TABLES `civicrm_event` WRITE;
/*!40000 ALTER TABLE `civicrm_event` DISABLE KEYS */;
INSERT INTO `civicrm_event` (`id`, `title`, `summary`, `description`, `event_type_id`, `participant_listing_id`, `is_public`, `start_date`, `end_date`, `is_online_registration`, `registration_link_text`, `registration_start_date`, `registration_end_date`, `max_participants`, `event_full_text`, `is_monetary`, `financial_type_id`, `payment_processor`, `is_map`, `is_active`, `fee_label`, `is_show_location`, `loc_block_id`, `default_role_id`, `intro_text`, `footer_text`, `confirm_title`, `confirm_text`, `confirm_footer_text`, `is_email_confirm`, `confirm_email_text`, `confirm_from_name`, `confirm_from_email`, `cc_confirm`, `bcc_confirm`, `default_fee_id`, `default_discount_fee_id`, `thankyou_title`, `thankyou_text`, `thankyou_footer_text`, `is_pay_later`, `pay_later_text`, `pay_later_receipt`, `is_partial_payment`, `initial_amount_label`, `initial_amount_help_text`, `min_initial_amount`, `is_multiple_registrations`, `allow_same_participant_emails`, `has_waitlist`, `requires_approval`, `expiration_time`, `waitlist_text`, `approval_req_text`, `is_template`, `template_title`, `created_id`, `created_date`, `currency`, `campaign_id`, `is_share`, `parent_event_id`, `slot_label_id`) VALUES (1,'Fall Fundraiser Dinner','Kick up your heels at our Fall Fundraiser Dinner/Dance at Glen Echo Park! Come by yourself or bring a partner, friend or the entire family!','This event benefits our teen programs. Admission includes a full 3 course meal and wine or soft drinks. Grab your dancing shoes, bring the kids and come join the party!',3,1,1,'2014-10-30 17:00:00','2014-11-01 17:00:00',1,'Register Now',NULL,NULL,100,'Sorry! The Fall Fundraiser Dinner is full. Please call Jane at 204 222-1000 ext 33 if you want to be added to the waiting list.',1,4,NULL,1,1,'Dinner Contribution',1,1,1,'Fill in the information below to join as at this wonderful dinner event.',NULL,'Confirm Your Registration Information','Review the information below carefully.',NULL,1,'Contact the Development Department if you need to make any changes to your registration.','Fundraising Dept.','development@example.org',NULL,NULL,NULL,NULL,'Thanks for Registering!','<p>Thank you for your support. Your contribution will help us build even better tools.</p><p>Please tell your friends and colleagues about this wonderful event.</p>','<p><a href=http://civicrm.org>Back to CiviCRM Home Page</a></p>',1,'I will send payment by check','Send a check payable to Our Organization within 3 business days to hold your reservation. Checks should be sent to: 100 Main St., Suite 3, San Francisco CA 94110',0,NULL,NULL,NULL,1,0,NULL,NULL,NULL,NULL,NULL,0,NULL,NULL,NULL,'USD',NULL,1,NULL,NULL),(2,'Summer Solstice Festival Day Concert','Festival Day is coming! Join us and help support your parks.','We will gather at noon, learn a song all together,  and then join in a joyous procession to the pavilion. We will be one of many groups performing at this wonderful concert which benefits our city parks.',5,1,1,'2014-04-29 12:00:00','2014-04-29 17:00:00',1,'Register Now',NULL,NULL,50,'We have all the singers we can handle. Come to the pavilion anyway and join in from the audience.',1,2,NULL,NULL,1,'Festival Fee',1,2,1,'Complete the form below and click Continue to register online for the festival. Or you can register by calling us at 204 222-1000 ext 22.','','Confirm Your Registration Information','','',1,'This email confirms your registration. If you have questions or need to change your registration - please do not hesitate to call us.','Event Dept.','events@example.org','',NULL,NULL,NULL,'Thanks for Your Joining In!','<p>Thank you for your support. Your participation will help build new parks.</p><p>Please tell your friends and colleagues about the concert.</p>','<p><a href=http://civicrm.org>Back to CiviCRM Home Page</a></p>',0,NULL,NULL,0,NULL,NULL,NULL,1,0,NULL,NULL,NULL,NULL,NULL,0,NULL,NULL,NULL,'USD',NULL,1,NULL,NULL),(3,'Rain-forest Cup Youth Soccer Tournament','Sign up your team to participate in this fun tournament which benefits several Rain-forest protection groups in the Amazon basin.','This is a FYSA Sanctioned Tournament, which is open to all USSF/FIFA affiliated organizations for boys and girls in age groups: U9-U10 (6v6), U11-U12 (8v8), and U13-U17 (Full Sided).',3,1,1,'2014-11-30 07:00:00','2014-12-03 17:00:00',1,'Register Now',NULL,NULL,500,'Sorry! All available team slots for this tournament have been filled. Contact Jill Futbol for information about the waiting list and next years event.',1,4,NULL,NULL,1,'Tournament Fees',1,3,1,'Complete the form below to register your team for this year\'s tournament.','<em>A Soccer Youth Event</em>','Review and Confirm Your Registration Information','','<em>A Soccer Youth Event</em>',1,'Contact our Tournament Director for eligibility details.','Tournament Director','tournament@example.org','',NULL,NULL,NULL,'Thanks for Your Support!','<p>Thank you for your support. Your participation will help save thousands of acres of rainforest.</p>','<p><a href=http://civicrm.org>Back to CiviCRM Home Page</a></p>',0,NULL,NULL,0,NULL,NULL,NULL,0,0,NULL,NULL,NULL,NULL,NULL,0,NULL,NULL,NULL,'USD',NULL,1,NULL,NULL),(4,NULL,NULL,NULL,4,1,1,NULL,NULL,0,NULL,NULL,NULL,NULL,NULL,0,NULL,NULL,0,1,NULL,1,NULL,1,NULL,NULL,NULL,NULL,NULL,NULL,NULL,NULL,NULL,NULL,NULL,NULL,NULL,NULL,NULL,NULL,0,NULL,NULL,0,NULL,NULL,NULL,NULL,NULL,NULL,NULL,NULL,NULL,NULL,1,'Free Meeting without Online Registration',NULL,NULL,'USD',NULL,1,NULL,NULL),(5,NULL,NULL,NULL,4,1,1,NULL,NULL,1,NULL,NULL,NULL,NULL,NULL,0,NULL,NULL,0,1,NULL,1,NULL,1,NULL,NULL,'Confirm Your Registration Information',NULL,NULL,0,NULL,NULL,NULL,NULL,NULL,NULL,NULL,'Thanks for Registering!',NULL,NULL,0,NULL,NULL,0,NULL,NULL,NULL,1,1,NULL,NULL,NULL,NULL,NULL,1,'Free Meeting with Online Registration',NULL,NULL,'USD',NULL,1,NULL,NULL),(6,NULL,NULL,NULL,1,1,1,NULL,NULL,1,NULL,NULL,NULL,NULL,NULL,1,4,NULL,0,1,'Conference Fee',1,NULL,1,NULL,NULL,'Confirm Your Registration Information',NULL,NULL,1,NULL,'Event Template Dept.','event_templates@example.org',NULL,NULL,NULL,NULL,'Thanks for Registering!',NULL,NULL,0,NULL,NULL,0,NULL,NULL,NULL,1,1,NULL,NULL,NULL,NULL,NULL,1,'Paid Conference with Online Registration',NULL,NULL,'USD',NULL,1,NULL,NULL);
/*!40000 ALTER TABLE `civicrm_event` ENABLE KEYS */;
UNLOCK TABLES;

--
-- Dumping data for table `civicrm_event_carts`
--

LOCK TABLES `civicrm_event_carts` WRITE;
/*!40000 ALTER TABLE `civicrm_event_carts` DISABLE KEYS */;
/*!40000 ALTER TABLE `civicrm_event_carts` ENABLE KEYS */;
UNLOCK TABLES;

--
-- Dumping data for table `civicrm_events_in_carts`
--

LOCK TABLES `civicrm_events_in_carts` WRITE;
/*!40000 ALTER TABLE `civicrm_events_in_carts` DISABLE KEYS */;
/*!40000 ALTER TABLE `civicrm_events_in_carts` ENABLE KEYS */;
UNLOCK TABLES;

--
-- Dumping data for table `civicrm_extension`
--

LOCK TABLES `civicrm_extension` WRITE;
/*!40000 ALTER TABLE `civicrm_extension` DISABLE KEYS */;
/*!40000 ALTER TABLE `civicrm_extension` ENABLE KEYS */;
UNLOCK TABLES;

--
-- Dumping data for table `civicrm_file`
--

LOCK TABLES `civicrm_file` WRITE;
/*!40000 ALTER TABLE `civicrm_file` DISABLE KEYS */;
/*!40000 ALTER TABLE `civicrm_file` ENABLE KEYS */;
UNLOCK TABLES;

--
-- Dumping data for table `civicrm_financial_account`
--

LOCK TABLES `civicrm_financial_account` WRITE;
/*!40000 ALTER TABLE `civicrm_financial_account` DISABLE KEYS */;
INSERT INTO `civicrm_financial_account` (`id`, `name`, `contact_id`, `financial_account_type_id`, `accounting_code`, `account_type_code`, `description`, `parent_id`, `is_header_account`, `is_deductible`, `is_tax`, `tax_rate`, `is_reserved`, `is_active`, `is_default`) VALUES (1,'Donation',1,3,'4200','INC','Default account for donations',NULL,0,1,0,NULL,0,1,1),(2,'Member Dues',1,3,'4400','INC','Default account for membership sales',NULL,0,1,0,NULL,0,1,0),(3,'Campaign Contribution',1,3,'4100','INC','Sample account for recording payments to a campaign',NULL,0,0,0,NULL,0,1,0),(4,'Event Fee',1,3,'4300','INC','Default account for event ticket sales',NULL,0,0,0,NULL,0,1,0),(5,'Banking Fees',1,5,'5200','EXP','Payment processor fees and manually recorded banking fees',NULL,0,0,0,NULL,0,1,1),(6,'Deposit Bank Account',1,1,'1100','BANK','All manually recorded cash and cheques go to this account',NULL,0,0,0,NULL,0,1,1),(7,'Accounts Receivable',1,1,'1200','AR','Amounts to be received later (eg pay later event revenues)',NULL,0,0,0,NULL,0,1,0),(8,'Accounts Payable',1,2,'2200','AP','Amounts to be paid out such as grants and refunds',NULL,0,0,0,NULL,0,1,1),(9,'Premiums',1,4,'5100','COGS','Account to record cost of premiums provided to payors',NULL,0,0,0,NULL,0,1,1),(10,'Premiums inventory',1,1,'1375','OCASSET','Account representing value of premiums inventory',NULL,0,0,0,NULL,0,1,0),(11,'Discounts',1,3,'4900','INC','Contra-revenue account for amounts discounted from sales',NULL,0,0,0,NULL,0,1,0),(12,'Payment Processor Account',1,1,'1150','BANK','Account to record payments into a payment processor merchant account',NULL,0,0,0,NULL,0,1,0);
/*!40000 ALTER TABLE `civicrm_financial_account` ENABLE KEYS */;
UNLOCK TABLES;

--
-- Dumping data for table `civicrm_financial_item`
--

LOCK TABLES `civicrm_financial_item` WRITE;
/*!40000 ALTER TABLE `civicrm_financial_item` DISABLE KEYS */;
INSERT INTO `civicrm_financial_item` (`id`, `created_date`, `transaction_date`, `contact_id`, `description`, `amount`, `currency`, `financial_account_id`, `status_id`, `entity_table`, `entity_id`) VALUES (1,'2014-04-30 22:09:27','2010-04-11 00:00:00',2,'Contribution Amount','125.00','USD',1,1,'civicrm_line_item',1),(2,'2014-04-30 22:09:27','2010-03-21 00:00:00',4,'Contribution Amount','50.00','USD',1,1,'civicrm_line_item',2),(3,'2014-04-30 22:09:27','2010-04-29 00:00:00',6,'Contribution Amount','25.00','USD',1,1,'civicrm_line_item',3),(4,'2014-04-30 22:09:27','2010-04-11 00:00:00',8,'Contribution Amount','50.00','USD',1,1,'civicrm_line_item',4),(5,'2014-04-30 22:09:27','2010-04-15 00:00:00',16,'Contribution Amount','500.00','USD',1,1,'civicrm_line_item',5),(6,'2014-04-30 22:09:27','2010-04-11 00:00:00',19,'Contribution Amount','175.00','USD',1,1,'civicrm_line_item',6),(7,'2014-04-30 22:09:27','2010-03-27 00:00:00',82,'Contribution Amount','50.00','USD',1,1,'civicrm_line_item',7),(8,'2014-04-30 22:09:28','2010-03-08 00:00:00',92,'Contribution Amount','10.00','USD',1,1,'civicrm_line_item',8),(9,'2014-04-30 22:09:28','2010-04-22 00:00:00',34,'Contribution Amount','250.00','USD',1,1,'civicrm_line_item',9),(10,'2014-04-30 22:09:28','2009-07-01 11:53:50',71,'Contribution Amount','500.00','USD',1,1,'civicrm_line_item',10),(11,'2014-04-30 22:09:28','2009-07-01 12:55:41',43,'Contribution Amount','200.00','USD',1,1,'civicrm_line_item',11),(12,'2014-04-30 22:09:28','2009-10-01 11:53:50',32,'Contribution Amount','200.00','USD',1,1,'civicrm_line_item',12),(13,'2014-04-30 22:09:28','2009-12-01 12:55:41',32,'Contribution Amount','200.00','USD',1,1,'civicrm_line_item',13),(14,'2014-04-30 22:09:28','2014-04-30 15:09:27',124,'General','100.00','USD',2,1,'civicrm_line_item',16),(15,'2014-04-30 22:09:28','2014-04-30 15:09:27',31,'General','100.00','USD',2,1,'civicrm_line_item',17),(16,'2014-04-30 22:09:28','2014-04-30 15:09:27',142,'General','100.00','USD',2,1,'civicrm_line_item',18),(17,'2014-04-30 22:09:28','2014-04-30 15:09:27',67,'General','100.00','USD',2,1,'civicrm_line_item',19),(18,'2014-04-30 22:09:28','2014-04-30 15:09:27',125,'General','100.00','USD',2,1,'civicrm_line_item',20),(19,'2014-04-30 22:09:28','2014-04-30 15:09:27',185,'General','100.00','USD',2,1,'civicrm_line_item',21),(20,'2014-04-30 22:09:28','2014-04-30 15:09:27',107,'General','100.00','USD',2,1,'civicrm_line_item',22),(21,'2014-04-30 22:09:28','2014-04-30 15:09:27',184,'General','100.00','USD',2,1,'civicrm_line_item',23),(22,'2014-04-30 22:09:28','2014-04-30 15:09:27',154,'General','100.00','USD',2,1,'civicrm_line_item',24),(23,'2014-04-30 22:09:28','2014-04-30 15:09:27',21,'General','100.00','USD',2,1,'civicrm_line_item',25),(24,'2014-04-30 22:09:28','2014-04-30 15:09:27',118,'General','100.00','USD',2,1,'civicrm_line_item',26),(25,'2014-04-30 22:09:28','2014-04-30 15:09:27',150,'General','100.00','USD',2,1,'civicrm_line_item',27),(26,'2014-04-30 22:09:28','2014-04-30 15:09:27',101,'General','100.00','USD',2,1,'civicrm_line_item',28),(27,'2014-04-30 22:09:28','2014-04-30 15:09:27',22,'General','100.00','USD',2,1,'civicrm_line_item',29),(28,'2014-04-30 22:09:28','2014-04-30 15:09:27',90,'General','100.00','USD',2,1,'civicrm_line_item',30),(29,'2014-04-30 22:09:28','2014-04-30 15:09:27',133,'General','100.00','USD',2,1,'civicrm_line_item',31),(30,'2014-04-30 22:09:28','2014-04-30 15:09:27',78,'Student','50.00','USD',2,1,'civicrm_line_item',32),(31,'2014-04-30 22:09:28','2014-04-30 15:09:27',53,'Student','50.00','USD',2,1,'civicrm_line_item',33),(32,'2014-04-30 22:09:28','2014-04-30 15:09:27',163,'Student','50.00','USD',2,1,'civicrm_line_item',34),(33,'2014-04-30 22:09:28','2014-04-30 15:09:27',104,'Student','50.00','USD',2,1,'civicrm_line_item',35),(34,'2014-04-30 22:09:28','2014-04-30 15:09:27',73,'Student','50.00','USD',2,1,'civicrm_line_item',36),(35,'2014-04-30 22:09:28','2014-04-30 15:09:27',128,'Student','50.00','USD',2,1,'civicrm_line_item',37),(36,'2014-04-30 22:09:28','2014-04-30 15:09:27',7,'Student','50.00','USD',2,1,'civicrm_line_item',38),(37,'2014-04-30 22:09:28','2014-04-30 15:09:27',136,'Student','50.00','USD',2,1,'civicrm_line_item',39),(38,'2014-04-30 22:09:28','2014-04-30 15:09:27',105,'Student','50.00','USD',2,1,'civicrm_line_item',40),(39,'2014-04-30 22:09:28','2014-04-30 15:09:27',41,'Student','50.00','USD',2,1,'civicrm_line_item',41),(40,'2014-04-30 22:09:28','2014-04-30 15:09:27',70,'Student','50.00','USD',2,1,'civicrm_line_item',42),(41,'2014-04-30 22:09:28','2014-04-30 15:09:27',132,'Student','50.00','USD',2,1,'civicrm_line_item',43),(42,'2014-04-30 22:09:28','2014-04-30 15:09:27',116,'Lifetime','1200.00','USD',2,1,'civicrm_line_item',44),(43,'2014-04-30 22:09:28','2014-04-30 15:09:27',87,'Lifetime','1200.00','USD',2,1,'civicrm_line_item',45),(44,'2014-04-30 22:09:28','2014-04-30 15:09:28',60,'Soprano','50.00','USD',2,1,'civicrm_line_item',81),(45,'2014-04-30 22:09:28','2014-04-30 15:09:28',102,'Soprano','50.00','USD',2,1,'civicrm_line_item',82),(46,'2014-04-30 22:09:28','2014-04-30 15:09:28',140,'Soprano','50.00','USD',2,1,'civicrm_line_item',83),(47,'2014-04-30 22:09:28','2014-04-30 15:09:28',90,'Soprano','50.00','USD',2,1,'civicrm_line_item',84),(48,'2014-04-30 22:09:28','2014-04-30 15:09:28',110,'Soprano','50.00','USD',2,1,'civicrm_line_item',85),(49,'2014-04-30 22:09:28','2014-04-30 15:09:28',200,'Soprano','50.00','USD',2,1,'civicrm_line_item',86),(50,'2014-04-30 22:09:28','2014-04-30 15:09:28',116,'Soprano','50.00','USD',2,1,'civicrm_line_item',87),(51,'2014-04-30 22:09:28','2014-04-30 15:09:28',11,'Soprano','50.00','USD',2,1,'civicrm_line_item',88),(52,'2014-04-30 22:09:28','2014-04-30 15:09:28',160,'Soprano','50.00','USD',2,1,'civicrm_line_item',89),(53,'2014-04-30 22:09:28','2014-04-30 15:09:28',177,'Soprano','50.00','USD',2,1,'civicrm_line_item',90),(54,'2014-04-30 22:09:28','2014-04-30 15:09:28',98,'Soprano','50.00','USD',2,1,'civicrm_line_item',91),(55,'2014-04-30 22:09:28','2014-04-30 15:09:28',95,'Soprano','50.00','USD',2,1,'civicrm_line_item',92),(56,'2014-04-30 22:09:28','2014-04-30 15:09:28',61,'Soprano','50.00','USD',2,1,'civicrm_line_item',93),(57,'2014-04-30 22:09:28','2014-04-30 15:09:28',149,'Soprano','50.00','USD',2,1,'civicrm_line_item',94),(58,'2014-04-30 22:09:28','2014-04-30 15:09:28',191,'Soprano','50.00','USD',2,1,'civicrm_line_item',95),(59,'2014-04-30 22:09:28','2014-04-30 15:09:28',157,'Soprano','50.00','USD',2,1,'civicrm_line_item',96),(60,'2014-04-30 22:09:28','2014-04-30 15:09:28',68,'Tiny-tots (ages 5-8)','800.00','USD',4,1,'civicrm_line_item',47),(61,'2014-04-30 22:09:28','2014-04-30 15:09:28',179,'Tiny-tots (ages 5-8)','800.00','USD',4,1,'civicrm_line_item',48),(62,'2014-04-30 22:09:28','2014-04-30 15:09:28',168,'Tiny-tots (ages 5-8)','800.00','USD',4,1,'civicrm_line_item',49),(63,'2014-04-30 22:09:28','2014-04-30 15:09:28',83,'Tiny-tots (ages 5-8)','800.00','USD',4,1,'civicrm_line_item',50),(64,'2014-04-30 22:09:28','2014-04-30 15:09:28',135,'Tiny-tots (ages 5-8)','800.00','USD',4,1,'civicrm_line_item',51),(65,'2014-04-30 22:09:28','2014-04-30 15:09:28',27,'Tiny-tots (ages 5-8)','800.00','USD',4,1,'civicrm_line_item',52),(66,'2014-04-30 22:09:28','2014-04-30 15:09:28',44,'Tiny-tots (ages 5-8)','800.00','USD',4,1,'civicrm_line_item',53),(67,'2014-04-30 22:09:28','2014-04-30 15:09:28',53,'Tiny-tots (ages 5-8)','800.00','USD',4,1,'civicrm_line_item',54),(68,'2014-04-30 22:09:28','2014-04-30 15:09:28',91,'Tiny-tots (ages 5-8)','800.00','USD',4,1,'civicrm_line_item',55),(69,'2014-04-30 22:09:28','2014-04-30 15:09:28',32,'Tiny-tots (ages 5-8)','800.00','USD',4,1,'civicrm_line_item',56),(70,'2014-04-30 22:09:28','2014-04-30 15:09:28',101,'Tiny-tots (ages 5-8)','800.00','USD',4,1,'civicrm_line_item',57),(71,'2014-04-30 22:09:28','2014-04-30 15:09:28',22,'Tiny-tots (ages 5-8)','800.00','USD',4,1,'civicrm_line_item',58),(72,'2014-04-30 22:09:28','2014-04-30 15:09:28',1,'Tiny-tots (ages 5-8)','800.00','USD',4,1,'civicrm_line_item',59),(73,'2014-04-30 22:09:28','2014-04-30 15:09:28',112,'Tiny-tots (ages 5-8)','800.00','USD',4,1,'civicrm_line_item',60),(74,'2014-04-30 22:09:28','2014-04-30 15:09:28',14,'Tiny-tots (ages 5-8)','800.00','USD',4,1,'civicrm_line_item',61),(75,'2014-04-30 22:09:28','2014-04-30 15:09:28',20,'Tiny-tots (ages 5-8)','800.00','USD',4,1,'civicrm_line_item',62),(76,'2014-04-30 22:09:28','2014-04-30 15:09:28',181,'Tiny-tots (ages 5-8)','800.00','USD',4,1,'civicrm_line_item',63),(77,'2014-04-30 22:09:28','2014-04-30 15:09:28',201,'Tiny-tots (ages 5-8)','800.00','USD',4,1,'civicrm_line_item',64),(78,'2014-04-30 22:09:28','2014-04-30 15:09:28',193,'Single','50.00','USD',4,1,'civicrm_line_item',65),(79,'2014-04-30 22:09:28','2014-04-30 15:09:28',108,'Single','50.00','USD',4,1,'civicrm_line_item',66),(80,'2014-04-30 22:09:28','2014-04-30 15:09:28',170,'Single','50.00','USD',4,1,'civicrm_line_item',67),(81,'2014-04-30 22:09:28','2014-04-30 15:09:28',89,'Single','50.00','USD',4,1,'civicrm_line_item',68),(82,'2014-04-30 22:09:28','2014-04-30 15:09:28',189,'Single','50.00','USD',4,1,'civicrm_line_item',69),(83,'2014-04-30 22:09:28','2014-04-30 15:09:28',85,'Single','50.00','USD',4,1,'civicrm_line_item',70),(84,'2014-04-30 22:09:28','2014-04-30 15:09:28',182,'Single','50.00','USD',4,1,'civicrm_line_item',71),(85,'2014-04-30 22:09:28','2014-04-30 15:09:28',3,'Single','50.00','USD',4,1,'civicrm_line_item',72),(86,'2014-04-30 22:09:28','2014-04-30 15:09:28',134,'Single','50.00','USD',4,1,'civicrm_line_item',73),(87,'2014-04-30 22:09:28','2014-04-30 15:09:28',107,'Single','50.00','USD',4,1,'civicrm_line_item',74),(88,'2014-04-30 22:09:28','2014-04-30 15:09:28',64,'Single','50.00','USD',4,1,'civicrm_line_item',75),(89,'2014-04-30 22:09:28','2014-04-30 15:09:28',187,'Single','50.00','USD',4,1,'civicrm_line_item',76),(90,'2014-04-30 22:09:28','2014-04-30 15:09:28',71,'Single','50.00','USD',4,1,'civicrm_line_item',77),(91,'2014-04-30 22:09:28','2014-04-30 15:09:28',12,'Single','50.00','USD',4,1,'civicrm_line_item',78),(92,'2014-04-30 22:09:28','2014-04-30 15:09:28',35,'Single','50.00','USD',4,1,'civicrm_line_item',79),(93,'2014-04-30 22:09:28','2014-04-30 15:09:28',165,'Single','50.00','USD',4,1,'civicrm_line_item',80);
/*!40000 ALTER TABLE `civicrm_financial_item` ENABLE KEYS */;
UNLOCK TABLES;

--
-- Dumping data for table `civicrm_financial_trxn`
--

LOCK TABLES `civicrm_financial_trxn` WRITE;
/*!40000 ALTER TABLE `civicrm_financial_trxn` DISABLE KEYS */;
INSERT INTO `civicrm_financial_trxn` (`id`, `from_financial_account_id`, `to_financial_account_id`, `trxn_date`, `total_amount`, `fee_amount`, `net_amount`, `currency`, `trxn_id`, `trxn_result_code`, `status_id`, `payment_processor_id`, `payment_instrument_id`, `check_number`) VALUES (1,NULL,6,'2010-04-11 00:00:00','125.00',NULL,NULL,'USD',NULL,NULL,1,NULL,4,'1041'),(2,NULL,12,'2010-03-21 00:00:00','50.00',NULL,NULL,'USD','P20901X1',NULL,1,NULL,1,NULL),(3,NULL,6,'2010-04-29 00:00:00','25.00',NULL,NULL,'USD',NULL,NULL,1,NULL,4,'2095'),(4,NULL,6,'2010-04-11 00:00:00','50.00',NULL,NULL,'USD',NULL,NULL,1,NULL,4,'10552'),(5,NULL,6,'2010-04-15 00:00:00','500.00',NULL,NULL,'USD',NULL,NULL,1,NULL,4,'509'),(6,NULL,6,'2010-04-11 00:00:00','175.00',NULL,NULL,'USD',NULL,NULL,1,NULL,4,'102'),(7,NULL,12,'2010-03-27 00:00:00','50.00',NULL,NULL,'USD','P20193L2',NULL,1,NULL,1,NULL),(8,NULL,12,'2010-03-08 00:00:00','10.00',NULL,NULL,'USD','P40232Y3',NULL,1,NULL,1,NULL),(9,NULL,12,'2010-04-22 00:00:00','250.00',NULL,NULL,'USD','P20193L6',NULL,1,NULL,1,NULL),(10,NULL,12,'2009-07-01 11:53:50','500.00',NULL,NULL,'USD','PL71',NULL,1,NULL,1,NULL),(11,NULL,12,'2009-07-01 12:55:41','200.00',NULL,NULL,'USD','PL43II',NULL,1,NULL,1,NULL),(12,NULL,12,'2009-10-01 11:53:50','200.00',NULL,NULL,'USD','PL32I',NULL,1,NULL,1,NULL),(13,NULL,12,'2009-12-01 12:55:41','200.00',NULL,NULL,'USD','PL32II',NULL,1,NULL,1,NULL),(14,NULL,12,'2014-04-30 15:09:27','100.00',NULL,NULL,'USD',NULL,NULL,1,NULL,1,NULL),(15,NULL,12,'2014-04-30 15:09:27','100.00',NULL,NULL,'USD',NULL,NULL,1,NULL,1,NULL),(16,NULL,12,'2014-04-30 15:09:27','100.00',NULL,NULL,'USD',NULL,NULL,1,NULL,1,NULL),(17,NULL,12,'2014-04-30 15:09:27','100.00',NULL,NULL,'USD',NULL,NULL,1,NULL,1,NULL),(18,NULL,12,'2014-04-30 15:09:27','100.00',NULL,NULL,'USD',NULL,NULL,1,NULL,1,NULL),(19,NULL,12,'2014-04-30 15:09:27','100.00',NULL,NULL,'USD',NULL,NULL,1,NULL,1,NULL),(20,NULL,12,'2014-04-30 15:09:27','100.00',NULL,NULL,'USD',NULL,NULL,1,NULL,1,NULL),(21,NULL,12,'2014-04-30 15:09:27','100.00',NULL,NULL,'USD',NULL,NULL,1,NULL,1,NULL),(22,NULL,12,'2014-04-30 15:09:27','100.00',NULL,NULL,'USD',NULL,NULL,1,NULL,1,NULL),(23,NULL,12,'2014-04-30 15:09:27','100.00',NULL,NULL,'USD',NULL,NULL,1,NULL,1,NULL),(24,NULL,12,'2014-04-30 15:09:27','100.00',NULL,NULL,'USD',NULL,NULL,1,NULL,1,NULL),(25,NULL,12,'2014-04-30 15:09:27','100.00',NULL,NULL,'USD',NULL,NULL,1,NULL,1,NULL),(26,NULL,12,'2014-04-30 15:09:27','100.00',NULL,NULL,'USD',NULL,NULL,1,NULL,1,NULL),(27,NULL,12,'2014-04-30 15:09:27','100.00',NULL,NULL,'USD',NULL,NULL,1,NULL,1,NULL),(28,NULL,12,'2014-04-30 15:09:27','100.00',NULL,NULL,'USD',NULL,NULL,1,NULL,1,NULL),(29,NULL,12,'2014-04-30 15:09:27','100.00',NULL,NULL,'USD',NULL,NULL,1,NULL,1,NULL),(30,NULL,12,'2014-04-30 15:09:27','50.00',NULL,NULL,'USD',NULL,NULL,1,NULL,1,NULL),(31,NULL,12,'2014-04-30 15:09:27','50.00',NULL,NULL,'USD',NULL,NULL,1,NULL,1,NULL),(32,NULL,12,'2014-04-30 15:09:27','50.00',NULL,NULL,'USD',NULL,NULL,1,NULL,1,NULL),(33,NULL,12,'2014-04-30 15:09:27','50.00',NULL,NULL,'USD',NULL,NULL,1,NULL,1,NULL),(34,NULL,12,'2014-04-30 15:09:27','50.00',NULL,NULL,'USD',NULL,NULL,1,NULL,1,NULL),(35,NULL,12,'2014-04-30 15:09:27','50.00',NULL,NULL,'USD',NULL,NULL,1,NULL,1,NULL),(36,NULL,12,'2014-04-30 15:09:27','50.00',NULL,NULL,'USD',NULL,NULL,1,NULL,1,NULL),(37,NULL,12,'2014-04-30 15:09:27','50.00',NULL,NULL,'USD',NULL,NULL,1,NULL,1,NULL),(38,NULL,12,'2014-04-30 15:09:27','50.00',NULL,NULL,'USD',NULL,NULL,1,NULL,1,NULL),(39,NULL,12,'2014-04-30 15:09:27','50.00',NULL,NULL,'USD',NULL,NULL,1,NULL,1,NULL),(40,NULL,12,'2014-04-30 15:09:27','50.00',NULL,NULL,'USD',NULL,NULL,1,NULL,1,NULL),(41,NULL,12,'2014-04-30 15:09:27','50.00',NULL,NULL,'USD',NULL,NULL,1,NULL,1,NULL),(42,NULL,12,'2014-04-30 15:09:27','1200.00',NULL,NULL,'USD',NULL,NULL,1,NULL,1,NULL),(43,NULL,12,'2014-04-30 15:09:27','1200.00',NULL,NULL,'USD',NULL,NULL,1,NULL,1,NULL),(44,NULL,NULL,'2014-04-30 15:09:28','50.00',NULL,NULL,'USD',NULL,NULL,1,NULL,4,NULL),(45,NULL,NULL,'2014-04-30 15:09:28','50.00',NULL,NULL,'USD',NULL,NULL,1,NULL,4,NULL),(46,NULL,NULL,'2014-04-30 15:09:28','50.00',NULL,NULL,'USD',NULL,NULL,1,NULL,4,NULL),(47,NULL,NULL,'2014-04-30 15:09:28','50.00',NULL,NULL,'USD',NULL,NULL,1,NULL,4,NULL),(48,NULL,NULL,'2014-04-30 15:09:28','50.00',NULL,NULL,'USD',NULL,NULL,1,NULL,4,NULL),(49,NULL,NULL,'2014-04-30 15:09:28','50.00',NULL,NULL,'USD',NULL,NULL,1,NULL,4,NULL),(50,NULL,NULL,'2014-04-30 15:09:28','50.00',NULL,NULL,'USD',NULL,NULL,1,NULL,4,NULL),(51,NULL,NULL,'2014-04-30 15:09:28','50.00',NULL,NULL,'USD',NULL,NULL,1,NULL,4,NULL),(52,NULL,NULL,'2014-04-30 15:09:28','50.00',NULL,NULL,'USD',NULL,NULL,1,NULL,4,NULL),(53,NULL,NULL,'2014-04-30 15:09:28','50.00',NULL,NULL,'USD',NULL,NULL,1,NULL,4,NULL),(54,NULL,NULL,'2014-04-30 15:09:28','50.00',NULL,NULL,'USD',NULL,NULL,1,NULL,4,NULL),(55,NULL,NULL,'2014-04-30 15:09:28','50.00',NULL,NULL,'USD',NULL,NULL,1,NULL,4,NULL),(56,NULL,NULL,'2014-04-30 15:09:28','50.00',NULL,NULL,'USD',NULL,NULL,1,NULL,4,NULL),(57,NULL,NULL,'2014-04-30 15:09:28','50.00',NULL,NULL,'USD',NULL,NULL,1,NULL,4,NULL),(58,NULL,NULL,'2014-04-30 15:09:28','50.00',NULL,NULL,'USD',NULL,NULL,1,NULL,4,NULL),(59,NULL,NULL,'2014-04-30 15:09:28','50.00',NULL,NULL,'USD',NULL,NULL,1,NULL,4,NULL),(60,NULL,NULL,'2014-04-30 15:09:28','800.00',NULL,NULL,'USD',NULL,NULL,1,NULL,4,NULL),(61,NULL,NULL,'2014-04-30 15:09:28','800.00',NULL,NULL,'USD',NULL,NULL,1,NULL,4,NULL),(62,NULL,NULL,'2014-04-30 15:09:28','800.00',NULL,NULL,'USD',NULL,NULL,1,NULL,4,NULL),(63,NULL,NULL,'2014-04-30 15:09:28','800.00',NULL,NULL,'USD',NULL,NULL,1,NULL,4,NULL),(64,NULL,NULL,'2014-04-30 15:09:28','800.00',NULL,NULL,'USD',NULL,NULL,1,NULL,4,NULL),(65,NULL,NULL,'2014-04-30 15:09:28','800.00',NULL,NULL,'USD',NULL,NULL,1,NULL,4,NULL),(66,NULL,NULL,'2014-04-30 15:09:28','800.00',NULL,NULL,'USD',NULL,NULL,1,NULL,4,NULL),(67,NULL,NULL,'2014-04-30 15:09:28','800.00',NULL,NULL,'USD',NULL,NULL,1,NULL,4,NULL),(68,NULL,NULL,'2014-04-30 15:09:28','800.00',NULL,NULL,'USD',NULL,NULL,1,NULL,4,NULL),(69,NULL,NULL,'2014-04-30 15:09:28','800.00',NULL,NULL,'USD',NULL,NULL,1,NULL,4,NULL),(70,NULL,NULL,'2014-04-30 15:09:28','800.00',NULL,NULL,'USD',NULL,NULL,1,NULL,4,NULL),(71,NULL,NULL,'2014-04-30 15:09:28','800.00',NULL,NULL,'USD',NULL,NULL,1,NULL,4,NULL),(72,NULL,NULL,'2014-04-30 15:09:28','800.00',NULL,NULL,'USD',NULL,NULL,1,NULL,4,NULL),(73,NULL,NULL,'2014-04-30 15:09:28','800.00',NULL,NULL,'USD',NULL,NULL,1,NULL,4,NULL),(74,NULL,NULL,'2014-04-30 15:09:28','800.00',NULL,NULL,'USD',NULL,NULL,1,NULL,4,NULL),(75,NULL,NULL,'2014-04-30 15:09:28','800.00',NULL,NULL,'USD',NULL,NULL,1,NULL,4,NULL),(76,NULL,NULL,'2014-04-30 15:09:28','800.00',NULL,NULL,'USD',NULL,NULL,1,NULL,4,NULL),(77,NULL,NULL,'2014-04-30 15:09:28','800.00',NULL,NULL,'USD',NULL,NULL,1,NULL,4,NULL),(78,NULL,NULL,'2014-04-30 15:09:28','50.00',NULL,NULL,'USD',NULL,NULL,1,NULL,4,NULL),(79,NULL,NULL,'2014-04-30 15:09:28','50.00',NULL,NULL,'USD',NULL,NULL,1,NULL,4,NULL),(80,NULL,NULL,'2014-04-30 15:09:28','50.00',NULL,NULL,'USD',NULL,NULL,1,NULL,4,NULL),(81,NULL,NULL,'2014-04-30 15:09:28','50.00',NULL,NULL,'USD',NULL,NULL,1,NULL,4,NULL),(82,NULL,NULL,'2014-04-30 15:09:28','50.00',NULL,NULL,'USD',NULL,NULL,1,NULL,4,NULL),(83,NULL,NULL,'2014-04-30 15:09:28','50.00',NULL,NULL,'USD',NULL,NULL,1,NULL,4,NULL),(84,NULL,NULL,'2014-04-30 15:09:28','50.00',NULL,NULL,'USD',NULL,NULL,1,NULL,4,NULL),(85,NULL,NULL,'2014-04-30 15:09:28','50.00',NULL,NULL,'USD',NULL,NULL,1,NULL,4,NULL),(86,NULL,NULL,'2014-04-30 15:09:28','50.00',NULL,NULL,'USD',NULL,NULL,1,NULL,4,NULL),(87,NULL,NULL,'2014-04-30 15:09:28','50.00',NULL,NULL,'USD',NULL,NULL,1,NULL,4,NULL),(88,NULL,NULL,'2014-04-30 15:09:28','50.00',NULL,NULL,'USD',NULL,NULL,1,NULL,4,NULL),(89,NULL,NULL,'2014-04-30 15:09:28','50.00',NULL,NULL,'USD',NULL,NULL,1,NULL,4,NULL),(90,NULL,NULL,'2014-04-30 15:09:28','50.00',NULL,NULL,'USD',NULL,NULL,1,NULL,4,NULL),(91,NULL,NULL,'2014-04-30 15:09:28','50.00',NULL,NULL,'USD',NULL,NULL,1,NULL,4,NULL),(92,NULL,NULL,'2014-04-30 15:09:28','50.00',NULL,NULL,'USD',NULL,NULL,1,NULL,4,NULL),(93,NULL,NULL,'2014-04-30 15:09:28','50.00',NULL,NULL,'USD',NULL,NULL,1,NULL,4,NULL);
/*!40000 ALTER TABLE `civicrm_financial_trxn` ENABLE KEYS */;
UNLOCK TABLES;

--
-- Dumping data for table `civicrm_financial_type`
--

LOCK TABLES `civicrm_financial_type` WRITE;
/*!40000 ALTER TABLE `civicrm_financial_type` DISABLE KEYS */;
INSERT INTO `civicrm_financial_type` (`id`, `name`, `description`, `is_deductible`, `is_reserved`, `is_active`) VALUES (1,'Donation',NULL,1,0,1),(2,'Member Dues',NULL,1,0,1),(3,'Campaign Contribution',NULL,0,0,1),(4,'Event Fee',NULL,0,0,1);
/*!40000 ALTER TABLE `civicrm_financial_type` ENABLE KEYS */;
UNLOCK TABLES;

--
-- Dumping data for table `civicrm_grant`
--

LOCK TABLES `civicrm_grant` WRITE;
/*!40000 ALTER TABLE `civicrm_grant` DISABLE KEYS */;
/*!40000 ALTER TABLE `civicrm_grant` ENABLE KEYS */;
UNLOCK TABLES;

--
-- Dumping data for table `civicrm_group`
--

LOCK TABLES `civicrm_group` WRITE;
/*!40000 ALTER TABLE `civicrm_group` DISABLE KEYS */;
INSERT INTO `civicrm_group` (`id`, `name`, `title`, `description`, `source`, `saved_search_id`, `is_active`, `visibility`, `where_clause`, `select_tables`, `where_tables`, `group_type`, `cache_date`, `refresh_date`, `parents`, `children`, `is_hidden`, `is_reserved`, `created_id`, `modified_id`) VALUES (1,'Administrators','Administrators','Contacts in this group are assigned Administrator role permissions.',NULL,NULL,1,'User and User Admin Only',NULL,NULL,NULL,'1',NULL,NULL,NULL,NULL,0,0,NULL,NULL),(2,'Newsletter Subscribers','Newsletter Subscribers',NULL,NULL,NULL,1,'Public Pages',' ( `civicrm_group_contact-2`.group_id IN ( 2 ) AND `civicrm_group_contact-2`.status IN (\"Added\") ) ','a:8:{s:15:\"civicrm_contact\";i:1;s:15:\"civicrm_address\";i:1;s:15:\"civicrm_country\";i:1;s:13:\"civicrm_email\";i:1;s:13:\"civicrm_phone\";i:1;s:10:\"civicrm_im\";i:1;s:19:\"civicrm_worldregion\";i:1;s:25:\"`civicrm_group_contact-2`\";s:165:\" LEFT JOIN civicrm_group_contact `civicrm_group_contact-2` ON ( contact_a.id = `civicrm_group_contact-2`.contact_id AND `civicrm_group_contact-2`.group_id IN ( 2 ) )\";}','a:2:{s:15:\"civicrm_contact\";i:1;s:25:\"`civicrm_group_contact-2`\";s:165:\" LEFT JOIN civicrm_group_contact `civicrm_group_contact-2` ON ( contact_a.id = `civicrm_group_contact-2`.contact_id AND `civicrm_group_contact-2`.group_id IN ( 2 ) )\";}','12',NULL,NULL,NULL,NULL,0,0,NULL,NULL),(3,'Summer Program Volunteers','Summer Program Volunteers',NULL,NULL,NULL,1,'Public Pages',' ( `civicrm_group_contact-3`.group_id IN ( 3 ) AND `civicrm_group_contact-3`.status IN (\"Added\") ) ','a:8:{s:15:\"civicrm_contact\";i:1;s:15:\"civicrm_address\";i:1;s:15:\"civicrm_country\";i:1;s:13:\"civicrm_email\";i:1;s:13:\"civicrm_phone\";i:1;s:10:\"civicrm_im\";i:1;s:19:\"civicrm_worldregion\";i:1;s:25:\"`civicrm_group_contact-3`\";s:165:\" LEFT JOIN civicrm_group_contact `civicrm_group_contact-3` ON ( contact_a.id = `civicrm_group_contact-3`.contact_id AND `civicrm_group_contact-3`.group_id IN ( 3 ) )\";}','a:2:{s:15:\"civicrm_contact\";i:1;s:25:\"`civicrm_group_contact-3`\";s:165:\" LEFT JOIN civicrm_group_contact `civicrm_group_contact-3` ON ( contact_a.id = `civicrm_group_contact-3`.contact_id AND `civicrm_group_contact-3`.group_id IN ( 3 ) )\";}','12',NULL,NULL,NULL,NULL,0,0,NULL,NULL),(4,'Advisory Board','Advisory Board',NULL,NULL,NULL,1,'Public Pages',' ( `civicrm_group_contact-4`.group_id IN ( 4 ) AND `civicrm_group_contact-4`.status IN (\"Added\") ) ','a:8:{s:15:\"civicrm_contact\";i:1;s:15:\"civicrm_address\";i:1;s:15:\"civicrm_country\";i:1;s:13:\"civicrm_email\";i:1;s:13:\"civicrm_phone\";i:1;s:10:\"civicrm_im\";i:1;s:19:\"civicrm_worldregion\";i:1;s:25:\"`civicrm_group_contact-4`\";s:165:\" LEFT JOIN civicrm_group_contact `civicrm_group_contact-4` ON ( contact_a.id = `civicrm_group_contact-4`.contact_id AND `civicrm_group_contact-4`.group_id IN ( 4 ) )\";}','a:2:{s:15:\"civicrm_contact\";i:1;s:25:\"`civicrm_group_contact-4`\";s:165:\" LEFT JOIN civicrm_group_contact `civicrm_group_contact-4` ON ( contact_a.id = `civicrm_group_contact-4`.contact_id AND `civicrm_group_contact-4`.group_id IN ( 4 ) )\";}','12',NULL,NULL,NULL,NULL,0,0,NULL,NULL);
/*!40000 ALTER TABLE `civicrm_group` ENABLE KEYS */;
UNLOCK TABLES;

--
-- Dumping data for table `civicrm_group_contact`
--

LOCK TABLES `civicrm_group_contact` WRITE;
/*!40000 ALTER TABLE `civicrm_group_contact` DISABLE KEYS */;
INSERT INTO `civicrm_group_contact` (`id`, `group_id`, `contact_id`, `status`, `location_id`, `email_id`) VALUES (1,2,104,'Added',NULL,NULL),(2,2,30,'Added',NULL,NULL),(3,2,36,'Added',NULL,NULL),(4,2,177,'Added',NULL,NULL),(5,2,128,'Added',NULL,NULL),(6,2,85,'Added',NULL,NULL),(7,2,170,'Added',NULL,NULL),(8,2,58,'Added',NULL,NULL),(9,2,76,'Added',NULL,NULL),(10,2,116,'Added',NULL,NULL),(11,2,73,'Added',NULL,NULL),(12,2,37,'Added',NULL,NULL),(13,2,193,'Added',NULL,NULL),(14,2,12,'Added',NULL,NULL),(15,2,105,'Added',NULL,NULL),(16,2,125,'Added',NULL,NULL),(17,2,132,'Added',NULL,NULL),(18,2,171,'Added',NULL,NULL),(19,2,178,'Added',NULL,NULL),(20,2,19,'Added',NULL,NULL),(21,2,179,'Added',NULL,NULL),(22,2,55,'Added',NULL,NULL),(23,2,173,'Added',NULL,NULL),(24,2,77,'Added',NULL,NULL),(25,2,141,'Added',NULL,NULL),(26,2,99,'Added',NULL,NULL),(27,2,95,'Added',NULL,NULL),(28,2,126,'Added',NULL,NULL),(29,2,159,'Added',NULL,NULL),(30,2,161,'Added',NULL,NULL),(31,2,88,'Added',NULL,NULL),(32,2,20,'Added',NULL,NULL),(33,2,146,'Added',NULL,NULL),(34,2,96,'Added',NULL,NULL),(35,2,118,'Added',NULL,NULL),(36,2,142,'Added',NULL,NULL),(37,2,80,'Added',NULL,NULL),(38,2,109,'Added',NULL,NULL),(39,2,31,'Added',NULL,NULL),(40,2,113,'Added',NULL,NULL),(41,2,192,'Added',NULL,NULL),(42,2,138,'Added',NULL,NULL),(43,2,18,'Added',NULL,NULL),(44,2,53,'Added',NULL,NULL),(45,2,49,'Added',NULL,NULL),(46,2,74,'Added',NULL,NULL),(47,2,52,'Added',NULL,NULL),(48,2,182,'Added',NULL,NULL),(49,2,27,'Added',NULL,NULL),(50,2,41,'Added',NULL,NULL),(51,2,6,'Added',NULL,NULL),(52,2,87,'Added',NULL,NULL),(53,2,65,'Added',NULL,NULL),(54,2,185,'Added',NULL,NULL),(55,2,38,'Added',NULL,NULL),(56,2,143,'Added',NULL,NULL),(57,2,97,'Added',NULL,NULL),(58,2,136,'Added',NULL,NULL),(59,2,42,'Added',NULL,NULL),(60,2,150,'Added',NULL,NULL),(61,3,168,'Added',NULL,NULL),(62,3,64,'Added',NULL,NULL),(63,3,90,'Added',NULL,NULL),(64,3,152,'Added',NULL,NULL),(65,3,71,'Added',NULL,NULL),(66,3,16,'Added',NULL,NULL),(67,3,157,'Added',NULL,NULL),(68,3,86,'Added',NULL,NULL),(69,3,181,'Added',NULL,NULL),(70,3,22,'Added',NULL,NULL),(71,3,164,'Added',NULL,NULL),(72,3,98,'Added',NULL,NULL),(73,3,167,'Added',NULL,NULL),(74,3,43,'Added',NULL,NULL),(75,3,7,'Added',NULL,NULL),(76,4,104,'Added',NULL,NULL),(77,4,58,'Added',NULL,NULL),(78,4,105,'Added',NULL,NULL),(79,4,55,'Added',NULL,NULL),(80,4,159,'Added',NULL,NULL),(81,4,142,'Added',NULL,NULL),(82,4,18,'Added',NULL,NULL),(83,4,41,'Added',NULL,NULL);
/*!40000 ALTER TABLE `civicrm_group_contact` ENABLE KEYS */;
UNLOCK TABLES;

--
-- Dumping data for table `civicrm_group_contact_cache`
--

LOCK TABLES `civicrm_group_contact_cache` WRITE;
/*!40000 ALTER TABLE `civicrm_group_contact_cache` DISABLE KEYS */;
/*!40000 ALTER TABLE `civicrm_group_contact_cache` ENABLE KEYS */;
UNLOCK TABLES;

--
-- Dumping data for table `civicrm_group_nesting`
--

LOCK TABLES `civicrm_group_nesting` WRITE;
/*!40000 ALTER TABLE `civicrm_group_nesting` DISABLE KEYS */;
/*!40000 ALTER TABLE `civicrm_group_nesting` ENABLE KEYS */;
UNLOCK TABLES;

--
-- Dumping data for table `civicrm_group_organization`
--

LOCK TABLES `civicrm_group_organization` WRITE;
/*!40000 ALTER TABLE `civicrm_group_organization` DISABLE KEYS */;
/*!40000 ALTER TABLE `civicrm_group_organization` ENABLE KEYS */;
UNLOCK TABLES;

--
-- Dumping data for table `civicrm_im`
--

LOCK TABLES `civicrm_im` WRITE;
/*!40000 ALTER TABLE `civicrm_im` DISABLE KEYS */;
/*!40000 ALTER TABLE `civicrm_im` ENABLE KEYS */;
UNLOCK TABLES;

--
-- Dumping data for table `civicrm_job`
--

LOCK TABLES `civicrm_job` WRITE;
/*!40000 ALTER TABLE `civicrm_job` DISABLE KEYS */;
INSERT INTO `civicrm_job` (`id`, `domain_id`, `run_frequency`, `last_run`, `name`, `description`, `api_entity`, `api_action`, `parameters`, `is_active`) VALUES (1,1,'Always',NULL,'Send Scheduled Mailings','Sends out scheduled CiviMail mailings','job','process_mailing',NULL,0),(2,1,'Hourly',NULL,'Fetch Bounces','Fetches bounces from mailings and writes them to mailing statistics','job','fetch_bounces',NULL,0),(3,1,'Hourly',NULL,'Process Inbound Emails','Inserts activity for a contact or a case by retrieving inbound emails from a mail directory','job','fetch_activities',NULL,0),(4,1,'Daily',NULL,'Process Pledges','Updates pledge records and sends out reminders','job','process_pledge','send_reminders=[1 or 0] optional- 1 to send payment reminders',0),(5,1,'Daily',NULL,'Geocode and Parse Addresses','Retrieves geocodes (lat and long) and / or parses street addresses (populates street number, street name, etc.)','job','geocode','geocoding=[1 or 0] required\nparse=[1 or 0] required\nstart=[contact ID] optional-begin with this contact ID\nend=[contact ID] optional-process contacts with IDs less than this\nthrottle=[1 or 0] optional-1 adds five second sleep',0),(6,1,'Daily',NULL,'Update Greetings and Addressees','Goes through contact records and updates email and postal greetings, or addressee value','job','update_greeting','ct=[Individual or Household or Organization] required\ngt=[email_greeting or postal_greeting or addressee] required\nforce=[0 or 1] optional-0 update contacts with null value, 1 update all',0),(7,1,'Daily',NULL,'Mail Reports','Generates and sends out reports via email','job','mail_report','instanceId=[ID of report instance] required\nformat=[csv or print] optional-output CSV or print-friendly HTML, else PDF',0),(8,1,'Daily',NULL,'Send Scheduled Reminders','Sends out scheduled reminders via email','job','send_reminder',NULL,0),(9,1,'Always',NULL,'Update Participant Statuses','Updates pending event participant statuses based on time','job','process_participant',NULL,0),(10,1,'Daily',NULL,'Update Membership Statuses','Updates membership statuses. WARNING: Membership renewal reminders have been migrated to the Schedule Reminders functionality, which supports multiple renewal reminders.','job','process_membership',NULL,0),(11,1,'Always',NULL,'Process Survey Respondents','Releases reserved survey respondents when they have been reserved for longer than the Release Frequency days specified for that survey.','job','process_respondent',NULL,0),(12,1,'Hourly',NULL,'Clean-up Temporary Data and Files','Removes temporary data and files, and clears old data from cache tables. Recommend running this job every hour to help prevent database and file system bloat.','job','cleanup',NULL,0),(13,1,'Always',NULL,'Send Scheduled SMS','Sends out scheduled SMS','job','process_sms',NULL,0),(14,1,'Always',NULL,'Rebuild Smart Group Cache','Rebuilds the smart group cache.','job','group_rebuild','limit=Number optional-Limit the number of smart groups rebuild',0),(15,1,'Daily',NULL,'Disable expired relationships','Disables relationships that have expired (ie. those relationships whose end date is in the past).','job','disable_expired_relationships',NULL,0),(16,1,'Daily',NULL,'Validate Email Address from Mailings.','Updates the reset_date on an email address to indicate that there was a valid delivery to this email address.','mailing','update_email_resetdate','minDays, maxDays=Consider mailings that have completed between minDays and maxDays',0);
/*!40000 ALTER TABLE `civicrm_job` ENABLE KEYS */;
UNLOCK TABLES;

--
-- Dumping data for table `civicrm_job_log`
--

LOCK TABLES `civicrm_job_log` WRITE;
/*!40000 ALTER TABLE `civicrm_job_log` DISABLE KEYS */;
/*!40000 ALTER TABLE `civicrm_job_log` ENABLE KEYS */;
UNLOCK TABLES;

--
-- Dumping data for table `civicrm_line_item`
--

LOCK TABLES `civicrm_line_item` WRITE;
/*!40000 ALTER TABLE `civicrm_line_item` DISABLE KEYS */;
INSERT INTO `civicrm_line_item` (`id`, `entity_table`, `entity_id`, `price_field_id`, `label`, `qty`, `unit_price`, `line_total`, `participant_count`, `price_field_value_id`, `financial_type_id`, `deductible_amount`) VALUES (1,'civicrm_contribution',1,1,'Contribution Amount',1,'125.00','125.00',0,1,1,'0.00'),(2,'civicrm_contribution',2,1,'Contribution Amount',1,'50.00','50.00',0,1,1,'0.00'),(3,'civicrm_contribution',3,1,'Contribution Amount',1,'25.00','25.00',0,1,1,'0.00'),(4,'civicrm_contribution',4,1,'Contribution Amount',1,'50.00','50.00',0,1,1,'0.00'),(5,'civicrm_contribution',5,1,'Contribution Amount',1,'500.00','500.00',0,1,1,'0.00'),(6,'civicrm_contribution',6,1,'Contribution Amount',1,'175.00','175.00',0,1,1,'0.00'),(7,'civicrm_contribution',7,1,'Contribution Amount',1,'50.00','50.00',0,1,1,'0.00'),(8,'civicrm_contribution',8,1,'Contribution Amount',1,'10.00','10.00',0,1,1,'0.00'),(9,'civicrm_contribution',9,1,'Contribution Amount',1,'250.00','250.00',0,1,1,'0.00'),(10,'civicrm_contribution',10,1,'Contribution Amount',1,'500.00','500.00',0,1,1,'0.00'),(11,'civicrm_contribution',11,1,'Contribution Amount',1,'200.00','200.00',0,1,1,'0.00'),(12,'civicrm_contribution',12,1,'Contribution Amount',1,'200.00','200.00',0,1,1,'0.00'),(13,'civicrm_contribution',13,1,'Contribution Amount',1,'200.00','200.00',0,1,1,'0.00'),(16,'civicrm_contribution',14,4,'General',1,'100.00','100.00',NULL,7,2,'0.00'),(17,'civicrm_contribution',16,4,'General',1,'100.00','100.00',NULL,7,2,'0.00'),(18,'civicrm_contribution',18,4,'General',1,'100.00','100.00',NULL,7,2,'0.00'),(19,'civicrm_contribution',20,4,'General',1,'100.00','100.00',NULL,7,2,'0.00'),(20,'civicrm_contribution',22,4,'General',1,'100.00','100.00',NULL,7,2,'0.00'),(21,'civicrm_contribution',23,4,'General',1,'100.00','100.00',NULL,7,2,'0.00'),(22,'civicrm_contribution',26,4,'General',1,'100.00','100.00',NULL,7,2,'0.00'),(23,'civicrm_contribution',28,4,'General',1,'100.00','100.00',NULL,7,2,'0.00'),(24,'civicrm_contribution',30,4,'General',1,'100.00','100.00',NULL,7,2,'0.00'),(25,'civicrm_contribution',32,4,'General',1,'100.00','100.00',NULL,7,2,'0.00'),(26,'civicrm_contribution',33,4,'General',1,'100.00','100.00',NULL,7,2,'0.00'),(27,'civicrm_contribution',34,4,'General',1,'100.00','100.00',NULL,7,2,'0.00'),(28,'civicrm_contribution',36,4,'General',1,'100.00','100.00',NULL,7,2,'0.00'),(29,'civicrm_contribution',40,4,'General',1,'100.00','100.00',NULL,7,2,'0.00'),(30,'civicrm_contribution',42,4,'General',1,'100.00','100.00',NULL,7,2,'0.00'),(31,'civicrm_contribution',43,4,'General',1,'100.00','100.00',NULL,7,2,'0.00'),(32,'civicrm_contribution',15,4,'Student',1,'50.00','50.00',NULL,8,2,'0.00'),(33,'civicrm_contribution',17,4,'Student',1,'50.00','50.00',NULL,8,2,'0.00'),(34,'civicrm_contribution',19,4,'Student',1,'50.00','50.00',NULL,8,2,'0.00'),(35,'civicrm_contribution',21,4,'Student',1,'50.00','50.00',NULL,8,2,'0.00'),(36,'civicrm_contribution',25,4,'Student',1,'50.00','50.00',NULL,8,2,'0.00'),(37,'civicrm_contribution',27,4,'Student',1,'50.00','50.00',NULL,8,2,'0.00'),(38,'civicrm_contribution',29,4,'Student',1,'50.00','50.00',NULL,8,2,'0.00'),(39,'civicrm_contribution',31,4,'Student',1,'50.00','50.00',NULL,8,2,'0.00'),(40,'civicrm_contribution',37,4,'Student',1,'50.00','50.00',NULL,8,2,'0.00'),(41,'civicrm_contribution',38,4,'Student',1,'50.00','50.00',NULL,8,2,'0.00'),(42,'civicrm_contribution',39,4,'Student',1,'50.00','50.00',NULL,8,2,'0.00'),(43,'civicrm_contribution',41,4,'Student',1,'50.00','50.00',NULL,8,2,'0.00'),(44,'civicrm_contribution',24,4,'Lifetime',1,'1200.00','1200.00',NULL,9,2,'0.00'),(45,'civicrm_contribution',35,4,'Lifetime',1,'1200.00','1200.00',NULL,9,2,'0.00'),(47,'civicrm_participant',3,7,'Tiny-tots (ages 5-8)',1,'800.00','800.00',0,13,4,'0.00'),(48,'civicrm_participant',6,7,'Tiny-tots (ages 5-8)',1,'800.00','800.00',0,13,4,'0.00'),(49,'civicrm_participant',9,7,'Tiny-tots (ages 5-8)',1,'800.00','800.00',0,13,4,'0.00'),(50,'civicrm_participant',12,7,'Tiny-tots (ages 5-8)',1,'800.00','800.00',0,13,4,'0.00'),(51,'civicrm_participant',15,7,'Tiny-tots (ages 5-8)',1,'800.00','800.00',0,13,4,'0.00'),(52,'civicrm_participant',18,7,'Tiny-tots (ages 5-8)',1,'800.00','800.00',0,13,4,'0.00'),(53,'civicrm_participant',21,7,'Tiny-tots (ages 5-8)',1,'800.00','800.00',0,13,4,'0.00'),(54,'civicrm_participant',24,7,'Tiny-tots (ages 5-8)',1,'800.00','800.00',0,13,4,'0.00'),(55,'civicrm_participant',25,7,'Tiny-tots (ages 5-8)',1,'800.00','800.00',0,13,4,'0.00'),(56,'civicrm_participant',28,7,'Tiny-tots (ages 5-8)',1,'800.00','800.00',0,13,4,'0.00'),(57,'civicrm_participant',31,7,'Tiny-tots (ages 5-8)',1,'800.00','800.00',0,13,4,'0.00'),(58,'civicrm_participant',34,7,'Tiny-tots (ages 5-8)',1,'800.00','800.00',0,13,4,'0.00'),(59,'civicrm_participant',37,7,'Tiny-tots (ages 5-8)',1,'800.00','800.00',0,13,4,'0.00'),(60,'civicrm_participant',40,7,'Tiny-tots (ages 5-8)',1,'800.00','800.00',0,13,4,'0.00'),(61,'civicrm_participant',43,7,'Tiny-tots (ages 5-8)',1,'800.00','800.00',0,13,4,'0.00'),(62,'civicrm_participant',46,7,'Tiny-tots (ages 5-8)',1,'800.00','800.00',0,13,4,'0.00'),(63,'civicrm_participant',49,7,'Tiny-tots (ages 5-8)',1,'800.00','800.00',0,13,4,'0.00'),(64,'civicrm_participant',50,7,'Tiny-tots (ages 5-8)',1,'800.00','800.00',0,13,4,'0.00'),(65,'civicrm_participant',1,8,'Single',1,'50.00','50.00',0,16,4,'0.00'),(66,'civicrm_participant',4,8,'Single',1,'50.00','50.00',0,16,4,'0.00'),(67,'civicrm_participant',7,8,'Single',1,'50.00','50.00',0,16,4,'0.00'),(68,'civicrm_participant',10,8,'Single',1,'50.00','50.00',0,16,4,'0.00'),(69,'civicrm_participant',13,8,'Single',1,'50.00','50.00',0,16,4,'0.00'),(70,'civicrm_participant',16,8,'Single',1,'50.00','50.00',0,16,4,'0.00'),(71,'civicrm_participant',19,8,'Single',1,'50.00','50.00',0,16,4,'0.00'),(72,'civicrm_participant',22,8,'Single',1,'50.00','50.00',0,16,4,'0.00'),(73,'civicrm_participant',26,8,'Single',1,'50.00','50.00',0,16,4,'0.00'),(74,'civicrm_participant',29,8,'Single',1,'50.00','50.00',0,16,4,'0.00'),(75,'civicrm_participant',32,8,'Single',1,'50.00','50.00',0,16,4,'0.00'),(76,'civicrm_participant',35,8,'Single',1,'50.00','50.00',0,16,4,'0.00'),(77,'civicrm_participant',38,8,'Single',1,'50.00','50.00',0,16,4,'0.00'),(78,'civicrm_participant',41,8,'Single',1,'50.00','50.00',0,16,4,'0.00'),(79,'civicrm_participant',44,8,'Single',1,'50.00','50.00',0,16,4,'0.00'),(80,'civicrm_participant',47,8,'Single',1,'50.00','50.00',0,16,4,'0.00'),(81,'civicrm_participant',2,9,'Soprano',1,'50.00','50.00',0,21,2,'0.00'),(82,'civicrm_participant',5,9,'Soprano',1,'50.00','50.00',0,21,2,'0.00'),(83,'civicrm_participant',8,9,'Soprano',1,'50.00','50.00',0,21,2,'0.00'),(84,'civicrm_participant',11,9,'Soprano',1,'50.00','50.00',0,21,2,'0.00'),(85,'civicrm_participant',14,9,'Soprano',1,'50.00','50.00',0,21,2,'0.00'),(86,'civicrm_participant',17,9,'Soprano',1,'50.00','50.00',0,21,2,'0.00'),(87,'civicrm_participant',20,9,'Soprano',1,'50.00','50.00',0,21,2,'0.00'),(88,'civicrm_participant',23,9,'Soprano',1,'50.00','50.00',0,21,2,'0.00'),(89,'civicrm_participant',27,9,'Soprano',1,'50.00','50.00',0,21,2,'0.00'),(90,'civicrm_participant',30,9,'Soprano',1,'50.00','50.00',0,21,2,'0.00'),(91,'civicrm_participant',33,9,'Soprano',1,'50.00','50.00',0,21,2,'0.00'),(92,'civicrm_participant',36,9,'Soprano',1,'50.00','50.00',0,21,2,'0.00'),(93,'civicrm_participant',39,9,'Soprano',1,'50.00','50.00',0,21,2,'0.00'),(94,'civicrm_participant',42,9,'Soprano',1,'50.00','50.00',0,21,2,'0.00'),(95,'civicrm_participant',45,9,'Soprano',1,'50.00','50.00',0,21,2,'0.00'),(96,'civicrm_participant',48,9,'Soprano',1,'50.00','50.00',0,21,2,'0.00');
/*!40000 ALTER TABLE `civicrm_line_item` ENABLE KEYS */;
UNLOCK TABLES;

--
-- Dumping data for table `civicrm_loc_block`
--

LOCK TABLES `civicrm_loc_block` WRITE;
/*!40000 ALTER TABLE `civicrm_loc_block` DISABLE KEYS */;
INSERT INTO `civicrm_loc_block` (`id`, `address_id`, `email_id`, `phone_id`, `im_id`, `address_2_id`, `email_2_id`, `phone_2_id`, `im_2_id`) VALUES (1,187,187,147,NULL,NULL,NULL,NULL,NULL),(2,188,188,148,NULL,NULL,NULL,NULL,NULL),(3,189,189,149,NULL,NULL,NULL,NULL,NULL);
/*!40000 ALTER TABLE `civicrm_loc_block` ENABLE KEYS */;
UNLOCK TABLES;

--
-- Dumping data for table `civicrm_location_type`
--

LOCK TABLES `civicrm_location_type` WRITE;
/*!40000 ALTER TABLE `civicrm_location_type` DISABLE KEYS */;
INSERT INTO `civicrm_location_type` (`id`, `name`, `display_name`, `vcard_name`, `description`, `is_reserved`, `is_active`, `is_default`) VALUES (1,'Home','Home','HOME','Place of residence',0,1,1),(2,'Work','Work','WORK','Work location',0,1,NULL),(3,'Main','Main',NULL,'Main office location',0,1,NULL),(4,'Other','Other',NULL,'Other location',0,1,NULL),(5,'Billing','Billing',NULL,'Billing Address location',1,1,NULL);
/*!40000 ALTER TABLE `civicrm_location_type` ENABLE KEYS */;
UNLOCK TABLES;

--
-- Dumping data for table `civicrm_log`
--

LOCK TABLES `civicrm_log` WRITE;
/*!40000 ALTER TABLE `civicrm_log` DISABLE KEYS */;
/*!40000 ALTER TABLE `civicrm_log` ENABLE KEYS */;
UNLOCK TABLES;

--
-- Dumping data for table `civicrm_mail_settings`
--

LOCK TABLES `civicrm_mail_settings` WRITE;
/*!40000 ALTER TABLE `civicrm_mail_settings` DISABLE KEYS */;
INSERT INTO `civicrm_mail_settings` (`id`, `domain_id`, `name`, `is_default`, `domain`, `localpart`, `return_path`, `protocol`, `server`, `port`, `username`, `password`, `is_ssl`, `source`) VALUES (1,1,'default',1,'EXAMPLE.ORG',NULL,NULL,NULL,NULL,NULL,NULL,NULL,NULL,NULL);
/*!40000 ALTER TABLE `civicrm_mail_settings` ENABLE KEYS */;
UNLOCK TABLES;

--
-- Dumping data for table `civicrm_mailing`
--

LOCK TABLES `civicrm_mailing` WRITE;
/*!40000 ALTER TABLE `civicrm_mailing` DISABLE KEYS */;
/*!40000 ALTER TABLE `civicrm_mailing` ENABLE KEYS */;
UNLOCK TABLES;

--
-- Dumping data for table `civicrm_mailing_bounce_pattern`
--

LOCK TABLES `civicrm_mailing_bounce_pattern` WRITE;
/*!40000 ALTER TABLE `civicrm_mailing_bounce_pattern` DISABLE KEYS */;
INSERT INTO `civicrm_mailing_bounce_pattern` (`id`, `bounce_type_id`, `pattern`) VALUES (1,1,'Client TOS Notification'),(2,2,'(be|am)? (out of|away from) (the|my)? (office|computer|town)'),(3,2,'i am on vacation'),(4,3,'name(server entry| lookup failure)'),(5,3,'no (mail server|matches to nameserver query|dns entries)'),(6,3,'reverse dns entry'),(7,3,'Host or domain name not found'),(8,4,'(unknown|not local) host'),(9,4,'all hosts have been failing'),(10,4,'allowed rcpthosts'),(11,4,'connection (refused|timed out)'),(12,4,'not connected'),(13,4,'couldn\'t find any host named'),(14,4,'error involving remote host'),(15,4,'host unknown'),(16,4,'invalid host name'),(17,4,'isn\'t in my control/locals file'),(18,4,'local configuration error'),(19,4,'not a gateway'),(20,4,'server is down or unreachable'),(21,4,'too many connections'),(22,4,'unable to connect'),(23,4,'lost connection'),(24,4,'conversation with [^ ]* timed out while'),(25,5,'(my )?e-?mail( address)? has changed'),(26,5,'account (inactive|expired|deactivated)'),(27,5,'account is locked'),(28,5,'changed w+( e-?mail)? address'),(29,5,'deactivated mailbox'),(30,5,'disabled or discontinued'),(31,5,'inactive user'),(32,5,'is inactive on this domain'),(33,5,'mail receiving disabled'),(34,5,'mail( ?)address is administrative?ly disabled'),(35,5,'mailbox (temporarily disabled|currently suspended)'),(36,5,'no longer (accepting mail|on server|in use|with|employed|on staff|works for|using this account)'),(37,5,'not accepting mail'),(38,5,'please use my new e-?mail address'),(39,5,'this address no longer accepts mail'),(40,5,'user account suspended'),(41,6,'(user|recipient( name)?) is not recognized'),(42,6,'554 delivery error'),(43,6,'address does not exist'),(44,6,'address(es)? could not be found'),(45,6,'addressee unknown'),(46,6,'bad destination'),(47,6,'badly formatted address'),(48,6,'can\'t open mailbox for'),(49,6,'cannot deliver'),(50,6,'delivery to the following recipient(s)? failed'),(51,6,'destination addresses were unknown'),(52,6,'did not reach the following recipient'),(53,6,'does not exist'),(54,6,'does not like recipient'),(55,6,'does not specify a valid notes mail file'),(56,6,'illegal alias'),(57,6,'invalid (mailbox|(e-?mail )?address|recipient|final delivery)'),(58,6,'invalid( or unknown)?( virtual)? user'),(59,6,'mail delivery to this user is not allowed'),(60,6,'mailbox (not found|unavailable|name not allowed)'),(61,6,'message could not be forwarded'),(62,6,'missing or malformed local(-| )part'),(63,6,'no e-?mail address registered'),(64,6,'no such (mail drop|mailbox( w+)?|(e-?mail )?address|recipient|(local )?user)( here)?'),(65,6,'no mailbox here by that name'),(66,6,'not (listed in|found in directory|known at this site|our customer)'),(67,6,'not a valid( (user|mailbox))?'),(68,6,'not present in directory entry'),(69,6,'recipient (does not exist|(is )?unknown)'),(70,6,'this user doesn\'t have a yahoo.com address'),(71,6,'unavailable to take delivery of the message'),(72,6,'unavailable mailbox'),(73,6,'unknown (local( |-)part|recipient)'),(74,6,'unknown( or illegal)? user( account)?'),(75,6,'unrecognized recipient'),(76,6,'unregistered address'),(77,6,'user (unknown|does not exist)'),(78,6,'user doesn\'t have an? w+ account'),(79,6,'user(\'s e-?mail name is)? not found'),(80,6,'^Validation failed for:'),(81,7,'(mail|routing) loop'),(82,7,'excessive recursion'),(83,7,'loop detected'),(84,7,'maximum hop count exceeded'),(85,7,'message was forwarded more than the maximum allowed times'),(86,7,'too many hops'),(87,8,'(disk|over the allowed|exceed(ed|s)?|storage) quota'),(88,8,'522_mailbox_full'),(89,8,'exceeds allowed message count'),(90,8,'file too large'),(91,8,'full mailbox'),(92,8,'mailbox ((for user w+ )?is )?full'),(93,8,'mailbox has exceeded the limit'),(94,8,'mailbox( exceeds allowed)? size'),(95,8,'no space left for this user'),(96,8,'over\\s?quota'),(97,8,'quota (for the mailbox )?has been exceeded'),(98,8,'quota (usage|violation|exceeded)'),(99,8,'recipient storage full'),(100,8,'not able to receive more mail'),(101,9,'cannot find your hostname'),(102,9,'ip name lookup'),(103,9,'not configured to relay mail'),(104,9,'relay (not permitted|access denied)'),(105,9,'relayed mail to .+? not allowed'),(106,9,'sender ip must resolve'),(107,9,'unable to relay'),(108,9,'No route to host'),(109,9,'Network is unreachable'),(110,10,'(bulk( e-?mail)|content|attachment blocking|virus|mail system) filters?'),(111,10,'(hostile|questionable|unacceptable) content'),(112,10,'address .+? has not been verified'),(113,10,'anti-?spam (policw+|software)'),(114,10,'anti-?virus gateway has detected'),(115,10,'blacklisted'),(116,10,'blocked message'),(117,10,'content control'),(118,10,'delivery not authorized'),(119,10,'does not conform to our e-?mail policy'),(120,10,'excessive spam content'),(121,10,'message looks suspicious'),(122,10,'open relay'),(123,10,'sender was rejected'),(124,10,'spam(check| reduction software| filters?)'),(125,10,'blocked by a user configured filter'),(126,10,'detected as spam'),(127,10,'X-HmXmrOriginalRecipient'),(128,11,'nonstandard smtp line terminator'),(129,11,'syntax error in from address'),(130,11,'unknown smtp code');
/*!40000 ALTER TABLE `civicrm_mailing_bounce_pattern` ENABLE KEYS */;
UNLOCK TABLES;

--
-- Dumping data for table `civicrm_mailing_bounce_type`
--

LOCK TABLES `civicrm_mailing_bounce_type` WRITE;
/*!40000 ALTER TABLE `civicrm_mailing_bounce_type` DISABLE KEYS */;
INSERT INTO `civicrm_mailing_bounce_type` (`id`, `name`, `description`, `hold_threshold`) VALUES (1,'AOL','AOL Terms of Service complaint',1),(2,'Away','Recipient is on vacation',30),(3,'Dns','Unable to resolve recipient domain',3),(4,'Host','Unable to deliver to destintation mail server',3),(5,'Inactive','User account is no longer active',1),(6,'Invalid','Email address is not valid',1),(7,'Loop','Mail routing error',3),(8,'Quota','User inbox is full',3),(9,'Relay','Unable to reach destination mail server',3),(10,'Spam','Message caught by a content filter',1),(11,'Syntax','Error in SMTP transaction',3);
/*!40000 ALTER TABLE `civicrm_mailing_bounce_type` ENABLE KEYS */;
UNLOCK TABLES;

--
-- Dumping data for table `civicrm_mailing_component`
--

LOCK TABLES `civicrm_mailing_component` WRITE;
/*!40000 ALTER TABLE `civicrm_mailing_component` DISABLE KEYS */;
INSERT INTO `civicrm_mailing_component` (`id`, `name`, `component_type`, `subject`, `body_html`, `body_text`, `is_default`, `is_active`) VALUES (1,'Mailing Header','Header','Descriptive Title for this Header','Sample Header for HTML formatted content.','Sample Header for TEXT formatted content.',1,1),(2,'Mailing Footer','Footer','Descriptive Title for this Footer.','Sample Footer for HTML formatted content<br/><a href=\"{action.optOutUrl}\">Unsubscribe</a>  <br/> {domain.address}','to unsubscribe: {action.optOutUrl}\n{domain.address}',1,1),(3,'Subscribe Message','Subscribe','Subscription Confirmation Request','You have a pending subscription to the {subscribe.group} mailing list. To confirm this subscription, reply to this email or click <a href=\"{subscribe.url}\">here</a>.','You have a pending subscription to the {subscribe.group} mailing list. To confirm this subscription, reply to this email or click on this link: {subscribe.url}',1,1),(4,'Welcome Message','Welcome','Your Subscription has been Activated','Welcome. Your subscription to the {welcome.group} mailing list has been activated.','Welcome. Your subscription to the {welcome.group} mailing list has been activated.',1,1),(5,'Unsubscribe Message','Unsubscribe','Un-subscribe Confirmation','You have been un-subscribed from the following groups: {unsubscribe.group}. You can re-subscribe by mailing {action.resubscribe} or clicking <a href=\"{action.resubscribeUrl}\">here</a>.','You have been un-subscribed from the following groups: {unsubscribe.group}. You can re-subscribe by mailing {action.resubscribe} or clicking ',1,1),(6,'Resubscribe Message','Resubscribe','Re-subscribe Confirmation','You have been re-subscribed to the following groups: {resubscribe.group}. You can un-subscribe by mailing {action.unsubscribe} or clicking <a href=\"{action.unsubscribeUrl}\">here</a>.','You have been re-subscribed to the following groups: {resubscribe.group}. You can un-subscribe by mailing {action.unsubscribe} or clicking {action.unsubscribeUrl}',1,1),(7,'Opt-out Message','OptOut','Opt-out Confirmation','Your email address has been removed from {domain.name} mailing lists.','Your email address has been removed from {domain.name} mailing lists.',1,1),(8,'Auto-responder','Reply','Please Send Inquiries to Our Contact Email Address','This is an automated reply from an un-attended mailbox. Please send any inquiries to the contact email address listed on our web-site.','This is an automated reply from an un-attended mailbox. Please send any inquiries to the contact email address listed on our web-site.',1,1);
/*!40000 ALTER TABLE `civicrm_mailing_component` ENABLE KEYS */;
UNLOCK TABLES;

--
-- Dumping data for table `civicrm_mailing_event_bounce`
--

LOCK TABLES `civicrm_mailing_event_bounce` WRITE;
/*!40000 ALTER TABLE `civicrm_mailing_event_bounce` DISABLE KEYS */;
/*!40000 ALTER TABLE `civicrm_mailing_event_bounce` ENABLE KEYS */;
UNLOCK TABLES;

--
-- Dumping data for table `civicrm_mailing_event_confirm`
--

LOCK TABLES `civicrm_mailing_event_confirm` WRITE;
/*!40000 ALTER TABLE `civicrm_mailing_event_confirm` DISABLE KEYS */;
/*!40000 ALTER TABLE `civicrm_mailing_event_confirm` ENABLE KEYS */;
UNLOCK TABLES;

--
-- Dumping data for table `civicrm_mailing_event_delivered`
--

LOCK TABLES `civicrm_mailing_event_delivered` WRITE;
/*!40000 ALTER TABLE `civicrm_mailing_event_delivered` DISABLE KEYS */;
/*!40000 ALTER TABLE `civicrm_mailing_event_delivered` ENABLE KEYS */;
UNLOCK TABLES;

--
-- Dumping data for table `civicrm_mailing_event_forward`
--

LOCK TABLES `civicrm_mailing_event_forward` WRITE;
/*!40000 ALTER TABLE `civicrm_mailing_event_forward` DISABLE KEYS */;
/*!40000 ALTER TABLE `civicrm_mailing_event_forward` ENABLE KEYS */;
UNLOCK TABLES;

--
-- Dumping data for table `civicrm_mailing_event_opened`
--

LOCK TABLES `civicrm_mailing_event_opened` WRITE;
/*!40000 ALTER TABLE `civicrm_mailing_event_opened` DISABLE KEYS */;
/*!40000 ALTER TABLE `civicrm_mailing_event_opened` ENABLE KEYS */;
UNLOCK TABLES;

--
-- Dumping data for table `civicrm_mailing_event_queue`
--

LOCK TABLES `civicrm_mailing_event_queue` WRITE;
/*!40000 ALTER TABLE `civicrm_mailing_event_queue` DISABLE KEYS */;
/*!40000 ALTER TABLE `civicrm_mailing_event_queue` ENABLE KEYS */;
UNLOCK TABLES;

--
-- Dumping data for table `civicrm_mailing_event_reply`
--

LOCK TABLES `civicrm_mailing_event_reply` WRITE;
/*!40000 ALTER TABLE `civicrm_mailing_event_reply` DISABLE KEYS */;
/*!40000 ALTER TABLE `civicrm_mailing_event_reply` ENABLE KEYS */;
UNLOCK TABLES;

--
-- Dumping data for table `civicrm_mailing_event_subscribe`
--

LOCK TABLES `civicrm_mailing_event_subscribe` WRITE;
/*!40000 ALTER TABLE `civicrm_mailing_event_subscribe` DISABLE KEYS */;
/*!40000 ALTER TABLE `civicrm_mailing_event_subscribe` ENABLE KEYS */;
UNLOCK TABLES;

--
-- Dumping data for table `civicrm_mailing_event_trackable_url_open`
--

LOCK TABLES `civicrm_mailing_event_trackable_url_open` WRITE;
/*!40000 ALTER TABLE `civicrm_mailing_event_trackable_url_open` DISABLE KEYS */;
/*!40000 ALTER TABLE `civicrm_mailing_event_trackable_url_open` ENABLE KEYS */;
UNLOCK TABLES;

--
-- Dumping data for table `civicrm_mailing_event_unsubscribe`
--

LOCK TABLES `civicrm_mailing_event_unsubscribe` WRITE;
/*!40000 ALTER TABLE `civicrm_mailing_event_unsubscribe` DISABLE KEYS */;
/*!40000 ALTER TABLE `civicrm_mailing_event_unsubscribe` ENABLE KEYS */;
UNLOCK TABLES;

--
-- Dumping data for table `civicrm_mailing_group`
--

LOCK TABLES `civicrm_mailing_group` WRITE;
/*!40000 ALTER TABLE `civicrm_mailing_group` DISABLE KEYS */;
/*!40000 ALTER TABLE `civicrm_mailing_group` ENABLE KEYS */;
UNLOCK TABLES;

--
-- Dumping data for table `civicrm_mailing_job`
--

LOCK TABLES `civicrm_mailing_job` WRITE;
/*!40000 ALTER TABLE `civicrm_mailing_job` DISABLE KEYS */;
/*!40000 ALTER TABLE `civicrm_mailing_job` ENABLE KEYS */;
UNLOCK TABLES;

--
-- Dumping data for table `civicrm_mailing_recipients`
--

LOCK TABLES `civicrm_mailing_recipients` WRITE;
/*!40000 ALTER TABLE `civicrm_mailing_recipients` DISABLE KEYS */;
/*!40000 ALTER TABLE `civicrm_mailing_recipients` ENABLE KEYS */;
UNLOCK TABLES;

--
-- Dumping data for table `civicrm_mailing_spool`
--

LOCK TABLES `civicrm_mailing_spool` WRITE;
/*!40000 ALTER TABLE `civicrm_mailing_spool` DISABLE KEYS */;
/*!40000 ALTER TABLE `civicrm_mailing_spool` ENABLE KEYS */;
UNLOCK TABLES;

--
-- Dumping data for table `civicrm_mailing_trackable_url`
--

LOCK TABLES `civicrm_mailing_trackable_url` WRITE;
/*!40000 ALTER TABLE `civicrm_mailing_trackable_url` DISABLE KEYS */;
/*!40000 ALTER TABLE `civicrm_mailing_trackable_url` ENABLE KEYS */;
UNLOCK TABLES;

--
-- Dumping data for table `civicrm_managed`
--

LOCK TABLES `civicrm_managed` WRITE;
/*!40000 ALTER TABLE `civicrm_managed` DISABLE KEYS */;
/*!40000 ALTER TABLE `civicrm_managed` ENABLE KEYS */;
UNLOCK TABLES;

--
-- Dumping data for table `civicrm_mapping`
--

LOCK TABLES `civicrm_mapping` WRITE;
/*!40000 ALTER TABLE `civicrm_mapping` DISABLE KEYS */;
/*!40000 ALTER TABLE `civicrm_mapping` ENABLE KEYS */;
UNLOCK TABLES;

--
-- Dumping data for table `civicrm_mapping_field`
--

LOCK TABLES `civicrm_mapping_field` WRITE;
/*!40000 ALTER TABLE `civicrm_mapping_field` DISABLE KEYS */;
/*!40000 ALTER TABLE `civicrm_mapping_field` ENABLE KEYS */;
UNLOCK TABLES;

--
-- Dumping data for table `civicrm_membership`
--

LOCK TABLES `civicrm_membership` WRITE;
/*!40000 ALTER TABLE `civicrm_membership` DISABLE KEYS */;
INSERT INTO `civicrm_membership` (`id`, `contact_id`, `membership_type_id`, `join_date`, `start_date`, `end_date`, `source`, `status_id`, `is_override`, `owner_membership_id`, `max_related`, `is_test`, `is_pay_later`, `contribution_recur_id`, `campaign_id`) VALUES (1,124,1,'2014-04-30','2014-04-30','2016-04-29','Donation',1,NULL,NULL,NULL,0,0,NULL,NULL),(2,78,2,'2014-04-29','2014-04-29','2015-04-28','Donation',1,NULL,NULL,NULL,0,0,NULL,NULL),(3,31,1,'2014-04-28','2014-04-28','2016-04-27','Check',1,NULL,NULL,NULL,0,0,NULL,NULL),(4,53,2,'2014-04-27','2014-04-27','2015-04-26','Donation',1,NULL,NULL,NULL,0,0,NULL,NULL),(5,142,1,'2012-03-29','2012-03-29','2014-03-28','Payment',3,NULL,NULL,NULL,0,0,NULL,NULL),(6,163,2,'2014-04-25','2014-04-25','2015-04-24','Check',1,NULL,NULL,NULL,0,0,NULL,NULL),(7,67,1,'2014-04-24','2014-04-24','2016-04-23','Check',1,NULL,NULL,NULL,0,0,NULL,NULL),(8,104,2,'2014-04-23','2014-04-23','2015-04-22','Check',1,NULL,NULL,NULL,0,0,NULL,NULL),(9,125,1,'2014-04-22','2014-04-22','2016-04-21','Payment',1,NULL,NULL,NULL,0,0,NULL,NULL),(10,185,1,'2012-02-18','2012-02-18','2014-02-17','Check',3,NULL,NULL,NULL,0,0,NULL,NULL),(11,116,3,'2014-04-20','2014-04-20',NULL,'Donation',1,NULL,NULL,NULL,0,0,NULL,NULL),(12,73,2,'2014-04-19','2014-04-19','2015-04-18','Check',1,NULL,NULL,NULL,0,0,NULL,NULL),(13,107,1,'2014-04-18','2014-04-18','2016-04-17','Payment',1,NULL,NULL,NULL,0,0,NULL,NULL),(14,128,2,'2014-04-17','2014-04-17','2015-04-16','Check',1,NULL,NULL,NULL,0,0,NULL,NULL),(15,184,1,'2012-01-09','2012-01-09','2014-01-08','Donation',3,NULL,NULL,NULL,0,0,NULL,NULL),(16,7,2,'2014-04-15','2014-04-15','2015-04-14','Payment',1,NULL,NULL,NULL,0,0,NULL,NULL),(17,154,1,'2014-04-14','2014-04-14','2016-04-13','Payment',1,NULL,NULL,NULL,0,0,NULL,NULL),(18,136,2,'2014-04-13','2014-04-13','2015-04-12','Donation',1,NULL,NULL,NULL,0,0,NULL,NULL),(19,21,1,'2014-04-12','2014-04-12','2016-04-11','Donation',1,NULL,NULL,NULL,0,0,NULL,NULL),(20,118,1,'2011-11-30','2011-11-30','2013-11-29','Donation',3,NULL,NULL,NULL,0,0,NULL,NULL),(21,150,1,'2014-04-10','2014-04-10','2016-04-09','Check',1,NULL,NULL,NULL,0,0,NULL,NULL),(22,87,3,'2014-04-09','2014-04-09',NULL,'Check',1,NULL,NULL,NULL,0,0,NULL,NULL),(23,101,1,'2014-04-08','2014-04-08','2016-04-07','Payment',1,NULL,NULL,NULL,0,0,NULL,NULL),(24,105,2,'2014-04-07','2014-04-07','2015-04-06','Donation',1,NULL,NULL,NULL,0,0,NULL,NULL),(25,41,2,'2013-04-06','2013-04-06','2014-04-05','Donation',4,NULL,NULL,NULL,0,0,NULL,NULL),(26,70,2,'2014-04-05','2014-04-05','2015-04-04','Check',1,NULL,NULL,NULL,0,0,NULL,NULL),(27,22,1,'2014-04-04','2014-04-04','2016-04-03','Donation',1,NULL,NULL,NULL,0,0,NULL,NULL),(28,132,2,'2014-04-03','2014-04-03','2015-04-02','Check',1,NULL,NULL,NULL,0,0,NULL,NULL),(29,90,1,'2014-04-02','2014-04-02','2016-04-01','Payment',1,NULL,NULL,NULL,0,0,NULL,NULL),(30,133,1,'2011-09-11','2011-09-11','2013-09-10','Check',3,NULL,NULL,NULL,0,0,NULL,NULL);
/*!40000 ALTER TABLE `civicrm_membership` ENABLE KEYS */;
UNLOCK TABLES;

--
-- Dumping data for table `civicrm_membership_block`
--

LOCK TABLES `civicrm_membership_block` WRITE;
/*!40000 ALTER TABLE `civicrm_membership_block` DISABLE KEYS */;
INSERT INTO `civicrm_membership_block` (`id`, `entity_table`, `entity_id`, `membership_types`, `membership_type_default`, `display_min_fee`, `is_separate_payment`, `new_title`, `new_text`, `renewal_title`, `renewal_text`, `is_required`, `is_active`) VALUES (1,'civicrm_contribution_page',2,'a:2:{i:1;i:0;i:2;i:0;}',1,1,0,'Membership Levels','Please select the appropriate membership level below. You will have a chance to review your selection and the corresponding dues on the next page prior to your credit card being charged.','Renew or Upgrade Your Membership','Information on your current membership level and expiration date is shown below. You may renew or upgrade at any time - but don\'t let your membership lapse!',1,1);
/*!40000 ALTER TABLE `civicrm_membership_block` ENABLE KEYS */;
UNLOCK TABLES;

--
-- Dumping data for table `civicrm_membership_log`
--

LOCK TABLES `civicrm_membership_log` WRITE;
/*!40000 ALTER TABLE `civicrm_membership_log` DISABLE KEYS */;
INSERT INTO `civicrm_membership_log` (`id`, `membership_id`, `status_id`, `start_date`, `end_date`, `modified_id`, `modified_date`, `membership_type_id`, `max_related`) VALUES (1,16,1,'2014-04-15','2015-04-14',7,'2014-04-30',2,NULL),(2,19,1,'2014-04-12','2016-04-11',21,'2014-04-30',1,NULL),(3,27,1,'2014-04-04','2016-04-03',22,'2014-04-30',1,NULL),(4,3,1,'2014-04-28','2016-04-27',31,'2014-04-30',1,NULL),(5,25,4,'2013-04-06','2014-04-05',41,'2014-04-30',2,NULL),(6,4,1,'2014-04-27','2015-04-26',53,'2014-04-30',2,NULL),(7,7,1,'2014-04-24','2016-04-23',67,'2014-04-30',1,NULL),(8,26,1,'2014-04-05','2015-04-04',70,'2014-04-30',2,NULL),(9,12,1,'2014-04-19','2015-04-18',73,'2014-04-30',2,NULL),(10,2,1,'2014-04-29','2015-04-28',78,'2014-04-30',2,NULL),(11,22,1,'2014-04-09',NULL,87,'2014-04-30',3,NULL),(12,29,1,'2014-04-02','2016-04-01',90,'2014-04-30',1,NULL),(13,23,1,'2014-04-08','2016-04-07',101,'2014-04-30',1,NULL),(14,8,1,'2014-04-23','2015-04-22',104,'2014-04-30',2,NULL),(15,24,1,'2014-04-07','2015-04-06',105,'2014-04-30',2,NULL),(16,13,1,'2014-04-18','2016-04-17',107,'2014-04-30',1,NULL),(17,11,1,'2014-04-20',NULL,116,'2014-04-30',3,NULL),(18,20,3,'2011-11-30','2013-11-29',118,'2014-04-30',1,NULL),(19,1,1,'2014-04-30','2016-04-29',124,'2014-04-30',1,NULL),(20,9,1,'2014-04-22','2016-04-21',125,'2014-04-30',1,NULL),(21,14,1,'2014-04-17','2015-04-16',128,'2014-04-30',2,NULL),(22,28,1,'2014-04-03','2015-04-02',132,'2014-04-30',2,NULL),(23,30,3,'2011-09-11','2013-09-10',133,'2014-04-30',1,NULL),(24,18,1,'2014-04-13','2015-04-12',136,'2014-04-30',2,NULL),(25,5,3,'2012-03-29','2014-03-28',142,'2014-04-30',1,NULL),(26,21,1,'2014-04-10','2016-04-09',150,'2014-04-30',1,NULL),(27,17,1,'2014-04-14','2016-04-13',154,'2014-04-30',1,NULL),(28,6,1,'2014-04-25','2015-04-24',163,'2014-04-30',2,NULL),(29,15,3,'2012-01-09','2014-01-08',184,'2014-04-30',1,NULL),(30,10,3,'2012-02-18','2014-02-17',185,'2014-04-30',1,NULL);
/*!40000 ALTER TABLE `civicrm_membership_log` ENABLE KEYS */;
UNLOCK TABLES;

--
-- Dumping data for table `civicrm_membership_payment`
--

LOCK TABLES `civicrm_membership_payment` WRITE;
/*!40000 ALTER TABLE `civicrm_membership_payment` DISABLE KEYS */;
INSERT INTO `civicrm_membership_payment` (`id`, `membership_id`, `contribution_id`) VALUES (1,1,14),(2,2,15),(3,3,16),(4,4,17),(5,5,18),(6,6,19),(7,7,20),(8,8,21),(9,9,22),(10,10,23),(11,11,24),(12,12,25),(13,13,26),(14,14,27),(15,15,28),(16,16,29),(17,17,30),(18,18,31),(19,19,32),(20,20,33),(21,21,34),(22,22,35),(23,23,36),(24,24,37),(25,25,38),(26,26,39),(27,27,40),(28,28,41),(29,29,42),(30,30,43);
/*!40000 ALTER TABLE `civicrm_membership_payment` ENABLE KEYS */;
UNLOCK TABLES;

--
-- Dumping data for table `civicrm_membership_status`
--

LOCK TABLES `civicrm_membership_status` WRITE;
/*!40000 ALTER TABLE `civicrm_membership_status` DISABLE KEYS */;
INSERT INTO `civicrm_membership_status` (`id`, `name`, `label`, `start_event`, `start_event_adjust_unit`, `start_event_adjust_interval`, `end_event`, `end_event_adjust_unit`, `end_event_adjust_interval`, `is_current_member`, `is_admin`, `weight`, `is_default`, `is_active`, `is_reserved`) VALUES (1,'New','New','join_date',NULL,NULL,'join_date','month',3,1,0,1,0,1,0),(2,'Current','Current','start_date',NULL,NULL,'end_date',NULL,NULL,1,0,2,1,1,0),(3,'Grace','Grace','end_date',NULL,NULL,'end_date','month',1,1,0,3,0,1,0),(4,'Expired','Expired','end_date','month',1,NULL,NULL,NULL,0,0,4,0,1,0),(5,'Pending','Pending','join_date',NULL,NULL,'join_date',NULL,NULL,0,0,5,0,1,1),(6,'Cancelled','Cancelled','join_date',NULL,NULL,'join_date',NULL,NULL,0,0,6,0,1,0),(7,'Deceased','Deceased',NULL,NULL,NULL,NULL,NULL,NULL,0,1,7,0,1,1);
/*!40000 ALTER TABLE `civicrm_membership_status` ENABLE KEYS */;
UNLOCK TABLES;

--
-- Dumping data for table `civicrm_membership_type`
--

LOCK TABLES `civicrm_membership_type` WRITE;
/*!40000 ALTER TABLE `civicrm_membership_type` DISABLE KEYS */;
INSERT INTO `civicrm_membership_type` (`id`, `domain_id`, `name`, `description`, `member_of_contact_id`, `financial_type_id`, `minimum_fee`, `duration_unit`, `duration_interval`, `period_type`, `fixed_period_start_day`, `fixed_period_rollover_day`, `relationship_type_id`, `relationship_direction`, `max_related`, `visibility`, `weight`, `receipt_text_signup`, `receipt_text_renewal`, `auto_renew`, `is_active`) VALUES (1,1,'General','Regular annual membership.',1,2,'100.00','year',2,'rolling',NULL,NULL,'7','b_a',NULL,'Public',1,NULL,NULL,0,1),(2,1,'Student','Discount membership for full-time students.',1,2,'50.00','year',1,'rolling',NULL,NULL,NULL,NULL,NULL,'Public',2,NULL,NULL,0,1),(3,1,'Lifetime','Lifetime membership.',1,2,'1200.00','lifetime',1,'rolling',NULL,NULL,'7','b_a',NULL,'Admin',3,NULL,NULL,0,1);
/*!40000 ALTER TABLE `civicrm_membership_type` ENABLE KEYS */;
UNLOCK TABLES;

--
-- Dumping data for table `civicrm_menu`
--

LOCK TABLES `civicrm_menu` WRITE;
/*!40000 ALTER TABLE `civicrm_menu` DISABLE KEYS */;
INSERT INTO `civicrm_menu` (`id`, `domain_id`, `path`, `path_arguments`, `title`, `access_callback`, `access_arguments`, `page_callback`, `page_arguments`, `breadcrumb`, `return_url`, `return_url_args`, `component_id`, `is_active`, `is_public`, `is_exposed`, `is_ssl`, `weight`, `type`, `page_type`, `skipBreadcrumb`) VALUES (1,1,'civicrm/activity','action=add&context=standalone','New Activity','a:2:{i:0;s:19:\"CRM_Core_Permission\";i:1;s:9:\"checkMenu\";}','a:2:{i:0;a:1:{i:0;s:14:\"access CiviCRM\";}i:1;s:3:\"and\";}','s:26:\"CRM_Activity_Form_Activity\";','s:14:\"attachUpload=1\";','a:1:{i:0;a:2:{s:5:\"title\";s:7:\"CiviCRM\";s:3:\"url\";s:16:\"/civicrm?reset=1\";}}',NULL,NULL,NULL,NULL,NULL,NULL,0,1,1,0,NULL),(2,1,'civicrm/activity/view',NULL,'View Activity','a:2:{i:0;s:19:\"CRM_Core_Permission\";i:1;s:9:\"checkMenu\";}','a:2:{i:0;a:1:{i:0;s:14:\"access CiviCRM\";}i:1;s:3:\"and\";}','s:30:\"CRM_Activity_Form_ActivityView\";','s:14:\"attachUpload=1\";','a:2:{i:0;a:2:{s:5:\"title\";s:7:\"CiviCRM\";s:3:\"url\";s:16:\"/civicrm?reset=1\";}i:1;a:2:{s:5:\"title\";s:12:\"New Activity\";s:3:\"url\";s:63:\"/civicrm/activity?reset=1&amp;action=add&amp;context=standalone\";}}',NULL,NULL,NULL,NULL,NULL,NULL,0,1,1,0,NULL),(3,1,'civicrm/ajax/activity',NULL,NULL,'a:2:{i:0;s:19:\"CRM_Core_Permission\";i:1;s:9:\"checkMenu\";}','a:2:{i:0;a:1:{i:0;s:14:\"access CiviCRM\";}i:1;s:3:\"and\";}','a:2:{i:0;s:22:\"CRM_Activity_Page_AJAX\";i:1;s:15:\"getCaseActivity\";}',NULL,'a:1:{i:0;a:2:{s:5:\"title\";s:7:\"CiviCRM\";s:3:\"url\";s:16:\"/civicrm?reset=1\";}}',NULL,NULL,NULL,NULL,NULL,NULL,0,1,1,0,NULL),(4,1,'civicrm/ajax/globalrelationships',NULL,NULL,'a:2:{i:0;s:19:\"CRM_Core_Permission\";i:1;s:9:\"checkMenu\";}','a:2:{i:0;a:1:{i:0;s:14:\"access CiviCRM\";}i:1;s:3:\"and\";}','a:2:{i:0;s:22:\"CRM_Activity_Page_AJAX\";i:1;s:26:\"getCaseGlobalRelationships\";}',NULL,'a:1:{i:0;a:2:{s:5:\"title\";s:7:\"CiviCRM\";s:3:\"url\";s:16:\"/civicrm?reset=1\";}}',NULL,NULL,NULL,NULL,NULL,NULL,0,1,1,0,NULL),(5,1,'civicrm/ajax/clientrelationships',NULL,NULL,'a:2:{i:0;s:19:\"CRM_Core_Permission\";i:1;s:9:\"checkMenu\";}','a:2:{i:0;a:1:{i:0;s:14:\"access CiviCRM\";}i:1;s:3:\"and\";}','a:2:{i:0;s:22:\"CRM_Activity_Page_AJAX\";i:1;s:26:\"getCaseClientRelationships\";}',NULL,'a:1:{i:0;a:2:{s:5:\"title\";s:7:\"CiviCRM\";s:3:\"url\";s:16:\"/civicrm?reset=1\";}}',NULL,NULL,NULL,NULL,NULL,NULL,0,1,1,0,NULL),(6,1,'civicrm/ajax/caseroles',NULL,NULL,'a:2:{i:0;s:19:\"CRM_Core_Permission\";i:1;s:9:\"checkMenu\";}','a:2:{i:0;a:1:{i:0;s:14:\"access CiviCRM\";}i:1;s:3:\"and\";}','a:2:{i:0;s:22:\"CRM_Activity_Page_AJAX\";i:1;s:12:\"getCaseRoles\";}',NULL,'a:1:{i:0;a:2:{s:5:\"title\";s:7:\"CiviCRM\";s:3:\"url\";s:16:\"/civicrm?reset=1\";}}',NULL,NULL,NULL,NULL,NULL,NULL,0,1,1,0,NULL),(7,1,'civicrm/ajax/contactactivity',NULL,NULL,'a:2:{i:0;s:19:\"CRM_Core_Permission\";i:1;s:9:\"checkMenu\";}','a:2:{i:0;a:1:{i:0;s:14:\"access CiviCRM\";}i:1;s:3:\"and\";}','a:2:{i:0;s:22:\"CRM_Activity_Page_AJAX\";i:1;s:18:\"getContactActivity\";}',NULL,'a:1:{i:0;a:2:{s:5:\"title\";s:7:\"CiviCRM\";s:3:\"url\";s:16:\"/civicrm?reset=1\";}}',NULL,NULL,NULL,NULL,NULL,NULL,0,1,1,0,NULL),(8,1,'civicrm/ajax/activity/convert',NULL,NULL,'a:2:{i:0;s:19:\"CRM_Core_Permission\";i:1;s:9:\"checkMenu\";}','a:2:{i:0;a:1:{i:0;s:14:\"access CiviCRM\";}i:1;s:3:\"and\";}','a:2:{i:0;s:22:\"CRM_Activity_Page_AJAX\";i:1;s:21:\"convertToCaseActivity\";}',NULL,'a:1:{i:0;a:2:{s:5:\"title\";s:7:\"CiviCRM\";s:3:\"url\";s:16:\"/civicrm?reset=1\";}}',NULL,NULL,NULL,NULL,NULL,NULL,0,1,1,3,NULL),(9,1,'civicrm/activity/search',NULL,'Find Activities','a:2:{i:0;s:19:\"CRM_Core_Permission\";i:1;s:9:\"checkMenu\";}','a:2:{i:0;a:1:{i:0;s:14:\"access CiviCRM\";}i:1;s:3:\"and\";}','s:30:\"CRM_Activity_Controller_Search\";','s:14:\"attachUpload=1\";','a:2:{i:0;a:2:{s:5:\"title\";s:7:\"CiviCRM\";s:3:\"url\";s:16:\"/civicrm?reset=1\";}i:1;a:2:{s:5:\"title\";s:12:\"New Activity\";s:3:\"url\";s:63:\"/civicrm/activity?reset=1&amp;action=add&amp;context=standalone\";}}',NULL,NULL,NULL,NULL,NULL,NULL,0,1,1,0,NULL),(10,1,'civicrm/admin/custom/group',NULL,'Custom Data','a:2:{i:0;s:19:\"CRM_Core_Permission\";i:1;s:9:\"checkMenu\";}','a:2:{i:0;a:2:{i:0;s:18:\"administer CiviCRM\";i:1;s:14:\"access CiviCRM\";}i:1;s:3:\"and\";}','s:21:\"CRM_Custom_Page_Group\";',NULL,'a:2:{i:0;a:2:{s:5:\"title\";s:7:\"CiviCRM\";s:3:\"url\";s:16:\"/civicrm?reset=1\";}i:1;a:2:{s:5:\"title\";s:18:\"Administer CiviCRM\";s:3:\"url\";s:22:\"/civicrm/admin?reset=1\";}}',NULL,NULL,NULL,NULL,NULL,NULL,1,10,1,0,NULL),(11,1,'civicrm/admin/custom/group/field',NULL,'Custom Data Fields','a:2:{i:0;s:19:\"CRM_Core_Permission\";i:1;s:9:\"checkMenu\";}','a:2:{i:0;a:2:{i:0;s:18:\"administer CiviCRM\";i:1;s:14:\"access CiviCRM\";}i:1;s:3:\"and\";}','s:21:\"CRM_Custom_Page_Field\";',NULL,'a:3:{i:0;a:2:{s:5:\"title\";s:7:\"CiviCRM\";s:3:\"url\";s:16:\"/civicrm?reset=1\";}i:1;a:2:{s:5:\"title\";s:18:\"Administer CiviCRM\";s:3:\"url\";s:22:\"/civicrm/admin?reset=1\";}i:2;a:2:{s:5:\"title\";s:11:\"Custom Data\";s:3:\"url\";s:35:\"/civicrm/admin/custom/group?reset=1\";}}',NULL,NULL,NULL,NULL,NULL,NULL,1,11,1,0,0),(12,1,'civicrm/admin/custom/group/field/option',NULL,'Custom Field - Options','a:2:{i:0;s:19:\"CRM_Core_Permission\";i:1;s:9:\"checkMenu\";}','a:2:{i:0;a:2:{i:0;s:18:\"administer CiviCRM\";i:1;s:14:\"access CiviCRM\";}i:1;s:3:\"and\";}','s:22:\"CRM_Custom_Page_Option\";',NULL,'a:3:{i:0;a:2:{s:5:\"title\";s:7:\"CiviCRM\";s:3:\"url\";s:16:\"/civicrm?reset=1\";}i:1;a:2:{s:5:\"title\";s:18:\"Administer CiviCRM\";s:3:\"url\";s:22:\"/civicrm/admin?reset=1\";}i:2;a:2:{s:5:\"title\";s:11:\"Custom Data\";s:3:\"url\";s:35:\"/civicrm/admin/custom/group?reset=1\";}}',NULL,NULL,NULL,NULL,NULL,NULL,1,1,1,0,NULL),(13,1,'civicrm/admin/custom/group/field/add',NULL,'Custom Field - Add','a:2:{i:0;s:19:\"CRM_Core_Permission\";i:1;s:9:\"checkMenu\";}','a:2:{i:0;a:2:{i:0;s:18:\"administer CiviCRM\";i:1;s:14:\"access CiviCRM\";}i:1;s:3:\"and\";}','s:21:\"CRM_Custom_Form_Field\";',NULL,'a:3:{i:0;a:2:{s:5:\"title\";s:7:\"CiviCRM\";s:3:\"url\";s:16:\"/civicrm?reset=1\";}i:1;a:2:{s:5:\"title\";s:18:\"Administer CiviCRM\";s:3:\"url\";s:22:\"/civicrm/admin?reset=1\";}i:2;a:2:{s:5:\"title\";s:11:\"Custom Data\";s:3:\"url\";s:35:\"/civicrm/admin/custom/group?reset=1\";}}',NULL,NULL,NULL,NULL,NULL,NULL,1,1,1,0,NULL),(14,1,'civicrm/admin/custom/group/field/update',NULL,'Custom Field - Edit','a:2:{i:0;s:19:\"CRM_Core_Permission\";i:1;s:9:\"checkMenu\";}','a:2:{i:0;a:2:{i:0;s:18:\"administer CiviCRM\";i:1;s:14:\"access CiviCRM\";}i:1;s:3:\"and\";}','s:21:\"CRM_Custom_Form_Field\";',NULL,'a:3:{i:0;a:2:{s:5:\"title\";s:7:\"CiviCRM\";s:3:\"url\";s:16:\"/civicrm?reset=1\";}i:1;a:2:{s:5:\"title\";s:18:\"Administer CiviCRM\";s:3:\"url\";s:22:\"/civicrm/admin?reset=1\";}i:2;a:2:{s:5:\"title\";s:11:\"Custom Data\";s:3:\"url\";s:35:\"/civicrm/admin/custom/group?reset=1\";}}',NULL,NULL,NULL,NULL,NULL,NULL,1,1,1,0,NULL),(15,1,'civicrm/admin/custom/group/field/move',NULL,'Custom Field - Move','a:2:{i:0;s:19:\"CRM_Core_Permission\";i:1;s:9:\"checkMenu\";}','a:2:{i:0;a:2:{i:0;s:18:\"administer CiviCRM\";i:1;s:14:\"access CiviCRM\";}i:1;s:3:\"and\";}','s:25:\"CRM_Custom_Form_MoveField\";',NULL,'a:3:{i:0;a:2:{s:5:\"title\";s:7:\"CiviCRM\";s:3:\"url\";s:16:\"/civicrm?reset=1\";}i:1;a:2:{s:5:\"title\";s:18:\"Administer CiviCRM\";s:3:\"url\";s:22:\"/civicrm/admin?reset=1\";}i:2;a:2:{s:5:\"title\";s:11:\"Custom Data\";s:3:\"url\";s:35:\"/civicrm/admin/custom/group?reset=1\";}}',NULL,NULL,NULL,NULL,NULL,NULL,1,1,1,0,NULL),(16,1,'civicrm/admin/custom/group/field/changetype',NULL,'Custom Field - Change Type','a:2:{i:0;s:19:\"CRM_Core_Permission\";i:1;s:9:\"checkMenu\";}','a:2:{i:0;a:2:{i:0;s:18:\"administer CiviCRM\";i:1;s:14:\"access CiviCRM\";}i:1;s:3:\"and\";}','s:31:\"CRM_Custom_Form_ChangeFieldType\";',NULL,'a:3:{i:0;a:2:{s:5:\"title\";s:7:\"CiviCRM\";s:3:\"url\";s:16:\"/civicrm?reset=1\";}i:1;a:2:{s:5:\"title\";s:18:\"Administer CiviCRM\";s:3:\"url\";s:22:\"/civicrm/admin?reset=1\";}i:2;a:2:{s:5:\"title\";s:11:\"Custom Data\";s:3:\"url\";s:35:\"/civicrm/admin/custom/group?reset=1\";}}',NULL,NULL,NULL,NULL,NULL,NULL,1,1,1,0,NULL),(17,1,'civicrm/admin/uf/group',NULL,'Profiles','a:2:{i:0;s:19:\"CRM_Core_Permission\";i:1;s:9:\"checkMenu\";}','a:2:{i:0;a:2:{i:0;s:18:\"administer CiviCRM\";i:1;s:14:\"access CiviCRM\";}i:1;s:3:\"and\";}','s:17:\"CRM_UF_Page_Group\";',NULL,'a:2:{i:0;a:2:{s:5:\"title\";s:7:\"CiviCRM\";s:3:\"url\";s:16:\"/civicrm?reset=1\";}i:1;a:2:{s:5:\"title\";s:18:\"Administer CiviCRM\";s:3:\"url\";s:22:\"/civicrm/admin?reset=1\";}}',NULL,NULL,NULL,NULL,NULL,NULL,1,20,1,0,NULL),(18,1,'civicrm/admin/uf/group/field',NULL,'CiviCRM Profile Fields','a:2:{i:0;s:19:\"CRM_Core_Permission\";i:1;s:9:\"checkMenu\";}','a:2:{i:0;a:2:{i:0;s:18:\"administer CiviCRM\";i:1;s:14:\"access CiviCRM\";}i:1;s:3:\"and\";}','s:17:\"CRM_UF_Page_Field\";',NULL,'a:3:{i:0;a:2:{s:5:\"title\";s:7:\"CiviCRM\";s:3:\"url\";s:16:\"/civicrm?reset=1\";}i:1;a:2:{s:5:\"title\";s:18:\"Administer CiviCRM\";s:3:\"url\";s:22:\"/civicrm/admin?reset=1\";}i:2;a:2:{s:5:\"title\";s:8:\"Profiles\";s:3:\"url\";s:31:\"/civicrm/admin/uf/group?reset=1\";}}',NULL,NULL,NULL,NULL,NULL,NULL,1,21,1,0,0),(19,1,'civicrm/admin/uf/group/field/add',NULL,'Add Field','a:2:{i:0;s:19:\"CRM_Core_Permission\";i:1;s:9:\"checkMenu\";}','a:2:{i:0;a:2:{i:0;s:18:\"administer CiviCRM\";i:1;s:14:\"access CiviCRM\";}i:1;s:3:\"and\";}','s:17:\"CRM_UF_Form_Field\";',NULL,'a:3:{i:0;a:2:{s:5:\"title\";s:7:\"CiviCRM\";s:3:\"url\";s:16:\"/civicrm?reset=1\";}i:1;a:2:{s:5:\"title\";s:18:\"Administer CiviCRM\";s:3:\"url\";s:22:\"/civicrm/admin?reset=1\";}i:2;a:2:{s:5:\"title\";s:8:\"Profiles\";s:3:\"url\";s:31:\"/civicrm/admin/uf/group?reset=1\";}}',NULL,NULL,NULL,NULL,NULL,NULL,1,22,1,0,NULL),(20,1,'civicrm/admin/uf/group/field/update',NULL,'Edit Field','a:2:{i:0;s:19:\"CRM_Core_Permission\";i:1;s:9:\"checkMenu\";}','a:2:{i:0;a:2:{i:0;s:18:\"administer CiviCRM\";i:1;s:14:\"access CiviCRM\";}i:1;s:3:\"and\";}','s:17:\"CRM_UF_Form_Field\";',NULL,'a:3:{i:0;a:2:{s:5:\"title\";s:7:\"CiviCRM\";s:3:\"url\";s:16:\"/civicrm?reset=1\";}i:1;a:2:{s:5:\"title\";s:18:\"Administer CiviCRM\";s:3:\"url\";s:22:\"/civicrm/admin?reset=1\";}i:2;a:2:{s:5:\"title\";s:8:\"Profiles\";s:3:\"url\";s:31:\"/civicrm/admin/uf/group?reset=1\";}}',NULL,NULL,NULL,NULL,NULL,NULL,1,23,1,0,NULL),(21,1,'civicrm/admin/uf/group/add',NULL,'New CiviCRM Profile','a:2:{i:0;s:19:\"CRM_Core_Permission\";i:1;s:9:\"checkMenu\";}','a:2:{i:0;a:2:{i:0;s:18:\"administer CiviCRM\";i:1;s:14:\"access CiviCRM\";}i:1;s:3:\"and\";}','s:17:\"CRM_UF_Form_Group\";',NULL,'a:3:{i:0;a:2:{s:5:\"title\";s:7:\"CiviCRM\";s:3:\"url\";s:16:\"/civicrm?reset=1\";}i:1;a:2:{s:5:\"title\";s:18:\"Administer CiviCRM\";s:3:\"url\";s:22:\"/civicrm/admin?reset=1\";}i:2;a:2:{s:5:\"title\";s:8:\"Profiles\";s:3:\"url\";s:31:\"/civicrm/admin/uf/group?reset=1\";}}',NULL,NULL,NULL,NULL,NULL,NULL,1,24,1,0,NULL),(22,1,'civicrm/admin/uf/group/update',NULL,'Profile Settings','a:2:{i:0;s:19:\"CRM_Core_Permission\";i:1;s:9:\"checkMenu\";}','a:2:{i:0;a:2:{i:0;s:18:\"administer CiviCRM\";i:1;s:14:\"access CiviCRM\";}i:1;s:3:\"and\";}','s:17:\"CRM_UF_Form_Group\";',NULL,'a:3:{i:0;a:2:{s:5:\"title\";s:7:\"CiviCRM\";s:3:\"url\";s:16:\"/civicrm?reset=1\";}i:1;a:2:{s:5:\"title\";s:18:\"Administer CiviCRM\";s:3:\"url\";s:22:\"/civicrm/admin?reset=1\";}i:2;a:2:{s:5:\"title\";s:8:\"Profiles\";s:3:\"url\";s:31:\"/civicrm/admin/uf/group?reset=1\";}}',NULL,NULL,NULL,NULL,NULL,NULL,1,25,1,0,NULL),(23,1,'civicrm/admin/uf/group/setting',NULL,'AdditionalInfo Form','a:2:{i:0;s:19:\"CRM_Core_Permission\";i:1;s:9:\"checkMenu\";}','a:2:{i:0;a:2:{i:0;s:18:\"administer CiviCRM\";i:1;s:14:\"access CiviCRM\";}i:1;s:3:\"and\";}','s:26:\"CRM_UF_Form_AdvanceSetting\";',NULL,'a:3:{i:0;a:2:{s:5:\"title\";s:7:\"CiviCRM\";s:3:\"url\";s:16:\"/civicrm?reset=1\";}i:1;a:2:{s:5:\"title\";s:18:\"Administer CiviCRM\";s:3:\"url\";s:22:\"/civicrm/admin?reset=1\";}i:2;a:2:{s:5:\"title\";s:8:\"Profiles\";s:3:\"url\";s:31:\"/civicrm/admin/uf/group?reset=1\";}}',NULL,NULL,NULL,NULL,NULL,NULL,1,0,1,0,NULL),(24,1,'civicrm/admin/tag',NULL,'Tags (Categories)','a:2:{i:0;s:19:\"CRM_Core_Permission\";i:1;s:9:\"checkMenu\";}','a:2:{i:0;a:2:{i:0;s:18:\"administer CiviCRM\";i:1;s:14:\"access CiviCRM\";}i:1;s:3:\"and\";}','s:18:\"CRM_Admin_Page_Tag\";',NULL,'a:2:{i:0;a:2:{s:5:\"title\";s:7:\"CiviCRM\";s:3:\"url\";s:16:\"/civicrm?reset=1\";}i:1;a:2:{s:5:\"title\";s:18:\"Administer CiviCRM\";s:3:\"url\";s:22:\"/civicrm/admin?reset=1\";}}',NULL,NULL,NULL,NULL,NULL,NULL,1,25,1,0,NULL),(25,1,'civicrm/admin/tag/add','action=add','New Tag','a:2:{i:0;s:19:\"CRM_Core_Permission\";i:1;s:9:\"checkMenu\";}','a:2:{i:0;a:2:{i:0;s:18:\"administer CiviCRM\";i:1;s:14:\"access CiviCRM\";}i:1;s:3:\"and\";}','s:18:\"CRM_Admin_Page_Tag\";',NULL,'a:3:{i:0;a:2:{s:5:\"title\";s:7:\"CiviCRM\";s:3:\"url\";s:16:\"/civicrm?reset=1\";}i:1;a:2:{s:5:\"title\";s:18:\"Administer CiviCRM\";s:3:\"url\";s:22:\"/civicrm/admin?reset=1\";}i:2;a:2:{s:5:\"title\";s:17:\"Tags (Categories)\";s:3:\"url\";s:26:\"/civicrm/admin/tag?reset=1\";}}',NULL,NULL,NULL,NULL,NULL,NULL,1,1,1,0,NULL),(26,1,'civicrm/admin/options/activity_type',NULL,'Activity Types','a:2:{i:0;s:19:\"CRM_Core_Permission\";i:1;s:9:\"checkMenu\";}','a:2:{i:0;a:2:{i:0;s:18:\"administer CiviCRM\";i:1;s:14:\"access CiviCRM\";}i:1;s:3:\"and\";}','s:22:\"CRM_Admin_Page_Options\";',NULL,'a:3:{i:0;a:2:{s:5:\"title\";s:7:\"CiviCRM\";s:3:\"url\";s:16:\"/civicrm?reset=1\";}i:1;a:2:{s:5:\"title\";s:18:\"Administer CiviCRM\";s:3:\"url\";s:22:\"/civicrm/admin?reset=1\";}i:2;a:2:{s:5:\"title\";s:13:\"Option Groups\";s:3:\"url\";s:30:\"/civicrm/admin/options?reset=1\";}}',NULL,NULL,NULL,NULL,NULL,NULL,1,30,1,0,NULL),(27,1,'civicrm/admin/reltype',NULL,'Relationship Types','a:2:{i:0;s:19:\"CRM_Core_Permission\";i:1;s:9:\"checkMenu\";}','a:2:{i:0;a:2:{i:0;s:18:\"administer CiviCRM\";i:1;s:14:\"access CiviCRM\";}i:1;s:3:\"and\";}','s:31:\"CRM_Admin_Page_RelationshipType\";',NULL,'a:2:{i:0;a:2:{s:5:\"title\";s:7:\"CiviCRM\";s:3:\"url\";s:16:\"/civicrm?reset=1\";}i:1;a:2:{s:5:\"title\";s:18:\"Administer CiviCRM\";s:3:\"url\";s:22:\"/civicrm/admin?reset=1\";}}',NULL,NULL,NULL,NULL,NULL,NULL,1,35,1,0,NULL),(28,1,'civicrm/admin/options/subtype',NULL,'Contact Types','a:2:{i:0;s:19:\"CRM_Core_Permission\";i:1;s:9:\"checkMenu\";}','a:2:{i:0;a:2:{i:0;s:18:\"administer CiviCRM\";i:1;s:14:\"access CiviCRM\";}i:1;s:3:\"and\";}','s:26:\"CRM_Admin_Page_ContactType\";',NULL,'a:3:{i:0;a:2:{s:5:\"title\";s:7:\"CiviCRM\";s:3:\"url\";s:16:\"/civicrm?reset=1\";}i:1;a:2:{s:5:\"title\";s:18:\"Administer CiviCRM\";s:3:\"url\";s:22:\"/civicrm/admin?reset=1\";}i:2;a:2:{s:5:\"title\";s:13:\"Option Groups\";s:3:\"url\";s:30:\"/civicrm/admin/options?reset=1\";}}',NULL,NULL,NULL,NULL,NULL,NULL,1,40,1,0,NULL),(29,1,'civicrm/admin/options/gender',NULL,'Gender Options','a:2:{i:0;s:19:\"CRM_Core_Permission\";i:1;s:9:\"checkMenu\";}','a:2:{i:0;a:2:{i:0;s:18:\"administer CiviCRM\";i:1;s:14:\"access CiviCRM\";}i:1;s:3:\"and\";}','s:22:\"CRM_Admin_Page_Options\";',NULL,'a:3:{i:0;a:2:{s:5:\"title\";s:7:\"CiviCRM\";s:3:\"url\";s:16:\"/civicrm?reset=1\";}i:1;a:2:{s:5:\"title\";s:18:\"Administer CiviCRM\";s:3:\"url\";s:22:\"/civicrm/admin?reset=1\";}i:2;a:2:{s:5:\"title\";s:13:\"Option Groups\";s:3:\"url\";s:30:\"/civicrm/admin/options?reset=1\";}}',NULL,NULL,NULL,NULL,NULL,NULL,1,45,1,0,NULL),(30,1,'civicrm/admin/options/individual_prefix',NULL,'Individual Prefixes (Ms, Mr...)','a:2:{i:0;s:19:\"CRM_Core_Permission\";i:1;s:9:\"checkMenu\";}','a:2:{i:0;a:2:{i:0;s:18:\"administer CiviCRM\";i:1;s:14:\"access CiviCRM\";}i:1;s:3:\"and\";}','s:22:\"CRM_Admin_Page_Options\";',NULL,'a:3:{i:0;a:2:{s:5:\"title\";s:7:\"CiviCRM\";s:3:\"url\";s:16:\"/civicrm?reset=1\";}i:1;a:2:{s:5:\"title\";s:18:\"Administer CiviCRM\";s:3:\"url\";s:22:\"/civicrm/admin?reset=1\";}i:2;a:2:{s:5:\"title\";s:13:\"Option Groups\";s:3:\"url\";s:30:\"/civicrm/admin/options?reset=1\";}}',NULL,NULL,NULL,NULL,NULL,NULL,1,50,1,0,NULL),(31,1,'civicrm/admin/options/individual_suffix',NULL,'Individual Suffixes (Jr, Sr...)','a:2:{i:0;s:19:\"CRM_Core_Permission\";i:1;s:9:\"checkMenu\";}','a:2:{i:0;a:2:{i:0;s:18:\"administer CiviCRM\";i:1;s:14:\"access CiviCRM\";}i:1;s:3:\"and\";}','s:22:\"CRM_Admin_Page_Options\";',NULL,'a:3:{i:0;a:2:{s:5:\"title\";s:7:\"CiviCRM\";s:3:\"url\";s:16:\"/civicrm?reset=1\";}i:1;a:2:{s:5:\"title\";s:18:\"Administer CiviCRM\";s:3:\"url\";s:22:\"/civicrm/admin?reset=1\";}i:2;a:2:{s:5:\"title\";s:13:\"Option Groups\";s:3:\"url\";s:30:\"/civicrm/admin/options?reset=1\";}}',NULL,NULL,NULL,NULL,NULL,NULL,1,55,1,0,NULL),(32,1,'civicrm/admin/locationType',NULL,'Location Types (Home, Work...)','a:2:{i:0;s:19:\"CRM_Core_Permission\";i:1;s:9:\"checkMenu\";}','a:2:{i:0;a:2:{i:0;s:18:\"administer CiviCRM\";i:1;s:14:\"access CiviCRM\";}i:1;s:3:\"and\";}','s:27:\"CRM_Admin_Page_LocationType\";',NULL,'a:2:{i:0;a:2:{s:5:\"title\";s:7:\"CiviCRM\";s:3:\"url\";s:16:\"/civicrm?reset=1\";}i:1;a:2:{s:5:\"title\";s:18:\"Administer CiviCRM\";s:3:\"url\";s:22:\"/civicrm/admin?reset=1\";}}',NULL,NULL,NULL,NULL,NULL,NULL,1,60,1,0,NULL),(33,1,'civicrm/admin/options/website_type',NULL,'Website Types','a:2:{i:0;s:19:\"CRM_Core_Permission\";i:1;s:9:\"checkMenu\";}','a:2:{i:0;a:2:{i:0;s:18:\"administer CiviCRM\";i:1;s:14:\"access CiviCRM\";}i:1;s:3:\"and\";}','s:22:\"CRM_Admin_Page_Options\";',NULL,'a:3:{i:0;a:2:{s:5:\"title\";s:7:\"CiviCRM\";s:3:\"url\";s:16:\"/civicrm?reset=1\";}i:1;a:2:{s:5:\"title\";s:18:\"Administer CiviCRM\";s:3:\"url\";s:22:\"/civicrm/admin?reset=1\";}i:2;a:2:{s:5:\"title\";s:13:\"Option Groups\";s:3:\"url\";s:30:\"/civicrm/admin/options?reset=1\";}}',NULL,NULL,NULL,NULL,NULL,NULL,1,65,1,0,NULL),(34,1,'civicrm/admin/options/instant_messenger_service',NULL,'Instant Messenger Services','a:2:{i:0;s:19:\"CRM_Core_Permission\";i:1;s:9:\"checkMenu\";}','a:2:{i:0;a:2:{i:0;s:18:\"administer CiviCRM\";i:1;s:14:\"access CiviCRM\";}i:1;s:3:\"and\";}','s:22:\"CRM_Admin_Page_Options\";',NULL,'a:3:{i:0;a:2:{s:5:\"title\";s:7:\"CiviCRM\";s:3:\"url\";s:16:\"/civicrm?reset=1\";}i:1;a:2:{s:5:\"title\";s:18:\"Administer CiviCRM\";s:3:\"url\";s:22:\"/civicrm/admin?reset=1\";}i:2;a:2:{s:5:\"title\";s:13:\"Option Groups\";s:3:\"url\";s:30:\"/civicrm/admin/options?reset=1\";}}',NULL,NULL,NULL,NULL,NULL,NULL,1,70,1,0,NULL),(35,1,'civicrm/admin/options/mobile_provider',NULL,'Mobile Phone Providers','a:2:{i:0;s:19:\"CRM_Core_Permission\";i:1;s:9:\"checkMenu\";}','a:2:{i:0;a:2:{i:0;s:18:\"administer CiviCRM\";i:1;s:14:\"access CiviCRM\";}i:1;s:3:\"and\";}','s:22:\"CRM_Admin_Page_Options\";',NULL,'a:3:{i:0;a:2:{s:5:\"title\";s:7:\"CiviCRM\";s:3:\"url\";s:16:\"/civicrm?reset=1\";}i:1;a:2:{s:5:\"title\";s:18:\"Administer CiviCRM\";s:3:\"url\";s:22:\"/civicrm/admin?reset=1\";}i:2;a:2:{s:5:\"title\";s:13:\"Option Groups\";s:3:\"url\";s:30:\"/civicrm/admin/options?reset=1\";}}',NULL,NULL,NULL,NULL,NULL,NULL,1,75,1,0,NULL),(36,1,'civicrm/admin/options/phone_type',NULL,'Phone Type','a:2:{i:0;s:19:\"CRM_Core_Permission\";i:1;s:9:\"checkMenu\";}','a:2:{i:0;a:2:{i:0;s:18:\"administer CiviCRM\";i:1;s:14:\"access CiviCRM\";}i:1;s:3:\"and\";}','s:22:\"CRM_Admin_Page_Options\";',NULL,'a:3:{i:0;a:2:{s:5:\"title\";s:7:\"CiviCRM\";s:3:\"url\";s:16:\"/civicrm?reset=1\";}i:1;a:2:{s:5:\"title\";s:18:\"Administer CiviCRM\";s:3:\"url\";s:22:\"/civicrm/admin?reset=1\";}i:2;a:2:{s:5:\"title\";s:13:\"Option Groups\";s:3:\"url\";s:30:\"/civicrm/admin/options?reset=1\";}}',NULL,NULL,NULL,NULL,NULL,NULL,1,80,1,0,NULL),(37,1,'civicrm/admin/setting/preferences/display',NULL,'Display Preferences','a:2:{i:0;s:19:\"CRM_Core_Permission\";i:1;s:9:\"checkMenu\";}','a:2:{i:0;a:2:{i:0;s:18:\"administer CiviCRM\";i:1;s:14:\"access CiviCRM\";}i:1;s:3:\"and\";}','s:34:\"CRM_Admin_Form_Preferences_Display\";',NULL,'a:2:{i:0;a:2:{s:5:\"title\";s:7:\"CiviCRM\";s:3:\"url\";s:16:\"/civicrm?reset=1\";}i:1;a:2:{s:5:\"title\";s:18:\"Administer CiviCRM\";s:3:\"url\";s:22:\"/civicrm/admin?reset=1\";}}',NULL,NULL,NULL,NULL,NULL,NULL,1,90,1,0,NULL),(38,1,'civicrm/admin/setting/search',NULL,'Search Preferences','a:2:{i:0;s:19:\"CRM_Core_Permission\";i:1;s:9:\"checkMenu\";}','a:2:{i:0;a:2:{i:0;s:18:\"administer CiviCRM\";i:1;s:14:\"access CiviCRM\";}i:1;s:3:\"and\";}','s:29:\"CRM_Admin_Form_Setting_Search\";',NULL,'a:2:{i:0;a:2:{s:5:\"title\";s:7:\"CiviCRM\";s:3:\"url\";s:16:\"/civicrm?reset=1\";}i:1;a:2:{s:5:\"title\";s:18:\"Administer CiviCRM\";s:3:\"url\";s:22:\"/civicrm/admin?reset=1\";}}',NULL,NULL,NULL,NULL,NULL,NULL,1,95,1,0,NULL),(39,1,'civicrm/admin/menu',NULL,'Navigation Menu','a:2:{i:0;s:19:\"CRM_Core_Permission\";i:1;s:9:\"checkMenu\";}','a:2:{i:0;a:2:{i:0;s:18:\"administer CiviCRM\";i:1;s:14:\"access CiviCRM\";}i:1;s:3:\"and\";}','s:25:\"CRM_Admin_Page_Navigation\";',NULL,'a:2:{i:0;a:2:{s:5:\"title\";s:7:\"CiviCRM\";s:3:\"url\";s:16:\"/civicrm?reset=1\";}i:1;a:2:{s:5:\"title\";s:18:\"Administer CiviCRM\";s:3:\"url\";s:22:\"/civicrm/admin?reset=1\";}}',NULL,NULL,NULL,NULL,NULL,NULL,1,100,1,0,NULL),(40,1,'civicrm/admin/options/wordreplacements',NULL,'Word Replacements','a:2:{i:0;s:19:\"CRM_Core_Permission\";i:1;s:9:\"checkMenu\";}','a:2:{i:0;a:2:{i:0;s:18:\"administer CiviCRM\";i:1;s:14:\"access CiviCRM\";}i:1;s:3:\"and\";}','s:31:\"CRM_Admin_Form_WordReplacements\";',NULL,'a:3:{i:0;a:2:{s:5:\"title\";s:7:\"CiviCRM\";s:3:\"url\";s:16:\"/civicrm?reset=1\";}i:1;a:2:{s:5:\"title\";s:18:\"Administer CiviCRM\";s:3:\"url\";s:22:\"/civicrm/admin?reset=1\";}i:2;a:2:{s:5:\"title\";s:13:\"Option Groups\";s:3:\"url\";s:30:\"/civicrm/admin/options?reset=1\";}}',NULL,NULL,NULL,NULL,NULL,NULL,1,105,1,0,NULL),(41,1,'civicrm/admin/options/custom_search',NULL,'Manage Custom Searches','a:2:{i:0;s:19:\"CRM_Core_Permission\";i:1;s:9:\"checkMenu\";}','a:2:{i:0;a:2:{i:0;s:18:\"administer CiviCRM\";i:1;s:14:\"access CiviCRM\";}i:1;s:3:\"and\";}','s:22:\"CRM_Admin_Page_Options\";',NULL,'a:3:{i:0;a:2:{s:5:\"title\";s:7:\"CiviCRM\";s:3:\"url\";s:16:\"/civicrm?reset=1\";}i:1;a:2:{s:5:\"title\";s:18:\"Administer CiviCRM\";s:3:\"url\";s:22:\"/civicrm/admin?reset=1\";}i:2;a:2:{s:5:\"title\";s:13:\"Option Groups\";s:3:\"url\";s:30:\"/civicrm/admin/options?reset=1\";}}',NULL,NULL,NULL,NULL,NULL,NULL,1,110,1,0,NULL),(42,1,'civicrm/admin/domain','action=update','Organization Address and Contact Info','a:2:{i:0;s:19:\"CRM_Core_Permission\";i:1;s:9:\"checkMenu\";}','a:2:{i:0;a:2:{i:0;s:18:\"administer CiviCRM\";i:1;s:14:\"access CiviCRM\";}i:1;s:3:\"and\";}','s:23:\"CRM_Contact_Form_Domain\";',NULL,'a:2:{i:0;a:2:{s:5:\"title\";s:7:\"CiviCRM\";s:3:\"url\";s:16:\"/civicrm?reset=1\";}i:1;a:2:{s:5:\"title\";s:18:\"Administer CiviCRM\";s:3:\"url\";s:22:\"/civicrm/admin?reset=1\";}}',NULL,NULL,NULL,NULL,NULL,NULL,1,10,1,0,NULL),(43,1,'civicrm/admin/options/from_email_address',NULL,'From Email Addresses','a:2:{i:0;s:19:\"CRM_Core_Permission\";i:1;s:9:\"checkMenu\";}','a:2:{i:0;a:2:{i:0;s:18:\"administer CiviCRM\";i:1;s:14:\"access CiviCRM\";}i:1;s:3:\"and\";}','s:22:\"CRM_Admin_Page_Options\";',NULL,'a:3:{i:0;a:2:{s:5:\"title\";s:7:\"CiviCRM\";s:3:\"url\";s:16:\"/civicrm?reset=1\";}i:1;a:2:{s:5:\"title\";s:18:\"Administer CiviCRM\";s:3:\"url\";s:22:\"/civicrm/admin?reset=1\";}i:2;a:2:{s:5:\"title\";s:13:\"Option Groups\";s:3:\"url\";s:30:\"/civicrm/admin/options?reset=1\";}}',NULL,NULL,NULL,NULL,NULL,NULL,1,20,1,0,NULL),(44,1,'civicrm/admin/messageTemplates',NULL,'Message Templates','a:2:{i:0;s:19:\"CRM_Core_Permission\";i:1;s:9:\"checkMenu\";}','a:2:{i:0;a:2:{i:0;s:18:\"administer CiviCRM\";i:1;s:14:\"access CiviCRM\";}i:1;s:3:\"and\";}','s:31:\"CRM_Admin_Page_MessageTemplates\";',NULL,'a:2:{i:0;a:2:{s:5:\"title\";s:7:\"CiviCRM\";s:3:\"url\";s:16:\"/civicrm?reset=1\";}i:1;a:2:{s:5:\"title\";s:18:\"Administer CiviCRM\";s:3:\"url\";s:22:\"/civicrm/admin?reset=1\";}}',NULL,NULL,NULL,NULL,NULL,NULL,1,30,1,0,NULL),(45,1,'civicrm/admin/messageTemplates/add',NULL,'Message Templates','a:2:{i:0;s:19:\"CRM_Core_Permission\";i:1;s:9:\"checkMenu\";}','a:2:{i:0;a:2:{i:0;s:18:\"administer CiviCRM\";i:1;s:14:\"access CiviCRM\";}i:1;s:3:\"and\";}','s:31:\"CRM_Admin_Form_MessageTemplates\";',NULL,'a:3:{i:0;a:2:{s:5:\"title\";s:7:\"CiviCRM\";s:3:\"url\";s:16:\"/civicrm?reset=1\";}i:1;a:2:{s:5:\"title\";s:18:\"Administer CiviCRM\";s:3:\"url\";s:22:\"/civicrm/admin?reset=1\";}i:2;a:2:{s:5:\"title\";s:17:\"Message Templates\";s:3:\"url\";s:39:\"/civicrm/admin/messageTemplates?reset=1\";}}',NULL,NULL,NULL,NULL,NULL,NULL,1,262,1,0,NULL),(46,1,'civicrm/admin/scheduleReminders',NULL,'Schedule Reminders','a:2:{i:0;s:19:\"CRM_Core_Permission\";i:1;s:9:\"checkMenu\";}','a:2:{i:0;a:2:{i:0;s:18:\"administer CiviCRM\";i:1;s:14:\"access CiviCRM\";}i:1;s:3:\"and\";}','s:32:\"CRM_Admin_Page_ScheduleReminders\";',NULL,'a:2:{i:0;a:2:{s:5:\"title\";s:7:\"CiviCRM\";s:3:\"url\";s:16:\"/civicrm?reset=1\";}i:1;a:2:{s:5:\"title\";s:18:\"Administer CiviCRM\";s:3:\"url\";s:22:\"/civicrm/admin?reset=1\";}}',NULL,NULL,NULL,NULL,NULL,NULL,1,40,1,0,NULL),(47,1,'civicrm/admin/weight',NULL,NULL,'a:2:{i:0;s:19:\"CRM_Core_Permission\";i:1;s:9:\"checkMenu\";}','a:2:{i:0;a:2:{i:0;s:18:\"administer CiviCRM\";i:1;s:14:\"access CiviCRM\";}i:1;s:3:\"and\";}','a:2:{i:0;s:16:\"CRM_Utils_Weight\";i:1;s:8:\"fixOrder\";}',NULL,'a:2:{i:0;a:2:{s:5:\"title\";s:7:\"CiviCRM\";s:3:\"url\";s:16:\"/civicrm?reset=1\";}i:1;a:2:{s:5:\"title\";s:18:\"Administer CiviCRM\";s:3:\"url\";s:22:\"/civicrm/admin?reset=1\";}}',NULL,NULL,NULL,NULL,NULL,NULL,1,1,1,0,NULL),(48,1,'civicrm/admin/options/preferred_communication_method',NULL,'Preferred Communication Methods','a:2:{i:0;s:19:\"CRM_Core_Permission\";i:1;s:9:\"checkMenu\";}','a:2:{i:0;a:2:{i:0;s:18:\"administer CiviCRM\";i:1;s:14:\"access CiviCRM\";}i:1;s:3:\"and\";}','s:22:\"CRM_Admin_Page_Options\";',NULL,'a:3:{i:0;a:2:{s:5:\"title\";s:7:\"CiviCRM\";s:3:\"url\";s:16:\"/civicrm?reset=1\";}i:1;a:2:{s:5:\"title\";s:18:\"Administer CiviCRM\";s:3:\"url\";s:22:\"/civicrm/admin?reset=1\";}i:2;a:2:{s:5:\"title\";s:13:\"Option Groups\";s:3:\"url\";s:30:\"/civicrm/admin/options?reset=1\";}}',NULL,NULL,NULL,NULL,NULL,NULL,1,50,1,0,NULL),(49,1,'civicrm/admin/labelFormats',NULL,'Label Formats','a:2:{i:0;s:19:\"CRM_Core_Permission\";i:1;s:9:\"checkMenu\";}','a:2:{i:0;a:2:{i:0;s:18:\"administer CiviCRM\";i:1;s:14:\"access CiviCRM\";}i:1;s:3:\"and\";}','s:27:\"CRM_Admin_Page_LabelFormats\";',NULL,'a:2:{i:0;a:2:{s:5:\"title\";s:7:\"CiviCRM\";s:3:\"url\";s:16:\"/civicrm?reset=1\";}i:1;a:2:{s:5:\"title\";s:18:\"Administer CiviCRM\";s:3:\"url\";s:22:\"/civicrm/admin?reset=1\";}}',NULL,NULL,NULL,NULL,NULL,NULL,1,60,1,0,NULL),(50,1,'civicrm/admin/pdfFormats',NULL,'Print Page (PDF) Formats','a:2:{i:0;s:19:\"CRM_Core_Permission\";i:1;s:9:\"checkMenu\";}','a:2:{i:0;a:2:{i:0;s:18:\"administer CiviCRM\";i:1;s:14:\"access CiviCRM\";}i:1;s:3:\"and\";}','s:25:\"CRM_Admin_Page_PdfFormats\";',NULL,'a:2:{i:0;a:2:{s:5:\"title\";s:7:\"CiviCRM\";s:3:\"url\";s:16:\"/civicrm?reset=1\";}i:1;a:2:{s:5:\"title\";s:18:\"Administer CiviCRM\";s:3:\"url\";s:22:\"/civicrm/admin?reset=1\";}}',NULL,NULL,NULL,NULL,NULL,NULL,1,70,1,0,NULL),(51,1,'civicrm/admin/options/communication_style',NULL,'Communication Style Options','a:2:{i:0;s:19:\"CRM_Core_Permission\";i:1;s:9:\"checkMenu\";}','a:2:{i:0;a:2:{i:0;s:18:\"administer CiviCRM\";i:1;s:14:\"access CiviCRM\";}i:1;s:3:\"and\";}','s:22:\"CRM_Admin_Page_Options\";',NULL,'a:3:{i:0;a:2:{s:5:\"title\";s:7:\"CiviCRM\";s:3:\"url\";s:16:\"/civicrm?reset=1\";}i:1;a:2:{s:5:\"title\";s:18:\"Administer CiviCRM\";s:3:\"url\";s:22:\"/civicrm/admin?reset=1\";}i:2;a:2:{s:5:\"title\";s:13:\"Option Groups\";s:3:\"url\";s:30:\"/civicrm/admin/options?reset=1\";}}',NULL,NULL,NULL,NULL,NULL,NULL,1,75,1,0,NULL),(52,1,'civicrm/admin/options/email_greeting',NULL,'Email Greeting Formats','a:2:{i:0;s:19:\"CRM_Core_Permission\";i:1;s:9:\"checkMenu\";}','a:2:{i:0;a:2:{i:0;s:18:\"administer CiviCRM\";i:1;s:14:\"access CiviCRM\";}i:1;s:3:\"and\";}','s:22:\"CRM_Admin_Page_Options\";',NULL,'a:3:{i:0;a:2:{s:5:\"title\";s:7:\"CiviCRM\";s:3:\"url\";s:16:\"/civicrm?reset=1\";}i:1;a:2:{s:5:\"title\";s:18:\"Administer CiviCRM\";s:3:\"url\";s:22:\"/civicrm/admin?reset=1\";}i:2;a:2:{s:5:\"title\";s:13:\"Option Groups\";s:3:\"url\";s:30:\"/civicrm/admin/options?reset=1\";}}',NULL,NULL,NULL,NULL,NULL,NULL,1,80,1,0,NULL),(53,1,'civicrm/admin/options/postal_greeting',NULL,'Postal Greeting Formats','a:2:{i:0;s:19:\"CRM_Core_Permission\";i:1;s:9:\"checkMenu\";}','a:2:{i:0;a:2:{i:0;s:18:\"administer CiviCRM\";i:1;s:14:\"access CiviCRM\";}i:1;s:3:\"and\";}','s:22:\"CRM_Admin_Page_Options\";',NULL,'a:3:{i:0;a:2:{s:5:\"title\";s:7:\"CiviCRM\";s:3:\"url\";s:16:\"/civicrm?reset=1\";}i:1;a:2:{s:5:\"title\";s:18:\"Administer CiviCRM\";s:3:\"url\";s:22:\"/civicrm/admin?reset=1\";}i:2;a:2:{s:5:\"title\";s:13:\"Option Groups\";s:3:\"url\";s:30:\"/civicrm/admin/options?reset=1\";}}',NULL,NULL,NULL,NULL,NULL,NULL,1,90,1,0,NULL),(54,1,'civicrm/admin/options/addressee',NULL,'Addressee Formats','a:2:{i:0;s:19:\"CRM_Core_Permission\";i:1;s:9:\"checkMenu\";}','a:2:{i:0;a:2:{i:0;s:18:\"administer CiviCRM\";i:1;s:14:\"access CiviCRM\";}i:1;s:3:\"and\";}','s:22:\"CRM_Admin_Page_Options\";',NULL,'a:3:{i:0;a:2:{s:5:\"title\";s:7:\"CiviCRM\";s:3:\"url\";s:16:\"/civicrm?reset=1\";}i:1;a:2:{s:5:\"title\";s:18:\"Administer CiviCRM\";s:3:\"url\";s:22:\"/civicrm/admin?reset=1\";}i:2;a:2:{s:5:\"title\";s:13:\"Option Groups\";s:3:\"url\";s:30:\"/civicrm/admin/options?reset=1\";}}',NULL,NULL,NULL,NULL,NULL,NULL,1,100,1,0,NULL),(55,1,'civicrm/admin/setting/localization',NULL,'Languages, Currency, Location','a:2:{i:0;s:19:\"CRM_Core_Permission\";i:1;s:9:\"checkMenu\";}','a:2:{i:0;a:2:{i:0;s:18:\"administer CiviCRM\";i:1;s:14:\"access CiviCRM\";}i:1;s:3:\"and\";}','s:35:\"CRM_Admin_Form_Setting_Localization\";',NULL,'a:2:{i:0;a:2:{s:5:\"title\";s:7:\"CiviCRM\";s:3:\"url\";s:16:\"/civicrm?reset=1\";}i:1;a:2:{s:5:\"title\";s:18:\"Administer CiviCRM\";s:3:\"url\";s:22:\"/civicrm/admin?reset=1\";}}',NULL,NULL,NULL,NULL,NULL,NULL,1,10,1,0,NULL),(56,1,'civicrm/admin/setting/preferences/address',NULL,'Address Settings','a:2:{i:0;s:19:\"CRM_Core_Permission\";i:1;s:9:\"checkMenu\";}','a:2:{i:0;a:2:{i:0;s:18:\"administer CiviCRM\";i:1;s:14:\"access CiviCRM\";}i:1;s:3:\"and\";}','s:34:\"CRM_Admin_Form_Preferences_Address\";',NULL,'a:2:{i:0;a:2:{s:5:\"title\";s:7:\"CiviCRM\";s:3:\"url\";s:16:\"/civicrm?reset=1\";}i:1;a:2:{s:5:\"title\";s:18:\"Administer CiviCRM\";s:3:\"url\";s:22:\"/civicrm/admin?reset=1\";}}',NULL,NULL,NULL,NULL,NULL,NULL,1,20,1,0,NULL),(57,1,'civicrm/admin/setting/date',NULL,'Date Formats','a:2:{i:0;s:19:\"CRM_Core_Permission\";i:1;s:9:\"checkMenu\";}','a:2:{i:0;a:2:{i:0;s:18:\"administer CiviCRM\";i:1;s:14:\"access CiviCRM\";}i:1;s:3:\"and\";}','s:27:\"CRM_Admin_Form_Setting_Date\";',NULL,'a:2:{i:0;a:2:{s:5:\"title\";s:7:\"CiviCRM\";s:3:\"url\";s:16:\"/civicrm?reset=1\";}i:1;a:2:{s:5:\"title\";s:18:\"Administer CiviCRM\";s:3:\"url\";s:22:\"/civicrm/admin?reset=1\";}}',NULL,NULL,NULL,NULL,NULL,NULL,1,30,1,0,NULL),(58,1,'civicrm/admin/options/languages',NULL,'Preferred Languages','a:2:{i:0;s:19:\"CRM_Core_Permission\";i:1;s:9:\"checkMenu\";}','a:2:{i:0;a:2:{i:0;s:18:\"administer CiviCRM\";i:1;s:14:\"access CiviCRM\";}i:1;s:3:\"and\";}','s:22:\"CRM_Admin_Page_Options\";',NULL,'a:3:{i:0;a:2:{s:5:\"title\";s:7:\"CiviCRM\";s:3:\"url\";s:16:\"/civicrm?reset=1\";}i:1;a:2:{s:5:\"title\";s:18:\"Administer CiviCRM\";s:3:\"url\";s:22:\"/civicrm/admin?reset=1\";}i:2;a:2:{s:5:\"title\";s:13:\"Option Groups\";s:3:\"url\";s:30:\"/civicrm/admin/options?reset=1\";}}',NULL,NULL,NULL,NULL,NULL,NULL,1,40,1,0,NULL),(59,1,'civicrm/admin/access',NULL,'Access Control','a:2:{i:0;s:19:\"CRM_Core_Permission\";i:1;s:9:\"checkMenu\";}','a:2:{i:0;a:2:{i:0;s:18:\"administer CiviCRM\";i:1;s:14:\"access CiviCRM\";}i:1;s:3:\"and\";}','s:21:\"CRM_Admin_Page_Access\";',NULL,'a:2:{i:0;a:2:{s:5:\"title\";s:7:\"CiviCRM\";s:3:\"url\";s:16:\"/civicrm?reset=1\";}i:1;a:2:{s:5:\"title\";s:18:\"Administer CiviCRM\";s:3:\"url\";s:22:\"/civicrm/admin?reset=1\";}}',NULL,NULL,NULL,NULL,NULL,NULL,1,10,1,0,NULL),(60,1,'civicrm/admin/access/wp-permissions',NULL,'WordPress Access Control','a:2:{i:0;s:19:\"CRM_Core_Permission\";i:1;s:9:\"checkMenu\";}','a:2:{i:0;a:2:{i:0;s:18:\"administer CiviCRM\";i:1;s:14:\"access CiviCRM\";}i:1;s:3:\"and\";}','s:34:\"CRM_ACL_Form_WordPress_Permissions\";',NULL,'a:3:{i:0;a:2:{s:5:\"title\";s:7:\"CiviCRM\";s:3:\"url\";s:16:\"/civicrm?reset=1\";}i:1;a:2:{s:5:\"title\";s:18:\"Administer CiviCRM\";s:3:\"url\";s:22:\"/civicrm/admin?reset=1\";}i:2;a:2:{s:5:\"title\";s:14:\"Access Control\";s:3:\"url\";s:29:\"/civicrm/admin/access?reset=1\";}}',NULL,NULL,NULL,NULL,NULL,NULL,1,10,1,0,NULL),(61,1,'civicrm/admin/synchUser',NULL,'Synchronize Users to Contacts','a:2:{i:0;s:19:\"CRM_Core_Permission\";i:1;s:9:\"checkMenu\";}','a:2:{i:0;a:2:{i:0;s:18:\"administer CiviCRM\";i:1;s:14:\"access CiviCRM\";}i:1;s:3:\"and\";}','s:22:\"CRM_Admin_Page_CMSUser\";',NULL,'a:2:{i:0;a:2:{s:5:\"title\";s:7:\"CiviCRM\";s:3:\"url\";s:16:\"/civicrm?reset=1\";}i:1;a:2:{s:5:\"title\";s:18:\"Administer CiviCRM\";s:3:\"url\";s:22:\"/civicrm/admin?reset=1\";}}',NULL,NULL,NULL,NULL,NULL,NULL,1,20,1,0,NULL),(62,1,'civicrm/admin/configtask',NULL,'Configuration Checklist','a:2:{i:0;s:19:\"CRM_Core_Permission\";i:1;s:9:\"checkMenu\";}','a:2:{i:0;a:2:{i:0;s:18:\"administer CiviCRM\";i:1;s:14:\"access CiviCRM\";}i:1;s:3:\"and\";}','s:29:\"CRM_Admin_Page_ConfigTaskList\";',NULL,'a:2:{i:0;a:2:{s:5:\"title\";s:7:\"CiviCRM\";s:3:\"url\";s:16:\"/civicrm?reset=1\";}i:1;a:2:{s:5:\"title\";s:18:\"Administer CiviCRM\";s:3:\"url\";s:22:\"/civicrm/admin?reset=1\";}}','civicrm/admin/configtask',NULL,NULL,NULL,NULL,NULL,1,1,1,0,NULL),(63,1,'civicrm/admin/setting/component',NULL,'Enable CiviCRM Components','a:2:{i:0;s:19:\"CRM_Core_Permission\";i:1;s:9:\"checkMenu\";}','a:2:{i:0;a:2:{i:0;s:18:\"administer CiviCRM\";i:1;s:14:\"access CiviCRM\";}i:1;s:3:\"and\";}','s:32:\"CRM_Admin_Form_Setting_Component\";',NULL,'a:2:{i:0;a:2:{s:5:\"title\";s:7:\"CiviCRM\";s:3:\"url\";s:16:\"/civicrm?reset=1\";}i:1;a:2:{s:5:\"title\";s:18:\"Administer CiviCRM\";s:3:\"url\";s:22:\"/civicrm/admin?reset=1\";}}',NULL,NULL,NULL,NULL,NULL,NULL,1,10,1,0,NULL),(64,1,'civicrm/admin/extensions',NULL,'Manage Extensions','a:2:{i:0;s:19:\"CRM_Core_Permission\";i:1;s:9:\"checkMenu\";}','a:2:{i:0;a:1:{i:0;s:18:\"administer CiviCRM\";}i:1;s:3:\"and\";}','s:25:\"CRM_Admin_Page_Extensions\";',NULL,'a:2:{i:0;a:2:{s:5:\"title\";s:7:\"CiviCRM\";s:3:\"url\";s:16:\"/civicrm?reset=1\";}i:1;a:2:{s:5:\"title\";s:18:\"Administer CiviCRM\";s:3:\"url\";s:22:\"/civicrm/admin?reset=1\";}}',NULL,NULL,NULL,NULL,NULL,NULL,1,120,1,0,NULL),(65,1,'civicrm/admin/extensions/upgrade',NULL,'Database Upgrades','a:2:{i:0;s:19:\"CRM_Core_Permission\";i:1;s:9:\"checkMenu\";}','a:2:{i:0;a:1:{i:0;s:18:\"administer CiviCRM\";}i:1;s:3:\"and\";}','s:32:\"CRM_Admin_Page_ExtensionsUpgrade\";',NULL,'a:3:{i:0;a:2:{s:5:\"title\";s:7:\"CiviCRM\";s:3:\"url\";s:16:\"/civicrm?reset=1\";}i:1;a:2:{s:5:\"title\";s:18:\"Administer CiviCRM\";s:3:\"url\";s:22:\"/civicrm/admin?reset=1\";}i:2;a:2:{s:5:\"title\";s:17:\"Manage Extensions\";s:3:\"url\";s:33:\"/civicrm/admin/extensions?reset=1\";}}',NULL,NULL,NULL,NULL,NULL,NULL,1,1,1,0,NULL),(66,1,'civicrm/admin/setting/smtp',NULL,'Outbound Email Settings','a:2:{i:0;s:19:\"CRM_Core_Permission\";i:1;s:9:\"checkMenu\";}','a:2:{i:0;a:2:{i:0;s:18:\"administer CiviCRM\";i:1;s:14:\"access CiviCRM\";}i:1;s:3:\"and\";}','s:27:\"CRM_Admin_Form_Setting_Smtp\";',NULL,'a:2:{i:0;a:2:{s:5:\"title\";s:7:\"CiviCRM\";s:3:\"url\";s:16:\"/civicrm?reset=1\";}i:1;a:2:{s:5:\"title\";s:18:\"Administer CiviCRM\";s:3:\"url\";s:22:\"/civicrm/admin?reset=1\";}}',NULL,NULL,NULL,NULL,NULL,NULL,1,20,1,0,NULL),(67,1,'civicrm/admin/paymentProcessor',NULL,'Payment Processor','a:2:{i:0;s:19:\"CRM_Core_Permission\";i:1;s:9:\"checkMenu\";}','a:2:{i:0;a:1:{i:0;s:29:\"administer payment processors\";}i:1;s:3:\"and\";}','s:31:\"CRM_Admin_Page_PaymentProcessor\";',NULL,'a:2:{i:0;a:2:{s:5:\"title\";s:7:\"CiviCRM\";s:3:\"url\";s:16:\"/civicrm?reset=1\";}i:1;a:2:{s:5:\"title\";s:18:\"Administer CiviCRM\";s:3:\"url\";s:22:\"/civicrm/admin?reset=1\";}}',NULL,NULL,NULL,NULL,NULL,NULL,1,30,1,0,NULL),(68,1,'civicrm/admin/setting/mapping',NULL,'Mapping and Geocoding','a:2:{i:0;s:19:\"CRM_Core_Permission\";i:1;s:9:\"checkMenu\";}','a:2:{i:0;a:2:{i:0;s:18:\"administer CiviCRM\";i:1;s:14:\"access CiviCRM\";}i:1;s:3:\"and\";}','s:30:\"CRM_Admin_Form_Setting_Mapping\";',NULL,'a:2:{i:0;a:2:{s:5:\"title\";s:7:\"CiviCRM\";s:3:\"url\";s:16:\"/civicrm?reset=1\";}i:1;a:2:{s:5:\"title\";s:18:\"Administer CiviCRM\";s:3:\"url\";s:22:\"/civicrm/admin?reset=1\";}}',NULL,NULL,NULL,NULL,NULL,NULL,1,40,1,0,NULL),(69,1,'civicrm/admin/setting/misc',NULL,'Misc (Undelete, PDFs, Limits, Logging, Captcha, etc.)','a:2:{i:0;s:19:\"CRM_Core_Permission\";i:1;s:9:\"checkMenu\";}','a:2:{i:0;a:2:{i:0;s:18:\"administer CiviCRM\";i:1;s:14:\"access CiviCRM\";}i:1;s:3:\"and\";}','s:36:\"CRM_Admin_Form_Setting_Miscellaneous\";',NULL,'a:2:{i:0;a:2:{s:5:\"title\";s:7:\"CiviCRM\";s:3:\"url\";s:16:\"/civicrm?reset=1\";}i:1;a:2:{s:5:\"title\";s:18:\"Administer CiviCRM\";s:3:\"url\";s:22:\"/civicrm/admin?reset=1\";}}',NULL,NULL,NULL,NULL,NULL,NULL,1,50,1,0,NULL),(70,1,'civicrm/admin/setting/path',NULL,'Directories','a:2:{i:0;s:19:\"CRM_Core_Permission\";i:1;s:9:\"checkMenu\";}','a:2:{i:0;a:2:{i:0;s:18:\"administer CiviCRM\";i:1;s:14:\"access CiviCRM\";}i:1;s:3:\"and\";}','s:27:\"CRM_Admin_Form_Setting_Path\";',NULL,'a:2:{i:0;a:2:{s:5:\"title\";s:7:\"CiviCRM\";s:3:\"url\";s:16:\"/civicrm?reset=1\";}i:1;a:2:{s:5:\"title\";s:18:\"Administer CiviCRM\";s:3:\"url\";s:22:\"/civicrm/admin?reset=1\";}}',NULL,NULL,NULL,NULL,NULL,NULL,1,60,1,0,NULL),(71,1,'civicrm/admin/setting/url',NULL,'Resource URLs','a:2:{i:0;s:19:\"CRM_Core_Permission\";i:1;s:9:\"checkMenu\";}','a:2:{i:0;a:2:{i:0;s:18:\"administer CiviCRM\";i:1;s:14:\"access CiviCRM\";}i:1;s:3:\"and\";}','s:26:\"CRM_Admin_Form_Setting_Url\";',NULL,'a:2:{i:0;a:2:{s:5:\"title\";s:7:\"CiviCRM\";s:3:\"url\";s:16:\"/civicrm?reset=1\";}i:1;a:2:{s:5:\"title\";s:18:\"Administer CiviCRM\";s:3:\"url\";s:22:\"/civicrm/admin?reset=1\";}}',NULL,NULL,NULL,NULL,NULL,NULL,1,70,1,0,NULL),(72,1,'civicrm/admin/setting/updateConfigBackend',NULL,'Cleanup Caches and Update Paths','a:2:{i:0;s:19:\"CRM_Core_Permission\";i:1;s:9:\"checkMenu\";}','a:2:{i:0;a:2:{i:0;s:18:\"administer CiviCRM\";i:1;s:14:\"access CiviCRM\";}i:1;s:3:\"and\";}','s:42:\"CRM_Admin_Form_Setting_UpdateConfigBackend\";',NULL,'a:2:{i:0;a:2:{s:5:\"title\";s:7:\"CiviCRM\";s:3:\"url\";s:16:\"/civicrm?reset=1\";}i:1;a:2:{s:5:\"title\";s:18:\"Administer CiviCRM\";s:3:\"url\";s:22:\"/civicrm/admin?reset=1\";}}',NULL,NULL,NULL,NULL,NULL,NULL,1,80,1,0,NULL),(73,1,'civicrm/admin/setting/uf',NULL,'CMS Database Integration','a:2:{i:0;s:19:\"CRM_Core_Permission\";i:1;s:9:\"checkMenu\";}','a:2:{i:0;a:2:{i:0;s:18:\"administer CiviCRM\";i:1;s:14:\"access CiviCRM\";}i:1;s:3:\"and\";}','s:25:\"CRM_Admin_Form_Setting_UF\";',NULL,'a:2:{i:0;a:2:{s:5:\"title\";s:7:\"CiviCRM\";s:3:\"url\";s:16:\"/civicrm?reset=1\";}i:1;a:2:{s:5:\"title\";s:18:\"Administer CiviCRM\";s:3:\"url\";s:22:\"/civicrm/admin?reset=1\";}}',NULL,NULL,NULL,NULL,NULL,NULL,1,90,1,0,NULL),(74,1,'civicrm/admin/options/safe_file_extension',NULL,'Safe File Extension Options','a:2:{i:0;s:19:\"CRM_Core_Permission\";i:1;s:9:\"checkMenu\";}','a:2:{i:0;a:2:{i:0;s:18:\"administer CiviCRM\";i:1;s:14:\"access CiviCRM\";}i:1;s:3:\"and\";}','s:22:\"CRM_Admin_Page_Options\";',NULL,'a:3:{i:0;a:2:{s:5:\"title\";s:7:\"CiviCRM\";s:3:\"url\";s:16:\"/civicrm?reset=1\";}i:1;a:2:{s:5:\"title\";s:18:\"Administer CiviCRM\";s:3:\"url\";s:22:\"/civicrm/admin?reset=1\";}i:2;a:2:{s:5:\"title\";s:13:\"Option Groups\";s:3:\"url\";s:30:\"/civicrm/admin/options?reset=1\";}}',NULL,NULL,NULL,NULL,NULL,NULL,1,100,1,0,NULL),(75,1,'civicrm/admin/options',NULL,'Option Groups','a:2:{i:0;s:19:\"CRM_Core_Permission\";i:1;s:9:\"checkMenu\";}','a:2:{i:0;a:2:{i:0;s:18:\"administer CiviCRM\";i:1;s:14:\"access CiviCRM\";}i:1;s:3:\"and\";}','s:22:\"CRM_Admin_Page_Options\";',NULL,'a:2:{i:0;a:2:{s:5:\"title\";s:7:\"CiviCRM\";s:3:\"url\";s:16:\"/civicrm?reset=1\";}i:1;a:2:{s:5:\"title\";s:18:\"Administer CiviCRM\";s:3:\"url\";s:22:\"/civicrm/admin?reset=1\";}}',NULL,NULL,NULL,NULL,NULL,NULL,1,105,1,0,NULL),(76,1,'civicrm/admin/mapping',NULL,'Import/Export Mappings','a:2:{i:0;s:19:\"CRM_Core_Permission\";i:1;s:9:\"checkMenu\";}','a:2:{i:0;a:2:{i:0;s:18:\"administer CiviCRM\";i:1;s:14:\"access CiviCRM\";}i:1;s:3:\"and\";}','s:22:\"CRM_Admin_Page_Mapping\";',NULL,'a:2:{i:0;a:2:{s:5:\"title\";s:7:\"CiviCRM\";s:3:\"url\";s:16:\"/civicrm?reset=1\";}i:1;a:2:{s:5:\"title\";s:18:\"Administer CiviCRM\";s:3:\"url\";s:22:\"/civicrm/admin?reset=1\";}}',NULL,NULL,NULL,NULL,NULL,NULL,1,110,1,0,NULL),(77,1,'civicrm/admin/setting/debug',NULL,'Debugging','a:2:{i:0;s:19:\"CRM_Core_Permission\";i:1;s:9:\"checkMenu\";}','a:2:{i:0;a:2:{i:0;s:18:\"administer CiviCRM\";i:1;s:14:\"access CiviCRM\";}i:1;s:3:\"and\";}','s:32:\"CRM_Admin_Form_Setting_Debugging\";',NULL,'a:2:{i:0;a:2:{s:5:\"title\";s:7:\"CiviCRM\";s:3:\"url\";s:16:\"/civicrm?reset=1\";}i:1;a:2:{s:5:\"title\";s:18:\"Administer CiviCRM\";s:3:\"url\";s:22:\"/civicrm/admin?reset=1\";}}',NULL,NULL,NULL,NULL,NULL,NULL,1,120,1,0,NULL),(78,1,'civicrm/admin/setting/preferences/multisite',NULL,'Multi Site Settings','a:2:{i:0;s:19:\"CRM_Core_Permission\";i:1;s:9:\"checkMenu\";}','a:2:{i:0;a:2:{i:0;s:18:\"administer CiviCRM\";i:1;s:14:\"access CiviCRM\";}i:1;s:3:\"and\";}','s:36:\"CRM_Admin_Form_Preferences_Multisite\";',NULL,'a:2:{i:0;a:2:{s:5:\"title\";s:7:\"CiviCRM\";s:3:\"url\";s:16:\"/civicrm?reset=1\";}i:1;a:2:{s:5:\"title\";s:18:\"Administer CiviCRM\";s:3:\"url\";s:22:\"/civicrm/admin?reset=1\";}}',NULL,NULL,NULL,NULL,NULL,NULL,1,130,1,0,NULL),(79,1,'civicrm/admin/setting/preferences/campaign',NULL,'CiviCampaign Component Settings','a:2:{i:0;s:19:\"CRM_Core_Permission\";i:1;s:9:\"checkMenu\";}','a:2:{i:0;a:2:{i:0;s:18:\"administer CiviCRM\";i:1;s:14:\"access CiviCRM\";}i:1;s:3:\"and\";}','s:35:\"CRM_Admin_Form_Preferences_Campaign\";',NULL,'a:2:{i:0;a:2:{s:5:\"title\";s:7:\"CiviCRM\";s:3:\"url\";s:16:\"/civicrm?reset=1\";}i:1;a:2:{s:5:\"title\";s:18:\"Administer CiviCRM\";s:3:\"url\";s:22:\"/civicrm/admin?reset=1\";}}',NULL,NULL,NULL,NULL,NULL,NULL,1,10,1,0,NULL),(80,1,'civicrm/admin/setting/preferences/event',NULL,'CiviEvent Component Settings','a:2:{i:0;s:19:\"CRM_Core_Permission\";i:1;s:9:\"checkMenu\";}','a:2:{i:0;a:2:{i:0;s:16:\"access CiviEvent\";i:1;s:18:\"administer CiviCRM\";}i:1;s:3:\"and\";}','s:32:\"CRM_Admin_Form_Preferences_Event\";',NULL,'a:2:{i:0;a:2:{s:5:\"title\";s:7:\"CiviCRM\";s:3:\"url\";s:16:\"/civicrm?reset=1\";}i:1;a:2:{s:5:\"title\";s:18:\"Administer CiviCRM\";s:3:\"url\";s:22:\"/civicrm/admin?reset=1\";}}',NULL,NULL,NULL,NULL,NULL,NULL,1,420,1,0,NULL),(81,1,'civicrm/admin/setting/preferences/mailing',NULL,'CiviMail Component Settings','a:2:{i:0;s:19:\"CRM_Core_Permission\";i:1;s:9:\"checkMenu\";}','a:2:{i:0;a:2:{i:0;s:15:\"access CiviMail\";i:1;s:18:\"administer CiviCRM\";}i:1;s:3:\"and\";}','s:34:\"CRM_Admin_Form_Preferences_Mailing\";',NULL,'a:2:{i:0;a:2:{s:5:\"title\";s:7:\"CiviCRM\";s:3:\"url\";s:16:\"/civicrm?reset=1\";}i:1;a:2:{s:5:\"title\";s:18:\"Administer CiviCRM\";s:3:\"url\";s:22:\"/civicrm/admin?reset=1\";}}',NULL,NULL,NULL,NULL,NULL,NULL,1,430,1,0,NULL),(82,1,'civicrm/admin/setting/preferences/member',NULL,'CiviMember Component Settings','a:2:{i:0;s:19:\"CRM_Core_Permission\";i:1;s:9:\"checkMenu\";}','a:2:{i:0;a:2:{i:0;s:17:\"access CiviMember\";i:1;s:18:\"administer CiviCRM\";}i:1;s:3:\"and\";}','s:33:\"CRM_Admin_Form_Preferences_Member\";',NULL,'a:2:{i:0;a:2:{s:5:\"title\";s:7:\"CiviCRM\";s:3:\"url\";s:16:\"/civicrm?reset=1\";}i:1;a:2:{s:5:\"title\";s:18:\"Administer CiviCRM\";s:3:\"url\";s:22:\"/civicrm/admin?reset=1\";}}',NULL,NULL,NULL,NULL,NULL,NULL,1,390,1,0,NULL),(83,1,'civicrm/admin/setting/preferences/date',NULL,'View Date Preferences','a:2:{i:0;s:19:\"CRM_Core_Permission\";i:1;s:9:\"checkMenu\";}','a:2:{i:0;a:2:{i:0;s:18:\"administer CiviCRM\";i:1;s:14:\"access CiviCRM\";}i:1;s:3:\"and\";}','s:30:\"CRM_Admin_Page_PreferencesDate\";',NULL,'a:2:{i:0;a:2:{s:5:\"title\";s:7:\"CiviCRM\";s:3:\"url\";s:16:\"/civicrm?reset=1\";}i:1;a:2:{s:5:\"title\";s:18:\"Administer CiviCRM\";s:3:\"url\";s:22:\"/civicrm/admin?reset=1\";}}',NULL,NULL,NULL,NULL,NULL,NULL,1,1,1,0,NULL),(84,1,'civicrm/admin/runjobs',NULL,NULL,'a:2:{i:0;s:19:\"CRM_Core_Permission\";i:1;s:9:\"checkMenu\";}','a:2:{i:0;a:2:{i:0;s:14:\"access CiviCRM\";i:1;s:18:\"administer CiviCRM\";}i:1;s:3:\"and\";}','a:2:{i:0;s:16:\"CRM_Utils_System\";i:1;s:20:\"executeScheduledJobs\";}',NULL,'a:2:{i:0;a:2:{s:5:\"title\";s:7:\"CiviCRM\";s:3:\"url\";s:16:\"/civicrm?reset=1\";}i:1;a:2:{s:5:\"title\";s:18:\"Administer CiviCRM\";s:3:\"url\";s:22:\"/civicrm/admin?reset=1\";}}',NULL,NULL,NULL,NULL,NULL,NULL,1,1,1,0,NULL),(85,1,'civicrm/admin/job',NULL,'Scheduled Jobs','a:2:{i:0;s:19:\"CRM_Core_Permission\";i:1;s:9:\"checkMenu\";}','a:2:{i:0;a:2:{i:0;s:14:\"access CiviCRM\";i:1;s:18:\"administer CiviCRM\";}i:1;s:3:\"and\";}','s:18:\"CRM_Admin_Page_Job\";',NULL,'a:2:{i:0;a:2:{s:5:\"title\";s:7:\"CiviCRM\";s:3:\"url\";s:16:\"/civicrm?reset=1\";}i:1;a:2:{s:5:\"title\";s:18:\"Administer CiviCRM\";s:3:\"url\";s:22:\"/civicrm/admin?reset=1\";}}',NULL,NULL,NULL,NULL,NULL,NULL,1,1370,1,0,NULL),(86,1,'civicrm/admin/joblog',NULL,'Scheduled Jobs Log','a:2:{i:0;s:19:\"CRM_Core_Permission\";i:1;s:9:\"checkMenu\";}','a:2:{i:0;a:2:{i:0;s:14:\"access CiviCRM\";i:1;s:18:\"administer CiviCRM\";}i:1;s:3:\"and\";}','s:21:\"CRM_Admin_Page_JobLog\";',NULL,'a:2:{i:0;a:2:{s:5:\"title\";s:7:\"CiviCRM\";s:3:\"url\";s:16:\"/civicrm?reset=1\";}i:1;a:2:{s:5:\"title\";s:18:\"Administer CiviCRM\";s:3:\"url\";s:22:\"/civicrm/admin?reset=1\";}}',NULL,NULL,NULL,NULL,NULL,NULL,1,1380,1,0,NULL),(87,1,'civicrm/admin/options/grant_type',NULL,'Grant Types','a:2:{i:0;s:19:\"CRM_Core_Permission\";i:1;s:9:\"checkMenu\";}','a:2:{i:0;a:2:{i:0;s:18:\"administer CiviCRM\";i:1;s:14:\"access CiviCRM\";}i:1;s:3:\"and\";}','s:22:\"CRM_Admin_Page_Options\";',NULL,'a:3:{i:0;a:2:{s:5:\"title\";s:7:\"CiviCRM\";s:3:\"url\";s:16:\"/civicrm?reset=1\";}i:1;a:2:{s:5:\"title\";s:18:\"Administer CiviCRM\";s:3:\"url\";s:22:\"/civicrm/admin?reset=1\";}i:2;a:2:{s:5:\"title\";s:13:\"Option Groups\";s:3:\"url\";s:30:\"/civicrm/admin/options?reset=1\";}}',NULL,NULL,NULL,NULL,NULL,NULL,1,385,1,0,NULL),(88,1,'civicrm/admin/paymentProcessorType',NULL,'Payment Processor Type','a:2:{i:0;s:19:\"CRM_Core_Permission\";i:1;s:9:\"checkMenu\";}','a:2:{i:0;a:2:{i:0;s:18:\"administer CiviCRM\";i:1;s:14:\"access CiviCRM\";}i:1;s:3:\"and\";}','s:35:\"CRM_Admin_Page_PaymentProcessorType\";',NULL,'a:2:{i:0;a:2:{s:5:\"title\";s:7:\"CiviCRM\";s:3:\"url\";s:16:\"/civicrm?reset=1\";}i:1;a:2:{s:5:\"title\";s:18:\"Administer CiviCRM\";s:3:\"url\";s:22:\"/civicrm/admin?reset=1\";}}',NULL,NULL,NULL,NULL,NULL,NULL,1,390,1,0,NULL),(89,1,'civicrm/admin',NULL,'Administer CiviCRM','a:2:{i:0;s:19:\"CRM_Core_Permission\";i:1;s:9:\"checkMenu\";}','a:2:{i:0;a:2:{i:0;s:18:\"administer CiviCRM\";i:1;s:14:\"access CiviCRM\";}i:1;s:3:\"and\";}','s:20:\"CRM_Admin_Page_Admin\";',NULL,'a:1:{i:0;a:2:{s:5:\"title\";s:7:\"CiviCRM\";s:3:\"url\";s:16:\"/civicrm?reset=1\";}}',NULL,NULL,NULL,NULL,NULL,NULL,1,9000,1,1,NULL),(90,1,'civicrm/ajax/menujs',NULL,NULL,'a:2:{i:0;s:19:\"CRM_Core_Permission\";i:1;s:9:\"checkMenu\";}','a:2:{i:0;a:1:{i:0;s:14:\"access CiviCRM\";}i:1;s:3:\"and\";}','a:2:{i:0;s:19:\"CRM_Admin_Page_AJAX\";i:1;s:17:\"getNavigationMenu\";}',NULL,'a:1:{i:0;a:2:{s:5:\"title\";s:7:\"CiviCRM\";s:3:\"url\";s:16:\"/civicrm?reset=1\";}}',NULL,NULL,NULL,NULL,NULL,NULL,0,1,1,0,NULL),(91,1,'civicrm/ajax/menu',NULL,NULL,'a:2:{i:0;s:19:\"CRM_Core_Permission\";i:1;s:9:\"checkMenu\";}','a:2:{i:0;a:2:{i:0;s:14:\"access CiviCRM\";i:1;s:18:\"administer CiviCRM\";}i:1;s:3:\"and\";}','a:2:{i:0;s:19:\"CRM_Admin_Page_AJAX\";i:1;s:17:\"getNavigationList\";}',NULL,'a:1:{i:0;a:2:{s:5:\"title\";s:7:\"CiviCRM\";s:3:\"url\";s:16:\"/civicrm?reset=1\";}}',NULL,NULL,NULL,NULL,NULL,NULL,0,1,1,3,NULL),(92,1,'civicrm/ajax/menutree',NULL,NULL,'a:2:{i:0;s:19:\"CRM_Core_Permission\";i:1;s:9:\"checkMenu\";}','a:2:{i:0;a:2:{i:0;s:14:\"access CiviCRM\";i:1;s:18:\"administer CiviCRM\";}i:1;s:3:\"and\";}','a:2:{i:0;s:19:\"CRM_Admin_Page_AJAX\";i:1;s:8:\"menuTree\";}',NULL,'a:1:{i:0;a:2:{s:5:\"title\";s:7:\"CiviCRM\";s:3:\"url\";s:16:\"/civicrm?reset=1\";}}',NULL,NULL,NULL,NULL,NULL,NULL,0,1,1,3,NULL),(93,1,'civicrm/ajax/statusmsg',NULL,NULL,'a:2:{i:0;s:19:\"CRM_Core_Permission\";i:1;s:9:\"checkMenu\";}','a:2:{i:0;a:1:{i:0;s:14:\"access CiviCRM\";}i:1;s:3:\"and\";}','a:2:{i:0;s:19:\"CRM_Admin_Page_AJAX\";i:1;s:12:\"getStatusMsg\";}',NULL,'a:1:{i:0;a:2:{s:5:\"title\";s:7:\"CiviCRM\";s:3:\"url\";s:16:\"/civicrm?reset=1\";}}',NULL,NULL,NULL,NULL,NULL,NULL,0,1,1,0,NULL),(94,1,'civicrm/ajax/mergeTags',NULL,NULL,'a:2:{i:0;s:19:\"CRM_Core_Permission\";i:1;s:9:\"checkMenu\";}','a:2:{i:0;a:1:{i:0;s:14:\"access CiviCRM\";}i:1;s:3:\"and\";}','a:2:{i:0;s:19:\"CRM_Admin_Page_AJAX\";i:1;s:9:\"mergeTags\";}',NULL,'a:1:{i:0;a:2:{s:5:\"title\";s:7:\"CiviCRM\";s:3:\"url\";s:16:\"/civicrm?reset=1\";}}',NULL,NULL,NULL,NULL,NULL,NULL,0,1,1,0,NULL),(95,1,'civicrm/admin/price',NULL,'Price Sets','a:2:{i:0;s:19:\"CRM_Core_Permission\";i:1;s:9:\"checkMenu\";}','a:2:{i:0;a:2:{i:0;s:18:\"administer CiviCRM\";i:1;s:16:\"access CiviEvent\";}i:1;s:2:\"or\";}','s:18:\"CRM_Price_Page_Set\";',NULL,'a:2:{i:0;a:2:{s:5:\"title\";s:7:\"CiviCRM\";s:3:\"url\";s:16:\"/civicrm?reset=1\";}i:1;a:2:{s:5:\"title\";s:18:\"Administer CiviCRM\";s:3:\"url\";s:22:\"/civicrm/admin?reset=1\";}}',NULL,NULL,NULL,NULL,NULL,NULL,1,380,1,0,NULL),(96,1,'civicrm/admin/price/add','action=add','New Price Set','a:2:{i:0;s:19:\"CRM_Core_Permission\";i:1;s:9:\"checkMenu\";}','a:2:{i:0;a:2:{i:0;s:18:\"administer CiviCRM\";i:1;s:16:\"access CiviEvent\";}i:1;s:2:\"or\";}','s:18:\"CRM_Price_Page_Set\";',NULL,'a:3:{i:0;a:2:{s:5:\"title\";s:7:\"CiviCRM\";s:3:\"url\";s:16:\"/civicrm?reset=1\";}i:1;a:2:{s:5:\"title\";s:18:\"Administer CiviCRM\";s:3:\"url\";s:22:\"/civicrm/admin?reset=1\";}i:2;a:2:{s:5:\"title\";s:10:\"Price Sets\";s:3:\"url\";s:28:\"/civicrm/admin/price?reset=1\";}}',NULL,NULL,NULL,NULL,NULL,NULL,1,1,1,0,NULL),(97,1,'civicrm/admin/price/field',NULL,'Price Fields','a:2:{i:0;s:19:\"CRM_Core_Permission\";i:1;s:9:\"checkMenu\";}','a:2:{i:0;a:2:{i:0;s:18:\"administer CiviCRM\";i:1;s:16:\"access CiviEvent\";}i:1;s:2:\"or\";}','s:20:\"CRM_Price_Page_Field\";',NULL,'a:3:{i:0;a:2:{s:5:\"title\";s:7:\"CiviCRM\";s:3:\"url\";s:16:\"/civicrm?reset=1\";}i:1;a:2:{s:5:\"title\";s:18:\"Administer CiviCRM\";s:3:\"url\";s:22:\"/civicrm/admin?reset=1\";}i:2;a:2:{s:5:\"title\";s:10:\"Price Sets\";s:3:\"url\";s:28:\"/civicrm/admin/price?reset=1\";}}',NULL,NULL,NULL,NULL,NULL,NULL,1,1,1,0,0),(98,1,'civicrm/admin/price/field/option',NULL,'Price Field Options','a:2:{i:0;s:19:\"CRM_Core_Permission\";i:1;s:9:\"checkMenu\";}','a:2:{i:0;a:2:{i:0;s:18:\"administer CiviCRM\";i:1;s:16:\"access CiviEvent\";}i:1;s:2:\"or\";}','s:21:\"CRM_Price_Page_Option\";',NULL,'a:3:{i:0;a:2:{s:5:\"title\";s:7:\"CiviCRM\";s:3:\"url\";s:16:\"/civicrm?reset=1\";}i:1;a:2:{s:5:\"title\";s:18:\"Administer CiviCRM\";s:3:\"url\";s:22:\"/civicrm/admin?reset=1\";}i:2;a:2:{s:5:\"title\";s:10:\"Price Sets\";s:3:\"url\";s:28:\"/civicrm/admin/price?reset=1\";}}',NULL,NULL,NULL,NULL,NULL,NULL,1,1,1,0,NULL),(99,1,'civicrm/ajax/taglist',NULL,NULL,'a:2:{i:0;s:19:\"CRM_Core_Permission\";i:1;s:9:\"checkMenu\";}','a:2:{i:0;a:1:{i:0;s:14:\"access CiviCRM\";}i:1;s:3:\"and\";}','a:2:{i:0;s:19:\"CRM_Admin_Page_AJAX\";i:1;s:10:\"getTagList\";}',NULL,'a:1:{i:0;a:2:{s:5:\"title\";s:7:\"CiviCRM\";s:3:\"url\";s:16:\"/civicrm?reset=1\";}}',NULL,NULL,NULL,NULL,NULL,NULL,0,1,1,0,NULL),(100,1,'civicrm/ajax/mergeTagList',NULL,NULL,'a:2:{i:0;s:19:\"CRM_Core_Permission\";i:1;s:9:\"checkMenu\";}','a:2:{i:0;a:1:{i:0;s:14:\"access CiviCRM\";}i:1;s:3:\"and\";}','a:2:{i:0;s:19:\"CRM_Admin_Page_AJAX\";i:1;s:12:\"mergeTagList\";}',NULL,'a:1:{i:0;a:2:{s:5:\"title\";s:7:\"CiviCRM\";s:3:\"url\";s:16:\"/civicrm?reset=1\";}}',NULL,NULL,NULL,NULL,NULL,NULL,0,1,1,0,NULL),(101,1,'civicrm/ajax/processTags',NULL,NULL,'a:2:{i:0;s:19:\"CRM_Core_Permission\";i:1;s:9:\"checkMenu\";}','a:2:{i:0;a:1:{i:0;s:14:\"access CiviCRM\";}i:1;s:3:\"and\";}','a:2:{i:0;s:19:\"CRM_Admin_Page_AJAX\";i:1;s:11:\"processTags\";}',NULL,'a:1:{i:0;a:2:{s:5:\"title\";s:7:\"CiviCRM\";s:3:\"url\";s:16:\"/civicrm?reset=1\";}}',NULL,NULL,NULL,NULL,NULL,NULL,0,1,1,3,NULL),(102,1,'civicrm/admin/tplstrings/add',NULL,NULL,'a:2:{i:0;s:19:\"CRM_Core_Permission\";i:1;s:9:\"checkMenu\";}','a:2:{i:0;a:2:{i:0;s:18:\"administer CiviCRM\";i:1;s:14:\"access CiviCRM\";}i:1;s:3:\"and\";}','s:25:\"CRM_Admin_Form_Persistent\";',NULL,'a:2:{i:0;a:2:{s:5:\"title\";s:7:\"CiviCRM\";s:3:\"url\";s:16:\"/civicrm?reset=1\";}i:1;a:2:{s:5:\"title\";s:18:\"Administer CiviCRM\";s:3:\"url\";s:22:\"/civicrm/admin?reset=1\";}}',NULL,NULL,NULL,NULL,NULL,NULL,1,1,1,0,NULL),(103,1,'civicrm/admin/tplstrings',NULL,NULL,'a:2:{i:0;s:19:\"CRM_Core_Permission\";i:1;s:9:\"checkMenu\";}','a:2:{i:0;a:2:{i:0;s:18:\"administer CiviCRM\";i:1;s:14:\"access CiviCRM\";}i:1;s:3:\"and\";}','s:25:\"CRM_Admin_Page_Persistent\";',NULL,'a:2:{i:0;a:2:{s:5:\"title\";s:7:\"CiviCRM\";s:3:\"url\";s:16:\"/civicrm?reset=1\";}i:1;a:2:{s:5:\"title\";s:18:\"Administer CiviCRM\";s:3:\"url\";s:22:\"/civicrm/admin?reset=1\";}}',NULL,NULL,NULL,NULL,NULL,NULL,1,1,1,0,NULL),(104,1,'civicrm/ajax/mapping',NULL,NULL,'a:2:{i:0;s:19:\"CRM_Core_Permission\";i:1;s:9:\"checkMenu\";}','a:2:{i:0;a:2:{i:0;s:18:\"administer CiviCRM\";i:1;s:14:\"access CiviCRM\";}i:1;s:3:\"and\";}','a:2:{i:0;s:19:\"CRM_Admin_Page_AJAX\";i:1;s:11:\"mappingList\";}',NULL,'a:1:{i:0;a:2:{s:5:\"title\";s:7:\"CiviCRM\";s:3:\"url\";s:16:\"/civicrm?reset=1\";}}',NULL,NULL,NULL,NULL,NULL,NULL,0,1,1,0,NULL),(105,1,'civicrm/ajax/mapping1',NULL,NULL,'a:2:{i:0;s:19:\"CRM_Core_Permission\";i:1;s:9:\"checkMenu\";}','a:2:{i:0;a:2:{i:0;s:18:\"administer CiviCRM\";i:1;s:14:\"access CiviCRM\";}i:1;s:3:\"and\";}','a:2:{i:0;s:19:\"CRM_Admin_Page_AJAX\";i:1;s:12:\"mappingList1\";}',NULL,'a:1:{i:0;a:2:{s:5:\"title\";s:7:\"CiviCRM\";s:3:\"url\";s:16:\"/civicrm?reset=1\";}}',NULL,NULL,NULL,NULL,NULL,NULL,0,1,1,0,NULL),(106,1,'civicrm/ajax/populateRecipient',NULL,NULL,'a:2:{i:0;s:19:\"CRM_Core_Permission\";i:1;s:9:\"checkMenu\";}','a:2:{i:0;a:2:{i:0;s:18:\"administer CiviCRM\";i:1;s:14:\"access CiviCRM\";}i:1;s:3:\"and\";}','a:2:{i:0;s:19:\"CRM_Admin_Page_AJAX\";i:1;s:9:\"recipient\";}',NULL,'a:1:{i:0;a:2:{s:5:\"title\";s:7:\"CiviCRM\";s:3:\"url\";s:16:\"/civicrm?reset=1\";}}',NULL,NULL,NULL,NULL,NULL,NULL,0,1,1,0,NULL),(107,1,'civicrm/admin/sms/provider',NULL,'Sms Providers','a:2:{i:0;s:19:\"CRM_Core_Permission\";i:1;s:9:\"checkMenu\";}','a:2:{i:0;a:1:{i:0;s:18:\"administer CiviCRM\";}i:1;s:3:\"and\";}','s:21:\"CRM_SMS_Page_Provider\";',NULL,'a:2:{i:0;a:2:{s:5:\"title\";s:7:\"CiviCRM\";s:3:\"url\";s:16:\"/civicrm?reset=1\";}i:1;a:2:{s:5:\"title\";s:18:\"Administer CiviCRM\";s:3:\"url\";s:22:\"/civicrm/admin?reset=1\";}}',NULL,NULL,NULL,NULL,NULL,NULL,1,500,1,0,NULL),(108,1,'civicrm/sms/send',NULL,'New Mass SMS','a:2:{i:0;s:19:\"CRM_Core_Permission\";i:1;s:9:\"checkMenu\";}','a:2:{i:0;a:1:{i:0;s:18:\"administer CiviCRM\";}i:1;s:3:\"and\";}','s:23:\"CRM_SMS_Controller_Send\";',NULL,'a:1:{i:0;a:2:{s:5:\"title\";s:7:\"CiviCRM\";s:3:\"url\";s:16:\"/civicrm?reset=1\";}}',NULL,NULL,NULL,NULL,NULL,NULL,0,610,1,1,NULL),(109,1,'civicrm/sms/callback',NULL,NULL,'s:1:\"1\";','a:2:{i:0;a:1:{i:0;s:14:\"access CiviCRM\";}i:1;s:3:\"and\";}','s:21:\"CRM_SMS_Page_Callback\";',NULL,'a:1:{i:0;a:2:{s:5:\"title\";s:7:\"CiviCRM\";s:3:\"url\";s:16:\"/civicrm?reset=1\";}}',NULL,NULL,NULL,NULL,NULL,NULL,0,1,1,0,NULL),(110,1,'civicrm/admin/badgelayout','action=browse','Event Name Badge Layouts','a:2:{i:0;s:19:\"CRM_Core_Permission\";i:1;s:9:\"checkMenu\";}','a:2:{i:0;a:2:{i:0;s:18:\"administer CiviCRM\";i:1;s:14:\"access CiviCRM\";}i:1;s:3:\"and\";}','s:21:\"CRM_Badge_Page_Layout\";',NULL,'a:2:{i:0;a:2:{s:5:\"title\";s:7:\"CiviCRM\";s:3:\"url\";s:16:\"/civicrm?reset=1\";}i:1;a:2:{s:5:\"title\";s:18:\"Administer CiviCRM\";s:3:\"url\";s:22:\"/civicrm/admin?reset=1\";}}',NULL,NULL,NULL,NULL,NULL,NULL,1,399,1,0,NULL),(111,1,'civicrm/admin/badgelayout/add',NULL,NULL,'a:2:{i:0;s:19:\"CRM_Core_Permission\";i:1;s:9:\"checkMenu\";}','a:2:{i:0;a:1:{i:0;s:18:\"administer CiviCRM\";}i:1;s:3:\"and\";}','s:21:\"CRM_Badge_Form_Layout\";',NULL,'a:3:{i:0;a:2:{s:5:\"title\";s:7:\"CiviCRM\";s:3:\"url\";s:16:\"/civicrm?reset=1\";}i:1;a:2:{s:5:\"title\";s:18:\"Administer CiviCRM\";s:3:\"url\";s:22:\"/civicrm/admin?reset=1\";}i:2;a:2:{s:5:\"title\";s:24:\"Event Name Badge Layouts\";s:3:\"url\";s:52:\"/civicrm/admin/badgelayout?reset=1&amp;action=browse\";}}',NULL,NULL,NULL,NULL,NULL,NULL,1,1,1,0,NULL),(112,1,'civicrm',NULL,'CiviCRM','a:2:{i:0;s:19:\"CRM_Core_Permission\";i:1;s:9:\"checkMenu\";}','a:2:{i:0;a:1:{i:0;s:14:\"access CiviCRM\";}i:1;s:3:\"and\";}','s:26:\"CRM_Contact_Page_DashBoard\";',NULL,'a:0:{}',NULL,NULL,NULL,NULL,NULL,NULL,0,0,1,0,NULL),(113,1,'civicrm/dashboard',NULL,'CiviCRM Home','a:2:{i:0;s:19:\"CRM_Core_Permission\";i:1;s:9:\"checkMenu\";}','a:2:{i:0;a:1:{i:0;s:14:\"access CiviCRM\";}i:1;s:3:\"and\";}','s:26:\"CRM_Contact_Page_DashBoard\";',NULL,'a:1:{i:0;a:2:{s:5:\"title\";s:7:\"CiviCRM\";s:3:\"url\";s:16:\"/civicrm?reset=1\";}}',NULL,NULL,NULL,NULL,NULL,NULL,0,0,1,1,NULL),(114,1,'civicrm/dashlet',NULL,'CiviCRM Dashlets','a:2:{i:0;s:19:\"CRM_Core_Permission\";i:1;s:9:\"checkMenu\";}','a:2:{i:0;a:1:{i:0;s:14:\"access CiviCRM\";}i:1;s:3:\"and\";}','s:24:\"CRM_Contact_Page_Dashlet\";',NULL,'a:1:{i:0;a:2:{s:5:\"title\";s:7:\"CiviCRM\";s:3:\"url\";s:16:\"/civicrm?reset=1\";}}',NULL,NULL,NULL,NULL,NULL,NULL,0,1,1,1,NULL),(115,1,'civicrm/contact/search',NULL,'Find Contacts','a:2:{i:0;s:19:\"CRM_Core_Permission\";i:1;s:9:\"checkMenu\";}','a:2:{i:0;a:1:{i:0;s:14:\"access CiviCRM\";}i:1;s:3:\"and\";}','s:29:\"CRM_Contact_Controller_Search\";','s:8:\"mode=256\";','a:1:{i:0;a:2:{s:5:\"title\";s:7:\"CiviCRM\";s:3:\"url\";s:16:\"/civicrm?reset=1\";}}',NULL,NULL,NULL,NULL,NULL,NULL,0,10,1,1,NULL),(116,1,'civicrm/contact/image',NULL,'Process Uploaded Images','a:2:{i:0;s:19:\"CRM_Core_Permission\";i:1;s:9:\"checkMenu\";}','a:2:{i:0;a:1:{i:0;s:21:\"access uploaded files\";}i:1;s:3:\"and\";}','a:2:{i:0;s:23:\"CRM_Contact_BAO_Contact\";i:1;s:12:\"processImage\";}',NULL,'a:1:{i:0;a:2:{s:5:\"title\";s:7:\"CiviCRM\";s:3:\"url\";s:16:\"/civicrm?reset=1\";}}',NULL,NULL,NULL,NULL,NULL,NULL,0,1,1,0,NULL),(117,1,'civicrm/contact/search/basic',NULL,'Find Contacts','a:2:{i:0;s:19:\"CRM_Core_Permission\";i:1;s:9:\"checkMenu\";}','a:2:{i:0;a:1:{i:0;s:14:\"access CiviCRM\";}i:1;s:3:\"and\";}','s:29:\"CRM_Contact_Controller_Search\";','s:8:\"mode=256\";','a:2:{i:0;a:2:{s:5:\"title\";s:7:\"CiviCRM\";s:3:\"url\";s:16:\"/civicrm?reset=1\";}i:1;a:2:{s:5:\"title\";s:13:\"Find Contacts\";s:3:\"url\";s:31:\"/civicrm/contact/search?reset=1\";}}',NULL,NULL,NULL,NULL,NULL,NULL,0,1,1,0,NULL),(118,1,'civicrm/contact/search/advanced',NULL,'Advanced Search','a:2:{i:0;s:19:\"CRM_Core_Permission\";i:1;s:9:\"checkMenu\";}','a:2:{i:0;a:1:{i:0;s:14:\"access CiviCRM\";}i:1;s:3:\"and\";}','s:29:\"CRM_Contact_Controller_Search\";','s:8:\"mode=512\";','a:2:{i:0;a:2:{s:5:\"title\";s:7:\"CiviCRM\";s:3:\"url\";s:16:\"/civicrm?reset=1\";}i:1;a:2:{s:5:\"title\";s:13:\"Find Contacts\";s:3:\"url\";s:31:\"/civicrm/contact/search?reset=1\";}}',NULL,NULL,NULL,NULL,NULL,NULL,0,12,1,1,NULL),(119,1,'civicrm/contact/search/builder',NULL,'Search Builder','a:2:{i:0;s:19:\"CRM_Core_Permission\";i:1;s:9:\"checkMenu\";}','a:2:{i:0;a:1:{i:0;s:14:\"access CiviCRM\";}i:1;s:3:\"and\";}','s:29:\"CRM_Contact_Controller_Search\";','s:9:\"mode=8192\";','a:2:{i:0;a:2:{s:5:\"title\";s:7:\"CiviCRM\";s:3:\"url\";s:16:\"/civicrm?reset=1\";}i:1;a:2:{s:5:\"title\";s:13:\"Find Contacts\";s:3:\"url\";s:31:\"/civicrm/contact/search?reset=1\";}}',NULL,NULL,NULL,NULL,NULL,NULL,0,14,1,1,NULL),(120,1,'civicrm/contact/search/custom',NULL,NULL,'a:2:{i:0;s:19:\"CRM_Core_Permission\";i:1;s:9:\"checkMenu\";}','a:2:{i:0;a:1:{i:0;s:14:\"access CiviCRM\";}i:1;s:3:\"and\";}','s:29:\"CRM_Contact_Controller_Search\";','s:10:\"mode=16384\";','a:2:{i:0;a:2:{s:5:\"title\";s:7:\"CiviCRM\";s:3:\"url\";s:16:\"/civicrm?reset=1\";}i:1;a:2:{s:5:\"title\";s:13:\"Find Contacts\";s:3:\"url\";s:31:\"/civicrm/contact/search?reset=1\";}}',NULL,NULL,NULL,NULL,NULL,NULL,0,1,1,0,NULL),(121,1,'civicrm/contact/search/custom/list',NULL,'Custom Searches','a:2:{i:0;s:19:\"CRM_Core_Permission\";i:1;s:9:\"checkMenu\";}','a:2:{i:0;a:1:{i:0;s:14:\"access CiviCRM\";}i:1;s:3:\"and\";}','s:29:\"CRM_Contact_Page_CustomSearch\";','s:10:\"mode=16384\";','a:2:{i:0;a:2:{s:5:\"title\";s:7:\"CiviCRM\";s:3:\"url\";s:16:\"/civicrm?reset=1\";}i:1;a:2:{s:5:\"title\";s:13:\"Find Contacts\";s:3:\"url\";s:31:\"/civicrm/contact/search?reset=1\";}}',NULL,NULL,NULL,NULL,NULL,NULL,0,16,1,1,NULL),(122,1,'civicrm/contact/add',NULL,'New Contact','a:2:{i:0;s:19:\"CRM_Core_Permission\";i:1;s:9:\"checkMenu\";}','a:2:{i:0;a:3:{i:0;s:14:\"access CiviCRM\";i:1;s:15:\"edit my contact\";i:2;s:15:\"view my contact\";}i:1;s:2:\"or\";}','s:24:\"CRM_Contact_Form_Contact\";','s:13:\"addSequence=1\";','a:1:{i:0;a:2:{s:5:\"title\";s:7:\"CiviCRM\";s:3:\"url\";s:16:\"/civicrm?reset=1\";}}',NULL,NULL,NULL,NULL,NULL,NULL,0,1,1,0,NULL),(123,1,'civicrm/contact/add/individual','ct=Individual','New Individual','a:2:{i:0;s:19:\"CRM_Core_Permission\";i:1;s:9:\"checkMenu\";}','a:2:{i:0;a:2:{i:0;s:14:\"access CiviCRM\";i:1;s:12:\"add contacts\";}i:1;s:3:\"and\";}','s:24:\"CRM_Contact_Form_Contact\";','s:13:\"addSequence=1\";','a:2:{i:0;a:2:{s:5:\"title\";s:7:\"CiviCRM\";s:3:\"url\";s:16:\"/civicrm?reset=1\";}i:1;a:2:{s:5:\"title\";s:11:\"New Contact\";s:3:\"url\";s:28:\"/civicrm/contact/add?reset=1\";}}',NULL,NULL,NULL,NULL,NULL,NULL,0,1,1,0,NULL),(124,1,'civicrm/contact/add/household','ct=Household','New Household','a:2:{i:0;s:19:\"CRM_Core_Permission\";i:1;s:9:\"checkMenu\";}','a:2:{i:0;a:2:{i:0;s:14:\"access CiviCRM\";i:1;s:12:\"add contacts\";}i:1;s:3:\"and\";}','s:24:\"CRM_Contact_Form_Contact\";','s:13:\"addSequence=1\";','a:2:{i:0;a:2:{s:5:\"title\";s:7:\"CiviCRM\";s:3:\"url\";s:16:\"/civicrm?reset=1\";}i:1;a:2:{s:5:\"title\";s:11:\"New Contact\";s:3:\"url\";s:28:\"/civicrm/contact/add?reset=1\";}}',NULL,NULL,NULL,NULL,NULL,NULL,0,1,1,0,NULL),(125,1,'civicrm/contact/add/organization','ct=Organization','New Organization','a:2:{i:0;s:19:\"CRM_Core_Permission\";i:1;s:9:\"checkMenu\";}','a:2:{i:0;a:2:{i:0;s:14:\"access CiviCRM\";i:1;s:12:\"add contacts\";}i:1;s:3:\"and\";}','s:24:\"CRM_Contact_Form_Contact\";','s:13:\"addSequence=1\";','a:2:{i:0;a:2:{s:5:\"title\";s:7:\"CiviCRM\";s:3:\"url\";s:16:\"/civicrm?reset=1\";}i:1;a:2:{s:5:\"title\";s:11:\"New Contact\";s:3:\"url\";s:28:\"/civicrm/contact/add?reset=1\";}}',NULL,NULL,NULL,NULL,NULL,NULL,0,1,1,0,NULL),(126,1,'civicrm/contact/relatedcontact',NULL,'Edit Related Contact','a:2:{i:0;s:19:\"CRM_Core_Permission\";i:1;s:9:\"checkMenu\";}','a:2:{i:0;a:1:{i:0;s:24:\"access Contact Dashboard\";}i:1;s:3:\"and\";}','s:31:\"CRM_Contact_Form_RelatedContact\";',NULL,'a:1:{i:0;a:2:{s:5:\"title\";s:7:\"CiviCRM\";s:3:\"url\";s:16:\"/civicrm?reset=1\";}}',NULL,NULL,NULL,NULL,1,NULL,0,1,1,0,NULL),(127,1,'civicrm/contact/merge',NULL,'Merge Contact','a:2:{i:0;s:19:\"CRM_Core_Permission\";i:1;s:9:\"checkMenu\";}','a:2:{i:0;a:1:{i:0;s:14:\"access CiviCRM\";}i:1;s:3:\"and\";}','s:22:\"CRM_Contact_Form_Merge\";',NULL,'a:1:{i:0;a:2:{s:5:\"title\";s:7:\"CiviCRM\";s:3:\"url\";s:16:\"/civicrm?reset=1\";}}',NULL,NULL,NULL,NULL,NULL,NULL,0,1,1,0,NULL),(128,1,'civicrm/contact/email',NULL,'Email a Contact','a:2:{i:0;s:19:\"CRM_Core_Permission\";i:1;s:9:\"checkMenu\";}','a:2:{i:0;a:1:{i:0;s:14:\"access CiviCRM\";}i:1;s:3:\"and\";}','s:27:\"CRM_Contact_Form_Task_Email\";',NULL,'a:1:{i:0;a:2:{s:5:\"title\";s:7:\"CiviCRM\";s:3:\"url\";s:16:\"/civicrm?reset=1\";}}',NULL,NULL,NULL,NULL,NULL,NULL,0,1,1,0,NULL),(129,1,'civicrm/contact/map',NULL,'Map Location(s)','a:2:{i:0;s:19:\"CRM_Core_Permission\";i:1;s:9:\"checkMenu\";}','a:2:{i:0;a:1:{i:0;s:14:\"access CiviCRM\";}i:1;s:3:\"and\";}','s:25:\"CRM_Contact_Form_Task_Map\";',NULL,'a:1:{i:0;a:2:{s:5:\"title\";s:7:\"CiviCRM\";s:3:\"url\";s:16:\"/civicrm?reset=1\";}}',NULL,NULL,NULL,NULL,1,NULL,0,1,1,0,NULL),(130,1,'civicrm/contact/map/event',NULL,'Map Event Location','s:1:\"1\";','a:2:{i:0;a:1:{i:0;s:14:\"access CiviCRM\";}i:1;s:3:\"and\";}','s:31:\"CRM_Contact_Form_Task_Map_Event\";',NULL,'a:2:{i:0;a:2:{s:5:\"title\";s:7:\"CiviCRM\";s:3:\"url\";s:16:\"/civicrm?reset=1\";}i:1;a:2:{s:5:\"title\";s:15:\"Map Location(s)\";s:3:\"url\";s:28:\"/civicrm/contact/map?reset=1\";}}',NULL,NULL,NULL,NULL,1,NULL,0,1,1,0,NULL),(131,1,'civicrm/contact/view','cid=%%cid%%','Contact Summary','a:2:{i:0;s:19:\"CRM_Core_Permission\";i:1;s:9:\"checkMenu\";}','a:2:{i:0;a:3:{i:0;s:14:\"access CiviCRM\";i:1;s:15:\"edit my contact\";i:2;s:15:\"view my contact\";}i:1;s:2:\"or\";}','s:29:\"CRM_Contact_Page_View_Summary\";',NULL,'a:1:{i:0;a:2:{s:5:\"title\";s:7:\"CiviCRM\";s:3:\"url\";s:16:\"/civicrm?reset=1\";}}',NULL,NULL,NULL,NULL,NULL,NULL,0,1,1,0,NULL),(132,1,'civicrm/contact/view/delete',NULL,'Delete Contact','a:2:{i:0;s:19:\"CRM_Core_Permission\";i:1;s:9:\"checkMenu\";}','a:2:{i:0;a:3:{i:0;s:14:\"access CiviCRM\";i:1;s:15:\"edit my contact\";i:2;s:15:\"view my contact\";}i:1;s:2:\"or\";}','s:28:\"CRM_Contact_Form_Task_Delete\";',NULL,'a:2:{i:0;a:2:{s:5:\"title\";s:7:\"CiviCRM\";s:3:\"url\";s:16:\"/civicrm?reset=1\";}i:1;a:2:{s:5:\"title\";s:15:\"Contact Summary\";s:3:\"url\";s:45:\"/civicrm/contact/view?reset=1&amp;cid=%%cid%%\";}}',NULL,NULL,NULL,NULL,NULL,NULL,0,1,1,0,NULL),(133,1,'civicrm/contact/view/activity','show=1,cid=%%cid%%','Activities','a:2:{i:0;s:19:\"CRM_Core_Permission\";i:1;s:9:\"checkMenu\";}','a:2:{i:0;a:3:{i:0;s:14:\"access CiviCRM\";i:1;s:15:\"edit my contact\";i:2;s:15:\"view my contact\";}i:1;s:2:\"or\";}','s:21:\"CRM_Activity_Page_Tab\";',NULL,'a:2:{i:0;a:2:{s:5:\"title\";s:7:\"CiviCRM\";s:3:\"url\";s:16:\"/civicrm?reset=1\";}i:1;a:2:{s:5:\"title\";s:15:\"Contact Summary\";s:3:\"url\";s:45:\"/civicrm/contact/view?reset=1&amp;cid=%%cid%%\";}}',NULL,NULL,NULL,NULL,NULL,NULL,0,1,1,0,NULL),(134,1,'civicrm/activity/add','action=add','Activities','a:2:{i:0;s:19:\"CRM_Core_Permission\";i:1;s:9:\"checkMenu\";}','a:2:{i:0;a:1:{i:0;s:14:\"access CiviCRM\";}i:1;s:3:\"and\";}','s:26:\"CRM_Activity_Form_Activity\";','s:14:\"attachUpload=1\";','a:2:{i:0;a:2:{s:5:\"title\";s:7:\"CiviCRM\";s:3:\"url\";s:16:\"/civicrm?reset=1\";}i:1;a:2:{s:5:\"title\";s:12:\"New Activity\";s:3:\"url\";s:63:\"/civicrm/activity?reset=1&amp;action=add&amp;context=standalone\";}}',NULL,NULL,NULL,NULL,NULL,NULL,0,1,1,0,NULL),(135,1,'civicrm/activity/email/add','action=add','Activities','a:2:{i:0;s:19:\"CRM_Core_Permission\";i:1;s:9:\"checkMenu\";}','a:2:{i:0;a:1:{i:0;s:14:\"access CiviCRM\";}i:1;s:3:\"and\";}','s:27:\"CRM_Contact_Form_Task_Email\";','s:14:\"attachUpload=1\";','a:2:{i:0;a:2:{s:5:\"title\";s:7:\"CiviCRM\";s:3:\"url\";s:16:\"/civicrm?reset=1\";}i:1;a:2:{s:5:\"title\";s:12:\"New Activity\";s:3:\"url\";s:63:\"/civicrm/activity?reset=1&amp;action=add&amp;context=standalone\";}}',NULL,NULL,NULL,NULL,NULL,NULL,0,1,1,0,NULL),(136,1,'civicrm/activity/pdf/add','action=add','Activities','a:2:{i:0;s:19:\"CRM_Core_Permission\";i:1;s:9:\"checkMenu\";}','a:2:{i:0;a:1:{i:0;s:14:\"access CiviCRM\";}i:1;s:3:\"and\";}','s:25:\"CRM_Contact_Form_Task_PDF\";','s:14:\"attachUpload=1\";','a:2:{i:0;a:2:{s:5:\"title\";s:7:\"CiviCRM\";s:3:\"url\";s:16:\"/civicrm?reset=1\";}i:1;a:2:{s:5:\"title\";s:12:\"New Activity\";s:3:\"url\";s:63:\"/civicrm/activity?reset=1&amp;action=add&amp;context=standalone\";}}',NULL,NULL,NULL,NULL,NULL,NULL,0,1,1,0,NULL),(137,1,'civicrm/contact/view/rel','cid=%%cid%%','Relationships','a:2:{i:0;s:19:\"CRM_Core_Permission\";i:1;s:9:\"checkMenu\";}','a:2:{i:0;a:3:{i:0;s:14:\"access CiviCRM\";i:1;s:15:\"edit my contact\";i:2;s:15:\"view my contact\";}i:1;s:2:\"or\";}','s:34:\"CRM_Contact_Page_View_Relationship\";',NULL,'a:2:{i:0;a:2:{s:5:\"title\";s:7:\"CiviCRM\";s:3:\"url\";s:16:\"/civicrm?reset=1\";}i:1;a:2:{s:5:\"title\";s:15:\"Contact Summary\";s:3:\"url\";s:45:\"/civicrm/contact/view?reset=1&amp;cid=%%cid%%\";}}',NULL,NULL,NULL,NULL,NULL,NULL,0,1,1,0,NULL),(138,1,'civicrm/contact/view/group','cid=%%cid%%','Groups','a:2:{i:0;s:19:\"CRM_Core_Permission\";i:1;s:9:\"checkMenu\";}','a:2:{i:0;a:3:{i:0;s:14:\"access CiviCRM\";i:1;s:15:\"edit my contact\";i:2;s:15:\"view my contact\";}i:1;s:2:\"or\";}','s:34:\"CRM_Contact_Page_View_GroupContact\";',NULL,'a:2:{i:0;a:2:{s:5:\"title\";s:7:\"CiviCRM\";s:3:\"url\";s:16:\"/civicrm?reset=1\";}i:1;a:2:{s:5:\"title\";s:15:\"Contact Summary\";s:3:\"url\";s:45:\"/civicrm/contact/view?reset=1&amp;cid=%%cid%%\";}}',NULL,NULL,NULL,NULL,NULL,NULL,0,1,1,0,NULL),(139,1,'civicrm/contact/view/smartgroup','cid=%%cid%%','Smart Groups','a:2:{i:0;s:19:\"CRM_Core_Permission\";i:1;s:9:\"checkMenu\";}','a:2:{i:0;a:3:{i:0;s:14:\"access CiviCRM\";i:1;s:15:\"edit my contact\";i:2;s:15:\"view my contact\";}i:1;s:2:\"or\";}','s:39:\"CRM_Contact_Page_View_ContactSmartGroup\";',NULL,'a:2:{i:0;a:2:{s:5:\"title\";s:7:\"CiviCRM\";s:3:\"url\";s:16:\"/civicrm?reset=1\";}i:1;a:2:{s:5:\"title\";s:15:\"Contact Summary\";s:3:\"url\";s:45:\"/civicrm/contact/view?reset=1&amp;cid=%%cid%%\";}}',NULL,NULL,NULL,NULL,NULL,NULL,0,1,1,0,NULL),(140,1,'civicrm/contact/view/sunlight',NULL,'Sunlight','a:2:{i:0;s:19:\"CRM_Core_Permission\";i:1;s:9:\"checkMenu\";}','a:2:{i:0;a:3:{i:0;s:14:\"access CiviCRM\";i:1;s:15:\"edit my contact\";i:2;s:15:\"view my contact\";}i:1;s:2:\"or\";}','s:30:\"CRM_Contact_Page_View_Sunlight\";',NULL,'a:2:{i:0;a:2:{s:5:\"title\";s:7:\"CiviCRM\";s:3:\"url\";s:16:\"/civicrm?reset=1\";}i:1;a:2:{s:5:\"title\";s:15:\"Contact Summary\";s:3:\"url\";s:45:\"/civicrm/contact/view?reset=1&amp;cid=%%cid%%\";}}',NULL,NULL,NULL,NULL,NULL,NULL,0,1,1,0,NULL),(141,1,'civicrm/contact/view/note','cid=%%cid%%','Notes','a:2:{i:0;s:19:\"CRM_Core_Permission\";i:1;s:9:\"checkMenu\";}','a:2:{i:0;a:3:{i:0;s:14:\"access CiviCRM\";i:1;s:15:\"edit my contact\";i:2;s:15:\"view my contact\";}i:1;s:2:\"or\";}','s:26:\"CRM_Contact_Page_View_Note\";',NULL,'a:2:{i:0;a:2:{s:5:\"title\";s:7:\"CiviCRM\";s:3:\"url\";s:16:\"/civicrm?reset=1\";}i:1;a:2:{s:5:\"title\";s:15:\"Contact Summary\";s:3:\"url\";s:45:\"/civicrm/contact/view?reset=1&amp;cid=%%cid%%\";}}',NULL,NULL,NULL,NULL,NULL,NULL,0,1,1,0,NULL),(142,1,'civicrm/contact/view/tag','cid=%%cid%%','Tags','a:2:{i:0;s:19:\"CRM_Core_Permission\";i:1;s:9:\"checkMenu\";}','a:2:{i:0;a:3:{i:0;s:14:\"access CiviCRM\";i:1;s:15:\"edit my contact\";i:2;s:15:\"view my contact\";}i:1;s:2:\"or\";}','s:25:\"CRM_Contact_Page_View_Tag\";',NULL,'a:2:{i:0;a:2:{s:5:\"title\";s:7:\"CiviCRM\";s:3:\"url\";s:16:\"/civicrm?reset=1\";}i:1;a:2:{s:5:\"title\";s:15:\"Contact Summary\";s:3:\"url\";s:45:\"/civicrm/contact/view?reset=1&amp;cid=%%cid%%\";}}',NULL,NULL,NULL,NULL,NULL,NULL,0,1,1,0,NULL),(143,1,'civicrm/contact/view/cd',NULL,NULL,'a:2:{i:0;s:19:\"CRM_Core_Permission\";i:1;s:9:\"checkMenu\";}','a:2:{i:0;a:3:{i:0;s:14:\"access CiviCRM\";i:1;s:15:\"edit my contact\";i:2;s:15:\"view my contact\";}i:1;s:2:\"or\";}','s:32:\"CRM_Contact_Page_View_CustomData\";',NULL,'a:2:{i:0;a:2:{s:5:\"title\";s:7:\"CiviCRM\";s:3:\"url\";s:16:\"/civicrm?reset=1\";}i:1;a:2:{s:5:\"title\";s:15:\"Contact Summary\";s:3:\"url\";s:45:\"/civicrm/contact/view?reset=1&amp;cid=%%cid%%\";}}',NULL,NULL,NULL,NULL,NULL,NULL,0,1,1,0,NULL),(144,1,'civicrm/contact/view/cd/edit',NULL,NULL,'a:2:{i:0;s:19:\"CRM_Core_Permission\";i:1;s:9:\"checkMenu\";}','a:2:{i:0;a:3:{i:0;s:14:\"access CiviCRM\";i:1;s:15:\"edit my contact\";i:2;s:15:\"view my contact\";}i:1;s:2:\"or\";}','s:27:\"CRM_Contact_Form_CustomData\";','s:13:\"addSequence=1\";','a:2:{i:0;a:2:{s:5:\"title\";s:7:\"CiviCRM\";s:3:\"url\";s:16:\"/civicrm?reset=1\";}i:1;a:2:{s:5:\"title\";s:15:\"Contact Summary\";s:3:\"url\";s:45:\"/civicrm/contact/view?reset=1&amp;cid=%%cid%%\";}}',NULL,NULL,NULL,NULL,NULL,NULL,0,1,1,0,NULL),(145,1,'civicrm/contact/view/vcard',NULL,NULL,'a:2:{i:0;s:19:\"CRM_Core_Permission\";i:1;s:9:\"checkMenu\";}','a:2:{i:0;a:3:{i:0;s:14:\"access CiviCRM\";i:1;s:15:\"edit my contact\";i:2;s:15:\"view my contact\";}i:1;s:2:\"or\";}','s:27:\"CRM_Contact_Page_View_Vcard\";',NULL,'a:2:{i:0;a:2:{s:5:\"title\";s:7:\"CiviCRM\";s:3:\"url\";s:16:\"/civicrm?reset=1\";}i:1;a:2:{s:5:\"title\";s:15:\"Contact Summary\";s:3:\"url\";s:45:\"/civicrm/contact/view?reset=1&amp;cid=%%cid%%\";}}',NULL,NULL,NULL,NULL,NULL,NULL,0,1,1,0,NULL),(146,1,'civicrm/contact/view/print',NULL,NULL,'a:2:{i:0;s:19:\"CRM_Core_Permission\";i:1;s:9:\"checkMenu\";}','a:2:{i:0;a:3:{i:0;s:14:\"access CiviCRM\";i:1;s:15:\"edit my contact\";i:2;s:15:\"view my contact\";}i:1;s:2:\"or\";}','s:27:\"CRM_Contact_Page_View_Print\";',NULL,'a:2:{i:0;a:2:{s:5:\"title\";s:7:\"CiviCRM\";s:3:\"url\";s:16:\"/civicrm?reset=1\";}i:1;a:2:{s:5:\"title\";s:15:\"Contact Summary\";s:3:\"url\";s:45:\"/civicrm/contact/view?reset=1&amp;cid=%%cid%%\";}}',NULL,NULL,NULL,NULL,NULL,NULL,0,1,1,0,NULL),(147,1,'civicrm/contact/view/log',NULL,NULL,'a:2:{i:0;s:19:\"CRM_Core_Permission\";i:1;s:9:\"checkMenu\";}','a:2:{i:0;a:3:{i:0;s:14:\"access CiviCRM\";i:1;s:15:\"edit my contact\";i:2;s:15:\"view my contact\";}i:1;s:2:\"or\";}','s:25:\"CRM_Contact_Page_View_Log\";',NULL,'a:2:{i:0;a:2:{s:5:\"title\";s:7:\"CiviCRM\";s:3:\"url\";s:16:\"/civicrm?reset=1\";}i:1;a:2:{s:5:\"title\";s:15:\"Contact Summary\";s:3:\"url\";s:45:\"/civicrm/contact/view?reset=1&amp;cid=%%cid%%\";}}',NULL,NULL,NULL,NULL,NULL,NULL,0,1,1,0,NULL),(148,1,'civicrm/user',NULL,'Contact Dashboard','a:2:{i:0;s:19:\"CRM_Core_Permission\";i:1;s:9:\"checkMenu\";}','a:2:{i:0;a:1:{i:0;s:24:\"access Contact Dashboard\";}i:1;s:3:\"and\";}','s:35:\"CRM_Contact_Page_View_UserDashBoard\";',NULL,'a:1:{i:0;a:2:{s:5:\"title\";s:7:\"CiviCRM\";s:3:\"url\";s:16:\"/civicrm?reset=1\";}}',NULL,NULL,NULL,NULL,1,NULL,0,0,1,0,NULL),(149,1,'civicrm/dashlet/activity',NULL,'Activity Dashlet','a:2:{i:0;s:19:\"CRM_Core_Permission\";i:1;s:9:\"checkMenu\";}','a:2:{i:0;a:1:{i:0;s:14:\"access CiviCRM\";}i:1;s:3:\"and\";}','s:25:\"CRM_Dashlet_Page_Activity\";',NULL,'a:2:{i:0;a:2:{s:5:\"title\";s:7:\"CiviCRM\";s:3:\"url\";s:16:\"/civicrm?reset=1\";}i:1;a:2:{s:5:\"title\";s:16:\"CiviCRM Dashlets\";s:3:\"url\";s:24:\"/civicrm/dashlet?reset=1\";}}',NULL,NULL,NULL,NULL,NULL,NULL,0,1,1,0,NULL),(150,1,'civicrm/dashlet/blog',NULL,'CiviCRM Blog','a:2:{i:0;s:19:\"CRM_Core_Permission\";i:1;s:9:\"checkMenu\";}','a:2:{i:0;a:1:{i:0;s:14:\"access CiviCRM\";}i:1;s:3:\"and\";}','s:21:\"CRM_Dashlet_Page_Blog\";',NULL,'a:2:{i:0;a:2:{s:5:\"title\";s:7:\"CiviCRM\";s:3:\"url\";s:16:\"/civicrm?reset=1\";}i:1;a:2:{s:5:\"title\";s:16:\"CiviCRM Dashlets\";s:3:\"url\";s:24:\"/civicrm/dashlet?reset=1\";}}',NULL,NULL,NULL,NULL,NULL,NULL,0,1,1,0,NULL),(151,1,'civicrm/ajax/search',NULL,NULL,'a:2:{i:0;s:19:\"CRM_Core_Permission\";i:1;s:9:\"checkMenu\";}','a:2:{i:0;a:1:{i:0;s:14:\"access CiviCRM\";}i:1;s:3:\"and\";}','a:2:{i:0;s:21:\"CRM_Contact_Page_AJAX\";i:1;s:6:\"search\";}',NULL,'a:1:{i:0;a:2:{s:5:\"title\";s:7:\"CiviCRM\";s:3:\"url\";s:16:\"/civicrm?reset=1\";}}',NULL,NULL,NULL,NULL,NULL,NULL,0,1,1,0,NULL),(152,1,'civicrm/ajax/relation',NULL,NULL,'a:2:{i:0;s:19:\"CRM_Core_Permission\";i:1;s:9:\"checkMenu\";}','a:2:{i:0;a:1:{i:0;s:14:\"access CiviCRM\";}i:1;s:3:\"and\";}','a:2:{i:0;s:21:\"CRM_Contact_Page_AJAX\";i:1;s:12:\"relationship\";}',NULL,'a:1:{i:0;a:2:{s:5:\"title\";s:7:\"CiviCRM\";s:3:\"url\";s:16:\"/civicrm?reset=1\";}}',NULL,NULL,NULL,NULL,NULL,NULL,0,1,1,3,NULL),(153,1,'civicrm/ajax/groupTree',NULL,NULL,'a:2:{i:0;s:19:\"CRM_Core_Permission\";i:1;s:9:\"checkMenu\";}','a:2:{i:0;a:1:{i:0;s:14:\"access CiviCRM\";}i:1;s:3:\"and\";}','a:2:{i:0;s:21:\"CRM_Contact_Page_AJAX\";i:1;s:9:\"groupTree\";}',NULL,'a:1:{i:0;a:2:{s:5:\"title\";s:7:\"CiviCRM\";s:3:\"url\";s:16:\"/civicrm?reset=1\";}}',NULL,NULL,NULL,NULL,NULL,NULL,0,1,1,0,NULL),(154,1,'civicrm/ajax/custom',NULL,NULL,'a:2:{i:0;s:19:\"CRM_Core_Permission\";i:1;s:9:\"checkMenu\";}','a:2:{i:0;a:1:{i:0;s:14:\"access CiviCRM\";}i:1;s:3:\"and\";}','a:2:{i:0;s:21:\"CRM_Contact_Page_AJAX\";i:1;s:11:\"customField\";}',NULL,'a:1:{i:0;a:2:{s:5:\"title\";s:7:\"CiviCRM\";s:3:\"url\";s:16:\"/civicrm?reset=1\";}}',NULL,NULL,NULL,NULL,NULL,NULL,0,1,1,0,NULL),(155,1,'civicrm/ajax/customvalue',NULL,NULL,'a:2:{i:0;s:19:\"CRM_Core_Permission\";i:1;s:9:\"checkMenu\";}','a:2:{i:0;a:1:{i:0;s:14:\"access CiviCRM\";}i:1;s:3:\"and\";}','a:2:{i:0;s:21:\"CRM_Contact_Page_AJAX\";i:1;s:17:\"deleteCustomValue\";}',NULL,'a:1:{i:0;a:2:{s:5:\"title\";s:7:\"CiviCRM\";s:3:\"url\";s:16:\"/civicrm?reset=1\";}}',NULL,NULL,NULL,NULL,NULL,NULL,0,1,1,3,NULL),(156,1,'civicrm/ajax/ed',NULL,NULL,'a:2:{i:0;s:19:\"CRM_Core_Permission\";i:1;s:9:\"checkMenu\";}','a:2:{i:0;a:1:{i:0;s:14:\"access CiviCRM\";}i:1;s:3:\"and\";}','a:2:{i:0;s:21:\"CRM_Contact_Page_AJAX\";i:1;s:13:\"enableDisable\";}',NULL,'a:1:{i:0;a:2:{s:5:\"title\";s:7:\"CiviCRM\";s:3:\"url\";s:16:\"/civicrm?reset=1\";}}',NULL,NULL,NULL,NULL,NULL,NULL,0,1,1,3,NULL),(157,1,'civicrm/ajax/cmsuser',NULL,NULL,'s:1:\"1\";','a:2:{i:0;a:1:{i:0;s:14:\"access CiviCRM\";}i:1;s:3:\"and\";}','a:2:{i:0;s:21:\"CRM_Contact_Page_AJAX\";i:1;s:13:\"checkUserName\";}',NULL,'a:1:{i:0;a:2:{s:5:\"title\";s:7:\"CiviCRM\";s:3:\"url\";s:16:\"/civicrm?reset=1\";}}',NULL,NULL,NULL,NULL,NULL,NULL,0,1,1,0,NULL),(158,1,'civicrm/ajax/checkemail',NULL,NULL,'s:1:\"1\";','a:2:{i:0;a:1:{i:0;s:14:\"access CiviCRM\";}i:1;s:3:\"and\";}','a:2:{i:0;s:21:\"CRM_Contact_Page_AJAX\";i:1;s:15:\"getContactEmail\";}',NULL,'a:1:{i:0;a:2:{s:5:\"title\";s:7:\"CiviCRM\";s:3:\"url\";s:16:\"/civicrm?reset=1\";}}',NULL,NULL,NULL,NULL,NULL,NULL,0,1,1,0,NULL),(159,1,'civicrm/ajax/checkphone',NULL,NULL,'s:1:\"1\";','a:2:{i:0;a:1:{i:0;s:14:\"access CiviCRM\";}i:1;s:3:\"and\";}','a:2:{i:0;s:21:\"CRM_Contact_Page_AJAX\";i:1;s:15:\"getContactPhone\";}',NULL,'a:1:{i:0;a:2:{s:5:\"title\";s:7:\"CiviCRM\";s:3:\"url\";s:16:\"/civicrm?reset=1\";}}',NULL,NULL,NULL,NULL,NULL,NULL,0,1,1,0,NULL),(160,1,'civicrm/ajax/subtype',NULL,NULL,'a:2:{i:0;s:19:\"CRM_Core_Permission\";i:1;s:9:\"checkMenu\";}','a:2:{i:0;a:1:{i:0;s:14:\"access CiviCRM\";}i:1;s:3:\"and\";}','a:2:{i:0;s:21:\"CRM_Contact_Page_AJAX\";i:1;s:13:\"buildSubTypes\";}',NULL,'a:1:{i:0;a:2:{s:5:\"title\";s:7:\"CiviCRM\";s:3:\"url\";s:16:\"/civicrm?reset=1\";}}',NULL,NULL,NULL,NULL,NULL,NULL,0,1,1,0,NULL),(161,1,'civicrm/ajax/dashboard',NULL,NULL,'a:2:{i:0;s:19:\"CRM_Core_Permission\";i:1;s:9:\"checkMenu\";}','a:2:{i:0;a:1:{i:0;s:14:\"access CiviCRM\";}i:1;s:3:\"and\";}','a:2:{i:0;s:21:\"CRM_Contact_Page_AJAX\";i:1;s:9:\"dashboard\";}',NULL,'a:1:{i:0;a:2:{s:5:\"title\";s:7:\"CiviCRM\";s:3:\"url\";s:16:\"/civicrm?reset=1\";}}',NULL,NULL,NULL,NULL,NULL,NULL,0,1,1,3,NULL),(162,1,'civicrm/ajax/signature',NULL,NULL,'a:2:{i:0;s:19:\"CRM_Core_Permission\";i:1;s:9:\"checkMenu\";}','a:2:{i:0;a:1:{i:0;s:14:\"access CiviCRM\";}i:1;s:3:\"and\";}','a:2:{i:0;s:21:\"CRM_Contact_Page_AJAX\";i:1;s:12:\"getSignature\";}',NULL,'a:1:{i:0;a:2:{s:5:\"title\";s:7:\"CiviCRM\";s:3:\"url\";s:16:\"/civicrm?reset=1\";}}',NULL,NULL,NULL,NULL,NULL,NULL,0,1,1,0,NULL),(163,1,'civicrm/ajax/pdfFormat',NULL,NULL,'a:2:{i:0;s:19:\"CRM_Core_Permission\";i:1;s:9:\"checkMenu\";}','a:2:{i:0;a:1:{i:0;s:14:\"access CiviCRM\";}i:1;s:3:\"and\";}','a:2:{i:0;s:21:\"CRM_Contact_Page_AJAX\";i:1;s:9:\"pdfFormat\";}',NULL,'a:1:{i:0;a:2:{s:5:\"title\";s:7:\"CiviCRM\";s:3:\"url\";s:16:\"/civicrm?reset=1\";}}',NULL,NULL,NULL,NULL,NULL,NULL,0,1,1,0,NULL),(164,1,'civicrm/ajax/paperSize',NULL,NULL,'a:2:{i:0;s:19:\"CRM_Core_Permission\";i:1;s:9:\"checkMenu\";}','a:2:{i:0;a:1:{i:0;s:14:\"access CiviCRM\";}i:1;s:3:\"and\";}','a:2:{i:0;s:21:\"CRM_Contact_Page_AJAX\";i:1;s:9:\"paperSize\";}',NULL,'a:1:{i:0;a:2:{s:5:\"title\";s:7:\"CiviCRM\";s:3:\"url\";s:16:\"/civicrm?reset=1\";}}',NULL,NULL,NULL,NULL,NULL,NULL,0,1,1,0,NULL),(165,1,'civicrm/ajax/contactref',NULL,NULL,'a:2:{i:0;s:19:\"CRM_Core_Permission\";i:1;s:9:\"checkMenu\";}','a:2:{i:0;a:2:{i:0;s:31:\"access contact reference fields\";i:1;s:15:\" access CiviCRM\";}i:1;s:2:\"or\";}','a:2:{i:0;s:21:\"CRM_Contact_Page_AJAX\";i:1;s:16:\"contactReference\";}',NULL,'a:1:{i:0;a:2:{s:5:\"title\";s:7:\"CiviCRM\";s:3:\"url\";s:16:\"/civicrm?reset=1\";}}',NULL,NULL,NULL,NULL,NULL,NULL,0,1,1,0,NULL),(166,1,'civicrm/dashlet/myCases',NULL,'Case Dashlet','a:2:{i:0;s:19:\"CRM_Core_Permission\";i:1;s:9:\"checkMenu\";}','a:2:{i:0;a:1:{i:0;s:14:\"access CiviCRM\";}i:1;s:3:\"and\";}','s:24:\"CRM_Dashlet_Page_MyCases\";',NULL,'a:2:{i:0;a:2:{s:5:\"title\";s:7:\"CiviCRM\";s:3:\"url\";s:16:\"/civicrm?reset=1\";}i:1;a:2:{s:5:\"title\";s:16:\"CiviCRM Dashlets\";s:3:\"url\";s:24:\"/civicrm/dashlet?reset=1\";}}',NULL,NULL,NULL,NULL,NULL,NULL,0,1,1,0,NULL),(167,1,'civicrm/dashlet/allCases',NULL,'All Cases Dashlet','a:2:{i:0;s:19:\"CRM_Core_Permission\";i:1;s:9:\"checkMenu\";}','a:2:{i:0;a:1:{i:0;s:31:\"access all cases and activities\";}i:1;s:3:\"and\";}','s:25:\"CRM_Dashlet_Page_AllCases\";',NULL,'a:2:{i:0;a:2:{s:5:\"title\";s:7:\"CiviCRM\";s:3:\"url\";s:16:\"/civicrm?reset=1\";}i:1;a:2:{s:5:\"title\";s:16:\"CiviCRM Dashlets\";s:3:\"url\";s:24:\"/civicrm/dashlet?reset=1\";}}',NULL,NULL,NULL,NULL,NULL,NULL,0,1,1,0,NULL),(168,1,'civicrm/dashlet/casedashboard',NULL,'Case Dashboard Dashlet','a:2:{i:0;s:19:\"CRM_Core_Permission\";i:1;s:9:\"checkMenu\";}','a:2:{i:0;a:1:{i:0;s:14:\"access CiviCRM\";}i:1;s:3:\"and\";}','s:30:\"CRM_Dashlet_Page_CaseDashboard\";',NULL,'a:2:{i:0;a:2:{s:5:\"title\";s:7:\"CiviCRM\";s:3:\"url\";s:16:\"/civicrm?reset=1\";}i:1;a:2:{s:5:\"title\";s:16:\"CiviCRM Dashlets\";s:3:\"url\";s:24:\"/civicrm/dashlet?reset=1\";}}',NULL,NULL,NULL,NULL,NULL,NULL,0,1,1,0,NULL),(169,1,'civicrm/contact/deduperules',NULL,'Find and Merge Duplicate Contacts','a:2:{i:0;s:19:\"CRM_Core_Permission\";i:1;s:9:\"checkMenu\";}','a:2:{i:0;a:2:{i:0;s:23:\"administer dedupe rules\";i:1;s:24:\"merge duplicate contacts\";}i:1;s:2:\"or\";}','s:28:\"CRM_Contact_Page_DedupeRules\";',NULL,'a:1:{i:0;a:2:{s:5:\"title\";s:7:\"CiviCRM\";s:3:\"url\";s:16:\"/civicrm?reset=1\";}}',NULL,NULL,NULL,NULL,NULL,NULL,0,105,1,0,NULL),(170,1,'civicrm/contact/dedupefind',NULL,'Find and Merge Duplicate Contacts','a:2:{i:0;s:19:\"CRM_Core_Permission\";i:1;s:9:\"checkMenu\";}','a:2:{i:0;a:1:{i:0;s:24:\"merge duplicate contacts\";}i:1;s:3:\"and\";}','s:27:\"CRM_Contact_Page_DedupeFind\";',NULL,'a:1:{i:0;a:2:{s:5:\"title\";s:7:\"CiviCRM\";s:3:\"url\";s:16:\"/civicrm?reset=1\";}}',NULL,NULL,NULL,NULL,NULL,NULL,0,1,1,0,NULL),(171,1,'civicrm/ajax/dedupefind',NULL,NULL,'a:2:{i:0;s:19:\"CRM_Core_Permission\";i:1;s:9:\"checkMenu\";}','a:2:{i:0;a:1:{i:0;s:24:\"merge duplicate contacts\";}i:1;s:3:\"and\";}','a:2:{i:0;s:21:\"CRM_Contact_Page_AJAX\";i:1;s:10:\"getDedupes\";}',NULL,'a:1:{i:0;a:2:{s:5:\"title\";s:7:\"CiviCRM\";s:3:\"url\";s:16:\"/civicrm?reset=1\";}}',NULL,NULL,NULL,NULL,NULL,NULL,0,1,1,0,NULL),(172,1,'civicrm/dedupe/exception',NULL,'Dedupe Exceptions','a:2:{i:0;s:19:\"CRM_Core_Permission\";i:1;s:9:\"checkMenu\";}','a:2:{i:0;a:1:{i:0;s:14:\"access CiviCRM\";}i:1;s:3:\"and\";}','s:32:\"CRM_Contact_Page_DedupeException\";',NULL,'a:1:{i:0;a:2:{s:5:\"title\";s:7:\"CiviCRM\";s:3:\"url\";s:16:\"/civicrm?reset=1\";}}',NULL,NULL,NULL,NULL,NULL,NULL,0,110,1,0,NULL),(173,1,'civicrm/ajax/dedupeRules',NULL,NULL,'a:2:{i:0;s:19:\"CRM_Core_Permission\";i:1;s:9:\"checkMenu\";}','a:2:{i:0;a:1:{i:0;s:14:\"access CiviCRM\";}i:1;s:3:\"and\";}','a:2:{i:0;s:21:\"CRM_Contact_Page_AJAX\";i:1;s:16:\"buildDedupeRules\";}',NULL,'a:1:{i:0;a:2:{s:5:\"title\";s:7:\"CiviCRM\";s:3:\"url\";s:16:\"/civicrm?reset=1\";}}',NULL,NULL,NULL,NULL,NULL,NULL,0,1,1,0,NULL),(174,1,'civicrm/contact/view/useradd','cid=%%cid%%','Add User','a:2:{i:0;s:19:\"CRM_Core_Permission\";i:1;s:9:\"checkMenu\";}','a:2:{i:0;a:3:{i:0;s:14:\"access CiviCRM\";i:1;s:15:\"edit my contact\";i:2;s:15:\"view my contact\";}i:1;s:2:\"or\";}','s:29:\"CRM_Contact_Page_View_Useradd\";',NULL,'a:2:{i:0;a:2:{s:5:\"title\";s:7:\"CiviCRM\";s:3:\"url\";s:16:\"/civicrm?reset=1\";}i:1;a:2:{s:5:\"title\";s:15:\"Contact Summary\";s:3:\"url\";s:45:\"/civicrm/contact/view?reset=1&amp;cid=%%cid%%\";}}',NULL,NULL,NULL,NULL,NULL,NULL,0,1,1,0,NULL),(175,1,'civicrm/ajax/markSelection',NULL,NULL,'a:2:{i:0;s:19:\"CRM_Core_Permission\";i:1;s:9:\"checkMenu\";}','a:2:{i:0;a:1:{i:0;s:14:\"access CiviCRM\";}i:1;s:3:\"and\";}','a:2:{i:0;s:21:\"CRM_Contact_Page_AJAX\";i:1;s:22:\"selectUnselectContacts\";}',NULL,'a:1:{i:0;a:2:{s:5:\"title\";s:7:\"CiviCRM\";s:3:\"url\";s:16:\"/civicrm?reset=1\";}}',NULL,NULL,NULL,NULL,NULL,NULL,0,1,1,0,NULL),(176,1,'civicrm/activity/sms/add','action=add','Activities','a:2:{i:0;s:19:\"CRM_Core_Permission\";i:1;s:9:\"checkMenu\";}','a:2:{i:0;a:1:{i:0;s:14:\"access CiviCRM\";}i:1;s:3:\"and\";}','s:25:\"CRM_Contact_Form_Task_SMS\";','s:14:\"attachUpload=1\";','a:2:{i:0;a:2:{s:5:\"title\";s:7:\"CiviCRM\";s:3:\"url\";s:16:\"/civicrm?reset=1\";}i:1;a:2:{s:5:\"title\";s:12:\"New Activity\";s:3:\"url\";s:63:\"/civicrm/activity?reset=1&amp;action=add&amp;context=standalone\";}}',NULL,NULL,NULL,NULL,NULL,NULL,0,1,1,0,NULL),(177,1,'civicrm/ajax/contactrelationships',NULL,NULL,'a:2:{i:0;s:19:\"CRM_Core_Permission\";i:1;s:9:\"checkMenu\";}','a:2:{i:0;a:1:{i:0;s:14:\"access CiviCRM\";}i:1;s:3:\"and\";}','a:2:{i:0;s:21:\"CRM_Contact_Page_AJAX\";i:1;s:23:\"getContactRelationships\";}',NULL,'a:1:{i:0;a:2:{s:5:\"title\";s:7:\"CiviCRM\";s:3:\"url\";s:16:\"/civicrm?reset=1\";}}',NULL,NULL,NULL,NULL,NULL,NULL,0,1,1,0,NULL),(178,1,'civicrm/custom/add',NULL,NULL,'a:2:{i:0;s:19:\"CRM_Core_Permission\";i:1;s:9:\"checkMenu\";}','a:2:{i:0;a:1:{i:0;s:14:\"access CiviCRM\";}i:1;s:3:\"and\";}','s:26:\"CRM_Custom_Form_CustomData\";',NULL,'a:1:{i:0;a:2:{s:5:\"title\";s:7:\"CiviCRM\";s:3:\"url\";s:16:\"/civicrm?reset=1\";}}',NULL,NULL,NULL,NULL,NULL,NULL,0,1,1,0,NULL),(179,1,'civicrm/group',NULL,'Manage Groups','a:2:{i:0;s:19:\"CRM_Core_Permission\";i:1;s:9:\"checkMenu\";}','a:2:{i:0;a:1:{i:0;s:14:\"access CiviCRM\";}i:1;s:3:\"and\";}','s:20:\"CRM_Group_Page_Group\";',NULL,'a:1:{i:0;a:2:{s:5:\"title\";s:7:\"CiviCRM\";s:3:\"url\";s:16:\"/civicrm?reset=1\";}}',NULL,NULL,NULL,NULL,NULL,NULL,0,30,1,1,NULL),(180,1,'civicrm/group/search',NULL,'Group Members','a:2:{i:0;s:19:\"CRM_Core_Permission\";i:1;s:9:\"checkMenu\";}','a:2:{i:0;a:1:{i:0;s:14:\"access CiviCRM\";}i:1;s:3:\"and\";}','s:29:\"CRM_Contact_Controller_Search\";','s:8:\"mode=256\";','a:2:{i:0;a:2:{s:5:\"title\";s:7:\"CiviCRM\";s:3:\"url\";s:16:\"/civicrm?reset=1\";}i:1;a:2:{s:5:\"title\";s:13:\"Manage Groups\";s:3:\"url\";s:22:\"/civicrm/group?reset=1\";}}',NULL,NULL,NULL,NULL,NULL,NULL,0,1,1,0,NULL),(181,1,'civicrm/group/add',NULL,'New Group','a:2:{i:0;s:19:\"CRM_Core_Permission\";i:1;s:9:\"checkMenu\";}','a:2:{i:0;a:1:{i:0;s:11:\"edit groups\";}i:1;s:3:\"and\";}','s:20:\"CRM_Group_Controller\";',NULL,'a:2:{i:0;a:2:{s:5:\"title\";s:7:\"CiviCRM\";s:3:\"url\";s:16:\"/civicrm?reset=1\";}i:1;a:2:{s:5:\"title\";s:13:\"Manage Groups\";s:3:\"url\";s:22:\"/civicrm/group?reset=1\";}}',NULL,NULL,NULL,NULL,NULL,NULL,0,1,1,0,NULL),(182,1,'civicrm/ajax/grouplist',NULL,NULL,'a:2:{i:0;s:19:\"CRM_Core_Permission\";i:1;s:9:\"checkMenu\";}','a:2:{i:0;a:1:{i:0;s:14:\"access CiviCRM\";}i:1;s:3:\"and\";}','a:2:{i:0;s:19:\"CRM_Group_Page_AJAX\";i:1;s:12:\"getGroupList\";}',NULL,'a:1:{i:0;a:2:{s:5:\"title\";s:7:\"CiviCRM\";s:3:\"url\";s:16:\"/civicrm?reset=1\";}}',NULL,NULL,NULL,NULL,NULL,NULL,0,1,1,0,NULL),(183,1,'civicrm/import',NULL,'Import','a:2:{i:0;s:19:\"CRM_Core_Permission\";i:1;s:9:\"checkMenu\";}','a:2:{i:0;a:2:{i:0;s:15:\"import contacts\";i:1;s:14:\"access CiviCRM\";}i:1;s:3:\"and\";}','s:29:\"CRM_Contact_Import_Controller\";',NULL,'a:1:{i:0;a:2:{s:5:\"title\";s:7:\"CiviCRM\";s:3:\"url\";s:16:\"/civicrm?reset=1\";}}',NULL,NULL,NULL,NULL,NULL,NULL,0,400,1,1,NULL),(184,1,'civicrm/import/contact',NULL,'Import Contacts','a:2:{i:0;s:19:\"CRM_Core_Permission\";i:1;s:9:\"checkMenu\";}','a:2:{i:0;a:2:{i:0;s:15:\"import contacts\";i:1;s:14:\"access CiviCRM\";}i:1;s:3:\"and\";}','s:29:\"CRM_Contact_Import_Controller\";',NULL,'a:2:{i:0;a:2:{s:5:\"title\";s:7:\"CiviCRM\";s:3:\"url\";s:16:\"/civicrm?reset=1\";}i:1;a:2:{s:5:\"title\";s:6:\"Import\";s:3:\"url\";s:23:\"/civicrm/import?reset=1\";}}',NULL,NULL,NULL,NULL,NULL,NULL,0,410,1,1,NULL),(185,1,'civicrm/import/activity',NULL,'Import Activities','a:2:{i:0;s:19:\"CRM_Core_Permission\";i:1;s:9:\"checkMenu\";}','a:2:{i:0;a:2:{i:0;s:15:\"import contacts\";i:1;s:14:\"access CiviCRM\";}i:1;s:3:\"and\";}','s:30:\"CRM_Activity_Import_Controller\";',NULL,'a:2:{i:0;a:2:{s:5:\"title\";s:7:\"CiviCRM\";s:3:\"url\";s:16:\"/civicrm?reset=1\";}i:1;a:2:{s:5:\"title\";s:6:\"Import\";s:3:\"url\";s:23:\"/civicrm/import?reset=1\";}}',NULL,NULL,NULL,NULL,NULL,NULL,0,420,1,1,NULL),(186,1,'civicrm/import/custom','id=%%id%%','Import Multi-value Custom Data','a:2:{i:0;s:19:\"CRM_Core_Permission\";i:1;s:9:\"checkMenu\";}','a:2:{i:0;a:1:{i:0;s:14:\"access CiviCRM\";}i:1;s:3:\"and\";}','s:28:\"CRM_Custom_Import_Controller\";',NULL,'a:2:{i:0;a:2:{s:5:\"title\";s:7:\"CiviCRM\";s:3:\"url\";s:16:\"/civicrm?reset=1\";}i:1;a:2:{s:5:\"title\";s:6:\"Import\";s:3:\"url\";s:23:\"/civicrm/import?reset=1\";}}',NULL,NULL,NULL,NULL,NULL,NULL,0,420,1,1,NULL),(187,1,'civicrm/ajax/status',NULL,NULL,'a:2:{i:0;s:19:\"CRM_Core_Permission\";i:1;s:9:\"checkMenu\";}','a:2:{i:0;a:2:{i:0;s:15:\"import contacts\";i:1;s:14:\"access CiviCRM\";}i:1;s:3:\"and\";}','a:2:{i:0;s:28:\"CRM_Contact_Import_Page_AJAX\";i:1;s:6:\"status\";}',NULL,'a:1:{i:0;a:2:{s:5:\"title\";s:7:\"CiviCRM\";s:3:\"url\";s:16:\"/civicrm?reset=1\";}}',NULL,NULL,NULL,NULL,NULL,NULL,0,1,1,0,NULL),(188,1,'civicrm/ajax/jqState',NULL,NULL,'s:1:\"1\";','a:2:{i:0;a:1:{i:0;s:14:\"access CiviCRM\";}i:1;s:3:\"and\";}','a:2:{i:0;s:27:\"CRM_Core_Page_AJAX_Location\";i:1;s:7:\"jqState\";}',NULL,'a:1:{i:0;a:2:{s:5:\"title\";s:7:\"CiviCRM\";s:3:\"url\";s:16:\"/civicrm?reset=1\";}}',NULL,NULL,NULL,NULL,1,NULL,0,1,1,0,NULL),(189,1,'civicrm/ajax/jqCounty',NULL,NULL,'s:1:\"1\";','a:2:{i:0;a:1:{i:0;s:14:\"access CiviCRM\";}i:1;s:3:\"and\";}','a:2:{i:0;s:27:\"CRM_Core_Page_AJAX_Location\";i:1;s:8:\"jqCounty\";}',NULL,'a:1:{i:0;a:2:{s:5:\"title\";s:7:\"CiviCRM\";s:3:\"url\";s:16:\"/civicrm?reset=1\";}}',NULL,NULL,NULL,NULL,1,NULL,0,1,1,0,NULL),(190,1,'civicrm/upgrade',NULL,'Upgrade CiviCRM','a:2:{i:0;s:19:\"CRM_Core_Permission\";i:1;s:9:\"checkMenu\";}','a:2:{i:0;a:2:{i:0;s:18:\"administer CiviCRM\";i:1;s:14:\"access CiviCRM\";}i:1;s:3:\"and\";}','s:24:\"CRM_Upgrade_Page_Upgrade\";',NULL,'a:1:{i:0;a:2:{s:5:\"title\";s:7:\"CiviCRM\";s:3:\"url\";s:16:\"/civicrm?reset=1\";}}',NULL,NULL,NULL,NULL,NULL,NULL,0,1,1,0,NULL),(191,1,'civicrm/export',NULL,'Download Errors','a:2:{i:0;s:19:\"CRM_Core_Permission\";i:1;s:9:\"checkMenu\";}','a:2:{i:0;a:1:{i:0;s:14:\"access CiviCRM\";}i:1;s:3:\"and\";}','a:2:{i:0;s:21:\"CRM_Export_BAO_Export\";i:1;s:6:\"invoke\";}',NULL,'a:1:{i:0;a:2:{s:5:\"title\";s:7:\"CiviCRM\";s:3:\"url\";s:16:\"/civicrm?reset=1\";}}',NULL,NULL,NULL,NULL,NULL,NULL,0,1,1,0,NULL),(192,1,'civicrm/export/contact',NULL,'Export Contacts','a:2:{i:0;s:19:\"CRM_Core_Permission\";i:1;s:9:\"checkMenu\";}','a:2:{i:0;a:1:{i:0;s:14:\"access CiviCRM\";}i:1;s:3:\"and\";}','a:2:{i:0;s:21:\"CRM_Export_BAO_Export\";i:1;s:6:\"invoke\";}',NULL,'a:2:{i:0;a:2:{s:5:\"title\";s:7:\"CiviCRM\";s:3:\"url\";s:16:\"/civicrm?reset=1\";}i:1;a:2:{s:5:\"title\";s:15:\"Download Errors\";s:3:\"url\";s:23:\"/civicrm/export?reset=1\";}}',NULL,NULL,NULL,NULL,NULL,NULL,0,0,1,0,NULL),(193,1,'civicrm/admin/options/acl_role',NULL,'ACL Roles','a:2:{i:0;s:19:\"CRM_Core_Permission\";i:1;s:9:\"checkMenu\";}','a:2:{i:0;a:2:{i:0;s:18:\"administer CiviCRM\";i:1;s:14:\"access CiviCRM\";}i:1;s:3:\"and\";}','s:22:\"CRM_Admin_Page_Options\";',NULL,'a:3:{i:0;a:2:{s:5:\"title\";s:7:\"CiviCRM\";s:3:\"url\";s:16:\"/civicrm?reset=1\";}i:1;a:2:{s:5:\"title\";s:18:\"Administer CiviCRM\";s:3:\"url\";s:22:\"/civicrm/admin?reset=1\";}i:2;a:2:{s:5:\"title\";s:13:\"Option Groups\";s:3:\"url\";s:30:\"/civicrm/admin/options?reset=1\";}}',NULL,NULL,NULL,NULL,NULL,NULL,1,1,1,0,NULL),(194,1,'civicrm/acl',NULL,'Manage ACLs','a:2:{i:0;s:19:\"CRM_Core_Permission\";i:1;s:9:\"checkMenu\";}','a:2:{i:0;a:2:{i:0;s:18:\"administer CiviCRM\";i:1;s:14:\"access CiviCRM\";}i:1;s:3:\"and\";}','s:16:\"CRM_ACL_Page_ACL\";',NULL,'a:1:{i:0;a:2:{s:5:\"title\";s:7:\"CiviCRM\";s:3:\"url\";s:16:\"/civicrm?reset=1\";}}',NULL,NULL,NULL,NULL,NULL,NULL,0,1,1,0,NULL),(195,1,'civicrm/acl/entityrole',NULL,'Assign Users to ACL Roles','a:2:{i:0;s:19:\"CRM_Core_Permission\";i:1;s:9:\"checkMenu\";}','a:2:{i:0;a:2:{i:0;s:18:\"administer CiviCRM\";i:1;s:14:\"access CiviCRM\";}i:1;s:3:\"and\";}','s:23:\"CRM_ACL_Page_EntityRole\";',NULL,'a:2:{i:0;a:2:{s:5:\"title\";s:7:\"CiviCRM\";s:3:\"url\";s:16:\"/civicrm?reset=1\";}i:1;a:2:{s:5:\"title\";s:11:\"Manage ACLs\";s:3:\"url\";s:20:\"/civicrm/acl?reset=1\";}}',NULL,NULL,NULL,NULL,NULL,NULL,0,1,1,0,NULL),(196,1,'civicrm/acl/basic',NULL,'ACL','a:2:{i:0;s:19:\"CRM_Core_Permission\";i:1;s:9:\"checkMenu\";}','a:2:{i:0;a:2:{i:0;s:18:\"administer CiviCRM\";i:1;s:14:\"access CiviCRM\";}i:1;s:3:\"and\";}','s:21:\"CRM_ACL_Page_ACLBasic\";',NULL,'a:2:{i:0;a:2:{s:5:\"title\";s:7:\"CiviCRM\";s:3:\"url\";s:16:\"/civicrm?reset=1\";}i:1;a:2:{s:5:\"title\";s:11:\"Manage ACLs\";s:3:\"url\";s:20:\"/civicrm/acl?reset=1\";}}',NULL,NULL,NULL,NULL,NULL,NULL,0,1,1,0,NULL),(197,1,'civicrm/standalone/register',NULL,'Registration Page','s:1:\"1\";','a:2:{i:0;a:1:{i:0;s:14:\"access CiviCRM\";}i:1;s:3:\"and\";}','s:28:\"CRM_Standalone_Form_Register\";',NULL,'a:1:{i:0;a:2:{s:5:\"title\";s:7:\"CiviCRM\";s:3:\"url\";s:16:\"/civicrm?reset=1\";}}',NULL,NULL,NULL,NULL,1,NULL,0,1,1,0,NULL),(198,1,'civicrm/file',NULL,'Browse Uploaded files','a:2:{i:0;s:19:\"CRM_Core_Permission\";i:1;s:9:\"checkMenu\";}','a:2:{i:0;a:1:{i:0;s:21:\"access uploaded files\";}i:1;s:3:\"and\";}','s:18:\"CRM_Core_Page_File\";',NULL,'a:1:{i:0;a:2:{s:5:\"title\";s:7:\"CiviCRM\";s:3:\"url\";s:16:\"/civicrm?reset=1\";}}',NULL,NULL,NULL,NULL,NULL,NULL,0,1,1,0,NULL),(199,1,'civicrm/file/delete',NULL,'Delete file','a:2:{i:0;s:19:\"CRM_Core_Permission\";i:1;s:9:\"checkMenu\";}','a:2:{i:0;a:1:{i:0;s:14:\"access CiviCRM\";}i:1;s:3:\"and\";}','a:2:{i:0;s:17:\"CRM_Core_BAO_File\";i:1;s:16:\"deleteAttachment\";}',NULL,'a:2:{i:0;a:2:{s:5:\"title\";s:7:\"CiviCRM\";s:3:\"url\";s:16:\"/civicrm?reset=1\";}i:1;a:2:{s:5:\"title\";s:21:\"Browse Uploaded files\";s:3:\"url\";s:21:\"/civicrm/file?reset=1\";}}',NULL,NULL,NULL,NULL,NULL,NULL,0,1,1,0,NULL),(200,1,'civicrm/friend',NULL,'Tell a Friend','s:1:\"1\";','a:2:{i:0;a:1:{i:0;s:14:\"access CiviCRM\";}i:1;s:3:\"and\";}','s:15:\"CRM_Friend_Form\";',NULL,'a:1:{i:0;a:2:{s:5:\"title\";s:7:\"CiviCRM\";s:3:\"url\";s:16:\"/civicrm?reset=1\";}}',NULL,NULL,NULL,NULL,1,NULL,0,1,1,0,NULL),(201,1,'civicrm/logout',NULL,'Log out','a:2:{i:0;s:19:\"CRM_Core_Permission\";i:1;s:9:\"checkMenu\";}','a:2:{i:0;a:1:{i:0;s:14:\"access CiviCRM\";}i:1;s:3:\"and\";}','a:2:{i:0;s:16:\"CRM_Utils_System\";i:1;s:6:\"logout\";}',NULL,'a:1:{i:0;a:2:{s:5:\"title\";s:7:\"CiviCRM\";s:3:\"url\";s:16:\"/civicrm?reset=1\";}}',NULL,NULL,NULL,NULL,NULL,NULL,0,9999,1,1,NULL),(202,1,'civicrm/i18n',NULL,NULL,'a:2:{i:0;s:19:\"CRM_Core_Permission\";i:1;s:9:\"checkMenu\";}','a:2:{i:0;a:1:{i:0;s:17:\"translate CiviCRM\";}i:1;s:3:\"and\";}','s:18:\"CRM_Core_I18n_Form\";',NULL,'a:1:{i:0;a:2:{s:5:\"title\";s:7:\"CiviCRM\";s:3:\"url\";s:16:\"/civicrm?reset=1\";}}',NULL,NULL,NULL,NULL,NULL,NULL,0,1,1,0,NULL),(203,1,'civicrm/ajax/doc',NULL,NULL,'a:2:{i:0;s:19:\"CRM_Core_Permission\";i:1;s:9:\"checkMenu\";}','a:2:{i:0;a:1:{i:0;s:14:\"access CiviCRM\";}i:1;s:3:\"and\";}','a:2:{i:0;s:14:\"CRM_Utils_REST\";i:1;s:7:\"ajaxDoc\";}',NULL,'a:1:{i:0;a:2:{s:5:\"title\";s:7:\"CiviCRM\";s:3:\"url\";s:16:\"/civicrm?reset=1\";}}',NULL,NULL,NULL,NULL,NULL,NULL,0,1,1,0,NULL),(204,1,'civicrm/api/explorer',NULL,NULL,'a:2:{i:0;s:19:\"CRM_Core_Permission\";i:1;s:9:\"checkMenu\";}','a:2:{i:0;a:1:{i:0;s:14:\"access CiviCRM\";}i:1;s:3:\"and\";}','s:26:\"CRM_Admin_Page_APIExplorer\";',NULL,'a:1:{i:0;a:2:{s:5:\"title\";s:7:\"CiviCRM\";s:3:\"url\";s:16:\"/civicrm?reset=1\";}}',NULL,NULL,NULL,NULL,NULL,NULL,0,1,1,0,NULL),(205,1,'civicrm/api/doc',NULL,NULL,'a:2:{i:0;s:19:\"CRM_Core_Permission\";i:1;s:9:\"checkMenu\";}','a:2:{i:0;a:1:{i:0;s:14:\"access CiviCRM\";}i:1;s:3:\"and\";}','s:21:\"CRM_Admin_Page_APIDoc\";',NULL,'a:1:{i:0;a:2:{s:5:\"title\";s:7:\"CiviCRM\";s:3:\"url\";s:16:\"/civicrm?reset=1\";}}',NULL,NULL,NULL,NULL,NULL,NULL,0,1,1,0,NULL),(206,1,'civicrm/ajax/rest',NULL,NULL,'a:2:{i:0;s:19:\"CRM_Core_Permission\";i:1;s:9:\"checkMenu\";}','a:2:{i:0;a:2:{i:0;s:14:\"access CiviCRM\";i:1;s:15:\"access AJAX API\";}i:1;s:2:\"or\";}','a:2:{i:0;s:14:\"CRM_Utils_REST\";i:1;s:4:\"ajax\";}',NULL,'a:1:{i:0;a:2:{s:5:\"title\";s:7:\"CiviCRM\";s:3:\"url\";s:16:\"/civicrm?reset=1\";}}',NULL,NULL,NULL,NULL,NULL,NULL,0,1,1,0,NULL),(207,1,'civicrm/api/json',NULL,NULL,'a:2:{i:0;s:19:\"CRM_Core_Permission\";i:1;s:9:\"checkMenu\";}','a:2:{i:0;a:1:{i:0;s:14:\"access CiviCRM\";}i:1;s:3:\"and\";}','a:2:{i:0;s:14:\"CRM_Utils_REST\";i:1;s:8:\"ajaxJson\";}',NULL,'a:1:{i:0;a:2:{s:5:\"title\";s:7:\"CiviCRM\";s:3:\"url\";s:16:\"/civicrm?reset=1\";}}',NULL,NULL,NULL,NULL,NULL,NULL,0,1,1,0,NULL),(208,1,'civicrm/inline',NULL,NULL,'a:2:{i:0;s:19:\"CRM_Core_Permission\";i:1;s:9:\"checkMenu\";}','a:2:{i:0;a:1:{i:0;s:14:\"access CiviCRM\";}i:1;s:3:\"and\";}','a:2:{i:0;s:14:\"CRM_Utils_REST\";i:1;s:12:\"loadTemplate\";}',NULL,'a:1:{i:0;a:2:{s:5:\"title\";s:7:\"CiviCRM\";s:3:\"url\";s:16:\"/civicrm?reset=1\";}}',NULL,NULL,NULL,NULL,NULL,NULL,0,1,1,0,NULL),(209,1,'civicrm/ajax/chart',NULL,NULL,'a:2:{i:0;s:19:\"CRM_Core_Permission\";i:1;s:9:\"checkMenu\";}','a:2:{i:0;a:1:{i:0;s:14:\"access CiviCRM\";}i:1;s:3:\"and\";}','s:38:\"CRM_Contribute_Form_ContributionCharts\";',NULL,'a:1:{i:0;a:2:{s:5:\"title\";s:7:\"CiviCRM\";s:3:\"url\";s:16:\"/civicrm?reset=1\";}}',NULL,NULL,NULL,NULL,NULL,NULL,0,1,1,0,NULL),(210,1,'civicrm/contribute/ajax/tableview',NULL,NULL,'a:2:{i:0;s:19:\"CRM_Core_Permission\";i:1;s:9:\"checkMenu\";}','a:2:{i:0;a:1:{i:0;s:14:\"access CiviCRM\";}i:1;s:3:\"and\";}','s:29:\"CRM_Contribute_Page_DashBoard\";',NULL,'a:2:{i:0;a:2:{s:5:\"title\";s:7:\"CiviCRM\";s:3:\"url\";s:16:\"/civicrm?reset=1\";}i:1;a:2:{s:5:\"title\";s:24:\"CiviContribute Dashboard\";s:3:\"url\";s:27:\"/civicrm/contribute?reset=1\";}}',NULL,NULL,2,NULL,NULL,NULL,0,1,1,0,NULL),(211,1,'civicrm/payment/ipn',NULL,NULL,'s:1:\"1\";','a:2:{i:0;a:1:{i:0;s:21:\"access CiviContribute\";}i:1;s:3:\"and\";}','a:2:{i:0;s:16:\"CRM_Core_Payment\";i:1;s:9:\"handleIPN\";}',NULL,'a:2:{i:0;a:2:{s:5:\"title\";s:7:\"CiviCRM\";s:3:\"url\";s:16:\"/civicrm?reset=1\";}i:1;a:2:{s:5:\"title\";s:11:\"New Payment\";s:3:\"url\";s:39:\"/civicrm/payment?reset=1&amp;action=add\";}}',NULL,NULL,2,NULL,1,NULL,0,1,1,0,NULL),(212,1,'civicrm/batch',NULL,'Batch Data Entry','a:2:{i:0;s:19:\"CRM_Core_Permission\";i:1;s:9:\"checkMenu\";}','a:2:{i:0;a:1:{i:0;s:21:\"access CiviContribute\";}i:1;s:3:\"and\";}','s:20:\"CRM_Batch_Page_Batch\";',NULL,'a:1:{i:0;a:2:{s:5:\"title\";s:7:\"CiviCRM\";s:3:\"url\";s:16:\"/civicrm?reset=1\";}}',NULL,NULL,NULL,NULL,NULL,NULL,0,1,1,0,NULL),(213,1,'civicrm/batch/add',NULL,NULL,'a:2:{i:0;s:19:\"CRM_Core_Permission\";i:1;s:9:\"checkMenu\";}','a:2:{i:0;a:1:{i:0;s:21:\"access CiviContribute\";}i:1;s:3:\"and\";}','s:20:\"CRM_Batch_Form_Batch\";',NULL,'a:2:{i:0;a:2:{s:5:\"title\";s:7:\"CiviCRM\";s:3:\"url\";s:16:\"/civicrm?reset=1\";}i:1;a:2:{s:5:\"title\";s:16:\"Batch Data Entry\";s:3:\"url\";s:22:\"/civicrm/batch?reset=1\";}}',NULL,NULL,NULL,NULL,NULL,NULL,0,1,1,0,NULL),(214,1,'civicrm/batch/entry',NULL,NULL,'a:2:{i:0;s:19:\"CRM_Core_Permission\";i:1;s:9:\"checkMenu\";}','a:2:{i:0;a:1:{i:0;s:21:\"access CiviContribute\";}i:1;s:3:\"and\";}','s:20:\"CRM_Batch_Form_Entry\";',NULL,'a:2:{i:0;a:2:{s:5:\"title\";s:7:\"CiviCRM\";s:3:\"url\";s:16:\"/civicrm?reset=1\";}i:1;a:2:{s:5:\"title\";s:16:\"Batch Data Entry\";s:3:\"url\";s:22:\"/civicrm/batch?reset=1\";}}',NULL,NULL,NULL,NULL,NULL,NULL,0,1,1,0,NULL),(215,1,'civicrm/ajax/batch',NULL,NULL,'a:2:{i:0;s:19:\"CRM_Core_Permission\";i:1;s:9:\"checkMenu\";}','a:2:{i:0;a:1:{i:0;s:21:\"access CiviContribute\";}i:1;s:3:\"and\";}','a:2:{i:0;s:19:\"CRM_Batch_Page_AJAX\";i:1;s:9:\"batchSave\";}',NULL,'a:1:{i:0;a:2:{s:5:\"title\";s:7:\"CiviCRM\";s:3:\"url\";s:16:\"/civicrm?reset=1\";}}',NULL,NULL,NULL,NULL,NULL,NULL,0,1,1,0,NULL),(216,1,'civicrm/ajax/batchlist',NULL,NULL,'a:2:{i:0;s:19:\"CRM_Core_Permission\";i:1;s:9:\"checkMenu\";}','a:2:{i:0;a:1:{i:0;s:14:\"access CiviCRM\";}i:1;s:3:\"and\";}','a:2:{i:0;s:19:\"CRM_Batch_Page_AJAX\";i:1;s:12:\"getBatchList\";}',NULL,'a:1:{i:0;a:2:{s:5:\"title\";s:7:\"CiviCRM\";s:3:\"url\";s:16:\"/civicrm?reset=1\";}}',NULL,NULL,NULL,NULL,NULL,NULL,0,1,1,0,NULL),(217,1,'civicrm/ajax/inline',NULL,NULL,'a:2:{i:0;s:19:\"CRM_Core_Permission\";i:1;s:9:\"checkMenu\";}','a:2:{i:0;a:1:{i:0;s:14:\"access CiviCRM\";}i:1;s:3:\"and\";}','a:2:{i:0;s:18:\"CRM_Core_Page_AJAX\";i:1;s:3:\"run\";}',NULL,'a:1:{i:0;a:2:{s:5:\"title\";s:7:\"CiviCRM\";s:3:\"url\";s:16:\"/civicrm?reset=1\";}}',NULL,NULL,NULL,NULL,NULL,NULL,0,1,1,0,NULL),(218,1,'civicrm/dev/qunit',NULL,'QUnit','a:2:{i:0;s:19:\"CRM_Core_Permission\";i:1;s:9:\"checkMenu\";}','a:2:{i:0;a:1:{i:0;s:18:\"administer CiviCRM\";}i:1;s:3:\"and\";}','s:19:\"CRM_Core_Page_QUnit\";',NULL,'a:1:{i:0;a:2:{s:5:\"title\";s:7:\"CiviCRM\";s:3:\"url\";s:16:\"/civicrm?reset=1\";}}',NULL,NULL,NULL,NULL,NULL,NULL,0,1,1,0,NULL),(219,1,'civicrm/profile-editor/schema',NULL,'ProfileEditor','a:2:{i:0;s:19:\"CRM_Core_Permission\";i:1;s:9:\"checkMenu\";}','a:2:{i:0;a:1:{i:0;s:14:\"access CiviCRM\";}i:1;s:3:\"and\";}','a:2:{i:0;s:25:\"CRM_UF_Page_ProfileEditor\";i:1;s:13:\"getSchemaJSON\";}',NULL,'a:1:{i:0;a:2:{s:5:\"title\";s:7:\"CiviCRM\";s:3:\"url\";s:16:\"/civicrm?reset=1\";}}',NULL,NULL,NULL,NULL,NULL,NULL,0,1,1,0,NULL),(220,1,'civicrm/pcp',NULL,NULL,'s:1:\"1\";','a:2:{i:0;a:1:{i:0;s:14:\"access CiviCRM\";}i:1;s:3:\"and\";}','s:16:\"CRM_PCP_Form_PCP\";',NULL,'a:1:{i:0;a:2:{s:5:\"title\";s:7:\"CiviCRM\";s:3:\"url\";s:16:\"/civicrm?reset=1\";}}',NULL,NULL,NULL,NULL,1,NULL,0,1,1,0,NULL),(221,1,'civicrm/pcp/campaign',NULL,'Setup a Personal Campaign Page - Account Information','s:1:\"1\";','a:2:{i:0;a:1:{i:0;s:25:\"make online contributions\";}i:1;s:3:\"and\";}','s:22:\"CRM_PCP_Controller_PCP\";',NULL,'a:1:{i:0;a:2:{s:5:\"title\";s:7:\"CiviCRM\";s:3:\"url\";s:16:\"/civicrm?reset=1\";}}',NULL,NULL,NULL,NULL,1,NULL,0,0,1,0,NULL),(222,1,'civicrm/pcp/info',NULL,NULL,'s:1:\"1\";','a:2:{i:0;a:1:{i:0;s:14:\"access CiviCRM\";}i:1;s:3:\"and\";}','s:20:\"CRM_PCP_Page_PCPInfo\";',NULL,'a:1:{i:0;a:2:{s:5:\"title\";s:7:\"CiviCRM\";s:3:\"url\";s:16:\"/civicrm?reset=1\";}}',NULL,NULL,NULL,NULL,1,NULL,0,1,1,0,NULL),(223,1,'civicrm/admin/pcp','context=contribute','Personal Campaign Pages','a:2:{i:0;s:19:\"CRM_Core_Permission\";i:1;s:9:\"checkMenu\";}','a:2:{i:0;a:2:{i:0;s:18:\"administer CiviCRM\";i:1;s:14:\"access CiviCRM\";}i:1;s:3:\"and\";}','s:16:\"CRM_PCP_Page_PCP\";',NULL,'a:2:{i:0;a:2:{s:5:\"title\";s:7:\"CiviCRM\";s:3:\"url\";s:16:\"/civicrm?reset=1\";}i:1;a:2:{s:5:\"title\";s:18:\"Administer CiviCRM\";s:3:\"url\";s:22:\"/civicrm/admin?reset=1\";}}',NULL,NULL,NULL,NULL,NULL,NULL,1,362,1,0,NULL),(224,1,'civicrm/profile',NULL,NULL,'s:1:\"1\";','a:2:{i:0;a:1:{i:0;s:14:\"access CiviCRM\";}i:1;s:3:\"and\";}','s:23:\"CRM_Profile_Page_Router\";',NULL,'a:1:{i:0;a:2:{s:5:\"title\";s:7:\"CiviCRM\";s:3:\"url\";s:16:\"/civicrm?reset=1\";}}',NULL,NULL,NULL,NULL,1,NULL,0,0,1,0,NULL),(225,1,'civicrm/profile/create',NULL,'CiviCRM Profile Create','s:1:\"1\";','a:2:{i:0;a:1:{i:0;s:14:\"access CiviCRM\";}i:1;s:3:\"and\";}','s:23:\"CRM_Profile_Page_Router\";',NULL,'a:1:{i:0;a:2:{s:5:\"title\";s:7:\"CiviCRM\";s:3:\"url\";s:16:\"/civicrm?reset=1\";}}',NULL,NULL,NULL,NULL,1,NULL,0,0,1,0,NULL),(226,1,'civicrm/profile/view',NULL,NULL,'s:1:\"1\";','a:2:{i:0;a:1:{i:0;s:14:\"access CiviCRM\";}i:1;s:3:\"and\";}','s:21:\"CRM_Profile_Page_View\";',NULL,'a:1:{i:0;a:2:{s:5:\"title\";s:7:\"CiviCRM\";s:3:\"url\";s:16:\"/civicrm?reset=1\";}}',NULL,NULL,NULL,NULL,1,NULL,0,1,1,0,NULL),(227,1,'civicrm/event',NULL,'CiviEvent Dashboard','a:2:{i:0;s:19:\"CRM_Core_Permission\";i:1;s:9:\"checkMenu\";}','a:2:{i:0;a:1:{i:0;s:16:\"access CiviEvent\";}i:1;s:3:\"and\";}','s:24:\"CRM_Event_Page_DashBoard\";',NULL,'a:1:{i:0;a:2:{s:5:\"title\";s:7:\"CiviCRM\";s:3:\"url\";s:16:\"/civicrm?reset=1\";}}',NULL,NULL,1,NULL,NULL,NULL,0,800,1,1,NULL),(228,1,'civicrm/participant/add','action=add','Register New Participant','a:2:{i:0;s:19:\"CRM_Core_Permission\";i:1;s:9:\"checkMenu\";}','a:2:{i:0;a:1:{i:0;s:16:\"access CiviEvent\";}i:1;s:3:\"and\";}','s:18:\"CRM_Event_Page_Tab\";',NULL,'a:1:{i:0;a:2:{s:5:\"title\";s:7:\"CiviCRM\";s:3:\"url\";s:16:\"/civicrm?reset=1\";}}',NULL,NULL,NULL,NULL,NULL,NULL,0,1,1,0,NULL),(229,1,'civicrm/event/info',NULL,'Event Information','s:1:\"1\";','a:2:{i:0;a:1:{i:0;s:16:\"access CiviEvent\";}i:1;s:3:\"and\";}','s:24:\"CRM_Event_Page_EventInfo\";',NULL,'a:2:{i:0;a:2:{s:5:\"title\";s:7:\"CiviCRM\";s:3:\"url\";s:16:\"/civicrm?reset=1\";}i:1;a:2:{s:5:\"title\";s:19:\"CiviEvent Dashboard\";s:3:\"url\";s:22:\"/civicrm/event?reset=1\";}}',NULL,NULL,1,NULL,1,NULL,0,1,1,0,NULL),(230,1,'civicrm/event/register',NULL,'Event Registration','s:1:\"1\";','a:2:{i:0;a:1:{i:0;s:16:\"access CiviEvent\";}i:1;s:3:\"and\";}','s:33:\"CRM_Event_Controller_Registration\";',NULL,'a:2:{i:0;a:2:{s:5:\"title\";s:7:\"CiviCRM\";s:3:\"url\";s:16:\"/civicrm?reset=1\";}i:1;a:2:{s:5:\"title\";s:19:\"CiviEvent Dashboard\";s:3:\"url\";s:22:\"/civicrm/event?reset=1\";}}',NULL,NULL,1,NULL,1,NULL,1,1,1,0,NULL),(231,1,'civicrm/event/confirm',NULL,'Confirm Event Registration','s:1:\"1\";','a:2:{i:0;a:1:{i:0;s:16:\"access CiviEvent\";}i:1;s:3:\"and\";}','s:46:\"CRM_Event_Form_Registration_ParticipantConfirm\";',NULL,'a:2:{i:0;a:2:{s:5:\"title\";s:7:\"CiviCRM\";s:3:\"url\";s:16:\"/civicrm?reset=1\";}i:1;a:2:{s:5:\"title\";s:19:\"CiviEvent Dashboard\";s:3:\"url\";s:22:\"/civicrm/event?reset=1\";}}',NULL,NULL,1,NULL,1,NULL,1,1,1,0,NULL),(232,1,'civicrm/event/ical',NULL,'Current and Upcoming Events','a:2:{i:0;s:19:\"CRM_Core_Permission\";i:1;s:9:\"checkMenu\";}','a:2:{i:0;a:1:{i:0;s:15:\"view event info\";}i:1;s:3:\"and\";}','s:24:\"CRM_Event_Page_ICalendar\";',NULL,'a:2:{i:0;a:2:{s:5:\"title\";s:7:\"CiviCRM\";s:3:\"url\";s:16:\"/civicrm?reset=1\";}i:1;a:2:{s:5:\"title\";s:19:\"CiviEvent Dashboard\";s:3:\"url\";s:22:\"/civicrm/event?reset=1\";}}',NULL,NULL,1,NULL,1,NULL,0,0,1,0,NULL),(233,1,'civicrm/event/participant',NULL,'Event Participants List','a:2:{i:0;s:19:\"CRM_Core_Permission\";i:1;s:9:\"checkMenu\";}','a:2:{i:0;a:1:{i:0;s:23:\"view event participants\";}i:1;s:3:\"and\";}','s:33:\"CRM_Event_Page_ParticipantListing\";',NULL,'a:2:{i:0;a:2:{s:5:\"title\";s:7:\"CiviCRM\";s:3:\"url\";s:16:\"/civicrm?reset=1\";}i:1;a:2:{s:5:\"title\";s:19:\"CiviEvent Dashboard\";s:3:\"url\";s:22:\"/civicrm/event?reset=1\";}}',NULL,NULL,1,NULL,1,NULL,0,0,1,0,NULL),(234,1,'civicrm/admin/event',NULL,'Manage Events','a:2:{i:0;s:19:\"CRM_Core_Permission\";i:1;s:9:\"checkMenu\";}','a:2:{i:0;a:1:{i:0;s:16:\"access CiviEvent\";}i:1;s:3:\"and\";}','s:26:\"CRM_Event_Page_ManageEvent\";',NULL,'a:2:{i:0;a:2:{s:5:\"title\";s:7:\"CiviCRM\";s:3:\"url\";s:16:\"/civicrm?reset=1\";}i:1;a:2:{s:5:\"title\";s:18:\"Administer CiviCRM\";s:3:\"url\";s:22:\"/civicrm/admin?reset=1\";}}',NULL,NULL,NULL,NULL,NULL,NULL,1,370,1,0,NULL),(235,1,'civicrm/admin/eventTemplate',NULL,'Event Templates','a:2:{i:0;s:19:\"CRM_Core_Permission\";i:1;s:9:\"checkMenu\";}','a:2:{i:0;a:1:{i:0;s:16:\"access CiviEvent\";}i:1;s:3:\"and\";}','s:28:\"CRM_Admin_Page_EventTemplate\";',NULL,'a:2:{i:0;a:2:{s:5:\"title\";s:7:\"CiviCRM\";s:3:\"url\";s:16:\"/civicrm?reset=1\";}i:1;a:2:{s:5:\"title\";s:18:\"Administer CiviCRM\";s:3:\"url\";s:22:\"/civicrm/admin?reset=1\";}}',NULL,NULL,NULL,NULL,NULL,NULL,1,375,1,0,NULL),(236,1,'civicrm/admin/options/event_type',NULL,'Event Types','a:2:{i:0;s:19:\"CRM_Core_Permission\";i:1;s:9:\"checkMenu\";}','a:2:{i:0;a:2:{i:0;s:18:\"administer CiviCRM\";i:1;s:16:\"access CiviEvent\";}i:1;s:3:\"and\";}','s:22:\"CRM_Admin_Page_Options\";',NULL,'a:3:{i:0;a:2:{s:5:\"title\";s:7:\"CiviCRM\";s:3:\"url\";s:16:\"/civicrm?reset=1\";}i:1;a:2:{s:5:\"title\";s:18:\"Administer CiviCRM\";s:3:\"url\";s:22:\"/civicrm/admin?reset=1\";}i:2;a:2:{s:5:\"title\";s:13:\"Option Groups\";s:3:\"url\";s:30:\"/civicrm/admin/options?reset=1\";}}',NULL,NULL,NULL,NULL,NULL,NULL,1,385,1,0,NULL),(237,1,'civicrm/admin/participant_status',NULL,'Participant Status','a:2:{i:0;s:19:\"CRM_Core_Permission\";i:1;s:9:\"checkMenu\";}','a:2:{i:0;a:2:{i:0;s:18:\"administer CiviCRM\";i:1;s:16:\"access CiviEvent\";}i:1;s:3:\"and\";}','s:32:\"CRM_Admin_Page_ParticipantStatus\";',NULL,'a:2:{i:0;a:2:{s:5:\"title\";s:7:\"CiviCRM\";s:3:\"url\";s:16:\"/civicrm?reset=1\";}i:1;a:2:{s:5:\"title\";s:18:\"Administer CiviCRM\";s:3:\"url\";s:22:\"/civicrm/admin?reset=1\";}}',NULL,NULL,NULL,NULL,NULL,NULL,1,390,1,0,NULL),(238,1,'civicrm/admin/options/participant_role',NULL,'Participant Role','a:2:{i:0;s:19:\"CRM_Core_Permission\";i:1;s:9:\"checkMenu\";}','a:2:{i:0;a:2:{i:0;s:18:\"administer CiviCRM\";i:1;s:16:\"access CiviEvent\";}i:1;s:3:\"and\";}','s:22:\"CRM_Admin_Page_Options\";',NULL,'a:3:{i:0;a:2:{s:5:\"title\";s:7:\"CiviCRM\";s:3:\"url\";s:16:\"/civicrm?reset=1\";}i:1;a:2:{s:5:\"title\";s:18:\"Administer CiviCRM\";s:3:\"url\";s:22:\"/civicrm/admin?reset=1\";}i:2;a:2:{s:5:\"title\";s:13:\"Option Groups\";s:3:\"url\";s:30:\"/civicrm/admin/options?reset=1\";}}',NULL,NULL,NULL,NULL,NULL,NULL,1,395,1,0,NULL),(239,1,'civicrm/admin/options/participant_listing',NULL,'Participant Listing Templates','a:2:{i:0;s:19:\"CRM_Core_Permission\";i:1;s:9:\"checkMenu\";}','a:2:{i:0;a:2:{i:0;s:18:\"administer CiviCRM\";i:1;s:14:\"access CiviCRM\";}i:1;s:3:\"and\";}','s:22:\"CRM_Admin_Page_Options\";',NULL,'a:3:{i:0;a:2:{s:5:\"title\";s:7:\"CiviCRM\";s:3:\"url\";s:16:\"/civicrm?reset=1\";}i:1;a:2:{s:5:\"title\";s:18:\"Administer CiviCRM\";s:3:\"url\";s:22:\"/civicrm/admin?reset=1\";}i:2;a:2:{s:5:\"title\";s:13:\"Option Groups\";s:3:\"url\";s:30:\"/civicrm/admin/options?reset=1\";}}',NULL,NULL,NULL,NULL,NULL,NULL,1,398,1,0,NULL),(240,1,'civicrm/admin/conference_slots','group=conference_slot','Conference Slot Labels','a:2:{i:0;s:19:\"CRM_Core_Permission\";i:1;s:9:\"checkMenu\";}','a:2:{i:0;a:2:{i:0;s:18:\"administer CiviCRM\";i:1;s:16:\"access CiviEvent\";}i:1;s:3:\"and\";}','s:22:\"CRM_Admin_Page_Options\";',NULL,'a:2:{i:0;a:2:{s:5:\"title\";s:7:\"CiviCRM\";s:3:\"url\";s:16:\"/civicrm?reset=1\";}i:1;a:2:{s:5:\"title\";s:18:\"Administer CiviCRM\";s:3:\"url\";s:22:\"/civicrm/admin?reset=1\";}}',NULL,NULL,NULL,NULL,NULL,NULL,1,415,1,0,NULL),(241,1,'civicrm/event/search',NULL,'Find Participants','a:2:{i:0;s:19:\"CRM_Core_Permission\";i:1;s:9:\"checkMenu\";}','a:2:{i:0;a:1:{i:0;s:16:\"access CiviEvent\";}i:1;s:3:\"and\";}','s:27:\"CRM_Event_Controller_Search\";',NULL,'a:2:{i:0;a:2:{s:5:\"title\";s:7:\"CiviCRM\";s:3:\"url\";s:16:\"/civicrm?reset=1\";}i:1;a:2:{s:5:\"title\";s:19:\"CiviEvent Dashboard\";s:3:\"url\";s:22:\"/civicrm/event?reset=1\";}}',NULL,NULL,1,NULL,NULL,NULL,0,810,1,1,NULL),(242,1,'civicrm/event/manage',NULL,'Manage Events','a:2:{i:0;s:19:\"CRM_Core_Permission\";i:1;s:9:\"checkMenu\";}','a:2:{i:0;a:1:{i:0;s:16:\"access CiviEvent\";}i:1;s:3:\"and\";}','s:26:\"CRM_Event_Page_ManageEvent\";',NULL,'a:2:{i:0;a:2:{s:5:\"title\";s:7:\"CiviCRM\";s:3:\"url\";s:16:\"/civicrm?reset=1\";}i:1;a:2:{s:5:\"title\";s:19:\"CiviEvent Dashboard\";s:3:\"url\";s:22:\"/civicrm/event?reset=1\";}}',NULL,NULL,1,NULL,NULL,NULL,1,820,1,1,NULL),(243,1,'civicrm/event/badge',NULL,'Print Event Name Badge','a:2:{i:0;s:19:\"CRM_Core_Permission\";i:1;s:9:\"checkMenu\";}','a:2:{i:0;a:1:{i:0;s:16:\"access CiviEvent\";}i:1;s:3:\"and\";}','s:25:\"CRM_Event_Form_Task_Badge\";',NULL,'a:2:{i:0;a:2:{s:5:\"title\";s:7:\"CiviCRM\";s:3:\"url\";s:16:\"/civicrm?reset=1\";}i:1;a:2:{s:5:\"title\";s:19:\"CiviEvent Dashboard\";s:3:\"url\";s:22:\"/civicrm/event?reset=1\";}}',NULL,NULL,1,NULL,NULL,NULL,0,1,1,0,NULL),(244,1,'civicrm/event/manage/settings',NULL,'Event Info and Settings','a:2:{i:0;s:19:\"CRM_Core_Permission\";i:1;s:9:\"checkMenu\";}','a:2:{i:0;a:1:{i:0;s:16:\"access CiviEvent\";}i:1;s:3:\"and\";}','s:36:\"CRM_Event_Form_ManageEvent_EventInfo\";',NULL,'a:3:{i:0;a:2:{s:5:\"title\";s:7:\"CiviCRM\";s:3:\"url\";s:16:\"/civicrm?reset=1\";}i:1;a:2:{s:5:\"title\";s:19:\"CiviEvent Dashboard\";s:3:\"url\";s:22:\"/civicrm/event?reset=1\";}i:2;a:2:{s:5:\"title\";s:13:\"Manage Events\";s:3:\"url\";s:29:\"/civicrm/event/manage?reset=1\";}}',NULL,NULL,1,NULL,NULL,NULL,1,910,1,0,NULL),(245,1,'civicrm/event/manage/location',NULL,'Event Location','a:2:{i:0;s:19:\"CRM_Core_Permission\";i:1;s:9:\"checkMenu\";}','a:2:{i:0;a:1:{i:0;s:16:\"access CiviEvent\";}i:1;s:3:\"and\";}','s:35:\"CRM_Event_Form_ManageEvent_Location\";',NULL,'a:3:{i:0;a:2:{s:5:\"title\";s:7:\"CiviCRM\";s:3:\"url\";s:16:\"/civicrm?reset=1\";}i:1;a:2:{s:5:\"title\";s:19:\"CiviEvent Dashboard\";s:3:\"url\";s:22:\"/civicrm/event?reset=1\";}i:2;a:2:{s:5:\"title\";s:13:\"Manage Events\";s:3:\"url\";s:29:\"/civicrm/event/manage?reset=1\";}}',NULL,NULL,1,NULL,NULL,NULL,1,930,1,0,NULL),(246,1,'civicrm/event/manage/fee',NULL,'Event Fees','a:2:{i:0;s:19:\"CRM_Core_Permission\";i:1;s:9:\"checkMenu\";}','a:2:{i:0;a:1:{i:0;s:16:\"access CiviEvent\";}i:1;s:3:\"and\";}','s:30:\"CRM_Event_Form_ManageEvent_Fee\";',NULL,'a:3:{i:0;a:2:{s:5:\"title\";s:7:\"CiviCRM\";s:3:\"url\";s:16:\"/civicrm?reset=1\";}i:1;a:2:{s:5:\"title\";s:19:\"CiviEvent Dashboard\";s:3:\"url\";s:22:\"/civicrm/event?reset=1\";}i:2;a:2:{s:5:\"title\";s:13:\"Manage Events\";s:3:\"url\";s:29:\"/civicrm/event/manage?reset=1\";}}',NULL,NULL,1,NULL,NULL,NULL,1,920,1,0,NULL),(247,1,'civicrm/event/manage/registration',NULL,'Event Online Registration','a:2:{i:0;s:19:\"CRM_Core_Permission\";i:1;s:9:\"checkMenu\";}','a:2:{i:0;a:1:{i:0;s:16:\"access CiviEvent\";}i:1;s:3:\"and\";}','s:39:\"CRM_Event_Form_ManageEvent_Registration\";',NULL,'a:3:{i:0;a:2:{s:5:\"title\";s:7:\"CiviCRM\";s:3:\"url\";s:16:\"/civicrm?reset=1\";}i:1;a:2:{s:5:\"title\";s:19:\"CiviEvent Dashboard\";s:3:\"url\";s:22:\"/civicrm/event?reset=1\";}i:2;a:2:{s:5:\"title\";s:13:\"Manage Events\";s:3:\"url\";s:29:\"/civicrm/event/manage?reset=1\";}}',NULL,NULL,1,NULL,NULL,NULL,1,930,1,0,NULL),(248,1,'civicrm/event/manage/friend',NULL,'Tell a Friend','a:2:{i:0;s:19:\"CRM_Core_Permission\";i:1;s:9:\"checkMenu\";}','a:2:{i:0;a:1:{i:0;s:16:\"access CiviEvent\";}i:1;s:3:\"and\";}','s:21:\"CRM_Friend_Form_Event\";',NULL,'a:3:{i:0;a:2:{s:5:\"title\";s:7:\"CiviCRM\";s:3:\"url\";s:16:\"/civicrm?reset=1\";}i:1;a:2:{s:5:\"title\";s:19:\"CiviEvent Dashboard\";s:3:\"url\";s:22:\"/civicrm/event?reset=1\";}i:2;a:2:{s:5:\"title\";s:13:\"Manage Events\";s:3:\"url\";s:29:\"/civicrm/event/manage?reset=1\";}}',NULL,NULL,1,NULL,NULL,NULL,1,940,1,0,NULL),(249,1,'civicrm/event/manage/reminder',NULL,'Schedule Reminders','a:2:{i:0;s:19:\"CRM_Core_Permission\";i:1;s:9:\"checkMenu\";}','a:2:{i:0;a:1:{i:0;s:16:\"access CiviEvent\";}i:1;s:3:\"and\";}','s:44:\"CRM_Event_Form_ManageEvent_ScheduleReminders\";',NULL,'a:3:{i:0;a:2:{s:5:\"title\";s:7:\"CiviCRM\";s:3:\"url\";s:16:\"/civicrm?reset=1\";}i:1;a:2:{s:5:\"title\";s:19:\"CiviEvent Dashboard\";s:3:\"url\";s:22:\"/civicrm/event?reset=1\";}i:2;a:2:{s:5:\"title\";s:13:\"Manage Events\";s:3:\"url\";s:29:\"/civicrm/event/manage?reset=1\";}}',NULL,NULL,1,NULL,NULL,NULL,1,950,1,0,NULL),(250,1,'civicrm/event/manage/conference',NULL,'Conference Slots','a:2:{i:0;s:19:\"CRM_Core_Permission\";i:1;s:9:\"checkMenu\";}','a:2:{i:0;a:1:{i:0;s:16:\"access CiviEvent\";}i:1;s:3:\"and\";}','s:37:\"CRM_Event_Form_ManageEvent_Conference\";',NULL,'a:3:{i:0;a:2:{s:5:\"title\";s:7:\"CiviCRM\";s:3:\"url\";s:16:\"/civicrm?reset=1\";}i:1;a:2:{s:5:\"title\";s:19:\"CiviEvent Dashboard\";s:3:\"url\";s:22:\"/civicrm/event?reset=1\";}i:2;a:2:{s:5:\"title\";s:13:\"Manage Events\";s:3:\"url\";s:29:\"/civicrm/event/manage?reset=1\";}}',NULL,NULL,1,NULL,NULL,NULL,1,950,1,0,NULL),(251,1,'civicrm/event/add','action=add','New Event','a:2:{i:0;s:19:\"CRM_Core_Permission\";i:1;s:9:\"checkMenu\";}','a:2:{i:0;a:1:{i:0;s:16:\"access CiviEvent\";}i:1;s:3:\"and\";}','s:36:\"CRM_Event_Form_ManageEvent_EventInfo\";',NULL,'a:2:{i:0;a:2:{s:5:\"title\";s:7:\"CiviCRM\";s:3:\"url\";s:16:\"/civicrm?reset=1\";}i:1;a:2:{s:5:\"title\";s:19:\"CiviEvent Dashboard\";s:3:\"url\";s:22:\"/civicrm/event?reset=1\";}}',NULL,NULL,1,NULL,NULL,NULL,0,830,1,0,NULL),(252,1,'civicrm/event/import',NULL,'Import Participants','a:2:{i:0;s:19:\"CRM_Core_Permission\";i:1;s:9:\"checkMenu\";}','a:2:{i:0;a:2:{i:0;s:16:\"access CiviEvent\";i:1;s:23:\"edit event participants\";}i:1;s:3:\"and\";}','s:27:\"CRM_Event_Import_Controller\";',NULL,'a:2:{i:0;a:2:{s:5:\"title\";s:7:\"CiviCRM\";s:3:\"url\";s:16:\"/civicrm?reset=1\";}i:1;a:2:{s:5:\"title\";s:19:\"CiviEvent Dashboard\";s:3:\"url\";s:22:\"/civicrm/event?reset=1\";}}',NULL,NULL,1,NULL,NULL,NULL,0,840,1,1,NULL),(253,1,'civicrm/event/price',NULL,'Manage Price Sets','a:2:{i:0;s:19:\"CRM_Core_Permission\";i:1;s:9:\"checkMenu\";}','a:2:{i:0;a:1:{i:0;s:16:\"access CiviEvent\";}i:1;s:3:\"and\";}','s:18:\"CRM_Price_Page_Set\";',NULL,'a:2:{i:0;a:2:{s:5:\"title\";s:7:\"CiviCRM\";s:3:\"url\";s:16:\"/civicrm?reset=1\";}i:1;a:2:{s:5:\"title\";s:19:\"CiviEvent Dashboard\";s:3:\"url\";s:22:\"/civicrm/event?reset=1\";}}',NULL,NULL,1,NULL,NULL,NULL,0,850,1,1,NULL),(254,1,'civicrm/contact/view/participant',NULL,NULL,'a:2:{i:0;s:19:\"CRM_Core_Permission\";i:1;s:9:\"checkMenu\";}','a:2:{i:0;a:3:{i:0;s:14:\"access CiviCRM\";i:1;s:15:\"edit my contact\";i:2;s:15:\"view my contact\";}i:1;s:2:\"or\";}','s:18:\"CRM_Event_Page_Tab\";',NULL,'a:2:{i:0;a:2:{s:5:\"title\";s:7:\"CiviCRM\";s:3:\"url\";s:16:\"/civicrm?reset=1\";}i:1;a:2:{s:5:\"title\";s:15:\"Contact Summary\";s:3:\"url\";s:45:\"/civicrm/contact/view?reset=1&amp;cid=%%cid%%\";}}',NULL,NULL,NULL,NULL,NULL,NULL,0,4,1,0,NULL),(255,1,'civicrm/ajax/eventFee',NULL,NULL,'a:2:{i:0;s:19:\"CRM_Core_Permission\";i:1;s:9:\"checkMenu\";}','a:2:{i:0;a:2:{i:0;s:14:\"access CiviCRM\";i:1;s:16:\"access CiviEvent\";}i:1;s:3:\"and\";}','a:2:{i:0;s:19:\"CRM_Event_Page_AJAX\";i:1;s:8:\"eventFee\";}',NULL,'a:1:{i:0;a:2:{s:5:\"title\";s:7:\"CiviCRM\";s:3:\"url\";s:16:\"/civicrm?reset=1\";}}',NULL,NULL,NULL,NULL,NULL,NULL,0,1,1,0,NULL),(256,1,'civicrm/ajax/locBlock',NULL,NULL,'a:2:{i:0;s:19:\"CRM_Core_Permission\";i:1;s:9:\"checkMenu\";}','a:2:{i:0;a:1:{i:0;s:16:\"access CiviEvent\";}i:1;s:3:\"and\";}','a:2:{i:0;s:27:\"CRM_Core_Page_AJAX_Location\";i:1;s:11:\"getLocBlock\";}',NULL,'a:1:{i:0;a:2:{s:5:\"title\";s:7:\"CiviCRM\";s:3:\"url\";s:16:\"/civicrm?reset=1\";}}',NULL,NULL,NULL,NULL,NULL,NULL,0,1,1,0,NULL),(257,1,'civicrm/ajax/event/add_participant_to_cart',NULL,NULL,'s:1:\"1\";','a:2:{i:0;a:1:{i:0;s:14:\"access CiviCRM\";}i:1;s:3:\"and\";}','a:2:{i:0;s:32:\"CRM_Event_Cart_Page_CheckoutAJAX\";i:1;s:23:\"add_participant_to_cart\";}',NULL,'a:1:{i:0;a:2:{s:5:\"title\";s:7:\"CiviCRM\";s:3:\"url\";s:16:\"/civicrm?reset=1\";}}',NULL,NULL,NULL,NULL,NULL,NULL,0,1,1,0,NULL),(258,1,'civicrm/ajax/event/remove_participant_from_cart',NULL,NULL,'s:1:\"1\";','a:2:{i:0;a:1:{i:0;s:14:\"access CiviCRM\";}i:1;s:3:\"and\";}','a:2:{i:0;s:32:\"CRM_Event_Cart_Page_CheckoutAJAX\";i:1;s:28:\"remove_participant_from_cart\";}',NULL,'a:1:{i:0;a:2:{s:5:\"title\";s:7:\"CiviCRM\";s:3:\"url\";s:16:\"/civicrm?reset=1\";}}',NULL,NULL,NULL,NULL,NULL,NULL,0,1,1,0,NULL),(259,1,'civicrm/event/add_to_cart',NULL,'Add Event To Cart','s:1:\"1\";','a:2:{i:0;a:1:{i:0;s:16:\"access CiviEvent\";}i:1;s:3:\"and\";}','s:29:\"CRM_Event_Cart_Page_AddToCart\";',NULL,'a:2:{i:0;a:2:{s:5:\"title\";s:7:\"CiviCRM\";s:3:\"url\";s:16:\"/civicrm?reset=1\";}i:1;a:2:{s:5:\"title\";s:19:\"CiviEvent Dashboard\";s:3:\"url\";s:22:\"/civicrm/event?reset=1\";}}',NULL,NULL,1,NULL,1,NULL,0,1,1,0,NULL),(260,1,'civicrm/event/cart_checkout',NULL,'Cart Checkout','s:1:\"1\";','a:2:{i:0;a:1:{i:0;s:16:\"access CiviEvent\";}i:1;s:3:\"and\";}','s:34:\"CRM_Event_Cart_Controller_Checkout\";',NULL,'a:2:{i:0;a:2:{s:5:\"title\";s:7:\"CiviCRM\";s:3:\"url\";s:16:\"/civicrm?reset=1\";}i:1;a:2:{s:5:\"title\";s:19:\"CiviEvent Dashboard\";s:3:\"url\";s:22:\"/civicrm/event?reset=1\";}}',NULL,NULL,1,NULL,1,NULL,1,1,1,0,NULL),(261,1,'civicrm/event/remove_from_cart',NULL,'Remove From Cart','s:1:\"1\";','a:2:{i:0;a:1:{i:0;s:16:\"access CiviEvent\";}i:1;s:3:\"and\";}','s:34:\"CRM_Event_Cart_Page_RemoveFromCart\";',NULL,'a:2:{i:0;a:2:{s:5:\"title\";s:7:\"CiviCRM\";s:3:\"url\";s:16:\"/civicrm?reset=1\";}i:1;a:2:{s:5:\"title\";s:19:\"CiviEvent Dashboard\";s:3:\"url\";s:22:\"/civicrm/event?reset=1\";}}',NULL,NULL,1,NULL,1,NULL,0,1,1,0,NULL),(262,1,'civicrm/event/view_cart',NULL,'View Cart','s:1:\"1\";','a:2:{i:0;a:1:{i:0;s:16:\"access CiviEvent\";}i:1;s:3:\"and\";}','s:28:\"CRM_Event_Cart_Page_ViewCart\";',NULL,'a:2:{i:0;a:2:{s:5:\"title\";s:7:\"CiviCRM\";s:3:\"url\";s:16:\"/civicrm?reset=1\";}i:1;a:2:{s:5:\"title\";s:19:\"CiviEvent Dashboard\";s:3:\"url\";s:22:\"/civicrm/event?reset=1\";}}',NULL,NULL,1,NULL,1,NULL,0,1,1,0,NULL),(263,1,'civicrm/event/participant/feeselection',NULL,'Change Registration Selections','a:2:{i:0;s:19:\"CRM_Core_Permission\";i:1;s:9:\"checkMenu\";}','a:2:{i:0;a:1:{i:0;s:16:\"access CiviEvent\";}i:1;s:3:\"and\";}','s:38:\"CRM_Event_Form_ParticipantFeeSelection\";',NULL,'a:3:{i:0;a:2:{s:5:\"title\";s:7:\"CiviCRM\";s:3:\"url\";s:16:\"/civicrm?reset=1\";}i:1;a:2:{s:5:\"title\";s:19:\"CiviEvent Dashboard\";s:3:\"url\";s:22:\"/civicrm/event?reset=1\";}i:2;a:2:{s:5:\"title\";s:23:\"Event Participants List\";s:3:\"url\";s:34:\"/civicrm/event/participant?reset=1\";}}',NULL,NULL,1,NULL,NULL,NULL,0,1,1,0,NULL),(264,1,'civicrm/event/manage/pcp',NULL,'Personal Campaign Pages','a:2:{i:0;s:19:\"CRM_Core_Permission\";i:1;s:9:\"checkMenu\";}','a:2:{i:0;a:2:{i:0;s:18:\"administer CiviCRM\";i:1;s:16:\"access CiviEvent\";}i:1;s:3:\"and\";}','s:18:\"CRM_PCP_Form_Event\";',NULL,'a:3:{i:0;a:2:{s:5:\"title\";s:7:\"CiviCRM\";s:3:\"url\";s:16:\"/civicrm?reset=1\";}i:1;a:2:{s:5:\"title\";s:19:\"CiviEvent Dashboard\";s:3:\"url\";s:22:\"/civicrm/event?reset=1\";}i:2;a:2:{s:5:\"title\";s:13:\"Manage Events\";s:3:\"url\";s:29:\"/civicrm/event/manage?reset=1\";}}',NULL,NULL,1,NULL,NULL,NULL,1,540,1,1,NULL),(265,1,'civicrm/event/pcp',NULL,NULL,'s:1:\"1\";','a:2:{i:0;a:1:{i:0;s:16:\"access CiviEvent\";}i:1;s:3:\"and\";}','s:16:\"CRM_PCP_Form_PCP\";',NULL,'a:2:{i:0;a:2:{s:5:\"title\";s:7:\"CiviCRM\";s:3:\"url\";s:16:\"/civicrm?reset=1\";}i:1;a:2:{s:5:\"title\";s:19:\"CiviEvent Dashboard\";s:3:\"url\";s:22:\"/civicrm/event?reset=1\";}}',NULL,NULL,1,NULL,1,NULL,0,1,1,0,NULL),(266,1,'civicrm/event/campaign',NULL,'Setup a Personal Campaign Page - Account Information','a:2:{i:0;s:19:\"CRM_Core_Permission\";i:1;s:9:\"checkMenu\";}','a:2:{i:0;a:1:{i:0;s:25:\"make online contributions\";}i:1;s:3:\"and\";}','s:22:\"CRM_PCP_Controller_PCP\";',NULL,'a:2:{i:0;a:2:{s:5:\"title\";s:7:\"CiviCRM\";s:3:\"url\";s:16:\"/civicrm?reset=1\";}i:1;a:2:{s:5:\"title\";s:19:\"CiviEvent Dashboard\";s:3:\"url\";s:22:\"/civicrm/event?reset=1\";}}',NULL,NULL,1,NULL,1,NULL,0,0,1,0,NULL),(267,1,'civicrm/contribute',NULL,'CiviContribute Dashboard','a:2:{i:0;s:19:\"CRM_Core_Permission\";i:1;s:9:\"checkMenu\";}','a:2:{i:0;a:1:{i:0;s:21:\"access CiviContribute\";}i:1;s:3:\"and\";}','s:29:\"CRM_Contribute_Page_DashBoard\";',NULL,'a:1:{i:0;a:2:{s:5:\"title\";s:7:\"CiviCRM\";s:3:\"url\";s:16:\"/civicrm?reset=1\";}}',NULL,NULL,2,NULL,NULL,NULL,0,500,1,1,NULL),(268,1,'civicrm/contribute/add','action=add','New Contribution','a:2:{i:0;s:19:\"CRM_Core_Permission\";i:1;s:9:\"checkMenu\";}','a:2:{i:0;a:1:{i:0;s:21:\"access CiviContribute\";}i:1;s:3:\"and\";}','s:23:\"CRM_Contribute_Page_Tab\";',NULL,'a:2:{i:0;a:2:{s:5:\"title\";s:7:\"CiviCRM\";s:3:\"url\";s:16:\"/civicrm?reset=1\";}i:1;a:2:{s:5:\"title\";s:24:\"CiviContribute Dashboard\";s:3:\"url\";s:27:\"/civicrm/contribute?reset=1\";}}',NULL,NULL,2,NULL,NULL,NULL,0,1,1,1,NULL),(269,1,'civicrm/contribute/chart',NULL,'Contribution Summary - Chart View','a:2:{i:0;s:19:\"CRM_Core_Permission\";i:1;s:9:\"checkMenu\";}','a:2:{i:0;a:1:{i:0;s:21:\"access CiviContribute\";}i:1;s:3:\"and\";}','s:38:\"CRM_Contribute_Form_ContributionCharts\";',NULL,'a:2:{i:0;a:2:{s:5:\"title\";s:7:\"CiviCRM\";s:3:\"url\";s:16:\"/civicrm?reset=1\";}i:1;a:2:{s:5:\"title\";s:24:\"CiviContribute Dashboard\";s:3:\"url\";s:27:\"/civicrm/contribute?reset=1\";}}',NULL,NULL,2,NULL,NULL,NULL,0,1,1,0,NULL),(270,1,'civicrm/contribute/transact',NULL,'CiviContribute','a:2:{i:0;s:19:\"CRM_Core_Permission\";i:1;s:9:\"checkMenu\";}','a:2:{i:0;a:1:{i:0;s:25:\"make online contributions\";}i:1;s:3:\"and\";}','s:38:\"CRM_Contribute_Controller_Contribution\";',NULL,'a:2:{i:0;a:2:{s:5:\"title\";s:7:\"CiviCRM\";s:3:\"url\";s:16:\"/civicrm?reset=1\";}i:1;a:2:{s:5:\"title\";s:24:\"CiviContribute Dashboard\";s:3:\"url\";s:27:\"/civicrm/contribute?reset=1\";}}',NULL,NULL,2,NULL,1,NULL,1,0,1,0,NULL),(271,1,'civicrm/admin/contribute',NULL,'Manage Contribution Pages','a:2:{i:0;s:19:\"CRM_Core_Permission\";i:1;s:9:\"checkMenu\";}','a:2:{i:0;a:2:{i:0;s:18:\"administer CiviCRM\";i:1;s:14:\"access CiviCRM\";}i:1;s:3:\"and\";}','s:36:\"CRM_Contribute_Page_ContributionPage\";',NULL,'a:2:{i:0;a:2:{s:5:\"title\";s:7:\"CiviCRM\";s:3:\"url\";s:16:\"/civicrm?reset=1\";}i:1;a:2:{s:5:\"title\";s:18:\"Administer CiviCRM\";s:3:\"url\";s:22:\"/civicrm/admin?reset=1\";}}',NULL,NULL,NULL,NULL,NULL,NULL,1,360,1,0,NULL),(272,1,'civicrm/admin/contribute/settings',NULL,'Title and Settings','a:2:{i:0;s:19:\"CRM_Core_Permission\";i:1;s:9:\"checkMenu\";}','a:2:{i:0;a:2:{i:0;s:18:\"administer CiviCRM\";i:1;s:14:\"access CiviCRM\";}i:1;s:3:\"and\";}','s:45:\"CRM_Contribute_Form_ContributionPage_Settings\";',NULL,'a:3:{i:0;a:2:{s:5:\"title\";s:7:\"CiviCRM\";s:3:\"url\";s:16:\"/civicrm?reset=1\";}i:1;a:2:{s:5:\"title\";s:18:\"Administer CiviCRM\";s:3:\"url\";s:22:\"/civicrm/admin?reset=1\";}i:2;a:2:{s:5:\"title\";s:25:\"Manage Contribution Pages\";s:3:\"url\";s:33:\"/civicrm/admin/contribute?reset=1\";}}',NULL,NULL,NULL,NULL,NULL,NULL,1,400,1,0,NULL),(273,1,'civicrm/admin/contribute/amount',NULL,'Contribution Amounts','a:2:{i:0;s:19:\"CRM_Core_Permission\";i:1;s:9:\"checkMenu\";}','a:2:{i:0;a:2:{i:0;s:18:\"administer CiviCRM\";i:1;s:14:\"access CiviCRM\";}i:1;s:3:\"and\";}','s:43:\"CRM_Contribute_Form_ContributionPage_Amount\";',NULL,'a:3:{i:0;a:2:{s:5:\"title\";s:7:\"CiviCRM\";s:3:\"url\";s:16:\"/civicrm?reset=1\";}i:1;a:2:{s:5:\"title\";s:18:\"Administer CiviCRM\";s:3:\"url\";s:22:\"/civicrm/admin?reset=1\";}i:2;a:2:{s:5:\"title\";s:25:\"Manage Contribution Pages\";s:3:\"url\";s:33:\"/civicrm/admin/contribute?reset=1\";}}',NULL,NULL,NULL,NULL,NULL,NULL,1,410,1,0,NULL),(274,1,'civicrm/admin/contribute/membership',NULL,'Membership Section','a:2:{i:0;s:19:\"CRM_Core_Permission\";i:1;s:9:\"checkMenu\";}','a:2:{i:0;a:2:{i:0;s:18:\"administer CiviCRM\";i:1;s:14:\"access CiviCRM\";}i:1;s:3:\"and\";}','s:31:\"CRM_Member_Form_MembershipBlock\";',NULL,'a:3:{i:0;a:2:{s:5:\"title\";s:7:\"CiviCRM\";s:3:\"url\";s:16:\"/civicrm?reset=1\";}i:1;a:2:{s:5:\"title\";s:18:\"Administer CiviCRM\";s:3:\"url\";s:22:\"/civicrm/admin?reset=1\";}i:2;a:2:{s:5:\"title\";s:25:\"Manage Contribution Pages\";s:3:\"url\";s:33:\"/civicrm/admin/contribute?reset=1\";}}',NULL,NULL,NULL,NULL,NULL,NULL,1,420,1,0,NULL),(275,1,'civicrm/admin/contribute/custom',NULL,'Include Profiles','a:2:{i:0;s:19:\"CRM_Core_Permission\";i:1;s:9:\"checkMenu\";}','a:2:{i:0;a:2:{i:0;s:18:\"administer CiviCRM\";i:1;s:14:\"access CiviCRM\";}i:1;s:3:\"and\";}','s:43:\"CRM_Contribute_Form_ContributionPage_Custom\";',NULL,'a:3:{i:0;a:2:{s:5:\"title\";s:7:\"CiviCRM\";s:3:\"url\";s:16:\"/civicrm?reset=1\";}i:1;a:2:{s:5:\"title\";s:18:\"Administer CiviCRM\";s:3:\"url\";s:22:\"/civicrm/admin?reset=1\";}i:2;a:2:{s:5:\"title\";s:25:\"Manage Contribution Pages\";s:3:\"url\";s:33:\"/civicrm/admin/contribute?reset=1\";}}',NULL,NULL,NULL,NULL,NULL,NULL,1,430,1,0,NULL),(276,1,'civicrm/admin/contribute/thankyou',NULL,'Thank-you and Receipting','a:2:{i:0;s:19:\"CRM_Core_Permission\";i:1;s:9:\"checkMenu\";}','a:2:{i:0;a:2:{i:0;s:18:\"administer CiviCRM\";i:1;s:14:\"access CiviCRM\";}i:1;s:3:\"and\";}','s:45:\"CRM_Contribute_Form_ContributionPage_ThankYou\";',NULL,'a:3:{i:0;a:2:{s:5:\"title\";s:7:\"CiviCRM\";s:3:\"url\";s:16:\"/civicrm?reset=1\";}i:1;a:2:{s:5:\"title\";s:18:\"Administer CiviCRM\";s:3:\"url\";s:22:\"/civicrm/admin?reset=1\";}i:2;a:2:{s:5:\"title\";s:25:\"Manage Contribution Pages\";s:3:\"url\";s:33:\"/civicrm/admin/contribute?reset=1\";}}',NULL,NULL,NULL,NULL,NULL,NULL,1,430,1,0,NULL),(277,1,'civicrm/admin/contribute/friend',NULL,'Tell a Friend','a:2:{i:0;s:19:\"CRM_Core_Permission\";i:1;s:9:\"checkMenu\";}','a:2:{i:0;a:2:{i:0;s:18:\"administer CiviCRM\";i:1;s:14:\"access CiviCRM\";}i:1;s:3:\"and\";}','s:26:\"CRM_Friend_Form_Contribute\";',NULL,'a:3:{i:0;a:2:{s:5:\"title\";s:7:\"CiviCRM\";s:3:\"url\";s:16:\"/civicrm?reset=1\";}i:1;a:2:{s:5:\"title\";s:18:\"Administer CiviCRM\";s:3:\"url\";s:22:\"/civicrm/admin?reset=1\";}i:2;a:2:{s:5:\"title\";s:25:\"Manage Contribution Pages\";s:3:\"url\";s:33:\"/civicrm/admin/contribute?reset=1\";}}',NULL,NULL,NULL,NULL,NULL,NULL,1,440,1,0,NULL),(278,1,'civicrm/admin/contribute/widget',NULL,'Configure Widget','a:2:{i:0;s:19:\"CRM_Core_Permission\";i:1;s:9:\"checkMenu\";}','a:2:{i:0;a:2:{i:0;s:18:\"administer CiviCRM\";i:1;s:14:\"access CiviCRM\";}i:1;s:3:\"and\";}','s:43:\"CRM_Contribute_Form_ContributionPage_Widget\";',NULL,'a:3:{i:0;a:2:{s:5:\"title\";s:7:\"CiviCRM\";s:3:\"url\";s:16:\"/civicrm?reset=1\";}i:1;a:2:{s:5:\"title\";s:18:\"Administer CiviCRM\";s:3:\"url\";s:22:\"/civicrm/admin?reset=1\";}i:2;a:2:{s:5:\"title\";s:25:\"Manage Contribution Pages\";s:3:\"url\";s:33:\"/civicrm/admin/contribute?reset=1\";}}',NULL,NULL,NULL,NULL,NULL,NULL,1,460,1,0,NULL),(279,1,'civicrm/admin/contribute/premium',NULL,'Premiums','a:2:{i:0;s:19:\"CRM_Core_Permission\";i:1;s:9:\"checkMenu\";}','a:2:{i:0;a:2:{i:0;s:18:\"administer CiviCRM\";i:1;s:14:\"access CiviCRM\";}i:1;s:3:\"and\";}','s:44:\"CRM_Contribute_Form_ContributionPage_Premium\";',NULL,'a:3:{i:0;a:2:{s:5:\"title\";s:7:\"CiviCRM\";s:3:\"url\";s:16:\"/civicrm?reset=1\";}i:1;a:2:{s:5:\"title\";s:18:\"Administer CiviCRM\";s:3:\"url\";s:22:\"/civicrm/admin?reset=1\";}i:2;a:2:{s:5:\"title\";s:25:\"Manage Contribution Pages\";s:3:\"url\";s:33:\"/civicrm/admin/contribute?reset=1\";}}',NULL,NULL,NULL,NULL,NULL,NULL,1,470,1,0,NULL),(280,1,'civicrm/admin/contribute/addProductToPage',NULL,'Add Products to This Page','a:2:{i:0;s:19:\"CRM_Core_Permission\";i:1;s:9:\"checkMenu\";}','a:2:{i:0;a:2:{i:0;s:18:\"administer CiviCRM\";i:1;s:14:\"access CiviCRM\";}i:1;s:3:\"and\";}','s:47:\"CRM_Contribute_Form_ContributionPage_AddProduct\";',NULL,'a:3:{i:0;a:2:{s:5:\"title\";s:7:\"CiviCRM\";s:3:\"url\";s:16:\"/civicrm?reset=1\";}i:1;a:2:{s:5:\"title\";s:18:\"Administer CiviCRM\";s:3:\"url\";s:22:\"/civicrm/admin?reset=1\";}i:2;a:2:{s:5:\"title\";s:25:\"Manage Contribution Pages\";s:3:\"url\";s:33:\"/civicrm/admin/contribute?reset=1\";}}',NULL,NULL,NULL,NULL,NULL,NULL,1,480,1,0,NULL),(281,1,'civicrm/admin/contribute/add','action=add','New Contribution Page','a:2:{i:0;s:19:\"CRM_Core_Permission\";i:1;s:9:\"checkMenu\";}','a:2:{i:0;a:2:{i:0;s:18:\"administer CiviCRM\";i:1;s:14:\"access CiviCRM\";}i:1;s:3:\"and\";}','s:42:\"CRM_Contribute_Controller_ContributionPage\";',NULL,'a:3:{i:0;a:2:{s:5:\"title\";s:7:\"CiviCRM\";s:3:\"url\";s:16:\"/civicrm?reset=1\";}i:1;a:2:{s:5:\"title\";s:18:\"Administer CiviCRM\";s:3:\"url\";s:22:\"/civicrm/admin?reset=1\";}i:2;a:2:{s:5:\"title\";s:25:\"Manage Contribution Pages\";s:3:\"url\";s:33:\"/civicrm/admin/contribute?reset=1\";}}',NULL,NULL,NULL,NULL,NULL,NULL,1,1,1,0,NULL),(282,1,'civicrm/admin/contribute/managePremiums',NULL,'Manage Premiums','a:2:{i:0;s:19:\"CRM_Core_Permission\";i:1;s:9:\"checkMenu\";}','a:2:{i:0;a:2:{i:0;s:18:\"administer CiviCRM\";i:1;s:14:\"access CiviCRM\";}i:1;s:3:\"and\";}','s:34:\"CRM_Contribute_Page_ManagePremiums\";',NULL,'a:3:{i:0;a:2:{s:5:\"title\";s:7:\"CiviCRM\";s:3:\"url\";s:16:\"/civicrm?reset=1\";}i:1;a:2:{s:5:\"title\";s:18:\"Administer CiviCRM\";s:3:\"url\";s:22:\"/civicrm/admin?reset=1\";}i:2;a:2:{s:5:\"title\";s:25:\"Manage Contribution Pages\";s:3:\"url\";s:33:\"/civicrm/admin/contribute?reset=1\";}}',NULL,NULL,NULL,NULL,NULL,NULL,1,365,1,0,NULL),(283,1,'civicrm/admin/financial/financialType',NULL,'Financial Types','a:2:{i:0;s:19:\"CRM_Core_Permission\";i:1;s:9:\"checkMenu\";}','a:2:{i:0;a:2:{i:0;s:18:\"administer CiviCRM\";i:1;s:14:\"access CiviCRM\";}i:1;s:3:\"and\";}','s:32:\"CRM_Financial_Page_FinancialType\";',NULL,'a:2:{i:0;a:2:{s:5:\"title\";s:7:\"CiviCRM\";s:3:\"url\";s:16:\"/civicrm?reset=1\";}i:1;a:2:{s:5:\"title\";s:18:\"Administer CiviCRM\";s:3:\"url\";s:22:\"/civicrm/admin?reset=1\";}}',NULL,NULL,NULL,NULL,NULL,NULL,1,580,1,0,NULL),(284,1,'civicrm/payment','action=add','New Payment','a:2:{i:0;s:19:\"CRM_Core_Permission\";i:1;s:9:\"checkMenu\";}','a:2:{i:0;a:1:{i:0;s:21:\"access CiviContribute\";}i:1;s:3:\"and\";}','s:37:\"CRM_Contribute_Form_AdditionalPayment\";',NULL,'a:1:{i:0;a:2:{s:5:\"title\";s:7:\"CiviCRM\";s:3:\"url\";s:16:\"/civicrm?reset=1\";}}',NULL,NULL,2,NULL,NULL,NULL,0,1,1,1,NULL),(285,1,'civicrm/admin/financial/financialAccount',NULL,'Financial Accounts','a:2:{i:0;s:19:\"CRM_Core_Permission\";i:1;s:9:\"checkMenu\";}','a:2:{i:0;a:2:{i:0;s:18:\"administer CiviCRM\";i:1;s:14:\"access CiviCRM\";}i:1;s:3:\"and\";}','s:35:\"CRM_Financial_Page_FinancialAccount\";',NULL,'a:2:{i:0;a:2:{s:5:\"title\";s:7:\"CiviCRM\";s:3:\"url\";s:16:\"/civicrm?reset=1\";}i:1;a:2:{s:5:\"title\";s:18:\"Administer CiviCRM\";s:3:\"url\";s:22:\"/civicrm/admin?reset=1\";}}',NULL,NULL,NULL,NULL,NULL,NULL,1,370,1,0,NULL),(286,1,'civicrm/admin/options/payment_instrument',NULL,'Payment Instruments','a:2:{i:0;s:19:\"CRM_Core_Permission\";i:1;s:9:\"checkMenu\";}','a:2:{i:0;a:2:{i:0;s:18:\"administer CiviCRM\";i:1;s:14:\"access CiviCRM\";}i:1;s:3:\"and\";}','s:22:\"CRM_Admin_Page_Options\";',NULL,'a:3:{i:0;a:2:{s:5:\"title\";s:7:\"CiviCRM\";s:3:\"url\";s:16:\"/civicrm?reset=1\";}i:1;a:2:{s:5:\"title\";s:18:\"Administer CiviCRM\";s:3:\"url\";s:22:\"/civicrm/admin?reset=1\";}i:2;a:2:{s:5:\"title\";s:13:\"Option Groups\";s:3:\"url\";s:30:\"/civicrm/admin/options?reset=1\";}}',NULL,NULL,NULL,NULL,NULL,NULL,1,380,1,0,NULL),(287,1,'civicrm/admin/options/accept_creditcard',NULL,'Accepted Credit Cards','a:2:{i:0;s:19:\"CRM_Core_Permission\";i:1;s:9:\"checkMenu\";}','a:2:{i:0;a:2:{i:0;s:18:\"administer CiviCRM\";i:1;s:14:\"access CiviCRM\";}i:1;s:3:\"and\";}','s:22:\"CRM_Admin_Page_Options\";',NULL,'a:3:{i:0;a:2:{s:5:\"title\";s:7:\"CiviCRM\";s:3:\"url\";s:16:\"/civicrm?reset=1\";}i:1;a:2:{s:5:\"title\";s:18:\"Administer CiviCRM\";s:3:\"url\";s:22:\"/civicrm/admin?reset=1\";}i:2;a:2:{s:5:\"title\";s:13:\"Option Groups\";s:3:\"url\";s:30:\"/civicrm/admin/options?reset=1\";}}',NULL,NULL,NULL,NULL,NULL,NULL,1,395,1,0,NULL),(288,1,'civicrm/admin/options/soft_credit_type',NULL,'Soft Credit Types','a:2:{i:0;s:19:\"CRM_Core_Permission\";i:1;s:9:\"checkMenu\";}','a:2:{i:0;a:2:{i:0;s:18:\"administer CiviCRM\";i:1;s:14:\"access CiviCRM\";}i:1;s:3:\"and\";}','s:22:\"CRM_Admin_Page_Options\";',NULL,'a:3:{i:0;a:2:{s:5:\"title\";s:7:\"CiviCRM\";s:3:\"url\";s:16:\"/civicrm?reset=1\";}i:1;a:2:{s:5:\"title\";s:18:\"Administer CiviCRM\";s:3:\"url\";s:22:\"/civicrm/admin?reset=1\";}i:2;a:2:{s:5:\"title\";s:13:\"Option Groups\";s:3:\"url\";s:30:\"/civicrm/admin/options?reset=1\";}}',NULL,NULL,NULL,NULL,NULL,NULL,1,1,1,0,NULL),(289,1,'civicrm/contact/view/contribution',NULL,'Contributions','a:2:{i:0;s:19:\"CRM_Core_Permission\";i:1;s:9:\"checkMenu\";}','a:2:{i:0;a:3:{i:0;s:14:\"access CiviCRM\";i:1;s:15:\"edit my contact\";i:2;s:15:\"view my contact\";}i:1;s:2:\"or\";}','s:23:\"CRM_Contribute_Page_Tab\";',NULL,'a:2:{i:0;a:2:{s:5:\"title\";s:7:\"CiviCRM\";s:3:\"url\";s:16:\"/civicrm?reset=1\";}i:1;a:2:{s:5:\"title\";s:15:\"Contact Summary\";s:3:\"url\";s:45:\"/civicrm/contact/view?reset=1&amp;cid=%%cid%%\";}}',NULL,NULL,NULL,NULL,NULL,NULL,0,1,1,0,NULL),(290,1,'civicrm/contact/view/contributionrecur',NULL,'Recurring Contributions','a:2:{i:0;s:19:\"CRM_Core_Permission\";i:1;s:9:\"checkMenu\";}','a:2:{i:0;a:3:{i:0;s:14:\"access CiviCRM\";i:1;s:15:\"edit my contact\";i:2;s:15:\"view my contact\";}i:1;s:2:\"or\";}','s:37:\"CRM_Contribute_Page_ContributionRecur\";',NULL,'a:2:{i:0;a:2:{s:5:\"title\";s:7:\"CiviCRM\";s:3:\"url\";s:16:\"/civicrm?reset=1\";}i:1;a:2:{s:5:\"title\";s:15:\"Contact Summary\";s:3:\"url\";s:45:\"/civicrm/contact/view?reset=1&amp;cid=%%cid%%\";}}',NULL,NULL,NULL,NULL,NULL,NULL,0,1,1,0,NULL),(291,1,'civicrm/contact/view/contribution/additionalinfo',NULL,'Additional Info','a:2:{i:0;s:19:\"CRM_Core_Permission\";i:1;s:9:\"checkMenu\";}','a:2:{i:0;a:3:{i:0;s:14:\"access CiviCRM\";i:1;s:15:\"edit my contact\";i:2;s:15:\"view my contact\";}i:1;s:2:\"or\";}','s:34:\"CRM_Contribute_Form_AdditionalInfo\";',NULL,'a:3:{i:0;a:2:{s:5:\"title\";s:7:\"CiviCRM\";s:3:\"url\";s:16:\"/civicrm?reset=1\";}i:1;a:2:{s:5:\"title\";s:15:\"Contact Summary\";s:3:\"url\";s:45:\"/civicrm/contact/view?reset=1&amp;cid=%%cid%%\";}i:2;a:2:{s:5:\"title\";s:13:\"Contributions\";s:3:\"url\";s:42:\"/civicrm/contact/view/contribution?reset=1\";}}',NULL,NULL,NULL,NULL,NULL,NULL,0,1,1,0,NULL),(292,1,'civicrm/contribute/search',NULL,'Find Contributions','a:2:{i:0;s:19:\"CRM_Core_Permission\";i:1;s:9:\"checkMenu\";}','a:2:{i:0;a:1:{i:0;s:21:\"access CiviContribute\";}i:1;s:3:\"and\";}','s:32:\"CRM_Contribute_Controller_Search\";',NULL,'a:2:{i:0;a:2:{s:5:\"title\";s:7:\"CiviCRM\";s:3:\"url\";s:16:\"/civicrm?reset=1\";}i:1;a:2:{s:5:\"title\";s:24:\"CiviContribute Dashboard\";s:3:\"url\";s:27:\"/civicrm/contribute?reset=1\";}}',NULL,NULL,2,NULL,NULL,NULL,0,510,1,1,NULL),(293,1,'civicrm/contribute/searchBatch',NULL,NULL,'a:2:{i:0;s:19:\"CRM_Core_Permission\";i:1;s:9:\"checkMenu\";}','a:2:{i:0;a:1:{i:0;s:21:\"access CiviContribute\";}i:1;s:3:\"and\";}','s:37:\"CRM_Contribute_Controller_SearchBatch\";',NULL,'a:2:{i:0;a:2:{s:5:\"title\";s:7:\"CiviCRM\";s:3:\"url\";s:16:\"/civicrm?reset=1\";}i:1;a:2:{s:5:\"title\";s:24:\"CiviContribute Dashboard\";s:3:\"url\";s:27:\"/civicrm/contribute?reset=1\";}}',NULL,NULL,2,NULL,NULL,NULL,0,588,1,1,NULL),(294,1,'civicrm/contribute/import',NULL,'Import Contributions','a:2:{i:0;s:19:\"CRM_Core_Permission\";i:1;s:9:\"checkMenu\";}','a:2:{i:0;a:2:{i:0;s:21:\"access CiviContribute\";i:1;s:18:\"edit contributions\";}i:1;s:3:\"and\";}','s:32:\"CRM_Contribute_Import_Controller\";',NULL,'a:2:{i:0;a:2:{s:5:\"title\";s:7:\"CiviCRM\";s:3:\"url\";s:16:\"/civicrm?reset=1\";}i:1;a:2:{s:5:\"title\";s:24:\"CiviContribute Dashboard\";s:3:\"url\";s:27:\"/civicrm/contribute?reset=1\";}}',NULL,NULL,2,NULL,NULL,NULL,0,520,1,1,NULL),(295,1,'civicrm/contribute/manage',NULL,'Manage Contribution Pages','a:2:{i:0;s:19:\"CRM_Core_Permission\";i:1;s:9:\"checkMenu\";}','a:2:{i:0;a:2:{i:0;s:18:\"administer CiviCRM\";i:1;s:21:\"access CiviContribute\";}i:1;s:3:\"and\";}','s:36:\"CRM_Contribute_Page_ContributionPage\";',NULL,'a:2:{i:0;a:2:{s:5:\"title\";s:7:\"CiviCRM\";s:3:\"url\";s:16:\"/civicrm?reset=1\";}i:1;a:2:{s:5:\"title\";s:24:\"CiviContribute Dashboard\";s:3:\"url\";s:27:\"/civicrm/contribute?reset=1\";}}',NULL,NULL,2,NULL,NULL,NULL,0,530,1,1,NULL),(296,1,'civicrm/contribute/additionalinfo',NULL,'AdditionalInfo Form','a:2:{i:0;s:19:\"CRM_Core_Permission\";i:1;s:9:\"checkMenu\";}','a:2:{i:0;a:1:{i:0;s:21:\"access CiviContribute\";}i:1;s:3:\"and\";}','s:34:\"CRM_Contribute_Form_AdditionalInfo\";',NULL,'a:2:{i:0;a:2:{s:5:\"title\";s:7:\"CiviCRM\";s:3:\"url\";s:16:\"/civicrm?reset=1\";}i:1;a:2:{s:5:\"title\";s:24:\"CiviContribute Dashboard\";s:3:\"url\";s:27:\"/civicrm/contribute?reset=1\";}}',NULL,NULL,2,NULL,NULL,NULL,0,0,1,0,NULL),(297,1,'civicrm/ajax/permlocation',NULL,NULL,'a:2:{i:0;s:19:\"CRM_Core_Permission\";i:1;s:9:\"checkMenu\";}','a:2:{i:0;a:1:{i:0;s:25:\"make online contributions\";}i:1;s:3:\"and\";}','a:2:{i:0;s:27:\"CRM_Core_Page_AJAX_Location\";i:1;s:23:\"getPermissionedLocation\";}',NULL,'a:1:{i:0;a:2:{s:5:\"title\";s:7:\"CiviCRM\";s:3:\"url\";s:16:\"/civicrm?reset=1\";}}',NULL,NULL,NULL,NULL,NULL,NULL,0,1,1,0,NULL),(298,1,'civicrm/ajax/employer',NULL,NULL,'a:2:{i:0;s:19:\"CRM_Core_Permission\";i:1;s:9:\"checkMenu\";}','a:2:{i:0;a:1:{i:0;s:25:\"make online contributions\";}i:1;s:3:\"and\";}','a:2:{i:0;s:21:\"CRM_Contact_Page_AJAX\";i:1;s:23:\"getPermissionedEmployer\";}',NULL,'a:1:{i:0;a:2:{s:5:\"title\";s:7:\"CiviCRM\";s:3:\"url\";s:16:\"/civicrm?reset=1\";}}',NULL,NULL,NULL,NULL,NULL,NULL,0,1,1,0,NULL),(299,1,'civicrm/contribute/unsubscribe',NULL,'Cancel Subscription','a:2:{i:0;s:19:\"CRM_Core_Permission\";i:1;s:9:\"checkMenu\";}','a:2:{i:0;a:1:{i:0;s:25:\"make online contributions\";}i:1;s:3:\"and\";}','s:38:\"CRM_Contribute_Form_CancelSubscription\";',NULL,'a:2:{i:0;a:2:{s:5:\"title\";s:7:\"CiviCRM\";s:3:\"url\";s:16:\"/civicrm?reset=1\";}i:1;a:2:{s:5:\"title\";s:24:\"CiviContribute Dashboard\";s:3:\"url\";s:27:\"/civicrm/contribute?reset=1\";}}',NULL,NULL,2,NULL,NULL,NULL,0,1,1,0,NULL),(300,1,'civicrm/contribute/onbehalf',NULL,NULL,'a:2:{i:0;s:19:\"CRM_Core_Permission\";i:1;s:9:\"checkMenu\";}','a:2:{i:0;a:1:{i:0;s:25:\"make online contributions\";}i:1;s:3:\"and\";}','s:43:\"CRM_Contribute_Form_Contribution_OnBehalfOf\";',NULL,'a:2:{i:0;a:2:{s:5:\"title\";s:7:\"CiviCRM\";s:3:\"url\";s:16:\"/civicrm?reset=1\";}i:1;a:2:{s:5:\"title\";s:24:\"CiviContribute Dashboard\";s:3:\"url\";s:27:\"/civicrm/contribute?reset=1\";}}',NULL,NULL,2,NULL,NULL,NULL,0,1,1,0,NULL),(301,1,'civicrm/contribute/updatebilling',NULL,'Update Billing Details','a:2:{i:0;s:19:\"CRM_Core_Permission\";i:1;s:9:\"checkMenu\";}','a:2:{i:0;a:1:{i:0;s:25:\"make online contributions\";}i:1;s:3:\"and\";}','s:33:\"CRM_Contribute_Form_UpdateBilling\";',NULL,'a:2:{i:0;a:2:{s:5:\"title\";s:7:\"CiviCRM\";s:3:\"url\";s:16:\"/civicrm?reset=1\";}i:1;a:2:{s:5:\"title\";s:24:\"CiviContribute Dashboard\";s:3:\"url\";s:27:\"/civicrm/contribute?reset=1\";}}',NULL,NULL,2,NULL,NULL,NULL,0,1,1,0,NULL),(302,1,'civicrm/contribute/updaterecur',NULL,'Update Subscription','a:2:{i:0;s:19:\"CRM_Core_Permission\";i:1;s:9:\"checkMenu\";}','a:2:{i:0;a:1:{i:0;s:25:\"make online contributions\";}i:1;s:3:\"and\";}','s:38:\"CRM_Contribute_Form_UpdateSubscription\";',NULL,'a:2:{i:0;a:2:{s:5:\"title\";s:7:\"CiviCRM\";s:3:\"url\";s:16:\"/civicrm?reset=1\";}i:1;a:2:{s:5:\"title\";s:24:\"CiviContribute Dashboard\";s:3:\"url\";s:27:\"/civicrm/contribute?reset=1\";}}',NULL,NULL,2,NULL,NULL,NULL,0,1,1,0,NULL),(303,1,'civicrm/contribute/subscriptionstatus',NULL,NULL,'a:2:{i:0;s:19:\"CRM_Core_Permission\";i:1;s:9:\"checkMenu\";}','a:2:{i:0;a:1:{i:0;s:25:\"make online contributions\";}i:1;s:3:\"and\";}','s:38:\"CRM_Contribute_Page_SubscriptionStatus\";',NULL,'a:2:{i:0;a:2:{s:5:\"title\";s:7:\"CiviCRM\";s:3:\"url\";s:16:\"/civicrm?reset=1\";}i:1;a:2:{s:5:\"title\";s:24:\"CiviContribute Dashboard\";s:3:\"url\";s:27:\"/civicrm/contribute?reset=1\";}}',NULL,NULL,2,NULL,NULL,NULL,0,1,1,0,NULL),(304,1,'civicrm/admin/financial/financialType/accounts',NULL,'Financial Type Accounts','a:2:{i:0;s:19:\"CRM_Core_Permission\";i:1;s:9:\"checkMenu\";}','a:2:{i:0;a:2:{i:0;s:18:\"administer CiviCRM\";i:1;s:14:\"access CiviCRM\";}i:1;s:3:\"and\";}','s:39:\"CRM_Financial_Page_FinancialTypeAccount\";',NULL,'a:3:{i:0;a:2:{s:5:\"title\";s:7:\"CiviCRM\";s:3:\"url\";s:16:\"/civicrm?reset=1\";}i:1;a:2:{s:5:\"title\";s:18:\"Administer CiviCRM\";s:3:\"url\";s:22:\"/civicrm/admin?reset=1\";}i:2;a:2:{s:5:\"title\";s:15:\"Financial Types\";s:3:\"url\";s:46:\"/civicrm/admin/financial/financialType?reset=1\";}}',NULL,NULL,NULL,NULL,NULL,NULL,1,581,1,0,NULL),(305,1,'civicrm/financial/batch',NULL,'Accounting Batch','a:2:{i:0;s:19:\"CRM_Core_Permission\";i:1;s:9:\"checkMenu\";}','a:2:{i:0;a:1:{i:0;s:19:\"create manual batch\";}i:1;s:3:\"and\";}','s:33:\"CRM_Financial_Page_FinancialBatch\";',NULL,'a:1:{i:0;a:2:{s:5:\"title\";s:7:\"CiviCRM\";s:3:\"url\";s:16:\"/civicrm?reset=1\";}}',NULL,NULL,NULL,NULL,NULL,NULL,0,585,1,0,NULL),(306,1,'civicrm/financial/financialbatches',NULL,'Accounting Batches','a:2:{i:0;s:19:\"CRM_Core_Permission\";i:1;s:9:\"checkMenu\";}','a:2:{i:0;a:1:{i:0;s:14:\"access CiviCRM\";}i:1;s:3:\"and\";}','s:24:\"CRM_Financial_Page_Batch\";',NULL,'a:1:{i:0;a:2:{s:5:\"title\";s:7:\"CiviCRM\";s:3:\"url\";s:16:\"/civicrm?reset=1\";}}',NULL,NULL,NULL,NULL,NULL,NULL,0,586,1,0,NULL),(307,1,'civicrm/batchtransaction',NULL,'Accounting Batch','a:2:{i:0;s:19:\"CRM_Core_Permission\";i:1;s:9:\"checkMenu\";}','a:2:{i:0;a:1:{i:0;s:14:\"access CiviCRM\";}i:1;s:3:\"and\";}','s:35:\"CRM_Financial_Page_BatchTransaction\";',NULL,'a:1:{i:0;a:2:{s:5:\"title\";s:7:\"CiviCRM\";s:3:\"url\";s:16:\"/civicrm?reset=1\";}}',NULL,NULL,NULL,NULL,NULL,NULL,0,600,1,0,NULL),(308,1,'civicrm/financial/batch/export',NULL,'Accounting Batch Export','a:2:{i:0;s:19:\"CRM_Core_Permission\";i:1;s:9:\"checkMenu\";}','a:2:{i:0;a:1:{i:0;s:19:\"create manual batch\";}i:1;s:3:\"and\";}','s:25:\"CRM_Financial_Form_Export\";',NULL,'a:2:{i:0;a:2:{s:5:\"title\";s:7:\"CiviCRM\";s:3:\"url\";s:16:\"/civicrm?reset=1\";}i:1;a:2:{s:5:\"title\";s:16:\"Accounting Batch\";s:3:\"url\";s:32:\"/civicrm/financial/batch?reset=1\";}}',NULL,NULL,NULL,NULL,NULL,NULL,0,610,1,0,NULL),(309,1,'civicrm/payment/view','action=view','View Payment','a:2:{i:0;s:19:\"CRM_Core_Permission\";i:1;s:9:\"checkMenu\";}','a:2:{i:0;a:1:{i:0;s:21:\"access CiviContribute\";}i:1;s:3:\"and\";}','s:31:\"CRM_Contribute_Page_PaymentInfo\";',NULL,'a:2:{i:0;a:2:{s:5:\"title\";s:7:\"CiviCRM\";s:3:\"url\";s:16:\"/civicrm?reset=1\";}i:1;a:2:{s:5:\"title\";s:11:\"New Payment\";s:3:\"url\";s:39:\"/civicrm/payment?reset=1&amp;action=add\";}}',NULL,NULL,2,NULL,NULL,NULL,0,1,1,1,NULL),(310,1,'civicrm/admin/contribute/pcp',NULL,'Personal Campaign Pages','a:2:{i:0;s:19:\"CRM_Core_Permission\";i:1;s:9:\"checkMenu\";}','a:2:{i:0;a:2:{i:0;s:18:\"administer CiviCRM\";i:1;s:14:\"access CiviCRM\";}i:1;s:3:\"and\";}','s:23:\"CRM_PCP_Form_Contribute\";',NULL,'a:3:{i:0;a:2:{s:5:\"title\";s:7:\"CiviCRM\";s:3:\"url\";s:16:\"/civicrm?reset=1\";}i:1;a:2:{s:5:\"title\";s:18:\"Administer CiviCRM\";s:3:\"url\";s:22:\"/civicrm/admin?reset=1\";}i:2;a:2:{s:5:\"title\";s:25:\"Manage Contribution Pages\";s:3:\"url\";s:33:\"/civicrm/admin/contribute?reset=1\";}}',NULL,NULL,NULL,NULL,NULL,NULL,1,450,1,0,NULL),(311,1,'civicrm/contribute/campaign',NULL,'Setup a Personal Campaign Page - Account Information','a:2:{i:0;s:19:\"CRM_Core_Permission\";i:1;s:9:\"checkMenu\";}','a:2:{i:0;a:1:{i:0;s:25:\"make online contributions\";}i:1;s:3:\"and\";}','s:22:\"CRM_PCP_Controller_PCP\";',NULL,'a:2:{i:0;a:2:{s:5:\"title\";s:7:\"CiviCRM\";s:3:\"url\";s:16:\"/civicrm?reset=1\";}i:1;a:2:{s:5:\"title\";s:24:\"CiviContribute Dashboard\";s:3:\"url\";s:27:\"/civicrm/contribute?reset=1\";}}',NULL,NULL,2,NULL,1,NULL,0,0,1,0,NULL),(312,1,'civicrm/member',NULL,'CiviMember Dashboard','a:2:{i:0;s:19:\"CRM_Core_Permission\";i:1;s:9:\"checkMenu\";}','a:2:{i:0;a:1:{i:0;s:17:\"access CiviMember\";}i:1;s:3:\"and\";}','s:25:\"CRM_Member_Page_DashBoard\";',NULL,'a:1:{i:0;a:2:{s:5:\"title\";s:7:\"CiviCRM\";s:3:\"url\";s:16:\"/civicrm?reset=1\";}}',NULL,NULL,3,NULL,NULL,NULL,0,700,1,1,NULL),(313,1,'civicrm/member/add','action=add','New Membership','a:2:{i:0;s:19:\"CRM_Core_Permission\";i:1;s:9:\"checkMenu\";}','a:2:{i:0;a:1:{i:0;s:17:\"access CiviMember\";}i:1;s:3:\"and\";}','s:19:\"CRM_Member_Page_Tab\";',NULL,'a:2:{i:0;a:2:{s:5:\"title\";s:7:\"CiviCRM\";s:3:\"url\";s:16:\"/civicrm?reset=1\";}i:1;a:2:{s:5:\"title\";s:20:\"CiviMember Dashboard\";s:3:\"url\";s:23:\"/civicrm/member?reset=1\";}}',NULL,NULL,3,NULL,NULL,NULL,0,1,1,0,NULL),(314,1,'civicrm/admin/member/membershipType',NULL,'Membership Types','a:2:{i:0;s:19:\"CRM_Core_Permission\";i:1;s:9:\"checkMenu\";}','a:2:{i:0;a:2:{i:0;s:18:\"administer CiviCRM\";i:1;s:14:\"access CiviCRM\";}i:1;s:3:\"and\";}','s:30:\"CRM_Member_Page_MembershipType\";',NULL,'a:2:{i:0;a:2:{s:5:\"title\";s:7:\"CiviCRM\";s:3:\"url\";s:16:\"/civicrm?reset=1\";}i:1;a:2:{s:5:\"title\";s:18:\"Administer CiviCRM\";s:3:\"url\";s:22:\"/civicrm/admin?reset=1\";}}',NULL,NULL,NULL,NULL,NULL,NULL,1,370,1,0,NULL),(315,1,'civicrm/admin/member/membershipStatus',NULL,'Membership Status Rules','a:2:{i:0;s:19:\"CRM_Core_Permission\";i:1;s:9:\"checkMenu\";}','a:2:{i:0;a:2:{i:0;s:18:\"administer CiviCRM\";i:1;s:14:\"access CiviCRM\";}i:1;s:3:\"and\";}','s:32:\"CRM_Member_Page_MembershipStatus\";',NULL,'a:2:{i:0;a:2:{s:5:\"title\";s:7:\"CiviCRM\";s:3:\"url\";s:16:\"/civicrm?reset=1\";}i:1;a:2:{s:5:\"title\";s:18:\"Administer CiviCRM\";s:3:\"url\";s:22:\"/civicrm/admin?reset=1\";}}',NULL,NULL,NULL,NULL,NULL,NULL,1,380,1,0,NULL),(316,1,'civicrm/contact/view/membership','force=1,cid=%%cid%%','Memberships','a:2:{i:0;s:19:\"CRM_Core_Permission\";i:1;s:9:\"checkMenu\";}','a:2:{i:0;a:3:{i:0;s:14:\"access CiviCRM\";i:1;s:15:\"edit my contact\";i:2;s:15:\"view my contact\";}i:1;s:2:\"or\";}','s:19:\"CRM_Member_Page_Tab\";',NULL,'a:2:{i:0;a:2:{s:5:\"title\";s:7:\"CiviCRM\";s:3:\"url\";s:16:\"/civicrm?reset=1\";}i:1;a:2:{s:5:\"title\";s:15:\"Contact Summary\";s:3:\"url\";s:45:\"/civicrm/contact/view?reset=1&amp;cid=%%cid%%\";}}',NULL,NULL,NULL,NULL,NULL,NULL,0,2,1,0,NULL),(317,1,'civicrm/membership/view',NULL,'Memberships','a:2:{i:0;s:19:\"CRM_Core_Permission\";i:1;s:9:\"checkMenu\";}','a:2:{i:0;a:1:{i:0;s:17:\"access CiviMember\";}i:1;s:3:\"and\";}','s:30:\"CRM_Member_Form_MembershipView\";',NULL,'a:1:{i:0;a:2:{s:5:\"title\";s:7:\"CiviCRM\";s:3:\"url\";s:16:\"/civicrm?reset=1\";}}',NULL,NULL,NULL,NULL,NULL,NULL,0,390,1,0,NULL),(318,1,'civicrm/member/search',NULL,'Find Memberships','a:2:{i:0;s:19:\"CRM_Core_Permission\";i:1;s:9:\"checkMenu\";}','a:2:{i:0;a:1:{i:0;s:17:\"access CiviMember\";}i:1;s:3:\"and\";}','s:28:\"CRM_Member_Controller_Search\";',NULL,'a:2:{i:0;a:2:{s:5:\"title\";s:7:\"CiviCRM\";s:3:\"url\";s:16:\"/civicrm?reset=1\";}i:1;a:2:{s:5:\"title\";s:20:\"CiviMember Dashboard\";s:3:\"url\";s:23:\"/civicrm/member?reset=1\";}}',NULL,NULL,3,NULL,NULL,NULL,0,710,1,1,NULL),(319,1,'civicrm/member/import',NULL,'Import Memberships','a:2:{i:0;s:19:\"CRM_Core_Permission\";i:1;s:9:\"checkMenu\";}','a:2:{i:0;a:2:{i:0;s:17:\"access CiviMember\";i:1;s:16:\"edit memberships\";}i:1;s:3:\"and\";}','s:28:\"CRM_Member_Import_Controller\";',NULL,'a:2:{i:0;a:2:{s:5:\"title\";s:7:\"CiviCRM\";s:3:\"url\";s:16:\"/civicrm?reset=1\";}i:1;a:2:{s:5:\"title\";s:20:\"CiviMember Dashboard\";s:3:\"url\";s:23:\"/civicrm/member?reset=1\";}}',NULL,NULL,3,NULL,NULL,NULL,0,720,1,1,NULL),(320,1,'civicrm/ajax/memType',NULL,NULL,'a:2:{i:0;s:19:\"CRM_Core_Permission\";i:1;s:9:\"checkMenu\";}','a:2:{i:0;a:2:{i:0;s:14:\"access CiviCRM\";i:1;s:17:\"access CiviMember\";}i:1;s:3:\"and\";}','a:2:{i:0;s:20:\"CRM_Member_Page_AJAX\";i:1;s:21:\"getMemberTypeDefaults\";}',NULL,'a:1:{i:0;a:2:{s:5:\"title\";s:7:\"CiviCRM\";s:3:\"url\";s:16:\"/civicrm?reset=1\";}}',NULL,NULL,NULL,NULL,NULL,NULL,0,1,1,0,NULL),(321,1,'civicrm/admin/member/membershipType/add',NULL,'Membership Types','a:2:{i:0;s:19:\"CRM_Core_Permission\";i:1;s:9:\"checkMenu\";}','a:2:{i:0;a:2:{i:0;s:17:\"access CiviMember\";i:1;s:18:\"administer CiviCRM\";}i:1;s:3:\"and\";}','s:30:\"CRM_Member_Form_MembershipType\";',NULL,'a:3:{i:0;a:2:{s:5:\"title\";s:7:\"CiviCRM\";s:3:\"url\";s:16:\"/civicrm?reset=1\";}i:1;a:2:{s:5:\"title\";s:18:\"Administer CiviCRM\";s:3:\"url\";s:22:\"/civicrm/admin?reset=1\";}i:2;a:2:{s:5:\"title\";s:16:\"Membership Types\";s:3:\"url\";s:44:\"/civicrm/admin/member/membershipType?reset=1\";}}',NULL,NULL,NULL,NULL,NULL,NULL,1,1,1,0,NULL),(322,1,'civicrm/mailing',NULL,'CiviMail','a:2:{i:0;s:19:\"CRM_Core_Permission\";i:1;s:9:\"checkMenu\";}','a:2:{i:0;a:2:{i:0;s:15:\"access CiviMail\";i:1;s:15:\"create mailings\";}i:1;s:2:\"or\";}','s:23:\"CRM_Mailing_Page_Browse\";',NULL,'a:1:{i:0;a:2:{s:5:\"title\";s:7:\"CiviCRM\";s:3:\"url\";s:16:\"/civicrm?reset=1\";}}',NULL,NULL,4,NULL,NULL,NULL,0,600,1,1,NULL),(323,1,'civicrm/admin/mail',NULL,'Mailer Settings','a:2:{i:0;s:19:\"CRM_Core_Permission\";i:1;s:9:\"checkMenu\";}','a:2:{i:0;a:1:{i:0;s:15:\"access CiviMail\";}i:1;s:3:\"and\";}','s:27:\"CRM_Admin_Form_Setting_Mail\";',NULL,'a:2:{i:0;a:2:{s:5:\"title\";s:7:\"CiviCRM\";s:3:\"url\";s:16:\"/civicrm?reset=1\";}i:1;a:2:{s:5:\"title\";s:18:\"Administer CiviCRM\";s:3:\"url\";s:22:\"/civicrm/admin?reset=1\";}}',NULL,NULL,NULL,NULL,NULL,NULL,1,400,1,0,NULL),(324,1,'civicrm/admin/component',NULL,'Headers, Footers, and Automated Messages','a:2:{i:0;s:19:\"CRM_Core_Permission\";i:1;s:9:\"checkMenu\";}','a:2:{i:0;a:1:{i:0;s:15:\"access CiviMail\";}i:1;s:3:\"and\";}','s:26:\"CRM_Mailing_Page_Component\";',NULL,'a:2:{i:0;a:2:{s:5:\"title\";s:7:\"CiviCRM\";s:3:\"url\";s:16:\"/civicrm?reset=1\";}i:1;a:2:{s:5:\"title\";s:18:\"Administer CiviCRM\";s:3:\"url\";s:22:\"/civicrm/admin?reset=1\";}}',NULL,NULL,NULL,NULL,NULL,NULL,1,410,1,0,NULL),(325,1,'civicrm/admin/options/from_email_address/civimail',NULL,'From Email Addresses','a:2:{i:0;s:19:\"CRM_Core_Permission\";i:1;s:9:\"checkMenu\";}','a:2:{i:0;a:2:{i:0;s:18:\"administer CiviCRM\";i:1;s:14:\"access CiviCRM\";}i:1;s:3:\"and\";}','s:22:\"CRM_Admin_Page_Options\";',NULL,'a:4:{i:0;a:2:{s:5:\"title\";s:7:\"CiviCRM\";s:3:\"url\";s:16:\"/civicrm?reset=1\";}i:1;a:2:{s:5:\"title\";s:18:\"Administer CiviCRM\";s:3:\"url\";s:22:\"/civicrm/admin?reset=1\";}i:2;a:2:{s:5:\"title\";s:13:\"Option Groups\";s:3:\"url\";s:30:\"/civicrm/admin/options?reset=1\";}i:3;a:2:{s:5:\"title\";s:20:\"From Email Addresses\";s:3:\"url\";s:49:\"/civicrm/admin/options/from_email_address?reset=1\";}}',NULL,NULL,NULL,NULL,NULL,NULL,1,415,1,0,NULL),(326,1,'civicrm/admin/mailSettings',NULL,'Mail Accounts','a:2:{i:0;s:19:\"CRM_Core_Permission\";i:1;s:9:\"checkMenu\";}','a:2:{i:0;a:1:{i:0;s:15:\"access CiviMail\";}i:1;s:3:\"and\";}','s:27:\"CRM_Admin_Page_MailSettings\";',NULL,'a:2:{i:0;a:2:{s:5:\"title\";s:7:\"CiviCRM\";s:3:\"url\";s:16:\"/civicrm?reset=1\";}i:1;a:2:{s:5:\"title\";s:18:\"Administer CiviCRM\";s:3:\"url\";s:22:\"/civicrm/admin?reset=1\";}}',NULL,NULL,NULL,NULL,NULL,NULL,1,420,1,0,NULL),(327,1,'civicrm/mailing/send',NULL,'New Mailing','a:2:{i:0;s:19:\"CRM_Core_Permission\";i:1;s:9:\"checkMenu\";}','a:2:{i:0;a:3:{i:0;s:15:\"access CiviMail\";i:1;s:15:\"create mailings\";i:2;s:17:\"schedule mailings\";}i:1;s:2:\"or\";}','s:27:\"CRM_Mailing_Controller_Send\";',NULL,'a:2:{i:0;a:2:{s:5:\"title\";s:7:\"CiviCRM\";s:3:\"url\";s:16:\"/civicrm?reset=1\";}i:1;a:2:{s:5:\"title\";s:8:\"CiviMail\";s:3:\"url\";s:24:\"/civicrm/mailing?reset=1\";}}',NULL,NULL,4,NULL,NULL,NULL,0,610,1,1,NULL),(328,1,'civicrm/mailing/browse/scheduled','scheduled=true','Find Mailings','a:2:{i:0;s:19:\"CRM_Core_Permission\";i:1;s:9:\"checkMenu\";}','a:2:{i:0;a:4:{i:0;s:15:\"access CiviMail\";i:1;s:16:\"approve mailings\";i:2;s:15:\"create mailings\";i:3;s:17:\"schedule mailings\";}i:1;s:2:\"or\";}','s:23:\"CRM_Mailing_Page_Browse\";',NULL,'a:2:{i:0;a:2:{s:5:\"title\";s:7:\"CiviCRM\";s:3:\"url\";s:16:\"/civicrm?reset=1\";}i:1;a:2:{s:5:\"title\";s:8:\"CiviMail\";s:3:\"url\";s:24:\"/civicrm/mailing?reset=1\";}}',NULL,NULL,4,NULL,NULL,NULL,0,620,1,1,NULL),(329,1,'civicrm/mailing/browse/unscheduled','scheduled=false','Find Mailings','a:2:{i:0;s:19:\"CRM_Core_Permission\";i:1;s:9:\"checkMenu\";}','a:2:{i:0;a:3:{i:0;s:15:\"access CiviMail\";i:1;s:15:\"create mailings\";i:2;s:17:\"schedule mailings\";}i:1;s:2:\"or\";}','s:23:\"CRM_Mailing_Page_Browse\";',NULL,'a:2:{i:0;a:2:{s:5:\"title\";s:7:\"CiviCRM\";s:3:\"url\";s:16:\"/civicrm?reset=1\";}i:1;a:2:{s:5:\"title\";s:8:\"CiviMail\";s:3:\"url\";s:24:\"/civicrm/mailing?reset=1\";}}',NULL,NULL,4,NULL,NULL,NULL,0,620,1,1,NULL),(330,1,'civicrm/mailing/browse/archived',NULL,'Find Mailings','a:2:{i:0;s:19:\"CRM_Core_Permission\";i:1;s:9:\"checkMenu\";}','a:2:{i:0;a:2:{i:0;s:15:\"access CiviMail\";i:1;s:15:\"create mailings\";}i:1;s:2:\"or\";}','s:23:\"CRM_Mailing_Page_Browse\";',NULL,'a:2:{i:0;a:2:{s:5:\"title\";s:7:\"CiviCRM\";s:3:\"url\";s:16:\"/civicrm?reset=1\";}i:1;a:2:{s:5:\"title\";s:8:\"CiviMail\";s:3:\"url\";s:24:\"/civicrm/mailing?reset=1\";}}',NULL,NULL,4,NULL,NULL,NULL,0,625,1,1,NULL),(331,1,'civicrm/mailing/component',NULL,'Headers, Footers, and Automated Messages','a:2:{i:0;s:19:\"CRM_Core_Permission\";i:1;s:9:\"checkMenu\";}','a:2:{i:0;a:1:{i:0;s:18:\"administer CiviCRM\";}i:1;s:3:\"and\";}','s:26:\"CRM_Mailing_Page_Component\";',NULL,'a:2:{i:0;a:2:{s:5:\"title\";s:7:\"CiviCRM\";s:3:\"url\";s:16:\"/civicrm?reset=1\";}i:1;a:2:{s:5:\"title\";s:8:\"CiviMail\";s:3:\"url\";s:24:\"/civicrm/mailing?reset=1\";}}',NULL,NULL,4,NULL,NULL,NULL,0,630,1,1,NULL),(332,1,'civicrm/mailing/unsubscribe',NULL,'Unsubscribe','a:2:{i:0;s:19:\"CRM_Core_Permission\";i:1;s:9:\"checkMenu\";}','a:2:{i:0;a:1:{i:0;s:43:\"access CiviMail subscribe/unsubscribe pages\";}i:1;s:3:\"and\";}','s:28:\"CRM_Mailing_Page_Unsubscribe\";',NULL,'a:2:{i:0;a:2:{s:5:\"title\";s:7:\"CiviCRM\";s:3:\"url\";s:16:\"/civicrm?reset=1\";}i:1;a:2:{s:5:\"title\";s:8:\"CiviMail\";s:3:\"url\";s:24:\"/civicrm/mailing?reset=1\";}}',NULL,NULL,4,NULL,1,NULL,0,640,1,0,NULL),(333,1,'civicrm/mailing/resubscribe',NULL,'Resubscribe','a:2:{i:0;s:19:\"CRM_Core_Permission\";i:1;s:9:\"checkMenu\";}','a:2:{i:0;a:1:{i:0;s:43:\"access CiviMail subscribe/unsubscribe pages\";}i:1;s:3:\"and\";}','s:28:\"CRM_Mailing_Page_Resubscribe\";',NULL,'a:2:{i:0;a:2:{s:5:\"title\";s:7:\"CiviCRM\";s:3:\"url\";s:16:\"/civicrm?reset=1\";}i:1;a:2:{s:5:\"title\";s:8:\"CiviMail\";s:3:\"url\";s:24:\"/civicrm/mailing?reset=1\";}}',NULL,NULL,4,NULL,1,NULL,0,645,1,0,NULL),(334,1,'civicrm/mailing/optout',NULL,'Optout','a:2:{i:0;s:19:\"CRM_Core_Permission\";i:1;s:9:\"checkMenu\";}','a:2:{i:0;a:1:{i:0;s:43:\"access CiviMail subscribe/unsubscribe pages\";}i:1;s:3:\"and\";}','s:23:\"CRM_Mailing_Page_Optout\";',NULL,'a:2:{i:0;a:2:{s:5:\"title\";s:7:\"CiviCRM\";s:3:\"url\";s:16:\"/civicrm?reset=1\";}i:1;a:2:{s:5:\"title\";s:8:\"CiviMail\";s:3:\"url\";s:24:\"/civicrm/mailing?reset=1\";}}',NULL,NULL,4,NULL,1,NULL,0,650,1,0,NULL),(335,1,'civicrm/mailing/confirm',NULL,'Confirm','a:2:{i:0;s:19:\"CRM_Core_Permission\";i:1;s:9:\"checkMenu\";}','a:2:{i:0;a:1:{i:0;s:43:\"access CiviMail subscribe/unsubscribe pages\";}i:1;s:3:\"and\";}','s:24:\"CRM_Mailing_Page_Confirm\";',NULL,'a:2:{i:0;a:2:{s:5:\"title\";s:7:\"CiviCRM\";s:3:\"url\";s:16:\"/civicrm?reset=1\";}i:1;a:2:{s:5:\"title\";s:8:\"CiviMail\";s:3:\"url\";s:24:\"/civicrm/mailing?reset=1\";}}',NULL,NULL,4,NULL,1,NULL,0,660,1,0,NULL),(336,1,'civicrm/mailing/subscribe',NULL,'Subscribe','a:2:{i:0;s:19:\"CRM_Core_Permission\";i:1;s:9:\"checkMenu\";}','a:2:{i:0;a:1:{i:0;s:43:\"access CiviMail subscribe/unsubscribe pages\";}i:1;s:3:\"and\";}','s:26:\"CRM_Mailing_Form_Subscribe\";',NULL,'a:2:{i:0;a:2:{s:5:\"title\";s:7:\"CiviCRM\";s:3:\"url\";s:16:\"/civicrm?reset=1\";}i:1;a:2:{s:5:\"title\";s:8:\"CiviMail\";s:3:\"url\";s:24:\"/civicrm/mailing?reset=1\";}}',NULL,NULL,4,NULL,1,NULL,0,660,1,0,NULL),(337,1,'civicrm/mailing/preview',NULL,'Preview Mailing','a:2:{i:0;s:19:\"CRM_Core_Permission\";i:1;s:9:\"checkMenu\";}','a:2:{i:0;a:4:{i:0;s:15:\"access CiviMail\";i:1;s:16:\"approve mailings\";i:2;s:15:\"create mailings\";i:3;s:17:\"schedule mailings\";}i:1;s:2:\"or\";}','s:24:\"CRM_Mailing_Page_Preview\";',NULL,'a:2:{i:0;a:2:{s:5:\"title\";s:7:\"CiviCRM\";s:3:\"url\";s:16:\"/civicrm?reset=1\";}i:1;a:2:{s:5:\"title\";s:8:\"CiviMail\";s:3:\"url\";s:24:\"/civicrm/mailing?reset=1\";}}',NULL,NULL,4,NULL,NULL,NULL,0,670,1,0,NULL),(338,1,'civicrm/mailing/report','mid=%%mid%%','Mailing Report','a:2:{i:0;s:19:\"CRM_Core_Permission\";i:1;s:9:\"checkMenu\";}','a:2:{i:0;a:2:{i:0;s:15:\"access CiviMail\";i:1;s:15:\"create mailings\";}i:1;s:2:\"or\";}','s:23:\"CRM_Mailing_Page_Report\";',NULL,'a:2:{i:0;a:2:{s:5:\"title\";s:7:\"CiviCRM\";s:3:\"url\";s:16:\"/civicrm?reset=1\";}i:1;a:2:{s:5:\"title\";s:8:\"CiviMail\";s:3:\"url\";s:24:\"/civicrm/mailing?reset=1\";}}',NULL,NULL,4,NULL,NULL,NULL,0,680,1,0,NULL),(339,1,'civicrm/mailing/forward',NULL,'Forward Mailing','a:2:{i:0;s:19:\"CRM_Core_Permission\";i:1;s:9:\"checkMenu\";}','a:2:{i:0;a:1:{i:0;s:43:\"access CiviMail subscribe/unsubscribe pages\";}i:1;s:3:\"and\";}','s:31:\"CRM_Mailing_Form_ForwardMailing\";',NULL,'a:2:{i:0;a:2:{s:5:\"title\";s:7:\"CiviCRM\";s:3:\"url\";s:16:\"/civicrm?reset=1\";}i:1;a:2:{s:5:\"title\";s:8:\"CiviMail\";s:3:\"url\";s:24:\"/civicrm/mailing?reset=1\";}}',NULL,NULL,4,NULL,1,NULL,0,685,1,0,NULL),(340,1,'civicrm/mailing/queue',NULL,'Sending Mail','a:2:{i:0;s:19:\"CRM_Core_Permission\";i:1;s:9:\"checkMenu\";}','a:2:{i:0;a:1:{i:0;s:15:\"access CiviMail\";}i:1;s:3:\"and\";}','s:23:\"CRM_Mailing_Page_Browse\";',NULL,'a:2:{i:0;a:2:{s:5:\"title\";s:7:\"CiviCRM\";s:3:\"url\";s:16:\"/civicrm?reset=1\";}i:1;a:2:{s:5:\"title\";s:8:\"CiviMail\";s:3:\"url\";s:24:\"/civicrm/mailing?reset=1\";}}',NULL,NULL,4,NULL,NULL,NULL,0,690,1,0,NULL),(341,1,'civicrm/mailing/report/event',NULL,'Mailing Event','a:2:{i:0;s:19:\"CRM_Core_Permission\";i:1;s:9:\"checkMenu\";}','a:2:{i:0;a:1:{i:0;s:15:\"access CiviMail\";}i:1;s:3:\"and\";}','s:22:\"CRM_Mailing_Page_Event\";',NULL,'a:3:{i:0;a:2:{s:5:\"title\";s:7:\"CiviCRM\";s:3:\"url\";s:16:\"/civicrm?reset=1\";}i:1;a:2:{s:5:\"title\";s:8:\"CiviMail\";s:3:\"url\";s:24:\"/civicrm/mailing?reset=1\";}i:2;a:2:{s:5:\"title\";s:14:\"Mailing Report\";s:3:\"url\";s:47:\"/civicrm/mailing/report?reset=1&amp;mid=%%mid%%\";}}',NULL,NULL,4,NULL,NULL,NULL,0,695,1,0,NULL),(342,1,'civicrm/ajax/template',NULL,NULL,'a:2:{i:0;s:19:\"CRM_Core_Permission\";i:1;s:9:\"checkMenu\";}','a:2:{i:0;a:1:{i:0;s:14:\"access CiviCRM\";}i:1;s:3:\"and\";}','a:2:{i:0;s:21:\"CRM_Mailing_Page_AJAX\";i:1;s:8:\"template\";}',NULL,'a:1:{i:0;a:2:{s:5:\"title\";s:7:\"CiviCRM\";s:3:\"url\";s:16:\"/civicrm?reset=1\";}}',NULL,NULL,NULL,NULL,NULL,NULL,0,1,1,0,NULL),(343,1,'civicrm/mailing/schedule',NULL,'Schedule Mailing','a:2:{i:0;s:19:\"CRM_Core_Permission\";i:1;s:9:\"checkMenu\";}','a:2:{i:0;a:1:{i:0;s:17:\"schedule mailings\";}i:1;s:3:\"and\";}','s:25:\"CRM_Mailing_Form_Schedule\";',NULL,'a:2:{i:0;a:2:{s:5:\"title\";s:7:\"CiviCRM\";s:3:\"url\";s:16:\"/civicrm?reset=1\";}i:1;a:2:{s:5:\"title\";s:8:\"CiviMail\";s:3:\"url\";s:24:\"/civicrm/mailing?reset=1\";}}',NULL,NULL,4,NULL,NULL,NULL,0,700,1,0,NULL),(344,1,'civicrm/mailing/view',NULL,'View Mailing','a:2:{i:0;s:19:\"CRM_Core_Permission\";i:1;s:9:\"checkMenu\";}','a:2:{i:0;a:3:{i:0;s:28:\"view public CiviMail content\";i:1;s:15:\"access CiviMail\";i:2;s:16:\"approve mailings\";}i:1;s:2:\"or\";}','s:21:\"CRM_Mailing_Page_View\";',NULL,'a:2:{i:0;a:2:{s:5:\"title\";s:7:\"CiviCRM\";s:3:\"url\";s:16:\"/civicrm?reset=1\";}i:1;a:2:{s:5:\"title\";s:8:\"CiviMail\";s:3:\"url\";s:24:\"/civicrm/mailing?reset=1\";}}',NULL,NULL,4,NULL,1,NULL,0,800,1,0,NULL),(345,1,'civicrm/mailing/approve',NULL,'Approve Mailing','a:2:{i:0;s:19:\"CRM_Core_Permission\";i:1;s:9:\"checkMenu\";}','a:2:{i:0;a:1:{i:0;s:16:\"approve mailings\";}i:1;s:3:\"and\";}','s:24:\"CRM_Mailing_Form_Approve\";',NULL,'a:2:{i:0;a:2:{s:5:\"title\";s:7:\"CiviCRM\";s:3:\"url\";s:16:\"/civicrm?reset=1\";}i:1;a:2:{s:5:\"title\";s:8:\"CiviMail\";s:3:\"url\";s:24:\"/civicrm/mailing?reset=1\";}}',NULL,NULL,4,NULL,NULL,NULL,0,850,1,0,NULL),(346,1,'civicrm/contact/view/mailing',NULL,NULL,'a:2:{i:0;s:19:\"CRM_Core_Permission\";i:1;s:9:\"checkMenu\";}','a:2:{i:0;a:3:{i:0;s:14:\"access CiviCRM\";i:1;s:15:\"edit my contact\";i:2;s:15:\"view my contact\";}i:1;s:2:\"or\";}','s:20:\"CRM_Mailing_Page_Tab\";',NULL,'a:2:{i:0;a:2:{s:5:\"title\";s:7:\"CiviCRM\";s:3:\"url\";s:16:\"/civicrm?reset=1\";}i:1;a:2:{s:5:\"title\";s:15:\"Contact Summary\";s:3:\"url\";s:45:\"/civicrm/contact/view?reset=1&amp;cid=%%cid%%\";}}',NULL,NULL,NULL,NULL,NULL,NULL,0,1,1,0,NULL),(347,1,'civicrm/ajax/contactmailing',NULL,NULL,'a:2:{i:0;s:19:\"CRM_Core_Permission\";i:1;s:9:\"checkMenu\";}','a:2:{i:0;a:1:{i:0;s:14:\"access CiviCRM\";}i:1;s:3:\"and\";}','a:2:{i:0;s:21:\"CRM_Mailing_Page_AJAX\";i:1;s:18:\"getContactMailings\";}',NULL,'a:1:{i:0;a:2:{s:5:\"title\";s:7:\"CiviCRM\";s:3:\"url\";s:16:\"/civicrm?reset=1\";}}',NULL,NULL,NULL,NULL,NULL,NULL,0,1,1,0,NULL),(348,1,'civicrm/grant',NULL,'CiviGrant Dashboard','a:2:{i:0;s:19:\"CRM_Core_Permission\";i:1;s:9:\"checkMenu\";}','a:2:{i:0;a:1:{i:0;s:16:\"access CiviGrant\";}i:1;s:3:\"and\";}','s:24:\"CRM_Grant_Page_DashBoard\";',NULL,'a:1:{i:0;a:2:{s:5:\"title\";s:7:\"CiviCRM\";s:3:\"url\";s:16:\"/civicrm?reset=1\";}}',NULL,NULL,5,NULL,NULL,NULL,0,1000,1,1,NULL),(349,1,'civicrm/grant/info',NULL,NULL,'a:2:{i:0;s:19:\"CRM_Core_Permission\";i:1;s:9:\"checkMenu\";}','a:2:{i:0;a:1:{i:0;s:16:\"access CiviGrant\";}i:1;s:3:\"and\";}','s:24:\"CRM_Grant_Page_DashBoard\";',NULL,'a:2:{i:0;a:2:{s:5:\"title\";s:7:\"CiviCRM\";s:3:\"url\";s:16:\"/civicrm?reset=1\";}i:1;a:2:{s:5:\"title\";s:19:\"CiviGrant Dashboard\";s:3:\"url\";s:22:\"/civicrm/grant?reset=1\";}}',NULL,NULL,5,NULL,NULL,NULL,0,0,1,0,NULL),(350,1,'civicrm/grant/search',NULL,'Find Grants','a:2:{i:0;s:19:\"CRM_Core_Permission\";i:1;s:9:\"checkMenu\";}','a:2:{i:0;a:1:{i:0;s:16:\"access CiviGrant\";}i:1;s:3:\"and\";}','s:27:\"CRM_Grant_Controller_Search\";',NULL,'a:2:{i:0;a:2:{s:5:\"title\";s:7:\"CiviCRM\";s:3:\"url\";s:16:\"/civicrm?reset=1\";}i:1;a:2:{s:5:\"title\";s:19:\"CiviGrant Dashboard\";s:3:\"url\";s:22:\"/civicrm/grant?reset=1\";}}',NULL,NULL,5,NULL,NULL,NULL,0,1010,1,1,NULL),(351,1,'civicrm/grant/add','action=add','New Grant','a:2:{i:0;s:19:\"CRM_Core_Permission\";i:1;s:9:\"checkMenu\";}','a:2:{i:0;a:1:{i:0;s:16:\"access CiviGrant\";}i:1;s:3:\"and\";}','s:18:\"CRM_Grant_Page_Tab\";',NULL,'a:2:{i:0;a:2:{s:5:\"title\";s:7:\"CiviCRM\";s:3:\"url\";s:16:\"/civicrm?reset=1\";}i:1;a:2:{s:5:\"title\";s:19:\"CiviGrant Dashboard\";s:3:\"url\";s:22:\"/civicrm/grant?reset=1\";}}',NULL,NULL,5,NULL,NULL,NULL,0,1,1,1,NULL),(352,1,'civicrm/contact/view/grant',NULL,NULL,'a:2:{i:0;s:19:\"CRM_Core_Permission\";i:1;s:9:\"checkMenu\";}','a:2:{i:0;a:1:{i:0;s:16:\"access CiviGrant\";}i:1;s:3:\"and\";}','s:18:\"CRM_Grant_Page_Tab\";',NULL,'a:2:{i:0;a:2:{s:5:\"title\";s:7:\"CiviCRM\";s:3:\"url\";s:16:\"/civicrm?reset=1\";}i:1;a:2:{s:5:\"title\";s:15:\"Contact Summary\";s:3:\"url\";s:45:\"/civicrm/contact/view?reset=1&amp;cid=%%cid%%\";}}',NULL,NULL,NULL,NULL,NULL,NULL,0,1,1,0,NULL),(353,1,'civicrm/pledge',NULL,'CiviPledge Dashboard','a:2:{i:0;s:19:\"CRM_Core_Permission\";i:1;s:9:\"checkMenu\";}','a:2:{i:0;a:1:{i:0;s:17:\"access CiviPledge\";}i:1;s:3:\"and\";}','s:25:\"CRM_Pledge_Page_DashBoard\";',NULL,'a:1:{i:0;a:2:{s:5:\"title\";s:7:\"CiviCRM\";s:3:\"url\";s:16:\"/civicrm?reset=1\";}}',NULL,NULL,6,NULL,NULL,NULL,0,550,1,1,NULL),(354,1,'civicrm/pledge/search',NULL,'Find Pledges','a:2:{i:0;s:19:\"CRM_Core_Permission\";i:1;s:9:\"checkMenu\";}','a:2:{i:0;a:1:{i:0;s:17:\"access CiviPledge\";}i:1;s:3:\"and\";}','s:28:\"CRM_Pledge_Controller_Search\";',NULL,'a:2:{i:0;a:2:{s:5:\"title\";s:7:\"CiviCRM\";s:3:\"url\";s:16:\"/civicrm?reset=1\";}i:1;a:2:{s:5:\"title\";s:20:\"CiviPledge Dashboard\";s:3:\"url\";s:23:\"/civicrm/pledge?reset=1\";}}',NULL,NULL,6,NULL,NULL,NULL,0,560,1,1,NULL),(355,1,'civicrm/contact/view/pledge','force=1,cid=%%cid%%','Pledges','a:2:{i:0;s:19:\"CRM_Core_Permission\";i:1;s:9:\"checkMenu\";}','a:2:{i:0;a:1:{i:0;s:17:\"access CiviPledge\";}i:1;s:3:\"and\";}','s:19:\"CRM_Pledge_Page_Tab\";',NULL,'a:2:{i:0;a:2:{s:5:\"title\";s:7:\"CiviCRM\";s:3:\"url\";s:16:\"/civicrm?reset=1\";}i:1;a:2:{s:5:\"title\";s:15:\"Contact Summary\";s:3:\"url\";s:45:\"/civicrm/contact/view?reset=1&amp;cid=%%cid%%\";}}',NULL,NULL,NULL,NULL,NULL,NULL,0,570,1,0,NULL),(356,1,'civicrm/pledge/add','action=add','New Pledge','a:2:{i:0;s:19:\"CRM_Core_Permission\";i:1;s:9:\"checkMenu\";}','a:2:{i:0;a:1:{i:0;s:17:\"access CiviPledge\";}i:1;s:3:\"and\";}','s:19:\"CRM_Pledge_Page_Tab\";',NULL,'a:2:{i:0;a:2:{s:5:\"title\";s:7:\"CiviCRM\";s:3:\"url\";s:16:\"/civicrm?reset=1\";}i:1;a:2:{s:5:\"title\";s:20:\"CiviPledge Dashboard\";s:3:\"url\";s:23:\"/civicrm/pledge?reset=1\";}}',NULL,NULL,6,NULL,NULL,NULL,0,1,1,1,NULL),(357,1,'civicrm/pledge/payment',NULL,'Pledge Payments','a:2:{i:0;s:19:\"CRM_Core_Permission\";i:1;s:9:\"checkMenu\";}','a:2:{i:0;a:1:{i:0;s:17:\"access CiviPledge\";}i:1;s:3:\"and\";}','s:23:\"CRM_Pledge_Page_Payment\";',NULL,'a:2:{i:0;a:2:{s:5:\"title\";s:7:\"CiviCRM\";s:3:\"url\";s:16:\"/civicrm?reset=1\";}i:1;a:2:{s:5:\"title\";s:20:\"CiviPledge Dashboard\";s:3:\"url\";s:23:\"/civicrm/pledge?reset=1\";}}',NULL,NULL,6,NULL,NULL,NULL,0,580,1,0,NULL),(358,1,'civicrm/ajax/pledgeName',NULL,NULL,'a:2:{i:0;s:19:\"CRM_Core_Permission\";i:1;s:9:\"checkMenu\";}','a:2:{i:0;a:2:{i:0;s:14:\"access CiviCRM\";i:1;s:17:\"access CiviPledge\";}i:1;s:3:\"and\";}','a:2:{i:0;s:20:\"CRM_Pledge_Page_AJAX\";i:1;s:10:\"pledgeName\";}',NULL,'a:1:{i:0;a:2:{s:5:\"title\";s:7:\"CiviCRM\";s:3:\"url\";s:16:\"/civicrm?reset=1\";}}',NULL,NULL,NULL,NULL,NULL,NULL,0,1,1,0,NULL),(359,1,'civicrm/case',NULL,'CiviCase Dashboard','a:2:{i:0;s:19:\"CRM_Core_Permission\";i:1;s:9:\"checkMenu\";}','a:2:{i:0;a:1:{i:0;s:14:\"access CiviCRM\";}i:1;s:3:\"and\";}','s:23:\"CRM_Case_Page_DashBoard\";',NULL,'a:1:{i:0;a:2:{s:5:\"title\";s:7:\"CiviCRM\";s:3:\"url\";s:16:\"/civicrm?reset=1\";}}',NULL,NULL,7,NULL,NULL,NULL,0,900,1,1,NULL),(360,1,'civicrm/case/add',NULL,'Open Case','a:2:{i:0;s:19:\"CRM_Core_Permission\";i:1;s:9:\"checkMenu\";}','a:2:{i:0;a:1:{i:0;s:14:\"access CiviCRM\";}i:1;s:3:\"and\";}','s:18:\"CRM_Case_Form_Case\";',NULL,'a:2:{i:0;a:2:{s:5:\"title\";s:7:\"CiviCRM\";s:3:\"url\";s:16:\"/civicrm?reset=1\";}i:1;a:2:{s:5:\"title\";s:18:\"CiviCase Dashboard\";s:3:\"url\";s:21:\"/civicrm/case?reset=1\";}}',NULL,NULL,7,NULL,NULL,NULL,0,1,1,1,NULL),(361,1,'civicrm/case/search',NULL,'Find Cases','a:2:{i:0;s:19:\"CRM_Core_Permission\";i:1;s:9:\"checkMenu\";}','a:2:{i:0;a:1:{i:0;s:14:\"access CiviCRM\";}i:1;s:3:\"and\";}','s:26:\"CRM_Case_Controller_Search\";',NULL,'a:2:{i:0;a:2:{s:5:\"title\";s:7:\"CiviCRM\";s:3:\"url\";s:16:\"/civicrm?reset=1\";}i:1;a:2:{s:5:\"title\";s:18:\"CiviCase Dashboard\";s:3:\"url\";s:21:\"/civicrm/case?reset=1\";}}',NULL,NULL,7,NULL,NULL,NULL,0,910,1,1,NULL),(362,1,'civicrm/case/activity',NULL,'Case Activity','a:2:{i:0;s:19:\"CRM_Core_Permission\";i:1;s:9:\"checkMenu\";}','a:2:{i:0;a:1:{i:0;s:14:\"access CiviCRM\";}i:1;s:3:\"and\";}','s:22:\"CRM_Case_Form_Activity\";',NULL,'a:2:{i:0;a:2:{s:5:\"title\";s:7:\"CiviCRM\";s:3:\"url\";s:16:\"/civicrm?reset=1\";}i:1;a:2:{s:5:\"title\";s:18:\"CiviCase Dashboard\";s:3:\"url\";s:21:\"/civicrm/case?reset=1\";}}',NULL,NULL,7,NULL,NULL,NULL,0,1,1,0,NULL),(363,1,'civicrm/case/report',NULL,'Case Report','a:2:{i:0;s:19:\"CRM_Core_Permission\";i:1;s:9:\"checkMenu\";}','a:2:{i:0;a:1:{i:0;s:31:\"access all cases and activities\";}i:1;s:3:\"and\";}','s:20:\"CRM_Case_Form_Report\";',NULL,'a:2:{i:0;a:2:{s:5:\"title\";s:7:\"CiviCRM\";s:3:\"url\";s:16:\"/civicrm?reset=1\";}i:1;a:2:{s:5:\"title\";s:18:\"CiviCase Dashboard\";s:3:\"url\";s:21:\"/civicrm/case?reset=1\";}}',NULL,NULL,7,NULL,NULL,NULL,0,1,1,0,NULL),(364,1,'civicrm/case/cd/edit',NULL,'Case Custom Set','a:2:{i:0;s:19:\"CRM_Core_Permission\";i:1;s:9:\"checkMenu\";}','a:2:{i:0;a:1:{i:0;s:14:\"access CiviCRM\";}i:1;s:3:\"and\";}','s:24:\"CRM_Case_Form_CustomData\";',NULL,'a:2:{i:0;a:2:{s:5:\"title\";s:7:\"CiviCRM\";s:3:\"url\";s:16:\"/civicrm?reset=1\";}i:1;a:2:{s:5:\"title\";s:18:\"CiviCase Dashboard\";s:3:\"url\";s:21:\"/civicrm/case?reset=1\";}}',NULL,NULL,7,NULL,NULL,NULL,0,1,1,0,NULL),(365,1,'civicrm/contact/view/case',NULL,'Case','a:2:{i:0;s:19:\"CRM_Core_Permission\";i:1;s:9:\"checkMenu\";}','a:2:{i:0;a:3:{i:0;s:14:\"access CiviCRM\";i:1;s:15:\"edit my contact\";i:2;s:15:\"view my contact\";}i:1;s:2:\"or\";}','s:17:\"CRM_Case_Page_Tab\";',NULL,'a:2:{i:0;a:2:{s:5:\"title\";s:7:\"CiviCRM\";s:3:\"url\";s:16:\"/civicrm?reset=1\";}i:1;a:2:{s:5:\"title\";s:15:\"Contact Summary\";s:3:\"url\";s:45:\"/civicrm/contact/view?reset=1&amp;cid=%%cid%%\";}}',NULL,NULL,NULL,NULL,NULL,NULL,0,1,1,0,NULL),(366,1,'civicrm/case/activity/view',NULL,'Activity View','a:2:{i:0;s:19:\"CRM_Core_Permission\";i:1;s:9:\"checkMenu\";}','a:2:{i:0;a:1:{i:0;s:14:\"access CiviCRM\";}i:1;s:3:\"and\";}','s:26:\"CRM_Case_Form_ActivityView\";',NULL,'a:3:{i:0;a:2:{s:5:\"title\";s:7:\"CiviCRM\";s:3:\"url\";s:16:\"/civicrm?reset=1\";}i:1;a:2:{s:5:\"title\";s:18:\"CiviCase Dashboard\";s:3:\"url\";s:21:\"/civicrm/case?reset=1\";}i:2;a:2:{s:5:\"title\";s:13:\"Case Activity\";s:3:\"url\";s:30:\"/civicrm/case/activity?reset=1\";}}',NULL,NULL,7,NULL,NULL,NULL,0,1,1,0,NULL),(367,1,'civicrm/contact/view/case/editClient',NULL,'Assign to Another Client','a:2:{i:0;s:19:\"CRM_Core_Permission\";i:1;s:9:\"checkMenu\";}','a:2:{i:0;a:3:{i:0;s:14:\"access CiviCRM\";i:1;s:15:\"edit my contact\";i:2;s:15:\"view my contact\";}i:1;s:2:\"or\";}','s:24:\"CRM_Case_Form_EditClient\";',NULL,'a:3:{i:0;a:2:{s:5:\"title\";s:7:\"CiviCRM\";s:3:\"url\";s:16:\"/civicrm?reset=1\";}i:1;a:2:{s:5:\"title\";s:15:\"Contact Summary\";s:3:\"url\";s:45:\"/civicrm/contact/view?reset=1&amp;cid=%%cid%%\";}i:2;a:2:{s:5:\"title\";s:4:\"Case\";s:3:\"url\";s:34:\"/civicrm/contact/view/case?reset=1\";}}',NULL,NULL,NULL,NULL,NULL,NULL,0,1,1,0,NULL),(368,1,'civicrm/case/addToCase',NULL,'Build Activity To Case','a:2:{i:0;s:19:\"CRM_Core_Permission\";i:1;s:9:\"checkMenu\";}','a:2:{i:0;a:1:{i:0;s:14:\"access CiviCRM\";}i:1;s:3:\"and\";}','s:28:\"CRM_Case_Form_ActivityToCase\";',NULL,'a:2:{i:0;a:2:{s:5:\"title\";s:7:\"CiviCRM\";s:3:\"url\";s:16:\"/civicrm?reset=1\";}i:1;a:2:{s:5:\"title\";s:18:\"CiviCase Dashboard\";s:3:\"url\";s:21:\"/civicrm/case?reset=1\";}}',NULL,NULL,7,NULL,NULL,NULL,0,1,1,0,NULL),(369,1,'civicrm/case/details',NULL,'Case Details','a:2:{i:0;s:19:\"CRM_Core_Permission\";i:1;s:9:\"checkMenu\";}','a:2:{i:0;a:1:{i:0;s:14:\"access CiviCRM\";}i:1;s:3:\"and\";}','s:25:\"CRM_Case_Page_CaseDetails\";',NULL,'a:2:{i:0;a:2:{s:5:\"title\";s:7:\"CiviCRM\";s:3:\"url\";s:16:\"/civicrm?reset=1\";}i:1;a:2:{s:5:\"title\";s:18:\"CiviCase Dashboard\";s:3:\"url\";s:21:\"/civicrm/case?reset=1\";}}',NULL,NULL,7,NULL,NULL,NULL,0,1,1,0,NULL),(370,1,'civicrm/admin/options/case_type',NULL,'Case Types','a:2:{i:0;s:19:\"CRM_Core_Permission\";i:1;s:9:\"checkMenu\";}','a:2:{i:0;a:1:{i:0;s:19:\"administer CiviCase\";}i:1;s:3:\"and\";}','s:22:\"CRM_Admin_Page_Options\";',NULL,'a:3:{i:0;a:2:{s:5:\"title\";s:7:\"CiviCRM\";s:3:\"url\";s:16:\"/civicrm?reset=1\";}i:1;a:2:{s:5:\"title\";s:18:\"Administer CiviCRM\";s:3:\"url\";s:22:\"/civicrm/admin?reset=1\";}i:2;a:2:{s:5:\"title\";s:13:\"Option Groups\";s:3:\"url\";s:30:\"/civicrm/admin/options?reset=1\";}}',NULL,NULL,NULL,NULL,NULL,NULL,1,390,1,0,NULL),(371,1,'civicrm/admin/options/redaction_rule',NULL,'Redaction Rules','a:2:{i:0;s:19:\"CRM_Core_Permission\";i:1;s:9:\"checkMenu\";}','a:2:{i:0;a:1:{i:0;s:19:\"administer CiviCase\";}i:1;s:3:\"and\";}','s:22:\"CRM_Admin_Page_Options\";',NULL,'a:3:{i:0;a:2:{s:5:\"title\";s:7:\"CiviCRM\";s:3:\"url\";s:16:\"/civicrm?reset=1\";}i:1;a:2:{s:5:\"title\";s:18:\"Administer CiviCRM\";s:3:\"url\";s:22:\"/civicrm/admin?reset=1\";}i:2;a:2:{s:5:\"title\";s:13:\"Option Groups\";s:3:\"url\";s:30:\"/civicrm/admin/options?reset=1\";}}',NULL,NULL,NULL,NULL,NULL,NULL,1,400,1,0,NULL),(372,1,'civicrm/admin/options/case_status',NULL,'Case Statuses','a:2:{i:0;s:19:\"CRM_Core_Permission\";i:1;s:9:\"checkMenu\";}','a:2:{i:0;a:1:{i:0;s:19:\"administer CiviCase\";}i:1;s:3:\"and\";}','s:22:\"CRM_Admin_Page_Options\";',NULL,'a:3:{i:0;a:2:{s:5:\"title\";s:7:\"CiviCRM\";s:3:\"url\";s:16:\"/civicrm?reset=1\";}i:1;a:2:{s:5:\"title\";s:18:\"Administer CiviCRM\";s:3:\"url\";s:22:\"/civicrm/admin?reset=1\";}i:2;a:2:{s:5:\"title\";s:13:\"Option Groups\";s:3:\"url\";s:30:\"/civicrm/admin/options?reset=1\";}}',NULL,NULL,NULL,NULL,NULL,NULL,1,400,1,0,NULL),(373,1,'civicrm/admin/options/encounter_medium',NULL,'Encounter Mediums','a:2:{i:0;s:19:\"CRM_Core_Permission\";i:1;s:9:\"checkMenu\";}','a:2:{i:0;a:1:{i:0;s:19:\"administer CiviCase\";}i:1;s:3:\"and\";}','s:22:\"CRM_Admin_Page_Options\";',NULL,'a:3:{i:0;a:2:{s:5:\"title\";s:7:\"CiviCRM\";s:3:\"url\";s:16:\"/civicrm?reset=1\";}i:1;a:2:{s:5:\"title\";s:18:\"Administer CiviCRM\";s:3:\"url\";s:22:\"/civicrm/admin?reset=1\";}i:2;a:2:{s:5:\"title\";s:13:\"Option Groups\";s:3:\"url\";s:30:\"/civicrm/admin/options?reset=1\";}}',NULL,NULL,NULL,NULL,NULL,NULL,1,400,1,0,NULL),(374,1,'civicrm/case/report/print',NULL,NULL,'a:2:{i:0;s:19:\"CRM_Core_Permission\";i:1;s:9:\"checkMenu\";}','a:2:{i:0;a:1:{i:0;s:31:\"access all cases and activities\";}i:1;s:3:\"and\";}','a:2:{i:0;s:28:\"CRM_Case_XMLProcessor_Report\";i:1;s:15:\"printCaseReport\";}',NULL,'a:3:{i:0;a:2:{s:5:\"title\";s:7:\"CiviCRM\";s:3:\"url\";s:16:\"/civicrm?reset=1\";}i:1;a:2:{s:5:\"title\";s:18:\"CiviCase Dashboard\";s:3:\"url\";s:21:\"/civicrm/case?reset=1\";}i:2;a:2:{s:5:\"title\";s:11:\"Case Report\";s:3:\"url\";s:28:\"/civicrm/case/report?reset=1\";}}',NULL,NULL,7,NULL,NULL,NULL,0,1,1,0,NULL),(375,1,'civicrm/case/ajax/unclosed',NULL,NULL,'a:2:{i:0;s:19:\"CRM_Core_Permission\";i:1;s:9:\"checkMenu\";}','a:2:{i:0;a:1:{i:0;s:14:\"access CiviCRM\";}i:1;s:3:\"and\";}','a:2:{i:0;s:18:\"CRM_Case_Page_AJAX\";i:1;s:13:\"unclosedCases\";}',NULL,'a:2:{i:0;a:2:{s:5:\"title\";s:7:\"CiviCRM\";s:3:\"url\";s:16:\"/civicrm?reset=1\";}i:1;a:2:{s:5:\"title\";s:18:\"CiviCase Dashboard\";s:3:\"url\";s:21:\"/civicrm/case?reset=1\";}}',NULL,NULL,7,NULL,NULL,NULL,0,1,1,0,NULL),(376,1,'civicrm/case/ajax/addclient',NULL,NULL,'a:2:{i:0;s:19:\"CRM_Core_Permission\";i:1;s:9:\"checkMenu\";}','a:2:{i:0;a:1:{i:0;s:14:\"access CiviCRM\";}i:1;s:3:\"and\";}','a:2:{i:0;s:18:\"CRM_Case_Page_AJAX\";i:1;s:9:\"addClient\";}',NULL,'a:2:{i:0;a:2:{s:5:\"title\";s:7:\"CiviCRM\";s:3:\"url\";s:16:\"/civicrm?reset=1\";}i:1;a:2:{s:5:\"title\";s:18:\"CiviCase Dashboard\";s:3:\"url\";s:21:\"/civicrm/case?reset=1\";}}',NULL,NULL,7,NULL,NULL,NULL,0,1,1,0,NULL),(377,1,'civicrm/case/ajax/processtags',NULL,NULL,'a:2:{i:0;s:19:\"CRM_Core_Permission\";i:1;s:9:\"checkMenu\";}','a:2:{i:0;a:1:{i:0;s:14:\"access CiviCRM\";}i:1;s:3:\"and\";}','a:2:{i:0;s:18:\"CRM_Case_Page_AJAX\";i:1;s:15:\"processCaseTags\";}',NULL,'a:2:{i:0;a:2:{s:5:\"title\";s:7:\"CiviCRM\";s:3:\"url\";s:16:\"/civicrm?reset=1\";}i:1;a:2:{s:5:\"title\";s:18:\"CiviCase Dashboard\";s:3:\"url\";s:21:\"/civicrm/case?reset=1\";}}',NULL,NULL,7,NULL,NULL,NULL,0,1,1,3,NULL),(378,1,'civicrm/case/ajax/details',NULL,NULL,'a:2:{i:0;s:19:\"CRM_Core_Permission\";i:1;s:9:\"checkMenu\";}','a:2:{i:0;a:1:{i:0;s:14:\"access CiviCRM\";}i:1;s:3:\"and\";}','a:2:{i:0;s:18:\"CRM_Case_Page_AJAX\";i:1;s:11:\"CaseDetails\";}',NULL,'a:2:{i:0;a:2:{s:5:\"title\";s:7:\"CiviCRM\";s:3:\"url\";s:16:\"/civicrm?reset=1\";}i:1;a:2:{s:5:\"title\";s:18:\"CiviCase Dashboard\";s:3:\"url\";s:21:\"/civicrm/case?reset=1\";}}',NULL,NULL,7,NULL,NULL,NULL,0,1,1,0,NULL),(379,1,'civicrm/ajax/delcaserole',NULL,NULL,'a:2:{i:0;s:19:\"CRM_Core_Permission\";i:1;s:9:\"checkMenu\";}','a:2:{i:0;a:1:{i:0;s:14:\"access CiviCRM\";}i:1;s:3:\"and\";}','a:2:{i:0;s:18:\"CRM_Case_Page_AJAX\";i:1;s:15:\"deleteCaseRoles\";}',NULL,'a:1:{i:0;a:2:{s:5:\"title\";s:7:\"CiviCRM\";s:3:\"url\";s:16:\"/civicrm?reset=1\";}}',NULL,NULL,NULL,NULL,NULL,NULL,0,1,1,0,NULL),(380,1,'civicrm/case/changeactivitystatus',NULL,'Change Activity Status','a:2:{i:0;s:19:\"CRM_Core_Permission\";i:1;s:9:\"checkMenu\";}','a:2:{i:0;a:1:{i:0;s:14:\"access CiviCRM\";}i:1;s:3:\"and\";}','s:34:\"CRM_Case_Form_ActivityChangeStatus\";',NULL,'a:2:{i:0;a:2:{s:5:\"title\";s:7:\"CiviCRM\";s:3:\"url\";s:16:\"/civicrm?reset=1\";}i:1;a:2:{s:5:\"title\";s:18:\"CiviCase Dashboard\";s:3:\"url\";s:21:\"/civicrm/case?reset=1\";}}',NULL,NULL,7,NULL,NULL,NULL,0,1,1,0,NULL),(381,1,'civicrm/report',NULL,'CiviReport','a:2:{i:0;s:19:\"CRM_Core_Permission\";i:1;s:9:\"checkMenu\";}','a:2:{i:0;a:1:{i:0;s:17:\"access CiviReport\";}i:1;s:3:\"and\";}','s:22:\"CRM_Report_Page_Report\";',NULL,'a:1:{i:0;a:2:{s:5:\"title\";s:7:\"CiviCRM\";s:3:\"url\";s:16:\"/civicrm?reset=1\";}}',NULL,NULL,8,NULL,NULL,NULL,0,1200,1,1,NULL),(382,1,'civicrm/report/list',NULL,'CiviCRM Reports','s:1:\"1\";','a:2:{i:0;a:1:{i:0;s:17:\"access CiviReport\";}i:1;s:3:\"and\";}','s:28:\"CRM_Report_Page_InstanceList\";',NULL,'a:2:{i:0;a:2:{s:5:\"title\";s:7:\"CiviCRM\";s:3:\"url\";s:16:\"/civicrm?reset=1\";}i:1;a:2:{s:5:\"title\";s:10:\"CiviReport\";s:3:\"url\";s:23:\"/civicrm/report?reset=1\";}}',NULL,NULL,8,NULL,NULL,NULL,0,1,1,0,NULL),(383,1,'civicrm/report/template/list',NULL,'Create New Report from Template','a:2:{i:0;s:19:\"CRM_Core_Permission\";i:1;s:9:\"checkMenu\";}','a:2:{i:0;a:1:{i:0;s:18:\"administer Reports\";}i:1;s:3:\"and\";}','s:28:\"CRM_Report_Page_TemplateList\";',NULL,'a:2:{i:0;a:2:{s:5:\"title\";s:7:\"CiviCRM\";s:3:\"url\";s:16:\"/civicrm?reset=1\";}i:1;a:2:{s:5:\"title\";s:10:\"CiviReport\";s:3:\"url\";s:23:\"/civicrm/report?reset=1\";}}',NULL,NULL,8,NULL,NULL,NULL,0,1220,1,1,NULL),(384,1,'civicrm/report/options/report_template',NULL,'Manage Templates','a:2:{i:0;s:19:\"CRM_Core_Permission\";i:1;s:9:\"checkMenu\";}','a:2:{i:0;a:1:{i:0;s:18:\"administer Reports\";}i:1;s:3:\"and\";}','s:23:\"CRM_Report_Page_Options\";',NULL,'a:2:{i:0;a:2:{s:5:\"title\";s:7:\"CiviCRM\";s:3:\"url\";s:16:\"/civicrm?reset=1\";}i:1;a:2:{s:5:\"title\";s:10:\"CiviReport\";s:3:\"url\";s:23:\"/civicrm/report?reset=1\";}}',NULL,NULL,8,NULL,NULL,NULL,0,1241,1,1,NULL),(385,1,'civicrm/admin/report/register',NULL,'Register Report','a:2:{i:0;s:19:\"CRM_Core_Permission\";i:1;s:9:\"checkMenu\";}','a:2:{i:0;a:1:{i:0;s:18:\"administer Reports\";}i:1;s:3:\"and\";}','s:24:\"CRM_Report_Form_Register\";',NULL,'a:2:{i:0;a:2:{s:5:\"title\";s:7:\"CiviCRM\";s:3:\"url\";s:16:\"/civicrm?reset=1\";}i:1;a:2:{s:5:\"title\";s:18:\"Administer CiviCRM\";s:3:\"url\";s:22:\"/civicrm/admin?reset=1\";}}',NULL,NULL,NULL,NULL,NULL,NULL,1,1,1,0,NULL),(386,1,'civicrm/report/instance',NULL,'Report','s:1:\"1\";','a:2:{i:0;a:1:{i:0;s:17:\"access CiviReport\";}i:1;s:3:\"and\";}','s:24:\"CRM_Report_Page_Instance\";',NULL,'a:2:{i:0;a:2:{s:5:\"title\";s:7:\"CiviCRM\";s:3:\"url\";s:16:\"/civicrm?reset=1\";}i:1;a:2:{s:5:\"title\";s:10:\"CiviReport\";s:3:\"url\";s:23:\"/civicrm/report?reset=1\";}}',NULL,NULL,8,NULL,NULL,NULL,0,1,1,0,NULL),(387,1,'civicrm/admin/report/template/list',NULL,'Create New Report from Template','a:2:{i:0;s:19:\"CRM_Core_Permission\";i:1;s:9:\"checkMenu\";}','a:2:{i:0;a:1:{i:0;s:17:\"access CiviReport\";}i:1;s:3:\"and\";}','s:28:\"CRM_Report_Page_TemplateList\";',NULL,'a:2:{i:0;a:2:{s:5:\"title\";s:7:\"CiviCRM\";s:3:\"url\";s:16:\"/civicrm?reset=1\";}i:1;a:2:{s:5:\"title\";s:18:\"Administer CiviCRM\";s:3:\"url\";s:22:\"/civicrm/admin?reset=1\";}}',NULL,NULL,NULL,NULL,NULL,NULL,1,1,1,0,NULL),(388,1,'civicrm/admin/report/options/report_template',NULL,'Manage Templates','a:2:{i:0;s:19:\"CRM_Core_Permission\";i:1;s:9:\"checkMenu\";}','a:2:{i:0;a:1:{i:0;s:17:\"access CiviReport\";}i:1;s:3:\"and\";}','s:23:\"CRM_Report_Page_Options\";',NULL,'a:2:{i:0;a:2:{s:5:\"title\";s:7:\"CiviCRM\";s:3:\"url\";s:16:\"/civicrm?reset=1\";}i:1;a:2:{s:5:\"title\";s:18:\"Administer CiviCRM\";s:3:\"url\";s:22:\"/civicrm/admin?reset=1\";}}',NULL,NULL,NULL,NULL,NULL,NULL,1,1,1,0,NULL),(389,1,'civicrm/admin/report/list',NULL,'Reports Listing','a:2:{i:0;s:19:\"CRM_Core_Permission\";i:1;s:9:\"checkMenu\";}','a:2:{i:0;a:2:{i:0;s:18:\"administer CiviCRM\";i:1;s:14:\"access CiviCRM\";}i:1;s:3:\"and\";}','s:28:\"CRM_Report_Page_InstanceList\";',NULL,'a:2:{i:0;a:2:{s:5:\"title\";s:7:\"CiviCRM\";s:3:\"url\";s:16:\"/civicrm?reset=1\";}i:1;a:2:{s:5:\"title\";s:18:\"Administer CiviCRM\";s:3:\"url\";s:22:\"/civicrm/admin?reset=1\";}}',NULL,NULL,NULL,NULL,NULL,NULL,1,1,1,0,NULL),(390,1,'civicrm/report/chart',NULL,NULL,'a:2:{i:0;s:19:\"CRM_Core_Permission\";i:1;s:9:\"checkMenu\";}','a:2:{i:0;a:1:{i:0;s:17:\"access CiviReport\";}i:1;s:3:\"and\";}','a:2:{i:0;s:15:\"CRM_Report_Form\";i:1;s:16:\"uploadChartImage\";}',NULL,'a:2:{i:0;a:2:{s:5:\"title\";s:7:\"CiviCRM\";s:3:\"url\";s:16:\"/civicrm?reset=1\";}i:1;a:2:{s:5:\"title\";s:10:\"CiviReport\";s:3:\"url\";s:23:\"/civicrm/report?reset=1\";}}',NULL,NULL,8,NULL,NULL,NULL,0,1,1,0,NULL),(391,1,'civicrm/campaign',NULL,'Campaign Dashboard','a:2:{i:0;s:19:\"CRM_Core_Permission\";i:1;s:9:\"checkMenu\";}','a:2:{i:0;a:2:{i:0;s:23:\"administer CiviCampaign\";i:1;s:15:\"manage campaign\";}i:1;s:2:\"or\";}','s:27:\"CRM_Campaign_Page_DashBoard\";',NULL,'a:1:{i:0;a:2:{s:5:\"title\";s:7:\"CiviCRM\";s:3:\"url\";s:16:\"/civicrm?reset=1\";}}',NULL,NULL,9,NULL,NULL,NULL,0,1,1,0,NULL),(392,1,'civicrm/campaign/add',NULL,'New Campaign','a:2:{i:0;s:19:\"CRM_Core_Permission\";i:1;s:9:\"checkMenu\";}','a:2:{i:0;a:2:{i:0;s:23:\"administer CiviCampaign\";i:1;s:15:\"manage campaign\";}i:1;s:2:\"or\";}','s:26:\"CRM_Campaign_Form_Campaign\";',NULL,'a:2:{i:0;a:2:{s:5:\"title\";s:7:\"CiviCRM\";s:3:\"url\";s:16:\"/civicrm?reset=1\";}i:1;a:2:{s:5:\"title\";s:18:\"Campaign Dashboard\";s:3:\"url\";s:25:\"/civicrm/campaign?reset=1\";}}',NULL,NULL,9,NULL,NULL,NULL,0,1,1,0,NULL),(393,1,'civicrm/survey/add',NULL,'New Survey','a:2:{i:0;s:19:\"CRM_Core_Permission\";i:1;s:9:\"checkMenu\";}','a:2:{i:0;a:2:{i:0;s:23:\"administer CiviCampaign\";i:1;s:15:\"manage campaign\";}i:1;s:2:\"or\";}','s:29:\"CRM_Campaign_Form_Survey_Main\";',NULL,'a:1:{i:0;a:2:{s:5:\"title\";s:7:\"CiviCRM\";s:3:\"url\";s:16:\"/civicrm?reset=1\";}}',NULL,NULL,NULL,NULL,NULL,NULL,0,1,1,0,NULL),(394,1,'civicrm/campaign/vote',NULL,'Conduct Survey','a:2:{i:0;s:19:\"CRM_Core_Permission\";i:1;s:9:\"checkMenu\";}','a:2:{i:0;a:4:{i:0;s:23:\"administer CiviCampaign\";i:1;s:15:\"manage campaign\";i:2;s:25:\"reserve campaign contacts\";i:3;s:27:\"interview campaign contacts\";}i:1;s:2:\"or\";}','s:22:\"CRM_Campaign_Page_Vote\";',NULL,'a:2:{i:0;a:2:{s:5:\"title\";s:7:\"CiviCRM\";s:3:\"url\";s:16:\"/civicrm?reset=1\";}i:1;a:2:{s:5:\"title\";s:18:\"Campaign Dashboard\";s:3:\"url\";s:25:\"/civicrm/campaign?reset=1\";}}',NULL,NULL,9,NULL,NULL,NULL,0,1,1,0,NULL),(395,1,'civicrm/admin/campaign/surveyType',NULL,'Survey Types','a:2:{i:0;s:19:\"CRM_Core_Permission\";i:1;s:9:\"checkMenu\";}','a:2:{i:0;a:1:{i:0;s:23:\"administer CiviCampaign\";}i:1;s:3:\"and\";}','s:28:\"CRM_Campaign_Page_SurveyType\";',NULL,'a:2:{i:0;a:2:{s:5:\"title\";s:7:\"CiviCRM\";s:3:\"url\";s:16:\"/civicrm?reset=1\";}i:1;a:2:{s:5:\"title\";s:18:\"Administer CiviCRM\";s:3:\"url\";s:22:\"/civicrm/admin?reset=1\";}}',NULL,NULL,NULL,NULL,NULL,NULL,1,1,1,0,NULL),(396,1,'civicrm/admin/options/campaign_type',NULL,'Campaign Types','a:2:{i:0;s:19:\"CRM_Core_Permission\";i:1;s:9:\"checkMenu\";}','a:2:{i:0;a:2:{i:0;s:18:\"administer CiviCRM\";i:1;s:14:\"access CiviCRM\";}i:1;s:3:\"and\";}','s:22:\"CRM_Admin_Page_Options\";',NULL,'a:3:{i:0;a:2:{s:5:\"title\";s:7:\"CiviCRM\";s:3:\"url\";s:16:\"/civicrm?reset=1\";}i:1;a:2:{s:5:\"title\";s:18:\"Administer CiviCRM\";s:3:\"url\";s:22:\"/civicrm/admin?reset=1\";}i:2;a:2:{s:5:\"title\";s:13:\"Option Groups\";s:3:\"url\";s:30:\"/civicrm/admin/options?reset=1\";}}',NULL,NULL,NULL,NULL,NULL,NULL,1,2,1,0,NULL),(397,1,'civicrm/admin/options/campaign_status',NULL,'Campaign Status','a:2:{i:0;s:19:\"CRM_Core_Permission\";i:1;s:9:\"checkMenu\";}','a:2:{i:0;a:2:{i:0;s:18:\"administer CiviCRM\";i:1;s:14:\"access CiviCRM\";}i:1;s:3:\"and\";}','s:22:\"CRM_Admin_Page_Options\";',NULL,'a:3:{i:0;a:2:{s:5:\"title\";s:7:\"CiviCRM\";s:3:\"url\";s:16:\"/civicrm?reset=1\";}i:1;a:2:{s:5:\"title\";s:18:\"Administer CiviCRM\";s:3:\"url\";s:22:\"/civicrm/admin?reset=1\";}i:2;a:2:{s:5:\"title\";s:13:\"Option Groups\";s:3:\"url\";s:30:\"/civicrm/admin/options?reset=1\";}}',NULL,NULL,NULL,NULL,NULL,NULL,1,3,1,0,NULL),(398,1,'civicrm/admin/options/engagement_index',NULL,'Engagement Index','a:2:{i:0;s:19:\"CRM_Core_Permission\";i:1;s:9:\"checkMenu\";}','a:2:{i:0;a:2:{i:0;s:18:\"administer CiviCRM\";i:1;s:14:\"access CiviCRM\";}i:1;s:3:\"and\";}','s:22:\"CRM_Admin_Page_Options\";',NULL,'a:3:{i:0;a:2:{s:5:\"title\";s:7:\"CiviCRM\";s:3:\"url\";s:16:\"/civicrm?reset=1\";}i:1;a:2:{s:5:\"title\";s:18:\"Administer CiviCRM\";s:3:\"url\";s:22:\"/civicrm/admin?reset=1\";}i:2;a:2:{s:5:\"title\";s:13:\"Option Groups\";s:3:\"url\";s:30:\"/civicrm/admin/options?reset=1\";}}',NULL,NULL,NULL,NULL,NULL,NULL,1,4,1,0,NULL),(399,1,'civicrm/survey/search','op=interview','Record Respondents Interview','a:2:{i:0;s:19:\"CRM_Core_Permission\";i:1;s:9:\"checkMenu\";}','a:2:{i:0;a:3:{i:0;s:23:\"administer CiviCampaign\";i:1;s:15:\"manage campaign\";i:2;s:27:\"interview campaign contacts\";}i:1;s:2:\"or\";}','s:30:\"CRM_Campaign_Controller_Search\";',NULL,'a:1:{i:0;a:2:{s:5:\"title\";s:7:\"CiviCRM\";s:3:\"url\";s:16:\"/civicrm?reset=1\";}}',NULL,NULL,NULL,NULL,NULL,NULL,0,1,1,0,NULL),(400,1,'civicrm/campaign/gotv',NULL,'GOTV (Track Voters)','a:2:{i:0;s:19:\"CRM_Core_Permission\";i:1;s:9:\"checkMenu\";}','a:2:{i:0;a:4:{i:0;s:23:\"administer CiviCampaign\";i:1;s:15:\"manage campaign\";i:2;s:25:\"release campaign contacts\";i:3;s:22:\"gotv campaign contacts\";}i:1;s:2:\"or\";}','s:22:\"CRM_Campaign_Form_Gotv\";',NULL,'a:2:{i:0;a:2:{s:5:\"title\";s:7:\"CiviCRM\";s:3:\"url\";s:16:\"/civicrm?reset=1\";}i:1;a:2:{s:5:\"title\";s:18:\"Campaign Dashboard\";s:3:\"url\";s:25:\"/civicrm/campaign?reset=1\";}}',NULL,NULL,9,NULL,NULL,NULL,0,1,1,0,NULL),(401,1,'civicrm/petition/add',NULL,'New Petition','a:2:{i:0;s:19:\"CRM_Core_Permission\";i:1;s:9:\"checkMenu\";}','a:2:{i:0;a:2:{i:0;s:23:\"administer CiviCampaign\";i:1;s:15:\"manage campaign\";}i:1;s:2:\"or\";}','s:26:\"CRM_Campaign_Form_Petition\";',NULL,'a:1:{i:0;a:2:{s:5:\"title\";s:7:\"CiviCRM\";s:3:\"url\";s:16:\"/civicrm?reset=1\";}}',NULL,NULL,NULL,NULL,NULL,NULL,0,1,1,0,NULL),(402,1,'civicrm/petition/sign',NULL,'Sign Petition','a:2:{i:0;s:19:\"CRM_Core_Permission\";i:1;s:9:\"checkMenu\";}','a:2:{i:0;a:1:{i:0;s:21:\"sign CiviCRM Petition\";}i:1;s:3:\"and\";}','s:36:\"CRM_Campaign_Form_Petition_Signature\";',NULL,'a:1:{i:0;a:2:{s:5:\"title\";s:7:\"CiviCRM\";s:3:\"url\";s:16:\"/civicrm?reset=1\";}}',NULL,NULL,NULL,NULL,1,NULL,0,1,1,0,NULL),(403,1,'civicrm/petition/browse',NULL,'View Petition Signatures','a:2:{i:0;s:19:\"CRM_Core_Permission\";i:1;s:9:\"checkMenu\";}','a:2:{i:0;a:1:{i:0;s:14:\"access CiviCRM\";}i:1;s:3:\"and\";}','s:26:\"CRM_Campaign_Page_Petition\";',NULL,'a:1:{i:0;a:2:{s:5:\"title\";s:7:\"CiviCRM\";s:3:\"url\";s:16:\"/civicrm?reset=1\";}}',NULL,NULL,NULL,NULL,NULL,NULL,0,1,1,0,NULL),(404,1,'civicrm/petition/confirm',NULL,'Email address verified','a:2:{i:0;s:19:\"CRM_Core_Permission\";i:1;s:9:\"checkMenu\";}','a:2:{i:0;a:1:{i:0;s:21:\"sign CiviCRM Petition\";}i:1;s:3:\"and\";}','s:34:\"CRM_Campaign_Page_Petition_Confirm\";',NULL,'a:1:{i:0;a:2:{s:5:\"title\";s:7:\"CiviCRM\";s:3:\"url\";s:16:\"/civicrm?reset=1\";}}',NULL,NULL,NULL,NULL,1,NULL,0,1,1,0,NULL),(405,1,'civicrm/petition/thankyou',NULL,'Thank You','a:2:{i:0;s:19:\"CRM_Core_Permission\";i:1;s:9:\"checkMenu\";}','a:2:{i:0;a:1:{i:0;s:21:\"sign CiviCRM Petition\";}i:1;s:3:\"and\";}','s:35:\"CRM_Campaign_Page_Petition_ThankYou\";',NULL,'a:1:{i:0;a:2:{s:5:\"title\";s:7:\"CiviCRM\";s:3:\"url\";s:16:\"/civicrm?reset=1\";}}',NULL,NULL,NULL,NULL,1,NULL,0,1,1,0,NULL),(406,1,'civicrm/campaign/registerInterview',NULL,NULL,'a:2:{i:0;s:19:\"CRM_Core_Permission\";i:1;s:9:\"checkMenu\";}','a:2:{i:0;a:3:{i:0;s:23:\"administer CiviCampaign\";i:1;s:15:\"manage campaign\";i:2;s:27:\"interview campaign contacts\";}i:1;s:2:\"or\";}','a:2:{i:0;s:22:\"CRM_Campaign_Page_AJAX\";i:1;s:17:\"registerInterview\";}',NULL,'a:2:{i:0;a:2:{s:5:\"title\";s:7:\"CiviCRM\";s:3:\"url\";s:16:\"/civicrm?reset=1\";}i:1;a:2:{s:5:\"title\";s:18:\"Campaign Dashboard\";s:3:\"url\";s:25:\"/civicrm/campaign?reset=1\";}}',NULL,NULL,9,NULL,NULL,NULL,0,1,1,0,NULL),(407,1,'civicrm/survey/configure/main',NULL,'Configure Survey','a:2:{i:0;s:19:\"CRM_Core_Permission\";i:1;s:9:\"checkMenu\";}','a:2:{i:0;a:2:{i:0;s:23:\"administer CiviCampaign\";i:1;s:15:\"manage campaign\";}i:1;s:2:\"or\";}','s:29:\"CRM_Campaign_Form_Survey_Main\";',NULL,'a:1:{i:0;a:2:{s:5:\"title\";s:7:\"CiviCRM\";s:3:\"url\";s:16:\"/civicrm?reset=1\";}}',NULL,NULL,NULL,NULL,NULL,NULL,0,1,1,0,NULL),(408,1,'civicrm/survey/configure/questions',NULL,'Configure Survey','a:2:{i:0;s:19:\"CRM_Core_Permission\";i:1;s:9:\"checkMenu\";}','a:2:{i:0;a:2:{i:0;s:23:\"administer CiviCampaign\";i:1;s:15:\"manage campaign\";}i:1;s:2:\"or\";}','s:34:\"CRM_Campaign_Form_Survey_Questions\";',NULL,'a:1:{i:0;a:2:{s:5:\"title\";s:7:\"CiviCRM\";s:3:\"url\";s:16:\"/civicrm?reset=1\";}}',NULL,NULL,NULL,NULL,NULL,NULL,0,1,1,0,NULL),(409,1,'civicrm/survey/configure/results',NULL,'Configure Survey','a:2:{i:0;s:19:\"CRM_Core_Permission\";i:1;s:9:\"checkMenu\";}','a:2:{i:0;a:2:{i:0;s:23:\"administer CiviCampaign\";i:1;s:15:\"manage campaign\";}i:1;s:2:\"or\";}','s:32:\"CRM_Campaign_Form_Survey_Results\";',NULL,'a:1:{i:0;a:2:{s:5:\"title\";s:7:\"CiviCRM\";s:3:\"url\";s:16:\"/civicrm?reset=1\";}}',NULL,NULL,NULL,NULL,NULL,NULL,0,1,1,0,NULL),(410,1,'civicrm/survey/delete',NULL,'Delete Survey','a:2:{i:0;s:19:\"CRM_Core_Permission\";i:1;s:9:\"checkMenu\";}','a:2:{i:0;a:2:{i:0;s:23:\"administer CiviCampaign\";i:1;s:15:\"manage campaign\";}i:1;s:2:\"or\";}','s:31:\"CRM_Campaign_Form_Survey_Delete\";',NULL,'a:1:{i:0;a:2:{s:5:\"title\";s:7:\"CiviCRM\";s:3:\"url\";s:16:\"/civicrm?reset=1\";}}',NULL,NULL,NULL,NULL,NULL,NULL,0,1,1,0,NULL),(411,1,'admin',NULL,NULL,NULL,NULL,NULL,NULL,'a:16:{s:26:\"Customize Data and Screens\";a:3:{s:12:\"component_id\";N;s:6:\"fields\";a:19:{s:20:\"{weight}.Custom Data\";a:6:{s:5:\"title\";s:11:\"Custom Data\";s:4:\"desc\";s:109:\"Configure custom fields to collect and store custom data which is not included in the standard CiviCRM forms.\";s:2:\"id\";s:10:\"CustomData\";s:3:\"url\";s:35:\"/civicrm/admin/custom/group?reset=1\";s:4:\"icon\";s:26:\"admin/small/custm_data.png\";s:5:\"extra\";N;}s:17:\"{weight}.Profiles\";a:6:{s:5:\"title\";s:8:\"Profiles\";s:4:\"desc\";s:151:\"Profiles allow you to aggregate groups of fields and include them in your site as input forms, contact display pages, and search and listings features.\";s:2:\"id\";s:8:\"Profiles\";s:3:\"url\";s:31:\"/civicrm/admin/uf/group?reset=1\";s:4:\"icon\";s:23:\"admin/small/Profile.png\";s:5:\"extra\";N;}s:26:\"{weight}.Tags (Categories)\";a:6:{s:5:\"title\";s:17:\"Tags (Categories)\";s:4:\"desc\";s:158:\"Tags are useful for segmenting the contacts in your database into categories (e.g. Staff Member, Donor, Volunteer, etc.). Create and edit available tags here.\";s:2:\"id\";s:15:\"Tags_Categories\";s:3:\"url\";s:26:\"/civicrm/admin/tag?reset=1\";s:4:\"icon\";s:18:\"admin/small/11.png\";s:5:\"extra\";N;}s:23:\"{weight}.Activity Types\";a:6:{s:5:\"title\";s:14:\"Activity Types\";s:4:\"desc\";s:155:\"CiviCRM has several built-in activity types (meetings, phone calls, emails sent). Track other types of interactions by creating custom activity types here.\";s:2:\"id\";s:13:\"ActivityTypes\";s:3:\"url\";s:44:\"/civicrm/admin/options/activity_type?reset=1\";s:4:\"icon\";s:18:\"admin/small/05.png\";s:5:\"extra\";N;}s:27:\"{weight}.Relationship Types\";a:6:{s:5:\"title\";s:18:\"Relationship Types\";s:4:\"desc\";s:148:\"Contacts can be linked to each other through Relationships (e.g. Spouse, Employer, etc.). Define the types of relationships you want to record here.\";s:2:\"id\";s:17:\"RelationshipTypes\";s:3:\"url\";s:30:\"/civicrm/admin/reltype?reset=1\";s:4:\"icon\";s:25:\"admin/small/rela_type.png\";s:5:\"extra\";N;}s:22:\"{weight}.Contact Types\";a:6:{s:5:\"title\";s:13:\"Contact Types\";s:4:\"desc\";N;s:2:\"id\";s:12:\"ContactTypes\";s:3:\"url\";s:38:\"/civicrm/admin/options/subtype?reset=1\";s:4:\"icon\";s:18:\"admin/small/09.png\";s:5:\"extra\";N;}s:23:\"{weight}.Gender Options\";a:6:{s:5:\"title\";s:14:\"Gender Options\";s:4:\"desc\";s:85:\"Options for assigning gender to individual contacts (e.g. Male, Female, Transgender).\";s:2:\"id\";s:13:\"GenderOptions\";s:3:\"url\";s:37:\"/civicrm/admin/options/gender?reset=1\";s:4:\"icon\";s:18:\"admin/small/01.png\";s:5:\"extra\";N;}s:40:\"{weight}.Individual Prefixes (Ms, Mr...)\";a:6:{s:5:\"title\";s:31:\"Individual Prefixes (Ms, Mr...)\";s:4:\"desc\";s:66:\"Options for individual contact prefixes (e.g. Ms., Mr., Dr. etc.).\";s:2:\"id\";s:27:\"IndividualPrefixes_Ms_Mr...\";s:3:\"url\";s:48:\"/civicrm/admin/options/individual_prefix?reset=1\";s:4:\"icon\";s:21:\"admin/small/title.png\";s:5:\"extra\";N;}s:40:\"{weight}.Individual Suffixes (Jr, Sr...)\";a:6:{s:5:\"title\";s:31:\"Individual Suffixes (Jr, Sr...)\";s:4:\"desc\";s:61:\"Options for individual contact suffixes (e.g. Jr., Sr. etc.).\";s:2:\"id\";s:27:\"IndividualSuffixes_Jr_Sr...\";s:3:\"url\";s:48:\"/civicrm/admin/options/individual_suffix?reset=1\";s:4:\"icon\";s:18:\"admin/small/10.png\";s:5:\"extra\";N;}s:39:\"{weight}.Location Types (Home, Work...)\";a:6:{s:5:\"title\";s:30:\"Location Types (Home, Work...)\";s:4:\"desc\";s:94:\"Options for categorizing contact addresses and phone numbers (e.g. Home, Work, Billing, etc.).\";s:2:\"id\";s:26:\"LocationTypes_Home_Work...\";s:3:\"url\";s:35:\"/civicrm/admin/locationType?reset=1\";s:4:\"icon\";s:18:\"admin/small/13.png\";s:5:\"extra\";N;}s:22:\"{weight}.Website Types\";a:6:{s:5:\"title\";s:13:\"Website Types\";s:4:\"desc\";s:48:\"Options for assigning website types to contacts.\";s:2:\"id\";s:12:\"WebsiteTypes\";s:3:\"url\";s:43:\"/civicrm/admin/options/website_type?reset=1\";s:4:\"icon\";N;s:5:\"extra\";N;}s:35:\"{weight}.Instant Messenger Services\";a:6:{s:5:\"title\";s:26:\"Instant Messenger Services\";s:4:\"desc\";s:79:\"List of IM services which can be used when recording screen-names for contacts.\";s:2:\"id\";s:24:\"InstantMessengerServices\";s:3:\"url\";s:56:\"/civicrm/admin/options/instant_messenger_service?reset=1\";s:4:\"icon\";s:18:\"admin/small/07.png\";s:5:\"extra\";N;}s:31:\"{weight}.Mobile Phone Providers\";a:6:{s:5:\"title\";s:22:\"Mobile Phone Providers\";s:4:\"desc\";s:90:\"List of mobile phone providers which can be assigned when recording contact phone numbers.\";s:2:\"id\";s:20:\"MobilePhoneProviders\";s:3:\"url\";s:46:\"/civicrm/admin/options/mobile_provider?reset=1\";s:4:\"icon\";s:18:\"admin/small/08.png\";s:5:\"extra\";N;}s:19:\"{weight}.Phone Type\";a:6:{s:5:\"title\";s:10:\"Phone Type\";s:4:\"desc\";s:80:\"Options for assigning phone type to contacts (e.g Phone,\n    Mobile, Fax, Pager)\";s:2:\"id\";s:9:\"PhoneType\";s:3:\"url\";s:41:\"/civicrm/admin/options/phone_type?reset=1\";s:4:\"icon\";s:7:\"tel.gif\";s:5:\"extra\";N;}s:28:\"{weight}.Display Preferences\";a:6:{s:5:\"title\";s:19:\"Display Preferences\";s:4:\"desc\";N;s:2:\"id\";s:18:\"DisplayPreferences\";s:3:\"url\";s:50:\"/civicrm/admin/setting/preferences/display?reset=1\";s:4:\"icon\";s:18:\"admin/small/36.png\";s:5:\"extra\";N;}s:27:\"{weight}.Search Preferences\";a:6:{s:5:\"title\";s:18:\"Search Preferences\";s:4:\"desc\";N;s:2:\"id\";s:17:\"SearchPreferences\";s:3:\"url\";s:37:\"/civicrm/admin/setting/search?reset=1\";s:4:\"icon\";s:18:\"admin/small/36.png\";s:5:\"extra\";N;}s:24:\"{weight}.Navigation Menu\";a:6:{s:5:\"title\";s:15:\"Navigation Menu\";s:4:\"desc\";s:79:\"Add or remove menu items, and modify the order of items on the navigation menu.\";s:2:\"id\";s:14:\"NavigationMenu\";s:3:\"url\";s:27:\"/civicrm/admin/menu?reset=1\";s:4:\"icon\";s:24:\"admin/small/template.png\";s:5:\"extra\";N;}s:26:\"{weight}.Word Replacements\";a:6:{s:5:\"title\";s:17:\"Word Replacements\";s:4:\"desc\";s:18:\"Word Replacements.\";s:2:\"id\";s:16:\"WordReplacements\";s:3:\"url\";s:47:\"/civicrm/admin/options/wordreplacements?reset=1\";s:4:\"icon\";N;s:5:\"extra\";N;}s:31:\"{weight}.Manage Custom Searches\";a:6:{s:5:\"title\";s:22:\"Manage Custom Searches\";s:4:\"desc\";s:225:\"Developers and accidental techies with a bit of PHP and SQL knowledge can create new search forms to handle specific search and reporting needs which aren\'t covered by the built-in Advanced Search and Search Builder features.\";s:2:\"id\";s:20:\"ManageCustomSearches\";s:3:\"url\";s:44:\"/civicrm/admin/options/custom_search?reset=1\";s:4:\"icon\";s:24:\"admin/small/template.png\";s:5:\"extra\";N;}}s:9:\"perColumn\";d:10;}s:14:\"Communications\";a:3:{s:12:\"component_id\";N;s:6:\"fields\";a:11:{s:46:\"{weight}.Organization Address and Contact Info\";a:6:{s:5:\"title\";s:37:\"Organization Address and Contact Info\";s:4:\"desc\";s:150:\"Configure primary contact name, email, return-path and address information. This information is used by CiviMail to identify the sending organization.\";s:2:\"id\";s:33:\"OrganizationAddressandContactInfo\";s:3:\"url\";s:47:\"/civicrm/admin/domain?action=update&amp;reset=1\";s:4:\"icon\";s:22:\"admin/small/domain.png\";s:5:\"extra\";N;}s:29:\"{weight}.From Email Addresses\";a:6:{s:5:\"title\";s:20:\"From Email Addresses\";s:4:\"desc\";s:74:\"List of Email Addresses which can be used when sending emails to contacts.\";s:2:\"id\";s:18:\"FromEmailAddresses\";s:3:\"url\";s:49:\"/civicrm/admin/options/from_email_address?reset=1\";s:4:\"icon\";s:21:\"admin/small/title.png\";s:5:\"extra\";N;}s:26:\"{weight}.Message Templates\";a:6:{s:5:\"title\";s:17:\"Message Templates\";s:4:\"desc\";s:130:\"Message templates allow you to save and re-use messages with layouts which you can use when sending email to one or more contacts.\";s:2:\"id\";s:16:\"MessageTemplates\";s:3:\"url\";s:39:\"/civicrm/admin/messageTemplates?reset=1\";s:4:\"icon\";s:24:\"admin/small/template.png\";s:5:\"extra\";N;}s:27:\"{weight}.Schedule Reminders\";a:6:{s:5:\"title\";s:18:\"Schedule Reminders\";s:4:\"desc\";s:19:\"Schedule Reminders.\";s:2:\"id\";s:17:\"ScheduleReminders\";s:3:\"url\";s:40:\"/civicrm/admin/scheduleReminders?reset=1\";s:4:\"icon\";s:24:\"admin/small/template.png\";s:5:\"extra\";N;}s:40:\"{weight}.Preferred Communication Methods\";a:6:{s:5:\"title\";s:31:\"Preferred Communication Methods\";s:4:\"desc\";s:117:\"One or more preferred methods of communication can be assigned to each contact. Customize the available options here.\";s:2:\"id\";s:29:\"PreferredCommunicationMethods\";s:3:\"url\";s:61:\"/civicrm/admin/options/preferred_communication_method?reset=1\";s:4:\"icon\";s:29:\"admin/small/communication.png\";s:5:\"extra\";N;}s:22:\"{weight}.Label Formats\";a:6:{s:5:\"title\";s:13:\"Label Formats\";s:4:\"desc\";s:67:\"Configure Label Formats that are used when creating mailing labels.\";s:2:\"id\";s:12:\"LabelFormats\";s:3:\"url\";s:35:\"/civicrm/admin/labelFormats?reset=1\";s:4:\"icon\";s:24:\"admin/small/template.png\";s:5:\"extra\";N;}s:33:\"{weight}.Print Page (PDF) Formats\";a:6:{s:5:\"title\";s:24:\"Print Page (PDF) Formats\";s:4:\"desc\";s:95:\"Configure PDF Page Formats that can be assigned to Message Templates when creating PDF letters.\";s:2:\"id\";s:20:\"PrintPage_PDFFormats\";s:3:\"url\";s:33:\"/civicrm/admin/pdfFormats?reset=1\";s:4:\"icon\";s:24:\"admin/small/template.png\";s:5:\"extra\";N;}s:36:\"{weight}.Communication Style Options\";a:6:{s:5:\"title\";s:27:\"Communication Style Options\";s:4:\"desc\";s:42:\"Options for Communication Style selection.\";s:2:\"id\";s:25:\"CommunicationStyleOptions\";s:3:\"url\";s:50:\"/civicrm/admin/options/communication_style?reset=1\";s:4:\"icon\";s:18:\"admin/small/01.png\";s:5:\"extra\";N;}s:31:\"{weight}.Email Greeting Formats\";a:6:{s:5:\"title\";s:22:\"Email Greeting Formats\";s:4:\"desc\";s:75:\"Options for assigning email greetings to individual and household contacts.\";s:2:\"id\";s:20:\"EmailGreetingFormats\";s:3:\"url\";s:45:\"/civicrm/admin/options/email_greeting?reset=1\";s:4:\"icon\";s:18:\"admin/small/01.png\";s:5:\"extra\";N;}s:32:\"{weight}.Postal Greeting Formats\";a:6:{s:5:\"title\";s:23:\"Postal Greeting Formats\";s:4:\"desc\";s:76:\"Options for assigning postal greetings to individual and household contacts.\";s:2:\"id\";s:21:\"PostalGreetingFormats\";s:3:\"url\";s:46:\"/civicrm/admin/options/postal_greeting?reset=1\";s:4:\"icon\";s:18:\"admin/small/01.png\";s:5:\"extra\";N;}s:26:\"{weight}.Addressee Formats\";a:6:{s:5:\"title\";s:17:\"Addressee Formats\";s:4:\"desc\";s:83:\"Options for assigning addressee to individual, household and organization contacts.\";s:2:\"id\";s:16:\"AddresseeFormats\";s:3:\"url\";s:40:\"/civicrm/admin/options/addressee?reset=1\";s:4:\"icon\";s:18:\"admin/small/01.png\";s:5:\"extra\";N;}}s:9:\"perColumn\";d:6;}s:12:\"Localization\";a:3:{s:12:\"component_id\";N;s:6:\"fields\";a:4:{s:38:\"{weight}.Languages, Currency, Location\";a:6:{s:5:\"title\";s:29:\"Languages, Currency, Location\";s:4:\"desc\";N;s:2:\"id\";s:27:\"Languages_Currency_Location\";s:3:\"url\";s:43:\"/civicrm/admin/setting/localization?reset=1\";s:4:\"icon\";s:18:\"admin/small/36.png\";s:5:\"extra\";N;}s:25:\"{weight}.Address Settings\";a:6:{s:5:\"title\";s:16:\"Address Settings\";s:4:\"desc\";N;s:2:\"id\";s:15:\"AddressSettings\";s:3:\"url\";s:50:\"/civicrm/admin/setting/preferences/address?reset=1\";s:4:\"icon\";s:18:\"admin/small/36.png\";s:5:\"extra\";N;}s:21:\"{weight}.Date Formats\";a:6:{s:5:\"title\";s:12:\"Date Formats\";s:4:\"desc\";N;s:2:\"id\";s:11:\"DateFormats\";s:3:\"url\";s:35:\"/civicrm/admin/setting/date?reset=1\";s:4:\"icon\";s:18:\"admin/small/36.png\";s:5:\"extra\";N;}s:28:\"{weight}.Preferred Languages\";a:6:{s:5:\"title\";s:19:\"Preferred Languages\";s:4:\"desc\";s:30:\"Options for contact languages.\";s:2:\"id\";s:18:\"PreferredLanguages\";s:3:\"url\";s:40:\"/civicrm/admin/options/languages?reset=1\";s:4:\"icon\";s:18:\"admin/small/36.png\";s:5:\"extra\";N;}}s:9:\"perColumn\";d:2;}s:21:\"Users and Permissions\";a:3:{s:12:\"component_id\";N;s:6:\"fields\";a:2:{s:23:\"{weight}.Access Control\";a:6:{s:5:\"title\";s:14:\"Access Control\";s:4:\"desc\";s:73:\"Grant or deny access to actions (view, edit...), features and components.\";s:2:\"id\";s:13:\"AccessControl\";s:3:\"url\";s:29:\"/civicrm/admin/access?reset=1\";s:4:\"icon\";s:18:\"admin/small/03.png\";s:5:\"extra\";N;}s:38:\"{weight}.Synchronize Users to Contacts\";a:6:{s:5:\"title\";s:29:\"Synchronize Users to Contacts\";s:4:\"desc\";s:71:\"Automatically create a CiviCRM contact record for each CMS user record.\";s:2:\"id\";s:26:\"SynchronizeUserstoContacts\";s:3:\"url\";s:32:\"/civicrm/admin/synchUser?reset=1\";s:4:\"icon\";s:26:\"admin/small/Synch_user.png\";s:5:\"extra\";N;}}s:9:\"perColumn\";d:1;}s:15:\"System Settings\";a:3:{s:12:\"component_id\";N;s:6:\"fields\";a:17:{s:32:\"{weight}.Configuration Checklist\";a:6:{s:5:\"title\";s:23:\"Configuration Checklist\";s:4:\"desc\";s:55:\"List of configuration tasks with links to each setting.\";s:2:\"id\";s:22:\"ConfigurationChecklist\";s:3:\"url\";s:33:\"/civicrm/admin/configtask?reset=1\";s:4:\"icon\";s:9:\"check.gif\";s:5:\"extra\";N;}s:34:\"{weight}.Enable CiviCRM Components\";a:6:{s:5:\"title\";s:25:\"Enable CiviCRM Components\";s:4:\"desc\";s:269:\"Enable or disable components (e.g. CiviEvent, CiviMember, etc.) for your site based on the features you need. We recommend disabling any components not being used in order to simplify the user interface. You can easily re-enable components at any time from this screen.\";s:2:\"id\";s:23:\"EnableCiviCRMComponents\";s:3:\"url\";s:40:\"/civicrm/admin/setting/component?reset=1\";s:4:\"icon\";s:18:\"admin/small/36.png\";s:5:\"extra\";N;}s:26:\"{weight}.Manage Extensions\";a:6:{s:5:\"title\";s:17:\"Manage Extensions\";s:4:\"desc\";s:0:\"\";s:2:\"id\";s:16:\"ManageExtensions\";s:3:\"url\";s:33:\"/civicrm/admin/extensions?reset=1\";s:4:\"icon\";s:26:\"admin/small/price_sets.png\";s:5:\"extra\";N;}s:32:\"{weight}.Outbound Email Settings\";a:6:{s:5:\"title\";s:23:\"Outbound Email Settings\";s:4:\"desc\";N;s:2:\"id\";s:21:\"OutboundEmailSettings\";s:3:\"url\";s:35:\"/civicrm/admin/setting/smtp?reset=1\";s:4:\"icon\";s:18:\"admin/small/07.png\";s:5:\"extra\";N;}s:26:\"{weight}.Payment Processor\";a:6:{s:5:\"title\";s:17:\"Payment Processor\";s:4:\"desc\";s:48:\"Payment Processor setup for CiviCRM transactions\";s:2:\"id\";s:16:\"PaymentProcessor\";s:3:\"url\";s:39:\"/civicrm/admin/paymentProcessor?reset=1\";s:4:\"icon\";s:41:\"admin/small/online_contribution_pages.png\";s:5:\"extra\";N;}s:30:\"{weight}.Mapping and Geocoding\";a:6:{s:5:\"title\";s:21:\"Mapping and Geocoding\";s:4:\"desc\";N;s:2:\"id\";s:19:\"MappingandGeocoding\";s:3:\"url\";s:38:\"/civicrm/admin/setting/mapping?reset=1\";s:4:\"icon\";s:18:\"admin/small/36.png\";s:5:\"extra\";N;}s:62:\"{weight}.Misc (Undelete, PDFs, Limits, Logging, Captcha, etc.)\";a:6:{s:5:\"title\";s:53:\"Misc (Undelete, PDFs, Limits, Logging, Captcha, etc.)\";s:4:\"desc\";s:91:\"Enable undelete/move to trash feature, detailed change logging, ReCAPTCHA to protect forms.\";s:2:\"id\";s:46:\"Misc_Undelete_PDFs_Limits_Logging_Captcha_etc.\";s:3:\"url\";s:35:\"/civicrm/admin/setting/misc?reset=1\";s:4:\"icon\";s:18:\"admin/small/36.png\";s:5:\"extra\";N;}s:20:\"{weight}.Directories\";a:6:{s:5:\"title\";s:11:\"Directories\";s:4:\"desc\";N;s:2:\"id\";s:11:\"Directories\";s:3:\"url\";s:35:\"/civicrm/admin/setting/path?reset=1\";s:4:\"icon\";s:18:\"admin/small/36.png\";s:5:\"extra\";N;}s:22:\"{weight}.Resource URLs\";a:6:{s:5:\"title\";s:13:\"Resource URLs\";s:4:\"desc\";N;s:2:\"id\";s:12:\"ResourceURLs\";s:3:\"url\";s:34:\"/civicrm/admin/setting/url?reset=1\";s:4:\"icon\";s:18:\"admin/small/36.png\";s:5:\"extra\";N;}s:33:\"{weight}.CMS Database Integration\";a:6:{s:5:\"title\";s:24:\"CMS Database Integration\";s:4:\"desc\";N;s:2:\"id\";s:22:\"CMSDatabaseIntegration\";s:3:\"url\";s:33:\"/civicrm/admin/setting/uf?reset=1\";s:4:\"icon\";s:18:\"admin/small/36.png\";s:5:\"extra\";N;}s:36:\"{weight}.Safe File Extension Options\";a:6:{s:5:\"title\";s:27:\"Safe File Extension Options\";s:4:\"desc\";s:44:\"File Extensions that can be considered safe.\";s:2:\"id\";s:24:\"SafeFileExtensionOptions\";s:3:\"url\";s:50:\"/civicrm/admin/options/safe_file_extension?reset=1\";s:4:\"icon\";s:18:\"admin/small/01.png\";s:5:\"extra\";N;}s:22:\"{weight}.Option Groups\";a:6:{s:5:\"title\";s:13:\"Option Groups\";s:4:\"desc\";s:35:\"Access all meta-data option groups.\";s:2:\"id\";s:12:\"OptionGroups\";s:3:\"url\";s:30:\"/civicrm/admin/options?reset=1\";s:4:\"icon\";s:18:\"admin/small/01.png\";s:5:\"extra\";N;}s:31:\"{weight}.Import/Export Mappings\";a:6:{s:5:\"title\";s:22:\"Import/Export Mappings\";s:4:\"desc\";s:141:\"Import and Export mappings allow you to easily run the same job multiple times. This option allows you to rename or delete existing mappings.\";s:2:\"id\";s:21:\"Import_ExportMappings\";s:3:\"url\";s:30:\"/civicrm/admin/mapping?reset=1\";s:4:\"icon\";s:33:\"admin/small/import_export_map.png\";s:5:\"extra\";N;}s:18:\"{weight}.Debugging\";a:6:{s:5:\"title\";s:9:\"Debugging\";s:4:\"desc\";N;s:2:\"id\";s:9:\"Debugging\";s:3:\"url\";s:36:\"/civicrm/admin/setting/debug?reset=1\";s:4:\"icon\";s:18:\"admin/small/36.png\";s:5:\"extra\";N;}s:28:\"{weight}.Multi Site Settings\";a:6:{s:5:\"title\";s:19:\"Multi Site Settings\";s:4:\"desc\";N;s:2:\"id\";s:17:\"MultiSiteSettings\";s:3:\"url\";s:52:\"/civicrm/admin/setting/preferences/multisite?reset=1\";s:4:\"icon\";s:18:\"admin/small/36.png\";s:5:\"extra\";N;}s:23:\"{weight}.Scheduled Jobs\";a:6:{s:5:\"title\";s:14:\"Scheduled Jobs\";s:4:\"desc\";s:35:\"Managing periodially running tasks.\";s:2:\"id\";s:13:\"ScheduledJobs\";s:3:\"url\";s:26:\"/civicrm/admin/job?reset=1\";s:4:\"icon\";s:18:\"admin/small/13.png\";s:5:\"extra\";N;}s:22:\"{weight}.Sms Providers\";a:6:{s:5:\"title\";s:13:\"Sms Providers\";s:4:\"desc\";s:27:\"To configure a sms provider\";s:2:\"id\";s:12:\"SmsProviders\";s:3:\"url\";s:35:\"/civicrm/admin/sms/provider?reset=1\";s:4:\"icon\";s:18:\"admin/small/36.png\";s:5:\"extra\";N;}}s:9:\"perColumn\";d:9;}s:9:\"Configure\";a:3:{s:12:\"component_id\";N;s:6:\"fields\";a:1:{s:40:\"{weight}.Cleanup Caches and Update Paths\";a:6:{s:5:\"title\";s:31:\"Cleanup Caches and Update Paths\";s:4:\"desc\";s:157:\"Reset the Base Directory Path and Base URL settings - generally when a CiviCRM site is moved to another location in the file system and/or to another domain.\";s:2:\"id\";s:27:\"CleanupCachesandUpdatePaths\";s:3:\"url\";s:50:\"/civicrm/admin/setting/updateConfigBackend?reset=1\";s:4:\"icon\";s:26:\"admin/small/updatepath.png\";s:5:\"extra\";N;}}s:9:\"perColumn\";d:1;}s:12:\"CiviCampaign\";a:3:{s:12:\"component_id\";N;s:6:\"fields\";a:5:{s:40:\"{weight}.CiviCampaign Component Settings\";a:6:{s:5:\"title\";s:31:\"CiviCampaign Component Settings\";s:4:\"desc\";s:40:\"Configure global CiviCampaign behaviors.\";s:2:\"id\";s:29:\"CiviCampaignComponentSettings\";s:3:\"url\";s:51:\"/civicrm/admin/setting/preferences/campaign?reset=1\";s:4:\"icon\";N;s:5:\"extra\";N;}s:21:\"{weight}.Survey Types\";a:6:{s:5:\"title\";s:12:\"Survey Types\";s:4:\"desc\";N;s:2:\"id\";s:11:\"SurveyTypes\";s:3:\"url\";s:42:\"/civicrm/admin/campaign/surveyType?reset=1\";s:4:\"icon\";s:18:\"admin/small/05.png\";s:5:\"extra\";N;}s:23:\"{weight}.Campaign Types\";a:6:{s:5:\"title\";s:14:\"Campaign Types\";s:4:\"desc\";s:47:\"categorize your campaigns using campaign types.\";s:2:\"id\";s:13:\"CampaignTypes\";s:3:\"url\";s:44:\"/civicrm/admin/options/campaign_type?reset=1\";s:4:\"icon\";s:18:\"admin/small/05.png\";s:5:\"extra\";N;}s:24:\"{weight}.Campaign Status\";a:6:{s:5:\"title\";s:15:\"Campaign Status\";s:4:\"desc\";s:34:\"Define statuses for campaign here.\";s:2:\"id\";s:14:\"CampaignStatus\";s:3:\"url\";s:46:\"/civicrm/admin/options/campaign_status?reset=1\";s:4:\"icon\";s:18:\"admin/small/05.png\";s:5:\"extra\";N;}s:25:\"{weight}.Engagement Index\";a:6:{s:5:\"title\";s:16:\"Engagement Index\";s:4:\"desc\";s:18:\"Engagement levels.\";s:2:\"id\";s:15:\"EngagementIndex\";s:3:\"url\";s:47:\"/civicrm/admin/options/engagement_index?reset=1\";s:4:\"icon\";s:18:\"admin/small/05.png\";s:5:\"extra\";N;}}s:9:\"perColumn\";d:3;}s:9:\"CiviEvent\";a:3:{s:12:\"component_id\";N;s:6:\"fields\";a:9:{s:37:\"{weight}.CiviEvent Component Settings\";a:6:{s:5:\"title\";s:28:\"CiviEvent Component Settings\";s:4:\"desc\";s:37:\"Configure global CiviEvent behaviors.\";s:2:\"id\";s:26:\"CiviEventComponentSettings\";s:3:\"url\";s:48:\"/civicrm/admin/setting/preferences/event?reset=1\";s:4:\"icon\";N;s:5:\"extra\";N;}s:33:\"{weight}.Event Name Badge Layouts\";a:6:{s:5:\"title\";s:24:\"Event Name Badge Layouts\";s:4:\"desc\";s:107:\"Configure name badge layouts for event participants, including logos and what data to include on the badge.\";s:2:\"id\";s:21:\"EventNameBadgeLayouts\";s:3:\"url\";s:52:\"/civicrm/admin/badgelayout?action=browse&amp;reset=1\";s:4:\"icon\";N;s:5:\"extra\";N;}s:22:\"{weight}.Manage Events\";a:6:{s:5:\"title\";s:13:\"Manage Events\";s:4:\"desc\";s:136:\"Create and edit event configuration including times, locations, online registration forms, and fees. Links for iCal and RSS syndication.\";s:2:\"id\";s:12:\"ManageEvents\";s:3:\"url\";s:28:\"/civicrm/admin/event?reset=1\";s:4:\"icon\";s:28:\"admin/small/event_manage.png\";s:5:\"extra\";N;}s:24:\"{weight}.Event Templates\";a:6:{s:5:\"title\";s:15:\"Event Templates\";s:4:\"desc\";s:115:\"Administrators can create Event Templates - which are basically master event records pre-filled with default values\";s:2:\"id\";s:14:\"EventTemplates\";s:3:\"url\";s:36:\"/civicrm/admin/eventTemplate?reset=1\";s:4:\"icon\";s:24:\"admin/small/template.png\";s:5:\"extra\";N;}s:20:\"{weight}.Event Types\";a:6:{s:5:\"title\";s:11:\"Event Types\";s:4:\"desc\";s:143:\"Use Event Types to categorize your events. Event feeds can be filtered by Event Type and participant searches can use Event Type as a criteria.\";s:2:\"id\";s:10:\"EventTypes\";s:3:\"url\";s:41:\"/civicrm/admin/options/event_type?reset=1\";s:4:\"icon\";s:26:\"admin/small/event_type.png\";s:5:\"extra\";N;}s:27:\"{weight}.Participant Status\";a:6:{s:5:\"title\";s:18:\"Participant Status\";s:4:\"desc\";s:154:\"Define statuses for event participants here (e.g. Registered, Attended, Cancelled...). You can then assign statuses and search for participants by status.\";s:2:\"id\";s:17:\"ParticipantStatus\";s:3:\"url\";s:41:\"/civicrm/admin/participant_status?reset=1\";s:4:\"icon\";s:28:\"admin/small/parti_status.png\";s:5:\"extra\";N;}s:25:\"{weight}.Participant Role\";a:6:{s:5:\"title\";s:16:\"Participant Role\";s:4:\"desc\";s:138:\"Define participant roles for events here (e.g. Attendee, Host, Speaker...). You can then assign roles and search for participants by role.\";s:2:\"id\";s:15:\"ParticipantRole\";s:3:\"url\";s:47:\"/civicrm/admin/options/participant_role?reset=1\";s:4:\"icon\";s:26:\"admin/small/parti_role.png\";s:5:\"extra\";N;}s:38:\"{weight}.Participant Listing Templates\";a:6:{s:5:\"title\";s:29:\"Participant Listing Templates\";s:4:\"desc\";s:48:\"Template to control participant listing display.\";s:2:\"id\";s:27:\"ParticipantListingTemplates\";s:3:\"url\";s:50:\"/civicrm/admin/options/participant_listing?reset=1\";s:4:\"icon\";s:18:\"admin/small/01.png\";s:5:\"extra\";N;}s:31:\"{weight}.Conference Slot Labels\";a:6:{s:5:\"title\";s:22:\"Conference Slot Labels\";s:4:\"desc\";s:35:\"Define conference slots and labels.\";s:2:\"id\";s:20:\"ConferenceSlotLabels\";s:3:\"url\";s:65:\"/civicrm/admin/conference_slots?group=conference_slot&amp;reset=1\";s:4:\"icon\";N;s:5:\"extra\";N;}}s:9:\"perColumn\";d:5;}s:8:\"CiviMail\";a:3:{s:12:\"component_id\";N;s:6:\"fields\";a:5:{s:36:\"{weight}.CiviMail Component Settings\";a:6:{s:5:\"title\";s:27:\"CiviMail Component Settings\";s:4:\"desc\";s:36:\"Configure global CiviMail behaviors.\";s:2:\"id\";s:25:\"CiviMailComponentSettings\";s:3:\"url\";s:50:\"/civicrm/admin/setting/preferences/mailing?reset=1\";s:4:\"icon\";N;s:5:\"extra\";N;}s:24:\"{weight}.Mailer Settings\";a:6:{s:5:\"title\";s:15:\"Mailer Settings\";s:4:\"desc\";s:61:\"Configure spool period, throttling and other mailer settings.\";s:2:\"id\";s:14:\"MailerSettings\";s:3:\"url\";s:27:\"/civicrm/admin/mail?reset=1\";s:4:\"icon\";s:18:\"admin/small/07.png\";s:5:\"extra\";N;}s:49:\"{weight}.Headers, Footers, and Automated Messages\";a:6:{s:5:\"title\";s:40:\"Headers, Footers, and Automated Messages\";s:4:\"desc\";s:143:\"Configure the header and footer used for mailings. Customize the content of automated Subscribe, Unsubscribe, Resubscribe and Opt-out messages.\";s:2:\"id\";s:36:\"Headers_Footers_andAutomatedMessages\";s:3:\"url\";s:32:\"/civicrm/admin/component?reset=1\";s:4:\"icon\";s:23:\"admin/small/Profile.png\";s:5:\"extra\";N;}s:29:\"{weight}.From Email Addresses\";a:6:{s:5:\"title\";s:20:\"From Email Addresses\";s:4:\"desc\";s:74:\"List of Email Addresses which can be used when sending emails to contacts.\";s:2:\"id\";s:18:\"FromEmailAddresses\";s:3:\"url\";s:58:\"/civicrm/admin/options/from_email_address/civimail?reset=1\";s:4:\"icon\";s:21:\"admin/small/title.png\";s:5:\"extra\";N;}s:22:\"{weight}.Mail Accounts\";a:6:{s:5:\"title\";s:13:\"Mail Accounts\";s:4:\"desc\";s:32:\"Configure email account setting.\";s:2:\"id\";s:12:\"MailAccounts\";s:3:\"url\";s:35:\"/civicrm/admin/mailSettings?reset=1\";s:4:\"icon\";s:18:\"admin/small/07.png\";s:5:\"extra\";N;}}s:9:\"perColumn\";d:3;}s:10:\"CiviMember\";a:3:{s:12:\"component_id\";N;s:6:\"fields\";a:3:{s:38:\"{weight}.CiviMember Component Settings\";a:6:{s:5:\"title\";s:29:\"CiviMember Component Settings\";s:4:\"desc\";s:38:\"Configure global CiviMember behaviors.\";s:2:\"id\";s:27:\"CiviMemberComponentSettings\";s:3:\"url\";s:49:\"/civicrm/admin/setting/preferences/member?reset=1\";s:4:\"icon\";N;s:5:\"extra\";N;}s:25:\"{weight}.Membership Types\";a:6:{s:5:\"title\";s:16:\"Membership Types\";s:4:\"desc\";s:174:\"Define the types of memberships you want to offer. For each type, you can specify a \'name\' (Gold Member, Honor Society Member...), a description, duration, and a minimum fee.\";s:2:\"id\";s:15:\"MembershipTypes\";s:3:\"url\";s:44:\"/civicrm/admin/member/membershipType?reset=1\";s:4:\"icon\";s:31:\"admin/small/membership_type.png\";s:5:\"extra\";N;}s:32:\"{weight}.Membership Status Rules\";a:6:{s:5:\"title\";s:23:\"Membership Status Rules\";s:4:\"desc\";s:187:\"Status \'rules\' define the current status for a membership based on that membership\'s start and end dates. You can adjust the default status options and rules as needed to meet your needs.\";s:2:\"id\";s:21:\"MembershipStatusRules\";s:3:\"url\";s:46:\"/civicrm/admin/member/membershipStatus?reset=1\";s:4:\"icon\";s:33:\"admin/small/membership_status.png\";s:5:\"extra\";N;}}s:9:\"perColumn\";d:2;}s:6:\"Manage\";a:3:{s:12:\"component_id\";N;s:6:\"fields\";a:3:{s:27:\"{weight}.Scheduled Jobs Log\";a:6:{s:5:\"title\";s:18:\"Scheduled Jobs Log\";s:4:\"desc\";s:46:\"Browsing the log of periodially running tasks.\";s:2:\"id\";s:16:\"ScheduledJobsLog\";s:3:\"url\";s:29:\"/civicrm/admin/joblog?reset=1\";s:4:\"icon\";s:18:\"admin/small/13.png\";s:5:\"extra\";N;}s:42:\"{weight}.Find and Merge Duplicate Contacts\";a:6:{s:5:\"title\";s:33:\"Find and Merge Duplicate Contacts\";s:4:\"desc\";s:158:\"Manage the rules used to identify potentially duplicate contact records. Scan for duplicates using a selected rule and merge duplicate contact data as needed.\";s:2:\"id\";s:29:\"FindandMergeDuplicateContacts\";s:3:\"url\";s:36:\"/civicrm/contact/deduperules?reset=1\";s:4:\"icon\";s:34:\"admin/small/duplicate_matching.png\";s:5:\"extra\";N;}s:26:\"{weight}.Dedupe Exceptions\";a:6:{s:5:\"title\";s:17:\"Dedupe Exceptions\";s:4:\"desc\";N;s:2:\"id\";s:16:\"DedupeExceptions\";s:3:\"url\";s:33:\"/civicrm/dedupe/exception?reset=1\";s:4:\"icon\";N;s:5:\"extra\";N;}}s:9:\"perColumn\";d:2;}s:12:\"Option Lists\";a:3:{s:12:\"component_id\";N;s:6:\"fields\";a:1:{s:20:\"{weight}.Grant Types\";a:6:{s:5:\"title\";s:11:\"Grant Types\";s:4:\"desc\";s:148:\"List of types which can be assigned to Grants. (Enable CiviGrant from Administer > Systme Settings > Enable Components if you want to track grants.)\";s:2:\"id\";s:10:\"GrantTypes\";s:3:\"url\";s:41:\"/civicrm/admin/options/grant_type?reset=1\";s:4:\"icon\";s:26:\"admin/small/grant_type.png\";s:5:\"extra\";N;}}s:9:\"perColumn\";d:1;}s:9:\"Customize\";a:3:{s:12:\"component_id\";N;s:6:\"fields\";a:1:{s:19:\"{weight}.Price Sets\";a:6:{s:5:\"title\";s:10:\"Price Sets\";s:4:\"desc\";s:205:\"Price sets allow you to offer multiple options with associated fees (e.g. pre-conference workshops, additional meals, etc.). Configure Price Sets for events which need more than a single set of fee levels.\";s:2:\"id\";s:9:\"PriceSets\";s:3:\"url\";s:28:\"/civicrm/admin/price?reset=1\";s:4:\"icon\";s:26:\"admin/small/price_sets.png\";s:5:\"extra\";N;}}s:9:\"perColumn\";d:1;}s:14:\"CiviContribute\";a:3:{s:12:\"component_id\";N;s:6:\"fields\";a:8:{s:32:\"{weight}.Personal Campaign Pages\";a:6:{s:5:\"title\";s:23:\"Personal Campaign Pages\";s:4:\"desc\";s:49:\"View and manage existing personal campaign pages.\";s:2:\"id\";s:21:\"PersonalCampaignPages\";s:3:\"url\";s:49:\"/civicrm/admin/pcp?context=contribute&amp;reset=1\";s:4:\"icon\";s:34:\"admin/small/contribution_types.png\";s:5:\"extra\";N;}s:34:\"{weight}.Manage Contribution Pages\";a:6:{s:5:\"title\";s:25:\"Manage Contribution Pages\";s:4:\"desc\";s:242:\"CiviContribute allows you to create and maintain any number of Online Contribution Pages. You can create different pages for different programs or campaigns - and customize text, amounts, types of information collected from contributors, etc.\";s:2:\"id\";s:23:\"ManageContributionPages\";s:3:\"url\";s:33:\"/civicrm/admin/contribute?reset=1\";s:4:\"icon\";s:41:\"admin/small/online_contribution_pages.png\";s:5:\"extra\";N;}s:24:\"{weight}.Manage Premiums\";a:6:{s:5:\"title\";s:15:\"Manage Premiums\";s:4:\"desc\";s:175:\"CiviContribute allows you to configure any number of Premiums which can be offered to contributors as incentives / thank-you gifts. Define the premiums you want to offer here.\";s:2:\"id\";s:14:\"ManagePremiums\";s:3:\"url\";s:48:\"/civicrm/admin/contribute/managePremiums?reset=1\";s:4:\"icon\";s:24:\"admin/small/Premiums.png\";s:5:\"extra\";N;}s:24:\"{weight}.Financial Types\";a:6:{s:5:\"title\";s:15:\"Financial Types\";s:4:\"desc\";s:64:\"Formerly civicrm_contribution_type merged into this table in 4.1\";s:2:\"id\";s:14:\"FinancialTypes\";s:3:\"url\";s:46:\"/civicrm/admin/financial/financialType?reset=1\";s:4:\"icon\";N;s:5:\"extra\";N;}s:27:\"{weight}.Financial Accounts\";a:6:{s:5:\"title\";s:18:\"Financial Accounts\";s:4:\"desc\";s:128:\"Financial types are used to categorize contributions for reporting and accounting purposes. These are also referred to as Funds.\";s:2:\"id\";s:17:\"FinancialAccounts\";s:3:\"url\";s:49:\"/civicrm/admin/financial/financialAccount?reset=1\";s:4:\"icon\";s:34:\"admin/small/contribution_types.png\";s:5:\"extra\";N;}s:28:\"{weight}.Payment Instruments\";a:6:{s:5:\"title\";s:19:\"Payment Instruments\";s:4:\"desc\";s:224:\"You may choose to record the payment instrument used for each contribution. Common payment methods are installed by default (e.g. Check, Cash, Credit Card...). If your site requires additional payment methods, add them here.\";s:2:\"id\";s:18:\"PaymentInstruments\";s:3:\"url\";s:49:\"/civicrm/admin/options/payment_instrument?reset=1\";s:4:\"icon\";s:35:\"admin/small/payment_instruments.png\";s:5:\"extra\";N;}s:30:\"{weight}.Accepted Credit Cards\";a:6:{s:5:\"title\";s:21:\"Accepted Credit Cards\";s:4:\"desc\";s:94:\"Credit card options that will be offered to contributors using your Online Contribution pages.\";s:2:\"id\";s:19:\"AcceptedCreditCards\";s:3:\"url\";s:48:\"/civicrm/admin/options/accept_creditcard?reset=1\";s:4:\"icon\";s:36:\"admin/small/accepted_creditcards.png\";s:5:\"extra\";N;}s:26:\"{weight}.Soft Credit Types\";a:6:{s:5:\"title\";s:17:\"Soft Credit Types\";s:4:\"desc\";s:86:\"Soft Credit Types that will be offered to contributors during soft credit contribution\";s:2:\"id\";s:15:\"SoftCreditTypes\";s:3:\"url\";s:47:\"/civicrm/admin/options/soft_credit_type?reset=1\";s:4:\"icon\";s:32:\"admin/small/soft_credit_type.png\";s:5:\"extra\";N;}}s:9:\"perColumn\";d:4;}s:8:\"CiviCase\";a:3:{s:12:\"component_id\";N;s:6:\"fields\";a:4:{s:19:\"{weight}.Case Types\";a:6:{s:5:\"title\";s:10:\"Case Types\";s:4:\"desc\";s:137:\"List of types which can be assigned to Cases. (Enable the Cases tab from System Settings - Enable Components if you want to track cases.)\";s:2:\"id\";s:9:\"CaseTypes\";s:3:\"url\";s:40:\"/civicrm/admin/options/case_type?reset=1\";s:4:\"icon\";s:25:\"admin/small/case_type.png\";s:5:\"extra\";N;}s:24:\"{weight}.Redaction Rules\";a:6:{s:5:\"title\";s:15:\"Redaction Rules\";s:4:\"desc\";s:223:\"List of rules which can be applied to user input strings so that the redacted output can be recognized as repeated instances of the same string or can be identified as a \"semantic type of the data element\" within case data.\";s:2:\"id\";s:14:\"RedactionRules\";s:3:\"url\";s:45:\"/civicrm/admin/options/redaction_rule?reset=1\";s:4:\"icon\";s:30:\"admin/small/redaction_type.png\";s:5:\"extra\";N;}s:22:\"{weight}.Case Statuses\";a:6:{s:5:\"title\";s:13:\"Case Statuses\";s:4:\"desc\";s:48:\"List of statuses that can be assigned to a case.\";s:2:\"id\";s:12:\"CaseStatuses\";s:3:\"url\";s:42:\"/civicrm/admin/options/case_status?reset=1\";s:4:\"icon\";s:25:\"admin/small/case_type.png\";s:5:\"extra\";N;}s:26:\"{weight}.Encounter Mediums\";a:6:{s:5:\"title\";s:17:\"Encounter Mediums\";s:4:\"desc\";s:26:\"List of encounter mediums.\";s:2:\"id\";s:16:\"EncounterMediums\";s:3:\"url\";s:47:\"/civicrm/admin/options/encounter_medium?reset=1\";s:4:\"icon\";s:25:\"admin/small/case_type.png\";s:5:\"extra\";N;}}s:9:\"perColumn\";d:2;}s:10:\"CiviReport\";a:3:{s:12:\"component_id\";N;s:6:\"fields\";a:3:{s:40:\"{weight}.Create New Report from Template\";a:6:{s:5:\"title\";s:31:\"Create New Report from Template\";s:4:\"desc\";s:49:\"Component wise listing of all available templates\";s:2:\"id\";s:27:\"CreateNewReportfromTemplate\";s:3:\"url\";s:43:\"/civicrm/admin/report/template/list?reset=1\";s:4:\"icon\";s:31:\"admin/small/report_template.gif\";s:5:\"extra\";N;}s:25:\"{weight}.Manage Templates\";a:6:{s:5:\"title\";s:16:\"Manage Templates\";s:4:\"desc\";s:45:\"Browse, Edit and Delete the Report templates.\";s:2:\"id\";s:15:\"ManageTemplates\";s:3:\"url\";s:53:\"/civicrm/admin/report/options/report_template?reset=1\";s:4:\"icon\";s:24:\"admin/small/template.png\";s:5:\"extra\";N;}s:24:\"{weight}.Reports Listing\";a:6:{s:5:\"title\";s:15:\"Reports Listing\";s:4:\"desc\";s:60:\"Browse existing report, change report criteria and settings.\";s:2:\"id\";s:14:\"ReportsListing\";s:3:\"url\";s:34:\"/civicrm/admin/report/list?reset=1\";s:4:\"icon\";s:27:\"admin/small/report_list.gif\";s:5:\"extra\";N;}}s:9:\"perColumn\";d:2;}}',NULL,NULL,NULL,NULL,NULL,NULL,NULL,1,1,1,NULL);
/*!40000 ALTER TABLE `civicrm_menu` ENABLE KEYS */;
UNLOCK TABLES;

--
-- Dumping data for table `civicrm_msg_template`
--

LOCK TABLES `civicrm_msg_template` WRITE;
/*!40000 ALTER TABLE `civicrm_msg_template` DISABLE KEYS */;
INSERT INTO `civicrm_msg_template` (`id`, `msg_title`, `msg_subject`, `msg_text`, `msg_html`, `is_active`, `workflow_id`, `is_default`, `is_reserved`, `pdf_format_id`) VALUES (1,'Cases - Send Copy of an Activity','{if $idHash}[case #{$idHash}]{/if} {$activitySubject}\n','===========================================================\n{ts}Activity Summary{/ts} - {$activityTypeName}\n===========================================================\n{if $isCaseActivity}\n{ts}Your Case Role(s){/ts} : {$contact.role}\n{if $manageCaseURL}\n{ts}Manage Case{/ts} : {$manageCaseURL}\n{/if}\n{/if}\n\n{if $editActURL}\n{ts}Edit this Activity{/ts} : {$editActURL}\n{/if}\n{if $viewActURL}\n{ts}View this Activity{/ts} : {$viewActURL}\n{/if}\n\n{foreach from=$activity.fields item=field}\n{if $field.type eq \'Date\'}\n{$field.label}{if $field.category}({$field.category}){/if} : {$field.value|crmDate:$config->dateformatDatetime}\n{else}\n{$field.label}{if $field.category}({$field.category}){/if} : {$field.value}\n{/if}\n{/foreach}\n\n{foreach from=$activity.customGroups key=customGroupName item=customGroup}\n==========================================================\n{$customGroupName}\n==========================================================\n{foreach from=$customGroup item=field}\n{if $field.type eq \'Date\'}\n{$field.label} : {$field.value|crmDate:$config->dateformatDatetime}\n{else}\n{$field.label} : {$field.value}\n{/if}\n{/foreach}\n\n{/foreach}\n','<!DOCTYPE html PUBLIC \"-//W3C//DTD XHTML 1.0 Transitional//EN\" \"http://www.w3.org/TR/xhtml1/DTD/xhtml1-transitional.dtd\">\n<html xmlns=\"http://www.w3.org/1999/xhtml\">\n<head>\n <meta http-equiv=\"Content-Type\" content=\"text/html; charset=UTF-8\" />\n <title></title>\n</head>\n<body>\n\n{capture assign=headerStyle}colspan=\"2\" style=\"text-align: left; padding: 4px; border-bottom: 1px solid #999; background-color: #eee;\"{/capture}\n{capture assign=labelStyle }style=\"padding: 4px; border-bottom: 1px solid #999; background-color: #f7f7f7;\"{/capture}\n{capture assign=valueStyle }style=\"padding: 4px; border-bottom: 1px solid #999;\"{/capture}\n\n<center>\n <table width=\"620\" border=\"0\" cellpadding=\"0\" cellspacing=\"0\" id=\"crm-event_receipt\" style=\"font-family: Arial, Verdana, sans-serif; text-align: left;\">\n\n  <!-- BEGIN HEADER -->\n  <!-- You can add table row(s) here with logo or other header elements -->\n  <!-- END HEADER -->\n\n  <!-- BEGIN CONTENT -->\n\n  <tr>\n   <td>\n    <table style=\"border: 1px solid #999; margin: 1em 0em 1em; border-collapse: collapse; width:100%;\">\n     <tr>\n      <th {$headerStyle}>\n       {ts}Activity Summary{/ts} - {$activityTypeName}\n      </th>\n     </tr>\n     {if $isCaseActivity}\n      <tr>\n       <td {$labelStyle}>\n        {ts}Your Case Role(s){/ts}\n       </td>\n       <td {$valueStyle}>\n        {$contact.role}\n       </td>\n      </tr>\n      {if $manageCaseURL}\n       <tr>\n       <td colspan=\"2\" {$valueStyle}>\n     <a href=\"{$manageCaseURL}\" title=\"{ts}Manage Case{/ts}\">{ts}Manage Case{/ts}</a>\n       </td>\n       </tr>\n      {/if}\n     {/if}\n     {if $editActURL}\n     <tr>\n       <td colspan=\"2\" {$valueStyle}>\n   <a href=\"{$editActURL}\" title=\"{ts}Edit this activity{/ts}\">{ts}Edit this activity{/ts}</a>\n       </td>\n     </tr>\n     {/if}\n     {if $viewActURL}\n     <tr>\n       <td colspan=\"2\" {$valueStyle}>\n   <a href=\"{$viewActURL}\" title=\"{ts}View this activity{/ts}\">{ts}View this activity{/ts}</a>\n       </td>\n     </tr>\n     {/if}\n     {foreach from=$activity.fields item=field}\n      <tr>\n       <td {$labelStyle}>\n        {$field.label}{if $field.category}({$field.category}){/if}\n       </td>\n       <td {$valueStyle}>\n        {if $field.type eq \'Date\'}\n         {$field.value|crmDate:$config->dateformatDatetime}\n        {else}\n         {$field.value}\n        {/if}\n       </td>\n      </tr>\n     {/foreach}\n\n     {foreach from=$activity.customGroups key=customGroupName item=customGroup}\n      <tr>\n       <th {$headerStyle}>\n        {$customGroupName}\n       </th>\n      </tr>\n      {foreach from=$customGroup item=field}\n       <tr>\n        <td {$labelStyle}>\n         {$field.label}\n        </td>\n        <td {$valueStyle}>\n         {if $field.type eq \'Date\'}\n          {$field.value|crmDate:$config->dateformatDatetime}\n         {else}\n          {$field.value}\n         {/if}\n        </td>\n       </tr>\n      {/foreach}\n     {/foreach}\n    </table>\n   </td>\n  </tr>\n </table>\n</center>\n\n</body>\n</html>\n',1,705,1,0,NULL),(2,'Cases - Send Copy of an Activity','{if $idHash}[case #{$idHash}]{/if} {$activitySubject}\n','===========================================================\n{ts}Activity Summary{/ts} - {$activityTypeName}\n===========================================================\n{if $isCaseActivity}\n{ts}Your Case Role(s){/ts} : {$contact.role}\n{if $manageCaseURL}\n{ts}Manage Case{/ts} : {$manageCaseURL}\n{/if}\n{/if}\n\n{if $editActURL}\n{ts}Edit this Activity{/ts} : {$editActURL}\n{/if}\n{if $viewActURL}\n{ts}View this Activity{/ts} : {$viewActURL}\n{/if}\n\n{foreach from=$activity.fields item=field}\n{if $field.type eq \'Date\'}\n{$field.label}{if $field.category}({$field.category}){/if} : {$field.value|crmDate:$config->dateformatDatetime}\n{else}\n{$field.label}{if $field.category}({$field.category}){/if} : {$field.value}\n{/if}\n{/foreach}\n\n{foreach from=$activity.customGroups key=customGroupName item=customGroup}\n==========================================================\n{$customGroupName}\n==========================================================\n{foreach from=$customGroup item=field}\n{if $field.type eq \'Date\'}\n{$field.label} : {$field.value|crmDate:$config->dateformatDatetime}\n{else}\n{$field.label} : {$field.value}\n{/if}\n{/foreach}\n\n{/foreach}\n','<!DOCTYPE html PUBLIC \"-//W3C//DTD XHTML 1.0 Transitional//EN\" \"http://www.w3.org/TR/xhtml1/DTD/xhtml1-transitional.dtd\">\n<html xmlns=\"http://www.w3.org/1999/xhtml\">\n<head>\n <meta http-equiv=\"Content-Type\" content=\"text/html; charset=UTF-8\" />\n <title></title>\n</head>\n<body>\n\n{capture assign=headerStyle}colspan=\"2\" style=\"text-align: left; padding: 4px; border-bottom: 1px solid #999; background-color: #eee;\"{/capture}\n{capture assign=labelStyle }style=\"padding: 4px; border-bottom: 1px solid #999; background-color: #f7f7f7;\"{/capture}\n{capture assign=valueStyle }style=\"padding: 4px; border-bottom: 1px solid #999;\"{/capture}\n\n<center>\n <table width=\"620\" border=\"0\" cellpadding=\"0\" cellspacing=\"0\" id=\"crm-event_receipt\" style=\"font-family: Arial, Verdana, sans-serif; text-align: left;\">\n\n  <!-- BEGIN HEADER -->\n  <!-- You can add table row(s) here with logo or other header elements -->\n  <!-- END HEADER -->\n\n  <!-- BEGIN CONTENT -->\n\n  <tr>\n   <td>\n    <table style=\"border: 1px solid #999; margin: 1em 0em 1em; border-collapse: collapse; width:100%;\">\n     <tr>\n      <th {$headerStyle}>\n       {ts}Activity Summary{/ts} - {$activityTypeName}\n      </th>\n     </tr>\n     {if $isCaseActivity}\n      <tr>\n       <td {$labelStyle}>\n        {ts}Your Case Role(s){/ts}\n       </td>\n       <td {$valueStyle}>\n        {$contact.role}\n       </td>\n      </tr>\n      {if $manageCaseURL}\n       <tr>\n       <td colspan=\"2\" {$valueStyle}>\n     <a href=\"{$manageCaseURL}\" title=\"{ts}Manage Case{/ts}\">{ts}Manage Case{/ts}</a>\n       </td>\n       </tr>\n      {/if}\n     {/if}\n     {if $editActURL}\n     <tr>\n       <td colspan=\"2\" {$valueStyle}>\n   <a href=\"{$editActURL}\" title=\"{ts}Edit this activity{/ts}\">{ts}Edit this activity{/ts}</a>\n       </td>\n     </tr>\n     {/if}\n     {if $viewActURL}\n     <tr>\n       <td colspan=\"2\" {$valueStyle}>\n   <a href=\"{$viewActURL}\" title=\"{ts}View this activity{/ts}\">{ts}View this activity{/ts}</a>\n       </td>\n     </tr>\n     {/if}\n     {foreach from=$activity.fields item=field}\n      <tr>\n       <td {$labelStyle}>\n        {$field.label}{if $field.category}({$field.category}){/if}\n       </td>\n       <td {$valueStyle}>\n        {if $field.type eq \'Date\'}\n         {$field.value|crmDate:$config->dateformatDatetime}\n        {else}\n         {$field.value}\n        {/if}\n       </td>\n      </tr>\n     {/foreach}\n\n     {foreach from=$activity.customGroups key=customGroupName item=customGroup}\n      <tr>\n       <th {$headerStyle}>\n        {$customGroupName}\n       </th>\n      </tr>\n      {foreach from=$customGroup item=field}\n       <tr>\n        <td {$labelStyle}>\n         {$field.label}\n        </td>\n        <td {$valueStyle}>\n         {if $field.type eq \'Date\'}\n          {$field.value|crmDate:$config->dateformatDatetime}\n         {else}\n          {$field.value}\n         {/if}\n        </td>\n       </tr>\n      {/foreach}\n     {/foreach}\n    </table>\n   </td>\n  </tr>\n </table>\n</center>\n\n</body>\n</html>\n',1,705,0,1,NULL),(3,'Contributions - Duplicate Organization Alert','{ts}CiviContribute Alert: Possible Duplicate Contact Record{/ts}\n','{ts}A contribution / membership signup was made on behalf of the organization listed below.{/ts}\n{ts}The information provided matched multiple existing database records based on the configured\nDuplicate Matching Rules for your site.{/ts}\n\n{ts}Organization Name{/ts}: {$onBehalfName}\n{ts}Organization Email{/ts}: {$onBehalfEmail}\n{ts}Organization Contact Id{/ts}: {$onBehalfID}\n\n{ts}If you think this may be a duplicate contact which should be merged with an existing record -\nGo to \"Contacts >> Find and Merge Duplicate Contacts\". Use the strict\nrule for Organizations to find the potential duplicates and merge them if appropriate.{/ts}\n\n{if $receiptMessage}\n###########################################################\n{ts}Copy of Contribution Receipt{/ts}\n\n###########################################################\n{$receiptMessage}\n\n{/if}\n','<!DOCTYPE html PUBLIC \"-//W3C//DTD XHTML 1.0 Transitional//EN\" \"http://www.w3.org/TR/xhtml1/DTD/xhtml1-transitional.dtd\">\n<html xmlns=\"http://www.w3.org/1999/xhtml\">\n<head>\n <meta http-equiv=\"Content-Type\" content=\"text/html; charset=UTF-8\" />\n <title></title>\n</head>\n<body>\n\n{capture assign=headerStyle}colspan=\"2\" style=\"text-align: left; padding: 4px; border-bottom: 1px solid #999; background-color: #eee;\"{/capture}\n{capture assign=labelStyle }style=\"padding: 4px; border-bottom: 1px solid #999; background-color: #f7f7f7;\"{/capture}\n{capture assign=valueStyle }style=\"padding: 4px; border-bottom: 1px solid #999;\"{/capture}\n\n<center>\n <table width=\"620\" border=\"0\" cellpadding=\"0\" cellspacing=\"0\" id=\"crm-event_receipt\" style=\"font-family: Arial, Verdana, sans-serif; text-align: left;\">\n\n  <!-- BEGIN HEADER -->\n  <!-- You can add table row(s) here with logo or other header elements -->\n  <!-- END HEADER -->\n\n  <!-- BEGIN CONTENT -->\n\n  <tr>\n   <td>\n    <p>{ts}A contribution / membership signup was made on behalf of the organization listed below.{/ts}</p>\n    <p>{ts}The information provided matched multiple existing database records based on the configured\nDuplicate Matching Rules for your site.{/ts}</p>\n   </td>\n  </tr>\n  <tr>\n   <td>\n    <table style=\"border: 1px solid #999; margin: 1em 0em 1em; border-collapse: collapse; width:100%;\">\n     <tr>\n      <td {$labelStyle}>\n       {ts}Organization Name{/ts}\n      </td>\n      <td {$valueStyle}>\n       {$onBehalfName}\n      </td>\n     </tr>\n     <tr>\n      <td {$labelStyle}>\n       {ts}Organization Email{/ts}\n      </td>\n      <td {$valueStyle}>\n       {$onBehalfEmail}\n      </td>\n     </tr>\n     <tr>\n      <td {$labelStyle}>\n       {ts}Organization Contact Id{/ts}\n      </td>\n      <td {$valueStyle}>\n       {$onBehalfID}\n      </td>\n     </tr>\n    </table>\n   </td>\n  </tr>\n  <tr>\n   <td>\n    <p>{ts}If you think this may be a duplicate contact which should be merged with an existing record -\nGo to \"Contacts >> Find and Merge Duplicate Contacts\". Use the strict\nrule for Organizations to find the potential duplicates and merge them if appropriate.{/ts}</p>\n   </td>\n  </tr>\n  {if $receiptMessage}\n   <tr>\n    <td>\n     <table style=\"border: 1px solid #999; margin: 1em 0em 1em; border-collapse: collapse; width:100%;\">\n      <tr>\n       <th {$headerStyle}>\n        {ts}Copy of Contribution Receipt{/ts}\n       </th>\n      </tr>\n      <tr>\n       <td colspan=\"2\" {$valueStyle}>\n        {* FIXME: the below is most probably not HTML-ised *}\n        {$receiptMessage}\n       </td>\n      </tr>\n     </table>\n    </td>\n   </tr>\n  {/if}\n </table>\n</center>\n\n</body>\n</html>\n',1,706,1,0,NULL),(4,'Contributions - Duplicate Organization Alert','{ts}CiviContribute Alert: Possible Duplicate Contact Record{/ts}\n','{ts}A contribution / membership signup was made on behalf of the organization listed below.{/ts}\n{ts}The information provided matched multiple existing database records based on the configured\nDuplicate Matching Rules for your site.{/ts}\n\n{ts}Organization Name{/ts}: {$onBehalfName}\n{ts}Organization Email{/ts}: {$onBehalfEmail}\n{ts}Organization Contact Id{/ts}: {$onBehalfID}\n\n{ts}If you think this may be a duplicate contact which should be merged with an existing record -\nGo to \"Contacts >> Find and Merge Duplicate Contacts\". Use the strict\nrule for Organizations to find the potential duplicates and merge them if appropriate.{/ts}\n\n{if $receiptMessage}\n###########################################################\n{ts}Copy of Contribution Receipt{/ts}\n\n###########################################################\n{$receiptMessage}\n\n{/if}\n','<!DOCTYPE html PUBLIC \"-//W3C//DTD XHTML 1.0 Transitional//EN\" \"http://www.w3.org/TR/xhtml1/DTD/xhtml1-transitional.dtd\">\n<html xmlns=\"http://www.w3.org/1999/xhtml\">\n<head>\n <meta http-equiv=\"Content-Type\" content=\"text/html; charset=UTF-8\" />\n <title></title>\n</head>\n<body>\n\n{capture assign=headerStyle}colspan=\"2\" style=\"text-align: left; padding: 4px; border-bottom: 1px solid #999; background-color: #eee;\"{/capture}\n{capture assign=labelStyle }style=\"padding: 4px; border-bottom: 1px solid #999; background-color: #f7f7f7;\"{/capture}\n{capture assign=valueStyle }style=\"padding: 4px; border-bottom: 1px solid #999;\"{/capture}\n\n<center>\n <table width=\"620\" border=\"0\" cellpadding=\"0\" cellspacing=\"0\" id=\"crm-event_receipt\" style=\"font-family: Arial, Verdana, sans-serif; text-align: left;\">\n\n  <!-- BEGIN HEADER -->\n  <!-- You can add table row(s) here with logo or other header elements -->\n  <!-- END HEADER -->\n\n  <!-- BEGIN CONTENT -->\n\n  <tr>\n   <td>\n    <p>{ts}A contribution / membership signup was made on behalf of the organization listed below.{/ts}</p>\n    <p>{ts}The information provided matched multiple existing database records based on the configured\nDuplicate Matching Rules for your site.{/ts}</p>\n   </td>\n  </tr>\n  <tr>\n   <td>\n    <table style=\"border: 1px solid #999; margin: 1em 0em 1em; border-collapse: collapse; width:100%;\">\n     <tr>\n      <td {$labelStyle}>\n       {ts}Organization Name{/ts}\n      </td>\n      <td {$valueStyle}>\n       {$onBehalfName}\n      </td>\n     </tr>\n     <tr>\n      <td {$labelStyle}>\n       {ts}Organization Email{/ts}\n      </td>\n      <td {$valueStyle}>\n       {$onBehalfEmail}\n      </td>\n     </tr>\n     <tr>\n      <td {$labelStyle}>\n       {ts}Organization Contact Id{/ts}\n      </td>\n      <td {$valueStyle}>\n       {$onBehalfID}\n      </td>\n     </tr>\n    </table>\n   </td>\n  </tr>\n  <tr>\n   <td>\n    <p>{ts}If you think this may be a duplicate contact which should be merged with an existing record -\nGo to \"Contacts >> Find and Merge Duplicate Contacts\". Use the strict\nrule for Organizations to find the potential duplicates and merge them if appropriate.{/ts}</p>\n   </td>\n  </tr>\n  {if $receiptMessage}\n   <tr>\n    <td>\n     <table style=\"border: 1px solid #999; margin: 1em 0em 1em; border-collapse: collapse; width:100%;\">\n      <tr>\n       <th {$headerStyle}>\n        {ts}Copy of Contribution Receipt{/ts}\n       </th>\n      </tr>\n      <tr>\n       <td colspan=\"2\" {$valueStyle}>\n        {* FIXME: the below is most probably not HTML-ised *}\n        {$receiptMessage}\n       </td>\n      </tr>\n     </table>\n    </td>\n   </tr>\n  {/if}\n </table>\n</center>\n\n</body>\n</html>\n',1,706,0,1,NULL),(5,'Contributions - Receipt (off-line)','{ts}Contribution Receipt{/ts}\n','{if $formValues.receipt_text}\n{$formValues.receipt_text}\n{else}{ts}Thanks for your support.{/ts}{/if}\n\n{ts}Please print this receipt for your records.{/ts}\n\n\n===========================================================\n{ts}Contribution Information{/ts}\n\n===========================================================\n{ts}Financial Type{/ts}: {$formValues.contributionType_name}\n{if $lineItem}\n{foreach from=$lineItem item=value key=priceset}\n---------------------------------------------------------\n{capture assign=ts_item}{ts}Item{/ts}{/capture}\n{capture assign=ts_qty}{ts}Qty{/ts}{/capture}\n{capture assign=ts_each}{ts}Each{/ts}{/capture}\n{capture assign=ts_total}{ts}Total{/ts}{/capture}\n{$ts_item|string_format:\"%-30s\"} {$ts_qty|string_format:\"%5s\"} {$ts_each|string_format:\"%10s\"} {$ts_total|string_format:\"%10s\"}\n----------------------------------------------------------\n{foreach from=$value item=line}\n{capture assign=ts_item}{if $line.html_type eq \'Text\'}{$line.label}{else}{$line.field_title} - {$line.label}{/if} {if $line.description} {$line.description}{/if}{/capture}{$ts_item|truncate:30:\"...\"|string_format:\"%-30s\"} {$line.qty|string_format:\"%5s\"} {$line.unit_price|crmMoney:$currency|string_format:\"%10s\"} {$line.line_total|crmMoney:$currency|string_format:\"%10s\"}\n{/foreach}\n{/foreach}\n{/if}\n\n{ts}Total Amount{/ts}: {$formValues.total_amount|crmMoney:$currency}\n{if $receive_date}\n{ts}Received Date{/ts}: {$receive_date|truncate:10:\'\'|crmDate}\n{/if}\n{if $receipt_date}\n{ts}Receipt Date{/ts}: {$receipt_date|truncate:10:\'\'|crmDate}\n{/if}\n{if $formValues.paidBy and !$formValues.hidden_CreditCard}\n{ts}Paid By{/ts}: {$formValues.paidBy}\n{if $formValues.check_number}\n{ts}Check Number{/ts}: {$formValues.check_number}\n{/if}\n{/if}\n{if $formValues.trxn_id}\n{ts}Transaction ID{/ts}: {$formValues.trxn_id}\n{/if}\n\n{if $ccContribution}\n===========================================================\n{ts}Billing Name and Address{/ts}\n\n===========================================================\n{$billingName}\n{$address}\n\n===========================================================\n{ts}Credit Card Information{/ts}\n\n===========================================================\n{$credit_card_type}\n{$credit_card_number}\n{ts}Expires{/ts}: {$credit_card_exp_date|truncate:7:\'\'|crmDate}\n{/if}\n{if $customGroup}\n{foreach from=$customGroup item=value key=customName}\n===========================================================\n{$customName}\n===========================================================\n{foreach from=$value item=v key=n}\n{$n}: {$v}\n{/foreach}\n{/foreach}\n{/if}\n\n{if $softCreditTypes and $softCredits}\n{foreach from=$softCreditTypes item=softCreditType key=n}\n===========================================================\n{$softCreditType}\n===========================================================\n{foreach from=$softCredits.$n item=value key=label}\n{$label}: {$value}\n{/foreach}\n{/foreach}\n{/if}\n\n{if $formValues.product_name}\n===========================================================\n{ts}Premium Information{/ts}\n\n===========================================================\n{$formValues.product_name}\n{if $formValues.product_option}\n{ts}Option{/ts}: {$formValues.product_option}\n{/if}\n{if $formValues.product_sku}\n{ts}SKU{/ts}: {$formValues.product_sku}\n{/if}\n{if $fulfilled_date}\n{ts}Sent{/ts}: {$fulfilled_date|crmDate}\n{/if}\n{/if}\n','<!DOCTYPE html PUBLIC \"-//W3C//DTD XHTML 1.0 Transitional//EN\" \"http://www.w3.org/TR/xhtml1/DTD/xhtml1-transitional.dtd\">\n<html xmlns=\"http://www.w3.org/1999/xhtml\">\n<head>\n <meta http-equiv=\"Content-Type\" content=\"text/html; charset=UTF-8\" />\n <title></title>\n</head>\n<body>\n\n{capture assign=headerStyle}colspan=\"2\" style=\"text-align: left; padding: 4px; border-bottom: 1px solid #999; background-color: #eee;\"{/capture}\n{capture assign=labelStyle }style=\"padding: 4px; border-bottom: 1px solid #999; background-color: #f7f7f7;\"{/capture}\n{capture assign=valueStyle }style=\"padding: 4px; border-bottom: 1px solid #999;\"{/capture}\n\n<center>\n <table width=\"620\" border=\"0\" cellpadding=\"0\" cellspacing=\"0\" id=\"crm-event_receipt\" style=\"font-family: Arial, Verdana, sans-serif; text-align: left;\">\n\n  <!-- BEGIN HEADER -->\n  <!-- You can add table row(s) here with logo or other header elements -->\n  <!-- END HEADER -->\n\n  <!-- BEGIN CONTENT -->\n\n  <tr>\n   <td>\n\n    {if $formValues.receipt_text}\n     <p>{$formValues.receipt_text|htmlize}</p>\n    {else}\n     <p>{ts}Thanks for your support.{/ts}</p>\n    {/if}\n\n    <p>{ts}Please print this receipt for your records.{/ts}</p>\n\n   </td>\n  </tr>\n  <tr>\n   <td>\n    <table style=\"border: 1px solid #999; margin: 1em 0em 1em; border-collapse: collapse; width:100%;\">\n     <tr>\n      <th {$headerStyle}>\n       {ts}Contribution Information{/ts}\n      </th>\n     </tr>\n     <tr>\n      <td {$labelStyle}>\n       {ts}Financial Type{/ts}\n      </td>\n      <td {$valueStyle}>\n       {$formValues.contributionType_name}\n      </td>\n     </tr>\n\n     {if $lineItem and !$is_quick_config}\n      {foreach from=$lineItem item=value key=priceset}\n       <tr>\n        <td colspan=\"2\" {$valueStyle}>\n         <table> {* FIXME: style this table so that it looks like the text version (justification, etc.) *}\n          <tr>\n           <th>{ts}Item{/ts}</th>\n           <th>{ts}Qty{/ts}</th>\n           <th>{ts}Each{/ts}</th>\n           <th>{ts}Total{/ts}</th>\n          </tr>\n          {foreach from=$value item=line}\n           <tr>\n            <td>\n            {if $line.html_type eq \'Text\'}{$line.label}{else}{$line.field_title} - {$line.label}{/if} {if $line.description}<div>{$line.description|truncate:30:\"...\"}</div>{/if}\n            </td>\n            <td>\n             {$line.qty}\n            </td>\n            <td>\n             {$line.unit_price|crmMoney:$currency}\n            </td>\n            <td>\n             {$line.line_total|crmMoney:$currency}\n            </td>\n           </tr>\n          {/foreach}\n         </table>\n        </td>\n       </tr>\n      {/foreach}\n     {/if}\n\n     <tr>\n      <td {$labelStyle}>\n       {ts}Total Amount{/ts}\n      </td>\n      <td {$valueStyle}>\n       {$formValues.total_amount|crmMoney:$currency}\n      </td>\n     </tr>\n\n     {if $receive_date}\n      <tr>\n       <td {$labelStyle}>\n        {ts}Received Date{/ts}\n       </td>\n       <td {$valueStyle}>\n        {$receive_date|truncate:10:\'\'|crmDate}\n       </td>\n      </tr>\n     {/if}\n\n      {if $receipt_date}\n      <tr>\n       <td {$labelStyle}>\n        {ts}Receipt Date{/ts}\n       </td>\n       <td {$valueStyle}>\n        {$receipt_date|truncate:10:\'\'|crmDate}\n       </td>\n      </tr>\n     {/if}\n\n     {if $formValues.paidBy and !$formValues.hidden_CreditCard}\n      <tr>\n       <td {$labelStyle}>\n        {ts}Paid By{/ts}\n       </td>\n       <td {$valueStyle}>\n        {$formValues.paidBy}\n       </td>\n      </tr>\n      {if $formValues.check_number}\n       <tr>\n        <td {$labelStyle}>\n         {ts}Check Number{/ts}\n        </td>\n        <td {$valueStyle}>\n         {$formValues.check_number}\n        </td>\n       </tr>\n      {/if}\n     {/if}\n\n     {if $formValues.trxn_id}\n      <tr>\n       <td {$labelStyle}>\n        {ts}Transaction ID{/ts}\n       </td>\n       <td {$valueStyle}>\n        {$formValues.trxn_id}\n       </td>\n      </tr>\n     {/if}\n\n     {if $ccContribution}\n      <tr>\n       <th {$headerStyle}>\n        {ts}Billing Name and Address{/ts}\n       </th>\n      </tr>\n      <tr>\n       <td colspan=\"2\" {$valueStyle}>\n        {$billingName}<br />\n        {$address|nl2br}\n       </td>\n      </tr>\n      <tr>\n       <th {$headerStyle}>\n        {ts}Credit Card Information{/ts}\n       </th>\n      </tr>\n      <tr>\n       <td colspan=\"2\" {$valueStyle}>\n        {$credit_card_type}<br />\n        {$credit_card_number}<br />\n        {ts}Expires{/ts}: {$credit_card_exp_date|truncate:7:\'\'|crmDate}\n       </td>\n      </tr>\n     {/if}\n\n     {if $softCreditTypes and $softCredits}\n      {foreach from=$softCreditTypes item=softCreditType key=n}\n       <tr>\n        <th {$headerStyle}>\n         {$softCreditType}\n        </th>\n       </tr>\n       {foreach from=$softCredits.$n item=value key=label}\n         <tr>\n          <td {$labelStyle}>\n           {$label}\n          </td>\n          <td {$valueStyle}>\n           {$value}\n          </td>\n         </tr>\n        {/foreach}\n       {/foreach}\n     {/if}\n\n     {if $customGroup}\n      {foreach from=$customGroup item=value key=customName}\n       <tr>\n        <th {$headerStyle}>\n         {$customName}\n        </th>\n       </tr>\n       {foreach from=$value item=v key=n}\n        <tr>\n         <td {$labelStyle}>\n          {$n}\n         </td>\n         <td {$valueStyle}>\n          {$v}\n         </td>\n        </tr>\n       {/foreach}\n      {/foreach}\n     {/if}\n\n     {if $formValues.product_name}\n      <tr>\n       <th {$headerStyle}>\n        {ts}Premium Information{/ts}\n       </th>\n      </tr>\n      <tr>\n       <td colspan=\"2\" {$labelStyle}>\n        {$formValues.product_name}\n       </td>\n      </tr>\n      {if $formValues.product_option}\n       <tr>\n        <td {$labelStyle}>\n         {ts}Option{/ts}\n        </td>\n        <td {$valueStyle}>\n         {$formValues.product_option}\n        </td>\n       </tr>\n      {/if}\n      {if $formValues.product_sku}\n       <tr>\n        <td {$labelStyle}>\n         {ts}SKU{/ts}\n        </td>\n        <td {$valueStyle}>\n         {$formValues.product_sku}\n        </td>\n       </tr>\n      {/if}\n      {if $fulfilled_date}\n       <tr>\n        <td {$labelStyle}>\n         {ts}Sent{/ts}\n        </td>\n        <td {$valueStyle}>\n         {$fulfilled_date|truncate:10:\'\'|crmDate}\n        </td>\n       </tr>\n      {/if}\n     {/if}\n\n    </table>\n   </td>\n  </tr>\n\n </table>\n</center>\n\n</body>\n</html>\n',1,707,1,0,NULL),(6,'Contributions - Receipt (off-line)','{ts}Contribution Receipt{/ts}\n','{if $formValues.receipt_text}\n{$formValues.receipt_text}\n{else}{ts}Thanks for your support.{/ts}{/if}\n\n{ts}Please print this receipt for your records.{/ts}\n\n\n===========================================================\n{ts}Contribution Information{/ts}\n\n===========================================================\n{ts}Financial Type{/ts}: {$formValues.contributionType_name}\n{if $lineItem}\n{foreach from=$lineItem item=value key=priceset}\n---------------------------------------------------------\n{capture assign=ts_item}{ts}Item{/ts}{/capture}\n{capture assign=ts_qty}{ts}Qty{/ts}{/capture}\n{capture assign=ts_each}{ts}Each{/ts}{/capture}\n{capture assign=ts_total}{ts}Total{/ts}{/capture}\n{$ts_item|string_format:\"%-30s\"} {$ts_qty|string_format:\"%5s\"} {$ts_each|string_format:\"%10s\"} {$ts_total|string_format:\"%10s\"}\n----------------------------------------------------------\n{foreach from=$value item=line}\n{capture assign=ts_item}{if $line.html_type eq \'Text\'}{$line.label}{else}{$line.field_title} - {$line.label}{/if} {if $line.description} {$line.description}{/if}{/capture}{$ts_item|truncate:30:\"...\"|string_format:\"%-30s\"} {$line.qty|string_format:\"%5s\"} {$line.unit_price|crmMoney:$currency|string_format:\"%10s\"} {$line.line_total|crmMoney:$currency|string_format:\"%10s\"}\n{/foreach}\n{/foreach}\n{/if}\n\n{ts}Total Amount{/ts}: {$formValues.total_amount|crmMoney:$currency}\n{if $receive_date}\n{ts}Received Date{/ts}: {$receive_date|truncate:10:\'\'|crmDate}\n{/if}\n{if $receipt_date}\n{ts}Receipt Date{/ts}: {$receipt_date|truncate:10:\'\'|crmDate}\n{/if}\n{if $formValues.paidBy and !$formValues.hidden_CreditCard}\n{ts}Paid By{/ts}: {$formValues.paidBy}\n{if $formValues.check_number}\n{ts}Check Number{/ts}: {$formValues.check_number}\n{/if}\n{/if}\n{if $formValues.trxn_id}\n{ts}Transaction ID{/ts}: {$formValues.trxn_id}\n{/if}\n\n{if $ccContribution}\n===========================================================\n{ts}Billing Name and Address{/ts}\n\n===========================================================\n{$billingName}\n{$address}\n\n===========================================================\n{ts}Credit Card Information{/ts}\n\n===========================================================\n{$credit_card_type}\n{$credit_card_number}\n{ts}Expires{/ts}: {$credit_card_exp_date|truncate:7:\'\'|crmDate}\n{/if}\n{if $customGroup}\n{foreach from=$customGroup item=value key=customName}\n===========================================================\n{$customName}\n===========================================================\n{foreach from=$value item=v key=n}\n{$n}: {$v}\n{/foreach}\n{/foreach}\n{/if}\n\n{if $softCreditTypes and $softCredits}\n{foreach from=$softCreditTypes item=softCreditType key=n}\n===========================================================\n{$softCreditType}\n===========================================================\n{foreach from=$softCredits.$n item=value key=label}\n{$label}: {$value}\n{/foreach}\n{/foreach}\n{/if}\n\n{if $formValues.product_name}\n===========================================================\n{ts}Premium Information{/ts}\n\n===========================================================\n{$formValues.product_name}\n{if $formValues.product_option}\n{ts}Option{/ts}: {$formValues.product_option}\n{/if}\n{if $formValues.product_sku}\n{ts}SKU{/ts}: {$formValues.product_sku}\n{/if}\n{if $fulfilled_date}\n{ts}Sent{/ts}: {$fulfilled_date|crmDate}\n{/if}\n{/if}\n','<!DOCTYPE html PUBLIC \"-//W3C//DTD XHTML 1.0 Transitional//EN\" \"http://www.w3.org/TR/xhtml1/DTD/xhtml1-transitional.dtd\">\n<html xmlns=\"http://www.w3.org/1999/xhtml\">\n<head>\n <meta http-equiv=\"Content-Type\" content=\"text/html; charset=UTF-8\" />\n <title></title>\n</head>\n<body>\n\n{capture assign=headerStyle}colspan=\"2\" style=\"text-align: left; padding: 4px; border-bottom: 1px solid #999; background-color: #eee;\"{/capture}\n{capture assign=labelStyle }style=\"padding: 4px; border-bottom: 1px solid #999; background-color: #f7f7f7;\"{/capture}\n{capture assign=valueStyle }style=\"padding: 4px; border-bottom: 1px solid #999;\"{/capture}\n\n<center>\n <table width=\"620\" border=\"0\" cellpadding=\"0\" cellspacing=\"0\" id=\"crm-event_receipt\" style=\"font-family: Arial, Verdana, sans-serif; text-align: left;\">\n\n  <!-- BEGIN HEADER -->\n  <!-- You can add table row(s) here with logo or other header elements -->\n  <!-- END HEADER -->\n\n  <!-- BEGIN CONTENT -->\n\n  <tr>\n   <td>\n\n    {if $formValues.receipt_text}\n     <p>{$formValues.receipt_text|htmlize}</p>\n    {else}\n     <p>{ts}Thanks for your support.{/ts}</p>\n    {/if}\n\n    <p>{ts}Please print this receipt for your records.{/ts}</p>\n\n   </td>\n  </tr>\n  <tr>\n   <td>\n    <table style=\"border: 1px solid #999; margin: 1em 0em 1em; border-collapse: collapse; width:100%;\">\n     <tr>\n      <th {$headerStyle}>\n       {ts}Contribution Information{/ts}\n      </th>\n     </tr>\n     <tr>\n      <td {$labelStyle}>\n       {ts}Financial Type{/ts}\n      </td>\n      <td {$valueStyle}>\n       {$formValues.contributionType_name}\n      </td>\n     </tr>\n\n     {if $lineItem and !$is_quick_config}\n      {foreach from=$lineItem item=value key=priceset}\n       <tr>\n        <td colspan=\"2\" {$valueStyle}>\n         <table> {* FIXME: style this table so that it looks like the text version (justification, etc.) *}\n          <tr>\n           <th>{ts}Item{/ts}</th>\n           <th>{ts}Qty{/ts}</th>\n           <th>{ts}Each{/ts}</th>\n           <th>{ts}Total{/ts}</th>\n          </tr>\n          {foreach from=$value item=line}\n           <tr>\n            <td>\n            {if $line.html_type eq \'Text\'}{$line.label}{else}{$line.field_title} - {$line.label}{/if} {if $line.description}<div>{$line.description|truncate:30:\"...\"}</div>{/if}\n            </td>\n            <td>\n             {$line.qty}\n            </td>\n            <td>\n             {$line.unit_price|crmMoney:$currency}\n            </td>\n            <td>\n             {$line.line_total|crmMoney:$currency}\n            </td>\n           </tr>\n          {/foreach}\n         </table>\n        </td>\n       </tr>\n      {/foreach}\n     {/if}\n\n     <tr>\n      <td {$labelStyle}>\n       {ts}Total Amount{/ts}\n      </td>\n      <td {$valueStyle}>\n       {$formValues.total_amount|crmMoney:$currency}\n      </td>\n     </tr>\n\n     {if $receive_date}\n      <tr>\n       <td {$labelStyle}>\n        {ts}Received Date{/ts}\n       </td>\n       <td {$valueStyle}>\n        {$receive_date|truncate:10:\'\'|crmDate}\n       </td>\n      </tr>\n     {/if}\n\n      {if $receipt_date}\n      <tr>\n       <td {$labelStyle}>\n        {ts}Receipt Date{/ts}\n       </td>\n       <td {$valueStyle}>\n        {$receipt_date|truncate:10:\'\'|crmDate}\n       </td>\n      </tr>\n     {/if}\n\n     {if $formValues.paidBy and !$formValues.hidden_CreditCard}\n      <tr>\n       <td {$labelStyle}>\n        {ts}Paid By{/ts}\n       </td>\n       <td {$valueStyle}>\n        {$formValues.paidBy}\n       </td>\n      </tr>\n      {if $formValues.check_number}\n       <tr>\n        <td {$labelStyle}>\n         {ts}Check Number{/ts}\n        </td>\n        <td {$valueStyle}>\n         {$formValues.check_number}\n        </td>\n       </tr>\n      {/if}\n     {/if}\n\n     {if $formValues.trxn_id}\n      <tr>\n       <td {$labelStyle}>\n        {ts}Transaction ID{/ts}\n       </td>\n       <td {$valueStyle}>\n        {$formValues.trxn_id}\n       </td>\n      </tr>\n     {/if}\n\n     {if $ccContribution}\n      <tr>\n       <th {$headerStyle}>\n        {ts}Billing Name and Address{/ts}\n       </th>\n      </tr>\n      <tr>\n       <td colspan=\"2\" {$valueStyle}>\n        {$billingName}<br />\n        {$address|nl2br}\n       </td>\n      </tr>\n      <tr>\n       <th {$headerStyle}>\n        {ts}Credit Card Information{/ts}\n       </th>\n      </tr>\n      <tr>\n       <td colspan=\"2\" {$valueStyle}>\n        {$credit_card_type}<br />\n        {$credit_card_number}<br />\n        {ts}Expires{/ts}: {$credit_card_exp_date|truncate:7:\'\'|crmDate}\n       </td>\n      </tr>\n     {/if}\n\n     {if $softCreditTypes and $softCredits}\n      {foreach from=$softCreditTypes item=softCreditType key=n}\n       <tr>\n        <th {$headerStyle}>\n         {$softCreditType}\n        </th>\n       </tr>\n       {foreach from=$softCredits.$n item=value key=label}\n         <tr>\n          <td {$labelStyle}>\n           {$label}\n          </td>\n          <td {$valueStyle}>\n           {$value}\n          </td>\n         </tr>\n        {/foreach}\n       {/foreach}\n     {/if}\n\n     {if $customGroup}\n      {foreach from=$customGroup item=value key=customName}\n       <tr>\n        <th {$headerStyle}>\n         {$customName}\n        </th>\n       </tr>\n       {foreach from=$value item=v key=n}\n        <tr>\n         <td {$labelStyle}>\n          {$n}\n         </td>\n         <td {$valueStyle}>\n          {$v}\n         </td>\n        </tr>\n       {/foreach}\n      {/foreach}\n     {/if}\n\n     {if $formValues.product_name}\n      <tr>\n       <th {$headerStyle}>\n        {ts}Premium Information{/ts}\n       </th>\n      </tr>\n      <tr>\n       <td colspan=\"2\" {$labelStyle}>\n        {$formValues.product_name}\n       </td>\n      </tr>\n      {if $formValues.product_option}\n       <tr>\n        <td {$labelStyle}>\n         {ts}Option{/ts}\n        </td>\n        <td {$valueStyle}>\n         {$formValues.product_option}\n        </td>\n       </tr>\n      {/if}\n      {if $formValues.product_sku}\n       <tr>\n        <td {$labelStyle}>\n         {ts}SKU{/ts}\n        </td>\n        <td {$valueStyle}>\n         {$formValues.product_sku}\n        </td>\n       </tr>\n      {/if}\n      {if $fulfilled_date}\n       <tr>\n        <td {$labelStyle}>\n         {ts}Sent{/ts}\n        </td>\n        <td {$valueStyle}>\n         {$fulfilled_date|truncate:10:\'\'|crmDate}\n        </td>\n       </tr>\n      {/if}\n     {/if}\n\n    </table>\n   </td>\n  </tr>\n\n </table>\n</center>\n\n</body>\n</html>\n',1,707,0,1,NULL),(7,'Contributions - Receipt (on-line)','{if $is_pay_later}{ts}Invoice{/ts}{else}{ts}Receipt{/ts}{/if} - {$title}\n','{if $receipt_text}\n{$receipt_text}\n{/if}\n{if $is_pay_later}\n\n===========================================================\n{$pay_later_receipt}\n===========================================================\n{else}\n\n{ts}Please print this receipt for your records.{/ts}\n{/if}\n\n{if $amount}\n===========================================================\n{ts}Contribution Information{/ts}\n\n===========================================================\n{if $lineItem and $priceSetID and !$is_quick_config}\n{foreach from=$lineItem item=value key=priceset}\n---------------------------------------------------------\n{capture assign=ts_item}{ts}Item{/ts}{/capture}\n{capture assign=ts_qty}{ts}Qty{/ts}{/capture}\n{capture assign=ts_each}{ts}Each{/ts}{/capture}\n{capture assign=ts_total}{ts}Total{/ts}{/capture}\n{$ts_item|string_format:\"%-30s\"} {$ts_qty|string_format:\"%5s\"} {$ts_each|string_format:\"%10s\"} {$ts_total|string_format:\"%10s\"}\n----------------------------------------------------------\n{foreach from=$value item=line}\n{capture assign=ts_item}{if $line.html_type eq \'Text\'}{$line.label}{else}{$line.field_title} - {$line.label}{/if} {if $line.description} {$line.description}{/if}{/capture}{$ts_item|truncate:30:\"...\"|string_format:\"%-30s\"} {$line.qty|string_format:\"%5s\"} {$line.unit_price|crmMoney:$currency|string_format:\"%10s\"} {$line.line_total|crmMoney:$currency|string_format:\"%10s\"}\n{/foreach}\n{/foreach}\n\n{ts}Total Amount{/ts}: {$amount|crmMoney:$currency}\n{else}\n{ts}Amount{/ts}: {$amount|crmMoney:$currency} {if $amount_level } - {$amount_level} {/if}\n{/if}\n{/if}\n{if $receive_date}\n\n{ts}Date{/ts}: {$receive_date|crmDate}\n{/if}\n{if $is_monetary and $trxn_id}\n{ts}Transaction #{/ts}: {$trxn_id}\n{/if}\n\n{if $is_recur and ($contributeMode eq \'notify\' or $contributeMode eq \'directIPN\')}\n{ts}This is a recurring contribution. You can cancel future contributions at:{/ts}\n\n{$cancelSubscriptionUrl}\n\n{if $updateSubscriptionBillingUrl}\n{ts}You can update billing details for this recurring contribution at:{/ts}\n\n{$updateSubscriptionBillingUrl}\n\n{/if}\n{ts}You can update recurring contribution amount or change the number of installments for this recurring contribution at:{/ts}\n\n{$updateSubscriptionUrl}\n\n{/if}\n\n{if $honor_block_is_active}\n===========================================================\n{$soft_credit_type}\n===========================================================\n{foreach from=$honoreeProfile item=value key=label}\n{$label}: {$value}\n{/foreach}\n{elseif $softCreditTypes and $softCredits}\n{foreach from=$softCreditTypes item=softCreditType key=n}\n===========================================================\n{$softCreditType}\n===========================================================\n{foreach from=$softCredits.$n item=value key=label}\n{$label}: {$value}\n{/foreach}\n{/foreach}\n{/if}\n{if $pcpBlock}\n===========================================================\n{ts}Personal Campaign Page{/ts}\n\n===========================================================\n{ts}Display In Honor Roll{/ts}: {if $pcp_display_in_roll}{ts}Yes{/ts}{else}{ts}No{/ts}{/if}\n\n{if $pcp_roll_nickname}{ts}Nickname{/ts}: {$pcp_roll_nickname}{/if}\n\n{if $pcp_personal_note}{ts}Personal Note{/ts}: {$pcp_personal_note}{/if}\n\n{/if}\n{if $onBehalfProfile}\n===========================================================\n{ts}On Behalf Of{/ts}\n\n===========================================================\n{foreach from=$onBehalfProfile item=onBehalfValue key=onBehalfName}\n{$onBehalfName}: {$onBehalfValue}\n{/foreach}\n{/if}\n\n{if !( $contributeMode eq \'notify\' OR $contributeMode eq \'directIPN\' ) and $is_monetary}\n{if $is_pay_later}\n===========================================================\n{ts}Registered Email{/ts}\n\n===========================================================\n{$email}\n{elseif $amount GT 0}\n===========================================================\n{ts}Billing Name and Address{/ts}\n\n===========================================================\n{$billingName}\n{$address}\n\n{$email}\n{/if} {* End ! is_pay_later condition. *}\n{/if}\n{if $contributeMode eq \'direct\' AND !$is_pay_later AND $amount GT 0}\n\n===========================================================\n{ts}Credit Card Information{/ts}\n\n===========================================================\n{$credit_card_type}\n{$credit_card_number}\n{ts}Expires{/ts}: {$credit_card_exp_date|truncate:7:\'\'|crmDate}\n{/if}\n\n{if $selectPremium }\n===========================================================\n{ts}Premium Information{/ts}\n\n===========================================================\n{$product_name}\n{if $option}\n{ts}Option{/ts}: {$option}\n{/if}\n{if $sku}\n{ts}SKU{/ts}: {$sku}\n{/if}\n{if $start_date}\n{ts}Start Date{/ts}: {$start_date|crmDate}\n{/if}\n{if $end_date}\n{ts}End Date{/ts}: {$end_date|crmDate}\n{/if}\n{if $contact_email OR $contact_phone}\n\n{ts}For information about this premium, contact:{/ts}\n\n{if $contact_email}\n  {$contact_email}\n{/if}\n{if $contact_phone}\n  {$contact_phone}\n{/if}\n{/if}\n{if $is_deductible AND $price}\n\n{ts 1=$price|crmMoney:$currency}The value of this premium is %1. This may affect the amount of the tax deduction you can claim. Consult your tax advisor for more information.{/ts}{/if}\n{/if}\n\n{if $customPre}\n===========================================================\n{$customPre_grouptitle}\n\n===========================================================\n{foreach from=$customPre item=customValue key=customName}\n{if ( $trackingFields and ! in_array( $customName, $trackingFields ) ) or ! $trackingFields}\n {$customName}: {$customValue}\n{/if}\n{/foreach}\n{/if}\n\n\n{if $customPost}\n===========================================================\n{$customPost_grouptitle}\n\n===========================================================\n{foreach from=$customPost item=customValue key=customName}\n{if ( $trackingFields and ! in_array( $customName, $trackingFields ) ) or ! $trackingFields}\n {$customName}: {$customValue}\n{/if}\n{/foreach}\n{/if}\n','<!DOCTYPE html PUBLIC \"-//W3C//DTD XHTML 1.0 Transitional//EN\" \"http://www.w3.org/TR/xhtml1/DTD/xhtml1-transitional.dtd\">\n<html xmlns=\"http://www.w3.org/1999/xhtml\">\n<head>\n <meta http-equiv=\"Content-Type\" content=\"text/html; charset=UTF-8\" />\n <title></title>\n</head>\n<body>\n\n{capture assign=headerStyle}colspan=\"2\" style=\"text-align: left; padding: 4px; border-bottom: 1px solid #999; background-color: #eee;\"{/capture}\n{capture assign=labelStyle }style=\"padding: 4px; border-bottom: 1px solid #999; background-color: #f7f7f7;\"{/capture}\n{capture assign=valueStyle }style=\"padding: 4px; border-bottom: 1px solid #999;\"{/capture}\n\n<center>\n <table width=\"500\" border=\"0\" cellpadding=\"0\" cellspacing=\"0\" id=\"crm-event_receipt\" style=\"font-family: Arial, Verdana, sans-serif; text-align: left;\">\n\n  <!-- BEGIN HEADER -->\n  <!-- You can add table row(s) here with logo or other header elements -->\n  <!-- END HEADER -->\n\n  <!-- BEGIN CONTENT -->\n\n  <tr>\n   <td>\n\n    {if $receipt_text}\n     <p>{$receipt_text|htmlize}</p>\n    {/if}\n\n    {if $is_pay_later}\n     <p>{$pay_later_receipt}</p> {* FIXME: this might be text rather than HTML *}\n    {else}\n     <p>{ts}Please print this confirmation for your records.{/ts}</p>\n    {/if}\n\n   </td>\n  </tr>\n  </table>\n  <table width=\"500\" style=\"border: 1px solid #999; margin: 1em 0em 1em; border-collapse: collapse;\">\n\n     {if $amount}\n\n\n      <tr>\n       <th {$headerStyle}>\n        {ts}Contribution Information{/ts}\n       </th>\n      </tr>\n\n      {if $lineItem and $priceSetID and !$is_quick_config}\n\n       {foreach from=$lineItem item=value key=priceset}\n        <tr>\n         <td colspan=\"2\" {$valueStyle}>\n          <table> {* FIXME: style this table so that it looks like the text version (justification, etc.) *}\n           <tr>\n            <th>{ts}Item{/ts}</th>\n            <th>{ts}Qty{/ts}</th>\n            <th>{ts}Each{/ts}</th>\n            <th>{ts}Total{/ts}</th>\n           </tr>\n           {foreach from=$value item=line}\n            <tr>\n             <td>\n             {if $line.html_type eq \'Text\'}{$line.label}{else}{$line.field_title} - {$line.label}{/if} {if $line.description}<div>{$line.description|truncate:30:\"...\"}</div>{/if}\n             </td>\n             <td>\n              {$line.qty}\n             </td>\n             <td>\n              {$line.unit_price|crmMoney:$currency}\n             </td>\n             <td>\n              {$line.line_total|crmMoney:$currency}\n             </td>\n            </tr>\n           {/foreach}\n          </table>\n         </td>\n        </tr>\n       {/foreach}\n       <tr>\n        <td {$labelStyle}>\n         {ts}Total Amount{/ts}\n        </td>\n        <td {$valueStyle}>\n         {$amount|crmMoney:$currency}\n        </td>\n       </tr>\n\n      {else}\n\n       <tr>\n        <td {$labelStyle}>\n         {ts}Amount{/ts}\n        </td>\n        <td {$valueStyle}>\n         {$amount|crmMoney:$currency} {if $amount_level} - {$amount_level}{/if}\n        </td>\n       </tr>\n\n      {/if}\n\n     {/if}\n\n\n     {if $receive_date}\n      <tr>\n       <td {$labelStyle}>\n        {ts}Date{/ts}\n       </td>\n       <td {$valueStyle}>\n        {$receive_date|crmDate}\n       </td>\n      </tr>\n     {/if}\n\n     {if $is_monetary and $trxn_id}\n      <tr>\n       <td {$labelStyle}>\n        {ts}Transaction #{/ts}\n       </td>\n       <td {$valueStyle}>\n        {$trxn_id}\n       </td>\n      </tr>\n     {/if}\n\n     {if $is_recur}\n      {if $contributeMode eq \'notify\' or $contributeMode eq \'directIPN\'}\n       <tr>\n        <td  colspan=\"2\" {$labelStyle}>\n         {ts 1=$cancelSubscriptionUrl}This is a recurring contribution. You can cancel future contributions by <a href=\"%1\">visiting this web page</a>.{/ts}\n        </td>\n        {if $updateSubscriptionBillingUrl}\n         <tr>\n         </tr>\n         <td colspan=\"2\" {$labelStyle}>\n          {ts 1=$updateSubscriptionBillingUrl}You can update billing details for this recurring contribution by <a href=\"%1\">visiting this web page</a>.{/ts}\n         </td>\n        {/if}\n       <tr>\n       </tr>\n        <td colspan=\"2\" {$labelStyle}>\n         {ts 1=$updateSubscriptionUrl}You can update recurring contribution amount or change the number of installments for this recurring contribution by <a href=\"%1\">visiting this web page</a>.{/ts}\n        </td>\n       </tr>\n      {/if}\n     {/if}\n\n     {if $honor_block_is_active}\n      <tr>\n       <th {$headerStyle}>\n        {$soft_credit_type}\n       </th>\n      </tr>\n      {foreach from=$honoreeProfile item=value key=label}\n        <tr>\n         <td {$labelStyle}>\n          {$label}\n         </td>\n         <td {$valueStyle}>\n          {$value}\n         </td>\n        </tr>\n      {/foreach}\n      {elseif $softCreditTypes and $softCredits}\n      {foreach from=$softCreditTypes item=softCreditType key=n}\n       <tr>\n        <th {$headerStyle}>\n         {$softCreditType}\n        </th>\n       </tr>\n       {foreach from=$softCredits.$n item=value key=label}\n         <tr>\n          <td {$labelStyle}>\n           {$label}\n          </td>\n          <td {$valueStyle}>\n           {$value}\n          </td>\n         </tr>\n        {/foreach}\n       {/foreach}\n     {/if}\n\n     {if $pcpBlock}\n      <tr>\n       <th {$headerStyle}>\n        {ts}Personal Campaign Page{/ts}\n       </th>\n      </tr>\n      <tr>\n       <td {$labelStyle}>\n        {ts}Display In Honor Roll{/ts}\n       </td>\n       <td {$valueStyle}>\n        {if $pcp_display_in_roll}{ts}Yes{/ts}{else}{ts}No{/ts}{/if}\n       </td>\n      </tr>\n      {if $pcp_roll_nickname}\n       <tr>\n        <td {$labelStyle}>\n         {ts}Nickname{/ts}\n        </td>\n        <td {$valueStyle}>\n         {$pcp_roll_nickname}\n        </td>\n       </tr>\n      {/if}\n      {if $pcp_personal_note}\n       <tr>\n        <td {$labelStyle}>\n         {ts}Personal Note{/ts}\n        </td>\n        <td {$valueStyle}>\n         {$pcp_personal_note}\n        </td>\n       </tr>\n      {/if}\n     {/if}\n\n     {if $onBehalfProfile}\n      <tr>\n       <th {$headerStyle}>\n        {$onBehalfProfile_grouptitle}\n       </th>\n      </tr>\n      {foreach from=$onBehalfProfile item=onBehalfValue key=onBehalfName}\n        <tr>\n         <td {$labelStyle}>\n          {$onBehalfName}\n         </td>\n         <td {$valueStyle}>\n          {$onBehalfValue}\n         </td>\n        </tr>\n      {/foreach}\n     {/if}\n\n     {if $isShare}\n      <tr>\n        <td colspan=\"2\" {$valueStyle}>\n            {capture assign=contributionUrl}{crmURL p=\'civicrm/contribute/transact\' q=\"reset=1&id=`$contributionPageId`\" a=true fe=1 h=1}{/capture}\n            {include file=\"CRM/common/SocialNetwork.tpl\" emailMode=true url=$contributionUrl title=$title pageURL=$contributionUrl}\n        </td>\n      </tr>\n     {/if}\n\n     {if ! ($contributeMode eq \'notify\' OR $contributeMode eq \'directIPN\') and $is_monetary}\n      {if $is_pay_later}\n       <tr>\n        <th {$headerStyle}>\n         {ts}Registered Email{/ts}\n        </th>\n       </tr>\n       <tr>\n        <td colspan=\"2\" {$valueStyle}>\n         {$email}\n        </td>\n       </tr>\n      {elseif $amount GT 0}\n       <tr>\n        <th {$headerStyle}>\n         {ts}Billing Name and Address{/ts}\n        </th>\n       </tr>\n       <tr>\n        <td colspan=\"2\" {$valueStyle}>\n         {$billingName}<br />\n         {$address|nl2br}<br />\n         {$email}\n        </td>\n       </tr>\n      {/if}\n     {/if}\n\n     {if $contributeMode eq \'direct\' AND !$is_pay_later AND $amount GT 0}\n      <tr>\n       <th {$headerStyle}>\n        {ts}Credit Card Information{/ts}\n       </th>\n      </tr>\n      <tr>\n       <td colspan=\"2\" {$valueStyle}>\n        {$credit_card_type}<br />\n        {$credit_card_number}<br />\n        {ts}Expires{/ts}: {$credit_card_exp_date|truncate:7:\'\'|crmDate}<br />\n       </td>\n      </tr>\n     {/if}\n\n     {if $selectPremium}\n      <tr>\n       <th {$headerStyle}>\n        {ts}Premium Information{/ts}\n       </th>\n      </tr>\n      <tr>\n       <td colspan=\"2\" {$labelStyle}>\n        {$product_name}\n       </td>\n      </tr>\n      {if $option}\n       <tr>\n        <td {$labelStyle}>\n         {ts}Option{/ts}\n        </td>\n        <td {$valueStyle}>\n         {$option}\n        </td>\n       </tr>\n      {/if}\n      {if $sku}\n       <tr>\n        <td {$labelStyle}>\n         {ts}SKU{/ts}\n        </td>\n        <td {$valueStyle}>\n         {$sku}\n        </td>\n       </tr>\n      {/if}\n      {if $start_date}\n       <tr>\n        <td {$labelStyle}>\n         {ts}Start Date{/ts}\n        </td>\n        <td {$valueStyle}>\n         {$start_date|crmDate}\n        </td>\n       </tr>\n      {/if}\n      {if $end_date}\n       <tr>\n        <td {$labelStyle}>\n         {ts}End Date{/ts}\n        </td>\n        <td {$valueStyle}>\n         {$end_date|crmDate}\n        </td>\n       </tr>\n      {/if}\n      {if $contact_email OR $contact_phone}\n       <tr>\n        <td colspan=\"2\" {$valueStyle}>\n         <p>{ts}For information about this premium, contact:{/ts}</p>\n         {if $contact_email}\n          <p>{$contact_email}</p>\n         {/if}\n         {if $contact_phone}\n          <p>{$contact_phone}</p>\n         {/if}\n        </td>\n       </tr>\n      {/if}\n      {if $is_deductible AND $price}\n        <tr>\n         <td colspan=\"2\" {$valueStyle}>\n          <p>{ts 1=$price|crmMoney:$currency}The value of this premium is %1. This may affect the amount of the tax deduction you can claim. Consult your tax advisor for more information.{/ts}</p>\n         </td>\n        </tr>\n      {/if}\n     {/if}\n\n     {if $customPre}\n      <tr>\n       <th {$headerStyle}>\n        {$customPre_grouptitle}\n       </th>\n      </tr>\n      {foreach from=$customPre item=customValue key=customName}\n       {if ($trackingFields and ! in_array($customName, $trackingFields)) or ! $trackingFields}\n        <tr>\n         <td {$labelStyle}>\n          {$customName}\n         </td>\n         <td {$valueStyle}>\n          {$customValue}\n         </td>\n        </tr>\n       {/if}\n      {/foreach}\n     {/if}\n\n     {if $customPost}\n      <tr>\n       <th {$headerStyle}>\n        {$customPost_grouptitle}\n       </th>\n      </tr>\n      {foreach from=$customPost item=customValue key=customName}\n       {if ($trackingFields and ! in_array($customName, $trackingFields)) or ! $trackingFields}\n        <tr>\n         <td {$labelStyle}>\n          {$customName}\n         </td>\n         <td {$valueStyle}>\n          {$customValue}\n         </td>\n        </tr>\n       {/if}\n      {/foreach}\n     {/if}\n\n  </table>\n</center>\n\n</body>\n</html>\n',1,708,1,0,NULL),(8,'Contributions - Receipt (on-line)','{if $is_pay_later}{ts}Invoice{/ts}{else}{ts}Receipt{/ts}{/if} - {$title}\n','{if $receipt_text}\n{$receipt_text}\n{/if}\n{if $is_pay_later}\n\n===========================================================\n{$pay_later_receipt}\n===========================================================\n{else}\n\n{ts}Please print this receipt for your records.{/ts}\n{/if}\n\n{if $amount}\n===========================================================\n{ts}Contribution Information{/ts}\n\n===========================================================\n{if $lineItem and $priceSetID and !$is_quick_config}\n{foreach from=$lineItem item=value key=priceset}\n---------------------------------------------------------\n{capture assign=ts_item}{ts}Item{/ts}{/capture}\n{capture assign=ts_qty}{ts}Qty{/ts}{/capture}\n{capture assign=ts_each}{ts}Each{/ts}{/capture}\n{capture assign=ts_total}{ts}Total{/ts}{/capture}\n{$ts_item|string_format:\"%-30s\"} {$ts_qty|string_format:\"%5s\"} {$ts_each|string_format:\"%10s\"} {$ts_total|string_format:\"%10s\"}\n----------------------------------------------------------\n{foreach from=$value item=line}\n{capture assign=ts_item}{if $line.html_type eq \'Text\'}{$line.label}{else}{$line.field_title} - {$line.label}{/if} {if $line.description} {$line.description}{/if}{/capture}{$ts_item|truncate:30:\"...\"|string_format:\"%-30s\"} {$line.qty|string_format:\"%5s\"} {$line.unit_price|crmMoney:$currency|string_format:\"%10s\"} {$line.line_total|crmMoney:$currency|string_format:\"%10s\"}\n{/foreach}\n{/foreach}\n\n{ts}Total Amount{/ts}: {$amount|crmMoney:$currency}\n{else}\n{ts}Amount{/ts}: {$amount|crmMoney:$currency} {if $amount_level } - {$amount_level} {/if}\n{/if}\n{/if}\n{if $receive_date}\n\n{ts}Date{/ts}: {$receive_date|crmDate}\n{/if}\n{if $is_monetary and $trxn_id}\n{ts}Transaction #{/ts}: {$trxn_id}\n{/if}\n\n{if $is_recur and ($contributeMode eq \'notify\' or $contributeMode eq \'directIPN\')}\n{ts}This is a recurring contribution. You can cancel future contributions at:{/ts}\n\n{$cancelSubscriptionUrl}\n\n{if $updateSubscriptionBillingUrl}\n{ts}You can update billing details for this recurring contribution at:{/ts}\n\n{$updateSubscriptionBillingUrl}\n\n{/if}\n{ts}You can update recurring contribution amount or change the number of installments for this recurring contribution at:{/ts}\n\n{$updateSubscriptionUrl}\n\n{/if}\n\n{if $honor_block_is_active}\n===========================================================\n{$soft_credit_type}\n===========================================================\n{foreach from=$honoreeProfile item=value key=label}\n{$label}: {$value}\n{/foreach}\n{elseif $softCreditTypes and $softCredits}\n{foreach from=$softCreditTypes item=softCreditType key=n}\n===========================================================\n{$softCreditType}\n===========================================================\n{foreach from=$softCredits.$n item=value key=label}\n{$label}: {$value}\n{/foreach}\n{/foreach}\n{/if}\n{if $pcpBlock}\n===========================================================\n{ts}Personal Campaign Page{/ts}\n\n===========================================================\n{ts}Display In Honor Roll{/ts}: {if $pcp_display_in_roll}{ts}Yes{/ts}{else}{ts}No{/ts}{/if}\n\n{if $pcp_roll_nickname}{ts}Nickname{/ts}: {$pcp_roll_nickname}{/if}\n\n{if $pcp_personal_note}{ts}Personal Note{/ts}: {$pcp_personal_note}{/if}\n\n{/if}\n{if $onBehalfProfile}\n===========================================================\n{ts}On Behalf Of{/ts}\n\n===========================================================\n{foreach from=$onBehalfProfile item=onBehalfValue key=onBehalfName}\n{$onBehalfName}: {$onBehalfValue}\n{/foreach}\n{/if}\n\n{if !( $contributeMode eq \'notify\' OR $contributeMode eq \'directIPN\' ) and $is_monetary}\n{if $is_pay_later}\n===========================================================\n{ts}Registered Email{/ts}\n\n===========================================================\n{$email}\n{elseif $amount GT 0}\n===========================================================\n{ts}Billing Name and Address{/ts}\n\n===========================================================\n{$billingName}\n{$address}\n\n{$email}\n{/if} {* End ! is_pay_later condition. *}\n{/if}\n{if $contributeMode eq \'direct\' AND !$is_pay_later AND $amount GT 0}\n\n===========================================================\n{ts}Credit Card Information{/ts}\n\n===========================================================\n{$credit_card_type}\n{$credit_card_number}\n{ts}Expires{/ts}: {$credit_card_exp_date|truncate:7:\'\'|crmDate}\n{/if}\n\n{if $selectPremium }\n===========================================================\n{ts}Premium Information{/ts}\n\n===========================================================\n{$product_name}\n{if $option}\n{ts}Option{/ts}: {$option}\n{/if}\n{if $sku}\n{ts}SKU{/ts}: {$sku}\n{/if}\n{if $start_date}\n{ts}Start Date{/ts}: {$start_date|crmDate}\n{/if}\n{if $end_date}\n{ts}End Date{/ts}: {$end_date|crmDate}\n{/if}\n{if $contact_email OR $contact_phone}\n\n{ts}For information about this premium, contact:{/ts}\n\n{if $contact_email}\n  {$contact_email}\n{/if}\n{if $contact_phone}\n  {$contact_phone}\n{/if}\n{/if}\n{if $is_deductible AND $price}\n\n{ts 1=$price|crmMoney:$currency}The value of this premium is %1. This may affect the amount of the tax deduction you can claim. Consult your tax advisor for more information.{/ts}{/if}\n{/if}\n\n{if $customPre}\n===========================================================\n{$customPre_grouptitle}\n\n===========================================================\n{foreach from=$customPre item=customValue key=customName}\n{if ( $trackingFields and ! in_array( $customName, $trackingFields ) ) or ! $trackingFields}\n {$customName}: {$customValue}\n{/if}\n{/foreach}\n{/if}\n\n\n{if $customPost}\n===========================================================\n{$customPost_grouptitle}\n\n===========================================================\n{foreach from=$customPost item=customValue key=customName}\n{if ( $trackingFields and ! in_array( $customName, $trackingFields ) ) or ! $trackingFields}\n {$customName}: {$customValue}\n{/if}\n{/foreach}\n{/if}\n','<!DOCTYPE html PUBLIC \"-//W3C//DTD XHTML 1.0 Transitional//EN\" \"http://www.w3.org/TR/xhtml1/DTD/xhtml1-transitional.dtd\">\n<html xmlns=\"http://www.w3.org/1999/xhtml\">\n<head>\n <meta http-equiv=\"Content-Type\" content=\"text/html; charset=UTF-8\" />\n <title></title>\n</head>\n<body>\n\n{capture assign=headerStyle}colspan=\"2\" style=\"text-align: left; padding: 4px; border-bottom: 1px solid #999; background-color: #eee;\"{/capture}\n{capture assign=labelStyle }style=\"padding: 4px; border-bottom: 1px solid #999; background-color: #f7f7f7;\"{/capture}\n{capture assign=valueStyle }style=\"padding: 4px; border-bottom: 1px solid #999;\"{/capture}\n\n<center>\n <table width=\"500\" border=\"0\" cellpadding=\"0\" cellspacing=\"0\" id=\"crm-event_receipt\" style=\"font-family: Arial, Verdana, sans-serif; text-align: left;\">\n\n  <!-- BEGIN HEADER -->\n  <!-- You can add table row(s) here with logo or other header elements -->\n  <!-- END HEADER -->\n\n  <!-- BEGIN CONTENT -->\n\n  <tr>\n   <td>\n\n    {if $receipt_text}\n     <p>{$receipt_text|htmlize}</p>\n    {/if}\n\n    {if $is_pay_later}\n     <p>{$pay_later_receipt}</p> {* FIXME: this might be text rather than HTML *}\n    {else}\n     <p>{ts}Please print this confirmation for your records.{/ts}</p>\n    {/if}\n\n   </td>\n  </tr>\n  </table>\n  <table width=\"500\" style=\"border: 1px solid #999; margin: 1em 0em 1em; border-collapse: collapse;\">\n\n     {if $amount}\n\n\n      <tr>\n       <th {$headerStyle}>\n        {ts}Contribution Information{/ts}\n       </th>\n      </tr>\n\n      {if $lineItem and $priceSetID and !$is_quick_config}\n\n       {foreach from=$lineItem item=value key=priceset}\n        <tr>\n         <td colspan=\"2\" {$valueStyle}>\n          <table> {* FIXME: style this table so that it looks like the text version (justification, etc.) *}\n           <tr>\n            <th>{ts}Item{/ts}</th>\n            <th>{ts}Qty{/ts}</th>\n            <th>{ts}Each{/ts}</th>\n            <th>{ts}Total{/ts}</th>\n           </tr>\n           {foreach from=$value item=line}\n            <tr>\n             <td>\n             {if $line.html_type eq \'Text\'}{$line.label}{else}{$line.field_title} - {$line.label}{/if} {if $line.description}<div>{$line.description|truncate:30:\"...\"}</div>{/if}\n             </td>\n             <td>\n              {$line.qty}\n             </td>\n             <td>\n              {$line.unit_price|crmMoney:$currency}\n             </td>\n             <td>\n              {$line.line_total|crmMoney:$currency}\n             </td>\n            </tr>\n           {/foreach}\n          </table>\n         </td>\n        </tr>\n       {/foreach}\n       <tr>\n        <td {$labelStyle}>\n         {ts}Total Amount{/ts}\n        </td>\n        <td {$valueStyle}>\n         {$amount|crmMoney:$currency}\n        </td>\n       </tr>\n\n      {else}\n\n       <tr>\n        <td {$labelStyle}>\n         {ts}Amount{/ts}\n        </td>\n        <td {$valueStyle}>\n         {$amount|crmMoney:$currency} {if $amount_level} - {$amount_level}{/if}\n        </td>\n       </tr>\n\n      {/if}\n\n     {/if}\n\n\n     {if $receive_date}\n      <tr>\n       <td {$labelStyle}>\n        {ts}Date{/ts}\n       </td>\n       <td {$valueStyle}>\n        {$receive_date|crmDate}\n       </td>\n      </tr>\n     {/if}\n\n     {if $is_monetary and $trxn_id}\n      <tr>\n       <td {$labelStyle}>\n        {ts}Transaction #{/ts}\n       </td>\n       <td {$valueStyle}>\n        {$trxn_id}\n       </td>\n      </tr>\n     {/if}\n\n     {if $is_recur}\n      {if $contributeMode eq \'notify\' or $contributeMode eq \'directIPN\'}\n       <tr>\n        <td  colspan=\"2\" {$labelStyle}>\n         {ts 1=$cancelSubscriptionUrl}This is a recurring contribution. You can cancel future contributions by <a href=\"%1\">visiting this web page</a>.{/ts}\n        </td>\n        {if $updateSubscriptionBillingUrl}\n         <tr>\n         </tr>\n         <td colspan=\"2\" {$labelStyle}>\n          {ts 1=$updateSubscriptionBillingUrl}You can update billing details for this recurring contribution by <a href=\"%1\">visiting this web page</a>.{/ts}\n         </td>\n        {/if}\n       <tr>\n       </tr>\n        <td colspan=\"2\" {$labelStyle}>\n         {ts 1=$updateSubscriptionUrl}You can update recurring contribution amount or change the number of installments for this recurring contribution by <a href=\"%1\">visiting this web page</a>.{/ts}\n        </td>\n       </tr>\n      {/if}\n     {/if}\n\n     {if $honor_block_is_active}\n      <tr>\n       <th {$headerStyle}>\n        {$soft_credit_type}\n       </th>\n      </tr>\n      {foreach from=$honoreeProfile item=value key=label}\n        <tr>\n         <td {$labelStyle}>\n          {$label}\n         </td>\n         <td {$valueStyle}>\n          {$value}\n         </td>\n        </tr>\n      {/foreach}\n      {elseif $softCreditTypes and $softCredits}\n      {foreach from=$softCreditTypes item=softCreditType key=n}\n       <tr>\n        <th {$headerStyle}>\n         {$softCreditType}\n        </th>\n       </tr>\n       {foreach from=$softCredits.$n item=value key=label}\n         <tr>\n          <td {$labelStyle}>\n           {$label}\n          </td>\n          <td {$valueStyle}>\n           {$value}\n          </td>\n         </tr>\n        {/foreach}\n       {/foreach}\n     {/if}\n\n     {if $pcpBlock}\n      <tr>\n       <th {$headerStyle}>\n        {ts}Personal Campaign Page{/ts}\n       </th>\n      </tr>\n      <tr>\n       <td {$labelStyle}>\n        {ts}Display In Honor Roll{/ts}\n       </td>\n       <td {$valueStyle}>\n        {if $pcp_display_in_roll}{ts}Yes{/ts}{else}{ts}No{/ts}{/if}\n       </td>\n      </tr>\n      {if $pcp_roll_nickname}\n       <tr>\n        <td {$labelStyle}>\n         {ts}Nickname{/ts}\n        </td>\n        <td {$valueStyle}>\n         {$pcp_roll_nickname}\n        </td>\n       </tr>\n      {/if}\n      {if $pcp_personal_note}\n       <tr>\n        <td {$labelStyle}>\n         {ts}Personal Note{/ts}\n        </td>\n        <td {$valueStyle}>\n         {$pcp_personal_note}\n        </td>\n       </tr>\n      {/if}\n     {/if}\n\n     {if $onBehalfProfile}\n      <tr>\n       <th {$headerStyle}>\n        {$onBehalfProfile_grouptitle}\n       </th>\n      </tr>\n      {foreach from=$onBehalfProfile item=onBehalfValue key=onBehalfName}\n        <tr>\n         <td {$labelStyle}>\n          {$onBehalfName}\n         </td>\n         <td {$valueStyle}>\n          {$onBehalfValue}\n         </td>\n        </tr>\n      {/foreach}\n     {/if}\n\n     {if $isShare}\n      <tr>\n        <td colspan=\"2\" {$valueStyle}>\n            {capture assign=contributionUrl}{crmURL p=\'civicrm/contribute/transact\' q=\"reset=1&id=`$contributionPageId`\" a=true fe=1 h=1}{/capture}\n            {include file=\"CRM/common/SocialNetwork.tpl\" emailMode=true url=$contributionUrl title=$title pageURL=$contributionUrl}\n        </td>\n      </tr>\n     {/if}\n\n     {if ! ($contributeMode eq \'notify\' OR $contributeMode eq \'directIPN\') and $is_monetary}\n      {if $is_pay_later}\n       <tr>\n        <th {$headerStyle}>\n         {ts}Registered Email{/ts}\n        </th>\n       </tr>\n       <tr>\n        <td colspan=\"2\" {$valueStyle}>\n         {$email}\n        </td>\n       </tr>\n      {elseif $amount GT 0}\n       <tr>\n        <th {$headerStyle}>\n         {ts}Billing Name and Address{/ts}\n        </th>\n       </tr>\n       <tr>\n        <td colspan=\"2\" {$valueStyle}>\n         {$billingName}<br />\n         {$address|nl2br}<br />\n         {$email}\n        </td>\n       </tr>\n      {/if}\n     {/if}\n\n     {if $contributeMode eq \'direct\' AND !$is_pay_later AND $amount GT 0}\n      <tr>\n       <th {$headerStyle}>\n        {ts}Credit Card Information{/ts}\n       </th>\n      </tr>\n      <tr>\n       <td colspan=\"2\" {$valueStyle}>\n        {$credit_card_type}<br />\n        {$credit_card_number}<br />\n        {ts}Expires{/ts}: {$credit_card_exp_date|truncate:7:\'\'|crmDate}<br />\n       </td>\n      </tr>\n     {/if}\n\n     {if $selectPremium}\n      <tr>\n       <th {$headerStyle}>\n        {ts}Premium Information{/ts}\n       </th>\n      </tr>\n      <tr>\n       <td colspan=\"2\" {$labelStyle}>\n        {$product_name}\n       </td>\n      </tr>\n      {if $option}\n       <tr>\n        <td {$labelStyle}>\n         {ts}Option{/ts}\n        </td>\n        <td {$valueStyle}>\n         {$option}\n        </td>\n       </tr>\n      {/if}\n      {if $sku}\n       <tr>\n        <td {$labelStyle}>\n         {ts}SKU{/ts}\n        </td>\n        <td {$valueStyle}>\n         {$sku}\n        </td>\n       </tr>\n      {/if}\n      {if $start_date}\n       <tr>\n        <td {$labelStyle}>\n         {ts}Start Date{/ts}\n        </td>\n        <td {$valueStyle}>\n         {$start_date|crmDate}\n        </td>\n       </tr>\n      {/if}\n      {if $end_date}\n       <tr>\n        <td {$labelStyle}>\n         {ts}End Date{/ts}\n        </td>\n        <td {$valueStyle}>\n         {$end_date|crmDate}\n        </td>\n       </tr>\n      {/if}\n      {if $contact_email OR $contact_phone}\n       <tr>\n        <td colspan=\"2\" {$valueStyle}>\n         <p>{ts}For information about this premium, contact:{/ts}</p>\n         {if $contact_email}\n          <p>{$contact_email}</p>\n         {/if}\n         {if $contact_phone}\n          <p>{$contact_phone}</p>\n         {/if}\n        </td>\n       </tr>\n      {/if}\n      {if $is_deductible AND $price}\n        <tr>\n         <td colspan=\"2\" {$valueStyle}>\n          <p>{ts 1=$price|crmMoney:$currency}The value of this premium is %1. This may affect the amount of the tax deduction you can claim. Consult your tax advisor for more information.{/ts}</p>\n         </td>\n        </tr>\n      {/if}\n     {/if}\n\n     {if $customPre}\n      <tr>\n       <th {$headerStyle}>\n        {$customPre_grouptitle}\n       </th>\n      </tr>\n      {foreach from=$customPre item=customValue key=customName}\n       {if ($trackingFields and ! in_array($customName, $trackingFields)) or ! $trackingFields}\n        <tr>\n         <td {$labelStyle}>\n          {$customName}\n         </td>\n         <td {$valueStyle}>\n          {$customValue}\n         </td>\n        </tr>\n       {/if}\n      {/foreach}\n     {/if}\n\n     {if $customPost}\n      <tr>\n       <th {$headerStyle}>\n        {$customPost_grouptitle}\n       </th>\n      </tr>\n      {foreach from=$customPost item=customValue key=customName}\n       {if ($trackingFields and ! in_array($customName, $trackingFields)) or ! $trackingFields}\n        <tr>\n         <td {$labelStyle}>\n          {$customName}\n         </td>\n         <td {$valueStyle}>\n          {$customValue}\n         </td>\n        </tr>\n       {/if}\n      {/foreach}\n     {/if}\n\n  </table>\n</center>\n\n</body>\n</html>\n',1,708,0,1,NULL),(9,'Contributions - Recurring Start and End Notification','{ts}Recurring Contribution Notification{/ts}\n','{ts 1=$displayName}Dear %1{/ts},\n\n{if $recur_txnType eq \'START\'}\n{if $auto_renew_membership}\n{ts}Thanks for your auto renew membership sign-up.{/ts}\n\n\n{ts 1=$recur_frequency_interval 2=$recur_frequency_unit}This membership will be automatically renewed every %1 %2(s).{/ts}\n\n{ts 1=$cancelSubscriptionUrl}This membership will be renewed automatically. You can cancel the auto-renewal option by <a href=\"%1\">visiting this web page</a>.{/ts}\n\n{ts 1=$updateSubscriptionBillingUrl}You can update billing details for this automatically renewed membership by <a href=\"%1\">visiting this web page</a>.{/ts}\n\n{else}\n{ts}Thanks for your recurring contribution sign-up.{/ts}\n\n\n{ts 1=$recur_frequency_interval 2=$recur_frequency_unit 3=$recur_installments}This recurring contribution will be automatically processed every %1 %2(s) for a total of %3 installment(s).{/ts}\n\n{ts}Start Date{/ts}:  {$recur_start_date|crmDate}\n\n{ts 1=$cancelSubscriptionUrl}You can cancel the recurring contribution option by <a href=\"%1\">visiting this web page</a>.{/ts}\n\n{ts 1=$updateSubscriptionBillingUrl}You can update billing details for this recurring contribution by <a href=\"%1\">visiting this web page</a>.{/ts}\n\n{ts 1=$updateSubscriptionUrl}You can update recurring contribution amount or change the number of installments for this recurring contribution by <a href=\"%1\">visiting this web page</a>.{/ts}\n{/if}\n\n{elseif $recur_txnType eq \'END\'}\n{if $auto_renew_membership}\n{ts}Your auto renew membership sign-up has ended and your membership will not be automatically renewed.{/ts}\n\n\n{else}\n{ts}Your recurring contribution term has ended.{/ts}\n\n\n{ts 1=$recur_installments}You have successfully completed %1 recurring contributions. Thank you for your support.{/ts}\n\n\n==================================================\n{ts 1=$recur_installments}Interval of Subscription for %1 installment(s){/ts}\n\n==================================================\n{ts}Start Date{/ts}: {$recur_start_date|crmDate}\n\n{ts}End Date{/ts}: {$recur_end_date|crmDate}\n\n{/if}\n{/if}\n','<!DOCTYPE html PUBLIC \"-//W3C//DTD XHTML 1.0 Transitional//EN\" \"http://www.w3.org/TR/xhtml1/DTD/xhtml1-transitional.dtd\">\n<html xmlns=\"http://www.w3.org/1999/xhtml\">\n<head>\n <meta http-equiv=\"Content-Type\" content=\"text/html; charset=UTF-8\" />\n <title></title>\n</head>\n<body>\n\n{capture assign=headerStyle}colspan=\"2\" style=\"text-align: left; padding: 4px; border-bottom: 1px solid #999; background-color: #eee;\"{/capture}\n{capture assign=labelStyle }style=\"padding: 4px; border-bottom: 1px solid #999; background-color: #f7f7f7;\"{/capture}\n{capture assign=valueStyle }style=\"padding: 4px; border-bottom: 1px solid #999;\"{/capture}\n\n<center>\n <table width=\"620\" border=\"0\" cellpadding=\"0\" cellspacing=\"0\" id=\"crm-event_receipt\" style=\"font-family: Arial, Verdana, sans-serif; text-align: left;\">\n\n  <!-- BEGIN HEADER -->\n  <!-- You can add table row(s) here with logo or other header elements -->\n  <!-- END HEADER -->\n\n  <!-- BEGIN CONTENT -->\n\n  <tr>\n   <td>\n    <p>{ts 1=$displayName}Dear %1{/ts},</p>\n   </td>\n  </tr>\n\n  <tr>\n   <td>&nbsp;</td>\n  </tr>\n\n    {if $recur_txnType eq \'START\'}\n     {if $auto_renew_membership}\n       <tr>\n        <td>\n         <p>{ts}Thanks for your auto renew membership sign-up.{/ts}</p>\n         <p>{ts 1=$recur_frequency_interval 2=$recur_frequency_unit}This membership will be automatically renewed every %1 %2(s). {/ts}</p>\n        </td>\n       </tr>\n       <tr>\n        <td {$labelStyle}>\n         {ts 1=$cancelSubscriptionUrl}This membership will be renewed automatically. You can cancel the auto-renewal option by <a href=\"%1\">visiting this web page</a>.{/ts}\n        </td>\n       </tr>\n       <tr>\n        <td {$labelStyle}>\n         {ts 1=$updateSubscriptionBillingUrl}You can update billing details for this automatically renewed membership by <a href=\"%1\">visiting this web page</a>.{/ts}\n        </td>\n       </tr>\n     {else}\n      <tr>\n       <td>\n        <p>{ts}Thanks for your recurring contribution sign-up.{/ts}</p>\n        <p>{ts 1=$recur_frequency_interval 2=$recur_frequency_unit 3=$recur_installments}This recurring contribution will be automatically processed every %1 %2(s) for a total of %3 installment(s).{/ts}</p>\n        <p>{ts}Start Date{/ts}: {$recur_start_date|crmDate}</p>\n       </td>\n      </tr>\n      <tr>\n        <td {$labelStyle}>\n         {ts 1=$cancelSubscriptionUrl} You can cancel the recurring contribution option by <a href=\"%1\">visiting this web page</a>.{/ts}\n        </td>\n      </tr>\n      <tr>\n        <td {$labelStyle}>\n         {ts 1=$updateSubscriptionBillingUrl}You can update billing details for this recurring contribution by <a href=\"%1\">visiting this web page</a>.{/ts}\n        </td>\n       </tr>\n       <tr>\n        <td {$labelStyle}>\n   {ts 1=$updateSubscriptionUrl}You can update recurring contribution amount or change the number of installments details for this recurring contribution by <a href=\"%1\">visiting this web page</a>.{/ts}\n        </td>\n       </tr>\n     {/if}\n\n    {elseif $recur_txnType eq \'END\'}\n\n     {if $auto_renew_membership}\n      <tr>\n       <td>\n        <p>{ts}Your auto renew membership sign-up has ended and your membership will not be automatically renewed.{/ts}</p>\n       </td>\n      </tr>\n     {else}\n      <tr>\n       <td>\n        <p>{ts}Your recurring contribution term has ended.{/ts}</p>\n        <p>{ts 1=$recur_installments}You have successfully completed %1 recurring contributions. Thank you for your support.{/ts}</p>\n       </td>\n      </tr>\n      <tr>\n       <td>\n     <table style=\"border: 1px solid #999; margin: 1em 0em 1em; border-collapse: collapse; width:100%;\">\n      <tr>\n       <th {$headerStyle}>\n        {ts 1=$recur_installments}Interval of Subscription for %1 installment(s){/ts}\n       </th>\n      </tr>\n      <tr>\n       <td {$labelStyle}>\n        {ts}Start Date{/ts}\n       </td>\n       <td {$valueStyle}>\n        {$recur_start_date|crmDate}\n       </td>\n      </tr>\n      <tr>\n       <td {$labelStyle}>\n        {ts}End Date{/ts}\n       </td>\n       <td {$valueStyle}>\n        {$recur_end_date|crmDate}\n       </td>\n      </tr>\n     </table>\n       </td>\n      </tr>\n\n     {/if}\n    {/if}\n\n </table>\n</center>\n\n</body>\n</html>\n',1,709,1,0,NULL),(10,'Contributions - Recurring Start and End Notification','{ts}Recurring Contribution Notification{/ts}\n','{ts 1=$displayName}Dear %1{/ts},\n\n{if $recur_txnType eq \'START\'}\n{if $auto_renew_membership}\n{ts}Thanks for your auto renew membership sign-up.{/ts}\n\n\n{ts 1=$recur_frequency_interval 2=$recur_frequency_unit}This membership will be automatically renewed every %1 %2(s).{/ts}\n\n{ts 1=$cancelSubscriptionUrl}This membership will be renewed automatically. You can cancel the auto-renewal option by <a href=\"%1\">visiting this web page</a>.{/ts}\n\n{ts 1=$updateSubscriptionBillingUrl}You can update billing details for this automatically renewed membership by <a href=\"%1\">visiting this web page</a>.{/ts}\n\n{else}\n{ts}Thanks for your recurring contribution sign-up.{/ts}\n\n\n{ts 1=$recur_frequency_interval 2=$recur_frequency_unit 3=$recur_installments}This recurring contribution will be automatically processed every %1 %2(s) for a total of %3 installment(s).{/ts}\n\n{ts}Start Date{/ts}:  {$recur_start_date|crmDate}\n\n{ts 1=$cancelSubscriptionUrl}You can cancel the recurring contribution option by <a href=\"%1\">visiting this web page</a>.{/ts}\n\n{ts 1=$updateSubscriptionBillingUrl}You can update billing details for this recurring contribution by <a href=\"%1\">visiting this web page</a>.{/ts}\n\n{ts 1=$updateSubscriptionUrl}You can update recurring contribution amount or change the number of installments for this recurring contribution by <a href=\"%1\">visiting this web page</a>.{/ts}\n{/if}\n\n{elseif $recur_txnType eq \'END\'}\n{if $auto_renew_membership}\n{ts}Your auto renew membership sign-up has ended and your membership will not be automatically renewed.{/ts}\n\n\n{else}\n{ts}Your recurring contribution term has ended.{/ts}\n\n\n{ts 1=$recur_installments}You have successfully completed %1 recurring contributions. Thank you for your support.{/ts}\n\n\n==================================================\n{ts 1=$recur_installments}Interval of Subscription for %1 installment(s){/ts}\n\n==================================================\n{ts}Start Date{/ts}: {$recur_start_date|crmDate}\n\n{ts}End Date{/ts}: {$recur_end_date|crmDate}\n\n{/if}\n{/if}\n','<!DOCTYPE html PUBLIC \"-//W3C//DTD XHTML 1.0 Transitional//EN\" \"http://www.w3.org/TR/xhtml1/DTD/xhtml1-transitional.dtd\">\n<html xmlns=\"http://www.w3.org/1999/xhtml\">\n<head>\n <meta http-equiv=\"Content-Type\" content=\"text/html; charset=UTF-8\" />\n <title></title>\n</head>\n<body>\n\n{capture assign=headerStyle}colspan=\"2\" style=\"text-align: left; padding: 4px; border-bottom: 1px solid #999; background-color: #eee;\"{/capture}\n{capture assign=labelStyle }style=\"padding: 4px; border-bottom: 1px solid #999; background-color: #f7f7f7;\"{/capture}\n{capture assign=valueStyle }style=\"padding: 4px; border-bottom: 1px solid #999;\"{/capture}\n\n<center>\n <table width=\"620\" border=\"0\" cellpadding=\"0\" cellspacing=\"0\" id=\"crm-event_receipt\" style=\"font-family: Arial, Verdana, sans-serif; text-align: left;\">\n\n  <!-- BEGIN HEADER -->\n  <!-- You can add table row(s) here with logo or other header elements -->\n  <!-- END HEADER -->\n\n  <!-- BEGIN CONTENT -->\n\n  <tr>\n   <td>\n    <p>{ts 1=$displayName}Dear %1{/ts},</p>\n   </td>\n  </tr>\n\n  <tr>\n   <td>&nbsp;</td>\n  </tr>\n\n    {if $recur_txnType eq \'START\'}\n     {if $auto_renew_membership}\n       <tr>\n        <td>\n         <p>{ts}Thanks for your auto renew membership sign-up.{/ts}</p>\n         <p>{ts 1=$recur_frequency_interval 2=$recur_frequency_unit}This membership will be automatically renewed every %1 %2(s). {/ts}</p>\n        </td>\n       </tr>\n       <tr>\n        <td {$labelStyle}>\n         {ts 1=$cancelSubscriptionUrl}This membership will be renewed automatically. You can cancel the auto-renewal option by <a href=\"%1\">visiting this web page</a>.{/ts}\n        </td>\n       </tr>\n       <tr>\n        <td {$labelStyle}>\n         {ts 1=$updateSubscriptionBillingUrl}You can update billing details for this automatically renewed membership by <a href=\"%1\">visiting this web page</a>.{/ts}\n        </td>\n       </tr>\n     {else}\n      <tr>\n       <td>\n        <p>{ts}Thanks for your recurring contribution sign-up.{/ts}</p>\n        <p>{ts 1=$recur_frequency_interval 2=$recur_frequency_unit 3=$recur_installments}This recurring contribution will be automatically processed every %1 %2(s) for a total of %3 installment(s).{/ts}</p>\n        <p>{ts}Start Date{/ts}: {$recur_start_date|crmDate}</p>\n       </td>\n      </tr>\n      <tr>\n        <td {$labelStyle}>\n         {ts 1=$cancelSubscriptionUrl} You can cancel the recurring contribution option by <a href=\"%1\">visiting this web page</a>.{/ts}\n        </td>\n      </tr>\n      <tr>\n        <td {$labelStyle}>\n         {ts 1=$updateSubscriptionBillingUrl}You can update billing details for this recurring contribution by <a href=\"%1\">visiting this web page</a>.{/ts}\n        </td>\n       </tr>\n       <tr>\n        <td {$labelStyle}>\n   {ts 1=$updateSubscriptionUrl}You can update recurring contribution amount or change the number of installments details for this recurring contribution by <a href=\"%1\">visiting this web page</a>.{/ts}\n        </td>\n       </tr>\n     {/if}\n\n    {elseif $recur_txnType eq \'END\'}\n\n     {if $auto_renew_membership}\n      <tr>\n       <td>\n        <p>{ts}Your auto renew membership sign-up has ended and your membership will not be automatically renewed.{/ts}</p>\n       </td>\n      </tr>\n     {else}\n      <tr>\n       <td>\n        <p>{ts}Your recurring contribution term has ended.{/ts}</p>\n        <p>{ts 1=$recur_installments}You have successfully completed %1 recurring contributions. Thank you for your support.{/ts}</p>\n       </td>\n      </tr>\n      <tr>\n       <td>\n     <table style=\"border: 1px solid #999; margin: 1em 0em 1em; border-collapse: collapse; width:100%;\">\n      <tr>\n       <th {$headerStyle}>\n        {ts 1=$recur_installments}Interval of Subscription for %1 installment(s){/ts}\n       </th>\n      </tr>\n      <tr>\n       <td {$labelStyle}>\n        {ts}Start Date{/ts}\n       </td>\n       <td {$valueStyle}>\n        {$recur_start_date|crmDate}\n       </td>\n      </tr>\n      <tr>\n       <td {$labelStyle}>\n        {ts}End Date{/ts}\n       </td>\n       <td {$valueStyle}>\n        {$recur_end_date|crmDate}\n       </td>\n      </tr>\n     </table>\n       </td>\n      </tr>\n\n     {/if}\n    {/if}\n\n </table>\n</center>\n\n</body>\n</html>\n',1,709,0,1,NULL),(11,'Contributions - Recurring Cancellation Notification','{ts}Recurring Contribution Cancellation Notification{/ts}\n','{ts 1=$contact.display_name}Dear %1{/ts},\n\n{ts 1=$amount 2=$recur_frequency_interval 3=$recur_frequency_unit}Your recurring contribution of %1, every %2 %3 has been cancelled as requested.{/ts}\n','<!DOCTYPE html PUBLIC \"-//W3C//DTD XHTML 1.0 Transitional//EN\" \"http://www.w3.org/TR/xhtml1/DTD/xhtml1-transitional.dtd\">\n<html xmlns=\"http://www.w3.org/1999/xhtml\">\n<head>\n <meta http-equiv=\"Content-Type\" content=\"text/html; charset=UTF-8\" />\n <title></title>\n</head>\n<body>\n\n{capture assign=headerStyle}colspan=\"2\" style=\"text-align: left; padding: 4px; border-bottom: 1px solid #999; background-color: #eee;\"{/capture}\n{capture assign=labelStyle }style=\"padding: 4px; border-bottom: 1px solid #999; background-color: #f7f7f7;\"{/capture}\n{capture assign=valueStyle }style=\"padding: 4px; border-bottom: 1px solid #999;\"{/capture}\n\n<center>\n <table width=\"620\" border=\"0\" cellpadding=\"0\" cellspacing=\"0\" id=\"crm-event_receipt\" style=\"font-family: Arial, Verdana, sans-serif; text-align: left;\">\n\n  <!-- BEGIN HEADER -->\n  <!-- You can add table row(s) here with logo or other header elements -->\n  <!-- END HEADER -->\n\n  <!-- BEGIN CONTENT -->\n\n  <tr>\n   <td>\n    <p>{ts 1=$contact.display_name}Dear %1{/ts},</p>\n    <p>{ts 1=$amount 2=$recur_frequency_interval 3=$recur_frequency_unit}Your recurring contribution of %1, every %2 %3 has been cancelled as requested.{/ts}</p>\n   </td>\n  </tr>\n  <tr>\n </table>\n</center>\n\n</body>\n</html>\n',1,710,1,0,NULL),(12,'Contributions - Recurring Cancellation Notification','{ts}Recurring Contribution Cancellation Notification{/ts}\n','{ts 1=$contact.display_name}Dear %1{/ts},\n\n{ts 1=$amount 2=$recur_frequency_interval 3=$recur_frequency_unit}Your recurring contribution of %1, every %2 %3 has been cancelled as requested.{/ts}\n','<!DOCTYPE html PUBLIC \"-//W3C//DTD XHTML 1.0 Transitional//EN\" \"http://www.w3.org/TR/xhtml1/DTD/xhtml1-transitional.dtd\">\n<html xmlns=\"http://www.w3.org/1999/xhtml\">\n<head>\n <meta http-equiv=\"Content-Type\" content=\"text/html; charset=UTF-8\" />\n <title></title>\n</head>\n<body>\n\n{capture assign=headerStyle}colspan=\"2\" style=\"text-align: left; padding: 4px; border-bottom: 1px solid #999; background-color: #eee;\"{/capture}\n{capture assign=labelStyle }style=\"padding: 4px; border-bottom: 1px solid #999; background-color: #f7f7f7;\"{/capture}\n{capture assign=valueStyle }style=\"padding: 4px; border-bottom: 1px solid #999;\"{/capture}\n\n<center>\n <table width=\"620\" border=\"0\" cellpadding=\"0\" cellspacing=\"0\" id=\"crm-event_receipt\" style=\"font-family: Arial, Verdana, sans-serif; text-align: left;\">\n\n  <!-- BEGIN HEADER -->\n  <!-- You can add table row(s) here with logo or other header elements -->\n  <!-- END HEADER -->\n\n  <!-- BEGIN CONTENT -->\n\n  <tr>\n   <td>\n    <p>{ts 1=$contact.display_name}Dear %1{/ts},</p>\n    <p>{ts 1=$amount 2=$recur_frequency_interval 3=$recur_frequency_unit}Your recurring contribution of %1, every %2 %3 has been cancelled as requested.{/ts}</p>\n   </td>\n  </tr>\n  <tr>\n </table>\n</center>\n\n</body>\n</html>\n',1,710,0,1,NULL),(13,'Contributions - Recurring Billing Updates','{ts}Recurring Contribution Billing Updates{/ts}','{ts 1=$contact.display_name}Dear %1{/ts},\n\n{ts 1=$amount 2=$recur_frequency_interval 3=$recur_frequency_unit}Billing details for your recurring contribution of %1, every %2 %3 have been updated.{/ts}\n\n===========================================================\n{ts}Billing Name and Address{/ts}\n\n===========================================================\n{$billingName}\n{$address}\n\n{$email}\n\n===========================================================\n{ts}Credit Card Information{/ts}\n\n===========================================================\n{$credit_card_type}\n{$credit_card_number}\n{ts}Expires{/ts}: {$credit_card_exp_date|truncate:7:\'\'|crmDate}\n\n\n{ts 1=$receipt_from_email}If you have questions please contact us at %1{/ts}','<!DOCTYPE html PUBLIC \"-//W3C//DTD XHTML 1.0 Transitional//EN\" \"http://www.w3.org/TR/xhtml1/DTD/xhtml1-transitional.dtd\">\n<html xmlns=\"http://www.w3.org/1999/xhtml\">\n<head>\n <meta http-equiv=\"Content-Type\" content=\"text/html; charset=UTF-8\" />\n <title></title>\n</head>\n<body>\n\n{capture assign=headerStyle}colspan=\"2\" style=\"text-align: left; padding: 4px; border-bottom: 1px solid #999; background-color: #eee;\"{/capture}\n{capture assign=labelStyle }style=\"padding: 4px; border-bottom: 1px solid #999; background-color: #f7f7f7;\"{/capture}\n{capture assign=valueStyle }style=\"padding: 4px; border-bottom: 1px solid #999;\"{/capture}\n\n<center>\n <table width=\"620\" border=\"0\" cellpadding=\"0\" cellspacing=\"0\" id=\"crm-event_receipt\" style=\"font-family: Arial, Verdana, sans-serif; text-align: left;\">\n\n  <!-- BEGIN HEADER -->\n  <!-- You can add table row(s) here with logo or other header elements -->\n  <!-- END HEADER -->\n\n  <!-- BEGIN CONTENT -->\n\n  <tr>\n   <td>\n    <p>{ts 1=$contact.display_name}Dear %1{/ts},</p>\n    <p>{ts 1=$amount 2=$recur_frequency_interval 3=$recur_frequency_unit}Billing details for your recurring contribution of %1, every %2 %3 have been updated.{/ts}</p>\n   </td>\n  </tr>\n  <tr>\n </table>\n\n  <table width=\"500\" style=\"border: 1px solid #999; margin: 1em 0em 1em; border-collapse: collapse;\">\n<tr>\n        <th {$headerStyle}>\n         {ts}Billing Name and Address{/ts}\n        </th>\n       </tr>\n       <tr>\n        <td colspan=\"2\" {$valueStyle}>\n         {$billingName}<br />\n         {$address|nl2br}<br />\n         {$email}\n        </td>\n       </tr>\n        <tr>\n       <th {$headerStyle}>\n        {ts}Credit Card Information{/ts}\n       </th>\n      </tr>\n      <tr>\n       <td colspan=\"2\" {$valueStyle}>\n        {$credit_card_type}<br />\n        {$credit_card_number}<br />\n        {ts}Expires{/ts}: {$credit_card_exp_date|truncate:7:\'\'|crmDate}<br />\n       </td>\n      </tr>\n      <tr>\n        <td {$labelStyle}>\n            {ts 1=$receipt_from_email}If you have questions please contact us at %1{/ts}\n        </td>\n       </tr>\n  </table>\n</center>\n\n</body>\n</html>',1,711,1,0,NULL),(14,'Contributions - Recurring Billing Updates','{ts}Recurring Contribution Billing Updates{/ts}','{ts 1=$contact.display_name}Dear %1{/ts},\n\n{ts 1=$amount 2=$recur_frequency_interval 3=$recur_frequency_unit}Billing details for your recurring contribution of %1, every %2 %3 have been updated.{/ts}\n\n===========================================================\n{ts}Billing Name and Address{/ts}\n\n===========================================================\n{$billingName}\n{$address}\n\n{$email}\n\n===========================================================\n{ts}Credit Card Information{/ts}\n\n===========================================================\n{$credit_card_type}\n{$credit_card_number}\n{ts}Expires{/ts}: {$credit_card_exp_date|truncate:7:\'\'|crmDate}\n\n\n{ts 1=$receipt_from_email}If you have questions please contact us at %1{/ts}','<!DOCTYPE html PUBLIC \"-//W3C//DTD XHTML 1.0 Transitional//EN\" \"http://www.w3.org/TR/xhtml1/DTD/xhtml1-transitional.dtd\">\n<html xmlns=\"http://www.w3.org/1999/xhtml\">\n<head>\n <meta http-equiv=\"Content-Type\" content=\"text/html; charset=UTF-8\" />\n <title></title>\n</head>\n<body>\n\n{capture assign=headerStyle}colspan=\"2\" style=\"text-align: left; padding: 4px; border-bottom: 1px solid #999; background-color: #eee;\"{/capture}\n{capture assign=labelStyle }style=\"padding: 4px; border-bottom: 1px solid #999; background-color: #f7f7f7;\"{/capture}\n{capture assign=valueStyle }style=\"padding: 4px; border-bottom: 1px solid #999;\"{/capture}\n\n<center>\n <table width=\"620\" border=\"0\" cellpadding=\"0\" cellspacing=\"0\" id=\"crm-event_receipt\" style=\"font-family: Arial, Verdana, sans-serif; text-align: left;\">\n\n  <!-- BEGIN HEADER -->\n  <!-- You can add table row(s) here with logo or other header elements -->\n  <!-- END HEADER -->\n\n  <!-- BEGIN CONTENT -->\n\n  <tr>\n   <td>\n    <p>{ts 1=$contact.display_name}Dear %1{/ts},</p>\n    <p>{ts 1=$amount 2=$recur_frequency_interval 3=$recur_frequency_unit}Billing details for your recurring contribution of %1, every %2 %3 have been updated.{/ts}</p>\n   </td>\n  </tr>\n  <tr>\n </table>\n\n  <table width=\"500\" style=\"border: 1px solid #999; margin: 1em 0em 1em; border-collapse: collapse;\">\n<tr>\n        <th {$headerStyle}>\n         {ts}Billing Name and Address{/ts}\n        </th>\n       </tr>\n       <tr>\n        <td colspan=\"2\" {$valueStyle}>\n         {$billingName}<br />\n         {$address|nl2br}<br />\n         {$email}\n        </td>\n       </tr>\n        <tr>\n       <th {$headerStyle}>\n        {ts}Credit Card Information{/ts}\n       </th>\n      </tr>\n      <tr>\n       <td colspan=\"2\" {$valueStyle}>\n        {$credit_card_type}<br />\n        {$credit_card_number}<br />\n        {ts}Expires{/ts}: {$credit_card_exp_date|truncate:7:\'\'|crmDate}<br />\n       </td>\n      </tr>\n      <tr>\n        <td {$labelStyle}>\n            {ts 1=$receipt_from_email}If you have questions please contact us at %1{/ts}\n        </td>\n       </tr>\n  </table>\n</center>\n\n</body>\n</html>',1,711,0,1,NULL),(15,'Contributions - Recurring Updates','{ts}Recurring Contribution Update Notification{/ts}','{ts 1=$contact.display_name}Dear %1{/ts},\n\n{ts}Your recurring contribution has been updated as requested:{/ts}\n\n{ts 1=$amount 2=$recur_frequency_interval 3=$recur_frequency_unit}Recurring contribution is for %1, every %2(s) %3{/ts}\n{if $installments}{ts 1=$installments} for %1 installments.{/ts}{/if}\n\n{ts 1=$receipt_from_email}If you have questions please contact us at %1.{/ts}','<!DOCTYPE html PUBLIC \"-//W3C//DTD XHTML 1.0 Transitional//EN\" \"http://www.w3.org/TR/xhtml1/DTD/xhtml1-transitional.dtd\">\n<html xmlns=\"http://www.w3.org/1999/xhtml\">\n<head>\n <meta http-equiv=\"Content-Type\" content=\"text/html; charset=UTF-8\" />\n <title></title>\n</head>\n<body>\n\n{capture assign=headerStyle}colspan=\"2\" style=\"text-align: left; padding: 4px; border-bottom: 1px solid #999; background-color: #eee;\"{/capture}\n{capture assign=labelStyle }style=\"padding: 4px; border-bottom: 1px solid #999; background-color: #f7f7f7;\"{/capture}\n{capture assign=valueStyle }style=\"padding: 4px; border-bottom: 1px solid #999;\"{/capture}\n\n<center>\n <table width=\"620\" border=\"0\" cellpadding=\"0\" cellspacing=\"0\" id=\"crm-event_receipt\" style=\"font-family: Arial, Verdana, sans-serif; text-align: left;\">\n\n  <!-- BEGIN HEADER -->\n  <!-- You can add table row(s) here with logo or other header elements -->\n  <!-- END HEADER -->\n\n  <!-- BEGIN CONTENT -->\n\n  <tr>\n   <td>\n    <p>{ts 1=$contact.display_name}Dear %1{/ts},</p>\n    <p>{ts 1=$amount 2=$recur_frequency_interval 3=$recur_frequency_unit}Recurring contribution is for %1, every %2(s) %3{/ts}</p>\n    <p>{if $installments}{ts 1=$installments} for %1 installments.{/ts}{/if}</p>\n\n    <p>{ts 1=$receipt_from_email}If you have questions please contact us at %1.{/ts}</p>\n   </td>\n  </tr>\n  <tr>\n </table>\n</center>\n\n</body>\n</html>\n',1,712,1,0,NULL),(16,'Contributions - Recurring Updates','{ts}Recurring Contribution Update Notification{/ts}','{ts 1=$contact.display_name}Dear %1{/ts},\n\n{ts}Your recurring contribution has been updated as requested:{/ts}\n\n{ts 1=$amount 2=$recur_frequency_interval 3=$recur_frequency_unit}Recurring contribution is for %1, every %2(s) %3{/ts}\n{if $installments}{ts 1=$installments} for %1 installments.{/ts}{/if}\n\n{ts 1=$receipt_from_email}If you have questions please contact us at %1.{/ts}','<!DOCTYPE html PUBLIC \"-//W3C//DTD XHTML 1.0 Transitional//EN\" \"http://www.w3.org/TR/xhtml1/DTD/xhtml1-transitional.dtd\">\n<html xmlns=\"http://www.w3.org/1999/xhtml\">\n<head>\n <meta http-equiv=\"Content-Type\" content=\"text/html; charset=UTF-8\" />\n <title></title>\n</head>\n<body>\n\n{capture assign=headerStyle}colspan=\"2\" style=\"text-align: left; padding: 4px; border-bottom: 1px solid #999; background-color: #eee;\"{/capture}\n{capture assign=labelStyle }style=\"padding: 4px; border-bottom: 1px solid #999; background-color: #f7f7f7;\"{/capture}\n{capture assign=valueStyle }style=\"padding: 4px; border-bottom: 1px solid #999;\"{/capture}\n\n<center>\n <table width=\"620\" border=\"0\" cellpadding=\"0\" cellspacing=\"0\" id=\"crm-event_receipt\" style=\"font-family: Arial, Verdana, sans-serif; text-align: left;\">\n\n  <!-- BEGIN HEADER -->\n  <!-- You can add table row(s) here with logo or other header elements -->\n  <!-- END HEADER -->\n\n  <!-- BEGIN CONTENT -->\n\n  <tr>\n   <td>\n    <p>{ts 1=$contact.display_name}Dear %1{/ts},</p>\n    <p>{ts 1=$amount 2=$recur_frequency_interval 3=$recur_frequency_unit}Recurring contribution is for %1, every %2(s) %3{/ts}</p>\n    <p>{if $installments}{ts 1=$installments} for %1 installments.{/ts}{/if}</p>\n\n    <p>{ts 1=$receipt_from_email}If you have questions please contact us at %1.{/ts}</p>\n   </td>\n  </tr>\n  <tr>\n </table>\n</center>\n\n</body>\n</html>\n',1,712,0,1,NULL),(17,'Personal Campaign Pages - Admin Notification','{ts}Personal Campaign Page Notification{/ts}\n','===========================================================\n{ts}Personal Campaign Page Notification{/ts}\n\n===========================================================\n{ts}Action{/ts}: {if $mode EQ \'Update\'}{ts}Updated personal campaign page{/ts}{else}{ts}New personal campaign page{/ts}{/if}\n{ts}Personal Campaign Page Title{/ts}: {$pcpTitle}\n{ts}Current Status{/ts}: {$pcpStatus}\n{capture assign=pcpURL}{crmURL p=\"civicrm/pcp/info\" q=\"reset=1&id=`$pcpId`\" h=0 a=1}{/capture}\n{ts}View Page{/ts}:\n>> {$pcpURL}\n\n{ts}Supporter{/ts}: {$supporterName}\n>> {$supporterUrl}\n\n{ts}Linked to Contribution Page{/ts}: {$contribPageTitle}\n>> {$contribPageUrl}\n\n{ts}Manage Personal Campaign Pages{/ts}:\n>> {$managePCPUrl}\n\n','<!DOCTYPE html PUBLIC \"-//W3C//DTD XHTML 1.0 Transitional//EN\" \"http://www.w3.org/TR/xhtml1/DTD/xhtml1-transitional.dtd\">\n<html xmlns=\"http://www.w3.org/1999/xhtml\">\n<head>\n <meta http-equiv=\"Content-Type\" content=\"text/html; charset=UTF-8\" />\n <title></title>\n</head>\n<body>\n\n{capture assign=headerStyle}colspan=\"2\" style=\"text-align: left; padding: 4px; border-bottom: 1px solid #999; background-color: #eee;\"{/capture}\n{capture assign=labelStyle }style=\"padding: 4px; border-bottom: 1px solid #999; background-color: #f7f7f7;\"{/capture}\n{capture assign=valueStyle }style=\"padding: 4px; border-bottom: 1px solid #999;\"{/capture}\n{capture assign=pcpURL     }{crmURL p=\"civicrm/pcp/info\" q=\"reset=1&id=`$pcpId`\" h=0 a=1}{/capture}\n\n<center>\n <table width=\"620\" border=\"0\" cellpadding=\"0\" cellspacing=\"0\" id=\"crm-event_receipt\" style=\"font-family: Arial, Verdana, sans-serif; text-align: left;\">\n\n  <!-- BEGIN HEADER -->\n  <!-- You can add table row(s) here with logo or other header elements -->\n  <!-- END HEADER -->\n\n  <!-- BEGIN CONTENT -->\n\n  <tr>\n   <td>\n    <table style=\"border: 1px solid #999; margin: 1em 0em 1em; border-collapse: collapse; width:100%;\">\n     <tr>\n      <th {$headerStyle}>\n       {ts}Personal Campaign Page Notification{/ts}\n      </th>\n     </tr>\n     <tr>\n      <td {$labelStyle}>\n       {ts}Action{/ts}:\n      </td>\n      <td {$valueStyle}>\n       {if $mode EQ \'Update\'}\n        {ts}Updated personal campaign page{/ts}\n       {else}\n        {ts}New personal campaign page{/ts}\n       {/if}\n      </td>\n     </tr>\n     <tr>\n      <td {$labelStyle}>\n       {ts}Personal Campaign Page Title{/ts}\n      </td>\n      <td {$valueStyle}>\n       {$pcpTitle}\n      </td>\n     </tr>\n     <tr>\n      <td {$labelStyle}>\n       {ts}Current Status{/ts}\n      </td>\n      <td {$valueStyle}>\n       {$pcpStatus}\n      </td>\n     </tr>\n\n     <tr>\n      <td {$labelStyle}>\n       <a href=\"{$pcpURL}\">{ts}View Page{/ts}</a>\n      </td>\n      <td></td>\n     </tr>\n     <tr>\n      <td {$labelStyle}>\n       {ts}Supporter{/ts}\n      </td>\n      <td {$valueStyle}>\n       <a href=\"{$supporterUrl}\">{$supporterName}</a>\n      </td>\n     </tr>\n     <tr>\n      <td {$labelStyle}>\n       {ts}Linked to Contribution Page{/ts}\n      </td>\n      <td {$valueStyle}>\n       <a href=\"{$contribPageUrl}\">{$contribPageTitle}</a>\n      </td>\n     </tr>\n     <tr>\n      <td {$labelStyle}>\n       <a href=\"{$managePCPUrl}\">{ts}Manage Personal Campaign Pages{/ts}</a>\n      </td>\n      <td></td>\n     </tr>\n\n    </table>\n   </td>\n  </tr>\n </table>\n</center>\n\n</body>\n</html>\n',1,713,1,0,NULL),(18,'Personal Campaign Pages - Admin Notification','{ts}Personal Campaign Page Notification{/ts}\n','===========================================================\n{ts}Personal Campaign Page Notification{/ts}\n\n===========================================================\n{ts}Action{/ts}: {if $mode EQ \'Update\'}{ts}Updated personal campaign page{/ts}{else}{ts}New personal campaign page{/ts}{/if}\n{ts}Personal Campaign Page Title{/ts}: {$pcpTitle}\n{ts}Current Status{/ts}: {$pcpStatus}\n{capture assign=pcpURL}{crmURL p=\"civicrm/pcp/info\" q=\"reset=1&id=`$pcpId`\" h=0 a=1}{/capture}\n{ts}View Page{/ts}:\n>> {$pcpURL}\n\n{ts}Supporter{/ts}: {$supporterName}\n>> {$supporterUrl}\n\n{ts}Linked to Contribution Page{/ts}: {$contribPageTitle}\n>> {$contribPageUrl}\n\n{ts}Manage Personal Campaign Pages{/ts}:\n>> {$managePCPUrl}\n\n','<!DOCTYPE html PUBLIC \"-//W3C//DTD XHTML 1.0 Transitional//EN\" \"http://www.w3.org/TR/xhtml1/DTD/xhtml1-transitional.dtd\">\n<html xmlns=\"http://www.w3.org/1999/xhtml\">\n<head>\n <meta http-equiv=\"Content-Type\" content=\"text/html; charset=UTF-8\" />\n <title></title>\n</head>\n<body>\n\n{capture assign=headerStyle}colspan=\"2\" style=\"text-align: left; padding: 4px; border-bottom: 1px solid #999; background-color: #eee;\"{/capture}\n{capture assign=labelStyle }style=\"padding: 4px; border-bottom: 1px solid #999; background-color: #f7f7f7;\"{/capture}\n{capture assign=valueStyle }style=\"padding: 4px; border-bottom: 1px solid #999;\"{/capture}\n{capture assign=pcpURL     }{crmURL p=\"civicrm/pcp/info\" q=\"reset=1&id=`$pcpId`\" h=0 a=1}{/capture}\n\n<center>\n <table width=\"620\" border=\"0\" cellpadding=\"0\" cellspacing=\"0\" id=\"crm-event_receipt\" style=\"font-family: Arial, Verdana, sans-serif; text-align: left;\">\n\n  <!-- BEGIN HEADER -->\n  <!-- You can add table row(s) here with logo or other header elements -->\n  <!-- END HEADER -->\n\n  <!-- BEGIN CONTENT -->\n\n  <tr>\n   <td>\n    <table style=\"border: 1px solid #999; margin: 1em 0em 1em; border-collapse: collapse; width:100%;\">\n     <tr>\n      <th {$headerStyle}>\n       {ts}Personal Campaign Page Notification{/ts}\n      </th>\n     </tr>\n     <tr>\n      <td {$labelStyle}>\n       {ts}Action{/ts}:\n      </td>\n      <td {$valueStyle}>\n       {if $mode EQ \'Update\'}\n        {ts}Updated personal campaign page{/ts}\n       {else}\n        {ts}New personal campaign page{/ts}\n       {/if}\n      </td>\n     </tr>\n     <tr>\n      <td {$labelStyle}>\n       {ts}Personal Campaign Page Title{/ts}\n      </td>\n      <td {$valueStyle}>\n       {$pcpTitle}\n      </td>\n     </tr>\n     <tr>\n      <td {$labelStyle}>\n       {ts}Current Status{/ts}\n      </td>\n      <td {$valueStyle}>\n       {$pcpStatus}\n      </td>\n     </tr>\n\n     <tr>\n      <td {$labelStyle}>\n       <a href=\"{$pcpURL}\">{ts}View Page{/ts}</a>\n      </td>\n      <td></td>\n     </tr>\n     <tr>\n      <td {$labelStyle}>\n       {ts}Supporter{/ts}\n      </td>\n      <td {$valueStyle}>\n       <a href=\"{$supporterUrl}\">{$supporterName}</a>\n      </td>\n     </tr>\n     <tr>\n      <td {$labelStyle}>\n       {ts}Linked to Contribution Page{/ts}\n      </td>\n      <td {$valueStyle}>\n       <a href=\"{$contribPageUrl}\">{$contribPageTitle}</a>\n      </td>\n     </tr>\n     <tr>\n      <td {$labelStyle}>\n       <a href=\"{$managePCPUrl}\">{ts}Manage Personal Campaign Pages{/ts}</a>\n      </td>\n      <td></td>\n     </tr>\n\n    </table>\n   </td>\n  </tr>\n </table>\n</center>\n\n</body>\n</html>\n',1,713,0,1,NULL),(19,'Personal Campaign Pages - Supporter Status Change Notification','{ts 1=$contribPageTitle}Your Personal Campaign Page for %1{/ts}\n','{if $pcpStatus eq \'Approved\'}\n============================\n{ts}Your Personal Campaign Page{/ts}\n\n============================\n\n{ts}Your personal campaign page has been approved and is now live.{/ts}\n\n{ts}Whenever you want to preview, update or promote your page{/ts}:\n1. {ts}Login to your account at{/ts}:\n{$loginUrl}\n\n2. {ts}Click or paste this link into your browser to go to your page{/ts}:\n{$pcpInfoURL}\n\n{ts}When you view your campaign page WHILE LOGGED IN, the page includes links to edit\nyour page, tell friends, and update your contact info.{/ts}\n\n{if $isTellFriendEnabled}\n\n{ts}After logging in, you can use this form to promote your fundraising page{/ts}:\n{$pcpTellFriendURL}\n\n{/if}\n\n{if $pcpNotifyEmailAddress}\n{ts}Questions? Send email to{/ts}:\n{$pcpNotifyEmailAddress}\n{/if}\n\n{* Rejected message *}\n{elseif $pcpStatus eq \'Not Approved\'}\n============================\n{ts}Your Personal Campaign Page{/ts}\n\n============================\n\n{ts}Your personal campaign page has been reviewed. There were some issues with the content\nwhich prevented us from approving the page. We are sorry for any inconvenience.{/ts}\n\n{if $pcpNotifyEmailAddress}\n\n{ts}Please contact our site administrator for more information{/ts}:\n{$pcpNotifyEmailAddress}\n{/if}\n\n{/if}\n','<!DOCTYPE html PUBLIC \"-//W3C//DTD XHTML 1.0 Transitional//EN\" \"http://www.w3.org/TR/xhtml1/DTD/xhtml1-transitional.dtd\">\n<html xmlns=\"http://www.w3.org/1999/xhtml\">\n<head>\n <meta http-equiv=\"Content-Type\" content=\"text/html; charset=UTF-8\" />\n <title></title>\n</head>\n<body>\n\n<center>\n <table width=\"620\" border=\"0\" cellpadding=\"0\" cellspacing=\"0\" id=\"crm-event_receipt\" style=\"font-family: Arial, Verdana, sans-serif; text-align: left;\">\n\n  <!-- BEGIN HEADER -->\n  <!-- You can add table row(s) here with logo or other header elements -->\n  <!-- END HEADER -->\n\n  <!-- BEGIN CONTENT -->\n\n  <tr>\n   <td>\n\n    <h1>{ts}Your Personal Campaign Page{/ts}</h1>\n\n    {if $pcpStatus eq \'Approved\'}\n\n     <p>{ts}Your personal campaign page has been approved and is now live.{/ts}</p>\n     <p>{ts}Whenever you want to preview, update or promote your page{/ts}:</p>\n     <ol>\n      <li><a href=\"{$loginUrl}\">{ts}Login to your account{/ts}</a></li>\n      <li><a href=\"{$pcpInfoURL}\">{ts}Go to your page{/ts}</a></li>\n     </ol>\n     <p>{ts}When you view your campaign page WHILE LOGGED IN, the page includes links to edit\nyour page, tell friends, and update your contact info.{/ts}</p>\n\n     {if $isTellFriendEnabled}\n      <p><a href=\"{$pcpTellFriendURL}\">{ts}After logging in, you can use this form to promote your fundraising page{/ts}</a></p>\n     {/if}\n\n     {if $pcpNotifyEmailAddress}\n      <p>{ts}Questions? Send email to{/ts}: {$pcpNotifyEmailAddress}</p>\n     {/if}\n\n    {elseif $pcpStatus eq \'Not Approved\'}\n\n     <p>{ts}Your personal campaign page has been reviewed. There were some issues with the content\nwhich prevented us from approving the page. We are sorry for any inconvenience.{/ts}</p>\n     {if $pcpNotifyEmailAddress}\n      <p>{ts}Please contact our site administrator for more information{/ts}: {$pcpNotifyEmailAddress}</p>\n     {/if}\n\n    {/if}\n\n   </td>\n  </tr>\n\n </table>\n</center>\n\n</body>\n</html>\n',1,714,1,0,NULL),(20,'Personal Campaign Pages - Supporter Status Change Notification','{ts 1=$contribPageTitle}Your Personal Campaign Page for %1{/ts}\n','{if $pcpStatus eq \'Approved\'}\n============================\n{ts}Your Personal Campaign Page{/ts}\n\n============================\n\n{ts}Your personal campaign page has been approved and is now live.{/ts}\n\n{ts}Whenever you want to preview, update or promote your page{/ts}:\n1. {ts}Login to your account at{/ts}:\n{$loginUrl}\n\n2. {ts}Click or paste this link into your browser to go to your page{/ts}:\n{$pcpInfoURL}\n\n{ts}When you view your campaign page WHILE LOGGED IN, the page includes links to edit\nyour page, tell friends, and update your contact info.{/ts}\n\n{if $isTellFriendEnabled}\n\n{ts}After logging in, you can use this form to promote your fundraising page{/ts}:\n{$pcpTellFriendURL}\n\n{/if}\n\n{if $pcpNotifyEmailAddress}\n{ts}Questions? Send email to{/ts}:\n{$pcpNotifyEmailAddress}\n{/if}\n\n{* Rejected message *}\n{elseif $pcpStatus eq \'Not Approved\'}\n============================\n{ts}Your Personal Campaign Page{/ts}\n\n============================\n\n{ts}Your personal campaign page has been reviewed. There were some issues with the content\nwhich prevented us from approving the page. We are sorry for any inconvenience.{/ts}\n\n{if $pcpNotifyEmailAddress}\n\n{ts}Please contact our site administrator for more information{/ts}:\n{$pcpNotifyEmailAddress}\n{/if}\n\n{/if}\n','<!DOCTYPE html PUBLIC \"-//W3C//DTD XHTML 1.0 Transitional//EN\" \"http://www.w3.org/TR/xhtml1/DTD/xhtml1-transitional.dtd\">\n<html xmlns=\"http://www.w3.org/1999/xhtml\">\n<head>\n <meta http-equiv=\"Content-Type\" content=\"text/html; charset=UTF-8\" />\n <title></title>\n</head>\n<body>\n\n<center>\n <table width=\"620\" border=\"0\" cellpadding=\"0\" cellspacing=\"0\" id=\"crm-event_receipt\" style=\"font-family: Arial, Verdana, sans-serif; text-align: left;\">\n\n  <!-- BEGIN HEADER -->\n  <!-- You can add table row(s) here with logo or other header elements -->\n  <!-- END HEADER -->\n\n  <!-- BEGIN CONTENT -->\n\n  <tr>\n   <td>\n\n    <h1>{ts}Your Personal Campaign Page{/ts}</h1>\n\n    {if $pcpStatus eq \'Approved\'}\n\n     <p>{ts}Your personal campaign page has been approved and is now live.{/ts}</p>\n     <p>{ts}Whenever you want to preview, update or promote your page{/ts}:</p>\n     <ol>\n      <li><a href=\"{$loginUrl}\">{ts}Login to your account{/ts}</a></li>\n      <li><a href=\"{$pcpInfoURL}\">{ts}Go to your page{/ts}</a></li>\n     </ol>\n     <p>{ts}When you view your campaign page WHILE LOGGED IN, the page includes links to edit\nyour page, tell friends, and update your contact info.{/ts}</p>\n\n     {if $isTellFriendEnabled}\n      <p><a href=\"{$pcpTellFriendURL}\">{ts}After logging in, you can use this form to promote your fundraising page{/ts}</a></p>\n     {/if}\n\n     {if $pcpNotifyEmailAddress}\n      <p>{ts}Questions? Send email to{/ts}: {$pcpNotifyEmailAddress}</p>\n     {/if}\n\n    {elseif $pcpStatus eq \'Not Approved\'}\n\n     <p>{ts}Your personal campaign page has been reviewed. There were some issues with the content\nwhich prevented us from approving the page. We are sorry for any inconvenience.{/ts}</p>\n     {if $pcpNotifyEmailAddress}\n      <p>{ts}Please contact our site administrator for more information{/ts}: {$pcpNotifyEmailAddress}</p>\n     {/if}\n\n    {/if}\n\n   </td>\n  </tr>\n\n </table>\n</center>\n\n</body>\n</html>\n',1,714,0,1,NULL),(21,'Personal Campaign Pages - Supporter Welcome','{ts 1=$contribPageTitle}Your Personal Campaign Page for %1{/ts}\n','{ts}Dear supporter{/ts},\n{ts 1=\"$contribPageTitle\"}Thanks for creating a personal campaign page in support of %1.{/ts}\n\n{if $pcpStatus eq \'Approved\'}\n====================\n{ts}Promoting Your Page{/ts}\n\n====================\n{if $isTellFriendEnabled}\n\n{ts}You can begin your fundraising efforts using our \"Tell a Friend\" form{/ts}:\n\n1. {ts}Login to your account at{/ts}:\n{$loginUrl}\n\n2. {ts}Click or paste this link into your browser and follow the prompts{/ts}:\n{$pcpTellFriendURL}\n{else}\n\n{ts}Send email to family, friends and colleagues with a personal message about this campaign.{/ts}\n{ts}Include this link to your fundraising page in your emails{/ts}:\n{$pcpInfoURL}\n{/if}\n\n===================\n{ts}Managing Your Page{/ts}\n\n===================\n{ts}Whenever you want to preview, update or promote your page{/ts}:\n1. {ts}Login to your account at{/ts}:\n{$loginUrl}\n\n2. {ts}Click or paste this link into your browser to go to your page{/ts}:\n{$pcpInfoURL}\n\n{ts}When you view your campaign page WHILE LOGGED IN, the page includes links to edit\nyour page, tell friends, and update your contact info.{/ts}\n\n\n{elseif $pcpStatus EQ \'Waiting Review\'}\n{ts}Your page requires administrator review before you can begin your fundraising efforts.{/ts}\n\n\n{ts}A notification email has been sent to the site administrator, and you will receive another notification from them as soon as the review process is complete.{/ts}\n\n\n{ts}You can still preview your page prior to approval{/ts}:\n1. {ts}Login to your account at{/ts}:\n{$loginUrl}\n\n2. {ts}Click or paste this link into your browser{/ts}:\n{$pcpInfoURL}\n\n{/if}\n{if $pcpNotifyEmailAddress}\n{ts}Questions? Send email to{/ts}:\n{$pcpNotifyEmailAddress}\n{/if}\n','<!DOCTYPE html PUBLIC \"-//W3C//DTD XHTML 1.0 Transitional//EN\" \"http://www.w3.org/TR/xhtml1/DTD/xhtml1-transitional.dtd\">\n<html xmlns=\"http://www.w3.org/1999/xhtml\">\n<head>\n <meta http-equiv=\"Content-Type\" content=\"text/html; charset=UTF-8\" />\n <title></title>\n</head>\n<body>\n\n{capture assign=headerStyle}colspan=\"2\" style=\"text-align: left; padding: 4px; border-bottom: 1px solid #999; background-color: #eee;\"{/capture}\n{capture assign=labelStyle }style=\"padding: 4px; border-bottom: 1px solid #999; background-color: #f7f7f7;\"{/capture}\n{capture assign=valueStyle }style=\"padding: 4px; border-bottom: 1px solid #999;\"{/capture}\n\n<center>\n <table width=\"620\" border=\"0\" cellpadding=\"0\" cellspacing=\"0\" id=\"crm-event_receipt\" style=\"font-family: Arial, Verdana, sans-serif; text-align: left;\">\n\n  <!-- BEGIN HEADER -->\n  <!-- You can add table row(s) here with logo or other header elements -->\n  <!-- END HEADER -->\n\n  <!-- BEGIN CONTENT -->\n\n  <tr>\n   <td>\n    <p>{ts}Dear supporter{/ts},</p>\n    <p>{ts 1=\"$contribPageTitle\"}Thanks for creating a personal campaign page in support of %1.{/ts}</p>\n   </td>\n  </tr>\n\n  {if $pcpStatus eq \'Approved\'}\n\n    <tr>\n     <td>\n      <table style=\"border: 1px solid #999; margin: 1em 0em 1em; border-collapse: collapse; width:100%;\">\n       <tr>\n        <th {$headerStyle}>\n         {ts}Promoting Your Page{/ts}\n        </th>\n       </tr>\n       <tr>\n        <td colspan=\"2\" {$valueStyle}>\n         {if $isTellFriendEnabled}\n          <p>{ts}You can begin your fundraising efforts using our \"Tell a Friend\" form{/ts}:</p>\n          <ol>\n           <li><a href=\"{$loginUrl}\">{ts}Login to your account{/ts}</a></li>\n           <li><a href=\"{$pcpTellFriendURL}\">{ts}Click this link and follow the prompts{/ts}</a></li>\n          </ol>\n         {else}\n          <p>{ts}Send email to family, friends and colleagues with a personal message about this campaign.{/ts} {ts}Include this link to your fundraising page in your emails{/ts}: {$pcpInfoURL}</p>\n         {/if}\n        </td>\n       </tr>\n       <tr>\n        <th {$headerStyle}>\n         {ts}Managing Your Page{/ts}\n        </th>\n       <tr>\n        <td colspan=\"2\" {$valueStyle}>\n         <p>{ts}Whenever you want to preview, update or promote your page{/ts}:</p>\n         <ol>\n          <li><a href=\"{$loginUrl}\">{ts}Login to your account{/ts}</a></li>\n          <li><a href=\"{$pcpInfoURL}\">{ts}Go to your page{/ts}</a></li>\n         </ol>\n         <p>{ts}When you view your campaign page WHILE LOGGED IN, the page includes links to edit\nyour page, tell friends, and update your contact info.{/ts}</p>\n        </td>\n       </tr>\n       </tr>\n      </table>\n     </td>\n    </tr>\n\n   {elseif $pcpStatus EQ \'Waiting Review\'}\n\n    <tr>\n     <td>\n      <p>{ts}Your page requires administrator review before you can begin your fundraising efforts.{/ts}</p>\n      <p>{ts}A notification email has been sent to the site administrator, and you will receive another notification from them as soon as the review process is complete.{/ts}</p>\n      <p>{ts}You can still preview your page prior to approval{/ts}:</p>\n      <ol>\n       <li><a href=\"{$loginUrl}\">{ts}Login to your account{/ts}</a></li>\n       <li><a href=\"{$pcpInfoURL}\">{ts}Click this link{/ts}</a></li>\n      </ol>\n     </td>\n    </tr>\n\n   {/if}\n\n   {if $pcpNotifyEmailAddress}\n    <tr>\n     <td>\n      <p>{ts}Questions? Send email to{/ts}: {$pcpNotifyEmailAddress}</p>\n     </td>\n    </tr>\n   {/if}\n\n </table>\n</center>\n\n</body>\n</html>\n',1,715,1,0,NULL),(22,'Personal Campaign Pages - Supporter Welcome','{ts 1=$contribPageTitle}Your Personal Campaign Page for %1{/ts}\n','{ts}Dear supporter{/ts},\n{ts 1=\"$contribPageTitle\"}Thanks for creating a personal campaign page in support of %1.{/ts}\n\n{if $pcpStatus eq \'Approved\'}\n====================\n{ts}Promoting Your Page{/ts}\n\n====================\n{if $isTellFriendEnabled}\n\n{ts}You can begin your fundraising efforts using our \"Tell a Friend\" form{/ts}:\n\n1. {ts}Login to your account at{/ts}:\n{$loginUrl}\n\n2. {ts}Click or paste this link into your browser and follow the prompts{/ts}:\n{$pcpTellFriendURL}\n{else}\n\n{ts}Send email to family, friends and colleagues with a personal message about this campaign.{/ts}\n{ts}Include this link to your fundraising page in your emails{/ts}:\n{$pcpInfoURL}\n{/if}\n\n===================\n{ts}Managing Your Page{/ts}\n\n===================\n{ts}Whenever you want to preview, update or promote your page{/ts}:\n1. {ts}Login to your account at{/ts}:\n{$loginUrl}\n\n2. {ts}Click or paste this link into your browser to go to your page{/ts}:\n{$pcpInfoURL}\n\n{ts}When you view your campaign page WHILE LOGGED IN, the page includes links to edit\nyour page, tell friends, and update your contact info.{/ts}\n\n\n{elseif $pcpStatus EQ \'Waiting Review\'}\n{ts}Your page requires administrator review before you can begin your fundraising efforts.{/ts}\n\n\n{ts}A notification email has been sent to the site administrator, and you will receive another notification from them as soon as the review process is complete.{/ts}\n\n\n{ts}You can still preview your page prior to approval{/ts}:\n1. {ts}Login to your account at{/ts}:\n{$loginUrl}\n\n2. {ts}Click or paste this link into your browser{/ts}:\n{$pcpInfoURL}\n\n{/if}\n{if $pcpNotifyEmailAddress}\n{ts}Questions? Send email to{/ts}:\n{$pcpNotifyEmailAddress}\n{/if}\n','<!DOCTYPE html PUBLIC \"-//W3C//DTD XHTML 1.0 Transitional//EN\" \"http://www.w3.org/TR/xhtml1/DTD/xhtml1-transitional.dtd\">\n<html xmlns=\"http://www.w3.org/1999/xhtml\">\n<head>\n <meta http-equiv=\"Content-Type\" content=\"text/html; charset=UTF-8\" />\n <title></title>\n</head>\n<body>\n\n{capture assign=headerStyle}colspan=\"2\" style=\"text-align: left; padding: 4px; border-bottom: 1px solid #999; background-color: #eee;\"{/capture}\n{capture assign=labelStyle }style=\"padding: 4px; border-bottom: 1px solid #999; background-color: #f7f7f7;\"{/capture}\n{capture assign=valueStyle }style=\"padding: 4px; border-bottom: 1px solid #999;\"{/capture}\n\n<center>\n <table width=\"620\" border=\"0\" cellpadding=\"0\" cellspacing=\"0\" id=\"crm-event_receipt\" style=\"font-family: Arial, Verdana, sans-serif; text-align: left;\">\n\n  <!-- BEGIN HEADER -->\n  <!-- You can add table row(s) here with logo or other header elements -->\n  <!-- END HEADER -->\n\n  <!-- BEGIN CONTENT -->\n\n  <tr>\n   <td>\n    <p>{ts}Dear supporter{/ts},</p>\n    <p>{ts 1=\"$contribPageTitle\"}Thanks for creating a personal campaign page in support of %1.{/ts}</p>\n   </td>\n  </tr>\n\n  {if $pcpStatus eq \'Approved\'}\n\n    <tr>\n     <td>\n      <table style=\"border: 1px solid #999; margin: 1em 0em 1em; border-collapse: collapse; width:100%;\">\n       <tr>\n        <th {$headerStyle}>\n         {ts}Promoting Your Page{/ts}\n        </th>\n       </tr>\n       <tr>\n        <td colspan=\"2\" {$valueStyle}>\n         {if $isTellFriendEnabled}\n          <p>{ts}You can begin your fundraising efforts using our \"Tell a Friend\" form{/ts}:</p>\n          <ol>\n           <li><a href=\"{$loginUrl}\">{ts}Login to your account{/ts}</a></li>\n           <li><a href=\"{$pcpTellFriendURL}\">{ts}Click this link and follow the prompts{/ts}</a></li>\n          </ol>\n         {else}\n          <p>{ts}Send email to family, friends and colleagues with a personal message about this campaign.{/ts} {ts}Include this link to your fundraising page in your emails{/ts}: {$pcpInfoURL}</p>\n         {/if}\n        </td>\n       </tr>\n       <tr>\n        <th {$headerStyle}>\n         {ts}Managing Your Page{/ts}\n        </th>\n       <tr>\n        <td colspan=\"2\" {$valueStyle}>\n         <p>{ts}Whenever you want to preview, update or promote your page{/ts}:</p>\n         <ol>\n          <li><a href=\"{$loginUrl}\">{ts}Login to your account{/ts}</a></li>\n          <li><a href=\"{$pcpInfoURL}\">{ts}Go to your page{/ts}</a></li>\n         </ol>\n         <p>{ts}When you view your campaign page WHILE LOGGED IN, the page includes links to edit\nyour page, tell friends, and update your contact info.{/ts}</p>\n        </td>\n       </tr>\n       </tr>\n      </table>\n     </td>\n    </tr>\n\n   {elseif $pcpStatus EQ \'Waiting Review\'}\n\n    <tr>\n     <td>\n      <p>{ts}Your page requires administrator review before you can begin your fundraising efforts.{/ts}</p>\n      <p>{ts}A notification email has been sent to the site administrator, and you will receive another notification from them as soon as the review process is complete.{/ts}</p>\n      <p>{ts}You can still preview your page prior to approval{/ts}:</p>\n      <ol>\n       <li><a href=\"{$loginUrl}\">{ts}Login to your account{/ts}</a></li>\n       <li><a href=\"{$pcpInfoURL}\">{ts}Click this link{/ts}</a></li>\n      </ol>\n     </td>\n    </tr>\n\n   {/if}\n\n   {if $pcpNotifyEmailAddress}\n    <tr>\n     <td>\n      <p>{ts}Questions? Send email to{/ts}: {$pcpNotifyEmailAddress}</p>\n     </td>\n    </tr>\n   {/if}\n\n </table>\n</center>\n\n</body>\n</html>\n',1,715,0,1,NULL),(23,'Additional Payment Receipt or Refund Notification','{if $isRefund}{ts}Refund Notification{/ts}{else}{ts}Payment Receipt{/ts}{/if} - {if $component eq \'event\'}{$event.title}{/if}','Dear {$contactDisplayName}\n{if $paymentConfig.confirm_email_text}\n{$paymentConfig.confirm_email_text}\n{elseif $isRefund}\n{ts}A refund has been issued based on changes in your registration selections.{/ts}\n{else}\n{ts}A payment has been received.{/ts}\n{/if}\n\n{ts}Please print this confirmation for your records.{/ts}\n\n{if $isRefund}\n===============================================================================\n\n{ts}Refund Details{/ts}\n\n===============================================================================\n{ts}Total Fees{/ts}: {$totalAmount|crmMoney}\n{ts}You Paid{/ts}: {$totalPaid|crmMoney}\n------------------------------------------------------------------------------------\n{ts}Refund Amount{/ts}: {$refundAmount|crmMoney}\n\n{else}\n===============================================================================\n\n{ts}Payment Details{/ts}\n\n===============================================================================\n{ts}Total Fees{/ts}: {$totalAmount|crmMoney}\n{ts}This Payment Amount{/ts}: {$paymentAmount|crmMoney}\n------------------------------------------------------------------------------------\n{ts}Balance Owed{/ts}: {$amountOwed|crmMoney} {* This will be zero after final payment. *}\n\n{if $paymentsComplete}\n\n{ts}Thank-you. This completes your payment for {/ts}{if $component eq \'event\'}{$event.event_title}{/if}.\n{/if}\n{/if}\n{if $receive_date}\n{ts}Transaction Date{/ts}: {$receive_date|crmDate}\n{/if}\n{if $trxn_id}\n{ts}Transaction #{/ts}: {$trxn_id}\n{/if}\n{if $paidBy}\n{ts}Paid By{/ts}: {$paidBy}\n{/if}\n{if $checkNumber}\n{ts}Check Number{/ts}: {$checkNumber}\n{/if}\n{if $contributeMode eq \'direct\' and !$isAmountzero}\n\n===============================================================================\n\n{ts}Billing Name and Address{/ts}\n\n===============================================================================\n\n{$billingName}\n{$address}\n{/if}\n\n{if $contributeMode eq \'direct\' and !$isAmountzero}\n===========================================================\n{ts}Credit Card Information{/ts}\n\n===============================================================================\n\n{$credit_card_type}\n{$credit_card_number}\n{ts}Expires{/ts}: {$credit_card_exp_date|truncate:7:\'\'|crmDate}\n{/if}\n{if $component eq \'event\'}\n===============================================================================\n\n{ts}Event Information and Location{/ts}\n\n===============================================================================\n\n{$event.event_title}\n{$event.event_start_date|crmDate}{if $event.event_end_date}-{if $event.event_end_date|date_format:\"%Y%m%d\" == $event.event_start_date|date_format:\"%Y%m%d\"}{$event.event_end_date|crmDate:0:1}{else}{$event.event_end_date|crmDate}{/if}{/if}\n\n{if $event.participant_role neq \'Attendee\' and $defaultRole}\n{ts}Participant Role{/ts}: {$event.participant_role}\n{/if}\n\n{if $isShowLocation}\n{if $location.address.1.name}\n\n{$location.address.1.name}\n{/if}\n{if $location.address.1.street_address}{$location.address.1.street_address}\n{/if}\n{if $location.address.1.supplemental_address_1}{$location.address.1.supplemental_address_1}\n{/if}\n{if $location.address.1.supplemental_address_2}{$location.address.1.supplemental_address_2}\n{/if}\n{if $location.address.1.city}{$location.address.1.city} {$location.address.1.postal_code}{if $location.address.1.postal_code_suffix} - {$location.address.1.postal_code_suffix}{/if}\n{/if}\n\n{/if}{*End of isShowLocation condition*}\n\n{if $location.phone.1.phone || $location.email.1.email}\n\n{ts}Event Contacts:{/ts}\n{foreach from=$location.phone item=phone}\n{if $phone.phone}\n\n{if $phone.phone_type}{$phone.phone_type_display}{else}{ts}Phone{/ts}{/if}: {$phone.phone}{/if} {if $phone.phone_ext} {ts}ext.{/ts} {$phone.phone_ext}{/if}\n{/foreach}\n{foreach from=$location.email item=eventEmail}\n{if $eventEmail.email}\n\n{ts}Email{/ts}: {$eventEmail.email}{/if}{/foreach}\n{/if}\n{/if}\n','<!DOCTYPE html PUBLIC \"-//W3C//DTD XHTML 1.0 Transitional//EN\" \"http://www.w3.org/TR/xhtml1/DTD/xhtml1-transitional.dtd\">\n<html xmlns=\"http://www.w3.org/1999/xhtml\">\n<head>\n <meta http-equiv=\"Content-Type\" content=\"text/html; charset=UTF-8\" />\n <title></title>\n</head>\n<body>\n\n{capture assign=headerStyle}colspan=\"2\" style=\"text-align: left; padding: 4px; border-bottom: 1px solid #999; background-color: #eee;\"{/capture}\n{capture assign=labelStyle }style=\"padding: 4px; border-bottom: 1px solid #999; background-color: #f7f7f7;\"{/capture}\n{capture assign=valueStyle }style=\"padding: 4px; border-bottom: 1px solid #999;\"{/capture}\n{capture assign=emptyBlockStyle }style=\"padding: 10px; border-bottom: 1px solid #999;background-color: #f7f7f7;\"{/capture}\n{capture assign=emptyBlockValueStyle }style=\"padding: 10px; border-bottom: 1px solid #999;\"{/capture}\n\n<p>Dear {$contactDisplayName}</p>\n<center>\n <table width=\"620\" border=\"0\" cellpadding=\"0\" cellspacing=\"0\" id=\"crm-event_receipt\" style=\"font-family: Arial, Verdana, sans-serif; text-align: left;\">\n\n  <!-- BEGIN HEADER -->\n  <!-- You can add table row(s) here with logo or other header elements -->\n  <!-- END HEADER -->\n\n  <!-- BEGIN CONTENT -->\n\n  <tr>\n    <td>\n      {if $paymentConfig.confirm_email_text}\n      <p>{$paymentConfig.confirm_email_text|htmlize}</p>\n      {elseif $isRefund}\n      <p>{ts}A refund has been issued based on changes in your registration selections.{/ts}</p>\n      {else}\n      <p>{ts}A payment has been received.{/ts}</p>\n      {/if}\n      <p>{ts}Please print this confirmation for your records.{/ts}</p>\n    </td>\n  </tr>\n  <tr>\n   <td>\n    <table style=\"border: 1px solid #999; margin: 1em 0em 1em; border-collapse: collapse; width:100%;\">\n  {if $isRefund}\n  <tr>\n    <th {$headerStyle}>{ts}Refund Details{/ts}</th>\n  </tr>\n  <tr>\n    <td {$labelStyle}>\n      {ts}Total Fees{/ts}\n    </td>\n    <td {$valueStyle}>\n      {$totalAmount|crmMoney}\n    </td>\n  </tr>\n  <tr>\n    <td {$labelStyle}>\n      {ts}You Paid{/ts}\n    </td>\n    <td {$valueStyle}>\n      {$totalPaid|crmMoney}\n    </td>\n  </tr>\n  <tr>\n    <td {$labelStyle}>\n      {ts}Refund Amount{/ts}\n    </td>\n    <td {$valueStyle}>\n      {$refundAmount|crmMoney}\n    <td>\n  </tr>\n  {else}\n    <tr>\n      <th {$headerStyle}>{ts}Payment Details{/ts}</th>\n    </tr>\n    <tr>\n      <td {$labelStyle}>\n	{ts}{if $component eq \'event\'}Total Fees{/if}{/ts}\n      </td>\n      <td {$valueStyle}>\n	{$totalAmount|crmMoney}\n      </td>\n      </tr>\n      <tr>\n      <td {$labelStyle}>\n	{ts}This Payment Amount{/ts}\n      </td>\n      <td {$valueStyle}>\n	{$paymentAmount|crmMoney}\n      </td>\n      </tr>\n     <tr>\n      <td {$labelStyle}>\n	{ts}Balance Owed{/ts}\n      </td>\n       <td {$valueStyle}>\n	{$amountOwed|crmMoney}\n      </td> {* This will be zero after final payment. *}\n     </tr>\n     <tr> <td {$emptyBlockStyle}></td>\n     <td {$emptyBlockValueStyle}></td></tr>\n      {if $paymentsComplete}\n      <tr>\n      <td colspan=\'2\' {$valueStyle}>\n	{ts}Thank-you. This completes your payment for {if $component eq \'event\'}{$event.event_title}{/if}.{/ts}\n      </td>\n     </tr>\n      {/if}\n  {/if}\n  {if $receive_date}\n    <tr>\n      <td {$labelStyle}>\n	{ts}Transaction Date{/ts}\n      </td>\n      <td {$valueStyle}>\n	{$receive_date|crmDate}\n      </td>\n    </tr>\n  {/if}\n  {if $trxn_id}\n    <tr>\n      <td {$labelStyle}>\n	{ts}Transaction #{/ts}\n      </td>\n      <td {$valueStyle}>\n        {$trxn_id}\n      </td>\n    </tr>\n  {/if}\n  {if $paidBy}\n    <tr>\n      <td {$labelStyle}>\n        {ts}Paid By{/ts}\n      </td>\n      <td {$valueStyle}>\n        {$paidBy}\n      </td>\n    </tr>\n  {/if}\n  {if $checkNumber}\n    <tr>\n      <td {$labelStyle}>\n        {ts}Check Number{/ts}\n      </td>\n      <td {$valueStyle}>\n        {$checkNumber}\n      </td>\n    </tr>\n  {/if}\n  </table>\n  </td>\n  </tr>\n    <tr>\n      <td>\n	<table style=\"border: 1px solid #999; margin: 1em 0em 1em; border-collapse: collapse; width:100%;\">\n	  {if $contributeMode eq \'direct\' and !$isAmountzero}\n          <tr>\n            <th {$headerStyle}>\n	      {ts}Billing Name and Address{/ts}\n            </th>\n          </tr>\n          <tr>\n            <td colspan=\"2\" {$valueStyle}>\n	      {$billingName}<br />\n	      {$address|nl2br}\n            </td>\n          </tr>\n	  {/if}\n	  {if $contributeMode eq\'direct\' and !$isAmountzero}\n          <tr>\n            <th {$headerStyle}>\n	      {ts}Credit Card Information{/ts}\n            </th>\n          </tr>\n          <tr>\n            <td colspan=\"2\" {$valueStyle}>\n	      {$credit_card_type}<br />\n	      {$credit_card_number}<br />\n	      {ts}Expires:{/ts} {$credit_card_exp_date|truncate:7:\'\'|crmDate}\n            </td>\n          </tr>\n	  {/if}\n	  {if $component eq \'event\'}\n	  <tr>\n	    <th {$headerStyle}>\n	      {ts}Event Information and Location{/ts}\n	    </th>\n	  </tr>\n	  <tr>\n	    <td colspan=\"2\" {$valueStyle}>\n 	      {$event.event_title}<br />\n	      {$event.event_start_date|crmDate}{if $event.event_end_date}-{if $event.event_end_date|date_format:\"%Y%m%d\" == $event.event_start_date|date_format:\"%Y%m%d\"}{$event.event_end_date|crmDate:0:1}{else}{$event.event_end_date|crmDate}{/if}{/if}\n	    </td>\n	  </tr>\n\n	  {if $event.participant_role neq \'Attendee\' and $defaultRole}\n	  <tr>\n	    <td {$labelStyle}>\n	      {ts}Participant Role{/ts}\n	    </td>\n	    <td {$valueStyle}>\n	      {$event.participant_role}\n	    </td>\n	  </tr>\n	  {/if}\n\n	  {if $isShowLocation}\n	  <tr>\n	    <td colspan=\"2\" {$valueStyle}>\n	      {if $location.address.1.name}\n	      {$location.address.1.name}<br />\n	      {/if}\n	      {if $location.address.1.street_address}\n	      {$location.address.1.street_address}<br />\n	      {/if}\n	      {if $location.address.1.supplemental_address_1}\n	      {$location.address.1.supplemental_address_1}<br />\n	      {/if}\n	      {if $location.address.1.supplemental_address_2}\n	      {$location.address.1.supplemental_address_2}<br />\n	      {/if}\n	      {if $location.address.1.city}\n	      {$location.address.1.city} {$location.address.1.postal_code}{if $location.address.1.postal_code_suffix} - {$location.address.1.postal_code_suffix}{/if}<br />\n	      {/if}\n	    </td>\n	  </tr>\n	  {/if}\n\n	  {if $location.phone.1.phone || $location.email.1.email}\n	  <tr>\n	    <td colspan=\"2\" {$labelStyle}>\n	      {ts}Event Contacts:{/ts}\n	    </td>\n	  </tr>\n	  {foreach from=$location.phone item=phone}\n	  {if $phone.phone}\n          <tr>\n            <td {$labelStyle}>\n	      {if $phone.phone_type}\n	      {$phone.phone_type_display}\n	      {else}\n	      {ts}Phone{/ts}\n	      {/if}\n            </td>\n            <td {$valueStyle}>\n	      {$phone.phone} {if $phone.phone_ext}&nbsp;{ts}ext.{/ts} {$phone.phone_ext}{/if}\n            </td>\n          </tr>\n	  {/if}\n	  {/foreach}\n	  {foreach from=$location.email item=eventEmail}\n	  {if $eventEmail.email}\n          <tr>\n            <td {$labelStyle}>\n	      {ts}Email{/ts}\n            </td>\n            <td {$valueStyle}>\n	      {$eventEmail.email}\n            </td>\n          </tr>\n	  {/if}\n	  {/foreach}\n	  {/if} {*phone block close*}\n	  {/if}\n	</table>\n      </td>\n    </tr>\n\n    </table>\n  </center>\n\n </body>\n</html>\n',1,716,1,0,NULL),(24,'Additional Payment Receipt or Refund Notification','{if $isRefund}{ts}Refund Notification{/ts}{else}{ts}Payment Receipt{/ts}{/if} - {if $component eq \'event\'}{$event.title}{/if}','Dear {$contactDisplayName}\n{if $paymentConfig.confirm_email_text}\n{$paymentConfig.confirm_email_text}\n{elseif $isRefund}\n{ts}A refund has been issued based on changes in your registration selections.{/ts}\n{else}\n{ts}A payment has been received.{/ts}\n{/if}\n\n{ts}Please print this confirmation for your records.{/ts}\n\n{if $isRefund}\n===============================================================================\n\n{ts}Refund Details{/ts}\n\n===============================================================================\n{ts}Total Fees{/ts}: {$totalAmount|crmMoney}\n{ts}You Paid{/ts}: {$totalPaid|crmMoney}\n------------------------------------------------------------------------------------\n{ts}Refund Amount{/ts}: {$refundAmount|crmMoney}\n\n{else}\n===============================================================================\n\n{ts}Payment Details{/ts}\n\n===============================================================================\n{ts}Total Fees{/ts}: {$totalAmount|crmMoney}\n{ts}This Payment Amount{/ts}: {$paymentAmount|crmMoney}\n------------------------------------------------------------------------------------\n{ts}Balance Owed{/ts}: {$amountOwed|crmMoney} {* This will be zero after final payment. *}\n\n{if $paymentsComplete}\n\n{ts}Thank-you. This completes your payment for {/ts}{if $component eq \'event\'}{$event.event_title}{/if}.\n{/if}\n{/if}\n{if $receive_date}\n{ts}Transaction Date{/ts}: {$receive_date|crmDate}\n{/if}\n{if $trxn_id}\n{ts}Transaction #{/ts}: {$trxn_id}\n{/if}\n{if $paidBy}\n{ts}Paid By{/ts}: {$paidBy}\n{/if}\n{if $checkNumber}\n{ts}Check Number{/ts}: {$checkNumber}\n{/if}\n{if $contributeMode eq \'direct\' and !$isAmountzero}\n\n===============================================================================\n\n{ts}Billing Name and Address{/ts}\n\n===============================================================================\n\n{$billingName}\n{$address}\n{/if}\n\n{if $contributeMode eq \'direct\' and !$isAmountzero}\n===========================================================\n{ts}Credit Card Information{/ts}\n\n===============================================================================\n\n{$credit_card_type}\n{$credit_card_number}\n{ts}Expires{/ts}: {$credit_card_exp_date|truncate:7:\'\'|crmDate}\n{/if}\n{if $component eq \'event\'}\n===============================================================================\n\n{ts}Event Information and Location{/ts}\n\n===============================================================================\n\n{$event.event_title}\n{$event.event_start_date|crmDate}{if $event.event_end_date}-{if $event.event_end_date|date_format:\"%Y%m%d\" == $event.event_start_date|date_format:\"%Y%m%d\"}{$event.event_end_date|crmDate:0:1}{else}{$event.event_end_date|crmDate}{/if}{/if}\n\n{if $event.participant_role neq \'Attendee\' and $defaultRole}\n{ts}Participant Role{/ts}: {$event.participant_role}\n{/if}\n\n{if $isShowLocation}\n{if $location.address.1.name}\n\n{$location.address.1.name}\n{/if}\n{if $location.address.1.street_address}{$location.address.1.street_address}\n{/if}\n{if $location.address.1.supplemental_address_1}{$location.address.1.supplemental_address_1}\n{/if}\n{if $location.address.1.supplemental_address_2}{$location.address.1.supplemental_address_2}\n{/if}\n{if $location.address.1.city}{$location.address.1.city} {$location.address.1.postal_code}{if $location.address.1.postal_code_suffix} - {$location.address.1.postal_code_suffix}{/if}\n{/if}\n\n{/if}{*End of isShowLocation condition*}\n\n{if $location.phone.1.phone || $location.email.1.email}\n\n{ts}Event Contacts:{/ts}\n{foreach from=$location.phone item=phone}\n{if $phone.phone}\n\n{if $phone.phone_type}{$phone.phone_type_display}{else}{ts}Phone{/ts}{/if}: {$phone.phone}{/if} {if $phone.phone_ext} {ts}ext.{/ts} {$phone.phone_ext}{/if}\n{/foreach}\n{foreach from=$location.email item=eventEmail}\n{if $eventEmail.email}\n\n{ts}Email{/ts}: {$eventEmail.email}{/if}{/foreach}\n{/if}\n{/if}\n','<!DOCTYPE html PUBLIC \"-//W3C//DTD XHTML 1.0 Transitional//EN\" \"http://www.w3.org/TR/xhtml1/DTD/xhtml1-transitional.dtd\">\n<html xmlns=\"http://www.w3.org/1999/xhtml\">\n<head>\n <meta http-equiv=\"Content-Type\" content=\"text/html; charset=UTF-8\" />\n <title></title>\n</head>\n<body>\n\n{capture assign=headerStyle}colspan=\"2\" style=\"text-align: left; padding: 4px; border-bottom: 1px solid #999; background-color: #eee;\"{/capture}\n{capture assign=labelStyle }style=\"padding: 4px; border-bottom: 1px solid #999; background-color: #f7f7f7;\"{/capture}\n{capture assign=valueStyle }style=\"padding: 4px; border-bottom: 1px solid #999;\"{/capture}\n{capture assign=emptyBlockStyle }style=\"padding: 10px; border-bottom: 1px solid #999;background-color: #f7f7f7;\"{/capture}\n{capture assign=emptyBlockValueStyle }style=\"padding: 10px; border-bottom: 1px solid #999;\"{/capture}\n\n<p>Dear {$contactDisplayName}</p>\n<center>\n <table width=\"620\" border=\"0\" cellpadding=\"0\" cellspacing=\"0\" id=\"crm-event_receipt\" style=\"font-family: Arial, Verdana, sans-serif; text-align: left;\">\n\n  <!-- BEGIN HEADER -->\n  <!-- You can add table row(s) here with logo or other header elements -->\n  <!-- END HEADER -->\n\n  <!-- BEGIN CONTENT -->\n\n  <tr>\n    <td>\n      {if $paymentConfig.confirm_email_text}\n      <p>{$paymentConfig.confirm_email_text|htmlize}</p>\n      {elseif $isRefund}\n      <p>{ts}A refund has been issued based on changes in your registration selections.{/ts}</p>\n      {else}\n      <p>{ts}A payment has been received.{/ts}</p>\n      {/if}\n      <p>{ts}Please print this confirmation for your records.{/ts}</p>\n    </td>\n  </tr>\n  <tr>\n   <td>\n    <table style=\"border: 1px solid #999; margin: 1em 0em 1em; border-collapse: collapse; width:100%;\">\n  {if $isRefund}\n  <tr>\n    <th {$headerStyle}>{ts}Refund Details{/ts}</th>\n  </tr>\n  <tr>\n    <td {$labelStyle}>\n      {ts}Total Fees{/ts}\n    </td>\n    <td {$valueStyle}>\n      {$totalAmount|crmMoney}\n    </td>\n  </tr>\n  <tr>\n    <td {$labelStyle}>\n      {ts}You Paid{/ts}\n    </td>\n    <td {$valueStyle}>\n      {$totalPaid|crmMoney}\n    </td>\n  </tr>\n  <tr>\n    <td {$labelStyle}>\n      {ts}Refund Amount{/ts}\n    </td>\n    <td {$valueStyle}>\n      {$refundAmount|crmMoney}\n    <td>\n  </tr>\n  {else}\n    <tr>\n      <th {$headerStyle}>{ts}Payment Details{/ts}</th>\n    </tr>\n    <tr>\n      <td {$labelStyle}>\n	{ts}{if $component eq \'event\'}Total Fees{/if}{/ts}\n      </td>\n      <td {$valueStyle}>\n	{$totalAmount|crmMoney}\n      </td>\n      </tr>\n      <tr>\n      <td {$labelStyle}>\n	{ts}This Payment Amount{/ts}\n      </td>\n      <td {$valueStyle}>\n	{$paymentAmount|crmMoney}\n      </td>\n      </tr>\n     <tr>\n      <td {$labelStyle}>\n	{ts}Balance Owed{/ts}\n      </td>\n       <td {$valueStyle}>\n	{$amountOwed|crmMoney}\n      </td> {* This will be zero after final payment. *}\n     </tr>\n     <tr> <td {$emptyBlockStyle}></td>\n     <td {$emptyBlockValueStyle}></td></tr>\n      {if $paymentsComplete}\n      <tr>\n      <td colspan=\'2\' {$valueStyle}>\n	{ts}Thank-you. This completes your payment for {if $component eq \'event\'}{$event.event_title}{/if}.{/ts}\n      </td>\n     </tr>\n      {/if}\n  {/if}\n  {if $receive_date}\n    <tr>\n      <td {$labelStyle}>\n	{ts}Transaction Date{/ts}\n      </td>\n      <td {$valueStyle}>\n	{$receive_date|crmDate}\n      </td>\n    </tr>\n  {/if}\n  {if $trxn_id}\n    <tr>\n      <td {$labelStyle}>\n	{ts}Transaction #{/ts}\n      </td>\n      <td {$valueStyle}>\n        {$trxn_id}\n      </td>\n    </tr>\n  {/if}\n  {if $paidBy}\n    <tr>\n      <td {$labelStyle}>\n        {ts}Paid By{/ts}\n      </td>\n      <td {$valueStyle}>\n        {$paidBy}\n      </td>\n    </tr>\n  {/if}\n  {if $checkNumber}\n    <tr>\n      <td {$labelStyle}>\n        {ts}Check Number{/ts}\n      </td>\n      <td {$valueStyle}>\n        {$checkNumber}\n      </td>\n    </tr>\n  {/if}\n  </table>\n  </td>\n  </tr>\n    <tr>\n      <td>\n	<table style=\"border: 1px solid #999; margin: 1em 0em 1em; border-collapse: collapse; width:100%;\">\n	  {if $contributeMode eq \'direct\' and !$isAmountzero}\n          <tr>\n            <th {$headerStyle}>\n	      {ts}Billing Name and Address{/ts}\n            </th>\n          </tr>\n          <tr>\n            <td colspan=\"2\" {$valueStyle}>\n	      {$billingName}<br />\n	      {$address|nl2br}\n            </td>\n          </tr>\n	  {/if}\n	  {if $contributeMode eq\'direct\' and !$isAmountzero}\n          <tr>\n            <th {$headerStyle}>\n	      {ts}Credit Card Information{/ts}\n            </th>\n          </tr>\n          <tr>\n            <td colspan=\"2\" {$valueStyle}>\n	      {$credit_card_type}<br />\n	      {$credit_card_number}<br />\n	      {ts}Expires:{/ts} {$credit_card_exp_date|truncate:7:\'\'|crmDate}\n            </td>\n          </tr>\n	  {/if}\n	  {if $component eq \'event\'}\n	  <tr>\n	    <th {$headerStyle}>\n	      {ts}Event Information and Location{/ts}\n	    </th>\n	  </tr>\n	  <tr>\n	    <td colspan=\"2\" {$valueStyle}>\n 	      {$event.event_title}<br />\n	      {$event.event_start_date|crmDate}{if $event.event_end_date}-{if $event.event_end_date|date_format:\"%Y%m%d\" == $event.event_start_date|date_format:\"%Y%m%d\"}{$event.event_end_date|crmDate:0:1}{else}{$event.event_end_date|crmDate}{/if}{/if}\n	    </td>\n	  </tr>\n\n	  {if $event.participant_role neq \'Attendee\' and $defaultRole}\n	  <tr>\n	    <td {$labelStyle}>\n	      {ts}Participant Role{/ts}\n	    </td>\n	    <td {$valueStyle}>\n	      {$event.participant_role}\n	    </td>\n	  </tr>\n	  {/if}\n\n	  {if $isShowLocation}\n	  <tr>\n	    <td colspan=\"2\" {$valueStyle}>\n	      {if $location.address.1.name}\n	      {$location.address.1.name}<br />\n	      {/if}\n	      {if $location.address.1.street_address}\n	      {$location.address.1.street_address}<br />\n	      {/if}\n	      {if $location.address.1.supplemental_address_1}\n	      {$location.address.1.supplemental_address_1}<br />\n	      {/if}\n	      {if $location.address.1.supplemental_address_2}\n	      {$location.address.1.supplemental_address_2}<br />\n	      {/if}\n	      {if $location.address.1.city}\n	      {$location.address.1.city} {$location.address.1.postal_code}{if $location.address.1.postal_code_suffix} - {$location.address.1.postal_code_suffix}{/if}<br />\n	      {/if}\n	    </td>\n	  </tr>\n	  {/if}\n\n	  {if $location.phone.1.phone || $location.email.1.email}\n	  <tr>\n	    <td colspan=\"2\" {$labelStyle}>\n	      {ts}Event Contacts:{/ts}\n	    </td>\n	  </tr>\n	  {foreach from=$location.phone item=phone}\n	  {if $phone.phone}\n          <tr>\n            <td {$labelStyle}>\n	      {if $phone.phone_type}\n	      {$phone.phone_type_display}\n	      {else}\n	      {ts}Phone{/ts}\n	      {/if}\n            </td>\n            <td {$valueStyle}>\n	      {$phone.phone} {if $phone.phone_ext}&nbsp;{ts}ext.{/ts} {$phone.phone_ext}{/if}\n            </td>\n          </tr>\n	  {/if}\n	  {/foreach}\n	  {foreach from=$location.email item=eventEmail}\n	  {if $eventEmail.email}\n          <tr>\n            <td {$labelStyle}>\n	      {ts}Email{/ts}\n            </td>\n            <td {$valueStyle}>\n	      {$eventEmail.email}\n            </td>\n          </tr>\n	  {/if}\n	  {/foreach}\n	  {/if} {*phone block close*}\n	  {/if}\n	</table>\n      </td>\n    </tr>\n\n    </table>\n  </center>\n\n </body>\n</html>\n',1,716,0,1,NULL),(25,'Events - Registration Confirmation and Receipt (off-line)','{ts}Event Confirmation{/ts} - {$event.title}\n','{if $event.confirm_email_text AND (not $isOnWaitlist AND not $isRequireApproval)}\n{$event.confirm_email_text}\n{/if}\n\n{if $isOnWaitlist}\n==========================================================={if $pricesetFieldsCount }===================={/if}\n\n{ts}You have been added to the WAIT LIST for this event.{/ts}\n\n{if $isPrimary}\n{ts}If space becomes available you will receive an email with\na link to a web page where you can complete your registration.{/ts}\n\n{/if}\n==========================================================={if $pricesetFieldsCount }===================={/if}\n\n{elseif $isRequireApproval}\n==========================================================={if $pricesetFieldsCount }===================={/if}\n\n{ts}Your registration has been submitted.{/ts}\n\n{if $isPrimary}\n{ts}Once your registration has been reviewed, you will receive\nan email with a link to a web page where you can complete the\nregistration process.{/ts}\n\n{/if}\n==========================================================={if $pricesetFieldsCount }===================={/if}\n\n{elseif $is_pay_later}\n\n==========================================================={if $pricesetFieldsCount }===================={/if}\n\n{$pay_later_receipt}\n==========================================================={if $pricesetFieldsCount }===================={/if}\n\n{else}\n\n{ts}Please print this confirmation for your records.{/ts}\n{/if}\n\n\n==========================================================={if $pricesetFieldsCount }===================={/if}\n\n{ts}Event Information and Location{/ts}\n\n==========================================================={if $pricesetFieldsCount }===================={/if}\n\n{$event.event_title}\n{$event.event_start_date|crmDate}{if $event.event_end_date}-{if $event.event_end_date|date_format:\"%Y%m%d\" == $event.event_start_date|date_format:\"%Y%m%d\"}{$event.event_end_date|crmDate:0:1}{else}{$event.event_end_date|crmDate}{/if}{/if}\n\n{if $event.participant_role neq \'Attendee\' and $defaultRole}\n{ts}Participant Role{/ts}: {$event.participant_role}\n{/if}\n\n{if $isShowLocation}\n{if $location.address.1.name}\n\n{$location.address.1.name}\n{/if}\n{if $location.address.1.street_address}{$location.address.1.street_address}\n{/if}\n{if $location.address.1.supplemental_address_1}{$location.address.1.supplemental_address_1}\n{/if}\n{if $location.address.1.supplemental_address_2}{$location.address.1.supplemental_address_2}\n{/if}\n{if $location.address.1.city}{$location.address.1.city} {$location.address.1.postal_code}{if $location.address.1.postal_code_suffix} - {$location.address.1.postal_code_suffix}{/if}\n{/if}\n\n{/if}{*End of isShowLocation condition*}\n\n{if $location.phone.1.phone || $location.email.1.email}\n\n{ts}Event Contacts:{/ts}\n{foreach from=$location.phone item=phone}\n{if $phone.phone}\n\n{if $phone.phone_type}{$phone.phone_type_display}{else}{ts}Phone{/ts}{/if}: {$phone.phone}{/if} {if $phone.phone_ext} {ts}ext.{/ts} {$phone.phone_ext}{/if}\n{/foreach}\n{foreach from=$location.email item=eventEmail}\n{if $eventEmail.email}\n\n{ts}Email{/ts}: {$eventEmail.email}{/if}{/foreach}\n{/if}\n\n{if $event.is_public} \n{capture assign=icalFeed}{crmURL p=\'civicrm/event/ical\' q=\"reset=1&id=`$event.id`\" h=0 a=1 fe=1}{/capture}\n{ts}Download iCalendar File:{/ts} {$icalFeed}\n{/if}\n\n{if $email}\n\n==========================================================={if $pricesetFieldsCount }===================={/if}\n\n{ts}Registered Email{/ts}\n\n==========================================================={if $pricesetFieldsCount }===================={/if}\n\n{$email}\n{/if}\n{if $event.is_monetary} {* This section for Paid events only.*}\n\n==========================================================={if $pricesetFieldsCount }===================={/if}\n\n{$event.fee_label}\n==========================================================={if $pricesetFieldsCount }===================={/if}\n\n{if $lineItem}{foreach from=$lineItem item=value key=priceset}\n\n{if $value neq \'skip\'}\n{if $isPrimary}\n{if $lineItem|@count GT 1} {* Header for multi participant registration cases. *}\n{ts 1=$priceset+1}Participant %1{/ts}\n{/if}\n{/if}\n---------------------------------------------------------{if $pricesetFieldsCount }--------------------{/if}\n\n{capture assign=ts_item}{ts}Item{/ts}{/capture}\n{capture assign=ts_qty}{ts}Qty{/ts}{/capture}\n{capture assign=ts_each}{ts}Each{/ts}{/capture}\n{capture assign=ts_total}{ts}Total{/ts}{/capture}\n{capture assign=ts_participant_total}{if $pricesetFieldsCount }{ts}Total Participants{/ts}{/if}{/capture}\n{$ts_item|string_format:\"%-30s\"} {$ts_qty|string_format:\"%5s\"} {$ts_each|string_format:\"%10s\"} {$ts_total|string_format:\"%10s\"} {$ts_participant_total|string_format:\"%10s\"}\n----------------------------------------------------------{if $pricesetFieldsCount }--------------------{/if}\n\n{foreach from=$value item=line}\n{if $pricesetFieldsCount }{capture assign=ts_participant_count}{$line.participant_count}{/capture}{/if}\n{capture assign=ts_item}{if $line.html_type eq \'Text\'}{$line.label}{else}{$line.field_title} - {$line.label}{/if} {if $line.description} {$line.description}{/if}{/capture}{$ts_item|truncate:30:\"...\"|string_format:\"%-30s\"} {$line.qty|string_format:\"%5s\"} {$line.unit_price|crmMoney|string_format:\"%10s\"} {$line.line_total|crmMoney|string_format:\"%10s\"} {$ts_participant_count|string_format:\"%10s\"}\n{/foreach}\n{/if}\n{/foreach}\n{/if}\n{if $amount && !$lineItem}\n{foreach from=$amount item=amnt key=level}{$amnt.amount|crmMoney} {$amnt.label}\n{/foreach}\n{/if}\n{if $isPrimary}\n\n{if $balanceAmount}{ts}Total Paid{/ts}{else}{ts}Total Amount{/ts}{/if}: {$totalAmount|crmMoney} {if $hookDiscount.message}({$hookDiscount.message}){/if}\n\n{if $balanceAmount}\n{ts}Balance{/ts}: {$balanceAmount|crmMoney}\n{/if}\n\n{if $pricesetFieldsCount }\n      {assign var=\"count\" value= 0}\n      {foreach from=$lineItem item=pcount}\n      {assign var=\"lineItemCount\" value=0}\n      {if $pcount neq \'skip\'}\n        {foreach from=$pcount item=p_count}\n        {assign var=\"lineItemCount\" value=$lineItemCount+$p_count.participant_count}\n        {/foreach}\n        {if $lineItemCount < 1 }\n        {assign var=\"lineItemCount\" value=1}\n        {/if}\n      {assign var=\"count\" value=$count+$lineItemCount}\n      {/if}\n      {/foreach}\n\n{ts}Total Participants{/ts}: {$count}\n{/if}\n\n{if $is_pay_later }\n\n==========================================================={if $pricesetFieldsCount }===================={/if}\n\n{$pay_later_receipt}\n==========================================================={if $pricesetFieldsCount }===================={/if}\n\n{/if}\n\n{if $register_date}\n{ts}Registration Date{/ts}: {$register_date|crmDate}\n{/if}\n{if $receive_date}\n{ts}Transaction Date{/ts}: {$receive_date|crmDate}\n{/if}\n{if $contributionTypeName}\n{ts}Financial Type{/ts}: {$contributionTypeName}\n{/if}\n{if $trxn_id}\n{ts}Transaction #{/ts}: {$trxn_id}\n{/if}\n{if $paidBy}\n{ts}Paid By{/ts}: {$paidBy}\n{/if}\n{if $checkNumber}\n{ts}Check Number{/ts}: {$checkNumber}\n{/if}\n{if $contributeMode ne \'notify\' and !$isAmountzero and !$is_pay_later and !$isOnWaitlist and !$isRequireApproval}\n\n==========================================================={if $pricesetFieldsCount }===================={/if}\n\n{ts}Billing Name and Address{/ts}\n\n==========================================================={if $pricesetFieldsCount }===================={/if}\n\n{$billingName}\n{$address}\n{/if}\n\n{if $contributeMode eq \'direct\' and !$isAmountzero and !$is_pay_later and !$isOnWaitlist and !$isRequireApproval}\n===========================================================\n{ts}Credit Card Information{/ts}\n\n==========================================================={if $pricesetFieldsCount }===================={/if}\n\n{$credit_card_type}\n{$credit_card_number}\n{ts}Expires{/ts}: {$credit_card_exp_date|truncate:7:\'\'|crmDate}\n{/if}\n{/if}\n{/if} {* End of conditional section for Paid events *}\n\n{if $customPre}\n==========================================================={if $pricesetFieldsCount }===================={/if}\n\n{$customPre_grouptitle}\n==========================================================={if $pricesetFieldsCount }===================={/if}\n\n{foreach from=$customPre item=value key=customName}\n{if ( $trackingFields and ! in_array( $customName, $trackingFields ) ) or ! $trackingFields}\n{$customName}: {$value}\n{/if}\n{/foreach}\n{/if}\n\n{if $customPost}\n==========================================================={if $pricesetFieldsCount }===================={/if}\n\n{$customPost_grouptitle}\n==========================================================={if $pricesetFieldsCount }===================={/if}\n\n{foreach from=$customPost item=value key=customName}\n{if ( $trackingFields and ! in_array( $customName, $trackingFields ) ) or ! $trackingFields}\n{$customName}: {$value}\n{/if}\n{/foreach}\n{/if}\n{if $customProfile}\n\n{foreach from=$customProfile item=value key=customName}\n==========================================================={if $pricesetFieldsCount }===================={/if}\n\n{ts 1=$customName+1}Participant Information - Participant %1{/ts}\n\n==========================================================={if $pricesetFieldsCount }===================={/if}\n\n{foreach from=$value item=val key=field}\n{if $field eq \'additionalCustomPre\' or $field eq \'additionalCustomPost\' }\n{if $field eq \'additionalCustomPre\' }\n----------------------------------------------------------{if $pricesetFieldsCount }--------------------{/if}\n\n{$additionalCustomPre_grouptitle}\n----------------------------------------------------------{if $pricesetFieldsCount }--------------------{/if}\n\n{else}\n----------------------------------------------------------{if $pricesetFieldsCount }--------------------{/if}\n\n{$additionalCustomPost_grouptitle}\n----------------------------------------------------------{if $pricesetFieldsCount }--------------------{/if}\n\n{/if}\n{foreach from=$val item=v key=f}\n{$f}: {$v}\n{/foreach}\n{/if}\n{/foreach}\n{/foreach}\n{/if}\n{if $customGroup}\n{foreach from=$customGroup item=value key=customName}\n=========================================================={if $pricesetFieldsCount }===================={/if}\n\n{$customName}\n=========================================================={if $pricesetFieldsCount }===================={/if}\n\n{foreach from=$value item=v key=n}\n{$n}: {$v}\n{/foreach}\n{/foreach}\n{/if}\n\n\n','<!DOCTYPE html PUBLIC \"-//W3C//DTD XHTML 1.0 Transitional//EN\" \"http://www.w3.org/TR/xhtml1/DTD/xhtml1-transitional.dtd\">\n<html xmlns=\"http://www.w3.org/1999/xhtml\">\n<head>\n <meta http-equiv=\"Content-Type\" content=\"text/html; charset=UTF-8\" />\n <title></title>\n</head>\n<body>\n\n{capture assign=headerStyle}colspan=\"2\" style=\"text-align: left; padding: 4px; border-bottom: 1px solid #999; background-color: #eee;\"{/capture}\n{capture assign=labelStyle }style=\"padding: 4px; border-bottom: 1px solid #999; background-color: #f7f7f7;\"{/capture}\n{capture assign=valueStyle }style=\"padding: 4px; border-bottom: 1px solid #999;\"{/capture}\n\n<center>\n <table width=\"620\" border=\"0\" cellpadding=\"0\" cellspacing=\"0\" id=\"crm-event_receipt\" style=\"font-family: Arial, Verdana, sans-serif; text-align: left;\">\n\n  <!-- BEGIN HEADER -->\n  <!-- You can add table row(s) here with logo or other header elements -->\n  <!-- END HEADER -->\n\n  <!-- BEGIN CONTENT -->\n\n  <tr>\n   <td>\n\n    {if $event.confirm_email_text AND (not $isOnWaitlist AND not $isRequireApproval)}\n     <p>{$event.confirm_email_text|htmlize}</p>\n    {/if}\n\n    {if $isOnWaitlist}\n     <p>{ts}You have been added to the WAIT LIST for this event.{/ts}</p>\n     {if $isPrimary}\n       <p>{ts}If space becomes available you will receive an email with\na link to a web page where you can complete your registration.{/ts}</p>\n     {/if}\n    {elseif $isRequireApproval}\n     <p>{ts}Your registration has been submitted.{/ts}</p>\n     {if $isPrimary}\n      <p>{ts}Once your registration has been reviewed, you will receive\nan email with a link to a web page where you can complete the\nregistration process.{/ts}</p>\n     {/if}\n    {elseif $is_pay_later}\n     <p>{$pay_later_receipt}</p> {* FIXME: this might be text rather than HTML *}\n    {else}\n     <p>{ts}Please print this confirmation for your records.{/ts}</p>\n    {/if}\n\n   </td>\n  </tr>\n  <tr>\n   <td>\n    <table style=\"border: 1px solid #999; margin: 1em 0em 1em; border-collapse: collapse; width:100%;\">\n     <tr>\n      <th {$headerStyle}>\n       {ts}Event Information and Location{/ts}\n      </th>\n     </tr>\n     <tr>\n      <td colspan=\"2\" {$valueStyle}>\n       {$event.event_title}<br />\n       {$event.event_start_date|crmDate}{if $event.event_end_date}-{if $event.event_end_date|date_format:\"%Y%m%d\" == $event.event_start_date|date_format:\"%Y%m%d\"}{$event.event_end_date|crmDate:0:1}{else}{$event.event_end_date|crmDate}{/if}{/if}\n      </td>\n     </tr>\n\n     {if $event.participant_role neq \'Attendee\' and $defaultRole}\n      <tr>\n       <td {$labelStyle}>\n        {ts}Participant Role{/ts}\n       </td>\n       <td {$valueStyle}>\n        {$event.participant_role}\n       </td>\n      </tr>\n     {/if}\n\n     {if $isShowLocation}\n      <tr>\n       <td colspan=\"2\" {$valueStyle}>\n        {if $location.address.1.name}\n         {$location.address.1.name}<br />\n        {/if}\n        {if $location.address.1.street_address}\n         {$location.address.1.street_address}<br />\n        {/if}\n        {if $location.address.1.supplemental_address_1}\n         {$location.address.1.supplemental_address_1}<br />\n        {/if}\n        {if $location.address.1.supplemental_address_2}\n         {$location.address.1.supplemental_address_2}<br />\n        {/if}\n        {if $location.address.1.city}\n         {$location.address.1.city} {$location.address.1.postal_code}{if $location.address.1.postal_code_suffix} - {$location.address.1.postal_code_suffix}{/if}<br />\n        {/if}\n       </td>\n      </tr>\n     {/if}\n\n     {if $location.phone.1.phone || $location.email.1.email}\n      <tr>\n       <td colspan=\"2\" {$labelStyle}>\n        {ts}Event Contacts:{/ts}\n       </td>\n      </tr>\n      {foreach from=$location.phone item=phone}\n       {if $phone.phone}\n        <tr>\n         <td {$labelStyle}>\n          {if $phone.phone_type}\n           {$phone.phone_type_display}\n          {else}\n           {ts}Phone{/ts}\n          {/if}\n         </td>\n         <td {$valueStyle}>\n          {$phone.phone} {if $phone.phone_ext}&nbsp;{ts}ext.{/ts} {$phone.phone_ext}{/if}\n         </td>\n        </tr>\n       {/if}\n      {/foreach}\n      {foreach from=$location.email item=eventEmail}\n       {if $eventEmail.email}\n        <tr>\n         <td {$labelStyle}>\n          {ts}Email{/ts}\n         </td>\n         <td {$valueStyle}>\n          {$eventEmail.email}\n         </td>\n        </tr>\n       {/if}\n      {/foreach}\n     {/if}\n	 \n     {if $event.is_public} \n      <tr>\n       <td colspan=\"2\" {$valueStyle}>\n        {capture assign=icalFeed}{crmURL p=\'civicrm/event/ical\' q=\"reset=1&id=`$event.id`\" h=0 a=1 fe=1}{/capture}\n        <a href=\"{$icalFeed}\">{ts}Download iCalendar File{/ts}</a>\n       </td>\n      </tr>\n     {/if}\n	 \n     {if $email}\n      <tr>\n       <th {$headerStyle}>\n        {ts}Registered Email{/ts}\n       </th>\n      </tr>\n      <tr>\n       <td colspan=\"2\" {$valueStyle}>\n        {$email}\n       </td>\n      </tr>\n     {/if}\n\n\n     {if $event.is_monetary}\n\n      <tr>\n       <th {$headerStyle}>\n        {$event.fee_label}\n       </th>\n      </tr>\n\n      {if $lineItem}\n       {foreach from=$lineItem item=value key=priceset}\n        {if $value neq \'skip\'}\n         {if $isPrimary}\n          {if $lineItem|@count GT 1} {* Header for multi participant registration cases. *}\n           <tr>\n            <td colspan=\"2\" {$labelStyle}>\n             {ts 1=$priceset+1}Participant %1{/ts}\n            </td>\n           </tr>\n          {/if}\n         {/if}\n         <tr>\n          <td colspan=\"2\" {$valueStyle}>\n           <table> {* FIXME: style this table so that it looks like the text version (justification, etc.) *}\n            <tr>\n             <th>{ts}Item{/ts}</th>\n             <th>{ts}Qty{/ts}</th>\n             <th>{ts}Each{/ts}</th>\n             <th>{ts}Total{/ts}</th>\n       {if $pricesetFieldsCount }<th>{ts}Total Participants{/ts}</th>{/if}\n            </tr>\n            {foreach from=$value item=line}\n             <tr>\n              <td>\n        {if $line.html_type eq \'Text\'}{$line.label}{else}{$line.field_title} - {$line.label}{/if} {if $line.description}<div>{$line.description|truncate:30:\"...\"}</div>{/if}\n              </td>\n              <td>\n               {$line.qty}\n              </td>\n              <td>\n               {$line.unit_price|crmMoney}\n              </td>\n              <td>\n               {$line.line_total|crmMoney}\n              </td>\n        {if  $pricesetFieldsCount }\n        <td>\n    {$line.participant_count}\n              </td>\n        {/if}\n             </tr>\n            {/foreach}\n           </table>\n          </td>\n         </tr>\n        {/if}\n       {/foreach}\n      {/if}\n\n      {if $amount && !$lineItem}\n       {foreach from=$amount item=amnt key=level}\n        <tr>\n         <td colspan=\"2\" {$valueStyle}>\n          {$amnt.amount|crmMoney} {$amnt.label}\n         </td>\n        </tr>\n       {/foreach}\n      {/if}\n      {if $isPrimary}\n       <tr>\n        <td {$labelStyle}>\n        {if $balanceAmount}\n           {ts}Total Paid{/ts}\n        {else}\n           {ts}Total Amount{/ts}\n         {/if}\n        </td>\n        <td {$valueStyle}>\n         {$totalAmount|crmMoney} {if $hookDiscount.message}({$hookDiscount.message}){/if}\n        </td>\n       </tr>\n      {if $balanceAmount}\n       <tr>\n        <td {$labelStyle}>\n         {ts}Balance{/ts}\n        </td>\n        <td {$valueStyle}>\n         {$balanceAmount|crmMoney}\n        </td>\n       </tr>\n      {/if}\n       {if $pricesetFieldsCount }\n     <tr>\n       <td {$labelStyle}>\n   {ts}Total Participants{/ts}</td>\n       <td {$valueStyle}>\n   {assign var=\"count\" value= 0}\n         {foreach from=$lineItem item=pcount}\n         {assign var=\"lineItemCount\" value=0}\n         {if $pcount neq \'skip\'}\n           {foreach from=$pcount item=p_count}\n           {assign var=\"lineItemCount\" value=$lineItemCount+$p_count.participant_count}\n           {/foreach}\n           {if $lineItemCount < 1 }\n           assign var=\"lineItemCount\" value=1}\n           {/if}\n           {assign var=\"count\" value=$count+$lineItemCount}\n         {/if}\n         {/foreach}\n   {$count}\n       </td>\n     </tr>\n     {/if}\n       {if $is_pay_later}\n        <tr>\n         <td colspan=\"2\" {$labelStyle}>\n          {$pay_later_receipt}\n         </td>\n        </tr>\n       {/if}\n\n       {if $register_date}\n        <tr>\n         <td {$labelStyle}>\n          {ts}Registration Date{/ts}\n         </td>\n         <td {$valueStyle}>\n          {$register_date|crmDate}\n         </td>\n        </tr>\n       {/if}\n\n       {if $receive_date}\n        <tr>\n         <td {$labelStyle}>\n          {ts}Transaction Date{/ts}\n         </td>\n         <td {$valueStyle}>\n          {$receive_date|crmDate}\n         </td>\n        </tr>\n       {/if}\n\n       {if $contributionTypeName}\n        <tr>\n         <td {$labelStyle}>\n          {ts}Financial Type{/ts}\n         </td>\n         <td {$valueStyle}>\n          {$contributionTypeName}\n         </td>\n        </tr>\n       {/if}\n\n       {if $trxn_id}\n        <tr>\n         <td {$labelStyle}>\n          {ts}Transaction #{/ts}\n         </td>\n         <td {$valueStyle}>\n          {$trxn_id}\n         </td>\n        </tr>\n       {/if}\n\n       {if $paidBy}\n        <tr>\n         <td {$labelStyle}>\n          {ts}Paid By{/ts}\n         </td>\n         <td {$valueStyle}>\n         {$paidBy}\n         </td>\n        </tr>\n       {/if}\n\n       {if $checkNumber}\n        <tr>\n         <td {$labelStyle}>\n          {ts}Check Number{/ts}\n         </td>\n         <td {$valueStyle}>\n          {$checkNumber}\n         </td>\n        </tr>\n       {/if}\n\n       {if $contributeMode ne \'notify\' and !$isAmountzero and !$is_pay_later and !$isOnWaitlist and !$isRequireApproval}\n        <tr>\n         <th {$headerStyle}>\n          {ts}Billing Name and Address{/ts}\n         </th>\n        </tr>\n        <tr>\n         <td colspan=\"2\" {$valueStyle}>\n          {$billingName}<br />\n          {$address|nl2br}\n         </td>\n        </tr>\n       {/if}\n\n       {if $contributeMode eq \'direct\' and !$isAmountzero and !$is_pay_later and !$isOnWaitlist and !$isRequireApproval}\n        <tr>\n         <th {$headerStyle}>\n          {ts}Credit Card Information{/ts}\n         </th>\n        </tr>\n        <tr>\n         <td colspan=\"2\" {$valueStyle}>\n          {$credit_card_type}<br />\n          {$credit_card_number}<br />\n          {ts}Expires{/ts}: {$credit_card_exp_date|truncate:7:\'\'|crmDate}\n         </td>\n        </tr>\n       {/if}\n\n      {/if}\n\n     {/if} {* End of conditional section for Paid events *}\n\n     {if $customPre}\n      <tr>\n       <th {$headerStyle}>\n        {$customPre_grouptitle}\n       </th>\n      </tr>\n      {foreach from=$customPre item=value key=customName}\n       {if ( $trackingFields and ! in_array( $customName, $trackingFields ) ) or ! $trackingFields}\n        <tr>\n         <td {$labelStyle}>\n          {$customName}\n         </td>\n         <td {$valueStyle}>\n          {$value}\n         </td>\n        </tr>\n       {/if}\n      {/foreach}\n     {/if}\n\n     {if $customPost}\n      <tr>\n       <th {$headerStyle}>\n        {$customPost_grouptitle}\n       </th>\n      </tr>\n      {foreach from=$customPost item=value key=customName}\n       {if ( $trackingFields and ! in_array( $customName, $trackingFields ) ) or ! $trackingFields}\n        <tr>\n         <td {$labelStyle}>\n          {$customName}\n         </td>\n         <td {$valueStyle}>\n          {$value}\n         </td>\n        </tr>\n       {/if}\n      {/foreach}\n     {/if}\n\n     {if $customProfile}\n      {foreach from=$customProfile item=value key=customName}\n       <tr>\n        <th {$headerStyle}>\n         {ts 1=$customName+1}Participant Information - Participant %1{/ts}\n        </th>\n       </tr>\n       {foreach from=$value item=val key=field}\n        {if $field eq \'additionalCustomPre\' or $field eq \'additionalCustomPost\'}\n         <tr>\n          <td colspan=\"2\" {$labelStyle}>\n           {if $field eq \'additionalCustomPre\'}\n            {$additionalCustomPre_grouptitle}\n           {else}\n            {$additionalCustomPost_grouptitle}\n           {/if}\n          </td>\n         </tr>\n         {foreach from=$val item=v key=f}\n          <tr>\n           <td {$labelStyle}>\n            {$f}\n           </td>\n           <td {$valueStyle}>\n            {$v}\n           </td>\n          </tr>\n         {/foreach}\n        {/if}\n       {/foreach}\n      {/foreach}\n     {/if}\n\n     {if $customGroup}\n      {foreach from=$customGroup item=value key=customName}\n       <tr>\n        <th {$headerStyle}>\n         {$customName}\n        </th>\n       </tr>\n       {foreach from=$value item=v key=n}\n        <tr>\n         <td {$labelStyle}>\n          {$n}\n         </td>\n         <td {$valueStyle}>\n          {$v}\n         </td>\n        </tr>\n       {/foreach}\n      {/foreach}\n     {/if}\n\n    </table>\n   </td>\n  </tr>\n\n </table>\n</center>\n\n</body>\n</html>\n',1,717,1,0,NULL),(26,'Events - Registration Confirmation and Receipt (off-line)','{ts}Event Confirmation{/ts} - {$event.title}\n','{if $event.confirm_email_text AND (not $isOnWaitlist AND not $isRequireApproval)}\n{$event.confirm_email_text}\n{/if}\n\n{if $isOnWaitlist}\n==========================================================={if $pricesetFieldsCount }===================={/if}\n\n{ts}You have been added to the WAIT LIST for this event.{/ts}\n\n{if $isPrimary}\n{ts}If space becomes available you will receive an email with\na link to a web page where you can complete your registration.{/ts}\n\n{/if}\n==========================================================={if $pricesetFieldsCount }===================={/if}\n\n{elseif $isRequireApproval}\n==========================================================={if $pricesetFieldsCount }===================={/if}\n\n{ts}Your registration has been submitted.{/ts}\n\n{if $isPrimary}\n{ts}Once your registration has been reviewed, you will receive\nan email with a link to a web page where you can complete the\nregistration process.{/ts}\n\n{/if}\n==========================================================={if $pricesetFieldsCount }===================={/if}\n\n{elseif $is_pay_later}\n\n==========================================================={if $pricesetFieldsCount }===================={/if}\n\n{$pay_later_receipt}\n==========================================================={if $pricesetFieldsCount }===================={/if}\n\n{else}\n\n{ts}Please print this confirmation for your records.{/ts}\n{/if}\n\n\n==========================================================={if $pricesetFieldsCount }===================={/if}\n\n{ts}Event Information and Location{/ts}\n\n==========================================================={if $pricesetFieldsCount }===================={/if}\n\n{$event.event_title}\n{$event.event_start_date|crmDate}{if $event.event_end_date}-{if $event.event_end_date|date_format:\"%Y%m%d\" == $event.event_start_date|date_format:\"%Y%m%d\"}{$event.event_end_date|crmDate:0:1}{else}{$event.event_end_date|crmDate}{/if}{/if}\n\n{if $event.participant_role neq \'Attendee\' and $defaultRole}\n{ts}Participant Role{/ts}: {$event.participant_role}\n{/if}\n\n{if $isShowLocation}\n{if $location.address.1.name}\n\n{$location.address.1.name}\n{/if}\n{if $location.address.1.street_address}{$location.address.1.street_address}\n{/if}\n{if $location.address.1.supplemental_address_1}{$location.address.1.supplemental_address_1}\n{/if}\n{if $location.address.1.supplemental_address_2}{$location.address.1.supplemental_address_2}\n{/if}\n{if $location.address.1.city}{$location.address.1.city} {$location.address.1.postal_code}{if $location.address.1.postal_code_suffix} - {$location.address.1.postal_code_suffix}{/if}\n{/if}\n\n{/if}{*End of isShowLocation condition*}\n\n{if $location.phone.1.phone || $location.email.1.email}\n\n{ts}Event Contacts:{/ts}\n{foreach from=$location.phone item=phone}\n{if $phone.phone}\n\n{if $phone.phone_type}{$phone.phone_type_display}{else}{ts}Phone{/ts}{/if}: {$phone.phone}{/if} {if $phone.phone_ext} {ts}ext.{/ts} {$phone.phone_ext}{/if}\n{/foreach}\n{foreach from=$location.email item=eventEmail}\n{if $eventEmail.email}\n\n{ts}Email{/ts}: {$eventEmail.email}{/if}{/foreach}\n{/if}\n\n{if $event.is_public} \n{capture assign=icalFeed}{crmURL p=\'civicrm/event/ical\' q=\"reset=1&id=`$event.id`\" h=0 a=1 fe=1}{/capture}\n{ts}Download iCalendar File:{/ts} {$icalFeed}\n{/if}\n\n{if $email}\n\n==========================================================={if $pricesetFieldsCount }===================={/if}\n\n{ts}Registered Email{/ts}\n\n==========================================================={if $pricesetFieldsCount }===================={/if}\n\n{$email}\n{/if}\n{if $event.is_monetary} {* This section for Paid events only.*}\n\n==========================================================={if $pricesetFieldsCount }===================={/if}\n\n{$event.fee_label}\n==========================================================={if $pricesetFieldsCount }===================={/if}\n\n{if $lineItem}{foreach from=$lineItem item=value key=priceset}\n\n{if $value neq \'skip\'}\n{if $isPrimary}\n{if $lineItem|@count GT 1} {* Header for multi participant registration cases. *}\n{ts 1=$priceset+1}Participant %1{/ts}\n{/if}\n{/if}\n---------------------------------------------------------{if $pricesetFieldsCount }--------------------{/if}\n\n{capture assign=ts_item}{ts}Item{/ts}{/capture}\n{capture assign=ts_qty}{ts}Qty{/ts}{/capture}\n{capture assign=ts_each}{ts}Each{/ts}{/capture}\n{capture assign=ts_total}{ts}Total{/ts}{/capture}\n{capture assign=ts_participant_total}{if $pricesetFieldsCount }{ts}Total Participants{/ts}{/if}{/capture}\n{$ts_item|string_format:\"%-30s\"} {$ts_qty|string_format:\"%5s\"} {$ts_each|string_format:\"%10s\"} {$ts_total|string_format:\"%10s\"} {$ts_participant_total|string_format:\"%10s\"}\n----------------------------------------------------------{if $pricesetFieldsCount }--------------------{/if}\n\n{foreach from=$value item=line}\n{if $pricesetFieldsCount }{capture assign=ts_participant_count}{$line.participant_count}{/capture}{/if}\n{capture assign=ts_item}{if $line.html_type eq \'Text\'}{$line.label}{else}{$line.field_title} - {$line.label}{/if} {if $line.description} {$line.description}{/if}{/capture}{$ts_item|truncate:30:\"...\"|string_format:\"%-30s\"} {$line.qty|string_format:\"%5s\"} {$line.unit_price|crmMoney|string_format:\"%10s\"} {$line.line_total|crmMoney|string_format:\"%10s\"} {$ts_participant_count|string_format:\"%10s\"}\n{/foreach}\n{/if}\n{/foreach}\n{/if}\n{if $amount && !$lineItem}\n{foreach from=$amount item=amnt key=level}{$amnt.amount|crmMoney} {$amnt.label}\n{/foreach}\n{/if}\n{if $isPrimary}\n\n{if $balanceAmount}{ts}Total Paid{/ts}{else}{ts}Total Amount{/ts}{/if}: {$totalAmount|crmMoney} {if $hookDiscount.message}({$hookDiscount.message}){/if}\n\n{if $balanceAmount}\n{ts}Balance{/ts}: {$balanceAmount|crmMoney}\n{/if}\n\n{if $pricesetFieldsCount }\n      {assign var=\"count\" value= 0}\n      {foreach from=$lineItem item=pcount}\n      {assign var=\"lineItemCount\" value=0}\n      {if $pcount neq \'skip\'}\n        {foreach from=$pcount item=p_count}\n        {assign var=\"lineItemCount\" value=$lineItemCount+$p_count.participant_count}\n        {/foreach}\n        {if $lineItemCount < 1 }\n        {assign var=\"lineItemCount\" value=1}\n        {/if}\n      {assign var=\"count\" value=$count+$lineItemCount}\n      {/if}\n      {/foreach}\n\n{ts}Total Participants{/ts}: {$count}\n{/if}\n\n{if $is_pay_later }\n\n==========================================================={if $pricesetFieldsCount }===================={/if}\n\n{$pay_later_receipt}\n==========================================================={if $pricesetFieldsCount }===================={/if}\n\n{/if}\n\n{if $register_date}\n{ts}Registration Date{/ts}: {$register_date|crmDate}\n{/if}\n{if $receive_date}\n{ts}Transaction Date{/ts}: {$receive_date|crmDate}\n{/if}\n{if $contributionTypeName}\n{ts}Financial Type{/ts}: {$contributionTypeName}\n{/if}\n{if $trxn_id}\n{ts}Transaction #{/ts}: {$trxn_id}\n{/if}\n{if $paidBy}\n{ts}Paid By{/ts}: {$paidBy}\n{/if}\n{if $checkNumber}\n{ts}Check Number{/ts}: {$checkNumber}\n{/if}\n{if $contributeMode ne \'notify\' and !$isAmountzero and !$is_pay_later and !$isOnWaitlist and !$isRequireApproval}\n\n==========================================================={if $pricesetFieldsCount }===================={/if}\n\n{ts}Billing Name and Address{/ts}\n\n==========================================================={if $pricesetFieldsCount }===================={/if}\n\n{$billingName}\n{$address}\n{/if}\n\n{if $contributeMode eq \'direct\' and !$isAmountzero and !$is_pay_later and !$isOnWaitlist and !$isRequireApproval}\n===========================================================\n{ts}Credit Card Information{/ts}\n\n==========================================================={if $pricesetFieldsCount }===================={/if}\n\n{$credit_card_type}\n{$credit_card_number}\n{ts}Expires{/ts}: {$credit_card_exp_date|truncate:7:\'\'|crmDate}\n{/if}\n{/if}\n{/if} {* End of conditional section for Paid events *}\n\n{if $customPre}\n==========================================================={if $pricesetFieldsCount }===================={/if}\n\n{$customPre_grouptitle}\n==========================================================={if $pricesetFieldsCount }===================={/if}\n\n{foreach from=$customPre item=value key=customName}\n{if ( $trackingFields and ! in_array( $customName, $trackingFields ) ) or ! $trackingFields}\n{$customName}: {$value}\n{/if}\n{/foreach}\n{/if}\n\n{if $customPost}\n==========================================================={if $pricesetFieldsCount }===================={/if}\n\n{$customPost_grouptitle}\n==========================================================={if $pricesetFieldsCount }===================={/if}\n\n{foreach from=$customPost item=value key=customName}\n{if ( $trackingFields and ! in_array( $customName, $trackingFields ) ) or ! $trackingFields}\n{$customName}: {$value}\n{/if}\n{/foreach}\n{/if}\n{if $customProfile}\n\n{foreach from=$customProfile item=value key=customName}\n==========================================================={if $pricesetFieldsCount }===================={/if}\n\n{ts 1=$customName+1}Participant Information - Participant %1{/ts}\n\n==========================================================={if $pricesetFieldsCount }===================={/if}\n\n{foreach from=$value item=val key=field}\n{if $field eq \'additionalCustomPre\' or $field eq \'additionalCustomPost\' }\n{if $field eq \'additionalCustomPre\' }\n----------------------------------------------------------{if $pricesetFieldsCount }--------------------{/if}\n\n{$additionalCustomPre_grouptitle}\n----------------------------------------------------------{if $pricesetFieldsCount }--------------------{/if}\n\n{else}\n----------------------------------------------------------{if $pricesetFieldsCount }--------------------{/if}\n\n{$additionalCustomPost_grouptitle}\n----------------------------------------------------------{if $pricesetFieldsCount }--------------------{/if}\n\n{/if}\n{foreach from=$val item=v key=f}\n{$f}: {$v}\n{/foreach}\n{/if}\n{/foreach}\n{/foreach}\n{/if}\n{if $customGroup}\n{foreach from=$customGroup item=value key=customName}\n=========================================================={if $pricesetFieldsCount }===================={/if}\n\n{$customName}\n=========================================================={if $pricesetFieldsCount }===================={/if}\n\n{foreach from=$value item=v key=n}\n{$n}: {$v}\n{/foreach}\n{/foreach}\n{/if}\n\n\n','<!DOCTYPE html PUBLIC \"-//W3C//DTD XHTML 1.0 Transitional//EN\" \"http://www.w3.org/TR/xhtml1/DTD/xhtml1-transitional.dtd\">\n<html xmlns=\"http://www.w3.org/1999/xhtml\">\n<head>\n <meta http-equiv=\"Content-Type\" content=\"text/html; charset=UTF-8\" />\n <title></title>\n</head>\n<body>\n\n{capture assign=headerStyle}colspan=\"2\" style=\"text-align: left; padding: 4px; border-bottom: 1px solid #999; background-color: #eee;\"{/capture}\n{capture assign=labelStyle }style=\"padding: 4px; border-bottom: 1px solid #999; background-color: #f7f7f7;\"{/capture}\n{capture assign=valueStyle }style=\"padding: 4px; border-bottom: 1px solid #999;\"{/capture}\n\n<center>\n <table width=\"620\" border=\"0\" cellpadding=\"0\" cellspacing=\"0\" id=\"crm-event_receipt\" style=\"font-family: Arial, Verdana, sans-serif; text-align: left;\">\n\n  <!-- BEGIN HEADER -->\n  <!-- You can add table row(s) here with logo or other header elements -->\n  <!-- END HEADER -->\n\n  <!-- BEGIN CONTENT -->\n\n  <tr>\n   <td>\n\n    {if $event.confirm_email_text AND (not $isOnWaitlist AND not $isRequireApproval)}\n     <p>{$event.confirm_email_text|htmlize}</p>\n    {/if}\n\n    {if $isOnWaitlist}\n     <p>{ts}You have been added to the WAIT LIST for this event.{/ts}</p>\n     {if $isPrimary}\n       <p>{ts}If space becomes available you will receive an email with\na link to a web page where you can complete your registration.{/ts}</p>\n     {/if}\n    {elseif $isRequireApproval}\n     <p>{ts}Your registration has been submitted.{/ts}</p>\n     {if $isPrimary}\n      <p>{ts}Once your registration has been reviewed, you will receive\nan email with a link to a web page where you can complete the\nregistration process.{/ts}</p>\n     {/if}\n    {elseif $is_pay_later}\n     <p>{$pay_later_receipt}</p> {* FIXME: this might be text rather than HTML *}\n    {else}\n     <p>{ts}Please print this confirmation for your records.{/ts}</p>\n    {/if}\n\n   </td>\n  </tr>\n  <tr>\n   <td>\n    <table style=\"border: 1px solid #999; margin: 1em 0em 1em; border-collapse: collapse; width:100%;\">\n     <tr>\n      <th {$headerStyle}>\n       {ts}Event Information and Location{/ts}\n      </th>\n     </tr>\n     <tr>\n      <td colspan=\"2\" {$valueStyle}>\n       {$event.event_title}<br />\n       {$event.event_start_date|crmDate}{if $event.event_end_date}-{if $event.event_end_date|date_format:\"%Y%m%d\" == $event.event_start_date|date_format:\"%Y%m%d\"}{$event.event_end_date|crmDate:0:1}{else}{$event.event_end_date|crmDate}{/if}{/if}\n      </td>\n     </tr>\n\n     {if $event.participant_role neq \'Attendee\' and $defaultRole}\n      <tr>\n       <td {$labelStyle}>\n        {ts}Participant Role{/ts}\n       </td>\n       <td {$valueStyle}>\n        {$event.participant_role}\n       </td>\n      </tr>\n     {/if}\n\n     {if $isShowLocation}\n      <tr>\n       <td colspan=\"2\" {$valueStyle}>\n        {if $location.address.1.name}\n         {$location.address.1.name}<br />\n        {/if}\n        {if $location.address.1.street_address}\n         {$location.address.1.street_address}<br />\n        {/if}\n        {if $location.address.1.supplemental_address_1}\n         {$location.address.1.supplemental_address_1}<br />\n        {/if}\n        {if $location.address.1.supplemental_address_2}\n         {$location.address.1.supplemental_address_2}<br />\n        {/if}\n        {if $location.address.1.city}\n         {$location.address.1.city} {$location.address.1.postal_code}{if $location.address.1.postal_code_suffix} - {$location.address.1.postal_code_suffix}{/if}<br />\n        {/if}\n       </td>\n      </tr>\n     {/if}\n\n     {if $location.phone.1.phone || $location.email.1.email}\n      <tr>\n       <td colspan=\"2\" {$labelStyle}>\n        {ts}Event Contacts:{/ts}\n       </td>\n      </tr>\n      {foreach from=$location.phone item=phone}\n       {if $phone.phone}\n        <tr>\n         <td {$labelStyle}>\n          {if $phone.phone_type}\n           {$phone.phone_type_display}\n          {else}\n           {ts}Phone{/ts}\n          {/if}\n         </td>\n         <td {$valueStyle}>\n          {$phone.phone} {if $phone.phone_ext}&nbsp;{ts}ext.{/ts} {$phone.phone_ext}{/if}\n         </td>\n        </tr>\n       {/if}\n      {/foreach}\n      {foreach from=$location.email item=eventEmail}\n       {if $eventEmail.email}\n        <tr>\n         <td {$labelStyle}>\n          {ts}Email{/ts}\n         </td>\n         <td {$valueStyle}>\n          {$eventEmail.email}\n         </td>\n        </tr>\n       {/if}\n      {/foreach}\n     {/if}\n	 \n     {if $event.is_public} \n      <tr>\n       <td colspan=\"2\" {$valueStyle}>\n        {capture assign=icalFeed}{crmURL p=\'civicrm/event/ical\' q=\"reset=1&id=`$event.id`\" h=0 a=1 fe=1}{/capture}\n        <a href=\"{$icalFeed}\">{ts}Download iCalendar File{/ts}</a>\n       </td>\n      </tr>\n     {/if}\n	 \n     {if $email}\n      <tr>\n       <th {$headerStyle}>\n        {ts}Registered Email{/ts}\n       </th>\n      </tr>\n      <tr>\n       <td colspan=\"2\" {$valueStyle}>\n        {$email}\n       </td>\n      </tr>\n     {/if}\n\n\n     {if $event.is_monetary}\n\n      <tr>\n       <th {$headerStyle}>\n        {$event.fee_label}\n       </th>\n      </tr>\n\n      {if $lineItem}\n       {foreach from=$lineItem item=value key=priceset}\n        {if $value neq \'skip\'}\n         {if $isPrimary}\n          {if $lineItem|@count GT 1} {* Header for multi participant registration cases. *}\n           <tr>\n            <td colspan=\"2\" {$labelStyle}>\n             {ts 1=$priceset+1}Participant %1{/ts}\n            </td>\n           </tr>\n          {/if}\n         {/if}\n         <tr>\n          <td colspan=\"2\" {$valueStyle}>\n           <table> {* FIXME: style this table so that it looks like the text version (justification, etc.) *}\n            <tr>\n             <th>{ts}Item{/ts}</th>\n             <th>{ts}Qty{/ts}</th>\n             <th>{ts}Each{/ts}</th>\n             <th>{ts}Total{/ts}</th>\n       {if $pricesetFieldsCount }<th>{ts}Total Participants{/ts}</th>{/if}\n            </tr>\n            {foreach from=$value item=line}\n             <tr>\n              <td>\n        {if $line.html_type eq \'Text\'}{$line.label}{else}{$line.field_title} - {$line.label}{/if} {if $line.description}<div>{$line.description|truncate:30:\"...\"}</div>{/if}\n              </td>\n              <td>\n               {$line.qty}\n              </td>\n              <td>\n               {$line.unit_price|crmMoney}\n              </td>\n              <td>\n               {$line.line_total|crmMoney}\n              </td>\n        {if  $pricesetFieldsCount }\n        <td>\n    {$line.participant_count}\n              </td>\n        {/if}\n             </tr>\n            {/foreach}\n           </table>\n          </td>\n         </tr>\n        {/if}\n       {/foreach}\n      {/if}\n\n      {if $amount && !$lineItem}\n       {foreach from=$amount item=amnt key=level}\n        <tr>\n         <td colspan=\"2\" {$valueStyle}>\n          {$amnt.amount|crmMoney} {$amnt.label}\n         </td>\n        </tr>\n       {/foreach}\n      {/if}\n      {if $isPrimary}\n       <tr>\n        <td {$labelStyle}>\n        {if $balanceAmount}\n           {ts}Total Paid{/ts}\n        {else}\n           {ts}Total Amount{/ts}\n         {/if}\n        </td>\n        <td {$valueStyle}>\n         {$totalAmount|crmMoney} {if $hookDiscount.message}({$hookDiscount.message}){/if}\n        </td>\n       </tr>\n      {if $balanceAmount}\n       <tr>\n        <td {$labelStyle}>\n         {ts}Balance{/ts}\n        </td>\n        <td {$valueStyle}>\n         {$balanceAmount|crmMoney}\n        </td>\n       </tr>\n      {/if}\n       {if $pricesetFieldsCount }\n     <tr>\n       <td {$labelStyle}>\n   {ts}Total Participants{/ts}</td>\n       <td {$valueStyle}>\n   {assign var=\"count\" value= 0}\n         {foreach from=$lineItem item=pcount}\n         {assign var=\"lineItemCount\" value=0}\n         {if $pcount neq \'skip\'}\n           {foreach from=$pcount item=p_count}\n           {assign var=\"lineItemCount\" value=$lineItemCount+$p_count.participant_count}\n           {/foreach}\n           {if $lineItemCount < 1 }\n           assign var=\"lineItemCount\" value=1}\n           {/if}\n           {assign var=\"count\" value=$count+$lineItemCount}\n         {/if}\n         {/foreach}\n   {$count}\n       </td>\n     </tr>\n     {/if}\n       {if $is_pay_later}\n        <tr>\n         <td colspan=\"2\" {$labelStyle}>\n          {$pay_later_receipt}\n         </td>\n        </tr>\n       {/if}\n\n       {if $register_date}\n        <tr>\n         <td {$labelStyle}>\n          {ts}Registration Date{/ts}\n         </td>\n         <td {$valueStyle}>\n          {$register_date|crmDate}\n         </td>\n        </tr>\n       {/if}\n\n       {if $receive_date}\n        <tr>\n         <td {$labelStyle}>\n          {ts}Transaction Date{/ts}\n         </td>\n         <td {$valueStyle}>\n          {$receive_date|crmDate}\n         </td>\n        </tr>\n       {/if}\n\n       {if $contributionTypeName}\n        <tr>\n         <td {$labelStyle}>\n          {ts}Financial Type{/ts}\n         </td>\n         <td {$valueStyle}>\n          {$contributionTypeName}\n         </td>\n        </tr>\n       {/if}\n\n       {if $trxn_id}\n        <tr>\n         <td {$labelStyle}>\n          {ts}Transaction #{/ts}\n         </td>\n         <td {$valueStyle}>\n          {$trxn_id}\n         </td>\n        </tr>\n       {/if}\n\n       {if $paidBy}\n        <tr>\n         <td {$labelStyle}>\n          {ts}Paid By{/ts}\n         </td>\n         <td {$valueStyle}>\n         {$paidBy}\n         </td>\n        </tr>\n       {/if}\n\n       {if $checkNumber}\n        <tr>\n         <td {$labelStyle}>\n          {ts}Check Number{/ts}\n         </td>\n         <td {$valueStyle}>\n          {$checkNumber}\n         </td>\n        </tr>\n       {/if}\n\n       {if $contributeMode ne \'notify\' and !$isAmountzero and !$is_pay_later and !$isOnWaitlist and !$isRequireApproval}\n        <tr>\n         <th {$headerStyle}>\n          {ts}Billing Name and Address{/ts}\n         </th>\n        </tr>\n        <tr>\n         <td colspan=\"2\" {$valueStyle}>\n          {$billingName}<br />\n          {$address|nl2br}\n         </td>\n        </tr>\n       {/if}\n\n       {if $contributeMode eq \'direct\' and !$isAmountzero and !$is_pay_later and !$isOnWaitlist and !$isRequireApproval}\n        <tr>\n         <th {$headerStyle}>\n          {ts}Credit Card Information{/ts}\n         </th>\n        </tr>\n        <tr>\n         <td colspan=\"2\" {$valueStyle}>\n          {$credit_card_type}<br />\n          {$credit_card_number}<br />\n          {ts}Expires{/ts}: {$credit_card_exp_date|truncate:7:\'\'|crmDate}\n         </td>\n        </tr>\n       {/if}\n\n      {/if}\n\n     {/if} {* End of conditional section for Paid events *}\n\n     {if $customPre}\n      <tr>\n       <th {$headerStyle}>\n        {$customPre_grouptitle}\n       </th>\n      </tr>\n      {foreach from=$customPre item=value key=customName}\n       {if ( $trackingFields and ! in_array( $customName, $trackingFields ) ) or ! $trackingFields}\n        <tr>\n         <td {$labelStyle}>\n          {$customName}\n         </td>\n         <td {$valueStyle}>\n          {$value}\n         </td>\n        </tr>\n       {/if}\n      {/foreach}\n     {/if}\n\n     {if $customPost}\n      <tr>\n       <th {$headerStyle}>\n        {$customPost_grouptitle}\n       </th>\n      </tr>\n      {foreach from=$customPost item=value key=customName}\n       {if ( $trackingFields and ! in_array( $customName, $trackingFields ) ) or ! $trackingFields}\n        <tr>\n         <td {$labelStyle}>\n          {$customName}\n         </td>\n         <td {$valueStyle}>\n          {$value}\n         </td>\n        </tr>\n       {/if}\n      {/foreach}\n     {/if}\n\n     {if $customProfile}\n      {foreach from=$customProfile item=value key=customName}\n       <tr>\n        <th {$headerStyle}>\n         {ts 1=$customName+1}Participant Information - Participant %1{/ts}\n        </th>\n       </tr>\n       {foreach from=$value item=val key=field}\n        {if $field eq \'additionalCustomPre\' or $field eq \'additionalCustomPost\'}\n         <tr>\n          <td colspan=\"2\" {$labelStyle}>\n           {if $field eq \'additionalCustomPre\'}\n            {$additionalCustomPre_grouptitle}\n           {else}\n            {$additionalCustomPost_grouptitle}\n           {/if}\n          </td>\n         </tr>\n         {foreach from=$val item=v key=f}\n          <tr>\n           <td {$labelStyle}>\n            {$f}\n           </td>\n           <td {$valueStyle}>\n            {$v}\n           </td>\n          </tr>\n         {/foreach}\n        {/if}\n       {/foreach}\n      {/foreach}\n     {/if}\n\n     {if $customGroup}\n      {foreach from=$customGroup item=value key=customName}\n       <tr>\n        <th {$headerStyle}>\n         {$customName}\n        </th>\n       </tr>\n       {foreach from=$value item=v key=n}\n        <tr>\n         <td {$labelStyle}>\n          {$n}\n         </td>\n         <td {$valueStyle}>\n          {$v}\n         </td>\n        </tr>\n       {/foreach}\n      {/foreach}\n     {/if}\n\n    </table>\n   </td>\n  </tr>\n\n </table>\n</center>\n\n</body>\n</html>\n',1,717,0,1,NULL),(27,'Events - Registration Confirmation and Receipt (on-line)','{if $isOnWaitlist}{ts}Wait List Confirmation{/ts}{else}{ts}Registration Confirmation{/ts}{/if} - {$event.event_title}','Dear {contact.display_name},\n\n{if $event.confirm_email_text AND (not $isOnWaitlist AND not $isRequireApproval)}\n{$event.confirm_email_text}\n\n{else}\nThank you for your participation.  This letter is a confirmation that your registration has been received and your status has been updated to {if $participant_status}{$participant_status}{else}{if $isOnWaitlist}waitlisted{else}registered{/if}{/if}.\n\n{/if}\n\n{if $isOnWaitlist}\n==========================================================={if $pricesetFieldsCount }===================={/if}\n\n{ts}You have been added to the WAIT LIST for this event.{/ts}\n\n{if $isPrimary}\n{ts}If space becomes available you will receive an email with\na link to a web page where you can complete your registration.{/ts}\n{/if}\n==========================================================={if $pricesetFieldsCount }===================={/if}\n\n{elseif $isRequireApproval}\n==========================================================={if $pricesetFieldsCount }===================={/if}\n\n{ts}Your registration has been submitted.{/ts}\n\n{if $isPrimary}\n{ts}Once your registration has been reviewed, you will receive\nan email with a link to a web page where you can complete the\nregistration process.{/ts}\n\n{/if}\n==========================================================={if $pricesetFieldsCount }===================={/if}\n\n{elseif $is_pay_later && !$isAmountzero && !$isAdditionalParticipant}\n\n==========================================================={if $pricesetFieldsCount }===================={/if}\n\n{$pay_later_receipt}\n==========================================================={if $pricesetFieldsCount }===================={/if}\n\n{else}\n\n{ts}Please print this confirmation for your records.{/ts}\n{/if}\n\n\n==========================================================={if $pricesetFieldsCount }===================={/if}\n\n{ts}Event Information and Location{/ts}\n\n==========================================================={if $pricesetFieldsCount }===================={/if}\n\n{$event.event_title}\n{$event.event_start_date|date_format:\"%A\"} {$event.event_start_date|crmDate}{if $event.event_end_date}-{if $event.event_end_date|date_format:\"%Y%m%d\" == $event.event_start_date|date_format:\"%Y%m%d\"}{$event.event_end_date|crmDate:0:1}{else}{$event.event_end_date|date_format:\"%A\"} {$event.event_end_date|crmDate}{/if}{/if}\n{if $conference_sessions}\n\n\n{ts}Your schedule:{/ts}\n{assign var=\'group_by_day\' value=\'NA\'}\n{foreach from=$conference_sessions item=session}\n{if $session.start_date|date_format:\"%Y/%m/%d\" != $group_by_day|date_format:\"%Y/%m/%d\"}\n{assign var=\'group_by_day\' value=$session.start_date}\n\n{$group_by_day|date_format:\"%m/%d/%Y\"}\n\n\n{/if}\n{$session.start_date|crmDate:0:1}{if $session.end_date}-{$session.end_date|crmDate:0:1}{/if} {$session.title}\n{if $session.location}    {$session.location}{/if}\n{/foreach}\n{/if}\n\n{if $event.participant_role neq \'Attendee\' and $defaultRole}\n{ts}Participant Role{/ts}: {$event.participant_role}\n{/if}\n\n{if $isShowLocation}\n{if $location.address.1.name}\n\n{$location.address.1.name}\n{/if}\n{if $location.address.1.street_address}{$location.address.1.street_address}\n{/if}\n{if $location.address.1.supplemental_address_1}{$location.address.1.supplemental_address_1}\n{/if}\n{if $location.address.1.supplemental_address_2}{$location.address.1.supplemental_address_2}\n{/if}\n{if $location.address.1.city}{$location.address.1.city}, {$location.address.1.state_province} {$location.address.1.postal_code}{if $location.address.1.postal_code_suffix} - {$location.address.1.postal_code_suffix}{/if}\n{/if}\n\n{/if}{*End of isShowLocation condition*}\n\n{if $location.phone.1.phone || $location.email.1.email}\n\n{ts}Event Contacts:{/ts}\n{foreach from=$location.phone item=phone}\n{if $phone.phone}\n\n{if $phone.phone_type}{$phone.phone_type_display}{else}{ts}Phone{/ts}{/if}: {$phone.phone}{/if} {if $phone.phone_ext} {ts}ext.{/ts} {$phone.phone_ext}{/if}\n{/foreach}\n{foreach from=$location.email item=eventEmail}\n{if $eventEmail.email}\n\n{ts}Email{/ts}: {$eventEmail.email}{/if}{/foreach}\n{/if}\n\n{if $event.is_public} \n{capture assign=icalFeed}{crmURL p=\'civicrm/event/ical\' q=\"reset=1&id=`$event.id`\" h=0 a=1 fe=1}{/capture}\n{ts}Download iCalendar File:{/ts} {$icalFeed}\n{/if}\n\n{if $payer.name}\nYou were registered by: {$payer.name}\n{/if}\n{if $event.is_monetary} {* This section for Paid events only.*}\n\n==========================================================={if $pricesetFieldsCount }===================={/if}\n\n{$event.fee_label}\n==========================================================={if $pricesetFieldsCount }===================={/if}\n\n{if $lineItem}{foreach from=$lineItem item=value key=priceset}\n\n{if $value neq \'skip\'}\n{if $isPrimary}\n{if $lineItem|@count GT 1} {* Header for multi participant registration cases. *}\n{ts 1=$priceset+1}Participant %1{/ts} {$part.$priceset.info}\n\n{/if}\n{/if}\n-----------------------------------------------------------{if $pricesetFieldsCount }--------------------{/if}\n\n{capture assign=ts_item}{ts}Item{/ts}{/capture}\n{capture assign=ts_qty}{ts}Qty{/ts}{/capture}\n{capture assign=ts_each}{ts}Each{/ts}{/capture}\n{capture assign=ts_total}{ts}Total{/ts}{/capture}\n{if $pricesetFieldsCount }{capture assign=ts_participant_total}{ts}Total Participants{/ts}{/capture}{/if}\n{$ts_item|string_format:\"%-30s\"} {$ts_qty|string_format:\"%5s\"} {$ts_each|string_format:\"%10s\"} {$ts_total|string_format:\"%10s\"} {$ts_participant_total|string_format:\"%10s\"}\n-----------------------------------------------------------{if $pricesetFieldsCount }--------------------{/if}\n\n{foreach from=$value item=line}\n{if $pricesetFieldsCount }{capture assign=ts_participant_count}{$line.participant_count}{/capture}{/if}\n{capture assign=ts_item}{if $line.html_type eq \'Text\'}{$line.label}{else}{$line.field_title} - {$line.label}{/if} {if $line.description} {$line.description}{/if}{/capture}{$ts_item|truncate:30:\"...\"|string_format:\"%-30s\"} {$line.qty|string_format:\"%5s\"} {$line.unit_price|crmMoney:$currency|string_format:\"%10s\"} {$line.line_total|crmMoney:$currency|string_format:\"%10s\"}{$ts_participant_count|string_format:\"%10s\"}\n{/foreach}\n{/if}\n{/foreach}\n{/if}\n{if $amounts && !$lineItem}\n{foreach from=$amounts item=amnt key=level}{$amnt.amount|crmMoney:$currency} {$amnt.label}\n{/foreach}\n{/if}\n{if $isPrimary }\n\n{ts}Total Amount{/ts}: {$totalAmount|crmMoney:$currency} {if $hookDiscount.message}({$hookDiscount.message}){/if}\n\n{if $pricesetFieldsCount }\n      {assign var=\"count\" value= 0}\n      {foreach from=$lineItem item=pcount}\n      {assign var=\"lineItemCount\" value=0}\n      {if $pcount neq \'skip\'}\n        {foreach from=$pcount item=p_count}\n        {assign var=\"lineItemCount\" value=$lineItemCount+$p_count.participant_count}\n        {/foreach}\n      {if $lineItemCount < 1 }\n        {assign var=\"lineItemCount\" value=1}\n      {/if}\n      {assign var=\"count\" value=$count+$lineItemCount}\n      {/if}\n      {/foreach}\n\n{ts}Total Participants{/ts}: {$count}\n{/if}\n\n{if $register_date}\n{ts}Registration Date{/ts}: {$register_date|crmDate}\n{/if}\n{if $receive_date}\n{ts}Transaction Date{/ts}: {$receive_date|crmDate}\n{/if}\n{if $contributionTypeName}\n{ts}Financial Type{/ts}: {$contributionTypeName}\n{/if}\n{if $trxn_id}\n{ts}Transaction #{/ts}: {$trxn_id}\n{/if}\n{if $paidBy}\n{ts}Paid By{/ts}: {$paidBy}\n{/if}\n{if $checkNumber}\n{ts}Check Number{/ts}: {$checkNumber}\n{/if}\n{if $contributeMode ne \'notify\' and !$isAmountzero and !$is_pay_later and !$isOnWaitlist and !$isRequireApproval}\n\n==========================================================={if $pricesetFieldsCount }===================={/if}\n\n{ts}Billing Name and Address{/ts}\n\n==========================================================={if $pricesetFieldsCount }===================={/if}\n\n{$billingName}\n{$address}\n{/if}\n\n{if $contributeMode eq \'direct\' and !$isAmountzero and !$is_pay_later and !$isOnWaitlist and !$isRequireApproval}\n==========================================================={if $pricesetFieldsCount }===================={/if}\n\n{ts}Credit Card Information{/ts}\n\n==========================================================={if $pricesetFieldsCount }===================={/if}\n\n{$credit_card_type}\n{$credit_card_number}\n{ts}Expires{/ts}: {$credit_card_exp_date|truncate:7:\'\'|crmDate}\n{/if}\n{/if}\n{/if} {* End of conditional section for Paid events *}\n\n{if $customPre}\n{foreach from=$customPre item=customPr key=i}\n==========================================================={if $pricesetFieldsCount }===================={/if}\n\n{$customPre_grouptitle.$i}\n==========================================================={if $pricesetFieldsCount }===================={/if}\n\n{foreach from=$customPr item=customValue key=customName}\n{if ( $trackingFields and ! in_array( $customName, $trackingFields ) ) or ! $trackingFields}\n {$customName}: {$customValue}\n{/if}\n{/foreach}\n{/foreach}\n{/if}\n\n{if $customPost}\n{foreach from=$customPost item=customPos key=j}\n==========================================================={if $pricesetFieldsCount }===================={/if}\n\n{$customPost_grouptitle.$j}\n==========================================================={if $pricesetFieldsCount }===================={/if}\n\n{foreach from=$customPos item=customValue key=customName}\n{if ( $trackingFields and ! in_array( $customName, $trackingFields ) ) or ! $trackingFields}\n {$customName}: {$customValue}\n{/if}\n{/foreach}\n{/foreach}\n{/if}\n{if $customProfile}\n\n{foreach from=$customProfile.profile item=eachParticipant key=participantID}\n==========================================================={if $pricesetFieldsCount }===================={/if}\n\n{ts 1=$participantID+2}Participant Information - Participant %1{/ts}\n\n==========================================================={if $pricesetFieldsCount }===================={/if}\n\n{foreach from=$eachParticipant item=eachProfile key=pid}\n----------------------------------------------------------{if $pricesetFieldsCount }--------------------{/if}\n\n{$customProfile.title.$pid}\n----------------------------------------------------------{if $pricesetFieldsCount }--------------------{/if}\n\n{foreach from=$eachProfile item=val key=field}\n{foreach from=$val item=v key=f}\n{$field}: {$v}\n{/foreach}\n{/foreach}\n{/foreach}\n{/foreach}\n{/if}\n{if $customGroup}\n{foreach from=$customGroup item=value key=customName}\n=========================================================={if $pricesetFieldsCount }===================={/if}\n\n{$customName}\n=========================================================={if $pricesetFieldsCount }===================={/if}\n\n{foreach from=$value item=v key=n}\n{$n}: {$v}\n{/foreach}\n{/foreach}\n{/if}\n','<!DOCTYPE html PUBLIC \"-//W3C//DTD XHTML 1.0 Transitional//EN\" \"http://www.w3.org/TR/xhtml1/DTD/xhtml1-transitional.dtd\">\n<html xmlns=\"http://www.w3.org/1999/xhtml\">\n<head>\n <meta http-equiv=\"Content-Type\" content=\"text/html; charset=UTF-8\" />\n <title></title>\n</head>\n<body>\n\n{capture assign=headerStyle}colspan=\"2\" style=\"text-align: left; padding: 4px; border-bottom: 1px solid #999; background-color: #eee;\"{/capture}\n{capture assign=labelStyle }style=\"padding: 4px; border-bottom: 1px solid #999; background-color: #f7f7f7;\"{/capture}\n{capture assign=valueStyle }style=\"padding: 4px; border-bottom: 1px solid #999;\"{/capture}\n\n<center>\n <table width=\"500\" border=\"0\" cellpadding=\"0\" cellspacing=\"0\" id=\"crm-event_receipt\" style=\"font-family: Arial, Verdana, sans-serif; text-align: left;\">\n\n  <!-- BEGIN HEADER -->\n  <!-- You can add table row(s) here with logo or other header elements -->\n  <!-- END HEADER -->\n\n  <!-- BEGIN CONTENT -->\n\n  <tr>\n   <td>\n  <p>Dear {contact.display_name},</p>\n\n    {if $event.confirm_email_text AND (not $isOnWaitlist AND not $isRequireApproval)}\n     <p>{$event.confirm_email_text|htmlize}</p>\n\n    {else}\n  <p>Thank you for your participation.  This letter is a confirmation that your registration has been received and your status has been updated to <strong>{if $participant_status}{$participant_status}{else}{if $isOnWaitlist}waitlisted{else}registered{/if}{/if}</strong>.</p>\n\n    {/if}\n\n    <p>\n    {if $isOnWaitlist}\n     <p>{ts}You have been added to the WAIT LIST for this event.{/ts}</p>\n     {if $isPrimary}\n       <p>{ts}If space becomes available you will receive an email with\na link to a web page where you can complete your registration.{/ts}</p>\n     {/if}\n    {elseif $isRequireApproval}\n     <p>{ts}Your registration has been submitted.{/ts}</p>\n     {if $isPrimary}\n      <p>{ts}Once your registration has been reviewed, you will receive\nan email with a link to a web page where you can complete the\nregistration process.{/ts}</p>\n     {/if}\n    {elseif $is_pay_later && !$isAmountzero && !$isAdditionalParticipant}\n     <p>{$pay_later_receipt}</p> {* FIXME: this might be text rather than HTML *}\n    {else}\n     <p>{ts}Please print this confirmation for your records.{/ts}</p>\n    {/if}\n\n   </td>\n  </tr>\n  <tr>\n   <td>\n    <table width=\"500\" style=\"border: 1px solid #999; margin: 1em 0em 1em; border-collapse: collapse;\">\n     <tr>\n      <th {$headerStyle}>\n       {ts}Event Information and Location{/ts}\n      </th>\n     </tr>\n     <tr>\n      <td colspan=\"2\" {$valueStyle}>\n       {$event.event_title}<br />\n       {$event.event_start_date|date_format:\"%A\"} {$event.event_start_date|crmDate}{if $event.event_end_date}-{if $event.event_end_date|date_format:\"%Y%m%d\" == $event.event_start_date|date_format:\"%Y%m%d\"}{$event.event_end_date|crmDate:0:1}{else}{$event.event_end_date|date_format:\"%A\"} {$event.event_end_date|crmDate}{/if}{/if}\n      </td>\n     </tr>\n\n\n     {if $conference_sessions}\n      <tr>\n       <td colspan=\"2\" {$labelStyle}>\n  {ts}Your schedule:{/ts}\n       </td>\n      </tr>\n      <tr>\n       <td colspan=\"2\" {$valueStyle}>\n  {assign var=\'group_by_day\' value=\'NA\'}\n  {foreach from=$conference_sessions item=session}\n   {if $session.start_date|date_format:\"%Y/%m/%d\" != $group_by_day|date_format:\"%Y/%m/%d\"}\n    {assign var=\'group_by_day\' value=$session.start_date}\n          <em>{$group_by_day|date_format:\"%m/%d/%Y\"}</em><br />\n   {/if}\n   {$session.start_date|crmDate:0:1}{if $session.end_date}-{$session.end_date|crmDate:0:1}{/if} {$session.title}<br />\n   {if $session.location}&nbsp;&nbsp;&nbsp;&nbsp;{$session.location}<br />{/if}\n  {/foreach}\n       </td>\n      </tr>\n     {/if}\n\n     {if $event.participant_role neq \'Attendee\' and $defaultRole}\n      <tr>\n       <td {$labelStyle}>\n        {ts}Participant Role{/ts}\n       </td>\n       <td {$valueStyle}>\n        {$event.participant_role}\n       </td>\n      </tr>\n     {/if}\n\n     {if $isShowLocation}\n      <tr>\n       <td colspan=\"2\" {$valueStyle}>\n        {if $location.address.1.name}\n         {$location.address.1.name}<br />\n        {/if}\n        {if $location.address.1.street_address}\n         {$location.address.1.street_address}<br />\n        {/if}\n        {if $location.address.1.supplemental_address_1}\n         {$location.address.1.supplemental_address_1}<br />\n        {/if}\n        {if $location.address.1.supplemental_address_2}\n         {$location.address.1.supplemental_address_2}<br />\n        {/if}\n        {if $location.address.1.city}\n         {$location.address.1.city}, {$location.address.1.state_province} {$location.address.1.postal_code}{if $location.address.1.postal_code_suffix} - {$location.address.1.postal_code_suffix}{/if}<br />\n        {/if}\n       </td>\n      </tr>\n     {/if}\n\n     {if $location.phone.1.phone || $location.email.1.email}\n      <tr>\n       <td colspan=\"2\" {$labelStyle}>\n        {ts}Event Contacts:{/ts}\n       </td>\n      </tr>\n      {foreach from=$location.phone item=phone}\n       {if $phone.phone}\n        <tr>\n         <td {$labelStyle}>\n          {if $phone.phone_type}\n           {$phone.phone_type_display}\n          {else}\n           {ts}Phone{/ts}\n          {/if}\n         </td>\n         <td {$valueStyle}>\n          {$phone.phone} {if $phone.phone_ext}&nbsp;{ts}ext.{/ts} {$phone.phone_ext}{/if}\n         </td>\n        </tr>\n       {/if}\n      {/foreach}\n      {foreach from=$location.email item=eventEmail}\n       {if $eventEmail.email}\n        <tr>\n         <td {$labelStyle}>\n          {ts}Email{/ts}\n         </td>\n         <td {$valueStyle}>\n          {$eventEmail.email}\n         </td>\n        </tr>\n       {/if}\n      {/foreach}\n     {/if}\n	 \n     {if $event.is_public} \n      <tr>\n       <td colspan=\"2\" {$valueStyle}>\n        {capture assign=icalFeed}{crmURL p=\'civicrm/event/ical\' q=\"reset=1&id=`$event.id`\" h=0 a=1 fe=1}{/capture}\n        <a href=\"{$icalFeed}\">{ts}Download iCalendar File{/ts}</a>\n       </td>\n      </tr>\n     {/if}\n	 \n    {if $event.is_share}\n        <tr>\n            <td colspan=\"2\" {$valueStyle}>\n                {capture assign=eventUrl}{crmURL p=\'civicrm/event/info\' q=\"id=`$event.id`&reset=1\" a=true fe=1 h=1}{/capture}\n                {include file=\"CRM/common/SocialNetwork.tpl\" emailMode=true url=$eventUrl title=$event.title pageURL=$eventUrl}\n            </td>\n        </tr>\n    {/if}\n    {if $payer.name}\n     <tr>\n       <th {$headerStyle}>\n         {ts}You were registered by:{/ts}\n       </th>\n     </tr>\n     <tr>\n       <td colspan=\"2\" {$valueStyle}>\n        {$payer.name}\n       </td>\n     </tr>\n    {/if}\n    {if $event.is_monetary}\n\n      <tr>\n       <th {$headerStyle}>\n        {$event.fee_label}\n       </th>\n      </tr>\n\n      {if $lineItem}\n       {foreach from=$lineItem item=value key=priceset}\n        {if $value neq \'skip\'}\n         {if $isPrimary}\n          {if $lineItem|@count GT 1} {* Header for multi participant registration cases. *}\n           <tr>\n            <td colspan=\"2\" {$labelStyle}>\n             {ts 1=$priceset+1}Participant %1{/ts} {$part.$priceset.info}\n            </td>\n           </tr>\n          {/if}\n         {/if}\n         <tr>\n          <td colspan=\"2\" {$valueStyle}>\n           <table> {* FIXME: style this table so that it looks like the text version (justification, etc.) *}\n            <tr>\n             <th>{ts}Item{/ts}</th>\n             <th>{ts}Qty{/ts}</th>\n             <th>{ts}Each{/ts}</th>\n             <th>{ts}Total{/ts}</th>\n       {if  $pricesetFieldsCount }<th>{ts}Total Participants{/ts}</th>{/if}\n            </tr>\n            {foreach from=$value item=line}\n             <tr>\n              <td>\n              {if $line.html_type eq \'Text\'}{$line.label}{else}{$line.field_title} - {$line.label}{/if} {if $line.description}<div>{$line.description|truncate:30:\"...\"}</div>{/if}\n              </td>\n              <td>\n               {$line.qty}\n              </td>\n              <td>\n               {$line.unit_price|crmMoney:$currency}\n              </td>\n              <td>\n               {$line.line_total|crmMoney:$currency}\n              </td>\n        {if $pricesetFieldsCount }<td>{$line.participant_count}</td> {/if}\n             </tr>\n            {/foreach}\n           </table>\n          </td>\n         </tr>\n        {/if}\n       {/foreach}\n      {/if}\n\n      {if $amounts && !$lineItem}\n       {foreach from=$amounts item=amnt key=level}\n        <tr>\n         <td colspan=\"2\" {$valueStyle}>\n          {$amnt.amount|crmMoney:$currency} {$amnt.label}\n         </td>\n        </tr>\n       {/foreach}\n      {/if}\n\n      {if $isPrimary}\n       <tr>\n        <td {$labelStyle}>\n         {ts}Total Amount{/ts}\n        </td>\n        <td {$valueStyle}>\n         {$totalAmount|crmMoney:$currency} {if $hookDiscount.message}({$hookDiscount.message}){/if}\n        </td>\n       </tr>\n       {if $pricesetFieldsCount }\n     <tr>\n       <td {$labelStyle}>\n      {ts}Total Participants{/ts}</td>\n      <td {$valueStyle}>\n      {assign var=\"count\" value= 0}\n      {foreach from=$lineItem item=pcount}\n      {assign var=\"lineItemCount\" value=0}\n      {if $pcount neq \'skip\'}\n        {foreach from=$pcount item=p_count}\n        {assign var=\"lineItemCount\" value=$lineItemCount+$p_count.participant_count}\n        {/foreach}\n      {if $lineItemCount < 1 }\n        {assign var=\"lineItemCount\" value=1}\n      {/if}\n      {assign var=\"count\" value=$count+$lineItemCount}\n      {/if}\n      {/foreach}\n     {$count}\n     </td> </tr>\n      {/if}\n\n       {if $register_date}\n        <tr>\n         <td {$labelStyle}>\n          {ts}Registration Date{/ts}\n         </td>\n         <td {$valueStyle}>\n          {$register_date|crmDate}\n         </td>\n        </tr>\n       {/if}\n\n       {if $receive_date}\n        <tr>\n         <td {$labelStyle}>\n          {ts}Transaction Date{/ts}\n         </td>\n         <td {$valueStyle}>\n          {$receive_date|crmDate}\n         </td>\n        </tr>\n       {/if}\n\n       {if $contributionTypeName}\n        <tr>\n         <td {$labelStyle}>\n          {ts}Financial Type{/ts}\n         </td>\n         <td {$valueStyle}>\n          {$contributionTypeName}\n         </td>\n        </tr>\n       {/if}\n\n       {if $trxn_id}\n        <tr>\n         <td {$labelStyle}>\n          {ts}Transaction #{/ts}\n         </td>\n         <td {$valueStyle}>\n          {$trxn_id}\n         </td>\n        </tr>\n       {/if}\n\n       {if $paidBy}\n        <tr>\n         <td {$labelStyle}>\n          {ts}Paid By{/ts}\n         </td>\n         <td {$valueStyle}>\n         {$paidBy}\n         </td>\n        </tr>\n       {/if}\n\n       {if $checkNumber}\n        <tr>\n         <td {$labelStyle}>\n          {ts}Check Number{/ts}\n         </td>\n         <td {$valueStyle}>\n          {$checkNumber}\n         </td>\n        </tr>\n       {/if}\n\n       {if $contributeMode ne \'notify\' and !$isAmountzero and !$is_pay_later and !$isOnWaitlist and !$isRequireApproval}\n        <tr>\n         <th {$headerStyle}>\n          {ts}Billing Name and Address{/ts}\n         </th>\n        </tr>\n        <tr>\n         <td colspan=\"2\" {$valueStyle}>\n          {$billingName}<br />\n          {$address|nl2br}\n         </td>\n        </tr>\n       {/if}\n\n       {if $contributeMode eq \'direct\' and !$isAmountzero and !$is_pay_later and !$isOnWaitlist and !$isRequireApproval}\n        <tr>\n         <th {$headerStyle}>\n          {ts}Credit Card Information{/ts}\n         </th>\n        </tr>\n        <tr>\n         <td colspan=\"2\" {$valueStyle}>\n          {$credit_card_type}<br />\n          {$credit_card_number}<br />\n          {ts}Expires{/ts}: {$credit_card_exp_date|truncate:7:\'\'|crmDate}\n         </td>\n        </tr>\n       {/if}\n\n      {/if}\n\n     {/if} {* End of conditional section for Paid events *}\n\n\n{if $customPre}\n{foreach from=$customPre item=customPr key=i}\n   <tr> <th {$headerStyle}>{$customPre_grouptitle.$i}</th></tr>\n   {foreach from=$customPr item=customValue key=customName}\n   {if ( $trackingFields and ! in_array( $customName, $trackingFields ) ) or ! $trackingFields}\n     <tr>\n         <td {$labelStyle}>{$customName}</td>\n         <td {$valueStyle}>{$customValue}</td>\n     </tr>\n   {/if}\n   {/foreach}\n{/foreach}\n{/if}\n\n{if $customPost}\n{foreach from=$customPost item=customPos key=j}\n   <tr> <th {$headerStyle}>{$customPost_grouptitle.$j}</th></tr>\n   {foreach from=$customPos item=customValue key=customName}\n   {if ( $trackingFields and ! in_array( $customName, $trackingFields ) ) or ! $trackingFields}\n     <tr>\n         <td {$labelStyle}>{$customName}</td>\n         <td {$valueStyle}>{$customValue}</td>\n     </tr>\n{/if}\n{/foreach}\n{/foreach}\n{/if}\n\n{if $customProfile}\n{foreach from=$customProfile.profile item=eachParticipant key=participantID}\n     <tr><th {$headerStyle}>{ts 1=$participantID+2}Participant %1{/ts} </th></tr>\n     {foreach from=$eachParticipant item=eachProfile key=pid}\n     <tr><th {$headerStyle}>{$customProfile.title.$pid}</th></tr>\n     {foreach from=$eachProfile item=val key=field}\n     <tr>{foreach from=$val item=v key=f}\n         <td {$labelStyle}>{$field}</td>\n         <td {$valueStyle}>{$v}</td>\n         {/foreach}\n     </tr>\n     {/foreach}\n{/foreach}\n{/foreach}\n{/if}\n\n    {if $customGroup}\n      {foreach from=$customGroup item=value key=customName}\n       <tr>\n        <th {$headerStyle}>\n         {$customName}\n        </th>\n       </tr>\n       {foreach from=$value item=v key=n}\n        <tr>\n         <td {$labelStyle}>\n          {$n}\n         </td>\n         <td {$valueStyle}>\n          {$v}\n         </td>\n        </tr>\n       {/foreach}\n      {/foreach}\n     {/if}\n\n    </table>\n   </td>\n  </tr>\n </table>\n</center>\n\n</body>\n</html>\n',1,718,1,0,NULL),(28,'Events - Registration Confirmation and Receipt (on-line)','{if $isOnWaitlist}{ts}Wait List Confirmation{/ts}{else}{ts}Registration Confirmation{/ts}{/if} - {$event.event_title}','Dear {contact.display_name},\n\n{if $event.confirm_email_text AND (not $isOnWaitlist AND not $isRequireApproval)}\n{$event.confirm_email_text}\n\n{else}\nThank you for your participation.  This letter is a confirmation that your registration has been received and your status has been updated to {if $participant_status}{$participant_status}{else}{if $isOnWaitlist}waitlisted{else}registered{/if}{/if}.\n\n{/if}\n\n{if $isOnWaitlist}\n==========================================================={if $pricesetFieldsCount }===================={/if}\n\n{ts}You have been added to the WAIT LIST for this event.{/ts}\n\n{if $isPrimary}\n{ts}If space becomes available you will receive an email with\na link to a web page where you can complete your registration.{/ts}\n{/if}\n==========================================================={if $pricesetFieldsCount }===================={/if}\n\n{elseif $isRequireApproval}\n==========================================================={if $pricesetFieldsCount }===================={/if}\n\n{ts}Your registration has been submitted.{/ts}\n\n{if $isPrimary}\n{ts}Once your registration has been reviewed, you will receive\nan email with a link to a web page where you can complete the\nregistration process.{/ts}\n\n{/if}\n==========================================================={if $pricesetFieldsCount }===================={/if}\n\n{elseif $is_pay_later && !$isAmountzero && !$isAdditionalParticipant}\n\n==========================================================={if $pricesetFieldsCount }===================={/if}\n\n{$pay_later_receipt}\n==========================================================={if $pricesetFieldsCount }===================={/if}\n\n{else}\n\n{ts}Please print this confirmation for your records.{/ts}\n{/if}\n\n\n==========================================================={if $pricesetFieldsCount }===================={/if}\n\n{ts}Event Information and Location{/ts}\n\n==========================================================={if $pricesetFieldsCount }===================={/if}\n\n{$event.event_title}\n{$event.event_start_date|date_format:\"%A\"} {$event.event_start_date|crmDate}{if $event.event_end_date}-{if $event.event_end_date|date_format:\"%Y%m%d\" == $event.event_start_date|date_format:\"%Y%m%d\"}{$event.event_end_date|crmDate:0:1}{else}{$event.event_end_date|date_format:\"%A\"} {$event.event_end_date|crmDate}{/if}{/if}\n{if $conference_sessions}\n\n\n{ts}Your schedule:{/ts}\n{assign var=\'group_by_day\' value=\'NA\'}\n{foreach from=$conference_sessions item=session}\n{if $session.start_date|date_format:\"%Y/%m/%d\" != $group_by_day|date_format:\"%Y/%m/%d\"}\n{assign var=\'group_by_day\' value=$session.start_date}\n\n{$group_by_day|date_format:\"%m/%d/%Y\"}\n\n\n{/if}\n{$session.start_date|crmDate:0:1}{if $session.end_date}-{$session.end_date|crmDate:0:1}{/if} {$session.title}\n{if $session.location}    {$session.location}{/if}\n{/foreach}\n{/if}\n\n{if $event.participant_role neq \'Attendee\' and $defaultRole}\n{ts}Participant Role{/ts}: {$event.participant_role}\n{/if}\n\n{if $isShowLocation}\n{if $location.address.1.name}\n\n{$location.address.1.name}\n{/if}\n{if $location.address.1.street_address}{$location.address.1.street_address}\n{/if}\n{if $location.address.1.supplemental_address_1}{$location.address.1.supplemental_address_1}\n{/if}\n{if $location.address.1.supplemental_address_2}{$location.address.1.supplemental_address_2}\n{/if}\n{if $location.address.1.city}{$location.address.1.city}, {$location.address.1.state_province} {$location.address.1.postal_code}{if $location.address.1.postal_code_suffix} - {$location.address.1.postal_code_suffix}{/if}\n{/if}\n\n{/if}{*End of isShowLocation condition*}\n\n{if $location.phone.1.phone || $location.email.1.email}\n\n{ts}Event Contacts:{/ts}\n{foreach from=$location.phone item=phone}\n{if $phone.phone}\n\n{if $phone.phone_type}{$phone.phone_type_display}{else}{ts}Phone{/ts}{/if}: {$phone.phone}{/if} {if $phone.phone_ext} {ts}ext.{/ts} {$phone.phone_ext}{/if}\n{/foreach}\n{foreach from=$location.email item=eventEmail}\n{if $eventEmail.email}\n\n{ts}Email{/ts}: {$eventEmail.email}{/if}{/foreach}\n{/if}\n\n{if $event.is_public} \n{capture assign=icalFeed}{crmURL p=\'civicrm/event/ical\' q=\"reset=1&id=`$event.id`\" h=0 a=1 fe=1}{/capture}\n{ts}Download iCalendar File:{/ts} {$icalFeed}\n{/if}\n\n{if $payer.name}\nYou were registered by: {$payer.name}\n{/if}\n{if $event.is_monetary} {* This section for Paid events only.*}\n\n==========================================================={if $pricesetFieldsCount }===================={/if}\n\n{$event.fee_label}\n==========================================================={if $pricesetFieldsCount }===================={/if}\n\n{if $lineItem}{foreach from=$lineItem item=value key=priceset}\n\n{if $value neq \'skip\'}\n{if $isPrimary}\n{if $lineItem|@count GT 1} {* Header for multi participant registration cases. *}\n{ts 1=$priceset+1}Participant %1{/ts} {$part.$priceset.info}\n\n{/if}\n{/if}\n-----------------------------------------------------------{if $pricesetFieldsCount }--------------------{/if}\n\n{capture assign=ts_item}{ts}Item{/ts}{/capture}\n{capture assign=ts_qty}{ts}Qty{/ts}{/capture}\n{capture assign=ts_each}{ts}Each{/ts}{/capture}\n{capture assign=ts_total}{ts}Total{/ts}{/capture}\n{if $pricesetFieldsCount }{capture assign=ts_participant_total}{ts}Total Participants{/ts}{/capture}{/if}\n{$ts_item|string_format:\"%-30s\"} {$ts_qty|string_format:\"%5s\"} {$ts_each|string_format:\"%10s\"} {$ts_total|string_format:\"%10s\"} {$ts_participant_total|string_format:\"%10s\"}\n-----------------------------------------------------------{if $pricesetFieldsCount }--------------------{/if}\n\n{foreach from=$value item=line}\n{if $pricesetFieldsCount }{capture assign=ts_participant_count}{$line.participant_count}{/capture}{/if}\n{capture assign=ts_item}{if $line.html_type eq \'Text\'}{$line.label}{else}{$line.field_title} - {$line.label}{/if} {if $line.description} {$line.description}{/if}{/capture}{$ts_item|truncate:30:\"...\"|string_format:\"%-30s\"} {$line.qty|string_format:\"%5s\"} {$line.unit_price|crmMoney:$currency|string_format:\"%10s\"} {$line.line_total|crmMoney:$currency|string_format:\"%10s\"}{$ts_participant_count|string_format:\"%10s\"}\n{/foreach}\n{/if}\n{/foreach}\n{/if}\n{if $amounts && !$lineItem}\n{foreach from=$amounts item=amnt key=level}{$amnt.amount|crmMoney:$currency} {$amnt.label}\n{/foreach}\n{/if}\n{if $isPrimary }\n\n{ts}Total Amount{/ts}: {$totalAmount|crmMoney:$currency} {if $hookDiscount.message}({$hookDiscount.message}){/if}\n\n{if $pricesetFieldsCount }\n      {assign var=\"count\" value= 0}\n      {foreach from=$lineItem item=pcount}\n      {assign var=\"lineItemCount\" value=0}\n      {if $pcount neq \'skip\'}\n        {foreach from=$pcount item=p_count}\n        {assign var=\"lineItemCount\" value=$lineItemCount+$p_count.participant_count}\n        {/foreach}\n      {if $lineItemCount < 1 }\n        {assign var=\"lineItemCount\" value=1}\n      {/if}\n      {assign var=\"count\" value=$count+$lineItemCount}\n      {/if}\n      {/foreach}\n\n{ts}Total Participants{/ts}: {$count}\n{/if}\n\n{if $register_date}\n{ts}Registration Date{/ts}: {$register_date|crmDate}\n{/if}\n{if $receive_date}\n{ts}Transaction Date{/ts}: {$receive_date|crmDate}\n{/if}\n{if $contributionTypeName}\n{ts}Financial Type{/ts}: {$contributionTypeName}\n{/if}\n{if $trxn_id}\n{ts}Transaction #{/ts}: {$trxn_id}\n{/if}\n{if $paidBy}\n{ts}Paid By{/ts}: {$paidBy}\n{/if}\n{if $checkNumber}\n{ts}Check Number{/ts}: {$checkNumber}\n{/if}\n{if $contributeMode ne \'notify\' and !$isAmountzero and !$is_pay_later and !$isOnWaitlist and !$isRequireApproval}\n\n==========================================================={if $pricesetFieldsCount }===================={/if}\n\n{ts}Billing Name and Address{/ts}\n\n==========================================================={if $pricesetFieldsCount }===================={/if}\n\n{$billingName}\n{$address}\n{/if}\n\n{if $contributeMode eq \'direct\' and !$isAmountzero and !$is_pay_later and !$isOnWaitlist and !$isRequireApproval}\n==========================================================={if $pricesetFieldsCount }===================={/if}\n\n{ts}Credit Card Information{/ts}\n\n==========================================================={if $pricesetFieldsCount }===================={/if}\n\n{$credit_card_type}\n{$credit_card_number}\n{ts}Expires{/ts}: {$credit_card_exp_date|truncate:7:\'\'|crmDate}\n{/if}\n{/if}\n{/if} {* End of conditional section for Paid events *}\n\n{if $customPre}\n{foreach from=$customPre item=customPr key=i}\n==========================================================={if $pricesetFieldsCount }===================={/if}\n\n{$customPre_grouptitle.$i}\n==========================================================={if $pricesetFieldsCount }===================={/if}\n\n{foreach from=$customPr item=customValue key=customName}\n{if ( $trackingFields and ! in_array( $customName, $trackingFields ) ) or ! $trackingFields}\n {$customName}: {$customValue}\n{/if}\n{/foreach}\n{/foreach}\n{/if}\n\n{if $customPost}\n{foreach from=$customPost item=customPos key=j}\n==========================================================={if $pricesetFieldsCount }===================={/if}\n\n{$customPost_grouptitle.$j}\n==========================================================={if $pricesetFieldsCount }===================={/if}\n\n{foreach from=$customPos item=customValue key=customName}\n{if ( $trackingFields and ! in_array( $customName, $trackingFields ) ) or ! $trackingFields}\n {$customName}: {$customValue}\n{/if}\n{/foreach}\n{/foreach}\n{/if}\n{if $customProfile}\n\n{foreach from=$customProfile.profile item=eachParticipant key=participantID}\n==========================================================={if $pricesetFieldsCount }===================={/if}\n\n{ts 1=$participantID+2}Participant Information - Participant %1{/ts}\n\n==========================================================={if $pricesetFieldsCount }===================={/if}\n\n{foreach from=$eachParticipant item=eachProfile key=pid}\n----------------------------------------------------------{if $pricesetFieldsCount }--------------------{/if}\n\n{$customProfile.title.$pid}\n----------------------------------------------------------{if $pricesetFieldsCount }--------------------{/if}\n\n{foreach from=$eachProfile item=val key=field}\n{foreach from=$val item=v key=f}\n{$field}: {$v}\n{/foreach}\n{/foreach}\n{/foreach}\n{/foreach}\n{/if}\n{if $customGroup}\n{foreach from=$customGroup item=value key=customName}\n=========================================================={if $pricesetFieldsCount }===================={/if}\n\n{$customName}\n=========================================================={if $pricesetFieldsCount }===================={/if}\n\n{foreach from=$value item=v key=n}\n{$n}: {$v}\n{/foreach}\n{/foreach}\n{/if}\n','<!DOCTYPE html PUBLIC \"-//W3C//DTD XHTML 1.0 Transitional//EN\" \"http://www.w3.org/TR/xhtml1/DTD/xhtml1-transitional.dtd\">\n<html xmlns=\"http://www.w3.org/1999/xhtml\">\n<head>\n <meta http-equiv=\"Content-Type\" content=\"text/html; charset=UTF-8\" />\n <title></title>\n</head>\n<body>\n\n{capture assign=headerStyle}colspan=\"2\" style=\"text-align: left; padding: 4px; border-bottom: 1px solid #999; background-color: #eee;\"{/capture}\n{capture assign=labelStyle }style=\"padding: 4px; border-bottom: 1px solid #999; background-color: #f7f7f7;\"{/capture}\n{capture assign=valueStyle }style=\"padding: 4px; border-bottom: 1px solid #999;\"{/capture}\n\n<center>\n <table width=\"500\" border=\"0\" cellpadding=\"0\" cellspacing=\"0\" id=\"crm-event_receipt\" style=\"font-family: Arial, Verdana, sans-serif; text-align: left;\">\n\n  <!-- BEGIN HEADER -->\n  <!-- You can add table row(s) here with logo or other header elements -->\n  <!-- END HEADER -->\n\n  <!-- BEGIN CONTENT -->\n\n  <tr>\n   <td>\n  <p>Dear {contact.display_name},</p>\n\n    {if $event.confirm_email_text AND (not $isOnWaitlist AND not $isRequireApproval)}\n     <p>{$event.confirm_email_text|htmlize}</p>\n\n    {else}\n  <p>Thank you for your participation.  This letter is a confirmation that your registration has been received and your status has been updated to <strong>{if $participant_status}{$participant_status}{else}{if $isOnWaitlist}waitlisted{else}registered{/if}{/if}</strong>.</p>\n\n    {/if}\n\n    <p>\n    {if $isOnWaitlist}\n     <p>{ts}You have been added to the WAIT LIST for this event.{/ts}</p>\n     {if $isPrimary}\n       <p>{ts}If space becomes available you will receive an email with\na link to a web page where you can complete your registration.{/ts}</p>\n     {/if}\n    {elseif $isRequireApproval}\n     <p>{ts}Your registration has been submitted.{/ts}</p>\n     {if $isPrimary}\n      <p>{ts}Once your registration has been reviewed, you will receive\nan email with a link to a web page where you can complete the\nregistration process.{/ts}</p>\n     {/if}\n    {elseif $is_pay_later && !$isAmountzero && !$isAdditionalParticipant}\n     <p>{$pay_later_receipt}</p> {* FIXME: this might be text rather than HTML *}\n    {else}\n     <p>{ts}Please print this confirmation for your records.{/ts}</p>\n    {/if}\n\n   </td>\n  </tr>\n  <tr>\n   <td>\n    <table width=\"500\" style=\"border: 1px solid #999; margin: 1em 0em 1em; border-collapse: collapse;\">\n     <tr>\n      <th {$headerStyle}>\n       {ts}Event Information and Location{/ts}\n      </th>\n     </tr>\n     <tr>\n      <td colspan=\"2\" {$valueStyle}>\n       {$event.event_title}<br />\n       {$event.event_start_date|date_format:\"%A\"} {$event.event_start_date|crmDate}{if $event.event_end_date}-{if $event.event_end_date|date_format:\"%Y%m%d\" == $event.event_start_date|date_format:\"%Y%m%d\"}{$event.event_end_date|crmDate:0:1}{else}{$event.event_end_date|date_format:\"%A\"} {$event.event_end_date|crmDate}{/if}{/if}\n      </td>\n     </tr>\n\n\n     {if $conference_sessions}\n      <tr>\n       <td colspan=\"2\" {$labelStyle}>\n  {ts}Your schedule:{/ts}\n       </td>\n      </tr>\n      <tr>\n       <td colspan=\"2\" {$valueStyle}>\n  {assign var=\'group_by_day\' value=\'NA\'}\n  {foreach from=$conference_sessions item=session}\n   {if $session.start_date|date_format:\"%Y/%m/%d\" != $group_by_day|date_format:\"%Y/%m/%d\"}\n    {assign var=\'group_by_day\' value=$session.start_date}\n          <em>{$group_by_day|date_format:\"%m/%d/%Y\"}</em><br />\n   {/if}\n   {$session.start_date|crmDate:0:1}{if $session.end_date}-{$session.end_date|crmDate:0:1}{/if} {$session.title}<br />\n   {if $session.location}&nbsp;&nbsp;&nbsp;&nbsp;{$session.location}<br />{/if}\n  {/foreach}\n       </td>\n      </tr>\n     {/if}\n\n     {if $event.participant_role neq \'Attendee\' and $defaultRole}\n      <tr>\n       <td {$labelStyle}>\n        {ts}Participant Role{/ts}\n       </td>\n       <td {$valueStyle}>\n        {$event.participant_role}\n       </td>\n      </tr>\n     {/if}\n\n     {if $isShowLocation}\n      <tr>\n       <td colspan=\"2\" {$valueStyle}>\n        {if $location.address.1.name}\n         {$location.address.1.name}<br />\n        {/if}\n        {if $location.address.1.street_address}\n         {$location.address.1.street_address}<br />\n        {/if}\n        {if $location.address.1.supplemental_address_1}\n         {$location.address.1.supplemental_address_1}<br />\n        {/if}\n        {if $location.address.1.supplemental_address_2}\n         {$location.address.1.supplemental_address_2}<br />\n        {/if}\n        {if $location.address.1.city}\n         {$location.address.1.city}, {$location.address.1.state_province} {$location.address.1.postal_code}{if $location.address.1.postal_code_suffix} - {$location.address.1.postal_code_suffix}{/if}<br />\n        {/if}\n       </td>\n      </tr>\n     {/if}\n\n     {if $location.phone.1.phone || $location.email.1.email}\n      <tr>\n       <td colspan=\"2\" {$labelStyle}>\n        {ts}Event Contacts:{/ts}\n       </td>\n      </tr>\n      {foreach from=$location.phone item=phone}\n       {if $phone.phone}\n        <tr>\n         <td {$labelStyle}>\n          {if $phone.phone_type}\n           {$phone.phone_type_display}\n          {else}\n           {ts}Phone{/ts}\n          {/if}\n         </td>\n         <td {$valueStyle}>\n          {$phone.phone} {if $phone.phone_ext}&nbsp;{ts}ext.{/ts} {$phone.phone_ext}{/if}\n         </td>\n        </tr>\n       {/if}\n      {/foreach}\n      {foreach from=$location.email item=eventEmail}\n       {if $eventEmail.email}\n        <tr>\n         <td {$labelStyle}>\n          {ts}Email{/ts}\n         </td>\n         <td {$valueStyle}>\n          {$eventEmail.email}\n         </td>\n        </tr>\n       {/if}\n      {/foreach}\n     {/if}\n	 \n     {if $event.is_public} \n      <tr>\n       <td colspan=\"2\" {$valueStyle}>\n        {capture assign=icalFeed}{crmURL p=\'civicrm/event/ical\' q=\"reset=1&id=`$event.id`\" h=0 a=1 fe=1}{/capture}\n        <a href=\"{$icalFeed}\">{ts}Download iCalendar File{/ts}</a>\n       </td>\n      </tr>\n     {/if}\n	 \n    {if $event.is_share}\n        <tr>\n            <td colspan=\"2\" {$valueStyle}>\n                {capture assign=eventUrl}{crmURL p=\'civicrm/event/info\' q=\"id=`$event.id`&reset=1\" a=true fe=1 h=1}{/capture}\n                {include file=\"CRM/common/SocialNetwork.tpl\" emailMode=true url=$eventUrl title=$event.title pageURL=$eventUrl}\n            </td>\n        </tr>\n    {/if}\n    {if $payer.name}\n     <tr>\n       <th {$headerStyle}>\n         {ts}You were registered by:{/ts}\n       </th>\n     </tr>\n     <tr>\n       <td colspan=\"2\" {$valueStyle}>\n        {$payer.name}\n       </td>\n     </tr>\n    {/if}\n    {if $event.is_monetary}\n\n      <tr>\n       <th {$headerStyle}>\n        {$event.fee_label}\n       </th>\n      </tr>\n\n      {if $lineItem}\n       {foreach from=$lineItem item=value key=priceset}\n        {if $value neq \'skip\'}\n         {if $isPrimary}\n          {if $lineItem|@count GT 1} {* Header for multi participant registration cases. *}\n           <tr>\n            <td colspan=\"2\" {$labelStyle}>\n             {ts 1=$priceset+1}Participant %1{/ts} {$part.$priceset.info}\n            </td>\n           </tr>\n          {/if}\n         {/if}\n         <tr>\n          <td colspan=\"2\" {$valueStyle}>\n           <table> {* FIXME: style this table so that it looks like the text version (justification, etc.) *}\n            <tr>\n             <th>{ts}Item{/ts}</th>\n             <th>{ts}Qty{/ts}</th>\n             <th>{ts}Each{/ts}</th>\n             <th>{ts}Total{/ts}</th>\n       {if  $pricesetFieldsCount }<th>{ts}Total Participants{/ts}</th>{/if}\n            </tr>\n            {foreach from=$value item=line}\n             <tr>\n              <td>\n              {if $line.html_type eq \'Text\'}{$line.label}{else}{$line.field_title} - {$line.label}{/if} {if $line.description}<div>{$line.description|truncate:30:\"...\"}</div>{/if}\n              </td>\n              <td>\n               {$line.qty}\n              </td>\n              <td>\n               {$line.unit_price|crmMoney:$currency}\n              </td>\n              <td>\n               {$line.line_total|crmMoney:$currency}\n              </td>\n        {if $pricesetFieldsCount }<td>{$line.participant_count}</td> {/if}\n             </tr>\n            {/foreach}\n           </table>\n          </td>\n         </tr>\n        {/if}\n       {/foreach}\n      {/if}\n\n      {if $amounts && !$lineItem}\n       {foreach from=$amounts item=amnt key=level}\n        <tr>\n         <td colspan=\"2\" {$valueStyle}>\n          {$amnt.amount|crmMoney:$currency} {$amnt.label}\n         </td>\n        </tr>\n       {/foreach}\n      {/if}\n\n      {if $isPrimary}\n       <tr>\n        <td {$labelStyle}>\n         {ts}Total Amount{/ts}\n        </td>\n        <td {$valueStyle}>\n         {$totalAmount|crmMoney:$currency} {if $hookDiscount.message}({$hookDiscount.message}){/if}\n        </td>\n       </tr>\n       {if $pricesetFieldsCount }\n     <tr>\n       <td {$labelStyle}>\n      {ts}Total Participants{/ts}</td>\n      <td {$valueStyle}>\n      {assign var=\"count\" value= 0}\n      {foreach from=$lineItem item=pcount}\n      {assign var=\"lineItemCount\" value=0}\n      {if $pcount neq \'skip\'}\n        {foreach from=$pcount item=p_count}\n        {assign var=\"lineItemCount\" value=$lineItemCount+$p_count.participant_count}\n        {/foreach}\n      {if $lineItemCount < 1 }\n        {assign var=\"lineItemCount\" value=1}\n      {/if}\n      {assign var=\"count\" value=$count+$lineItemCount}\n      {/if}\n      {/foreach}\n     {$count}\n     </td> </tr>\n      {/if}\n\n       {if $register_date}\n        <tr>\n         <td {$labelStyle}>\n          {ts}Registration Date{/ts}\n         </td>\n         <td {$valueStyle}>\n          {$register_date|crmDate}\n         </td>\n        </tr>\n       {/if}\n\n       {if $receive_date}\n        <tr>\n         <td {$labelStyle}>\n          {ts}Transaction Date{/ts}\n         </td>\n         <td {$valueStyle}>\n          {$receive_date|crmDate}\n         </td>\n        </tr>\n       {/if}\n\n       {if $contributionTypeName}\n        <tr>\n         <td {$labelStyle}>\n          {ts}Financial Type{/ts}\n         </td>\n         <td {$valueStyle}>\n          {$contributionTypeName}\n         </td>\n        </tr>\n       {/if}\n\n       {if $trxn_id}\n        <tr>\n         <td {$labelStyle}>\n          {ts}Transaction #{/ts}\n         </td>\n         <td {$valueStyle}>\n          {$trxn_id}\n         </td>\n        </tr>\n       {/if}\n\n       {if $paidBy}\n        <tr>\n         <td {$labelStyle}>\n          {ts}Paid By{/ts}\n         </td>\n         <td {$valueStyle}>\n         {$paidBy}\n         </td>\n        </tr>\n       {/if}\n\n       {if $checkNumber}\n        <tr>\n         <td {$labelStyle}>\n          {ts}Check Number{/ts}\n         </td>\n         <td {$valueStyle}>\n          {$checkNumber}\n         </td>\n        </tr>\n       {/if}\n\n       {if $contributeMode ne \'notify\' and !$isAmountzero and !$is_pay_later and !$isOnWaitlist and !$isRequireApproval}\n        <tr>\n         <th {$headerStyle}>\n          {ts}Billing Name and Address{/ts}\n         </th>\n        </tr>\n        <tr>\n         <td colspan=\"2\" {$valueStyle}>\n          {$billingName}<br />\n          {$address|nl2br}\n         </td>\n        </tr>\n       {/if}\n\n       {if $contributeMode eq \'direct\' and !$isAmountzero and !$is_pay_later and !$isOnWaitlist and !$isRequireApproval}\n        <tr>\n         <th {$headerStyle}>\n          {ts}Credit Card Information{/ts}\n         </th>\n        </tr>\n        <tr>\n         <td colspan=\"2\" {$valueStyle}>\n          {$credit_card_type}<br />\n          {$credit_card_number}<br />\n          {ts}Expires{/ts}: {$credit_card_exp_date|truncate:7:\'\'|crmDate}\n         </td>\n        </tr>\n       {/if}\n\n      {/if}\n\n     {/if} {* End of conditional section for Paid events *}\n\n\n{if $customPre}\n{foreach from=$customPre item=customPr key=i}\n   <tr> <th {$headerStyle}>{$customPre_grouptitle.$i}</th></tr>\n   {foreach from=$customPr item=customValue key=customName}\n   {if ( $trackingFields and ! in_array( $customName, $trackingFields ) ) or ! $trackingFields}\n     <tr>\n         <td {$labelStyle}>{$customName}</td>\n         <td {$valueStyle}>{$customValue}</td>\n     </tr>\n   {/if}\n   {/foreach}\n{/foreach}\n{/if}\n\n{if $customPost}\n{foreach from=$customPost item=customPos key=j}\n   <tr> <th {$headerStyle}>{$customPost_grouptitle.$j}</th></tr>\n   {foreach from=$customPos item=customValue key=customName}\n   {if ( $trackingFields and ! in_array( $customName, $trackingFields ) ) or ! $trackingFields}\n     <tr>\n         <td {$labelStyle}>{$customName}</td>\n         <td {$valueStyle}>{$customValue}</td>\n     </tr>\n{/if}\n{/foreach}\n{/foreach}\n{/if}\n\n{if $customProfile}\n{foreach from=$customProfile.profile item=eachParticipant key=participantID}\n     <tr><th {$headerStyle}>{ts 1=$participantID+2}Participant %1{/ts} </th></tr>\n     {foreach from=$eachParticipant item=eachProfile key=pid}\n     <tr><th {$headerStyle}>{$customProfile.title.$pid}</th></tr>\n     {foreach from=$eachProfile item=val key=field}\n     <tr>{foreach from=$val item=v key=f}\n         <td {$labelStyle}>{$field}</td>\n         <td {$valueStyle}>{$v}</td>\n         {/foreach}\n     </tr>\n     {/foreach}\n{/foreach}\n{/foreach}\n{/if}\n\n    {if $customGroup}\n      {foreach from=$customGroup item=value key=customName}\n       <tr>\n        <th {$headerStyle}>\n         {$customName}\n        </th>\n       </tr>\n       {foreach from=$value item=v key=n}\n        <tr>\n         <td {$labelStyle}>\n          {$n}\n         </td>\n         <td {$valueStyle}>\n          {$v}\n         </td>\n        </tr>\n       {/foreach}\n      {/foreach}\n     {/if}\n\n    </table>\n   </td>\n  </tr>\n </table>\n</center>\n\n</body>\n</html>\n',1,718,0,1,NULL),(29,'Events - Receipt only','Receipt for {if $events_in_cart} Event Registration{/if}\n','Dear {contact.display_name},\n{if $is_pay_later}\n  This is being sent to you as an acknowledgement that you have registered one or more members for the following workshop, event or purchase. Please note, however, that the status of your payment is pending, and the registration for this event will not be completed until your payment is received.\n{else}\n  This is being sent to you as a {if $is_refund}confirmation of refund{else}receipt of payment made{/if} for the following workshop, event registration or purchase.\n{/if}\n\n{if $is_pay_later}\n  {$pay_later_receipt}\n{/if}\n\n  Your order number is #{$transaction_id}. Please print this confirmation for your records.{if $line_items && !$is_refund} Information about the workshops will be sent separately to each participant.{/if}\n Here\'s a summary of your transaction placed on {$transaction_date|date_format:\"%D %I:%M %p %Z\"}:\n\n{if $billing_name}\n===========================================================\n{ts}Billing Name and Address{/ts}\n\n===========================================================\n{$billing_name}\n\n{$billing_street_address}\n\n{$billing_city}, {$billing_state} {$billing_postal_code}\n\n{$email}\n{/if}\n\n{if $source}\n{$source}\n{/if}\n\n\n{foreach from=$line_items item=line_item}\n{$line_item.event->title} ({$line_item.event->start_date|date_format:\"%D\"})\n{if $line_item.event->is_show_location}\n  {if $line_item.location.address.1.name}\n    {$line_item.location.address.1.name}\n  {/if}\n  {if $line_item.location.address.1.street_address}\n    {$line_item.location.address.1.street_address}\n  {/if}\n  {if $line_item.location.address.1.supplemental_address_1}\n    {$line_item.location.address.1.supplemental_address_1}\n  {/if}\n  {if $line_item.location.address.1.supplemental_address_2}\n    {$line_item.location.address.1.supplemental_address_2}\n  {/if}\n  {if $line_item.location.address.1.city}\n    {$line_item.location.address.1.city}, {$line_item.location.address.1.state_province} {$line_item.location.address.1.postal_code}\n  {/if}\n{/if}{*End of isShowLocation condition*}\n{$line_item.event->start_date|date_format:\"%D %I:%M %p\"} - {$line_item.event->end_date|date_format:\"%I:%M %p\"}\n\n  Quantity: {$line_item.num_participants}\n\n{if $line_item.num_participants > 0}\n  {foreach from=$line_item.participants item=participant}\n    {$participant.display_name}\n  {/foreach}\n{/if}\n{if $line_item.num_waiting_participants > 0}\n  Waitlisted:\n    {foreach from=$line_item.waiting_participants item=participant}\n      {$participant.display_name}\n    {/foreach}\n{/if}\nCost: {$line_item.cost|crmMoney:$currency|string_format:\"%10s\"}\nTotal For This Event: {$line_item.amount|crmMoney:$currency|string_format:\"%10s\"}\n\n{/foreach}\n\n{if $discounts}\nSubtotal: {$sub_total|crmMoney:$currency|string_format:\"%10s\"}\n--------------------------------------\nDiscounts\n{foreach from=$discounts key=myId item=i}\n  {$i.title}: -{$i.amount|crmMoney:$currency|string_format:\"%10s\"}\n{/foreach}\n{/if}\n======================================\nTotal: {$total|crmMoney:$currency|string_format:\"%10s\"}\n\n{if $credit_card_type}\n===========================================================\n{ts}Payment Information{/ts}\n\n===========================================================\n{$credit_card_type}\n{$credit_card_number}\n{ts}Expires{/ts}: {$credit_card_exp_date.M}/{$credit_card_exp_date.Y}\n{/if}\n\n  If you have questions about the status of your registration or purchase please feel free to contact us.\n','<!DOCTYPE html PUBLIC \"-//W3C//DTD XHTML 1.0 Transitional//EN\" \"http://www.w3.org/TR/xhtml1/DTD/xhtml1-transitional.dtd\">\n<html xmlns=\"http://www.w3.org/1999/xhtml\">\n  <head>\n    <meta http-equiv=\"Content-Type\" content=\"text/html; charset=UTF-8\" />\n    <title></title>\n  </head>\n  <body>\n    {capture assign=headerStyle}colspan=\"2\" style=\"text-align: left; padding: 4px; border-bottom: 1px solid #999; background-color: #eee;\"{/capture}\n    {capture assign=labelStyle }style=\"padding: 4px; border-bottom: 1px solid #999; background-color: #f7f7f7;\"{/capture}\n    {capture assign=valueStyle }style=\"padding: 4px; border-bottom: 1px solid #999;\"{/capture}\n\n    <p>Dear {contact.display_name},</p>\n    {if $is_pay_later}\n      <p>\n        This is being sent to you as an acknowledgement that you have registered one or more members for the following workshop, event or purchase. Please note, however, that the status of your payment is pending, and the registration for this event will not be completed until your payment is received.\n      </p>\n    {else}\n      <p>\n        This is being sent to you as a {if $is_refund}confirmation of refund{else}receipt of payment made{/if} for the following workshop, event registration or purchase.\n      </p>\n    {/if}\n\n    {if $is_pay_later}\n      <p>{$pay_later_receipt}</p>\n    {/if}\n\n    <p>Your order number is #{$transaction_id}. Please print this confirmation for your records.{if $line_items && !$is_refund} Information about the workshops will be sent separately to each participant.{/if}\n  Here\'s a summary of your transaction placed on {$transaction_date|date_format:\"%D %I:%M %p %Z\"}:</p>\n\n\n{if $billing_name}\n  <table class=\"billing-info\">\n      <tr>\n    <th style=\"text-align: left;\">\n      {ts}Billing Name and Address{/ts}\n    </th>\n      </tr>\n      <tr>\n    <td>\n      {$billing_name}<br />\n      {$billing_street_address}<br />\n      {$billing_city}, {$billing_state} {$billing_postal_code}<br/>\n      <br/>\n      {$email}\n    </td>\n    </tr>\n    </table>\n{/if}\n{if $credit_card_type}\n  <p>&nbsp;</p>\n  <table class=\"billing-info\">\n      <tr>\n    <th style=\"text-align: left;\">\n      {ts}Credit Card Information{/ts}\n    </th>\n      </tr>\n      <tr>\n    <td>\n      {$credit_card_type}<br />\n      {$credit_card_number}<br />\n      {ts}Expires{/ts}: {$credit_card_exp_date.M}/{$credit_card_exp_date.Y}\n    </td>\n    </tr>\n    </table>\n{/if}\n{if $source}\n    <p>&nbsp;</p>\n    {$source}\n{/if}\n    <p>&nbsp;</p>\n    <table width=\"600\">\n      <thead>\n    <tr>\n{if $line_items}\n      <th style=\"text-align: left;\">\n      Event\n      </th>\n      <th style=\"text-align: left;\">\n      Participants\n      </th>\n{/if}\n      <th style=\"text-align: left;\">\n      Price\n      </th>\n      <th style=\"text-align: left;\">\n      Total\n      </th>\n    </tr>\n    </thead>\n      <tbody>\n  {foreach from=$line_items item=line_item}\n  <tr>\n    <td style=\"width: 220px\">\n      {$line_item.event->title} ({$line_item.event->start_date|date_format:\"%D\"})<br />\n      {if $line_item.event->is_show_location}\n        {if $line_item.location.address.1.name}\n    {$line_item.location.address.1.name}<br />\n        {/if}\n        {if $line_item.location.address.1.street_address}\n    {$line_item.location.address.1.street_address}<br />\n        {/if}\n        {if $line_item.location.address.1.supplemental_address_1}\n    {$line_item.location.address.1.supplemental_address_1}<br />\n        {/if}\n        {if $line_item.location.address.1.supplemental_address_2}\n    {$line_item.location.address.1.supplemental_address_2}<br />\n        {/if}\n        {if $line_item.location.address.1.city}\n    {$line_item.location.address.1.city}, {$line_item.location.address.1.state_province} {$location.address.1.postal_code}\n        {/if}\n      {/if}{*End of isShowLocation condition*}<br /><br />\n      {$line_item.event->start_date|date_format:\"%D %I:%M %p\"} - {$line_item.event->end_date|date_format:\"%I:%M %p\"}\n    </td>\n    <td style=\"width: 180px\">\n    {$line_item.num_participants}\n      {if $line_item.num_participants > 0}\n      <div class=\"participants\" style=\"padding-left: 10px;\">\n        {foreach from=$line_item.participants item=participant}\n        {$participant.display_name}<br />\n        {/foreach}\n      </div>\n      {/if}\n      {if $line_item.num_waiting_participants > 0}\n      Waitlisted:<br/>\n      <div class=\"participants\" style=\"padding-left: 10px;\">\n        {foreach from=$line_item.waiting_participants item=participant}\n        {$participant.display_name}<br />\n        {/foreach}\n      </div>\n      {/if}\n    </td>\n    <td style=\"width: 100px\">\n      {$line_item.cost|crmMoney:$currency|string_format:\"%10s\"}\n    </td>\n    <td style=\"width: 100px\">\n      &nbsp;{$line_item.amount|crmMoney:$currency|string_format:\"%10s\"}\n    </td>\n  </tr>\n  {/foreach}\n      </tbody>\n      <tfoot>\n  {if $discounts}\n  <tr>\n    <td>\n    </td>\n    <td>\n    </td>\n    <td>\n      Subtotal:\n    </td>\n    <td>\n      &nbsp;{$sub_total|crmMoney:$currency|string_format:\"%10s\"}\n    </td>\n  </tr>\n  {foreach from=$discounts key=myId item=i}\n  <tr>\n    <td>\n      {$i.title}\n    </td>\n    <td>\n    </td>\n    <td>\n    </td>\n    <td>\n      -{$i.amount}\n    </td>\n  </tr>\n  {/foreach}\n  {/if}\n  <tr>\n{if $line_items}\n    <td>\n    </td>\n    <td>\n    </td>\n{/if}\n    <td>\n      <strong>Total:</strong>\n    </td>\n    <td>\n      <strong>&nbsp;{$total|crmMoney:$currency|string_format:\"%10s\"}</strong>\n    </td>\n  </tr>\n      </tfoot>\n    </table>\n\n    If you have questions about the status of your registration or purchase please feel free to contact us.\n  </body>\n</html>\n',1,719,1,0,NULL),(30,'Events - Receipt only','Receipt for {if $events_in_cart} Event Registration{/if}\n','Dear {contact.display_name},\n{if $is_pay_later}\n  This is being sent to you as an acknowledgement that you have registered one or more members for the following workshop, event or purchase. Please note, however, that the status of your payment is pending, and the registration for this event will not be completed until your payment is received.\n{else}\n  This is being sent to you as a {if $is_refund}confirmation of refund{else}receipt of payment made{/if} for the following workshop, event registration or purchase.\n{/if}\n\n{if $is_pay_later}\n  {$pay_later_receipt}\n{/if}\n\n  Your order number is #{$transaction_id}. Please print this confirmation for your records.{if $line_items && !$is_refund} Information about the workshops will be sent separately to each participant.{/if}\n Here\'s a summary of your transaction placed on {$transaction_date|date_format:\"%D %I:%M %p %Z\"}:\n\n{if $billing_name}\n===========================================================\n{ts}Billing Name and Address{/ts}\n\n===========================================================\n{$billing_name}\n\n{$billing_street_address}\n\n{$billing_city}, {$billing_state} {$billing_postal_code}\n\n{$email}\n{/if}\n\n{if $source}\n{$source}\n{/if}\n\n\n{foreach from=$line_items item=line_item}\n{$line_item.event->title} ({$line_item.event->start_date|date_format:\"%D\"})\n{if $line_item.event->is_show_location}\n  {if $line_item.location.address.1.name}\n    {$line_item.location.address.1.name}\n  {/if}\n  {if $line_item.location.address.1.street_address}\n    {$line_item.location.address.1.street_address}\n  {/if}\n  {if $line_item.location.address.1.supplemental_address_1}\n    {$line_item.location.address.1.supplemental_address_1}\n  {/if}\n  {if $line_item.location.address.1.supplemental_address_2}\n    {$line_item.location.address.1.supplemental_address_2}\n  {/if}\n  {if $line_item.location.address.1.city}\n    {$line_item.location.address.1.city}, {$line_item.location.address.1.state_province} {$line_item.location.address.1.postal_code}\n  {/if}\n{/if}{*End of isShowLocation condition*}\n{$line_item.event->start_date|date_format:\"%D %I:%M %p\"} - {$line_item.event->end_date|date_format:\"%I:%M %p\"}\n\n  Quantity: {$line_item.num_participants}\n\n{if $line_item.num_participants > 0}\n  {foreach from=$line_item.participants item=participant}\n    {$participant.display_name}\n  {/foreach}\n{/if}\n{if $line_item.num_waiting_participants > 0}\n  Waitlisted:\n    {foreach from=$line_item.waiting_participants item=participant}\n      {$participant.display_name}\n    {/foreach}\n{/if}\nCost: {$line_item.cost|crmMoney:$currency|string_format:\"%10s\"}\nTotal For This Event: {$line_item.amount|crmMoney:$currency|string_format:\"%10s\"}\n\n{/foreach}\n\n{if $discounts}\nSubtotal: {$sub_total|crmMoney:$currency|string_format:\"%10s\"}\n--------------------------------------\nDiscounts\n{foreach from=$discounts key=myId item=i}\n  {$i.title}: -{$i.amount|crmMoney:$currency|string_format:\"%10s\"}\n{/foreach}\n{/if}\n======================================\nTotal: {$total|crmMoney:$currency|string_format:\"%10s\"}\n\n{if $credit_card_type}\n===========================================================\n{ts}Payment Information{/ts}\n\n===========================================================\n{$credit_card_type}\n{$credit_card_number}\n{ts}Expires{/ts}: {$credit_card_exp_date.M}/{$credit_card_exp_date.Y}\n{/if}\n\n  If you have questions about the status of your registration or purchase please feel free to contact us.\n','<!DOCTYPE html PUBLIC \"-//W3C//DTD XHTML 1.0 Transitional//EN\" \"http://www.w3.org/TR/xhtml1/DTD/xhtml1-transitional.dtd\">\n<html xmlns=\"http://www.w3.org/1999/xhtml\">\n  <head>\n    <meta http-equiv=\"Content-Type\" content=\"text/html; charset=UTF-8\" />\n    <title></title>\n  </head>\n  <body>\n    {capture assign=headerStyle}colspan=\"2\" style=\"text-align: left; padding: 4px; border-bottom: 1px solid #999; background-color: #eee;\"{/capture}\n    {capture assign=labelStyle }style=\"padding: 4px; border-bottom: 1px solid #999; background-color: #f7f7f7;\"{/capture}\n    {capture assign=valueStyle }style=\"padding: 4px; border-bottom: 1px solid #999;\"{/capture}\n\n    <p>Dear {contact.display_name},</p>\n    {if $is_pay_later}\n      <p>\n        This is being sent to you as an acknowledgement that you have registered one or more members for the following workshop, event or purchase. Please note, however, that the status of your payment is pending, and the registration for this event will not be completed until your payment is received.\n      </p>\n    {else}\n      <p>\n        This is being sent to you as a {if $is_refund}confirmation of refund{else}receipt of payment made{/if} for the following workshop, event registration or purchase.\n      </p>\n    {/if}\n\n    {if $is_pay_later}\n      <p>{$pay_later_receipt}</p>\n    {/if}\n\n    <p>Your order number is #{$transaction_id}. Please print this confirmation for your records.{if $line_items && !$is_refund} Information about the workshops will be sent separately to each participant.{/if}\n  Here\'s a summary of your transaction placed on {$transaction_date|date_format:\"%D %I:%M %p %Z\"}:</p>\n\n\n{if $billing_name}\n  <table class=\"billing-info\">\n      <tr>\n    <th style=\"text-align: left;\">\n      {ts}Billing Name and Address{/ts}\n    </th>\n      </tr>\n      <tr>\n    <td>\n      {$billing_name}<br />\n      {$billing_street_address}<br />\n      {$billing_city}, {$billing_state} {$billing_postal_code}<br/>\n      <br/>\n      {$email}\n    </td>\n    </tr>\n    </table>\n{/if}\n{if $credit_card_type}\n  <p>&nbsp;</p>\n  <table class=\"billing-info\">\n      <tr>\n    <th style=\"text-align: left;\">\n      {ts}Credit Card Information{/ts}\n    </th>\n      </tr>\n      <tr>\n    <td>\n      {$credit_card_type}<br />\n      {$credit_card_number}<br />\n      {ts}Expires{/ts}: {$credit_card_exp_date.M}/{$credit_card_exp_date.Y}\n    </td>\n    </tr>\n    </table>\n{/if}\n{if $source}\n    <p>&nbsp;</p>\n    {$source}\n{/if}\n    <p>&nbsp;</p>\n    <table width=\"600\">\n      <thead>\n    <tr>\n{if $line_items}\n      <th style=\"text-align: left;\">\n      Event\n      </th>\n      <th style=\"text-align: left;\">\n      Participants\n      </th>\n{/if}\n      <th style=\"text-align: left;\">\n      Price\n      </th>\n      <th style=\"text-align: left;\">\n      Total\n      </th>\n    </tr>\n    </thead>\n      <tbody>\n  {foreach from=$line_items item=line_item}\n  <tr>\n    <td style=\"width: 220px\">\n      {$line_item.event->title} ({$line_item.event->start_date|date_format:\"%D\"})<br />\n      {if $line_item.event->is_show_location}\n        {if $line_item.location.address.1.name}\n    {$line_item.location.address.1.name}<br />\n        {/if}\n        {if $line_item.location.address.1.street_address}\n    {$line_item.location.address.1.street_address}<br />\n        {/if}\n        {if $line_item.location.address.1.supplemental_address_1}\n    {$line_item.location.address.1.supplemental_address_1}<br />\n        {/if}\n        {if $line_item.location.address.1.supplemental_address_2}\n    {$line_item.location.address.1.supplemental_address_2}<br />\n        {/if}\n        {if $line_item.location.address.1.city}\n    {$line_item.location.address.1.city}, {$line_item.location.address.1.state_province} {$location.address.1.postal_code}\n        {/if}\n      {/if}{*End of isShowLocation condition*}<br /><br />\n      {$line_item.event->start_date|date_format:\"%D %I:%M %p\"} - {$line_item.event->end_date|date_format:\"%I:%M %p\"}\n    </td>\n    <td style=\"width: 180px\">\n    {$line_item.num_participants}\n      {if $line_item.num_participants > 0}\n      <div class=\"participants\" style=\"padding-left: 10px;\">\n        {foreach from=$line_item.participants item=participant}\n        {$participant.display_name}<br />\n        {/foreach}\n      </div>\n      {/if}\n      {if $line_item.num_waiting_participants > 0}\n      Waitlisted:<br/>\n      <div class=\"participants\" style=\"padding-left: 10px;\">\n        {foreach from=$line_item.waiting_participants item=participant}\n        {$participant.display_name}<br />\n        {/foreach}\n      </div>\n      {/if}\n    </td>\n    <td style=\"width: 100px\">\n      {$line_item.cost|crmMoney:$currency|string_format:\"%10s\"}\n    </td>\n    <td style=\"width: 100px\">\n      &nbsp;{$line_item.amount|crmMoney:$currency|string_format:\"%10s\"}\n    </td>\n  </tr>\n  {/foreach}\n      </tbody>\n      <tfoot>\n  {if $discounts}\n  <tr>\n    <td>\n    </td>\n    <td>\n    </td>\n    <td>\n      Subtotal:\n    </td>\n    <td>\n      &nbsp;{$sub_total|crmMoney:$currency|string_format:\"%10s\"}\n    </td>\n  </tr>\n  {foreach from=$discounts key=myId item=i}\n  <tr>\n    <td>\n      {$i.title}\n    </td>\n    <td>\n    </td>\n    <td>\n    </td>\n    <td>\n      -{$i.amount}\n    </td>\n  </tr>\n  {/foreach}\n  {/if}\n  <tr>\n{if $line_items}\n    <td>\n    </td>\n    <td>\n    </td>\n{/if}\n    <td>\n      <strong>Total:</strong>\n    </td>\n    <td>\n      <strong>&nbsp;{$total|crmMoney:$currency|string_format:\"%10s\"}</strong>\n    </td>\n  </tr>\n      </tfoot>\n    </table>\n\n    If you have questions about the status of your registration or purchase please feel free to contact us.\n  </body>\n</html>\n',1,719,0,1,NULL),(31,'Events - Registration Cancellation Notice','{ts 1=$event.event_title}Event Registration Cancelled for %1{/ts}\n','{ts 1=$contact.display_name}Dear %1{/ts},\n\n{ts}Your Event Registration has been cancelled.{/ts}\n\n\n===========================================================\n{ts}Event Information and Location{/ts}\n\n===========================================================\n{$event.event_title}\n{$event.event_start_date|crmDate}{if $event.event_end_date}-{if $event.event_end_date|date_format:\"%Y%m%d\" == $event.event_start_date|date_format:\"%Y%m%d\"}{$event.event_end_date|crmDate:0:1}{else}{$event.event_end_date|crmDate}{/if}{/if}\n\n{ts}Participant Role{/ts}: {$participant.role}\n\n{if $isShowLocation}\n{if $event.location.address.1.name}\n\n{$event.location.address.1.name}\n{/if}\n{if $event.location.address.1.street_address}{$event.location.address.1.street_address}\n{/if}\n{if $event.location.address.1.supplemental_address_1}{$event.location.address.1.supplemental_address_1}\n{/if}\n{if $event.location.address.1.supplemental_address_2}{$event.location.address.1.supplemental_address_2}\n{/if}\n{if $event.location.address.1.city}{$event.location.address.1.city} {$event.location.address.1.postal_code}{if $event.location.address.1.postal_code_suffix} - {$event.location.address.1.postal_code_suffix}{/if}\n{/if}\n\n{/if}{*End of isShowLocation condition*}\n\n{if $event.location.phone.1.phone || $event.location.email.1.email}\n\n{ts}Event Contacts:{/ts}\n{foreach from=$event.location.phone item=phone}\n{if $phone.phone}\n\n{if $phone.phone_type}{$phone.phone_type_display}{else}{ts}Phone{/ts}{/if}: {$phone.phone}{/if}\n{/foreach}\n{foreach from=$event.location.email item=eventEmail}\n{if $eventEmail.email}\n\n{ts}Email{/ts}: {$eventEmail.email}{/if}{/foreach}\n{/if}\n\n{if $contact.email}\n\n===========================================================\n{ts}Registered Email{/ts}\n\n===========================================================\n{$contact.email}\n{/if}\n\n{if $register_date}\n{ts}Registration Date{/ts}: {$participant.register_date|crmDate}\n{/if}\n\n{ts 1=$domain.phone 2=$domain.email}Please contact us at %1 or send email to %2 if you have questions.{/ts}\n\n','<!DOCTYPE html PUBLIC \"-//W3C//DTD XHTML 1.0 Transitional//EN\" \"http://www.w3.org/TR/xhtml1/DTD/xhtml1-transitional.dtd\">\n<html xmlns=\"http://www.w3.org/1999/xhtml\">\n<head>\n <meta http-equiv=\"Content-Type\" content=\"text/html; charset=UTF-8\" />\n <title></title>\n</head>\n<body>\n\n{capture assign=headerStyle}colspan=\"2\" style=\"text-align: left; padding: 4px; border-bottom: 1px solid #999; background-color: #eee;\"{/capture}\n{capture assign=labelStyle }style=\"padding: 4px; border-bottom: 1px solid #999; background-color: #f7f7f7;\"{/capture}\n{capture assign=valueStyle }style=\"padding: 4px; border-bottom: 1px solid #999;\"{/capture}\n\n<center>\n <table width=\"620\" border=\"0\" cellpadding=\"0\" cellspacing=\"0\" id=\"crm-event_receipt\" style=\"font-family: Arial, Verdana, sans-serif; text-align: left;\">\n\n  <!-- BEGIN HEADER -->\n  <!-- You can add table row(s) here with logo or other header elements -->\n  <!-- END HEADER -->\n\n  <!-- BEGIN CONTENT -->\n\n  <tr>\n   <td>\n    <p>{ts 1=$contact.display_name}Dear %1{/ts},</p>\n    <p>{ts}Your Event Registration has been cancelled.{/ts}</p>\n   </td>\n  </tr>\n  <tr>\n   <td>\n    <table style=\"border: 1px solid #999; margin: 1em 0em 1em; border-collapse: collapse; width:100%;\">\n     <tr>\n      <th {$headerStyle}>\n       {ts}Event Information and Location{/ts}\n      </th>\n     </tr>\n     <tr>\n      <td colspan=\"2\" {$valueStyle}>\n       {$event.event_title}<br />\n       {$event.event_start_date|crmDate}{if $event.event_end_date}-{if $event.event_end_date|date_format:\"%Y%m%d\" == $event.event_start_date|date_format:\"%Y%m%d\"}{$event.event_end_date|crmDate:0:1}{else}{$event.event_end_date|crmDate}{/if}{/if}\n      </td>\n     </tr>\n     <tr>\n      <td {$labelStyle}>\n       {ts}Participant Role{/ts}:\n      </td>\n      <td {$valueStyle}>\n       {$participant.role}\n      </td>\n     </tr>\n\n     {if $isShowLocation}\n      <tr>\n       <td colspan=\"2\" {$valueStyle}>\n        {if $event.location.address.1.name}\n         {$event.location.address.1.name}<br />\n        {/if}\n        {if $event.location.address.1.street_address}\n         {$event.location.address.1.street_address}<br />\n        {/if}\n        {if $event.location.address.1.supplemental_address_1}\n         {$event.location.address.1.supplemental_address_1}<br />\n        {/if}\n        {if $event.location.address.1.supplemental_address_2}\n         {$event.location.address.1.supplemental_address_2}<br />\n        {/if}\n        {if $event.location.address.1.city}\n         {$event.location.address.1.city} {$event.location.address.1.postal_code}\n         {if $event.location.address.1.postal_code_suffix}\n          - {$event.location.address.1.postal_code_suffix}\n         {/if}\n        {/if}\n       </td>\n      </tr>\n     {/if}\n\n     {if $event.location.phone.1.phone || $event.location.email.1.email}\n      <tr>\n       <td colspan=\"2\" {$labelStyle}>\n        {ts}Event Contacts:{/ts}\n       </td>\n      </tr>\n      {foreach from=$event.location.phone item=phone}\n       {if $phone.phone}\n        <tr>\n         <td {$labelStyle}>\n          {if $phone.phone_type}{$phone.phone_type_display}{else}{ts}Phone{/ts}{/if}\n         </td>\n         <td {$valueStyle}>\n          {$phone.phone}\n         </td>\n        </tr>\n       {/if}\n      {/foreach}\n      {foreach from=$event.location.email item=eventEmail}\n       {if $eventEmail.email}\n        <tr>\n         <td {$labelStyle}>\n          {ts}Email{/ts}\n         </td>\n         <td {$valueStyle}>\n          {$eventEmail.email}\n         </td>\n        </tr>\n       {/if}\n      {/foreach}\n     {/if}\n\n     {if $contact.email}\n      <tr>\n       <th {$headerStyle}>\n        {ts}Registered Email{/ts}\n       </th>\n      </tr>\n      <tr>\n       <td colspan=\"2\" {$valueStyle}>\n        {$contact.email}\n       </td>\n      </tr>\n     {/if}\n\n     {if $register_date}\n      <tr>\n       <td {$labelStyle}>\n        {ts}Registration Date{/ts}\n       </td>\n       <td {$valueStyle}>\n        {$participant.register_date|crmDate}\n       </td>\n      </tr>\n     {/if}\n\n    </table>\n   </td>\n  </tr>\n\n  <tr>\n   <td>\n    <p>{ts 1=$domain.phone 2=$domain.email}Please contact us at %1 or send email to %2 if you have questions.{/ts}</p>\n   </td>\n  </tr>\n\n </table>\n</center>\n\n</body>\n</html>\n',1,720,1,0,NULL),(32,'Events - Registration Cancellation Notice','{ts 1=$event.event_title}Event Registration Cancelled for %1{/ts}\n','{ts 1=$contact.display_name}Dear %1{/ts},\n\n{ts}Your Event Registration has been cancelled.{/ts}\n\n\n===========================================================\n{ts}Event Information and Location{/ts}\n\n===========================================================\n{$event.event_title}\n{$event.event_start_date|crmDate}{if $event.event_end_date}-{if $event.event_end_date|date_format:\"%Y%m%d\" == $event.event_start_date|date_format:\"%Y%m%d\"}{$event.event_end_date|crmDate:0:1}{else}{$event.event_end_date|crmDate}{/if}{/if}\n\n{ts}Participant Role{/ts}: {$participant.role}\n\n{if $isShowLocation}\n{if $event.location.address.1.name}\n\n{$event.location.address.1.name}\n{/if}\n{if $event.location.address.1.street_address}{$event.location.address.1.street_address}\n{/if}\n{if $event.location.address.1.supplemental_address_1}{$event.location.address.1.supplemental_address_1}\n{/if}\n{if $event.location.address.1.supplemental_address_2}{$event.location.address.1.supplemental_address_2}\n{/if}\n{if $event.location.address.1.city}{$event.location.address.1.city} {$event.location.address.1.postal_code}{if $event.location.address.1.postal_code_suffix} - {$event.location.address.1.postal_code_suffix}{/if}\n{/if}\n\n{/if}{*End of isShowLocation condition*}\n\n{if $event.location.phone.1.phone || $event.location.email.1.email}\n\n{ts}Event Contacts:{/ts}\n{foreach from=$event.location.phone item=phone}\n{if $phone.phone}\n\n{if $phone.phone_type}{$phone.phone_type_display}{else}{ts}Phone{/ts}{/if}: {$phone.phone}{/if}\n{/foreach}\n{foreach from=$event.location.email item=eventEmail}\n{if $eventEmail.email}\n\n{ts}Email{/ts}: {$eventEmail.email}{/if}{/foreach}\n{/if}\n\n{if $contact.email}\n\n===========================================================\n{ts}Registered Email{/ts}\n\n===========================================================\n{$contact.email}\n{/if}\n\n{if $register_date}\n{ts}Registration Date{/ts}: {$participant.register_date|crmDate}\n{/if}\n\n{ts 1=$domain.phone 2=$domain.email}Please contact us at %1 or send email to %2 if you have questions.{/ts}\n\n','<!DOCTYPE html PUBLIC \"-//W3C//DTD XHTML 1.0 Transitional//EN\" \"http://www.w3.org/TR/xhtml1/DTD/xhtml1-transitional.dtd\">\n<html xmlns=\"http://www.w3.org/1999/xhtml\">\n<head>\n <meta http-equiv=\"Content-Type\" content=\"text/html; charset=UTF-8\" />\n <title></title>\n</head>\n<body>\n\n{capture assign=headerStyle}colspan=\"2\" style=\"text-align: left; padding: 4px; border-bottom: 1px solid #999; background-color: #eee;\"{/capture}\n{capture assign=labelStyle }style=\"padding: 4px; border-bottom: 1px solid #999; background-color: #f7f7f7;\"{/capture}\n{capture assign=valueStyle }style=\"padding: 4px; border-bottom: 1px solid #999;\"{/capture}\n\n<center>\n <table width=\"620\" border=\"0\" cellpadding=\"0\" cellspacing=\"0\" id=\"crm-event_receipt\" style=\"font-family: Arial, Verdana, sans-serif; text-align: left;\">\n\n  <!-- BEGIN HEADER -->\n  <!-- You can add table row(s) here with logo or other header elements -->\n  <!-- END HEADER -->\n\n  <!-- BEGIN CONTENT -->\n\n  <tr>\n   <td>\n    <p>{ts 1=$contact.display_name}Dear %1{/ts},</p>\n    <p>{ts}Your Event Registration has been cancelled.{/ts}</p>\n   </td>\n  </tr>\n  <tr>\n   <td>\n    <table style=\"border: 1px solid #999; margin: 1em 0em 1em; border-collapse: collapse; width:100%;\">\n     <tr>\n      <th {$headerStyle}>\n       {ts}Event Information and Location{/ts}\n      </th>\n     </tr>\n     <tr>\n      <td colspan=\"2\" {$valueStyle}>\n       {$event.event_title}<br />\n       {$event.event_start_date|crmDate}{if $event.event_end_date}-{if $event.event_end_date|date_format:\"%Y%m%d\" == $event.event_start_date|date_format:\"%Y%m%d\"}{$event.event_end_date|crmDate:0:1}{else}{$event.event_end_date|crmDate}{/if}{/if}\n      </td>\n     </tr>\n     <tr>\n      <td {$labelStyle}>\n       {ts}Participant Role{/ts}:\n      </td>\n      <td {$valueStyle}>\n       {$participant.role}\n      </td>\n     </tr>\n\n     {if $isShowLocation}\n      <tr>\n       <td colspan=\"2\" {$valueStyle}>\n        {if $event.location.address.1.name}\n         {$event.location.address.1.name}<br />\n        {/if}\n        {if $event.location.address.1.street_address}\n         {$event.location.address.1.street_address}<br />\n        {/if}\n        {if $event.location.address.1.supplemental_address_1}\n         {$event.location.address.1.supplemental_address_1}<br />\n        {/if}\n        {if $event.location.address.1.supplemental_address_2}\n         {$event.location.address.1.supplemental_address_2}<br />\n        {/if}\n        {if $event.location.address.1.city}\n         {$event.location.address.1.city} {$event.location.address.1.postal_code}\n         {if $event.location.address.1.postal_code_suffix}\n          - {$event.location.address.1.postal_code_suffix}\n         {/if}\n        {/if}\n       </td>\n      </tr>\n     {/if}\n\n     {if $event.location.phone.1.phone || $event.location.email.1.email}\n      <tr>\n       <td colspan=\"2\" {$labelStyle}>\n        {ts}Event Contacts:{/ts}\n       </td>\n      </tr>\n      {foreach from=$event.location.phone item=phone}\n       {if $phone.phone}\n        <tr>\n         <td {$labelStyle}>\n          {if $phone.phone_type}{$phone.phone_type_display}{else}{ts}Phone{/ts}{/if}\n         </td>\n         <td {$valueStyle}>\n          {$phone.phone}\n         </td>\n        </tr>\n       {/if}\n      {/foreach}\n      {foreach from=$event.location.email item=eventEmail}\n       {if $eventEmail.email}\n        <tr>\n         <td {$labelStyle}>\n          {ts}Email{/ts}\n         </td>\n         <td {$valueStyle}>\n          {$eventEmail.email}\n         </td>\n        </tr>\n       {/if}\n      {/foreach}\n     {/if}\n\n     {if $contact.email}\n      <tr>\n       <th {$headerStyle}>\n        {ts}Registered Email{/ts}\n       </th>\n      </tr>\n      <tr>\n       <td colspan=\"2\" {$valueStyle}>\n        {$contact.email}\n       </td>\n      </tr>\n     {/if}\n\n     {if $register_date}\n      <tr>\n       <td {$labelStyle}>\n        {ts}Registration Date{/ts}\n       </td>\n       <td {$valueStyle}>\n        {$participant.register_date|crmDate}\n       </td>\n      </tr>\n     {/if}\n\n    </table>\n   </td>\n  </tr>\n\n  <tr>\n   <td>\n    <p>{ts 1=$domain.phone 2=$domain.email}Please contact us at %1 or send email to %2 if you have questions.{/ts}</p>\n   </td>\n  </tr>\n\n </table>\n</center>\n\n</body>\n</html>\n',1,720,0,1,NULL),(33,'Events - Registration Confirmation Invite','{ts 1=$event.event_title}Confirm your registration for %1{/ts}\n','{ts 1=$contact.display_name}Dear %1{/ts},\n{if !$isAdditional and $participant.id}\n\n===========================================================\n{ts}Confirm Your Registration{/ts}\n\n===========================================================\n{capture assign=confirmUrl}{crmURL p=\'civicrm/event/confirm\' q=\"reset=1&participantId=`$participant.id`&cs=`$checksumValue`\" a=true h=0 fe=1}{/capture}\nClick this link to go to a web page where you can confirm your registration online:\n{$confirmUrl}\n{/if}\n\n===========================================================\n{ts}Event Information and Location{/ts}\n\n===========================================================\n{$event.event_title}\n{$event.event_start_date|crmDate}{if $event.event_end_date}-{if $event.event_end_date|date_format:\"%Y%m%d\" == $event.event_start_date|date_format:\"%Y%m%d\"}{$event.event_end_date|crmDate:0:1}{else}{$event.event_end_date|crmDate}{/if}{/if}\n{if $conference_sessions}\n\n\n{ts}Your schedule:{/ts}\n{assign var=\'group_by_day\' value=\'NA\'}\n{foreach from=$conference_sessions item=session}\n{if $session.start_date|date_format:\"%Y/%m/%d\" != $group_by_day|date_format:\"%Y/%m/%d\"}\n{assign var=\'group_by_day\' value=$session.start_date}\n\n{$group_by_day|date_format:\"%m/%d/%Y\"}\n\n\n{/if}\n{$session.start_date|crmDate:0:1}{if $session.end_date}-{$session.end_date|crmDate:0:1}{/if} {$session.title}\n{if $session.location}    {$session.location}{/if}\n{/foreach}\n{/if}\n\n\n{ts}Participant Role{/ts}: {$participant.role}\n\n{if $isShowLocation}\n{if $event.location.address.1.name}\n\n{$event.location.address.1.name}\n{/if}\n{if $event.location.address.1.street_address}{$event.location.address.1.street_address}\n{/if}\n{if $event.location.address.1.supplemental_address_1}{$event.location.address.1.supplemental_address_1}\n{/if}\n{if $event.location.address.1.supplemental_address_2}{$event.location.address.1.supplemental_address_2}\n{/if}\n{if $event.location.address.1.city}{$event.location.address.1.city} {$event.location.address.1.postal_code}{if $event.location.address.1.postal_code_suffix} - {$event.location.address.1.postal_code_suffix}{/if}\n{/if}\n\n{/if}{*End of isShowLocation condition*}\n\n{if $event.location.phone.1.phone || $event.location.email.1.email}\n\n{ts}Event Contacts:{/ts}\n{foreach from=$event.location.phone item=phone}\n{if $phone.phone}\n\n{if $phone.phone_type}{$phone.phone_type_display}{else}{ts}Phone{/ts}{/if}: {$phone.phone}{/if}\n{/foreach}\n{foreach from=$event.location.email item=eventEmail}\n{if $eventEmail.email}\n\n{ts}Email{/ts}: {$eventEmail.email}{/if}{/foreach}\n{/if}\n\n{if $event.is_public} \n{capture assign=icalFeed}{crmURL p=\'civicrm/event/ical\' q=\"reset=1&id=`$event.id`\" h=0 a=1 fe=1}{/capture}\n{ts}Download iCalendar File:{/ts} {$icalFeed}\n{/if}\n\n{if $contact.email}\n\n===========================================================\n{ts}Registered Email{/ts}\n\n===========================================================\n{$contact.email}\n{/if}\n\n{if $register_date}\n{ts}Registration Date{/ts}: {$participant.register_date|crmDate}\n{/if}\n\n{ts 1=$domain.phone 2=$domain.email}Please contact us at %1 or send email to %2 if you have questions.{/ts}\n\n','<!DOCTYPE html PUBLIC \"-//W3C//DTD XHTML 1.0 Transitional//EN\" \"http://www.w3.org/TR/xhtml1/DTD/xhtml1-transitional.dtd\">\n<html xmlns=\"http://www.w3.org/1999/xhtml\">\n<head>\n <meta http-equiv=\"Content-Type\" content=\"text/html; charset=UTF-8\" />\n <title></title>\n</head>\n<body>\n\n{capture assign=headerStyle}colspan=\"2\" style=\"text-align: left; padding: 4px; border-bottom: 1px solid #999; background-color: #eee;\"{/capture}\n{capture assign=labelStyle }style=\"padding: 4px; border-bottom: 1px solid #999; background-color: #f7f7f7;\"{/capture}\n{capture assign=valueStyle }style=\"padding: 4px; border-bottom: 1px solid #999;\"{/capture}\n\n<center>\n <table width=\"620\" border=\"0\" cellpadding=\"0\" cellspacing=\"0\" id=\"crm-event_receipt\" style=\"font-family: Arial, Verdana, sans-serif; text-align: left;\">\n\n  <!-- BEGIN HEADER -->\n  <!-- You can add table row(s) here with logo or other header elements -->\n  <!-- END HEADER -->\n\n  <!-- BEGIN CONTENT -->\n\n  <tr>\n   <td>\n    <p>{ts 1=$contact.display_name}Dear %1{/ts},</p>\n   </td>\n  </tr>\n  {if !$isAdditional and $participant.id}\n   <tr>\n    <th {$headerStyle}>\n     {ts}Confirm Your Registration{/ts}\n    </th>\n   </tr>\n   <tr>\n    <td colspan=\"2\" {$valueStyle}>\n     {capture assign=confirmUrl}{crmURL p=\'civicrm/event/confirm\' q=\"reset=1&participantId=`$participant.id`&cs=`$checksumValue`\" a=true h=0 fe=1}{/capture}\n     <a href=\"{$confirmUrl}\">Go to a web page where you can confirm your registration online</a>\n    </td>\n   </tr>\n  {/if}\n  <tr>\n   <td>\n    <table style=\"border: 1px solid #999; margin: 1em 0em 1em; border-collapse: collapse; width:100%;\">\n     <tr>\n      <th {$headerStyle}>\n       {ts}Event Information and Location{/ts}\n      </th>\n     </tr>\n     <tr>\n      <td colspan=\"2\" {$valueStyle}>\n       {$event.event_title}<br />\n       {$event.event_start_date|crmDate}{if $event.event_end_date}-{if $event.event_end_date|date_format:\"%Y%m%d\" == $event.event_start_date|date_format:\"%Y%m%d\"}{$event.event_end_date|crmDate:0:1}{else}{$event.event_end_date|crmDate}{/if}{/if}\n      </td>\n     </tr>\n     {if $conference_sessions}\n      <tr>\n       <td colspan=\"2\" {$labelStyle}>\n  {ts}Your schedule:{/ts}\n       </td>\n      </tr>\n      <tr>\n       <td colspan=\"2\" {$valueStyle}>\n  {assign var=\'group_by_day\' value=\'NA\'}\n  {foreach from=$conference_sessions item=session}\n   {if $session.start_date|date_format:\"%Y/%m/%d\" != $group_by_day|date_format:\"%Y/%m/%d\"}\n    {assign var=\'group_by_day\' value=$session.start_date}\n          <em>{$group_by_day|date_format:\"%m/%d/%Y\"}</em><br />\n   {/if}\n   {$session.start_date|crmDate:0:1}{if $session.end_date}-{$session.end_date|crmDate:0:1}{/if} {$session.title}<br />\n   {if $session.location}&nbsp;&nbsp;&nbsp;&nbsp;{$session.location}<br />{/if}\n  {/foreach}\n       </td>\n      </tr>\n     {/if}\n     <tr>\n      <td {$labelStyle}>\n       {ts}Participant Role{/ts}:\n      </td>\n      <td {$valueStyle}>\n       {$participant.role}\n      </td>\n     </tr>\n\n     {if $isShowLocation}\n      <tr>\n       <td colspan=\"2\" {$valueStyle}>\n        {if $event.location.address.1.name}\n         {$event.location.address.1.name}<br />\n        {/if}\n        {if $event.location.address.1.street_address}\n         {$event.location.address.1.street_address}<br />\n        {/if}\n        {if $event.location.address.1.supplemental_address_1}\n         {$event.location.address.1.supplemental_address_1}<br />\n        {/if}\n        {if $event.location.address.1.supplemental_address_2}\n         {$event.location.address.1.supplemental_address_2}<br />\n        {/if}\n        {if $event.location.address.1.city}\n         {$event.location.address.1.city} {$event.location.address.1.postal_code}\n         {if $event.location.address.1.postal_code_suffix}\n          - {$event.location.address.1.postal_code_suffix}\n         {/if}\n        {/if}\n       </td>\n      </tr>\n     {/if}\n\n     {if $event.location.phone.1.phone || $event.location.email.1.email}\n      <tr>\n       <td colspan=\"2\" {$labelStyle}>\n        {ts}Event Contacts:{/ts}\n       </td>\n      </tr>\n      {foreach from=$event.location.phone item=phone}\n       {if $phone.phone}\n        <tr>\n         <td {$labelStyle}>\n          {if $phone.phone_type}{$phone.phone_type_display}{else}{ts}Phone{/ts}{/if}\n         </td>\n         <td {$valueStyle}>\n          {$phone.phone}\n         </td>\n        </tr>\n       {/if}\n      {/foreach}\n      {foreach from=$event.location.email item=eventEmail}\n       {if $eventEmail.email}\n        <tr>\n         <td {$labelStyle}>\n          {ts}Email{/ts}\n         </td>\n         <td {$valueStyle}>\n          {$eventEmail.email}\n         </td>\n        </tr>\n       {/if}\n      {/foreach}\n     {/if}\n\n     {if $event.is_public} \n      <tr>\n       <td colspan=\"2\" {$valueStyle}>\n        {capture assign=icalFeed}{crmURL p=\'civicrm/event/ical\' q=\"reset=1&id=`$event.id`\" h=0 a=1 fe=1}{/capture}\n        <a href=\"{$icalFeed}\">{ts}Download iCalendar File{/ts}</a>\n       </td>\n      </tr>\n     {/if}\n\n     {if $contact.email}\n      <tr>\n       <th {$headerStyle}>\n        {ts}Registered Email{/ts}\n       </th>\n      </tr>\n      <tr>\n       <td colspan=\"2\" {$valueStyle}>\n        {$contact.email}\n       </td>\n      </tr>\n     {/if}\n\n     {if $register_date}\n      <tr>\n       <td {$labelStyle}>\n        {ts}Registration Date{/ts}\n       </td>\n       <td {$valueStyle}>\n        {$participant.register_date|crmDate}\n       </td>\n      </tr>\n     {/if}\n\n    </table>\n   </td>\n  </tr>\n\n  <tr>\n   <td>\n    <p>{ts 1=$domain.phone 2=$domain.email}Please contact us at %1 or send email to %2 if you have questions.{/ts}</p>\n   </td>\n  </tr>\n\n </table>\n</center>\n\n</body>\n</html>\n',1,721,1,0,NULL),(34,'Events - Registration Confirmation Invite','{ts 1=$event.event_title}Confirm your registration for %1{/ts}\n','{ts 1=$contact.display_name}Dear %1{/ts},\n{if !$isAdditional and $participant.id}\n\n===========================================================\n{ts}Confirm Your Registration{/ts}\n\n===========================================================\n{capture assign=confirmUrl}{crmURL p=\'civicrm/event/confirm\' q=\"reset=1&participantId=`$participant.id`&cs=`$checksumValue`\" a=true h=0 fe=1}{/capture}\nClick this link to go to a web page where you can confirm your registration online:\n{$confirmUrl}\n{/if}\n\n===========================================================\n{ts}Event Information and Location{/ts}\n\n===========================================================\n{$event.event_title}\n{$event.event_start_date|crmDate}{if $event.event_end_date}-{if $event.event_end_date|date_format:\"%Y%m%d\" == $event.event_start_date|date_format:\"%Y%m%d\"}{$event.event_end_date|crmDate:0:1}{else}{$event.event_end_date|crmDate}{/if}{/if}\n{if $conference_sessions}\n\n\n{ts}Your schedule:{/ts}\n{assign var=\'group_by_day\' value=\'NA\'}\n{foreach from=$conference_sessions item=session}\n{if $session.start_date|date_format:\"%Y/%m/%d\" != $group_by_day|date_format:\"%Y/%m/%d\"}\n{assign var=\'group_by_day\' value=$session.start_date}\n\n{$group_by_day|date_format:\"%m/%d/%Y\"}\n\n\n{/if}\n{$session.start_date|crmDate:0:1}{if $session.end_date}-{$session.end_date|crmDate:0:1}{/if} {$session.title}\n{if $session.location}    {$session.location}{/if}\n{/foreach}\n{/if}\n\n\n{ts}Participant Role{/ts}: {$participant.role}\n\n{if $isShowLocation}\n{if $event.location.address.1.name}\n\n{$event.location.address.1.name}\n{/if}\n{if $event.location.address.1.street_address}{$event.location.address.1.street_address}\n{/if}\n{if $event.location.address.1.supplemental_address_1}{$event.location.address.1.supplemental_address_1}\n{/if}\n{if $event.location.address.1.supplemental_address_2}{$event.location.address.1.supplemental_address_2}\n{/if}\n{if $event.location.address.1.city}{$event.location.address.1.city} {$event.location.address.1.postal_code}{if $event.location.address.1.postal_code_suffix} - {$event.location.address.1.postal_code_suffix}{/if}\n{/if}\n\n{/if}{*End of isShowLocation condition*}\n\n{if $event.location.phone.1.phone || $event.location.email.1.email}\n\n{ts}Event Contacts:{/ts}\n{foreach from=$event.location.phone item=phone}\n{if $phone.phone}\n\n{if $phone.phone_type}{$phone.phone_type_display}{else}{ts}Phone{/ts}{/if}: {$phone.phone}{/if}\n{/foreach}\n{foreach from=$event.location.email item=eventEmail}\n{if $eventEmail.email}\n\n{ts}Email{/ts}: {$eventEmail.email}{/if}{/foreach}\n{/if}\n\n{if $event.is_public} \n{capture assign=icalFeed}{crmURL p=\'civicrm/event/ical\' q=\"reset=1&id=`$event.id`\" h=0 a=1 fe=1}{/capture}\n{ts}Download iCalendar File:{/ts} {$icalFeed}\n{/if}\n\n{if $contact.email}\n\n===========================================================\n{ts}Registered Email{/ts}\n\n===========================================================\n{$contact.email}\n{/if}\n\n{if $register_date}\n{ts}Registration Date{/ts}: {$participant.register_date|crmDate}\n{/if}\n\n{ts 1=$domain.phone 2=$domain.email}Please contact us at %1 or send email to %2 if you have questions.{/ts}\n\n','<!DOCTYPE html PUBLIC \"-//W3C//DTD XHTML 1.0 Transitional//EN\" \"http://www.w3.org/TR/xhtml1/DTD/xhtml1-transitional.dtd\">\n<html xmlns=\"http://www.w3.org/1999/xhtml\">\n<head>\n <meta http-equiv=\"Content-Type\" content=\"text/html; charset=UTF-8\" />\n <title></title>\n</head>\n<body>\n\n{capture assign=headerStyle}colspan=\"2\" style=\"text-align: left; padding: 4px; border-bottom: 1px solid #999; background-color: #eee;\"{/capture}\n{capture assign=labelStyle }style=\"padding: 4px; border-bottom: 1px solid #999; background-color: #f7f7f7;\"{/capture}\n{capture assign=valueStyle }style=\"padding: 4px; border-bottom: 1px solid #999;\"{/capture}\n\n<center>\n <table width=\"620\" border=\"0\" cellpadding=\"0\" cellspacing=\"0\" id=\"crm-event_receipt\" style=\"font-family: Arial, Verdana, sans-serif; text-align: left;\">\n\n  <!-- BEGIN HEADER -->\n  <!-- You can add table row(s) here with logo or other header elements -->\n  <!-- END HEADER -->\n\n  <!-- BEGIN CONTENT -->\n\n  <tr>\n   <td>\n    <p>{ts 1=$contact.display_name}Dear %1{/ts},</p>\n   </td>\n  </tr>\n  {if !$isAdditional and $participant.id}\n   <tr>\n    <th {$headerStyle}>\n     {ts}Confirm Your Registration{/ts}\n    </th>\n   </tr>\n   <tr>\n    <td colspan=\"2\" {$valueStyle}>\n     {capture assign=confirmUrl}{crmURL p=\'civicrm/event/confirm\' q=\"reset=1&participantId=`$participant.id`&cs=`$checksumValue`\" a=true h=0 fe=1}{/capture}\n     <a href=\"{$confirmUrl}\">Go to a web page where you can confirm your registration online</a>\n    </td>\n   </tr>\n  {/if}\n  <tr>\n   <td>\n    <table style=\"border: 1px solid #999; margin: 1em 0em 1em; border-collapse: collapse; width:100%;\">\n     <tr>\n      <th {$headerStyle}>\n       {ts}Event Information and Location{/ts}\n      </th>\n     </tr>\n     <tr>\n      <td colspan=\"2\" {$valueStyle}>\n       {$event.event_title}<br />\n       {$event.event_start_date|crmDate}{if $event.event_end_date}-{if $event.event_end_date|date_format:\"%Y%m%d\" == $event.event_start_date|date_format:\"%Y%m%d\"}{$event.event_end_date|crmDate:0:1}{else}{$event.event_end_date|crmDate}{/if}{/if}\n      </td>\n     </tr>\n     {if $conference_sessions}\n      <tr>\n       <td colspan=\"2\" {$labelStyle}>\n  {ts}Your schedule:{/ts}\n       </td>\n      </tr>\n      <tr>\n       <td colspan=\"2\" {$valueStyle}>\n  {assign var=\'group_by_day\' value=\'NA\'}\n  {foreach from=$conference_sessions item=session}\n   {if $session.start_date|date_format:\"%Y/%m/%d\" != $group_by_day|date_format:\"%Y/%m/%d\"}\n    {assign var=\'group_by_day\' value=$session.start_date}\n          <em>{$group_by_day|date_format:\"%m/%d/%Y\"}</em><br />\n   {/if}\n   {$session.start_date|crmDate:0:1}{if $session.end_date}-{$session.end_date|crmDate:0:1}{/if} {$session.title}<br />\n   {if $session.location}&nbsp;&nbsp;&nbsp;&nbsp;{$session.location}<br />{/if}\n  {/foreach}\n       </td>\n      </tr>\n     {/if}\n     <tr>\n      <td {$labelStyle}>\n       {ts}Participant Role{/ts}:\n      </td>\n      <td {$valueStyle}>\n       {$participant.role}\n      </td>\n     </tr>\n\n     {if $isShowLocation}\n      <tr>\n       <td colspan=\"2\" {$valueStyle}>\n        {if $event.location.address.1.name}\n         {$event.location.address.1.name}<br />\n        {/if}\n        {if $event.location.address.1.street_address}\n         {$event.location.address.1.street_address}<br />\n        {/if}\n        {if $event.location.address.1.supplemental_address_1}\n         {$event.location.address.1.supplemental_address_1}<br />\n        {/if}\n        {if $event.location.address.1.supplemental_address_2}\n         {$event.location.address.1.supplemental_address_2}<br />\n        {/if}\n        {if $event.location.address.1.city}\n         {$event.location.address.1.city} {$event.location.address.1.postal_code}\n         {if $event.location.address.1.postal_code_suffix}\n          - {$event.location.address.1.postal_code_suffix}\n         {/if}\n        {/if}\n       </td>\n      </tr>\n     {/if}\n\n     {if $event.location.phone.1.phone || $event.location.email.1.email}\n      <tr>\n       <td colspan=\"2\" {$labelStyle}>\n        {ts}Event Contacts:{/ts}\n       </td>\n      </tr>\n      {foreach from=$event.location.phone item=phone}\n       {if $phone.phone}\n        <tr>\n         <td {$labelStyle}>\n          {if $phone.phone_type}{$phone.phone_type_display}{else}{ts}Phone{/ts}{/if}\n         </td>\n         <td {$valueStyle}>\n          {$phone.phone}\n         </td>\n        </tr>\n       {/if}\n      {/foreach}\n      {foreach from=$event.location.email item=eventEmail}\n       {if $eventEmail.email}\n        <tr>\n         <td {$labelStyle}>\n          {ts}Email{/ts}\n         </td>\n         <td {$valueStyle}>\n          {$eventEmail.email}\n         </td>\n        </tr>\n       {/if}\n      {/foreach}\n     {/if}\n\n     {if $event.is_public} \n      <tr>\n       <td colspan=\"2\" {$valueStyle}>\n        {capture assign=icalFeed}{crmURL p=\'civicrm/event/ical\' q=\"reset=1&id=`$event.id`\" h=0 a=1 fe=1}{/capture}\n        <a href=\"{$icalFeed}\">{ts}Download iCalendar File{/ts}</a>\n       </td>\n      </tr>\n     {/if}\n\n     {if $contact.email}\n      <tr>\n       <th {$headerStyle}>\n        {ts}Registered Email{/ts}\n       </th>\n      </tr>\n      <tr>\n       <td colspan=\"2\" {$valueStyle}>\n        {$contact.email}\n       </td>\n      </tr>\n     {/if}\n\n     {if $register_date}\n      <tr>\n       <td {$labelStyle}>\n        {ts}Registration Date{/ts}\n       </td>\n       <td {$valueStyle}>\n        {$participant.register_date|crmDate}\n       </td>\n      </tr>\n     {/if}\n\n    </table>\n   </td>\n  </tr>\n\n  <tr>\n   <td>\n    <p>{ts 1=$domain.phone 2=$domain.email}Please contact us at %1 or send email to %2 if you have questions.{/ts}</p>\n   </td>\n  </tr>\n\n </table>\n</center>\n\n</body>\n</html>\n',1,721,0,1,NULL),(35,'Events - Pending Registration Expiration Notice','{ts 1=$event.event_title}Event registration has expired for %1{/ts}\n','{ts 1=$contact.display_name}Dear %1{/ts},\n\n{ts 1=$event.event_title}Your pending event registration for %1 has expired\nbecause you did not confirm your registration.{/ts}\n\n\n{ts 1=$domain.phone 2=$domain.email}Please contact us at %1 or send email to %2 if you have questions\nor want to inquire about reinstating your registration for this event.{/ts}\n\n===========================================================\n{ts}Event Information and Location{/ts}\n\n===========================================================\n{$event.event_title}\n{$event.event_start_date|crmDate}{if $event.event_end_date}-{if $event.event_end_date|date_format:\"%Y%m%d\" == $event.event_start_date|date_format:\"%Y%m%d\"}{$event.event_end_date|crmDate:0:1}{else}{$event.event_end_date|crmDate}{/if}{/if}\n\n{ts}Participant Role{/ts}: {$participant.role}\n\n{if $isShowLocation}\n{if $event.location.address.1.name}\n\n{$event.location.address.1.name}\n{/if}\n{if $event.location.address.1.street_address}{$event.location.address.1.street_address}\n{/if}\n{if $event.location.address.1.supplemental_address_1}{$event.location.address.1.supplemental_address_1}\n{/if}\n{if $event.location.address.1.supplemental_address_2}{$event.location.address.1.supplemental_address_2}\n{/if}\n{if $event.location.address.1.city}{$event.location.address.1.city} {$event.location.address.1.postal_code}{if $event.location.address.1.postal_code_suffix} - {$event.location.address.1.postal_code_suffix}{/if}\n{/if}\n\n{/if}{*End of isShowLocation condition*}\n\n{if $event.location.phone.1.phone || $event.location.email.1.email}\n\n{ts}Event Contacts:{/ts}\n{foreach from=$event.location.phone item=phone}\n{if $phone.phone}\n\n{if $phone.phone_type}{$phone.phone_type_display}{else}{ts}Phone{/ts}{/if}: {$phone.phone}{/if}\n{/foreach}\n{foreach from=$event.location.email item=eventEmail}\n{if $eventEmail.email}\n\n{ts}Email{/ts}: {$eventEmail.email}{/if}{/foreach}\n{/if}\n\n{if $contact.email}\n\n===========================================================\n{ts}Registered Email{/ts}\n\n===========================================================\n{$contact.email}\n{/if}\n\n{if $register_date}\n{ts}Registration Date{/ts}: {$participant.register_date|crmDate}\n{/if}\n\n{ts 1=$domain.phone 2=$domain.email}Please contact us at %1 or send email to %2 if you have questions.{/ts}\n\n','<!DOCTYPE html PUBLIC \"-//W3C//DTD XHTML 1.0 Transitional//EN\" \"http://www.w3.org/TR/xhtml1/DTD/xhtml1-transitional.dtd\">\n<html xmlns=\"http://www.w3.org/1999/xhtml\">\n<head>\n <meta http-equiv=\"Content-Type\" content=\"text/html; charset=UTF-8\" />\n <title></title>\n</head>\n<body>\n\n{capture assign=headerStyle}colspan=\"2\" style=\"text-align: left; padding: 4px; border-bottom: 1px solid #999; background-color: #eee;\"{/capture}\n{capture assign=labelStyle }style=\"padding: 4px; border-bottom: 1px solid #999; background-color: #f7f7f7;\"{/capture}\n{capture assign=valueStyle }style=\"padding: 4px; border-bottom: 1px solid #999;\"{/capture}\n\n<center>\n <table width=\"620\" border=\"0\" cellpadding=\"0\" cellspacing=\"0\" id=\"crm-event_receipt\" style=\"font-family: Arial, Verdana, sans-serif; text-align: left;\">\n\n  <!-- BEGIN HEADER -->\n  <!-- You can add table row(s) here with logo or other header elements -->\n  <!-- END HEADER -->\n\n  <!-- BEGIN CONTENT -->\n\n  <tr>\n   <td>\n    <p>{ts 1=$contact.display_name}Dear %1{/ts},</p>\n    <p>{ts 1=$event.event_title}Your pending event registration for %1 has expired\nbecause you did not confirm your registration.{/ts}</p>\n    <p>{ts 1=$domain.phone 2=$domain.email}Please contact us at %1 or send email to %2 if you have questions\nor want to inquire about reinstating your registration for this event.{/ts}</p>\n   </td>\n  </tr>\n  <tr>\n   <td>\n    <table style=\"border: 1px solid #999; margin: 1em 0em 1em; border-collapse: collapse; width:100%;\">\n     <tr>\n      <th {$headerStyle}>\n       {ts}Event Information and Location{/ts}\n      </th>\n     </tr>\n     <tr>\n      <td colspan=\"2\" {$valueStyle}>\n       {$event.event_title}<br />\n       {$event.event_start_date|crmDate}{if $event.event_end_date}-{if $event.event_end_date|date_format:\"%Y%m%d\" == $event.event_start_date|date_format:\"%Y%m%d\"}{$event.event_end_date|crmDate:0:1}{else}{$event.event_end_date|crmDate}{/if}{/if}\n      </td>\n     </tr>\n     <tr>\n      <td {$labelStyle}>\n       {ts}Participant Role{/ts}:\n      </td>\n      <td {$valueStyle}>\n       {$participant.role}\n      </td>\n     </tr>\n\n     {if $isShowLocation}\n      <tr>\n       <td colspan=\"2\" {$valueStyle}>\n        {if $event.location.address.1.name}\n         {$event.location.address.1.name}<br />\n        {/if}\n        {if $event.location.address.1.street_address}\n         {$event.location.address.1.street_address}<br />\n        {/if}\n        {if $event.location.address.1.supplemental_address_1}\n         {$event.location.address.1.supplemental_address_1}<br />\n        {/if}\n        {if $event.location.address.1.supplemental_address_2}\n         {$event.location.address.1.supplemental_address_2}<br />\n        {/if}\n        {if $event.location.address.1.city}\n         {$event.location.address.1.city} {$event.location.address.1.postal_code}\n         {if $event.location.address.1.postal_code_suffix}\n          - {$event.location.address.1.postal_code_suffix}\n         {/if}\n        {/if}\n       </td>\n      </tr>\n     {/if}\n\n     {if $event.location.phone.1.phone || $event.location.email.1.email}\n      <tr>\n       <td colspan=\"2\" {$labelStyle}>\n        {ts}Event Contacts:{/ts}\n       </td>\n      </tr>\n      {foreach from=$event.location.phone item=phone}\n       {if $phone.phone}\n        <tr>\n         <td {$labelStyle}>\n          {if $phone.phone_type}{$phone.phone_type_display}{else}{ts}Phone{/ts}{/if}\n         </td>\n         <td {$valueStyle}>\n          {$phone.phone}\n         </td>\n        </tr>\n       {/if}\n      {/foreach}\n      {foreach from=$event.location.email item=eventEmail}\n       {if $eventEmail.email}\n        <tr>\n         <td {$labelStyle}>\n          {ts}Email{/ts}\n         </td>\n         <td {$valueStyle}>\n          {$eventEmail.email}\n         </td>\n        </tr>\n       {/if}\n      {/foreach}\n     {/if}\n\n     {if $contact.email}\n      <tr>\n       <th {$headerStyle}>\n        {ts}Registered Email{/ts}\n       </th>\n      </tr>\n      <tr>\n       <td colspan=\"2\" {$valueStyle}>\n        {$contact.email}\n       </td>\n      </tr>\n     {/if}\n\n     {if $register_date}\n      <tr>\n       <td {$labelStyle}>\n        {ts}Registration Date{/ts}\n       </td>\n       <td {$valueStyle}>\n        {$participant.register_date|crmDate}\n       </td>\n      </tr>\n     {/if}\n\n    </table>\n   </td>\n  </tr>\n\n  <tr>\n   <td>\n    <p>{ts 1=$domain.phone 2=$domain.email}Please contact us at %1 or send email to %2 if you have questions.{/ts}</p>\n   </td>\n  </tr>\n\n </table>\n</center>\n\n</body>\n</html>\n',1,722,1,0,NULL),(36,'Events - Pending Registration Expiration Notice','{ts 1=$event.event_title}Event registration has expired for %1{/ts}\n','{ts 1=$contact.display_name}Dear %1{/ts},\n\n{ts 1=$event.event_title}Your pending event registration for %1 has expired\nbecause you did not confirm your registration.{/ts}\n\n\n{ts 1=$domain.phone 2=$domain.email}Please contact us at %1 or send email to %2 if you have questions\nor want to inquire about reinstating your registration for this event.{/ts}\n\n===========================================================\n{ts}Event Information and Location{/ts}\n\n===========================================================\n{$event.event_title}\n{$event.event_start_date|crmDate}{if $event.event_end_date}-{if $event.event_end_date|date_format:\"%Y%m%d\" == $event.event_start_date|date_format:\"%Y%m%d\"}{$event.event_end_date|crmDate:0:1}{else}{$event.event_end_date|crmDate}{/if}{/if}\n\n{ts}Participant Role{/ts}: {$participant.role}\n\n{if $isShowLocation}\n{if $event.location.address.1.name}\n\n{$event.location.address.1.name}\n{/if}\n{if $event.location.address.1.street_address}{$event.location.address.1.street_address}\n{/if}\n{if $event.location.address.1.supplemental_address_1}{$event.location.address.1.supplemental_address_1}\n{/if}\n{if $event.location.address.1.supplemental_address_2}{$event.location.address.1.supplemental_address_2}\n{/if}\n{if $event.location.address.1.city}{$event.location.address.1.city} {$event.location.address.1.postal_code}{if $event.location.address.1.postal_code_suffix} - {$event.location.address.1.postal_code_suffix}{/if}\n{/if}\n\n{/if}{*End of isShowLocation condition*}\n\n{if $event.location.phone.1.phone || $event.location.email.1.email}\n\n{ts}Event Contacts:{/ts}\n{foreach from=$event.location.phone item=phone}\n{if $phone.phone}\n\n{if $phone.phone_type}{$phone.phone_type_display}{else}{ts}Phone{/ts}{/if}: {$phone.phone}{/if}\n{/foreach}\n{foreach from=$event.location.email item=eventEmail}\n{if $eventEmail.email}\n\n{ts}Email{/ts}: {$eventEmail.email}{/if}{/foreach}\n{/if}\n\n{if $contact.email}\n\n===========================================================\n{ts}Registered Email{/ts}\n\n===========================================================\n{$contact.email}\n{/if}\n\n{if $register_date}\n{ts}Registration Date{/ts}: {$participant.register_date|crmDate}\n{/if}\n\n{ts 1=$domain.phone 2=$domain.email}Please contact us at %1 or send email to %2 if you have questions.{/ts}\n\n','<!DOCTYPE html PUBLIC \"-//W3C//DTD XHTML 1.0 Transitional//EN\" \"http://www.w3.org/TR/xhtml1/DTD/xhtml1-transitional.dtd\">\n<html xmlns=\"http://www.w3.org/1999/xhtml\">\n<head>\n <meta http-equiv=\"Content-Type\" content=\"text/html; charset=UTF-8\" />\n <title></title>\n</head>\n<body>\n\n{capture assign=headerStyle}colspan=\"2\" style=\"text-align: left; padding: 4px; border-bottom: 1px solid #999; background-color: #eee;\"{/capture}\n{capture assign=labelStyle }style=\"padding: 4px; border-bottom: 1px solid #999; background-color: #f7f7f7;\"{/capture}\n{capture assign=valueStyle }style=\"padding: 4px; border-bottom: 1px solid #999;\"{/capture}\n\n<center>\n <table width=\"620\" border=\"0\" cellpadding=\"0\" cellspacing=\"0\" id=\"crm-event_receipt\" style=\"font-family: Arial, Verdana, sans-serif; text-align: left;\">\n\n  <!-- BEGIN HEADER -->\n  <!-- You can add table row(s) here with logo or other header elements -->\n  <!-- END HEADER -->\n\n  <!-- BEGIN CONTENT -->\n\n  <tr>\n   <td>\n    <p>{ts 1=$contact.display_name}Dear %1{/ts},</p>\n    <p>{ts 1=$event.event_title}Your pending event registration for %1 has expired\nbecause you did not confirm your registration.{/ts}</p>\n    <p>{ts 1=$domain.phone 2=$domain.email}Please contact us at %1 or send email to %2 if you have questions\nor want to inquire about reinstating your registration for this event.{/ts}</p>\n   </td>\n  </tr>\n  <tr>\n   <td>\n    <table style=\"border: 1px solid #999; margin: 1em 0em 1em; border-collapse: collapse; width:100%;\">\n     <tr>\n      <th {$headerStyle}>\n       {ts}Event Information and Location{/ts}\n      </th>\n     </tr>\n     <tr>\n      <td colspan=\"2\" {$valueStyle}>\n       {$event.event_title}<br />\n       {$event.event_start_date|crmDate}{if $event.event_end_date}-{if $event.event_end_date|date_format:\"%Y%m%d\" == $event.event_start_date|date_format:\"%Y%m%d\"}{$event.event_end_date|crmDate:0:1}{else}{$event.event_end_date|crmDate}{/if}{/if}\n      </td>\n     </tr>\n     <tr>\n      <td {$labelStyle}>\n       {ts}Participant Role{/ts}:\n      </td>\n      <td {$valueStyle}>\n       {$participant.role}\n      </td>\n     </tr>\n\n     {if $isShowLocation}\n      <tr>\n       <td colspan=\"2\" {$valueStyle}>\n        {if $event.location.address.1.name}\n         {$event.location.address.1.name}<br />\n        {/if}\n        {if $event.location.address.1.street_address}\n         {$event.location.address.1.street_address}<br />\n        {/if}\n        {if $event.location.address.1.supplemental_address_1}\n         {$event.location.address.1.supplemental_address_1}<br />\n        {/if}\n        {if $event.location.address.1.supplemental_address_2}\n         {$event.location.address.1.supplemental_address_2}<br />\n        {/if}\n        {if $event.location.address.1.city}\n         {$event.location.address.1.city} {$event.location.address.1.postal_code}\n         {if $event.location.address.1.postal_code_suffix}\n          - {$event.location.address.1.postal_code_suffix}\n         {/if}\n        {/if}\n       </td>\n      </tr>\n     {/if}\n\n     {if $event.location.phone.1.phone || $event.location.email.1.email}\n      <tr>\n       <td colspan=\"2\" {$labelStyle}>\n        {ts}Event Contacts:{/ts}\n       </td>\n      </tr>\n      {foreach from=$event.location.phone item=phone}\n       {if $phone.phone}\n        <tr>\n         <td {$labelStyle}>\n          {if $phone.phone_type}{$phone.phone_type_display}{else}{ts}Phone{/ts}{/if}\n         </td>\n         <td {$valueStyle}>\n          {$phone.phone}\n         </td>\n        </tr>\n       {/if}\n      {/foreach}\n      {foreach from=$event.location.email item=eventEmail}\n       {if $eventEmail.email}\n        <tr>\n         <td {$labelStyle}>\n          {ts}Email{/ts}\n         </td>\n         <td {$valueStyle}>\n          {$eventEmail.email}\n         </td>\n        </tr>\n       {/if}\n      {/foreach}\n     {/if}\n\n     {if $contact.email}\n      <tr>\n       <th {$headerStyle}>\n        {ts}Registered Email{/ts}\n       </th>\n      </tr>\n      <tr>\n       <td colspan=\"2\" {$valueStyle}>\n        {$contact.email}\n       </td>\n      </tr>\n     {/if}\n\n     {if $register_date}\n      <tr>\n       <td {$labelStyle}>\n        {ts}Registration Date{/ts}\n       </td>\n       <td {$valueStyle}>\n        {$participant.register_date|crmDate}\n       </td>\n      </tr>\n     {/if}\n\n    </table>\n   </td>\n  </tr>\n\n  <tr>\n   <td>\n    <p>{ts 1=$domain.phone 2=$domain.email}Please contact us at %1 or send email to %2 if you have questions.{/ts}</p>\n   </td>\n  </tr>\n\n </table>\n</center>\n\n</body>\n</html>\n',1,722,0,1,NULL),(37,'Tell-a-Friend Email','{ts 1=$senderContactName 2=$title}%1 wants you to know about %2{/ts}\n','{$senderMessage}\n\n{if $generalLink}{ts}For more information, visit:{/ts}\n>> {$generalLink}\n\n{/if}\n{if $contribute}{ts}To make a contribution, go to:{/ts}\n>> {$pageURL}\n\n{/if}\n{if $event}{ts}To find out more about this event, go to:{/ts}\n>> {$pageURL}\n{/if}\n\n\n','<!DOCTYPE html PUBLIC \"-//W3C//DTD XHTML 1.0 Transitional//EN\" \"http://www.w3.org/TR/xhtml1/DTD/xhtml1-transitional.dtd\">\n<html xmlns=\"http://www.w3.org/1999/xhtml\">\n<head>\n <meta http-equiv=\"Content-Type\" content=\"text/html; charset=UTF-8\" />\n <title></title>\n</head>\n<body>\n\n{capture assign=headerStyle}colspan=\"2\" style=\"text-align: left; padding: 4px; border-bottom: 1px solid #999; background-color: #eee;\"{/capture}\n{capture assign=labelStyle }style=\"padding: 4px; border-bottom: 1px solid #999; background-color: #f7f7f7;\"{/capture}\n{capture assign=valueStyle }style=\"padding: 4px; border-bottom: 1px solid #999;\"{/capture}\n\n<center>\n <table width=\"620\" border=\"0\" cellpadding=\"0\" cellspacing=\"0\" id=\"crm-event_receipt\" style=\"font-family: Arial, Verdana, sans-serif; text-align: left;\">\n\n  <!-- BEGIN HEADER -->\n  <!-- You can add table row(s) here with logo or other header elements -->\n  <!-- END HEADER -->\n\n  <!-- BEGIN CONTENT -->\n\n  <tr>\n   <td>\n    <p>{$senderMessage}</p>\n    {if $generalLink}\n     <p><a href=\"{$generalLink}\">{ts}More information{/ts}</a></p>\n    {/if}\n    {if $contribute}\n     <p><a href=\"{$pageURL}\">{ts}Make a contribution{/ts}</a></p>\n    {/if}\n    {if $event}\n     <p><a href=\"{$pageURL}\">{ts}Find out more about this event{/ts}</a></p>\n    {/if}\n   </td>\n  </tr>\n </table>\n</center>\n\n</body>\n</html>\n',1,723,1,0,NULL),(38,'Tell-a-Friend Email','{ts 1=$senderContactName 2=$title}%1 wants you to know about %2{/ts}\n','{$senderMessage}\n\n{if $generalLink}{ts}For more information, visit:{/ts}\n>> {$generalLink}\n\n{/if}\n{if $contribute}{ts}To make a contribution, go to:{/ts}\n>> {$pageURL}\n\n{/if}\n{if $event}{ts}To find out more about this event, go to:{/ts}\n>> {$pageURL}\n{/if}\n\n\n','<!DOCTYPE html PUBLIC \"-//W3C//DTD XHTML 1.0 Transitional//EN\" \"http://www.w3.org/TR/xhtml1/DTD/xhtml1-transitional.dtd\">\n<html xmlns=\"http://www.w3.org/1999/xhtml\">\n<head>\n <meta http-equiv=\"Content-Type\" content=\"text/html; charset=UTF-8\" />\n <title></title>\n</head>\n<body>\n\n{capture assign=headerStyle}colspan=\"2\" style=\"text-align: left; padding: 4px; border-bottom: 1px solid #999; background-color: #eee;\"{/capture}\n{capture assign=labelStyle }style=\"padding: 4px; border-bottom: 1px solid #999; background-color: #f7f7f7;\"{/capture}\n{capture assign=valueStyle }style=\"padding: 4px; border-bottom: 1px solid #999;\"{/capture}\n\n<center>\n <table width=\"620\" border=\"0\" cellpadding=\"0\" cellspacing=\"0\" id=\"crm-event_receipt\" style=\"font-family: Arial, Verdana, sans-serif; text-align: left;\">\n\n  <!-- BEGIN HEADER -->\n  <!-- You can add table row(s) here with logo or other header elements -->\n  <!-- END HEADER -->\n\n  <!-- BEGIN CONTENT -->\n\n  <tr>\n   <td>\n    <p>{$senderMessage}</p>\n    {if $generalLink}\n     <p><a href=\"{$generalLink}\">{ts}More information{/ts}</a></p>\n    {/if}\n    {if $contribute}\n     <p><a href=\"{$pageURL}\">{ts}Make a contribution{/ts}</a></p>\n    {/if}\n    {if $event}\n     <p><a href=\"{$pageURL}\">{ts}Find out more about this event{/ts}</a></p>\n    {/if}\n   </td>\n  </tr>\n </table>\n</center>\n\n</body>\n</html>\n',1,723,0,1,NULL),(39,'Memberships - Signup and Renewal Receipts (off-line)','{if $receiptType EQ \'membership signup\'}\n{ts}Membership Confirmation and Receipt{/ts}\n{elseif $receiptType EQ \'membership renewal\'}\n{ts}Membership Renewal Confirmation and Receipt{/ts}\n{/if}\n','{if $formValues.receipt_text_signup}\n{$formValues.receipt_text_signup}\n{elseif $formValues.receipt_text_renewal}\n{$formValues.receipt_text_renewal}\n{else}{ts}Thanks for your support.{/ts}{/if}\n\n{if ! $cancelled}{ts}Please print this receipt for your records.{/ts}\n\n\n{/if}\n{if !$lineItem}\n===========================================================\n{ts}Membership Information{/ts}\n\n===========================================================\n{ts}Membership Type{/ts}: {$membership_name}\n{/if}\n{if ! $cancelled}\n{if !$lineItem}\n{ts}Membership Start Date{/ts}: {$mem_start_date}\n{ts}Membership End Date{/ts}: {$mem_end_date}\n{/if}\n\n{if $formValues.total_amount}\n===========================================================\n{ts}Membership Fee{/ts}\n\n===========================================================\n{if $formValues.contributionType_name}\n{ts}Financial Type{/ts}: {$formValues.contributionType_name}\n{/if}\n{if $lineItem}\n{foreach from=$lineItem item=value key=priceset}\n{capture assign=ts_item}{ts}Item{/ts}{/capture}\n{capture assign=ts_total}{ts}Fee{/ts}{/capture}\n{capture assign=ts_start_date}{ts}Membership Start Date{/ts}{/capture}\n{capture assign=ts_end_date}{ts}Membership End Date{/ts}{/capture}\n{$ts_item|string_format:\"%-30s\"} {$ts_total|string_format:\"%10s\"} {$ts_start_date|string_format:\"%20s\"} {$ts_end_date|string_format:\"%20s\"}\n--------------------------------------------------------------------------------------------------\n\n{foreach from=$value item=line}\n{capture assign=ts_item}{if $line.html_type eq \'Text\'}{$line.label}{else}{$line.field_title} - {$line.label}{/if} {if $line.description} {$line.description}{/if}{/capture}{$ts_item|truncate:30:\"...\"|string_format:\"%-30s\"} {$line.line_total|crmMoney|string_format:\"%10s\"} {$line.start_date|string_format:\"%20s\"} {$line.end_date|string_format:\"%20s\"}\n{/foreach}\n{/foreach}\n--------------------------------------------------------------------------------------------------\n{/if}\n{ts}Amount{/ts}: {$formValues.total_amount|crmMoney}\n{if $receive_date}\n{ts}Received Date{/ts}: {$receive_date|truncate:10:\'\'|crmDate}\n{/if}\n{if $formValues.paidBy}\n{ts}Paid By{/ts}: {$formValues.paidBy}\n{if $formValues.check_number}\n{ts}Check Number{/ts}: {$formValues.check_number}\n{/if}\n{/if}\n{/if}\n{/if}\n\n{if $isPrimary }\n{if $contributeMode ne \'notify\' and !$isAmountzero and !$is_pay_later  }\n\n===========================================================\n{ts}Billing Name and Address{/ts}\n\n===========================================================\n{$billingName}\n{$address}\n{/if}\n\n{if $contributeMode eq \'direct\' and !$isAmountzero and !$is_pay_later}\n===========================================================\n{ts}Credit Card Information{/ts}\n\n===========================================================\n{$credit_card_type}\n{$credit_card_number}\n{ts}Expires{/ts}: {$credit_card_exp_date|truncate:7:\'\'|crmDate}\n{/if}\n{/if}\n\n{if $customValues}\n===========================================================\n{ts}Membership Options{/ts}\n\n===========================================================\n{foreach from=$customValues item=value key=customName}\n {$customName} : {$value}\n{/foreach}\n{/if}\n','<!DOCTYPE html PUBLIC \"-//W3C//DTD XHTML 1.0 Transitional//EN\" \"http://www.w3.org/TR/xhtml1/DTD/xhtml1-transitional.dtd\">\n<html xmlns=\"http://www.w3.org/1999/xhtml\">\n<head>\n <meta http-equiv=\"Content-Type\" content=\"text/html; charset=UTF-8\" />\n <title></title>\n</head>\n<body>\n\n{capture assign=headerStyle}colspan=\"2\" style=\"text-align: left; padding: 4px; border-bottom: 1px solid #999; background-color: #eee;\"{/capture}\n{capture assign=labelStyle }style=\"padding: 4px; border-bottom: 1px solid #999; background-color: #f7f7f7;\"{/capture}\n{capture assign=valueStyle }style=\"padding: 4px; border-bottom: 1px solid #999;\"{/capture}\n\n<center>\n <table width=\"620\" border=\"0\" cellpadding=\"0\" cellspacing=\"0\" id=\"crm-event_receipt\" style=\"font-family: Arial, Verdana, sans-serif; text-align: left;\">\n\n  <!-- BEGIN HEADER -->\n  <!-- You can add table row(s) here with logo or other header elements -->\n  <!-- END HEADER -->\n\n  <!-- BEGIN CONTENT -->\n\n  <tr>\n   <td>\n    {if $formValues.receipt_text_signup}\n     <p>{$formValues.receipt_text_signup|htmlize}</p>\n    {elseif $formValues.receipt_text_renewal}\n     <p>{$formValues.receipt_text_renewal|htmlize}</p>\n    {else}\n     <p>{ts}Thanks for your support.{/ts}</p>\n    {/if}\n    {if ! $cancelled}\n     <p>{ts}Please print this receipt for your records.{/ts}</p>\n    {/if}\n   </td>\n  </tr>\n  <tr>\n   <td>\n    <table style=\"border: 1px solid #999; margin: 1em 0em 1em; border-collapse: collapse; width:100%;\">\n     {if !$lineItem}\n     <tr>\n      <th {$headerStyle}>\n       {ts}Membership Information{/ts}\n      </th>\n     </tr>\n     <tr>\n      <td {$labelStyle}>\n       {ts}Membership Type{/ts}\n      </td>\n      <td {$valueStyle}>\n       {$membership_name}\n      </td>\n     </tr>\n     {/if}\n     {if ! $cancelled}\n     {if !$lineItem}\n      <tr>\n       <td {$labelStyle}>\n        {ts}Membership Start Date{/ts}\n       </td>\n       <td {$valueStyle}>\n        {$mem_start_date}\n       </td>\n      </tr>\n      <tr>\n       <td {$labelStyle}>\n        {ts}Membership End Date{/ts}\n       </td>\n       <td {$valueStyle}>\n        {$mem_end_date}\n       </td>\n      </tr>\n      {/if}\n      {if $formValues.total_amount}\n       <tr>\n        <th {$headerStyle}>\n         {ts}Membership Fee{/ts}\n        </th>\n       </tr>\n       {if $formValues.contributionType_name}\n        <tr>\n         <td {$labelStyle}>\n          {ts}Financial Type{/ts}\n         </td>\n         <td {$valueStyle}>\n          {$formValues.contributionType_name}\n         </td>\n        </tr>\n       {/if}\n\n       {if $lineItem}\n       {foreach from=$lineItem item=value key=priceset}\n         <tr>\n          <td colspan=\"2\" {$valueStyle}>\n           <table> {* FIXME: style this table so that it looks like the text version (justification, etc.) *}\n            <tr>\n             <th>{ts}Item{/ts}</th>\n             <th>{ts}Fee{/ts}</th>\n       <th>{ts}Membership Start Date{/ts}</th>\n       <th>{ts}Membership End Date{/ts}</th>\n            </tr>\n            {foreach from=$value item=line}\n             <tr>\n              <td>\n        {if $line.html_type eq \'Text\'}{$line.label}{else}{$line.field_title} - {$line.label}{/if} {if $line.description}<div>{$line.description|truncate:30:\"...\"}</div>{/if}\n              </td>\n              <td>\n               {$line.line_total|crmMoney}\n              </td>\n              <td>\n               {$line.start_date}\n              </td>\n        <td>\n               {$line.end_date}\n              </td>\n             </tr>\n            {/foreach}\n           </table>\n          </td>\n         </tr>\n       {/foreach}\n      {/if}\n       <tr>\n        <td {$labelStyle}>\n         {ts}Amount{/ts}\n        </td>\n        <td {$valueStyle}>\n         {$formValues.total_amount|crmMoney}\n        </td>\n       </tr>\n       {if $receive_date}\n        <tr>\n         <td {$labelStyle}>\n          {ts}Received Date{/ts}\n         </td>\n         <td {$valueStyle}>\n          {$receive_date|truncate:10:\'\'|crmDate}\n         </td>\n        </tr>\n       {/if}\n       {if $formValues.paidBy}\n        <tr>\n         <td {$labelStyle}>\n          {ts}Paid By{/ts}\n         </td>\n         <td {$valueStyle}>\n          {$formValues.paidBy}\n         </td>\n        </tr>\n        {if $formValues.check_number}\n         <tr>\n          <td {$labelStyle}>\n           {ts}Check Number{/ts}\n          </td>\n          <td {$valueStyle}>\n           {$formValues.check_number}\n          </td>\n         </tr>\n        {/if}\n       {/if}\n      {/if}\n     {/if}\n    </table>\n   </td>\n  </tr>\n\n  {if $isPrimary}\n   <tr>\n    <td>\n     <table style=\"border: 1px solid #999; margin: 1em 0em 1em; border-collapse: collapse; width:100%;\">\n\n      {if $contributeMode ne \'notify\' and !$isAmountzero and !$is_pay_later }\n       <tr>\n        <th {$headerStyle}>\n         {ts}Billing Name and Address{/ts}\n        </th>\n       </tr>\n       <tr>\n        <td {$labelStyle}>\n         {$billingName}<br />\n         {$address}\n        </td>\n       </tr>\n      {/if}\n\n      {if $contributeMode eq \'direct\' and !$isAmountzero and !$is_pay_later}\n       <tr>\n        <th {$headerStyle}>\n         {ts}Credit Card Information{/ts}\n        </th>\n       </tr>\n       <tr>\n        <td {$valueStyle}>\n         {$credit_card_type}<br />\n         {$credit_card_number}\n        </td>\n       </tr>\n       <tr>\n        <td {$labelStyle}>\n         {ts}Expires{/ts}\n        </td>\n        <td {$valueStyle}>\n         {$credit_card_exp_date|truncate:7:\'\'|crmDate}\n        </td>\n       </tr>\n      {/if}\n\n     </table>\n    </td>\n   </tr>\n  {/if}\n\n  {if $customValues}\n   <tr>\n    <td>\n     <table style=\"border: 1px solid #999; margin: 1em 0em 1em; border-collapse: collapse; width:100%;\">\n      <tr>\n       <th {$headerStyle}>\n        {ts}Membership Options{/ts}\n       </th>\n      </tr>\n      {foreach from=$customValues item=value key=customName}\n       <tr>\n        <td {$labelStyle}>\n         {$customName}\n        </td>\n        <td {$valueStyle}>\n         {$value}\n        </td>\n       </tr>\n      {/foreach}\n     </table>\n    </td>\n   </tr>\n  {/if}\n\n </table>\n</center>\n\n</body>\n</html>\n',1,724,1,0,NULL),(40,'Memberships - Signup and Renewal Receipts (off-line)','{if $receiptType EQ \'membership signup\'}\n{ts}Membership Confirmation and Receipt{/ts}\n{elseif $receiptType EQ \'membership renewal\'}\n{ts}Membership Renewal Confirmation and Receipt{/ts}\n{/if}\n','{if $formValues.receipt_text_signup}\n{$formValues.receipt_text_signup}\n{elseif $formValues.receipt_text_renewal}\n{$formValues.receipt_text_renewal}\n{else}{ts}Thanks for your support.{/ts}{/if}\n\n{if ! $cancelled}{ts}Please print this receipt for your records.{/ts}\n\n\n{/if}\n{if !$lineItem}\n===========================================================\n{ts}Membership Information{/ts}\n\n===========================================================\n{ts}Membership Type{/ts}: {$membership_name}\n{/if}\n{if ! $cancelled}\n{if !$lineItem}\n{ts}Membership Start Date{/ts}: {$mem_start_date}\n{ts}Membership End Date{/ts}: {$mem_end_date}\n{/if}\n\n{if $formValues.total_amount}\n===========================================================\n{ts}Membership Fee{/ts}\n\n===========================================================\n{if $formValues.contributionType_name}\n{ts}Financial Type{/ts}: {$formValues.contributionType_name}\n{/if}\n{if $lineItem}\n{foreach from=$lineItem item=value key=priceset}\n{capture assign=ts_item}{ts}Item{/ts}{/capture}\n{capture assign=ts_total}{ts}Fee{/ts}{/capture}\n{capture assign=ts_start_date}{ts}Membership Start Date{/ts}{/capture}\n{capture assign=ts_end_date}{ts}Membership End Date{/ts}{/capture}\n{$ts_item|string_format:\"%-30s\"} {$ts_total|string_format:\"%10s\"} {$ts_start_date|string_format:\"%20s\"} {$ts_end_date|string_format:\"%20s\"}\n--------------------------------------------------------------------------------------------------\n\n{foreach from=$value item=line}\n{capture assign=ts_item}{if $line.html_type eq \'Text\'}{$line.label}{else}{$line.field_title} - {$line.label}{/if} {if $line.description} {$line.description}{/if}{/capture}{$ts_item|truncate:30:\"...\"|string_format:\"%-30s\"} {$line.line_total|crmMoney|string_format:\"%10s\"} {$line.start_date|string_format:\"%20s\"} {$line.end_date|string_format:\"%20s\"}\n{/foreach}\n{/foreach}\n--------------------------------------------------------------------------------------------------\n{/if}\n{ts}Amount{/ts}: {$formValues.total_amount|crmMoney}\n{if $receive_date}\n{ts}Received Date{/ts}: {$receive_date|truncate:10:\'\'|crmDate}\n{/if}\n{if $formValues.paidBy}\n{ts}Paid By{/ts}: {$formValues.paidBy}\n{if $formValues.check_number}\n{ts}Check Number{/ts}: {$formValues.check_number}\n{/if}\n{/if}\n{/if}\n{/if}\n\n{if $isPrimary }\n{if $contributeMode ne \'notify\' and !$isAmountzero and !$is_pay_later  }\n\n===========================================================\n{ts}Billing Name and Address{/ts}\n\n===========================================================\n{$billingName}\n{$address}\n{/if}\n\n{if $contributeMode eq \'direct\' and !$isAmountzero and !$is_pay_later}\n===========================================================\n{ts}Credit Card Information{/ts}\n\n===========================================================\n{$credit_card_type}\n{$credit_card_number}\n{ts}Expires{/ts}: {$credit_card_exp_date|truncate:7:\'\'|crmDate}\n{/if}\n{/if}\n\n{if $customValues}\n===========================================================\n{ts}Membership Options{/ts}\n\n===========================================================\n{foreach from=$customValues item=value key=customName}\n {$customName} : {$value}\n{/foreach}\n{/if}\n','<!DOCTYPE html PUBLIC \"-//W3C//DTD XHTML 1.0 Transitional//EN\" \"http://www.w3.org/TR/xhtml1/DTD/xhtml1-transitional.dtd\">\n<html xmlns=\"http://www.w3.org/1999/xhtml\">\n<head>\n <meta http-equiv=\"Content-Type\" content=\"text/html; charset=UTF-8\" />\n <title></title>\n</head>\n<body>\n\n{capture assign=headerStyle}colspan=\"2\" style=\"text-align: left; padding: 4px; border-bottom: 1px solid #999; background-color: #eee;\"{/capture}\n{capture assign=labelStyle }style=\"padding: 4px; border-bottom: 1px solid #999; background-color: #f7f7f7;\"{/capture}\n{capture assign=valueStyle }style=\"padding: 4px; border-bottom: 1px solid #999;\"{/capture}\n\n<center>\n <table width=\"620\" border=\"0\" cellpadding=\"0\" cellspacing=\"0\" id=\"crm-event_receipt\" style=\"font-family: Arial, Verdana, sans-serif; text-align: left;\">\n\n  <!-- BEGIN HEADER -->\n  <!-- You can add table row(s) here with logo or other header elements -->\n  <!-- END HEADER -->\n\n  <!-- BEGIN CONTENT -->\n\n  <tr>\n   <td>\n    {if $formValues.receipt_text_signup}\n     <p>{$formValues.receipt_text_signup|htmlize}</p>\n    {elseif $formValues.receipt_text_renewal}\n     <p>{$formValues.receipt_text_renewal|htmlize}</p>\n    {else}\n     <p>{ts}Thanks for your support.{/ts}</p>\n    {/if}\n    {if ! $cancelled}\n     <p>{ts}Please print this receipt for your records.{/ts}</p>\n    {/if}\n   </td>\n  </tr>\n  <tr>\n   <td>\n    <table style=\"border: 1px solid #999; margin: 1em 0em 1em; border-collapse: collapse; width:100%;\">\n     {if !$lineItem}\n     <tr>\n      <th {$headerStyle}>\n       {ts}Membership Information{/ts}\n      </th>\n     </tr>\n     <tr>\n      <td {$labelStyle}>\n       {ts}Membership Type{/ts}\n      </td>\n      <td {$valueStyle}>\n       {$membership_name}\n      </td>\n     </tr>\n     {/if}\n     {if ! $cancelled}\n     {if !$lineItem}\n      <tr>\n       <td {$labelStyle}>\n        {ts}Membership Start Date{/ts}\n       </td>\n       <td {$valueStyle}>\n        {$mem_start_date}\n       </td>\n      </tr>\n      <tr>\n       <td {$labelStyle}>\n        {ts}Membership End Date{/ts}\n       </td>\n       <td {$valueStyle}>\n        {$mem_end_date}\n       </td>\n      </tr>\n      {/if}\n      {if $formValues.total_amount}\n       <tr>\n        <th {$headerStyle}>\n         {ts}Membership Fee{/ts}\n        </th>\n       </tr>\n       {if $formValues.contributionType_name}\n        <tr>\n         <td {$labelStyle}>\n          {ts}Financial Type{/ts}\n         </td>\n         <td {$valueStyle}>\n          {$formValues.contributionType_name}\n         </td>\n        </tr>\n       {/if}\n\n       {if $lineItem}\n       {foreach from=$lineItem item=value key=priceset}\n         <tr>\n          <td colspan=\"2\" {$valueStyle}>\n           <table> {* FIXME: style this table so that it looks like the text version (justification, etc.) *}\n            <tr>\n             <th>{ts}Item{/ts}</th>\n             <th>{ts}Fee{/ts}</th>\n       <th>{ts}Membership Start Date{/ts}</th>\n       <th>{ts}Membership End Date{/ts}</th>\n            </tr>\n            {foreach from=$value item=line}\n             <tr>\n              <td>\n        {if $line.html_type eq \'Text\'}{$line.label}{else}{$line.field_title} - {$line.label}{/if} {if $line.description}<div>{$line.description|truncate:30:\"...\"}</div>{/if}\n              </td>\n              <td>\n               {$line.line_total|crmMoney}\n              </td>\n              <td>\n               {$line.start_date}\n              </td>\n        <td>\n               {$line.end_date}\n              </td>\n             </tr>\n            {/foreach}\n           </table>\n          </td>\n         </tr>\n       {/foreach}\n      {/if}\n       <tr>\n        <td {$labelStyle}>\n         {ts}Amount{/ts}\n        </td>\n        <td {$valueStyle}>\n         {$formValues.total_amount|crmMoney}\n        </td>\n       </tr>\n       {if $receive_date}\n        <tr>\n         <td {$labelStyle}>\n          {ts}Received Date{/ts}\n         </td>\n         <td {$valueStyle}>\n          {$receive_date|truncate:10:\'\'|crmDate}\n         </td>\n        </tr>\n       {/if}\n       {if $formValues.paidBy}\n        <tr>\n         <td {$labelStyle}>\n          {ts}Paid By{/ts}\n         </td>\n         <td {$valueStyle}>\n          {$formValues.paidBy}\n         </td>\n        </tr>\n        {if $formValues.check_number}\n         <tr>\n          <td {$labelStyle}>\n           {ts}Check Number{/ts}\n          </td>\n          <td {$valueStyle}>\n           {$formValues.check_number}\n          </td>\n         </tr>\n        {/if}\n       {/if}\n      {/if}\n     {/if}\n    </table>\n   </td>\n  </tr>\n\n  {if $isPrimary}\n   <tr>\n    <td>\n     <table style=\"border: 1px solid #999; margin: 1em 0em 1em; border-collapse: collapse; width:100%;\">\n\n      {if $contributeMode ne \'notify\' and !$isAmountzero and !$is_pay_later }\n       <tr>\n        <th {$headerStyle}>\n         {ts}Billing Name and Address{/ts}\n        </th>\n       </tr>\n       <tr>\n        <td {$labelStyle}>\n         {$billingName}<br />\n         {$address}\n        </td>\n       </tr>\n      {/if}\n\n      {if $contributeMode eq \'direct\' and !$isAmountzero and !$is_pay_later}\n       <tr>\n        <th {$headerStyle}>\n         {ts}Credit Card Information{/ts}\n        </th>\n       </tr>\n       <tr>\n        <td {$valueStyle}>\n         {$credit_card_type}<br />\n         {$credit_card_number}\n        </td>\n       </tr>\n       <tr>\n        <td {$labelStyle}>\n         {ts}Expires{/ts}\n        </td>\n        <td {$valueStyle}>\n         {$credit_card_exp_date|truncate:7:\'\'|crmDate}\n        </td>\n       </tr>\n      {/if}\n\n     </table>\n    </td>\n   </tr>\n  {/if}\n\n  {if $customValues}\n   <tr>\n    <td>\n     <table style=\"border: 1px solid #999; margin: 1em 0em 1em; border-collapse: collapse; width:100%;\">\n      <tr>\n       <th {$headerStyle}>\n        {ts}Membership Options{/ts}\n       </th>\n      </tr>\n      {foreach from=$customValues item=value key=customName}\n       <tr>\n        <td {$labelStyle}>\n         {$customName}\n        </td>\n        <td {$valueStyle}>\n         {$value}\n        </td>\n       </tr>\n      {/foreach}\n     </table>\n    </td>\n   </tr>\n  {/if}\n\n </table>\n</center>\n\n</body>\n</html>\n',1,724,0,1,NULL),(41,'Memberships - Receipt (on-line)','{if $is_pay_later}{ts}Invoice{/ts}{else}{ts}Receipt{/ts}{/if} - {$title}\n','{if $receipt_text}\n{$receipt_text}\n{/if}\n{if $is_pay_later}\n\n===========================================================\n{$pay_later_receipt}\n===========================================================\n{else}\n\n{ts}Please print this receipt for your records.{/ts}\n{/if}\n\n{if $membership_assign && !$useForMember}\n===========================================================\n{ts}Membership Information{/ts}\n\n===========================================================\n{ts}Membership Type{/ts}: {$membership_name}\n{if $mem_start_date}{ts}Membership Start Date{/ts}: {$mem_start_date|crmDate}\n{/if}\n{if $mem_end_date}{ts}Membership End Date{/ts}: {$mem_end_date|crmDate}\n{/if}\n\n{/if}\n{if $amount}\n===========================================================\n{ts}Membership Fee{/ts}\n\n===========================================================\n{if !$useForMember && $membership_amount && $is_quick_config}\n{ts 1=$membership_name}%1 Membership{/ts}: {$membership_amount|crmMoney}\n{if $amount}\n{if ! $is_separate_payment }\n{ts}Contribution Amount{/ts}: {$amount|crmMoney}\n{else}\n{ts}Additional Contribution{/ts}: {$amount|crmMoney}\n{/if}\n{/if}\n-------------------------------------------\n{ts}Total{/ts}: {$amount+$membership_amount|crmMoney}\n{elseif !$useForMember && $lineItem and $priceSetID & !$is_quick_config}\n{foreach from=$lineItem item=value key=priceset}\n---------------------------------------------------------\n{capture assign=ts_item}{ts}Item{/ts}{/capture}\n{capture assign=ts_qty}{ts}Qty{/ts}{/capture}\n{capture assign=ts_each}{ts}Each{/ts}{/capture}\n{capture assign=ts_total}{ts}Total{/ts}{/capture}\n{$ts_item|string_format:\"%-30s\"} {$ts_qty|string_format:\"%5s\"} {$ts_each|string_format:\"%10s\"} {$ts_total|string_format:\"%10s\"}\n----------------------------------------------------------\n{foreach from=$value item=line}\n{$line.description|truncate:30:\"...\"|string_format:\"%-30s\"} {$line.qty|string_format:\"%5s\"} {$line.unit_price|crmMoney|string_format:\"%10s\"} {$line.line_total|crmMoney|string_format:\"%10s\"}\n{/foreach}\n{/foreach}\n\n{ts}Total Amount{/ts}: {$amount|crmMoney}\n{else}\n{if $useForMember && $lineItem && !$is_quick_config}\n{foreach from=$lineItem item=value key=priceset}\n{capture assign=ts_item}{ts}Item{/ts}{/capture}\n{capture assign=ts_total}{ts}Fee{/ts}{/capture}\n{capture assign=ts_start_date}{ts}Membership Start Date{/ts}{/capture}\n{capture assign=ts_end_date}{ts}Membership End Date{/ts}{/capture}\n{$ts_item|string_format:\"%-30s\"} {$ts_total|string_format:\"%10s\"} {$ts_start_date|string_format:\"%20s\"} {$ts_end_date|string_format:\"%20s\"}\n--------------------------------------------------------------------------------------------------\n\n{foreach from=$value item=line}\n{capture assign=ts_item}{if $line.html_type eq \'Text\'}{$line.label}{else}{$line.field_title} - {$line.label}{/if} {if $line.description} {$line.description}{/if}{/capture}{$ts_item|truncate:30:\"...\"|string_format:\"%-30s\"} {$line.line_total|crmMoney|string_format:\"%10s\"} {$line.start_date|string_format:\"%20s\"} {$line.end_date|string_format:\"%20s\"}\n{/foreach}\n{/foreach}\n--------------------------------------------------------------------------------------------------\n{/if}\n{ts}Amount{/ts}: {$amount|crmMoney} {if $amount_level } - {$amount_level} {/if}\n{/if}\n{elseif $membership_amount}\n===========================================================\n{ts}Membership Fee{/ts}\n\n===========================================================\n{ts 1=$membership_name}%1 Membership{/ts}: {$membership_amount|crmMoney}\n{/if}\n\n{if $receive_date}\n\n{ts}Date{/ts}: {$receive_date|crmDate}\n{/if}\n{if $is_monetary and $trxn_id}\n{ts}Transaction #{/ts}: {$trxn_id}\n\n{/if}\n{if $membership_trx_id}\n{ts}Membership Transaction #{/ts}: {$membership_trx_id}\n\n{/if}\n{if $is_recur}\n{if $contributeMode eq \'notify\' or $contributeMode eq \'directIPN\'}\n{ts 1=$cancelSubscriptionUrl}This membership will be renewed automatically. You can cancel the auto-renewal option by visiting this web page: %1.{/ts}\n\n{ts 1=$updateSubscriptionBillingUrl}You can update billing details for this automatically renewed membership by <a href=\"%1\">visiting this web page</a>.{/ts}\n{/if}\n{/if}\n\n{if $honor_block_is_active }\n===========================================================\n{$soft_credit_type}\n===========================================================\n{foreach from=$honoreeProfile item=value key=label}\n{$label}: {$value}\n{/foreach}\n\n{/if}\n{if $pcpBlock}\n===========================================================\n{ts}Personal Campaign Page{/ts}\n\n===========================================================\n{ts}Display In Honor Roll{/ts}: {if $pcp_display_in_roll}{ts}Yes{/ts}{else}{ts}No{/ts}{/if}\n\n{if $pcp_roll_nickname}{ts}Nickname{/ts}: {$pcp_roll_nickname}{/if}\n\n{if $pcp_personal_note}{ts}Personal Note{/ts}: {$pcp_personal_note}{/if}\n\n{/if}\n{if $onBehalfProfile}\n===========================================================\n{ts}On Behalf Of{/ts}\n\n===========================================================\n{foreach from=$onBehalfProfile item=onBehalfValue key=onBehalfName}\n{$onBehalfName}: {$onBehalfValue}\n{/foreach}\n{/if}\n\n{if !( $contributeMode eq \'notify\' OR $contributeMode eq \'directIPN\' ) and $is_monetary}\n{if $is_pay_later}\n===========================================================\n{ts}Registered Email{/ts}\n\n===========================================================\n{$email}\n{elseif $amount GT 0 OR $membership_amount GT 0 }\n===========================================================\n{ts}Billing Name and Address{/ts}\n\n===========================================================\n{$billingName}\n{$address}\n\n{$email}\n{/if} {* End ! is_pay_later condition. *}\n{/if}\n{if $contributeMode eq \'direct\' AND !$is_pay_later AND ( $amount GT 0 OR $membership_amount GT 0 ) }\n\n===========================================================\n{ts}Credit Card Information{/ts}\n\n===========================================================\n{$credit_card_type}\n{$credit_card_number}\n{ts}Expires{/ts}: {$credit_card_exp_date|truncate:7:\'\'|crmDate}\n{/if}\n\n{if $selectPremium }\n===========================================================\n{ts}Premium Information{/ts}\n\n===========================================================\n{$product_name}\n{if $option}\n{ts}Option{/ts}: {$option}\n{/if}\n{if $sku}\n{ts}SKU{/ts}: {$sku}\n{/if}\n{if $start_date}\n{ts}Start Date{/ts}: {$start_date|crmDate}\n{/if}\n{if $end_date}\n{ts}End Date{/ts}: {$end_date|crmDate}\n{/if}\n{if $contact_email OR $contact_phone}\n\n{ts}For information about this premium, contact:{/ts}\n\n{if $contact_email}\n  {$contact_email}\n{/if}\n{if $contact_phone}\n  {$contact_phone}\n{/if}\n{/if}\n{if $is_deductible AND $price}\n\n{ts 1=$price|crmMoney}The value of this premium is %1. This may affect the amount of the tax deduction you can claim. Consult your tax advisor for more information.{/ts}{/if}\n{/if}\n\n{if $customPre}\n===========================================================\n{$customPre_grouptitle}\n\n===========================================================\n{foreach from=$customPre item=customValue key=customName}\n{if ( $trackingFields and ! in_array( $customName, $trackingFields ) ) or ! $trackingFields}\n {$customName}: {$customValue}\n{/if}\n{/foreach}\n{/if}\n\n\n{if $customPost}\n===========================================================\n{$customPost_grouptitle}\n\n===========================================================\n{foreach from=$customPost item=customValue key=customName}\n{if ( $trackingFields and ! in_array( $customName, $trackingFields ) ) or ! $trackingFields}\n {$customName}: {$customValue}\n{/if}\n{/foreach}\n{/if}\n','<!DOCTYPE html PUBLIC \"-//W3C//DTD XHTML 1.0 Transitional//EN\" \"http://www.w3.org/TR/xhtml1/DTD/xhtml1-transitional.dtd\">\n<html xmlns=\"http://www.w3.org/1999/xhtml\">\n<head>\n <meta http-equiv=\"Content-Type\" content=\"text/html; charset=UTF-8\" />\n <title></title>\n</head>\n<body>\n\n{capture assign=headerStyle}colspan=\"2\" style=\"text-align: left; padding: 4px; border-bottom: 1px solid #999; background-color: #eee;\"{/capture}\n{capture assign=labelStyle }style=\"padding: 4px; border-bottom: 1px solid #999; background-color: #f7f7f7;\"{/capture}\n{capture assign=valueStyle }style=\"padding: 4px; border-bottom: 1px solid #999;\"{/capture}\n\n<center>\n <table width=\"500\" border=\"0\" cellpadding=\"0\" cellspacing=\"0\" id=\"crm-event_receipt\" style=\"font-family: Arial, Verdana, sans-serif; text-align: left;\">\n\n  <!-- BEGIN HEADER -->\n  <!-- You can add table row(s) here with logo or other header elements -->\n  <!-- END HEADER -->\n\n  <!-- BEGIN CONTENT -->\n\n  <tr>\n   <td>\n\n    {if $receipt_text}\n     <p>{$receipt_text|htmlize}</p>\n    {/if}\n\n    {if $is_pay_later}\n     <p>{$pay_later_receipt}</p> {* FIXME: this might be text rather than HTML *}\n    {else}\n     <p>{ts}Please print this confirmation for your records.{/ts}</p>\n    {/if}\n\n   </td>\n  </tr>\n  </table>\n  <table width=\"500\" style=\"border: 1px solid #999; margin: 1em 0em 1em; border-collapse: collapse;\">\n\n     {if $membership_assign && !$useForMember}\n      <tr>\n       <th {$headerStyle}>\n        {ts}Membership Information{/ts}\n       </th>\n      </tr>\n      <tr>\n       <td {$labelStyle}>\n        {ts}Membership Type{/ts}\n       </td>\n       <td {$valueStyle}>\n        {$membership_name}\n       </td>\n      </tr>\n      {if $mem_start_date}\n       <tr>\n        <td {$labelStyle}>\n         {ts}Membership Start Date{/ts}\n        </td>\n        <td {$valueStyle}>\n         {$mem_start_date|crmDate}\n        </td>\n       </tr>\n      {/if}\n      {if $mem_end_date}\n       <tr>\n        <td {$labelStyle}>\n         {ts}Membership End Date{/ts}\n        </td>\n        <td {$valueStyle}>\n          {$mem_end_date|crmDate}\n        </td>\n       </tr>\n      {/if}\n     {/if}\n\n\n     {if $amount}\n      <tr>\n       <th {$headerStyle}>\n        {ts}Membership Fee{/ts}\n       </th>\n      </tr>\n\n      {if !$useForMember and $membership_amount and $is_quick_config}\n\n       <tr>\n        <td {$labelStyle}>\n         {ts 1=$membership_name}%1 Membership{/ts}\n        </td>\n        <td {$valueStyle}>\n         {$membership_amount|crmMoney}\n        </td>\n       </tr>\n       {if $amount}\n        {if ! $is_separate_payment }\n         <tr>\n          <td {$labelStyle}>\n           {ts}Contribution Amount{/ts}\n          </td>\n          <td {$valueStyle}>\n           {$amount|crmMoney}\n          </td>\n         </tr>\n        {else}\n         <tr>\n          <td {$labelStyle}>\n           {ts}Additional Contribution{/ts}\n          </td>\n          <td {$valueStyle}>\n           {$amount|crmMoney}\n          </td>\n         </tr>\n        {/if}\n       {/if}\n       <tr>\n        <td {$labelStyle}>\n         {ts}Total{/ts}\n        </td>\n        <td {$valueStyle}>\n         {$amount+$membership_amount|crmMoney}\n        </td>\n       </tr>\n\n      {elseif !$useForMember && $lineItem and $priceSetID and !$is_quick_config}\n\n       {foreach from=$lineItem item=value key=priceset}\n        <tr>\n         <td colspan=\"2\" {$valueStyle}>\n          <table> {* FIXME: style this table so that it looks like the text version (justification, etc.) *}\n           <tr>\n            <th>{ts}Item{/ts}</th>\n            <th>{ts}Qty{/ts}</th>\n            <th>{ts}Each{/ts}</th>\n            <th>{ts}Total{/ts}</th>\n           </tr>\n           {foreach from=$value item=line}\n            <tr>\n             <td>\n              {$line.description|truncate:30:\"...\"}\n             </td>\n             <td>\n              {$line.qty}\n             </td>\n             <td>\n              {$line.unit_price|crmMoney}\n             </td>\n             <td>\n              {$line.line_total|crmMoney}\n             </td>\n            </tr>\n           {/foreach}\n          </table>\n         </td>\n        </tr>\n       {/foreach}\n       <tr>\n        <td {$labelStyle}>\n         {ts}Total Amount{/ts}\n        </td>\n        <td {$valueStyle}>\n         {$amount|crmMoney}\n        </td>\n       </tr>\n\n      {else}\n       {if $useForMember && $lineItem and !$is_quick_config}\n       {foreach from=$lineItem item=value key=priceset}\n        <tr>\n         <td colspan=\"2\" {$valueStyle}>\n          <table> {* FIXME: style this table so that it looks like the text version (justification, etc.) *}\n           <tr>\n            <th>{ts}Item{/ts}</th>\n            <th>{ts}Fee{/ts}</th>\n      <th>{ts}Membership Start Date{/ts}</th>\n      <th>{ts}Membership End Date{/ts}</th>\n           </tr>\n           {foreach from=$value item=line}\n            <tr>\n             <td>\n             {if $line.html_type eq \'Text\'}{$line.label}{else}{$line.field_title} - {$line.label}{/if} {if $line.description}<div>{$line.description|truncate:30:\"...\"}</div>{/if}\n             </td>\n             <td>\n              {$line.line_total|crmMoney}\n             </td>\n             <td>\n              {$line.start_date}\n             </td>\n       <td>\n              {$line.end_date}\n             </td>\n            </tr>\n           {/foreach}\n          </table>\n         </td>\n        </tr>\n       {/foreach}\n       {/if}\n       <tr>\n        <td {$labelStyle}>\n         {ts}Amount{/ts}\n        </td>\n        <td {$valueStyle}>\n         {$amount|crmMoney} {if $amount_level} - {$amount_level}{/if}\n        </td>\n       </tr>\n\n      {/if}\n\n\n     {elseif $membership_amount}\n\n\n      <tr>\n       <th {$headerStyle}>\n        {ts}Membership Fee{/ts}\n       </th>\n      </tr>\n      <tr>\n       <td {$labelStyle}>\n        {ts 1=$membership_name}%1 Membership{/ts}\n       </td>\n       <td {$valueStyle}>\n        {$membership_amount|crmMoney}\n       </td>\n      </tr>\n\n\n     {/if}\n\n     {if $receive_date}\n      <tr>\n       <td {$labelStyle}>\n        {ts}Date{/ts}\n       </td>\n       <td {$valueStyle}>\n        {$receive_date|crmDate}\n       </td>\n      </tr>\n     {/if}\n\n     {if $is_monetary and $trxn_id}\n      <tr>\n       <td {$labelStyle}>\n        {ts}Transaction #{/ts}\n       </td>\n       <td {$valueStyle}>\n        {$trxn_id}\n       </td>\n      </tr>\n     {/if}\n\n     {if $membership_trx_id}\n      <tr>\n       <td {$labelStyle}>\n        {ts}Membership Transaction #{/ts}\n       </td>\n       <td {$valueStyle}>\n        {$membership_trx_id}\n       </td>\n      </tr>\n     {/if}\n     {if $is_recur}\n      {if $contributeMode eq \'notify\' or $contributeMode eq \'directIPN\'}\n       <tr>\n        <td colspan=\"2\" {$labelStyle}>\n         {ts 1=$cancelSubscriptionUrl}This membership will be renewed automatically. You can cancel the auto-renewal option by <a href=\"%1\">visiting this web page</a>.{/ts}\n        </td>\n       </tr>\n       <tr>\n        <td colspan=\"2\" {$labelStyle}>\n         {ts 1=$updateSubscriptionBillingUrl}You can update billing details for this automatically renewed membership by <a href=\"%1\">visiting this web page</a>.{/ts}\n        </td>\n       </tr>\n      {/if}\n     {/if}\n\n     {if $honor_block_is_active}\n      <tr>\n       <th {$headerStyle}>\n        {$soft_credit_type}\n       </th>\n      </tr>\n      {foreach from=$honoreeProfile item=value key=label}\n        <tr>\n         <td {$labelStyle}>\n          {$label}\n         </td>\n         <td {$valueStyle}>\n          {$value}\n         </td>\n        </tr>\n      {/foreach}\n     {/if}\n\n     {if $pcpBlock}\n      <tr>\n       <th {$headerStyle}>\n        {ts}Personal Campaign Page{/ts}\n       </th>\n      </tr>\n      <tr>\n       <td {$labelStyle}>\n        {ts}Display In Honor Roll{/ts}\n       </td>\n       <td {$valueStyle}>\n        {if $pcp_display_in_roll}{ts}Yes{/ts}{else}{ts}No{/ts}{/if}\n       </td>\n      </tr>\n      {if $pcp_roll_nickname}\n       <tr>\n        <td {$labelStyle}>\n         {ts}Nickname{/ts}\n        </td>\n        <td {$valueStyle}>\n         {$pcp_roll_nickname}\n        </td>\n       </tr>\n      {/if}\n      {if $pcp_personal_note}\n       <tr>\n        <td {$labelStyle}>\n         {ts}Personal Note{/ts}\n        </td>\n        <td {$valueStyle}>\n         {$pcp_personal_note}\n        </td>\n       </tr>\n      {/if}\n     {/if}\n\n     {if $onBehalfProfile}\n      <tr>\n       <th {$headerStyle}>\n        {$onBehalfProfile_grouptitle}\n       </th>\n      </tr>\n      {foreach from=$onBehalfProfile item=onBehalfValue key=onBehalfName}\n        <tr>\n         <td {$labelStyle}>\n          {$onBehalfName}\n         </td>\n         <td {$valueStyle}>\n          {$onBehalfValue}\n         </td>\n        </tr>\n      {/foreach}\n     {/if}\n\n     {if ! ($contributeMode eq \'notify\' OR $contributeMode eq \'directIPN\') and $is_monetary}\n      {if $is_pay_later}\n       <tr>\n        <th {$headerStyle}>\n         {ts}Registered Email{/ts}\n        </th>\n       </tr>\n       <tr>\n        <td colspan=\"2\" {$valueStyle}>\n         {$email}\n        </td>\n       </tr>\n      {elseif $amount GT 0 OR $membership_amount GT 0}\n       <tr>\n        <th {$headerStyle}>\n         {ts}Billing Name and Address{/ts}\n        </th>\n       </tr>\n       <tr>\n        <td colspan=\"2\" {$valueStyle}>\n         {$billingName}<br />\n         {$address|nl2br}<br />\n         {$email}\n        </td>\n       </tr>\n      {/if}\n     {/if}\n\n     {if $contributeMode eq \'direct\' AND !$is_pay_later AND ($amount GT 0 OR $membership_amount GT 0)}\n      <tr>\n       <th {$headerStyle}>\n        {ts}Credit Card Information{/ts}\n       </th>\n      </tr>\n      <tr>\n       <td colspan=\"2\" {$valueStyle}>\n        {$credit_card_type}<br />\n        {$credit_card_number}<br />\n        {ts}Expires{/ts}: {$credit_card_exp_date|truncate:7:\'\'|crmDate}<br />\n       </td>\n      </tr>\n     {/if}\n\n     {if $selectPremium}\n      <tr>\n       <th {$headerStyle}>\n        {ts}Premium Information{/ts}\n       </th>\n      </tr>\n      <tr>\n       <td colspan=\"2\" {$labelStyle}>\n        {$product_name}\n       </td>\n      </tr>\n      {if $option}\n       <tr>\n        <td {$labelStyle}>\n         {ts}Option{/ts}\n        </td>\n        <td {$valueStyle}>\n         {$option}\n        </td>\n       </tr>\n      {/if}\n      {if $sku}\n       <tr>\n        <td {$labelStyle}>\n         {ts}SKU{/ts}\n        </td>\n        <td {$valueStyle}>\n         {$sku}\n        </td>\n       </tr>\n      {/if}\n      {if $start_date}\n       <tr>\n        <td {$labelStyle}>\n         {ts}Start Date{/ts}\n        </td>\n        <td {$valueStyle}>\n         {$start_date|crmDate}\n        </td>\n       </tr>\n      {/if}\n      {if $end_date}\n       <tr>\n        <td {$labelStyle}>\n         {ts}End Date{/ts}\n        </td>\n        <td {$valueStyle}>\n         {$end_date|crmDate}\n        </td>\n       </tr>\n      {/if}\n      {if $contact_email OR $contact_phone}\n       <tr>\n        <td colspan=\"2\" {$valueStyle}>\n         <p>{ts}For information about this premium, contact:{/ts}</p>\n         {if $contact_email}\n          <p>{$contact_email}</p>\n         {/if}\n         {if $contact_phone}\n          <p>{$contact_phone}</p>\n         {/if}\n        </td>\n       </tr>\n      {/if}\n      {if $is_deductible AND $price}\n        <tr>\n         <td colspan=\"2\" {$valueStyle}>\n          <p>{ts 1=$price|crmMoney}The value of this premium is %1. This may affect the amount of the tax deduction you can claim. Consult your tax advisor for more information.{/ts}</p>\n         </td>\n        </tr>\n      {/if}\n     {/if}\n\n     {if $customPre}\n      <tr>\n       <th {$headerStyle}>\n        {$customPre_grouptitle}\n       </th>\n      </tr>\n      {foreach from=$customPre item=customValue key=customName}\n       {if ($trackingFields and ! in_array($customName, $trackingFields)) or ! $trackingFields}\n        <tr>\n         <td {$labelStyle}>\n          {$customName}\n         </td>\n         <td {$valueStyle}>\n          {$customValue}\n         </td>\n        </tr>\n       {/if}\n      {/foreach}\n     {/if}\n\n     {if $customPost}\n      <tr>\n       <th {$headerStyle}>\n        {$customPost_grouptitle}\n       </th>\n      </tr>\n      {foreach from=$customPost item=customValue key=customName}\n       {if ($trackingFields and ! in_array($customName, $trackingFields)) or ! $trackingFields}\n        <tr>\n         <td {$labelStyle}>\n          {$customName}\n         </td>\n         <td {$valueStyle}>\n          {$customValue}\n         </td>\n        </tr>\n       {/if}\n      {/foreach}\n     {/if}\n\n  </table>\n</center>\n\n</body>\n</html>\n',1,725,1,0,NULL),(42,'Memberships - Receipt (on-line)','{if $is_pay_later}{ts}Invoice{/ts}{else}{ts}Receipt{/ts}{/if} - {$title}\n','{if $receipt_text}\n{$receipt_text}\n{/if}\n{if $is_pay_later}\n\n===========================================================\n{$pay_later_receipt}\n===========================================================\n{else}\n\n{ts}Please print this receipt for your records.{/ts}\n{/if}\n\n{if $membership_assign && !$useForMember}\n===========================================================\n{ts}Membership Information{/ts}\n\n===========================================================\n{ts}Membership Type{/ts}: {$membership_name}\n{if $mem_start_date}{ts}Membership Start Date{/ts}: {$mem_start_date|crmDate}\n{/if}\n{if $mem_end_date}{ts}Membership End Date{/ts}: {$mem_end_date|crmDate}\n{/if}\n\n{/if}\n{if $amount}\n===========================================================\n{ts}Membership Fee{/ts}\n\n===========================================================\n{if !$useForMember && $membership_amount && $is_quick_config}\n{ts 1=$membership_name}%1 Membership{/ts}: {$membership_amount|crmMoney}\n{if $amount}\n{if ! $is_separate_payment }\n{ts}Contribution Amount{/ts}: {$amount|crmMoney}\n{else}\n{ts}Additional Contribution{/ts}: {$amount|crmMoney}\n{/if}\n{/if}\n-------------------------------------------\n{ts}Total{/ts}: {$amount+$membership_amount|crmMoney}\n{elseif !$useForMember && $lineItem and $priceSetID & !$is_quick_config}\n{foreach from=$lineItem item=value key=priceset}\n---------------------------------------------------------\n{capture assign=ts_item}{ts}Item{/ts}{/capture}\n{capture assign=ts_qty}{ts}Qty{/ts}{/capture}\n{capture assign=ts_each}{ts}Each{/ts}{/capture}\n{capture assign=ts_total}{ts}Total{/ts}{/capture}\n{$ts_item|string_format:\"%-30s\"} {$ts_qty|string_format:\"%5s\"} {$ts_each|string_format:\"%10s\"} {$ts_total|string_format:\"%10s\"}\n----------------------------------------------------------\n{foreach from=$value item=line}\n{$line.description|truncate:30:\"...\"|string_format:\"%-30s\"} {$line.qty|string_format:\"%5s\"} {$line.unit_price|crmMoney|string_format:\"%10s\"} {$line.line_total|crmMoney|string_format:\"%10s\"}\n{/foreach}\n{/foreach}\n\n{ts}Total Amount{/ts}: {$amount|crmMoney}\n{else}\n{if $useForMember && $lineItem && !$is_quick_config}\n{foreach from=$lineItem item=value key=priceset}\n{capture assign=ts_item}{ts}Item{/ts}{/capture}\n{capture assign=ts_total}{ts}Fee{/ts}{/capture}\n{capture assign=ts_start_date}{ts}Membership Start Date{/ts}{/capture}\n{capture assign=ts_end_date}{ts}Membership End Date{/ts}{/capture}\n{$ts_item|string_format:\"%-30s\"} {$ts_total|string_format:\"%10s\"} {$ts_start_date|string_format:\"%20s\"} {$ts_end_date|string_format:\"%20s\"}\n--------------------------------------------------------------------------------------------------\n\n{foreach from=$value item=line}\n{capture assign=ts_item}{if $line.html_type eq \'Text\'}{$line.label}{else}{$line.field_title} - {$line.label}{/if} {if $line.description} {$line.description}{/if}{/capture}{$ts_item|truncate:30:\"...\"|string_format:\"%-30s\"} {$line.line_total|crmMoney|string_format:\"%10s\"} {$line.start_date|string_format:\"%20s\"} {$line.end_date|string_format:\"%20s\"}\n{/foreach}\n{/foreach}\n--------------------------------------------------------------------------------------------------\n{/if}\n{ts}Amount{/ts}: {$amount|crmMoney} {if $amount_level } - {$amount_level} {/if}\n{/if}\n{elseif $membership_amount}\n===========================================================\n{ts}Membership Fee{/ts}\n\n===========================================================\n{ts 1=$membership_name}%1 Membership{/ts}: {$membership_amount|crmMoney}\n{/if}\n\n{if $receive_date}\n\n{ts}Date{/ts}: {$receive_date|crmDate}\n{/if}\n{if $is_monetary and $trxn_id}\n{ts}Transaction #{/ts}: {$trxn_id}\n\n{/if}\n{if $membership_trx_id}\n{ts}Membership Transaction #{/ts}: {$membership_trx_id}\n\n{/if}\n{if $is_recur}\n{if $contributeMode eq \'notify\' or $contributeMode eq \'directIPN\'}\n{ts 1=$cancelSubscriptionUrl}This membership will be renewed automatically. You can cancel the auto-renewal option by visiting this web page: %1.{/ts}\n\n{ts 1=$updateSubscriptionBillingUrl}You can update billing details for this automatically renewed membership by <a href=\"%1\">visiting this web page</a>.{/ts}\n{/if}\n{/if}\n\n{if $honor_block_is_active }\n===========================================================\n{$soft_credit_type}\n===========================================================\n{foreach from=$honoreeProfile item=value key=label}\n{$label}: {$value}\n{/foreach}\n\n{/if}\n{if $pcpBlock}\n===========================================================\n{ts}Personal Campaign Page{/ts}\n\n===========================================================\n{ts}Display In Honor Roll{/ts}: {if $pcp_display_in_roll}{ts}Yes{/ts}{else}{ts}No{/ts}{/if}\n\n{if $pcp_roll_nickname}{ts}Nickname{/ts}: {$pcp_roll_nickname}{/if}\n\n{if $pcp_personal_note}{ts}Personal Note{/ts}: {$pcp_personal_note}{/if}\n\n{/if}\n{if $onBehalfProfile}\n===========================================================\n{ts}On Behalf Of{/ts}\n\n===========================================================\n{foreach from=$onBehalfProfile item=onBehalfValue key=onBehalfName}\n{$onBehalfName}: {$onBehalfValue}\n{/foreach}\n{/if}\n\n{if !( $contributeMode eq \'notify\' OR $contributeMode eq \'directIPN\' ) and $is_monetary}\n{if $is_pay_later}\n===========================================================\n{ts}Registered Email{/ts}\n\n===========================================================\n{$email}\n{elseif $amount GT 0 OR $membership_amount GT 0 }\n===========================================================\n{ts}Billing Name and Address{/ts}\n\n===========================================================\n{$billingName}\n{$address}\n\n{$email}\n{/if} {* End ! is_pay_later condition. *}\n{/if}\n{if $contributeMode eq \'direct\' AND !$is_pay_later AND ( $amount GT 0 OR $membership_amount GT 0 ) }\n\n===========================================================\n{ts}Credit Card Information{/ts}\n\n===========================================================\n{$credit_card_type}\n{$credit_card_number}\n{ts}Expires{/ts}: {$credit_card_exp_date|truncate:7:\'\'|crmDate}\n{/if}\n\n{if $selectPremium }\n===========================================================\n{ts}Premium Information{/ts}\n\n===========================================================\n{$product_name}\n{if $option}\n{ts}Option{/ts}: {$option}\n{/if}\n{if $sku}\n{ts}SKU{/ts}: {$sku}\n{/if}\n{if $start_date}\n{ts}Start Date{/ts}: {$start_date|crmDate}\n{/if}\n{if $end_date}\n{ts}End Date{/ts}: {$end_date|crmDate}\n{/if}\n{if $contact_email OR $contact_phone}\n\n{ts}For information about this premium, contact:{/ts}\n\n{if $contact_email}\n  {$contact_email}\n{/if}\n{if $contact_phone}\n  {$contact_phone}\n{/if}\n{/if}\n{if $is_deductible AND $price}\n\n{ts 1=$price|crmMoney}The value of this premium is %1. This may affect the amount of the tax deduction you can claim. Consult your tax advisor for more information.{/ts}{/if}\n{/if}\n\n{if $customPre}\n===========================================================\n{$customPre_grouptitle}\n\n===========================================================\n{foreach from=$customPre item=customValue key=customName}\n{if ( $trackingFields and ! in_array( $customName, $trackingFields ) ) or ! $trackingFields}\n {$customName}: {$customValue}\n{/if}\n{/foreach}\n{/if}\n\n\n{if $customPost}\n===========================================================\n{$customPost_grouptitle}\n\n===========================================================\n{foreach from=$customPost item=customValue key=customName}\n{if ( $trackingFields and ! in_array( $customName, $trackingFields ) ) or ! $trackingFields}\n {$customName}: {$customValue}\n{/if}\n{/foreach}\n{/if}\n','<!DOCTYPE html PUBLIC \"-//W3C//DTD XHTML 1.0 Transitional//EN\" \"http://www.w3.org/TR/xhtml1/DTD/xhtml1-transitional.dtd\">\n<html xmlns=\"http://www.w3.org/1999/xhtml\">\n<head>\n <meta http-equiv=\"Content-Type\" content=\"text/html; charset=UTF-8\" />\n <title></title>\n</head>\n<body>\n\n{capture assign=headerStyle}colspan=\"2\" style=\"text-align: left; padding: 4px; border-bottom: 1px solid #999; background-color: #eee;\"{/capture}\n{capture assign=labelStyle }style=\"padding: 4px; border-bottom: 1px solid #999; background-color: #f7f7f7;\"{/capture}\n{capture assign=valueStyle }style=\"padding: 4px; border-bottom: 1px solid #999;\"{/capture}\n\n<center>\n <table width=\"500\" border=\"0\" cellpadding=\"0\" cellspacing=\"0\" id=\"crm-event_receipt\" style=\"font-family: Arial, Verdana, sans-serif; text-align: left;\">\n\n  <!-- BEGIN HEADER -->\n  <!-- You can add table row(s) here with logo or other header elements -->\n  <!-- END HEADER -->\n\n  <!-- BEGIN CONTENT -->\n\n  <tr>\n   <td>\n\n    {if $receipt_text}\n     <p>{$receipt_text|htmlize}</p>\n    {/if}\n\n    {if $is_pay_later}\n     <p>{$pay_later_receipt}</p> {* FIXME: this might be text rather than HTML *}\n    {else}\n     <p>{ts}Please print this confirmation for your records.{/ts}</p>\n    {/if}\n\n   </td>\n  </tr>\n  </table>\n  <table width=\"500\" style=\"border: 1px solid #999; margin: 1em 0em 1em; border-collapse: collapse;\">\n\n     {if $membership_assign && !$useForMember}\n      <tr>\n       <th {$headerStyle}>\n        {ts}Membership Information{/ts}\n       </th>\n      </tr>\n      <tr>\n       <td {$labelStyle}>\n        {ts}Membership Type{/ts}\n       </td>\n       <td {$valueStyle}>\n        {$membership_name}\n       </td>\n      </tr>\n      {if $mem_start_date}\n       <tr>\n        <td {$labelStyle}>\n         {ts}Membership Start Date{/ts}\n        </td>\n        <td {$valueStyle}>\n         {$mem_start_date|crmDate}\n        </td>\n       </tr>\n      {/if}\n      {if $mem_end_date}\n       <tr>\n        <td {$labelStyle}>\n         {ts}Membership End Date{/ts}\n        </td>\n        <td {$valueStyle}>\n          {$mem_end_date|crmDate}\n        </td>\n       </tr>\n      {/if}\n     {/if}\n\n\n     {if $amount}\n      <tr>\n       <th {$headerStyle}>\n        {ts}Membership Fee{/ts}\n       </th>\n      </tr>\n\n      {if !$useForMember and $membership_amount and $is_quick_config}\n\n       <tr>\n        <td {$labelStyle}>\n         {ts 1=$membership_name}%1 Membership{/ts}\n        </td>\n        <td {$valueStyle}>\n         {$membership_amount|crmMoney}\n        </td>\n       </tr>\n       {if $amount}\n        {if ! $is_separate_payment }\n         <tr>\n          <td {$labelStyle}>\n           {ts}Contribution Amount{/ts}\n          </td>\n          <td {$valueStyle}>\n           {$amount|crmMoney}\n          </td>\n         </tr>\n        {else}\n         <tr>\n          <td {$labelStyle}>\n           {ts}Additional Contribution{/ts}\n          </td>\n          <td {$valueStyle}>\n           {$amount|crmMoney}\n          </td>\n         </tr>\n        {/if}\n       {/if}\n       <tr>\n        <td {$labelStyle}>\n         {ts}Total{/ts}\n        </td>\n        <td {$valueStyle}>\n         {$amount+$membership_amount|crmMoney}\n        </td>\n       </tr>\n\n      {elseif !$useForMember && $lineItem and $priceSetID and !$is_quick_config}\n\n       {foreach from=$lineItem item=value key=priceset}\n        <tr>\n         <td colspan=\"2\" {$valueStyle}>\n          <table> {* FIXME: style this table so that it looks like the text version (justification, etc.) *}\n           <tr>\n            <th>{ts}Item{/ts}</th>\n            <th>{ts}Qty{/ts}</th>\n            <th>{ts}Each{/ts}</th>\n            <th>{ts}Total{/ts}</th>\n           </tr>\n           {foreach from=$value item=line}\n            <tr>\n             <td>\n              {$line.description|truncate:30:\"...\"}\n             </td>\n             <td>\n              {$line.qty}\n             </td>\n             <td>\n              {$line.unit_price|crmMoney}\n             </td>\n             <td>\n              {$line.line_total|crmMoney}\n             </td>\n            </tr>\n           {/foreach}\n          </table>\n         </td>\n        </tr>\n       {/foreach}\n       <tr>\n        <td {$labelStyle}>\n         {ts}Total Amount{/ts}\n        </td>\n        <td {$valueStyle}>\n         {$amount|crmMoney}\n        </td>\n       </tr>\n\n      {else}\n       {if $useForMember && $lineItem and !$is_quick_config}\n       {foreach from=$lineItem item=value key=priceset}\n        <tr>\n         <td colspan=\"2\" {$valueStyle}>\n          <table> {* FIXME: style this table so that it looks like the text version (justification, etc.) *}\n           <tr>\n            <th>{ts}Item{/ts}</th>\n            <th>{ts}Fee{/ts}</th>\n      <th>{ts}Membership Start Date{/ts}</th>\n      <th>{ts}Membership End Date{/ts}</th>\n           </tr>\n           {foreach from=$value item=line}\n            <tr>\n             <td>\n             {if $line.html_type eq \'Text\'}{$line.label}{else}{$line.field_title} - {$line.label}{/if} {if $line.description}<div>{$line.description|truncate:30:\"...\"}</div>{/if}\n             </td>\n             <td>\n              {$line.line_total|crmMoney}\n             </td>\n             <td>\n              {$line.start_date}\n             </td>\n       <td>\n              {$line.end_date}\n             </td>\n            </tr>\n           {/foreach}\n          </table>\n         </td>\n        </tr>\n       {/foreach}\n       {/if}\n       <tr>\n        <td {$labelStyle}>\n         {ts}Amount{/ts}\n        </td>\n        <td {$valueStyle}>\n         {$amount|crmMoney} {if $amount_level} - {$amount_level}{/if}\n        </td>\n       </tr>\n\n      {/if}\n\n\n     {elseif $membership_amount}\n\n\n      <tr>\n       <th {$headerStyle}>\n        {ts}Membership Fee{/ts}\n       </th>\n      </tr>\n      <tr>\n       <td {$labelStyle}>\n        {ts 1=$membership_name}%1 Membership{/ts}\n       </td>\n       <td {$valueStyle}>\n        {$membership_amount|crmMoney}\n       </td>\n      </tr>\n\n\n     {/if}\n\n     {if $receive_date}\n      <tr>\n       <td {$labelStyle}>\n        {ts}Date{/ts}\n       </td>\n       <td {$valueStyle}>\n        {$receive_date|crmDate}\n       </td>\n      </tr>\n     {/if}\n\n     {if $is_monetary and $trxn_id}\n      <tr>\n       <td {$labelStyle}>\n        {ts}Transaction #{/ts}\n       </td>\n       <td {$valueStyle}>\n        {$trxn_id}\n       </td>\n      </tr>\n     {/if}\n\n     {if $membership_trx_id}\n      <tr>\n       <td {$labelStyle}>\n        {ts}Membership Transaction #{/ts}\n       </td>\n       <td {$valueStyle}>\n        {$membership_trx_id}\n       </td>\n      </tr>\n     {/if}\n     {if $is_recur}\n      {if $contributeMode eq \'notify\' or $contributeMode eq \'directIPN\'}\n       <tr>\n        <td colspan=\"2\" {$labelStyle}>\n         {ts 1=$cancelSubscriptionUrl}This membership will be renewed automatically. You can cancel the auto-renewal option by <a href=\"%1\">visiting this web page</a>.{/ts}\n        </td>\n       </tr>\n       <tr>\n        <td colspan=\"2\" {$labelStyle}>\n         {ts 1=$updateSubscriptionBillingUrl}You can update billing details for this automatically renewed membership by <a href=\"%1\">visiting this web page</a>.{/ts}\n        </td>\n       </tr>\n      {/if}\n     {/if}\n\n     {if $honor_block_is_active}\n      <tr>\n       <th {$headerStyle}>\n        {$soft_credit_type}\n       </th>\n      </tr>\n      {foreach from=$honoreeProfile item=value key=label}\n        <tr>\n         <td {$labelStyle}>\n          {$label}\n         </td>\n         <td {$valueStyle}>\n          {$value}\n         </td>\n        </tr>\n      {/foreach}\n     {/if}\n\n     {if $pcpBlock}\n      <tr>\n       <th {$headerStyle}>\n        {ts}Personal Campaign Page{/ts}\n       </th>\n      </tr>\n      <tr>\n       <td {$labelStyle}>\n        {ts}Display In Honor Roll{/ts}\n       </td>\n       <td {$valueStyle}>\n        {if $pcp_display_in_roll}{ts}Yes{/ts}{else}{ts}No{/ts}{/if}\n       </td>\n      </tr>\n      {if $pcp_roll_nickname}\n       <tr>\n        <td {$labelStyle}>\n         {ts}Nickname{/ts}\n        </td>\n        <td {$valueStyle}>\n         {$pcp_roll_nickname}\n        </td>\n       </tr>\n      {/if}\n      {if $pcp_personal_note}\n       <tr>\n        <td {$labelStyle}>\n         {ts}Personal Note{/ts}\n        </td>\n        <td {$valueStyle}>\n         {$pcp_personal_note}\n        </td>\n       </tr>\n      {/if}\n     {/if}\n\n     {if $onBehalfProfile}\n      <tr>\n       <th {$headerStyle}>\n        {$onBehalfProfile_grouptitle}\n       </th>\n      </tr>\n      {foreach from=$onBehalfProfile item=onBehalfValue key=onBehalfName}\n        <tr>\n         <td {$labelStyle}>\n          {$onBehalfName}\n         </td>\n         <td {$valueStyle}>\n          {$onBehalfValue}\n         </td>\n        </tr>\n      {/foreach}\n     {/if}\n\n     {if ! ($contributeMode eq \'notify\' OR $contributeMode eq \'directIPN\') and $is_monetary}\n      {if $is_pay_later}\n       <tr>\n        <th {$headerStyle}>\n         {ts}Registered Email{/ts}\n        </th>\n       </tr>\n       <tr>\n        <td colspan=\"2\" {$valueStyle}>\n         {$email}\n        </td>\n       </tr>\n      {elseif $amount GT 0 OR $membership_amount GT 0}\n       <tr>\n        <th {$headerStyle}>\n         {ts}Billing Name and Address{/ts}\n        </th>\n       </tr>\n       <tr>\n        <td colspan=\"2\" {$valueStyle}>\n         {$billingName}<br />\n         {$address|nl2br}<br />\n         {$email}\n        </td>\n       </tr>\n      {/if}\n     {/if}\n\n     {if $contributeMode eq \'direct\' AND !$is_pay_later AND ($amount GT 0 OR $membership_amount GT 0)}\n      <tr>\n       <th {$headerStyle}>\n        {ts}Credit Card Information{/ts}\n       </th>\n      </tr>\n      <tr>\n       <td colspan=\"2\" {$valueStyle}>\n        {$credit_card_type}<br />\n        {$credit_card_number}<br />\n        {ts}Expires{/ts}: {$credit_card_exp_date|truncate:7:\'\'|crmDate}<br />\n       </td>\n      </tr>\n     {/if}\n\n     {if $selectPremium}\n      <tr>\n       <th {$headerStyle}>\n        {ts}Premium Information{/ts}\n       </th>\n      </tr>\n      <tr>\n       <td colspan=\"2\" {$labelStyle}>\n        {$product_name}\n       </td>\n      </tr>\n      {if $option}\n       <tr>\n        <td {$labelStyle}>\n         {ts}Option{/ts}\n        </td>\n        <td {$valueStyle}>\n         {$option}\n        </td>\n       </tr>\n      {/if}\n      {if $sku}\n       <tr>\n        <td {$labelStyle}>\n         {ts}SKU{/ts}\n        </td>\n        <td {$valueStyle}>\n         {$sku}\n        </td>\n       </tr>\n      {/if}\n      {if $start_date}\n       <tr>\n        <td {$labelStyle}>\n         {ts}Start Date{/ts}\n        </td>\n        <td {$valueStyle}>\n         {$start_date|crmDate}\n        </td>\n       </tr>\n      {/if}\n      {if $end_date}\n       <tr>\n        <td {$labelStyle}>\n         {ts}End Date{/ts}\n        </td>\n        <td {$valueStyle}>\n         {$end_date|crmDate}\n        </td>\n       </tr>\n      {/if}\n      {if $contact_email OR $contact_phone}\n       <tr>\n        <td colspan=\"2\" {$valueStyle}>\n         <p>{ts}For information about this premium, contact:{/ts}</p>\n         {if $contact_email}\n          <p>{$contact_email}</p>\n         {/if}\n         {if $contact_phone}\n          <p>{$contact_phone}</p>\n         {/if}\n        </td>\n       </tr>\n      {/if}\n      {if $is_deductible AND $price}\n        <tr>\n         <td colspan=\"2\" {$valueStyle}>\n          <p>{ts 1=$price|crmMoney}The value of this premium is %1. This may affect the amount of the tax deduction you can claim. Consult your tax advisor for more information.{/ts}</p>\n         </td>\n        </tr>\n      {/if}\n     {/if}\n\n     {if $customPre}\n      <tr>\n       <th {$headerStyle}>\n        {$customPre_grouptitle}\n       </th>\n      </tr>\n      {foreach from=$customPre item=customValue key=customName}\n       {if ($trackingFields and ! in_array($customName, $trackingFields)) or ! $trackingFields}\n        <tr>\n         <td {$labelStyle}>\n          {$customName}\n         </td>\n         <td {$valueStyle}>\n          {$customValue}\n         </td>\n        </tr>\n       {/if}\n      {/foreach}\n     {/if}\n\n     {if $customPost}\n      <tr>\n       <th {$headerStyle}>\n        {$customPost_grouptitle}\n       </th>\n      </tr>\n      {foreach from=$customPost item=customValue key=customName}\n       {if ($trackingFields and ! in_array($customName, $trackingFields)) or ! $trackingFields}\n        <tr>\n         <td {$labelStyle}>\n          {$customName}\n         </td>\n         <td {$valueStyle}>\n          {$customValue}\n         </td>\n        </tr>\n       {/if}\n      {/foreach}\n     {/if}\n\n  </table>\n</center>\n\n</body>\n</html>\n',1,725,0,1,NULL),(43,'Memberships - Auto-renew Cancellation Notification','{ts}Autorenew Membership Cancellation Notification{/ts}\n','{ts 1=$membershipType}The automatic renewal of your %1 membership has been cancelled as requested. This does not affect the status of your membership - you will receive a separate notification when your membership is up for renewal.{/ts}\n\n===========================================================\n{ts}Membership Information{/ts}\n\n===========================================================\n{ts}Membership Status{/ts}: {$membership_status}\n{if $mem_start_date}{ts}Membership Start Date{/ts}: {$mem_start_date|crmDate}\n{/if}\n{if $mem_end_date}{ts}Membership End Date{/ts}: {$mem_end_date|crmDate}\n{/if}\n\n','<!DOCTYPE html PUBLIC \"-//W3C//DTD XHTML 1.0 Transitional//EN\" \"http://www.w3.org/TR/xhtml1/DTD/xhtml1-transitional.dtd\">\n<html xmlns=\"http://www.w3.org/1999/xhtml\">\n<head>\n <meta http-equiv=\"Content-Type\" content=\"text/html; charset=UTF-8\" />\n <title></title>\n</head>\n<body>\n\n{capture assign=headerStyle}colspan=\"2\" style=\"text-align: left; padding: 4px; border-bottom: 1px solid #999; background-color: #eee;\"{/capture}\n{capture assign=labelStyle }style=\"padding: 4px; border-bottom: 1px solid #999; background-color: #f7f7f7;\"{/capture}\n{capture assign=valueStyle }style=\"padding: 4px; border-bottom: 1px solid #999;\"{/capture}\n\n<center>\n <table width=\"500\" border=\"0\" cellpadding=\"0\" cellspacing=\"0\" id=\"crm-event_receipt\" style=\"font-family: Arial, Verdana, sans-serif; text-align: left;\">\n\n  <!-- BEGIN HEADER -->\n  <!-- You can add table row(s) here with logo or other header elements -->\n  <!-- END HEADER -->\n\n  <!-- BEGIN CONTENT -->\n\n  <tr>\n   <td>\n\n    <p>{ts 1=$membershipType}The automatic renewal of your %1 membership has been cancelled as requested. This does not affect the status of your membership - you will receive a separate notification when your membership is up for renewal.{/ts}</p>\n\n   </td>\n  </tr>\n </table>\n <table width=\"500\" style=\"border: 1px solid #999; margin: 1em 0em 1em; border-collapse: collapse;\">\n\n      <tr>\n       <th {$headerStyle}>\n        {ts}Membership Information{/ts}\n       </th>\n      </tr>\n      <tr>\n       <td {$labelStyle}>\n        {ts}Membership Status{/ts}\n       </td>\n       <td {$valueStyle}>\n        {$membership_status}\n       </td>\n      </tr>\n      {if $mem_start_date}\n       <tr>\n        <td {$labelStyle}>\n         {ts}Membership Start Date{/ts}\n        </td>\n        <td {$valueStyle}>\n         {$mem_start_date|crmDate}\n        </td>\n       </tr>\n      {/if}\n      {if $mem_end_date}\n       <tr>\n        <td {$labelStyle}>\n         {ts}Membership End Date{/ts}\n        </td>\n        <td {$valueStyle}>\n          {$mem_end_date|crmDate}\n        </td>\n       </tr>\n      {/if}\n\n </table>\n</center>\n\n</body>\n</html>\n',1,726,1,0,NULL),(44,'Memberships - Auto-renew Cancellation Notification','{ts}Autorenew Membership Cancellation Notification{/ts}\n','{ts 1=$membershipType}The automatic renewal of your %1 membership has been cancelled as requested. This does not affect the status of your membership - you will receive a separate notification when your membership is up for renewal.{/ts}\n\n===========================================================\n{ts}Membership Information{/ts}\n\n===========================================================\n{ts}Membership Status{/ts}: {$membership_status}\n{if $mem_start_date}{ts}Membership Start Date{/ts}: {$mem_start_date|crmDate}\n{/if}\n{if $mem_end_date}{ts}Membership End Date{/ts}: {$mem_end_date|crmDate}\n{/if}\n\n','<!DOCTYPE html PUBLIC \"-//W3C//DTD XHTML 1.0 Transitional//EN\" \"http://www.w3.org/TR/xhtml1/DTD/xhtml1-transitional.dtd\">\n<html xmlns=\"http://www.w3.org/1999/xhtml\">\n<head>\n <meta http-equiv=\"Content-Type\" content=\"text/html; charset=UTF-8\" />\n <title></title>\n</head>\n<body>\n\n{capture assign=headerStyle}colspan=\"2\" style=\"text-align: left; padding: 4px; border-bottom: 1px solid #999; background-color: #eee;\"{/capture}\n{capture assign=labelStyle }style=\"padding: 4px; border-bottom: 1px solid #999; background-color: #f7f7f7;\"{/capture}\n{capture assign=valueStyle }style=\"padding: 4px; border-bottom: 1px solid #999;\"{/capture}\n\n<center>\n <table width=\"500\" border=\"0\" cellpadding=\"0\" cellspacing=\"0\" id=\"crm-event_receipt\" style=\"font-family: Arial, Verdana, sans-serif; text-align: left;\">\n\n  <!-- BEGIN HEADER -->\n  <!-- You can add table row(s) here with logo or other header elements -->\n  <!-- END HEADER -->\n\n  <!-- BEGIN CONTENT -->\n\n  <tr>\n   <td>\n\n    <p>{ts 1=$membershipType}The automatic renewal of your %1 membership has been cancelled as requested. This does not affect the status of your membership - you will receive a separate notification when your membership is up for renewal.{/ts}</p>\n\n   </td>\n  </tr>\n </table>\n <table width=\"500\" style=\"border: 1px solid #999; margin: 1em 0em 1em; border-collapse: collapse;\">\n\n      <tr>\n       <th {$headerStyle}>\n        {ts}Membership Information{/ts}\n       </th>\n      </tr>\n      <tr>\n       <td {$labelStyle}>\n        {ts}Membership Status{/ts}\n       </td>\n       <td {$valueStyle}>\n        {$membership_status}\n       </td>\n      </tr>\n      {if $mem_start_date}\n       <tr>\n        <td {$labelStyle}>\n         {ts}Membership Start Date{/ts}\n        </td>\n        <td {$valueStyle}>\n         {$mem_start_date|crmDate}\n        </td>\n       </tr>\n      {/if}\n      {if $mem_end_date}\n       <tr>\n        <td {$labelStyle}>\n         {ts}Membership End Date{/ts}\n        </td>\n        <td {$valueStyle}>\n          {$mem_end_date|crmDate}\n        </td>\n       </tr>\n      {/if}\n\n </table>\n</center>\n\n</body>\n</html>\n',1,726,0,1,NULL),(45,'Memberships - Auto-renew Billing Updates','{ts}Membership Autorenewal Billing Updates{/ts}','{ts 1=$contact.display_name}Dear %1{/ts},\n\n{ts 1=$membershipType}Billing details for your automatically renewed %1 membership have been updated.{/ts}\n\n===========================================================\n{ts}Billing Name and Address{/ts}\n\n===========================================================\n{$billingName}\n{$address}\n\n{$email}\n\n===========================================================\n{ts}Credit Card Information{/ts}\n\n===========================================================\n{$credit_card_type}\n{$credit_card_number}\n{ts}Expires{/ts}: {$credit_card_exp_date|truncate:7:\'\'|crmDate}\n\n\n{ts 1=$receipt_from_email}If you have questions please contact us at %1{/ts}','<!DOCTYPE html PUBLIC \"-//W3C//DTD XHTML 1.0 Transitional//EN\" \"http://www.w3.org/TR/xhtml1/DTD/xhtml1-transitional.dtd\">\n<html xmlns=\"http://www.w3.org/1999/xhtml\">\n<head>\n <meta http-equiv=\"Content-Type\" content=\"text/html; charset=UTF-8\" />\n <title></title>\n</head>\n<body>\n\n{capture assign=headerStyle}colspan=\"2\" style=\"text-align: left; padding: 4px; border-bottom: 1px solid #999; background-color: #eee;\"{/capture}\n{capture assign=labelStyle }style=\"padding: 4px; border-bottom: 1px solid #999; background-color: #f7f7f7;\"{/capture}\n{capture assign=valueStyle }style=\"padding: 4px; border-bottom: 1px solid #999;\"{/capture}\n\n<center>\n <table width=\"620\" border=\"0\" cellpadding=\"0\" cellspacing=\"0\" id=\"crm-event_receipt\" style=\"font-family: Arial, Verdana, sans-serif; text-align: left;\">\n\n  <!-- BEGIN HEADER -->\n  <!-- You can add table row(s) here with logo or other header elements -->\n  <!-- END HEADER -->\n\n  <!-- BEGIN CONTENT -->\n\n  <tr>\n   <td>\n    <p>{ts 1=$contact.display_name}Dear %1{/ts},</p>\n    <p>{ts 1=$membershipType}Billing details for your automatically renewed %1 membership have been updated.{/ts}</p>\n   </td>\n  </tr>\n  <tr>\n </table>\n\n  <table width=\"500\" style=\"border: 1px solid #999; margin: 1em 0em 1em; border-collapse: collapse;\">\n<tr>\n        <th {$headerStyle}>\n         {ts}Billing Name and Address{/ts}\n        </th>\n       </tr>\n       <tr>\n        <td colspan=\"2\" {$valueStyle}>\n         {$billingName}<br />\n         {$address|nl2br}<br />\n         {$email}\n        </td>\n       </tr>\n        <tr>\n       <th {$headerStyle}>\n        {ts}Credit Card Information{/ts}\n       </th>\n      </tr>\n      <tr>\n       <td colspan=\"2\" {$valueStyle}>\n        {$credit_card_type}<br />\n        {$credit_card_number}<br />\n        {ts}Expires{/ts}: {$credit_card_exp_date|truncate:7:\'\'|crmDate}<br />\n       </td>\n      </tr>\n      <tr>\n        <td {$labelStyle}>\n         {ts 1=$receipt_from_email}If you have questions please contact us at %1{/ts}\n        </td>\n      </tr>\n\n  </table>\n</center>\n\n</body>\n</html>\n',1,727,1,0,NULL),(46,'Memberships - Auto-renew Billing Updates','{ts}Membership Autorenewal Billing Updates{/ts}','{ts 1=$contact.display_name}Dear %1{/ts},\n\n{ts 1=$membershipType}Billing details for your automatically renewed %1 membership have been updated.{/ts}\n\n===========================================================\n{ts}Billing Name and Address{/ts}\n\n===========================================================\n{$billingName}\n{$address}\n\n{$email}\n\n===========================================================\n{ts}Credit Card Information{/ts}\n\n===========================================================\n{$credit_card_type}\n{$credit_card_number}\n{ts}Expires{/ts}: {$credit_card_exp_date|truncate:7:\'\'|crmDate}\n\n\n{ts 1=$receipt_from_email}If you have questions please contact us at %1{/ts}','<!DOCTYPE html PUBLIC \"-//W3C//DTD XHTML 1.0 Transitional//EN\" \"http://www.w3.org/TR/xhtml1/DTD/xhtml1-transitional.dtd\">\n<html xmlns=\"http://www.w3.org/1999/xhtml\">\n<head>\n <meta http-equiv=\"Content-Type\" content=\"text/html; charset=UTF-8\" />\n <title></title>\n</head>\n<body>\n\n{capture assign=headerStyle}colspan=\"2\" style=\"text-align: left; padding: 4px; border-bottom: 1px solid #999; background-color: #eee;\"{/capture}\n{capture assign=labelStyle }style=\"padding: 4px; border-bottom: 1px solid #999; background-color: #f7f7f7;\"{/capture}\n{capture assign=valueStyle }style=\"padding: 4px; border-bottom: 1px solid #999;\"{/capture}\n\n<center>\n <table width=\"620\" border=\"0\" cellpadding=\"0\" cellspacing=\"0\" id=\"crm-event_receipt\" style=\"font-family: Arial, Verdana, sans-serif; text-align: left;\">\n\n  <!-- BEGIN HEADER -->\n  <!-- You can add table row(s) here with logo or other header elements -->\n  <!-- END HEADER -->\n\n  <!-- BEGIN CONTENT -->\n\n  <tr>\n   <td>\n    <p>{ts 1=$contact.display_name}Dear %1{/ts},</p>\n    <p>{ts 1=$membershipType}Billing details for your automatically renewed %1 membership have been updated.{/ts}</p>\n   </td>\n  </tr>\n  <tr>\n </table>\n\n  <table width=\"500\" style=\"border: 1px solid #999; margin: 1em 0em 1em; border-collapse: collapse;\">\n<tr>\n        <th {$headerStyle}>\n         {ts}Billing Name and Address{/ts}\n        </th>\n       </tr>\n       <tr>\n        <td colspan=\"2\" {$valueStyle}>\n         {$billingName}<br />\n         {$address|nl2br}<br />\n         {$email}\n        </td>\n       </tr>\n        <tr>\n       <th {$headerStyle}>\n        {ts}Credit Card Information{/ts}\n       </th>\n      </tr>\n      <tr>\n       <td colspan=\"2\" {$valueStyle}>\n        {$credit_card_type}<br />\n        {$credit_card_number}<br />\n        {ts}Expires{/ts}: {$credit_card_exp_date|truncate:7:\'\'|crmDate}<br />\n       </td>\n      </tr>\n      <tr>\n        <td {$labelStyle}>\n         {ts 1=$receipt_from_email}If you have questions please contact us at %1{/ts}\n        </td>\n      </tr>\n\n  </table>\n</center>\n\n</body>\n</html>\n',1,727,0,1,NULL),(47,'Test-drive - Receipt Header','[TEST]\n','***********************************************************\n\n{ts}Test-drive Email / Receipt{/ts}\n\n{ts}This is a test-drive email. No live financial transaction has occurred.{/ts}\n\n***********************************************************\n','<center>\n <table width=\"620\" border=\"0\" cellpadding=\"0\" cellspacing=\"0\" id=\"crm-event_receipt\" style=\"font-family: Arial, Verdana, sans-serif; text-align: left\">\n  <tr>\n   <td>\n    <p>{ts}Test-drive Email / Receipt{/ts}</p>\n    <p>{ts}This is a test-drive email. No live financial transaction has occurred.{/ts}</p>\n   </td>\n  </tr>\n </table>\n</center>\n',1,728,1,0,NULL),(48,'Test-drive - Receipt Header','[TEST]\n','***********************************************************\n\n{ts}Test-drive Email / Receipt{/ts}\n\n{ts}This is a test-drive email. No live financial transaction has occurred.{/ts}\n\n***********************************************************\n','<center>\n <table width=\"620\" border=\"0\" cellpadding=\"0\" cellspacing=\"0\" id=\"crm-event_receipt\" style=\"font-family: Arial, Verdana, sans-serif; text-align: left\">\n  <tr>\n   <td>\n    <p>{ts}Test-drive Email / Receipt{/ts}</p>\n    <p>{ts}This is a test-drive email. No live financial transaction has occurred.{/ts}</p>\n   </td>\n  </tr>\n </table>\n</center>\n',1,728,0,1,NULL),(49,'Pledges - Acknowledgement','{ts}Thank you for your Pledge{/ts}\n','{ts 1=$contact.display_name}Dear %1{/ts},\n\n{ts}Thank you for your generous pledge. Please print this acknowledgment for your records.{/ts}\n\n===========================================================\n{ts}Pledge Information{/ts}\n\n===========================================================\n{ts}Pledge Received{/ts}: {$create_date|truncate:10:\'\'|crmDate}\n{ts}Total Pledge Amount{/ts}: {$total_pledge_amount|crmMoney:$currency}\n\n===========================================================\n{ts}Payment Schedule{/ts}\n\n===========================================================\n{ts 1=$scheduled_amount|crmMoney:$currency 2=$frequency_interval 3=$frequency_unit 4=$installments}%1 every %2 %3 for %4 installments.{/ts}\n\n{if $frequency_day}\n\n{ts 1=$frequency_day 2=$frequency_unit}Payments are due on day %1 of the %2.{/ts}\n{/if}\n\n{if $payments}\n{assign var=\"count\" value=\"1\"}\n{foreach from=$payments item=payment}\n\n{ts 1=$count}Payment %1{/ts}: {$payment.amount|crmMoney:$currency} {if $payment.status eq 1}{ts}paid{/ts} {$payment.receive_date|truncate:10:\'\'|crmDate}{else}{ts}due{/ts} {$payment.due_date|truncate:10:\'\'|crmDate}{/if}\n{assign var=\"count\" value=`$count+1`}\n{/foreach}\n{/if}\n\n\n{ts 1=$domain.phone 2=$domain.email}Please contact us at %1 or send email to %2 if you have questions\nor need to modify your payment schedule.{/ts}\n\n{if $customGroup}\n{foreach from=$customGroup item=value key=customName}\n===========================================================\n{$customName}\n===========================================================\n{foreach from=$value item=v key=n}\n{$n}: {$v}\n{/foreach}\n{/foreach}\n{/if}\n','<!DOCTYPE html PUBLIC \"-//W3C//DTD XHTML 1.0 Transitional//EN\" \"http://www.w3.org/TR/xhtml1/DTD/xhtml1-transitional.dtd\">\n<html xmlns=\"http://www.w3.org/1999/xhtml\">\n<head>\n <meta http-equiv=\"Content-Type\" content=\"text/html; charset=UTF-8\" />\n <title></title>\n</head>\n<body>\n\n{capture assign=headerStyle}colspan=\"2\" style=\"text-align: left; padding: 4px; border-bottom: 1px solid #999; background-color: #eee;\"{/capture}\n{capture assign=labelStyle }style=\"padding: 4px; border-bottom: 1px solid #999; background-color: #f7f7f7;\"{/capture}\n{capture assign=valueStyle }style=\"padding: 4px; border-bottom: 1px solid #999;\"{/capture}\n\n<center>\n <table width=\"620\" border=\"0\" cellpadding=\"0\" cellspacing=\"0\" id=\"crm-event_receipt\" style=\"font-family: Arial, Verdana, sans-serif; text-align: left;\">\n\n  <!-- BEGIN HEADER -->\n  <!-- You can add table row(s) here with logo or other header elements -->\n  <!-- END HEADER -->\n\n  <!-- BEGIN CONTENT -->\n\n  <tr>\n   <td>\n    <p>{ts 1=$contact.display_name}dear %1{/ts},</p>\n    <p>{ts}thank you for your generous pledge. please print this acknowledgment for your records.{/ts}</p>\n   </td>\n  </tr>\n  <tr>\n   <td>\n    <table style=\"border: 1px solid #999; margin: 1em 0em 1em; border-collapse: collapse; width:100%;\">\n     <tr>\n      <th {$headerStyle}>\n       {ts}Pledge Information{/ts}\n      </th>\n     </tr>\n     <tr>\n      <td {$labelStyle}>\n       {ts}Pledge Received{/ts}\n      </td>\n      <td {$valueStyle}>\n       {$create_date|truncate:10:\'\'|crmDate}\n      </td>\n     </tr>\n     <tr>\n      <td {$labelStyle}>\n       {ts}Total Pledge Amount{/ts}\n      </td>\n      <td {$valueStyle}>\n       {$total_pledge_amount|crmMoney:$currency}\n      </td>\n     </tr>\n     <tr>\n      <th {$headerStyle}>\n       {ts}Payment Schedule{/ts}\n      </th>\n     </tr>\n     <tr>\n      <td colspan=\"2\" {$valueStyle}>\n       <p>{ts 1=$scheduled_amount|crmMoney:$currency 2=$frequency_interval 3=$frequency_unit 4=$installments}%1 every %2 %3 for %4 installments.{/ts}</p>\n\n       {if $frequency_day}\n        <p>{ts 1=$frequency_day 2=$frequency_unit}Payments are due on day %1 of the %2.{/ts}</p>\n       {/if}\n      </td>\n     </tr>\n\n     {if $payments}\n      {assign var=\"count\" value=\"1\"}\n      {foreach from=$payments item=payment}\n       <tr>\n        <td {$labelStyle}>\n         {ts 1=$count}Payment %1{/ts}\n        </td>\n        <td {$valueStyle}>\n         {$payment.amount|crmMoney:$currency} {if $payment.status eq 1}{ts}paid{/ts} {$payment.receive_date|truncate:10:\'\'|crmDate}{else}{ts}due{/ts} {$payment.due_date|truncate:10:\'\'|crmDate}{/if}\n        </td>\n       </tr>\n       {assign var=\"count\" value=`$count+1`}\n      {/foreach}\n     {/if}\n\n     <tr>\n      <td colspan=\"2\" {$valueStyle}>\n       <p>{ts 1=$domain.phone 2=$domain.email}Please contact us at %1 or send email to %2 if you have questions\nor need to modify your payment schedule.{/ts}</p>\n      </td>\n     </tr>\n\n     {if $customGroup}\n      {foreach from=$customGroup item=value key=customName}\n       <tr>\n        <th {$headerStyle}>\n         {$customName}\n        </th>\n       </tr>\n       {foreach from=$value item=v key=n}\n        <tr>\n         <td {$labelStyle}>\n          {$n}\n         </td>\n         <td {$valueStyle}>\n          {$v}\n         </td>\n        </tr>\n       {/foreach}\n      {/foreach}\n     {/if}\n\n    </table>\n   </td>\n  </tr>\n\n </table>\n</center>\n\n</body>\n</html>\n',1,729,1,0,NULL),(50,'Pledges - Acknowledgement','{ts}Thank you for your Pledge{/ts}\n','{ts 1=$contact.display_name}Dear %1{/ts},\n\n{ts}Thank you for your generous pledge. Please print this acknowledgment for your records.{/ts}\n\n===========================================================\n{ts}Pledge Information{/ts}\n\n===========================================================\n{ts}Pledge Received{/ts}: {$create_date|truncate:10:\'\'|crmDate}\n{ts}Total Pledge Amount{/ts}: {$total_pledge_amount|crmMoney:$currency}\n\n===========================================================\n{ts}Payment Schedule{/ts}\n\n===========================================================\n{ts 1=$scheduled_amount|crmMoney:$currency 2=$frequency_interval 3=$frequency_unit 4=$installments}%1 every %2 %3 for %4 installments.{/ts}\n\n{if $frequency_day}\n\n{ts 1=$frequency_day 2=$frequency_unit}Payments are due on day %1 of the %2.{/ts}\n{/if}\n\n{if $payments}\n{assign var=\"count\" value=\"1\"}\n{foreach from=$payments item=payment}\n\n{ts 1=$count}Payment %1{/ts}: {$payment.amount|crmMoney:$currency} {if $payment.status eq 1}{ts}paid{/ts} {$payment.receive_date|truncate:10:\'\'|crmDate}{else}{ts}due{/ts} {$payment.due_date|truncate:10:\'\'|crmDate}{/if}\n{assign var=\"count\" value=`$count+1`}\n{/foreach}\n{/if}\n\n\n{ts 1=$domain.phone 2=$domain.email}Please contact us at %1 or send email to %2 if you have questions\nor need to modify your payment schedule.{/ts}\n\n{if $customGroup}\n{foreach from=$customGroup item=value key=customName}\n===========================================================\n{$customName}\n===========================================================\n{foreach from=$value item=v key=n}\n{$n}: {$v}\n{/foreach}\n{/foreach}\n{/if}\n','<!DOCTYPE html PUBLIC \"-//W3C//DTD XHTML 1.0 Transitional//EN\" \"http://www.w3.org/TR/xhtml1/DTD/xhtml1-transitional.dtd\">\n<html xmlns=\"http://www.w3.org/1999/xhtml\">\n<head>\n <meta http-equiv=\"Content-Type\" content=\"text/html; charset=UTF-8\" />\n <title></title>\n</head>\n<body>\n\n{capture assign=headerStyle}colspan=\"2\" style=\"text-align: left; padding: 4px; border-bottom: 1px solid #999; background-color: #eee;\"{/capture}\n{capture assign=labelStyle }style=\"padding: 4px; border-bottom: 1px solid #999; background-color: #f7f7f7;\"{/capture}\n{capture assign=valueStyle }style=\"padding: 4px; border-bottom: 1px solid #999;\"{/capture}\n\n<center>\n <table width=\"620\" border=\"0\" cellpadding=\"0\" cellspacing=\"0\" id=\"crm-event_receipt\" style=\"font-family: Arial, Verdana, sans-serif; text-align: left;\">\n\n  <!-- BEGIN HEADER -->\n  <!-- You can add table row(s) here with logo or other header elements -->\n  <!-- END HEADER -->\n\n  <!-- BEGIN CONTENT -->\n\n  <tr>\n   <td>\n    <p>{ts 1=$contact.display_name}dear %1{/ts},</p>\n    <p>{ts}thank you for your generous pledge. please print this acknowledgment for your records.{/ts}</p>\n   </td>\n  </tr>\n  <tr>\n   <td>\n    <table style=\"border: 1px solid #999; margin: 1em 0em 1em; border-collapse: collapse; width:100%;\">\n     <tr>\n      <th {$headerStyle}>\n       {ts}Pledge Information{/ts}\n      </th>\n     </tr>\n     <tr>\n      <td {$labelStyle}>\n       {ts}Pledge Received{/ts}\n      </td>\n      <td {$valueStyle}>\n       {$create_date|truncate:10:\'\'|crmDate}\n      </td>\n     </tr>\n     <tr>\n      <td {$labelStyle}>\n       {ts}Total Pledge Amount{/ts}\n      </td>\n      <td {$valueStyle}>\n       {$total_pledge_amount|crmMoney:$currency}\n      </td>\n     </tr>\n     <tr>\n      <th {$headerStyle}>\n       {ts}Payment Schedule{/ts}\n      </th>\n     </tr>\n     <tr>\n      <td colspan=\"2\" {$valueStyle}>\n       <p>{ts 1=$scheduled_amount|crmMoney:$currency 2=$frequency_interval 3=$frequency_unit 4=$installments}%1 every %2 %3 for %4 installments.{/ts}</p>\n\n       {if $frequency_day}\n        <p>{ts 1=$frequency_day 2=$frequency_unit}Payments are due on day %1 of the %2.{/ts}</p>\n       {/if}\n      </td>\n     </tr>\n\n     {if $payments}\n      {assign var=\"count\" value=\"1\"}\n      {foreach from=$payments item=payment}\n       <tr>\n        <td {$labelStyle}>\n         {ts 1=$count}Payment %1{/ts}\n        </td>\n        <td {$valueStyle}>\n         {$payment.amount|crmMoney:$currency} {if $payment.status eq 1}{ts}paid{/ts} {$payment.receive_date|truncate:10:\'\'|crmDate}{else}{ts}due{/ts} {$payment.due_date|truncate:10:\'\'|crmDate}{/if}\n        </td>\n       </tr>\n       {assign var=\"count\" value=`$count+1`}\n      {/foreach}\n     {/if}\n\n     <tr>\n      <td colspan=\"2\" {$valueStyle}>\n       <p>{ts 1=$domain.phone 2=$domain.email}Please contact us at %1 or send email to %2 if you have questions\nor need to modify your payment schedule.{/ts}</p>\n      </td>\n     </tr>\n\n     {if $customGroup}\n      {foreach from=$customGroup item=value key=customName}\n       <tr>\n        <th {$headerStyle}>\n         {$customName}\n        </th>\n       </tr>\n       {foreach from=$value item=v key=n}\n        <tr>\n         <td {$labelStyle}>\n          {$n}\n         </td>\n         <td {$valueStyle}>\n          {$v}\n         </td>\n        </tr>\n       {/foreach}\n      {/foreach}\n     {/if}\n\n    </table>\n   </td>\n  </tr>\n\n </table>\n</center>\n\n</body>\n</html>\n',1,729,0,1,NULL),(51,'Pledges - Payment Reminder','{ts}Pledge Payment Reminder{/ts}\n','{ts 1=$contact.display_name}Dear %1{/ts},\n\n{ts 1=$next_payment|truncate:10:\'\'|crmDate}This is a reminder that the next payment on your pledge is due on %1.{/ts}\n\n===========================================================\n{ts}Payment Due{/ts}\n\n===========================================================\n{ts}Amount Due{/ts}: {$amount_due|crmMoney:$currency}\n{ts}Due Date{/ts}: {$scheduled_payment_date|truncate:10:\'\'|crmDate}\n\n{if $contribution_page_id}\n{capture assign=contributionUrl}{crmURL p=\'civicrm/contribute/transact\' q=\"reset=1&id=`$contribution_page_id`&cid=`$contact.contact_id`&pledgeId=`$pledge_id`&cs=`$checksumValue`\" a=true h=0}{/capture}\nClick this link to go to a web page where you can make your payment online:\n{$contributionUrl}\n{else}\n{ts}Please mail your payment to{/ts}:\n{$domain.address}\n{/if}\n\n===========================================================\n{ts}Pledge Information{/ts}\n\n===========================================================\n{ts}Pledge Received{/ts}: {$create_date|truncate:10:\'\'|crmDate}\n{ts}Total Pledge Amount{/ts}: {$amount|crmMoney:$currency}\n{ts}Total Paid{/ts}: {$amount_paid|crmMoney:$currency}\n\n{ts 1=$domain.phone 2=$domain.email}Please contact us at %1 or send email to %2 if you have questions\nor need to modify your payment schedule.{/ts}\n\n\n{ts}Thank your for your generous support.{/ts}\n','<!DOCTYPE html PUBLIC \"-//W3C//DTD XHTML 1.0 Transitional//EN\" \"http://www.w3.org/TR/xhtml1/DTD/xhtml1-transitional.dtd\">\n<html xmlns=\"http://www.w3.org/1999/xhtml\">\n<head>\n <meta http-equiv=\"Content-Type\" content=\"text/html; charset=UTF-8\" />\n <title></title>\n</head>\n<body>\n\n{capture assign=headerStyle}colspan=\"2\" style=\"text-align: left; padding: 4px; border-bottom: 1px solid #999; background-color: #eee;\"{/capture}\n{capture assign=labelStyle }style=\"padding: 4px; border-bottom: 1px solid #999; background-color: #f7f7f7;\"{/capture}\n{capture assign=valueStyle }style=\"padding: 4px; border-bottom: 1px solid #999;\"{/capture}\n\n<center>\n <table width=\"620\" border=\"0\" cellpadding=\"0\" cellspacing=\"0\" id=\"crm-event_receipt\" style=\"font-family: Arial, Verdana, sans-serif; text-align: left;\">\n\n  <!-- BEGIN HEADER -->\n  <!-- You can add table row(s) here with logo or other header elements -->\n  <!-- END HEADER -->\n\n  <!-- BEGIN CONTENT -->\n\n  <tr>\n   <td>\n    <p>{ts 1=$contact.display_name}Dear %1{/ts},</p>\n    <p>{ts 1=$next_payment|truncate:10:\'\'|crmDate}This is a reminder that the next payment on your pledge is due on %1.{/ts}</p>\n   </td>\n  </tr>\n  <tr>\n   <td>\n    <table style=\"border: 1px solid #999; margin: 1em 0em 1em; border-collapse: collapse; width:100%;\">\n     <tr>\n      <th {$headerStyle}>\n       {ts}Payment Due{/ts}\n      </th>\n     </tr>\n     <tr>\n      <td {$labelStyle}>\n       {ts}Amount Due{/ts}\n      </td>\n      <td {$valueStyle}>\n       {$amount_due|crmMoney:$currency}\n      </td>\n     </tr>\n    </table>\n   </td>\n  </tr>\n\n  <tr>\n   <td>\n    {if $contribution_page_id}\n     {capture assign=contributionUrl}{crmURL p=\'civicrm/contribute/transact\' q=\"reset=1&id=`$contribution_page_id`&cid=`$contact.contact_id`&pledgeId=`$pledge_id`&cs=`$checksumValue`\" a=true h=0}{/capture}\n     <p><a href=\"{$contributionUrl}\">{ts}Go to a web page where you can make your payment online{/ts}</a></p>\n    {else}\n     <p>{ts}Please mail your payment to{/ts}: {$domain.address}</p>\n    {/if}\n   </td>\n  </tr>\n\n  <tr>\n   <td>\n    <table style=\"border: 1px solid #999; margin: 1em 0em 1em; border-collapse: collapse; width:100%;\">\n     <tr>\n      <th {$headerStyle}>\n       {ts}Pledge Information{/ts}\n      </th>\n     </tr>\n     <tr>\n      <td {$labelStyle}>\n       {ts}Pledge Received{/ts}\n      </td>\n      <td {$valueStyle}>\n       {$create_date|truncate:10:\'\'|crmDate}\n      </td>\n     </tr>\n     <tr>\n      <td {$labelStyle}>\n       {ts}Total Pledge Amount{/ts}\n      </td>\n      <td {$valueStyle}>\n       {$amount|crmMoney:$currency}\n      </td>\n     </tr>\n     <tr>\n      <td {$labelStyle}>\n       {ts}Total Paid{/ts}\n      </td>\n      <td {$valueStyle}>\n       {$amount_paid|crmMoney:$currency}\n      </td>\n     </tr>\n    </table>\n   </td>\n  </tr>\n\n  <tr>\n   <td>\n    <p>{ts 1=$domain.phone 2=$domain.email}Please contact us at %1 or send email to %2 if you have questions\nor need to modify your payment schedule.{/ts}</p>\n    <p>{ts}Thank your for your generous support.{/ts}</p>\n   </td>\n  </tr>\n\n </table>\n</center>\n\n</body>\n</html>\n',1,730,1,0,NULL),(52,'Pledges - Payment Reminder','{ts}Pledge Payment Reminder{/ts}\n','{ts 1=$contact.display_name}Dear %1{/ts},\n\n{ts 1=$next_payment|truncate:10:\'\'|crmDate}This is a reminder that the next payment on your pledge is due on %1.{/ts}\n\n===========================================================\n{ts}Payment Due{/ts}\n\n===========================================================\n{ts}Amount Due{/ts}: {$amount_due|crmMoney:$currency}\n{ts}Due Date{/ts}: {$scheduled_payment_date|truncate:10:\'\'|crmDate}\n\n{if $contribution_page_id}\n{capture assign=contributionUrl}{crmURL p=\'civicrm/contribute/transact\' q=\"reset=1&id=`$contribution_page_id`&cid=`$contact.contact_id`&pledgeId=`$pledge_id`&cs=`$checksumValue`\" a=true h=0}{/capture}\nClick this link to go to a web page where you can make your payment online:\n{$contributionUrl}\n{else}\n{ts}Please mail your payment to{/ts}:\n{$domain.address}\n{/if}\n\n===========================================================\n{ts}Pledge Information{/ts}\n\n===========================================================\n{ts}Pledge Received{/ts}: {$create_date|truncate:10:\'\'|crmDate}\n{ts}Total Pledge Amount{/ts}: {$amount|crmMoney:$currency}\n{ts}Total Paid{/ts}: {$amount_paid|crmMoney:$currency}\n\n{ts 1=$domain.phone 2=$domain.email}Please contact us at %1 or send email to %2 if you have questions\nor need to modify your payment schedule.{/ts}\n\n\n{ts}Thank your for your generous support.{/ts}\n','<!DOCTYPE html PUBLIC \"-//W3C//DTD XHTML 1.0 Transitional//EN\" \"http://www.w3.org/TR/xhtml1/DTD/xhtml1-transitional.dtd\">\n<html xmlns=\"http://www.w3.org/1999/xhtml\">\n<head>\n <meta http-equiv=\"Content-Type\" content=\"text/html; charset=UTF-8\" />\n <title></title>\n</head>\n<body>\n\n{capture assign=headerStyle}colspan=\"2\" style=\"text-align: left; padding: 4px; border-bottom: 1px solid #999; background-color: #eee;\"{/capture}\n{capture assign=labelStyle }style=\"padding: 4px; border-bottom: 1px solid #999; background-color: #f7f7f7;\"{/capture}\n{capture assign=valueStyle }style=\"padding: 4px; border-bottom: 1px solid #999;\"{/capture}\n\n<center>\n <table width=\"620\" border=\"0\" cellpadding=\"0\" cellspacing=\"0\" id=\"crm-event_receipt\" style=\"font-family: Arial, Verdana, sans-serif; text-align: left;\">\n\n  <!-- BEGIN HEADER -->\n  <!-- You can add table row(s) here with logo or other header elements -->\n  <!-- END HEADER -->\n\n  <!-- BEGIN CONTENT -->\n\n  <tr>\n   <td>\n    <p>{ts 1=$contact.display_name}Dear %1{/ts},</p>\n    <p>{ts 1=$next_payment|truncate:10:\'\'|crmDate}This is a reminder that the next payment on your pledge is due on %1.{/ts}</p>\n   </td>\n  </tr>\n  <tr>\n   <td>\n    <table style=\"border: 1px solid #999; margin: 1em 0em 1em; border-collapse: collapse; width:100%;\">\n     <tr>\n      <th {$headerStyle}>\n       {ts}Payment Due{/ts}\n      </th>\n     </tr>\n     <tr>\n      <td {$labelStyle}>\n       {ts}Amount Due{/ts}\n      </td>\n      <td {$valueStyle}>\n       {$amount_due|crmMoney:$currency}\n      </td>\n     </tr>\n    </table>\n   </td>\n  </tr>\n\n  <tr>\n   <td>\n    {if $contribution_page_id}\n     {capture assign=contributionUrl}{crmURL p=\'civicrm/contribute/transact\' q=\"reset=1&id=`$contribution_page_id`&cid=`$contact.contact_id`&pledgeId=`$pledge_id`&cs=`$checksumValue`\" a=true h=0}{/capture}\n     <p><a href=\"{$contributionUrl}\">{ts}Go to a web page where you can make your payment online{/ts}</a></p>\n    {else}\n     <p>{ts}Please mail your payment to{/ts}: {$domain.address}</p>\n    {/if}\n   </td>\n  </tr>\n\n  <tr>\n   <td>\n    <table style=\"border: 1px solid #999; margin: 1em 0em 1em; border-collapse: collapse; width:100%;\">\n     <tr>\n      <th {$headerStyle}>\n       {ts}Pledge Information{/ts}\n      </th>\n     </tr>\n     <tr>\n      <td {$labelStyle}>\n       {ts}Pledge Received{/ts}\n      </td>\n      <td {$valueStyle}>\n       {$create_date|truncate:10:\'\'|crmDate}\n      </td>\n     </tr>\n     <tr>\n      <td {$labelStyle}>\n       {ts}Total Pledge Amount{/ts}\n      </td>\n      <td {$valueStyle}>\n       {$amount|crmMoney:$currency}\n      </td>\n     </tr>\n     <tr>\n      <td {$labelStyle}>\n       {ts}Total Paid{/ts}\n      </td>\n      <td {$valueStyle}>\n       {$amount_paid|crmMoney:$currency}\n      </td>\n     </tr>\n    </table>\n   </td>\n  </tr>\n\n  <tr>\n   <td>\n    <p>{ts 1=$domain.phone 2=$domain.email}Please contact us at %1 or send email to %2 if you have questions\nor need to modify your payment schedule.{/ts}</p>\n    <p>{ts}Thank your for your generous support.{/ts}</p>\n   </td>\n  </tr>\n\n </table>\n</center>\n\n</body>\n</html>\n',1,730,0,1,NULL),(53,'Profiles - Admin Notification','{$grouptitle} {ts 1=$displayName}Submitted by %1{/ts}\n','{ts}Submitted For:{/ts} {$displayName}\n{ts}Date:{/ts} {$currentDate}\n{ts}Contact Summary:{/ts} {$contactLink}\n\n===========================================================\n{$grouptitle}\n\n===========================================================\n{foreach from=$values item=value key=valueName}\n{$valueName}: {$value}\n{/foreach}\n','<!DOCTYPE html PUBLIC \"-//W3C//DTD XHTML 1.0 Transitional//EN\" \"http://www.w3.org/TR/xhtml1/DTD/xhtml1-transitional.dtd\">\n<html xmlns=\"http://www.w3.org/1999/xhtml\">\n<head>\n <meta http-equiv=\"Content-Type\" content=\"text/html; charset=UTF-8\" />\n <title></title>\n</head>\n<body>\n\n{capture assign=headerStyle}colspan=\"2\" style=\"text-align: left; padding: 4px; border-bottom: 1px solid #999; background-color: #eee;\"{/capture}\n{capture assign=labelStyle }style=\"padding: 4px; border-bottom: 1px solid #999; background-color: #f7f7f7;\"{/capture}\n{capture assign=valueStyle }style=\"padding: 4px; border-bottom: 1px solid #999;\"{/capture}\n\n<center>\n <table width=\"620\" border=\"0\" cellpadding=\"0\" cellspacing=\"0\" id=\"crm-event_receipt\" style=\"font-family: Arial, Verdana, sans-serif; text-align: left;\">\n\n  <!-- BEGIN HEADER -->\n  <!-- You can add table row(s) here with logo or other header elements -->\n  <!-- END HEADER -->\n\n  <!-- BEGIN CONTENT -->\n\n  <tr>\n   <td>\n    <table style=\"border: 1px solid #999; margin: 1em 0em 1em; border-collapse: collapse; width:100%;\">\n     <tr>\n      <td {$labelStyle}>\n       {ts}Submitted For{/ts}\n      </td>\n      <td {$valueStyle}>\n       {$displayName}\n      </td>\n     </tr>\n     <tr>\n      <td {$labelStyle}>\n       {ts}Date{/ts}\n      </td>\n      <td {$valueStyle}>\n       {$currentDate}\n      </td>\n     </tr>\n     <tr>\n      <td {$labelStyle}>\n       {ts}Contact Summary{/ts}\n      </td>\n      <td {$valueStyle}>\n       {$contactLink}\n      </td>\n     </tr>\n\n     <tr>\n      <th {$headerStyle}>\n       {$grouptitle}\n      </th>\n     </tr>\n\n     {foreach from=$values item=value key=valueName}\n      <tr>\n       <td {$labelStyle}>\n        {$valueName}\n       </td>\n       <td {$valueStyle}>\n        {$value}\n       </td>\n      </tr>\n     {/foreach}\n    </table>\n   </td>\n  </tr>\n\n </table>\n</center>\n\n</body>\n</html>\n',1,731,1,0,NULL),(54,'Profiles - Admin Notification','{$grouptitle} {ts 1=$displayName}Submitted by %1{/ts}\n','{ts}Submitted For:{/ts} {$displayName}\n{ts}Date:{/ts} {$currentDate}\n{ts}Contact Summary:{/ts} {$contactLink}\n\n===========================================================\n{$grouptitle}\n\n===========================================================\n{foreach from=$values item=value key=valueName}\n{$valueName}: {$value}\n{/foreach}\n','<!DOCTYPE html PUBLIC \"-//W3C//DTD XHTML 1.0 Transitional//EN\" \"http://www.w3.org/TR/xhtml1/DTD/xhtml1-transitional.dtd\">\n<html xmlns=\"http://www.w3.org/1999/xhtml\">\n<head>\n <meta http-equiv=\"Content-Type\" content=\"text/html; charset=UTF-8\" />\n <title></title>\n</head>\n<body>\n\n{capture assign=headerStyle}colspan=\"2\" style=\"text-align: left; padding: 4px; border-bottom: 1px solid #999; background-color: #eee;\"{/capture}\n{capture assign=labelStyle }style=\"padding: 4px; border-bottom: 1px solid #999; background-color: #f7f7f7;\"{/capture}\n{capture assign=valueStyle }style=\"padding: 4px; border-bottom: 1px solid #999;\"{/capture}\n\n<center>\n <table width=\"620\" border=\"0\" cellpadding=\"0\" cellspacing=\"0\" id=\"crm-event_receipt\" style=\"font-family: Arial, Verdana, sans-serif; text-align: left;\">\n\n  <!-- BEGIN HEADER -->\n  <!-- You can add table row(s) here with logo or other header elements -->\n  <!-- END HEADER -->\n\n  <!-- BEGIN CONTENT -->\n\n  <tr>\n   <td>\n    <table style=\"border: 1px solid #999; margin: 1em 0em 1em; border-collapse: collapse; width:100%;\">\n     <tr>\n      <td {$labelStyle}>\n       {ts}Submitted For{/ts}\n      </td>\n      <td {$valueStyle}>\n       {$displayName}\n      </td>\n     </tr>\n     <tr>\n      <td {$labelStyle}>\n       {ts}Date{/ts}\n      </td>\n      <td {$valueStyle}>\n       {$currentDate}\n      </td>\n     </tr>\n     <tr>\n      <td {$labelStyle}>\n       {ts}Contact Summary{/ts}\n      </td>\n      <td {$valueStyle}>\n       {$contactLink}\n      </td>\n     </tr>\n\n     <tr>\n      <th {$headerStyle}>\n       {$grouptitle}\n      </th>\n     </tr>\n\n     {foreach from=$values item=value key=valueName}\n      <tr>\n       <td {$labelStyle}>\n        {$valueName}\n       </td>\n       <td {$valueStyle}>\n        {$value}\n       </td>\n      </tr>\n     {/foreach}\n    </table>\n   </td>\n  </tr>\n\n </table>\n</center>\n\n</body>\n</html>\n',1,731,0,1,NULL),(55,'Petition - signature added','Thank you for signing {$petition.title}','Thank you for signing {$petition.title}.\n','<p>Thank you for signing {$petition.title}.</p>\n\n{include file=\"CRM/Campaign/Page/Petition/SocialNetwork.tpl\" petition_id=$survey_id noscript=true email=true}\n',1,732,1,0,NULL),(56,'Petition - signature added','Thank you for signing {$petition.title}','Thank you for signing {$petition.title}.\n','<p>Thank you for signing {$petition.title}.</p>\n\n{include file=\"CRM/Campaign/Page/Petition/SocialNetwork.tpl\" petition_id=$survey_id noscript=true email=true}\n',1,732,0,1,NULL),(57,'Petition - need verification','Confirmation of signature needed for {$petition.title}\n','Thank you for signing {$petition.title}.\n\nIn order to complete your signature, we must confirm your e-mail.\nPlease do so by visiting the following email confirmation web page:\n\n{$petition.confirmUrlPlainText}\n\nIf you did not sign this petition, please ignore this message.\n','<p>Thank you for signing {$petition.title}.</p>\n\n<p>In order to <b>complete your signature</b>, we must confirm your e-mail.\n<br />\nPlease do so by visiting the following web page by clicking\non the link below or pasting the link into your browser.\n<br /><br />\nEmail confirmation page: <a href=\"{$petition.confirmUrl} \">{$petition.confirmUrl}</a></p>\n\n<p>If you did not sign this petition, please ignore this message.</p>\n',1,733,1,0,NULL),(58,'Petition - need verification','Confirmation of signature needed for {$petition.title}\n','Thank you for signing {$petition.title}.\n\nIn order to complete your signature, we must confirm your e-mail.\nPlease do so by visiting the following email confirmation web page:\n\n{$petition.confirmUrlPlainText}\n\nIf you did not sign this petition, please ignore this message.\n','<p>Thank you for signing {$petition.title}.</p>\n\n<p>In order to <b>complete your signature</b>, we must confirm your e-mail.\n<br />\nPlease do so by visiting the following web page by clicking\non the link below or pasting the link into your browser.\n<br /><br />\nEmail confirmation page: <a href=\"{$petition.confirmUrl} \">{$petition.confirmUrl}</a></p>\n\n<p>If you did not sign this petition, please ignore this message.</p>\n',1,733,0,1,NULL),(59,'Sample CiviMail Newsletter Template','Sample CiviMail Newsletter','','<table width=612 cellpadding=0 cellspacing=0 bgcolor=\"#ffffff\">\n  <tr>\n    <td colspan=\"2\" bgcolor=\"#ffffff\" valign=\"middle\" >\n      <table border=\"0\" cellpadding=\"0\" cellspacing=\"0\" >\n        <tr>\n          <td>\n          <a href=\"http://www.civicrm.org\"><img src=\"http://civicrm.org/sites/civicrm.org/files/top-logo_2.png\" border=0 alt=\"Replace this logo with the URL to your own\"></a>\n          </td>\n          <td>&nbsp; &nbsp;</td>\n          <td>\n          <a href=\"http://www.civicrm.org\" style=\"text-decoration: none;\"><font size=5 face=\"Arial, Verdana, sans-serif\" color=\"#8bc539\">Your Newsletter Title</font></a>\n          </td>\n        </tr>\n      </table>\n    </td>\n  </tr>\n  <tr>\n    <td valign=\"top\" width=\"70%\">\n      <!-- left column -->\n      <table cellpadding=\"10\" cellspacing=\"0\" border=\"0\">\n      <tr>\n        <td style=\"font-family: Arial, Verdana, sans-serif; font-size: 12px;\" >\n        <font face=\"Arial, Verdana, sans-serif\" size=\"2\" >\n        Greetings {contact.display_name},\n        <br /><br />\n        This is a sample template designed to help you get started creating and sending your own CiviMail messages. This template uses an HTML layout that is generally compatible with the wide variety of email clients that your recipients might be using (e.g. Gmail, Outlook, Yahoo, etc.).\n        <br /><br />You can select this \"Sample CiviMail Newsletter Template\" from the \"Use Template\" drop-down in Step 3 of creating a mailing, and customize it to your needs. Then check the \"Save as New Template\" box on the bottom the page to save your customized version for use in future mailings.\n        <br /><br />The logo you use must be uploaded to your server.  Copy and paste the URL path to the logo into the &lt;img src= tag in the HTML at the top.  Click \"Source\" or the Image button if you are using the text editor.\n        <br /><br />\n        Edit the color of the links and headers using the color button or by editing the HTML.\n        <br /><br />\n        Your newsletter message and donation appeal can go here.  Click the link button to <a href=\"#\">create links</a> - remember to use a fully qualified URL starting with http:// in all your links!\n        <br /><br />\n        To use CiviMail:\n        <ul>\n          <li><a href=\"http://book.civicrm.org/user/advanced-configuration/email-system-configuration/\">Configure your Email System</a>.</li>\n          <li>Make sure your web hosting provider allows outgoing bulk mail, and see if they have a restriction on quantity.  If they don\'t allow bulk mail, consider <a href=\"https://civicrm.org/providers/hosting\">finding a new host</a>.</li>\n        </ul>\n        Sincerely,\n        <br /><br />\n        Your Team\n        <br /><br />\n        </font>\n        </td>\n      </tr>\n      </table>\n    </td>\n\n    <td valign=\"top\" width=\"30%\" bgcolor=\"#ffffff\" style=\"border: 1px solid #056085;\">\n      <!-- right column -->\n      <table cellpadding=10 cellspacing=0 border=0>\n      <tr>\n        <td bgcolor=\"#056085\"><font face=\"Arial, Verdana, sans-serif\" size=\"4\" color=\"#ffffff\">News and Events</font></td>\n      </tr>\n      <tr>\n        <td style=\"color: #000; font-family: Arial, Verdana, sans-serif; font-size: 12px;\" >\n        <font face=\"Arial, Verdana, sans-serif\" size=\"2\" >\n        <font color=\"#056085\"><strong>Featured Events</strong> </font><br />\n        Fundraising Dinner<br />\n        Training Meeting<br />\n        Board of Directors Annual Meeting<br />\n\n        <br /><br />\n        <font color=\"#056085\"><strong>Community Events</strong></font><br />\n        Bake Sale<br />\n        Charity Auction<br />\n        Art Exhibit<br />\n\n        <br /><br />\n        <font color=\"#056085\"><strong>Important Dates</strong></font><br />\n        Tuesday August 27<br />\n        Wednesday September 8<br />\n        Thursday September 29<br />\n        Saturday October 1<br />\n        Sunday October 20<br />\n        </font>\n        </td>\n      </tr>\n      </table>\n    </td>\n  </tr>\n\n  <tr>\n    <td colspan=\"2\">\n      <table cellpadding=\"10\" cellspacing=\"0\" border=\"0\">\n      <tr>\n        <td>\n        <font face=\"Arial, Verdana, sans-serif\" size=\"2\" >\n        <font color=\"#7dc857\"><strong>Helpful Tips</strong></font>\n        <br /><br />\n        <font color=\"#3b5187\">Tokens</font><br />\n        Click \"Insert Tokens\" to dynamically insert names, addresses, and other contact data of your recipients.\n        <br /><br />\n        <font color=\"#3b5187\">Plain Text Version</font><br />\n        Some people refuse HTML emails altogether.  We recommend sending a plain-text version of your important communications to accommodate them.  Luckily, CiviCRM accommodates for this!  Just click \"Plain Text\" and copy and paste in some text.  Line breaks (carriage returns) and fully qualified URLs like http://www.example.com are all you get, no HTML here!\n        <br /><br />\n        <font color=\"#3b5187\">Play by the Rules</font><br />\n        The address of the sender is required by the Can Spam Act law.  This is an available token called domain.address.  An unsubscribe or opt-out link is also required.  There are several available tokens for this. <em>{action.optOutUrl}</em> creates a link for recipients to click if they want to opt out of receiving  emails from your organization. <em>{action.unsubscribeUrl}</em> creates a link to unsubscribe from the specific mailing list used to send this message. Click on \"Insert Tokens\" to find these and look for tokens named \"Domain\" or \"Unsubscribe\".  This sample template includes both required tokens at the bottom of the message. You can also configure a default Mailing Footer containing these tokens.\n        <br /><br />\n        <font color=\"#3b5187\">Composing Offline</font><br />\n        If you prefer to compose an HTML email offline in your own text editor, you can upload this HTML content into CiviMail or simply click \"Source\" and then copy and paste the HTML in.\n        <br /><br />\n        <font color=\"#3b5187\">Images</font><br />\n        Most email clients these days (Outlook, Gmail, etc) block image loading by default.  This is to protect their users from annoying or harmful email.  Not much we can do about this, so encourage recipients to add you to their contacts or \"whitelist\".  Also use images sparingly, do not rely on images to convey vital information, and always use HTML \"alt\" tags which describe the image content.\n        </td>\n      </tr>\n      </table>\n    </td>\n  </tr>\n  <tr>\n    <td colspan=\"2\" style=\"color: #000; font-family: Arial, Verdana, sans-serif; font-size: 10px;\">\n      <font face=\"Arial, Verdana, sans-serif\" size=\"2\" >\n      <hr />\n      <a href=\"{action.unsubscribeUrl}\" title=\"click to unsubscribe\">Click here</a> to unsubscribe from this mailing list.<br /><br />\n      Our mailing address is:<br />\n      {domain.address}\n    </td>\n  </tr>\n  </table>',1,NULL,1,0,NULL);
/*!40000 ALTER TABLE `civicrm_msg_template` ENABLE KEYS */;
UNLOCK TABLES;

--
-- Dumping data for table `civicrm_navigation`
--

LOCK TABLES `civicrm_navigation` WRITE;
/*!40000 ALTER TABLE `civicrm_navigation` DISABLE KEYS */;
INSERT INTO `civicrm_navigation` (`id`, `domain_id`, `label`, `name`, `url`, `permission`, `permission_operator`, `parent_id`, `is_active`, `has_separator`, `weight`) VALUES (1,1,'Home','Home','civicrm/dashboard&reset=1',NULL,'',NULL,1,NULL,0),(2,1,'Search','Search...',NULL,NULL,'',NULL,1,NULL,10),(3,1,'Find Contacts','Find Contacts','civicrm/contact/search&reset=1',NULL,'',2,1,NULL,1),(4,1,'Advanced Search','Advanced Search','civicrm/contact/search/advanced&reset=1',NULL,'',2,1,NULL,2),(5,1,'Full-text Search','Full-text Search','civicrm/contact/search/custom&csid=15&reset=1',NULL,'',2,1,NULL,3),(6,1,'Search Builder','Search Builder','civicrm/contact/search/builder&reset=1',NULL,'',2,1,1,4),(7,1,'Find Cases','Find Cases','civicrm/case/search&reset=1','access my cases and activities,access all cases and activities','OR',2,1,NULL,5),(8,1,'Find Contributions','Find Contributions','civicrm/contribute/search&reset=1','access CiviContribute','',2,1,NULL,6),(9,1,'Find Mailings','Find Mailings','civicrm/mailing&reset=1','access CiviMail','',2,1,NULL,7),(10,1,'Find Memberships','Find Memberships','civicrm/member/search&reset=1','access CiviMember','',2,1,NULL,8),(11,1,'Find Participants','Find Participants','civicrm/event/search&reset=1','access CiviEvent','',2,1,NULL,9),(12,1,'Find Pledges','Find Pledges','civicrm/pledge/search&reset=1','access CiviPledge','',2,1,NULL,10),(13,1,'Find Activities','Find Activities','civicrm/activity/search&reset=1',NULL,'',2,1,1,11),(14,1,'Custom Searches','Custom Searches','civicrm/contact/search/custom/list&reset=1',NULL,'',2,1,NULL,12),(15,1,'Contacts','Contacts',NULL,NULL,'',NULL,1,NULL,20),(16,1,'New Individual','New Individual','civicrm/contact/add&reset=1&ct=Individual','add contacts','',15,1,NULL,1),(17,1,'New Household','New Household','civicrm/contact/add&reset=1&ct=Household','add contacts','',15,1,NULL,2),(18,1,'New Organization','New Organization','civicrm/contact/add&reset=1&ct=Organization','add contacts','',15,1,1,3),(19,1,'Contact Reports','Contact Reports','civicrm/report/list&compid=99&reset=1','access CiviReport','',15,1,1,4),(20,1,'New Activity','New Activity','civicrm/activity&reset=1&action=add&context=standalone',NULL,'',15,1,NULL,5),(21,1,'New Email','New Email','civicrm/activity/email/add&atype=3&action=add&reset=1&context=standalone',NULL,'',15,1,1,6),(22,1,'Import Contacts','Import Contacts','civicrm/import/contact&reset=1','import contacts','',15,1,NULL,7),(23,1,'Import Activities','Import Activities','civicrm/import/activity&reset=1','import contacts','',15,1,1,8),(24,1,'New Group','New Group','civicrm/group/add&reset=1','edit groups','',15,1,NULL,9),(25,1,'Manage Groups','Manage Groups','civicrm/group&reset=1','access CiviCRM','',15,1,1,10),(26,1,'New Tag','New Tag','civicrm/admin/tag&reset=1&action=add','administer CiviCRM','',15,1,NULL,11),(27,1,'Manage Tags (Categories)','Manage Tags (Categories)','civicrm/admin/tag&reset=1','administer CiviCRM','',15,1,1,12),(28,1,'Find and Merge Duplicate Contacts','Find and Merge Duplicate Contacts','civicrm/contact/deduperules&reset=1','administer dedupe rules,merge duplicate contacts','OR',15,1,NULL,13),(29,1,'Contributions','Contributions',NULL,'access CiviContribute','',NULL,1,NULL,30),(30,1,'Dashboard','Dashboard','civicrm/contribute&reset=1','access CiviContribute','',29,1,NULL,1),(31,1,'New Contribution','New Contribution','civicrm/contribute/add&reset=1&action=add&context=standalone','access CiviContribute,edit contributions','AND',29,1,NULL,2),(32,1,'Find Contributions','Find Contributions','civicrm/contribute/search&reset=1','access CiviContribute','',29,1,NULL,3),(33,1,'Contribution Reports','Contribution Reports','civicrm/report/list&compid=2&reset=1','access CiviContribute','',29,1,1,4),(34,1,'Import Contributions','Import Contributions','civicrm/contribute/import&reset=1','access CiviContribute,edit contributions','AND',29,1,1,5),(35,1,'Batch Data Entry','Batch Data Entry','civicrm/batch&reset=1','access CiviContribute','',29,1,NULL,7),(36,1,'Pledges','Pledges',NULL,'access CiviPledge','',29,1,1,6),(37,1,'Accounting Batches','Accounting Batches',NULL,'view own manual batches,view all manual batches','OR',29,1,1,8),(38,1,'Dashboard','Dashboard','civicrm/pledge&reset=1','access CiviPledge','',36,1,NULL,1),(39,1,'New Pledge','New Pledge','civicrm/pledge/add&reset=1&action=add&context=standalone','access CiviPledge,edit pledges','AND',36,1,NULL,2),(40,1,'Find Pledges','Find Pledges','civicrm/pledge/search&reset=1','access CiviPledge','',36,1,NULL,3),(41,1,'Pledge Reports','Pledge Reports','civicrm/report/list&compid=6&reset=1','access CiviPledge','',36,1,0,4),(42,1,'New Contribution Page','New Contribution Page','civicrm/admin/contribute/add&reset=1&action=add','access CiviContribute,administer CiviCRM','AND',29,1,NULL,9),(43,1,'Manage Contribution Pages','Manage Contribution Pages','civicrm/admin/contribute&reset=1','access CiviContribute,administer CiviCRM','AND',29,1,1,10),(44,1,'Personal Campaign Pages','Personal Campaign Pages','civicrm/admin/pcp?reset=1&page_type=contribute','access CiviContribute,administer CiviCRM','AND',29,1,NULL,11),(45,1,'Premiums (Thank-you Gifts)','Premiums','civicrm/admin/contribute/managePremiums&reset=1','access CiviContribute,administer CiviCRM','AND',29,1,1,12),(46,1,'New Price Set','New Price Set','civicrm/admin/price&reset=1&action=add','access CiviContribute,administer CiviCRM','AND',29,1,NULL,13),(47,1,'Manage Price Sets','Manage Price Sets','civicrm/admin/price&reset=1','access CiviContribute,administer CiviCRM','AND',29,1,NULL,14),(48,1,'New Batch','New Batch','civicrm/financial/batch&reset=1&action=add','create manual batch','AND',37,1,NULL,1),(49,1,'Open Batches','Open Batches','civicrm/financial/financialbatches?reset=1&batchStatus=1','view own manual batches,view all manual batches','OR',37,1,NULL,2),(50,1,'Closed Batches','Closed Batches','civicrm/financial/financialbatches?reset=1&batchStatus=2','view own manual batches,view all manual batches','OR',37,1,NULL,3),(51,1,'Exported Batches','Exported Batches','civicrm/financial/financialbatches?reset=1&batchStatus=5','view own manual batches,view all manual batches','OR',37,1,NULL,4),(52,1,'Events','Events',NULL,'access CiviEvent','',NULL,1,NULL,40),(53,1,'Dashboard','CiviEvent Dashboard','civicrm/event&reset=1','access CiviEvent','',52,1,NULL,1),(54,1,'Register Event Participant','Register Event Participant','civicrm/participant/add&reset=1&action=add&context=standalone','access CiviEvent,edit event participants','AND',52,1,NULL,2),(55,1,'Find Participants','Find Participants','civicrm/event/search&reset=1','access CiviEvent','',52,1,NULL,3),(56,1,'Event Reports','Event Reports','civicrm/report/list&compid=1&reset=1','access CiviEvent','',52,1,1,4),(57,1,'Import Participants','Import Participants','civicrm/event/import&reset=1','access CiviEvent,edit event participants','AND',52,1,1,5),(58,1,'New Event','New Event','civicrm/event/add&reset=1&action=add','access CiviEvent,edit all events','AND',52,1,NULL,6),(59,1,'Manage Events','Manage Events','civicrm/event/manage&reset=1','access CiviEvent,edit all events','AND',52,1,1,7),(60,1,'Personal Campaign Pages','Personal Campaign Pages','civicrm/admin/pcp?reset=1&page_type=event','access CiviEvent,administer CiviCRM','AND',52,1,1,8),(61,1,'Event Templates','Event Templates','civicrm/admin/eventTemplate&reset=1','access CiviEvent,edit all events','AND',52,1,1,9),(62,1,'New Price Set','New Price Set','civicrm/admin/price&reset=1&action=add','access CiviEvent,edit all events','AND',52,1,NULL,10),(63,1,'Manage Price Sets','Manage Price Sets','civicrm/admin/price&reset=1','access CiviEvent,edit all events','AND',52,1,NULL,11),(64,1,'Mailings','Mailings',NULL,'access CiviMail,create mailings,approve mailings,schedule mailings','OR',NULL,1,NULL,50),(65,1,'New Mailing','New Mailing','civicrm/mailing/send&reset=1','access CiviMail,create mailings','OR',64,1,NULL,1),(66,1,'Draft and Unscheduled Mailings','Draft and Unscheduled Mailings','civicrm/mailing/browse/unscheduled&reset=1&scheduled=false','access CiviMail,create mailings,schedule mailings','OR',64,1,NULL,2),(67,1,'Scheduled and Sent Mailings','Scheduled and Sent Mailings','civicrm/mailing/browse/scheduled&reset=1&scheduled=true','access CiviMail,approve mailings,create mailings,schedule mailings','OR',64,1,NULL,3),(68,1,'Archived Mailings','Archived Mailings','civicrm/mailing/browse/archived&reset=1','access CiviMail,create mailings','OR',64,1,NULL,4),(69,1,'Mailing Reports','Mailing Reports','civicrm/report/list&compid=4&reset=1','access CiviMail','',64,1,1,5),(70,1,'Headers, Footers, and Automated Messages','Headers, Footers, and Automated Messages','civicrm/admin/component&reset=1','access CiviMail,administer CiviCRM','AND',64,1,NULL,6),(71,1,'Message Templates','Message Templates','civicrm/admin/messageTemplates&reset=1','administer CiviCRM','',64,1,NULL,7),(72,1,'From Email Addresses','From Email Addresses','civicrm/admin/options/from_email_address&reset=1','administer CiviCRM','',64,1,1,8),(73,1,'New SMS','New SMS','civicrm/sms/send?reset=1','administer CiviCRM',NULL,64,1,NULL,9),(74,1,'Find Mass SMS','Find Mass SMS','civicrm/mailing/browse?reset=1&sms=1','administer CiviCRM',NULL,64,1,1,10),(75,1,'Memberships','Memberships',NULL,'access CiviMember','',NULL,1,NULL,60),(76,1,'Dashboard','Dashboard','civicrm/member&reset=1','access CiviMember','',75,1,NULL,1),(77,1,'New Membership','New Membership','civicrm/member/add&reset=1&action=add&context=standalone','access CiviMember,edit memberships','AND',75,1,NULL,2),(78,1,'Find Memberships','Find Memberships','civicrm/member/search&reset=1','access CiviMember','',75,1,NULL,3),(79,1,'Membership Reports','Membership Reports','civicrm/report/list&compid=3&reset=1','access CiviMember','',75,1,1,4),(80,1,'Batch Data Entry','Batch Data Entry','civicrm/batch&reset=1','access CiviContribute','',75,1,NULL,5),(81,1,'Import Memberships','Import Members','civicrm/member/import&reset=1','access CiviMember,edit memberships','AND',75,1,1,6),(82,1,'New Price Set','New Price Set','civicrm/admin/price&reset=1&action=add','access CiviMember,administer CiviCRM','AND',75,1,NULL,7),(83,1,'Manage Price Sets','Manage Price Sets','civicrm/admin/price&reset=1','access CiviMember,administer CiviCRM','AND',75,1,NULL,8),(84,1,'Campaigns','Campaigns',NULL,'interview campaign contacts,release campaign contacts,reserve campaign contacts,manage campaign,administer CiviCampaign,gotv campaign contacts','OR',NULL,1,NULL,70),(85,1,'Dashboard','Dashboard','civicrm/campaign&reset=1','manage campaign,administer CiviCampaign','OR',84,1,NULL,1),(86,1,'Surveys','Survey Dashboard','civicrm/campaign&reset=1&subPage=survey','manage campaign,administer CiviCampaign','OR',85,1,NULL,1),(87,1,'Petitions','Petition Dashboard','civicrm/campaign&reset=1&subPage=petition','manage campaign,administer CiviCampaign','OR',85,1,NULL,2),(88,1,'Campaigns','Campaign Dashboard','civicrm/campaign&reset=1&subPage=campaign','manage campaign,administer CiviCampaign','OR',85,1,NULL,3),(89,1,'New Campaign','New Campaign','civicrm/campaign/add&reset=1','manage campaign,administer CiviCampaign','OR',84,1,NULL,2),(90,1,'New Survey','New Survey','civicrm/survey/add&reset=1','manage campaign,administer CiviCampaign','OR',84,1,NULL,3),(91,1,'New Petition','New Petition','civicrm/petition/add&reset=1','manage campaign,administer CiviCampaign','OR',84,1,NULL,4),(92,1,'Reserve Respondents','Reserve Respondents','civicrm/survey/search&reset=1&op=reserve','administer CiviCampaign,manage campaign,reserve campaign contacts','OR',84,1,NULL,5),(93,1,'Interview Respondents','Interview Respondents','civicrm/survey/search&reset=1&op=interview','administer CiviCampaign,manage campaign,interview campaign contacts','OR',84,1,NULL,6),(94,1,'Release Respondents','Release Respondents','civicrm/survey/search&reset=1&op=release','administer CiviCampaign,manage campaign,release campaign contacts','OR',84,1,NULL,7),(95,1,'Campaign Reports','Campaign Reports','civicrm/report/list&compid=9&reset=1','interview campaign contacts,release campaign contacts,reserve campaign contacts,manage campaign,administer CiviCampaign,gotv campaign contacts','OR',84,1,1,8),(96,1,'Conduct Survey','Conduct Survey','civicrm/campaign/vote&reset=1','administer CiviCampaign,manage campaign,reserve campaign contacts,interview campaign contacts','OR',84,1,NULL,9),(97,1,'GOTV (Voter Tracking)','Voter Listing','civicrm/campaign/gotv&reset=1','administer CiviCampaign,manage campaign,release campaign contacts,gotv campaign contacts','OR',84,1,NULL,10),(98,1,'Cases','Cases',NULL,'access my cases and activities,access all cases and activities','OR',NULL,1,NULL,80),(99,1,'Dashboard','Dashboard','civicrm/case&reset=1','access my cases and activities,access all cases and activities','OR',98,1,NULL,1),(100,1,'New Case','New Case','civicrm/case/add&reset=1&action=add&atype=13&context=standalone','add cases,access all cases and activities','OR',98,1,NULL,2),(101,1,'Find Cases','Find Cases','civicrm/case/search&reset=1','access my cases and activities,access all cases and activities','OR',98,1,1,3),(102,1,'Case Reports','Case Reports','civicrm/report/list&compid=7&reset=1','access my cases and activities,access all cases and activities,administer CiviCase','OR',98,1,0,4),(103,1,'Grants','Grants',NULL,'access CiviGrant','',NULL,1,NULL,90),(104,1,'Dashboard','Dashboard','civicrm/grant&reset=1','access CiviGrant','',103,1,NULL,1),(105,1,'New Grant','New Grant','civicrm/grant/add&reset=1&action=add&context=standalone','access CiviGrant,edit grants','AND',103,1,NULL,2),(106,1,'Find Grants','Find Grants','civicrm/grant/search&reset=1','access CiviGrant','',103,1,1,3),(107,1,'Grant Reports','Grant Reports','civicrm/report/list&compid=5&reset=1','access CiviGrant','',103,1,0,4),(108,1,'Administer','Administer',NULL,'administer CiviCRM','',NULL,1,NULL,100),(109,1,'Administration Console','Administration Console','civicrm/admin&reset=1','administer CiviCRM','',108,1,NULL,1),(110,1,'Configuration Checklist','Configuration Checklist','civicrm/admin/configtask&reset=1','administer CiviCRM','',109,1,NULL,1),(111,1,'Customize Data and Screens','Customize Data and Screens',NULL,'administer CiviCRM','',108,1,NULL,3),(112,1,'Custom Fields','Custom Fields','civicrm/admin/custom/group&reset=1','administer CiviCRM','',111,1,NULL,1),(113,1,'Profiles','Profiles','civicrm/admin/uf/group&reset=1','administer CiviCRM','',111,1,NULL,2),(114,1,'Tags (Categories)','Tags (Categories)','civicrm/admin/tag&reset=1','administer CiviCRM','',111,1,NULL,3),(115,1,'Activity Types','Activity Types','civicrm/admin/options/activity_type&reset=1','administer CiviCRM','',111,1,NULL,4),(116,1,'Relationship Types','Relationship Types','civicrm/admin/reltype&reset=1','administer CiviCRM','',111,1,NULL,5),(117,1,'Contact Types','Contact Types','civicrm/admin/options/subtype&reset=1','administer CiviCRM','',111,1,NULL,6),(118,1,'Display Preferences','Display Preferences','civicrm/admin/setting/preferences/display&reset=1','administer CiviCRM','',111,1,NULL,9),(119,1,'Search Preferences','Search Preferences','civicrm/admin/setting/search&reset=1','administer CiviCRM','',111,1,NULL,10),(120,1,'Navigation Menu','Navigation Menu','civicrm/admin/menu&reset=1','administer CiviCRM','',111,1,NULL,11),(121,1,'Word Replacements','Word Replacements','civicrm/admin/options/wordreplacements&reset=1','administer CiviCRM','',111,1,NULL,12),(122,1,'Manage Custom Searches','Manage Custom Searches','civicrm/admin/options/custom_search&reset=1','administer CiviCRM','',111,1,NULL,13),(123,1,'Dropdown Options','Dropdown Options',NULL,'administer CiviCRM','',111,1,NULL,8),(124,1,'Gender Options','Gender Options','civicrm/admin/options/gender&reset=1','administer CiviCRM','',123,1,NULL,1),(125,1,'Individual Prefixes (Ms, Mr...)','Individual Prefixes (Ms, Mr...)','civicrm/admin/options/individual_prefix&reset=1','administer CiviCRM','',123,1,NULL,2),(126,1,'Individual Suffixes (Jr, Sr...)','Individual Suffixes (Jr, Sr...)','civicrm/admin/options/individual_suffix&reset=1','administer CiviCRM','',123,1,NULL,3),(127,1,'Instant Messenger Services','Instant Messenger Services','civicrm/admin/options/instant_messenger_service&reset=1','administer CiviCRM','',123,1,NULL,4),(128,1,'Location Types (Home, Work...)','Location Types (Home, Work...)','civicrm/admin/locationType&reset=1','administer CiviCRM','',123,1,NULL,5),(129,1,'Mobile Phone Providers','Mobile Phone Providers','civicrm/admin/options/mobile_provider&reset=1','administer CiviCRM','',123,1,NULL,6),(130,1,'Phone Types','Phone Types','civicrm/admin/options/phone_type&reset=1','administer CiviCRM','',123,1,NULL,7),(131,1,'Website Types','Website Types','civicrm/admin/options/website_type&reset=1','administer CiviCRM','',123,1,NULL,8),(132,1,'Communications','Communications',NULL,'administer CiviCRM','',108,1,NULL,4),(133,1,'Organization Address and Contact Info','Organization Address and Contact Info','civicrm/admin/domain&action=update&reset=1','administer CiviCRM','',132,1,NULL,1),(134,1,'FROM Email Addresses','FROM Email Addresses','civicrm/admin/options/from_email_address&reset=1','administer CiviCRM','',132,1,NULL,2),(135,1,'Message Templates','Message Templates','civicrm/admin/messageTemplates&reset=1','administer CiviCRM','',132,1,NULL,3),(136,1,'Schedule Reminders','Schedule Reminders','civicrm/admin/scheduleReminders&reset=1','administer CiviCRM','',132,1,NULL,4),(137,1,'Preferred Communication Methods','Preferred Communication Methods','civicrm/admin/options/preferred_communication_method&reset=1','administer CiviCRM','',132,1,NULL,5),(138,1,'Label Formats','Label Formats','civicrm/admin/labelFormats&reset=1','administer CiviCRM','',132,1,NULL,6),(139,1,'Print Page (PDF) Formats','Print Page (PDF) Formats','civicrm/admin/pdfFormats&reset=1','administer CiviCRM','',132,1,NULL,7),(140,1,'Communication Style Options','Communication Style Options','civicrm/admin/options/communication_style&reset=1','administer CiviCRM','',132,1,NULL,8),(141,1,'Email Greeting Formats','Email Greeting Formats','civicrm/admin/options/email_greeting&reset=1','administer CiviCRM','',132,1,NULL,9),(142,1,'Postal Greeting Formats','Postal Greeting Formats','civicrm/admin/options/postal_greeting&reset=1','administer CiviCRM','',132,1,NULL,10),(143,1,'Addressee Formats','Addressee Formats','civicrm/admin/options/addressee&reset=1','administer CiviCRM','',132,1,NULL,11),(144,1,'Localization','Localization',NULL,'administer CiviCRM','',108,1,NULL,6),(145,1,'Languages, Currency, Locations','Languages, Currency, Locations','civicrm/admin/setting/localization&reset=1','administer CiviCRM','',144,1,NULL,1),(146,1,'Address Settings','Address Settings','civicrm/admin/setting/preferences/address&reset=1','administer CiviCRM','',144,1,NULL,2),(147,1,'Date Formats','Date Formats','civicrm/admin/setting/date&reset=1','administer CiviCRM','',144,1,NULL,3),(148,1,'Preferred Language Options','Preferred Language Options','civicrm/admin/options/languages&reset=1','administer CiviCRM','',144,1,NULL,4),(149,1,'Users and Permissions','Users and Permissions',NULL,'administer CiviCRM','',108,1,NULL,7),(150,1,'Permissions (Access Control)','Permissions (Access Control)','civicrm/admin/access&reset=1','administer CiviCRM','',149,1,NULL,1),(151,1,'Synchronize Users to Contacts','Synchronize Users to Contacts','civicrm/admin/synchUser&reset=1','administer CiviCRM','',149,1,NULL,2),(152,1,'System Settings','System Settings',NULL,'administer CiviCRM','',108,1,NULL,8),(153,1,'Enable CiviCRM Components','Enable Components','civicrm/admin/setting/component&reset=1','administer CiviCRM','',152,1,NULL,1),(154,1,'Manage Extensions','Manage Extensions','civicrm/admin/extensions&reset=1','administer CiviCRM','',152,1,NULL,2),(155,1,'Outbound Email (SMTP/Sendmail)','Outbound Email','civicrm/admin/setting/smtp&reset=1','administer CiviCRM','',152,1,NULL,3),(156,1,'Payment Processors','Payment Processors','civicrm/admin/paymentProcessor&reset=1','administer CiviCRM','',152,1,NULL,4),(157,1,'Mapping and Geocoding','Mapping and Geocoding','civicrm/admin/setting/mapping&reset=1','administer CiviCRM','',152,1,NULL,5),(158,1,'Misc (Undelete, PDFs, Limits, Logging, Captcha, etc.)','Misc (Undelete, PDFs, Limits, Logging, Captcha, etc.)','civicrm/admin/setting/misc&reset=1','administer CiviCRM','',152,1,NULL,6),(159,1,'Directories','Directories','civicrm/admin/setting/path&reset=1','administer CiviCRM','',152,1,NULL,7),(160,1,'Resource URLs','Resource URLs','civicrm/admin/setting/url&reset=1','administer CiviCRM','',152,1,NULL,8),(161,1,'Cleanup Caches and Update Paths','Cleanup Caches and Update Paths','civicrm/admin/setting/updateConfigBackend&reset=1','administer CiviCRM','',152,1,NULL,9),(162,1,'CMS Database Integration','CMS Integration','civicrm/admin/setting/uf&reset=1','administer CiviCRM','',152,1,NULL,10),(163,1,'Safe File Extensions','Safe File Extensions','civicrm/admin/options/safe_file_extension&reset=1','administer CiviCRM','',152,1,NULL,11),(164,1,'Option Groups','Option Groups','civicrm/admin/options?reset=1','administer CiviCRM','',152,1,NULL,12),(165,1,'Import/Export Mappings','Import/Export Mappings','civicrm/admin/mapping&reset=1','administer CiviCRM','',152,1,NULL,13),(166,1,'Debugging and Error Handling','Debugging and Error Handling','civicrm/admin/setting/debug&reset=1','administer CiviCRM','',152,1,NULL,14),(167,1,'Multi Site Settings','Multi Site Settings','civicrm/admin/setting/preferences/multisite&reset=1','administer CiviCRM','',152,1,NULL,15),(168,1,'Scheduled Jobs','Scheduled Jobs','civicrm/admin/job&reset=1','administer CiviCRM','',152,1,NULL,16),(169,1,'SMS Providers','SMS Providers','civicrm/admin/sms/provider?reset=1','administer CiviCRM','',152,1,NULL,17),(170,1,'CiviCampaign','CiviCampaign',NULL,'administer CiviCampaign,administer CiviCRM','AND',108,1,NULL,9),(171,1,'Survey Types','Survey Types','civicrm/admin/campaign/surveyType&reset=1','administer CiviCampaign','',170,1,NULL,1),(172,1,'Campaign Types','Campaign Types','civicrm/admin/options/campaign_type&reset=1','administer CiviCampaign','',170,1,NULL,2),(173,1,'Campaign Status','Campaign Status','civicrm/admin/options/campaign_status&reset=1','administer CiviCampaign','',170,1,NULL,3),(174,1,'Engagement Index','Engagement Index','civicrm/admin/options/engagement_index&reset=1','administer CiviCampaign','',170,1,NULL,4),(175,1,'CiviCampaign Component Settings','CiviCampaign Component Settings','civicrm/admin/setting/preferences/campaign&reset=1','administer CiviCampaign','',170,1,NULL,5),(176,1,'CiviCase','CiviCase',NULL,'administer CiviCase',NULL,108,1,NULL,10),(177,1,'Case Types','Case Types','civicrm/admin/options/case_type&reset=1','administer CiviCase',NULL,176,1,NULL,1),(178,1,'Redaction Rules','Redaction Rules','civicrm/admin/options/redaction_rule&reset=1','administer CiviCase',NULL,176,1,NULL,2),(179,1,'Case Statuses','Case Statuses','civicrm/admin/options/case_status&reset=1','administer CiviCase',NULL,176,1,NULL,3),(180,1,'Encounter Medium','Encounter Medium','civicrm/admin/options/encounter_medium&reset=1','administer CiviCase',NULL,176,1,NULL,4),(181,1,'CiviContribute','CiviContribute',NULL,'access CiviContribute,administer CiviCRM','AND',108,1,NULL,11),(182,1,'New Contribution Page','New Contribution Page','civicrm/admin/contribute&reset=1&action=add','access CiviContribute,administer CiviCRM','AND',181,1,NULL,6),(183,1,'Manage Contribution Pages','Manage Contribution Pages','civicrm/admin/contribute&reset=1','access CiviContribute,administer CiviCRM','AND',181,1,1,7),(184,1,'Personal Campaign Pages','Personal Campaign Pages','civicrm/admin/pcp?reset=1&page_type=contribute','access CiviContribute,administer CiviCRM','AND',181,1,NULL,8),(185,1,'Premiums (Thank-you Gifts)','Premiums','civicrm/admin/contribute/managePremiums&reset=1','access CiviContribute,administer CiviCRM','AND',181,1,1,9),(186,1,'Financial Types','Financial Types','civicrm/admin/financial/financialType&reset=1','access CiviContribute,administer CiviCRM','AND',181,1,NULL,10),(187,1,'Financial Accounts','Financial Accounts','civicrm/admin/financial/financialAccount&reset=1','access CiviContribute,administer CiviCRM','AND',181,1,NULL,11),(188,1,'Payment Instruments','Payment Instruments','civicrm/admin/options/payment_instrument&reset=1','access CiviContribute,administer CiviCRM','AND',181,1,NULL,12),(189,1,'Accepted Credit Cards','Accepted Credit Cards','civicrm/admin/options/accept_creditcard&reset=1','access CiviContribute,administer CiviCRM','AND',181,1,NULL,13),(190,1,'Soft Credit Types','Soft Credit Types','civicrm/admin/options/soft_credit_type&reset=1','access CiviContribute,administer CiviCRM','AND',181,1,1,14),(191,1,'New Price Set','New Price Set','civicrm/admin/price&reset=1&action=add','access CiviContribute,administer CiviCRM','AND',181,1,NULL,15),(192,1,'Manage Price Sets','Manage Price Sets','civicrm/admin/price&reset=1','access CiviContribute,administer CiviCRM','AND',181,1,NULL,16),(193,1,'Payment Processors','Payment Processors','civicrm/admin/paymentProcessor&reset=1','administer CiviCRM','',181,1,NULL,17),(194,1,'CiviEvent','CiviEvent',NULL,'access CiviEvent,administer CiviCRM','AND',108,1,NULL,12),(195,1,'New Event','New Event','civicrm/event/add&reset=1&action=add','access CiviEvent,administer CiviCRM','AND',194,1,NULL,1),(196,1,'Manage Events','Manage Events','civicrm/event/manage&reset=1','access CiviEvent,administer CiviCRM','AND',194,1,1,2),(197,1,'Personal Campaign Pages','Personal Campaign Pages','civicrm/admin/pcp?reset=1&page_type=event','access CiviEvent,administer CiviCRM','AND',194,1,1,3),(198,1,'Event Templates','Event Templates','civicrm/admin/eventTemplate&reset=1','access CiviEvent,administer CiviCRM','AND',194,1,1,4),(199,1,'New Price Set','New Price Set','civicrm/admin/price&reset=1&action=add','access CiviEvent,administer CiviCRM','AND',194,1,NULL,5),(200,1,'Manage Price Sets','Manage Price Sets','civicrm/admin/price&reset=1','access CiviEvent,administer CiviCRM','AND',194,1,1,6),(201,1,'Event Types','Event Types','civicrm/admin/options/event_type&reset=1','access CiviEvent,administer CiviCRM','AND',194,1,NULL,7),(202,1,'Participant Statuses','Participant Statuses','civicrm/admin/participant_status&reset=1','access CiviEvent,administer CiviCRM','AND',194,1,NULL,8),(203,1,'Participant Roles','Participant Roles','civicrm/admin/options/participant_role&reset=1','access CiviEvent,administer CiviCRM','AND',194,1,NULL,9),(204,1,'Participant Listing Options','Participant Listing Options','civicrm/admin/options/participant_listing&reset=1','access CiviEvent,administer CiviCRM','AND',194,1,NULL,10),(205,1,'Event Name Badge Layouts','Event Name Badge Layouts','civicrm/admin/badgelayout&reset=1','access CiviEvent,administer CiviCRM','AND',194,1,NULL,11),(206,1,'Payment Processors','Payment Processors','civicrm/admin/paymentProcessor&reset=1','administer CiviCRM','',194,1,NULL,12),(207,1,'CiviEvent Component Settings','CiviEvent Component Settings','civicrm/admin/setting/preferences/event&reset=1','access CiviEvent,administer CiviCRM','AND',194,1,NULL,13),(208,1,'CiviGrant','CiviGrant',NULL,'access CiviGrant,administer CiviCRM','AND',108,1,NULL,13),(209,1,'Grant Types','Grant Types','civicrm/admin/options/grant_type&reset=1','access CiviGrant,administer CiviCRM','AND',208,1,NULL,1),(210,1,'CiviMail','CiviMail',NULL,'access CiviMail,administer CiviCRM','AND',108,1,NULL,14),(211,1,'Headers, Footers, and Automated Messages','Headers, Footers, and Automated Messages','civicrm/admin/component&reset=1','access CiviMail,administer CiviCRM','AND',210,1,NULL,1),(212,1,'Message Templates','Message Templates','civicrm/admin/messageTemplates&reset=1','administer CiviCRM','',210,1,NULL,2),(213,1,'From Email Addresses','From Email Addresses','civicrm/admin/options/from_email_address&reset=1','administer CiviCRM','',210,1,NULL,3),(214,1,'Mail Accounts','Mail Accounts','civicrm/admin/mailSettings&reset=1','access CiviMail,administer CiviCRM','AND',210,1,NULL,4),(215,1,'Mailer Settings','Mailer Settings','civicrm/admin/mail&reset=1','access CiviMail,administer CiviCRM','AND',210,1,NULL,5),(216,1,'CiviMail Component Settings','CiviMail Component Settings','civicrm/admin/setting/preferences/mailing&reset=1','access CiviMail,administer CiviCRM','AND',210,1,NULL,6),(217,1,'CiviMember','CiviMember',NULL,'access CiviMember,administer CiviCRM','AND',108,1,NULL,15),(218,1,'Membership Types','Membership Types','civicrm/admin/member/membershipType&reset=1','access CiviMember,administer CiviCRM','AND',217,1,NULL,1),(219,1,'Membership Status Rules','Membership Status Rules','civicrm/admin/member/membershipStatus&reset=1','access CiviMember,administer CiviCRM','AND',217,1,1,2),(220,1,'New Price Set','New Price Set','civicrm/admin/price&reset=1&action=add','access CiviMember,administer CiviCRM','AND',217,1,NULL,3),(221,1,'Manage Price Sets','Manage Price Sets','civicrm/admin/price&reset=1','access CiviMember,administer CiviCRM','AND',217,1,NULL,4),(222,1,'CiviMember Component Settings','CiviMember Component Settings','civicrm/admin/setting/preferences/member&reset=1','access CiviMember,administer CiviCRM','AND',217,1,NULL,5),(223,1,'CiviReport','CiviReport',NULL,'access CiviReport,administer CiviCRM','AND',108,1,NULL,16),(224,1,'All Reports','All Reports','civicrm/report/list&reset=1','access CiviReport','',223,1,NULL,1),(225,1,'Create New Report from Template','Create New Report from Template','civicrm/admin/report/template/list&reset=1','administer Reports','',223,1,NULL,2),(226,1,'Manage Templates','Manage Templates','civicrm/admin/report/options/report_template&reset=1','administer Reports','',223,1,NULL,3),(227,1,'Register Report','Register Report','civicrm/admin/report/register&reset=1','administer Reports','',223,1,NULL,4),(228,1,'Help','Help',NULL,NULL,'',NULL,1,NULL,110),(229,1,'Documentation','Documentation','http://documentation.civicrm.org',NULL,'AND',228,1,NULL,1),(230,1,'Community Forums','Community Forums','http://forum.civicrm.org',NULL,'AND',228,1,NULL,2),(231,1,'Participate','Participate','http://civicrm.org/participate',NULL,'AND',228,1,NULL,3),(232,1,'About','About','http://civicrm.org/what/whatiscivicrm',NULL,'AND',228,1,NULL,4),(233,1,'Developer','Developer',NULL,'administer CiviCRM','',228,1,NULL,5),(234,1,'API Explorer','API Explorer','civicrm/api/explorer','administer CiviCRM','',233,1,NULL,1),(235,1,'Developer Docs','Developer Docs','http://wiki.civicrm.org/confluence/display/CRMDOC/Develop','administer CiviCRM','',233,1,NULL,3),(236,1,'Reports','Reports',NULL,'access CiviReport','',NULL,1,NULL,95),(237,1,'Contact Reports','Contact Reports','civicrm/report/list&compid=99&reset=1','administer CiviCRM','',236,1,0,1),(238,1,'Contribution Reports','Contribution Reports','civicrm/report/list&compid=2&reset=1','access CiviContribute','',236,1,0,2),(239,1,'Pledge Reports','Pledge Reports','civicrm/report/list&compid=6&reset=1','access CiviPledge','',236,1,0,3),(240,1,'Event Reports','Event Reports','civicrm/report/list&compid=1&reset=1','access CiviEvent','',236,1,0,4),(241,1,'Mailing Reports','Mailing Reports','civicrm/report/list&compid=4&reset=1','access CiviMail','',236,1,0,5),(242,1,'Membership Reports','Membership Reports','civicrm/report/list&compid=3&reset=1','access CiviMember','',236,1,0,6),(243,1,'Campaign Reports','Campaign Reports','civicrm/report/list&compid=9&reset=1','interview campaign contacts,release campaign contacts,reserve campaign contacts,manage campaign,administer CiviCampaign,gotv campaign contacts','OR',236,1,0,7),(244,1,'Case Reports','Case Reports','civicrm/report/list&compid=7&reset=1','access my cases and activities,access all cases and activities,administer CiviCase','OR',236,1,0,8),(245,1,'Grant Reports','Grant Reports','civicrm/report/list&compid=5&reset=1','access CiviGrant','',236,1,0,9),(246,1,'All Reports','All Reports','civicrm/report/list&reset=1','access CiviReport','',236,1,1,10),(247,1,'New Student','New Student','civicrm/contact/add&ct=Individual&cst=Student&reset=1','add contacts','',16,1,NULL,1),(248,1,'New Parent','New Parent','civicrm/contact/add&ct=Individual&cst=Parent&reset=1','add contacts','',16,1,NULL,2),(249,1,'New Staff','New Staff','civicrm/contact/add&ct=Individual&cst=Staff&reset=1','add contacts','',16,1,NULL,3),(250,1,'New Team','New Team','civicrm/contact/add&ct=Organization&cst=Team&reset=1','add contacts','',18,1,NULL,1),(251,1,'New Sponsor','New Sponsor','civicrm/contact/add&ct=Organization&cst=Sponsor&reset=1','add contacts','',18,1,NULL,2);
/*!40000 ALTER TABLE `civicrm_navigation` ENABLE KEYS */;
UNLOCK TABLES;

--
-- Dumping data for table `civicrm_note`
--

LOCK TABLES `civicrm_note` WRITE;
/*!40000 ALTER TABLE `civicrm_note` DISABLE KEYS */;
INSERT INTO `civicrm_note` (`id`, `entity_table`, `entity_id`, `note`, `contact_id`, `modified_date`, `subject`, `privacy`) VALUES (1,'civicrm_contact',157,'Reminder screening of \"Black\" on next Friday',1,'2013-06-08',NULL,'0'),(2,'civicrm_contact',197,'Reminder screening of \"Black\" on next Friday',1,'2013-08-30',NULL,'0'),(3,'civicrm_contact',17,'Connect for presentation',1,'2014-03-21',NULL,'0'),(4,'civicrm_contact',113,'Connect for presentation',1,'2014-04-08',NULL,'0'),(5,'civicrm_contact',45,'Arrange collection of funds from members',1,'2013-11-12',NULL,'0'),(6,'civicrm_contact',96,'Invite members for the Steve Prefontaine 10k dream run',1,'2013-05-07',NULL,'0'),(7,'civicrm_contact',9,'Reminder screening of \"Black\" on next Friday',1,'2013-12-16',NULL,'0'),(8,'civicrm_contact',84,'Organize the Terry Fox run',1,'2013-12-10',NULL,'0'),(9,'civicrm_contact',72,'Contact the Commisioner of Charities',1,'2013-07-23',NULL,'0'),(10,'civicrm_contact',98,'Get the registration done for NGO status',1,'2013-11-08',NULL,'0'),(11,'civicrm_contact',185,'Contact the Commisioner of Charities',1,'2013-07-14',NULL,'0'),(12,'civicrm_contact',60,'Chart out route map for next 10k run',1,'2014-04-02',NULL,'0'),(13,'civicrm_contact',63,'Send reminder for annual dinner',1,'2014-03-13',NULL,'0'),(14,'civicrm_contact',145,'Arrange collection of funds from members',1,'2013-11-12',NULL,'0'),(15,'civicrm_contact',177,'Arrange for cricket match with Sunil Gavaskar',1,'2013-09-06',NULL,'0'),(16,'civicrm_contact',31,'Connect for presentation',1,'2013-06-28',NULL,'0'),(17,'civicrm_contact',147,'Arrange for cricket match with Sunil Gavaskar',1,'2013-10-25',NULL,'0'),(18,'civicrm_contact',74,'Arrange collection of funds from members',1,'2013-05-08',NULL,'0'),(19,'civicrm_contact',148,'Chart out route map for next 10k run',1,'2014-02-17',NULL,'0'),(20,'civicrm_contact',7,'Chart out route map for next 10k run',1,'2013-05-19',NULL,'0');
/*!40000 ALTER TABLE `civicrm_note` ENABLE KEYS */;
UNLOCK TABLES;

--
-- Dumping data for table `civicrm_openid`
--

LOCK TABLES `civicrm_openid` WRITE;
/*!40000 ALTER TABLE `civicrm_openid` DISABLE KEYS */;
/*!40000 ALTER TABLE `civicrm_openid` ENABLE KEYS */;
UNLOCK TABLES;

--
-- Dumping data for table `civicrm_option_group`
--

LOCK TABLES `civicrm_option_group` WRITE;
/*!40000 ALTER TABLE `civicrm_option_group` DISABLE KEYS */;
INSERT INTO `civicrm_option_group` (`id`, `name`, `title`, `description`, `is_reserved`, `is_active`, `is_locked`) VALUES (1,'preferred_communication_method','Preferred Communication Method',NULL,1,1,0),(2,'activity_type','Activity Type',NULL,1,1,0),(3,'gender','Gender',NULL,1,1,0),(4,'instant_messenger_service','Instant Messenger (IM) screen-names',NULL,1,1,0),(5,'mobile_provider','Mobile Phone Providers',NULL,1,1,0),(6,'individual_prefix','Individual contact prefixes',NULL,1,1,0),(7,'individual_suffix','Individual contact suffixes',NULL,1,1,0),(8,'acl_role','ACL Role',NULL,1,1,0),(9,'accept_creditcard','Accepted Credit Cards',NULL,1,1,0),(10,'payment_instrument','Payment Instruments',NULL,1,1,0),(11,'contribution_status','Contribution Status',NULL,1,1,1),(12,'pcp_status','PCP Status',NULL,1,1,1),(13,'participant_role','Participant Role',NULL,1,1,0),(14,'event_type','Event Type',NULL,1,1,0),(15,'contact_view_options','Contact View Options',NULL,1,1,1),(16,'contact_smart_group_display','Contact Smart Group View Options',NULL,1,1,1),(17,'contact_edit_options','Contact Edit Options',NULL,1,1,1),(18,'advanced_search_options','Advanced Search Options',NULL,1,1,1),(19,'user_dashboard_options','User Dashboard Options',NULL,1,1,1),(20,'address_options','Addressing Options',NULL,1,1,0),(21,'group_type','Group Type',NULL,1,1,0),(22,'grant_status','Grant status',NULL,1,1,0),(23,'grant_type','Grant Type',NULL,1,1,0),(24,'custom_search','Custom Search',NULL,1,1,0),(25,'activity_status','Activity Status',NULL,1,1,0),(26,'case_type','Case Type',NULL,1,1,0),(27,'case_status','Case Status',NULL,1,1,0),(28,'participant_listing','Participant Listing',NULL,1,1,0),(29,'safe_file_extension','Safe File Extension',NULL,1,1,0),(30,'from_email_address','From Email Address',NULL,1,1,0),(31,'mapping_type','Mapping Type',NULL,1,1,1),(32,'wysiwyg_editor','WYSIWYG Editor',NULL,1,1,0),(33,'recur_frequency_units','Recurring Frequency Units',NULL,1,1,0),(34,'phone_type','Phone Type',NULL,1,1,0),(35,'custom_data_type','Custom Data Type',NULL,1,1,0),(36,'visibility','Visibility',NULL,1,1,0),(37,'mail_protocol','Mail Protocol',NULL,1,1,0),(38,'priority','Priority',NULL,1,1,0),(39,'redaction_rule','Redaction Rule',NULL,1,1,0),(40,'report_template','Report Template',NULL,1,1,0),(41,'email_greeting','Email Greeting Type',NULL,1,1,0),(42,'postal_greeting','Postal Greeting Type',NULL,1,1,0),(43,'addressee','Addressee Type',NULL,1,1,0),(44,'contact_autocomplete_options','Autocomplete Contact Search',NULL,1,1,1),(45,'contact_reference_options','Contact Reference Autocomplete Options',NULL,1,1,1),(46,'website_type','Website Type',NULL,1,1,0),(47,'tag_used_for','Tag Used For',NULL,1,1,1),(48,'currencies_enabled','Currencies Enabled',NULL,1,1,0),(49,'event_badge','Event Name Badge',NULL,1,1,0),(50,'note_privacy','Privacy levels for notes',NULL,1,1,0),(51,'campaign_type','Campaign Type',NULL,1,1,0),(52,'campaign_status','Campaign Status',NULL,1,1,0),(53,'system_extensions','CiviCRM Extensions',NULL,1,1,0),(54,'mail_approval_status','CiviMail Approval Status',NULL,1,1,0),(55,'engagement_index','Engagement Index',NULL,1,1,0),(56,'cg_extend_objects','Objects a custom group extends to',NULL,1,1,0),(57,'paper_size','Paper Size',NULL,1,1,0),(58,'pdf_format','PDF Page Format',NULL,1,1,0),(59,'label_format','Mailing Label Format',NULL,1,1,0),(60,'activity_contacts','Activity Contacts',NULL,1,1,1),(61,'account_relationship','Account Relationship',NULL,1,1,0),(62,'event_contacts','Event Recipients',NULL,1,1,0),(63,'conference_slot','Conference Slot',NULL,1,1,0),(64,'batch_type','Batch Type',NULL,1,1,1),(65,'batch_mode','Batch Mode',NULL,1,1,1),(66,'batch_status','Batch Status',NULL,1,1,1),(67,'sms_api_type','Api Type',NULL,1,1,0),(68,'sms_provider_name','Sms Provider Internal Name',NULL,1,1,0),(69,'auto_renew_options','Auto Renew Options',NULL,1,1,1),(70,'financial_account_type','Financial Account Type',NULL,1,1,0),(71,'financial_item_status','Financial Item Status',NULL,1,1,1),(72,'label_type','Label Type',NULL,1,1,0),(73,'name_badge','Name Badge Format',NULL,1,1,0),(74,'communication_style','Communication Style',NULL,1,1,0),(75,'msg_mode','Message Mode',NULL,1,1,0),(76,'languages','Languages','List of Languages',1,1,NULL),(77,'encounter_medium','Encounter Medium','Encounter medium for case activities (e.g. In Person, By Phone, etc.)',1,1,NULL),(78,'msg_tpl_workflow_case','Message Template Workflow for Cases','Message Template Workflow for Cases',1,1,NULL),(79,'msg_tpl_workflow_contribution','Message Template Workflow for Contributions','Message Template Workflow for Contributions',1,1,NULL),(80,'msg_tpl_workflow_event','Message Template Workflow for Events','Message Template Workflow for Events',1,1,NULL),(81,'msg_tpl_workflow_friend','Message Template Workflow for Tell-a-Friend','Message Template Workflow for Tell-a-Friend',1,1,NULL),(82,'msg_tpl_workflow_membership','Message Template Workflow for Memberships','Message Template Workflow for Memberships',1,1,NULL),(83,'msg_tpl_workflow_meta','Message Template Workflow for Meta Templates','Message Template Workflow for Meta Templates',1,1,NULL),(84,'msg_tpl_workflow_pledge','Message Template Workflow for Pledges','Message Template Workflow for Pledges',1,1,NULL),(85,'msg_tpl_workflow_uf','Message Template Workflow for Profiles','Message Template Workflow for Profiles',1,1,NULL),(86,'msg_tpl_workflow_petition','Message Template Workflow for Petition','Message Template Workflow for Petition',1,1,NULL),(87,'soft_credit_type','Soft Credit Types',NULL,1,1,NULL);
/*!40000 ALTER TABLE `civicrm_option_group` ENABLE KEYS */;
UNLOCK TABLES;

--
-- Dumping data for table `civicrm_option_value`
--

LOCK TABLES `civicrm_option_value` WRITE;
/*!40000 ALTER TABLE `civicrm_option_value` DISABLE KEYS */;
INSERT INTO `civicrm_option_value` (`id`, `option_group_id`, `label`, `value`, `name`, `grouping`, `filter`, `is_default`, `weight`, `description`, `is_optgroup`, `is_reserved`, `is_active`, `component_id`, `domain_id`, `visibility_id`) VALUES (1,1,'Phone','1',NULL,NULL,0,NULL,1,NULL,0,0,1,NULL,NULL,NULL),(2,1,'Email','2',NULL,NULL,0,NULL,2,NULL,0,0,1,NULL,NULL,NULL),(3,1,'Postal Mail','3',NULL,NULL,0,NULL,3,NULL,0,0,1,NULL,NULL,NULL),(4,1,'SMS','4',NULL,NULL,0,NULL,4,NULL,0,0,1,NULL,NULL,NULL),(5,1,'Fax','5',NULL,NULL,0,NULL,5,NULL,0,0,1,NULL,NULL,NULL),(6,2,'Meeting','1','Meeting',NULL,0,NULL,1,NULL,0,1,1,NULL,NULL,NULL),(7,2,'Phone Call','2','Phone Call',NULL,0,NULL,2,NULL,0,1,1,NULL,NULL,NULL),(8,2,'Email','3','Email',NULL,1,NULL,3,'Email sent.',0,1,1,NULL,NULL,NULL),(9,2,'Outbound SMS','4','SMS',NULL,1,NULL,4,'Text message (SMS) sent.',0,1,1,NULL,NULL,NULL),(10,2,'Event Registration','5','Event Registration',NULL,1,NULL,5,'Online or offline event registration.',0,1,1,1,NULL,NULL),(11,2,'Contribution','6','Contribution',NULL,1,NULL,6,'Online or offline contribution.',0,1,1,2,NULL,NULL),(12,2,'Membership Signup','7','Membership Signup',NULL,1,NULL,7,'Online or offline membership signup.',0,1,1,3,NULL,NULL),(13,2,'Membership Renewal','8','Membership Renewal',NULL,1,NULL,8,'Online or offline membership renewal.',0,1,1,3,NULL,NULL),(14,2,'Tell a Friend','9','Tell a Friend',NULL,1,NULL,9,'Send information about a contribution campaign or event to a friend.',0,1,1,NULL,NULL,NULL),(15,2,'Pledge Acknowledgment','10','Pledge Acknowledgment',NULL,1,NULL,10,'Send Pledge Acknowledgment.',0,1,1,6,NULL,NULL),(16,2,'Pledge Reminder','11','Pledge Reminder',NULL,1,NULL,11,'Send Pledge Reminder.',0,1,1,6,NULL,NULL),(17,2,'Inbound Email','12','Inbound Email',NULL,1,NULL,12,'Inbound Email.',0,1,1,NULL,NULL,NULL),(18,2,'Open Case','13','Open Case',NULL,0,0,13,'',0,1,1,7,NULL,NULL),(19,2,'Follow up','14','Follow up',NULL,0,0,14,'',0,1,1,7,NULL,NULL),(20,2,'Change Case Type','15','Change Case Type',NULL,0,0,15,'',0,1,1,7,NULL,NULL),(21,2,'Change Case Status','16','Change Case Status',NULL,0,0,16,'',0,1,1,7,NULL,NULL),(22,2,'Membership Renewal Reminder','17','Membership Renewal Reminder',NULL,1,NULL,17,'offline membership renewal reminder.',0,1,1,3,NULL,NULL),(23,2,'Change Case Start Date','18','Change Case Start Date',NULL,0,0,18,'',0,1,1,7,NULL,NULL),(24,2,'Bulk Email','19','Bulk Email',NULL,1,NULL,19,'Bulk Email Sent.',0,1,1,NULL,NULL,NULL),(25,2,'Assign Case Role','20','Assign Case Role',NULL,0,0,20,'',0,1,1,7,NULL,NULL),(26,2,'Remove Case Role','21','Remove Case Role',NULL,0,0,21,'',0,1,1,7,NULL,NULL),(27,2,'Print PDF Letter','22','Print PDF Letter',NULL,0,NULL,22,'Print PDF Letter.',0,1,1,NULL,NULL,NULL),(28,2,'Merge Case','23','Merge Case',NULL,0,NULL,23,'',0,1,1,7,NULL,NULL),(29,2,'Reassigned Case','24','Reassigned Case',NULL,0,NULL,24,'',0,1,1,7,NULL,NULL),(30,2,'Link Cases','25','Link Cases',NULL,0,NULL,25,'',0,1,1,7,NULL,NULL),(31,2,'Change Case Tags','26','Change Case Tags',NULL,0,0,26,'',0,1,1,7,NULL,NULL),(32,2,'Add Client To Case','27','Add Client To Case',NULL,0,0,26,'',0,1,1,7,NULL,NULL),(33,2,'Survey','28','Survey',NULL,0,0,27,'',0,1,1,9,NULL,NULL),(34,2,'Canvass','29','Canvass',NULL,0,0,28,'',0,1,1,9,NULL,NULL),(35,2,'PhoneBank','30','PhoneBank',NULL,0,0,29,'',0,1,1,9,NULL,NULL),(36,2,'WalkList','31','WalkList',NULL,0,0,30,'',0,1,1,9,NULL,NULL),(37,2,'Petition Signature','32','Petition',NULL,0,0,31,'',0,1,1,9,NULL,NULL),(38,2,'Mass SMS','34','Mass SMS',NULL,1,NULL,34,'Mass SMS',0,1,1,NULL,NULL,NULL),(39,2,'Change Custom Data','33','Change Custom Data',NULL,0,0,33,'',0,1,1,7,NULL,NULL),(40,2,'Change Membership Status','35','Change Membership Status',NULL,1,NULL,35,'Change Membership Status.',0,1,1,3,NULL,NULL),(41,2,'Change Membership Type','36','Change Membership Type',NULL,1,NULL,36,'Change Membership Type.',0,1,1,3,NULL,NULL),(42,2,'Cancel Recurring Contribution','37','Cancel Recurring Contribution',NULL,1,0,37,'',0,1,1,NULL,NULL,NULL),(43,2,'Update Recurring Contribution Billing Details','38','Update Recurring Contribution Billing Details',NULL,1,0,38,'',0,1,1,NULL,NULL,NULL),(44,2,'Update Recurring Contribution','39','Update Recurring Contribution',NULL,1,0,39,'',0,1,1,NULL,NULL,NULL),(45,2,'Reminder Sent','40','Reminder Sent',NULL,1,0,40,'',0,1,1,NULL,NULL,NULL),(46,2,'Export Accounting Batch','41','Export Accounting Batch',NULL,1,0,41,'Export Accounting Batch',0,1,1,2,NULL,NULL),(47,2,'Create Batch','42','Create Batch',NULL,1,0,42,'Create Batch',0,1,1,2,NULL,NULL),(48,2,'Edit Batch','43','Edit Batch',NULL,1,0,43,'Edit Batch',0,1,1,2,NULL,NULL),(49,2,'SMS delivery','44','SMS delivery',NULL,1,NULL,44,'SMS delivery',0,1,1,NULL,NULL,NULL),(50,2,'Inbound SMS','45','Inbound SMS',NULL,1,NULL,45,'Inbound SMS',0,1,1,NULL,NULL,NULL),(51,2,'Payment','46','Payment',NULL,1,NULL,46,'Additional payment recorded for event or membership fee.',0,1,1,2,NULL,NULL),(52,2,'Refund','47','Refund',NULL,1,NULL,47,'Refund recorded for event or membership fee.',0,1,1,2,NULL,NULL),(53,2,'Change Registration','48','Change Registration',NULL,1,NULL,48,'Changes to an existing event registration.',0,1,1,1,NULL,NULL),(54,3,'Female','1','Female',NULL,0,NULL,1,NULL,0,0,1,NULL,NULL,NULL),(55,3,'Male','2','Male',NULL,0,NULL,2,NULL,0,0,1,NULL,NULL,NULL),(56,3,'Transgender','3','Transgender',NULL,0,NULL,3,NULL,0,0,1,NULL,NULL,NULL),(57,4,'Yahoo','1','Yahoo',NULL,0,NULL,1,NULL,0,0,1,NULL,NULL,NULL),(58,4,'MSN','2','Msn',NULL,0,NULL,2,NULL,0,0,1,NULL,NULL,NULL),(59,4,'AIM','3','Aim',NULL,0,NULL,3,NULL,0,0,1,NULL,NULL,NULL),(60,4,'GTalk','4','Gtalk',NULL,0,NULL,4,NULL,0,0,1,NULL,NULL,NULL),(61,4,'Jabber','5','Jabber',NULL,0,NULL,5,NULL,0,0,1,NULL,NULL,NULL),(62,4,'Skype','6','Skype',NULL,0,NULL,6,NULL,0,0,1,NULL,NULL,NULL),(63,5,'Sprint','1','Sprint',NULL,0,NULL,1,NULL,0,0,1,NULL,NULL,NULL),(64,5,'Verizon','2','Verizon',NULL,0,NULL,2,NULL,0,0,1,NULL,NULL,NULL),(65,5,'Cingular','3','Cingular',NULL,0,NULL,3,NULL,0,0,1,NULL,NULL,NULL),(66,6,'Mrs.','1','Mrs.',NULL,0,NULL,1,NULL,0,0,1,NULL,NULL,NULL),(67,6,'Ms.','2','Ms.',NULL,0,NULL,2,NULL,0,0,1,NULL,NULL,NULL),(68,6,'Mr.','3','Mr.',NULL,0,NULL,3,NULL,0,0,1,NULL,NULL,NULL),(69,6,'Dr.','4','Dr.',NULL,0,NULL,4,NULL,0,0,1,NULL,NULL,NULL),(70,7,'Jr.','1','Jr.',NULL,0,NULL,1,NULL,0,0,1,NULL,NULL,NULL),(71,7,'Sr.','2','Sr.',NULL,0,NULL,2,NULL,0,0,1,NULL,NULL,NULL),(72,7,'II','3','II',NULL,0,NULL,3,NULL,0,0,1,NULL,NULL,NULL),(73,7,'III','4','III',NULL,0,NULL,4,NULL,0,0,1,NULL,NULL,NULL),(74,7,'IV','5','IV',NULL,0,NULL,5,NULL,0,0,1,NULL,NULL,NULL),(75,7,'V','6','V',NULL,0,NULL,6,NULL,0,0,1,NULL,NULL,NULL),(76,7,'VI','7','VI',NULL,0,NULL,7,NULL,0,0,1,NULL,NULL,NULL),(77,7,'VII','8','VII',NULL,0,NULL,8,NULL,0,0,1,NULL,NULL,NULL),(78,8,'Administrator','1','Admin',NULL,0,NULL,1,NULL,0,0,1,NULL,NULL,NULL),(79,8,'Authenticated','2','Auth',NULL,0,NULL,2,NULL,0,1,1,NULL,NULL,NULL),(80,9,'Visa','1','Visa',NULL,0,NULL,1,NULL,0,0,1,NULL,NULL,NULL),(81,9,'MasterCard','2','MasterCard',NULL,0,NULL,2,NULL,0,0,1,NULL,NULL,NULL),(82,9,'Amex','3','Amex',NULL,0,NULL,3,NULL,0,0,1,NULL,NULL,NULL),(83,9,'Discover','4','Discover',NULL,0,NULL,4,NULL,0,0,1,NULL,NULL,NULL),(84,10,'Credit Card','1','Credit Card',NULL,0,0,1,NULL,0,1,1,NULL,NULL,NULL),(85,10,'Debit Card','2','Debit Card',NULL,0,0,2,NULL,0,1,1,NULL,NULL,NULL),(86,10,'Cash','3','Cash',NULL,0,0,3,NULL,0,0,1,NULL,NULL,NULL),(87,10,'Check','4','Check',NULL,0,1,4,NULL,0,1,1,NULL,NULL,NULL),(88,10,'EFT','5','EFT',NULL,0,0,5,NULL,0,0,1,NULL,NULL,NULL),(89,11,'Completed','1','Completed',NULL,0,NULL,1,NULL,0,1,1,NULL,NULL,NULL),(90,11,'Pending','2','Pending',NULL,0,NULL,2,NULL,0,1,1,NULL,NULL,NULL),(91,11,'Cancelled','3','Cancelled',NULL,0,NULL,3,NULL,0,1,1,NULL,NULL,NULL),(92,11,'Failed','4','Failed',NULL,0,NULL,4,NULL,0,1,1,NULL,NULL,NULL),(93,11,'In Progress','5','In Progress',NULL,0,NULL,5,NULL,0,1,1,NULL,NULL,NULL),(94,11,'Overdue','6','Overdue',NULL,0,NULL,6,NULL,0,1,1,NULL,NULL,NULL),(95,11,'Refunded','7','Refunded',NULL,0,NULL,7,NULL,0,1,1,NULL,NULL,NULL),(96,11,'Partially paid','8','Partially paid',NULL,0,NULL,8,NULL,0,1,1,NULL,NULL,NULL),(97,11,'Pending refund','9','Pending refund',NULL,0,NULL,9,NULL,0,1,1,NULL,NULL,NULL),(98,12,'Waiting Review','1','Waiting Review',NULL,0,NULL,1,NULL,0,1,1,NULL,NULL,NULL),(99,12,'Approved','2','Approved',NULL,0,NULL,2,NULL,0,1,1,NULL,NULL,NULL),(100,12,'Not Approved','3','Not Approved',NULL,0,NULL,3,NULL,0,1,1,NULL,NULL,NULL),(101,13,'Attendee','1','Attendee',NULL,1,NULL,1,NULL,0,0,1,NULL,NULL,NULL),(102,13,'Volunteer','2','Volunteer',NULL,1,NULL,2,NULL,0,0,1,NULL,NULL,NULL),(103,13,'Host','3','Host',NULL,1,NULL,3,NULL,0,0,1,NULL,NULL,NULL),(104,13,'Speaker','4','Speaker',NULL,1,NULL,4,NULL,0,0,1,NULL,NULL,NULL),(105,14,'Conference','1','Conference',NULL,0,NULL,1,NULL,0,0,1,NULL,NULL,NULL),(106,14,'Exhibition','2','Exhibition',NULL,0,NULL,2,NULL,0,0,1,NULL,NULL,NULL),(107,14,'Fundraiser','3','Fundraiser',NULL,0,NULL,3,NULL,0,0,1,NULL,NULL,NULL),(108,14,'Meeting','4','Meeting',NULL,0,NULL,4,NULL,0,0,1,NULL,NULL,NULL),(109,14,'Performance','5','Performance',NULL,0,NULL,5,NULL,0,0,1,NULL,NULL,NULL),(110,14,'Workshop','6','Workshop',NULL,0,NULL,6,NULL,0,0,1,NULL,NULL,NULL),(111,15,'Activities','1','activity',NULL,0,NULL,1,NULL,0,0,1,NULL,NULL,NULL),(112,15,'Relationships','2','rel',NULL,0,NULL,2,NULL,0,0,1,NULL,NULL,NULL),(113,15,'Groups','3','group',NULL,0,NULL,3,NULL,0,0,1,NULL,NULL,NULL),(114,15,'Notes','4','note',NULL,0,NULL,4,NULL,0,0,1,NULL,NULL,NULL),(115,15,'Tags','5','tag',NULL,0,NULL,5,NULL,0,0,1,NULL,NULL,NULL),(116,15,'Change Log','6','log',NULL,0,NULL,6,NULL,0,0,1,NULL,NULL,NULL),(117,15,'Contributions','7','CiviContribute',NULL,0,NULL,7,NULL,0,0,1,NULL,NULL,NULL),(118,15,'Memberships','8','CiviMember',NULL,0,NULL,8,NULL,0,0,1,NULL,NULL,NULL),(119,15,'Events','9','CiviEvent',NULL,0,NULL,9,NULL,0,0,1,NULL,NULL,NULL),(120,15,'Cases','10','CiviCase',NULL,0,NULL,10,NULL,0,0,1,NULL,NULL,NULL),(121,15,'Grants','11','CiviGrant',NULL,0,NULL,11,NULL,0,0,1,NULL,NULL,NULL),(122,15,'Pledges','13','CiviPledge',NULL,0,NULL,13,NULL,0,0,1,NULL,NULL,NULL),(123,15,'Mailings','14','CiviMail',NULL,0,NULL,14,NULL,0,0,1,NULL,NULL,NULL),(124,16,'Show Smart Groups on Demand','1','showondemand',NULL,0,NULL,1,NULL,0,0,1,NULL,NULL,NULL),(125,16,'Always Show Smart Groups','2','alwaysshow',NULL,0,NULL,2,NULL,0,0,1,NULL,NULL,NULL),(126,16,'Hide Smart Groups','3','hide',NULL,0,NULL,3,NULL,0,0,1,NULL,NULL,NULL),(127,17,'Custom Data','1','CustomData',NULL,0,NULL,1,NULL,0,0,1,NULL,NULL,NULL),(128,17,'Address','2','Address',NULL,0,NULL,2,NULL,0,0,1,NULL,NULL,NULL),(129,17,'Communication Preferences','3','CommunicationPreferences',NULL,0,NULL,3,NULL,0,0,1,NULL,NULL,NULL),(130,17,'Notes','4','Notes',NULL,0,NULL,4,NULL,0,0,1,NULL,NULL,NULL),(131,17,'Demographics','5','Demographics',NULL,0,NULL,5,NULL,0,0,1,NULL,NULL,NULL),(132,17,'Tags and Groups','6','TagsAndGroups',NULL,0,NULL,6,NULL,0,0,1,NULL,NULL,NULL),(133,17,'Email','7','Email',NULL,1,NULL,7,NULL,0,0,1,NULL,NULL,NULL),(134,17,'Phone','8','Phone',NULL,1,NULL,8,NULL,0,0,1,NULL,NULL,NULL),(135,17,'Instant Messenger','9','IM',NULL,1,NULL,9,NULL,0,0,1,NULL,NULL,NULL),(136,17,'Open ID','10','OpenID',NULL,1,NULL,10,NULL,0,0,1,NULL,NULL,NULL),(137,17,'Website','11','Website',NULL,1,NULL,11,NULL,0,0,1,NULL,NULL,NULL),(138,17,'Prefix','12','Prefix',NULL,2,NULL,12,NULL,0,0,1,NULL,NULL,NULL),(139,17,'Formal Title','13','Formal Title',NULL,2,NULL,13,NULL,0,0,1,NULL,NULL,NULL),(140,17,'First Name','14','First Name',NULL,2,NULL,14,NULL,0,0,1,NULL,NULL,NULL),(141,17,'Middle Name','15','Middle Name',NULL,2,NULL,15,NULL,0,0,1,NULL,NULL,NULL),(142,17,'Last Name','16','Last Name',NULL,2,NULL,16,NULL,0,0,1,NULL,NULL,NULL),(143,17,'Suffix','17','Suffix',NULL,2,NULL,17,NULL,0,0,1,NULL,NULL,NULL),(144,18,'Address Fields','1','location',NULL,0,NULL,1,NULL,0,0,1,NULL,NULL,NULL),(145,18,'Custom Fields','2','custom',NULL,0,NULL,2,NULL,0,0,1,NULL,NULL,NULL),(146,18,'Activities','3','activity',NULL,0,NULL,4,NULL,0,0,1,NULL,NULL,NULL),(147,18,'Relationships','4','relationship',NULL,0,NULL,5,NULL,0,0,1,NULL,NULL,NULL),(148,18,'Notes','5','notes',NULL,0,NULL,6,NULL,0,0,1,NULL,NULL,NULL),(149,18,'Change Log','6','changeLog',NULL,0,NULL,7,NULL,0,0,1,NULL,NULL,NULL),(150,18,'Contributions','7','CiviContribute',NULL,0,NULL,8,NULL,0,0,1,NULL,NULL,NULL),(151,18,'Memberships','8','CiviMember',NULL,0,NULL,9,NULL,0,0,1,NULL,NULL,NULL),(152,18,'Events','9','CiviEvent',NULL,0,NULL,10,NULL,0,0,1,NULL,NULL,NULL),(153,18,'Cases','10','CiviCase',NULL,0,NULL,11,NULL,0,0,1,NULL,NULL,NULL),(154,18,'Grants','12','CiviGrant',NULL,0,NULL,14,NULL,0,0,1,NULL,NULL,NULL),(155,18,'Demographics','13','demographics',NULL,0,NULL,15,NULL,0,0,1,NULL,NULL,NULL),(156,18,'Pledges','15','CiviPledge',NULL,0,NULL,17,NULL,0,0,1,NULL,NULL,NULL),(157,18,'Contact Type','16','contactType',NULL,0,NULL,18,NULL,0,0,1,NULL,NULL,NULL),(158,18,'Groups','17','groups',NULL,0,NULL,19,NULL,0,0,1,NULL,NULL,NULL),(159,18,'Tags','18','tags',NULL,0,NULL,20,NULL,0,0,1,NULL,NULL,NULL),(160,18,'Mailing','19','CiviMail',NULL,0,NULL,21,NULL,0,0,1,NULL,NULL,NULL),(161,19,'Groups','1','Groups',NULL,0,NULL,1,NULL,0,0,1,NULL,NULL,NULL),(162,19,'Contributions','2','CiviContribute',NULL,0,NULL,2,NULL,0,0,1,NULL,NULL,NULL),(163,19,'Memberships','3','CiviMember',NULL,0,NULL,3,NULL,0,0,1,NULL,NULL,NULL),(164,19,'Events','4','CiviEvent',NULL,0,NULL,4,NULL,0,0,1,NULL,NULL,NULL),(165,19,'My Contacts / Organizations','5','Permissioned Orgs',NULL,0,NULL,5,NULL,0,0,1,NULL,NULL,NULL),(166,19,'Pledges','7','CiviPledge',NULL,0,NULL,7,NULL,0,0,1,NULL,NULL,NULL),(167,19,'Personal Campaign Pages','8','PCP',NULL,0,NULL,8,NULL,0,0,1,NULL,NULL,NULL),(168,19,'Assigned Activities','9','Assigned Activities',NULL,0,NULL,9,NULL,0,0,1,NULL,NULL,NULL),(169,44,'Email Address','2','email',NULL,0,NULL,2,NULL,0,0,1,NULL,NULL,NULL),(170,44,'Phone','3','phone',NULL,0,NULL,3,NULL,0,0,1,NULL,NULL,NULL),(171,44,'Street Address','4','street_address',NULL,0,NULL,4,NULL,0,0,1,NULL,NULL,NULL),(172,44,'City','5','city',NULL,0,NULL,5,NULL,0,0,1,NULL,NULL,NULL),(173,44,'State/Province','6','state_province',NULL,0,NULL,6,NULL,0,0,1,NULL,NULL,NULL),(174,44,'Country','7','country',NULL,0,NULL,7,NULL,0,0,1,NULL,NULL,NULL),(175,45,'Email Address','2','email',NULL,0,NULL,2,NULL,0,0,1,NULL,NULL,NULL),(176,45,'Phone','3','phone',NULL,0,NULL,3,NULL,0,0,1,NULL,NULL,NULL),(177,45,'Street Address','4','street_address',NULL,0,NULL,4,NULL,0,0,1,NULL,NULL,NULL),(178,45,'City','5','city',NULL,0,NULL,5,NULL,0,0,1,NULL,NULL,NULL),(179,45,'State/Province','6','state_province',NULL,0,NULL,6,NULL,0,0,1,NULL,NULL,NULL),(180,45,'Country','7','country',NULL,0,NULL,7,NULL,0,0,1,NULL,NULL,NULL),(181,20,'Street Address','1','street_address',NULL,0,NULL,1,NULL,0,0,1,NULL,NULL,NULL),(182,20,'Supplemental Address 1','2','supplemental_address_1',NULL,0,NULL,2,NULL,0,0,1,NULL,NULL,NULL),(183,20,'Supplemental Address 2','3','supplemental_address_2',NULL,0,NULL,3,NULL,0,0,1,NULL,NULL,NULL),(184,20,'City','4','city',NULL,0,NULL,4,NULL,0,0,1,NULL,NULL,NULL),(185,20,'Zip / Postal Code','5','postal_code',NULL,0,NULL,5,NULL,0,0,1,NULL,NULL,NULL),(186,20,'Postal Code Suffix','6','postal_code_suffix',NULL,0,NULL,6,NULL,0,0,1,NULL,NULL,NULL),(187,20,'County','7','county',NULL,0,NULL,7,NULL,0,0,1,NULL,NULL,NULL),(188,20,'State / Province','8','state_province',NULL,0,NULL,8,NULL,0,0,1,NULL,NULL,NULL),(189,20,'Country','9','country',NULL,0,NULL,9,NULL,0,0,1,NULL,NULL,NULL),(190,20,'Latitude','10','geo_code_1',NULL,0,NULL,10,NULL,0,0,1,NULL,NULL,NULL),(191,20,'Longitude','11','geo_code_2',NULL,0,NULL,11,NULL,0,0,1,NULL,NULL,NULL),(192,20,'Address Name','12','address_name',NULL,0,NULL,12,NULL,0,0,1,NULL,NULL,NULL),(193,20,'Street Address Parsing','13','street_address_parsing',NULL,0,NULL,13,NULL,0,0,1,NULL,NULL,NULL),(194,21,'Access Control','1',NULL,NULL,0,NULL,1,NULL,0,1,1,NULL,NULL,NULL),(195,21,'Mailing List','2',NULL,NULL,0,NULL,2,NULL,0,1,1,NULL,NULL,NULL),(196,22,'Submitted','1','Submitted',NULL,0,1,1,NULL,0,0,1,NULL,NULL,NULL),(197,22,'Approved','2','Approved',NULL,0,NULL,2,NULL,0,0,1,NULL,NULL,NULL),(198,22,'Rejected','3','Rejected',NULL,0,NULL,3,NULL,0,0,1,NULL,NULL,NULL),(199,22,'Paid','4','Paid',NULL,0,NULL,4,NULL,0,0,1,NULL,NULL,NULL),(200,22,'Awaiting Information\'','5','Awaiting Information',NULL,0,NULL,5,NULL,0,0,1,NULL,NULL,NULL),(201,22,'Withdrawn','6','Withdrawn',NULL,0,NULL,6,NULL,0,0,1,NULL,NULL,NULL),(202,24,'CRM_Contact_Form_Search_Custom_Sample','1','CRM_Contact_Form_Search_Custom_Sample',NULL,0,NULL,1,'Household Name and State',0,0,1,NULL,NULL,NULL),(203,24,'CRM_Contact_Form_Search_Custom_ContributionAggregate','2','CRM_Contact_Form_Search_Custom_ContributionAggregate',NULL,0,NULL,2,'Contribution Aggregate',0,0,1,NULL,NULL,NULL),(204,24,'CRM_Contact_Form_Search_Custom_Basic','3','CRM_Contact_Form_Search_Custom_Basic',NULL,0,NULL,3,'Basic Search',0,0,1,NULL,NULL,NULL),(205,24,'CRM_Contact_Form_Search_Custom_Group','4','CRM_Contact_Form_Search_Custom_Group',NULL,0,NULL,4,'Include / Exclude Search',0,0,1,NULL,NULL,NULL),(206,24,'CRM_Contact_Form_Search_Custom_PostalMailing','5','CRM_Contact_Form_Search_Custom_PostalMailing',NULL,0,NULL,5,'Postal Mailing',0,0,1,NULL,NULL,NULL),(207,24,'CRM_Contact_Form_Search_Custom_Proximity','6','CRM_Contact_Form_Search_Custom_Proximity',NULL,0,NULL,6,'Proximity Search',0,0,1,NULL,NULL,NULL),(208,24,'CRM_Contact_Form_Search_Custom_EventAggregate','7','CRM_Contact_Form_Search_Custom_EventAggregate',NULL,0,NULL,7,'Event Aggregate',0,0,1,NULL,NULL,NULL),(209,24,'CRM_Contact_Form_Search_Custom_ActivitySearch','8','CRM_Contact_Form_Search_Custom_ActivitySearch',NULL,0,NULL,8,'Activity Search',0,0,1,NULL,NULL,NULL),(210,24,'CRM_Contact_Form_Search_Custom_PriceSet','9','CRM_Contact_Form_Search_Custom_PriceSet',NULL,0,NULL,9,'Price Set Details for Event Participants',0,0,1,NULL,NULL,NULL),(211,24,'CRM_Contact_Form_Search_Custom_ZipCodeRange','10','CRM_Contact_Form_Search_Custom_ZipCodeRange',NULL,0,NULL,10,'Zip Code Range',0,0,1,NULL,NULL,NULL),(212,24,'CRM_Contact_Form_Search_Custom_DateAdded','11','CRM_Contact_Form_Search_Custom_DateAdded',NULL,0,NULL,11,'Date Added to CiviCRM',0,0,1,NULL,NULL,NULL),(213,24,'CRM_Contact_Form_Search_Custom_MultipleValues','12','CRM_Contact_Form_Search_Custom_MultipleValues',NULL,0,NULL,12,'Custom Group Multiple Values Listing',0,0,1,NULL,NULL,NULL),(214,24,'CRM_Contact_Form_Search_Custom_ContribSYBNT','13','CRM_Contact_Form_Search_Custom_ContribSYBNT',NULL,0,NULL,13,'Contributions made in Year X and not Year Y',0,0,1,NULL,NULL,NULL),(215,24,'CRM_Contact_Form_Search_Custom_TagContributions','14','CRM_Contact_Form_Search_Custom_TagContributions',NULL,0,NULL,14,'Find Contribution Amounts by Tag',0,0,1,NULL,NULL,NULL),(216,24,'CRM_Contact_Form_Search_Custom_FullText','15','CRM_Contact_Form_Search_Custom_FullText',NULL,0,NULL,15,'Full-text Search',0,0,1,NULL,NULL,NULL),(217,40,'Constituent Report (Summary)','contact/summary','CRM_Report_Form_Contact_Summary',NULL,0,NULL,1,'Provides a list of address and telephone information for constituent records in your system.',0,0,1,NULL,NULL,NULL),(218,40,'Constituent Report (Detail)','contact/detail','CRM_Report_Form_Contact_Detail',NULL,0,NULL,2,'Provides contact-related information on contributions, memberships, events and activities.',0,0,1,NULL,NULL,NULL),(219,40,'Activity Report','activity','CRM_Report_Form_Activity',NULL,0,NULL,3,'Provides a list of constituent activity including activity statistics for one/all contacts during a given date range(required)',0,0,1,NULL,NULL,NULL),(220,40,'Walk / Phone List Report','walklist','CRM_Report_Form_Walklist_Walklist',NULL,0,NULL,4,'Provides a detailed report for your walk/phonelist for targetted contacts',0,0,0,NULL,NULL,NULL),(221,40,'Current Employer Report','contact/currentEmployer','CRM_Report_Form_Contact_CurrentEmployer',NULL,0,NULL,5,'Provides detail list of employer employee relationships along with employment details Ex Join Date',0,0,1,NULL,NULL,NULL),(222,40,'Contribution Summary Report','contribute/summary','CRM_Report_Form_Contribute_Summary',NULL,0,NULL,6,'Groups and totals contributions by criteria including contact, time period, financial type, contributor location, etc.',0,0,1,2,NULL,NULL),(223,40,'Contribution Detail Report','contribute/detail','CRM_Report_Form_Contribute_Detail',NULL,0,NULL,7,'Lists specific contributions by criteria including contact, time period, financial type, contributor location, etc. Contribution summary report points to this report for contribution details.',0,0,1,2,NULL,NULL),(224,40,'Repeat Contributions Report','contribute/repeat','CRM_Report_Form_Contribute_Repeat',NULL,0,NULL,8,'Given two date ranges, shows contacts who contributed in both the date ranges with the amount contributed in each and the percentage increase / decrease.',0,0,1,2,NULL,NULL),(225,40,'Contributions by Organization Report','contribute/organizationSummary','CRM_Report_Form_Contribute_OrganizationSummary',NULL,0,NULL,9,'Displays a detailed list of contributions grouped by organization, which includes contributions made by employees for the organisation.',0,0,1,2,NULL,NULL),(226,40,'Contributions by Household Report','contribute/householdSummary','CRM_Report_Form_Contribute_HouseholdSummary',NULL,0,NULL,10,'Displays a detailed list of contributions grouped by household which includes contributions made by members of the household.',0,0,1,2,NULL,NULL),(227,40,'Top Donors Report','contribute/topDonor','CRM_Report_Form_Contribute_TopDonor',NULL,0,NULL,11,'Provides a list of the top donors during a time period you define. You can include as many donors as you want (for example, top 100 of your donors).',0,0,1,2,NULL,NULL),(228,40,'SYBUNT Report','contribute/sybunt','CRM_Report_Form_Contribute_Sybunt',NULL,0,NULL,12,'SYBUNT means some year(s) but not this year. Provides a list of constituents who donated at some time in the history of your organization but did not donate during the time period you specify.',0,0,1,2,NULL,NULL),(229,40,'LYBUNT Report','contribute/lybunt','CRM_Report_Form_Contribute_Lybunt',NULL,0,NULL,13,'LYBUNT means last year but not this year. Provides a list of constituents who donated last year but did not donate during the time period you specify as the current year.',0,0,1,2,NULL,NULL),(230,40,'Soft Credit Report','contribute/softcredit','CRM_Report_Form_Contribute_SoftCredit',NULL,0,NULL,14,'Shows contributions made by contacts that have been soft-credited to other contacts.',0,0,1,2,NULL,NULL),(231,40,'Membership Report (Summary)','member/summary','CRM_Report_Form_Member_Summary',NULL,0,NULL,15,'Provides a summary of memberships by type and join date.',0,0,1,3,NULL,NULL),(232,40,'Membership Report (Detail)','member/detail','CRM_Report_Form_Member_Detail',NULL,0,NULL,16,'Provides a list of members along with their membership status and membership details (Join Date, Start Date, End Date). Can also display contributions (payments) associated with each membership.',0,0,1,3,NULL,NULL),(233,40,'Membership Report (Lapsed)','member/lapse','CRM_Report_Form_Member_Lapse',NULL,0,NULL,17,'Provides a list of memberships that lapsed or will lapse before the date you specify.',0,0,1,3,NULL,NULL),(234,40,'Event Participant Report (List)','event/participantListing','CRM_Report_Form_Event_ParticipantListing',NULL,0,NULL,18,'Provides lists of participants for an event.',0,0,1,1,NULL,NULL),(235,40,'Event Income Report (Summary)','event/summary','CRM_Report_Form_Event_Summary',NULL,0,NULL,19,'Provides an overview of event income. You can include key information such as event ID, registration, attendance, and income generated to help you determine the success of an event.',0,0,1,1,NULL,NULL),(236,40,'Event Income Report (Detail)','event/income','CRM_Report_Form_Event_Income',NULL,0,NULL,20,'Helps you to analyze the income generated by an event. The report can include details by participant type, status and payment method.',0,0,1,1,NULL,NULL),(237,40,'Pledge Report','pledge/detail','CRM_Report_Form_Pledge_Detail',NULL,0,NULL,21,'Pledge Report',0,0,1,6,NULL,NULL),(238,40,'Pledged But not Paid Report','pledge/pbnp','CRM_Report_Form_Pledge_Pbnp',NULL,0,NULL,22,'Pledged but not Paid Report',0,0,1,6,NULL,NULL),(239,40,'Relationship Report','contact/relationship','CRM_Report_Form_Contact_Relationship',NULL,0,NULL,23,'Relationship Report',0,0,1,NULL,NULL,NULL),(240,40,'Case Summary Report','case/summary','CRM_Report_Form_Case_Summary',NULL,0,NULL,24,'Provides a summary of cases and their duration by date range, status, staff member and / or case role.',0,0,1,7,NULL,NULL),(241,40,'Case Time Spent Report','case/timespent','CRM_Report_Form_Case_TimeSpent',NULL,0,NULL,25,'Aggregates time spent on case and / or non-case activities by activity type and contact.',0,0,1,7,NULL,NULL),(242,40,'Contact Demographics Report','case/demographics','CRM_Report_Form_Case_Demographics',NULL,0,NULL,26,'Demographic breakdown for case clients (and or non-case contacts) in your database. Includes custom contact fields.',0,0,1,7,NULL,NULL),(243,40,'Database Log Report','contact/log','CRM_Report_Form_Contact_Log',NULL,0,NULL,27,'Log of contact and activity records created or updated in a given date range.',0,0,1,NULL,NULL,NULL),(244,40,'Activity Report (Summary)','activitySummary','CRM_Report_Form_ActivitySummary',NULL,0,NULL,28,'Shows activity statistics by type / date',0,0,1,NULL,NULL,NULL),(245,40,'Bookkeeping Transactions Report','contribute/bookkeeping','CRM_Report_Form_Contribute_Bookkeeping',NULL,0,0,29,'Shows Bookkeeping Transactions Report',0,0,1,2,NULL,NULL),(246,40,'Grant Report (Detail)','grant/detail','CRM_Report_Form_Grant_Detail',NULL,0,0,30,'Grant Report Detail',0,0,1,5,NULL,NULL),(247,40,'Participant list Count Report','event/participantlist','CRM_Report_Form_Event_ParticipantListCount',NULL,0,0,31,'Shows the Participant list with Participant Count.',0,0,1,1,NULL,NULL),(248,40,'Income Count Summary Report','event/incomesummary','CRM_Report_Form_Event_IncomeCountSummary',NULL,0,0,32,'Shows the Income Summary of events with Count.',0,0,1,1,NULL,NULL),(249,40,'Case Detail Report','case/detail','CRM_Report_Form_Case_Detail',NULL,0,0,33,'Case Details',0,0,1,7,NULL,NULL),(250,40,'Mail Bounce Report','Mailing/bounce','CRM_Report_Form_Mailing_Bounce',NULL,0,NULL,34,'Bounce Report for mailings',0,0,1,4,NULL,NULL),(251,40,'Mail Summary Report','Mailing/summary','CRM_Report_Form_Mailing_Summary',NULL,0,NULL,35,'Summary statistics for mailings',0,0,1,4,NULL,NULL),(252,40,'Mail Opened Report','Mailing/opened','CRM_Report_Form_Mailing_Opened',NULL,0,NULL,36,'Display contacts who opened emails from a mailing',0,0,1,4,NULL,NULL),(253,40,'Mail Clickthrough Report','Mailing/clicks','CRM_Report_Form_Mailing_Clicks',NULL,0,NULL,37,'Display clicks from each mailing',0,0,1,4,NULL,NULL),(254,40,'Contact Logging Report (Summary)','logging/contact/summary','CRM_Report_Form_Contact_LoggingSummary',NULL,0,NULL,38,'Contact modification report for the logging infrastructure (summary).',0,0,0,NULL,NULL,NULL),(255,40,'Contact Logging Report (Detail)','logging/contact/detail','CRM_Report_Form_Contact_LoggingDetail',NULL,0,NULL,39,'Contact modification report for the logging infrastructure (detail).',0,0,0,NULL,NULL,NULL),(256,40,'Contribute Logging Report (Summary)','logging/contribute/summary','CRM_Report_Form_Contribute_LoggingSummary',NULL,0,NULL,40,'Contribute modification report for the logging infrastructure (summary).',0,0,0,2,NULL,NULL),(257,40,'Contribute Logging Report (Detail)','logging/contribute/detail','CRM_Report_Form_Contribute_LoggingDetail',NULL,0,NULL,41,'Contribute modification report for the logging infrastructure (detail).',0,0,0,2,NULL,NULL),(258,40,'Grant Report (Statistics)','grant/statistics','CRM_Report_Form_Grant_Statistics',NULL,0,NULL,42,'Shows statistics for Grants.',0,0,1,5,NULL,NULL),(259,40,'Survey Report (Detail)','survey/detail','CRM_Report_Form_Campaign_SurveyDetails',NULL,0,NULL,43,'Detailed report for canvassing, phone-banking, walk lists or other surveys.',0,0,1,9,NULL,NULL),(260,40,'Personal Campaign Page Report','contribute/pcp','CRM_Report_Form_Contribute_PCP',NULL,0,NULL,44,'Summarizes amount raised and number of contributors for each Personal Campaign Page.',0,0,1,2,NULL,NULL),(261,40,'Pledge Summary Report','pledge/summary','CRM_Report_Form_Pledge_Summary',NULL,0,NULL,45,'Summary of pledges including amount pledged, pledge status, next payment date, balance due, total amount paid etc.',0,0,1,6,NULL,NULL),(262,40,'Contribution Aggregate by Relationship','contribute/history','CRM_Report_Form_Contribute_History',NULL,0,NULL,46,'List contact\'s donation history, grouped by year, along with contributions attributed to any of the contact\'s related contacts.',0,0,1,2,NULL,NULL),(263,40,'Mail Detail Report','mailing/detail','CRM_Report_Form_Mailing_Detail',NULL,0,NULL,47,'Provides reporting on Intended and Successful Deliveries, Unsubscribes and Opt-outs, Replies and Forwards.',0,0,1,4,NULL,NULL),(264,40,'Contribution and Membership Details','member/contributionDetail','CRM_Report_Form_Member_ContributionDetail',NULL,0,NULL,48,'Contribution details for any type of contribution, plus associated membership information for contributions which are in payment for memberships.',0,0,1,3,NULL,NULL),(265,25,'Scheduled','1','Scheduled',NULL,0,1,1,NULL,0,1,1,NULL,NULL,NULL),(266,25,'Completed','2','Completed',NULL,0,NULL,2,NULL,0,1,1,NULL,NULL,NULL),(267,25,'Cancelled','3','Cancelled',NULL,0,NULL,3,NULL,0,1,1,NULL,NULL,NULL),(268,25,'Left Message','4','Left Message',NULL,0,NULL,4,NULL,0,0,1,NULL,NULL,NULL),(269,25,'Unreachable','5','Unreachable',NULL,0,NULL,5,NULL,0,0,1,NULL,NULL,NULL),(270,25,'Not Required','6','Not Required',NULL,0,NULL,6,NULL,0,0,1,NULL,NULL,NULL),(271,25,'Available','7','Available',NULL,0,NULL,7,NULL,0,0,1,NULL,NULL,NULL),(272,25,'No-show','8','No_show',NULL,0,NULL,8,NULL,0,0,1,NULL,NULL,NULL),(273,27,'Ongoing','1','Open','Opened',0,1,1,NULL,0,1,1,NULL,NULL,NULL),(274,27,'Resolved','2','Closed','Closed',0,NULL,2,NULL,0,1,1,NULL,NULL,NULL),(275,27,'Urgent','3','Urgent','Opened',0,NULL,3,NULL,0,0,1,NULL,NULL,NULL),(276,28,'Name Only','1','Name Only',NULL,0,0,1,'CRM_Event_Page_ParticipantListing_Name',0,1,1,NULL,NULL,NULL),(277,28,'Name and Email','2','Name and Email',NULL,0,0,2,'CRM_Event_Page_ParticipantListing_NameAndEmail',0,1,1,NULL,NULL,NULL),(278,28,'Name, Status and Register Date','3','Name, Status and Register Date',NULL,0,0,3,'CRM_Event_Page_ParticipantListing_NameStatusAndDate',0,1,1,NULL,NULL,NULL),(279,29,'jpg','1',NULL,NULL,0,0,1,NULL,0,0,1,NULL,NULL,NULL),(280,29,'jpeg','2',NULL,NULL,0,0,2,NULL,0,0,1,NULL,NULL,NULL),(281,29,'png','3',NULL,NULL,0,0,3,NULL,0,0,1,NULL,NULL,NULL),(282,29,'gif','4',NULL,NULL,0,0,4,NULL,0,0,1,NULL,NULL,NULL),(283,29,'txt','5',NULL,NULL,0,0,5,NULL,0,0,1,NULL,NULL,NULL),(284,29,'pdf','6',NULL,NULL,0,0,6,NULL,0,0,1,NULL,NULL,NULL),(285,29,'doc','7',NULL,NULL,0,0,7,NULL,0,0,1,NULL,NULL,NULL),(286,29,'xls','8',NULL,NULL,0,0,8,NULL,0,0,1,NULL,NULL,NULL),(287,29,'rtf','9',NULL,NULL,0,0,9,NULL,0,0,1,NULL,NULL,NULL),(288,29,'csv','10',NULL,NULL,0,0,10,NULL,0,0,1,NULL,NULL,NULL),(289,29,'ppt','11',NULL,NULL,0,0,11,NULL,0,0,1,NULL,NULL,NULL),(290,29,'docx','12',NULL,NULL,0,0,12,NULL,0,0,1,NULL,NULL,NULL),(291,29,'xlsx','13',NULL,NULL,0,0,13,NULL,0,0,1,NULL,NULL,NULL),(292,32,'TinyMCE','1',NULL,NULL,0,NULL,1,NULL,0,1,1,NULL,NULL,NULL),(293,32,'CKEditor','2',NULL,NULL,0,NULL,2,NULL,0,1,1,NULL,NULL,NULL),(294,32,'Joomla Default Editor','3',NULL,NULL,0,NULL,3,NULL,0,1,1,NULL,NULL,NULL),(295,32,'Drupal Default Editor','4',NULL,NULL,0,NULL,4,NULL,0,1,1,NULL,NULL,NULL),(296,31,'Search Builder','1','Search Builder',NULL,0,0,1,NULL,0,1,1,NULL,NULL,NULL),(297,31,'Import Contact','2','Import Contact',NULL,0,0,2,NULL,0,1,1,NULL,NULL,NULL),(298,31,'Import Activity','3','Import Activity',NULL,0,0,3,NULL,0,1,1,NULL,NULL,NULL),(299,31,'Import Contribution','4','Import Contribution',NULL,0,0,4,NULL,0,1,1,NULL,NULL,NULL),(300,31,'Import Membership','5','Import Membership',NULL,0,0,5,NULL,0,1,1,NULL,NULL,NULL),(301,31,'Import Participant','6','Import Participant',NULL,0,0,6,NULL,0,1,1,NULL,NULL,NULL),(302,31,'Export Contact','7','Export Contact',NULL,0,0,7,NULL,0,1,1,NULL,NULL,NULL),(303,31,'Export Contribution','8','Export Contribution',NULL,0,0,8,NULL,0,1,1,NULL,NULL,NULL),(304,31,'Export Membership','9','Export Membership',NULL,0,0,9,NULL,0,1,1,NULL,NULL,NULL),(305,31,'Export Participant','10','Export Participant',NULL,0,0,10,NULL,0,1,1,NULL,NULL,NULL),(306,31,'Export Pledge','11','Export Pledge',NULL,0,0,11,NULL,0,1,1,NULL,NULL,NULL),(307,31,'Export Case','12','Export Case',NULL,0,0,12,NULL,0,1,1,NULL,NULL,NULL),(308,31,'Export Grant','13','Export Grant',NULL,0,0,13,NULL,0,1,1,NULL,NULL,NULL),(309,31,'Export Activity','14','Export Activity',NULL,0,0,14,NULL,0,1,1,NULL,NULL,NULL),(310,33,'day','day','day',NULL,0,NULL,1,NULL,0,1,1,NULL,NULL,NULL),(311,33,'week','week','week',NULL,0,NULL,2,NULL,0,1,1,NULL,NULL,NULL),(312,33,'month','month','month',NULL,0,NULL,3,NULL,0,1,1,NULL,NULL,NULL),(313,33,'year','year','year',NULL,0,NULL,4,NULL,0,1,1,NULL,NULL,NULL),(314,34,'Phone','1','Phone',NULL,0,NULL,1,NULL,0,0,1,NULL,NULL,NULL),(315,34,'Mobile','2','Mobile',NULL,0,NULL,2,NULL,0,0,1,NULL,NULL,NULL),(316,34,'Fax','3','Fax',NULL,0,NULL,3,NULL,0,0,1,NULL,NULL,NULL),(317,34,'Pager','4','Pager',NULL,0,NULL,4,NULL,0,0,1,NULL,NULL,NULL),(318,34,'Voicemail','5','Voicemail',NULL,0,NULL,5,NULL,0,0,1,NULL,NULL,NULL),(319,35,'Participant Role','1','ParticipantRole',NULL,0,NULL,1,NULL,0,0,1,NULL,NULL,NULL),(320,35,'Participant Event Name','2','ParticipantEventName',NULL,0,NULL,2,NULL,0,0,1,NULL,NULL,NULL),(321,35,'Participant Event Type','3','ParticipantEventType',NULL,0,NULL,3,NULL,0,0,1,NULL,NULL,NULL),(322,36,'Public','1','public',NULL,0,NULL,1,NULL,0,0,1,NULL,NULL,NULL),(323,36,'Admin','2','admin',NULL,0,NULL,2,NULL,0,0,1,NULL,NULL,NULL),(324,37,'IMAP','1','IMAP',NULL,0,NULL,1,NULL,0,0,1,NULL,NULL,NULL),(325,37,'Maildir','2','Maildir',NULL,0,NULL,2,NULL,0,0,1,NULL,NULL,NULL),(326,37,'POP3','3','POP3',NULL,0,NULL,3,NULL,0,0,1,NULL,NULL,NULL),(327,37,'Localdir','4','Localdir',NULL,0,NULL,4,NULL,0,0,1,NULL,NULL,NULL),(328,38,'Urgent','1','Urgent',NULL,0,NULL,1,NULL,0,0,1,NULL,NULL,NULL),(329,38,'Normal','2','Normal',NULL,0,NULL,2,NULL,0,0,1,NULL,NULL,NULL),(330,38,'Low','3','Low',NULL,0,NULL,3,NULL,0,0,1,NULL,NULL,NULL),(331,39,'Vancouver','city_',NULL,NULL,0,NULL,1,NULL,0,0,0,NULL,NULL,NULL),(332,39,'/(19|20)(\\d{2})-(\\d{1,2})-(\\d{1,2})/','date_',NULL,NULL,1,NULL,2,NULL,0,0,0,NULL,NULL,NULL),(333,41,'Dear {contact.first_name}','1','Dear {contact.first_name}',NULL,1,1,1,NULL,0,0,1,NULL,NULL,NULL),(334,41,'Dear {contact.individual_prefix} {contact.first_name} {contact.last_name}','2','Dear {contact.individual_prefix} {contact.first_name} {contact.last_name}',NULL,1,0,2,NULL,0,0,1,NULL,NULL,NULL),(335,41,'Dear {contact.individual_prefix} {contact.last_name}','3','Dear {contact.individual_prefix} {contact.last_name}',NULL,1,0,3,NULL,0,0,1,NULL,NULL,NULL),(336,41,'Customized','4','Customized',NULL,0,0,4,NULL,0,1,1,NULL,NULL,NULL),(337,41,'Dear {contact.household_name}','5','Dear {contact.household_name}',NULL,2,1,5,NULL,0,0,1,NULL,NULL,NULL),(338,42,'Dear {contact.first_name}','1','Dear {contact.first_name}',NULL,1,1,1,NULL,0,0,1,NULL,NULL,NULL),(339,42,'Dear {contact.individual_prefix} {contact.first_name} {contact.last_name}','2','Dear {contact.individual_prefix} {contact.first_name} {contact.last_name}',NULL,1,0,2,NULL,0,0,1,NULL,NULL,NULL),(340,42,'Dear {contact.individual_prefix} {contact.last_name}','3','Dear {contact.individual_prefix} {contact.last_name}',NULL,1,0,3,NULL,0,0,1,NULL,NULL,NULL),(341,42,'Customized','4','Customized',NULL,0,0,4,NULL,0,1,1,NULL,NULL,NULL),(342,42,'Dear {contact.household_name}','5','Dear {contact.household_name}',NULL,2,1,5,NULL,0,0,1,NULL,NULL,NULL),(343,43,'{contact.individual_prefix}{ } {contact.first_name}{ }{contact.middle_name}{ }{contact.last_name}{ }{contact.individual_suffix}','1','}{contact.individual_prefix}{ } {contact.first_name}{ }{contact.middle_name}{ }{contact.last_name}{ }{contact.individual_suffix}',NULL,1,1,1,NULL,0,0,1,NULL,NULL,NULL),(344,43,'{contact.household_name}','2','{contact.household_name}',NULL,2,1,2,NULL,0,0,1,NULL,NULL,NULL),(345,43,'{contact.organization_name}','3','{contact.organization_name}',NULL,3,1,3,NULL,0,0,1,NULL,NULL,NULL),(346,43,'Customized','4','Customized',NULL,0,0,4,NULL,0,1,1,NULL,NULL,NULL),(347,46,'Home','1','Home',NULL,0,NULL,1,NULL,0,0,1,NULL,NULL,NULL),(348,46,'Work','2','Work',NULL,0,NULL,2,NULL,0,0,1,NULL,NULL,NULL),(349,46,'Facebook','3','Facebook',NULL,0,NULL,3,NULL,0,0,1,NULL,NULL,NULL),(350,46,'Twitter','4','Twitter',NULL,0,NULL,4,NULL,0,0,1,NULL,NULL,NULL),(351,46,'MySpace','5','MySpace',NULL,0,NULL,5,NULL,0,0,1,NULL,NULL,NULL),(352,46,'Main','6','Main',NULL,0,NULL,6,NULL,0,0,1,NULL,NULL,NULL),(353,47,'Contacts','civicrm_contact','Contacts',NULL,0,NULL,1,NULL,0,0,1,NULL,NULL,NULL),(354,47,'Activities','civicrm_activity','Activities',NULL,0,NULL,2,NULL,0,0,1,NULL,NULL,NULL),(355,47,'Cases','civicrm_case','Cases',NULL,0,NULL,3,NULL,0,0,1,NULL,NULL,NULL),(356,47,'Attachments','civicrm_file','Attachements',NULL,0,NULL,4,NULL,0,0,1,NULL,NULL,NULL),(357,48,'USD ($)','USD','USD',NULL,0,1,1,NULL,0,0,1,NULL,NULL,NULL),(358,49,'Name Only','1','CRM_Event_Badge_Simple',NULL,0,0,1,'Simple Event Name Badge',0,1,1,NULL,NULL,NULL),(359,49,'Name Tent','2','CRM_Event_Badge_NameTent',NULL,0,0,2,'Name Tent',0,1,1,NULL,NULL,NULL),(360,49,'With Logo','3','CRM_Event_Badge_Logo',NULL,0,0,3,'You can set your own background image',0,1,1,NULL,NULL,NULL),(361,49,'5395 with Logo','4','CRM_Event_Badge_Logo5395',NULL,0,0,4,'Avery 5395 compatible labels with logo (4 up by 2, 59.2mm x 85.7mm)',0,1,1,NULL,NULL,NULL),(362,50,'None','0','',NULL,0,1,1,NULL,0,1,1,NULL,NULL,NULL),(363,50,'Author Only','1','',NULL,0,0,2,NULL,0,1,1,NULL,NULL,NULL),(364,51,'Direct Mail','1','Direct Mail',NULL,0,NULL,1,NULL,0,0,1,NULL,NULL,NULL),(365,51,'Referral Program','2','Referral Program',NULL,0,NULL,1,NULL,0,0,1,NULL,NULL,NULL),(366,51,'Constituent Engagement','3','Constituent Engagement',NULL,0,NULL,1,NULL,0,0,1,NULL,NULL,NULL),(367,52,'Planned','1','Planned',NULL,0,NULL,1,NULL,0,0,1,NULL,NULL,NULL),(368,52,'In Progress','2','In Progress',NULL,0,NULL,1,NULL,0,0,1,NULL,NULL,NULL),(369,52,'Completed','3','Completed',NULL,0,NULL,1,NULL,0,0,1,NULL,NULL,NULL),(370,52,'Cancelled','4','Cancelled',NULL,0,NULL,1,NULL,0,0,1,NULL,NULL,NULL),(371,55,'1','1','1',NULL,0,NULL,1,NULL,0,0,1,NULL,NULL,NULL),(372,55,'2','2','2',NULL,0,NULL,2,NULL,0,0,1,NULL,NULL,NULL),(373,55,'3','3','3',NULL,0,NULL,3,NULL,0,0,1,NULL,NULL,NULL),(374,55,'4','4','4',NULL,0,NULL,4,NULL,0,0,1,NULL,NULL,NULL),(375,55,'5','5','5',NULL,0,NULL,5,NULL,0,0,1,NULL,NULL,NULL),(376,57,'Letter','{\"metric\":\"in\",\"width\":8.5,\"height\":11}','letter',NULL,NULL,1,1,NULL,0,0,1,NULL,NULL,NULL),(377,57,'Legal','{\"metric\":\"in\",\"width\":8.5,\"height\":14}','legal',NULL,NULL,0,2,NULL,0,0,1,NULL,NULL,NULL),(378,57,'Ledger','{\"metric\":\"in\",\"width\":17,\"height\":11}','ledger',NULL,NULL,0,3,NULL,0,0,1,NULL,NULL,NULL),(379,57,'Tabloid','{\"metric\":\"in\",\"width\":11,\"height\":17}','tabloid',NULL,NULL,0,4,NULL,0,0,1,NULL,NULL,NULL),(380,57,'Executive','{\"metric\":\"in\",\"width\":7.25,\"height\":10.5}','executive',NULL,NULL,0,5,NULL,0,0,1,NULL,NULL,NULL),(381,57,'Folio','{\"metric\":\"in\",\"width\":8.5,\"height\":13}','folio',NULL,NULL,0,6,NULL,0,0,1,NULL,NULL,NULL),(382,57,'Envelope #9','{\"metric\":\"pt\",\"width\":638.93,\"height\":278.93}','envelope-9',NULL,NULL,0,7,NULL,0,0,1,NULL,NULL,NULL),(383,57,'Envelope #10','{\"metric\":\"pt\",\"width\":684,\"height\":297}','envelope-10',NULL,NULL,0,8,NULL,0,0,1,NULL,NULL,NULL),(384,57,'Envelope #11','{\"metric\":\"pt\",\"width\":747,\"height\":324}','envelope-11',NULL,NULL,0,9,NULL,0,0,1,NULL,NULL,NULL),(385,57,'Envelope #12','{\"metric\":\"pt\",\"width\":792,\"height\":342}','envelope-12',NULL,NULL,0,10,NULL,0,0,1,NULL,NULL,NULL),(386,57,'Envelope #14','{\"metric\":\"pt\",\"width\":828,\"height\":360}','envelope-14',NULL,NULL,0,11,NULL,0,0,1,NULL,NULL,NULL),(387,57,'Envelope ISO B4','{\"metric\":\"pt\",\"width\":1000.63,\"height\":708.66}','envelope-b4',NULL,NULL,0,12,NULL,0,0,1,NULL,NULL,NULL),(388,57,'Envelope ISO B5','{\"metric\":\"pt\",\"width\":708.66,\"height\":498.9}','envelope-b5',NULL,NULL,0,13,NULL,0,0,1,NULL,NULL,NULL),(389,57,'Envelope ISO B6','{\"metric\":\"pt\",\"width\":498.9,\"height\":354.33}','envelope-b6',NULL,NULL,0,14,NULL,0,0,1,NULL,NULL,NULL),(390,57,'Envelope ISO C3','{\"metric\":\"pt\",\"width\":1298.27,\"height\":918.42}','envelope-c3',NULL,NULL,0,15,NULL,0,0,1,NULL,NULL,NULL),(391,57,'Envelope ISO C4','{\"metric\":\"pt\",\"width\":918.42,\"height\":649.13}','envelope-c4',NULL,NULL,0,16,NULL,0,0,1,NULL,NULL,NULL),(392,57,'Envelope ISO C5','{\"metric\":\"pt\",\"width\":649.13,\"height\":459.21}','envelope-c5',NULL,NULL,0,17,NULL,0,0,1,NULL,NULL,NULL),(393,57,'Envelope ISO C6','{\"metric\":\"pt\",\"width\":459.21,\"height\":323.15}','envelope-c6',NULL,NULL,0,18,NULL,0,0,1,NULL,NULL,NULL),(394,57,'Envelope ISO DL','{\"metric\":\"pt\",\"width\":623.622,\"height\":311.811}','envelope-dl',NULL,NULL,0,19,NULL,0,0,1,NULL,NULL,NULL),(395,57,'ISO A0','{\"metric\":\"pt\",\"width\":2383.94,\"height\":3370.39}','a0',NULL,NULL,0,20,NULL,0,0,1,NULL,NULL,NULL),(396,57,'ISO A1','{\"metric\":\"pt\",\"width\":1683.78,\"height\":2383.94}','a1',NULL,NULL,0,21,NULL,0,0,1,NULL,NULL,NULL),(397,57,'ISO A2','{\"metric\":\"pt\",\"width\":1190.55,\"height\":1683.78}','a2',NULL,NULL,0,22,NULL,0,0,1,NULL,NULL,NULL),(398,57,'ISO A3','{\"metric\":\"pt\",\"width\":841.89,\"height\":1190.55}','a3',NULL,NULL,0,23,NULL,0,0,1,NULL,NULL,NULL),(399,57,'ISO A4','{\"metric\":\"pt\",\"width\":595.28,\"height\":841.89}','a4',NULL,NULL,0,24,NULL,0,0,1,NULL,NULL,NULL),(400,57,'ISO A5','{\"metric\":\"pt\",\"width\":419.53,\"height\":595.28}','a5',NULL,NULL,0,25,NULL,0,0,1,NULL,NULL,NULL),(401,57,'ISO A6','{\"metric\":\"pt\",\"width\":297.64,\"height\":419.53}','a6',NULL,NULL,0,26,NULL,0,0,1,NULL,NULL,NULL),(402,57,'ISO A7','{\"metric\":\"pt\",\"width\":209.76,\"height\":297.64}','a7',NULL,NULL,0,27,NULL,0,0,1,NULL,NULL,NULL),(403,57,'ISO A8','{\"metric\":\"pt\",\"width\":147.4,\"height\":209.76}','a8',NULL,NULL,0,28,NULL,0,0,1,NULL,NULL,NULL),(404,57,'ISO A9','{\"metric\":\"pt\",\"width\":104.88,\"height\":147.4}','a9',NULL,NULL,0,29,NULL,0,0,1,NULL,NULL,NULL),(405,57,'ISO A10','{\"metric\":\"pt\",\"width\":73.7,\"height\":104.88}','a10',NULL,NULL,0,30,NULL,0,0,1,NULL,NULL,NULL),(406,57,'ISO B0','{\"metric\":\"pt\",\"width\":2834.65,\"height\":4008.19}','b0',NULL,NULL,0,31,NULL,0,0,1,NULL,NULL,NULL),(407,57,'ISO B1','{\"metric\":\"pt\",\"width\":2004.09,\"height\":2834.65}','b1',NULL,NULL,0,32,NULL,0,0,1,NULL,NULL,NULL),(408,57,'ISO B2','{\"metric\":\"pt\",\"width\":1417.32,\"height\":2004.09}','b2',NULL,NULL,0,33,NULL,0,0,1,NULL,NULL,NULL),(409,57,'ISO B3','{\"metric\":\"pt\",\"width\":1000.63,\"height\":1417.32}','b3',NULL,NULL,0,34,NULL,0,0,1,NULL,NULL,NULL),(410,57,'ISO B4','{\"metric\":\"pt\",\"width\":708.66,\"height\":1000.63}','b4',NULL,NULL,0,35,NULL,0,0,1,NULL,NULL,NULL),(411,57,'ISO B5','{\"metric\":\"pt\",\"width\":498.9,\"height\":708.66}','b5',NULL,NULL,0,36,NULL,0,0,1,NULL,NULL,NULL),(412,57,'ISO B6','{\"metric\":\"pt\",\"width\":354.33,\"height\":498.9}','b6',NULL,NULL,0,37,NULL,0,0,1,NULL,NULL,NULL),(413,57,'ISO B7','{\"metric\":\"pt\",\"width\":249.45,\"height\":354.33}','b7',NULL,NULL,0,38,NULL,0,0,1,NULL,NULL,NULL),(414,57,'ISO B8','{\"metric\":\"pt\",\"width\":175.75,\"height\":249.45}','b8',NULL,NULL,0,39,NULL,0,0,1,NULL,NULL,NULL),(415,57,'ISO B9','{\"metric\":\"pt\",\"width\":124.72,\"height\":175.75}','b9',NULL,NULL,0,40,NULL,0,0,1,NULL,NULL,NULL),(416,57,'ISO B10','{\"metric\":\"pt\",\"width\":87.87,\"height\":124.72}','b10',NULL,NULL,0,41,NULL,0,0,1,NULL,NULL,NULL),(417,57,'ISO C0','{\"metric\":\"pt\",\"width\":2599.37,\"height\":3676.54}','c0',NULL,NULL,0,42,NULL,0,0,1,NULL,NULL,NULL),(418,57,'ISO C1','{\"metric\":\"pt\",\"width\":1836.85,\"height\":2599.37}','c1',NULL,NULL,0,43,NULL,0,0,1,NULL,NULL,NULL),(419,57,'ISO C2','{\"metric\":\"pt\",\"width\":1298.27,\"height\":1836.85}','c2',NULL,NULL,0,44,NULL,0,0,1,NULL,NULL,NULL),(420,57,'ISO C3','{\"metric\":\"pt\",\"width\":918.43,\"height\":1298.27}','c3',NULL,NULL,0,45,NULL,0,0,1,NULL,NULL,NULL),(421,57,'ISO C4','{\"metric\":\"pt\",\"width\":649.13,\"height\":918.43}','c4',NULL,NULL,0,46,NULL,0,0,1,NULL,NULL,NULL),(422,57,'ISO C5','{\"metric\":\"pt\",\"width\":459.21,\"height\":649.13}','c5',NULL,NULL,0,47,NULL,0,0,1,NULL,NULL,NULL),(423,57,'ISO C6','{\"metric\":\"pt\",\"width\":323.15,\"height\":459.21}','c6',NULL,NULL,0,48,NULL,0,0,1,NULL,NULL,NULL),(424,57,'ISO C7','{\"metric\":\"pt\",\"width\":229.61,\"height\":323.15}','c7',NULL,NULL,0,49,NULL,0,0,1,NULL,NULL,NULL),(425,57,'ISO C8','{\"metric\":\"pt\",\"width\":161.57,\"height\":229.61}','c8',NULL,NULL,0,50,NULL,0,0,1,NULL,NULL,NULL),(426,57,'ISO C9','{\"metric\":\"pt\",\"width\":113.39,\"height\":161.57}','c9',NULL,NULL,0,51,NULL,0,0,1,NULL,NULL,NULL),(427,57,'ISO C10','{\"metric\":\"pt\",\"width\":79.37,\"height\":113.39}','c10',NULL,NULL,0,52,NULL,0,0,1,NULL,NULL,NULL),(428,57,'ISO RA0','{\"metric\":\"pt\",\"width\":2437.8,\"height\":3458.27}','ra0',NULL,NULL,0,53,NULL,0,0,1,NULL,NULL,NULL),(429,57,'ISO RA1','{\"metric\":\"pt\",\"width\":1729.13,\"height\":2437.8}','ra1',NULL,NULL,0,54,NULL,0,0,1,NULL,NULL,NULL),(430,57,'ISO RA2','{\"metric\":\"pt\",\"width\":1218.9,\"height\":1729.13}','ra2',NULL,NULL,0,55,NULL,0,0,1,NULL,NULL,NULL),(431,57,'ISO RA3','{\"metric\":\"pt\",\"width\":864.57,\"height\":1218.9}','ra3',NULL,NULL,0,56,NULL,0,0,1,NULL,NULL,NULL),(432,57,'ISO RA4','{\"metric\":\"pt\",\"width\":609.45,\"height\":864.57}','ra4',NULL,NULL,0,57,NULL,0,0,1,NULL,NULL,NULL),(433,57,'ISO SRA0','{\"metric\":\"pt\",\"width\":2551.18,\"height\":3628.35}','sra0',NULL,NULL,0,58,NULL,0,0,1,NULL,NULL,NULL),(434,57,'ISO SRA1','{\"metric\":\"pt\",\"width\":1814.17,\"height\":2551.18}','sra1',NULL,NULL,0,59,NULL,0,0,1,NULL,NULL,NULL),(435,57,'ISO SRA2','{\"metric\":\"pt\",\"width\":1275.59,\"height\":1814.17}','sra2',NULL,NULL,0,60,NULL,0,0,1,NULL,NULL,NULL),(436,57,'ISO SRA3','{\"metric\":\"pt\",\"width\":907.09,\"height\":1275.59}','sra3',NULL,NULL,0,61,NULL,0,0,1,NULL,NULL,NULL),(437,57,'ISO SRA4','{\"metric\":\"pt\",\"width\":637.8,\"height\":907.09}','sra4',NULL,NULL,0,62,NULL,0,0,1,NULL,NULL,NULL),(438,60,'Activity Assignees','1','Activity Assignees',NULL,0,NULL,1,NULL,0,0,1,NULL,NULL,NULL),(439,60,'Activity Source','2','Activity Source',NULL,0,NULL,2,NULL,0,0,1,NULL,NULL,NULL),(440,60,'Activity Targets','3','Activity Targets',NULL,0,NULL,3,NULL,0,0,1,NULL,NULL,NULL),(441,70,'Asset','1','Asset',NULL,0,0,1,'Things you own',0,1,1,2,NULL,NULL),(442,70,'Liability','2','Liability',NULL,0,0,2,'Things you own, like a grant still to be disbursed',0,1,1,2,NULL,NULL),(443,70,'Revenue','3','Revenue',NULL,0,1,3,'Income from contributions and sales of tickets and memberships',0,1,1,2,NULL,NULL),(444,70,'Cost of Sales','4','Cost of Sales',NULL,0,0,4,'Costs incurred to get revenue, e.g. premiums for donations, dinner for a fundraising dinner ticket',0,1,1,2,NULL,NULL),(445,70,'Expenses','5','Expenses',NULL,0,0,5,'Things that are paid for that are consumable, e.g. grants disbursed',0,1,1,2,NULL,NULL),(446,61,'Income Account is','1','Income Account is',NULL,0,1,1,'Income Account is',0,1,1,2,NULL,NULL),(447,61,'Credit/Contra Account is','2','Credit/Contra Account is',NULL,0,0,2,'Credit/Contra Account is',0,1,0,2,NULL,NULL),(448,61,'Accounts Receivable Account is','3','Accounts Receivable Account is',NULL,0,0,3,'Accounts Receivable Account is',0,1,1,2,NULL,NULL),(449,61,'Credit Liability Account is','4','Credit Liability Account is',NULL,0,0,4,'Credit Liability Account is',0,1,0,2,NULL,NULL),(450,61,'Expense Account is','5','Expense Account is',NULL,0,0,5,'Expense Account is',0,1,1,2,NULL,NULL),(451,61,'Asset Account is','6','Asset Account is',NULL,0,0,6,'Asset Account is',0,1,1,2,NULL,NULL),(452,61,'Cost of Sales Account is','7','Cost of Sales Account is',NULL,0,0,7,'Cost of Sales Account is',0,1,1,2,NULL,NULL),(453,61,'Premiums Inventory Account is','8','Premiums Inventory Account is',NULL,0,0,8,'Premiums Inventory Account is',0,1,1,2,NULL,NULL),(454,61,'Discounts Account is','9','Discounts Account is',NULL,0,0,9,'Discounts Account is',0,1,1,2,NULL,NULL),(455,62,'Participant Role','1','participant_role',NULL,0,NULL,1,NULL,0,0,1,NULL,NULL,NULL),(456,63,'Morning Sessions','1','Morning Sessions',NULL,0,NULL,1,NULL,0,0,1,NULL,NULL,NULL),(457,63,'Evening Sessions','2','Evening Sessions',NULL,0,NULL,2,NULL,0,0,1,NULL,NULL,NULL),(458,64,'Contribution','1','Contribution',NULL,0,NULL,1,NULL,0,0,1,NULL,NULL,NULL),(459,64,'Membership','2','Membership',NULL,0,NULL,2,NULL,0,0,1,NULL,NULL,NULL),(460,66,'Open','1','Open',NULL,0,NULL,1,NULL,0,0,1,NULL,NULL,NULL),(461,66,'Closed','2','Closed',NULL,0,NULL,2,NULL,0,0,1,NULL,NULL,NULL),(462,66,'Data Entry','3','Data Entry',NULL,0,NULL,3,NULL,0,0,1,NULL,NULL,NULL),(463,66,'Reopened','4','Reopened',NULL,0,NULL,4,NULL,0,0,1,NULL,NULL,NULL),(464,66,'Exported','5','Exported',NULL,0,NULL,5,NULL,0,0,1,NULL,NULL,NULL),(465,65,'Manual Batch','1','Manual Batch',NULL,0,0,1,'Manual Batch',0,1,1,2,NULL,NULL),(466,65,'Automatic Batch','2','Automatic Batch',NULL,0,0,2,'Automatic Batch',0,1,1,2,NULL,NULL),(467,71,'Paid','1','Paid',NULL,0,0,1,'Paid',0,1,1,2,NULL,NULL),(468,71,'Partially paid','2','Partially paid',NULL,0,0,2,'Partially paid',0,1,1,2,NULL,NULL),(469,71,'Unpaid','3','Unpaid',NULL,0,0,1,'Unpaid',0,1,1,2,NULL,NULL),(470,67,'http','1','http',NULL,NULL,0,1,NULL,0,1,1,NULL,NULL,NULL),(471,67,'xml','2','xml',NULL,NULL,0,2,NULL,0,1,1,NULL,NULL,NULL),(472,67,'smtp','3','smtp',NULL,NULL,0,3,NULL,0,1,1,NULL,NULL,NULL),(473,69,'Renewal Reminder (non-auto-renew memberships only)','1','Renewal Reminder (non-auto-renew memberships only)',NULL,0,NULL,1,NULL,0,0,1,NULL,NULL,NULL),(474,69,'Auto-renew Memberships Only','2','Auto-renew Memberships Only',NULL,0,NULL,2,NULL,0,0,1,NULL,NULL,NULL),(475,69,'Reminder for Both','3','Reminder for Both',NULL,0,NULL,3,NULL,0,0,1,NULL,NULL,NULL),(476,72,'Event Badge','1','Event Badge',NULL,0,NULL,1,NULL,0,0,1,NULL,NULL,NULL),(477,73,'Avery 5395','{\"name\":\"Avery 5395\",\"paper-size\":\"a4\",\"metric\":\"mm\",\"lMargin\":15,\"tMargin\":26,\"NX\":2,\"NY\":4,\"SpaceX\":10,\"SpaceY\":5,\"width\":83,\"height\":57,\"font-size\":12,\"orientation\":\"portrait\",\"font-name\":\"helvetica\",\"font-style\":\"\",\"lPadding\":3,\"tPadding\":3}','Avery 5395',NULL,0,NULL,1,NULL,0,0,1,NULL,NULL,NULL),(478,73,'A6 Badge Portrait 150x106','{\"paper-size\":\"a4\",\"orientation\":\"landscape\",\"font-name\":\"times\",\"font-size\":6,\"font-style\":\"\",\"NX\":2,\"NY\":1,\"metric\":\"mm\",\"lMargin\":25,\"tMargin\":27,\"SpaceX\":0,\"SpaceY\":35,\"width\":106,\"height\":150,\"lPadding\":5,\"tPadding\":5}','A6 Badge Portrait 150x106',NULL,0,NULL,2,NULL,0,0,1,NULL,NULL,NULL),(479,73,'Fattorini Name Badge 100x65','{\"paper-size\":\"a4\",\"orientation\":\"portrait\",\"font-name\":\"times\",\"font-size\":6,\"font-style\":\"\",\"NX\":2,\"NY\":4,\"metric\":\"mm\",\"lMargin\":6,\"tMargin\":19,\"SpaceX\":0,\"SpaceY\":0,\"width\":100,\"height\":65,\"lPadding\":0,\"tPadding\":0}','Fattorini Name Badge 100x65',NULL,0,NULL,3,NULL,0,0,1,NULL,NULL,NULL),(480,73,'Hanging Badge 3-3/4\" x 4-3\"/4','{\"paper-size\":\"a4\",\"orientation\":\"portrait\",\"font-name\":\"times\",\"font-size\":6,\"font-style\":\"\",\"NX\":2,\"NY\":2,\"metric\":\"mm\",\"lMargin\":10,\"tMargin\":28,\"SpaceX\":0,\"SpaceY\":0,\"width\":96,\"height\":121,\"lPadding\":5,\"tPadding\":5}','Hanging Badge 3-3/4\" x 4-3\"/4',NULL,0,NULL,4,NULL,0,0,1,NULL,NULL,NULL),(481,59,'Avery 3475','{\"paper-size\":\"a4\",\"orientation\":\"portrait\",\"font-name\":\"helvetica\",\"font-size\":10,\"font-style\":\"\",\"metric\":\"mm\",\"lMargin\":0,\"tMargin\":5,\"NX\":3,\"NY\":8,\"SpaceX\":0,\"SpaceY\":0,\"width\":70,\"height\":36,\"lPadding\":5.08,\"tPadding\":5.08}','3475','Avery',NULL,0,1,NULL,0,1,1,NULL,NULL,NULL),(482,59,'Avery 5160','{\"paper-size\":\"letter\",\"orientation\":\"portrait\",\"font-name\":\"helvetica\",\"font-size\":8,\"font-style\":\"\",\"metric\":\"in\",\"lMargin\":0.21975,\"tMargin\":0.5,\"NX\":3,\"NY\":10,\"SpaceX\":0.14,\"SpaceY\":0,\"width\":2.5935,\"height\":1,\"lPadding\":0.20,\"tPadding\":0.20}','5160','Avery',NULL,0,2,NULL,0,1,1,NULL,NULL,NULL),(483,59,'Avery 5161','{\"paper-size\":\"letter\",\"orientation\":\"portrait\",\"font-name\":\"helvetica\",\"font-size\":8,\"font-style\":\"\",\"metric\":\"in\",\"lMargin\":0.175,\"tMargin\":0.5,\"NX\":2,\"NY\":10,\"SpaceX\":0.15625,\"SpaceY\":0,\"width\":4,\"height\":1,\"lPadding\":0.20,\"tPadding\":0.20}','5161','Avery',NULL,0,3,NULL,0,1,1,NULL,NULL,NULL),(484,59,'Avery 5162','{\"paper-size\":\"letter\",\"orientation\":\"portrait\",\"font-name\":\"helvetica\",\"font-size\":8,\"font-style\":\"\",\"metric\":\"in\",\"lMargin\":0.1525,\"tMargin\":0.88,\"NX\":2,\"NY\":7,\"SpaceX\":0.195,\"SpaceY\":0,\"width\":4,\"height\":1.33,\"lPadding\":0.20,\"tPadding\":0.20}','5162','Avery',NULL,0,4,NULL,0,1,1,NULL,NULL,NULL),(485,59,'Avery 5163','{\"paper-size\":\"letter\",\"orientation\":\"portrait\",\"font-name\":\"helvetica\",\"font-size\":8,\"font-style\":\"\",\"metric\":\"in\",\"lMargin\":0.18,\"tMargin\":0.5,\"NX\":2,\"NY\":5,\"SpaceX\":0.14,\"SpaceY\":0,\"width\":4,\"height\":2,\"lPadding\":0.20,\"tPadding\":0.20}','5163','Avery',NULL,0,5,NULL,0,1,1,NULL,NULL,NULL),(486,59,'Avery 5164','{\"paper-size\":\"letter\",\"orientation\":\"portrait\",\"font-name\":\"helvetica\",\"font-size\":12,\"font-style\":\"\",\"metric\":\"in\",\"lMargin\":0.156,\"tMargin\":0.5,\"NX\":2,\"NY\":3,\"SpaceX\":0.1875,\"SpaceY\":0,\"width\":4,\"height\":3.33,\"lPadding\":0.20,\"tPadding\":0.20}','5164','Avery',NULL,0,6,NULL,0,1,1,NULL,NULL,NULL),(487,59,'Avery 8600','{\"paper-size\":\"letter\",\"orientation\":\"portrait\",\"font-name\":\"helvetica\",\"font-size\":8,\"font-style\":\"\",\"metric\":\"mm\",\"lMargin\":7.1,\"tMargin\":19,\"NX\":3,\"NY\":10,\"SpaceX\":9.5,\"SpaceY\":3.1,\"width\":66.6,\"height\":25.4,\"lPadding\":5.08,\"tPadding\":5.08}','8600','Avery',NULL,0,7,NULL,0,1,1,NULL,NULL,NULL),(488,59,'Avery L7160','{\"paper-size\":\"a4\",\"orientation\":\"portrait\",\"font-name\":\"helvetica\",\"font-size\":9,\"font-style\":\"\",\"metric\":\"in\",\"lMargin\":0.28,\"tMargin\":0.6,\"NX\":3,\"NY\":7,\"SpaceX\":0.1,\"SpaceY\":0,\"width\":2.5,\"height\":1.5,\"lPadding\":0.20,\"tPadding\":0.20}','L7160','Avery',NULL,0,8,NULL,0,1,1,NULL,NULL,NULL),(489,59,'Avery L7161','{\"paper-size\":\"a4\",\"orientation\":\"portrait\",\"font-name\":\"helvetica\",\"font-size\":9,\"font-style\":\"\",\"metric\":\"in\",\"lMargin\":0.28,\"tMargin\":0.35,\"NX\":3,\"NY\":6,\"SpaceX\":0.1,\"SpaceY\":0,\"width\":2.5,\"height\":1.83,\"lPadding\":0.20,\"tPadding\":0.20}','L7161','Avery',NULL,0,9,NULL,0,1,1,NULL,NULL,NULL),(490,59,'Avery L7162','{\"paper-size\":\"a4\",\"orientation\":\"portrait\",\"font-name\":\"helvetica\",\"font-size\":9,\"font-style\":\"\",\"metric\":\"in\",\"lMargin\":0.18,\"tMargin\":0.51,\"NX\":2,\"NY\":8,\"SpaceX\":0.1,\"SpaceY\":0,\"width\":3.9,\"height\":1.33,\"lPadding\":0.20,\"tPadding\":0.20}','L7162','Avery',NULL,0,10,NULL,0,1,1,NULL,NULL,NULL),(491,59,'Avery L7163','{\"paper-size\":\"a4\",\"orientation\":\"portrait\",\"font-name\":\"helvetica\",\"font-size\":9,\"font-style\":\"\",\"metric\":\"in\",\"lMargin\":0.18,\"tMargin\":0.6,\"NX\":2,\"NY\":7,\"SpaceX\":0.1,\"SpaceY\":0,\"width\":3.9,\"height\":1.5,\"lPadding\":0.20,\"tPadding\":0.20}','L7163','Avery',NULL,0,11,NULL,0,1,1,NULL,NULL,NULL),(492,74,'Formal','1','formal',NULL,0,1,1,NULL,0,0,1,NULL,NULL,NULL),(493,74,'Familiar','2','familiar',NULL,0,0,2,NULL,0,0,1,NULL,NULL,NULL),(494,75,'Email','Email','Email',NULL,0,1,1,NULL,0,1,1,NULL,NULL,NULL),(495,75,'SMS','SMS','SMS',NULL,0,0,2,NULL,0,1,1,NULL,NULL,NULL),(496,75,'User Preference','User_Preference','User Preference',NULL,0,0,3,NULL,0,1,1,NULL,NULL,NULL),(497,30,'\"FIXME\" <info@EXAMPLE.ORG>','1','\"FIXME\" <info@EXAMPLE.ORG>',NULL,0,1,1,'Default domain email address and from name.',0,0,1,NULL,1,NULL),(498,23,'Emergency','1','Emergency',NULL,0,1,1,NULL,0,0,1,NULL,1,NULL),(499,23,'Family Support','2','Family Support',NULL,0,NULL,2,NULL,0,0,1,NULL,1,NULL),(500,23,'General Protection','3','General Protection',NULL,0,NULL,3,NULL,0,0,1,NULL,1,NULL),(501,23,'Impunity','4','Impunity',NULL,0,NULL,4,NULL,0,0,1,NULL,1,NULL),(502,54,'Approved','1','Approved',NULL,0,1,1,NULL,0,1,1,4,1,NULL),(503,54,'Rejected','2','Rejected',NULL,0,0,2,NULL,0,1,1,4,1,NULL),(504,54,'None','3','None',NULL,0,0,3,NULL,0,1,1,4,1,NULL),(505,56,'Survey','Survey','civicrm_survey',NULL,0,NULL,1,NULL,0,0,1,NULL,NULL,NULL),(506,56,'Cases','Case','civicrm_case',NULL,0,NULL,2,'CRM_Case_PseudoConstant::caseType;',0,0,1,NULL,NULL,NULL),(507,76,'Abkhaz','ab','ab_GE',NULL,NULL,0,1,NULL,0,0,0,NULL,NULL,NULL),(508,76,'Afar','aa','aa_ET',NULL,NULL,0,2,NULL,0,0,0,NULL,NULL,NULL),(509,76,'Afrikaans','af','af_ZA',NULL,NULL,0,3,NULL,0,0,1,NULL,NULL,NULL),(510,76,'Akan','ak','ak_GH',NULL,NULL,0,4,NULL,0,0,0,NULL,NULL,NULL),(511,76,'Albanian','sq','sq_AL',NULL,NULL,0,5,NULL,0,0,1,NULL,NULL,NULL),(512,76,'Amharic','am','am_ET',NULL,NULL,0,6,NULL,0,0,0,NULL,NULL,NULL),(513,76,'Arabic','ar','ar_EG',NULL,NULL,0,7,NULL,0,0,1,NULL,NULL,NULL),(514,76,'Aragonese','an','an_ES',NULL,NULL,0,8,NULL,0,0,0,NULL,NULL,NULL),(515,76,'Armenian','hy','hy_AM',NULL,NULL,0,9,NULL,0,0,0,NULL,NULL,NULL),(516,76,'Assamese','as','as_IN',NULL,NULL,0,10,NULL,0,0,0,NULL,NULL,NULL),(517,76,'Avaric','av','av_RU',NULL,NULL,0,11,NULL,0,0,0,NULL,NULL,NULL),(518,76,'Avestan','ae','ae_XX',NULL,NULL,0,12,NULL,0,0,0,NULL,NULL,NULL),(519,76,'Aymara','ay','ay_BO',NULL,NULL,0,13,NULL,0,0,0,NULL,NULL,NULL),(520,76,'Azerbaijani','az','az_AZ',NULL,NULL,0,14,NULL,0,0,0,NULL,NULL,NULL),(521,76,'Bambara','bm','bm_ML',NULL,NULL,0,15,NULL,0,0,0,NULL,NULL,NULL),(522,76,'Bashkir','ba','ba_RU',NULL,NULL,0,16,NULL,0,0,0,NULL,NULL,NULL),(523,76,'Basque','eu','eu_ES',NULL,NULL,0,17,NULL,0,0,0,NULL,NULL,NULL),(524,76,'Belarusian','be','be_BY',NULL,NULL,0,18,NULL,0,0,0,NULL,NULL,NULL),(525,76,'Bengali','bn','bn_BD',NULL,NULL,0,19,NULL,0,0,0,NULL,NULL,NULL),(526,76,'Bihari','bh','bh_IN',NULL,NULL,0,20,NULL,0,0,0,NULL,NULL,NULL),(527,76,'Bislama','bi','bi_VU',NULL,NULL,0,21,NULL,0,0,0,NULL,NULL,NULL),(528,76,'Bosnian','bs','bs_BA',NULL,NULL,0,22,NULL,0,0,0,NULL,NULL,NULL),(529,76,'Breton','br','br_FR',NULL,NULL,0,23,NULL,0,0,0,NULL,NULL,NULL),(530,76,'Bulgarian','bg','bg_BG',NULL,NULL,0,24,NULL,0,0,1,NULL,NULL,NULL),(531,76,'Burmese','my','my_MM',NULL,NULL,0,25,NULL,0,0,0,NULL,NULL,NULL),(532,76,'Catalan; Valencian','ca','ca_ES',NULL,NULL,0,26,NULL,0,0,1,NULL,NULL,NULL),(533,76,'Chamorro','ch','ch_GU',NULL,NULL,0,27,NULL,0,0,0,NULL,NULL,NULL),(534,76,'Chechen','ce','ce_RU',NULL,NULL,0,28,NULL,0,0,0,NULL,NULL,NULL),(535,76,'Chichewa; Chewa; Nyanja','ny','ny_MW',NULL,NULL,0,29,NULL,0,0,0,NULL,NULL,NULL),(536,76,'Chinese (China)','zh','zh_CN',NULL,NULL,0,30,NULL,0,0,1,NULL,NULL,NULL),(537,76,'Chinese (Taiwan)','zh','zh_TW',NULL,NULL,0,31,NULL,0,0,1,NULL,NULL,NULL),(538,76,'Chuvash','cv','cv_RU',NULL,NULL,0,32,NULL,0,0,0,NULL,NULL,NULL),(539,76,'Cornish','kw','kw_GB',NULL,NULL,0,33,NULL,0,0,0,NULL,NULL,NULL),(540,76,'Corsican','co','co_FR',NULL,NULL,0,34,NULL,0,0,0,NULL,NULL,NULL),(541,76,'Cree','cr','cr_CA',NULL,NULL,0,35,NULL,0,0,0,NULL,NULL,NULL),(542,76,'Croatian','hr','hr_HR',NULL,NULL,0,36,NULL,0,0,0,NULL,NULL,NULL),(543,76,'Czech','cs','cs_CZ',NULL,NULL,0,37,NULL,0,0,1,NULL,NULL,NULL),(544,76,'Danish','da','da_DK',NULL,NULL,0,38,NULL,0,0,1,NULL,NULL,NULL),(545,76,'Divehi; Dhivehi; Maldivian;','dv','dv_MV',NULL,NULL,0,39,NULL,0,0,0,NULL,NULL,NULL),(546,76,'Dutch','nl','nl_NL',NULL,NULL,0,40,NULL,0,0,1,NULL,NULL,NULL),(547,76,'Dzongkha','dz','dz_BT',NULL,NULL,0,41,NULL,0,0,0,NULL,NULL,NULL),(548,76,'English (Australia)','en','en_AU',NULL,NULL,0,42,NULL,0,0,1,NULL,NULL,NULL),(549,76,'English (Canada)','en','en_CA',NULL,NULL,0,43,NULL,0,0,1,NULL,NULL,NULL),(550,76,'English (United Kingdom)','en','en_GB',NULL,NULL,0,44,NULL,0,0,1,NULL,NULL,NULL),(551,76,'English (United States)','en','en_US',NULL,NULL,1,45,NULL,0,0,1,NULL,NULL,NULL),(552,76,'Esperanto','eo','eo_XX',NULL,NULL,0,46,NULL,0,0,0,NULL,NULL,NULL),(553,76,'Estonian','et','et_EE',NULL,NULL,0,47,NULL,0,0,1,NULL,NULL,NULL),(554,76,'Ewe','ee','ee_GH',NULL,NULL,0,48,NULL,0,0,0,NULL,NULL,NULL),(555,76,'Faroese','fo','fo_FO',NULL,NULL,0,49,NULL,0,0,0,NULL,NULL,NULL),(556,76,'Fijian','fj','fj_FJ',NULL,NULL,0,50,NULL,0,0,0,NULL,NULL,NULL),(557,76,'Finnish','fi','fi_FI',NULL,NULL,0,51,NULL,0,0,1,NULL,NULL,NULL),(558,76,'French (Canada)','fr','fr_CA',NULL,NULL,0,52,NULL,0,0,1,NULL,NULL,NULL),(559,76,'French (France)','fr','fr_FR',NULL,NULL,0,53,NULL,0,0,1,NULL,NULL,NULL),(560,76,'Fula; Fulah; Pulaar; Pular','ff','ff_SN',NULL,NULL,0,54,NULL,0,0,0,NULL,NULL,NULL),(561,76,'Galician','gl','gl_ES',NULL,NULL,0,55,NULL,0,0,0,NULL,NULL,NULL),(562,76,'Georgian','ka','ka_GE',NULL,NULL,0,56,NULL,0,0,0,NULL,NULL,NULL),(563,76,'German','de','de_DE',NULL,NULL,0,57,NULL,0,0,1,NULL,NULL,NULL),(564,76,'German (Swiss)','de','de_CH',NULL,NULL,0,58,NULL,0,0,1,NULL,NULL,NULL),(565,76,'Greek, Modern','el','el_GR',NULL,NULL,0,59,NULL,0,0,1,NULL,NULL,NULL),(566,76,'Guarani','gn','gn_PY',NULL,NULL,0,60,NULL,0,0,0,NULL,NULL,NULL),(567,76,'Gujarati','gu','gu_IN',NULL,NULL,0,61,NULL,0,0,0,NULL,NULL,NULL),(568,76,'Haitian; Haitian Creole','ht','ht_HT',NULL,NULL,0,62,NULL,0,0,0,NULL,NULL,NULL),(569,76,'Hausa','ha','ha_NG',NULL,NULL,0,63,NULL,0,0,0,NULL,NULL,NULL),(570,76,'Hebrew (modern)','he','he_IL',NULL,NULL,0,64,NULL,0,0,1,NULL,NULL,NULL),(571,76,'Herero','hz','hz_NA',NULL,NULL,0,65,NULL,0,0,0,NULL,NULL,NULL),(572,76,'Hindi','hi','hi_IN',NULL,NULL,0,66,NULL,0,0,1,NULL,NULL,NULL),(573,76,'Hiri Motu','ho','ho_PG',NULL,NULL,0,67,NULL,0,0,0,NULL,NULL,NULL),(574,76,'Hungarian','hu','hu_HU',NULL,NULL,0,68,NULL,0,0,1,NULL,NULL,NULL),(575,76,'Interlingua','ia','ia_XX',NULL,NULL,0,69,NULL,0,0,0,NULL,NULL,NULL),(576,76,'Indonesian','id','id_ID',NULL,NULL,0,70,NULL,0,0,1,NULL,NULL,NULL),(577,76,'Interlingue','ie','ie_XX',NULL,NULL,0,71,NULL,0,0,0,NULL,NULL,NULL),(578,76,'Irish','ga','ga_IE',NULL,NULL,0,72,NULL,0,0,0,NULL,NULL,NULL),(579,76,'Igbo','ig','ig_NG',NULL,NULL,0,73,NULL,0,0,0,NULL,NULL,NULL),(580,76,'Inupiaq','ik','ik_US',NULL,NULL,0,74,NULL,0,0,0,NULL,NULL,NULL),(581,76,'Ido','io','io_XX',NULL,NULL,0,75,NULL,0,0,0,NULL,NULL,NULL),(582,76,'Icelandic','is','is_IS',NULL,NULL,0,76,NULL,0,0,0,NULL,NULL,NULL),(583,76,'Italian','it','it_IT',NULL,NULL,0,77,NULL,0,0,1,NULL,NULL,NULL),(584,76,'Inuktitut','iu','iu_CA',NULL,NULL,0,78,NULL,0,0,0,NULL,NULL,NULL),(585,76,'Japanese','ja','ja_JP',NULL,NULL,0,79,NULL,0,0,1,NULL,NULL,NULL),(586,76,'Javanese','jv','jv_ID',NULL,NULL,0,80,NULL,0,0,0,NULL,NULL,NULL),(587,76,'Kalaallisut, Greenlandic','kl','kl_GL',NULL,NULL,0,81,NULL,0,0,0,NULL,NULL,NULL),(588,76,'Kannada','kn','kn_IN',NULL,NULL,0,82,NULL,0,0,0,NULL,NULL,NULL),(589,76,'Kanuri','kr','kr_NE',NULL,NULL,0,83,NULL,0,0,0,NULL,NULL,NULL),(590,76,'Kashmiri','ks','ks_IN',NULL,NULL,0,84,NULL,0,0,0,NULL,NULL,NULL),(591,76,'Kazakh','kk','kk_KZ',NULL,NULL,0,85,NULL,0,0,0,NULL,NULL,NULL),(592,76,'Khmer','km','km_KH',NULL,NULL,0,86,NULL,0,0,1,NULL,NULL,NULL),(593,76,'Kikuyu, Gikuyu','ki','ki_KE',NULL,NULL,0,87,NULL,0,0,0,NULL,NULL,NULL),(594,76,'Kinyarwanda','rw','rw_RW',NULL,NULL,0,88,NULL,0,0,0,NULL,NULL,NULL),(595,76,'Kirghiz, Kyrgyz','ky','ky_KG',NULL,NULL,0,89,NULL,0,0,0,NULL,NULL,NULL),(596,76,'Komi','kv','kv_RU',NULL,NULL,0,90,NULL,0,0,0,NULL,NULL,NULL),(597,76,'Kongo','kg','kg_CD',NULL,NULL,0,91,NULL,0,0,0,NULL,NULL,NULL),(598,76,'Korean','ko','ko_KR',NULL,NULL,0,92,NULL,0,0,0,NULL,NULL,NULL),(599,76,'Kurdish','ku','ku_IQ',NULL,NULL,0,93,NULL,0,0,0,NULL,NULL,NULL),(600,76,'Kwanyama, Kuanyama','kj','kj_NA',NULL,NULL,0,94,NULL,0,0,0,NULL,NULL,NULL),(601,76,'Latin','la','la_VA',NULL,NULL,0,95,NULL,0,0,0,NULL,NULL,NULL),(602,76,'Luxembourgish, Letzeburgesch','lb','lb_LU',NULL,NULL,0,96,NULL,0,0,0,NULL,NULL,NULL),(603,76,'Luganda','lg','lg_UG',NULL,NULL,0,97,NULL,0,0,0,NULL,NULL,NULL),(604,76,'Limburgish, Limburgan, Limburger','li','li_NL',NULL,NULL,0,98,NULL,0,0,0,NULL,NULL,NULL),(605,76,'Lingala','ln','ln_CD',NULL,NULL,0,99,NULL,0,0,0,NULL,NULL,NULL),(606,76,'Lao','lo','lo_LA',NULL,NULL,0,100,NULL,0,0,0,NULL,NULL,NULL),(607,76,'Lithuanian','lt','lt_LT',NULL,NULL,0,101,NULL,0,0,1,NULL,NULL,NULL),(608,76,'Luba-Katanga','lu','lu_CD',NULL,NULL,0,102,NULL,0,0,0,NULL,NULL,NULL),(609,76,'Latvian','lv','lv_LV',NULL,NULL,0,103,NULL,0,0,0,NULL,NULL,NULL),(610,76,'Manx','gv','gv_IM',NULL,NULL,0,104,NULL,0,0,0,NULL,NULL,NULL),(611,76,'Macedonian','mk','mk_MK',NULL,NULL,0,105,NULL,0,0,0,NULL,NULL,NULL),(612,76,'Malagasy','mg','mg_MG',NULL,NULL,0,106,NULL,0,0,0,NULL,NULL,NULL),(613,76,'Malay','ms','ms_MY',NULL,NULL,0,107,NULL,0,0,0,NULL,NULL,NULL),(614,76,'Malayalam','ml','ml_IN',NULL,NULL,0,108,NULL,0,0,0,NULL,NULL,NULL),(615,76,'Maltese','mt','mt_MT',NULL,NULL,0,109,NULL,0,0,0,NULL,NULL,NULL),(616,76,'Mori','mi','mi_NZ',NULL,NULL,0,110,NULL,0,0,0,NULL,NULL,NULL),(617,76,'Marathi','mr','mr_IN',NULL,NULL,0,111,NULL,0,0,0,NULL,NULL,NULL),(618,76,'Marshallese','mh','mh_MH',NULL,NULL,0,112,NULL,0,0,0,NULL,NULL,NULL),(619,76,'Mongolian','mn','mn_MN',NULL,NULL,0,113,NULL,0,0,0,NULL,NULL,NULL),(620,76,'Nauru','na','na_NR',NULL,NULL,0,114,NULL,0,0,0,NULL,NULL,NULL),(621,76,'Navajo, Navaho','nv','nv_US',NULL,NULL,0,115,NULL,0,0,0,NULL,NULL,NULL),(622,76,'Norwegian Bokml','nb','nb_NO',NULL,NULL,0,116,NULL,0,0,1,NULL,NULL,NULL),(623,76,'North Ndebele','nd','nd_ZW',NULL,NULL,0,117,NULL,0,0,0,NULL,NULL,NULL),(624,76,'Nepali','ne','ne_NP',NULL,NULL,0,118,NULL,0,0,0,NULL,NULL,NULL),(625,76,'Ndonga','ng','ng_NA',NULL,NULL,0,119,NULL,0,0,0,NULL,NULL,NULL),(626,76,'Norwegian Nynorsk','nn','nn_NO',NULL,NULL,0,120,NULL,0,0,0,NULL,NULL,NULL),(627,76,'Norwegian','no','no_NO',NULL,NULL,0,121,NULL,0,0,0,NULL,NULL,NULL),(628,76,'Nuosu','ii','ii_CN',NULL,NULL,0,122,NULL,0,0,0,NULL,NULL,NULL),(629,76,'South Ndebele','nr','nr_ZA',NULL,NULL,0,123,NULL,0,0,0,NULL,NULL,NULL),(630,76,'Occitan (after 1500)','oc','oc_FR',NULL,NULL,0,124,NULL,0,0,0,NULL,NULL,NULL),(631,76,'Ojibwa','oj','oj_CA',NULL,NULL,0,125,NULL,0,0,0,NULL,NULL,NULL),(632,76,'Old Church Slavonic, Church Slavic, Church Slavonic, Old Bulgarian, Old Slavonic','cu','cu_BG',NULL,NULL,0,126,NULL,0,0,0,NULL,NULL,NULL),(633,76,'Oromo','om','om_ET',NULL,NULL,0,127,NULL,0,0,0,NULL,NULL,NULL),(634,76,'Oriya','or','or_IN',NULL,NULL,0,128,NULL,0,0,0,NULL,NULL,NULL),(635,76,'Ossetian, Ossetic','os','os_GE',NULL,NULL,0,129,NULL,0,0,0,NULL,NULL,NULL),(636,76,'Panjabi, Punjabi','pa','pa_IN',NULL,NULL,0,130,NULL,0,0,0,NULL,NULL,NULL),(637,76,'Pali','pi','pi_KH',NULL,NULL,0,131,NULL,0,0,0,NULL,NULL,NULL),(638,76,'Persian (Iran)','fa','fa_IR',NULL,NULL,0,132,NULL,0,0,0,NULL,NULL,NULL),(639,76,'Polish','pl','pl_PL',NULL,NULL,0,133,NULL,0,0,1,NULL,NULL,NULL),(640,76,'Pashto, Pushto','ps','ps_AF',NULL,NULL,0,134,NULL,0,0,0,NULL,NULL,NULL),(641,76,'Portuguese (Brazil)','pt','pt_BR',NULL,NULL,0,135,NULL,0,0,1,NULL,NULL,NULL),(642,76,'Portuguese (Portugal)','pt','pt_PT',NULL,NULL,0,136,NULL,0,0,1,NULL,NULL,NULL),(643,76,'Quechua','qu','qu_PE',NULL,NULL,0,137,NULL,0,0,0,NULL,NULL,NULL),(644,76,'Romansh','rm','rm_CH',NULL,NULL,0,138,NULL,0,0,0,NULL,NULL,NULL),(645,76,'Kirundi','rn','rn_BI',NULL,NULL,0,139,NULL,0,0,0,NULL,NULL,NULL),(646,76,'Romanian, Moldavian, Moldovan','ro','ro_RO',NULL,NULL,0,140,NULL,0,0,1,NULL,NULL,NULL),(647,76,'Russian','ru','ru_RU',NULL,NULL,0,141,NULL,0,0,1,NULL,NULL,NULL),(648,76,'Sanskrit','sa','sa_IN',NULL,NULL,0,142,NULL,0,0,0,NULL,NULL,NULL),(649,76,'Sardinian','sc','sc_IT',NULL,NULL,0,143,NULL,0,0,0,NULL,NULL,NULL),(650,76,'Sindhi','sd','sd_IN',NULL,NULL,0,144,NULL,0,0,0,NULL,NULL,NULL),(651,76,'Northern Sami','se','se_NO',NULL,NULL,0,145,NULL,0,0,0,NULL,NULL,NULL),(652,76,'Samoan','sm','sm_WS',NULL,NULL,0,146,NULL,0,0,0,NULL,NULL,NULL),(653,76,'Sango','sg','sg_CF',NULL,NULL,0,147,NULL,0,0,0,NULL,NULL,NULL),(654,76,'Serbian','sr','sr_RS',NULL,NULL,0,148,NULL,0,0,0,NULL,NULL,NULL),(655,76,'Scottish Gaelic; Gaelic','gd','gd_GB',NULL,NULL,0,149,NULL,0,0,0,NULL,NULL,NULL),(656,76,'Shona','sn','sn_ZW',NULL,NULL,0,150,NULL,0,0,0,NULL,NULL,NULL),(657,76,'Sinhala, Sinhalese','si','si_LK',NULL,NULL,0,151,NULL,0,0,0,NULL,NULL,NULL),(658,76,'Slovak','sk','sk_SK',NULL,NULL,0,152,NULL,0,0,1,NULL,NULL,NULL),(659,76,'Slovene','sl','sl_SI',NULL,NULL,0,153,NULL,0,0,1,NULL,NULL,NULL),(660,76,'Somali','so','so_SO',NULL,NULL,0,154,NULL,0,0,0,NULL,NULL,NULL),(661,76,'Southern Sotho','st','st_ZA',NULL,NULL,0,155,NULL,0,0,0,NULL,NULL,NULL),(662,76,'Spanish; Castilian (Spain)','es','es_ES',NULL,NULL,0,156,NULL,0,0,1,NULL,NULL,NULL),(663,76,'Spanish; Castilian (Mexico)','es','es_MX',NULL,NULL,0,157,NULL,0,0,1,NULL,NULL,NULL),(664,76,'Spanish; Castilian (Puerto Rico)','es','es_PR',NULL,NULL,0,158,NULL,0,0,1,NULL,NULL,NULL),(665,76,'Sundanese','su','su_ID',NULL,NULL,0,159,NULL,0,0,0,NULL,NULL,NULL),(666,76,'Swahili','sw','sw_TZ',NULL,NULL,0,160,NULL,0,0,0,NULL,NULL,NULL),(667,76,'Swati','ss','ss_ZA',NULL,NULL,0,161,NULL,0,0,0,NULL,NULL,NULL),(668,76,'Swedish','sv','sv_SE',NULL,NULL,0,162,NULL,0,0,1,NULL,NULL,NULL),(669,76,'Tamil','ta','ta_IN',NULL,NULL,0,163,NULL,0,0,0,NULL,NULL,NULL),(670,76,'Telugu','te','te_IN',NULL,NULL,0,164,NULL,0,0,1,NULL,NULL,NULL),(671,76,'Tajik','tg','tg_TJ',NULL,NULL,0,165,NULL,0,0,0,NULL,NULL,NULL),(672,76,'Thai','th','th_TH',NULL,NULL,0,166,NULL,0,0,1,NULL,NULL,NULL),(673,76,'Tigrinya','ti','ti_ET',NULL,NULL,0,167,NULL,0,0,0,NULL,NULL,NULL),(674,76,'Tibetan Standard, Tibetan, Central','bo','bo_CN',NULL,NULL,0,168,NULL,0,0,0,NULL,NULL,NULL),(675,76,'Turkmen','tk','tk_TM',NULL,NULL,0,169,NULL,0,0,0,NULL,NULL,NULL),(676,76,'Tagalog','tl','tl_PH',NULL,NULL,0,170,NULL,0,0,0,NULL,NULL,NULL),(677,76,'Tswana','tn','tn_ZA',NULL,NULL,0,171,NULL,0,0,0,NULL,NULL,NULL),(678,76,'Tonga (Tonga Islands)','to','to_TO',NULL,NULL,0,172,NULL,0,0,0,NULL,NULL,NULL),(679,76,'Turkish','tr','tr_TR',NULL,NULL,0,173,NULL,0,0,1,NULL,NULL,NULL),(680,76,'Tsonga','ts','ts_ZA',NULL,NULL,0,174,NULL,0,0,0,NULL,NULL,NULL),(681,76,'Tatar','tt','tt_RU',NULL,NULL,0,175,NULL,0,0,0,NULL,NULL,NULL),(682,76,'Twi','tw','tw_GH',NULL,NULL,0,176,NULL,0,0,0,NULL,NULL,NULL),(683,76,'Tahitian','ty','ty_PF',NULL,NULL,0,177,NULL,0,0,0,NULL,NULL,NULL),(684,76,'Uighur, Uyghur','ug','ug_CN',NULL,NULL,0,178,NULL,0,0,0,NULL,NULL,NULL),(685,76,'Ukrainian','uk','uk_UA',NULL,NULL,0,179,NULL,0,0,0,NULL,NULL,NULL),(686,76,'Urdu','ur','ur_PK',NULL,NULL,0,180,NULL,0,0,0,NULL,NULL,NULL),(687,76,'Uzbek','uz','uz_UZ',NULL,NULL,0,181,NULL,0,0,0,NULL,NULL,NULL),(688,76,'Venda','ve','ve_ZA',NULL,NULL,0,182,NULL,0,0,0,NULL,NULL,NULL),(689,76,'Vietnamese','vi','vi_VN',NULL,NULL,0,183,NULL,0,0,1,NULL,NULL,NULL),(690,76,'Volapk','vo','vo_XX',NULL,NULL,0,184,NULL,0,0,0,NULL,NULL,NULL),(691,76,'Walloon','wa','wa_BE',NULL,NULL,0,185,NULL,0,0,0,NULL,NULL,NULL),(692,76,'Welsh','cy','cy_GB',NULL,NULL,0,186,NULL,0,0,0,NULL,NULL,NULL),(693,76,'Wolof','wo','wo_SN',NULL,NULL,0,187,NULL,0,0,0,NULL,NULL,NULL),(694,76,'Western Frisian','fy','fy_NL',NULL,NULL,0,188,NULL,0,0,0,NULL,NULL,NULL),(695,76,'Xhosa','xh','xh_ZA',NULL,NULL,0,189,NULL,0,0,0,NULL,NULL,NULL),(696,76,'Yiddish','yi','yi_US',NULL,NULL,0,190,NULL,0,0,0,NULL,NULL,NULL),(697,76,'Yoruba','yo','yo_NG',NULL,NULL,0,191,NULL,0,0,0,NULL,NULL,NULL),(698,76,'Zhuang, Chuang','za','za_CN',NULL,NULL,0,192,NULL,0,0,0,NULL,NULL,NULL),(699,76,'Zulu','zu','zu_ZA',NULL,NULL,0,193,NULL,0,0,0,NULL,NULL,NULL),(700,77,'In Person','1','in_person',NULL,0,0,1,NULL,0,1,1,NULL,NULL,NULL),(701,77,'Phone','2','phone',NULL,0,1,2,NULL,0,1,1,NULL,NULL,NULL),(702,77,'Email','3','email',NULL,0,0,3,NULL,0,1,1,NULL,NULL,NULL),(703,77,'Fax','4','fax',NULL,0,0,4,NULL,0,1,1,NULL,NULL,NULL),(704,77,'Letter Mail','5','letter_mail',NULL,0,0,5,NULL,0,1,1,NULL,NULL,NULL),(705,78,'Cases - Send Copy of an Activity','1','case_activity',NULL,NULL,0,1,NULL,0,0,1,NULL,NULL,NULL),(706,79,'Contributions - Duplicate Organization Alert','1','contribution_dupalert',NULL,NULL,0,1,NULL,0,0,1,NULL,NULL,NULL),(707,79,'Contributions - Receipt (off-line)','2','contribution_offline_receipt',NULL,NULL,0,2,NULL,0,0,1,NULL,NULL,NULL),(708,79,'Contributions - Receipt (on-line)','3','contribution_online_receipt',NULL,NULL,0,3,NULL,0,0,1,NULL,NULL,NULL),(709,79,'Contributions - Recurring Start and End Notification','4','contribution_recurring_notify',NULL,NULL,0,4,NULL,0,0,1,NULL,NULL,NULL),(710,79,'Contributions - Recurring Cancellation Notification','5','contribution_recurring_cancelled',NULL,NULL,0,5,NULL,0,0,1,NULL,NULL,NULL),(711,79,'Contributions - Recurring Billing Updates','6','contribution_recurring_billing',NULL,NULL,0,6,NULL,0,0,1,NULL,NULL,NULL),(712,79,'Contributions - Recurring Updates','7','contribution_recurring_edit',NULL,NULL,0,7,NULL,0,0,1,NULL,NULL,NULL),(713,79,'Personal Campaign Pages - Admin Notification','8','pcp_notify',NULL,NULL,0,8,NULL,0,0,1,NULL,NULL,NULL),(714,79,'Personal Campaign Pages - Supporter Status Change Notification','9','pcp_status_change',NULL,NULL,0,9,NULL,0,0,1,NULL,NULL,NULL),(715,79,'Personal Campaign Pages - Supporter Welcome','10','pcp_supporter_notify',NULL,NULL,0,10,NULL,0,0,1,NULL,NULL,NULL),(716,79,'Additional Payment Receipt or Refund Notification','11','payment_or_refund_notification',NULL,NULL,0,11,NULL,0,0,1,NULL,NULL,NULL),(717,80,'Events - Registration Confirmation and Receipt (off-line)','1','event_offline_receipt',NULL,NULL,0,1,NULL,0,0,1,NULL,NULL,NULL),(718,80,'Events - Registration Confirmation and Receipt (on-line)','2','event_online_receipt',NULL,NULL,0,2,NULL,0,0,1,NULL,NULL,NULL),(719,80,'Events - Receipt only','3','event_registration_receipt',NULL,NULL,0,3,NULL,0,0,1,NULL,NULL,NULL),(720,80,'Events - Registration Cancellation Notice','4','participant_cancelled',NULL,NULL,0,4,NULL,0,0,1,NULL,NULL,NULL),(721,80,'Events - Registration Confirmation Invite','5','participant_confirm',NULL,NULL,0,5,NULL,0,0,1,NULL,NULL,NULL),(722,80,'Events - Pending Registration Expiration Notice','6','participant_expired',NULL,NULL,0,6,NULL,0,0,1,NULL,NULL,NULL),(723,81,'Tell-a-Friend Email','1','friend',NULL,NULL,0,1,NULL,0,0,1,NULL,NULL,NULL),(724,82,'Memberships - Signup and Renewal Receipts (off-line)','1','membership_offline_receipt',NULL,NULL,0,1,NULL,0,0,1,NULL,NULL,NULL),(725,82,'Memberships - Receipt (on-line)','2','membership_online_receipt',NULL,NULL,0,2,NULL,0,0,1,NULL,NULL,NULL),(726,82,'Memberships - Auto-renew Cancellation Notification','3','membership_autorenew_cancelled',NULL,NULL,0,3,NULL,0,0,1,NULL,NULL,NULL),(727,82,'Memberships - Auto-renew Billing Updates','4','membership_autorenew_billing',NULL,NULL,0,4,NULL,0,0,1,NULL,NULL,NULL),(728,83,'Test-drive - Receipt Header','1','test_preview',NULL,NULL,0,1,NULL,0,0,1,NULL,NULL,NULL),(729,84,'Pledges - Acknowledgement','1','pledge_acknowledge',NULL,NULL,0,1,NULL,0,0,1,NULL,NULL,NULL),(730,84,'Pledges - Payment Reminder','2','pledge_reminder',NULL,NULL,0,2,NULL,0,0,1,NULL,NULL,NULL),(731,85,'Profiles - Admin Notification','1','uf_notify',NULL,NULL,0,1,NULL,0,0,1,NULL,NULL,NULL),(732,86,'Petition - signature added','1','petition_sign',NULL,NULL,0,1,NULL,0,0,1,NULL,NULL,NULL),(733,86,'Petition - need verification','2','petition_confirmation_needed',NULL,NULL,0,2,NULL,0,0,1,NULL,NULL,NULL),(734,87,'In Honor of','1','in_honor_of',NULL,NULL,0,1,NULL,0,1,1,NULL,NULL,NULL),(735,87,'In Memory of','2','in_memory_of',NULL,NULL,0,2,NULL,0,1,1,NULL,NULL,NULL),(736,87,'Solicited','3','solicited',NULL,NULL,1,3,NULL,0,1,1,NULL,NULL,NULL),(737,87,'Household','4','household',NULL,NULL,0,4,NULL,0,0,1,NULL,NULL,NULL),(738,87,'Workplace Giving','5','workplace',NULL,NULL,0,5,NULL,0,0,1,NULL,NULL,NULL),(739,87,'Foundation Affiliate','6','foundation_affiliate',NULL,NULL,0,6,NULL,0,0,1,NULL,NULL,NULL),(740,87,'3rd-party Service','7','3rd-party_service',NULL,NULL,0,7,NULL,0,0,1,NULL,NULL,NULL),(741,87,'Donor-advised Fund','8','donor-advised_fund',NULL,NULL,0,8,NULL,0,0,1,NULL,NULL,NULL),(742,87,'Matched Gift','9','matched_gift',NULL,NULL,0,9,NULL,0,0,1,NULL,NULL,NULL),(743,87,'Personal Campaign Page','10','pcp',NULL,NULL,0,10,NULL,0,1,1,NULL,NULL,NULL),(744,87,'Gift','11','gift',NULL,NULL,0,11,NULL,0,1,1,NULL,NULL,NULL),(745,2,'Interview','49','Interview',NULL,0,NULL,49,'Conduct a phone or in person interview.',0,0,1,NULL,NULL,NULL);
/*!40000 ALTER TABLE `civicrm_option_value` ENABLE KEYS */;
UNLOCK TABLES;

--
-- Dumping data for table `civicrm_participant`
--

LOCK TABLES `civicrm_participant` WRITE;
/*!40000 ALTER TABLE `civicrm_participant` DISABLE KEYS */;
INSERT INTO `civicrm_participant` (`id`, `contact_id`, `event_id`, `status_id`, `role_id`, `register_date`, `source`, `fee_level`, `is_test`, `is_pay_later`, `fee_amount`, `registered_by_id`, `discount_id`, `fee_currency`, `campaign_id`, `discount_amount`, `cart_id`, `must_wait`) VALUES (1,193,1,1,'1','2009-01-21 00:00:00','Check','Single',0,0,'50.00',NULL,NULL,'USD',NULL,NULL,NULL,NULL),(2,60,2,2,'2','2008-05-07 00:00:00','Credit Card','Soprano',0,0,'50.00',NULL,NULL,'USD',NULL,NULL,NULL,NULL),(3,68,3,3,'3','2008-05-05 00:00:00','Credit Card','Tiny-tots (ages 5-8)',0,0,'800.00',NULL,NULL,'USD',NULL,NULL,NULL,NULL),(4,108,1,4,'4','2008-10-21 00:00:00','Direct Transfer','Single',0,0,'50.00',NULL,NULL,'USD',NULL,NULL,NULL,NULL),(5,102,2,1,'1','2008-01-10 00:00:00','Check','Soprano',0,0,'50.00',NULL,NULL,'USD',NULL,NULL,NULL,NULL),(6,179,3,2,'2','2008-03-05 00:00:00','Direct Transfer','Tiny-tots (ages 5-8)',0,0,'800.00',NULL,NULL,'USD',NULL,NULL,NULL,NULL),(7,170,1,3,'3','2009-07-21 00:00:00','Direct Transfer','Single',0,0,'50.00',NULL,NULL,'USD',NULL,NULL,NULL,NULL),(8,140,2,4,'4','2009-03-07 00:00:00','Credit Card','Soprano',0,0,'50.00',NULL,NULL,'USD',NULL,NULL,NULL,NULL),(9,168,3,1,'1','2008-02-05 00:00:00','Direct Transfer','Tiny-tots (ages 5-8)',0,0,'800.00',NULL,NULL,'USD',NULL,NULL,NULL,NULL),(10,89,1,2,'2','2008-02-01 00:00:00','Check','Single',0,0,'50.00',NULL,NULL,'USD',NULL,NULL,NULL,NULL),(11,90,2,3,'3','2009-01-10 00:00:00','Direct Transfer','Soprano',0,0,'50.00',NULL,NULL,'USD',NULL,NULL,NULL,NULL),(12,83,3,4,'4','2009-03-06 00:00:00','Credit Card','Tiny-tots (ages 5-8)',0,0,'800.00',NULL,NULL,'USD',NULL,NULL,NULL,NULL),(13,189,1,1,'2','2008-06-04 00:00:00','Credit Card','Single',0,0,'50.00',NULL,NULL,'USD',NULL,NULL,NULL,NULL),(14,110,2,2,'3','2008-01-10 00:00:00','Direct Transfer','Soprano',0,0,'50.00',NULL,NULL,'USD',NULL,NULL,NULL,NULL),(15,135,3,4,'1','2008-07-04 00:00:00','Check','Tiny-tots (ages 5-8)',0,0,'800.00',NULL,NULL,'USD',NULL,NULL,NULL,NULL),(16,85,1,4,'2','2009-01-21 00:00:00','Credit Card','Single',0,0,'50.00',NULL,NULL,'USD',NULL,NULL,NULL,NULL),(17,200,2,2,'3','2008-01-10 00:00:00','Credit Card','Soprano',0,0,'50.00',NULL,NULL,'USD',NULL,NULL,NULL,NULL),(18,27,3,3,'1','2009-03-05 00:00:00','Credit Card','Tiny-tots (ages 5-8)',0,0,'800.00',NULL,NULL,'USD',NULL,NULL,NULL,NULL),(19,182,1,2,'1','2008-10-21 00:00:00','Direct Transfer','Single',0,0,'50.00',NULL,NULL,'USD',NULL,NULL,NULL,NULL),(20,116,2,4,'1','2009-01-10 00:00:00','Credit Card','Soprano',0,0,'50.00',NULL,NULL,'USD',NULL,NULL,NULL,NULL),(21,44,3,1,'4','2008-03-25 00:00:00','Check','Tiny-tots (ages 5-8)',0,0,'800.00',NULL,NULL,'USD',NULL,NULL,NULL,NULL),(22,3,1,2,'3','2009-10-21 00:00:00','Direct Transfer','Single',0,0,'50.00',NULL,NULL,'USD',NULL,NULL,NULL,NULL),(23,11,2,4,'1','2008-01-10 00:00:00','Direct Transfer','Soprano',0,0,'50.00',NULL,NULL,'USD',NULL,NULL,NULL,NULL),(24,53,3,3,'1','2008-03-11 00:00:00','Credit Card','Tiny-tots (ages 5-8)',0,0,'800.00',NULL,NULL,'USD',NULL,NULL,NULL,NULL),(25,91,3,2,'2','2008-04-05 00:00:00','Direct Transfer','Tiny-tots (ages 5-8)',0,0,'800.00',NULL,NULL,'USD',NULL,NULL,NULL,NULL),(26,134,1,1,'1','2009-01-21 00:00:00','Check','Single',0,0,'50.00',NULL,NULL,'USD',NULL,NULL,NULL,NULL),(27,160,2,2,'2','2008-05-07 00:00:00','Credit Card','Soprano',0,0,'50.00',NULL,NULL,'USD',NULL,NULL,NULL,NULL),(28,32,3,3,'3','2009-12-12 00:00:00','Direct Transfer','Tiny-tots (ages 5-8)',0,0,'800.00',NULL,NULL,'USD',NULL,NULL,NULL,NULL),(29,107,1,4,'4','2009-12-13 00:00:00','Credit Card','Single',0,0,'50.00',NULL,NULL,'USD',NULL,NULL,NULL,NULL),(30,177,2,1,'1','2009-12-14 00:00:00','Direct Transfer','Soprano',0,0,'50.00',NULL,NULL,'USD',NULL,NULL,NULL,NULL),(31,101,3,2,'2','2009-12-15 00:00:00','Credit Card','Tiny-tots (ages 5-8)',0,0,'800.00',NULL,NULL,'USD',NULL,NULL,NULL,NULL),(32,64,1,3,'3','2009-07-21 00:00:00','Check','Single',0,0,'50.00',NULL,NULL,'USD',NULL,NULL,NULL,NULL),(33,98,2,4,'4','2009-03-07 00:00:00','Direct Transfer','Soprano',0,0,'50.00',NULL,NULL,'USD',NULL,NULL,NULL,NULL),(34,22,3,1,'1','2009-12-15 00:00:00','Credit Card','Tiny-tots (ages 5-8)',0,0,'800.00',NULL,NULL,'USD',NULL,NULL,NULL,NULL),(35,187,1,2,'2','2009-12-13 00:00:00','Direct Transfer','Single',0,0,'50.00',NULL,NULL,'USD',NULL,NULL,NULL,NULL),(36,95,2,3,'3','2009-01-10 00:00:00','Direct Transfer','Soprano',0,0,'50.00',NULL,NULL,'USD',NULL,NULL,NULL,NULL),(37,1,3,4,'4','2009-03-06 00:00:00','Check','Tiny-tots (ages 5-8)',0,0,'800.00',NULL,NULL,'USD',NULL,NULL,NULL,NULL),(38,71,1,1,'2','2009-12-13 00:00:00','Direct Transfer','Single',0,0,'50.00',NULL,NULL,'USD',NULL,NULL,NULL,NULL),(39,61,2,2,'3','2008-01-10 00:00:00','Direct Transfer','Soprano',0,0,'50.00',NULL,NULL,'USD',NULL,NULL,NULL,NULL),(40,112,3,4,'1','2009-12-14 00:00:00','Credit Card','Tiny-tots (ages 5-8)',0,0,'800.00',NULL,NULL,'USD',NULL,NULL,NULL,NULL),(41,12,1,4,'2','2009-01-21 00:00:00','Credit Card','Single',0,0,'50.00',NULL,NULL,'USD',NULL,NULL,NULL,NULL),(42,149,2,2,'3','2009-12-15 00:00:00','Credit Card','Soprano',0,0,'50.00',NULL,NULL,'USD',NULL,NULL,NULL,NULL),(43,14,3,3,'1','2009-03-05 00:00:00','Credit Card','Tiny-tots (ages 5-8)',0,0,'800.00',NULL,NULL,'USD',NULL,NULL,NULL,NULL),(44,35,1,2,'1','2009-12-13 00:00:00','Direct Transfer','Single',0,0,'50.00',NULL,NULL,'USD',NULL,NULL,NULL,NULL),(45,191,2,4,'1','2009-01-10 00:00:00','Direct Transfer','Soprano',0,0,'50.00',NULL,NULL,'USD',NULL,NULL,NULL,NULL),(46,20,3,1,'4','2009-12-13 00:00:00','Check','Tiny-tots (ages 5-8)',0,0,'800.00',NULL,NULL,'USD',NULL,NULL,NULL,NULL),(47,165,1,2,'3','2009-10-21 00:00:00','Credit Card','Single',0,0,'50.00',NULL,NULL,'USD',NULL,NULL,NULL,NULL),(48,157,2,4,'1','2009-12-10 00:00:00','Credit Card','Soprano',0,0,'50.00',NULL,NULL,'USD',NULL,NULL,NULL,NULL),(49,181,3,3,'1','2009-03-11 00:00:00','Credit Card','Tiny-tots (ages 5-8)',0,0,'800.00',NULL,NULL,'USD',NULL,NULL,NULL,NULL),(50,201,3,2,'2','2009-04-05 00:00:00','Check','Tiny-tots (ages 5-8)',0,0,'800.00',NULL,NULL,'USD',NULL,NULL,NULL,NULL);
/*!40000 ALTER TABLE `civicrm_participant` ENABLE KEYS */;
UNLOCK TABLES;

--
-- Dumping data for table `civicrm_participant_payment`
--

LOCK TABLES `civicrm_participant_payment` WRITE;
/*!40000 ALTER TABLE `civicrm_participant_payment` DISABLE KEYS */;
INSERT INTO `civicrm_participant_payment` (`id`, `participant_id`, `contribution_id`) VALUES (1,37,45),(2,22,46),(3,23,47),(4,41,48),(5,43,49),(6,46,50),(7,34,51),(8,18,52),(9,28,53),(10,44,54),(11,21,55),(12,24,56),(13,2,57),(14,39,58),(15,32,59),(16,3,60),(17,38,61),(18,12,62),(19,16,63),(20,10,64),(21,11,65),(22,25,66),(23,36,67),(24,33,68),(25,31,69),(26,5,70),(27,29,71),(28,4,72),(29,14,73),(30,40,74),(31,20,75),(32,26,76),(33,15,77),(34,8,78),(35,42,79),(36,48,80),(37,27,81),(38,47,82),(39,9,83),(40,7,84),(41,30,85),(42,6,86),(43,49,87),(44,19,88),(45,35,89),(46,13,90),(47,45,91),(48,1,92),(49,17,93),(50,50,94);
/*!40000 ALTER TABLE `civicrm_participant_payment` ENABLE KEYS */;
UNLOCK TABLES;

--
-- Dumping data for table `civicrm_participant_status_type`
--

LOCK TABLES `civicrm_participant_status_type` WRITE;
/*!40000 ALTER TABLE `civicrm_participant_status_type` DISABLE KEYS */;
INSERT INTO `civicrm_participant_status_type` (`id`, `name`, `label`, `class`, `is_reserved`, `is_active`, `is_counted`, `weight`, `visibility_id`) VALUES (1,'Registered','Registered','Positive',1,1,1,1,1),(2,'Attended','Attended','Positive',0,1,1,2,2),(3,'No-show','No-show','Negative',0,1,0,3,2),(4,'Cancelled','Cancelled','Negative',1,1,0,4,2),(5,'Pending from pay later','Pending from pay later','Pending',1,1,1,5,2),(6,'Pending from incomplete transaction','Pending from incomplete transaction','Pending',1,1,0,6,2),(7,'On waitlist','On waitlist','Waiting',1,0,0,7,2),(8,'Awaiting approval','Awaiting approval','Waiting',1,0,1,8,2),(9,'Pending from waitlist','Pending from waitlist','Pending',1,0,1,9,2),(10,'Pending from approval','Pending from approval','Pending',1,0,1,10,2),(11,'Rejected','Rejected','Negative',1,0,0,11,2),(12,'Expired','Expired','Negative',1,1,0,12,2),(13,'Pending in cart','Pending in cart','Pending',1,1,0,13,2),(14,'Partially paid','Partially paid','Positive',1,1,1,14,2),(15,'Pending refund','Pending refund','Positive',1,1,1,14,2);
/*!40000 ALTER TABLE `civicrm_participant_status_type` ENABLE KEYS */;
UNLOCK TABLES;

--
-- Dumping data for table `civicrm_payment_processor`
--

LOCK TABLES `civicrm_payment_processor` WRITE;
/*!40000 ALTER TABLE `civicrm_payment_processor` DISABLE KEYS */;
/*!40000 ALTER TABLE `civicrm_payment_processor` ENABLE KEYS */;
UNLOCK TABLES;

--
-- Dumping data for table `civicrm_payment_processor_type`
--

LOCK TABLES `civicrm_payment_processor_type` WRITE;
/*!40000 ALTER TABLE `civicrm_payment_processor_type` DISABLE KEYS */;
INSERT INTO `civicrm_payment_processor_type` (`id`, `name`, `title`, `description`, `is_active`, `is_default`, `user_name_label`, `password_label`, `signature_label`, `subject_label`, `class_name`, `url_site_default`, `url_api_default`, `url_recur_default`, `url_button_default`, `url_site_test_default`, `url_api_test_default`, `url_recur_test_default`, `url_button_test_default`, `billing_mode`, `is_recur`, `payment_type`) VALUES (1,'PayPal_Standard','PayPal - Website Payments Standard',NULL,1,0,'Merchant Account Email',NULL,NULL,NULL,'Payment_PayPalImpl','https://www.paypal.com/',NULL,'https://www.paypal.com/',NULL,'https://www.sandbox.paypal.com/',NULL,'https://www.sandbox.paypal.com/',NULL,4,1,1),(2,'PayPal','PayPal - Website Payments Pro',NULL,1,0,'User Name','Password','Signature',NULL,'Payment_PayPalImpl','https://www.paypal.com/','https://api-3t.paypal.com/','https://www.paypal.com/','https://www.paypal.com/en_US/i/btn/btn_xpressCheckout.gif','https://www.sandbox.paypal.com/','https://api-3t.sandbox.paypal.com/','https://www.sandbox.paypal.com/','https://www.paypal.com/en_US/i/btn/btn_xpressCheckout.gif',3,1,1),(3,'PayPal_Express','PayPal - Express',NULL,1,0,'User Name','Password','Signature',NULL,'Payment_PayPalImpl','https://www.paypal.com/','https://api-3t.paypal.com/',NULL,'https://www.paypal.com/en_US/i/btn/btn_xpressCheckout.gif','https://www.sandbox.paypal.com/','https://api-3t.sandbox.paypal.com/',NULL,'https://www.paypal.com/en_US/i/btn/btn_xpressCheckout.gif',2,NULL,1),(4,'Google_Checkout','Google Checkout',NULL,1,0,'Merchant ID','Key',NULL,NULL,'Payment_Google','https://checkout.google.com/',NULL,'https://checkout.google.com/','https://checkout.google.com/buttons/checkout.gif?merchant_id=YOURMERCHANTIDHERE&w=160&h=43&style=white&variant=text&loc=en_US','https://sandbox.google.com/checkout/',NULL,'https://sandbox.google.com/checkout/','https://sandbox.google.com/checkout/buttons/checkout.gif?merchant_id=YOURMERCHANTIDHERE&w=160&h=43&style=white&variant=text&loc=en_US',4,1,1),(5,'Moneris','Moneris',NULL,1,0,'User Name','Password','Store ID',NULL,'Payment_Moneris','https://www3.moneris.com/',NULL,NULL,NULL,'https://esqa.moneris.com/',NULL,NULL,NULL,1,1,1),(6,'AuthNet','Authorize.Net',NULL,1,0,'API Login','Payment Key','MD5 Hash',NULL,'Payment_AuthorizeNet','https://secure.authorize.net/gateway/transact.dll',NULL,'https://api.authorize.net/xml/v1/request.api',NULL,'https://test.authorize.net/gateway/transact.dll',NULL,'https://apitest.authorize.net/xml/v1/request.api',NULL,1,1,1),(7,'PayJunction','PayJunction',NULL,1,0,'User Name','Password',NULL,NULL,'Payment_PayJunction','https://payjunction.com/quick_link',NULL,NULL,NULL,'https://www.payjunctionlabs.com/quick_link',NULL,NULL,NULL,1,1,1),(8,'eWAY','eWAY (Single Currency)',NULL,1,0,'Customer ID',NULL,NULL,NULL,'Payment_eWAY','https://www.eway.com.au/gateway_cvn/xmlpayment.asp',NULL,NULL,NULL,'https://www.eway.com.au/gateway_cvn/xmltest/testpage.asp',NULL,NULL,NULL,1,0,1),(9,'Payment_Express','DPS Payment Express',NULL,1,0,'User ID','Key','Mac Key - pxaccess only',NULL,'Payment_PaymentExpress','https://www.paymentexpress.com/pleaseenteraurl',NULL,NULL,NULL,'https://www.paymentexpress.com/pleaseenteratesturl',NULL,NULL,NULL,4,0,1),(10,'Dummy','Dummy Payment Processor',NULL,1,1,'User Name',NULL,NULL,NULL,'Payment_Dummy',NULL,NULL,NULL,NULL,NULL,NULL,NULL,NULL,1,1,1),(11,'Elavon','Elavon Payment Processor','Elavon / Nova Virtual Merchant',1,0,'SSL Merchant ID ','SSL User ID','SSL PIN',NULL,'Payment_Elavon','https://www.myvirtualmerchant.com/VirtualMerchant/processxml.do',NULL,NULL,NULL,'https://www.myvirtualmerchant.com/VirtualMerchant/processxml.do',NULL,NULL,NULL,1,0,1),(12,'Realex','Realex Payment',NULL,1,0,'Merchant ID','Password',NULL,'Account','Payment_Realex','https://epage.payandshop.com/epage.cgi',NULL,NULL,NULL,'https://epage.payandshop.com/epage-remote.cgi',NULL,NULL,NULL,1,0,1),(13,'PayflowPro','PayflowPro',NULL,1,0,'Vendor ID','Password','Partner (merchant)','User','Payment_PayflowPro','https://Payflowpro.paypal.com',NULL,NULL,NULL,'https://pilot-Payflowpro.paypal.com',NULL,NULL,NULL,1,0,1),(14,'FirstData','FirstData (aka linkpoint)','FirstData (aka linkpoint)',1,0,'Store name','certificate path',NULL,NULL,'Payment_FirstData','https://secure.linkpt.net',NULL,NULL,NULL,'https://staging.linkpt.net',NULL,NULL,NULL,1,NULL,1);
/*!40000 ALTER TABLE `civicrm_payment_processor_type` ENABLE KEYS */;
UNLOCK TABLES;

--
-- Dumping data for table `civicrm_pcp`
--

LOCK TABLES `civicrm_pcp` WRITE;
/*!40000 ALTER TABLE `civicrm_pcp` DISABLE KEYS */;
INSERT INTO `civicrm_pcp` (`id`, `contact_id`, `status_id`, `title`, `intro_text`, `page_text`, `donate_link_text`, `page_id`, `page_type`, `pcp_block_id`, `is_thermometer`, `is_honor_roll`, `goal_amount`, `currency`, `is_active`) VALUES (1,177,2,'My Personal Civi Fundraiser','I\'m on a mission to get all my friends and family to help support my favorite open-source civic sector CRM.','<p>Friends and family - please help build much needed infrastructure for the civic sector by supporting my personal campaign!</p>\r\n<p><a href=\"http://civicrm.org\">You can learn more about CiviCRM here</a>.</p>\r\n<p>Then click the <strong>Contribute Now</strong> button to go to our easy-to-use online contribution form.</p>','Contribute Now',1,'contribute',1,1,1,'5000.00','USD',1);
/*!40000 ALTER TABLE `civicrm_pcp` ENABLE KEYS */;
UNLOCK TABLES;

--
-- Dumping data for table `civicrm_pcp_block`
--

LOCK TABLES `civicrm_pcp_block` WRITE;
/*!40000 ALTER TABLE `civicrm_pcp_block` DISABLE KEYS */;
INSERT INTO `civicrm_pcp_block` (`id`, `entity_table`, `entity_id`, `target_entity_type`, `target_entity_id`, `supporter_profile_id`, `is_approval_needed`, `is_tellfriend_enabled`, `tellfriend_limit`, `link_text`, `is_active`, `notify_email`) VALUES (1,'civicrm_contribution_page',1,'contribute',1,2,1,1,5,'Create your own Personal Campaign Page!',1,NULL);
/*!40000 ALTER TABLE `civicrm_pcp_block` ENABLE KEYS */;
UNLOCK TABLES;

--
-- Dumping data for table `civicrm_persistent`
--

LOCK TABLES `civicrm_persistent` WRITE;
/*!40000 ALTER TABLE `civicrm_persistent` DISABLE KEYS */;
/*!40000 ALTER TABLE `civicrm_persistent` ENABLE KEYS */;
UNLOCK TABLES;

--
-- Dumping data for table `civicrm_phone`
--

LOCK TABLES `civicrm_phone` WRITE;
/*!40000 ALTER TABLE `civicrm_phone` DISABLE KEYS */;
INSERT INTO `civicrm_phone` (`id`, `contact_id`, `location_type_id`, `is_primary`, `is_billing`, `mobile_provider_id`, `phone`, `phone_ext`, `phone_numeric`, `phone_type_id`) VALUES (1,30,1,1,0,NULL,'507-5489',NULL,'5075489',2),(2,177,1,1,0,NULL,'(752) 490-2524',NULL,'7524902524',2),(3,177,1,0,0,NULL,'(508) 707-7482',NULL,'5087077482',2),(4,85,1,1,0,NULL,'(282) 500-5236',NULL,'2825005236',1),(5,85,1,0,0,NULL,'(364) 569-5266',NULL,'3645695266',1),(6,76,1,1,0,NULL,'262-9877',NULL,'2629877',2),(7,76,1,0,0,NULL,'364-6855',NULL,'3646855',1),(8,116,1,1,0,NULL,'834-3797',NULL,'8343797',1),(9,37,1,1,0,NULL,'(616) 785-3057',NULL,'6167853057',1),(10,37,1,0,0,NULL,'546-8925',NULL,'5468925',2),(11,193,1,1,0,NULL,'(365) 766-4992',NULL,'3657664992',2),(12,12,1,1,0,NULL,'896-7563',NULL,'8967563',2),(13,12,1,0,0,NULL,'826-8814',NULL,'8268814',1),(14,125,1,1,0,NULL,'710-7503',NULL,'7107503',1),(15,125,1,0,0,NULL,'(297) 825-6020',NULL,'2978256020',2),(16,132,1,1,0,NULL,'381-1748',NULL,'3811748',1),(17,178,1,1,0,NULL,'(681) 654-1773',NULL,'6816541773',1),(18,19,1,1,0,NULL,'710-5712',NULL,'7105712',1),(19,19,1,0,0,NULL,'(589) 741-3144',NULL,'5897413144',1),(20,173,1,1,0,NULL,'(709) 633-4952',NULL,'7096334952',2),(21,173,1,0,0,NULL,'(670) 689-1050',NULL,'6706891050',2),(22,77,1,1,0,NULL,'280-3273',NULL,'2803273',1),(23,141,1,1,0,NULL,'695-8387',NULL,'6958387',1),(24,99,1,1,0,NULL,'(571) 582-9665',NULL,'5715829665',1),(25,126,1,1,0,NULL,'845-3690',NULL,'8453690',1),(26,126,1,0,0,NULL,'841-1239',NULL,'8411239',1),(27,20,1,1,0,NULL,'432-3685',NULL,'4323685',2),(28,96,1,1,0,NULL,'222-1393',NULL,'2221393',1),(29,118,1,1,0,NULL,'(579) 520-2492',NULL,'5795202492',2),(30,80,1,1,0,NULL,'(350) 353-7962',NULL,'3503537962',2),(31,80,1,0,0,NULL,'(549) 703-2775',NULL,'5497032775',1),(32,109,1,1,0,NULL,'(856) 837-5820',NULL,'8568375820',2),(33,31,1,1,0,NULL,'873-6294',NULL,'8736294',1),(34,31,1,0,0,NULL,'376-2475',NULL,'3762475',1),(35,113,1,1,0,NULL,'(554) 365-9508',NULL,'5543659508',1),(36,138,1,1,0,NULL,'281-1518',NULL,'2811518',1),(37,138,1,0,0,NULL,'(456) 624-8524',NULL,'4566248524',1),(38,18,1,1,0,NULL,'(354) 824-4340',NULL,'3548244340',2),(39,49,1,1,0,NULL,'343-4071',NULL,'3434071',2),(40,49,1,0,0,NULL,'(555) 516-3058',NULL,'5555163058',2),(41,74,1,1,0,NULL,'(343) 528-6677',NULL,'3435286677',1),(42,27,1,1,0,NULL,'702-5466',NULL,'7025466',2),(43,27,1,0,0,NULL,'786-9656',NULL,'7869656',1),(44,41,1,1,0,NULL,'(451) 826-3628',NULL,'4518263628',1),(45,41,1,0,0,NULL,'219-9544',NULL,'2199544',2),(46,87,1,1,0,NULL,'844-7805',NULL,'8447805',1),(47,87,1,0,0,NULL,'(312) 788-7410',NULL,'3127887410',2),(48,185,1,1,0,NULL,'419-5208',NULL,'4195208',2),(49,143,1,1,0,NULL,'(392) 471-4339',NULL,'3924714339',1),(50,143,1,0,0,NULL,'(487) 858-2721',NULL,'4878582721',1),(51,97,1,1,0,NULL,'(232) 770-5438',NULL,'2327705438',1),(52,97,1,0,0,NULL,'(788) 803-7919',NULL,'7888037919',1),(53,136,1,1,0,NULL,'(329) 457-3113',NULL,'3294573113',2),(54,136,1,0,0,NULL,'853-7802',NULL,'8537802',1),(55,42,1,1,0,NULL,'696-7563',NULL,'6967563',1),(56,168,1,1,0,NULL,'592-3413',NULL,'5923413',2),(57,168,1,0,0,NULL,'(833) 709-7999',NULL,'8337097999',1),(58,64,1,1,0,NULL,'410-1766',NULL,'4101766',1),(59,64,1,0,0,NULL,'(599) 883-2484',NULL,'5998832484',1),(60,90,1,1,0,NULL,'(255) 884-1688',NULL,'2558841688',1),(61,71,1,1,0,NULL,'(552) 815-3179',NULL,'5528153179',1),(62,16,1,1,0,NULL,'(570) 713-1043',NULL,'5707131043',2),(63,16,1,0,0,NULL,'477-2017',NULL,'4772017',2),(64,157,1,1,0,NULL,'(238) 878-7047',NULL,'2388787047',2),(65,86,1,1,0,NULL,'(550) 766-9862',NULL,'5507669862',1),(66,181,1,1,0,NULL,'742-3471',NULL,'7423471',2),(67,181,1,0,0,NULL,'779-6972',NULL,'7796972',2),(68,164,1,1,0,NULL,'336-8617',NULL,'3368617',1),(69,98,1,1,0,NULL,'222-8264',NULL,'2228264',1),(70,43,1,1,0,NULL,'(657) 261-3713',NULL,'6572613713',2),(71,7,1,1,0,NULL,'875-6143',NULL,'8756143',2),(72,67,1,1,0,NULL,'(457) 245-6821',NULL,'4572456821',2),(73,67,1,0,0,NULL,'831-9094',NULL,'8319094',2),(74,32,1,1,0,NULL,'219-8608',NULL,'2198608',2),(75,32,1,0,0,NULL,'611-1837',NULL,'6111837',1),(76,54,1,1,0,NULL,'(377) 477-7712',NULL,'3774777712',1),(77,40,1,1,0,NULL,'(529) 702-2839',NULL,'5297022839',1),(78,60,1,1,0,NULL,'813-5167',NULL,'8135167',1),(79,59,1,1,0,NULL,'334-5105',NULL,'3345105',1),(80,59,1,0,0,NULL,'(697) 657-9871',NULL,'6976579871',1),(81,92,1,1,0,NULL,'422-2581',NULL,'4222581',1),(82,68,1,1,0,NULL,'(503) 839-5462',NULL,'5038395462',1),(83,68,1,0,0,NULL,'629-8185',NULL,'6298185',2),(84,189,1,1,0,NULL,'892-7387',NULL,'8927387',1),(85,189,1,0,0,NULL,'550-4203',NULL,'5504203',1),(86,66,1,1,0,NULL,'(660) 432-8367',NULL,'6604328367',1),(87,66,1,0,0,NULL,'(273) 483-2996',NULL,'2734832996',1),(88,75,1,1,0,NULL,'(567) 698-5142',NULL,'5676985142',2),(89,62,1,1,0,NULL,'(274) 811-4400',NULL,'2748114400',1),(90,94,1,1,0,NULL,'248-3801',NULL,'2483801',1),(91,94,1,0,0,NULL,'883-5921',NULL,'8835921',1),(92,46,1,1,0,NULL,'555-3738',NULL,'5553738',2),(93,119,1,1,0,NULL,'(683) 413-3630',NULL,'6834133630',2),(94,119,1,0,0,NULL,'(314) 370-9903',NULL,'3143709903',1),(95,84,1,1,0,NULL,'373-4863',NULL,'3734863',2),(96,69,1,1,0,NULL,'(795) 432-7381',NULL,'7954327381',2),(97,69,1,0,0,NULL,'(536) 717-4058',NULL,'5367174058',2),(98,187,1,1,0,NULL,'(528) 399-1799',NULL,'5283991799',2),(99,187,1,0,0,NULL,'(446) 486-8570',NULL,'4464868570',2),(100,156,1,1,0,NULL,'292-8913',NULL,'2928913',2),(101,156,1,0,0,NULL,'397-7687',NULL,'3977687',2),(102,70,1,1,0,NULL,'(279) 689-6530',NULL,'2796896530',2),(103,70,1,0,0,NULL,'243-1004',NULL,'2431004',2),(104,155,1,1,0,NULL,'688-1767',NULL,'6881767',1),(105,160,1,1,0,NULL,'578-9385',NULL,'5789385',2),(106,160,1,0,0,NULL,'(631) 269-2151',NULL,'6312692151',2),(107,147,1,1,0,NULL,'(769) 652-5570',NULL,'7696525570',1),(108,106,1,1,0,NULL,'(671) 771-2865',NULL,'6717712865',2),(109,176,1,1,0,NULL,'(566) 713-4965',NULL,'5667134965',2),(110,176,1,0,0,NULL,'275-8276',NULL,'2758276',1),(111,45,1,1,0,NULL,'797-8506',NULL,'7978506',1),(112,45,1,0,0,NULL,'552-3745',NULL,'5523745',1),(113,103,1,1,0,NULL,'(517) 823-2111',NULL,'5178232111',1),(114,103,1,0,0,NULL,'(524) 670-2156',NULL,'5246702156',1),(115,17,1,1,0,NULL,'553-4945',NULL,'5534945',1),(116,17,1,0,0,NULL,'832-3274',NULL,'8323274',1),(117,10,1,1,0,NULL,'(799) 640-8593',NULL,'7996408593',2),(118,158,1,1,0,NULL,'(245) 596-1815',NULL,'2455961815',2),(119,158,1,0,0,NULL,'611-9193',NULL,'6119193',2),(120,48,1,1,0,NULL,'285-2619',NULL,'2852619',2),(121,48,1,0,0,NULL,'(355) 808-1044',NULL,'3558081044',2),(122,26,1,1,0,NULL,'(826) 654-7282',NULL,'8266547282',2),(123,21,1,1,0,NULL,'(720) 209-3520',NULL,'7202093520',2),(124,195,1,1,0,NULL,'(605) 211-2080',NULL,'6052112080',2),(125,2,1,1,0,NULL,'(481) 335-2016',NULL,'4813352016',1),(126,2,1,0,0,NULL,'(580) 232-7593',NULL,'5802327593',2),(127,180,1,1,0,NULL,'419-5985',NULL,'4195985',1),(128,180,1,0,0,NULL,'(645) 794-7478',NULL,'6457947478',2),(129,34,1,1,0,NULL,'(684) 332-1071',NULL,'6843321071',1),(130,3,1,1,0,NULL,'876-7112',NULL,'8767112',1),(131,3,1,0,0,NULL,'381-6460',NULL,'3816460',1),(132,139,1,1,0,NULL,'735-5962',NULL,'7355962',1),(133,200,1,1,0,NULL,'819-8514',NULL,'8198514',1),(134,200,1,0,0,NULL,'(419) 282-6675',NULL,'4192826675',1),(135,144,1,1,0,NULL,'(322) 875-1405',NULL,'3228751405',2),(136,144,1,0,0,NULL,'(405) 336-4118',NULL,'4053364118',1),(137,166,1,1,0,NULL,'229-8856',NULL,'2298856',2),(138,166,1,0,0,NULL,'662-4944',NULL,'6624944',1),(139,196,1,1,0,NULL,'(706) 864-4126',NULL,'7068644126',1),(140,174,1,1,0,NULL,'800-7405',NULL,'8007405',2),(141,183,1,1,0,NULL,'368-3898',NULL,'3683898',1),(142,183,1,0,0,NULL,'540-8637',NULL,'5408637',1),(143,131,1,1,0,NULL,'456-7061',NULL,'4567061',2),(144,115,1,1,0,NULL,'590-1334',NULL,'5901334',1),(145,115,1,0,0,NULL,'(624) 512-6767',NULL,'6245126767',1),(146,107,1,1,0,NULL,'(703) 305-7114',NULL,'7033057114',2),(147,NULL,1,0,0,NULL,'204 222-1000',NULL,'2042221000',1),(148,NULL,1,0,0,NULL,'204 223-1000',NULL,'2042231000',1),(149,NULL,1,0,0,NULL,'303 323-1000',NULL,'3033231000',1);
/*!40000 ALTER TABLE `civicrm_phone` ENABLE KEYS */;
UNLOCK TABLES;

--
-- Dumping data for table `civicrm_pledge`
--

LOCK TABLES `civicrm_pledge` WRITE;
/*!40000 ALTER TABLE `civicrm_pledge` DISABLE KEYS */;
INSERT INTO `civicrm_pledge` (`id`, `contact_id`, `financial_type_id`, `contribution_page_id`, `amount`, `original_installment_amount`, `currency`, `frequency_unit`, `frequency_interval`, `frequency_day`, `installments`, `start_date`, `create_date`, `acknowledge_date`, `modified_date`, `cancel_date`, `end_date`, `max_reminders`, `initial_reminder_day`, `additional_reminder_day`, `status_id`, `is_test`, `campaign_id`) VALUES (1,71,1,1,'500.00','500.00','USD','month',1,1,1,'2009-07-01 00:00:00','2009-06-26 00:00:00',NULL,NULL,NULL,'2009-07-01 00:00:00',1,5,5,1,0,NULL),(2,43,1,1,'800.00','200.00','USD','month',3,1,4,'2009-07-01 00:00:00','2009-06-23 00:00:00','2009-06-23 00:00:00',NULL,NULL,'2009-04-01 10:11:40',1,5,5,5,0,NULL),(3,32,1,1,'600.00','200.00','USD','month',1,1,3,'2009-10-01 00:00:00','2009-09-14 00:00:00','2009-09-14 00:00:00',NULL,NULL,'2009-12-01 00:00:00',1,5,5,5,0,NULL);
/*!40000 ALTER TABLE `civicrm_pledge` ENABLE KEYS */;
UNLOCK TABLES;

--
-- Dumping data for table `civicrm_pledge_block`
--

LOCK TABLES `civicrm_pledge_block` WRITE;
/*!40000 ALTER TABLE `civicrm_pledge_block` DISABLE KEYS */;
INSERT INTO `civicrm_pledge_block` (`id`, `entity_table`, `entity_id`, `pledge_frequency_unit`, `is_pledge_interval`, `max_reminders`, `initial_reminder_day`, `additional_reminder_day`) VALUES (1,'civicrm_contribution_page',3,'weekmonthyear',1,1,5,5),(2,'civicrm_contribution_page',1,'weekmonthyear',0,2,5,5);
/*!40000 ALTER TABLE `civicrm_pledge_block` ENABLE KEYS */;
UNLOCK TABLES;

--
-- Dumping data for table `civicrm_pledge_payment`
--

LOCK TABLES `civicrm_pledge_payment` WRITE;
/*!40000 ALTER TABLE `civicrm_pledge_payment` DISABLE KEYS */;
INSERT INTO `civicrm_pledge_payment` (`id`, `pledge_id`, `contribution_id`, `scheduled_amount`, `actual_amount`, `currency`, `scheduled_date`, `reminder_date`, `reminder_count`, `status_id`) VALUES (1,1,10,'500.00','500.00','USD','2009-07-01 00:00:00',NULL,0,1),(2,2,11,'200.00','200.00','USD','2009-07-01 00:00:00',NULL,0,1),(3,2,NULL,'200.00',NULL,'USD','2009-10-01 00:00:00',NULL,0,2),(4,2,NULL,'200.00',NULL,'USD','2009-01-01 00:00:00',NULL,0,2),(5,2,NULL,'200.00',NULL,'USD','2009-04-01 00:00:00',NULL,0,2),(6,3,12,'200.00','200.00','USD','2009-10-01 00:00:00',NULL,0,1),(7,3,13,'200.00','200.00','USD','2009-11-01 00:00:00','2009-10-28 00:00:00',1,1),(8,3,NULL,'200.00',NULL,'USD','2009-12-01 00:00:00',NULL,0,2);
/*!40000 ALTER TABLE `civicrm_pledge_payment` ENABLE KEYS */;
UNLOCK TABLES;

--
-- Dumping data for table `civicrm_preferences_date`
--

LOCK TABLES `civicrm_preferences_date` WRITE;
/*!40000 ALTER TABLE `civicrm_preferences_date` DISABLE KEYS */;
INSERT INTO `civicrm_preferences_date` (`id`, `name`, `description`, `start`, `end`, `date_format`, `time_format`) VALUES (1,'activityDate','Date for activities including contributions: receive, receipt, cancel. membership: join, start, renew. case: start, end.',20,10,'',''),(2,'activityDateTime','Date and time for activity: scheduled. participant: registered.',20,10,'','1'),(3,'birth','Birth and deceased dates. Only year, month and day fields are supported.',100,0,'',''),(4,'creditCard','Month and year only for credit card expiration.',0,10,'M Y',''),(5,'custom','Uses date range passed in by form field. Can pass in a posix date part parameter. Start and end offsets defined here are ignored.',20,20,'',''),(6,'mailing','Date and time. Used for scheduling mailings.',0,1,'',''),(7,'searchDate','Used in search forms.',20,20,'','');
/*!40000 ALTER TABLE `civicrm_preferences_date` ENABLE KEYS */;
UNLOCK TABLES;

--
-- Dumping data for table `civicrm_premiums`
--

LOCK TABLES `civicrm_premiums` WRITE;
/*!40000 ALTER TABLE `civicrm_premiums` DISABLE KEYS */;
INSERT INTO `civicrm_premiums` (`id`, `entity_table`, `entity_id`, `premiums_active`, `premiums_intro_title`, `premiums_intro_text`, `premiums_contact_email`, `premiums_contact_phone`, `premiums_display_min_contribution`, `premiums_nothankyou_label`, `premiums_nothankyou_position`) VALUES (1,'civicrm_contribution_page',1,1,'Thank-you Gifts','We appreciate your support and invite you to choose from the exciting collection of thank-you gifts below. Minimum contribution amounts for each selection are included in the descriptions. (NOTE: These gifts are shown as examples only. No gifts will be sent to donors.)','premiums@example.org',NULL,1,'No thank-you',1);
/*!40000 ALTER TABLE `civicrm_premiums` ENABLE KEYS */;
UNLOCK TABLES;

--
-- Dumping data for table `civicrm_premiums_product`
--

LOCK TABLES `civicrm_premiums_product` WRITE;
/*!40000 ALTER TABLE `civicrm_premiums_product` DISABLE KEYS */;
INSERT INTO `civicrm_premiums_product` (`id`, `premiums_id`, `product_id`, `weight`, `financial_type_id`) VALUES (1,1,1,1,NULL);
/*!40000 ALTER TABLE `civicrm_premiums_product` ENABLE KEYS */;
UNLOCK TABLES;

--
-- Dumping data for table `civicrm_prevnext_cache`
--

LOCK TABLES `civicrm_prevnext_cache` WRITE;
/*!40000 ALTER TABLE `civicrm_prevnext_cache` DISABLE KEYS */;
/*!40000 ALTER TABLE `civicrm_prevnext_cache` ENABLE KEYS */;
UNLOCK TABLES;

--
-- Dumping data for table `civicrm_price_field`
--

LOCK TABLES `civicrm_price_field` WRITE;
/*!40000 ALTER TABLE `civicrm_price_field` DISABLE KEYS */;
INSERT INTO `civicrm_price_field` (`id`, `price_set_id`, `name`, `label`, `html_type`, `is_enter_qty`, `help_pre`, `help_post`, `weight`, `is_display_amounts`, `options_per_line`, `is_active`, `is_required`, `active_on`, `expire_on`, `javascript`, `visibility_id`) VALUES (1,1,'contribution_amount','Contribution Amount','Text',0,NULL,NULL,1,1,1,1,1,NULL,NULL,NULL,1),(2,3,'contribution_amount','Contribution Amount','Radio',0,NULL,NULL,2,1,1,1,0,NULL,NULL,NULL,1),(3,3,'other_amount','Other Amount','Text',0,NULL,NULL,3,0,1,1,0,NULL,NULL,NULL,1),(4,2,'1','Membership Amount','Radio',0,NULL,NULL,1,1,1,1,1,NULL,NULL,NULL,1),(5,4,'membership_amount','Membership','Radio',0,NULL,NULL,1,1,1,1,1,NULL,NULL,NULL,1),(6,5,'other_amount','Contribution Amount','Text',0,NULL,NULL,3,0,1,1,1,NULL,NULL,NULL,1),(7,6,'tournament_fees','Tournament Fees','Radio',0,NULL,NULL,1,1,1,1,1,NULL,NULL,NULL,1),(8,7,'dinner_contribution','Dinner Contribution','Radio',0,NULL,NULL,1,1,1,1,1,NULL,NULL,NULL,1),(9,8,'festival_fee','Festival Fee','Radio',0,NULL,NULL,1,1,1,1,1,NULL,NULL,NULL,1);
/*!40000 ALTER TABLE `civicrm_price_field` ENABLE KEYS */;
UNLOCK TABLES;

--
-- Dumping data for table `civicrm_price_field_value`
--

LOCK TABLES `civicrm_price_field_value` WRITE;
/*!40000 ALTER TABLE `civicrm_price_field_value` DISABLE KEYS */;
INSERT INTO `civicrm_price_field_value` (`id`, `price_field_id`, `name`, `label`, `description`, `amount`, `count`, `max_value`, `weight`, `membership_type_id`, `membership_num_terms`, `is_default`, `is_active`, `financial_type_id`, `deductible_amount`) VALUES (1,1,'contribution_amount','Contribution Amount',NULL,'1',NULL,NULL,1,NULL,NULL,0,1,1,'0.00'),(2,2,'friend','Friend',NULL,'1.00',NULL,NULL,1,NULL,NULL,0,1,1,'0.00'),(3,2,'supporter','Supporter',NULL,'5.00',NULL,NULL,2,NULL,NULL,0,1,1,'0.00'),(4,2,'booster','Booster',NULL,'10.00',NULL,NULL,3,NULL,NULL,1,1,1,'0.00'),(5,2,'sustainer','Sustainer',NULL,'50.00',NULL,NULL,4,NULL,NULL,0,1,1,'0.00'),(6,3,'other_amount','Other Amount',NULL,'1',NULL,NULL,3,NULL,NULL,0,1,1,'0.00'),(7,4,'general','General','Regular annual membership.','100.00',NULL,NULL,1,1,NULL,0,1,2,'0.00'),(8,4,'student','Student','Discount membership for full-time students.','50.00',NULL,NULL,2,2,NULL,0,1,2,'0.00'),(9,4,'lifetime','Lifetime','Lifetime membership.','1200.00',NULL,NULL,3,3,NULL,0,1,2,'0.00'),(10,5,'General','General',NULL,'100.00',NULL,NULL,1,1,NULL,1,1,2,'0.00'),(11,5,'Student','Student',NULL,'50.00',NULL,NULL,1,2,NULL,0,1,2,'0.00'),(12,6,'other_amount','Contribution Amount',NULL,'1',NULL,NULL,1,NULL,NULL,0,1,1,'0.00'),(13,7,'tiny_tots__ages_5_8_','Tiny-tots (ages 5-8)',NULL,'800',NULL,NULL,1,NULL,NULL,1,1,4,'0.00'),(14,7,'junior_Stars__ages_9_12_','Junior Stars (ages 9-12)',NULL,'1000',NULL,NULL,2,NULL,NULL,0,1,4,'0.00'),(15,7,'super_Stars__ages_13_18_','Super Stars (ages 13-18)',NULL,'1500',NULL,NULL,3,NULL,NULL,0,1,4,'0.00'),(16,8,'single','Single',NULL,'50',NULL,NULL,1,NULL,NULL,1,1,4,'0.00'),(17,8,'couple','Couple',NULL,'100',NULL,NULL,2,NULL,NULL,0,1,4,'0.00'),(18,8,'family','Family',NULL,'200',NULL,NULL,3,NULL,NULL,0,1,4,'0.00'),(19,9,'bass','Bass',NULL,'25',NULL,NULL,1,NULL,NULL,1,1,2,'0.00'),(20,9,'tenor','Tenor',NULL,'40',NULL,NULL,2,NULL,NULL,0,1,2,'0.00'),(21,9,'soprano','Soprano',NULL,'50',NULL,NULL,3,NULL,NULL,0,1,2,'0.00');
/*!40000 ALTER TABLE `civicrm_price_field_value` ENABLE KEYS */;
UNLOCK TABLES;

--
-- Dumping data for table `civicrm_price_set`
--

LOCK TABLES `civicrm_price_set` WRITE;
/*!40000 ALTER TABLE `civicrm_price_set` DISABLE KEYS */;
INSERT INTO `civicrm_price_set` (`id`, `domain_id`, `name`, `title`, `is_active`, `help_pre`, `help_post`, `javascript`, `extends`, `financial_type_id`, `is_quick_config`, `is_reserved`) VALUES (1,NULL,'default_contribution_amount','Contribution Amount',1,NULL,NULL,NULL,'2',NULL,1,1),(2,NULL,'default_membership_type_amount','Membership Amount',1,NULL,NULL,NULL,'3',2,1,1),(3,NULL,'help_support_civicrm_amount','Help Support CiviCRM!',1,NULL,NULL,NULL,'2',NULL,1,0),(4,NULL,'member_signup_and_renewal','Member Signup and Renewal',1,NULL,NULL,NULL,'3',2,1,0),(5,NULL,'pledge_for_civicrm','Pledge for CiviCRM!',1,NULL,NULL,NULL,'2',NULL,1,0),(6,NULL,'rain_forest_cup_youth_soccer_tournament','Rain-forest Cup Youth Soccer Tournament',1,NULL,NULL,NULL,'1',NULL,1,0),(7,NULL,'fall_fundraiser_dinner','Fall Fundraiser Dinner',1,NULL,NULL,NULL,'1',NULL,1,0),(8,NULL,'summer_solstice_festival_day_concert','Summer Solstice Festival Day Concert',1,NULL,NULL,NULL,'1',NULL,1,0);
/*!40000 ALTER TABLE `civicrm_price_set` ENABLE KEYS */;
UNLOCK TABLES;

--
-- Dumping data for table `civicrm_price_set_entity`
--

LOCK TABLES `civicrm_price_set_entity` WRITE;
/*!40000 ALTER TABLE `civicrm_price_set_entity` DISABLE KEYS */;
INSERT INTO `civicrm_price_set_entity` (`id`, `entity_table`, `entity_id`, `price_set_id`) VALUES (1,'civicrm_contribution_page',1,3),(2,'civicrm_contribution_page',2,4),(3,'civicrm_contribution_page',3,5),(4,'civicrm_event',3,6),(5,'civicrm_event',1,7),(6,'civicrm_event',2,8);
/*!40000 ALTER TABLE `civicrm_price_set_entity` ENABLE KEYS */;
UNLOCK TABLES;

--
-- Dumping data for table `civicrm_print_label`
--

LOCK TABLES `civicrm_print_label` WRITE;
/*!40000 ALTER TABLE `civicrm_print_label` DISABLE KEYS */;
INSERT INTO `civicrm_print_label` (`id`, `title`, `name`, `description`, `label_format_name`, `label_type_id`, `data`, `is_default`, `is_active`, `is_reserved`, `created_id`) VALUES (1,'Annual Conference Hanging Badge (Avery 5395)','Annual_Conference_Hanging_Badge','For our annual conference','Avery 5395',1,'{\"title\":\"Annual Conference Hanging Badge (Avery 5395)\",\"label_format_name\":\"Avery 5395\",\"description\":\"For our annual conference\",\"token\":{\"1\":\"{event.title}\",\"2\":\"{contact.display_name}\",\"3\":\"{contact.current_employer}\",\"4\":\"{event.start_date}\"},\"font_name\":{\"1\":\"dejavusans\",\"2\":\"dejavusans\",\"3\":\"dejavusans\",\"4\":\"dejavusans\"},\"font_size\":{\"1\":\"9\",\"2\":\"20\",\"3\":\"15\",\"4\":\"9\"},\"font_style\":{\"1\":\"\",\"2\":\"\",\"3\":\"\",\"4\":\"\"},\"text_alignment\":{\"1\":\"L\",\"2\":\"C\",\"3\":\"C\",\"4\":\"R\"},\"barcode_type\":\"barcode\",\"barcode_alignment\":\"R\",\"image_1\":\"\",\"image_2\":\"\",\"is_default\":\"1\",\"is_active\":\"1\",\"is_reserved\":\"1\",\"_qf_default\":\"Layout:next\",\"_qf_Layout_refresh\":\"Save and Preview\"}',1,1,1,NULL);
/*!40000 ALTER TABLE `civicrm_print_label` ENABLE KEYS */;
UNLOCK TABLES;

--
-- Dumping data for table `civicrm_product`
--

LOCK TABLES `civicrm_product` WRITE;
/*!40000 ALTER TABLE `civicrm_product` DISABLE KEYS */;
INSERT INTO `civicrm_product` (`id`, `name`, `description`, `sku`, `options`, `image`, `thumbnail`, `price`, `currency`, `financial_type_id`, `min_contribution`, `cost`, `is_active`, `period_type`, `fixed_period_start_day`, `duration_unit`, `duration_interval`, `frequency_unit`, `frequency_interval`) VALUES (1,'Coffee Mug','This heavy-duty mug is great for home or office, coffee or tea or hot chocolate. Show your support to family, friends and colleagues. Choose from three great colors.','MUG-101','White, Black, Green',NULL,NULL,'12.50','USD',NULL,'5.00','2.25',1,NULL,NULL,NULL,NULL,NULL,NULL);
/*!40000 ALTER TABLE `civicrm_product` ENABLE KEYS */;
UNLOCK TABLES;

--
-- Dumping data for table `civicrm_queue_item`
--

LOCK TABLES `civicrm_queue_item` WRITE;
/*!40000 ALTER TABLE `civicrm_queue_item` DISABLE KEYS */;
/*!40000 ALTER TABLE `civicrm_queue_item` ENABLE KEYS */;
UNLOCK TABLES;

--
-- Dumping data for table `civicrm_relationship`
--

LOCK TABLES `civicrm_relationship` WRITE;
/*!40000 ALTER TABLE `civicrm_relationship` DISABLE KEYS */;
INSERT INTO `civicrm_relationship` (`id`, `contact_id_a`, `contact_id_b`, `relationship_type_id`, `start_date`, `end_date`, `is_active`, `description`, `is_permission_a_b`, `is_permission_b_a`, `case_id`) VALUES (1,40,56,1,NULL,NULL,1,NULL,0,0,NULL),(2,60,56,1,NULL,NULL,1,NULL,0,0,NULL),(3,40,54,1,NULL,NULL,1,NULL,0,0,NULL),(4,60,54,1,NULL,NULL,1,NULL,0,0,NULL),(5,60,40,4,NULL,NULL,1,NULL,0,0,NULL),(6,54,117,8,NULL,NULL,1,NULL,0,0,NULL),(7,40,117,8,NULL,NULL,1,NULL,0,0,NULL),(8,60,117,8,NULL,NULL,1,NULL,0,0,NULL),(9,56,117,7,NULL,NULL,1,NULL,0,0,NULL),(10,54,56,2,NULL,NULL,1,NULL,0,0,NULL),(11,184,59,1,NULL,NULL,1,NULL,0,0,NULL),(12,68,59,1,NULL,NULL,1,NULL,0,0,NULL),(13,184,92,1,NULL,NULL,1,NULL,0,0,NULL),(14,68,92,1,NULL,NULL,1,NULL,0,0,NULL),(15,68,184,4,NULL,NULL,1,NULL,0,0,NULL),(16,92,5,8,NULL,NULL,1,NULL,0,0,NULL),(17,184,5,8,NULL,NULL,1,NULL,0,0,NULL),(18,68,5,8,NULL,NULL,1,NULL,0,0,NULL),(19,59,5,7,NULL,NULL,1,NULL,0,0,NULL),(20,92,59,2,NULL,NULL,1,NULL,0,0,NULL),(21,201,189,1,NULL,NULL,1,NULL,0,0,NULL),(22,75,189,1,NULL,NULL,1,NULL,0,0,NULL),(23,201,66,1,NULL,NULL,1,NULL,0,0,NULL),(24,75,66,1,NULL,NULL,1,NULL,0,0,NULL),(25,75,201,4,NULL,NULL,1,NULL,0,0,NULL),(26,66,13,8,NULL,NULL,1,NULL,0,0,NULL),(27,201,13,8,NULL,NULL,1,NULL,0,0,NULL),(28,75,13,8,NULL,NULL,1,NULL,0,0,NULL),(29,189,13,7,NULL,NULL,0,NULL,0,0,NULL),(30,66,189,2,NULL,NULL,0,NULL,0,0,NULL),(31,94,62,1,NULL,NULL,1,NULL,0,0,NULL),(32,46,62,1,NULL,NULL,1,NULL,0,0,NULL),(33,94,114,1,NULL,NULL,1,NULL,0,0,NULL),(34,46,114,1,NULL,NULL,1,NULL,0,0,NULL),(35,46,94,4,NULL,NULL,1,NULL,0,0,NULL),(36,114,4,8,NULL,NULL,1,NULL,0,0,NULL),(37,94,4,8,NULL,NULL,1,NULL,0,0,NULL),(38,46,4,8,NULL,NULL,1,NULL,0,0,NULL),(39,62,4,7,NULL,NULL,1,NULL,0,0,NULL),(40,114,62,2,NULL,NULL,1,NULL,0,0,NULL),(41,69,119,1,NULL,NULL,1,NULL,0,0,NULL),(42,187,119,1,NULL,NULL,1,NULL,0,0,NULL),(43,69,84,1,NULL,NULL,1,NULL,0,0,NULL),(44,187,84,1,NULL,NULL,1,NULL,0,0,NULL),(45,187,69,4,NULL,NULL,1,NULL,0,0,NULL),(46,84,8,8,NULL,NULL,1,NULL,0,0,NULL),(47,69,8,8,NULL,NULL,1,NULL,0,0,NULL),(48,187,8,8,NULL,NULL,1,NULL,0,0,NULL),(49,119,8,7,NULL,NULL,0,NULL,0,0,NULL),(50,84,119,2,NULL,NULL,0,NULL,0,0,NULL),(51,100,81,1,NULL,NULL,1,NULL,0,0,NULL),(52,50,81,1,NULL,NULL,1,NULL,0,0,NULL),(53,100,156,1,NULL,NULL,1,NULL,0,0,NULL),(54,50,156,1,NULL,NULL,1,NULL,0,0,NULL),(55,50,100,4,NULL,NULL,1,NULL,0,0,NULL),(56,156,39,8,NULL,NULL,1,NULL,0,0,NULL),(57,100,39,8,NULL,NULL,1,NULL,0,0,NULL),(58,50,39,8,NULL,NULL,1,NULL,0,0,NULL),(59,81,39,7,NULL,NULL,0,NULL,0,0,NULL),(60,156,81,2,NULL,NULL,0,NULL,0,0,NULL),(61,25,29,1,NULL,NULL,1,NULL,0,0,NULL),(62,101,29,1,NULL,NULL,1,NULL,0,0,NULL),(63,25,120,1,NULL,NULL,1,NULL,0,0,NULL),(64,101,120,1,NULL,NULL,1,NULL,0,0,NULL),(65,101,25,4,NULL,NULL,1,NULL,0,0,NULL),(66,120,57,8,NULL,NULL,1,NULL,0,0,NULL),(67,25,57,8,NULL,NULL,1,NULL,0,0,NULL),(68,101,57,8,NULL,NULL,1,NULL,0,0,NULL),(69,29,57,7,NULL,NULL,1,NULL,0,0,NULL),(70,120,29,2,NULL,NULL,1,NULL,0,0,NULL),(71,124,70,1,NULL,NULL,1,NULL,0,0,NULL),(72,111,70,1,NULL,NULL,1,NULL,0,0,NULL),(73,124,23,1,NULL,NULL,1,NULL,0,0,NULL),(74,111,23,1,NULL,NULL,1,NULL,0,0,NULL),(75,111,124,4,NULL,NULL,1,NULL,0,0,NULL),(76,23,83,8,NULL,NULL,1,NULL,0,0,NULL),(77,124,83,8,NULL,NULL,1,NULL,0,0,NULL),(78,111,83,8,NULL,NULL,1,NULL,0,0,NULL),(79,70,83,7,NULL,NULL,1,NULL,0,0,NULL),(80,23,70,2,NULL,NULL,1,NULL,0,0,NULL),(81,129,155,1,NULL,NULL,1,NULL,0,0,NULL),(82,160,155,1,NULL,NULL,1,NULL,0,0,NULL),(83,129,133,1,NULL,NULL,1,NULL,0,0,NULL),(84,160,133,1,NULL,NULL,1,NULL,0,0,NULL),(85,160,129,4,NULL,NULL,1,NULL,0,0,NULL),(86,133,134,8,NULL,NULL,1,NULL,0,0,NULL),(87,129,134,8,NULL,NULL,1,NULL,0,0,NULL),(88,160,134,8,NULL,NULL,1,NULL,0,0,NULL),(89,155,134,7,NULL,NULL,1,NULL,0,0,NULL),(90,133,155,2,NULL,NULL,1,NULL,0,0,NULL),(91,149,151,1,NULL,NULL,1,NULL,0,0,NULL),(92,106,151,1,NULL,NULL,1,NULL,0,0,NULL),(93,149,147,1,NULL,NULL,1,NULL,0,0,NULL),(94,106,147,1,NULL,NULL,1,NULL,0,0,NULL),(95,106,149,4,NULL,NULL,1,NULL,0,0,NULL),(96,147,82,8,NULL,NULL,1,NULL,0,0,NULL),(97,149,82,8,NULL,NULL,1,NULL,0,0,NULL),(98,106,82,8,NULL,NULL,1,NULL,0,0,NULL),(99,151,82,7,NULL,NULL,0,NULL,0,0,NULL),(100,147,151,2,NULL,NULL,0,NULL,0,0,NULL),(101,103,176,1,NULL,NULL,1,NULL,0,0,NULL),(102,24,176,1,NULL,NULL,1,NULL,0,0,NULL),(103,103,45,1,NULL,NULL,1,NULL,0,0,NULL),(104,24,45,1,NULL,NULL,1,NULL,0,0,NULL),(105,24,103,4,NULL,NULL,1,NULL,0,0,NULL),(106,45,112,8,NULL,NULL,1,NULL,0,0,NULL),(107,103,112,8,NULL,NULL,1,NULL,0,0,NULL),(108,24,112,8,NULL,NULL,1,NULL,0,0,NULL),(109,176,112,7,NULL,NULL,0,NULL,0,0,NULL),(110,45,176,2,NULL,NULL,0,NULL,0,0,NULL),(111,154,198,1,NULL,NULL,1,NULL,0,0,NULL),(112,199,198,1,NULL,NULL,1,NULL,0,0,NULL),(113,154,17,1,NULL,NULL,1,NULL,0,0,NULL),(114,199,17,1,NULL,NULL,1,NULL,0,0,NULL),(115,199,154,4,NULL,NULL,1,NULL,0,0,NULL),(116,17,188,8,NULL,NULL,1,NULL,0,0,NULL),(117,154,188,8,NULL,NULL,1,NULL,0,0,NULL),(118,199,188,8,NULL,NULL,1,NULL,0,0,NULL),(119,198,188,7,NULL,NULL,1,NULL,0,0,NULL),(120,17,198,2,NULL,NULL,1,NULL,0,0,NULL),(121,28,10,1,NULL,NULL,1,NULL,0,0,NULL),(122,44,10,1,NULL,NULL,1,NULL,0,0,NULL),(123,28,158,1,NULL,NULL,1,NULL,0,0,NULL),(124,44,158,1,NULL,NULL,1,NULL,0,0,NULL),(125,44,28,4,NULL,NULL,1,NULL,0,0,NULL),(126,158,102,8,NULL,NULL,1,NULL,0,0,NULL),(127,28,102,8,NULL,NULL,1,NULL,0,0,NULL),(128,44,102,8,NULL,NULL,1,NULL,0,0,NULL),(129,10,102,7,NULL,NULL,1,NULL,0,0,NULL),(130,158,10,2,NULL,NULL,1,NULL,0,0,NULL),(131,148,48,1,NULL,NULL,1,NULL,0,0,NULL),(132,47,48,1,NULL,NULL,1,NULL,0,0,NULL),(133,148,26,1,NULL,NULL,1,NULL,0,0,NULL),(134,47,26,1,NULL,NULL,1,NULL,0,0,NULL),(135,47,148,4,NULL,NULL,1,NULL,0,0,NULL),(136,26,14,8,NULL,NULL,1,NULL,0,0,NULL),(137,148,14,8,NULL,NULL,1,NULL,0,0,NULL),(138,47,14,8,NULL,NULL,1,NULL,0,0,NULL),(139,48,14,7,NULL,NULL,1,NULL,0,0,NULL),(140,26,48,2,NULL,NULL,1,NULL,0,0,NULL),(141,2,21,1,NULL,NULL,1,NULL,0,0,NULL),(142,180,21,1,NULL,NULL,1,NULL,0,0,NULL),(143,2,195,1,NULL,NULL,1,NULL,0,0,NULL),(144,180,195,1,NULL,NULL,1,NULL,0,0,NULL),(145,180,2,4,NULL,NULL,1,NULL,0,0,NULL),(146,195,145,8,NULL,NULL,1,NULL,0,0,NULL),(147,2,145,8,NULL,NULL,1,NULL,0,0,NULL),(148,180,145,8,NULL,NULL,1,NULL,0,0,NULL),(149,21,145,7,NULL,NULL,0,NULL,0,0,NULL),(150,195,21,2,NULL,NULL,0,NULL,0,0,NULL),(151,3,34,1,NULL,NULL,1,NULL,0,0,NULL),(152,9,34,1,NULL,NULL,1,NULL,0,0,NULL),(153,3,78,1,NULL,NULL,1,NULL,0,0,NULL),(154,9,78,1,NULL,NULL,1,NULL,0,0,NULL),(155,9,3,4,NULL,NULL,1,NULL,0,0,NULL),(156,78,72,8,NULL,NULL,1,NULL,0,0,NULL),(157,3,72,8,NULL,NULL,1,NULL,0,0,NULL),(158,9,72,8,NULL,NULL,1,NULL,0,0,NULL),(159,34,72,7,NULL,NULL,1,NULL,0,0,NULL),(160,78,34,2,NULL,NULL,1,NULL,0,0,NULL),(161,35,140,1,NULL,NULL,1,NULL,0,0,NULL),(162,200,140,1,NULL,NULL,1,NULL,0,0,NULL),(163,35,139,1,NULL,NULL,1,NULL,0,0,NULL),(164,200,139,1,NULL,NULL,1,NULL,0,0,NULL),(165,200,35,4,NULL,NULL,1,NULL,0,0,NULL),(166,139,175,8,NULL,NULL,1,NULL,0,0,NULL),(167,35,175,8,NULL,NULL,1,NULL,0,0,NULL),(168,200,175,8,NULL,NULL,1,NULL,0,0,NULL),(169,140,175,7,NULL,NULL,1,NULL,0,0,NULL),(170,139,140,2,NULL,NULL,1,NULL,0,0,NULL),(171,166,144,1,NULL,NULL,1,NULL,0,0,NULL),(172,196,144,1,NULL,NULL,1,NULL,0,0,NULL),(173,166,51,1,NULL,NULL,1,NULL,0,0,NULL),(174,196,51,1,NULL,NULL,1,NULL,0,0,NULL),(175,196,166,4,NULL,NULL,1,NULL,0,0,NULL),(176,51,162,8,NULL,NULL,1,NULL,0,0,NULL),(177,166,162,8,NULL,NULL,1,NULL,0,0,NULL),(178,196,162,8,NULL,NULL,1,NULL,0,0,NULL),(179,144,162,7,NULL,NULL,1,NULL,0,0,NULL),(180,51,144,2,NULL,NULL,1,NULL,0,0,NULL),(181,183,174,1,NULL,NULL,1,NULL,0,0,NULL),(182,131,174,1,NULL,NULL,1,NULL,0,0,NULL),(183,183,197,1,NULL,NULL,1,NULL,0,0,NULL),(184,131,197,1,NULL,NULL,1,NULL,0,0,NULL),(185,131,183,4,NULL,NULL,1,NULL,0,0,NULL),(186,197,93,8,NULL,NULL,1,NULL,0,0,NULL),(187,183,93,8,NULL,NULL,1,NULL,0,0,NULL),(188,131,93,8,NULL,NULL,1,NULL,0,0,NULL),(189,174,93,7,NULL,NULL,0,NULL,0,0,NULL),(190,197,174,2,NULL,NULL,0,NULL,0,0,NULL),(191,107,11,1,NULL,NULL,1,NULL,0,0,NULL),(192,186,11,1,NULL,NULL,1,NULL,0,0,NULL),(193,107,115,1,NULL,NULL,1,NULL,0,0,NULL),(194,186,115,1,NULL,NULL,1,NULL,0,0,NULL),(195,186,107,4,NULL,NULL,1,NULL,0,0,NULL),(196,115,15,8,NULL,NULL,1,NULL,0,0,NULL),(197,107,15,8,NULL,NULL,1,NULL,0,0,NULL),(198,186,15,8,NULL,NULL,1,NULL,0,0,NULL),(199,11,15,7,NULL,NULL,0,NULL,0,0,NULL),(200,115,11,2,NULL,NULL,0,NULL,0,0,NULL),(201,22,33,5,NULL,NULL,1,NULL,0,0,NULL),(202,154,61,5,NULL,NULL,1,NULL,0,0,NULL),(203,78,63,5,NULL,NULL,1,NULL,0,0,NULL),(204,164,89,5,NULL,NULL,1,NULL,0,0,NULL),(205,30,121,5,NULL,NULL,1,NULL,0,0,NULL),(206,77,122,5,NULL,NULL,1,NULL,0,0,NULL),(207,176,123,5,NULL,NULL,1,NULL,0,0,NULL),(208,47,127,5,NULL,NULL,1,NULL,0,0,NULL),(209,62,130,5,NULL,NULL,1,NULL,0,0,NULL),(210,179,135,5,NULL,NULL,1,NULL,0,0,NULL),(211,120,137,5,NULL,NULL,1,NULL,0,0,NULL),(212,99,153,5,NULL,NULL,1,NULL,0,0,NULL),(213,90,165,5,NULL,NULL,1,NULL,0,0,NULL),(214,85,169,5,NULL,NULL,1,NULL,0,0,NULL),(215,139,172,5,NULL,NULL,1,NULL,0,0,NULL),(216,11,190,5,NULL,NULL,1,NULL,0,0,NULL),(217,79,191,5,NULL,NULL,1,NULL,0,0,NULL),(218,10,194,5,NULL,NULL,1,NULL,0,0,NULL);
/*!40000 ALTER TABLE `civicrm_relationship` ENABLE KEYS */;
UNLOCK TABLES;

--
-- Dumping data for table `civicrm_relationship_type`
--

LOCK TABLES `civicrm_relationship_type` WRITE;
/*!40000 ALTER TABLE `civicrm_relationship_type` DISABLE KEYS */;
INSERT INTO `civicrm_relationship_type` (`id`, `name_a_b`, `label_a_b`, `name_b_a`, `label_b_a`, `description`, `contact_type_a`, `contact_type_b`, `contact_sub_type_a`, `contact_sub_type_b`, `is_reserved`, `is_active`) VALUES (1,'Child of','Child of','Parent of','Parent of','Parent/child relationship.','Individual','Individual',NULL,NULL,0,1),(2,'Spouse of','Spouse of','Spouse of','Spouse of','Spousal relationship.','Individual','Individual',NULL,NULL,0,1),(3,'Partner of','Partner of','Partner of','Partner of','Partner relationship.','Individual','Individual',NULL,NULL,0,1),(4,'Sibling of','Sibling of','Sibling of','Sibling of','Sibling relationship.','Individual','Individual',NULL,NULL,0,1),(5,'Employee of','Employee of','Employer of','Employer of','Employment relationship.','Individual','Organization',NULL,NULL,1,1),(6,'Volunteer for','Volunteer for','Volunteer is','Volunteer is','Volunteer relationship.','Individual','Organization',NULL,NULL,0,1),(7,'Head of Household for','Head of Household for','Head of Household is','Head of Household is','Head of household.','Individual','Household',NULL,NULL,1,1),(8,'Household Member of','Household Member of','Household Member is','Household Member is','Household membership.','Individual','Household',NULL,NULL,1,1),(9,'Case Coordinator is','Case Coordinator is','Case Coordinator','Case Coordinator','Case Coordinator','Individual','Individual',NULL,NULL,0,1),(10,'Supervised by','Supervised by','Supervisor','Supervisor','Immediate workplace supervisor','Individual','Individual',NULL,NULL,0,1);
/*!40000 ALTER TABLE `civicrm_relationship_type` ENABLE KEYS */;
UNLOCK TABLES;

--
-- Dumping data for table `civicrm_report_instance`
--

LOCK TABLES `civicrm_report_instance` WRITE;
/*!40000 ALTER TABLE `civicrm_report_instance` DISABLE KEYS */;
INSERT INTO `civicrm_report_instance` (`id`, `domain_id`, `title`, `report_id`, `name`, `args`, `description`, `permission`, `grouprole`, `form_values`, `is_active`, `email_subject`, `email_to`, `email_cc`, `header`, `footer`, `navigation_id`, `drilldown_id`, `is_reserved`) VALUES (1,1,'Constituent Summary','contact/summary',NULL,NULL,'Provides a list of address and telephone information for constituent records in your system.','administer CiviCRM',NULL,'a:31:{s:6:\"fields\";a:4:{s:9:\"sort_name\";s:1:\"1\";s:14:\"street_address\";s:1:\"1\";s:4:\"city\";s:1:\"1\";s:10:\"country_id\";s:1:\"1\";}s:12:\"sort_name_op\";s:3:\"has\";s:15:\"sort_name_value\";s:0:\"\";s:9:\"source_op\";s:3:\"has\";s:12:\"source_value\";s:0:\"\";s:6:\"id_min\";s:0:\"\";s:6:\"id_max\";s:0:\"\";s:5:\"id_op\";s:3:\"lte\";s:8:\"id_value\";s:0:\"\";s:13:\"country_id_op\";s:2:\"in\";s:16:\"country_id_value\";a:0:{}s:20:\"state_province_id_op\";s:2:\"in\";s:23:\"state_province_id_value\";a:0:{}s:6:\"gid_op\";s:2:\"in\";s:9:\"gid_value\";a:0:{}s:8:\"tagid_op\";s:2:\"in\";s:11:\"tagid_value\";a:0:{}s:11:\"custom_1_op\";s:2:\"in\";s:14:\"custom_1_value\";a:0:{}s:11:\"custom_2_op\";s:2:\"in\";s:14:\"custom_2_value\";a:0:{}s:17:\"custom_3_relative\";s:1:\"0\";s:13:\"custom_3_from\";s:0:\"\";s:11:\"custom_3_to\";s:0:\"\";s:11:\"description\";s:92:\"Provides a list of address and telephone information for constituent records in your system.\";s:13:\"email_subject\";s:0:\"\";s:8:\"email_to\";s:0:\"\";s:8:\"email_cc\";s:0:\"\";s:10:\"permission\";s:18:\"administer CiviCRM\";s:6:\"groups\";s:0:\"\";s:9:\"domain_id\";i:1;}',NULL,NULL,NULL,NULL,NULL,NULL,NULL,NULL,0),(2,1,'Constituent Detail','contact/detail',NULL,NULL,'Provides contact-related information on contributions, memberships, events and activities.','administer CiviCRM',NULL,'a:25:{s:6:\"fields\";a:30:{s:9:\"sort_name\";s:1:\"1\";s:10:\"country_id\";s:1:\"1\";s:15:\"contribution_id\";s:1:\"1\";s:12:\"total_amount\";s:1:\"1\";s:17:\"financial_type_id\";s:1:\"1\";s:12:\"receive_date\";s:1:\"1\";s:22:\"contribution_status_id\";s:1:\"1\";s:13:\"membership_id\";s:1:\"1\";s:18:\"membership_type_id\";s:1:\"1\";s:21:\"membership_start_date\";s:1:\"1\";s:19:\"membership_end_date\";s:1:\"1\";s:20:\"membership_status_id\";s:1:\"1\";s:14:\"participant_id\";s:1:\"1\";s:8:\"event_id\";s:1:\"1\";s:21:\"participant_status_id\";s:1:\"1\";s:7:\"role_id\";s:1:\"1\";s:25:\"participant_register_date\";s:1:\"1\";s:9:\"fee_level\";s:1:\"1\";s:10:\"fee_amount\";s:1:\"1\";s:15:\"relationship_id\";s:1:\"1\";s:20:\"relationship_type_id\";s:1:\"1\";s:12:\"contact_id_b\";s:1:\"1\";s:2:\"id\";s:1:\"1\";s:16:\"activity_type_id\";s:1:\"1\";s:7:\"subject\";s:1:\"1\";s:17:\"source_contact_id\";s:1:\"1\";s:18:\"activity_date_time\";s:1:\"1\";s:18:\"activity_status_id\";s:1:\"1\";s:17:\"target_contact_id\";s:1:\"1\";s:19:\"assignee_contact_id\";s:1:\"1\";}s:6:\"id_min\";s:0:\"\";s:6:\"id_max\";s:0:\"\";s:5:\"id_op\";s:3:\"lte\";s:8:\"id_value\";s:0:\"\";s:12:\"sort_name_op\";s:3:\"has\";s:15:\"sort_name_value\";s:0:\"\";s:6:\"gid_op\";s:2:\"in\";s:9:\"gid_value\";a:0:{}s:8:\"tagid_op\";s:2:\"in\";s:11:\"tagid_value\";a:0:{}s:11:\"custom_1_op\";s:2:\"in\";s:14:\"custom_1_value\";a:0:{}s:11:\"custom_2_op\";s:2:\"in\";s:14:\"custom_2_value\";a:0:{}s:17:\"custom_3_relative\";s:1:\"0\";s:13:\"custom_3_from\";s:0:\"\";s:11:\"custom_3_to\";s:0:\"\";s:11:\"description\";s:90:\"Provides contact-related information on contributions, memberships, events and activities.\";s:13:\"email_subject\";s:0:\"\";s:8:\"email_to\";s:0:\"\";s:8:\"email_cc\";s:0:\"\";s:10:\"permission\";s:18:\"administer CiviCRM\";s:6:\"groups\";s:0:\"\";s:9:\"domain_id\";i:1;}',NULL,NULL,NULL,NULL,NULL,NULL,NULL,NULL,0),(3,1,'Activities','activity',NULL,NULL,'Provides a list of constituent activity including activity statistics for one/all contacts during a given date range(required)','administer CiviCRM',NULL,'a:26:{s:6:\"fields\";a:6:{s:16:\"contact_assignee\";s:1:\"1\";s:14:\"contact_target\";s:1:\"1\";s:16:\"activity_type_id\";s:1:\"1\";s:16:\"activity_subject\";s:1:\"1\";s:18:\"activity_date_time\";s:1:\"1\";s:9:\"status_id\";s:1:\"1\";}s:17:\"contact_source_op\";s:3:\"has\";s:20:\"contact_source_value\";s:0:\"\";s:19:\"contact_assignee_op\";s:3:\"has\";s:22:\"contact_assignee_value\";s:0:\"\";s:17:\"contact_target_op\";s:3:\"has\";s:20:\"contact_target_value\";s:0:\"\";s:15:\"current_user_op\";s:2:\"eq\";s:18:\"current_user_value\";s:1:\"0\";s:27:\"activity_date_time_relative\";s:10:\"this.month\";s:23:\"activity_date_time_from\";s:0:\"\";s:21:\"activity_date_time_to\";s:0:\"\";s:19:\"activity_subject_op\";s:3:\"has\";s:22:\"activity_subject_value\";s:0:\"\";s:19:\"activity_type_id_op\";s:2:\"in\";s:22:\"activity_type_id_value\";a:0:{}s:12:\"status_id_op\";s:2:\"in\";s:15:\"status_id_value\";a:0:{}s:11:\"description\";s:126:\"Provides a list of constituent activity including activity statistics for one/all contacts during a given date range(required)\";s:13:\"email_subject\";s:0:\"\";s:8:\"email_to\";s:0:\"\";s:8:\"email_cc\";s:0:\"\";s:10:\"permission\";s:18:\"administer CiviCRM\";s:6:\"groups\";s:0:\"\";s:9:\"group_bys\";N;s:9:\"domain_id\";i:1;}',NULL,NULL,NULL,NULL,NULL,NULL,NULL,NULL,0),(4,1,'Current Employers','contact/currentEmployer',NULL,NULL,'Provides detail list of employer employee relationships along with employment details.','administer CiviCRM',NULL,'a:33:{s:6:\"fields\";a:5:{s:17:\"organization_name\";s:1:\"1\";s:9:\"sort_name\";s:1:\"1\";s:9:\"job_title\";s:1:\"1\";s:10:\"start_date\";s:1:\"1\";s:5:\"email\";s:1:\"1\";}s:20:\"organization_name_op\";s:3:\"has\";s:23:\"organization_name_value\";s:0:\"\";s:12:\"sort_name_op\";s:3:\"has\";s:15:\"sort_name_value\";s:0:\"\";s:6:\"id_min\";s:0:\"\";s:6:\"id_max\";s:0:\"\";s:5:\"id_op\";s:3:\"lte\";s:8:\"id_value\";s:0:\"\";s:19:\"start_date_relative\";s:1:\"0\";s:15:\"start_date_from\";s:0:\"\";s:13:\"start_date_to\";s:0:\"\";s:13:\"country_id_op\";s:2:\"in\";s:16:\"country_id_value\";a:0:{}s:20:\"state_province_id_op\";s:2:\"in\";s:23:\"state_province_id_value\";a:0:{}s:6:\"gid_op\";s:2:\"in\";s:9:\"gid_value\";a:0:{}s:8:\"tagid_op\";s:2:\"in\";s:11:\"tagid_value\";a:0:{}s:11:\"custom_1_op\";s:2:\"in\";s:14:\"custom_1_value\";a:0:{}s:11:\"custom_2_op\";s:2:\"in\";s:14:\"custom_2_value\";a:0:{}s:17:\"custom_3_relative\";s:1:\"0\";s:13:\"custom_3_from\";s:0:\"\";s:11:\"custom_3_to\";s:0:\"\";s:11:\"description\";s:98:\"Provides detail list of employer employee relationships along with employment details Ex Join Date\";s:13:\"email_subject\";s:0:\"\";s:8:\"email_to\";s:0:\"\";s:8:\"email_cc\";s:0:\"\";s:10:\"permission\";s:18:\"administer CiviCRM\";s:9:\"domain_id\";i:1;}',NULL,NULL,NULL,NULL,NULL,NULL,NULL,NULL,0),(5,1,'Relationships','contact/relationship',NULL,NULL,'Gives relationship details between two contacts','administer CiviCRM',NULL,'a:28:{s:6:\"fields\";a:4:{s:11:\"sort_name_a\";s:1:\"1\";s:11:\"sort_name_b\";s:1:\"1\";s:9:\"label_a_b\";s:1:\"1\";s:9:\"label_b_a\";s:1:\"1\";}s:14:\"sort_name_a_op\";s:3:\"has\";s:17:\"sort_name_a_value\";s:0:\"\";s:14:\"sort_name_b_op\";s:3:\"has\";s:17:\"sort_name_b_value\";s:0:\"\";s:17:\"contact_type_a_op\";s:2:\"in\";s:20:\"contact_type_a_value\";a:0:{}s:17:\"contact_type_b_op\";s:2:\"in\";s:20:\"contact_type_b_value\";a:0:{}s:12:\"is_active_op\";s:2:\"eq\";s:15:\"is_active_value\";s:0:\"\";s:23:\"relationship_type_id_op\";s:2:\"eq\";s:26:\"relationship_type_id_value\";s:0:\"\";s:13:\"country_id_op\";s:2:\"in\";s:16:\"country_id_value\";a:0:{}s:20:\"state_province_id_op\";s:2:\"in\";s:23:\"state_province_id_value\";a:0:{}s:6:\"gid_op\";s:2:\"in\";s:9:\"gid_value\";a:0:{}s:8:\"tagid_op\";s:2:\"in\";s:11:\"tagid_value\";a:0:{}s:11:\"description\";s:19:\"Relationship Report\";s:13:\"email_subject\";s:0:\"\";s:8:\"email_to\";s:0:\"\";s:8:\"email_cc\";s:0:\"\";s:10:\"permission\";s:18:\"administer CiviCRM\";s:6:\"groups\";s:0:\"\";s:9:\"domain_id\";i:1;}',NULL,NULL,NULL,NULL,NULL,NULL,NULL,NULL,0),(6,1,'Contribution Summary','contribute/summary',NULL,NULL,'Groups and totals contributions by criteria including contact, time period, contribution type, contributor location, etc.','access CiviContribute',NULL,'a:42:{s:6:\"fields\";a:1:{s:12:\"total_amount\";s:1:\"1\";}s:13:\"country_id_op\";s:2:\"in\";s:16:\"country_id_value\";a:0:{}s:20:\"state_province_id_op\";s:2:\"in\";s:23:\"state_province_id_value\";a:0:{}s:21:\"receive_date_relative\";s:1:\"0\";s:17:\"receive_date_from\";s:0:\"\";s:15:\"receive_date_to\";s:0:\"\";s:25:\"contribution_status_id_op\";s:2:\"in\";s:28:\"contribution_status_id_value\";a:1:{i:0;s:1:\"1\";}s:20:\"financial_type_id_op\";s:2:\"in\";s:23:\"financial_type_id_value\";a:0:{}s:16:\"total_amount_min\";s:0:\"\";s:16:\"total_amount_max\";s:0:\"\";s:15:\"total_amount_op\";s:3:\"lte\";s:18:\"total_amount_value\";s:0:\"\";s:13:\"total_sum_min\";s:0:\"\";s:13:\"total_sum_max\";s:0:\"\";s:12:\"total_sum_op\";s:3:\"lte\";s:15:\"total_sum_value\";s:0:\"\";s:15:\"total_count_min\";s:0:\"\";s:15:\"total_count_max\";s:0:\"\";s:14:\"total_count_op\";s:3:\"lte\";s:17:\"total_count_value\";s:0:\"\";s:13:\"total_avg_min\";s:0:\"\";s:13:\"total_avg_max\";s:0:\"\";s:12:\"total_avg_op\";s:3:\"lte\";s:15:\"total_avg_value\";s:0:\"\";s:6:\"gid_op\";s:2:\"in\";s:9:\"gid_value\";a:0:{}s:8:\"tagid_op\";s:2:\"in\";s:11:\"tagid_value\";a:0:{}s:9:\"group_bys\";a:1:{s:12:\"receive_date\";s:1:\"1\";}s:14:\"group_bys_freq\";a:1:{s:12:\"receive_date\";s:5:\"MONTH\";}s:11:\"description\";s:80:\"Shows contribution statistics by month / week / year .. country / state .. type.\";s:13:\"email_subject\";s:0:\"\";s:8:\"email_to\";s:0:\"\";s:8:\"email_cc\";s:0:\"\";s:10:\"permission\";s:21:\"access CiviContribute\";s:6:\"groups\";s:0:\"\";s:6:\"charts\";s:0:\"\";s:9:\"domain_id\";i:1;}',NULL,NULL,NULL,NULL,NULL,NULL,NULL,NULL,0),(7,1,'Contribution Details','contribute/detail',NULL,NULL,'Lists specific contributions by criteria including contact, time period, contribution type, contributor location, etc. Contribution summary report points to this report for contribution details.','access CiviContribute',NULL,'a:56:{s:6:\"fields\";a:7:{s:9:\"sort_name\";s:1:\"1\";s:5:\"email\";s:1:\"1\";s:5:\"phone\";s:1:\"1\";s:17:\"financial_type_id\";s:1:\"1\";s:12:\"receive_date\";s:1:\"1\";s:12:\"total_amount\";s:1:\"1\";s:10:\"country_id\";s:1:\"1\";}s:12:\"sort_name_op\";s:3:\"has\";s:15:\"sort_name_value\";s:0:\"\";s:6:\"id_min\";s:0:\"\";s:6:\"id_max\";s:0:\"\";s:5:\"id_op\";s:3:\"lte\";s:8:\"id_value\";s:0:\"\";s:21:\"receive_date_relative\";s:0:\"\";s:17:\"receive_date_from\";s:0:\"\";s:15:\"receive_date_to\";s:0:\"\";s:20:\"financial_type_id_op\";s:2:\"in\";s:23:\"financial_type_id_value\";a:0:{}s:24:\"payment_instrument_id_op\";s:2:\"in\";s:27:\"payment_instrument_id_value\";a:0:{}s:25:\"contribution_status_id_op\";s:2:\"in\";s:28:\"contribution_status_id_value\";a:1:{i:0;s:1:\"1\";}s:16:\"total_amount_min\";s:0:\"\";s:16:\"total_amount_max\";s:0:\"\";s:15:\"total_amount_op\";s:3:\"lte\";s:18:\"total_amount_value\";s:0:\"\";s:6:\"gid_op\";s:2:\"in\";s:9:\"gid_value\";a:0:{}s:13:\"ordinality_op\";s:2:\"in\";s:16:\"ordinality_value\";a:0:{}s:7:\"note_op\";s:3:\"has\";s:10:\"note_value\";s:0:\"\";s:17:\"street_number_min\";s:0:\"\";s:17:\"street_number_max\";s:0:\"\";s:16:\"street_number_op\";s:3:\"lte\";s:19:\"street_number_value\";s:0:\"\";s:14:\"street_name_op\";s:3:\"has\";s:17:\"street_name_value\";s:0:\"\";s:15:\"postal_code_min\";s:0:\"\";s:15:\"postal_code_max\";s:0:\"\";s:14:\"postal_code_op\";s:3:\"lte\";s:17:\"postal_code_value\";s:0:\"\";s:7:\"city_op\";s:3:\"has\";s:10:\"city_value\";s:0:\"\";s:12:\"county_id_op\";s:2:\"in\";s:15:\"county_id_value\";a:0:{}s:20:\"state_province_id_op\";s:2:\"in\";s:23:\"state_province_id_value\";a:0:{}s:13:\"country_id_op\";s:2:\"in\";s:16:\"country_id_value\";a:0:{}s:8:\"tagid_op\";s:2:\"in\";s:11:\"tagid_value\";a:0:{}s:9:\"order_bys\";a:1:{i:1;a:2:{s:6:\"column\";s:9:\"sort_name\";s:5:\"order\";s:3:\"ASC\";}}s:11:\"description\";s:194:\"Lists specific contributions by criteria including contact, time period, contribution type, contributor location, etc. Contribution summary report points to this report for contribution details.\";s:13:\"email_subject\";s:0:\"\";s:8:\"email_to\";s:0:\"\";s:8:\"email_cc\";s:0:\"\";s:10:\"permission\";s:21:\"access CiviContribute\";s:9:\"parent_id\";s:0:\"\";s:6:\"groups\";s:0:\"\";s:9:\"domain_id\";i:1;s:11:\"is_reserved\";b:0;}',NULL,NULL,NULL,NULL,NULL,NULL,NULL,NULL,0),(8,1,'Repeat Contributions','contribute/repeat',NULL,NULL,'Given two date ranges, shows contacts who contributed in both the date ranges with the amount contributed in each and the percentage increase / decrease.','access CiviContribute',NULL,'a:29:{s:6:\"fields\";a:3:{s:9:\"sort_name\";s:1:\"1\";s:13:\"total_amount1\";s:1:\"1\";s:13:\"total_amount2\";s:1:\"1\";}s:22:\"receive_date1_relative\";s:13:\"previous.year\";s:18:\"receive_date1_from\";s:0:\"\";s:16:\"receive_date1_to\";s:0:\"\";s:22:\"receive_date2_relative\";s:9:\"this.year\";s:18:\"receive_date2_from\";s:0:\"\";s:16:\"receive_date2_to\";s:0:\"\";s:17:\"total_amount1_min\";s:0:\"\";s:17:\"total_amount1_max\";s:0:\"\";s:16:\"total_amount1_op\";s:3:\"lte\";s:19:\"total_amount1_value\";s:0:\"\";s:17:\"total_amount2_min\";s:0:\"\";s:17:\"total_amount2_max\";s:0:\"\";s:16:\"total_amount2_op\";s:3:\"lte\";s:19:\"total_amount2_value\";s:0:\"\";s:25:\"contribution_status_id_op\";s:2:\"in\";s:28:\"contribution_status_id_value\";a:1:{i:0;s:1:\"1\";}s:6:\"gid_op\";s:2:\"in\";s:9:\"gid_value\";a:0:{}s:8:\"tagid_op\";s:2:\"in\";s:11:\"tagid_value\";a:0:{}s:9:\"group_bys\";a:1:{s:2:\"id\";s:1:\"1\";}s:11:\"description\";s:140:\"Given two date ranges, shows contacts (and their contributions) who contributed in both the date ranges with percentage increase / decrease.\";s:13:\"email_subject\";s:0:\"\";s:8:\"email_to\";s:0:\"\";s:8:\"email_cc\";s:0:\"\";s:10:\"permission\";s:21:\"access CiviContribute\";s:6:\"groups\";s:0:\"\";s:9:\"domain_id\";i:1;}',NULL,NULL,NULL,NULL,NULL,NULL,NULL,NULL,0),(9,1,'SYBUNT (some year but not this year)','contribute/sybunt',NULL,NULL,'Some year(s) but not this year. Provides a list of constituents who donated at some time in the history of your organization but did not donate during the time period you specify.','access CiviContribute',NULL,'a:18:{s:6:\"fields\";a:3:{s:9:\"sort_name\";s:1:\"1\";s:5:\"email\";s:1:\"1\";s:5:\"phone\";s:1:\"1\";}s:12:\"sort_name_op\";s:3:\"has\";s:15:\"sort_name_value\";s:0:\"\";s:6:\"yid_op\";s:2:\"eq\";s:9:\"yid_value\";s:4:\"2011\";s:25:\"contribution_status_id_op\";s:2:\"in\";s:28:\"contribution_status_id_value\";a:1:{i:0;s:1:\"1\";}s:6:\"gid_op\";s:2:\"in\";s:9:\"gid_value\";a:0:{}s:8:\"tagid_op\";s:2:\"in\";s:11:\"tagid_value\";a:0:{}s:11:\"description\";s:179:\"Some year(s) but not this year. Provides a list of constituents who donated at some time in the history of your organization but did not donate during the time period you specify.\";s:13:\"email_subject\";s:0:\"\";s:8:\"email_to\";s:0:\"\";s:8:\"email_cc\";s:0:\"\";s:10:\"permission\";s:21:\"access CiviContribute\";s:6:\"charts\";s:0:\"\";s:9:\"domain_id\";i:1;}',NULL,NULL,NULL,NULL,NULL,NULL,NULL,NULL,0),(10,1,'LYBUNT (last year but not this year)','contribute/lybunt',NULL,NULL,'Last year but not this year. Provides a list of constituents who donated last year but did not donate during the time period you specify as the current year.','access CiviContribute',NULL,'a:19:{s:6:\"fields\";a:3:{s:9:\"sort_name\";s:1:\"1\";s:5:\"email\";s:1:\"1\";s:5:\"phone\";s:1:\"1\";}s:12:\"sort_name_op\";s:3:\"has\";s:15:\"sort_name_value\";s:0:\"\";s:6:\"yid_op\";s:2:\"eq\";s:9:\"yid_value\";s:4:\"2011\";s:25:\"contribution_status_id_op\";s:2:\"in\";s:28:\"contribution_status_id_value\";a:1:{i:0;s:1:\"1\";}s:6:\"gid_op\";s:2:\"in\";s:9:\"gid_value\";a:0:{}s:8:\"tagid_op\";s:2:\"in\";s:11:\"tagid_value\";a:0:{}s:11:\"description\";s:157:\"Last year but not this year. Provides a list of constituents who donated last year but did not donate during the time period you specify as the current year.\";s:13:\"email_subject\";s:0:\"\";s:8:\"email_to\";s:0:\"\";s:8:\"email_cc\";s:0:\"\";s:10:\"permission\";s:21:\"access CiviContribute\";s:6:\"groups\";s:0:\"\";s:6:\"charts\";s:0:\"\";s:9:\"domain_id\";i:1;}',NULL,NULL,NULL,NULL,NULL,NULL,NULL,NULL,0),(11,1,'Contributions by Organization','contribute/organizationSummary',NULL,NULL,'Displays a detailed list of contributions grouped by organization, which includes contributions made by employees for the organisation.','access CiviContribute',NULL,'a:20:{s:6:\"fields\";a:5:{s:17:\"organization_name\";s:1:\"1\";s:9:\"sort_name\";s:1:\"1\";s:12:\"total_amount\";s:1:\"1\";s:22:\"contribution_status_id\";s:1:\"1\";s:12:\"receive_date\";s:1:\"1\";}s:20:\"organization_name_op\";s:3:\"has\";s:23:\"organization_name_value\";s:0:\"\";s:23:\"relationship_type_id_op\";s:2:\"eq\";s:26:\"relationship_type_id_value\";s:5:\"4_b_a\";s:21:\"receive_date_relative\";s:1:\"0\";s:17:\"receive_date_from\";s:0:\"\";s:15:\"receive_date_to\";s:0:\"\";s:16:\"total_amount_min\";s:0:\"\";s:16:\"total_amount_max\";s:0:\"\";s:15:\"total_amount_op\";s:3:\"lte\";s:18:\"total_amount_value\";s:0:\"\";s:25:\"contribution_status_id_op\";s:2:\"in\";s:28:\"contribution_status_id_value\";a:1:{i:0;s:1:\"1\";}s:11:\"description\";s:193:\"Displays a detailed contribution report for Organization relationships with contributors, as to if contribution done was  from an employee of some organization or from that Organization itself.\";s:13:\"email_subject\";s:0:\"\";s:8:\"email_to\";s:0:\"\";s:8:\"email_cc\";s:0:\"\";s:10:\"permission\";s:21:\"access CiviContribute\";s:9:\"domain_id\";i:1;}',NULL,NULL,NULL,NULL,NULL,NULL,NULL,NULL,0),(12,1,'Contributions by Household','contribute/householdSummary',NULL,NULL,'Displays a detailed list of contributions grouped by household which includes contributions made by members of the household.','access CiviContribute',NULL,'a:21:{s:6:\"fields\";a:5:{s:14:\"household_name\";s:1:\"1\";s:9:\"sort_name\";s:1:\"1\";s:12:\"total_amount\";s:1:\"1\";s:22:\"contribution_status_id\";s:1:\"1\";s:12:\"receive_date\";s:1:\"1\";}s:17:\"household_name_op\";s:3:\"has\";s:20:\"household_name_value\";s:0:\"\";s:23:\"relationship_type_id_op\";s:2:\"eq\";s:26:\"relationship_type_id_value\";s:5:\"6_b_a\";s:21:\"receive_date_relative\";s:1:\"0\";s:17:\"receive_date_from\";s:0:\"\";s:15:\"receive_date_to\";s:0:\"\";s:16:\"total_amount_min\";s:0:\"\";s:16:\"total_amount_max\";s:0:\"\";s:15:\"total_amount_op\";s:3:\"lte\";s:18:\"total_amount_value\";s:0:\"\";s:25:\"contribution_status_id_op\";s:2:\"in\";s:28:\"contribution_status_id_value\";a:1:{i:0;s:1:\"1\";}s:11:\"description\";s:213:\"Provides a detailed report for Contributions made by contributors(Or Household itself) who are having a relationship with household (For ex a Contributor is Head of Household for some household or is a member of.)\";s:13:\"email_subject\";s:0:\"\";s:8:\"email_to\";s:0:\"\";s:8:\"email_cc\";s:0:\"\";s:10:\"permission\";s:21:\"access CiviContribute\";s:6:\"groups\";s:0:\"\";s:9:\"domain_id\";i:1;}',NULL,NULL,NULL,NULL,NULL,NULL,NULL,NULL,0),(13,1,'Top Donors','contribute/topDonor',NULL,NULL,'Provides a list of the top donors during a time period you define. You can include as many donors as you want (for example, top 100 of your donors).','access CiviContribute',NULL,'a:20:{s:6:\"fields\";a:2:{s:12:\"display_name\";s:1:\"1\";s:12:\"total_amount\";s:1:\"1\";}s:21:\"receive_date_relative\";s:9:\"this.year\";s:17:\"receive_date_from\";s:0:\"\";s:15:\"receive_date_to\";s:0:\"\";s:15:\"total_range_min\";s:0:\"\";s:15:\"total_range_max\";s:0:\"\";s:14:\"total_range_op\";s:2:\"eq\";s:17:\"total_range_value\";s:0:\"\";s:20:\"financial_type_id_op\";s:2:\"in\";s:23:\"financial_type_id_value\";a:0:{}s:25:\"contribution_status_id_op\";s:2:\"in\";s:28:\"contribution_status_id_value\";a:1:{i:0;s:1:\"1\";}s:6:\"gid_op\";s:2:\"in\";s:9:\"gid_value\";a:0:{}s:11:\"description\";s:148:\"Provides a list of the top donors during a time period you define. You can include as many donors as you want (for example, top 100 of your donors).\";s:13:\"email_subject\";s:0:\"\";s:8:\"email_to\";s:0:\"\";s:8:\"email_cc\";s:0:\"\";s:10:\"permission\";s:21:\"access CiviContribute\";s:6:\"groups\";s:0:\"\";}',NULL,NULL,NULL,NULL,NULL,NULL,NULL,NULL,0),(14,1,'Soft Credits','contribute/softcredit',NULL,NULL,'Shows contributions made by contacts that have been soft-credited to other contacts.','access CiviContribute',NULL,'a:23:{s:6:\"fields\";a:5:{s:21:\"display_name_creditor\";s:1:\"1\";s:24:\"display_name_constituent\";s:1:\"1\";s:14:\"email_creditor\";s:1:\"1\";s:14:\"phone_creditor\";s:1:\"1\";s:12:\"total_amount\";s:1:\"1\";}s:5:\"id_op\";s:2:\"in\";s:8:\"id_value\";a:0:{}s:21:\"receive_date_relative\";s:1:\"0\";s:17:\"receive_date_from\";s:0:\"\";s:15:\"receive_date_to\";s:0:\"\";s:25:\"contribution_status_id_op\";s:2:\"in\";s:28:\"contribution_status_id_value\";a:1:{i:0;s:1:\"1\";}s:16:\"total_amount_min\";s:0:\"\";s:16:\"total_amount_max\";s:0:\"\";s:15:\"total_amount_op\";s:3:\"lte\";s:18:\"total_amount_value\";s:0:\"\";s:6:\"gid_op\";s:2:\"in\";s:9:\"gid_value\";a:0:{}s:8:\"tagid_op\";s:2:\"in\";s:11:\"tagid_value\";a:0:{}s:11:\"description\";s:20:\"Soft Credit details.\";s:13:\"email_subject\";s:0:\"\";s:8:\"email_to\";s:0:\"\";s:8:\"email_cc\";s:0:\"\";s:10:\"permission\";s:21:\"access CiviContribute\";s:6:\"groups\";s:0:\"\";s:9:\"domain_id\";i:1;}',NULL,NULL,NULL,NULL,NULL,NULL,NULL,NULL,0),(15,1,'Contribution Aggregate by Relationship','contribute/history',NULL,NULL,'List contact\'s donation history, grouped by year, along with contributions attributed to any of the contact\'s related contacts.','access CiviContribute',NULL,'a:41:{s:6:\"fields\";a:7:{s:9:\"sort_name\";s:1:\"1\";s:20:\"relationship_type_id\";s:1:\"1\";s:17:\"civicrm_upto_2009\";s:1:\"1\";i:2010;s:1:\"1\";i:2011;s:1:\"1\";i:2012;s:1:\"1\";i:2013;s:1:\"1\";}s:12:\"sort_name_op\";s:3:\"has\";s:15:\"sort_name_value\";s:0:\"\";s:6:\"id_min\";s:0:\"\";s:6:\"id_max\";s:0:\"\";s:5:\"id_op\";s:3:\"lte\";s:8:\"id_value\";s:0:\"\";s:23:\"relationship_type_id_op\";s:2:\"in\";s:26:\"relationship_type_id_value\";a:0:{}s:12:\"this_year_op\";s:2:\"eq\";s:15:\"this_year_value\";s:0:\"\";s:13:\"other_year_op\";s:2:\"eq\";s:16:\"other_year_value\";s:0:\"\";s:21:\"receive_date_relative\";s:0:\"\";s:17:\"receive_date_from\";s:0:\"\";s:15:\"receive_date_to\";s:0:\"\";s:25:\"contribution_status_id_op\";s:2:\"in\";s:28:\"contribution_status_id_value\";a:1:{i:0;s:1:\"1\";}s:20:\"financial_type_id_op\";s:2:\"in\";s:23:\"financial_type_id_value\";a:0:{}s:16:\"total_amount_min\";s:0:\"\";s:16:\"total_amount_max\";s:0:\"\";s:15:\"total_amount_op\";s:3:\"lte\";s:18:\"total_amount_value\";s:0:\"\";s:13:\"total_sum_min\";s:0:\"\";s:13:\"total_sum_max\";s:0:\"\";s:12:\"total_sum_op\";s:3:\"lte\";s:15:\"total_sum_value\";s:0:\"\";s:6:\"gid_op\";s:2:\"in\";s:9:\"gid_value\";a:0:{}s:8:\"tagid_op\";s:2:\"in\";s:11:\"tagid_value\";a:0:{}s:11:\"description\";s:127:\"List contact\'s donation history, grouped by year, along with contributions attributed to any of the contact\'s related contacts.\";s:13:\"email_subject\";s:0:\"\";s:8:\"email_to\";s:0:\"\";s:8:\"email_cc\";s:0:\"\";s:10:\"permission\";s:21:\"access CiviContribute\";s:9:\"parent_id\";s:0:\"\";s:6:\"groups\";s:0:\"\";s:9:\"domain_id\";i:1;s:11:\"is_reserved\";b:0;}',NULL,NULL,NULL,NULL,NULL,NULL,NULL,NULL,0),(16,1,'Personal Campaign Page Summary','contribute/pcp',NULL,NULL,'Summarizes amount raised and number of contributors for each Personal Campaign Page.','access CiviContribute',NULL,'a:22:{s:6:\"fields\";a:8:{s:9:\"sort_name\";s:1:\"1\";s:10:\"page_title\";s:1:\"1\";s:5:\"title\";s:1:\"1\";s:11:\"goal_amount\";s:1:\"1\";s:8:\"amount_1\";s:1:\"1\";s:8:\"amount_2\";s:1:\"1\";s:7:\"soft_id\";s:1:\"1\";s:12:\"receive_date\";s:1:\"1\";}s:12:\"sort_name_op\";s:3:\"has\";s:15:\"sort_name_value\";s:0:\"\";s:6:\"id_min\";s:0:\"\";s:6:\"id_max\";s:0:\"\";s:5:\"id_op\";s:3:\"lte\";s:8:\"id_value\";s:0:\"\";s:13:\"page_title_op\";s:3:\"has\";s:16:\"page_title_value\";s:0:\"\";s:8:\"title_op\";s:3:\"has\";s:11:\"title_value\";s:0:\"\";s:12:\"amount_2_min\";s:0:\"\";s:12:\"amount_2_max\";s:0:\"\";s:11:\"amount_2_op\";s:3:\"lte\";s:14:\"amount_2_value\";s:0:\"\";s:11:\"description\";s:35:\"Shows Personal Campaign Page Report\";s:13:\"email_subject\";s:0:\"\";s:8:\"email_to\";s:0:\"\";s:8:\"email_cc\";s:0:\"\";s:10:\"permission\";s:21:\"access CiviContribute\";s:6:\"groups\";s:0:\"\";s:9:\"domain_id\";i:1;}',NULL,NULL,NULL,NULL,NULL,NULL,NULL,NULL,0),(17,1,'Pledge Summary','pledge/detail',NULL,NULL,'Summary of pledges including amount pledged, pledge status, next payment date, balance due, total amount paid etc.','access CiviPledge',NULL,'a:27:{s:6:\"fields\";a:4:{s:9:\"sort_name\";s:1:\"1\";s:10:\"country_id\";s:1:\"1\";s:6:\"amount\";s:1:\"1\";s:9:\"status_id\";s:1:\"1\";}s:12:\"sort_name_op\";s:3:\"has\";s:15:\"sort_name_value\";s:0:\"\";s:6:\"id_min\";s:0:\"\";s:6:\"id_max\";s:0:\"\";s:5:\"id_op\";s:3:\"lte\";s:8:\"id_value\";s:0:\"\";s:27:\"pledge_create_date_relative\";s:1:\"0\";s:23:\"pledge_create_date_from\";s:0:\"\";s:21:\"pledge_create_date_to\";s:0:\"\";s:17:\"pledge_amount_min\";s:0:\"\";s:17:\"pledge_amount_max\";s:0:\"\";s:16:\"pledge_amount_op\";s:3:\"lte\";s:19:\"pledge_amount_value\";s:0:\"\";s:6:\"sid_op\";s:2:\"in\";s:9:\"sid_value\";a:0:{}s:6:\"gid_op\";s:2:\"in\";s:9:\"gid_value\";a:0:{}s:8:\"tagid_op\";s:2:\"in\";s:11:\"tagid_value\";a:0:{}s:11:\"description\";s:13:\"Pledge Report\";s:13:\"email_subject\";s:0:\"\";s:8:\"email_to\";s:0:\"\";s:8:\"email_cc\";s:0:\"\";s:10:\"permission\";s:17:\"access CiviPledge\";s:6:\"groups\";s:0:\"\";s:9:\"domain_id\";i:1;}',NULL,NULL,NULL,NULL,NULL,NULL,NULL,NULL,0),(18,1,'Pledged But not Paid','pledge/pbnp',NULL,NULL,'Pledged but not Paid Report','access CiviPledge',NULL,'a:17:{s:6:\"fields\";a:5:{s:9:\"sort_name\";s:1:\"1\";s:18:\"pledge_create_date\";s:1:\"1\";s:6:\"amount\";s:1:\"1\";s:14:\"scheduled_date\";s:1:\"1\";s:10:\"country_id\";s:1:\"1\";}s:27:\"pledge_create_date_relative\";s:1:\"0\";s:23:\"pledge_create_date_from\";s:0:\"\";s:21:\"pledge_create_date_to\";s:0:\"\";s:20:\"financial_type_id_op\";s:2:\"in\";s:23:\"financial_type_id_value\";a:0:{}s:6:\"gid_op\";s:2:\"in\";s:9:\"gid_value\";a:0:{}s:8:\"tagid_op\";s:2:\"in\";s:11:\"tagid_value\";a:0:{}s:11:\"description\";s:27:\"Pledged but not Paid Report\";s:13:\"email_subject\";s:0:\"\";s:8:\"email_to\";s:0:\"\";s:8:\"email_cc\";s:0:\"\";s:10:\"permission\";s:17:\"access CiviPledge\";s:6:\"groups\";s:0:\"\";s:9:\"domain_id\";i:1;}',NULL,NULL,NULL,NULL,NULL,NULL,NULL,NULL,0),(19,1,'Bookkeeping Transactions','contribute/bookkeeping',NULL,NULL,'Provides transaction details for all contributions and payments, including Transaction #, Invoice ID, Payment Instrument and Check #.','access CiviContribute',NULL,'a:40:{s:6:\"fields\";a:12:{s:9:\"sort_name\";s:1:\"1\";s:21:\"debit_accounting_code\";s:1:\"1\";s:22:\"credit_accounting_code\";s:1:\"1\";s:17:\"financial_type_id\";s:1:\"1\";s:12:\"receive_date\";s:1:\"1\";s:22:\"contribution_status_id\";s:1:\"1\";s:2:\"id\";s:1:\"1\";s:12:\"check_number\";s:1:\"1\";s:21:\"payment_instrument_id\";s:1:\"1\";s:9:\"trxn_date\";s:1:\"1\";s:7:\"trxn_id\";s:1:\"1\";s:6:\"amount\";s:1:\"1\";}s:12:\"sort_name_op\";s:3:\"has\";s:15:\"sort_name_value\";s:0:\"\";s:6:\"id_min\";s:0:\"\";s:6:\"id_max\";s:0:\"\";s:5:\"id_op\";s:3:\"lte\";s:8:\"id_value\";s:0:\"\";s:24:\"debit_accounting_code_op\";s:2:\"in\";s:27:\"debit_accounting_code_value\";a:0:{}s:25:\"credit_accounting_code_op\";s:2:\"in\";s:28:\"credit_accounting_code_value\";a:0:{}s:13:\"debit_name_op\";s:2:\"in\";s:16:\"debit_name_value\";a:0:{}s:14:\"credit_name_op\";s:2:\"in\";s:17:\"credit_name_value\";a:0:{}s:20:\"financial_type_id_op\";s:2:\"in\";s:23:\"financial_type_id_value\";a:0:{}s:21:\"receive_date_relative\";s:1:\"0\";s:17:\"receive_date_from\";s:0:\"\";s:15:\"receive_date_to\";s:0:\"\";s:25:\"contribution_status_id_op\";s:2:\"in\";s:28:\"contribution_status_id_value\";a:1:{i:0;s:1:\"1\";}s:24:\"payment_instrument_id_op\";s:2:\"in\";s:27:\"payment_instrument_id_value\";a:0:{}s:18:\"trxn_date_relative\";s:1:\"0\";s:14:\"trxn_date_from\";s:0:\"\";s:12:\"trxn_date_to\";s:0:\"\";s:10:\"amount_min\";s:0:\"\";s:10:\"amount_max\";s:0:\"\";s:9:\"amount_op\";s:3:\"lte\";s:12:\"amount_value\";s:0:\"\";s:11:\"description\";s:133:\"Provides transaction details for all contributions and payments, including Transaction #, Invoice ID, Payment Instrument and Check #.\";s:13:\"email_subject\";s:0:\"\";s:8:\"email_to\";s:0:\"\";s:8:\"email_cc\";s:0:\"\";s:10:\"permission\";s:21:\"access CiviContribute\";s:9:\"parent_id\";s:0:\"\";s:6:\"groups\";s:0:\"\";s:9:\"domain_id\";i:1;s:11:\"is_reserved\";b:0;}',NULL,NULL,NULL,NULL,NULL,NULL,NULL,NULL,0),(20,1,'Membership Summary','member/summary',NULL,NULL,'Provides a summary of memberships by type and join date.','access CiviMember',NULL,'a:18:{s:6:\"fields\";a:2:{s:18:\"membership_type_id\";s:1:\"1\";s:12:\"total_amount\";s:1:\"1\";}s:18:\"join_date_relative\";s:1:\"0\";s:14:\"join_date_from\";s:0:\"\";s:12:\"join_date_to\";s:0:\"\";s:21:\"membership_type_id_op\";s:2:\"in\";s:24:\"membership_type_id_value\";a:0:{}s:12:\"status_id_op\";s:2:\"in\";s:15:\"status_id_value\";a:0:{}s:25:\"contribution_status_id_op\";s:2:\"in\";s:28:\"contribution_status_id_value\";a:0:{}s:9:\"group_bys\";a:2:{s:9:\"join_date\";s:1:\"1\";s:18:\"membership_type_id\";s:1:\"1\";}s:14:\"group_bys_freq\";a:1:{s:9:\"join_date\";s:5:\"MONTH\";}s:11:\"description\";s:56:\"Provides a summary of memberships by type and join date.\";s:13:\"email_subject\";s:0:\"\";s:8:\"email_to\";s:0:\"\";s:8:\"email_cc\";s:0:\"\";s:10:\"permission\";s:17:\"access CiviMember\";s:9:\"domain_id\";i:1;}',NULL,NULL,NULL,NULL,NULL,NULL,NULL,NULL,0),(21,1,'Membership Details','member/detail',NULL,NULL,'Provides a list of members along with their membership status and membership details (Join Date, Start Date, End Date). Can also display contributions (payments) associated with each membership.','access CiviMember',NULL,'a:28:{s:6:\"fields\";a:5:{s:9:\"sort_name\";s:1:\"1\";s:18:\"membership_type_id\";s:1:\"1\";s:21:\"membership_start_date\";s:1:\"1\";s:19:\"membership_end_date\";s:1:\"1\";s:4:\"name\";s:1:\"1\";}s:12:\"sort_name_op\";s:3:\"has\";s:15:\"sort_name_value\";s:0:\"\";s:6:\"id_min\";s:0:\"\";s:6:\"id_max\";s:0:\"\";s:5:\"id_op\";s:3:\"lte\";s:8:\"id_value\";s:0:\"\";s:18:\"join_date_relative\";s:1:\"0\";s:14:\"join_date_from\";s:0:\"\";s:12:\"join_date_to\";s:0:\"\";s:23:\"owner_membership_id_min\";s:0:\"\";s:23:\"owner_membership_id_max\";s:0:\"\";s:22:\"owner_membership_id_op\";s:3:\"lte\";s:25:\"owner_membership_id_value\";s:0:\"\";s:6:\"tid_op\";s:2:\"in\";s:9:\"tid_value\";a:0:{}s:6:\"sid_op\";s:2:\"in\";s:9:\"sid_value\";a:0:{}s:6:\"gid_op\";s:2:\"in\";s:9:\"gid_value\";a:0:{}s:8:\"tagid_op\";s:2:\"in\";s:11:\"tagid_value\";a:0:{}s:11:\"description\";s:119:\"Provides a list of members along with their membership status and membership details (Join Date, Start Date, End Date).\";s:13:\"email_subject\";s:0:\"\";s:8:\"email_to\";s:0:\"\";s:8:\"email_cc\";s:0:\"\";s:10:\"permission\";s:17:\"access CiviMember\";s:9:\"domain_id\";i:1;}',NULL,NULL,NULL,NULL,NULL,NULL,NULL,NULL,0),(22,1,'Contribution and Membership Details','member/contributionDetail',NULL,NULL,'Contribution details for any type of contribution, plus associated membership information for contributions which are in payment for memberships.','access CiviMember',NULL,'a:67:{s:6:\"fields\";a:12:{s:9:\"sort_name\";s:1:\"1\";s:5:\"email\";s:1:\"1\";s:5:\"phone\";s:1:\"1\";s:17:\"financial_type_id\";s:1:\"1\";s:12:\"receive_date\";s:1:\"1\";s:12:\"total_amount\";s:1:\"1\";s:18:\"membership_type_id\";s:1:\"1\";s:21:\"membership_start_date\";s:1:\"1\";s:19:\"membership_end_date\";s:1:\"1\";s:9:\"join_date\";s:1:\"1\";s:22:\"membership_status_name\";s:1:\"1\";s:10:\"country_id\";s:1:\"1\";}s:12:\"sort_name_op\";s:3:\"has\";s:15:\"sort_name_value\";s:0:\"\";s:6:\"id_min\";s:0:\"\";s:6:\"id_max\";s:0:\"\";s:5:\"id_op\";s:3:\"lte\";s:8:\"id_value\";s:0:\"\";s:21:\"receive_date_relative\";s:1:\"0\";s:17:\"receive_date_from\";s:0:\"\";s:15:\"receive_date_to\";s:0:\"\";s:20:\"financial_type_id_op\";s:2:\"in\";s:23:\"financial_type_id_value\";a:0:{}s:24:\"payment_instrument_id_op\";s:2:\"in\";s:27:\"payment_instrument_id_value\";a:0:{}s:25:\"contribution_status_id_op\";s:2:\"in\";s:28:\"contribution_status_id_value\";a:0:{}s:16:\"total_amount_min\";s:0:\"\";s:16:\"total_amount_max\";s:0:\"\";s:15:\"total_amount_op\";s:3:\"lte\";s:18:\"total_amount_value\";s:0:\"\";s:6:\"gid_op\";s:2:\"in\";s:9:\"gid_value\";a:0:{}s:13:\"ordinality_op\";s:2:\"in\";s:16:\"ordinality_value\";a:0:{}s:18:\"join_date_relative\";s:1:\"0\";s:14:\"join_date_from\";s:0:\"\";s:12:\"join_date_to\";s:0:\"\";s:30:\"membership_start_date_relative\";s:1:\"0\";s:26:\"membership_start_date_from\";s:0:\"\";s:24:\"membership_start_date_to\";s:0:\"\";s:28:\"membership_end_date_relative\";s:1:\"0\";s:24:\"membership_end_date_from\";s:0:\"\";s:22:\"membership_end_date_to\";s:0:\"\";s:23:\"owner_membership_id_min\";s:0:\"\";s:23:\"owner_membership_id_max\";s:0:\"\";s:22:\"owner_membership_id_op\";s:3:\"lte\";s:25:\"owner_membership_id_value\";s:0:\"\";s:6:\"tid_op\";s:2:\"in\";s:9:\"tid_value\";a:0:{}s:6:\"sid_op\";s:2:\"in\";s:9:\"sid_value\";a:0:{}s:17:\"street_number_min\";s:0:\"\";s:17:\"street_number_max\";s:0:\"\";s:16:\"street_number_op\";s:3:\"lte\";s:19:\"street_number_value\";s:0:\"\";s:14:\"street_name_op\";s:3:\"has\";s:17:\"street_name_value\";s:0:\"\";s:15:\"postal_code_min\";s:0:\"\";s:15:\"postal_code_max\";s:0:\"\";s:14:\"postal_code_op\";s:3:\"lte\";s:17:\"postal_code_value\";s:0:\"\";s:7:\"city_op\";s:3:\"has\";s:10:\"city_value\";s:0:\"\";s:12:\"county_id_op\";s:2:\"in\";s:15:\"county_id_value\";a:0:{}s:20:\"state_province_id_op\";s:2:\"in\";s:23:\"state_province_id_value\";a:0:{}s:13:\"country_id_op\";s:2:\"in\";s:16:\"country_id_value\";a:0:{}s:8:\"tagid_op\";s:2:\"in\";s:11:\"tagid_value\";a:0:{}s:11:\"description\";s:35:\"Contribution and Membership Details\";s:13:\"email_subject\";s:0:\"\";s:8:\"email_to\";s:0:\"\";s:8:\"email_cc\";s:0:\"\";s:10:\"permission\";s:1:\"0\";s:9:\"domain_id\";i:1;}{s:6:\"fields\";a:12:{s:9:\"sort_name\";s:1:\"1\";s:5:\"email\";s:1:\"1\";s:5:\"phone\";s:1:\"1\";s:17:\"financial_type_id\";s:1:\"1\";s:12:\"receive_date\";s:1:\"1\";s:12:\"total_amount\";s:1:\"1\";s:18:\"membership_type_id\";s:1:\"1\";s:21:\"membership_start_date\";s:1:\"1\";s:19:\"membership_end_date\";s:1:\"1\";s:9:\"join_date\";s:1:\"1\";s:22:\"membership_status_name\";s:1:\"1\";s:10:\"country_id\";s:1:\"1\";}s:12:\"sort_name_op\";s:3:\"has\";s:15:\"sort_name_value\";s:0:\"\";s:6:\"id_min\";s:0:\"\";s:6:\"id_max\";s:0:\"\";s:5:\"id_op\";s:3:\"lte\";s:8:\"id_value\";s:0:\"\";s:21:\"receive_date_relative\";s:1:\"0\";s:17:\"receive_date_from\";s:0:\"\";s:15:\"receive_date_to\";s:0:\"\";s:20:\"financial_type_id_op\";s:2:\"in\";s:23:\"financial_type_id_value\";a:0:{}s:24:\"payment_instrument_id_op\";s:2:\"in\";s:27:\"payment_instrument_id_value\";a:0:{}s:25:\"contribution_status_id_op\";s:2:\"in\";s:28:\"contribution_status_id_value\";a:0:{}s:16:\"total_amount_min\";s:0:\"\";s:16:\"total_amount_max\";s:0:\"\";s:15:\"total_amount_op\";s:3:\"lte\";s:18:\"total_amount_value\";s:0:\"\";s:6:\"gid_op\";s:2:\"in\";s:9:\"gid_value\";a:0:{}s:13:\"ordinality_op\";s:2:\"in\";s:16:\"ordinality_value\";a:0:{}s:18:\"join_date_relative\";s:1:\"0\";s:14:\"join_date_from\";s:0:\"\";s:12:\"join_date_to\";s:0:\"\";s:30:\"membership_start_date_relative\";s:1:\"0\";s:26:\"membership_start_date_from\";s:0:\"\";s:24:\"membership_start_date_to\";s:0:\"\";s:28:\"membership_end_date_relative\";s:1:\"0\";s:24:\"membership_end_date_from\";s:0:\"\";s:22:\"membership_end_date_to\";s:0:\"\";s:23:\"owner_membership_id_min\";s:0:\"\";s:23:\"owner_membership_id_max\";s:0:\"\";s:22:\"owner_membership_id_op\";s:3:\"lte\";s:25:\"owner_membership_id_value\";s:0:\"\";s:6:\"tid_op\";s:2:\"in\";s:9:\"tid_value\";a:0:{}s:6:\"sid_op\";s:2:\"in\";s:9:\"sid_value\";a:0:{}s:17:\"street_number_min\";s:0:\"\";s:17:\"street_number_max\";s:0:\"\";s:16:\"street_number_op\";s:3:\"lte\";s:19:\"street_number_value\";s:0:\"\";s:14:\"street_name_op\";s:3:\"has\";s:17:\"street_name_value\";s:0:\"\";s:15:\"postal_code_min\";s:0:\"\";s:15:\"postal_code_max\";s:0:\"\";s:14:\"postal_code_op\";s:3:\"lte\";s:17:\"postal_code_value\";s:0:\"\";s:7:\"city_op\";s:3:\"has\";s:10:\"city_value\";s:0:\"\";s:12:\"county_id_op\";s:2:\"in\";s:15:\"county_id_value\";a:0:{}s:20:\"state_province_id_op\";s:2:\"in\";s:23:\"state_province_id_value\";a:0:{}s:13:\"country_id_op\";s:2:\"in\";s:16:\"country_id_value\";a:0:{}s:8:\"tagid_op\";s:2:\"in\";s:11:\"tagid_value\";a:0:{}s:11:\"description\";s:35:\"Contribution and Membership Details\";s:13:\"email_subject\";s:0:\"\";s:8:\"email_to\";s:0:\"\";s:8:\"email_cc\";s:0:\"\";s:10:\"permission\";s:17:\"access CiviMember\";s:9:\"domain_id\";i:1;}',NULL,NULL,NULL,NULL,NULL,NULL,NULL,NULL,0),(23,1,'Lapsed Memberships','member/lapse',NULL,NULL,'Provides a list of memberships that have lapsed or will lapse by the date you specify.','access CiviMember',NULL,'a:16:{s:6:\"fields\";a:5:{s:9:\"sort_name\";s:1:\"1\";s:18:\"membership_type_id\";s:1:\"1\";s:19:\"membership_end_date\";s:1:\"1\";s:4:\"name\";s:1:\"1\";s:10:\"country_id\";s:1:\"1\";}s:6:\"tid_op\";s:2:\"in\";s:9:\"tid_value\";a:0:{}s:28:\"membership_end_date_relative\";s:1:\"0\";s:24:\"membership_end_date_from\";s:0:\"\";s:22:\"membership_end_date_to\";s:0:\"\";s:6:\"gid_op\";s:2:\"in\";s:9:\"gid_value\";a:0:{}s:8:\"tagid_op\";s:2:\"in\";s:11:\"tagid_value\";a:0:{}s:11:\"description\";s:85:\"Provides a list of memberships that lapsed or will lapse before the date you specify.\";s:13:\"email_subject\";s:0:\"\";s:8:\"email_to\";s:0:\"\";s:8:\"email_cc\";s:0:\"\";s:10:\"permission\";s:17:\"access CiviMember\";s:9:\"domain_id\";i:1;}',NULL,NULL,NULL,NULL,NULL,NULL,NULL,NULL,0),(24,1,'Event Participants List','event/participantListing',NULL,NULL,'Provides lists of participants for an event.','access CiviEvent',NULL,'a:27:{s:6:\"fields\";a:4:{s:9:\"sort_name\";s:1:\"1\";s:8:\"event_id\";s:1:\"1\";s:9:\"status_id\";s:1:\"1\";s:7:\"role_id\";s:1:\"1\";}s:12:\"sort_name_op\";s:3:\"has\";s:15:\"sort_name_value\";s:0:\"\";s:8:\"email_op\";s:3:\"has\";s:11:\"email_value\";s:0:\"\";s:11:\"event_id_op\";s:2:\"in\";s:14:\"event_id_value\";a:0:{}s:6:\"sid_op\";s:2:\"in\";s:9:\"sid_value\";a:0:{}s:6:\"rid_op\";s:2:\"in\";s:9:\"rid_value\";a:0:{}s:34:\"participant_register_date_relative\";s:1:\"0\";s:30:\"participant_register_date_from\";s:0:\"\";s:28:\"participant_register_date_to\";s:0:\"\";s:6:\"eid_op\";s:2:\"in\";s:9:\"eid_value\";a:0:{}s:11:\"custom_4_op\";s:2:\"in\";s:14:\"custom_4_value\";a:0:{}s:16:\"blank_column_end\";s:0:\"\";s:11:\"description\";s:44:\"Provides lists of participants for an event.\";s:13:\"email_subject\";s:0:\"\";s:8:\"email_to\";s:0:\"\";s:8:\"email_cc\";s:0:\"\";s:10:\"permission\";s:16:\"access CiviEvent\";s:6:\"groups\";s:0:\"\";s:7:\"options\";N;s:9:\"domain_id\";i:1;}',NULL,NULL,NULL,NULL,NULL,NULL,NULL,NULL,0),(25,1,'Event Income Summary','event/summary',NULL,NULL,'Provides an overview of event income. You can include key information such as event ID, registration, attendance, and income generated to help you determine the success of an event.','access CiviEvent',NULL,'a:18:{s:6:\"fields\";a:2:{s:5:\"title\";s:1:\"1\";s:13:\"event_type_id\";s:1:\"1\";}s:5:\"id_op\";s:2:\"in\";s:8:\"id_value\";a:0:{}s:16:\"event_type_id_op\";s:2:\"in\";s:19:\"event_type_id_value\";a:0:{}s:25:\"event_start_date_relative\";s:1:\"0\";s:21:\"event_start_date_from\";s:0:\"\";s:19:\"event_start_date_to\";s:0:\"\";s:23:\"event_end_date_relative\";s:1:\"0\";s:19:\"event_end_date_from\";s:0:\"\";s:17:\"event_end_date_to\";s:0:\"\";s:11:\"description\";s:181:\"Provides an overview of event income. You can include key information such as event ID, registration, attendance, and income generated to help you determine the success of an event.\";s:13:\"email_subject\";s:0:\"\";s:8:\"email_to\";s:0:\"\";s:8:\"email_cc\";s:0:\"\";s:10:\"permission\";s:16:\"access CiviEvent\";s:6:\"charts\";s:0:\"\";s:9:\"domain_id\";i:1;}',NULL,NULL,NULL,NULL,NULL,NULL,NULL,NULL,0),(26,1,'Event Income Details','event/income',NULL,NULL,'Helps you to analyze the income generated by an event. The report can include details by participant type, status and payment method.','access CiviEvent',NULL,'a:7:{s:5:\"id_op\";s:2:\"in\";s:8:\"id_value\";N;s:11:\"description\";s:133:\"Helps you to analyze the income generated by an event. The report can include details by participant type, status and payment method.\";s:13:\"email_subject\";s:0:\"\";s:8:\"email_to\";s:0:\"\";s:8:\"email_cc\";s:0:\"\";s:10:\"permission\";s:16:\"access CiviEvent\";}',NULL,NULL,NULL,NULL,NULL,NULL,NULL,NULL,0),(27,1,'Attendee List','event/participantListing',NULL,NULL,'Provides lists of event attendees.','access CiviEvent',NULL,'a:27:{s:6:\"fields\";a:4:{s:9:\"sort_name\";s:1:\"1\";s:8:\"event_id\";s:1:\"1\";s:9:\"status_id\";s:1:\"1\";s:7:\"role_id\";s:1:\"1\";}s:12:\"sort_name_op\";s:3:\"has\";s:15:\"sort_name_value\";s:0:\"\";s:8:\"email_op\";s:3:\"has\";s:11:\"email_value\";s:0:\"\";s:11:\"event_id_op\";s:2:\"in\";s:14:\"event_id_value\";a:0:{}s:6:\"sid_op\";s:2:\"in\";s:9:\"sid_value\";a:0:{}s:6:\"rid_op\";s:2:\"in\";s:9:\"rid_value\";a:0:{}s:34:\"participant_register_date_relative\";s:1:\"0\";s:30:\"participant_register_date_from\";s:0:\"\";s:28:\"participant_register_date_to\";s:0:\"\";s:6:\"eid_op\";s:2:\"in\";s:9:\"eid_value\";a:0:{}s:11:\"custom_4_op\";s:2:\"in\";s:14:\"custom_4_value\";a:0:{}s:16:\"blank_column_end\";s:0:\"\";s:11:\"description\";s:44:\"Provides lists of participants for an event.\";s:13:\"email_subject\";s:0:\"\";s:8:\"email_to\";s:0:\"\";s:8:\"email_cc\";s:0:\"\";s:10:\"permission\";s:16:\"access CiviEvent\";s:6:\"groups\";s:0:\"\";s:7:\"options\";N;s:9:\"domain_id\";i:1;}',NULL,NULL,NULL,NULL,NULL,NULL,NULL,NULL,0),(28,1,'Grant Details','grant/detail',NULL,NULL,'Grant Report Detail','access CiviGrant',NULL,'a:40:{s:6:\"fields\";a:2:{s:9:\"sort_name\";s:1:\"1\";s:25:\"application_received_date\";s:1:\"1\";}s:12:\"sort_name_op\";s:3:\"has\";s:15:\"sort_name_value\";s:0:\"\";s:12:\"gender_id_op\";s:2:\"in\";s:15:\"gender_id_value\";a:0:{}s:6:\"id_min\";s:0:\"\";s:6:\"id_max\";s:0:\"\";s:5:\"id_op\";s:3:\"lte\";s:8:\"id_value\";s:0:\"\";s:13:\"country_id_op\";s:2:\"in\";s:16:\"country_id_value\";a:0:{}s:20:\"state_province_id_op\";s:2:\"in\";s:23:\"state_province_id_value\";a:0:{}s:13:\"grant_type_op\";s:2:\"in\";s:16:\"grant_type_value\";a:0:{}s:12:\"status_id_op\";s:2:\"in\";s:15:\"status_id_value\";a:0:{}s:18:\"amount_granted_min\";s:0:\"\";s:18:\"amount_granted_max\";s:0:\"\";s:17:\"amount_granted_op\";s:3:\"lte\";s:20:\"amount_granted_value\";s:0:\"\";s:20:\"amount_requested_min\";s:0:\"\";s:20:\"amount_requested_max\";s:0:\"\";s:19:\"amount_requested_op\";s:3:\"lte\";s:22:\"amount_requested_value\";s:0:\"\";s:34:\"application_received_date_relative\";s:1:\"0\";s:30:\"application_received_date_from\";s:0:\"\";s:28:\"application_received_date_to\";s:0:\"\";s:28:\"money_transfer_date_relative\";s:1:\"0\";s:24:\"money_transfer_date_from\";s:0:\"\";s:22:\"money_transfer_date_to\";s:0:\"\";s:23:\"grant_due_date_relative\";s:1:\"0\";s:19:\"grant_due_date_from\";s:0:\"\";s:17:\"grant_due_date_to\";s:0:\"\";s:11:\"description\";s:19:\"Grant Report Detail\";s:13:\"email_subject\";s:0:\"\";s:8:\"email_to\";s:0:\"\";s:8:\"email_cc\";s:0:\"\";s:10:\"permission\";s:16:\"access CiviGrant\";s:9:\"domain_id\";i:1;}',NULL,NULL,NULL,NULL,NULL,NULL,NULL,NULL,0),(29,1,'Grant Statistics','grant/statistics',NULL,NULL,'Grant Report Statistics','access CiviGrant',NULL,'a:42:{s:6:\"fields\";a:2:{s:18:\"summary_statistics\";s:1:\"1\";s:13:\"grant_type_id\";s:1:\"1\";}s:34:\"application_received_date_relative\";s:1:\"0\";s:30:\"application_received_date_from\";s:0:\"\";s:28:\"application_received_date_to\";s:0:\"\";s:22:\"decision_date_relative\";s:1:\"0\";s:18:\"decision_date_from\";s:0:\"\";s:16:\"decision_date_to\";s:0:\"\";s:28:\"money_transfer_date_relative\";s:1:\"0\";s:24:\"money_transfer_date_from\";s:0:\"\";s:22:\"money_transfer_date_to\";s:0:\"\";s:23:\"grant_due_date_relative\";s:1:\"0\";s:19:\"grant_due_date_from\";s:0:\"\";s:17:\"grant_due_date_to\";s:0:\"\";s:13:\"grant_type_op\";s:2:\"in\";s:16:\"grant_type_value\";a:0:{}s:12:\"status_id_op\";s:2:\"in\";s:15:\"status_id_value\";a:0:{}s:20:\"amount_requested_min\";s:0:\"\";s:20:\"amount_requested_max\";s:0:\"\";s:19:\"amount_requested_op\";s:3:\"lte\";s:22:\"amount_requested_value\";s:0:\"\";s:18:\"amount_granted_min\";s:0:\"\";s:18:\"amount_granted_max\";s:0:\"\";s:17:\"amount_granted_op\";s:3:\"lte\";s:20:\"amount_granted_value\";s:0:\"\";s:24:\"grant_report_received_op\";s:2:\"eq\";s:27:\"grant_report_received_value\";s:0:\"\";s:12:\"gender_id_op\";s:2:\"in\";s:15:\"gender_id_value\";a:0:{}s:15:\"contact_type_op\";s:2:\"in\";s:18:\"contact_type_value\";a:0:{}s:12:\"region_id_op\";s:2:\"in\";s:15:\"region_id_value\";a:0:{}s:13:\"country_id_op\";s:2:\"in\";s:16:\"country_id_value\";a:0:{}s:11:\"description\";s:23:\"Grant Report Statistics\";s:13:\"email_subject\";s:0:\"\";s:8:\"email_to\";s:0:\"\";s:8:\"email_cc\";s:0:\"\";s:10:\"permission\";s:16:\"access CiviGrant\";s:9:\"parent_id\";s:0:\"\";s:9:\"domain_id\";i:1;}',NULL,NULL,NULL,NULL,NULL,NULL,NULL,NULL,0),(30,1,'Mail Bounces','Mailing/bounce',NULL,NULL,'Bounce Report for mailings','access CiviMail',NULL,'a:33:{s:6:\"fields\";a:5:{s:2:\"id\";s:1:\"1\";s:10:\"first_name\";s:1:\"1\";s:9:\"last_name\";s:1:\"1\";s:11:\"bounce_name\";s:1:\"1\";s:5:\"email\";s:1:\"1\";}s:12:\"sort_name_op\";s:3:\"has\";s:15:\"sort_name_value\";s:0:\"\";s:9:\"source_op\";s:3:\"has\";s:12:\"source_value\";s:0:\"\";s:6:\"id_min\";s:0:\"\";s:6:\"id_max\";s:0:\"\";s:5:\"id_op\";s:3:\"lte\";s:8:\"id_value\";s:0:\"\";s:15:\"mailing_name_op\";s:2:\"in\";s:18:\"mailing_name_value\";a:0:{}s:19:\"bounce_type_name_op\";s:2:\"eq\";s:22:\"bounce_type_name_value\";s:0:\"\";s:6:\"gid_op\";s:2:\"in\";s:9:\"gid_value\";a:0:{}s:8:\"tagid_op\";s:2:\"in\";s:11:\"tagid_value\";a:0:{}s:11:\"custom_1_op\";s:2:\"in\";s:14:\"custom_1_value\";a:0:{}s:11:\"custom_2_op\";s:2:\"in\";s:14:\"custom_2_value\";a:0:{}s:17:\"custom_3_relative\";s:1:\"0\";s:13:\"custom_3_from\";s:0:\"\";s:11:\"custom_3_to\";s:0:\"\";s:9:\"order_bys\";a:1:{i:1;a:1:{s:6:\"column\";s:1:\"-\";}}s:11:\"description\";s:26:\"Bounce Report for mailings\";s:13:\"email_subject\";s:0:\"\";s:8:\"email_to\";s:0:\"\";s:8:\"email_cc\";s:0:\"\";s:10:\"permission\";s:15:\"access CiviMail\";s:6:\"groups\";s:0:\"\";s:6:\"charts\";s:0:\"\";s:9:\"domain_id\";i:1;}',NULL,NULL,NULL,NULL,NULL,NULL,NULL,NULL,0),(31,1,'Mailing Summary','Mailing/summary',NULL,NULL,'Summary statistics for mailings','access CiviMail',NULL,'a:25:{s:6:\"fields\";a:5:{s:4:\"name\";s:1:\"1\";s:11:\"queue_count\";s:1:\"1\";s:15:\"delivered_count\";s:1:\"1\";s:12:\"bounce_count\";s:1:\"1\";s:10:\"open_count\";s:1:\"1\";}s:15:\"is_completed_op\";s:2:\"eq\";s:18:\"is_completed_value\";s:1:\"1\";s:15:\"mailing_name_op\";s:2:\"in\";s:18:\"mailing_name_value\";a:0:{}s:9:\"status_op\";s:3:\"has\";s:12:\"status_value\";s:8:\"Complete\";s:11:\"is_test_min\";s:0:\"\";s:11:\"is_test_max\";s:0:\"\";s:10:\"is_test_op\";s:3:\"lte\";s:13:\"is_test_value\";s:1:\"0\";s:19:\"start_date_relative\";s:9:\"this.year\";s:15:\"start_date_from\";s:0:\"\";s:13:\"start_date_to\";s:0:\"\";s:17:\"end_date_relative\";s:9:\"this.year\";s:13:\"end_date_from\";s:0:\"\";s:11:\"end_date_to\";s:0:\"\";s:11:\"description\";s:31:\"Summary statistics for mailings\";s:13:\"email_subject\";s:0:\"\";s:8:\"email_to\";s:0:\"\";s:8:\"email_cc\";s:0:\"\";s:10:\"permission\";s:15:\"access CiviMail\";s:6:\"groups\";s:0:\"\";s:6:\"charts\";s:0:\"\";s:9:\"domain_id\";i:1;}',NULL,NULL,NULL,NULL,NULL,NULL,NULL,NULL,0),(32,1,'Mail Opened','Mailing/opened',NULL,NULL,'Display contacts who opened emails from a mailing','access CiviMail',NULL,'a:31:{s:6:\"fields\";a:5:{s:2:\"id\";s:1:\"1\";s:10:\"first_name\";s:1:\"1\";s:9:\"last_name\";s:1:\"1\";s:12:\"mailing_name\";s:1:\"1\";s:5:\"email\";s:1:\"1\";}s:12:\"sort_name_op\";s:3:\"has\";s:15:\"sort_name_value\";s:0:\"\";s:9:\"source_op\";s:3:\"has\";s:12:\"source_value\";s:0:\"\";s:6:\"id_min\";s:0:\"\";s:6:\"id_max\";s:0:\"\";s:5:\"id_op\";s:3:\"lte\";s:8:\"id_value\";s:0:\"\";s:15:\"mailing_name_op\";s:2:\"in\";s:18:\"mailing_name_value\";a:0:{}s:6:\"gid_op\";s:2:\"in\";s:9:\"gid_value\";a:0:{}s:8:\"tagid_op\";s:2:\"in\";s:11:\"tagid_value\";a:0:{}s:11:\"custom_1_op\";s:2:\"in\";s:14:\"custom_1_value\";a:0:{}s:11:\"custom_2_op\";s:2:\"in\";s:14:\"custom_2_value\";a:0:{}s:17:\"custom_3_relative\";s:1:\"0\";s:13:\"custom_3_from\";s:0:\"\";s:11:\"custom_3_to\";s:0:\"\";s:9:\"order_bys\";a:1:{i:1;a:1:{s:6:\"column\";s:1:\"-\";}}s:11:\"description\";s:49:\"Display contacts who opened emails from a mailing\";s:13:\"email_subject\";s:0:\"\";s:8:\"email_to\";s:0:\"\";s:8:\"email_cc\";s:0:\"\";s:10:\"permission\";s:15:\"access CiviMail\";s:6:\"groups\";s:0:\"\";s:6:\"charts\";s:0:\"\";s:9:\"domain_id\";i:1;}',NULL,NULL,NULL,NULL,NULL,NULL,NULL,NULL,0),(33,1,'Mail Clickthroughs','Mailing/clicks',NULL,NULL,'Display clicks from each mailing','access CiviMail',NULL,'a:31:{s:6:\"fields\";a:6:{s:2:\"id\";s:1:\"1\";s:10:\"first_name\";s:1:\"1\";s:9:\"last_name\";s:1:\"1\";s:12:\"mailing_name\";s:1:\"1\";s:5:\"email\";s:1:\"1\";s:3:\"url\";s:1:\"1\";}s:12:\"sort_name_op\";s:3:\"has\";s:15:\"sort_name_value\";s:0:\"\";s:9:\"source_op\";s:3:\"has\";s:12:\"source_value\";s:0:\"\";s:6:\"id_min\";s:0:\"\";s:6:\"id_max\";s:0:\"\";s:5:\"id_op\";s:3:\"lte\";s:8:\"id_value\";s:0:\"\";s:15:\"mailing_name_op\";s:2:\"in\";s:18:\"mailing_name_value\";a:0:{}s:6:\"gid_op\";s:2:\"in\";s:9:\"gid_value\";a:0:{}s:8:\"tagid_op\";s:2:\"in\";s:11:\"tagid_value\";a:0:{}s:11:\"custom_1_op\";s:2:\"in\";s:14:\"custom_1_value\";a:0:{}s:11:\"custom_2_op\";s:2:\"in\";s:14:\"custom_2_value\";a:0:{}s:17:\"custom_3_relative\";s:1:\"0\";s:13:\"custom_3_from\";s:0:\"\";s:11:\"custom_3_to\";s:0:\"\";s:9:\"order_bys\";a:1:{i:1;a:1:{s:6:\"column\";s:1:\"-\";}}s:11:\"description\";s:32:\"Display clicks from each mailing\";s:13:\"email_subject\";s:0:\"\";s:8:\"email_to\";s:0:\"\";s:8:\"email_cc\";s:0:\"\";s:10:\"permission\";s:15:\"access CiviMail\";s:6:\"groups\";s:0:\"\";s:6:\"charts\";s:0:\"\";s:9:\"domain_id\";i:1;}',NULL,NULL,NULL,NULL,NULL,NULL,NULL,NULL,0),(34,1,'Mailing Details','mailing/detail',NULL,NULL,'Provides reporting on Intended and Successful Deliveries, Unsubscribes and Opt-outs, Replies and Forwards.','access CiviMail',NULL,'a:30:{s:6:\"fields\";a:6:{s:9:\"sort_name\";s:1:\"1\";s:12:\"mailing_name\";s:1:\"1\";s:11:\"delivery_id\";s:1:\"1\";s:14:\"unsubscribe_id\";s:1:\"1\";s:9:\"optout_id\";s:1:\"1\";s:5:\"email\";s:1:\"1\";}s:12:\"sort_name_op\";s:3:\"has\";s:15:\"sort_name_value\";s:0:\"\";s:6:\"id_min\";s:0:\"\";s:6:\"id_max\";s:0:\"\";s:5:\"id_op\";s:3:\"lte\";s:8:\"id_value\";s:0:\"\";s:13:\"mailing_id_op\";s:2:\"in\";s:16:\"mailing_id_value\";a:0:{}s:18:\"delivery_status_op\";s:2:\"eq\";s:21:\"delivery_status_value\";s:0:\"\";s:18:\"is_unsubscribed_op\";s:2:\"eq\";s:21:\"is_unsubscribed_value\";s:0:\"\";s:12:\"is_optout_op\";s:2:\"eq\";s:15:\"is_optout_value\";s:0:\"\";s:13:\"is_replied_op\";s:2:\"eq\";s:16:\"is_replied_value\";s:0:\"\";s:15:\"is_forwarded_op\";s:2:\"eq\";s:18:\"is_forwarded_value\";s:0:\"\";s:6:\"gid_op\";s:2:\"in\";s:9:\"gid_value\";a:0:{}s:9:\"order_bys\";a:1:{i:1;a:2:{s:6:\"column\";s:9:\"sort_name\";s:5:\"order\";s:3:\"ASC\";}}s:11:\"description\";s:21:\"Mailing Detail Report\";s:13:\"email_subject\";s:0:\"\";s:8:\"email_to\";s:0:\"\";s:8:\"email_cc\";s:0:\"\";s:10:\"permission\";s:15:\"access CiviMail\";s:9:\"parent_id\";s:0:\"\";s:6:\"groups\";s:0:\"\";s:9:\"domain_id\";i:1;}',NULL,NULL,NULL,NULL,NULL,NULL,NULL,NULL,0),(35,1,'Survey Details','survey/detail',NULL,NULL,'Detailed report for canvassing, phone-banking, walk lists or other surveys.','access CiviReport',NULL,'a:39:{s:6:\"fields\";a:2:{s:9:\"sort_name\";s:1:\"1\";s:6:\"result\";s:1:\"1\";}s:22:\"assignee_contact_id_op\";s:2:\"eq\";s:25:\"assignee_contact_id_value\";s:0:\"\";s:12:\"sort_name_op\";s:3:\"has\";s:15:\"sort_name_value\";s:0:\"\";s:17:\"street_number_min\";s:0:\"\";s:17:\"street_number_max\";s:0:\"\";s:16:\"street_number_op\";s:3:\"lte\";s:19:\"street_number_value\";s:0:\"\";s:14:\"street_name_op\";s:3:\"has\";s:17:\"street_name_value\";s:0:\"\";s:15:\"postal_code_min\";s:0:\"\";s:15:\"postal_code_max\";s:0:\"\";s:14:\"postal_code_op\";s:3:\"lte\";s:17:\"postal_code_value\";s:0:\"\";s:7:\"city_op\";s:3:\"has\";s:10:\"city_value\";s:0:\"\";s:20:\"state_province_id_op\";s:2:\"in\";s:23:\"state_province_id_value\";a:0:{}s:13:\"country_id_op\";s:2:\"in\";s:16:\"country_id_value\";a:0:{}s:12:\"survey_id_op\";s:2:\"in\";s:15:\"survey_id_value\";a:0:{}s:12:\"status_id_op\";s:2:\"eq\";s:15:\"status_id_value\";s:1:\"1\";s:11:\"custom_1_op\";s:2:\"in\";s:14:\"custom_1_value\";a:0:{}s:11:\"custom_2_op\";s:2:\"in\";s:14:\"custom_2_value\";a:0:{}s:17:\"custom_3_relative\";s:1:\"0\";s:13:\"custom_3_from\";s:0:\"\";s:11:\"custom_3_to\";s:0:\"\";s:11:\"description\";s:75:\"Detailed report for canvassing, phone-banking, walk lists or other surveys.\";s:13:\"email_subject\";s:0:\"\";s:8:\"email_to\";s:0:\"\";s:8:\"email_cc\";s:0:\"\";s:10:\"permission\";s:17:\"access CiviReport\";s:6:\"groups\";s:0:\"\";s:9:\"domain_id\";i:1;}',NULL,NULL,NULL,NULL,NULL,NULL,NULL,NULL,0);
/*!40000 ALTER TABLE `civicrm_report_instance` ENABLE KEYS */;
UNLOCK TABLES;

--
-- Dumping data for table `civicrm_saved_search`
--

LOCK TABLES `civicrm_saved_search` WRITE;
/*!40000 ALTER TABLE `civicrm_saved_search` DISABLE KEYS */;
/*!40000 ALTER TABLE `civicrm_saved_search` ENABLE KEYS */;
UNLOCK TABLES;

--
-- Dumping data for table `civicrm_setting`
--

LOCK TABLES `civicrm_setting` WRITE;
/*!40000 ALTER TABLE `civicrm_setting` DISABLE KEYS */;
INSERT INTO `civicrm_setting` (`id`, `group_name`, `name`, `value`, `domain_id`, `contact_id`, `is_domain`, `component_id`, `created_date`, `created_id`) VALUES (1,'CiviCRM Preferences','contact_view_options','s:28:\"123456789101113\";',1,NULL,1,NULL,NULL,NULL),(2,'CiviCRM Preferences','contact_smart_group_display','s:1:\"1\";',1,NULL,1,NULL,NULL,NULL),(3,'CiviCRM Preferences','contact_edit_options','s:37:\"123456789111214151617\";',1,NULL,1,NULL,NULL,NULL),(4,'CiviCRM Preferences','advanced_search_options','s:46:\"123456789101112131516171819\";',1,NULL,1,NULL,NULL,NULL),(5,'CiviCRM Preferences','user_dashboard_options','s:15:\"1234578\";',1,NULL,1,NULL,NULL,NULL),(6,'CiviCRM Preferences','address_options','s:23:\"123456891011\";',1,NULL,1,NULL,NULL,NULL),(7,'CiviCRM Preferences','address_format','s:198:\"{contact.address_name}\n{contact.street_address}\n{contact.supplemental_address_1}\n{contact.supplemental_address_2}\n{contact.city}{, }{contact.state_province}{ }{contact.postal_code}\n{contact.country}\";',1,NULL,1,NULL,NULL,NULL),(8,'CiviCRM Preferences','mailing_format','s:195:\"{contact.addressee}\n{contact.street_address}\n{contact.supplemental_address_1}\n{contact.supplemental_address_2}\n{contact.city}{, }{contact.state_province}{ }{contact.postal_code}\n{contact.country}\";',1,NULL,1,NULL,NULL,NULL),(9,'CiviCRM Preferences','display_name_format','s:102:\"{contact.individual_prefix}{ }{contact.first_name}{ }{contact.last_name}{ }{contact.individual_suffix}\";',1,NULL,1,NULL,NULL,NULL),(10,'CiviCRM Preferences','sort_name_format','s:43:\"{contact.last_name}{, }{contact.first_name}\";',1,NULL,1,NULL,NULL,NULL),(11,'CiviCRM Preferences','editor_id','s:1:\"2\";',1,NULL,1,NULL,NULL,NULL),(12,'CiviCRM Preferences','contact_ajax_check_similar','s:1:\"1\";',1,NULL,1,NULL,NULL,NULL),(13,'CiviCRM Preferences','activity_assignee_notification','s:1:\"1\";',1,NULL,1,NULL,NULL,NULL),(14,'CiviCRM Preferences','activity_assignee_notification_ics','s:1:\"0\";',1,NULL,1,NULL,NULL,NULL),(15,'CiviCRM Preferences','contact_autocomplete_options','s:5:\"12\";',1,NULL,1,NULL,NULL,NULL),(16,'CiviCRM Preferences','contact_reference_options','s:5:\"12\";',1,NULL,1,NULL,NULL,NULL),(17,'Address Standardization Preferences','address_standardization_provider',NULL,1,NULL,1,NULL,NULL,NULL),(18,'Address Standardization Preferences','address_standardization_userid',NULL,1,NULL,1,NULL,NULL,NULL),(19,'Address Standardization Preferences','address_standardization_url',NULL,1,NULL,1,NULL,NULL,NULL),(20,'Campaign Preferences','tag_unconfirmed','s:11:\"Unconfirmed\";',1,NULL,1,NULL,NULL,NULL),(21,'Campaign Preferences','petition_contacts','s:17:\"Petition Contacts\";',1,NULL,1,NULL,NULL,NULL),(22,'Event Preferences','enable_cart','s:1:\"0\";',1,NULL,1,NULL,NULL,NULL),(23,'Mailing Preferences','profile_double_optin','s:1:\"1\";',1,NULL,1,NULL,NULL,NULL),(24,'Mailing Preferences','profile_add_to_group_double_optin','s:1:\"0\";',1,NULL,1,NULL,NULL,NULL),(25,'Mailing Preferences','track_civimail_replies','s:1:\"0\";',1,NULL,1,NULL,NULL,NULL),(26,'Mailing Preferences','civimail_workflow','s:1:\"0\";',1,NULL,1,NULL,NULL,NULL),(27,'Mailing Preferences','civimail_server_wide_lock','s:1:\"0\";',1,NULL,1,NULL,NULL,NULL),(28,'Mailing Preferences','mailing_backend','a:1:{s:15:\"outBound_option\";s:1:\"3\";}',1,NULL,1,NULL,NULL,NULL),(29,'Mailing Preferences','write_activity_record','s:1:\"1\";',1,NULL,1,NULL,NULL,NULL),(30,'Member Preferences','default_renewal_contribution_page',NULL,1,NULL,1,NULL,NULL,NULL),(31,'Multi Site Preferences','is_enabled','s:1:\"0\";',1,NULL,1,NULL,NULL,NULL),(32,'Multi Site Preferences','uniq_email_per_site','s:1:\"0\";',1,NULL,1,NULL,NULL,NULL),(33,'Multi Site Preferences','domain_group_id','s:1:\"0\";',1,NULL,1,NULL,NULL,NULL),(34,'Multi Site Preferences','event_price_set_domain_id','s:1:\"0\";',1,NULL,1,NULL,NULL,NULL),(35,'Directory Preferences','uploadDir','s:7:\"upload/\";',1,NULL,1,NULL,'2014-04-30 03:09:21',NULL),(36,'Directory Preferences','imageUploadDir','s:19:\"persist/contribute/\";',1,NULL,1,NULL,'2014-04-30 03:09:21',NULL),(37,'Directory Preferences','customFileUploadDir','s:7:\"custom/\";',1,NULL,1,NULL,'2014-04-30 03:09:21',NULL),(38,'Directory Preferences','customTemplateDir',NULL,1,NULL,1,NULL,NULL,NULL),(39,'Directory Preferences','customPHPPathDir',NULL,1,NULL,1,NULL,NULL,NULL),(40,'Directory Preferences','extensionsDir',NULL,1,NULL,1,NULL,NULL,NULL),(41,'URL Preferences','userFrameworkResourceURL',NULL,1,NULL,1,NULL,'2014-04-30 03:09:21',NULL),(42,'URL Preferences','imageUploadURL',NULL,1,NULL,1,NULL,'2014-04-30 03:09:21',NULL),(43,'URL Preferences','customCSSURL',NULL,1,NULL,1,NULL,NULL,NULL),(44,'URL Preferences','extensionsURL',NULL,1,NULL,1,NULL,NULL,NULL),(45,'CiviCRM Preferences','resCacheCode','s:5:\"k0qmm\";',1,NULL,1,NULL,'2014-04-30 03:09:32',NULL),(46,'Contribute Preferences','cvv_backoffice_required','s:1:\"1\";',1,NULL,1,NULL,'2014-04-30 03:09:31',NULL),(47,'CiviCRM Preferences','ajaxPopupsEnabled','i:1;',1,NULL,1,NULL,'2014-04-30 03:09:31',NULL),(48,'CiviCRM Preferences','max_attachments','i:3;',1,NULL,1,NULL,'2014-04-30 03:09:31',NULL),(49,'CiviCRM Preferences','contact_undelete','i:1;',1,NULL,1,NULL,'2014-04-30 03:09:31',NULL),(50,'CiviCRM Preferences','allowPermDeleteFinancial','b:0;',1,NULL,1,NULL,'2014-04-30 03:09:31',NULL),(51,'CiviCRM Preferences','versionAlert','i:1;',1,NULL,1,NULL,'2014-04-30 03:09:31',NULL),(52,'CiviCRM Preferences','securityAlert','i:1;',1,NULL,1,NULL,'2014-04-30 03:09:31',NULL),(53,'CiviCRM Preferences','blogUrl','s:9:\"*default*\";',1,NULL,1,NULL,'2014-04-30 03:09:31',NULL),(54,'CiviCRM Preferences','verifySSL','i:1;',1,NULL,1,NULL,'2014-04-30 03:09:31',NULL),(55,'CiviCRM Preferences','enable_components','a:6:{i:0;s:9:\"CiviEvent\";i:1;s:14:\"CiviContribute\";i:2;s:10:\"CiviMember\";i:3;s:8:\"CiviMail\";i:4;s:10:\"CiviReport\";i:5;s:10:\"CiviPledge\";}',1,NULL,1,NULL,'2014-04-30 03:09:31',NULL),(56,'CiviCRM Preferences','disable_core_css','s:1:\"0\";',1,NULL,1,NULL,'2014-04-30 03:09:31',NULL),(57,'Event Preferences','event_enable_cart','i:0;',1,NULL,1,NULL,'2014-04-30 03:09:32',NULL),(58,'Mailing Preferences','disable_mandatory_tokens_check','i:0;',1,NULL,1,NULL,'2014-04-30 03:09:32',NULL),(59,'Mailing Preferences','dedupe_email_default','i:1;',1,NULL,1,NULL,'2014-04-30 03:09:32',NULL),(60,'Mailing Preferences','hash_mailing_url','i:0;',1,NULL,1,NULL,'2014-04-30 03:09:32',NULL),(61,'Search Preferences','search_autocomplete_count','i:10;',1,NULL,1,NULL,'2014-04-30 03:09:32',NULL);
/*!40000 ALTER TABLE `civicrm_setting` ENABLE KEYS */;
UNLOCK TABLES;

--
-- Dumping data for table `civicrm_sms_provider`
--

LOCK TABLES `civicrm_sms_provider` WRITE;
/*!40000 ALTER TABLE `civicrm_sms_provider` DISABLE KEYS */;
/*!40000 ALTER TABLE `civicrm_sms_provider` ENABLE KEYS */;
UNLOCK TABLES;

--
-- Dumping data for table `civicrm_state_province`
--

LOCK TABLES `civicrm_state_province` WRITE;
/*!40000 ALTER TABLE `civicrm_state_province` DISABLE KEYS */;
INSERT INTO `civicrm_state_province` (`id`, `name`, `abbreviation`, `country_id`) VALUES (1000,'Alabama','AL',1228),(1001,'Alaska','AK',1228),(1002,'Arizona','AZ',1228),(1003,'Arkansas','AR',1228),(1004,'California','CA',1228),(1005,'Colorado','CO',1228),(1006,'Connecticut','CT',1228),(1007,'Delaware','DE',1228),(1008,'Florida','FL',1228),(1009,'Georgia','GA',1228),(1010,'Hawaii','HI',1228),(1011,'Idaho','ID',1228),(1012,'Illinois','IL',1228),(1013,'Indiana','IN',1228),(1014,'Iowa','IA',1228),(1015,'Kansas','KS',1228),(1016,'Kentucky','KY',1228),(1017,'Louisiana','LA',1228),(1018,'Maine','ME',1228),(1019,'Maryland','MD',1228),(1020,'Massachusetts','MA',1228),(1021,'Michigan','MI',1228),(1022,'Minnesota','MN',1228),(1023,'Mississippi','MS',1228),(1024,'Missouri','MO',1228),(1025,'Montana','MT',1228),(1026,'Nebraska','NE',1228),(1027,'Nevada','NV',1228),(1028,'New Hampshire','NH',1228),(1029,'New Jersey','NJ',1228),(1030,'New Mexico','NM',1228),(1031,'New York','NY',1228),(1032,'North Carolina','NC',1228),(1033,'North Dakota','ND',1228),(1034,'Ohio','OH',1228),(1035,'Oklahoma','OK',1228),(1036,'Oregon','OR',1228),(1037,'Pennsylvania','PA',1228),(1038,'Rhode Island','RI',1228),(1039,'South Carolina','SC',1228),(1040,'South Dakota','SD',1228),(1041,'Tennessee','TN',1228),(1042,'Texas','TX',1228),(1043,'Utah','UT',1228),(1044,'Vermont','VT',1228),(1045,'Virginia','VA',1228),(1046,'Washington','WA',1228),(1047,'West Virginia','WV',1228),(1048,'Wisconsin','WI',1228),(1049,'Wyoming','WY',1228),(1050,'District of Columbia','DC',1228),(1052,'American Samoa','AS',1228),(1053,'Guam','GU',1228),(1055,'Northern Mariana Islands','MP',1228),(1056,'Puerto Rico','PR',1228),(1057,'Virgin Islands','VI',1228),(1058,'United States Minor Outlying Islands','UM',1228),(1059,'Armed Forces Europe','AE',1228),(1060,'Armed Forces Americas','AA',1228),(1061,'Armed Forces Pacific','AP',1228),(1100,'Alberta','AB',1039),(1101,'British Columbia','BC',1039),(1102,'Manitoba','MB',1039),(1103,'New Brunswick','NB',1039),(1104,'Newfoundland and Labrador','NL',1039),(1105,'Northwest Territories','NT',1039),(1106,'Nova Scotia','NS',1039),(1107,'Nunavut','NU',1039),(1108,'Ontario','ON',1039),(1109,'Prince Edward Island','PE',1039),(1110,'Quebec','QC',1039),(1111,'Saskatchewan','SK',1039),(1112,'Yukon Territory','YT',1039),(1200,'Maharashtra','MM',1101),(1201,'Karnataka','KA',1101),(1202,'Andhra Pradesh','AP',1101),(1203,'Arunachal Pradesh','AR',1101),(1204,'Assam','AS',1101),(1205,'Bihar','BR',1101),(1206,'Chhattisgarh','CH',1101),(1207,'Goa','GA',1101),(1208,'Gujarat','GJ',1101),(1209,'Haryana','HR',1101),(1210,'Himachal Pradesh','HP',1101),(1211,'Jammu and Kashmir','JK',1101),(1212,'Jharkhand','JH',1101),(1213,'Kerala','KL',1101),(1214,'Madhya Pradesh','MP',1101),(1215,'Manipur','MN',1101),(1216,'Meghalaya','ML',1101),(1217,'Mizoram','MZ',1101),(1218,'Nagaland','NL',1101),(1219,'Orissa','OR',1101),(1220,'Punjab','PB',1101),(1221,'Rajasthan','RJ',1101),(1222,'Sikkim','SK',1101),(1223,'Tamil Nadu','TN',1101),(1224,'Tripura','TR',1101),(1225,'Uttaranchal','UL',1101),(1226,'Uttar Pradesh','UP',1101),(1227,'West Bengal','WB',1101),(1228,'Andaman and Nicobar Islands','AN',1101),(1229,'Dadra and Nagar Haveli','DN',1101),(1230,'Daman and Diu','DD',1101),(1231,'Delhi','DL',1101),(1232,'Lakshadweep','LD',1101),(1233,'Pondicherry','PY',1101),(1300,'mazowieckie','MZ',1172),(1301,'pomorskie','PM',1172),(1302,'dolnolskie','DS',1172),(1303,'kujawsko-pomorskie','KP',1172),(1304,'lubelskie','LU',1172),(1305,'lubuskie','LB',1172),(1306,'dzkie','LD',1172),(1307,'maopolskie','MA',1172),(1308,'opolskie','OP',1172),(1309,'podkarpackie','PK',1172),(1310,'podlaskie','PD',1172),(1311,'lskie','SL',1172),(1312,'witokrzyskie','SK',1172),(1313,'warmisko-mazurskie','WN',1172),(1314,'wielkopolskie','WP',1172),(1315,'zachodniopomorskie','ZP',1172),(1500,'Abu Zaby','AZ',1225),(1501,'\'Ajman','AJ',1225),(1502,'Al Fujayrah','FU',1225),(1503,'Ash Shariqah','SH',1225),(1504,'Dubayy','DU',1225),(1505,'Ra\'s al Khaymah','RK',1225),(1506,'Dac Lac','33',1233),(1507,'Umm al Qaywayn','UQ',1225),(1508,'Badakhshan','BDS',1001),(1509,'Badghis','BDG',1001),(1510,'Baghlan','BGL',1001),(1511,'Balkh','BAL',1001),(1512,'Bamian','BAM',1001),(1513,'Farah','FRA',1001),(1514,'Faryab','FYB',1001),(1515,'Ghazni','GHA',1001),(1516,'Ghowr','GHO',1001),(1517,'Helmand','HEL',1001),(1518,'Herat','HER',1001),(1519,'Jowzjan','JOW',1001),(1520,'Kabul','KAB',1001),(1521,'Kandahar','KAN',1001),(1522,'Kapisa','KAP',1001),(1523,'Khowst','KHO',1001),(1524,'Konar','KNR',1001),(1525,'Kondoz','KDZ',1001),(1526,'Laghman','LAG',1001),(1527,'Lowgar','LOW',1001),(1528,'Nangrahar','NAN',1001),(1529,'Nimruz','NIM',1001),(1530,'Nurestan','NUR',1001),(1531,'Oruzgan','ORU',1001),(1532,'Paktia','PIA',1001),(1533,'Paktika','PKA',1001),(1534,'Parwan','PAR',1001),(1535,'Samangan','SAM',1001),(1536,'Sar-e Pol','SAR',1001),(1537,'Takhar','TAK',1001),(1538,'Wardak','WAR',1001),(1539,'Zabol','ZAB',1001),(1540,'Berat','BR',1002),(1541,'Bulqiz','BU',1002),(1542,'Delvin','DL',1002),(1543,'Devoll','DV',1002),(1544,'Dibr','DI',1002),(1545,'Durrs','DR',1002),(1546,'Elbasan','EL',1002),(1547,'Fier','FR',1002),(1548,'Gramsh','GR',1002),(1549,'Gjirokastr','GJ',1002),(1550,'Has','HA',1002),(1551,'Kavaj','KA',1002),(1552,'Kolonj','ER',1002),(1553,'Kor','KO',1002),(1554,'Kruj','KR',1002),(1555,'Kuov','KC',1002),(1556,'Kuks','KU',1002),(1557,'Kurbin','KB',1002),(1558,'Lezh','LE',1002),(1559,'Librazhd','LB',1002),(1560,'Lushnj','LU',1002),(1561,'Malsi e Madhe','MM',1002),(1562,'Mallakastr','MK',1002),(1563,'Mat','MT',1002),(1564,'Mirdit','MR',1002),(1565,'Peqin','PQ',1002),(1566,'Prmet','PR',1002),(1567,'Pogradec','PG',1002),(1568,'Puk','PU',1002),(1569,'Sarand','SR',1002),(1570,'Skrapar','SK',1002),(1571,'Shkodr','SH',1002),(1572,'Tepelen','TE',1002),(1573,'Tiran','TR',1002),(1574,'Tropoj','TP',1002),(1575,'Vlor','VL',1002),(1576,'Erevan','ER',1011),(1577,'Aragacotn','AG',1011),(1578,'Ararat','AR',1011),(1579,'Armavir','AV',1011),(1580,'Gegarkunik\'','GR',1011),(1581,'Kotayk\'','KT',1011),(1582,'Lory','LO',1011),(1583,'Sirak','SH',1011),(1584,'Syunik\'','SU',1011),(1585,'Tavus','TV',1011),(1586,'Vayoc Jor','VD',1011),(1587,'Bengo','BGO',1006),(1588,'Benguela','BGU',1006),(1589,'Bie','BIE',1006),(1590,'Cabinda','CAB',1006),(1591,'Cuando-Cubango','CCU',1006),(1592,'Cuanza Norte','CNO',1006),(1593,'Cuanza Sul','CUS',1006),(1594,'Cunene','CNN',1006),(1595,'Huambo','HUA',1006),(1596,'Huila','HUI',1006),(1597,'Luanda','LUA',1006),(1598,'Lunda Norte','LNO',1006),(1599,'Lunda Sul','LSU',1006),(1600,'Malange','MAL',1006),(1601,'Moxico','MOX',1006),(1602,'Namibe','NAM',1006),(1603,'Uige','UIG',1006),(1604,'Zaire','ZAI',1006),(1605,'Capital federal','C',1010),(1606,'Buenos Aires','B',1010),(1607,'Catamarca','K',1010),(1608,'Cordoba','X',1010),(1609,'Corrientes','W',1010),(1610,'Chaco','H',1010),(1611,'Chubut','U',1010),(1612,'Entre Rios','E',1010),(1613,'Formosa','P',1010),(1614,'Jujuy','Y',1010),(1615,'La Pampa','L',1010),(1616,'Mendoza','M',1010),(1617,'Misiones','N',1010),(1618,'Neuquen','Q',1010),(1619,'Rio Negro','R',1010),(1620,'Salta','A',1010),(1621,'San Juan','J',1010),(1622,'San Luis','D',1010),(1623,'Santa Cruz','Z',1010),(1624,'Santa Fe','S',1010),(1625,'Santiago del Estero','G',1010),(1626,'Tierra del Fuego','V',1010),(1627,'Tucuman','T',1010),(1628,'Burgenland','1',1014),(1629,'Krnten','2',1014),(1630,'Niederosterreich','3',1014),(1631,'Oberosterreich','4',1014),(1632,'Salzburg','5',1014),(1633,'Steiermark','6',1014),(1634,'Tirol','7',1014),(1635,'Vorarlberg','8',1014),(1636,'Wien','9',1014),(1637,'Australian Antarctic Territory','AAT',1008),(1638,'Australian Capital Territory','ACT',1013),(1639,'Northern Territory','NT',1013),(1640,'New South Wales','NSW',1013),(1641,'Queensland','QLD',1013),(1642,'South Australia','SA',1013),(1643,'Tasmania','TAS',1013),(1644,'Victoria','VIC',1013),(1645,'Western Australia','WA',1013),(1646,'Naxcivan','NX',1015),(1647,'Ali Bayramli','AB',1015),(1648,'Baki','BA',1015),(1649,'Ganca','GA',1015),(1650,'Lankaran','LA',1015),(1651,'Mingacevir','MI',1015),(1652,'Naftalan','NA',1015),(1653,'Saki','SA',1015),(1654,'Sumqayit','SM',1015),(1655,'Susa','SS',1015),(1656,'Xankandi','XA',1015),(1657,'Yevlax','YE',1015),(1658,'Abseron','ABS',1015),(1659,'Agcabadi','AGC',1015),(1660,'Agdam','AGM',1015),(1661,'Agdas','AGS',1015),(1662,'Agstafa','AGA',1015),(1663,'Agsu','AGU',1015),(1664,'Astara','AST',1015),(1665,'Babak','BAB',1015),(1666,'Balakan','BAL',1015),(1667,'Barda','BAR',1015),(1668,'Beylagan','BEY',1015),(1669,'Bilasuvar','BIL',1015),(1670,'Cabrayll','CAB',1015),(1671,'Calilabad','CAL',1015),(1672,'Culfa','CUL',1015),(1673,'Daskasan','DAS',1015),(1674,'Davaci','DAV',1015),(1675,'Fuzuli','FUZ',1015),(1676,'Gadabay','GAD',1015),(1677,'Goranboy','GOR',1015),(1678,'Goycay','GOY',1015),(1679,'Haciqabul','HAC',1015),(1680,'Imisli','IMI',1015),(1681,'Ismayilli','ISM',1015),(1682,'Kalbacar','KAL',1015),(1683,'Kurdamir','KUR',1015),(1684,'Lacin','LAC',1015),(1685,'Lerik','LER',1015),(1686,'Masalli','MAS',1015),(1687,'Neftcala','NEF',1015),(1688,'Oguz','OGU',1015),(1689,'Ordubad','ORD',1015),(1690,'Qabala','QAB',1015),(1691,'Qax','QAX',1015),(1692,'Qazax','QAZ',1015),(1693,'Qobustan','QOB',1015),(1694,'Quba','QBA',1015),(1695,'Qubadli','QBI',1015),(1696,'Qusar','QUS',1015),(1697,'Saatli','SAT',1015),(1698,'Sabirabad','SAB',1015),(1699,'Sadarak','SAD',1015),(1700,'Sahbuz','SAH',1015),(1701,'Salyan','SAL',1015),(1702,'Samaxi','SMI',1015),(1703,'Samkir','SKR',1015),(1704,'Samux','SMX',1015),(1705,'Sarur','SAR',1015),(1706,'Siyazan','SIY',1015),(1707,'Tartar','TAR',1015),(1708,'Tovuz','TOV',1015),(1709,'Ucar','UCA',1015),(1710,'Xacmaz','XAC',1015),(1711,'Xanlar','XAN',1015),(1712,'Xizi','XIZ',1015),(1713,'Xocali','XCI',1015),(1714,'Xocavand','XVD',1015),(1715,'Yardimli','YAR',1015),(1716,'Zangilan','ZAN',1015),(1717,'Zaqatala','ZAQ',1015),(1718,'Zardab','ZAR',1015),(1719,'Federacija Bosna i Hercegovina','BIH',1026),(1720,'Republika Srpska','SRP',1026),(1721,'Bagerhat zila','05',1017),(1722,'Bandarban zila','01',1017),(1723,'Barguna zila','02',1017),(1724,'Barisal zila','06',1017),(1725,'Bhola zila','07',1017),(1726,'Bogra zila','03',1017),(1727,'Brahmanbaria zila','04',1017),(1728,'Chandpur zila','09',1017),(1729,'Chittagong zila','10',1017),(1730,'Chuadanga zila','12',1017),(1731,'Comilla zila','08',1017),(1732,'Cox\'s Bazar zila','11',1017),(1733,'Dhaka zila','13',1017),(1734,'Dinajpur zila','14',1017),(1735,'Faridpur zila','15',1017),(1736,'Feni zila','16',1017),(1737,'Gaibandha zila','19',1017),(1738,'Gazipur zila','18',1017),(1739,'Gopalganj zila','17',1017),(1740,'Habiganj zila','20',1017),(1741,'Jaipurhat zila','24',1017),(1742,'Jamalpur zila','21',1017),(1743,'Jessore zila','22',1017),(1744,'Jhalakati zila','25',1017),(1745,'Jhenaidah zila','23',1017),(1746,'Khagrachari zila','29',1017),(1747,'Khulna zila','27',1017),(1748,'Kishorganj zila','26',1017),(1749,'Kurigram zila','28',1017),(1750,'Kushtia zila','30',1017),(1751,'Lakshmipur zila','31',1017),(1752,'Lalmonirhat zila','32',1017),(1753,'Madaripur zila','36',1017),(1754,'Magura zila','37',1017),(1755,'Manikganj zila','33',1017),(1756,'Meherpur zila','39',1017),(1757,'Moulvibazar zila','38',1017),(1758,'Munshiganj zila','35',1017),(1759,'Mymensingh zila','34',1017),(1760,'Naogaon zila','48',1017),(1761,'Narail zila','43',1017),(1762,'Narayanganj zila','40',1017),(1763,'Narsingdi zila','42',1017),(1764,'Natore zila','44',1017),(1765,'Nawabganj zila','45',1017),(1766,'Netrakona zila','41',1017),(1767,'Nilphamari zila','46',1017),(1768,'Noakhali zila','47',1017),(1769,'Pabna zila','49',1017),(1770,'Panchagarh zila','52',1017),(1771,'Patuakhali zila','51',1017),(1772,'Pirojpur zila','50',1017),(1773,'Rajbari zila','53',1017),(1774,'Rajshahi zila','54',1017),(1775,'Rangamati zila','56',1017),(1776,'Rangpur zila','55',1017),(1777,'Satkhira zila','58',1017),(1778,'Shariatpur zila','62',1017),(1779,'Sherpur zila','57',1017),(1780,'Sirajganj zila','59',1017),(1781,'Sunamganj zila','61',1017),(1782,'Sylhet zila','60',1017),(1783,'Tangail zila','63',1017),(1784,'Thakurgaon zila','64',1017),(1785,'Antwerpen','VAN',1020),(1786,'Brabant Wallon','WBR',1020),(1787,'Hainaut','WHT',1020),(1788,'Liege','WLG',1020),(1789,'Limburg','VLI',1020),(1790,'Luxembourg','WLX',1020),(1791,'Namur','WNA',1020),(1792,'Oost-Vlaanderen','VOV',1020),(1793,'Vlaams-Brabant','VBR',1020),(1794,'West-Vlaanderen','VWV',1020),(1795,'Bale','BAL',1034),(1796,'Bam','BAM',1034),(1797,'Banwa','BAN',1034),(1798,'Bazega','BAZ',1034),(1799,'Bougouriba','BGR',1034),(1800,'Boulgou','BLG',1034),(1801,'Boulkiemde','BLK',1034),(1802,'Comoe','COM',1034),(1803,'Ganzourgou','GAN',1034),(1804,'Gnagna','GNA',1034),(1805,'Gourma','GOU',1034),(1806,'Houet','HOU',1034),(1807,'Ioba','IOB',1034),(1808,'Kadiogo','KAD',1034),(1809,'Kenedougou','KEN',1034),(1810,'Komondjari','KMD',1034),(1811,'Kompienga','KMP',1034),(1812,'Kossi','KOS',1034),(1813,'Koulpulogo','KOP',1034),(1814,'Kouritenga','KOT',1034),(1815,'Kourweogo','KOW',1034),(1816,'Leraba','LER',1034),(1817,'Loroum','LOR',1034),(1818,'Mouhoun','MOU',1034),(1819,'Nahouri','NAO',1034),(1820,'Namentenga','NAM',1034),(1821,'Nayala','NAY',1034),(1822,'Noumbiel','NOU',1034),(1823,'Oubritenga','OUB',1034),(1824,'Oudalan','OUD',1034),(1825,'Passore','PAS',1034),(1826,'Poni','PON',1034),(1827,'Sanguie','SNG',1034),(1828,'Sanmatenga','SMT',1034),(1829,'Seno','SEN',1034),(1830,'Siasili','SIS',1034),(1831,'Soum','SOM',1034),(1832,'Sourou','SOR',1034),(1833,'Tapoa','TAP',1034),(1834,'Tui','TUI',1034),(1835,'Yagha','YAG',1034),(1836,'Yatenga','YAT',1034),(1837,'Ziro','ZIR',1034),(1838,'Zondoma','ZON',1034),(1839,'Zoundweogo','ZOU',1034),(1840,'Blagoevgrad','01',1033),(1841,'Burgas','02',1033),(1842,'Dobric','08',1033),(1843,'Gabrovo','07',1033),(1844,'Haskovo','26',1033),(1845,'Jambol','28',1033),(1846,'Kardzali','09',1033),(1847,'Kjstendil','10',1033),(1848,'Lovec','11',1033),(1849,'Montana','12',1033),(1850,'Pazardzik','13',1033),(1851,'Pernik','14',1033),(1852,'Pleven','15',1033),(1853,'Plovdiv','16',1033),(1854,'Razgrad','17',1033),(1855,'Ruse','18',1033),(1856,'Silistra','19',1033),(1857,'Sliven','20',1033),(1858,'Smoljan','21',1033),(1859,'Sofia','23',1033),(1860,'Stara Zagora','24',1033),(1861,'Sumen','27',1033),(1862,'Targoviste','25',1033),(1863,'Varna','03',1033),(1864,'Veliko Tarnovo','04',1033),(1865,'Vidin','05',1033),(1866,'Vraca','06',1033),(1867,'Al Hadd','01',1016),(1868,'Al Manamah','03',1016),(1869,'Al Mintaqah al Gharbiyah','10',1016),(1870,'Al Mintagah al Wusta','07',1016),(1871,'Al Mintaqah ash Shamaliyah','05',1016),(1872,'Al Muharraq','02',1016),(1873,'Ar Rifa','09',1016),(1874,'Jidd Hafs','04',1016),(1875,'Madluat Jamad','12',1016),(1876,'Madluat Isa','08',1016),(1877,'Mintaqat Juzur tawar','11',1016),(1878,'Sitrah','06',1016),(1879,'Bubanza','BB',1036),(1880,'Bujumbura','BJ',1036),(1881,'Bururi','BR',1036),(1882,'Cankuzo','CA',1036),(1883,'Cibitoke','CI',1036),(1884,'Gitega','GI',1036),(1885,'Karuzi','KR',1036),(1886,'Kayanza','KY',1036),(1887,'Makamba','MA',1036),(1888,'Muramvya','MU',1036),(1889,'Mwaro','MW',1036),(1890,'Ngozi','NG',1036),(1891,'Rutana','RT',1036),(1892,'Ruyigi','RY',1036),(1893,'Alibori','AL',1022),(1894,'Atakora','AK',1022),(1895,'Atlantique','AQ',1022),(1896,'Borgou','BO',1022),(1897,'Collines','CO',1022),(1898,'Donga','DO',1022),(1899,'Kouffo','KO',1022),(1900,'Littoral','LI',1022),(1901,'Mono','MO',1022),(1902,'Oueme','OU',1022),(1903,'Plateau','PL',1022),(1904,'Zou','ZO',1022),(1905,'Belait','BE',1032),(1906,'Brunei-Muara','BM',1032),(1907,'Temburong','TE',1032),(1908,'Tutong','TU',1032),(1909,'Cochabamba','C',1025),(1910,'Chuquisaca','H',1025),(1911,'El Beni','B',1025),(1912,'La Paz','L',1025),(1913,'Oruro','O',1025),(1914,'Pando','N',1025),(1915,'Potosi','P',1025),(1916,'Tarija','T',1025),(1917,'Acre','AC',1029),(1918,'Alagoas','AL',1029),(1919,'Amazonas','AM',1029),(1920,'Amapa','AP',1029),(1921,'Bahia','BA',1029),(1922,'Ceara','CE',1029),(1923,'Distrito Federal','DF',1029),(1924,'Espirito Santo','ES',1029),(1925,'Fernando de Noronha','FN',1029),(1926,'Goias','GO',1029),(1927,'Maranhao','MA',1029),(1928,'Minas Gerais','MG',1029),(1929,'Mato Grosso do Sul','MS',1029),(1930,'Mato Grosso','MT',1029),(1931,'Para','PA',1029),(1932,'Paraiba','PB',1029),(1933,'Pernambuco','PE',1029),(1934,'Piaui','PI',1029),(1935,'Parana','PR',1029),(1936,'Rio de Janeiro','RJ',1029),(1937,'Rio Grande do Norte','RN',1029),(1938,'Rondonia','RO',1029),(1939,'Roraima','RR',1029),(1940,'Rio Grande do Sul','RS',1029),(1941,'Santa Catarina','SC',1029),(1942,'Sergipe','SE',1029),(1943,'Sao Paulo','SP',1029),(1944,'Tocantins','TO',1029),(1945,'Acklins and Crooked Islands','AC',1212),(1946,'Bimini','BI',1212),(1947,'Cat Island','CI',1212),(1948,'Exuma','EX',1212),(1955,'Inagua','IN',1212),(1957,'Long Island','LI',1212),(1959,'Mayaguana','MG',1212),(1960,'New Providence','NP',1212),(1962,'Ragged Island','RI',1212),(1966,'Bumthang','33',1024),(1967,'Chhukha','12',1024),(1968,'Dagana','22',1024),(1969,'Gasa','GA',1024),(1970,'Ha','13',1024),(1971,'Lhuentse','44',1024),(1972,'Monggar','42',1024),(1973,'Paro','11',1024),(1974,'Pemagatshel','43',1024),(1975,'Punakha','23',1024),(1976,'Samdrup Jongkha','45',1024),(1977,'Samtee','14',1024),(1978,'Sarpang','31',1024),(1979,'Thimphu','15',1024),(1980,'Trashigang','41',1024),(1981,'Trashi Yangtse','TY',1024),(1982,'Trongsa','32',1024),(1983,'Tsirang','21',1024),(1984,'Wangdue Phodrang','24',1024),(1985,'Zhemgang','34',1024),(1986,'Central','CE',1027),(1987,'Ghanzi','GH',1027),(1988,'Kgalagadi','KG',1027),(1989,'Kgatleng','KL',1027),(1990,'Kweneng','KW',1027),(1991,'Ngamiland','NG',1027),(1992,'North-East','NE',1027),(1993,'North-West','NW',1027),(1994,'South-East','SE',1027),(1995,'Southern','SO',1027),(1996,'Brsckaja voblasc\'','BR',1019),(1997,'Homel\'skaja voblasc\'','HO',1019),(1998,'Hrodzenskaja voblasc\'','HR',1019),(1999,'Mahiluskaja voblasc\'','MA',1019),(2000,'Minskaja voblasc\'','MI',1019),(2001,'Vicebskaja voblasc\'','VI',1019),(2002,'Belize','BZ',1021),(2003,'Cayo','CY',1021),(2004,'Corozal','CZL',1021),(2005,'Orange Walk','OW',1021),(2006,'Stann Creek','SC',1021),(2007,'Toledo','TOL',1021),(2008,'Kinshasa','KN',1050),(2011,'Equateur','EQ',1050),(2014,'Kasai-Oriental','KE',1050),(2016,'Maniema','MA',1050),(2017,'Nord-Kivu','NK',1050),(2019,'Sud-Kivu','SK',1050),(2020,'Bangui','BGF',1042),(2021,'Bamingui-Bangoran','BB',1042),(2022,'Basse-Kotto','BK',1042),(2023,'Haute-Kotto','HK',1042),(2024,'Haut-Mbomou','HM',1042),(2025,'Kemo','KG',1042),(2026,'Lobaye','LB',1042),(2027,'Mambere-Kadei','HS',1042),(2028,'Mbomou','MB',1042),(2029,'Nana-Grebizi','KB',1042),(2030,'Nana-Mambere','NM',1042),(2031,'Ombella-Mpoko','MP',1042),(2032,'Ouaka','UK',1042),(2033,'Ouham','AC',1042),(2034,'Ouham-Pende','OP',1042),(2035,'Sangha-Mbaere','SE',1042),(2036,'Vakaga','VR',1042),(2037,'Brazzaville','BZV',1051),(2038,'Bouenza','11',1051),(2039,'Cuvette','8',1051),(2040,'Cuvette-Ouest','15',1051),(2041,'Kouilou','5',1051),(2042,'Lekoumou','2',1051),(2043,'Likouala','7',1051),(2044,'Niari','9',1051),(2045,'Plateaux','14',1051),(2046,'Pool','12',1051),(2047,'Sangha','13',1051),(2048,'Aargau','AG',1205),(2049,'Appenzell Innerrhoden','AI',1205),(2050,'Appenzell Ausserrhoden','AR',1205),(2051,'Bern','BE',1205),(2052,'Basel-Landschaft','BL',1205),(2053,'Basel-Stadt','BS',1205),(2054,'Fribourg','FR',1205),(2055,'Geneva','GE',1205),(2056,'Glarus','GL',1205),(2057,'Graubunden','GR',1205),(2058,'Jura','JU',1205),(2059,'Luzern','LU',1205),(2060,'Neuchatel','NE',1205),(2061,'Nidwalden','NW',1205),(2062,'Obwalden','OW',1205),(2063,'Sankt Gallen','SG',1205),(2064,'Schaffhausen','SH',1205),(2065,'Solothurn','SO',1205),(2066,'Schwyz','SZ',1205),(2067,'Thurgau','TG',1205),(2068,'Ticino','TI',1205),(2069,'Uri','UR',1205),(2070,'Vaud','VD',1205),(2071,'Valais','VS',1205),(2072,'Zug','ZG',1205),(2073,'Zurich','ZH',1205),(2074,'18 Montagnes','06',1054),(2075,'Agnebi','16',1054),(2076,'Bas-Sassandra','09',1054),(2077,'Denguele','10',1054),(2078,'Haut-Sassandra','02',1054),(2079,'Lacs','07',1054),(2080,'Lagunes','01',1054),(2081,'Marahoue','12',1054),(2082,'Moyen-Comoe','05',1054),(2083,'Nzi-Comoe','11',1054),(2084,'Savanes','03',1054),(2085,'Sud-Bandama','15',1054),(2086,'Sud-Comoe','13',1054),(2087,'Vallee du Bandama','04',1054),(2088,'Worodouqou','14',1054),(2089,'Zanzan','08',1054),(2090,'Aisen del General Carlos Ibanez del Campo','AI',1044),(2091,'Antofagasta','AN',1044),(2092,'Araucania','AR',1044),(2093,'Atacama','AT',1044),(2094,'Bio-Bio','BI',1044),(2095,'Coquimbo','CO',1044),(2096,'Libertador General Bernardo O\'Higgins','LI',1044),(2097,'Los Lagos','LL',1044),(2098,'Magallanes','MA',1044),(2099,'Maule','ML',1044),(2100,'Region Metropolitana de Santiago','RM',1044),(2101,'Tarapaca','TA',1044),(2102,'Valparaiso','VS',1044),(2103,'Adamaoua','AD',1038),(2104,'Centre','CE',1038),(2105,'East','ES',1038),(2106,'Far North','EN',1038),(2107,'North','NO',1038),(2108,'South','SW',1038),(2109,'South-West','SW',1038),(2110,'West','OU',1038),(2111,'Beijing','11',1045),(2112,'Chongqing','50',1045),(2113,'Shanghai','31',1045),(2114,'Tianjin','12',1045),(2115,'Anhui','34',1045),(2116,'Fujian','35',1045),(2117,'Gansu','62',1045),(2118,'Guangdong','44',1045),(2119,'Guizhou','52',1045),(2120,'Hainan','46',1045),(2121,'Hebei','13',1045),(2122,'Heilongjiang','23',1045),(2123,'Henan','41',1045),(2124,'Hubei','42',1045),(2125,'Hunan','43',1045),(2126,'Jiangsu','32',1045),(2127,'Jiangxi','36',1045),(2128,'Jilin','22',1045),(2129,'Liaoning','21',1045),(2130,'Qinghai','63',1045),(2131,'Shaanxi','61',1045),(2132,'Shandong','37',1045),(2133,'Shanxi','14',1045),(2134,'Sichuan','51',1045),(2135,'Taiwan','71',1045),(2136,'Yunnan','53',1045),(2137,'Zhejiang','33',1045),(2138,'Guangxi','45',1045),(2139,'Neia Mongol (mn)','15',1045),(2140,'Xinjiang','65',1045),(2141,'Xizang','54',1045),(2142,'Hong Kong','91',1045),(2143,'Macau','92',1045),(2144,'Distrito Capital de Bogot','DC',1048),(2145,'Amazonea','AMA',1048),(2146,'Antioquia','ANT',1048),(2147,'Arauca','ARA',1048),(2148,'Atlntico','ATL',1048),(2149,'Bolvar','BOL',1048),(2150,'Boyac','BOY',1048),(2151,'Caldea','CAL',1048),(2152,'Caquet','CAQ',1048),(2153,'Casanare','CAS',1048),(2154,'Cauca','CAU',1048),(2155,'Cesar','CES',1048),(2156,'Crdoba','COR',1048),(2157,'Cundinamarca','CUN',1048),(2158,'Choc','CHO',1048),(2159,'Guaina','GUA',1048),(2160,'Guaviare','GUV',1048),(2161,'La Guajira','LAG',1048),(2162,'Magdalena','MAG',1048),(2163,'Meta','MET',1048),(2164,'Nario','NAR',1048),(2165,'Norte de Santander','NSA',1048),(2166,'Putumayo','PUT',1048),(2167,'Quindio','QUI',1048),(2168,'Risaralda','RIS',1048),(2169,'San Andrs, Providencia y Santa Catalina','SAP',1048),(2170,'Santander','SAN',1048),(2171,'Sucre','SUC',1048),(2172,'Tolima','TOL',1048),(2173,'Valle del Cauca','VAC',1048),(2174,'Vaups','VAU',1048),(2175,'Vichada','VID',1048),(2176,'Alajuela','A',1053),(2177,'Cartago','C',1053),(2178,'Guanacaste','G',1053),(2179,'Heredia','H',1053),(2180,'Limon','L',1053),(2181,'Puntarenas','P',1053),(2182,'San Jose','SJ',1053),(2183,'Camagey','09',1056),(2184,'Ciego de `vila','08',1056),(2185,'Cienfuegos','06',1056),(2186,'Ciudad de La Habana','03',1056),(2187,'Granma','12',1056),(2188,'Guantanamo','14',1056),(2189,'Holquin','11',1056),(2190,'La Habana','02',1056),(2191,'Las Tunas','10',1056),(2192,'Matanzas','04',1056),(2193,'Pinar del Rio','01',1056),(2194,'Sancti Spiritus','07',1056),(2195,'Santiago de Cuba','13',1056),(2196,'Villa Clara','05',1056),(2197,'Isla de la Juventud','99',1056),(2198,'Pinar del Roo','PR',1056),(2199,'Ciego de Avila','CA',1056),(2200,'Camagoey','CG',1056),(2201,'Holgun','HO',1056),(2202,'Sancti Spritus','SS',1056),(2203,'Municipio Especial Isla de la Juventud','IJ',1056),(2204,'Boa Vista','BV',1040),(2205,'Brava','BR',1040),(2206,'Calheta de Sao Miguel','CS',1040),(2207,'Fogo','FO',1040),(2208,'Maio','MA',1040),(2209,'Mosteiros','MO',1040),(2210,'Paul','PA',1040),(2211,'Porto Novo','PN',1040),(2212,'Praia','PR',1040),(2213,'Ribeira Grande','RG',1040),(2214,'Sal','SL',1040),(2215,'Sao Domingos','SD',1040),(2216,'Sao Filipe','SF',1040),(2217,'Sao Nicolau','SN',1040),(2218,'Sao Vicente','SV',1040),(2219,'Tarrafal','TA',1040),(2220,'Ammochostos Magusa','04',1057),(2221,'Keryneia','06',1057),(2222,'Larnaka','03',1057),(2223,'Lefkosia','01',1057),(2224,'Lemesos','02',1057),(2225,'Pafos','05',1057),(2226,'Jihoesk kraj','JC',1058),(2227,'Jihomoravsk kraj','JM',1058),(2228,'Karlovarsk kraj','KA',1058),(2229,'Krlovhradeck kraj','KR',1058),(2230,'Libereck kraj','LI',1058),(2231,'Moravskoslezsk kraj','MO',1058),(2232,'Olomouck kraj','OL',1058),(2233,'Pardubick kraj','PA',1058),(2234,'Plzesk kraj','PL',1058),(2235,'Praha, hlavn msto','PR',1058),(2236,'Stedoesk kraj','ST',1058),(2237,'steck kraj','US',1058),(2238,'Vysoina','VY',1058),(2239,'Zlnsk kraj','ZL',1058),(2240,'Baden-Wuerttemberg','BW',1082),(2241,'Bayern','BY',1082),(2242,'Bremen','HB',1082),(2243,'Hamburg','HH',1082),(2244,'Hessen','HE',1082),(2245,'Niedersachsen','NI',1082),(2246,'Nordrhein-Westfalen','NW',1082),(2247,'Rheinland-Pfalz','RP',1082),(2248,'Saarland','SL',1082),(2249,'Schleswig-Holstein','SH',1082),(2250,'Berlin','BR',1082),(2251,'Brandenburg','BB',1082),(2252,'Mecklenburg-Vorpommern','MV',1082),(2253,'Sachsen','SN',1082),(2254,'Sachsen-Anhalt','ST',1082),(2255,'Thueringen','TH',1082),(2256,'Ali Sabiah','AS',1060),(2257,'Dikhil','DI',1060),(2258,'Djibouti','DJ',1060),(2259,'Obock','OB',1060),(2260,'Tadjoura','TA',1060),(2261,'Frederiksberg','147',1059),(2262,'Copenhagen City','101',1059),(2263,'Copenhagen','015',1059),(2264,'Frederiksborg','020',1059),(2265,'Roskilde','025',1059),(2266,'Vestsjlland','030',1059),(2267,'Storstrm','035',1059),(2268,'Bornholm','040',1059),(2269,'Fyn','042',1059),(2270,'South Jutland','050',1059),(2271,'Ribe','055',1059),(2272,'Vejle','060',1059),(2273,'Ringkjbing','065',1059),(2274,'rhus','070',1059),(2275,'Viborg','076',1059),(2276,'North Jutland','080',1059),(2277,'Distrito Nacional (Santo Domingo)','01',1062),(2278,'Azua','02',1062),(2279,'Bahoruco','03',1062),(2280,'Barahona','04',1062),(2281,'Dajabn','05',1062),(2282,'Duarte','06',1062),(2283,'El Seybo [El Seibo]','08',1062),(2284,'Espaillat','09',1062),(2285,'Hato Mayor','30',1062),(2286,'Independencia','10',1062),(2287,'La Altagracia','11',1062),(2288,'La Estrelleta [Elias Pina]','07',1062),(2289,'La Romana','12',1062),(2290,'La Vega','13',1062),(2291,'Maroia Trinidad Snchez','14',1062),(2292,'Monseor Nouel','28',1062),(2293,'Monte Cristi','15',1062),(2294,'Monte Plata','29',1062),(2295,'Pedernales','16',1062),(2296,'Peravia','17',1062),(2297,'Puerto Plata','18',1062),(2298,'Salcedo','19',1062),(2299,'Saman','20',1062),(2300,'San Cristbal','21',1062),(2301,'San Pedro de Macors','23',1062),(2302,'Snchez Ramrez','24',1062),(2303,'Santiago','25',1062),(2304,'Santiago Rodrguez','26',1062),(2305,'Valverde','27',1062),(2306,'Adrar','01',1003),(2307,'Ain Defla','44',1003),(2308,'Ain Tmouchent','46',1003),(2309,'Alger','16',1003),(2310,'Annaba','23',1003),(2311,'Batna','05',1003),(2312,'Bechar','08',1003),(2313,'Bejaia','06',1003),(2314,'Biskra','07',1003),(2315,'Blida','09',1003),(2316,'Bordj Bou Arreridj','34',1003),(2317,'Bouira','10',1003),(2318,'Boumerdes','35',1003),(2319,'Chlef','02',1003),(2320,'Constantine','25',1003),(2321,'Djelfa','17',1003),(2322,'El Bayadh','32',1003),(2323,'El Oued','39',1003),(2324,'El Tarf','36',1003),(2325,'Ghardaia','47',1003),(2326,'Guelma','24',1003),(2327,'Illizi','33',1003),(2328,'Jijel','18',1003),(2329,'Khenchela','40',1003),(2330,'Laghouat','03',1003),(2331,'Mascara','29',1003),(2332,'Medea','26',1003),(2333,'Mila','43',1003),(2334,'Mostaganem','27',1003),(2335,'Msila','28',1003),(2336,'Naama','45',1003),(2337,'Oran','31',1003),(2338,'Ouargla','30',1003),(2339,'Oum el Bouaghi','04',1003),(2340,'Relizane','48',1003),(2341,'Saida','20',1003),(2342,'Setif','19',1003),(2343,'Sidi Bel Abbes','22',1003),(2344,'Skikda','21',1003),(2345,'Souk Ahras','41',1003),(2346,'Tamanghasset','11',1003),(2347,'Tebessa','12',1003),(2348,'Tiaret','14',1003),(2349,'Tindouf','37',1003),(2350,'Tipaza','42',1003),(2351,'Tissemsilt','38',1003),(2352,'Tizi Ouzou','15',1003),(2353,'Tlemcen','13',1003),(2354,'Azuay','A',1064),(2355,'Bolivar','B',1064),(2356,'Canar','F',1064),(2357,'Carchi','C',1064),(2358,'Cotopaxi','X',1064),(2359,'Chimborazo','H',1064),(2360,'El Oro','O',1064),(2361,'Esmeraldas','E',1064),(2362,'Galapagos','W',1064),(2363,'Guayas','G',1064),(2364,'Imbabura','I',1064),(2365,'Loja','L',1064),(2366,'Los Rios','R',1064),(2367,'Manabi','M',1064),(2368,'Morona-Santiago','S',1064),(2369,'Napo','N',1064),(2370,'Orellana','D',1064),(2371,'Pastaza','Y',1064),(2372,'Pichincha','P',1064),(2373,'Sucumbios','U',1064),(2374,'Tungurahua','T',1064),(2375,'Zamora-Chinchipe','Z',1064),(2376,'Harjumsa','37',1069),(2377,'Hitumea','39',1069),(2378,'Ida-Virumsa','44',1069),(2379,'Jogevamsa','49',1069),(2380,'Jarvamsa','51',1069),(2381,'Lasnemsa','57',1069),(2382,'Laane-Virumaa','59',1069),(2383,'Polvamea','65',1069),(2384,'Parnumsa','67',1069),(2385,'Raplamsa','70',1069),(2386,'Saaremsa','74',1069),(2387,'Tartumsa','7B',1069),(2388,'Valgamaa','82',1069),(2389,'Viljandimsa','84',1069),(2390,'Vorumaa','86',1069),(2391,'Ad Daqahllyah','DK',1065),(2392,'Al Bahr al Ahmar','BA',1065),(2393,'Al Buhayrah','BH',1065),(2394,'Al Fayym','FYM',1065),(2395,'Al Gharbiyah','GH',1065),(2396,'Al Iskandarlyah','ALX',1065),(2397,'Al Isma illyah','IS',1065),(2398,'Al Jizah','GZ',1065),(2399,'Al Minuflyah','MNF',1065),(2400,'Al Minya','MN',1065),(2401,'Al Qahirah','C',1065),(2402,'Al Qalyublyah','KB',1065),(2403,'Al Wadi al Jadid','WAD',1065),(2404,'Ash Sharqiyah','SHR',1065),(2405,'As Suways','SUZ',1065),(2406,'Aswan','ASN',1065),(2407,'Asyut','AST',1065),(2408,'Bani Suwayf','BNS',1065),(2409,'Bur Sa\'id','PTS',1065),(2410,'Dumyat','DT',1065),(2411,'Janub Sina\'','JS',1065),(2412,'Kafr ash Shaykh','KFS',1065),(2413,'Matruh','MT',1065),(2414,'Qina','KN',1065),(2415,'Shamal Sina\'','SIN',1065),(2416,'Suhaj','SHG',1065),(2417,'Anseba','AN',1068),(2418,'Debub','DU',1068),(2419,'Debubawi Keyih Bahri [Debub-Keih-Bahri]','DK',1068),(2420,'Gash-Barka','GB',1068),(2421,'Maakel [Maekel]','MA',1068),(2422,'Semenawi Keyih Bahri [Semien-Keih-Bahri]','SK',1068),(2423,'lava','VI',1198),(2424,'Albacete','AB',1198),(2425,'Alicante','A',1198),(2426,'Almera','AL',1198),(2427,'Asturias','O',1198),(2428,'vila','AV',1198),(2429,'Badajoz','BA',1198),(2430,'Baleares','PM',1198),(2431,'Barcelona','B',1198),(2432,'Burgos','BU',1198),(2433,'Cceres','CC',1198),(2434,'Cdiz','CA',1198),(2435,'Cantabria','S',1198),(2436,'Castelln','CS',1198),(2437,'Ciudad Real','CR',1198),(2438,'Cuenca','CU',1198),(2439,'Girona [Gerona]','GE',1198),(2440,'Granada','GR',1198),(2441,'Guadalajara','GU',1198),(2442,'Guipzcoa','SS',1198),(2443,'Huelva','H',1198),(2444,'Huesca','HU',1198),(2445,'Jan','J',1198),(2446,'La Corua','C',1198),(2447,'La Rioja','LO',1198),(2448,'Las Palmas','GC',1198),(2449,'Len','LE',1198),(2450,'Lleida [Lrida]','L',1198),(2451,'Lugo','LU',1198),(2452,'Madrid','M',1198),(2453,'Mlaga','MA',1198),(2454,'Murcia','MU',1198),(2455,'Navarra','NA',1198),(2456,'Ourense','OR',1198),(2457,'Palencia','P',1198),(2458,'Pontevedra','PO',1198),(2459,'Salamanca','SA',1198),(2460,'Santa Cruz de Tenerife','TF',1198),(2461,'Segovia','SG',1198),(2462,'Sevilla','SE',1198),(2463,'Soria','SO',1198),(2464,'Tarragona','T',1198),(2465,'Teruel','TE',1198),(2466,'Valencia','V',1198),(2467,'Valladolid','VA',1198),(2468,'Vizcaya','BI',1198),(2469,'Zamora','ZA',1198),(2470,'Zaragoza','Z',1198),(2471,'Ceuta','CE',1198),(2472,'Melilla','ML',1198),(2473,'Addis Ababa','AA',1070),(2474,'Dire Dawa','DD',1070),(2475,'Afar','AF',1070),(2476,'Amara','AM',1070),(2477,'Benshangul-Gumaz','BE',1070),(2478,'Gambela Peoples','GA',1070),(2479,'Harari People','HA',1070),(2480,'Oromia','OR',1070),(2481,'Somali','SO',1070),(2482,'Southern Nations, Nationalities and Peoples','SN',1070),(2483,'Tigrai','TI',1070),(2490,'Eastern','E',1074),(2491,'Northern','N',1074),(2492,'Western','W',1074),(2493,'Rotuma','R',1074),(2494,'Chuuk','TRK',1141),(2495,'Kosrae','KSA',1141),(2496,'Pohnpei','PNI',1141),(2497,'Yap','YAP',1141),(2498,'Ain','01',1076),(2499,'Aisne','02',1076),(2500,'Allier','03',1076),(2501,'Alpes-de-Haute-Provence','04',1076),(2502,'Alpes-Maritimes','06',1076),(2503,'Ardche','07',1076),(2504,'Ardennes','08',1076),(2505,'Arige','09',1076),(2506,'Aube','10',1076),(2507,'Aude','11',1076),(2508,'Aveyron','12',1076),(2509,'Bas-Rhin','67',1076),(2510,'Bouches-du-Rhne','13',1076),(2511,'Calvados','14',1076),(2512,'Cantal','15',1076),(2513,'Charente','16',1076),(2514,'Charente-Maritime','17',1076),(2515,'Cher','18',1076),(2516,'Corrze','19',1076),(2517,'Corse-du-Sud','20A',1076),(2518,'Cte-d\'Or','21',1076),(2519,'Ctes-d\'Armor','22',1076),(2520,'Creuse','23',1076),(2521,'Deux-Svres','79',1076),(2522,'Dordogne','24',1076),(2523,'Doubs','25',1076),(2524,'Drme','26',1076),(2525,'Essonne','91',1076),(2526,'Eure','27',1076),(2527,'Eure-et-Loir','28',1076),(2528,'Finistre','29',1076),(2529,'Gard','30',1076),(2530,'Gers','32',1076),(2531,'Gironde','33',1076),(2532,'Haut-Rhin','68',1076),(2533,'Haute-Corse','20B',1076),(2534,'Haute-Garonne','31',1076),(2535,'Haute-Loire','43',1076),(2536,'Haute-Sane','70',1076),(2537,'Haute-Savoie','74',1076),(2538,'Haute-Vienne','87',1076),(2539,'Hautes-Alpes','05',1076),(2540,'Hautes-Pyrnes','65',1076),(2541,'Hauts-de-Seine','92',1076),(2542,'Hrault','34',1076),(2543,'Indre','36',1076),(2544,'Ille-et-Vilaine','35',1076),(2545,'Indre-et-Loire','37',1076),(2546,'Isre','38',1076),(2547,'Landes','40',1076),(2548,'Loir-et-Cher','41',1076),(2549,'Loire','42',1076),(2550,'Loire-Atlantique','44',1076),(2551,'Loiret','45',1076),(2552,'Lot','46',1076),(2553,'Lot-et-Garonne','47',1076),(2554,'Lozre','48',1076),(2555,'Maine-et-Loire','49',1076),(2556,'Manche','50',1076),(2557,'Marne','51',1076),(2558,'Mayenne','53',1076),(2559,'Meurthe-et-Moselle','54',1076),(2560,'Meuse','55',1076),(2561,'Morbihan','56',1076),(2562,'Moselle','57',1076),(2563,'Nivre','58',1076),(2564,'Nord','59',1076),(2565,'Oise','60',1076),(2566,'Orne','61',1076),(2567,'Paris','75',1076),(2568,'Pas-de-Calais','62',1076),(2569,'Puy-de-Dme','63',1076),(2570,'Pyrnes-Atlantiques','64',1076),(2571,'Pyrnes-Orientales','66',1076),(2572,'Rhne','69',1076),(2573,'Sane-et-Loire','71',1076),(2574,'Sarthe','72',1076),(2575,'Savoie','73',1076),(2576,'Seine-et-Marne','77',1076),(2577,'Seine-Maritime','76',1076),(2578,'Seine-Saint-Denis','93',1076),(2579,'Somme','80',1076),(2580,'Tarn','81',1076),(2581,'Tarn-et-Garonne','82',1076),(2582,'Val d\'Oise','95',1076),(2583,'Territoire de Belfort','90',1076),(2584,'Val-de-Marne','94',1076),(2585,'Var','83',1076),(2586,'Vaucluse','84',1076),(2587,'Vende','85',1076),(2588,'Vienne','86',1076),(2589,'Vosges','88',1076),(2590,'Yonne','89',1076),(2591,'Yvelines','78',1076),(2592,'Aberdeen City','ABE',1226),(2593,'Aberdeenshire','ABD',1226),(2594,'Angus','ANS',1226),(2595,'Co Antrim','ANT',1226),(2597,'Argyll and Bute','AGB',1226),(2598,'Co Armagh','ARM',1226),(2606,'Bedfordshire','BDF',1226),(2612,'Gwent','BGW',1226),(2620,'Bristol, City of','BST',1226),(2622,'Buckinghamshire','BKM',1226),(2626,'Cambridgeshire','CAM',1226),(2634,'Cheshire','CHS',1226),(2635,'Clackmannanshire','CLK',1226),(2639,'Cornwall','CON',1226),(2643,'Cumbria','CMA',1226),(2647,'Derbyshire','DBY',1226),(2648,'Co Londonderry','DRY',1226),(2649,'Devon','DEV',1226),(2651,'Dorset','DOR',1226),(2652,'Co Down','DOW',1226),(2654,'Dumfries and Galloway','DGY',1226),(2655,'Dundee City','DND',1226),(2657,'County Durham','DUR',1226),(2659,'East Ayrshire','EAY',1226),(2660,'East Dunbartonshire','EDU',1226),(2661,'East Lothian','ELN',1226),(2662,'East Renfrewshire','ERW',1226),(2663,'East Riding of Yorkshire','ERY',1226),(2664,'East Sussex','ESX',1226),(2665,'Edinburgh, City of','EDH',1226),(2666,'Na h-Eileanan Siar','ELS',1226),(2668,'Essex','ESS',1226),(2669,'Falkirk','FAL',1226),(2670,'Co Fermanagh','FER',1226),(2671,'Fife','FIF',1226),(2674,'Glasgow City','GLG',1226),(2675,'Gloucestershire','GLS',1226),(2678,'Gwynedd','GWN',1226),(2682,'Hampshire','HAM',1226),(2687,'Herefordshire','HEF',1226),(2688,'Hertfordshire','HRT',1226),(2689,'Highland','HED',1226),(2692,'Inverclyde','IVC',1226),(2694,'Isle of Wight','IOW',1226),(2699,'Kent','KEN',1226),(2705,'Lancashire','LAN',1226),(2709,'Leicestershire','LEC',1226),(2712,'Lincolnshire','LIN',1226),(2723,'Midlothian','MLN',1226),(2726,'Moray','MRY',1226),(2734,'Norfolk','NFK',1226),(2735,'North Ayrshire','NAY',1226),(2738,'North Lanarkshire','NLK',1226),(2742,'North Yorkshire','NYK',1226),(2743,'Northamptonshire','NTH',1226),(2744,'Northumberland','NBL',1226),(2746,'Nottinghamshire','NTT',1226),(2747,'Oldham','OLD',1226),(2748,'Omagh','OMH',1226),(2749,'Orkney Islands','ORR',1226),(2750,'Oxfordshire','OXF',1226),(2752,'Perth and Kinross','PKN',1226),(2757,'Powys','POW',1226),(2761,'Renfrewshire','RFW',1226),(2766,'Rutland','RUT',1226),(2770,'Scottish Borders','SCB',1226),(2773,'Shetland Islands','ZET',1226),(2774,'Shropshire','SHR',1226),(2777,'Somerset','SOM',1226),(2778,'South Ayrshire','SAY',1226),(2779,'South Gloucestershire','SGC',1226),(2780,'South Lanarkshire','SLK',1226),(2785,'Staffordshire','STS',1226),(2786,'Stirling','STG',1226),(2791,'Suffolk','SFK',1226),(2793,'Surrey','SRY',1226),(2804,'Mid Glamorgan','VGL',1226),(2811,'Warwickshire','WAR',1226),(2813,'West Dunbartonshire','WDU',1226),(2814,'West Lothian','WLN',1226),(2815,'West Sussex','WSX',1226),(2818,'Wiltshire','WIL',1226),(2823,'Worcestershire','WOR',1226),(2826,'Ashanti','AH',1083),(2827,'Brong-Ahafo','BA',1083),(2828,'Greater Accra','AA',1083),(2829,'Upper East','UE',1083),(2830,'Upper West','UW',1083),(2831,'Volta','TV',1083),(2832,'Banjul','B',1213),(2833,'Lower River','L',1213),(2834,'MacCarthy Island','M',1213),(2835,'North Bank','N',1213),(2836,'Upper River','U',1213),(2837,'Beyla','BE',1091),(2838,'Boffa','BF',1091),(2839,'Boke','BK',1091),(2840,'Coyah','CO',1091),(2841,'Dabola','DB',1091),(2842,'Dalaba','DL',1091),(2843,'Dinguiraye','DI',1091),(2844,'Dubreka','DU',1091),(2845,'Faranah','FA',1091),(2846,'Forecariah','FO',1091),(2847,'Fria','FR',1091),(2848,'Gaoual','GA',1091),(2849,'Guekedou','GU',1091),(2850,'Kankan','KA',1091),(2851,'Kerouane','KE',1091),(2852,'Kindia','KD',1091),(2853,'Kissidougou','KS',1091),(2854,'Koubia','KB',1091),(2855,'Koundara','KN',1091),(2856,'Kouroussa','KO',1091),(2857,'Labe','LA',1091),(2858,'Lelouma','LE',1091),(2859,'Lola','LO',1091),(2860,'Macenta','MC',1091),(2861,'Mali','ML',1091),(2862,'Mamou','MM',1091),(2863,'Mandiana','MD',1091),(2864,'Nzerekore','NZ',1091),(2865,'Pita','PI',1091),(2866,'Siguiri','SI',1091),(2867,'Telimele','TE',1091),(2868,'Tougue','TO',1091),(2869,'Yomou','YO',1091),(2870,'Region Continental','C',1067),(2871,'Region Insular','I',1067),(2872,'Annobon','AN',1067),(2873,'Bioko Norte','BN',1067),(2874,'Bioko Sur','BS',1067),(2875,'Centro Sur','CS',1067),(2876,'Kie-Ntem','KN',1067),(2877,'Litoral','LI',1067),(2878,'Wele-Nzas','WN',1067),(2879,'Achaa','13',1085),(2880,'Aitolia-Akarnania','01',1085),(2881,'Argolis','11',1085),(2882,'Arkadia','12',1085),(2883,'Arta','31',1085),(2884,'Attiki','A1',1085),(2885,'Chalkidiki','64',1085),(2886,'Chania','94',1085),(2887,'Chios','85',1085),(2888,'Dodekanisos','81',1085),(2889,'Drama','52',1085),(2890,'Evros','71',1085),(2891,'Evrytania','05',1085),(2892,'Evvoia','04',1085),(2893,'Florina','63',1085),(2894,'Fokis','07',1085),(2895,'Fthiotis','06',1085),(2896,'Grevena','51',1085),(2897,'Ileia','14',1085),(2898,'Imathia','53',1085),(2899,'Ioannina','33',1085),(2900,'Irakleion','91',1085),(2901,'Karditsa','41',1085),(2902,'Kastoria','56',1085),(2903,'Kavalla','55',1085),(2904,'Kefallinia','23',1085),(2905,'Kerkyra','22',1085),(2906,'Kilkis','57',1085),(2907,'Korinthia','15',1085),(2908,'Kozani','58',1085),(2909,'Kyklades','82',1085),(2910,'Lakonia','16',1085),(2911,'Larisa','42',1085),(2912,'Lasithion','92',1085),(2913,'Lefkas','24',1085),(2914,'Lesvos','83',1085),(2915,'Magnisia','43',1085),(2916,'Messinia','17',1085),(2917,'Pella','59',1085),(2918,'Preveza','34',1085),(2919,'Rethymnon','93',1085),(2920,'Rodopi','73',1085),(2921,'Samos','84',1085),(2922,'Serrai','62',1085),(2923,'Thesprotia','32',1085),(2924,'Thessaloniki','54',1085),(2925,'Trikala','44',1085),(2926,'Voiotia','03',1085),(2927,'Xanthi','72',1085),(2928,'Zakynthos','21',1085),(2929,'Agio Oros','69',1085),(2930,'Alta Verapaz','AV',1090),(2931,'Baja Verapaz','BV',1090),(2932,'Chimaltenango','CM',1090),(2933,'Chiquimula','CQ',1090),(2934,'El Progreso','PR',1090),(2935,'Escuintla','ES',1090),(2936,'Guatemala','GU',1090),(2937,'Huehuetenango','HU',1090),(2938,'Izabal','IZ',1090),(2939,'Jalapa','JA',1090),(2940,'Jutiapa','JU',1090),(2941,'Peten','PE',1090),(2942,'Quetzaltenango','QZ',1090),(2943,'Quiche','QC',1090),(2944,'Retalhuleu','RE',1090),(2945,'Sacatepequez','SA',1090),(2946,'San Marcos','SM',1090),(2947,'Santa Rosa','SR',1090),(2948,'Solol','SO',1090),(2949,'Suchitepequez','SU',1090),(2950,'Totonicapan','TO',1090),(2951,'Zacapa','ZA',1090),(2952,'Bissau','BS',1092),(2953,'Bafata','BA',1092),(2954,'Biombo','BM',1092),(2955,'Bolama','BL',1092),(2956,'Cacheu','CA',1092),(2957,'Gabu','GA',1092),(2958,'Oio','OI',1092),(2959,'Quloara','QU',1092),(2960,'Tombali S','TO',1092),(2961,'Barima-Waini','BA',1093),(2962,'Cuyuni-Mazaruni','CU',1093),(2963,'Demerara-Mahaica','DE',1093),(2964,'East Berbice-Corentyne','EB',1093),(2965,'Essequibo Islands-West Demerara','ES',1093),(2966,'Mahaica-Berbice','MA',1093),(2967,'Pomeroon-Supenaam','PM',1093),(2968,'Potaro-Siparuni','PT',1093),(2969,'Upper Demerara-Berbice','UD',1093),(2970,'Upper Takutu-Upper Essequibo','UT',1093),(2971,'Atlantida','AT',1097),(2972,'Colon','CL',1097),(2973,'Comayagua','CM',1097),(2974,'Copan','CP',1097),(2975,'Cortes','CR',1097),(2976,'Choluteca','CH',1097),(2977,'El Paraiso','EP',1097),(2978,'Francisco Morazan','FM',1097),(2979,'Gracias a Dios','GD',1097),(2980,'Intibuca','IN',1097),(2981,'Islas de la Bahia','IB',1097),(2982,'Lempira','LE',1097),(2983,'Ocotepeque','OC',1097),(2984,'Olancho','OL',1097),(2985,'Santa Barbara','SB',1097),(2986,'Valle','VA',1097),(2987,'Yoro','YO',1097),(2988,'Bjelovarsko-bilogorska zupanija','07',1055),(2989,'Brodsko-posavska zupanija','12',1055),(2990,'Dubrovacko-neretvanska zupanija','19',1055),(2991,'Istarska zupanija','18',1055),(2992,'Karlovacka zupanija','04',1055),(2993,'Koprivnickco-krizevacka zupanija','06',1055),(2994,'Krapinako-zagorska zupanija','02',1055),(2995,'Licko-senjska zupanija','09',1055),(2996,'Medimurska zupanija','20',1055),(2997,'Osjecko-baranjska zupanija','14',1055),(2998,'Pozesko-slavonska zupanija','11',1055),(2999,'Primorsko-goranska zupanija','08',1055),(3000,'Sisacko-moelavacka Iupanija','03',1055),(3001,'Splitako-dalmatinska zupanija','17',1055),(3002,'Sibenako-kninska zupanija','15',1055),(3003,'Varaidinska zupanija','05',1055),(3004,'VirovitiEko-podravska zupanija','10',1055),(3005,'VuRovarako-srijemska zupanija','16',1055),(3006,'Zadaraka','13',1055),(3007,'Zagrebacka zupanija','01',1055),(3008,'Grande-Anse','GA',1094),(3009,'Nord-Est','NE',1094),(3010,'Nord-Ouest','NO',1094),(3011,'Ouest','OU',1094),(3012,'Sud','SD',1094),(3013,'Sud-Est','SE',1094),(3014,'Budapest','BU',1099),(3015,'Bcs-Kiskun','BK',1099),(3016,'Baranya','BA',1099),(3017,'Bks','BE',1099),(3018,'Borsod-Abaj-Zempln','BZ',1099),(3019,'Csongrd','CS',1099),(3020,'Fejr','FE',1099),(3021,'Gyr-Moson-Sopron','GS',1099),(3022,'Hajdu-Bihar','HB',1099),(3023,'Heves','HE',1099),(3024,'Jsz-Nagykun-Szolnok','JN',1099),(3025,'Komrom-Esztergom','KE',1099),(3026,'Nogrd','NO',1099),(3027,'Pest','PE',1099),(3028,'Somogy','SO',1099),(3029,'Szabolcs-Szatmr-Bereg','SZ',1099),(3030,'Tolna','TO',1099),(3031,'Vas','VA',1099),(3032,'Veszprm','VE',1099),(3033,'Zala','ZA',1099),(3034,'Bkscsaba','BC',1099),(3035,'Debrecen','DE',1099),(3036,'Dunajvros','DU',1099),(3037,'Eger','EG',1099),(3038,'Gyr','GY',1099),(3039,'Hdmezvsrhely','HV',1099),(3040,'Kaposvr','KV',1099),(3041,'Kecskemt','KM',1099),(3042,'Miskolc','MI',1099),(3043,'Nagykanizsa','NK',1099),(3044,'Nyiregyhza','NY',1099),(3045,'Pcs','PS',1099),(3046,'Salgtarjn','ST',1099),(3047,'Sopron','SN',1099),(3048,'Szeged','SD',1099),(3049,'Szkesfehrvr','SF',1099),(3050,'Szekszrd','SS',1099),(3051,'Szolnok','SK',1099),(3052,'Szombathely','SH',1099),(3053,'Tatabnya','TB',1099),(3054,'Zalaegerszeg','ZE',1099),(3055,'Bali','BA',1102),(3056,'Bangka Belitung','BB',1102),(3057,'Banten','BT',1102),(3058,'Bengkulu','BE',1102),(3059,'Gorontalo','GO',1102),(3060,'Irian Jaya','IJ',1102),(3061,'Jambi','JA',1102),(3062,'Jawa Barat','JB',1102),(3063,'Jawa Tengah','JT',1102),(3064,'Jawa Timur','JI',1102),(3065,'Kalimantan Barat','KB',1102),(3066,'Kalimantan Timur','KT',1102),(3067,'Kalimantan Selatan','KS',1102),(3068,'Kepulauan Riau','KR',1102),(3069,'Lampung','LA',1102),(3070,'Maluku','MA',1102),(3071,'Maluku Utara','MU',1102),(3072,'Nusa Tenggara Barat','NB',1102),(3073,'Nusa Tenggara Timur','NT',1102),(3074,'Papua','PA',1102),(3075,'Riau','RI',1102),(3076,'Sulawesi Selatan','SN',1102),(3077,'Sulawesi Tengah','ST',1102),(3078,'Sulawesi Tenggara','SG',1102),(3079,'Sulawesi Utara','SA',1102),(3080,'Sumatra Barat','SB',1102),(3081,'Sumatra Selatan','SS',1102),(3082,'Sumatera Utara','SU',1102),(3083,'Jakarta Raya','JK',1102),(3084,'Aceh','AC',1102),(3085,'Yogyakarta','YO',1102),(3086,'Cork','C',1105),(3087,'Clare','CE',1105),(3088,'Cavan','CN',1105),(3089,'Carlow','CW',1105),(3090,'Dublin','D',1105),(3091,'Donegal','DL',1105),(3092,'Galway','G',1105),(3093,'Kildare','KE',1105),(3094,'Kilkenny','KK',1105),(3095,'Kerry','KY',1105),(3096,'Longford','LD',1105),(3097,'Louth','LH',1105),(3098,'Limerick','LK',1105),(3099,'Leitrim','LM',1105),(3100,'Laois','LS',1105),(3101,'Meath','MH',1105),(3102,'Monaghan','MN',1105),(3103,'Mayo','MO',1105),(3104,'Offaly','OY',1105),(3105,'Roscommon','RN',1105),(3106,'Sligo','SO',1105),(3107,'Tipperary','TA',1105),(3108,'Waterford','WD',1105),(3109,'Westmeath','WH',1105),(3110,'Wicklow','WW',1105),(3111,'Wexford','WX',1105),(3112,'HaDarom','D',1106),(3113,'HaMerkaz','M',1106),(3114,'HaZafon','Z',1106),(3115,'Haifa','HA',1106),(3116,'Tel-Aviv','TA',1106),(3117,'Jerusalem','JM',1106),(3118,'Al Anbar','AN',1104),(3119,'Al Ba,rah','BA',1104),(3120,'Al Muthanna','MU',1104),(3121,'Al Qadisiyah','QA',1104),(3122,'An Najef','NA',1104),(3123,'Arbil','AR',1104),(3124,'As Sulaymaniyah','SW',1104),(3125,'At Ta\'mim','TS',1104),(3126,'Babil','BB',1104),(3127,'Baghdad','BG',1104),(3128,'Dahuk','DA',1104),(3129,'Dhi Qar','DQ',1104),(3130,'Diyala','DI',1104),(3131,'Karbala\'','KA',1104),(3132,'Maysan','MA',1104),(3133,'Ninawa','NI',1104),(3134,'Salah ad Din','SD',1104),(3135,'Wasit','WA',1104),(3136,'Ardabil','03',1103),(3137,'Azarbayjan-e Gharbi','02',1103),(3138,'Azarbayjan-e Sharqi','01',1103),(3139,'Bushehr','06',1103),(3140,'Chahar Mahall va Bakhtiari','08',1103),(3141,'Esfahan','04',1103),(3142,'Fars','14',1103),(3143,'Gilan','19',1103),(3144,'Golestan','27',1103),(3145,'Hamadan','24',1103),(3146,'Hormozgan','23',1103),(3147,'Iiam','05',1103),(3148,'Kerman','15',1103),(3149,'Kermanshah','17',1103),(3150,'Khorasan','09',1103),(3151,'Khuzestan','10',1103),(3152,'Kohjiluyeh va Buyer Ahmad','18',1103),(3153,'Kordestan','16',1103),(3154,'Lorestan','20',1103),(3155,'Markazi','22',1103),(3156,'Mazandaran','21',1103),(3157,'Qazvin','28',1103),(3158,'Qom','26',1103),(3159,'Semnan','12',1103),(3160,'Sistan va Baluchestan','13',1103),(3161,'Tehran','07',1103),(3162,'Yazd','25',1103),(3163,'Zanjan','11',1103),(3164,'Austurland','7',1100),(3165,'Hofuoborgarsvaeoi utan Reykjavikur','1',1100),(3166,'Norourland eystra','6',1100),(3167,'Norourland vestra','5',1100),(3168,'Reykjavik','0',1100),(3169,'Suourland','8',1100),(3170,'Suournes','2',1100),(3171,'Vestfirolr','4',1100),(3172,'Vesturland','3',1100),(3173,'Agrigento','AG',1107),(3174,'Alessandria','AL',1107),(3175,'Ancona','AN',1107),(3176,'Aosta','AO',1107),(3177,'Arezzo','AR',1107),(3178,'Ascoli Piceno','AP',1107),(3179,'Asti','AT',1107),(3180,'Avellino','AV',1107),(3181,'Bari','BA',1107),(3182,'Belluno','BL',1107),(3183,'Benevento','BN',1107),(3184,'Bergamo','BG',1107),(3185,'Biella','BI',1107),(3186,'Bologna','BO',1107),(3187,'Bolzano','BZ',1107),(3188,'Brescia','BS',1107),(3189,'Brindisi','BR',1107),(3190,'Cagliari','CA',1107),(3191,'Caltanissetta','CL',1107),(3192,'Campobasso','CB',1107),(3193,'Caserta','CE',1107),(3194,'Catania','CT',1107),(3195,'Catanzaro','CZ',1107),(3196,'Chieti','CH',1107),(3197,'Como','CO',1107),(3198,'Cosenza','CS',1107),(3199,'Cremona','CR',1107),(3200,'Crotone','KR',1107),(3201,'Cuneo','CN',1107),(3202,'Enna','EN',1107),(3203,'Ferrara','FE',1107),(3204,'Firenze','FI',1107),(3205,'Foggia','FG',1107),(3206,'Forl-Cesena','FC',1107),(3207,'Frosinone','FR',1107),(3208,'Genova','GE',1107),(3209,'Gorizia','GO',1107),(3210,'Grosseto','GR',1107),(3211,'Imperia','IM',1107),(3212,'Isernia','IS',1107),(3213,'L\'Aquila','AQ',1107),(3214,'La Spezia','SP',1107),(3215,'Latina','LT',1107),(3216,'Lecce','LE',1107),(3217,'Lecco','LC',1107),(3218,'Livorno','LI',1107),(3219,'Lodi','LO',1107),(3220,'Lucca','LU',1107),(3221,'Macerata','MC',1107),(3222,'Mantova','MN',1107),(3223,'Massa-Carrara','MS',1107),(3224,'Matera','MT',1107),(3225,'Messina','ME',1107),(3226,'Milano','MI',1107),(3227,'Modena','MO',1107),(3228,'Napoli','NA',1107),(3229,'Novara','NO',1107),(3230,'Nuoro','NU',1107),(3231,'Oristano','OR',1107),(3232,'Padova','PD',1107),(3233,'Palermo','PA',1107),(3234,'Parma','PR',1107),(3235,'Pavia','PV',1107),(3236,'Perugia','PG',1107),(3237,'Pesaro e Urbino','PU',1107),(3238,'Pescara','PE',1107),(3239,'Piacenza','PC',1107),(3240,'Pisa','PI',1107),(3241,'Pistoia','PT',1107),(3242,'Pordenone','PN',1107),(3243,'Potenza','PZ',1107),(3244,'Prato','PO',1107),(3245,'Ragusa','RG',1107),(3246,'Ravenna','RA',1107),(3247,'Reggio Calabria','RC',1107),(3248,'Reggio Emilia','RE',1107),(3249,'Rieti','RI',1107),(3250,'Rimini','RN',1107),(3251,'Roma','RM',1107),(3252,'Rovigo','RO',1107),(3253,'Salerno','SA',1107),(3254,'Sassari','SS',1107),(3255,'Savona','SV',1107),(3256,'Siena','SI',1107),(3257,'Siracusa','SR',1107),(3258,'Sondrio','SO',1107),(3259,'Taranto','TA',1107),(3260,'Teramo','TE',1107),(3261,'Terni','TR',1107),(3262,'Torino','TO',1107),(3263,'Trapani','TP',1107),(3264,'Trento','TN',1107),(3265,'Treviso','TV',1107),(3266,'Trieste','TS',1107),(3267,'Udine','UD',1107),(3268,'Varese','VA',1107),(3269,'Venezia','VE',1107),(3270,'Verbano-Cusio-Ossola','VB',1107),(3271,'Vercelli','VC',1107),(3272,'Verona','VR',1107),(3273,'Vibo Valentia','VV',1107),(3274,'Vicenza','VI',1107),(3275,'Viterbo','VT',1107),(3276,'Aichi','23',1109),(3277,'Akita','05',1109),(3278,'Aomori','02',1109),(3279,'Chiba','12',1109),(3280,'Ehime','38',1109),(3281,'Fukui','18',1109),(3282,'Fukuoka','40',1109),(3283,'Fukusima','07',1109),(3284,'Gifu','21',1109),(3285,'Gunma','10',1109),(3286,'Hiroshima','34',1109),(3287,'Hokkaido','01',1109),(3288,'Hyogo','28',1109),(3289,'Ibaraki','08',1109),(3290,'Ishikawa','17',1109),(3291,'Iwate','03',1109),(3292,'Kagawa','37',1109),(3293,'Kagoshima','46',1109),(3294,'Kanagawa','14',1109),(3295,'Kochi','39',1109),(3296,'Kumamoto','43',1109),(3297,'Kyoto','26',1109),(3298,'Mie','24',1109),(3299,'Miyagi','04',1109),(3300,'Miyazaki','45',1109),(3301,'Nagano','20',1109),(3302,'Nagasaki','42',1109),(3303,'Nara','29',1109),(3304,'Niigata','15',1109),(3305,'Oita','44',1109),(3306,'Okayama','33',1109),(3307,'Okinawa','47',1109),(3308,'Osaka','27',1109),(3309,'Saga','41',1109),(3310,'Saitama','11',1109),(3311,'Shiga','25',1109),(3312,'Shimane','32',1109),(3313,'Shizuoka','22',1109),(3314,'Tochigi','09',1109),(3315,'Tokushima','36',1109),(3316,'Tokyo','13',1109),(3317,'Tottori','31',1109),(3318,'Toyama','16',1109),(3319,'Wakayama','30',1109),(3320,'Yamagata','06',1109),(3321,'Yamaguchi','35',1109),(3322,'Yamanashi','19',1109),(3323,'Clarendon','CN',1108),(3324,'Hanover','HR',1108),(3325,'Kingston','KN',1108),(3326,'Portland','PD',1108),(3327,'Saint Andrew','AW',1108),(3328,'Saint Ann','AN',1108),(3329,'Saint Catherine','CE',1108),(3330,'Saint Elizabeth','EH',1108),(3331,'Saint James','JS',1108),(3332,'Saint Mary','MY',1108),(3333,'Saint Thomas','TS',1108),(3334,'Trelawny','TY',1108),(3335,'Westmoreland','WD',1108),(3336,'Ajln','AJ',1110),(3337,'Al \'Aqaba','AQ',1110),(3338,'Al Balqa\'','BA',1110),(3339,'Al Karak','KA',1110),(3340,'Al Mafraq','MA',1110),(3341,'Amman','AM',1110),(3342,'At Tafilah','AT',1110),(3343,'Az Zarga','AZ',1110),(3344,'Irbid','JR',1110),(3345,'Jarash','JA',1110),(3346,'Ma\'an','MN',1110),(3347,'Madaba','MD',1110),(3348,'Nairobi Municipality','110',1112),(3349,'Coast','300',1112),(3350,'North-Eastern Kaskazini Mashariki','500',1112),(3351,'Rift Valley','700',1112),(3352,'Western Magharibi','900',1112),(3353,'Bishkek','GB',1117),(3354,'Batken','B',1117),(3355,'Chu','C',1117),(3356,'Jalal-Abad','J',1117),(3357,'Naryn','N',1117),(3358,'Osh','O',1117),(3359,'Talas','T',1117),(3360,'Ysyk-Kol','Y',1117),(3361,'Krong Kaeb','23',1037),(3362,'Krong Pailin','24',1037),(3363,'Xrong Preah Sihanouk','18',1037),(3364,'Phnom Penh','12',1037),(3365,'Baat Dambang','2',1037),(3366,'Banteay Mean Chey','1',1037),(3367,'Rampong Chaam','3',1037),(3368,'Kampong Chhnang','4',1037),(3369,'Kampong Spueu','5',1037),(3370,'Kampong Thum','6',1037),(3371,'Kampot','7',1037),(3372,'Kandaal','8',1037),(3373,'Kach Kong','9',1037),(3374,'Krachoh','10',1037),(3375,'Mondol Kiri','11',1037),(3376,'Otdar Mean Chey','22',1037),(3377,'Pousaat','15',1037),(3378,'Preah Vihear','13',1037),(3379,'Prey Veaeng','14',1037),(3380,'Rotanak Kiri','16',1037),(3381,'Siem Reab','17',1037),(3382,'Stueng Traeng','19',1037),(3383,'Svaay Rieng','20',1037),(3384,'Taakaev','21',1037),(3385,'Gilbert Islands','G',1113),(3386,'Line Islands','L',1113),(3387,'Phoenix Islands','P',1113),(3388,'Anjouan Ndzouani','A',1049),(3389,'Grande Comore Ngazidja','G',1049),(3390,'Moheli Moili','M',1049),(3391,'Kaesong-si','KAE',1114),(3392,'Nampo-si','NAM',1114),(3393,'Pyongyang-ai','PYO',1114),(3394,'Chagang-do','CHA',1114),(3395,'Hamgyongbuk-do','HAB',1114),(3396,'Hamgyongnam-do','HAN',1114),(3397,'Hwanghaebuk-do','HWB',1114),(3398,'Hwanghaenam-do','HWN',1114),(3399,'Kangwon-do','KAN',1114),(3400,'Pyonganbuk-do','PYB',1114),(3401,'Pyongannam-do','PYN',1114),(3402,'Yanggang-do','YAN',1114),(3403,'Najin Sonbong-si','NAJ',1114),(3404,'Seoul Teugbyeolsi','11',1115),(3405,'Busan Gwang\'yeogsi','26',1115),(3406,'Daegu Gwang\'yeogsi','27',1115),(3407,'Daejeon Gwang\'yeogsi','30',1115),(3408,'Gwangju Gwang\'yeogsi','29',1115),(3409,'Incheon Gwang\'yeogsi','28',1115),(3410,'Ulsan Gwang\'yeogsi','31',1115),(3411,'Chungcheongbugdo','43',1115),(3412,'Chungcheongnamdo','44',1115),(3413,'Gang\'weondo','42',1115),(3414,'Gyeonggido','41',1115),(3415,'Gyeongsangbugdo','47',1115),(3416,'Gyeongsangnamdo','48',1115),(3417,'Jejudo','49',1115),(3418,'Jeonrabugdo','45',1115),(3419,'Jeonranamdo','46',1115),(3420,'Al Ahmadi','AH',1116),(3421,'Al Farwanlyah','FA',1116),(3422,'Al Jahrah','JA',1116),(3423,'Al Kuwayt','KU',1116),(3424,'Hawalli','HA',1116),(3425,'Almaty','ALA',1111),(3426,'Astana','AST',1111),(3427,'Almaty oblysy','ALM',1111),(3428,'Aqmola oblysy','AKM',1111),(3429,'Aqtobe oblysy','AKT',1111),(3430,'Atyrau oblyfiy','ATY',1111),(3431,'Batys Quzaqstan oblysy','ZAP',1111),(3432,'Mangghystau oblysy','MAN',1111),(3433,'Ongtustik Quzaqstan oblysy','YUZ',1111),(3434,'Pavlodar oblysy','PAV',1111),(3435,'Qaraghandy oblysy','KAR',1111),(3436,'Qostanay oblysy','KUS',1111),(3437,'Qyzylorda oblysy','KZY',1111),(3438,'Shyghys Quzaqstan oblysy','VOS',1111),(3439,'Soltustik Quzaqstan oblysy','SEV',1111),(3440,'Zhambyl oblysy Zhambylskaya oblast\'','ZHA',1111),(3441,'Vientiane','VT',1118),(3442,'Attapu','AT',1118),(3443,'Bokeo','BK',1118),(3444,'Bolikhamxai','BL',1118),(3445,'Champasak','CH',1118),(3446,'Houaphan','HO',1118),(3447,'Khammouan','KH',1118),(3448,'Louang Namtha','LM',1118),(3449,'Louangphabang','LP',1118),(3450,'Oudomxai','OU',1118),(3451,'Phongsali','PH',1118),(3452,'Salavan','SL',1118),(3453,'Savannakhet','SV',1118),(3454,'Xaignabouli','XA',1118),(3455,'Xiasomboun','XN',1118),(3456,'Xekong','XE',1118),(3457,'Xiangkhoang','XI',1118),(3458,'Beirut','BA',1120),(3459,'Beqaa','BI',1120),(3460,'Mount Lebanon','JL',1120),(3461,'North Lebanon','AS',1120),(3462,'South Lebanon','JA',1120),(3463,'Nabatieh','NA',1120),(3464,'Ampara','52',1199),(3465,'Anuradhapura','71',1199),(3466,'Badulla','81',1199),(3467,'Batticaloa','51',1199),(3468,'Colombo','11',1199),(3469,'Galle','31',1199),(3470,'Gampaha','12',1199),(3471,'Hambantota','33',1199),(3472,'Jaffna','41',1199),(3473,'Kalutara','13',1199),(3474,'Kandy','21',1199),(3475,'Kegalla','92',1199),(3476,'Kilinochchi','42',1199),(3477,'Kurunegala','61',1199),(3478,'Mannar','43',1199),(3479,'Matale','22',1199),(3480,'Matara','32',1199),(3481,'Monaragala','82',1199),(3482,'Mullaittivu','45',1199),(3483,'Nuwara Eliya','23',1199),(3484,'Polonnaruwa','72',1199),(3485,'Puttalum','62',1199),(3486,'Ratnapura','91',1199),(3487,'Trincomalee','53',1199),(3488,'VavunLya','44',1199),(3489,'Bomi','BM',1122),(3490,'Bong','BG',1122),(3491,'Grand Basaa','GB',1122),(3492,'Grand Cape Mount','CM',1122),(3493,'Grand Gedeh','GG',1122),(3494,'Grand Kru','GK',1122),(3495,'Lofa','LO',1122),(3496,'Margibi','MG',1122),(3497,'Maryland','MY',1122),(3498,'Montserrado','MO',1122),(3499,'Nimba','NI',1122),(3500,'Rivercess','RI',1122),(3501,'Sinoe','SI',1122),(3502,'Berea','D',1121),(3503,'Butha-Buthe','B',1121),(3504,'Leribe','C',1121),(3505,'Mafeteng','E',1121),(3506,'Maseru','A',1121),(3507,'Mohale\'s Hoek','F',1121),(3508,'Mokhotlong','J',1121),(3509,'Qacha\'s Nek','H',1121),(3510,'Quthing','G',1121),(3511,'Thaba-Tseka','K',1121),(3512,'Alytaus Apskritis','AL',1125),(3513,'Kauno Apskritis','KU',1125),(3514,'Klaipedos Apskritis','KL',1125),(3515,'Marijampoles Apskritis','MR',1125),(3516,'Panevezio Apskritis','PN',1125),(3517,'Sisuliu Apskritis','SA',1125),(3518,'Taurages Apskritis','TA',1125),(3519,'Telsiu Apskritis','TE',1125),(3520,'Utenos Apskritis','UT',1125),(3521,'Vilniaus Apskritis','VL',1125),(3522,'Diekirch','D',1126),(3523,'GreveNmacher','G',1126),(3550,'Daugavpils','DGV',1119),(3551,'Jelgava','JEL',1119),(3552,'Jurmala','JUR',1119),(3553,'Liepaja','LPX',1119),(3554,'Rezekne','REZ',1119),(3555,'Riga','RIX',1119),(3556,'Ventspils','VEN',1119),(3557,'Ajdbiy','AJ',1123),(3558,'Al Bunn','BU',1123),(3559,'Al Hizm al Akhdar','HZ',1123),(3560,'Al Jabal al Akhdar','JA',1123),(3561,'Al Jifrah','JI',1123),(3562,'Al Jufrah','JU',1123),(3563,'Al Kufrah','KF',1123),(3564,'Al Marj','MJ',1123),(3565,'Al Marqab','MB',1123),(3566,'Al Qarn','QT',1123),(3567,'Al Qubbah','QB',1123),(3568,'Al Whah','WA',1123),(3569,'An Nuqa al Khams','NQ',1123),(3570,'Ash Shi\'','SH',1123),(3571,'Az Zwiyah','ZA',1123),(3572,'Banghz','BA',1123),(3573,'Ban Wald','BW',1123),(3574,'Darnah','DR',1123),(3575,'Ghadmis','GD',1123),(3576,'Gharyn','GR',1123),(3577,'Ght','GT',1123),(3578,'Jaghbb','JB',1123),(3579,'Mirtah','MI',1123),(3580,'Mizdah','MZ',1123),(3581,'Murzuq','MQ',1123),(3582,'Nlt','NL',1123),(3583,'Sabh','SB',1123),(3584,'abrtah urmn','SS',1123),(3585,'Surt','SR',1123),(3586,'Tjr\' wa an Nawh al Arbh','TN',1123),(3587,'arbulus','TB',1123),(3588,'Tarhnah-Masalltah','TM',1123),(3589,'Wd al hayt','WD',1123),(3590,'Yafran-Jd','YJ',1123),(3591,'Agadir','AGD',1146),(3592,'At Baha','BAH',1146),(3593,'At Melloul','MEL',1146),(3594,'Al Haouz','HAO',1146),(3595,'Al Hocema','HOC',1146),(3596,'Assa-Zag','ASZ',1146),(3597,'Azilal','AZI',1146),(3598,'Beni Mellal','BEM',1146),(3599,'Ben Sllmane','BES',1146),(3600,'Berkane','BER',1146),(3601,'Boujdour','BOD',1146),(3602,'Boulemane','BOM',1146),(3603,'Casablanca  [Dar el Beda]','CAS',1146),(3604,'Chefchaouene','CHE',1146),(3605,'Chichaoua','CHI',1146),(3606,'El Hajeb','HAJ',1146),(3607,'El Jadida','JDI',1146),(3608,'Errachidia','ERR',1146),(3609,'Essaouira','ESI',1146),(3610,'Es Smara','ESM',1146),(3611,'Fs','FES',1146),(3612,'Figuig','FIG',1146),(3613,'Guelmim','GUE',1146),(3614,'Ifrane','IFR',1146),(3615,'Jerada','JRA',1146),(3616,'Kelaat Sraghna','KES',1146),(3617,'Knitra','KEN',1146),(3618,'Khemisaet','KHE',1146),(3619,'Khenifra','KHN',1146),(3620,'Khouribga','KHO',1146),(3621,'Layoune (EH)','LAA',1146),(3622,'Larache','LAP',1146),(3623,'Marrakech','MAR',1146),(3624,'Meknss','MEK',1146),(3625,'Nador','NAD',1146),(3626,'Ouarzazate','OUA',1146),(3627,'Oued ed Dahab (EH)','OUD',1146),(3628,'Oujda','OUJ',1146),(3629,'Rabat-Sal','RBA',1146),(3630,'Safi','SAF',1146),(3631,'Sefrou','SEF',1146),(3632,'Settat','SET',1146),(3633,'Sidl Kacem','SIK',1146),(3634,'Tanger','TNG',1146),(3635,'Tan-Tan','TNT',1146),(3636,'Taounate','TAO',1146),(3637,'Taroudannt','TAR',1146),(3638,'Tata','TAT',1146),(3639,'Taza','TAZ',1146),(3640,'Ttouan','TET',1146),(3641,'Tiznit','TIZ',1146),(3642,'Gagauzia, Unitate Teritoriala Autonoma','GA',1142),(3643,'Chisinau','CU',1142),(3644,'Stinga Nistrului, unitatea teritoriala din','SN',1142),(3645,'Balti','BA',1142),(3646,'Cahul','CA',1142),(3647,'Edinet','ED',1142),(3648,'Lapusna','LA',1142),(3649,'Orhei','OR',1142),(3650,'Soroca','SO',1142),(3651,'Taraclia','TA',1142),(3652,'Tighina [Bender]','TI',1142),(3653,'Ungheni','UN',1142),(3654,'Antananarivo','T',1129),(3655,'Antsiranana','D',1129),(3656,'Fianarantsoa','F',1129),(3657,'Mahajanga','M',1129),(3658,'Toamasina','A',1129),(3659,'Toliara','U',1129),(3660,'Ailinglapalap','ALL',1135),(3661,'Ailuk','ALK',1135),(3662,'Arno','ARN',1135),(3663,'Aur','AUR',1135),(3664,'Ebon','EBO',1135),(3665,'Eniwetok','ENI',1135),(3666,'Jaluit','JAL',1135),(3667,'Kili','KIL',1135),(3668,'Kwajalein','KWA',1135),(3669,'Lae','LAE',1135),(3670,'Lib','LIB',1135),(3671,'Likiep','LIK',1135),(3672,'Majuro','MAJ',1135),(3673,'Maloelap','MAL',1135),(3674,'Mejit','MEJ',1135),(3675,'Mili','MIL',1135),(3676,'Namorik','NMK',1135),(3677,'Namu','NMU',1135),(3678,'Rongelap','RON',1135),(3679,'Ujae','UJA',1135),(3680,'Ujelang','UJL',1135),(3681,'Utirik','UTI',1135),(3682,'Wotho','WTN',1135),(3683,'Wotje','WTJ',1135),(3684,'Bamako','BK0',1133),(3685,'Gao','7',1133),(3686,'Kayes','1',1133),(3687,'Kidal','8',1133),(3688,'Xoulikoro','2',1133),(3689,'Mopti','5',1133),(3690,'S69ou','4',1133),(3691,'Sikasso','3',1133),(3692,'Tombouctou','6',1133),(3693,'Ayeyarwady','07',1035),(3694,'Bago','02',1035),(3695,'Magway','03',1035),(3696,'Mandalay','04',1035),(3697,'Sagaing','01',1035),(3698,'Tanintharyi','05',1035),(3699,'Yangon','06',1035),(3700,'Chin','14',1035),(3701,'Kachin','11',1035),(3702,'Kayah','12',1035),(3703,'Kayin','13',1035),(3704,'Mon','15',1035),(3705,'Rakhine','16',1035),(3706,'Shan','17',1035),(3707,'Ulaanbaatar','1',1144),(3708,'Arhangay','073',1144),(3709,'Bayanhongor','069',1144),(3710,'Bayan-Olgiy','071',1144),(3711,'Bulgan','067',1144),(3712,'Darhan uul','037',1144),(3713,'Dornod','061',1144),(3714,'Dornogov,','063',1144),(3715,'DundgovL','059',1144),(3716,'Dzavhan','057',1144),(3717,'Govi-Altay','065',1144),(3718,'Govi-Smber','064',1144),(3719,'Hentiy','039',1144),(3720,'Hovd','043',1144),(3721,'Hovsgol','041',1144),(3722,'Omnogovi','053',1144),(3723,'Orhon','035',1144),(3724,'Ovorhangay','055',1144),(3725,'Selenge','049',1144),(3726,'Shbaatar','051',1144),(3727,'Tov','047',1144),(3728,'Uvs','046',1144),(3729,'Nouakchott','NKC',1137),(3730,'Assaba','03',1137),(3731,'Brakna','05',1137),(3732,'Dakhlet Nouadhibou','08',1137),(3733,'Gorgol','04',1137),(3734,'Guidimaka','10',1137),(3735,'Hodh ech Chargui','01',1137),(3736,'Hodh el Charbi','02',1137),(3737,'Inchiri','12',1137),(3738,'Tagant','09',1137),(3739,'Tiris Zemmour','11',1137),(3740,'Trarza','06',1137),(3741,'Beau Bassin-Rose Hill','BR',1138),(3742,'Curepipe','CU',1138),(3743,'Port Louis','PU',1138),(3744,'Quatre Bornes','QB',1138),(3745,'Vacosa-Phoenix','VP',1138),(3746,'Black River','BL',1138),(3747,'Flacq','FL',1138),(3748,'Grand Port','GP',1138),(3749,'Moka','MO',1138),(3750,'Pamplemousses','PA',1138),(3751,'Plaines Wilhems','PW',1138),(3752,'Riviere du Rempart','RP',1138),(3753,'Savanne','SA',1138),(3754,'Agalega Islands','AG',1138),(3755,'Cargados Carajos Shoals','CC',1138),(3756,'Rodrigues Island','RO',1138),(3757,'Male','MLE',1132),(3758,'Alif','02',1132),(3759,'Baa','20',1132),(3760,'Dhaalu','17',1132),(3761,'Faafu','14',1132),(3762,'Gaaf Alif','27',1132),(3763,'Gaefu Dhaalu','28',1132),(3764,'Gnaviyani','29',1132),(3765,'Haa Alif','07',1132),(3766,'Haa Dhaalu','23',1132),(3767,'Kaafu','26',1132),(3768,'Laamu','05',1132),(3769,'Lhaviyani','03',1132),(3770,'Meemu','12',1132),(3771,'Noonu','25',1132),(3772,'Raa','13',1132),(3773,'Seenu','01',1132),(3774,'Shaviyani','24',1132),(3775,'Thaa','08',1132),(3776,'Vaavu','04',1132),(3777,'Balaka','BA',1130),(3778,'Blantyre','BL',1130),(3779,'Chikwawa','CK',1130),(3780,'Chiradzulu','CR',1130),(3781,'Chitipa','CT',1130),(3782,'Dedza','DE',1130),(3783,'Dowa','DO',1130),(3784,'Karonga','KR',1130),(3785,'Kasungu','KS',1130),(3786,'Likoma Island','LK',1130),(3787,'Lilongwe','LI',1130),(3788,'Machinga','MH',1130),(3789,'Mangochi','MG',1130),(3790,'Mchinji','MC',1130),(3791,'Mulanje','MU',1130),(3792,'Mwanza','MW',1130),(3793,'Mzimba','MZ',1130),(3794,'Nkhata Bay','NB',1130),(3795,'Nkhotakota','NK',1130),(3796,'Nsanje','NS',1130),(3797,'Ntcheu','NU',1130),(3798,'Ntchisi','NI',1130),(3799,'Phalomba','PH',1130),(3800,'Rumphi','RU',1130),(3801,'Salima','SA',1130),(3802,'Thyolo','TH',1130),(3803,'Zomba','ZO',1130),(3804,'Aguascalientes','AGU',1140),(3805,'Baja California','BCN',1140),(3806,'Baja California Sur','BCS',1140),(3807,'Campeche','CAM',1140),(3808,'Coahuila','COA',1140),(3809,'Colima','COL',1140),(3810,'Chiapas','CHP',1140),(3811,'Chihuahua','CHH',1140),(3812,'Durango','DUR',1140),(3813,'Guanajuato','GUA',1140),(3814,'Guerrero','GRO',1140),(3815,'Hidalgo','HID',1140),(3816,'Jalisco','JAL',1140),(3817,'Mexico','MEX',1140),(3818,'Michoacin','MIC',1140),(3819,'Morelos','MOR',1140),(3820,'Nayarit','NAY',1140),(3821,'Nuevo Leon','NLE',1140),(3822,'Oaxaca','OAX',1140),(3823,'Puebla','PUE',1140),(3824,'Queretaro','QUE',1140),(3825,'Quintana Roo','ROO',1140),(3826,'San Luis Potosi','SLP',1140),(3827,'Sinaloa','SIN',1140),(3828,'Sonora','SON',1140),(3829,'Tabasco','TAB',1140),(3830,'Tamaulipas','TAM',1140),(3831,'Tlaxcala','TLA',1140),(3832,'Veracruz','VER',1140),(3833,'Yucatan','YUC',1140),(3834,'Zacatecas','ZAC',1140),(3835,'Wilayah Persekutuan Kuala Lumpur','14',1131),(3836,'Wilayah Persekutuan Labuan','15',1131),(3837,'Wilayah Persekutuan Putrajaya','16',1131),(3838,'Johor','01',1131),(3839,'Kedah','02',1131),(3840,'Kelantan','03',1131),(3841,'Melaka','04',1131),(3842,'Negeri Sembilan','05',1131),(3843,'Pahang','06',1131),(3844,'Perak','08',1131),(3845,'Perlis','09',1131),(3846,'Pulau Pinang','07',1131),(3847,'Sabah','12',1131),(3848,'Sarawak','13',1131),(3849,'Selangor','10',1131),(3850,'Terengganu','11',1131),(3851,'Maputo','MPM',1147),(3852,'Cabo Delgado','P',1147),(3853,'Gaza','G',1147),(3854,'Inhambane','I',1147),(3855,'Manica','B',1147),(3856,'Numpula','N',1147),(3857,'Niaaea','A',1147),(3858,'Sofala','S',1147),(3859,'Tete','T',1147),(3860,'Zambezia','Q',1147),(3861,'Caprivi','CA',1148),(3862,'Erongo','ER',1148),(3863,'Hardap','HA',1148),(3864,'Karas','KA',1148),(3865,'Khomas','KH',1148),(3866,'Kunene','KU',1148),(3867,'Ohangwena','OW',1148),(3868,'Okavango','OK',1148),(3869,'Omaheke','OH',1148),(3870,'Omusati','OS',1148),(3871,'Oshana','ON',1148),(3872,'Oshikoto','OT',1148),(3873,'Otjozondjupa','OD',1148),(3874,'Niamey','8',1156),(3875,'Agadez','1',1156),(3876,'Diffa','2',1156),(3877,'Dosso','3',1156),(3878,'Maradi','4',1156),(3879,'Tahoua','S',1156),(3880,'Tillaberi','6',1156),(3881,'Zinder','7',1156),(3882,'Abuja Federal Capital Territory','FC',1157),(3883,'Abia','AB',1157),(3884,'Adamawa','AD',1157),(3885,'Akwa Ibom','AK',1157),(3886,'Anambra','AN',1157),(3887,'Bauchi','BA',1157),(3888,'Bayelsa','BY',1157),(3889,'Benue','BE',1157),(3890,'Borno','BO',1157),(3891,'Cross River','CR',1157),(3892,'Delta','DE',1157),(3893,'Ebonyi','EB',1157),(3894,'Edo','ED',1157),(3895,'Ekiti','EK',1157),(3896,'Enugu','EN',1157),(3897,'Gombe','GO',1157),(3898,'Imo','IM',1157),(3899,'Jigawa','JI',1157),(3900,'Kaduna','KD',1157),(3901,'Kano','KN',1157),(3902,'Katsina','KT',1157),(3903,'Kebbi','KE',1157),(3904,'Kogi','KO',1157),(3905,'Kwara','KW',1157),(3906,'Lagos','LA',1157),(3907,'Nassarawa','NA',1157),(3908,'Niger','NI',1157),(3909,'Ogun','OG',1157),(3910,'Ondo','ON',1157),(3911,'Osun','OS',1157),(3912,'Oyo','OY',1157),(3913,'Rivers','RI',1157),(3914,'Sokoto','SO',1157),(3915,'Taraba','TA',1157),(3916,'Yobe','YO',1157),(3917,'Zamfara','ZA',1157),(3918,'Boaco','BO',1155),(3919,'Carazo','CA',1155),(3920,'Chinandega','CI',1155),(3921,'Chontales','CO',1155),(3922,'Esteli','ES',1155),(3923,'Jinotega','JI',1155),(3924,'Leon','LE',1155),(3925,'Madriz','MD',1155),(3926,'Managua','MN',1155),(3927,'Masaya','MS',1155),(3928,'Matagalpa','MT',1155),(3929,'Nueva Segovia','NS',1155),(3930,'Rio San Juan','SJ',1155),(3931,'Rivas','RI',1155),(3932,'Atlantico Norte','AN',1155),(3933,'Atlantico Sur','AS',1155),(3934,'Drente','DR',1152),(3935,'Flevoland','FL',1152),(3936,'Friesland','FR',1152),(3937,'Gelderland','GL',1152),(3938,'Groningen','GR',1152),(3939,'Noord-Brabant','NB',1152),(3940,'Noord-Holland','NH',1152),(3941,'Overijssel','OV',1152),(3942,'Utrecht','UT',1152),(3943,'Zuid-Holland','ZH',1152),(3944,'Zeeland','ZL',1152),(3945,'Akershus','02',1161),(3946,'Aust-Agder','09',1161),(3947,'Buskerud','06',1161),(3948,'Finnmark','20',1161),(3949,'Hedmark','04',1161),(3950,'Hordaland','12',1161),(3951,'Mre og Romsdal','15',1161),(3952,'Nordland','18',1161),(3953,'Nord-Trndelag','17',1161),(3954,'Oppland','05',1161),(3955,'Oslo','03',1161),(3956,'Rogaland','11',1161),(3957,'Sogn og Fjordane','14',1161),(3958,'Sr-Trndelag','16',1161),(3959,'Telemark','06',1161),(3960,'Troms','19',1161),(3961,'Vest-Agder','10',1161),(3962,'Vestfold','07',1161),(3963,'stfold','01',1161),(3964,'Jan Mayen','22',1161),(3965,'Svalbard','21',1161),(3966,'Auckland','AUK',1154),(3967,'Bay of Plenty','BOP',1154),(3968,'Canterbury','CAN',1154),(3969,'Gisborne','GIS',1154),(3970,'Hawkes Bay','HKB',1154),(3971,'Manawatu-Wanganui','MWT',1154),(3972,'Marlborough','MBH',1154),(3973,'Nelson','NSN',1154),(3974,'Northland','NTL',1154),(3975,'Otago','OTA',1154),(3976,'Southland','STL',1154),(3977,'Taranaki','TKI',1154),(3978,'Tasman','TAS',1154),(3979,'Waikato','WKO',1154),(3980,'Wellington','WGN',1154),(3981,'West Coast','WTC',1154),(3982,'Ad Dakhillyah','DA',1162),(3983,'Al Batinah','BA',1162),(3984,'Al Janblyah','JA',1162),(3985,'Al Wusta','WU',1162),(3986,'Ash Sharqlyah','SH',1162),(3987,'Az Zahirah','ZA',1162),(3988,'Masqat','MA',1162),(3989,'Musandam','MU',1162),(3990,'Bocas del Toro','1',1166),(3991,'Cocle','2',1166),(3992,'Chiriqui','4',1166),(3993,'Darien','5',1166),(3994,'Herrera','6',1166),(3995,'Loa Santoa','7',1166),(3996,'Panama','8',1166),(3997,'Veraguas','9',1166),(3998,'Comarca de San Blas','Q',1166),(3999,'El Callao','CAL',1169),(4000,'Ancash','ANC',1169),(4001,'Apurimac','APU',1169),(4002,'Arequipa','ARE',1169),(4003,'Ayacucho','AYA',1169),(4004,'Cajamarca','CAJ',1169),(4005,'Cuzco','CUS',1169),(4006,'Huancavelica','HUV',1169),(4007,'Huanuco','HUC',1169),(4008,'Ica','ICA',1169),(4009,'Junin','JUN',1169),(4010,'La Libertad','LAL',1169),(4011,'Lambayeque','LAM',1169),(4012,'Lima','LIM',1169),(4013,'Loreto','LOR',1169),(4014,'Madre de Dios','MDD',1169),(4015,'Moquegua','MOQ',1169),(4016,'Pasco','PAS',1169),(4017,'Piura','PIU',1169),(4018,'Puno','PUN',1169),(4019,'San Martin','SAM',1169),(4020,'Tacna','TAC',1169),(4021,'Tumbes','TUM',1169),(4022,'Ucayali','UCA',1169),(4023,'National Capital District (Port Moresby)','NCD',1167),(4024,'Chimbu','CPK',1167),(4025,'Eastern Highlands','EHG',1167),(4026,'East New Britain','EBR',1167),(4027,'East Sepik','ESW',1167),(4028,'Enga','EPW',1167),(4029,'Gulf','GPK',1167),(4030,'Madang','MPM',1167),(4031,'Manus','MRL',1167),(4032,'Milne Bay','MBA',1167),(4033,'Morobe','MPL',1167),(4034,'New Ireland','NIK',1167),(4035,'North Solomons','NSA',1167),(4036,'Santaun','SAN',1167),(4037,'Southern Highlands','SHM',1167),(4038,'Western Highlands','WHM',1167),(4039,'West New Britain','WBK',1167),(4040,'Abra','ABR',1170),(4041,'Agusan del Norte','AGN',1170),(4042,'Agusan del Sur','AGS',1170),(4043,'Aklan','AKL',1170),(4044,'Albay','ALB',1170),(4045,'Antique','ANT',1170),(4046,'Apayao','APA',1170),(4047,'Aurora','AUR',1170),(4048,'Basilan','BAS',1170),(4049,'Batasn','BAN',1170),(4050,'Batanes','BTN',1170),(4051,'Batangas','BTG',1170),(4052,'Benguet','BEN',1170),(4053,'Biliran','BIL',1170),(4054,'Bohol','BOH',1170),(4055,'Bukidnon','BUK',1170),(4056,'Bulacan','BUL',1170),(4057,'Cagayan','CAG',1170),(4058,'Camarines Norte','CAN',1170),(4059,'Camarines Sur','CAS',1170),(4060,'Camiguin','CAM',1170),(4061,'Capiz','CAP',1170),(4062,'Catanduanes','CAT',1170),(4063,'Cavite','CAV',1170),(4064,'Cebu','CEB',1170),(4065,'Compostela Valley','COM',1170),(4066,'Davao','DAV',1170),(4067,'Davao del Sur','DAS',1170),(4068,'Davao Oriental','DAO',1170),(4069,'Eastern Samar','EAS',1170),(4070,'Guimaras','GUI',1170),(4071,'Ifugao','IFU',1170),(4072,'Ilocos Norte','ILN',1170),(4073,'Ilocos Sur','ILS',1170),(4074,'Iloilo','ILI',1170),(4075,'Isabela','ISA',1170),(4076,'Kalinga-Apayso','KAL',1170),(4077,'Laguna','LAG',1170),(4078,'Lanao del Norte','LAN',1170),(4079,'Lanao del Sur','LAS',1170),(4080,'La Union','LUN',1170),(4081,'Leyte','LEY',1170),(4082,'Maguindanao','MAG',1170),(4083,'Marinduque','MAD',1170),(4084,'Masbate','MAS',1170),(4085,'Mindoro Occidental','MDC',1170),(4086,'Mindoro Oriental','MDR',1170),(4087,'Misamis Occidental','MSC',1170),(4088,'Misamis Oriental','MSR',1170),(4089,'Mountain Province','MOU',1170),(4090,'Negroe Occidental','NEC',1170),(4091,'Negros Oriental','NER',1170),(4092,'North Cotabato','NCO',1170),(4093,'Northern Samar','NSA',1170),(4094,'Nueva Ecija','NUE',1170),(4095,'Nueva Vizcaya','NUV',1170),(4096,'Palawan','PLW',1170),(4097,'Pampanga','PAM',1170),(4098,'Pangasinan','PAN',1170),(4099,'Quezon','QUE',1170),(4100,'Quirino','QUI',1170),(4101,'Rizal','RIZ',1170),(4102,'Romblon','ROM',1170),(4103,'Sarangani','SAR',1170),(4104,'Siquijor','SIG',1170),(4105,'Sorsogon','SOR',1170),(4106,'South Cotabato','SCO',1170),(4107,'Southern Leyte','SLE',1170),(4108,'Sultan Kudarat','SUK',1170),(4109,'Sulu','SLU',1170),(4110,'Surigao del Norte','SUN',1170),(4111,'Surigao del Sur','SUR',1170),(4112,'Tarlac','TAR',1170),(4113,'Tawi-Tawi','TAW',1170),(4114,'Western Samar','WSA',1170),(4115,'Zambales','ZMB',1170),(4116,'Zamboanga del Norte','ZAN',1170),(4117,'Zamboanga del Sur','ZAS',1170),(4118,'Zamboanga Sibiguey','ZSI',1170),(4119,'Islamabad Federal Capital Area','IS',1163),(4120,'Baluchistan','BA',1163),(4121,'Khyber Pakhtun Khawa','NW',1163),(4122,'Sindh','SD',1163),(4123,'Federally Administered Tribal Areas','TA',1163),(4124,'Azad Kashmir','JK',1163),(4125,'Gilgit-Baltistan','NA',1163),(4126,'Aveiro','01',1173),(4127,'Beja','02',1173),(4128,'Braga','03',1173),(4129,'Braganca','04',1173),(4130,'Castelo Branco','05',1173),(4131,'Colmbra','06',1173),(4132,'Ovora','07',1173),(4133,'Faro','08',1173),(4134,'Guarda','09',1173),(4135,'Leiria','10',1173),(4136,'Lisboa','11',1173),(4137,'Portalegre','12',1173),(4138,'Porto','13',1173),(4139,'Santarem','14',1173),(4140,'Setubal','15',1173),(4141,'Viana do Castelo','16',1173),(4142,'Vila Real','17',1173),(4143,'Viseu','18',1173),(4144,'Regiao Autonoma dos Acores','20',1173),(4145,'Regiao Autonoma da Madeira','30',1173),(4146,'Asuncion','ASU',1168),(4147,'Alto Paraguay','16',1168),(4148,'Alto Parana','10',1168),(4149,'Amambay','13',1168),(4150,'Boqueron','19',1168),(4151,'Caeguazu','5',1168),(4152,'Caazapl','6',1168),(4153,'Canindeyu','14',1168),(4154,'Concepcion','1',1168),(4155,'Cordillera','3',1168),(4156,'Guaira','4',1168),(4157,'Itapua','7',1168),(4158,'Miaiones','8',1168),(4159,'Neembucu','12',1168),(4160,'Paraguari','9',1168),(4161,'Presidente Hayes','15',1168),(4162,'San Pedro','2',1168),(4163,'Ad Dawhah','DA',1175),(4164,'Al Ghuwayriyah','GH',1175),(4165,'Al Jumayliyah','JU',1175),(4166,'Al Khawr','KH',1175),(4167,'Al Wakrah','WA',1175),(4168,'Ar Rayyan','RA',1175),(4169,'Jariyan al Batnah','JB',1175),(4170,'Madinat ash Shamal','MS',1175),(4171,'Umm Salal','US',1175),(4172,'Bucuresti','B',1176),(4173,'Alba','AB',1176),(4174,'Arad','AR',1176),(4175,'Arges','AG',1176),(4176,'Bacau','BC',1176),(4177,'Bihor','BH',1176),(4178,'Bistrita-Nasaud','BN',1176),(4179,'Boto\'ani','BT',1176),(4180,'Bra\'ov','BV',1176),(4181,'Braila','BR',1176),(4182,'Buzau','BZ',1176),(4183,'Caras-Severin','CS',1176),(4184,'Ca la ras\'i','CL',1176),(4185,'Cluj','CJ',1176),(4186,'Constant\'a','CT',1176),(4187,'Covasna','CV',1176),(4188,'Dambovit\'a','DB',1176),(4189,'Dolj','DJ',1176),(4190,'Galat\'i','GL',1176),(4191,'Giurgiu','GR',1176),(4192,'Gorj','GJ',1176),(4193,'Harghita','HR',1176),(4194,'Hunedoara','HD',1176),(4195,'Ialomit\'a','IL',1176),(4196,'Ias\'i','IS',1176),(4197,'Ilfov','IF',1176),(4198,'Maramures','MM',1176),(4199,'Mehedint\'i','MH',1176),(4200,'Mures','MS',1176),(4201,'Neamt','NT',1176),(4202,'Olt','OT',1176),(4203,'Prahova','PH',1176),(4204,'Satu Mare','SM',1176),(4205,'Sa laj','SJ',1176),(4206,'Sibiu','SB',1176),(4207,'Suceava','SV',1176),(4208,'Teleorman','TR',1176),(4209,'Timis','TM',1176),(4210,'Tulcea','TL',1176),(4211,'Vaslui','VS',1176),(4212,'Valcea','VL',1176),(4213,'Vrancea','VN',1176),(4214,'Adygeya, Respublika','AD',1177),(4215,'Altay, Respublika','AL',1177),(4216,'Bashkortostan, Respublika','BA',1177),(4217,'Buryatiya, Respublika','BU',1177),(4218,'Chechenskaya Respublika','CE',1177),(4219,'Chuvashskaya Respublika','CU',1177),(4220,'Dagestan, Respublika','DA',1177),(4221,'Ingushskaya Respublika','IN',1177),(4222,'Kabardino-Balkarskaya','KB',1177),(4223,'Kalmykiya, Respublika','KL',1177),(4224,'Karachayevo-Cherkesskaya Respublika','KC',1177),(4225,'Kareliya, Respublika','KR',1177),(4226,'Khakasiya, Respublika','KK',1177),(4227,'Komi, Respublika','KO',1177),(4228,'Mariy El, Respublika','ME',1177),(4229,'Mordoviya, Respublika','MO',1177),(4230,'Sakha, Respublika [Yakutiya]','SA',1177),(4231,'Severnaya Osetiya, Respublika','SE',1177),(4232,'Tatarstan, Respublika','TA',1177),(4233,'Tyva, Respublika [Tuva]','TY',1177),(4234,'Udmurtskaya Respublika','UD',1177),(4235,'Altayskiy kray','ALT',1177),(4236,'Khabarovskiy kray','KHA',1177),(4237,'Krasnodarskiy kray','KDA',1177),(4238,'Krasnoyarskiy kray','KYA',1177),(4239,'Primorskiy kray','PRI',1177),(4240,'Stavropol\'skiy kray','STA',1177),(4241,'Amurskaya oblast\'','AMU',1177),(4242,'Arkhangel\'skaya oblast\'','ARK',1177),(4243,'Astrakhanskaya oblast\'','AST',1177),(4244,'Belgorodskaya oblast\'','BEL',1177),(4245,'Bryanskaya oblast\'','BRY',1177),(4246,'Chelyabinskaya oblast\'','CHE',1177),(4247,'Chitinskaya oblast\'','CHI',1177),(4248,'Irkutskaya oblast\'','IRK',1177),(4249,'Ivanovskaya oblast\'','IVA',1177),(4250,'Kaliningradskaya oblast\'','KGD',1177),(4251,'Kaluzhskaya oblast\'','KLU',1177),(4252,'Kamchatskaya oblast\'','KAM',1177),(4253,'Kemerovskaya oblast\'','KEM',1177),(4254,'Kirovskaya oblast\'','KIR',1177),(4255,'Kostromskaya oblast\'','KOS',1177),(4256,'Kurganskaya oblast\'','KGN',1177),(4257,'Kurskaya oblast\'','KRS',1177),(4258,'Leningradskaya oblast\'','LEN',1177),(4259,'Lipetskaya oblast\'','LIP',1177),(4260,'Magadanskaya oblast\'','MAG',1177),(4261,'Moskovskaya oblast\'','MOS',1177),(4262,'Murmanskaya oblast\'','MUR',1177),(4263,'Nizhegorodskaya oblast\'','NIZ',1177),(4264,'Novgorodskaya oblast\'','NGR',1177),(4265,'Novosibirskaya oblast\'','NVS',1177),(4266,'Omskaya oblast\'','OMS',1177),(4267,'Orenburgskaya oblast\'','ORE',1177),(4268,'Orlovskaya oblast\'','ORL',1177),(4269,'Penzenskaya oblast\'','PNZ',1177),(4270,'Permskaya oblast\'','PER',1177),(4271,'Pskovskaya oblast\'','PSK',1177),(4272,'Rostovskaya oblast\'','ROS',1177),(4273,'Ryazanskaya oblast\'','RYA',1177),(4274,'Sakhalinskaya oblast\'','SAK',1177),(4275,'Samarskaya oblast\'','SAM',1177),(4276,'Saratovskaya oblast\'','SAR',1177),(4277,'Smolenskaya oblast\'','SMO',1177),(4278,'Sverdlovskaya oblast\'','SVE',1177),(4279,'Tambovskaya oblast\'','TAM',1177),(4280,'Tomskaya oblast\'','TOM',1177),(4281,'Tul\'skaya oblast\'','TUL',1177),(4282,'Tverskaya oblast\'','TVE',1177),(4283,'Tyumenskaya oblast\'','TYU',1177),(4284,'Ul\'yanovskaya oblast\'','ULY',1177),(4285,'Vladimirskaya oblast\'','VLA',1177),(4286,'Volgogradskaya oblast\'','VGG',1177),(4287,'Vologodskaya oblast\'','VLG',1177),(4288,'Voronezhskaya oblast\'','VOR',1177),(4289,'Yaroslavskaya oblast\'','YAR',1177),(4290,'Moskva','MOW',1177),(4291,'Sankt-Peterburg','SPE',1177),(4292,'Yevreyskaya avtonomnaya oblast\'','YEV',1177),(4293,'Aginskiy Buryatskiy avtonomnyy','AGB',1177),(4294,'Chukotskiy avtonomnyy okrug','CHU',1177),(4295,'Evenkiyskiy avtonomnyy okrug','EVE',1177),(4296,'Khanty-Mansiyskiy avtonomnyy okrug','KHM',1177),(4297,'Komi-Permyatskiy avtonomnyy okrug','KOP',1177),(4298,'Koryakskiy avtonomnyy okrug','KOR',1177),(4299,'Nenetskiy avtonomnyy okrug','NEN',1177),(4300,'Taymyrskiy (Dolgano-Nenetskiy)','TAY',1177),(4301,'Ust\'-Ordynskiy Buryatskiy','UOB',1177),(4302,'Yamalo-Nenetskiy avtonomnyy okrug','YAN',1177),(4303,'Butare','C',1178),(4304,'Byumba','I',1178),(4305,'Cyangugu','E',1178),(4306,'Gikongoro','D',1178),(4307,'Gisenyi','G',1178),(4308,'Gitarama','B',1178),(4309,'Kibungo','J',1178),(4310,'Kibuye','F',1178),(4311,'Kigali-Rural Kigali y\' Icyaro','K',1178),(4312,'Kigali-Ville Kigali Ngari','L',1178),(4313,'Mutara','M',1178),(4314,'Ruhengeri','H',1178),(4315,'Al Batah','11',1187),(4316,'Al H,udd ash Shamallyah','08',1187),(4317,'Al Jawf','12',1187),(4318,'Al Madinah','03',1187),(4319,'Al Qasim','05',1187),(4320,'Ar Riyad','01',1187),(4321,'Asir','14',1187),(4322,'Ha\'il','06',1187),(4323,'Jlzan','09',1187),(4324,'Makkah','02',1187),(4325,'Najran','10',1187),(4326,'Tabuk','07',1187),(4327,'Capital Territory (Honiara)','CT',1194),(4328,'Guadalcanal','GU',1194),(4329,'Isabel','IS',1194),(4330,'Makira','MK',1194),(4331,'Malaita','ML',1194),(4332,'Temotu','TE',1194),(4333,'A\'ali an Nil','23',1200),(4334,'Al Bah al Ahmar','26',1200),(4335,'Al Buhayrat','18',1200),(4336,'Al Jazirah','07',1200),(4337,'Al Khartum','03',1200),(4338,'Al Qadarif','06',1200),(4339,'Al Wahdah','22',1200),(4340,'An Nil','04',1200),(4341,'An Nil al Abyaq','08',1200),(4342,'An Nil al Azraq','24',1200),(4343,'Ash Shamallyah','01',1200),(4344,'Bahr al Jabal','17',1200),(4345,'Gharb al Istiwa\'iyah','16',1200),(4346,'Gharb Ba~r al Ghazal','14',1200),(4347,'Gharb Darfur','12',1200),(4348,'Gharb Kurdufan','10',1200),(4349,'Janub Darfur','11',1200),(4350,'Janub Rurdufan','13',1200),(4351,'Jnqall','20',1200),(4352,'Kassala','05',1200),(4353,'Shamal Batr al Ghazal','15',1200),(4354,'Shamal Darfur','02',1200),(4355,'Shamal Kurdufan','09',1200),(4356,'Sharq al Istiwa\'iyah','19',1200),(4357,'Sinnar','25',1200),(4358,'Warab','21',1200),(4359,'Blekinge lan','K',1204),(4360,'Dalarnas lan','W',1204),(4361,'Gotlands lan','I',1204),(4362,'Gavleborge lan','X',1204),(4363,'Hallands lan','N',1204),(4364,'Jamtlande lan','Z',1204),(4365,'Jonkopings lan','F',1204),(4366,'Kalmar lan','H',1204),(4367,'Kronoberge lan','G',1204),(4368,'Norrbottena lan','BD',1204),(4369,'Skane lan','M',1204),(4370,'Stockholms lan','AB',1204),(4371,'Sodermanlands lan','D',1204),(4372,'Uppsala lan','C',1204),(4373,'Varmlanda lan','S',1204),(4374,'Vasterbottens lan','AC',1204),(4375,'Vasternorrlands lan','Y',1204),(4376,'Vastmanlanda lan','U',1204),(4377,'Vastra Gotalands lan','Q',1204),(4378,'Orebro lan','T',1204),(4379,'Ostergotlands lan','E',1204),(4380,'Saint Helena','SH',1180),(4381,'Ascension','AC',1180),(4382,'Tristan da Cunha','TA',1180),(4383,'Ajdovscina','001',1193),(4384,'Beltinci','002',1193),(4385,'Benedikt','148',1193),(4386,'Bistrica ob Sotli','149',1193),(4387,'Bled','003',1193),(4388,'Bloke','150',1193),(4389,'Bohinj','004',1193),(4390,'Borovnica','005',1193),(4391,'Bovec','006',1193),(4392,'Braslovce','151',1193),(4393,'Brda','007',1193),(4394,'Brezovica','008',1193),(4395,'Brezica','009',1193),(4396,'Cankova','152',1193),(4397,'Celje','011',1193),(4398,'Cerklje na Gorenjskem','012',1193),(4399,'Cerknica','013',1193),(4400,'Cerkno','014',1193),(4401,'Cerkvenjak','153',1193),(4402,'Crensovci','015',1193),(4403,'Crna na Koroskem','016',1193),(4404,'Crnomelj','017',1193),(4405,'Destrnik','018',1193),(4406,'Divaca','019',1193),(4407,'Dobje','154',1193),(4408,'Dobrepolje','020',1193),(4409,'Dobrna','155',1193),(4410,'Dobrova-Polhov Gradec','021',1193),(4411,'Dobrovnik','156',1193),(4412,'Dol pri Ljubljani','022',1193),(4413,'Dolenjske Toplice','157',1193),(4414,'Domzale','023',1193),(4415,'Dornava','024',1193),(4416,'Dravograd','025',1193),(4417,'Duplek','026',1193),(4418,'Gorenja vas-Poljane','027',1193),(4419,'Gorsnica','028',1193),(4420,'Gornja Radgona','029',1193),(4421,'Gornji Grad','030',1193),(4422,'Gornji Petrovci','031',1193),(4423,'Grad','158',1193),(4424,'Grosuplje','032',1193),(4425,'Hajdina','159',1193),(4426,'Hoce-Slivnica','160',1193),(4427,'Hodos','161',1193),(4428,'Jorjul','162',1193),(4429,'Hrastnik','034',1193),(4430,'Hrpelje-Kozina','035',1193),(4431,'Idrija','036',1193),(4432,'Ig','037',1193),(4433,'IIrska Bistrica','038',1193),(4434,'Ivancna Gorica','039',1193),(4435,'Izola','040',1193),(4436,'Jesenice','041',1193),(4437,'Jezersko','163',1193),(4438,'Jursinci','042',1193),(4439,'Kamnik','043',1193),(4440,'Kanal','044',1193),(4441,'Kidricevo','045',1193),(4442,'Kobarid','046',1193),(4443,'Kobilje','047',1193),(4444,'Jovevje','048',1193),(4445,'Komen','049',1193),(4446,'Komenda','164',1193),(4447,'Koper','050',1193),(4448,'Kostel','165',1193),(4449,'Kozje','051',1193),(4450,'Kranj','052',1193),(4451,'Kranjska Gora','053',1193),(4452,'Krizevci','166',1193),(4453,'Krsko','054',1193),(4454,'Kungota','055',1193),(4455,'Kuzma','056',1193),(4456,'Lasko','057',1193),(4457,'Lenart','058',1193),(4458,'Lendava','059',1193),(4459,'Litija','060',1193),(4460,'Ljubljana','061',1193),(4461,'Ljubno','062',1193),(4462,'Ljutomer','063',1193),(4463,'Logatec','064',1193),(4464,'Loska dolina','065',1193),(4465,'Loski Potok','066',1193),(4466,'Lovrenc na Pohorju','167',1193),(4467,'Luce','067',1193),(4468,'Lukovica','068',1193),(4469,'Majsperk','069',1193),(4470,'Maribor','070',1193),(4471,'Markovci','168',1193),(4472,'Medvode','071',1193),(4473,'Menges','072',1193),(4474,'Metlika','073',1193),(4475,'Mezica','074',1193),(4476,'Miklavz na Dravskern polju','169',1193),(4477,'Miren-Kostanjevica','075',1193),(4478,'Mirna Pec','170',1193),(4479,'Mislinja','076',1193),(4480,'Moravce','077',1193),(4481,'Moravske Toplice','078',1193),(4482,'Mozirje','079',1193),(4483,'Murska Sobota','080',1193),(4484,'Muta','081',1193),(4485,'Naklo','082',1193),(4486,'Nazarje','083',1193),(4487,'Nova Gorica','084',1193),(4488,'Nova mesto','085',1193),(4489,'Sveta Ana','181',1193),(4490,'Sveti Andraz v Slovenskih goricah','182',1193),(4491,'Sveti Jurij','116',1193),(4492,'Salovci','033',1193),(4493,'Sempeter-Vrtojba','183',1193),(4494,'Sencur','117',1193),(4495,'Sentilj','118',1193),(4496,'Sentjernej','119',1193),(4497,'Sentjur pri Celju','120',1193),(4498,'Skocjan','121',1193),(4499,'Skofja Loka','122',1193),(4500,'Skoftjica','123',1193),(4501,'Smarje pri Jelsah','124',1193),(4502,'Smartno ob Paki','125',1193),(4503,'Smartno pri Litiji','194',1193),(4504,'Sostanj','126',1193),(4505,'Store','127',1193),(4506,'Tabor','184',1193),(4507,'Tisina','010',1193),(4508,'Tolmin','128',1193),(4509,'Trbovje','129',1193),(4510,'Trebnje','130',1193),(4511,'Trnovska vas','185',1193),(4512,'Trzic','131',1193),(4513,'Trzin','186',1193),(4514,'Turnisce','132',1193),(4515,'Velenje','133',1193),(4516,'Velika Polana','187',1193),(4517,'Velika Lasce','134',1193),(4518,'Verzej','188',1193),(4519,'Videm','135',1193),(4520,'Vipava','136',1193),(4521,'Vitanje','137',1193),(4522,'Vojnik','138',1193),(4523,'Vransko','189',1193),(4524,'Vrhnika','140',1193),(4525,'Vuzenica','141',1193),(4526,'Zagorje ob Savi','142',1193),(4527,'Zavrc','143',1193),(4528,'Zrece','144',1193),(4529,'Zalec','190',1193),(4530,'Zelezniki','146',1193),(4531,'Zetale','191',1193),(4532,'Ziri','147',1193),(4533,'Zirovnica','192',1193),(4534,'Zuzemberk','193',1193),(4535,'Banskobystrick kraj','BC',1192),(4536,'Bratislavsk kraj','BL',1192),(4537,'Koick kraj','KI',1192),(4538,'Nitriansky kraj','NJ',1192),(4539,'Preovsk kraj','PV',1192),(4540,'Treniansky kraj','TC',1192),(4541,'Trnavsk kraj','TA',1192),(4542,'ilinsk kraj','ZI',1192),(4543,'Western Area (Freetown)','W',1190),(4544,'Dakar','DK',1188),(4545,'Diourbel','DB',1188),(4546,'Fatick','FK',1188),(4547,'Kaolack','KL',1188),(4548,'Kolda','KD',1188),(4549,'Louga','LG',1188),(4550,'Matam','MT',1188),(4551,'Saint-Louis','SL',1188),(4552,'Tambacounda','TC',1188),(4553,'Thies','TH',1188),(4554,'Ziguinchor','ZG',1188),(4555,'Awdal','AW',1195),(4556,'Bakool','BK',1195),(4557,'Banaadir','BN',1195),(4558,'Bay','BY',1195),(4559,'Galguduud','GA',1195),(4560,'Gedo','GE',1195),(4561,'Hiirsan','HI',1195),(4562,'Jubbada Dhexe','JD',1195),(4563,'Jubbada Hoose','JH',1195),(4564,'Mudug','MU',1195),(4565,'Nugaal','NU',1195),(4566,'Saneag','SA',1195),(4567,'Shabeellaha Dhexe','SD',1195),(4568,'Shabeellaha Hoose','SH',1195),(4569,'Sool','SO',1195),(4570,'Togdheer','TO',1195),(4571,'Woqooyi Galbeed','WO',1195),(4572,'Brokopondo','BR',1201),(4573,'Commewijne','CM',1201),(4574,'Coronie','CR',1201),(4575,'Marowijne','MA',1201),(4576,'Nickerie','NI',1201),(4577,'Paramaribo','PM',1201),(4578,'Saramacca','SA',1201),(4579,'Sipaliwini','SI',1201),(4580,'Wanica','WA',1201),(4581,'Principe','P',1207),(4582,'Sao Tome','S',1207),(4583,'Ahuachapan','AH',1066),(4584,'Cabanas','CA',1066),(4585,'Cuscatlan','CU',1066),(4586,'Chalatenango','CH',1066),(4587,'Morazan','MO',1066),(4588,'San Miguel','SM',1066),(4589,'San Salvador','SS',1066),(4590,'Santa Ana','SA',1066),(4591,'San Vicente','SV',1066),(4592,'Sonsonate','SO',1066),(4593,'Usulutan','US',1066),(4594,'Al Hasakah','HA',1206),(4595,'Al Ladhiqiyah','LA',1206),(4596,'Al Qunaytirah','QU',1206),(4597,'Ar Raqqah','RA',1206),(4598,'As Suwayda\'','SU',1206),(4599,'Dar\'a','DR',1206),(4600,'Dayr az Zawr','DY',1206),(4601,'Dimashq','DI',1206),(4602,'Halab','HL',1206),(4603,'Hamah','HM',1206),(4604,'Jim\'','HI',1206),(4605,'Idlib','ID',1206),(4606,'Rif Dimashq','RD',1206),(4607,'Tarts','TA',1206),(4608,'Hhohho','HH',1203),(4609,'Lubombo','LU',1203),(4610,'Manzini','MA',1203),(4611,'Shiselweni','SH',1203),(4612,'Batha','BA',1043),(4613,'Biltine','BI',1043),(4614,'Borkou-Ennedi-Tibesti','BET',1043),(4615,'Chari-Baguirmi','CB',1043),(4616,'Guera','GR',1043),(4617,'Kanem','KA',1043),(4618,'Lac','LC',1043),(4619,'Logone-Occidental','LO',1043),(4620,'Logone-Oriental','LR',1043),(4621,'Mayo-Kebbi','MK',1043),(4622,'Moyen-Chari','MC',1043),(4623,'Ouaddai','OD',1043),(4624,'Salamat','SA',1043),(4625,'Tandjile','TA',1043),(4626,'Kara','K',1214),(4627,'Maritime (Region)','M',1214),(4628,'Savannes','S',1214),(4629,'Krung Thep Maha Nakhon Bangkok','10',1211),(4630,'Phatthaya','S',1211),(4631,'Amnat Charoen','37',1211),(4632,'Ang Thong','15',1211),(4633,'Buri Ram','31',1211),(4634,'Chachoengsao','24',1211),(4635,'Chai Nat','18',1211),(4636,'Chaiyaphum','36',1211),(4637,'Chanthaburi','22',1211),(4638,'Chiang Mai','50',1211),(4639,'Chiang Rai','57',1211),(4640,'Chon Buri','20',1211),(4641,'Chumphon','86',1211),(4642,'Kalasin','46',1211),(4643,'Kamphasng Phet','62',1211),(4644,'Kanchanaburi','71',1211),(4645,'Khon Kaen','40',1211),(4646,'Krabi','81',1211),(4647,'Lampang','52',1211),(4648,'Lamphun','51',1211),(4649,'Loei','42',1211),(4650,'Lop Buri','16',1211),(4651,'Mae Hong Son','58',1211),(4652,'Maha Sarakham','44',1211),(4653,'Mukdahan','49',1211),(4654,'Nakhon Nayok','26',1211),(4655,'Nakhon Pathom','73',1211),(4656,'Nakhon Phanom','48',1211),(4657,'Nakhon Ratchasima','30',1211),(4658,'Nakhon Sawan','60',1211),(4659,'Nakhon Si Thammarat','80',1211),(4660,'Nan','55',1211),(4661,'Narathiwat','96',1211),(4662,'Nong Bua Lam Phu','39',1211),(4663,'Nong Khai','43',1211),(4664,'Nonthaburi','12',1211),(4665,'Pathum Thani','13',1211),(4666,'Pattani','94',1211),(4667,'Phangnga','82',1211),(4668,'Phatthalung','93',1211),(4669,'Phayao','56',1211),(4670,'Phetchabun','67',1211),(4671,'Phetchaburi','76',1211),(4672,'Phichit','66',1211),(4673,'Phitsanulok','65',1211),(4674,'Phrae','54',1211),(4675,'Phra Nakhon Si Ayutthaya','14',1211),(4676,'Phaket','83',1211),(4677,'Prachin Buri','25',1211),(4678,'Prachuap Khiri Khan','77',1211),(4679,'Ranong','85',1211),(4680,'Ratchaburi','70',1211),(4681,'Rayong','21',1211),(4682,'Roi Et','45',1211),(4683,'Sa Kaeo','27',1211),(4684,'Sakon Nakhon','47',1211),(4685,'Samut Prakan','11',1211),(4686,'Samut Sakhon','74',1211),(4687,'Samut Songkhram','75',1211),(4688,'Saraburi','19',1211),(4689,'Satun','91',1211),(4690,'Sing Buri','17',1211),(4691,'Si Sa Ket','33',1211),(4692,'Songkhla','90',1211),(4693,'Sukhothai','64',1211),(4694,'Suphan Buri','72',1211),(4695,'Surat Thani','84',1211),(4696,'Surin','32',1211),(4697,'Tak','63',1211),(4698,'Trang','92',1211),(4699,'Trat','23',1211),(4700,'Ubon Ratchathani','34',1211),(4701,'Udon Thani','41',1211),(4702,'Uthai Thani','61',1211),(4703,'Uttaradit','53',1211),(4704,'Yala','95',1211),(4705,'Yasothon','35',1211),(4706,'Sughd','SU',1209),(4707,'Khatlon','KT',1209),(4708,'Gorno-Badakhshan','GB',1209),(4709,'Ahal','A',1220),(4710,'Balkan','B',1220),(4711,'Dasoguz','D',1220),(4712,'Lebap','L',1220),(4713,'Mary','M',1220),(4714,'Bja','31',1218),(4715,'Ben Arous','13',1218),(4716,'Bizerte','23',1218),(4717,'Gabs','81',1218),(4718,'Gafsa','71',1218),(4719,'Jendouba','32',1218),(4720,'Kairouan','41',1218),(4721,'Rasserine','42',1218),(4722,'Kebili','73',1218),(4723,'L\'Ariana','12',1218),(4724,'Le Ref','33',1218),(4725,'Mahdia','53',1218),(4726,'La Manouba','14',1218),(4727,'Medenine','82',1218),(4728,'Moneatir','52',1218),(4729,'Naboul','21',1218),(4730,'Sfax','61',1218),(4731,'Sidi Bouxid','43',1218),(4732,'Siliana','34',1218),(4733,'Sousse','51',1218),(4734,'Tataouine','83',1218),(4735,'Tozeur','72',1218),(4736,'Tunis','11',1218),(4737,'Zaghouan','22',1218),(4738,'Adana','01',1219),(4739,'Ad yaman','02',1219),(4740,'Afyon','03',1219),(4741,'Ag r','04',1219),(4742,'Aksaray','68',1219),(4743,'Amasya','05',1219),(4744,'Ankara','06',1219),(4745,'Antalya','07',1219),(4746,'Ardahan','75',1219),(4747,'Artvin','08',1219),(4748,'Aydin','09',1219),(4749,'Bal kesir','10',1219),(4750,'Bartin','74',1219),(4751,'Batman','72',1219),(4752,'Bayburt','69',1219),(4753,'Bilecik','11',1219),(4754,'Bingol','12',1219),(4755,'Bitlis','13',1219),(4756,'Bolu','14',1219),(4757,'Burdur','15',1219),(4758,'Bursa','16',1219),(4759,'Canakkale','17',1219),(4760,'Cankir','18',1219),(4761,'Corum','19',1219),(4762,'Denizli','20',1219),(4763,'Diyarbakir','21',1219),(4764,'Duzce','81',1219),(4765,'Edirne','22',1219),(4766,'Elazig','23',1219),(4767,'Erzincan','24',1219),(4768,'Erzurum','25',1219),(4769,'Eskis\'ehir','26',1219),(4770,'Gaziantep','27',1219),(4771,'Giresun','28',1219),(4772,'Gms\'hane','29',1219),(4773,'Hakkari','30',1219),(4774,'Hatay','31',1219),(4775,'Igidir','76',1219),(4776,'Isparta','32',1219),(4777,'Icel','33',1219),(4778,'Istanbul','34',1219),(4779,'Izmir','35',1219),(4780,'Kahramanmaras','46',1219),(4781,'Karabk','78',1219),(4782,'Karaman','70',1219),(4783,'Kars','36',1219),(4784,'Kastamonu','37',1219),(4785,'Kayseri','38',1219),(4786,'Kirikkale','71',1219),(4787,'Kirklareli','39',1219),(4788,'Kirs\'ehir','40',1219),(4789,'Kilis','79',1219),(4790,'Kocaeli','41',1219),(4791,'Konya','42',1219),(4792,'Ktahya','43',1219),(4793,'Malatya','44',1219),(4794,'Manisa','45',1219),(4795,'Mardin','47',1219),(4796,'Mugila','48',1219),(4797,'Mus','49',1219),(4798,'Nevs\'ehir','50',1219),(4799,'Nigide','51',1219),(4800,'Ordu','52',1219),(4801,'Osmaniye','80',1219),(4802,'Rize','53',1219),(4803,'Sakarya','54',1219),(4804,'Samsun','55',1219),(4805,'Siirt','56',1219),(4806,'Sinop','57',1219),(4807,'Sivas','58',1219),(4808,'S\'anliurfa','63',1219),(4809,'S\'rnak','73',1219),(4810,'Tekirdag','59',1219),(4811,'Tokat','60',1219),(4812,'Trabzon','61',1219),(4813,'Tunceli','62',1219),(4814,'Us\'ak','64',1219),(4815,'Van','65',1219),(4816,'Yalova','77',1219),(4817,'Yozgat','66',1219),(4818,'Zonguldak','67',1219),(4819,'Couva-Tabaquite-Talparo','CTT',1217),(4820,'Diego Martin','DMN',1217),(4821,'Eastern Tobago','ETO',1217),(4822,'Penal-Debe','PED',1217),(4823,'Princes Town','PRT',1217),(4824,'Rio Claro-Mayaro','RCM',1217),(4825,'Sangre Grande','SGE',1217),(4826,'San Juan-Laventille','SJL',1217),(4827,'Siparia','SIP',1217),(4828,'Tunapuna-Piarco','TUP',1217),(4829,'Western Tobago','WTO',1217),(4830,'Arima','ARI',1217),(4831,'Chaguanas','CHA',1217),(4832,'Point Fortin','PTF',1217),(4833,'Port of Spain','POS',1217),(4834,'San Fernando','SFO',1217),(4835,'Aileu','AL',1063),(4836,'Ainaro','AN',1063),(4837,'Bacucau','BA',1063),(4838,'Bobonaro','BO',1063),(4839,'Cova Lima','CO',1063),(4840,'Dili','DI',1063),(4841,'Ermera','ER',1063),(4842,'Laulem','LA',1063),(4843,'Liquica','LI',1063),(4844,'Manatuto','MT',1063),(4845,'Manafahi','MF',1063),(4846,'Oecussi','OE',1063),(4847,'Viqueque','VI',1063),(4848,'Changhua County','CHA',1208),(4849,'Chiayi County','CYQ',1208),(4850,'Hsinchu County','HSQ',1208),(4851,'Hualien County','HUA',1208),(4852,'Ilan County','ILA',1208),(4853,'Kaohsiung County','KHQ',1208),(4854,'Miaoli County','MIA',1208),(4855,'Nantou County','NAN',1208),(4856,'Penghu County','PEN',1208),(4857,'Pingtung County','PIF',1208),(4858,'Taichung County','TXQ',1208),(4859,'Tainan County','TNQ',1208),(4860,'Taipei County','TPQ',1208),(4861,'Taitung County','TTT',1208),(4862,'Taoyuan County','TAO',1208),(4863,'Yunlin Conuty','YUN',1208),(4864,'Keelung City','KEE',1208),(4865,'Arusha','01',1210),(4866,'Dar-es-Salaam','02',1210),(4867,'Dodoma','03',1210),(4868,'Iringa','04',1210),(4869,'Kagera','05',1210),(4870,'Kaskazini Pemba','06',1210),(4871,'Kaskazini Unguja','07',1210),(4872,'Xigoma','08',1210),(4873,'Kilimanjaro','09',1210),(4874,'Rusini Pemba','10',1210),(4875,'Kusini Unguja','11',1210),(4876,'Lindi','12',1210),(4877,'Manyara','26',1210),(4878,'Mara','13',1210),(4879,'Mbeya','14',1210),(4880,'Mjini Magharibi','15',1210),(4881,'Morogoro','16',1210),(4882,'Mtwara','17',1210),(4883,'Pwani','19',1210),(4884,'Rukwa','20',1210),(4885,'Ruvuma','21',1210),(4886,'Shinyanga','22',1210),(4887,'Singida','23',1210),(4888,'Tabora','24',1210),(4889,'Tanga','25',1210),(4890,'Cherkas\'ka Oblast\'','71',1224),(4891,'Chernihivs\'ka Oblast\'','74',1224),(4892,'Chernivets\'ka Oblast\'','77',1224),(4893,'Dnipropetrovs\'ka Oblast\'','12',1224),(4894,'Donets\'ka Oblast\'','14',1224),(4895,'Ivano-Frankivs\'ka Oblast\'','26',1224),(4896,'Kharkivs\'ka Oblast\'','63',1224),(4897,'Khersons\'ka Oblast\'','65',1224),(4898,'Khmel\'nyts\'ka Oblast\'','68',1224),(4899,'Kirovohrads\'ka Oblast\'','35',1224),(4900,'Kyivs\'ka Oblast\'','32',1224),(4901,'Luhans\'ka Oblast\'','09',1224),(4902,'L\'vivs\'ka Oblast\'','46',1224),(4903,'Mykolaivs\'ka Oblast\'','48',1224),(4904,'Odes \'ka Oblast\'','51',1224),(4905,'Poltavs\'ka Oblast\'','53',1224),(4906,'Rivnens\'ka Oblast\'','56',1224),(4907,'Sums \'ka Oblast\'','59',1224),(4908,'Ternopil\'s\'ka Oblast\'','61',1224),(4909,'Vinnyts\'ka Oblast\'','05',1224),(4910,'Volyos\'ka Oblast\'','07',1224),(4911,'Zakarpats\'ka Oblast\'','21',1224),(4912,'Zaporiz\'ka Oblast\'','23',1224),(4913,'Zhytomyrs\'ka Oblast\'','18',1224),(4914,'Respublika Krym','43',1224),(4915,'Kyiv','30',1224),(4916,'Sevastopol','40',1224),(4917,'Adjumani','301',1223),(4918,'Apac','302',1223),(4919,'Arua','303',1223),(4920,'Bugiri','201',1223),(4921,'Bundibugyo','401',1223),(4922,'Bushenyi','402',1223),(4923,'Busia','202',1223),(4924,'Gulu','304',1223),(4925,'Hoima','403',1223),(4926,'Iganga','203',1223),(4927,'Jinja','204',1223),(4928,'Kabale','404',1223),(4929,'Kabarole','405',1223),(4930,'Kaberamaido','213',1223),(4931,'Kalangala','101',1223),(4932,'Kampala','102',1223),(4933,'Kamuli','205',1223),(4934,'Kamwenge','413',1223),(4935,'Kanungu','414',1223),(4936,'Kapchorwa','206',1223),(4937,'Kasese','406',1223),(4938,'Katakwi','207',1223),(4939,'Kayunga','112',1223),(4940,'Kibaale','407',1223),(4941,'Kiboga','103',1223),(4942,'Kisoro','408',1223),(4943,'Kitgum','305',1223),(4944,'Kotido','306',1223),(4945,'Kumi','208',1223),(4946,'Kyenjojo','415',1223),(4947,'Lira','307',1223),(4948,'Luwero','104',1223),(4949,'Masaka','105',1223),(4950,'Masindi','409',1223),(4951,'Mayuge','214',1223),(4952,'Mbale','209',1223),(4953,'Mbarara','410',1223),(4954,'Moroto','308',1223),(4955,'Moyo','309',1223),(4956,'Mpigi','106',1223),(4957,'Mubende','107',1223),(4958,'Mukono','108',1223),(4959,'Nakapiripirit','311',1223),(4960,'Nakasongola','109',1223),(4961,'Nebbi','310',1223),(4962,'Ntungamo','411',1223),(4963,'Pader','312',1223),(4964,'Pallisa','210',1223),(4965,'Rakai','110',1223),(4966,'Rukungiri','412',1223),(4967,'Sembabule','111',1223),(4968,'Sironko','215',1223),(4969,'Soroti','211',1223),(4970,'Tororo','212',1223),(4971,'Wakiso','113',1223),(4972,'Yumbe','313',1223),(4973,'Baker Island','81',1227),(4974,'Howland Island','84',1227),(4975,'Jarvis Island','86',1227),(4976,'Johnston Atoll','67',1227),(4977,'Kingman Reef','89',1227),(4978,'Midway Islands','71',1227),(4979,'Navassa Island','76',1227),(4980,'Palmyra Atoll','95',1227),(4981,'Wake Ialand','79',1227),(4982,'Artigsa','AR',1229),(4983,'Canelones','CA',1229),(4984,'Cerro Largo','CL',1229),(4985,'Colonia','CO',1229),(4986,'Durazno','DU',1229),(4987,'Flores','FS',1229),(4988,'Lavalleja','LA',1229),(4989,'Maldonado','MA',1229),(4990,'Montevideo','MO',1229),(4991,'Paysandu','PA',1229),(4992,'Rivera','RV',1229),(4993,'Rocha','RO',1229),(4994,'Salto','SA',1229),(4995,'Soriano','SO',1229),(4996,'Tacuarembo','TA',1229),(4997,'Treinta y Tres','TT',1229),(4998,'Toshkent (city)','TK',1230),(4999,'Qoraqalpogiston Respublikasi','QR',1230),(5000,'Andijon','AN',1230),(5001,'Buxoro','BU',1230),(5002,'Farg\'ona','FA',1230),(5003,'Jizzax','JI',1230),(5004,'Khorazm','KH',1230),(5005,'Namangan','NG',1230),(5006,'Navoiy','NW',1230),(5007,'Qashqadaryo','QA',1230),(5008,'Samarqand','SA',1230),(5009,'Sirdaryo','SI',1230),(5010,'Surxondaryo','SU',1230),(5011,'Toshkent','TO',1230),(5012,'Xorazm','XO',1230),(5013,'Distrito Federal','A',1232),(5014,'Anzoategui','B',1232),(5015,'Apure','C',1232),(5016,'Aragua','D',1232),(5017,'Barinas','E',1232),(5018,'Carabobo','G',1232),(5019,'Cojedes','H',1232),(5020,'Falcon','I',1232),(5021,'Guarico','J',1232),(5022,'Lara','K',1232),(5023,'Merida','L',1232),(5024,'Miranda','M',1232),(5025,'Monagas','N',1232),(5026,'Nueva Esparta','O',1232),(5027,'Portuguesa','P',1232),(5028,'Tachira','S',1232),(5029,'Trujillo','T',1232),(5030,'Vargas','X',1232),(5031,'Yaracuy','U',1232),(5032,'Zulia','V',1232),(5033,'Delta Amacuro','Y',1232),(5034,'Dependencias Federales','W',1232),(5035,'An Giang','44',1233),(5036,'Ba Ria - Vung Tau','43',1233),(5037,'Bac Can','53',1233),(5038,'Bac Giang','54',1233),(5039,'Bac Lieu','55',1233),(5040,'Bac Ninh','56',1233),(5041,'Ben Tre','50',1233),(5042,'Binh Dinh','31',1233),(5043,'Binh Duong','57',1233),(5044,'Binh Phuoc','58',1233),(5045,'Binh Thuan','40',1233),(5046,'Ca Mau','59',1233),(5047,'Can Tho','48',1233),(5048,'Cao Bang','04',1233),(5049,'Da Nang, thanh pho','60',1233),(5050,'Dong Nai','39',1233),(5051,'Dong Thap','45',1233),(5052,'Gia Lai','30',1233),(5053,'Ha Giang','03',1233),(5054,'Ha Nam','63',1233),(5055,'Ha Noi, thu do','64',1233),(5056,'Ha Tay','15',1233),(5057,'Ha Tinh','23',1233),(5058,'Hai Duong','61',1233),(5059,'Hai Phong, thanh pho','62',1233),(5060,'Hoa Binh','14',1233),(5061,'Ho Chi Minh, thanh pho [Sai Gon]','65',1233),(5062,'Hung Yen','66',1233),(5063,'Khanh Hoa','34',1233),(5064,'Kien Giang','47',1233),(5065,'Kon Tum','28',1233),(5066,'Lai Chau','01',1233),(5067,'Lam Dong','35',1233),(5068,'Lang Son','09',1233),(5069,'Lao Cai','02',1233),(5070,'Long An','41',1233),(5071,'Nam Dinh','67',1233),(5072,'Nghe An','22',1233),(5073,'Ninh Binh','18',1233),(5074,'Ninh Thuan','36',1233),(5075,'Phu Tho','68',1233),(5076,'Phu Yen','32',1233),(5077,'Quang Binh','24',1233),(5078,'Quang Nam','27',1233),(5079,'Quang Ngai','29',1233),(5080,'Quang Ninh','13',1233),(5081,'Quang Tri','25',1233),(5082,'Soc Trang','52',1233),(5083,'Son La','05',1233),(5084,'Tay Ninh','37',1233),(5085,'Thai Binh','20',1233),(5086,'Thai Nguyen','69',1233),(5087,'Thanh Hoa','21',1233),(5088,'Thua Thien-Hue','26',1233),(5089,'Tien Giang','46',1233),(5090,'Tra Vinh','51',1233),(5091,'Tuyen Quang','07',1233),(5092,'Vinh Long','49',1233),(5093,'Vinh Phuc','70',1233),(5094,'Yen Bai','06',1233),(5095,'Malampa','MAP',1231),(5096,'Penama','PAM',1231),(5097,'Sanma','SAM',1231),(5098,'Shefa','SEE',1231),(5099,'Tafea','TAE',1231),(5100,'Torba','TOB',1231),(5101,'A\'ana','AA',1185),(5102,'Aiga-i-le-Tai','AL',1185),(5103,'Atua','AT',1185),(5104,'Fa\'aaaleleaga','FA',1185),(5105,'Gaga\'emauga','GE',1185),(5106,'Gagaifomauga','GI',1185),(5107,'Palauli','PA',1185),(5108,'Satupa\'itea','SA',1185),(5109,'Tuamasaga','TU',1185),(5110,'Va\'a-o-Fonoti','VF',1185),(5111,'Vaisigano','VS',1185),(5112,'Crna Gora','CG',1243),(5113,'Srbija','SR',1242),(5114,'Kosovo-Metohija','KM',1242),(5115,'Vojvodina','VO',1242),(5116,'Abyan','AB',1237),(5117,'Adan','AD',1237),(5118,'Ad Dali','DA',1237),(5119,'Al Bayda\'','BA',1237),(5120,'Al Hudaydah','MU',1237),(5121,'Al Mahrah','MR',1237),(5122,'Al Mahwit','MW',1237),(5123,'Amran','AM',1237),(5124,'Dhamar','DH',1237),(5125,'Hadramawt','HD',1237),(5126,'Hajjah','HJ',1237),(5127,'Ibb','IB',1237),(5128,'Lahij','LA',1237),(5129,'Ma\'rib','MA',1237),(5130,'Sa\'dah','SD',1237),(5131,'San\'a\'','SN',1237),(5132,'Shabwah','SH',1237),(5133,'Ta\'izz','TA',1237),(5134,'Eastern Cape','EC',1196),(5135,'Free State','FS',1196),(5136,'Gauteng','GT',1196),(5137,'Kwazulu-Natal','NL',1196),(5138,'Mpumalanga','MP',1196),(5139,'Northern Cape','NC',1196),(5140,'Limpopo','NP',1196),(5141,'Western Cape','WC',1196),(5142,'Copperbelt','08',1239),(5143,'Luapula','04',1239),(5144,'Lusaka','09',1239),(5145,'North-Western','06',1239),(5146,'Bulawayo','BU',1240),(5147,'Harare','HA',1240),(5148,'Manicaland','MA',1240),(5149,'Mashonaland Central','MC',1240),(5150,'Mashonaland East','ME',1240),(5151,'Mashonaland West','MW',1240),(5152,'Masvingo','MV',1240),(5153,'Matabeleland North','MN',1240),(5154,'Matabeleland South','MS',1240),(5155,'Midlands','MI',1240),(5156,'South Karelia','SK',1075),(5157,'South Ostrobothnia','SO',1075),(5158,'Etel-Savo','ES',1075),(5159,'Hme','HH',1075),(5160,'It-Uusimaa','IU',1075),(5161,'Kainuu','KA',1075),(5162,'Central Ostrobothnia','CO',1075),(5163,'Central Finland','CF',1075),(5164,'Kymenlaakso','KY',1075),(5165,'Lapland','LA',1075),(5166,'Tampere Region','TR',1075),(5167,'Ostrobothnia','OB',1075),(5168,'North Karelia','NK',1075),(5169,'Nothern Ostrobothnia','NO',1075),(5170,'Northern Savo','NS',1075),(5171,'Pijt-Hme','PH',1075),(5172,'Satakunta','SK',1075),(5173,'Uusimaa','UM',1075),(5174,'South-West Finland','SW',1075),(5175,'land','AL',1075),(5176,'Limburg','LI',1152),(5177,'Central and Western','CW',1098),(5178,'Eastern','EA',1098),(5179,'Southern','SO',1098),(5180,'Wan Chai','WC',1098),(5181,'Kowloon City','KC',1098),(5182,'Kwun Tong','KU',1098),(5183,'Sham Shui Po','SS',1098),(5184,'Wong Tai Sin','WT',1098),(5185,'Yau Tsim Mong','YT',1098),(5186,'Islands','IS',1098),(5187,'Kwai Tsing','KI',1098),(5188,'North','NO',1098),(5189,'Sai Kung','SK',1098),(5190,'Sha Tin','ST',1098),(5191,'Tai Po','TP',1098),(5192,'Tsuen Wan','TW',1098),(5193,'Tuen Mun','TM',1098),(5194,'Yuen Long','YL',1098),(5195,'Manchester','MR',1108),(5196,'Al Manmah (Al imah)','13',1016),(5197,'Al Janbyah','14',1016),(5199,'Al Wus','16',1016),(5200,'Ash Shamlyah','17',1016),(5201,'Jenin','_A',1165),(5202,'Tubas','_B',1165),(5203,'Tulkarm','_C',1165),(5204,'Nablus','_D',1165),(5205,'Qalqilya','_E',1165),(5206,'Salfit','_F',1165),(5207,'Ramallah and Al-Bireh','_G',1165),(5208,'Jericho','_H',1165),(5209,'Jerusalem','_I',1165),(5210,'Bethlehem','_J',1165),(5211,'Hebron','_K',1165),(5212,'North Gaza','_L',1165),(5213,'Gaza','_M',1165),(5214,'Deir el-Balah','_N',1165),(5215,'Khan Yunis','_O',1165),(5216,'Rafah','_P',1165),(5217,'Brussels','BRU',1020),(5218,'Distrito Federal','DIF',1140),(5219,'Taichung City','TXG',1208),(5220,'Kaohsiung City','KHH',1208),(5221,'Taipei City','TPE',1208),(5222,'Chiayi City','CYI',1208),(5223,'Hsinchu City','HSZ',1208),(5224,'Tainan City','TNN',1208),(9000,'North West','NW',1196),(9986,'Tyne and Wear','TWR',1226),(9988,'Greater Manchester','GTM',1226),(9989,'Co Tyrone','TYR',1226),(9990,'West Yorkshire','WYK',1226),(9991,'South Yorkshire','SYK',1226),(9992,'Merseyside','MSY',1226),(9993,'Berkshire','BRK',1226),(9994,'West Midlands','WMD',1226),(9998,'West Glamorgan','WGM',1226),(9999,'London','LON',1226),(10000,'Carbonia-Iglesias','CI',1107),(10001,'Olbia-Tempio','OT',1107),(10002,'Medio Campidano','VS',1107),(10003,'Ogliastra','OG',1107),(10009,'Jura','39',1076),(10010,'Barletta-Andria-Trani','Bar',1107),(10011,'Fermo','Fer',1107),(10012,'Monza e Brianza','Mon',1107),(10013,'Clwyd','CWD',1226),(10014,'Dyfed','DFD',1226),(10015,'South Glamorgan','SGM',1226),(10016,'Artibonite','AR',1094),(10017,'Centre','CE',1094),(10018,'Nippes','NI',1094),(10019,'Nord','ND',1094),(10020,'La Rioja','F',1010),(10021,'Andorra la Vella','07',1005),(10022,'Canillo','02',1005),(10023,'Encamp','03',1005),(10024,'Escaldes-Engordany','08',1005),(10025,'La Massana','04',1005),(10026,'Ordino','05',1005),(10027,'Sant Julia de Loria','06',1005),(10028,'Abaco Islands','AB',1212),(10029,'Andros Island','AN',1212),(10030,'Berry Islands','BR',1212),(10031,'Eleuthera','EL',1212),(10032,'Grand Bahama','GB',1212),(10033,'Rum Cay','RC',1212),(10034,'San Salvador Island','SS',1212),(10035,'Kongo central','01',1050),(10036,'Kwango','02',1050),(10037,'Kwilu','03',1050),(10038,'Mai-Ndombe','04',1050),(10039,'Kasai','05',1050),(10040,'Lulua','06',1050),(10041,'Lomami','07',1050),(10042,'Sankuru','08',1050),(10043,'Ituri','09',1050),(10044,'Haut-Uele','10',1050),(10045,'Tshopo','11',1050),(10046,'Bas-Uele','12',1050),(10047,'Nord-Ubangi','13',1050),(10048,'Mongala','14',1050),(10049,'Sud-Ubangi','15',1050),(10050,'Tshuapa','16',1050),(10051,'Haut-Lomami','17',1050),(10052,'Lualaba','18',1050),(10053,'Haut-Katanga','19',1050),(10054,'Tanganyika','20',1050),(10055,'Toledo','TO',1198),(10056,'Crdoba','CO',1198),(10057,'Metropolitan Manila','MNL',1170),(10058,'La Paz','LP',1097),(10059,'Yinchuan','YN',1045),(10060,'Shizuishan','SZ',1045),(10061,'Wuzhong','WZ',1045),(10062,'Guyuan','GY',1045),(10063,'Zhongwei','ZW',1045),(10064,'Luxembourg','L',1126),(10065,'Aizkraukles novads','002',1119),(10066,'Jaunjelgavas novads','038',1119),(10067,'Paviu novads','072',1119),(10068,'Kokneses novads','046',1119),(10069,'Neretas novads','065',1119),(10070,'Skrveru novads','092',1119),(10071,'Alksnes novads','007',1119),(10072,'Apes novads','009',1119),(10073,'Balvu novads','015',1119),(10074,'Viakas novads','108',1119),(10075,'Baltinavas novads','014',1119),(10076,'Rugju novads','082',1119),(10077,'Bauskas novads','016',1119),(10078,'Iecavas novads','034',1119),(10079,'Rundles novads','083',1119),(10080,'Vecumnieku novads','105',1119),(10081,'Csu novads','022',1119),(10082,'Lgatnes novads','055',1119),(10083,'Amatas novads','008',1119),(10084,'Jaunpiebalgas novads','039',1119),(10085,'Priekuu novads','075',1119),(10086,'Prgaujas novads','070',1119),(10087,'Raunas novads','076',1119),(10088,'Vecpiebalgas novads','104',1119),(10089,'Daugavpils novads','025',1119),(10090,'Ilkstes novads','036',1119),(10091,'Dobeles novads','026',1119),(10092,'Auces novads','010',1119),(10093,'Trvetes novads','098',1119),(10094,'Gulbenes novads','033',1119),(10095,'Jelgavas novads','041',1119),(10096,'Ozolnieku novads','069',1119),(10097,'Jkabpils novads','042',1119),(10098,'Aknstes novads','004',1119),(10099,'Viestes novads','107',1119),(10100,'Krustpils novads','049',1119),(10101,'Salas novads','085',1119),(10102,'Krslavas novads','047',1119),(10103,'Dagdas novads','024',1119),(10104,'Aglonas novads','001',1119),(10105,'Kuldgas novads','050',1119),(10106,'Skrundas novads','093',1119),(10107,'Alsungas novads','006',1119),(10108,'Aizputes novads','003',1119),(10109,'Durbes novads','028',1119),(10110,'Grobias novads','032',1119),(10111,'Pvilostas novads','071',1119),(10112,'Priekules novads','074',1119),(10113,'Ncas novads','066',1119),(10114,'Rucavas novads','081',1119),(10115,'Vaiodes novads','100',1119),(10116,'Limbau novads','054',1119),(10117,'Alojas novads','005',1119),(10118,'Salacgrvas novads','086',1119),(10119,'Ludzas novads','058',1119),(10120,'Krsavas novads','044',1119),(10121,'Zilupes novads','110',1119),(10122,'Ciblas novads','023',1119),(10123,'Madonas novads','059',1119),(10124,'Cesvaines novads','021',1119),(10125,'Lubnas novads','057',1119),(10126,'Varaknu novads','102',1119),(10127,'rgu novads','030',1119),(10128,'Ogres novads','067',1119),(10129,'Ikiles novads','035',1119),(10130,'eguma novads','051',1119),(10131,'Lielvrdes novads','053',1119),(10132,'Preiu novads','073',1119),(10133,'Lvnu novads','056',1119),(10134,'Riebiu novads','078',1119),(10135,'Vrkavas novads','103',1119),(10136,'Rzeknes novads','077',1119),(10137,'Vinu novads','109',1119),(10138,'Baldones novads','013',1119),(10139,'ekavas novads','052',1119),(10140,'Olaines novads','068',1119),(10141,'Salaspils novads','087',1119),(10142,'Saulkrastu novads','089',1119),(10143,'Siguldas novads','091',1119),(10144,'Inukalna novads','037',1119),(10145,'dau novads','011',1119),(10146,'Babtes novads','012',1119),(10147,'Carnikavas novads','020',1119),(10148,'Garkalnes novads','031',1119),(10149,'Krimuldas novads','048',1119),(10150,'Mlpils novads','061',1119),(10151,'Mrupes novads','062',1119),(10152,'Ropau novads','080',1119),(10153,'Sjas novads','090',1119),(10154,'Stopiu novads','095',1119),(10155,'Saldus novads','088',1119),(10156,'Brocnu novads','018',1119),(10157,'Talsu novads','097',1119),(10158,'Dundagas novads','027',1119),(10159,'Mrsraga novads','063',1119),(10160,'Rojas novads','079',1119),(10161,'Tukuma novads','099',1119),(10162,'Kandavas novads','043',1119),(10163,'Engures novads','029',1119),(10164,'Jaunpils novads','040',1119),(10165,'Valkas novads','101',1119),(10166,'Smiltenes novads','094',1119),(10167,'Strenu novads','096',1119),(10168,'Kocnu novads','045',1119),(10169,'Mazsalacas novads','060',1119),(10170,'Rjienas novads','084',1119),(10171,'Bevernas novads','017',1119),(10172,'Burtnieku novads','019',1119),(10173,'Nauknu novads','064',1119),(10174,'Ventspils novads','106',1119),(10175,'Jkabpils','JKB',1119),(10176,'Valmiera','VMR',1119),(10177,'Florida','FL',1229),(10178,'Rio Negro','RN',1229),(10179,'San Jose','SJ',1229),(10180,'Plateau','PL',1157),(10181,'Pieria','61',1085);
/*!40000 ALTER TABLE `civicrm_state_province` ENABLE KEYS */;
UNLOCK TABLES;

--
-- Dumping data for table `civicrm_subscription_history`
--

LOCK TABLES `civicrm_subscription_history` WRITE;
/*!40000 ALTER TABLE `civicrm_subscription_history` DISABLE KEYS */;
INSERT INTO `civicrm_subscription_history` (`id`, `contact_id`, `group_id`, `date`, `method`, `status`, `tracking`) VALUES (1,104,2,'2014-02-06 10:11:03','Admin','Added',NULL),(2,30,2,'2014-01-30 09:37:01','Admin','Added',NULL),(3,36,2,'2013-11-29 03:51:07','Admin','Added',NULL),(4,177,2,'2013-05-27 06:48:59','Admin','Added',NULL),(5,128,2,'2013-07-20 02:44:11','Admin','Added',NULL),(6,85,2,'2014-02-27 01:13:05','Email','Added',NULL),(7,170,2,'2013-12-18 03:34:21','Email','Added',NULL),(8,58,2,'2013-06-19 08:00:05','Email','Added',NULL),(9,76,2,'2013-07-17 06:22:10','Email','Added',NULL),(10,116,2,'2013-11-03 03:56:25','Admin','Added',NULL),(11,73,2,'2014-04-02 02:28:48','Email','Added',NULL),(12,37,2,'2013-05-05 06:33:54','Admin','Added',NULL),(13,193,2,'2013-11-08 03:04:04','Admin','Added',NULL),(14,12,2,'2014-03-07 02:42:40','Admin','Added',NULL),(15,105,2,'2013-06-19 06:26:34','Admin','Added',NULL),(16,125,2,'2013-05-08 10:42:49','Email','Added',NULL),(17,132,2,'2013-06-06 12:38:44','Email','Added',NULL),(18,171,2,'2013-10-11 04:49:42','Admin','Added',NULL),(19,178,2,'2013-06-23 05:26:35','Email','Added',NULL),(20,19,2,'2013-09-08 12:26:17','Email','Added',NULL),(21,179,2,'2013-07-19 11:47:08','Email','Added',NULL),(22,55,2,'2013-09-08 02:04:48','Email','Added',NULL),(23,173,2,'2013-08-20 12:18:13','Admin','Added',NULL),(24,77,2,'2013-10-24 11:34:09','Email','Added',NULL),(25,141,2,'2014-04-21 07:43:07','Admin','Added',NULL),(26,99,2,'2013-11-02 07:35:24','Admin','Added',NULL),(27,95,2,'2013-10-27 08:39:47','Email','Added',NULL),(28,126,2,'2013-11-22 02:24:30','Email','Added',NULL),(29,159,2,'2014-04-21 03:47:35','Admin','Added',NULL),(30,161,2,'2013-11-05 10:59:38','Admin','Added',NULL),(31,88,2,'2013-06-17 01:41:22','Email','Added',NULL),(32,20,2,'2013-05-18 05:53:46','Email','Added',NULL),(33,146,2,'2013-10-15 06:10:20','Email','Added',NULL),(34,96,2,'2013-09-27 01:26:34','Admin','Added',NULL),(35,118,2,'2014-01-11 11:54:27','Email','Added',NULL),(36,142,2,'2013-10-24 01:24:43','Email','Added',NULL),(37,80,2,'2014-01-27 01:58:09','Email','Added',NULL),(38,109,2,'2014-01-26 05:28:53','Email','Added',NULL),(39,31,2,'2014-03-04 10:28:47','Admin','Added',NULL),(40,113,2,'2013-11-02 12:35:03','Admin','Added',NULL),(41,192,2,'2014-03-14 07:39:55','Admin','Added',NULL),(42,138,2,'2014-04-05 11:15:38','Email','Added',NULL),(43,18,2,'2014-03-12 12:27:32','Admin','Added',NULL),(44,53,2,'2014-01-31 08:53:14','Email','Added',NULL),(45,49,2,'2013-11-30 12:24:15','Email','Added',NULL),(46,74,2,'2014-03-12 04:19:36','Email','Added',NULL),(47,52,2,'2013-11-30 03:51:17','Email','Added',NULL),(48,182,2,'2013-09-15 08:00:08','Admin','Added',NULL),(49,27,2,'2013-08-12 07:14:56','Email','Added',NULL),(50,41,2,'2013-12-12 04:13:49','Email','Added',NULL),(51,6,2,'2014-02-19 08:38:50','Admin','Added',NULL),(52,87,2,'2014-02-22 12:46:45','Admin','Added',NULL),(53,65,2,'2013-08-07 08:21:47','Admin','Added',NULL),(54,185,2,'2013-09-06 09:29:51','Email','Added',NULL),(55,38,2,'2013-08-01 11:04:59','Admin','Added',NULL),(56,143,2,'2014-02-13 07:07:58','Email','Added',NULL),(57,97,2,'2013-10-22 08:19:09','Admin','Added',NULL),(58,136,2,'2013-06-08 01:13:01','Admin','Added',NULL),(59,42,2,'2013-05-23 11:13:03','Email','Added',NULL),(60,150,2,'2013-08-27 03:28:38','Admin','Added',NULL),(61,168,3,'2014-01-27 10:40:52','Email','Added',NULL),(62,64,3,'2013-05-31 09:10:00','Admin','Added',NULL),(63,90,3,'2013-10-31 07:21:24','Admin','Added',NULL),(64,152,3,'2014-04-10 02:08:52','Email','Added',NULL),(65,71,3,'2013-10-05 01:16:44','Admin','Added',NULL),(66,16,3,'2013-09-05 05:54:57','Admin','Added',NULL),(67,157,3,'2013-05-04 10:49:09','Email','Added',NULL),(68,86,3,'2013-07-28 05:55:10','Admin','Added',NULL),(69,181,3,'2013-09-16 06:10:17','Email','Added',NULL),(70,22,3,'2013-05-21 05:28:23','Email','Added',NULL),(71,164,3,'2014-02-12 11:33:59','Email','Added',NULL),(72,98,3,'2013-08-01 04:09:19','Email','Added',NULL),(73,167,3,'2014-02-17 06:50:59','Admin','Added',NULL),(74,43,3,'2014-03-14 10:50:43','Admin','Added',NULL),(75,7,3,'2013-08-13 06:53:50','Admin','Added',NULL),(76,104,4,'2014-04-06 08:50:03','Admin','Added',NULL),(77,58,4,'2013-08-01 11:48:39','Email','Added',NULL),(78,105,4,'2013-07-04 01:59:45','Email','Added',NULL),(79,55,4,'2014-03-06 05:58:33','Admin','Added',NULL),(80,159,4,'2014-03-19 04:23:54','Admin','Added',NULL),(81,142,4,'2013-10-12 04:34:07','Email','Added',NULL),(82,18,4,'2013-07-27 10:13:45','Email','Added',NULL),(83,41,4,'2013-10-17 02:43:20','Admin','Added',NULL);
/*!40000 ALTER TABLE `civicrm_subscription_history` ENABLE KEYS */;
UNLOCK TABLES;

--
-- Dumping data for table `civicrm_survey`
--

LOCK TABLES `civicrm_survey` WRITE;
/*!40000 ALTER TABLE `civicrm_survey` DISABLE KEYS */;
/*!40000 ALTER TABLE `civicrm_survey` ENABLE KEYS */;
UNLOCK TABLES;

--
-- Dumping data for table `civicrm_tag`
--

LOCK TABLES `civicrm_tag` WRITE;
/*!40000 ALTER TABLE `civicrm_tag` DISABLE KEYS */;
INSERT INTO `civicrm_tag` (`id`, `name`, `description`, `parent_id`, `is_selectable`, `is_reserved`, `is_tagset`, `used_for`, `created_id`, `created_date`) VALUES (1,'Non-profit','Any not-for-profit organization.',NULL,1,0,0,'civicrm_contact',NULL,NULL),(2,'Company','For-profit organization.',NULL,1,0,0,'civicrm_contact',NULL,NULL),(3,'Government Entity','Any governmental entity.',NULL,1,0,0,'civicrm_contact',NULL,NULL),(4,'Major Donor','High-value supporter of our organization.',NULL,1,0,0,'civicrm_contact',NULL,NULL),(5,'Volunteer','Active volunteers.',NULL,1,0,0,'civicrm_contact',NULL,NULL);
/*!40000 ALTER TABLE `civicrm_tag` ENABLE KEYS */;
UNLOCK TABLES;

--
-- Dumping data for table `civicrm_tell_friend`
--

LOCK TABLES `civicrm_tell_friend` WRITE;
/*!40000 ALTER TABLE `civicrm_tell_friend` DISABLE KEYS */;
INSERT INTO `civicrm_tell_friend` (`id`, `entity_table`, `entity_id`, `title`, `intro`, `suggested_message`, `general_link`, `thankyou_title`, `thankyou_text`, `is_active`) VALUES (1,'civicrm_contribution_page',1,'Tell A Friend','<p>Help us spread the word and leverage the power of your contribution by telling your friends. Use the space below to personalize your email message - let your friends know why you support us. Then fill in the name(s) and email address(es) and click \'Send Your Message\'.</p>','Thought you might be interested in learning about and helping this organization. I think they do important work.',NULL,'Thanks for Spreading the Word','<p><strong>Thanks for telling your friends about us and supporting our efforts. Together we can make a difference.</strong></p>',1),(2,'civicrm_event',1,'Tell A Friend','<p>Help us spread the word about this event. Use the space below to personalize your email message - let your friends know why you\'re attending. Then fill in the name(s) and email address(es) and click \'Send Your Message\'.</p>','Thought you might be interested in checking out this event. I\'m planning on attending.',NULL,'Thanks for Spreading the Word','<p>Thanks for spreading the word about this event to your friends.</p>',1),(3,'civicrm_event',6,'Tell A Friend','<p>Help us spread the word about this event. Use the space below to personalize your email message - let your friends know why you\'re attending. Then fill in the name(s) and email address(es) and click \'Send Your Message\'.</p>','Thought you might be interested in checking out this event. I\'m planning on attending.',NULL,'Thanks for Spreading the Word','<p>Thanks for spreading the word about this event to your friends.</p>',1),(4,'civicrm_event',1,'Tell A Friend','<p>Help us spread the word about this event. Use the space below to personalize your email message - let your friends know why you\'re attending. Then fill in the name(s) and email address(es) and click \'Send Your Message\'.</p>','Thought you might be interested in checking out this event. I\'m planning on attending.',NULL,'Thanks for Spreading the Word','<p>Thanks for spreading the word about this event to your friends.</p>',1),(5,'civicrm_event',3,'Tell A Friend','<p>Help us spread the word about this event. Use the space below to personalize your email message - let your friends know why you\'re attending. Then fill in the name(s) and email address(es) and click \'Send Your Message\'.</p>','Thought you might be interested in checking out this event. I\'m planning on attending.',NULL,'Thanks for Spreading the Word','<p>Thanks for spreading the word about this event to your friends.</p>',1),(6,'civicrm_event',4,'Tell A Friend','<p>Help us spread the word about this event. Use the space below to personalize your email message - let your friends know why you\'re attending. Then fill in the name(s) and email address(es) and click \'Send Your Message\'.</p>','Thought you might be interested in checking out this event. I\'m planning on attending.',NULL,'Thanks for Spreading the Word','<p>Thanks for spreading the word about this event to your friends.</p>',1),(7,'civicrm_event',5,'Tell A Friend','<p>Help us spread the word about this event. Use the space below to personalize your email message - let your friends know why you\'re attending. Then fill in the name(s) and email address(es) and click \'Send Your Message\'.</p>','Thought you might be interested in checking out this event. I\'m planning on attending.',NULL,'Thanks for Spreading the Word','<p>Thanks for spreading the word about this event to your friends.</p>',1),(8,'civicrm_event',2,'Tell A Friend','<p>Help us spread the word about this event. Use the space below to personalize your email message - let your friends know why you\'re attending. Then fill in the name(s) and email address(es) and click \'Send Your Message\'.</p>','Thought you might be interested in checking out this event. I\'m planning on attending.',NULL,'Thanks for Spreading the Word','<p>Thanks for spreading the word about this event to your friends.</p>',1);
/*!40000 ALTER TABLE `civicrm_tell_friend` ENABLE KEYS */;
UNLOCK TABLES;

--
-- Dumping data for table `civicrm_timezone`
--

LOCK TABLES `civicrm_timezone` WRITE;
/*!40000 ALTER TABLE `civicrm_timezone` DISABLE KEYS */;
/*!40000 ALTER TABLE `civicrm_timezone` ENABLE KEYS */;
UNLOCK TABLES;

--
-- Dumping data for table `civicrm_uf_field`
--

LOCK TABLES `civicrm_uf_field` WRITE;
/*!40000 ALTER TABLE `civicrm_uf_field` DISABLE KEYS */;
INSERT INTO `civicrm_uf_field` (`id`, `uf_group_id`, `field_name`, `is_active`, `is_view`, `is_required`, `weight`, `help_post`, `help_pre`, `visibility`, `in_selector`, `is_searchable`, `location_type_id`, `phone_type_id`, `label`, `field_type`, `is_reserved`, `is_multi_summary`) VALUES (1,1,'first_name',1,0,1,1,NULL,NULL,'User and User Admin Only',0,0,NULL,NULL,'First Name','Individual',0,0),(2,1,'last_name',1,0,1,2,NULL,NULL,'User and User Admin Only',0,0,NULL,NULL,'Last Name','Individual',0,0),(3,1,'street_address',1,0,0,3,NULL,NULL,'User and User Admin Only',0,0,1,NULL,'Street Address (Home)','Contact',0,0),(4,1,'city',1,0,0,4,NULL,NULL,'User and User Admin Only',0,0,1,NULL,'City (Home)','Contact',0,0),(5,1,'postal_code',1,0,0,5,NULL,NULL,'User and User Admin Only',0,0,1,NULL,'Postal Code (Home)','Contact',0,0),(6,1,'country',1,0,0,6,NULL,NULL,'User and User Admin Only',0,0,1,NULL,'Country (Home)','Contact',0,0),(7,1,'state_province',1,0,0,7,NULL,NULL,'User and User Admin Only',0,0,1,NULL,'State (Home)','Contact',0,0),(8,2,'first_name',1,0,1,1,NULL,NULL,'User and User Admin Only',0,0,NULL,NULL,'First Name','Individual',0,0),(9,2,'last_name',1,0,1,2,NULL,NULL,'User and User Admin Only',0,0,NULL,NULL,'Last Name','Individual',0,0),(10,2,'email',1,0,1,3,NULL,NULL,'User and User Admin Only',0,0,NULL,NULL,'Email Address','Contact',0,0),(11,3,'participant_status',1,0,1,1,NULL,NULL,'User and User Admin Only',0,0,NULL,NULL,'Participant Status','Participant',1,0),(12,4,'first_name',1,0,1,1,NULL,NULL,'User and User Admin Only',0,0,NULL,NULL,'First Name','Individual',0,0),(13,4,'last_name',1,0,1,2,NULL,NULL,'User and User Admin Only',0,0,NULL,NULL,'Last Name','Individual',0,0),(14,4,'email',1,0,0,3,NULL,NULL,'User and User Admin Only',0,0,NULL,NULL,'Email Address','Contact',0,0),(15,5,'organization_name',1,0,1,2,NULL,NULL,'User and User Admin Only',0,0,NULL,NULL,'Organization Name','Organization',0,0),(16,5,'email',1,0,0,3,NULL,NULL,'User and User Admin Only',0,0,NULL,NULL,'Email Address','Contact',0,0),(17,6,'household_name',1,0,1,2,NULL,NULL,'User and User Admin Only',0,0,NULL,NULL,'Household Name','Household',0,0),(18,6,'email',1,0,0,3,NULL,NULL,'User and User Admin Only',0,0,NULL,NULL,'Email Address','Contact',0,0),(19,7,'phone',1,0,1,1,NULL,NULL,'User and User Admin Only',0,0,1,1,'Home Phone','Contact',0,0),(20,7,'phone',1,0,1,2,NULL,NULL,'User and User Admin Only',0,0,1,2,'Home Mobile','Contact',0,0),(21,7,'street_address',1,0,1,3,NULL,NULL,'User and User Admin Only',0,0,NULL,NULL,'Primary Address','Contact',0,0),(22,7,'city',1,0,1,4,NULL,NULL,'User and User Admin Only',0,0,NULL,NULL,'City','Contact',0,0),(23,7,'state_province',1,0,1,5,NULL,NULL,'User and User Admin Only',0,0,NULL,NULL,'State','Contact',0,0),(24,7,'postal_code',1,0,1,6,NULL,NULL,'User and User Admin Only',0,0,NULL,NULL,'Postal Code','Contact',0,0),(25,7,'email',1,0,1,7,NULL,NULL,'User and User Admin Only',0,0,NULL,NULL,'Primary Email','Contact',0,0),(26,7,'group',1,0,1,8,NULL,NULL,'User and User Admin Only',0,0,NULL,NULL,'Groups','Contact',0,0),(27,7,'tag',1,0,1,9,NULL,NULL,'User and User Admin Only',0,0,NULL,NULL,'Tags','Contact',0,0),(28,7,'gender_id',1,0,1,10,NULL,NULL,'User and User Admin Only',0,0,NULL,NULL,'Gender','Individual',0,0),(29,7,'birth_date',1,0,1,11,NULL,NULL,'User and User Admin Only',0,0,NULL,NULL,'Date of Birth','Individual',0,0),(30,8,'street_address',1,0,1,1,NULL,NULL,'User and User Admin Only',0,0,1,NULL,'Street Address (Home)','Contact',1,0),(31,8,'city',1,0,1,2,NULL,NULL,'User and User Admin Only',0,0,1,NULL,'City (Home)','Contact',1,0),(32,8,'postal_code',1,0,0,3,NULL,NULL,'User and User Admin Only',0,0,1,NULL,'Postal Code (Home)','Contact',0,0),(33,8,'country',1,0,0,4,NULL,NULL,'User and User Admin Only',0,0,1,NULL,'Country (Home)','Contact',0,0),(34,8,'state_province',1,0,0,5,NULL,NULL,'User and User Admin Only',0,0,1,NULL,'State (Home)','Contact',0,0),(35,9,'organization_name',1,0,1,1,NULL,NULL,'User and User Admin Only',0,0,NULL,NULL,'Organization Name','Organization',0,0),(36,9,'phone',1,0,1,2,NULL,NULL,'User and User Admin Only',0,0,3,1,'Phone (Main) ','Contact',0,0),(37,9,'email',1,0,1,3,NULL,NULL,'User and User Admin Only',0,0,3,NULL,'Email (Main) ','Contact',0,0),(38,9,'street_address',1,0,1,4,NULL,NULL,'User and User Admin Only',0,0,3,NULL,'Street Address','Contact',0,0),(39,9,'city',1,0,1,5,NULL,NULL,'User and User Admin Only',0,0,3,NULL,'City','Contact',0,0),(40,9,'postal_code',1,0,1,6,NULL,NULL,'User and User Admin Only',0,0,3,NULL,'Postal Code','Contact',0,0),(41,9,'country',1,0,1,7,NULL,NULL,'User and User Admin Only',0,0,3,NULL,'Country','Contact',0,0),(42,9,'state_province',1,0,1,8,NULL,NULL,'User and User Admin Only',0,0,3,NULL,'State / Province','Contact',0,0),(43,10,'financial_type',1,0,1,1,NULL,NULL,'User and User Admin Only',0,0,NULL,NULL,'Type','Contribution',1,0),(44,10,'total_amount',1,0,1,2,NULL,NULL,'User and User Admin Only',0,0,NULL,NULL,'Amount','Contribution',1,0),(45,10,'contribution_status_id',1,0,1,3,NULL,NULL,'User and User Admin Only',0,0,NULL,NULL,'Status','Contribution',1,0),(46,10,'receive_date',1,0,1,4,NULL,NULL,'User and User Admin Only',0,0,NULL,NULL,'Received','Contribution',1,0),(47,10,'contribution_source',1,0,0,5,NULL,NULL,'User and User Admin Only',0,0,NULL,NULL,'Source','Contribution',0,0),(48,10,'payment_instrument',1,0,0,6,NULL,NULL,'User and User Admin Only',0,0,NULL,NULL,'Paid By','Contribution',0,0),(49,10,'check_number',1,0,0,7,NULL,NULL,'User and User Admin Only',0,0,NULL,NULL,'Check Number','Contribution',0,0),(50,10,'send_receipt',1,0,0,8,NULL,NULL,'User and User Admin Only',0,0,NULL,NULL,'Send Receipt','Contribution',0,0),(51,10,'invoice_id',1,0,0,9,NULL,NULL,'User and User Admin Only',0,0,NULL,NULL,'Invoice ID','Contribution',0,0),(52,10,'soft_credit',1,0,0,10,NULL,NULL,'User and User Admin Only',0,0,NULL,NULL,'Soft Credit','Contribution',0,0),(53,10,'soft_credit_type',1,0,0,11,NULL,NULL,'User and User Admin Only',0,0,NULL,NULL,'Soft Credit Type','Contribution',0,0),(54,11,'membership_type',1,0,1,1,NULL,NULL,'User and User Admin Only',0,0,NULL,NULL,'Type','Membership',1,0),(55,11,'join_date',1,0,1,2,NULL,NULL,'User and User Admin Only',0,0,NULL,NULL,'Member Since','Membership',1,0),(56,11,'membership_start_date',1,0,0,3,NULL,NULL,'User and User Admin Only',0,0,NULL,NULL,'Start Date','Membership',1,0),(57,11,'membership_end_date',1,0,0,4,NULL,NULL,'User and User Admin Only',0,0,NULL,NULL,'End Date','Membership',1,0),(58,11,'membership_source',1,0,0,5,NULL,NULL,'User and User Admin Only',0,0,NULL,NULL,'Source','Membership',0,0),(59,11,'send_receipt',1,0,0,6,NULL,NULL,'User and User Admin Only',0,0,NULL,NULL,'Send Receipt','Membership',0,0),(60,11,'financial_type',1,0,1,7,NULL,NULL,'User and User Admin Only',0,0,NULL,NULL,'Financial Type','Membership',1,0),(61,11,'total_amount',1,0,1,8,NULL,NULL,'User and User Admin Only',0,0,NULL,NULL,'Amount','Membership',1,0),(62,11,'receive_date',1,0,1,9,NULL,NULL,'User and User Admin Only',0,0,NULL,NULL,'Received','Membership',1,0),(63,11,'payment_instrument',1,0,0,10,NULL,NULL,'User and User Admin Only',0,0,NULL,NULL,'Paid By','Membership',0,0),(64,11,'check_number',1,0,0,11,NULL,NULL,'User and User Admin Only',0,0,NULL,NULL,'Check Number','Membership',0,0),(65,11,'contribution_status_id',1,0,1,12,NULL,NULL,'User and User Admin Only',0,0,NULL,NULL,'Payment Status','Membership',1,0),(66,11,'soft_credit',1,0,0,13,NULL,NULL,'User and User Admin Only',0,0,NULL,NULL,'Soft Credit','Membership',0,0),(67,12,'first_name',1,0,1,1,NULL,NULL,'User and User Admin Only',0,0,NULL,NULL,'First Name','Individual',0,0),(68,12,'last_name',1,0,1,2,NULL,NULL,'User and User Admin Only',0,0,NULL,NULL,'Last Name','Individual',0,0),(69,12,'email',1,0,1,3,NULL,NULL,'User and User Admin Only',0,0,NULL,NULL,'Email Address','Contact',0,0),(70,13,'prefix_id',1,0,0,1,NULL,NULL,'User and User Admin Only',0,0,NULL,NULL,'Individual Prefix','Individual',1,0),(71,13,'first_name',1,0,1,2,NULL,NULL,'User and User Admin Only',0,0,NULL,NULL,'First Name','Individual',1,0),(72,13,'last_name',1,0,1,3,NULL,NULL,'User and User Admin Only',0,0,NULL,NULL,'Last Name','Individual',1,0),(73,13,'email',1,0,0,4,NULL,NULL,'User and User Admin Only',0,0,1,NULL,'Email Address','Contact',1,0);
/*!40000 ALTER TABLE `civicrm_uf_field` ENABLE KEYS */;
UNLOCK TABLES;

--
-- Dumping data for table `civicrm_uf_group`
--

LOCK TABLES `civicrm_uf_group` WRITE;
/*!40000 ALTER TABLE `civicrm_uf_group` DISABLE KEYS */;
INSERT INTO `civicrm_uf_group` (`id`, `is_active`, `group_type`, `title`, `description`, `help_pre`, `help_post`, `limit_listings_group_id`, `post_URL`, `add_to_group_id`, `add_captcha`, `is_map`, `is_edit_link`, `is_uf_link`, `is_update_dupe`, `cancel_URL`, `is_cms_user`, `notify`, `is_reserved`, `name`, `created_id`, `created_date`, `is_proximity_search`) VALUES (1,1,'Individual,Contact','Name and Address',NULL,NULL,NULL,NULL,NULL,NULL,0,0,0,0,0,NULL,0,NULL,0,'name_and_address',NULL,NULL,0),(2,1,'Individual,Contact','Supporter Profile',NULL,NULL,'<p><strong>The information you provide will NOT be shared with any third party organisations.</strong></p><p>Thank you for getting involved in our campaign!</p>',NULL,NULL,NULL,0,0,0,0,0,NULL,2,NULL,0,'supporter_profile',NULL,NULL,0),(3,1,'Participant','Participant Status',NULL,NULL,NULL,NULL,NULL,NULL,0,0,0,0,0,NULL,0,NULL,1,'participant_status',NULL,NULL,0),(4,1,'Individual,Contact','New Individual',NULL,NULL,NULL,NULL,NULL,NULL,0,0,0,0,0,NULL,0,NULL,1,'new_individual',NULL,NULL,0),(5,1,'Organization,Contact','New Organization',NULL,NULL,NULL,NULL,NULL,NULL,0,0,0,0,0,NULL,0,NULL,1,'new_organization',NULL,NULL,0),(6,1,'Household,Contact','New Household',NULL,NULL,NULL,NULL,NULL,NULL,0,0,0,0,0,NULL,0,NULL,1,'new_household',NULL,NULL,0),(7,1,'Contact','Summary Overlay',NULL,NULL,NULL,NULL,NULL,NULL,0,0,0,0,0,NULL,0,NULL,1,'summary_overlay',NULL,NULL,0),(8,1,'Contact','Shared Address',NULL,NULL,NULL,NULL,NULL,NULL,0,0,0,0,0,NULL,0,NULL,1,'shared_address',NULL,NULL,0),(9,1,'Contact,Organization','On Behalf Of Organization',NULL,NULL,NULL,NULL,NULL,NULL,0,0,0,0,0,NULL,0,NULL,1,'on_behalf_organization',NULL,NULL,0),(10,1,'Contribution','Contribution Bulk Entry',NULL,NULL,NULL,NULL,NULL,NULL,0,0,0,0,0,NULL,0,NULL,1,'contribution_batch_entry',NULL,NULL,0),(11,1,'Membership','Membership Bulk Entry',NULL,NULL,NULL,NULL,NULL,NULL,0,0,0,0,0,NULL,0,NULL,1,'membership_batch_entry',NULL,NULL,0),(12,1,'Individual,Contact','Your Registration Info',NULL,NULL,NULL,NULL,NULL,NULL,0,0,0,0,0,NULL,0,NULL,0,'event_registration',NULL,NULL,0),(13,1,'Individual,Contact','Honoree Individual',NULL,NULL,NULL,NULL,NULL,NULL,0,0,0,0,0,NULL,0,NULL,1,'honoree_individual',NULL,NULL,0);
/*!40000 ALTER TABLE `civicrm_uf_group` ENABLE KEYS */;
UNLOCK TABLES;

--
-- Dumping data for table `civicrm_uf_join`
--

LOCK TABLES `civicrm_uf_join` WRITE;
/*!40000 ALTER TABLE `civicrm_uf_join` DISABLE KEYS */;
INSERT INTO `civicrm_uf_join` (`id`, `is_active`, `module`, `entity_table`, `entity_id`, `weight`, `uf_group_id`, `module_data`) VALUES (1,1,'User Registration',NULL,NULL,1,1,NULL),(2,1,'User Account',NULL,NULL,1,1,NULL),(3,1,'Profile',NULL,NULL,1,1,NULL),(4,1,'Profile',NULL,NULL,2,2,NULL),(5,1,'Profile',NULL,NULL,11,12,NULL),(6,1,'CiviEvent','civicrm_event',6,1,12,NULL),(7,1,'CiviEvent','civicrm_event',1,1,12,NULL),(8,1,'CiviEvent','civicrm_event',3,1,12,NULL),(9,1,'CiviEvent','civicrm_event',4,1,12,NULL),(10,1,'CiviEvent','civicrm_event',5,1,12,NULL),(11,1,'CiviEvent','civicrm_event',2,1,12,NULL);
/*!40000 ALTER TABLE `civicrm_uf_join` ENABLE KEYS */;
UNLOCK TABLES;

--
-- Dumping data for table `civicrm_uf_match`
--

LOCK TABLES `civicrm_uf_match` WRITE;
/*!40000 ALTER TABLE `civicrm_uf_match` DISABLE KEYS */;
/*!40000 ALTER TABLE `civicrm_uf_match` ENABLE KEYS */;
UNLOCK TABLES;

--
-- Dumping data for table `civicrm_website`
--

LOCK TABLES `civicrm_website` WRITE;
/*!40000 ALTER TABLE `civicrm_website` DISABLE KEYS */;
INSERT INTO `civicrm_website` (`id`, `contact_id`, `url`, `website_type_id`) VALUES (1,63,'http://tennesseeinitiative.org',1),(2,91,'http://kentuckyartspartners.org',1),(3,153,'http://ruralinitiative.org',1),(4,33,'http://sacramentolegal.org',1),(5,61,'http://globalempowerment.org',1),(6,190,'http://njdevelopmentservices.org',1),(7,123,'http://limafund.org',1),(8,130,'http://lincolnenvironmentalsolutions.org',1),(9,137,'http://beechalliance.org',1),(10,165,'http://globalhealthschool.org',1),(11,135,'http://georgiawellnessacademy.org',1),(12,110,'http://pinewoodaction.org',1),(13,89,'http://ruralsustainability.org',1),(14,172,'http://ohioassociation.org',1),(15,169,'http://woodbridgedevelopment.org',1),(16,122,'http://unitedactionacademy.org',1);
/*!40000 ALTER TABLE `civicrm_website` ENABLE KEYS */;
UNLOCK TABLES;

--
-- Dumping data for table `civicrm_word_replacement`
--

LOCK TABLES `civicrm_word_replacement` WRITE;
/*!40000 ALTER TABLE `civicrm_word_replacement` DISABLE KEYS */;
/*!40000 ALTER TABLE `civicrm_word_replacement` ENABLE KEYS */;
UNLOCK TABLES;

--
-- Dumping data for table `civicrm_worldregion`
--

LOCK TABLES `civicrm_worldregion` WRITE;
/*!40000 ALTER TABLE `civicrm_worldregion` DISABLE KEYS */;
INSERT INTO `civicrm_worldregion` (`id`, `name`) VALUES (1,'Europe and Central Asia'),(2,'America South, Central, North and Caribbean'),(3,'Middle East and North Africa'),(4,'Asia-Pacific'),(5,'Africa West, East, Central and Southern'),(99,'unassigned');
/*!40000 ALTER TABLE `civicrm_worldregion` ENABLE KEYS */;
UNLOCK TABLES;
/*!40103 SET TIME_ZONE=@OLD_TIME_ZONE */;

/*!40101 SET SQL_MODE=@OLD_SQL_MODE */;
/*!40014 SET FOREIGN_KEY_CHECKS=@OLD_FOREIGN_KEY_CHECKS */;
/*!40014 SET UNIQUE_CHECKS=@OLD_UNIQUE_CHECKS */;
/*!40101 SET CHARACTER_SET_CLIENT=@OLD_CHARACTER_SET_CLIENT */;
/*!40101 SET CHARACTER_SET_RESULTS=@OLD_CHARACTER_SET_RESULTS */;
/*!40101 SET COLLATION_CONNECTION=@OLD_COLLATION_CONNECTION */;
/*!40111 SET SQL_NOTES=@OLD_SQL_NOTES */;

-- Dump completed on 2014-04-30 15:09:42
-- +--------------------------------------------------------------------+
-- | CiviCRM version 3.4                                                |
-- +--------------------------------------------------------------------+
-- | Copyright CiviCRM LLC (c) 2004-2010                                |
-- +--------------------------------------------------------------------+
-- | This file is a part of CiviCRM.                                    |
-- |                                                                    |
-- | CiviCRM is free software; you can copy, modify, and distribute it  |
-- | under the terms of the GNU Affero General Public License           |
-- | Version 3, 19 November 2007 and the CiviCRM Licensing Exception.   |
-- |                                                                    |
-- | CiviCRM is distributed in the hope that it will be useful, but     |
-- | WITHOUT ANY WARRANTY; without even the implied warranty of         |
-- | MERCHANTABILITY or FITNESS FOR A PARTICULAR PURPOSE.               |
-- | See the GNU Affero General Public License for more details.        |
-- |                                                                    |
-- | You should have received a copy of the GNU Affero General Public   |
-- | License and the CiviCRM Licensing Exception along                  |
-- | with this program; if not, contact CiviCRM LLC                     |
-- | at info[AT]civicrm[DOT]org. If you have questions about the        |
-- | GNU Affero General Public License or the licensing of CiviCRM,     |
-- | see the CiviCRM license FAQ at http://civicrm.org/licensing        |
-- +--------------------------------------------------------------------+


-- /*******************************************************
-- *
-- * Sample Custom Data
-- *
-- *******************************************************/

-- /*******************************************************
-- *
-- * create custom group
-- *
-- *******************************************************/
INSERT INTO `civicrm_custom_group` (`name`, `title`, `extends`, `style`, `collapse_display`, `help_pre`, `weight`, `is_active`, `table_name`, `is_multiple`) VALUES ( 'constituent_information', 'Constituent Information', 'Individual', 'Inline', 1, 'Please enter additional constituent information as data becomes available for this contact.', 1, 1,'civicrm_value_constituent_information_1', 0);



-- /*******************************************************
-- *
-- * create option group for storing custom options for custom fields
-- *
-- *******************************************************/
INSERT INTO  `civicrm_option_group` (`name`, `title`, `is_reserved`, `is_active`) VALUES ('custom_most_important_issue', 'Most Important Issue', 1, 1), ( 'custom_marital_status', 'Marital Status', 1, 1);

SELECT @option_most_id    := max(id) from civicrm_option_group where name = 'custom_most_important_issue';
SELECT @option_marital_id := max(id) from civicrm_option_group where name = 'custom_marital_status';



-- /*******************************************************
-- *
-- * create option values (custom options for custom fields)
-- *
-- *******************************************************/
INSERT INTO `civicrm_option_value` (`option_group_id`, `label`, `value`, `weight`, `is_active`, `is_default`) VALUES (@option_most_id   , 'Education', 'Edu', 1, 1,0), (@option_most_id   , 'Environment', 'Env', 2, 1,0), (@option_most_id   , 'Social Justice', 'SocJus', 3, 1,0),(@option_marital_id, 'Single', 'S', 1, 1,0),(@option_marital_id, 'Married', 'M', 2, 1,0), (@option_marital_id, 'Domestic Partner', 'D', 3, 1,0), (@option_marital_id, 'Widowed', 'W', 4, 1,0), (@option_marital_id, 'Other', 'O', 5, 1,0);


-- /*******************************************************
-- *
-- * create custom field
-- *
-- *******************************************************/
INSERT INTO `civicrm_custom_field` (`custom_group_id`, `name`, `label`, `data_type`, `html_type`, `text_length`, `is_required`, `weight`, `help_post`, `is_active`, `is_view`, `is_searchable`, `options_per_line`, `column_name`, `option_group_id`, `start_date_years`, `end_date_years`, `date_format`, `time_format` ) VALUES (1, 'Most_Important_Issue', 'Most Important Issue', 'String', 'Radio', 255, 0, 1, '', 1, 0, 1, NULL, 'most_important_issue_1', @option_most_id, NULL, NULL, NULL, NULL), (1, 'Marital_Status', 'Marital Status', 'String', 'Select', 255, 0, 2, '', 1, 0, 1, NULL, 'marital_status_2', @option_marital_id, NULL, NULL, NULL, NULL), (1, 'Marriage_Date', 'Marriage Date', 'Date', 'Select Date', NULL, 0, 3, '', 1, 0, 1, NULL, 'marriage_date_3', NULL, 30, 0, 'mm/dd/yy', 0);


-- /*******************************************************
-- *
-- * create table to store custom values of a custom group
-- *
-- *******************************************************/
DROP TABLE IF EXISTS `civicrm_value_constituent_information_1`;
CREATE TABLE `civicrm_value_constituent_information_1` (`id` int(10) unsigned NOT NULL auto_increment, `entity_id` int(10) unsigned NOT NULL,  `most_important_issue_1` varchar(255) default NULL,  `marital_status_2` varchar(255) default NULL, `marriage_date_3` datetime default NULL, PRIMARY KEY  (`id`), UNIQUE KEY `unique_entity_id` (`entity_id`), INDEX `INDEX_most_important_issue_1` (`most_important_issue_1`), INDEX `INDEX_marital_status_2` (`marital_status_2`), INDEX `INDEX_marriage_date_3` (`marriage_date_3`), CONSTRAINT `FK_civicrm_value_constituent_information_1_entity_id` FOREIGN KEY (`entity_id`) REFERENCES `civicrm_contact` (`id`) ON DELETE CASCADE) ENGINE=InnoDB DEFAULT CHARSET=utf8 COLLATE=utf8_unicode_ci;



-- Fall Fundraiser Dinner participants custom data

INSERT INTO civicrm_option_group  ( name, title, is_active, is_reserved ) VALUES  ('soup_selection', 'Soup Selection', 1, 1);
SELECT @ogid := MAX(id) FROM civicrm_option_group;

INSERT INTO civicrm_custom_group ( name, title,  extends, extends_entity_column_id, extends_entity_column_value, style, is_active, table_name) VALUES ('Food_Preference', 'Food Preference', 'Participant', 2, '1', 'Inline', 1, 'civicrm_value_food_preference_2');
SELECT @cgid := MAX(id) FROM civicrm_custom_group;

INSERT INTO civicrm_custom_field ( custom_group_id, label, name, data_type, html_type, is_active, text_length, note_columns, note_rows, column_name, option_group_id, is_searchable ) VALUES  ( @cgid, 'Soup Selection', 'Soup_Selection', 'String',  'Radio',   1,  255, 60, 4, 'soup_selection_4', @ogid, 1);

INSERT INTO civicrm_option_value ( option_group_id, label, value, name, weight ) VALUES  ( @ogid, 'Bean Broth', 'bean', 'Bean_Broth', 1 ), ( @ogid, 'Chicken Combo', 'chicken', 'Chicken_Combo', 2), ( @ogid, 'Salmon Stew',  'salmon', 'Salmon_Stew',   3);

DROP TABLE IF EXISTS `civicrm_value_food_preference_2`;
CREATE TABLE civicrm_value_food_preference_2 ( id INT(10) UNSIGNED NOT NULL AUTO_INCREMENT COMMENT 'Default MySQL primary key', entity_id INT(10) UNSIGNED NOT NULL COMMENT 'Table that this extends', soup_selection_4 VARCHAR(255) DEFAULT NULL, PRIMARY KEY (id), UNIQUE KEY unique_entity_id (entity_id), CONSTRAINT `FK_civicrm_value_food_preference_2_entity_id` FOREIGN KEY (`entity_id`) REFERENCES `civicrm_participant` (`id`) ON DELETE CASCADE ) ENGINE=InnoDB DEFAULT CHARSET=utf8 COLLATE=utf8_unicode_ci;

-- Donors custom data

INSERT INTO `civicrm_custom_group` (`name`, `title`, `extends`, `extends_entity_column_id`, `extends_entity_column_value`, `style`, `is_active`, `table_name`) VALUES ('Donor_Information', 'Donor Information', 'Contribution', NULL, NULL, 'Inline', 1, 'civicrm_value_donor_information_3');

SELECT @cgid_contribution := MAX(id) FROM civicrm_custom_group;

INSERT INTO civicrm_option_group  ( name, title, is_active ) VALUES ('how_long_have_you_been_a_donor', 'How long have you been a donor?', 1);

SELECT @ogid_contribution := MAX(id) FROM civicrm_option_group;

INSERT INTO `civicrm_custom_field` (`custom_group_id`, `label`, `name`, `data_type`, `html_type`, `is_active`,  `text_length`,`note_columns`, `note_rows`, `column_name`, `option_group_id`) VALUES (@cgid_contribution, 'Known areas of interest', 'Known_areas_of_interest', 'Memo', 'TextArea', 1, 255, 60, 4, 'known_areas_of_interest_5', NULL),(@cgid_contribution, 'How long have you been a donor?', 'How_long_have_you_been_a_donor_', 'String', 'Radio', 1, 255, 60, 4, 'how_long_have_you_been_a_donor_6', @ogid_contribution);

INSERT INTO `civicrm_option_value` (`option_group_id`, `label`, `value`, `name`, `weight`) VALUES (@ogid_contribution, 'Less than 1 year', '1', 'Less_than_1_year', 1), (@ogid_contribution, '1-3 years', '2', '1_3_years', 2),(@ogid_contribution, '4-6 years', '3', '4_6_years', 3),(@ogid_contribution, '7-9 years', '4', '7_9_years', 4),(@ogid_contribution, 'More than 9 years', '5', 'More_than_9_years', 5);

DROP TABLE IF EXISTS `civicrm_value_donor_information_3`;
CREATE TABLE IF NOT EXISTS `civicrm_value_donor_information_3` ( `id` int(10) unsigned NOT NULL AUTO_INCREMENT COMMENT 'Default MySQL primary key',  `entity_id` int(10) unsigned NOT NULL COMMENT 'Table that this extends', `known_areas_of_interest_5` text COLLATE utf8_unicode_ci, `how_long_have_you_been_a_donor_6` varchar(255) COLLATE utf8_unicode_ci DEFAULT NULL, PRIMARY KEY (`id`), UNIQUE KEY `unique_entity_id` (`entity_id`) ) ENGINE=InnoDB DEFAULT CHARSET=utf8 COLLATE=utf8_unicode_ci;
-- /**********************************************************************
-- *
-- * Configuration Data for CiviCase Component
-- * For: Sample Case Types - Housing Support and Adult Day Care Referral
-- *
-- **********************************************************************/

SELECT @caseCompId := id FROM `civicrm_component` where `name` like 'CiviCase';

-- /*******************************************************
-- *
-- * Case Types
-- *
-- *******************************************************/
SELECT @option_group_id_case_type        := max(id) from civicrm_option_group where name = 'case_type';
SELECT @max_val :=  IF ( value <> 'NULL',max(value) , 0 ) from civicrm_option_value where option_group_id=@option_group_id_case_type;
SELECT @max_wt  :=  IF ( value <> 'NULL',max(weight), 0 ) from civicrm_option_value where option_group_id=@option_group_id_case_type;

INSERT INTO `civicrm_option_value` (`option_group_id`, `label`, `value`, `name`, `grouping`, `filter`, `is_default`, `weight`, `description`, `is_optgroup`, `is_reserved`, `is_active`) VALUES (@option_group_id_case_type, 'Housing Support',  @max_val + 1, 'housing_support', NULL, 0,  0, @max_wt + 1, 'Help homeless individuals obtain temporary and long-term housing', 0, 0, 1), (@option_group_id_case_type, 'Adult Day Care Referral',  @max_val + 2, 'adult_day_care_referral', NULL, 0,  0, @max_wt + 2, 'Arranging adult day care for senior individuals', 0, 0, 1);

-- /*******************************************************
-- *
-- * Case Status - Set names for Open and Closed
-- *
-- *******************************************************/
SELECT @csgId        := max(id) from civicrm_option_group where name = 'case_status';
UPDATE civicrm_option_value SET name = 'Open' where option_group_id = @csgId AND label = 'Ongoing';
UPDATE civicrm_option_value SET name = 'Closed' where option_group_id = @csgId AND label = 'Resolved';

-- /*******************************************************
-- *
-- * Activity Types
-- *
-- *******************************************************/
SELECT @option_group_id_activity_type        := max(id) from civicrm_option_group where name = 'activity_type';

SELECT @max_val := MAX(ROUND(op.value)) FROM civicrm_option_value op WHERE op.option_group_id  = @option_group_id_activity_type;

INSERT INTO `civicrm_option_value` (`option_group_id`, `label`, `value`, `name`, `grouping`, `filter`, `is_default`, `weight`, `description`, `is_optgroup`, `is_reserved`, `is_active`, `component_id` ) VALUES (@option_group_id_activity_type, 'Medical evaluation', (SELECT @max_val := @max_val+1), 'Medical evaluation',  NULL, 0,  0, (SELECT @max_val := @max_val+1), '', 0, 1, 1, @caseCompId ), (@option_group_id_activity_type, 'Mental health evaluation', (SELECT @max_val := @max_val+1), 'Mental health evaluation',  NULL, 0,  0, (SELECT @max_val := @max_val+1), '', 0, 1, 1, @caseCompId ), (@option_group_id_activity_type, 'Secure temporary housing', (SELECT @max_val := @max_val+1), 'Secure temporary housing',  NULL, 0,  0, (SELECT @max_val := @max_val+1), '', 0, 1, 1, @caseCompId ), (@option_group_id_activity_type, 'Income and benefits stabilization', (SELECT @max_val := @max_val+1), 'Income and benefits stabilization',  NULL, 0,  0, (SELECT @max_val := @max_val+1), '', 0, 1, 1, @caseCompId ),  (@option_group_id_activity_type, 'Long-term housing plan', (SELECT @max_val := @max_val+1), 'Long-term housing plan',  NULL, 0,  0, (SELECT @max_val := @max_val+1), '', 0, 1, 1, @caseCompId ),  (@option_group_id_activity_type, 'ADC referral', (SELECT @max_val := @max_val+1), 'ADC referral',  NULL, 0,  0, (SELECT @max_val := @max_val+1), '', 0, 1, 1, @caseCompId );

-- Get Open Case id so we can add custom fields for this activity type if we need to
SELECT @at1        := max(value) from civicrm_option_value where name = 'Open Case';

-- /*******************************************************
-- *
-- * Relationship Types (Case Roles)
-- *
-- *******************************************************/

INSERT INTO `civicrm_relationship_type` ( name_a_b, label_a_b, name_b_a, label_b_a, description, contact_type_a, contact_type_b, is_reserved, is_active ) VALUES ('Homeless Services Coordinator is', 'Homeless Services Coordinator is', 'Homeless Services Coordinator', 'Homeless Services Coordinator',  'Homeless Services Coordinator', 'Individual', 'Individual', 0, 1), ('Health Services Coordinator is', 'Health Services Coordinator is', 'Health Services Coordinator', 'Health Services Coordinator',  'Health Services Coordinator', 'Individual', 'Individual', 0, 1), ('Senior Services Coordinator is', 'Senior Services Coordinator is', 'Senior Services Coordinator', 'Senior Services Coordinator', 'Senior Services Coordinator', 'Individual', 'Individual', 0, 1), ('Benefits Specialist is', 'Benefits Specialist is', 'Benefits Specialist', 'Benefits Specialist', 'Benefits Specialist', 'Individual', 'Individual', 0, 1);

-- /*******************************************************
-- *
-- * Case Resources Group
-- *
-- *******************************************************/

INSERT INTO `civicrm_group` (`name`, `title`, `description`, `source`, `saved_search_id`, `is_active`, `visibility`, `where_clause`, `select_tables`, `where_tables`, `group_type`, `cache_date`, `parents`, `children`, `is_hidden`) VALUES ('Case_Resources', 'Case Resources', 'Contacts in this group are listed with their phone number and email when viewing case. You also can send copies of case activities to these contacts.', NULL, NULL, 1, 'User and User Admin Only', ' ( `civicrm_group_contact-5`.group_id IN ( 5 ) AND `civicrm_group_contact-5`.status IN ("Added") ) ', 'a:10:{s:15:"civicrm_contact";i:1;s:15:"civicrm_address";i:1;s:22:"civicrm_state_province";i:1;s:15:"civicrm_country";i:1;s:13:"civicrm_email";i:1;s:13:"civicrm_phone";i:1;s:10:"civicrm_im";i:1;s:19:"civicrm_worldregion";i:1;s:25:"`civicrm_group_contact-5`";s:114:" LEFT JOIN civicrm_group_contact `civicrm_group_contact-5` ON contact_a.id = `civicrm_group_contact-5`.contact_id ";s:6:"gender";i:1;}', 'a:2:{s:15:"civicrm_contact";i:1;s:25:"`civicrm_group_contact-5`";s:114:" LEFT JOIN civicrm_group_contact `civicrm_group_contact-5` ON contact_a.id = `civicrm_group_contact-5`.contact_id ";}', '2', NULL, NULL, NULL, 0);
INSERT INTO `civicrm_payment_processor` (`domain_id`, `name`, `description`, `payment_processor_type_id`, `is_active`, `is_default`, `is_test`, `user_name`, `password`, `signature`, `url_site`, `url_api`, `url_recur`, `url_button`, `subject`, `class_name`, `billing_mode`, `is_recur`, `payment_type`) VALUES (1, 'Test Processor', '', 10, 1, 1, 0, 'dummy', NULL, NULL, 'http://dummy.com', NULL, 'http://dummyrecur.com', NULL, NULL, 'Payment_Dummy', 1, 1, 1);
INSERT INTO `civicrm_payment_processor` (`domain_id`, `name`, `description`, `payment_processor_type_id`, `is_active`, `is_default`, `is_test`, `user_name`, `password`, `signature`, `url_site`, `url_api`, `url_recur`, `url_button`, `subject`, `class_name`, `billing_mode`, `is_recur`, `payment_type`) VALUES (1, 'Test Processor', '', 10, 1, 1, 1, NULL, NULL, NULL, NULL, NULL, NULL, NULL, NULL, 'Payment_Dummy', 1, 1, 1);

SELECT @dp            := max(id) from civicrm_payment_processor where name = 'Test Processor' AND is_test = 0;
SELECT @dpTest        := max(id) from civicrm_payment_processor where name = 'Test Processor' AND is_test = 1;

INSERT INTO `civicrm_entity_financial_account` (`entity_table`, `entity_id`, `account_relationship`, `financial_account_id`) VALUES ('civicrm_payment_processor', @dp, 6, 12);
INSERT INTO `civicrm_entity_financial_account` (`entity_table`, `entity_id`, `account_relationship`, `financial_account_id`) VALUES ('civicrm_payment_processor', @dpTest, 6, 12);

UPDATE  `civicrm_contribution_page` SET payment_processor = @dp;

UPDATE  `civicrm_event` SET payment_processor = @dp;
